ProductBatch,WorkOrder,ProductionDate,Shift,MachineId,MoldId,CapId,Material,CapType,LotSize,CodeLetter,SampleSize,CriticalDefects,MajorDefects,MinorDefects,TotalSampleDefects,VariablesDecision,AttributesDecision,FinalLotDecision,DispositionDetail,LotDecisionDateTime,Remarks,Inspector
LOTE-M-INJ-001-5465,WO-7362,2025-07-01,Shift 2,IM-001,M-INJ-001,TR-001-PP-PCR-24410,PP-PCR,Screw Cap,27269,M,315,0,5,10,15,Conforming,Approved,Approved,Approved - First Pass,2025-07-02 17:18:08.175,—,Carlos Mendes
LOTE-M-INJ-001-5466,WO-7363,2025-07-02,Shift 1,IM-001,M-INJ-001,TR-001-PP-PCR-24410,PP-PCR,Screw Cap,19180,M,315,0,0,2,2,Conforming,Approved,Approved,Approved - First Pass,2025-07-03 12:50:33.392,—,Carlos Mendes
LOTE-M-INJ-001-5467,WO-7364,2025-07-03,Shift 3,IM-001,M-INJ-001,TR-001-HDPE-24410,HDPE,Screw Cap,12804,M,315,1,0,1,2,Conforming,Rejected,Rejected,Rejected - Scrapped,2025-07-04 02:33:34.754,Sealing:1(Re=1),Ana Silva
LOTE-M-INJ-001-5468,WO-7365,2025-07-03,Shift 2,IM-001,M-INJ-001,TR-001-PETG-24410,PETG,Screw Cap,6470,L,200,0,0,0,0,Conforming,Approved,Approved,Approved - First Pass,2025-07-05 04:31:40.551,—,Diogo Ferreira
LOTE-M-INJ-001-5469,WO-7368,2025-07-05,Shift 2,IM-001,M-INJ-001,TR-001-PETG-24410,PETG,Screw Cap,46969,M,315,0,5,9,14,Conforming,Approved,Approved,Approved - First Pass,2025-07-07 04:02:13.997,—,Diogo Ferreira
LOTE-M-INJ-001-5470,WO-7369,2025-07-06,Shift 1,IM-001,M-INJ-001,TR-001-HDPE-24410,HDPE,Screw Cap,19826,M,315,0,1,2,3,Conforming,Approved,Approved,Approved - First Pass,2025-07-07 04:45:02.185,—,Ana Silva
LOTE-M-INJ-001-5471,WO-7372,2025-07-08,Shift 1,IM-001,M-INJ-001,TR-001-PP-PCR-24410,PP-PCR,Screw Cap,51335,M,315,0,1,4,5,Conforming,Approved,Approved,Approved - First Pass,2025-07-09 10:55:49.217,—,Elena Santos
LOTE-M-INJ-001-5472,WO-7373,2025-07-09,shift 3,IM-001,M-INJ-001,TR-001-PP-PCR-24410,PP-PCR,Screw Cap,13997,M,315,1,0,10,11,Conforming,Rejected,Rejected,Rejected - Scrapped,2025-07-10 03:01:37.274,Sealing:1(Re=1),Diogo Ferreira
LOTE-M-INJ-001-5473,WO-7375,2025-07-10,Shift 1,IM-001,M-INJ-001,TR-001-HDPE-24410,HDPE,Screw Cap,24778,M,315,0,1,2,3,Conforming,Approved,Approved,Approved - First Pass,2025-07-11 12:34:21.393,—,Carlos Mendes
LOTE-M-INJ-001-5474,WO-7376,2025-07-10,Shift 3,IM-001,M-INJ-001,TR-001-PP-24410,PP,Screw Cap,19587,M,315,0,0,0,0,Conforming,Approved,Approved,Approved - First Pass,2025-07-12 10:17:43.648,—,Ana Silva
LOTE-M-INJ-001-5475,WO-7377,2025-07-11,Shift 2,IM-001,M-INJ-001,TR-001-HDPE-24410,HDPE,Screw Cap,11230,M,315,1,0,2,3,Conforming,Rejected,Rejected,Rejected - Scrapped,2025-07-12 17:46:19.931,Sealing:1(Re=1),Carlos Mendes
LOTE-M-INJ-001-5476,WO-7380,2025-07-13,Shift 2,IM-001,M-INJ-001,TR-001-HDPE-24410,HDPE,Screw Cap,54492,M,315,1,4,11,16,Conforming,Rejected,Rejected,Rejected - Scrapped,2025-07-15 02:39:54.554,Sealing:1(Re=1),Elena Santos
LOTE-M-INJ-001-5477,WO-7381,2025-07-14,Shift 1,IM-001,M-INJ-001,TR-001-PP-24410,PP,Screw Cap,18633,M,315,1,0,0,1,Conforming,Rejected,Rejected,Rejected - Scrapped,2025-07-15 20:30:26.102,Thread:1(Re=1),Carlos Mendes
LOTE-M-INJ-001-5478,WO-7384,2025-07-16,Shift 3,IM-001,M-INJ-001,TR-001-PP-PCR-24410,PP-PCR,Screw Cap,57288,M,315,0,7,8,15,Conforming,Approved,Approved,Approved - First Pass,2025-07-17 23:09:09.002,—,Elena Santos
LOTE-M-INJ-001-5479,WO-7386,2025-07-18,Shift 3,IM-001,M-INJ-001,TR-001-PP-24410,PP,Screw Cap,29075,M,315,0,1,1,2,Conforming,Approved,Approved,Approved - First Pass,2025-07-19 03:18:57.074,—,Ana Silva
LOTE-M-INJ-001-5480,WO-7389,2025-07-20,Shift 2,IM-001,M-INJ-001,TR-001-HDPE-24410,HDPE,Screw Cap,54450,M,315,0,3,20,23,Conforming,Approved,Approved,Approved - First Pass,2025-07-21 21:36:56.040,—,Ana Silva
LOTE-M-INJ-001-5481,WO-7392,2025-07-22,Shift 2,IM-001,M-INJ-001,TR-001-HDPE-24410,HDPE,Screw Cap,37355,M,315,0,0,11,11,Conforming,Approved,Approved,Approved - First Pass,2025-07-23 19:06:11.993,—,Beatriz Costa
LOTE-M-INJ-001-5482,WO-7394,2025-07-23,Shift 2,IM-001,M-INJ-001,TR-001-PP-PCR-24410,PP-PCR,Screw Cap,32356,M,315,0,3,9,12,Conforming,Approved,Approved,Approved - First Pass,2025-07-25 00:51:20.344,—,Elena Santos
LOTE-M-INJ-001-5483,WO-7396,2025-07-25,Shift 2,IM-001,M-INJ-001,TR-001-PETG-24410,PETG,Screw Cap,39097,M,315,0,3,6,9,Conforming,Approved,Approved,Approved - First Pass,2025-07-26 17:17:27.321,—,Beatriz Costa
LOTE-M-INJ-001-5484,WO-7397,2025-07-26,Shift 1,IM-001,M-INJ-001,TR-001-PETG-24410,PETG,Screw Cap,1782,L,200,0,0,3,3,Conforming,Approved,Approved,Approved - First Pass,2025-07-27 16:48:08.914,—,Ana Silva
LOTE-M-INJ-001-5485,WO-7399,2025-07-28,Shift 3,IM-001,M-INJ-001,TR-001-HDPE-24410,HDPE,Screw Cap,31111,M,315,0,1,0,1,Conforming,Approved,Approved,Approved - First Pass,2025-07-29 13:35:51.255,—,Carlos Mendes
LOTE-M-INJ-001-5486,WO-7400,2025-07-28,Shift 2,IM-001,M-INJ-001,TR-001-PP-PCR-24410,PP-PCR,Screw Cap,8778,L,200,0,2,0,2,Conforming,Approved,Approved,Approved - First Pass,2025-07-29 23:56:52.032,—,Ana Silva
LOTE-M-INJ-001-5487,WO-7403,2025-07-31,Shift 1,IM-001,M-INJ-001,TR-001-PETG-24410,PETG,Screw Cap,35113,M,315,1,3,5,9,Conforming,Rejected,Rejected,Rejected - Scrapped,2025-07-31 23:49:42.685,Sealing:1(Re=1),Elena Santos
LOTE-M-INJ-001-5488,WO-7405,2025-08-01,SHIFT 1,IM-001,M-INJ-001,TR-001-PETG-24410,PETG,Screw Cap,39547,M,315,0,2,8,10,Conforming,Approved,Approved,Approved - First Pass,2025-08-02 19:13:47.075,—,Elena Santos
LOTE-M-INJ-001-5489,WO-7407,2025-08-02,Shift 2,IM-001,M-INJ-001,TR-001-PP-24410,PP,Screw Cap,25775,M,315,0,6,9,15,Conforming,Approved,Approved,Approved - First Pass,2025-08-03 11:56:57.503,—,Carlos Mendes
LOTE-M-INJ-001-5490,WO-7409,2025-08-04,Shift 3,IM-001,M-INJ-001,TR-001-PP-24410,PP,Screw Cap,46763,M,315,1,4,4,9,Conforming,Rejected,Rejected,Rejected - Scrapped,2025-08-05 05:37:26.828,Thread:1(Re=1),Ana Silva
LOTE-M-INJ-001-5491,WO-7410,2025-08-04,Shift 3,IM-001,M-INJ-001,TR-001-PETG-24410,PETG,Screw Cap,4995,L,200,0,1,3,4,Conforming,Approved,Approved,Approved - First Pass,2025-08-06 10:06:31.914,—,Ana Silva
LOTE-M-INJ-001-5492,WO-7413,2025-08-06,Shift 3,IM-001,M-INJ-001,TR-001-PP-PCR-24410,PP-PCR,Screw Cap,38488,M,315,0,3,1,4,Conforming,Approved,Approved,Approved - First Pass,2025-08-07 23:11:20.108,—,Ana Silva
LOTE-M-INJ-001-5493,WO-7414,2025-08-07,Shift 2,IM-001,M-INJ-001,TR-001-HDPE-24410,HDPE,Screw Cap,4120,L,200,0,0,0,0,Conforming,Approved,Approved,Approved - First Pass,2025-08-08 13:26:46.269,—,Elena Santos
LOTE-M-INJ-001-5494,WO-7415,2025-08-08,Shift 3,IM-001,M-INJ-001,TR-001-PP-PCR-24410,PP-PCR,Screw Cap,12505,M,315,1,1,4,6,Conforming,Rejected,Rejected,Rejected - Scrapped,2025-08-09 00:00:41.367,Sealing:1(Re=1),Carlos Mendes
LOTE-M-INJ-001-5495,WO-7416,2025-08-08,Shift 1,IM-001,M-INJ-001,TR-001-PP-24410,PP,Screw Cap,20560,M,315,0,2,0,2,Conforming,Approved,Approved,Approved - First Pass,2025-08-09 21:28:04.342,—,Elena Santos
LOTE-M-INJ-001-5496,WO-7419,2025-08-11,SHIFT 3,IM-001,M-INJ-001,TR-001-PP-PCR-24410,PP-PCR,Screw Cap,59270,M,315,1,6,9,16,Conforming,Rejected,Rejected,Rejected - Scrapped,2025-08-11 23:04:25.898,Sealing:1(Re=1),Beatriz Costa
LOTE-M-INJ-001-5497,WO-7422,2025-08-12,Shift 2,IM-001,M-INJ-001,TR-001-PP-PCR-24410,PP-PCR,Screw Cap,47498,M,315,0,4,5,9,Conforming,Approved,Approved,Approved - First Pass,2025-08-13 22:41:56.666,—,Elena Santos
LOTE-M-INJ-001-5498,WO-7425,2025-08-15,Shift 3,IM-001,M-INJ-001,TR-001-PP-PCR-24410,PP-PCR,Screw Cap,36093,M,315,0,4,1,5,Conforming,Approved,Approved,Approved - First Pass,2025-08-15 19:20:06.772,—,Carlos Mendes
LOTE-M-INJ-001-5499,WO-7427,2025-08-16,Shift 1,IM-001,M-INJ-001,TR-001-HDPE-24410,HDPE,Screw Cap,30157,M,315,0,1,2,3,Conforming,Approved,Approved,Approved - First Pass,2025-08-17 06:33:22.015,—,Carlos Mendes
LOTE-M-INJ-001-5500,WO-7428,2025-08-16,Shift 3,IM-001,M-INJ-001,TR-001-HDPE-24410,HDPE,Screw Cap,16267,M,315,0,0,1,1,Conforming,Approved,Approved,Approved - First Pass,2025-08-17 19:10:01.003,—,Carlos Mendes
LOTE-M-INJ-001-5501,WO-7431,2025-08-18,Shift 2,IM-001,M-INJ-001,TR-001-HDPE-24410,HDPE,Screw Cap,41925,M,315,0,3,3,6,Conforming,Approved,Approved,Approved - First Pass,2025-08-20 04:53:44.174,—,Diogo Ferreira
LOTE-M-INJ-001-5502,WO-7433,2025-08-20,Shift 1,IM-001,M-INJ-001,TR-001-PP-PCR-24410,PP-PCR,Screw Cap,24240,M,315,0,2,3,5,Conforming,Approved,Approved,Approved - First Pass,2025-08-21 00:03:46.153,—,Diogo Ferreira
LOTE-M-INJ-001-5503,WO-7434,2025-08-20,SHIFT 2,IM-001,M-INJ-001,TR-001-PP-PCR-24410,PP-PCR,Screw Cap,8639,L,200,0,0,0,0,Conforming,Approved,Approved,Approved - First Pass,2025-08-21 05:41:03.165,—,Carlos Mendes
LOTE-M-INJ-001-5504,WO-7437,2025-08-22,Shift 3,IM-001,M-INJ-001,TR-001-PETG-24410,PETG,Screw Cap,41924,M,315,0,3,7,10,Conforming,Approved,Approved,Approved - First Pass,2025-08-22 23:05:49.138,—,Beatriz Costa
LOTE-M-INJ-001-5505,WO-7438,2025-08-22,Shift 2,IM-001,M-INJ-001,TR-001-PETG-24410,PETG,Screw Cap,18081,M,315,0,0,6,6,Conforming,Approved,Approved,Approved - First Pass,2025-08-23 18:40:27.920,—,Ana Silva
LOTE-M-INJ-001-5506,WO-7439,2025-08-23,  Shift 1  ,IM-001,M-INJ-001,TR-001-PETG-24410,PETG,Screw Cap,15318,M,315,1,1,3,5,Conforming,Rejected,Rejected,Rejected - Scrapped,2025-08-24 12:17:43.062,Sealing:1(Re=1),Ana Silva
LOTE-M-INJ-001-5507,WO-7440,2025-08-24,Shift 3,IM-001,M-INJ-001,TR-001-PETG-24410,PETG,Screw Cap,11923,M,315,0,0,2,2,Conforming,Approved,Approved,Approved - First Pass,2025-08-24 20:58:14.818,—,Carlos Mendes
LOTE-M-INJ-001-5508,WO-7442,2025-08-25,Shift 3,IM-001,M-INJ-001,TR-001-PP-24410,PP,Screw Cap,16730,M,315,0,1,2,3,Conforming,Approved,Approved,Approved - First Pass,2025-08-26 02:44:50.434,—,Beatriz Costa
LOTE-M-INJ-001-5509,WO-7443,2025-08-25,Shift 2,IM-001,M-INJ-001,TR-001-HDPE-24410,HDPE,Screw Cap,8705,L,200,0,0,4,4,Conforming,Approved,Approved,Approved - First Pass,2025-08-26 06:12:28.446,—,Carlos Mendes
LOTE-M-INJ-001-5510,WO-7444,2025-08-26,Shift 3,IM-001,M-INJ-001,TR-001-PP-PCR-24410,PP-PCR,Screw Cap,17621,M,315,0,3,5,8,Conforming,Approved,Approved,Approved - First Pass,2025-08-27 03:10:38.761,—,Diogo Ferreira
LOTE-M-INJ-001-5511,WO-7445,2025-08-26,  Shift 2  ,IM-001,M-INJ-001,TR-001-PETG-24410,PETG,Screw Cap,20386,M,315,1,2,2,5,Conforming,Rejected,Rejected,Rejected - Scrapped,2025-08-28 11:17:56.683,Thread:1(Re=1),Elena Santos
LOTE-M-INJ-001-5512,WO-7447,2025-08-28,Shift 1,IM-001,M-INJ-001,TR-001-PP-PCR-24410,PP-PCR,Screw Cap,31782,M,315,0,2,5,7,Conforming,Approved,Approved,Approved - First Pass,2025-08-29 18:11:06.257,—,Ana Silva
LOTE-M-INJ-001-5513,WO-7449,2025-08-30,Shift 3,IM-001,M-INJ-001,TR-001-PP-24410,PP,Screw Cap,33429,M,315,1,0,0,1,Conforming,Rejected,Rejected,Rejected - Scrapped,2025-08-31 09:59:54.562,Sealing:1(Re=1),Diogo Ferreira
LOTE-M-INJ-001-5514,WO-7450,2025-08-31,Shift 3,IM-001,M-INJ-001,TR-001-PP-24410,PP,Screw Cap,19312,M,315,0,2,0,2,Conforming,Approved,Approved,Approved - First Pass,2025-09-01 04:40:09.447,—,Carlos Mendes
LOTE-M-INJ-001-5515,WO-7452,2025-09-01,Shift 1,IM-001,M-INJ-001,TR-001-PP-PCR-24410,PP-PCR,Screw Cap,24249,M,315,0,4,5,9,Conforming,Approved,Approved,Approved - First Pass,2025-09-02 09:05:23.390,—,Ana Silva
LOTE-M-INJ-001-5516,WO-7454,2025-09-02,shift 2,IM-001,M-INJ-001,TR-001-HDPE-24410,HDPE,Screw Cap,20484,M,315,1,1,4,6,Conforming,Rejected,Rejected,Rejected - Scrapped,2025-09-03 08:27:03.927,Sealing:1(Re=1),Diogo Ferreira
LOTE-M-INJ-001-5517,WO-7457,2025-09-04,Shift 1,IM-001,M-INJ-001,TR-001-HDPE-24410,HDPE,Screw Cap,30889,M,315,0,0,0,0,Conforming,Approved,Approved,Approved - First Pass,2025-09-04 20:14:32.195,—,Diogo Ferreira
LOTE-M-INJ-001-5518,WO-7458,2025-09-04,Shift 2,IM-001,M-INJ-001,TR-001-PP-PCR-24410,PP-PCR,Screw Cap,15819,M,315,0,1,2,3,Conforming,Approved,Approved,Approved - First Pass,2025-09-05 17:18:23.586,—,Ana Silva
LOTE-M-INJ-001-5519,WO-7461,2025-09-06,Shift 2,IM-001,M-INJ-001,TR-001-HDPE-24410,HDPE,Screw Cap,29925,M,315,0,1,8,9,Conforming,Approved,Approved,Approved - First Pass,2025-09-07 11:11:55.744,—,Beatriz Costa
LOTE-M-INJ-001-5520,WO-7464,2025-09-08,Shift 1,IM-001,M-INJ-001,TR-001-PP-PCR-24410,PP-PCR,Screw Cap,40168,M,315,0,3,12,15,Conforming,Approved,Approved,Approved - First Pass,2025-09-09 09:45:49.468,—,Carlos Mendes
LOTE-M-INJ-001-5521,WO-7467,2025-09-10,Shift 1,IM-001,M-INJ-001,TR-001-PP-24410,PP,Screw Cap,50864,M,315,0,2,8,10,Conforming,Approved,Approved,Approved - First Pass,2025-09-11 19:36:03.894,—,Ana Silva
LOTE-M-INJ-001-5522,WO-7468,2025-09-11,Shift 3,IM-001,M-INJ-001,TR-001-PP-24410,PP,Screw Cap,9955,L,200,0,0,5,5,Conforming,Approved,Approved,Approved - First Pass,2025-09-11 23:58:27.627,—,Beatriz Costa
LOTE-M-INJ-001-5523,WO-7469,2025-09-11,Shift 2,IM-001,M-INJ-001,TR-001-PETG-24410,PETG,Screw Cap,10156,M,315,0,3,5,8,Conforming,Approved,Approved,Approved - First Pass,2025-09-12 07:11:33.168,—,Diogo Ferreira
LOTE-M-INJ-001-5524,WO-7470,2025-09-12,Shift 3,IM-001,M-INJ-001,TR-001-PETG-24410,PETG,Screw Cap,15990,M,315,0,2,3,5,Conforming,Approved,Approved,Approved - First Pass,2025-09-13 10:23:53.565,—,Diogo Ferreira
LOTE-M-INJ-001-5525,WO-7472,2025-09-13,Shift 1,IM-001,M-INJ-001,TR-001-PETG-24410,PETG,Screw Cap,36769,M,315,0,1,7,8,Conforming,Approved,Approved,Approved - First Pass,2025-09-14 07:54:41.083,—,Diogo Ferreira
LOTE-M-INJ-001-5526,WO-7474,2025-09-14,SHIFT 2,IM-001,M-INJ-001,TR-001-PETG-24410,PETG,Screw Cap,30662,M,315,0,2,0,2,Conforming,Approved,Approved,Approved - First Pass,2025-09-15 21:45:35.791,—,Carlos Mendes
LOTE-M-INJ-001-5527,WO-7476,2025-09-16,Shift 1,IM-001,M-INJ-001,TR-001-PETG-24410,PETG,Screw Cap,25502,M,315,0,2,1,3,Conforming,Approved,Approved,Approved - First Pass,2025-09-17 09:04:26.800,—,Ana Silva
LOTE-M-INJ-001-5528,WO-7479,2025-09-18,Shift 3,IM-001,M-INJ-001,TR-001-PP-24410,PP,Screw Cap,44460,M,315,0,9,1,10,Conforming,Approved,Approved,Approved - First Pass,2025-09-19 10:47:10.873,—,Elena Santos
LOTE-M-INJ-001-5529,WO-7481,2025-09-19,Shift 1,IM-001,M-INJ-001,TR-001-PP-PCR-24410,PP-PCR,Screw Cap,29287,M,315,1,3,3,7,Conforming,Rejected,Approved,Approved - Released on Deviation,2025-09-20 21:41:13.767,—,Carlos Mendes
LOTE-M-INJ-001-5530,WO-7483,2025-09-21,Shift 3,IM-001,M-INJ-001,TR-001-PETG-24410,PETG,Screw Cap,35894,M,315,0,6,5,11,Conforming,Approved,Approved,Approved - First Pass,2025-09-22 08:31:54.998,—,Elena Santos
LOTE-M-INJ-001-5531,WO-7485,2025-09-22,Shift 1,IM-001,M-INJ-001,TR-001-PETG-24410,PETG,Screw Cap,24126,M,315,0,2,4,6,Conforming,Approved,Approved,Approved - First Pass,2025-09-23 13:15:15.968,—,Carlos Mendes
LOTE-M-INJ-001-5532,WO-7487,2025-09-24,Shift 3,IM-001,M-INJ-001,TR-001-HDPE-24410,HDPE,Screw Cap,33151,M,315,0,1,0,1,Conforming,Approved,Approved,Approved - First Pass,2025-09-25 08:04:40.035,—,Elena Santos
LOTE-M-INJ-001-5533,WO-7490,2025-09-26,Shift 1,IM-001,M-INJ-001,TR-001-PP-24410,PP,Screw Cap,48299,M,315,0,3,10,13,Conforming,Approved,Approved,Approved - First Pass,2025-09-27 10:33:46.269,—,Diogo Ferreira
LOTE-M-INJ-001-5534,WO-7491,2025-09-27,Shift 3,IM-001,M-INJ-001,TR-001-PETG-24410,PETG,Screw Cap,11533,M,315,0,0,0,0,Conforming,Approved,Approved,Approved - First Pass,2025-09-28 05:01:00.501,—,Elena Santos
LOTE-M-INJ-001-5535,WO-7493,2025-09-28,Shift 1,IM-001,M-INJ-001,TR-001-PP-PCR-24410,PP-PCR,Screw Cap,32726,M,315,1,4,8,13,Conforming,Rejected,Rejected,Rejected - Scrapped,2025-09-30 03:28:48.085,Thread:1(Re=1),Beatriz Costa
LOTE-M-INJ-001-5536,WO-7494,2025-09-29,Shift 1,IM-001,M-INJ-001,TR-001-PP-24410,PP,Screw Cap,15401,M,315,0,0,3,3,Conforming,Approved,Approved,Approved - First Pass,2025-09-30 06:54:32.523,—,Ana Silva
LOTE-M-INJ-001-5537,WO-7495,2025-09-30,Shift 3,IM-001,M-INJ-001,TR-001-PP-PCR-24410,PP-PCR,Screw Cap,6464,L,200,0,0,4,4,Conforming,Approved,Approved,Approved - First Pass,2025-10-01 05:30:34.086,—,Carlos Mendes
LOTE-M-INJ-001-5538,WO-7496,2025-09-30,Shift 1,IM-001,M-INJ-001,TR-001-PP-24410,PP,Screw Cap,12122,M,315,0,1,0,1,Conforming,Approved,Approved,Approved - First Pass,2025-10-01 11:54:34.743,—,Ana Silva
LOTE-M-INJ-001-5539,WO-7497,2025-10-01,Shift 3,IM-001,M-INJ-001,TR-001-HDPE-24410,HDPE,Screw Cap,11975,M,315,0,3,1,4,Conforming,Approved,Approved,Approved - First Pass,2025-10-01 21:34:43.733,—,Beatriz Costa
LOTE-M-INJ-001-5540,WO-7498,2025-10-01,Shift 2,IM-001,M-INJ-001,TR-001-PETG-24410,PETG,Screw Cap,13068,M,315,0,2,0,2,Conforming,Approved,Approved,Approved - First Pass,2025-10-02 20:32:08.345,—,Carlos Mendes
LOTE-M-INJ-001-5541,WO-7499,2025-10-02,Shift 1,IM-001,M-INJ-001,TR-001-HDPE-24410,HDPE,Screw Cap,13320,M,315,0,0,4,4,Conforming,Approved,Approved,Approved - First Pass,2025-10-03 12:24:20.917,—,Carlos Mendes
LOTE-M-INJ-001-5542,WO-7500,2025-10-03,Shift 3,IM-001,M-INJ-001,TR-001-HDPE-24410,HDPE,Screw Cap,13388,M,315,0,0,5,5,Conforming,Approved,Approved,Approved - First Pass,2025-10-03 14:26:43.321,—,Elena Santos
LOTE-M-INJ-001-5543,WO-7501,2025-10-03,Shift 1,IM-001,M-INJ-001,TR-001-PP-PCR-24410,PP-PCR,Screw Cap,7828,L,200,0,0,0,0,Conforming,Approved,Approved,Approved - First Pass,2025-10-04 05:55:03.209,—,Ana Silva
LOTE-M-INJ-001-5544,WO-7502,2025-10-03,Shift 3,IM-001,M-INJ-001,TR-001-PP-PCR-24410,PP-PCR,Screw Cap,21334,M,315,0,1,0,1,Conforming,Approved,Approved,Approved - First Pass,2025-10-05 10:50:31.245,—,Elena Santos
LOTE-M-INJ-001-5545,WO-7503,2025-10-04,Shift 2,IM-001,M-INJ-001,TR-001-PP-PCR-24410,PP-PCR,Screw Cap,10831,M,315,0,4,2,6,Conforming,Approved,Approved,Approved - First Pass,2025-10-05 21:37:36.738,—,Elena Santos
LOTE-M-INJ-001-5546,WO-7504,2025-10-05,Shift 1,IM-001,M-INJ-001,TR-001-PETG-24410,PETG,Screw Cap,15757,M,315,0,1,2,3,Conforming,Approved,Approved,Approved - First Pass,2025-10-06 14:47:45.973,—,Diogo Ferreira
LOTE-M-INJ-001-5547,WO-7507,2025-10-07,Shift 1,IM-001,M-INJ-001,TR-001-PETG-24410,PETG,Screw Cap,38833,M,315,0,2,5,7,Conforming,Approved,Approved,Approved - First Pass,2025-10-08 16:35:21.387,—,Elena Santos
LOTE-M-INJ-001-5548,WO-7510,2025-10-09,Shift 2,IM-001,M-INJ-001,TR-001-PETG-24410,PETG,Screw Cap,29914,M,315,0,4,7,11,Conforming,Approved,Approved,Approved - First Pass,2025-10-10 13:28:44.323,—,Elena Santos
LOTE-M-INJ-001-5549,WO-7511,2025-10-10,Shift 1,IM-001,M-INJ-001,TR-001-PETG-24410,PETG,Screw Cap,6047,L,200,0,0,1,1,Conforming,Approved,Approved,Approved - First Pass,2025-10-10 21:44:08.454,—,Ana Silva
LOTE-M-INJ-001-5550,WO-7513,2025-10-11,Shift 1,IM-001,M-INJ-001,TR-001-PP-PCR-24410,PP-PCR,Screw Cap,25668,M,315,1,1,15,17,Conforming,Rejected,Rejected,Rejected - Scrapped,2025-10-12 02:51:56.623,Thread:1(Re=1),Ana Silva
LOTE-M-INJ-001-5551,WO-7515,2025-10-12,SHIFT 1,IM-001,M-INJ-001,TR-001-PP-24410,PP,Screw Cap,29967,M,315,0,1,9,10,Conforming,Approved,Approved,Approved - First Pass,2025-10-14 06:15:01.106,—,Elena Santos
LOTE-M-INJ-001-5552,WO-7517,2025-10-14,Shift 1,IM-001,M-INJ-001,TR-001-PP-PCR-24410,PP-PCR,Screw Cap,28735,M,315,3,2,4,9,Conforming,Rejected,Approved,Approved - Released on Deviation,2025-10-15 05:00:39.985,—,Elena Santos
LOTE-M-INJ-001-5553,WO-7518,2025-10-14,Shift 3,IM-001,M-INJ-001,TR-001-PP-24410,PP,Screw Cap,8948,L,200,0,0,2,2,Conforming,Approved,Approved,Approved - First Pass,2025-10-15 16:42:41.193,—,Ana Silva
LOTE-M-INJ-001-5554,WO-7520,2025-10-15,Shift 3,IM-001,M-INJ-001,TR-001-PP-PCR-24410,PP-PCR,Screw Cap,34649,M,315,0,5,0,5,Conforming,Approved,Approved,Approved - First Pass,2025-10-17 10:31:39.270,—,Beatriz Costa
LOTE-M-INJ-001-5555,WO-7523,2025-10-17,Shift 2,IM-001,M-INJ-001,TR-001-PETG-24410,PETG,Screw Cap,48681,M,315,1,5,12,18,Conforming,Rejected,Rejected,Rejected - Scrapped,2025-10-19 05:27:37.608,Sealing:1(Re=1),Carlos Mendes
LOTE-M-INJ-001-5556,WO-7525,2025-10-19,Shift 1,IM-001,M-INJ-001,TR-001-PP-24410,PP,Screw Cap,29277,M,315,0,3,15,18,Conforming,Approved,Approved,Approved - First Pass,2025-10-20 13:30:36.065,—,Ana Silva
LOTE-M-INJ-001-5557,WO-7526,2025-10-20,Shift 1,IM-001,M-INJ-001,TR-001-HDPE-24410,HDPE,Screw Cap,12589,M,315,1,3,0,4,Conforming,Rejected,Rejected,Rejected - Scrapped,2025-10-21 17:36:22.295,Thread:1(Re=1),Diogo Ferreira
LOTE-M-INJ-001-5558,WO-7527,2025-10-21,Shift 3,IM-001,M-INJ-001,TR-001-PETG-24410,PETG,Screw Cap,6263,L,200,0,2,0,2,Conforming,Approved,Approved,Approved - First Pass,2025-10-22 01:28:25.305,—,Beatriz Costa
LOTE-M-INJ-001-5559,WO-7528,2025-10-21,Shift 1,IM-001,M-INJ-001,TR-001-HDPE-24410,HDPE,Screw Cap,15720,M,315,0,0,4,4,Conforming,Approved,Approved,Approved - First Pass,2025-10-22 21:59:45.891,—,Elena Santos
LOTE-M-INJ-001-5560,WO-7530,2025-10-22,Shift 2,IM-001,M-INJ-001,TR-001-PP-PCR-24410,PP-PCR,Screw Cap,33204,M,315,0,4,11,15,Conforming,Approved,Approved,Approved - First Pass,2025-10-23 14:31:17.244,—,Diogo Ferreira
LOTE-M-INJ-001-5561,WO-7532,2025-10-24,Shift 1,IM-001,M-INJ-001,TR-001-HDPE-24410,HDPE,Screw Cap,27459,M,315,0,8,7,15,Conforming,Approved,Approved,Approved - First Pass,2025-10-25 07:49:08.033,—,Beatriz Costa
LOTE-M-INJ-001-5562,WO-7533,2025-10-24,Shift 3,IM-001,M-INJ-001,TR-001-PP-24410,PP,Screw Cap,13110,M,315,0,1,4,5,Conforming,Approved,Approved,Approved - First Pass,2025-10-26 11:51:39.572,—,Ana Silva
LOTE-M-INJ-001-5563,WO-7534,2025-10-25,Shift 2,IM-001,M-INJ-001,TR-001-HDPE-24410,HDPE,Screw Cap,20429,M,315,0,1,4,5,Conforming,Approved,Approved,Approved - First Pass,2025-10-27 07:13:39.266,—,Elena Santos
LOTE-M-INJ-001-5564,WO-7535,2025-10-26,Shift 1,IM-001,M-INJ-001,TR-001-PP-PCR-24410,PP-PCR,Screw Cap,18661,M,315,0,4,1,5,Conforming,Approved,Approved,Approved - First Pass,2025-10-27 09:49:03.993,—,Ana Silva
LOTE-M-INJ-001-5565,WO-7536,2025-10-27,Shift 1,IM-001,M-INJ-001,TR-001-PP-24410,PP,Screw Cap,21197,M,315,0,1,1,2,Conforming,Approved,Approved,Approved - First Pass,2025-10-28 07:29:00.941,—,Diogo Ferreira
LOTE-M-INJ-001-5566,WO-7537,2025-10-27,Shift 3,IM-001,M-INJ-001,TR-001-PP-24410,PP,Screw Cap,24803,M,315,0,0,3,3,Conforming,Approved,Approved,Approved - First Pass,2025-10-29 17:25:42.296,—,Carlos Mendes
LOTE-M-INJ-001-5567,WO-7539,2025-10-29,Shift 2,IM-001,M-INJ-001,TR-001-PETG-24410,PETG,Screw Cap,22951,M,315,1,6,1,8,Conforming,Rejected,Approved,Approved - Released on Deviation,2025-10-31 00:05:37.130,—,Beatriz Costa
LOTE-M-INJ-001-5568,WO-7542,2025-10-31,Shift 1,IM-001,M-INJ-001,TR-001-PP-24410,PP,Screw Cap,41631,M,315,0,7,9,16,Conforming,Approved,Approved,Approved - First Pass,2025-11-01 16:50:22.369,—,Diogo Ferreira
LOTE-M-INJ-001-5569,WO-7545,2025-11-02,Shift 3,IM-001,M-INJ-001,TR-001-PETG-24410,PETG,Screw Cap,42308,M,315,0,3,5,8,Conforming,Approved,Approved,Approved - First Pass,2025-11-03 03:40:02.926,—,Ana Silva
LOTE-M-INJ-001-5570,WO-7546,2025-11-02,Shift 2,IM-001,M-INJ-001,TR-001-PP-24410,PP,Screw Cap,8367,L,200,0,5,5,10,Conforming,Approved,Approved,Approved - First Pass,2025-11-03 21:53:56.159,—,Carlos Mendes
LOTE-M-INJ-001-5571,WO-7547,2025-11-03,Shift 2,IM-001,M-INJ-001,TR-001-PP-24410,PP,Screw Cap,1497,L,200,0,1,4,5,Conforming,Approved,Approved,Approved - First Pass,2025-11-04 19:09:00.705,—,Elena Santos
LOTE-M-INJ-001-5572,WO-7549,2025-11-05,SHIFT 1,IM-001,M-INJ-001,TR-001-PETG-24410,PETG,Screw Cap,34109,M,315,1,2,7,10,Conforming,Rejected,Rejected,Rejected - Scrapped,2025-11-06 10:32:09.453,Sealing:1(Re=1),Ana Silva
LOTE-M-INJ-001-5573,WO-7552,2025-11-07,Shift 2,IM-001,M-INJ-001,TR-001-HDPE-24410,HDPE,Screw Cap,35670,M,315,0,5,7,12,Conforming,Approved,Approved,Approved - First Pass,2025-11-08 08:02:44.635,—,Beatriz Costa
LOTE-M-INJ-001-5574,WO-7555,2025-11-09,Shift 2,IM-001,M-INJ-001,TR-001-PP-PCR-24410,PP-PCR,Screw Cap,54353,M,315,0,1,11,12,Conforming,Approved,Approved,Approved - First Pass,2025-11-10 21:57:11.314,—,Carlos Mendes
LOTE-M-INJ-001-5575,WO-7556,2025-11-10,Shift 1,IM-001,M-INJ-001,TR-001-HDPE-24410,HDPE,Screw Cap,15525,M,315,0,1,5,6,Conforming,Approved,Approved,Approved - First Pass,2025-11-11 09:30:52.636,—,Elena Santos
LOTE-M-INJ-001-5576,WO-7558,2025-11-11,Shift 2,IM-001,M-INJ-001,TR-001-PETG-24410,PETG,Screw Cap,31746,M,315,0,0,14,14,Conforming,Approved,Approved,Approved - First Pass,2025-11-12 22:38:59.950,—,Diogo Ferreira
LOTE-M-INJ-001-5577,WO-7560,2025-11-13,Shift 1,IM-001,M-INJ-001,TR-001-PETG-24410,PETG,Screw Cap,26957,M,315,0,1,3,4,Conforming,Approved,Approved,Approved - First Pass,2025-11-14 05:01:07.944,—,Ana Silva
LOTE-M-INJ-001-5578,WO-7562,2025-11-14,Shift 1,IM-001,M-INJ-001,TR-001-HDPE-24410,HDPE,Screw Cap,34551,M,315,0,1,8,9,Conforming,Approved,Approved,Approved - First Pass,2025-11-15 22:43:07.474,—,Diogo Ferreira
LOTE-M-INJ-001-5579,WO-7565,2025-11-16,Shift 1,IM-001,M-INJ-001,TR-001-PETG-24410,PETG,Screw Cap,39535,M,315,0,2,2,4,Conforming,Approved,Approved,Approved - First Pass,2025-11-17 17:57:58.893,—,Beatriz Costa
LOTE-M-INJ-001-5580,WO-7566,2025-11-17,Shift 3,IM-001,M-INJ-001,TR-001-PP-PCR-24410,PP-PCR,Screw Cap,11898,M,315,0,1,0,1,Conforming,Approved,Approved,Approved - First Pass,2025-11-17 23:54:20.052,—,Beatriz Costa
LOTE-M-INJ-001-5581,WO-7567,2025-11-17,  Shift 2  ,IM-001,M-INJ-001,TR-001-HDPE-24410,HDPE,Screw Cap,11012,M,315,0,2,5,7,Conforming,Approved,Approved,Approved - First Pass,2025-11-19 03:57:38.790,—,Ana Silva
LOTE-M-INJ-001-5582,WO-7568,2025-11-18,Shift 1,IM-001,M-INJ-001,TR-001-HDPE-24410,HDPE,Screw Cap,13222,M,315,0,2,0,2,Conforming,Approved,Approved,Approved - First Pass,2025-11-19 14:02:37.056,—,Carlos Mendes
LOTE-M-INJ-001-5583,WO-7570,2025-11-19,Shift 2,IM-001,M-INJ-001,TR-001-PP-PCR-24410,PP-PCR,Screw Cap,33494,M,315,0,0,15,15,Conforming,Approved,Approved,Approved - First Pass,2025-11-21 01:38:08.313,—,Carlos Mendes
LOTE-M-INJ-001-5584,WO-7572,2025-11-21,Shift 3,IM-001,M-INJ-001,TR-001-PP-24410,PP,Screw Cap,33524,M,315,2,2,5,9,Conforming,Rejected,Rejected,Rejected - Scrapped,2025-11-22 14:21:06.706,Thread:1(Re=1),Ana Silva
LOTE-M-INJ-001-5585,WO-7574,2025-11-22,Shift 2,IM-001,M-INJ-001,TR-001-PETG-24410,PETG,Screw Cap,19256,M,315,0,0,10,10,Conforming,Approved,Approved,Approved - First Pass,2025-11-23 09:18:24.152,—,Diogo Ferreira
LOTE-M-INJ-001-5586,WO-7576,2025-11-23,Shift 2,IM-001,M-INJ-001,TR-001-PP-PCR-24410,PP-PCR,Screw Cap,29292,M,315,0,1,5,6,Conforming,Approved,Approved,Approved - First Pass,2025-11-24 19:49:14.777,—,Ana Silva
LOTE-M-INJ-001-5587,WO-7578,2025-11-25,Shift 1,IM-001,M-INJ-001,TR-001-HDPE-24410,HDPE,Screw Cap,39400,M,315,0,1,7,8,Conforming,Approved,Approved,Approved - First Pass,2025-11-27 03:21:02.124,—,Diogo Ferreira
LOTE-M-INJ-001-5588,WO-7579,2025-11-26,Shift 1,IM-001,M-INJ-001,TR-001-HDPE-24410,HDPE,Screw Cap,20396,M,315,0,0,0,0,Conforming,Approved,Approved,Approved - First Pass,2025-11-27 05:49:26.425,—,Ana Silva
LOTE-M-INJ-001-5589,WO-7581,2025-11-27,Shift 3,IM-001,M-INJ-001,TR-001-PP-PCR-24410,PP-PCR,Screw Cap,24481,M,315,0,0,8,8,Conforming,Approved,Approved,Approved - First Pass,2025-11-28 13:40:24.367,—,Carlos Mendes
LOTE-M-INJ-001-5590,WO-7583,2025-11-28,Shift 3,IM-001,M-INJ-001,TR-001-PP-PCR-24410,PP-PCR,Screw Cap,23702,M,315,0,1,10,11,Conforming,Approved,Approved,Approved - First Pass,2025-11-29 13:38:32.599,—,Diogo Ferreira
LOTE-M-INJ-001-5591,WO-7584,2025-11-29,Shift 1,IM-001,M-INJ-001,TR-001-PETG-24410,PETG,Screw Cap,15258,M,315,0,0,0,0,Conforming,Approved,Approved,Approved - First Pass,2025-11-30 09:57:57.345,—,Elena Santos
LOTE-M-INJ-001-5592,WO-7587,2025-12-01,Shift 2,IM-001,M-INJ-001,TR-001-HDPE-24410,HDPE,Screw Cap,49914,M,315,0,2,13,15,Conforming,Approved,Approved,Approved - First Pass,2025-12-03 05:01:24.771,—,Diogo Ferreira
LOTE-M-INJ-001-5593,WO-7590,2025-12-03,Shift 2,IM-001,M-INJ-001,TR-001-PP-24410,PP,Screw Cap,49525,M,315,2,7,3,12,Conforming,Rejected,Rejected,Rejected - Scrapped,2025-12-05 04:49:54.052,Sealing:2(Re=1),Carlos Mendes
LOTE-M-INJ-001-5594,WO-7593,2025-12-05,Shift 2,IM-001,M-INJ-001,TR-001-PP-PCR-24410,PP-PCR,Screw Cap,43046,M,315,1,2,1,4,Conforming,Rejected,Rejected,Rejected - Scrapped,2025-12-06 22:14:23.811,Sealing:1(Re=1),Carlos Mendes
LOTE-M-INJ-001-5595,WO-7594,2025-12-06,Shift 2,IM-001,M-INJ-001,TR-001-PP-24410,PP,Screw Cap,17042,M,315,0,1,1,2,Conforming,Approved,Approved,Approved - First Pass,2025-12-07 18:59:59.337,—,Ana Silva
LOTE-M-INJ-001-5596,WO-7596,2025-12-08,Shift 3,IM-001,M-INJ-001,TR-001-HDPE-24410,HDPE,Screw Cap,28525,M,315,0,0,1,1,Conforming,Approved,Approved,Approved - First Pass,2025-12-09 15:11:37.064,—,Elena Santos
LOTE-M-INJ-001-5597,WO-7597,2025-12-08,SHIFT 2,IM-001,M-INJ-001,TR-001-PETG-24410,PETG,Screw Cap,8795,L,200,0,1,2,3,Conforming,Approved,Approved,Approved - First Pass,2025-12-09 21:29:55.421,—,Beatriz Costa
LOTE-M-INJ-001-5598,WO-7599,2025-12-09,Shift 2,IM-001,M-INJ-001,TR-001-HDPE-24410,HDPE,Screw Cap,27382,M,315,0,1,8,9,Conforming,Approved,Approved,Approved - First Pass,2025-12-10 20:39:51.789,—,Beatriz Costa
LOTE-M-INJ-001-5599,WO-7600,2025-12-10,Shift 1,IM-001,M-INJ-001,TR-001-PP-24410,PP,Screw Cap,14213,M,315,0,0,2,2,Conforming,Approved,Approved,Approved - First Pass,2025-12-11 09:39:49.962,—,Ana Silva
LOTE-M-INJ-001-5600,WO-7603,2025-12-12,Shift 2,IM-001,M-INJ-001,TR-001-PETG-24410,PETG,Screw Cap,52177,M,315,0,7,8,15,Conforming,Approved,Approved,Approved - First Pass,2025-12-13 23:31:46.586,—,Beatriz Costa
LOTE-M-INJ-001-5601,WO-7605,2025-12-14,Shift 3,IM-001,M-INJ-001,TR-001-PETG-24410,PETG,Screw Cap,27425,M,315,0,5,2,7,Conforming,Approved,Approved,Approved - First Pass,2025-12-15 00:43:51.078,—,Ana Silva
LOTE-M-INJ-001-5602,WO-7606,2025-12-14,Shift 2,IM-001,M-INJ-001,TR-001-PP-PCR-24410,PP-PCR,Screw Cap,22612,M,315,0,2,5,7,Conforming,Approved,Approved,Approved - First Pass,2025-12-15 20:09:15.095,—,Diogo Ferreira
LOTE-M-INJ-001-5603,WO-7609,2025-12-16,Shift 2,IM-001,M-INJ-001,TR-001-PP-24410,PP,Screw Cap,37203,M,315,0,15,9,24,Conforming,Approved,Approved,Approved - First Pass,2025-12-18 09:01:28.769,—,Ana Silva
LOTE-M-INJ-001-5604,WO-7611,2025-12-18,Shift 1,IM-001,M-INJ-001,TR-001-PP-24410,PP,Screw Cap,33106,M,315,0,4,8,12,Conforming,Approved,Approved,Approved - First Pass,2025-12-19 10:33:14.537,—,Elena Santos
LOTE-M-INJ-001-5605,WO-7614,2025-12-20,Shift 3,IM-001,M-INJ-001,TR-001-HDPE-24410,HDPE,Screw Cap,34531,M,315,0,1,7,8,Conforming,Approved,Approved,Approved - First Pass,2025-12-21 06:46:41.505,—,Elena Santos
LOTE-M-INJ-001-5606,WO-7616,2025-12-21,Shift 1,IM-001,M-INJ-001,TR-001-PP-PCR-24410,PP-PCR,Screw Cap,23295,M,315,0,2,3,5,Conforming,Approved,Approved,Approved - First Pass,2025-12-22 07:16:51.816,—,Carlos Mendes
LOTE-M-INJ-001-5607,WO-7617,2025-12-21,Shift 3,IM-001,M-INJ-001,TR-001-PETG-24410,PETG,Screw Cap,19674,M,315,0,1,0,1,Conforming,Approved,Approved,Approved - First Pass,2025-12-23 04:25:04.050,—,Carlos Mendes
LOTE-M-INJ-001-5608,WO-7619,2025-12-23,Shift 3,IM-001,M-INJ-001,TR-001-PETG-24410,PETG,Screw Cap,20576,M,315,2,0,5,7,Conforming,Rejected,Rejected,Rejected - Scrapped,2025-12-24 01:48:27.498,Sealing:1(Re=1),Beatriz Costa
LOTE-M-INJ-001-5609,WO-7621,2025-12-24,Shift 1,IM-001,M-INJ-001,TR-001-PETG-24410,PETG,Screw Cap,34458,M,315,0,2,6,8,Conforming,Approved,Approved,Approved - First Pass,2025-12-25 00:31:12.660,—,Beatriz Costa
LOTE-M-INJ-001-5610,WO-7622,2025-12-24,Shift 3,IM-001,M-INJ-001,TR-001-PP-PCR-24410,PP-PCR,Screw Cap,23444,M,315,0,2,2,4,Conforming,Approved,Approved,Approved - First Pass,2025-12-26 01:32:21.213,—,Beatriz Costa
LOTE-M-INJ-001-5611,WO-7624,2025-12-26,Shift 1,IM-001,M-INJ-001,TR-001-PETG-24410,PETG,Screw Cap,23067,M,315,0,1,7,8,Conforming,Approved,Approved,Approved - First Pass,2025-12-27 10:32:05.903,—,Carlos Mendes
LOTE-M-INJ-001-5612,WO-7626,2025-12-27,SHIFT 2,IM-001,M-INJ-001,TR-001-PP-PCR-24410,PP-PCR,Screw Cap,37297,M,315,0,4,0,4,Conforming,Approved,Approved,Approved - First Pass,2025-12-28 18:07:37.810,—,Elena Santos
LOTE-M-INJ-001-5613,WO-7628,2025-12-29,  Shift 1  ,IM-001,M-INJ-001,TR-001-PP-PCR-24410,PP-PCR,Screw Cap,21335,M,315,0,2,6,8,Conforming,Approved,Approved,Approved - First Pass,2025-12-30 11:55:52.401,—,Elena Santos
LOTE-M-INJ-001-5614,WO-7630,2025-12-30,Shift 2,IM-001,M-INJ-001,TR-001-PETG-24410,PETG,Screw Cap,28539,M,315,0,1,10,11,Conforming,Approved,Approved,Approved - First Pass,2025-12-31 23:31:01.662,—,Beatriz Costa
LOTE-M-INJ-001-5615,WO-7632,2025-12-31,Shift 3,IM-001,M-INJ-001,TR-001-PETG-24410,PETG,Screw Cap,26237,M,315,0,0,1,1,Conforming,Approved,Approved,Approved - First Pass,2026-01-02 00:06:07.802,—,Carlos Mendes
LOTE-M-INJ-001-5616,WO-7633,2026-01-01,Shift 1,IM-001,M-INJ-001,TR-001-PP-24410,PP,Screw Cap,11650,M,315,1,0,3,4,Conforming,Rejected,Approved,Approved - Released on Deviation,2026-01-02 14:03:30.583,—,Ana Silva
LOTE-M-INJ-001-5617,WO-7636,2026-01-03,Shift 1,IM-001,M-INJ-001,TR-001-HDPE-24410,HDPE,Screw Cap,40320,M,315,0,3,10,13,Conforming,Approved,Approved,Approved - First Pass,2026-01-04 11:03:31.338,—,Diogo Ferreira
LOTE-M-INJ-001-5618,WO-7639,2026-01-05,Shift 3,IM-001,M-INJ-001,TR-001-HDPE-24410,HDPE,Screw Cap,52496,M,315,0,2,4,6,Conforming,Approved,Approved,Approved - First Pass,2026-01-06 03:37:14.451,—,Beatriz Costa
LOTE-M-INJ-001-5619,WO-7641,2026-01-06,Shift 1,IM-001,M-INJ-001,TR-001-PP-PCR-24410,PP-PCR,Screw Cap,28206,M,315,0,0,3,3,Conforming,Approved,Approved,Approved - First Pass,2026-01-07 14:35:22.889,—,Carlos Mendes
LOTE-M-INJ-001-5620,WO-7643,2026-01-07,Shift 2,IM-001,M-INJ-001,TR-001-HDPE-24410,HDPE,Screw Cap,25608,M,315,0,6,7,13,Conforming,Approved,Approved,Approved - First Pass,2026-01-08 11:26:58.499,—,Diogo Ferreira
LOTE-M-INJ-001-5621,WO-7644,2026-01-08,Shift 3,IM-001,M-INJ-001,TR-001-PP-PCR-24410,PP-PCR,Screw Cap,17488,M,315,0,3,2,5,Conforming,Approved,Approved,Approved - First Pass,2026-01-09 06:21:06.135,—,Carlos Mendes
LOTE-M-INJ-001-5622,WO-7645,2026-01-08,Shift 2,IM-001,M-INJ-001,TR-001-PP-24410,PP,Screw Cap,20559,M,315,0,1,1,2,Conforming,Approved,Approved,Approved - First Pass,2026-01-10 09:10:12.981,—,Ana Silva
LOTE-M-INJ-001-5623,WO-7647,2026-01-10,Shift 1,IM-001,M-INJ-001,TR-001-HDPE-24410,HDPE,Screw Cap,21941,M,315,0,0,4,4,Conforming,Approved,Approved,Approved - First Pass,2026-01-11 06:57:11.669,—,Elena Santos
LOTE-M-INJ-001-5624,WO-7648,2026-01-10,Shift 2,IM-001,M-INJ-001,TR-001-PETG-24410,PETG,Screw Cap,8907,L,200,0,0,3,3,Conforming,Approved,Approved,Approved - First Pass,2026-01-11 15:45:19.033,—,Carlos Mendes
LOTE-M-INJ-001-5625,WO-7649,2026-01-11,Shift 3,IM-001,M-INJ-001,TR-001-HDPE-24410,HDPE,Screw Cap,18056,M,315,0,0,0,0,Conforming,Approved,Approved,Approved - First Pass,2026-01-12 16:00:38.183,—,Beatriz Costa
LOTE-M-INJ-001-5626,WO-7651,2026-01-12,Shift 2,IM-001,M-INJ-001,TR-001-PETG-24410,PETG,Screw Cap,41985,M,315,0,2,7,9,Conforming,Approved,Approved,Approved - First Pass,2026-01-13 21:00:35.626,—,Diogo Ferreira
LOTE-M-INJ-001-5627,WO-7652,2026-01-13,Shift 2,IM-001,M-INJ-001,TR-001-HDPE-24410,HDPE,Screw Cap,12608,M,315,0,2,6,8,Conforming,Approved,Approved,Approved - First Pass,2026-01-14 21:35:25.027,—,Beatriz Costa
LOTE-M-INJ-001-5628,WO-7654,2026-01-14,Shift 2,IM-001,M-INJ-001,TR-001-PP-PCR-24410,PP-PCR,Screw Cap,28771,M,315,1,2,1,4,Conforming,Rejected,Rejected,Rejected - Scrapped,2026-01-16 01:42:47.186,Thread:1(Re=1),Diogo Ferreira
LOTE-M-INJ-001-5629,WO-7655,2026-01-15,Shift 1,IM-001,M-INJ-001,TR-001-PETG-24410,PETG,Screw Cap,9959,L,200,0,2,2,4,Conforming,Approved,Approved,Approved - First Pass,2026-01-15 23:55:22.621,—,Carlos Mendes
LOTE-M-INJ-001-5630,WO-7658,2026-01-17,Shift 3,IM-001,M-INJ-001,TR-001-PETG-24410,PETG,Screw Cap,49146,M,315,0,3,16,19,Conforming,Approved,Approved,Approved - First Pass,2026-01-18 18:38:37.785,—,Carlos Mendes
LOTE-M-INJ-001-5631,WO-7661,2026-01-19,Shift 1,IM-001,M-INJ-001,TR-001-PP-PCR-24410,PP-PCR,Screw Cap,53034,M,315,1,9,12,22,Conforming,Rejected,Rejected,Rejected - Scrapped,2026-01-20 19:59:35.988,Thread:1(Re=1),Diogo Ferreira
LOTE-M-INJ-001-5632,WO-7662,2026-01-20,  Shift 3  ,IM-001,M-INJ-001,TR-001-PETG-24410,PETG,Screw Cap,12346,M,315,0,0,1,1,Conforming,Approved,Approved,Approved - First Pass,2026-01-21 15:22:22.612,—,Carlos Mendes
LOTE-M-INJ-001-5633,WO-7664,2026-01-21,Shift 2,IM-001,M-INJ-001,TR-001-HDPE-24410,HDPE,Screw Cap,37319,M,315,0,2,3,5,Conforming,Approved,Approved,Approved - First Pass,2026-01-22 21:45:59.358,—,Elena Santos
LOTE-M-INJ-001-5634,WO-7665,2026-01-22,Shift 1,IM-001,M-INJ-001,TR-001-HDPE-24410,HDPE,Screw Cap,17556,M,315,0,0,1,1,Conforming,Approved,Approved,Approved - First Pass,2026-01-23 14:04:08.734,—,Elena Santos
LOTE-M-INJ-001-5635,WO-7668,2026-01-24,  Shift 3  ,IM-001,M-INJ-001,TR-001-PETG-24410,PETG,Screw Cap,46051,M,315,2,1,7,10,Conforming,Rejected,Rejected,Rejected - Scrapped,2026-01-25 08:09:48.125,Thread:2(Re=1),Ana Silva
LOTE-M-INJ-001-5636,WO-7669,2026-01-24,  Shift 2  ,IM-001,M-INJ-001,TR-001-HDPE-24410,HDPE,Screw Cap,16334,M,315,0,0,5,5,Conforming,Approved,Approved,Approved - First Pass,2026-01-25 20:59:15.095,—,Ana Silva
LOTE-M-INJ-001-5637,WO-7672,2026-01-26,Shift 3,IM-001,M-INJ-001,TR-001-PP-24410,PP,Screw Cap,42712,M,315,1,2,1,4,Conforming,Rejected,Rejected,Rejected - Scrapped,2026-01-27 11:13:22.473,Sealing:1(Re=1),Elena Santos
LOTE-M-INJ-001-5638,WO-7674,2026-01-27,Shift 1,IM-001,M-INJ-001,TR-001-HDPE-24410,HDPE,Screw Cap,18866,M,315,0,3,4,7,Conforming,Approved,Approved,Approved - First Pass,2026-01-28 12:06:30.640,—,Elena Santos
LOTE-M-INJ-001-5639,WO-7675,2026-01-28,Shift 3,IM-001,M-INJ-001,TR-001-PP-PCR-24410,PP-PCR,Screw Cap,18481,M,315,1,0,4,5,Conforming,Rejected,Rejected,Rejected - Scrapped,2026-01-29 03:04:38.101,Thread:1(Re=1),Carlos Mendes
LOTE-M-INJ-001-5640,WO-7677,2026-01-29,Shift 1,IM-001,M-INJ-001,TR-001-PP-PCR-24410,PP-PCR,Screw Cap,25405,M,315,0,1,7,8,Conforming,Approved,Approved,Approved - First Pass,2026-01-30 04:38:45.170,—,Carlos Mendes
LOTE-M-INJ-001-5641,WO-7679,2026-01-30,Shift 2,IM-001,M-INJ-001,TR-001-HDPE-24410,HDPE,Screw Cap,43240,M,315,0,3,7,10,Conforming,Approved,Approved,Approved - First Pass,2026-01-31 22:54:38.276,—,Carlos Mendes
LOTE-M-INJ-001-5642,WO-7681,2026-02-01,Shift 1,IM-001,M-INJ-001,TR-001-PETG-24410,PETG,Screw Cap,35390,M,315,0,0,6,6,Conforming,Approved,Approved,Approved - First Pass,2026-02-02 13:58:16.326,—,Diogo Ferreira
LOTE-M-INJ-001-5643,WO-7682,2026-02-02,Shift 3,IM-001,M-INJ-001,TR-001-PETG-24410,PETG,Screw Cap,12807,M,315,0,0,4,4,Conforming,Approved,Approved,Approved - First Pass,2026-02-03 04:27:56.453,—,Elena Santos
LOTE-M-INJ-001-5644,WO-7683,2026-02-02,Shift 2,IM-001,M-INJ-001,TR-001-PETG-24410,PETG,Screw Cap,15092,M,315,0,2,0,2,Conforming,Approved,Approved,Approved - First Pass,2026-02-03 19:58:31.684,—,Elena Santos
LOTE-M-INJ-001-5645,WO-7684,2026-02-03,Shift 1,IM-001,M-INJ-001,TR-001-PP-PCR-24410,PP-PCR,Screw Cap,15947,M,315,0,1,2,3,Conforming,Approved,Approved,Approved - First Pass,2026-02-03 22:36:56.858,—,Diogo Ferreira
LOTE-M-INJ-001-5646,WO-7686,2026-02-04,shift 1,IM-001,M-INJ-001,TR-001-HDPE-24410,HDPE,Screw Cap,18405,M,315,1,0,5,6,Conforming,Rejected,Rejected,Rejected - Scrapped,2026-02-05 19:42:05.829,Sealing:1(Re=1),Diogo Ferreira
LOTE-M-INJ-001-5647,WO-7687,2026-02-05,shift 3,IM-001,M-INJ-001,TR-001-PETG-24410,PETG,Screw Cap,12244,M,315,0,2,3,5,Conforming,Approved,Approved,Approved - First Pass,2026-02-06 13:29:18.557,—,Beatriz Costa
LOTE-M-INJ-001-5648,WO-7689,2026-02-06,Shift 2,IM-001,M-INJ-001,TR-001-HDPE-24410,HDPE,Screw Cap,24335,M,315,0,1,13,14,Conforming,Approved,Approved,Approved - First Pass,2026-02-07 23:34:19.549,—,Diogo Ferreira
LOTE-M-INJ-001-5649,WO-7691,2026-02-07,Shift 2,IM-001,M-INJ-001,TR-001-PETG-24410,PETG,Screw Cap,37367,M,315,0,2,12,14,Conforming,Approved,Approved,Approved - First Pass,2026-02-09 07:37:03.391,—,Ana Silva
LOTE-M-INJ-001-5650,WO-7694,2026-02-09,SHIFT 2,IM-001,M-INJ-001,TR-001-PP-24410,PP,Screw Cap,31288,M,315,0,3,3,6,Conforming,Approved,Approved,Approved - First Pass,2026-02-10 16:33:12.244,—,Ana Silva
LOTE-M-INJ-001-5651,WO-7697,2026-02-11,Shift 1,IM-001,M-INJ-001,TR-001-PP-24410,PP,Screw Cap,36653,M,315,0,1,2,3,Conforming,Approved,Approved,Approved - First Pass,2026-02-12 06:56:24.101,—,Beatriz Costa
LOTE-M-INJ-001-5652,WO-7698,2026-02-11,Shift 3,IM-001,M-INJ-001,TR-001-PETG-24410,PETG,Screw Cap,19810,M,315,0,4,1,5,Conforming,Approved,Approved,Approved - First Pass,2026-02-13 07:23:58.145,—,Carlos Mendes
LOTE-M-INJ-001-5653,WO-7701,2026-02-14,Shift 2,IM-001,M-INJ-001,TR-001-PP-PCR-24410,PP-PCR,Screw Cap,62549,M,315,0,5,3,8,Conforming,Approved,Approved,Approved - First Pass,2026-02-15 17:42:40.739,—,Ana Silva
LOTE-M-INJ-001-5654,WO-7702,2026-02-15,Shift 1,IM-001,M-INJ-001,TR-001-PETG-24410,PETG,Screw Cap,10091,M,315,0,0,2,2,Conforming,Approved,Approved,Approved - First Pass,2026-02-16 00:42:46.280,—,Elena Santos
LOTE-M-INJ-001-5655,WO-7704,2026-02-16,Shift 1,IM-001,M-INJ-001,TR-001-PETG-24410,PETG,Screw Cap,25741,M,315,0,1,7,8,Conforming,Approved,Approved,Approved - First Pass,2026-02-17 11:03:33.018,—,Elena Santos
LOTE-M-INJ-001-5656,WO-7705,2026-02-17,Shift 3,IM-001,M-INJ-001,TR-001-PP-PCR-24410,PP-PCR,Screw Cap,22013,M,315,1,0,5,6,Conforming,Rejected,Rejected,Rejected - Scrapped,2026-02-18 06:36:56.788,Sealing:1(Re=1),Ana Silva
LOTE-M-INJ-001-5657,WO-7707,2026-02-18,Shift 1,IM-001,M-INJ-001,TR-001-PP-24410,PP,Screw Cap,30522,M,315,0,1,9,10,Conforming,Approved,Approved,Approved - First Pass,2026-02-19 22:01:29.814,—,Diogo Ferreira
LOTE-M-INJ-001-5658,WO-7708,2026-02-19,Shift 3,IM-001,M-INJ-001,TR-001-PP-24410,PP,Screw Cap,15788,M,315,0,0,0,0,Conforming,Approved,Approved,Approved - First Pass,2026-02-20 15:00:42.630,—,Beatriz Costa
LOTE-M-INJ-001-5659,WO-7709,2026-02-20,Shift 3,IM-001,M-INJ-001,TR-001-HDPE-24410,HDPE,Screw Cap,12974,M,315,0,1,2,3,Conforming,Approved,Approved,Approved - First Pass,2026-02-20 21:23:09.729,—,Carlos Mendes
LOTE-M-INJ-001-5660,WO-7712,2026-02-21,Shift 3,IM-001,M-INJ-001,TR-001-HDPE-24410,HDPE,Screw Cap,47212,M,315,0,6,11,17,Conforming,Approved,Approved,Approved - First Pass,2026-02-22 21:34:22.573,—,Beatriz Costa
LOTE-M-INJ-001-5661,WO-7714,2026-02-23,Shift 3,IM-001,M-INJ-001,TR-001-PP-PCR-24410,PP-PCR,Screw Cap,28299,M,315,0,0,2,2,Conforming,Approved,Approved,Approved - First Pass,2026-02-24 01:16:21.325,—,Ana Silva
LOTE-M-INJ-001-5662,WO-7717,2026-02-24,Shift 3,IM-001,M-INJ-001,TR-001-PP-PCR-24410,PP-PCR,Screw Cap,46715,M,315,3,1,10,14,Conforming,Rejected,Rejected,Rejected - Scrapped,2026-02-26 06:44:26.796,Sealing:1(Re=1),Carlos Mendes
LOTE-M-INJ-001-5663,WO-7718,2026-02-25,Shift 2,IM-001,M-INJ-001,TR-001-HDPE-24410,HDPE,Screw Cap,22149,M,315,1,3,5,9,Conforming,Rejected,Rejected,Rejected - Scrapped,2026-02-26 22:04:30.978,Thread:1(Re=1),Diogo Ferreira
LOTE-M-INJ-001-5664,WO-7721,2026-02-28,  Shift 3  ,IM-001,M-INJ-001,TR-001-PETG-24410,PETG,Screw Cap,39923,M,315,0,3,4,7,Conforming,Approved,Approved,Approved - First Pass,2026-03-01 12:12:55.453,—,Carlos Mendes
LOTE-M-INJ-001-5665,WO-7722,2026-02-28,Shift 2,IM-001,M-INJ-001,TR-001-HDPE-24410,HDPE,Screw Cap,13320,M,315,0,0,6,6,Conforming,Approved,Approved,Approved - First Pass,2026-03-01 10:59:32.074,—,Diogo Ferreira
LOTE-M-INJ-001-5666,WO-7723,2026-03-01,  Shift 1  ,IM-001,M-INJ-001,TR-001-PP-PCR-24410,PP-PCR,Screw Cap,12265,M,315,0,0,2,2,Conforming,Approved,Approved,Approved - First Pass,2026-03-02 09:06:19.763,—,Carlos Mendes
LOTE-M-INJ-001-5667,WO-7724,2026-03-02,Shift 3,IM-001,M-INJ-001,TR-001-HDPE-24410,HDPE,Screw Cap,6613,L,200,0,1,3,4,Conforming,Approved,Approved,Approved - First Pass,2026-03-03 01:10:52.449,—,Diogo Ferreira
LOTE-M-INJ-001-5668,WO-7726,2026-03-03,Shift 1,IM-001,M-INJ-001,TR-001-PETG-24410,PETG,Screw Cap,25082,M,315,0,5,4,9,Conforming,Approved,Approved,Approved - First Pass,2026-03-04 14:57:19.960,—,Ana Silva
LOTE-M-INJ-001-5669,WO-7729,2026-03-05,Shift 3,IM-001,M-INJ-001,TR-001-PP-24410,PP,Screw Cap,36194,M,315,1,4,11,16,Conforming,Rejected,Rejected,Rejected - Scrapped,2026-03-06 00:19:37.873,Thread:1(Re=1),Carlos Mendes
LOTE-M-INJ-001-5670,WO-7730,2026-03-05,Shift 1,IM-001,M-INJ-001,TR-001-PETG-24410,PETG,Screw Cap,13144,M,315,0,2,2,4,Conforming,Approved,Approved,Approved - First Pass,2026-03-06 18:08:12.897,—,Beatriz Costa
LOTE-M-INJ-001-5671,WO-7733,2026-03-07,Shift 1,IM-001,M-INJ-001,TR-001-PETG-24410,PETG,Screw Cap,48616,M,315,0,4,2,6,Conforming,Approved,Approved,Approved - First Pass,2026-03-08 02:56:13.432,—,Ana Silva
LOTE-M-INJ-001-5672,WO-7734,2026-03-08,Shift 3,IM-001,M-INJ-001,TR-001-PP-24410,PP,Screw Cap,11741,M,315,0,0,3,3,Conforming,Approved,Approved,Approved - First Pass,2026-03-09 06:15:57.145,—,Beatriz Costa
LOTE-M-INJ-001-5673,WO-7736,2026-03-09,Shift 3,IM-001,M-INJ-001,TR-001-PP-24410,PP,Screw Cap,25066,M,315,1,1,2,4,Conforming,Rejected,Approved,Approved - Reworked,2026-03-10 20:59:56.712,—,Elena Santos
LOTE-M-INJ-001-5674,WO-7738,2026-03-10,Shift 2,IM-001,M-INJ-001,TR-001-PP-PCR-24410,PP-PCR,Screw Cap,32366,M,315,0,2,4,6,Conforming,Approved,Approved,Approved - First Pass,2026-03-12 08:19:33.953,—,Beatriz Costa
LOTE-M-INJ-001-5675,WO-7740,2026-03-12,Shift 1,IM-001,M-INJ-001,TR-001-PP-PCR-24410,PP-PCR,Screw Cap,23448,M,315,1,0,9,10,Conforming,Rejected,Rejected,Rejected - Scrapped,2026-03-13 04:37:18.777,Thread:1(Re=1),Ana Silva
LOTE-M-INJ-001-5676,WO-7742,2026-03-13,Shift 1,IM-001,M-INJ-001,TR-001-PETG-24410,PETG,Screw Cap,24577,M,315,0,3,5,8,Conforming,Approved,Approved,Approved - First Pass,2026-03-14 06:11:31.205,—,Carlos Mendes
LOTE-M-INJ-001-5677,WO-7744,2026-03-14,Shift 2,IM-001,M-INJ-001,TR-001-HDPE-24410,HDPE,Screw Cap,32369,M,315,0,0,6,6,Conforming,Approved,Approved,Approved - First Pass,2026-03-15 18:02:03.798,—,Beatriz Costa
LOTE-M-INJ-001-5678,WO-7747,2026-03-16,  Shift 2  ,IM-001,M-INJ-001,TR-001-PP-PCR-24410,PP-PCR,Screw Cap,43049,M,315,1,2,8,11,Conforming,Rejected,Approved,Approved - Released on Deviation,2026-03-17 19:15:07.386,—,Ana Silva
LOTE-M-INJ-001-5679,WO-7748,2026-03-17,Shift 1,IM-001,M-INJ-001,TR-001-PP-24410,PP,Screw Cap,6129,L,200,0,1,0,1,Conforming,Approved,Approved,Approved - First Pass,2026-03-18 08:30:42.831,—,Elena Santos
LOTE-M-INJ-001-5680,WO-7749,2026-03-18,Shift 3,IM-001,M-INJ-001,TR-001-PP-24410,PP,Screw Cap,15577,M,315,1,2,1,4,Conforming,Rejected,Rejected,Rejected - Scrapped,2026-03-19 07:13:17.989,Sealing:1(Re=1),Elena Santos
LOTE-M-INJ-001-5681,WO-7752,2026-03-19,Shift 3,IM-001,M-INJ-001,TR-001-PP-24410,PP,Screw Cap,34369,M,315,1,6,5,12,Conforming,Rejected,Rejected,Rejected - Scrapped,2026-03-21 03:43:21.823,Thread:1(Re=1),Diogo Ferreira
LOTE-M-INJ-001-5682,WO-7755,2026-03-21,Shift 2,IM-001,M-INJ-001,TR-001-PP-PCR-24410,PP-PCR,Screw Cap,39872,M,315,1,4,12,17,Conforming,Rejected,Rejected,Rejected - Scrapped,2026-03-22 15:33:31.657,Sealing:1(Re=1),Diogo Ferreira
LOTE-M-INJ-001-5683,WO-7757,2026-03-23,Shift 3,IM-001,M-INJ-001,TR-001-PP-24410,PP,Screw Cap,27403,M,315,1,1,5,7,Conforming,Rejected,Rejected,Rejected - Scrapped,2026-03-24 10:21:24.305,Sealing:1(Re=1),Elena Santos
LOTE-M-INJ-001-5684,WO-7758,2026-03-23,Shift 2,IM-001,M-INJ-001,TR-001-PETG-24410,PETG,Screw Cap,9616,L,200,0,0,0,0,Conforming,Approved,Approved,Approved - First Pass,2026-03-24 22:29:08.145,—,Beatriz Costa
LOTE-M-INJ-001-5685,WO-7759,2026-03-24,Shift 1,IM-001,M-INJ-001,TR-001-PETG-24410,PETG,Screw Cap,16089,M,315,0,0,1,1,Conforming,Approved,Approved,Approved - First Pass,2026-03-25 12:23:55.946,—,Elena Santos
LOTE-M-INJ-001-5686,WO-7761,2026-03-25,Shift 1,IM-001,M-INJ-001,TR-001-PETG-24410,PETG,Screw Cap,25297,M,315,0,3,6,9,Conforming,Approved,Approved,Approved - First Pass,2026-03-26 15:54:48.419,—,Elena Santos
LOTE-M-INJ-001-5687,WO-7762,2026-03-26,Shift 1,IM-001,M-INJ-001,TR-001-PP-PCR-24410,PP-PCR,Screw Cap,21998,M,315,0,0,4,4,Conforming,Approved,Approved,Approved - First Pass,2026-03-27 14:17:24.888,—,Elena Santos
LOTE-M-INJ-001-5688,WO-7763,2026-03-27,Shift 3,IM-001,M-INJ-001,TR-001-PETG-24410,PETG,Screw Cap,20003,M,315,0,2,0,2,Conforming,Approved,Approved,Approved - First Pass,2026-03-28 04:53:32.251,—,Carlos Mendes
LOTE-M-INJ-001-5689,WO-7765,2026-03-28,Shift 2,IM-001,M-INJ-001,TR-001-HDPE-24410,HDPE,Screw Cap,37557,M,315,0,1,4,5,Conforming,Approved,Approved,Approved - First Pass,2026-03-29 23:04:43.150,—,Diogo Ferreira
LOTE-M-INJ-001-5690,WO-7766,2026-03-29,Shift 1,IM-001,M-INJ-001,TR-001-PP-24410,PP,Screw Cap,7329,L,200,0,1,4,5,Conforming,Approved,Approved,Approved - First Pass,2026-03-30 01:41:41.876,—,Elena Santos
LOTE-M-INJ-001-5691,WO-7767,2026-03-29,Shift 2,IM-001,M-INJ-001,TR-001-PETG-24410,PETG,Screw Cap,6750,L,200,0,0,2,2,Conforming,Approved,Approved,Approved - First Pass,2026-03-30 10:28:32.561,—,Ana Silva
LOTE-M-INJ-001-5692,WO-7768,2026-03-30,Shift 1,IM-001,M-INJ-001,TR-001-PP-24410,PP,Screw Cap,15168,M,315,0,2,1,3,Conforming,Approved,Approved,Approved - First Pass,2026-03-31 10:08:09.195,—,Diogo Ferreira
LOTE-M-INJ-001-5693,WO-7770,2026-03-31,Shift 3,IM-001,M-INJ-001,TR-001-PP-PCR-24410,PP-PCR,Screw Cap,30151,M,315,0,3,4,7,Conforming,Approved,Approved,Approved - First Pass,2026-04-02 02:47:17.601,—,Elena Santos
LOTE-M-INJ-001-5694,WO-7773,2026-04-03,Shift 3,IM-001,M-INJ-001,TR-001-HDPE-24410,HDPE,Screw Cap,47074,M,315,0,1,10,11,Conforming,Approved,Approved,Approved - First Pass,2026-04-03 15:19:32.868,—,Diogo Ferreira
LOTE-M-INJ-001-5695,WO-7775,2026-04-04,Shift 3,IM-001,M-INJ-001,TR-001-PP-PCR-24410,PP-PCR,Screw Cap,16220,M,315,0,2,0,2,Conforming,Approved,Approved,Approved - First Pass,2026-04-05 14:31:00.549,—,Elena Santos
LOTE-M-INJ-001-5696,WO-7776,2026-04-05,Shift 3,IM-001,M-INJ-001,TR-001-PETG-24410,PETG,Screw Cap,14764,M,315,0,0,5,5,Conforming,Approved,Approved,Approved - First Pass,2026-04-06 03:13:34.930,—,Diogo Ferreira
LOTE-M-INJ-001-5697,WO-7778,2026-04-06,Shift 3,IM-001,M-INJ-001,TR-001-PETG-24410,PETG,Screw Cap,31145,M,315,0,1,2,3,Conforming,Approved,Approved,Approved - First Pass,2026-04-07 15:58:21.644,—,Elena Santos
LOTE-M-INJ-001-5698,WO-7780,2026-04-07,Shift 2,IM-001,M-INJ-001,TR-001-PETG-24410,PETG,Screw Cap,28002,M,315,0,3,4,7,Conforming,Approved,Approved,Approved - First Pass,2026-04-08 20:16:23.038,—,Diogo Ferreira
LOTE-M-INJ-001-5699,WO-7783,2026-04-09,Shift 2,IM-001,M-INJ-001,TR-001-HDPE-24410,HDPE,Screw Cap,45127,M,315,0,5,7,12,Conforming,Approved,Approved,Approved - First Pass,2026-04-10 17:16:45.648,—,Diogo Ferreira
LOTE-M-INJ-001-5700,WO-7785,2026-04-10,Shift 3,IM-001,M-INJ-001,TR-001-PP-PCR-24410,PP-PCR,Screw Cap,17113,M,315,0,2,6,8,Conforming,Approved,Approved,Approved - First Pass,2026-04-11 14:29:39.514,—,Ana Silva
LOTE-M-INJ-001-5701,WO-7788,2026-04-12,Shift 1,IM-001,M-INJ-001,TR-001-PETG-24410,PETG,Screw Cap,36868,M,315,0,6,2,8,Conforming,Approved,Approved,Approved - First Pass,2026-04-13 14:17:20.609,—,Elena Santos
LOTE-M-INJ-001-5702,WO-7790,2026-04-13,Shift 2,IM-001,M-INJ-001,TR-001-PP-24410,PP,Screw Cap,19955,M,315,0,3,11,14,Conforming,Approved,Approved,Approved - First Pass,2026-04-15 03:55:15.439,—,Ana Silva
LOTE-M-INJ-001-5703,WO-7792,2026-04-15,SHIFT 3,IM-001,M-INJ-001,TR-001-PP-24410,PP,Screw Cap,34868,M,315,0,7,8,15,Conforming,Approved,Approved,Approved - First Pass,2026-04-16 12:50:28.711,—,Carlos Mendes
LOTE-M-INJ-001-5704,WO-7794,2026-04-16,  Shift 2  ,IM-001,M-INJ-001,TR-001-HDPE-24410,HDPE,Screw Cap,25144,M,315,0,0,4,4,Conforming,Approved,Approved,Approved - First Pass,2026-04-17 03:17:29.988,—,Diogo Ferreira
LOTE-M-INJ-001-5705,WO-7795,2026-04-17,Shift 3,IM-001,M-INJ-001,TR-001-PP-24410,PP,Screw Cap,11887,M,315,0,0,8,8,Conforming,Approved,Approved,Approved - First Pass,2026-04-17 14:34:35.316,—,Carlos Mendes
LOTE-M-INJ-001-5706,WO-7797,2026-04-17,Shift 2,IM-001,M-INJ-001,TR-001-PETG-24410,PETG,Screw Cap,26564,M,315,0,4,6,10,Conforming,Approved,Approved,Approved - First Pass,2026-04-19 08:05:19.976,—,Beatriz Costa
LOTE-M-INJ-001-5707,WO-7799,2026-04-19,Shift 3,IM-001,M-INJ-001,TR-001-PP-PCR-24410,PP-PCR,Screw Cap,30006,M,315,0,2,6,8,Conforming,Approved,Approved,Approved - First Pass,2026-04-20 10:25:01.495,—,Beatriz Costa
LOTE-M-INJ-001-5708,WO-7800,2026-04-19,Shift 2,IM-001,M-INJ-001,TR-001-PP-24410,PP,Screw Cap,18658,M,315,1,2,0,3,Conforming,Rejected,Approved,Approved - Released on Deviation,2026-04-20 17:08:20.682,—,Ana Silva
LOTE-M-INJ-001-5709,WO-7803,2026-04-21,Shift 2,IM-001,M-INJ-001,TR-001-PP-24410,PP,Screw Cap,35636,M,315,0,3,5,8,Conforming,Approved,Approved,Approved - First Pass,2026-04-22 16:07:49.935,—,Diogo Ferreira
LOTE-M-INJ-001-5710,WO-7805,2026-04-23,Shift 3,IM-001,M-INJ-001,TR-001-HDPE-24410,HDPE,Screw Cap,22489,M,315,0,0,6,6,Conforming,Approved,Approved,Approved - First Pass,2026-04-24 02:21:32.219,—,Ana Silva
LOTE-M-INJ-001-5711,WO-7806,2026-04-23,Shift 1,IM-001,M-INJ-001,TR-001-PETG-24410,PETG,Screw Cap,13232,M,315,0,2,1,3,Conforming,Approved,Approved,Approved - First Pass,2026-04-24 18:32:54.144,—,Ana Silva
LOTE-M-INJ-001-5712,WO-7807,2026-04-24,SHIFT 3,IM-001,M-INJ-001,TR-001-PP-PCR-24410,PP-PCR,Screw Cap,11228,M,315,1,1,2,4,Conforming,Rejected,Rejected,Rejected - Scrapped,2026-04-24 17:46:25.171,Thread:1(Re=1),Elena Santos
LOTE-M-INJ-001-5713,WO-7810,2026-04-25,Shift 2,IM-001,M-INJ-001,TR-001-PETG-24410,PETG,Screw Cap,34573,M,315,0,4,7,11,Conforming,Approved,Approved,Approved - First Pass,2026-04-26 21:27:56.987,—,Beatriz Costa
LOTE-M-INJ-001-5714,WO-7811,2026-04-26,Shift 3,IM-001,M-INJ-001,TR-001-HDPE-24410,HDPE,Screw Cap,8757,L,200,0,1,0,1,Conforming,Approved,Approved,Approved - First Pass,2026-04-27 04:48:05.350,—,Beatriz Costa
LOTE-M-INJ-001-5715,WO-7812,2026-04-26,Shift 3,IM-001,M-INJ-001,TR-001-HDPE-24410,HDPE,Screw Cap,20765,M,315,0,3,0,3,Conforming,Approved,Approved,Approved - First Pass,2026-04-28 11:32:45.285,—,Carlos Mendes
LOTE-M-INJ-001-5716,WO-7814,2026-04-28,  Shift 1  ,IM-001,M-INJ-001,TR-001-HDPE-24410,HDPE,Screw Cap,24961,M,315,0,3,15,18,Conforming,Approved,Approved,Approved - First Pass,2026-04-29 13:35:43.805,—,Ana Silva
LOTE-M-INJ-001-5717,WO-7817,2026-04-30,  Shift 3  ,IM-001,M-INJ-001,TR-001-PP-24410,PP,Screw Cap,36040,M,315,0,2,7,9,Conforming,Approved,Approved,Approved - First Pass,2026-05-01 05:30:22.941,—,Beatriz Costa
LOTE-M-INJ-001-5718,WO-7818,2026-04-30,Shift 2,IM-001,M-INJ-001,TR-001-PP-24410,PP,Screw Cap,7868,L,200,0,0,3,3,Conforming,Approved,Approved,Approved - First Pass,2026-05-02 00:52:13.244,—,Ana Silva
LOTE-M-INJ-001-5719,WO-7819,2026-05-01,Shift 3,IM-001,M-INJ-001,TR-001-PETG-24410,PETG,Screw Cap,13810,M,315,0,0,3,3,Conforming,Approved,Approved,Approved - First Pass,2026-05-02 09:41:50.934,—,Carlos Mendes
LOTE-M-INJ-001-5720,WO-7820,2026-05-01,Shift 2,IM-001,M-INJ-001,TR-001-PETG-24410,PETG,Screw Cap,16168,M,315,0,3,2,5,Conforming,Approved,Approved,Approved - First Pass,2026-05-03 06:01:45.455,—,Elena Santos
LOTE-M-INJ-001-5721,WO-7823,2026-05-03,Shift 1,IM-001,M-INJ-001,TR-001-PP-24410,PP,Screw Cap,38092,M,315,0,4,14,18,Conforming,Approved,Approved,Approved - First Pass,2026-05-04 14:11:03.917,—,Diogo Ferreira
LOTE-M-INJ-001-5722,WO-7826,2026-05-05,Shift 3,IM-001,M-INJ-001,TR-001-PP-PCR-24410,PP-PCR,Screw Cap,31134,M,315,1,5,9,15,Conforming,Rejected,Rejected,Rejected - Scrapped,2026-05-06 11:13:02.793,Thread:1(Re=1),Ana Silva
LOTE-M-INJ-001-5723,WO-7828,2026-05-06,Shift 1,IM-001,M-INJ-001,TR-001-PETG-24410,PETG,Screw Cap,33879,M,315,0,4,10,14,Conforming,Approved,Approved,Approved - First Pass,2026-05-07 15:36:04.780,—,Ana Silva
LOTE-M-INJ-001-5724,WO-7831,2026-05-07,Shift 3,IM-001,M-INJ-001,TR-001-PP-24410,PP,Screw Cap,40722,M,315,1,5,10,16,Conforming,Rejected,Rejected,Rejected - Scrapped,2026-05-08 15:35:24.993,Thread:1(Re=1),Beatriz Costa
LOTE-M-INJ-001-5725,WO-7833,2026-05-09,Shift 3,IM-001,M-INJ-001,TR-001-PP-PCR-24410,PP-PCR,Screw Cap,22843,M,315,1,2,3,6,Conforming,Rejected,Rejected,Rejected - Scrapped,2026-05-10 03:03:33.972,Thread:1(Re=1),Carlos Mendes
LOTE-M-INJ-001-5726,WO-7836,2026-05-10,shift 2,IM-001,M-INJ-001,TR-001-HDPE-24410,HDPE,Screw Cap,41273,M,315,0,6,8,14,Conforming,Approved,Approved,Approved - First Pass,2026-05-12 04:24:19.258,—,Diogo Ferreira
LOTE-M-INJ-001-5727,WO-7837,2026-05-11,Shift 1,IM-001,M-INJ-001,TR-001-HDPE-24410,HDPE,Screw Cap,19094,M,315,0,3,4,7,Conforming,Approved,Approved,Approved - First Pass,2026-05-12 17:13:21.202,—,Diogo Ferreira
LOTE-M-INJ-001-5728,WO-7839,2026-05-12,Shift 2,IM-001,M-INJ-001,TR-001-HDPE-24410,HDPE,Screw Cap,31898,M,315,0,4,4,8,Conforming,Approved,Approved,Approved - First Pass,2026-05-13 21:23:37.934,—,Carlos Mendes
LOTE-M-INJ-001-5729,WO-7840,2026-05-13,SHIFT 1,IM-001,M-INJ-001,TR-001-HDPE-24410,HDPE,Screw Cap,16126,M,315,0,0,3,3,Conforming,Approved,Approved,Approved - First Pass,2026-05-15 03:20:59.374,—,Beatriz Costa
LOTE-M-INJ-001-5730,WO-7842,2026-05-15,Shift 1,IM-001,M-INJ-001,TR-001-PP-PCR-24410,PP-PCR,Screw Cap,41305,M,315,0,4,4,8,Conforming,Approved,Approved,Approved - First Pass,2026-05-16 17:51:17.573,—,Ana Silva
LOTE-M-INJ-001-5731,WO-7845,2026-05-17,Shift 2,IM-001,M-INJ-001,TR-001-PP-24410,PP,Screw Cap,51608,M,315,1,3,2,6,Conforming,Rejected,Rejected,Rejected - Scrapped,2026-05-19 04:32:53.298,Thread:1(Re=1),Carlos Mendes
LOTE-M-INJ-001-5732,WO-7847,2026-05-19,Shift 1,IM-001,M-INJ-001,TR-001-HDPE-24410,HDPE,Screw Cap,33507,M,315,0,0,1,1,Conforming,Approved,Approved,Approved - First Pass,2026-05-20 10:19:15.371,—,Carlos Mendes
LOTE-M-INJ-001-5733,WO-7849,2026-05-20,Shift 2,IM-001,M-INJ-001,TR-001-PP-24410,PP,Screw Cap,41129,M,315,0,0,4,4,Conforming,Approved,Approved,Approved - First Pass,2026-05-21 14:09:23.711,—,Beatriz Costa
LOTE-M-INJ-001-5734,WO-7852,2026-05-23,Shift 3,IM-001,M-INJ-001,TR-001-PP-24410,PP,Screw Cap,40506,M,315,0,5,9,14,Conforming,Approved,Approved,Approved - First Pass,2026-05-24 06:25:58.069,—,Diogo Ferreira
LOTE-M-INJ-001-5735,WO-7853,2026-05-23,Shift 2,IM-001,M-INJ-001,TR-001-PP-24410,PP,Screw Cap,17473,M,315,0,1,1,2,Conforming,Approved,Approved,Approved - First Pass,2026-05-24 18:22:06.580,—,Diogo Ferreira
LOTE-M-INJ-001-5736,WO-7854,2026-05-24,shift 1,IM-001,M-INJ-001,TR-001-PETG-24410,PETG,Screw Cap,16904,M,315,0,0,3,3,Conforming,Approved,Approved,Approved - First Pass,2026-05-25 18:00:34.599,—,Elena Santos
LOTE-M-INJ-001-5737,WO-7855,2026-05-25,Shift 3,IM-001,M-INJ-001,TR-001-PP-PCR-24410,PP-PCR,Screw Cap,11938,M,315,0,0,0,0,Conforming,Approved,Approved,Approved - First Pass,2026-05-25 22:17:49.574,—,Elena Santos
LOTE-M-INJ-001-5738,WO-7858,2026-05-27,Shift 1,IM-001,M-INJ-001,TR-001-HDPE-24410,HDPE,Screw Cap,38761,M,315,0,2,4,6,Conforming,Approved,Approved,Approved - First Pass,2026-05-28 16:49:27.316,—,Elena Santos
LOTE-M-INJ-001-5739,WO-7860,2026-05-28,Shift 2,IM-001,M-INJ-001,TR-001-PP-PCR-24410,PP-PCR,Screw Cap,32373,M,315,1,3,15,19,Conforming,Rejected,Rejected,Rejected - Scrapped,2026-05-29 19:06:13.388,Thread:1(Re=1),Diogo Ferreira
LOTE-M-INJ-001-5740,WO-7863,2026-05-30,Shift 2,IM-001,M-INJ-001,TR-001-PP-PCR-24410,PP-PCR,Screw Cap,21718,M,315,0,1,3,4,Conforming,Approved,Approved,Approved - First Pass,2026-06-01 01:40:18.081,—,Beatriz Costa
LOTE-M-INJ-001-5741,WO-7866,2026-06-01,Shift 1,IM-001,M-INJ-001,TR-001-HDPE-24410,HDPE,Screw Cap,45539,M,315,0,5,16,21,Conforming,Approved,Approved,Approved - First Pass,2026-06-02 16:57:33.674,—,Diogo Ferreira
LOTE-M-INJ-001-5742,WO-7868,2026-06-02,Shift 2,IM-001,M-INJ-001,TR-001-PP-PCR-24410,PP-PCR,Screw Cap,37367,M,315,0,1,0,1,Conforming,Approved,Approved,Approved - First Pass,2026-06-04 09:53:19.153,—,Carlos Mendes
LOTE-M-INJ-001-5743,WO-7870,2026-06-04,  Shift 1  ,IM-001,M-INJ-001,TR-001-PP-24410,PP,Screw Cap,29056,M,315,0,7,12,19,Conforming,Approved,Approved,Approved - First Pass,2026-06-05 11:42:16.272,—,Elena Santos
LOTE-M-INJ-001-5744,WO-7871,2026-06-05,Shift 3,IM-001,M-INJ-001,TR-001-PP-24410,PP,Screw Cap,7626,L,200,0,1,0,1,Conforming,Approved,Approved,Approved - First Pass,2026-06-05 23:33:20.230,—,Beatriz Costa
LOTE-M-INJ-001-5745,WO-7873,2026-06-05,Shift 3,IM-001,M-INJ-001,TR-001-PP-24410,PP,Screw Cap,26944,M,315,0,2,14,16,Conforming,Approved,Approved,Approved - First Pass,2026-06-06 22:24:09.342,—,Carlos Mendes
LOTE-M-INJ-001-5746,WO-7876,2026-06-07,Shift 2,IM-001,M-INJ-001,TR-001-HDPE-24410,HDPE,Screw Cap,35498,M,315,0,1,6,7,Conforming,Approved,Approved,Approved - First Pass,2026-06-08 16:34:09.669,—,Elena Santos
LOTE-M-INJ-001-5747,WO-7878,2026-06-08,Shift 2,IM-001,M-INJ-001,TR-001-HDPE-24410,HDPE,Screw Cap,15968,M,315,0,0,6,6,Conforming,Approved,Approved,Approved - First Pass,2026-06-09 07:38:08.062,—,Ana Silva
LOTE-M-INJ-001-5748,WO-7881,2026-06-10,Shift 1,IM-001,M-INJ-001,TR-001-HDPE-24410,HDPE,Screw Cap,27671,M,315,0,2,9,11,Conforming,Approved,Approved,Approved - First Pass,2026-06-11 14:43:17.399,—,Elena Santos
LOTE-M-INJ-001-5749,WO-7882,2026-06-11,Shift 3,IM-001,M-INJ-001,TR-001-PP-24410,PP,Screw Cap,11396,M,315,0,2,0,2,Conforming,Approved,Approved,Approved - First Pass,2026-06-11 20:54:20.624,—,Carlos Mendes
LOTE-M-INJ-001-5750,WO-7883,2026-06-11,Shift 2,IM-001,M-INJ-001,TR-001-PP-24410,PP,Screw Cap,19159,M,315,0,2,8,10,Conforming,Approved,Approved,Approved - First Pass,2026-06-12 22:54:25.424,—,Carlos Mendes
LOTE-M-INJ-001-5751,WO-7886,2026-06-14,shift 1,IM-001,M-INJ-001,TR-001-PP-PCR-24410,PP-PCR,Screw Cap,50620,M,315,0,0,3,3,Conforming,Approved,Approved,Approved - First Pass,2026-06-15 17:20:50.886,—,Elena Santos
LOTE-M-INJ-001-5752,WO-7889,2026-06-16,SHIFT 1,IM-001,M-INJ-001,TR-001-HDPE-24410,HDPE,Screw Cap,53103,M,315,0,5,7,12,Conforming,Approved,Approved,Approved - First Pass,2026-06-17 19:06:57.957,—,Carlos Mendes
LOTE-M-INJ-001-5753,WO-7890,2026-06-17,Shift 3,IM-001,M-INJ-001,TR-001-PP-24410,PP,Screw Cap,11743,M,315,0,0,0,0,Conforming,Approved,Approved,Approved - First Pass,2026-06-18 12:11:36.751,—,Ana Silva
LOTE-M-INJ-001-5754,WO-7891,2026-06-17,SHIFT 3,IM-001,M-INJ-001,TR-001-HDPE-24410,HDPE,Screw Cap,23053,M,315,0,0,5,5,Conforming,Approved,Approved,Approved - First Pass,2026-06-18 22:52:37.878,—,Ana Silva
LOTE-M-INJ-001-5755,WO-7893,2026-06-19,Shift 3,IM-001,M-INJ-001,TR-001-PETG-24410,PETG,Screw Cap,22482,M,315,0,8,8,16,Conforming,Approved,Approved,Approved - First Pass,2026-06-19 21:06:39.086,—,Carlos Mendes
LOTE-M-INJ-001-5756,WO-7895,2026-06-20,Shift 3,IM-001,M-INJ-001,TR-001-HDPE-24410,HDPE,Screw Cap,24728,M,315,0,1,6,7,Conforming,Approved,Approved,Approved - First Pass,2026-06-20 21:33:48.045,—,Carlos Mendes
LOTE-M-INJ-001-5757,WO-7898,2026-06-21,Shift 3,IM-001,M-INJ-001,TR-001-PP-24410,PP,Screw Cap,53506,M,315,0,4,3,7,Conforming,Approved,Approved,Approved - First Pass,2026-06-22 17:54:49.952,—,Ana Silva
LOTE-M-INJ-001-5758,WO-7900,2026-06-23,Shift 3,IM-001,M-INJ-001,TR-001-PP-24410,PP,Screw Cap,24371,M,315,0,3,9,12,Conforming,Approved,Approved,Approved - First Pass,2026-06-24 02:28:06.079,—,Ana Silva
LOTE-M-INJ-001-5759,WO-7902,2026-06-24,Shift 1,IM-001,M-INJ-001,TR-001-PETG-24410,PETG,Screw Cap,23198,M,315,0,0,2,2,Conforming,Approved,Approved,Approved - First Pass,2026-06-25 05:57:38.566,—,Beatriz Costa
LOTE-M-INJ-001-5760,WO-7904,2026-06-25,Shift 2,IM-001,M-INJ-001,TR-001-PP-PCR-24410,PP-PCR,Screw Cap,23894,M,315,0,4,7,11,Conforming,Approved,Approved,Approved - First Pass,2026-06-27 02:31:38.092,—,Elena Santos
LOTE-M-INJ-001-5761,WO-7907,2026-06-27,Shift 2,IM-001,M-INJ-001,TR-001-PP-PCR-24410,PP-PCR,Screw Cap,43387,M,315,0,2,15,17,Conforming,Approved,Approved,Approved - First Pass,2026-06-28 22:36:27.411,—,Diogo Ferreira
LOTE-M-INJ-001-5762,WO-7909,2026-06-29,Shift 3,IM-001,M-INJ-001,TR-001-PP-PCR-24410,PP-PCR,Screw Cap,16188,M,315,0,4,2,6,Conforming,Approved,Approved,Approved - First Pass,2026-06-29 20:34:43.367,—,Beatriz Costa
LOTE-M-INJ-001-5763,WO-7911,2026-06-30,Shift 3,IM-001,M-INJ-001,TR-001-PETG-24410,PETG,Screw Cap,28163,M,315,1,2,7,10,Conforming,Rejected,Rejected,Rejected - Scrapped,2026-07-01 09:00:28.955,Thread:1(Re=1),Beatriz Costa
LOTE-M-INJ-001-5764,WO-7913,2026-07-01,Shift 3,IM-001,M-INJ-001,TR-001-PETG-24410,PETG,Screw Cap,33759,M,315,0,2,5,7,Conforming,Approved,Approved,Approved - First Pass,2026-07-02 07:25:28.741,—,Ana Silva
LOTE-M-INJ-001-5765,WO-7916,2026-07-02,Shift 2,IM-001,M-INJ-001,TR-001-PP-PCR-24410,PP-PCR,Screw Cap,32848,M,315,2,1,7,10,Conforming,Rejected,Rejected,Rejected - Scrapped,2026-07-04 09:13:00.980,Thread:1(Re=1),Ana Silva
LOTE-M-INJ-001-5766,WO-7919,2026-07-05,Shift 1,IM-001,M-INJ-001,TR-001-HDPE-24410,HDPE,Screw Cap,48962,M,315,0,6,6,12,Conforming,Approved,Approved,Approved - First Pass,2026-07-06 11:22:15.910,—,Elena Santos
LOTE-M-INJ-001-5767,WO-7920,2026-07-06,Shift 3,IM-001,M-INJ-001,TR-001-PP-PCR-24410,PP-PCR,Screw Cap,16094,M,315,1,2,3,6,Conforming,Rejected,Rejected,Rejected - Scrapped,2026-07-07 13:35:21.069,Sealing:1(Re=1),Diogo Ferreira
LOTE-M-INJ-001-5768,WO-7923,2026-07-08,Shift 1,IM-001,M-INJ-001,TR-001-PETG-24410,PETG,Screw Cap,41807,M,315,1,4,4,9,Conforming,Rejected,Rejected,Rejected - Scrapped,2026-07-09 09:02:09.512,Thread:1(Re=1),Carlos Mendes
LOTE-M-INJ-001-5769,WO-7926,2026-07-09,  Shift 3  ,IM-001,M-INJ-001,TR-001-PP-PCR-24410,PP-PCR,Screw Cap,32616,M,315,0,1,13,14,Conforming,Approved,Approved,Approved - First Pass,2026-07-10 21:11:28.396,—,Diogo Ferreira
LOTE-M-INJ-001-5770,WO-7928,2026-07-10,Shift 2,IM-001,M-INJ-001,TR-001-PP-PCR-24410,PP-PCR,Screw Cap,24435,M,315,0,3,7,10,Conforming,Approved,Approved,Approved - First Pass,2026-07-12 02:07:06.696,—,Beatriz Costa
LOTE-M-INJ-001-5771,WO-7929,2026-07-11,Shift 2,IM-001,M-INJ-001,TR-001-HDPE-24410,HDPE,Screw Cap,12482,M,315,0,2,4,6,Conforming,Approved,Approved,Approved - First Pass,2026-07-12 07:37:32.875,—,Elena Santos
LOTE-M-INJ-001-5772,WO-7930,2026-07-12,Shift 3,IM-001,M-INJ-001,TR-001-PETG-24410,PETG,Screw Cap,12277,M,315,0,1,6,7,Conforming,Approved,Approved,Approved - First Pass,2026-07-13 06:38:04.145,—,Diogo Ferreira
LOTE-M-INJ-001-5773,WO-7931,2026-07-12,Shift 2,IM-001,M-INJ-001,TR-001-PP-PCR-24410,PP-PCR,Screw Cap,16859,M,315,0,0,3,3,Conforming,Approved,Approved,Approved - First Pass,2026-07-13 14:03:46.269,—,Ana Silva
LOTE-M-INJ-001-5774,WO-7934,2026-07-14,Shift 2,IM-001,M-INJ-001,TR-001-PP-24410,PP,Screw Cap,28589,M,315,0,2,14,16,Conforming,Approved,Approved,Approved - First Pass,2026-07-15 23:19:30.208,—,Carlos Mendes
LOTE-M-INJ-001-5775,WO-7937,2026-07-16,  Shift 2  ,IM-001,M-INJ-001,TR-001-HDPE-24410,HDPE,Screw Cap,47404,M,315,2,1,11,14,Conforming,Rejected,Approved,Approved - Released on Deviation,2026-07-18 00:56:23.408,—,Beatriz Costa
LOTE-M-INJ-001-5776,WO-7940,2026-07-18,shift 3,IM-001,M-INJ-001,TR-001-PETG-24410,PETG,Screw Cap,45315,M,315,0,4,1,5,Conforming,Approved,Approved,Approved - First Pass,2026-07-20 02:46:36.929,—,Beatriz Costa
LOTE-M-INJ-001-5777,WO-7942,2026-07-20,SHIFT 1,IM-001,M-INJ-001,TR-001-PETG-24410,PETG,Screw Cap,21098,M,315,0,5,4,9,Conforming,Approved,Approved,Approved - First Pass,2026-07-21 13:09:53.419,—,Diogo Ferreira
LOTE-M-INJ-001-5778,WO-7944,2026-07-21,  Shift 1  ,IM-001,M-INJ-001,TR-001-PP-PCR-24410,PP-PCR,Screw Cap,23628,M,315,0,4,4,8,Conforming,Approved,Approved,Approved - First Pass,2026-07-22 13:04:08.776,—,Ana Silva
LOTE-M-INJ-001-5779,WO-7947,2026-07-23,Shift 1,IM-001,M-INJ-001,TR-001-PETG-24410,PETG,Screw Cap,48393,M,315,2,7,10,19,Conforming,Rejected,Rejected,Rejected - Scrapped,2026-07-24 23:26:36.490,Thread:1(Re=1),Carlos Mendes
LOTE-M-INJ-001-5780,WO-7950,2026-07-25,Shift 2,IM-001,M-INJ-001,TR-001-PP-PCR-24410,PP-PCR,Screw Cap,47717,M,315,1,5,9,15,Conforming,Rejected,Rejected,Rejected - Scrapped,2026-07-26 14:26:31.184,Thread:1(Re=1),Diogo Ferreira
LOTE-M-INJ-001-5781,WO-7953,2026-07-28,  Shift 3  ,IM-001,M-INJ-001,TR-001-PP-PCR-24410,PP-PCR,Screw Cap,44493,M,315,0,4,7,11,Conforming,Approved,Approved,Approved - First Pass,2026-07-28 15:13:30.300,—,Ana Silva
LOTE-M-INJ-001-5782,WO-7954,2026-07-28,Shift 1,IM-001,M-INJ-001,TR-001-PP-24410,PP,Screw Cap,17103,M,315,0,0,11,11,Conforming,Approved,Approved,Approved - First Pass,2026-07-29 15:41:49.860,—,Carlos Mendes
LOTE-M-INJ-001-5783,WO-7957,2026-07-30,Shift 2,IM-001,M-INJ-001,TR-001-PP-24410,PP,Screw Cap,56399,M,315,0,3,7,10,Conforming,Approved,Approved,Approved - First Pass,2026-08-01 03:08:24.995,—,Carlos Mendes
LOTE-M-INJ-001-5784,WO-7958,2026-07-31,Shift 1,IM-001,M-INJ-001,TR-001-PP-PCR-24410,PP-PCR,Screw Cap,9086,L,200,0,1,1,2,Conforming,Approved,Approved,Approved - First Pass,2026-08-01 07:13:30.868,—,Ana Silva
LOTE-M-INJ-001-5785,WO-7960,2026-08-01,Shift 1,IM-001,M-INJ-001,TR-001-PP-PCR-24410,PP-PCR,Screw Cap,29928,M,315,0,5,6,11,Conforming,Approved,Approved,Approved - First Pass,2026-08-02 21:06:13.995,—,Ana Silva
LOTE-M-INJ-001-5786,WO-7961,2026-08-02,Shift 1,IM-001,M-INJ-001,TR-001-PP-24410,PP,Screw Cap,13179,M,315,2,1,0,3,Conforming,Rejected,Approved,Approved - Released on Deviation,2026-08-03 18:04:11.135,—,Ana Silva
LOTE-M-INJ-001-5787,WO-7963,2026-08-03,Shift 1,IM-001,M-INJ-001,TR-001-HDPE-24410,HDPE,Screw Cap,20563,M,315,1,2,2,5,Conforming,Rejected,Approved,Approved - Released on Deviation,2026-08-04 15:32:55.955,—,Elena Santos
LOTE-M-INJ-001-5788,WO-7965,2026-08-05,Shift 3,IM-001,M-INJ-001,TR-001-PP-PCR-24410,PP-PCR,Screw Cap,39434,M,315,1,1,4,6,Conforming,Rejected,Rejected,Rejected - Scrapped,2026-08-06 09:53:15.190,Sealing:1(Re=1),Beatriz Costa
LOTE-M-INJ-001-5789,WO-7966,2026-08-05,Shift 2,IM-001,M-INJ-001,TR-001-PP-24410,PP,Screw Cap,8813,L,200,0,2,4,6,Conforming,Approved,Approved,Approved - First Pass,2026-08-06 18:12:46.022,—,Elena Santos
LOTE-M-INJ-001-5790,WO-7968,2026-08-06,Shift 2,IM-001,M-INJ-001,TR-001-PP-PCR-24410,PP-PCR,Screw Cap,24810,M,315,0,3,7,10,Conforming,Approved,Approved,Approved - First Pass,2026-08-08 03:50:56.378,—,Beatriz Costa
LOTE-M-INJ-001-5791,WO-7970,2026-08-08,Shift 3,IM-001,M-INJ-001,TR-001-HDPE-24410,HDPE,Screw Cap,29390,M,315,1,0,4,5,Conforming,Rejected,Rejected,Rejected - Scrapped,2026-08-09 03:00:53.216,Thread:1(Re=1),Beatriz Costa
LOTE-M-INJ-001-5792,WO-7971,2026-08-08,Shift 2,IM-001,M-INJ-001,TR-001-PP-24410,PP,Screw Cap,24930,M,315,0,0,7,7,Conforming,Approved,Approved,Approved - First Pass,2026-08-09 22:41:42.296,—,Beatriz Costa
LOTE-M-INJ-001-5793,WO-7973,2026-08-10,SHIFT 1,IM-001,M-INJ-001,TR-001-PETG-24410,PETG,Screw Cap,40953,M,315,0,5,7,12,Conforming,Approved,Approved,Approved - First Pass,2026-08-11 16:40:33.902,—,Ana Silva
LOTE-M-INJ-001-5794,WO-7974,2026-08-11,Shift 3,IM-001,M-INJ-001,TR-001-PP-PCR-24410,PP-PCR,Screw Cap,10424,M,315,0,2,0,2,Conforming,Approved,Approved,Approved - First Pass,2026-08-12 20:23:41.304,—,Diogo Ferreira
LOTE-M-INJ-001-5795,WO-7975,2026-08-12,Shift 3,IM-001,M-INJ-001,TR-001-PP-PCR-24410,PP-PCR,Screw Cap,10700,M,315,0,0,3,3,Conforming,Approved,Approved,Approved - First Pass,2026-08-12 23:59:45.480,—,Carlos Mendes
LOTE-M-INJ-001-5796,WO-7976,2026-08-12,shift 2,IM-001,M-INJ-001,TR-001-HDPE-24410,HDPE,Screw Cap,16923,M,315,0,1,7,8,Conforming,Approved,Approved,Approved - First Pass,2026-08-14 00:01:17.416,—,Ana Silva
LOTE-M-INJ-001-5797,WO-7979,2026-08-14,Shift 2,IM-001,M-INJ-001,TR-001-PP-PCR-24410,PP-PCR,Screw Cap,40593,M,315,0,3,9,12,Conforming,Approved,Approved,Approved - First Pass,2026-08-15 06:35:50.762,—,Diogo Ferreira
LOTE-M-INJ-001-5798,WO-7981,2026-08-15,Shift 1,IM-001,M-INJ-001,TR-001-PP-24410,PP,Screw Cap,27260,M,315,0,0,0,0,Conforming,Approved,Approved,Approved - First Pass,2026-08-16 16:21:26.693,—,Carlos Mendes
LOTE-M-INJ-001-5799,WO-7983,2026-08-16,Shift 3,IM-001,M-INJ-001,TR-001-PP-24410,PP,Screw Cap,36288,M,315,0,3,14,17,Conforming,Approved,Approved,Approved - First Pass,2026-08-17 17:05:37.609,—,Diogo Ferreira
LOTE-M-INJ-001-5800,WO-7984,2026-08-17,Shift 2,IM-001,M-INJ-001,TR-001-PP-24410,PP,Screw Cap,5263,L,200,0,0,2,2,Conforming,Approved,Approved,Approved - First Pass,2026-08-18 19:04:48.815,—,Carlos Mendes
LOTE-M-INJ-001-5801,WO-7986,2026-08-19,Shift 3,IM-001,M-INJ-001,TR-001-PP-PCR-24410,PP-PCR,Screw Cap,16933,M,315,0,2,7,9,Conforming,Approved,Approved,Approved - First Pass,2026-08-20 14:34:07.547,—,Carlos Mendes
LOTE-M-INJ-001-5802,WO-7988,2026-08-20,Shift 2,IM-001,M-INJ-001,TR-001-PP-24410,PP,Screw Cap,32276,M,315,1,4,6,11,Conforming,Rejected,Rejected,Rejected - Scrapped,2026-08-21 18:00:29.066,Thread:1(Re=1),Elena Santos
LOTE-M-INJ-001-5803,WO-7991,2026-08-22,Shift 1,IM-001,M-INJ-001,TR-001-PP-PCR-24410,PP-PCR,Screw Cap,39093,M,315,0,3,11,14,Conforming,Approved,Approved,Approved - First Pass,2026-08-23 03:21:13.886,—,Carlos Mendes
LOTE-M-INJ-001-5804,WO-7992,2026-08-22,Shift 2,IM-001,M-INJ-001,TR-001-PP-PCR-24410,PP-PCR,Screw Cap,9596,L,200,0,4,3,7,Conforming,Approved,Approved,Approved - First Pass,2026-08-23 22:15:57.376,—,Elena Santos
LOTE-M-INJ-001-5805,WO-7994,2026-08-24,Shift 3,IM-001,M-INJ-001,TR-001-PP-PCR-24410,PP-PCR,Screw Cap,31284,M,315,1,0,9,10,Conforming,Rejected,Rejected,Rejected - Scrapped,2026-08-24 21:28:53.440,Sealing:1(Re=1),Carlos Mendes
LOTE-M-INJ-001-5806,WO-7996,2026-08-25,SHIFT 1,IM-001,M-INJ-001,TR-001-PP-PCR-24410,PP-PCR,Screw Cap,33376,M,315,1,0,8,9,Conforming,Rejected,Rejected,Rejected - Scrapped,2026-08-26 17:09:57.124,Sealing:1(Re=1),Carlos Mendes
LOTE-M-INJ-001-5807,WO-7997,2026-08-25,Shift 3,IM-001,M-INJ-001,TR-001-PP-PCR-24410,PP-PCR,Screw Cap,10373,M,315,0,1,2,3,Conforming,Approved,Approved,Approved - First Pass,2026-08-26 14:13:10.057,—,Diogo Ferreira
LOTE-M-INJ-001-5808,WO-7998,2026-08-26,Shift 1,IM-001,M-INJ-001,TR-001-PETG-24410,PETG,Screw Cap,8164,L,200,0,0,2,2,Conforming,Approved,Approved,Approved - First Pass,2026-08-27 15:18:39.430,—,Beatriz Costa
LOTE-M-INJ-001-5809,WO-8001,2026-08-28,Shift 3,IM-001,M-INJ-001,TR-001-PP-24410,PP,Screw Cap,57921,M,315,1,2,4,7,Conforming,Rejected,Rejected,Rejected - Scrapped,2026-08-30 00:02:59.883,Sealing:1(Re=1),Diogo Ferreira
LOTE-M-INJ-001-5810,WO-8002,2026-08-29,SHIFT 1,IM-001,M-INJ-001,TR-001-HDPE-24410,HDPE,Screw Cap,13625,M,315,0,0,4,4,Conforming,Approved,Approved,Approved - First Pass,2026-08-30 12:25:06.489,—,Carlos Mendes
LOTE-M-INJ-001-5811,WO-8004,2026-08-30,  Shift 2  ,IM-001,M-INJ-001,TR-001-PP-24410,PP,Screw Cap,43150,M,315,0,4,8,12,Conforming,Approved,Approved,Approved - First Pass,2026-09-01 08:26:27.665,—,Ana Silva
LOTE-M-INJ-001-5812,WO-8007,2026-09-01,Shift 2,IM-001,M-INJ-001,TR-001-HDPE-24410,HDPE,Screw Cap,43136,M,315,1,1,5,7,Conforming,Rejected,Rejected,Rejected - Scrapped,2026-09-02 18:07:22.866,Thread:1(Re=1),Ana Silva
LOTE-M-INJ-001-5813,WO-8009,2026-09-03,Shift 3,IM-001,M-INJ-001,TR-001-HDPE-24410,HDPE,Screw Cap,33447,M,315,0,1,10,11,Conforming,Approved,Approved,Approved - First Pass,2026-09-04 02:52:24.268,—,Carlos Mendes
LOTE-M-INJ-001-5814,WO-8010,2026-09-03,Shift 2,IM-001,M-INJ-001,TR-001-PETG-24410,PETG,Screw Cap,9260,L,200,0,2,0,2,Conforming,Approved,Approved,Approved - First Pass,2026-09-04 15:44:30.212,—,Diogo Ferreira
LOTE-M-INJ-001-5815,WO-8011,2026-09-04,Shift 1,IM-001,M-INJ-001,TR-001-PETG-24410,PETG,Screw Cap,22951,M,315,0,1,0,1,Conforming,Approved,Approved,Approved - First Pass,2026-09-05 07:47:14.179,—,Carlos Mendes
LOTE-M-INJ-001-5816,WO-8013,2026-09-06,Shift 3,IM-001,M-INJ-001,TR-001-PP-24410,PP,Screw Cap,32235,M,315,1,2,9,12,Conforming,Rejected,Rejected,Rejected - Scrapped,2026-09-07 08:10:32.774,Sealing:1(Re=1),Diogo Ferreira
LOTE-M-INJ-001-5817,WO-8014,2026-09-06,Shift 2,IM-001,M-INJ-001,TR-001-PETG-24410,PETG,Screw Cap,9038,L,200,0,1,0,1,Conforming,Approved,Approved,Approved - First Pass,2026-09-07 12:48:06.669,—,Elena Santos
LOTE-M-INJ-001-5818,WO-8016,2026-09-07,Shift 2,IM-001,M-INJ-001,TR-001-PP-24410,PP,Screw Cap,25888,M,315,0,0,12,12,Conforming,Approved,Approved,Approved - First Pass,2026-09-08 13:17:49.599,—,Beatriz Costa
LOTE-M-INJ-001-5819,WO-8017,2026-09-08,Shift 1,IM-001,M-INJ-001,TR-001-PP-PCR-24410,PP-PCR,Screw Cap,11848,M,315,0,4,0,4,Conforming,Approved,Approved,Approved - First Pass,2026-09-09 18:21:03.813,—,Ana Silva
LOTE-M-INJ-001-5820,WO-8019,2026-09-09,Shift 2,IM-001,M-INJ-001,TR-001-PP-PCR-24410,PP-PCR,Screw Cap,22667,M,315,0,3,2,5,Conforming,Approved,Approved,Approved - First Pass,2026-09-11 03:38:57.148,—,Carlos Mendes
LOTE-M-INJ-001-5821,WO-8020,2026-09-10,Shift 2,IM-001,M-INJ-001,TR-001-HDPE-24410,HDPE,Screw Cap,9531,L,200,0,0,3,3,Conforming,Approved,Approved,Approved - First Pass,2026-09-11 22:39:17.933,—,Elena Santos
LOTE-M-INJ-001-5822,WO-8021,2026-09-11,Shift 1,IM-001,M-INJ-001,TR-001-PP-24410,PP,Screw Cap,15023,M,315,0,0,1,1,Conforming,Approved,Approved,Approved - First Pass,2026-09-12 05:18:09.082,—,Carlos Mendes
LOTE-M-INJ-001-5823,WO-8023,2026-09-12,Shift 2,IM-001,M-INJ-001,TR-001-PP-24410,PP,Screw Cap,35745,M,315,0,4,6,10,Conforming,Approved,Approved,Approved - First Pass,2026-09-13 18:22:54.168,—,Beatriz Costa
LOTE-M-INJ-001-5824,WO-8026,2026-09-14,Shift 2,IM-001,M-INJ-001,TR-001-PETG-24410,PETG,Screw Cap,28477,M,315,0,3,10,13,Conforming,Approved,Approved,Approved - First Pass,2026-09-15 13:26:03.225,—,Elena Santos
LOTE-M-INJ-001-5825,WO-8027,2026-09-15,Shift 3,IM-001,M-INJ-001,TR-001-PETG-24410,PETG,Screw Cap,11290,M,315,0,0,1,1,Conforming,Approved,Approved,Approved - First Pass,2026-09-16 04:43:57.597,—,Carlos Mendes
LOTE-M-INJ-001-5826,WO-8029,2026-09-16,Shift 1,IM-001,M-INJ-001,TR-001-PETG-24410,PETG,Screw Cap,31719,M,315,0,1,0,1,Conforming,Approved,Approved,Approved - First Pass,2026-09-17 02:31:07.773,—,Beatriz Costa
LOTE-M-INJ-001-5827,WO-8030,2026-09-16,Shift 3,IM-001,M-INJ-001,TR-001-PP-24410,PP,Screw Cap,12281,M,315,0,0,2,2,Conforming,Approved,Approved,Approved - First Pass,2026-09-18 08:07:58.481,—,Carlos Mendes
LOTE-M-INJ-001-5828,WO-8033,2026-09-18,Shift 2,IM-001,M-INJ-001,TR-001-PP-24410,PP,Screw Cap,39551,M,315,0,2,7,9,Conforming,Approved,Approved,Approved - First Pass,2026-09-20 02:00:48.591,—,Beatriz Costa
LOTE-M-INJ-001-5829,WO-8036,2026-09-20,Shift 3,IM-001,M-INJ-001,TR-001-PETG-24410,PETG,Screw Cap,34353,M,315,0,6,11,17,Conforming,Approved,Approved,Approved - First Pass,2026-09-20 22:38:43.946,—,Ana Silva
LOTE-M-INJ-001-5830,WO-8038,2026-09-21,Shift 1,IM-001,M-INJ-001,TR-001-HDPE-24410,HDPE,Screw Cap,37563,M,315,0,1,8,9,Conforming,Approved,Approved,Approved - First Pass,2026-09-22 15:37:27.278,—,Elena Santos
LOTE-M-INJ-001-5831,WO-8039,2026-09-22,Shift 1,IM-001,M-INJ-001,TR-001-PETG-24410,PETG,Screw Cap,13924,M,315,0,0,2,2,Conforming,Approved,Approved,Approved - First Pass,2026-09-23 11:05:12.930,—,Elena Santos
LOTE-M-INJ-001-5832,WO-8040,2026-09-23,Shift 3,IM-001,M-INJ-001,TR-001-HDPE-24410,HDPE,Screw Cap,17919,M,315,0,3,10,13,Conforming,Approved,Approved,Approved - First Pass,2026-09-24 09:45:53.475,—,Ana Silva
LOTE-M-INJ-001-5833,WO-8043,2026-09-25,Shift 1,IM-001,M-INJ-001,TR-001-PETG-24410,PETG,Screw Cap,54410,M,315,1,2,5,8,Conforming,Rejected,Rejected,Rejected - Scrapped,2026-09-26 13:40:32.115,Sealing:1(Re=1),Ana Silva
LOTE-M-INJ-001-5834,WO-8046,2026-09-27,Shift 1,IM-001,M-INJ-001,TR-001-PP-24410,PP,Screw Cap,27459,M,315,0,3,5,8,Conforming,Approved,Approved,Approved - First Pass,2026-09-28 11:21:47.137,—,Carlos Mendes
LOTE-M-INJ-001-5835,WO-8049,2026-09-28,Shift 2,IM-001,M-INJ-001,TR-001-PETG-24410,PETG,Screw Cap,35176,M,315,1,4,6,11,Conforming,Rejected,Rejected,Rejected - Scrapped,2026-09-29 14:54:07.655,Thread:1(Re=1),Elena Santos
LOTE-M-INJ-001-5836,WO-8050,2026-09-29,Shift 3,IM-001,M-INJ-001,TR-001-PP-PCR-24410,PP-PCR,Screw Cap,7318,L,200,0,0,3,3,Conforming,Approved,Approved,Approved - First Pass,2026-09-29 20:21:59.820,—,Carlos Mendes
LOTE-M-INJ-001-5837,WO-8053,2026-10-01,Shift 1,IM-001,M-INJ-001,TR-001-HDPE-24410,HDPE,Screw Cap,40737,M,315,0,3,10,13,Conforming,Approved,Approved,Approved - First Pass,2026-10-02 13:11:00.674,—,Carlos Mendes
LOTE-M-INJ-001-5838,WO-8055,2026-10-02,Shift 1,IM-001,M-INJ-001,TR-001-PP-PCR-24410,PP-PCR,Screw Cap,18750,M,315,0,1,7,8,Conforming,Approved,Approved,Approved - First Pass,2026-10-03 18:21:25.131,—,Beatriz Costa
LOTE-M-INJ-001-5839,WO-8058,2026-10-04,Shift 1,IM-001,M-INJ-001,TR-001-PP-24410,PP,Screw Cap,38339,M,315,0,7,9,16,Conforming,Approved,Approved,Approved - First Pass,2026-10-05 09:36:48.065,—,Elena Santos
LOTE-M-INJ-001-5840,WO-8060,2026-10-05,Shift 2,IM-001,M-INJ-001,TR-001-PETG-24410,PETG,Screw Cap,38153,M,315,0,2,11,13,Conforming,Approved,Approved,Approved - First Pass,2026-10-06 18:46:25.537,—,Beatriz Costa
LOTE-M-INJ-001-5841,WO-8063,2026-10-07,Shift 2,IM-001,M-INJ-001,TR-001-PETG-24410,PETG,Screw Cap,52011,M,315,3,7,12,22,Conforming,Rejected,Rejected,Rejected - Scrapped,2026-10-08 20:07:44.466,Thread:3(Re=1),Diogo Ferreira
LOTE-M-INJ-001-5842,WO-8066,2026-10-09,Shift 3,IM-001,M-INJ-001,TR-001-PP-24410,PP,Screw Cap,52301,M,315,0,5,8,13,Conforming,Approved,Approved,Approved - First Pass,2026-10-11 09:09:33.997,—,Beatriz Costa
LOTE-M-INJ-001-5843,WO-8068,2026-10-11,Shift 1,IM-001,M-INJ-001,TR-001-PP-PCR-24410,PP-PCR,Screw Cap,29687,M,315,0,5,7,12,Conforming,Approved,Approved,Approved - First Pass,2026-10-12 17:54:10.947,—,Diogo Ferreira
LOTE-M-INJ-001-5844,WO-8069,2026-10-12,Shift 3,IM-001,M-INJ-001,TR-001-HDPE-24410,HDPE,Screw Cap,16756,M,315,0,1,0,1,Conforming,Approved,Approved,Approved - First Pass,2026-10-13 06:09:02.338,—,Diogo Ferreira
LOTE-M-INJ-001-5845,WO-8070,2026-10-12,Shift 2,IM-001,M-INJ-001,TR-001-HDPE-24410,HDPE,Screw Cap,9749,L,200,0,0,4,4,Conforming,Approved,Approved,Approved - First Pass,2026-10-13 20:36:05.824,—,Carlos Mendes
LOTE-M-INJ-001-5846,WO-8071,2026-10-13,SHIFT 1,IM-001,M-INJ-001,TR-001-PETG-24410,PETG,Screw Cap,11717,M,315,0,0,5,5,Conforming,Approved,Approved,Approved - First Pass,2026-10-13 23:51:26.519,—,Beatriz Costa
LOTE-M-INJ-001-5847,WO-8073,2026-10-14,Shift 1,IM-001,M-INJ-001,TR-001-HDPE-24410,HDPE,Screw Cap,13414,M,315,0,0,0,0,Conforming,Approved,Approved,Approved - First Pass,2026-10-15 18:32:50.582,—,Elena Santos
LOTE-M-INJ-001-5848,WO-8076,2026-10-16,Shift 1,IM-001,M-INJ-001,TR-001-HDPE-24410,HDPE,Screw Cap,38189,M,315,0,2,8,10,Conforming,Approved,Approved,Approved - First Pass,2026-10-17 06:55:24.307,—,Carlos Mendes
LOTE-M-INJ-001-5849,WO-8078,2026-10-17,  Shift 2  ,IM-001,M-INJ-001,TR-001-HDPE-24410,HDPE,Screw Cap,27451,M,315,0,6,11,17,Conforming,Approved,Approved,Approved - First Pass,2026-10-18 08:08:38.807,—,Elena Santos
LOTE-M-INJ-001-5850,WO-8079,2026-10-18,SHIFT 3,IM-001,M-INJ-001,TR-001-PETG-24410,PETG,Screw Cap,16657,M,315,0,0,0,0,Conforming,Approved,Approved,Approved - First Pass,2026-10-19 05:11:56.684,—,Carlos Mendes
LOTE-M-INJ-001-5851,WO-8081,2026-10-19,Shift 2,IM-001,M-INJ-001,TR-001-PETG-24410,PETG,Screw Cap,36129,M,315,0,1,10,11,Conforming,Approved,Approved,Approved - First Pass,2026-10-20 15:25:16.606,—,Beatriz Costa
LOTE-M-INJ-001-5852,WO-8082,2026-10-20,Shift 1,IM-001,M-INJ-001,TR-001-HDPE-24410,HDPE,Screw Cap,10239,M,315,0,2,2,4,Conforming,Approved,Approved,Approved - First Pass,2026-10-21 10:28:46.748,—,Beatriz Costa
LOTE-M-INJ-001-5853,WO-8085,2026-10-22,Shift 3,IM-001,M-INJ-001,TR-001-PP-PCR-24410,PP-PCR,Screw Cap,39595,M,315,0,4,6,10,Conforming,Approved,Approved,Approved - First Pass,2026-10-23 05:33:17.843,—,Beatriz Costa
LOTE-M-INJ-001-5854,WO-8087,2026-10-23,SHIFT 1,IM-001,M-INJ-001,TR-001-HDPE-24410,HDPE,Screw Cap,29156,M,315,0,4,2,6,Conforming,Approved,Approved,Approved - First Pass,2026-10-24 07:32:08.142,—,Elena Santos
LOTE-M-INJ-001-5855,WO-8089,2026-10-24,Shift 2,IM-001,M-INJ-001,TR-001-PP-24410,PP,Screw Cap,22669,M,315,0,2,10,12,Conforming,Approved,Approved,Approved - First Pass,2026-10-25 14:27:22.707,—,Diogo Ferreira
LOTE-M-INJ-001-5856,WO-8090,2026-10-25,Shift 3,IM-001,M-INJ-001,TR-001-PETG-24410,PETG,Screw Cap,18372,M,315,1,0,0,1,Conforming,Rejected,Rejected,Rejected - Scrapped,2026-10-26 11:11:43.378,Thread:1(Re=1),Beatriz Costa
LOTE-M-INJ-001-5857,WO-8091,2026-10-25,  Shift 3  ,IM-001,M-INJ-001,TR-001-PP-24410,PP,Screw Cap,9202,L,200,0,0,0,0,Conforming,Approved,Approved,Approved - First Pass,2026-10-27 10:24:41.830,—,Beatriz Costa
LOTE-M-INJ-001-5858,WO-8092,2026-10-26,Shift 3,IM-001,M-INJ-001,TR-001-HDPE-24410,HDPE,Screw Cap,13985,M,315,0,0,2,2,Conforming,Approved,Approved,Approved - First Pass,2026-10-27 18:36:26.104,—,Diogo Ferreira
LOTE-M-INJ-001-5859,WO-8094,2026-10-28,Shift 3,IM-001,M-INJ-001,TR-001-PETG-24410,PETG,Screw Cap,29005,M,315,0,4,0,4,Conforming,Approved,Approved,Approved - First Pass,2026-10-29 01:43:15.158,—,Ana Silva
LOTE-M-INJ-001-5860,WO-8096,2026-10-29,SHIFT 1,IM-001,M-INJ-001,TR-001-PP-24410,PP,Screw Cap,23246,M,315,0,2,13,15,Conforming,Approved,Approved,Approved - First Pass,2026-10-30 03:26:10.795,—,Carlos Mendes
LOTE-M-INJ-001-5861,WO-8097,2026-10-30,Shift 3,IM-001,M-INJ-001,TR-001-PP-24410,PP,Screw Cap,18935,M,315,1,0,0,1,Conforming,Rejected,Approved,Approved - Reworked,2026-10-31 09:57:15.754,—,Diogo Ferreira
LOTE-M-INJ-001-5862,WO-8099,2026-10-31,Shift 1,IM-001,M-INJ-001,TR-001-PP-PCR-24410,PP-PCR,Screw Cap,24039,M,315,0,1,4,5,Conforming,Approved,Approved,Approved - First Pass,2026-11-01 20:24:47.080,—,Beatriz Costa
LOTE-M-INJ-001-5863,WO-8101,2026-11-01,Shift 3,IM-001,M-INJ-001,TR-001-HDPE-24410,HDPE,Screw Cap,36542,M,315,1,3,9,13,Conforming,Rejected,Rejected,Rejected - Scrapped,2026-11-02 23:14:23.749,Thread:1(Re=1),Diogo Ferreira
LOTE-M-INJ-001-5864,WO-8103,2026-11-03,Shift 1,IM-001,M-INJ-001,TR-001-PP-24410,PP,Screw Cap,30677,M,315,0,1,3,4,Conforming,Approved,Approved,Approved - First Pass,2026-11-04 01:20:02.310,—,Beatriz Costa
LOTE-M-INJ-001-5865,WO-8105,2026-11-04,Shift 3,IM-001,M-INJ-001,TR-001-PP-PCR-24410,PP-PCR,Screw Cap,20806,M,315,1,0,5,6,Conforming,Rejected,Approved,Approved - Released on Deviation,2026-11-05 23:04:03.026,—,Ana Silva
LOTE-M-INJ-001-5866,WO-8106,2026-11-05,Shift 1,IM-001,M-INJ-001,TR-001-PP-24410,PP,Screw Cap,10440,M,315,0,0,1,1,Conforming,Approved,Approved,Approved - First Pass,2026-11-06 17:30:50.622,—,Beatriz Costa
LOTE-M-INJ-001-5867,WO-8109,2026-11-07,Shift 2,IM-001,M-INJ-001,TR-001-PP-24410,PP,Screw Cap,55966,M,315,0,2,15,17,Conforming,Approved,Approved,Approved - First Pass,2026-11-08 23:11:48.594,—,Beatriz Costa
LOTE-M-INJ-001-5868,WO-8112,2026-11-09,Shift 2,IM-001,M-INJ-001,TR-001-PP-24410,PP,Screw Cap,49953,M,315,1,1,2,4,Conforming,Rejected,Rejected,Rejected - Scrapped,2026-11-10 18:39:49.282,Thread:1(Re=1),Ana Silva
LOTE-M-INJ-001-5869,WO-8114,2026-11-11,Shift 3,IM-001,M-INJ-001,TR-001-HDPE-24410,HDPE,Screw Cap,29841,M,315,0,0,4,4,Conforming,Approved,Approved,Approved - First Pass,2026-11-12 05:06:31.193,—,Carlos Mendes
LOTE-M-INJ-001-5870,WO-8115,2026-11-11,Shift 2,IM-001,M-INJ-001,TR-001-PP-PCR-24410,PP-PCR,Screw Cap,10749,M,315,0,2,1,3,Conforming,Approved,Approved,Approved - First Pass,2026-11-12 23:41:28.330,—,Carlos Mendes
LOTE-M-INJ-001-5871,WO-8117,2026-11-13,Shift 3,IM-001,M-INJ-001,TR-001-PP-PCR-24410,PP-PCR,Screw Cap,38242,M,315,0,4,4,8,Conforming,Approved,Approved,Approved - First Pass,2026-11-14 11:52:32.870,—,Ana Silva
LOTE-M-INJ-001-5872,WO-8119,2026-11-14,Shift 2,IM-001,M-INJ-001,TR-001-HDPE-24410,HDPE,Screw Cap,23952,M,315,0,1,3,4,Conforming,Approved,Approved,Approved - First Pass,2026-11-15 12:12:36.239,—,Diogo Ferreira
LOTE-M-INJ-001-5873,WO-8121,2026-11-16,Shift 3,IM-001,M-INJ-001,TR-001-HDPE-24410,HDPE,Screw Cap,17295,M,315,1,1,3,5,Conforming,Rejected,Rejected,Rejected - Scrapped,2026-11-17 15:46:59.279,Thread:1(Re=1),Carlos Mendes
LOTE-M-INJ-001-5874,WO-8123,2026-11-17,shift 1,IM-001,M-INJ-001,TR-001-PP-24410,PP,Screw Cap,19875,M,315,1,4,14,19,Conforming,Rejected,Rejected,Rejected - Scrapped,2026-11-18 22:12:10.985,Thread:1(Re=1),Carlos Mendes
LOTE-M-INJ-001-5875,WO-8125,2026-11-18,Shift 2,IM-001,M-INJ-001,TR-001-HDPE-24410,HDPE,Screw Cap,22331,M,315,0,1,3,4,Conforming,Approved,Approved,Approved - First Pass,2026-11-19 09:01:13.361,—,Carlos Mendes
LOTE-M-INJ-001-5876,WO-8126,2026-11-18,Shift 3,IM-001,M-INJ-001,TR-001-PP-24410,PP,Screw Cap,16691,M,315,0,0,0,0,Conforming,Approved,Approved,Approved - First Pass,2026-11-19 16:25:19.232,—,Ana Silva
LOTE-M-INJ-001-5877,WO-8127,2026-11-19,shift 2,IM-001,M-INJ-001,TR-001-PP-PCR-24410,PP-PCR,Screw Cap,13162,M,315,0,1,0,1,Conforming,Approved,Approved,Approved - First Pass,2026-11-20 17:21:22.163,—,Elena Santos
LOTE-M-INJ-001-5878,WO-8130,2026-11-21,  Shift 3  ,IM-001,M-INJ-001,TR-001-PETG-24410,PETG,Screw Cap,37129,M,315,0,1,14,15,Conforming,Approved,Approved,Approved - First Pass,2026-11-21 23:55:32.713,—,Ana Silva
LOTE-M-INJ-001-5879,WO-8131,2026-11-21,Shift 2,IM-001,M-INJ-001,TR-001-PETG-24410,PETG,Screw Cap,20408,M,315,0,2,2,4,Conforming,Approved,Approved,Approved - First Pass,2026-11-23 02:30:40.918,—,Beatriz Costa
LOTE-M-INJ-001-5880,WO-8132,2026-11-22,Shift 2,IM-001,M-INJ-001,TR-001-PP-24410,PP,Screw Cap,8952,L,200,0,1,4,5,Conforming,Approved,Approved,Approved - First Pass,2026-11-23 14:16:53.567,—,Beatriz Costa
LOTE-M-INJ-001-5881,WO-8134,2026-11-23,  Shift 2  ,IM-001,M-INJ-001,TR-001-HDPE-24410,HDPE,Screw Cap,23196,M,315,1,4,6,11,Conforming,Rejected,Rejected,Rejected - Scrapped,2026-11-24 16:54:02.396,Thread:1(Re=1),Diogo Ferreira
LOTE-M-INJ-001-5882,WO-8137,2026-11-25,Shift 2,IM-001,M-INJ-001,TR-001-PETG-24410,PETG,Screw Cap,41060,M,315,0,2,7,9,Conforming,Approved,Approved,Approved - First Pass,2026-11-26 23:28:16.624,—,Beatriz Costa
LOTE-M-INJ-001-5883,WO-8139,2026-11-27,Shift 3,IM-001,M-INJ-001,TR-001-HDPE-24410,HDPE,Screw Cap,24447,M,315,0,1,6,7,Conforming,Approved,Approved,Approved - First Pass,2026-11-27 23:12:02.466,—,Beatriz Costa
LOTE-M-INJ-001-5884,WO-8142,2026-11-29,Shift 3,IM-001,M-INJ-001,TR-001-PP-24410,PP,Screw Cap,38102,M,315,0,6,20,26,Conforming,Approved,Approved,Approved - First Pass,2026-11-29 20:40:36.056,—,Ana Silva
LOTE-M-INJ-001-5885,WO-8145,2026-12-01,Shift 3,IM-001,M-INJ-001,TR-001-PP-PCR-24410,PP-PCR,Screw Cap,48848,M,315,0,2,13,15,Conforming,Approved,Approved,Approved - First Pass,2026-12-02 07:05:46.503,—,Carlos Mendes
LOTE-M-INJ-001-5886,WO-8146,2026-12-01,Shift 3,IM-001,M-INJ-001,TR-001-PETG-24410,PETG,Screw Cap,12070,M,315,1,3,6,10,Conforming,Rejected,Rejected,Rejected - Scrapped,2026-12-02 19:36:56.900,Thread:1(Re=1),Diogo Ferreira
LOTE-M-INJ-001-5887,WO-8147,2026-12-02,Shift 1,IM-001,M-INJ-001,TR-001-PP-PCR-24410,PP-PCR,Screw Cap,8964,L,200,0,1,7,8,Conforming,Approved,Approved,Approved - First Pass,2026-12-03 11:05:29.476,—,Carlos Mendes
LOTE-M-INJ-001-5888,WO-8150,2026-12-04,Shift 1,IM-001,M-INJ-001,TR-001-PP-PCR-24410,PP-PCR,Screw Cap,23744,M,315,0,4,2,6,Conforming,Approved,Approved,Approved - First Pass,2026-12-04 22:22:00.777,—,Elena Santos
LOTE-M-INJ-001-5889,WO-8152,2026-12-05,Shift 2,IM-001,M-INJ-001,TR-001-PETG-24410,PETG,Screw Cap,23588,M,315,0,7,5,12,Conforming,Approved,Approved,Approved - First Pass,2026-12-06 17:46:10.723,—,Carlos Mendes
LOTE-M-INJ-001-5890,WO-8153,2026-12-06,Shift 3,IM-001,M-INJ-001,TR-001-PETG-24410,PETG,Screw Cap,14960,M,315,2,0,3,5,Conforming,Rejected,Approved,Approved - Released on Deviation,2026-12-07 15:07:13.285,—,Beatriz Costa
LOTE-M-INJ-001-5891,WO-8156,2026-12-08,Shift 3,IM-001,M-INJ-001,TR-001-HDPE-24410,HDPE,Screw Cap,49964,M,315,0,2,0,2,Conforming,Approved,Approved,Approved - First Pass,2026-12-09 10:39:15.078,—,Elena Santos
LOTE-M-INJ-001-5892,WO-8158,2026-12-09,Shift 2,IM-001,M-INJ-001,TR-001-PP-PCR-24410,PP-PCR,Screw Cap,22514,M,315,0,2,14,16,Conforming,Approved,Approved,Approved - First Pass,2026-12-10 18:37:32.337,—,Beatriz Costa
LOTE-M-INJ-001-5893,WO-8161,2026-12-12,Shift 3,IM-001,M-INJ-001,TR-001-PP-PCR-24410,PP-PCR,Screw Cap,40572,M,315,0,6,14,20,Conforming,Approved,Approved,Approved - First Pass,2026-12-13 08:48:27.733,—,Elena Santos
LOTE-M-INJ-001-5894,WO-8162,2026-12-12,Shift 2,IM-001,M-INJ-001,TR-001-PP-PCR-24410,PP-PCR,Screw Cap,18991,M,315,0,1,6,7,Conforming,Approved,Approved,Approved - First Pass,2026-12-13 19:41:04.664,—,Diogo Ferreira
LOTE-M-INJ-001-5895,WO-8163,2026-12-13,  Shift 1  ,IM-001,M-INJ-001,TR-001-PP-24410,PP,Screw Cap,10200,M,315,0,4,2,6,Conforming,Approved,Approved,Approved - First Pass,2026-12-14 04:34:46.515,—,Ana Silva
LOTE-M-INJ-001-5896,WO-8164,2026-12-13,Shift 2,IM-001,M-INJ-001,TR-001-PP-24410,PP,Screw Cap,21871,M,315,0,0,5,5,Conforming,Approved,Approved,Approved - First Pass,2026-12-14 21:01:06.422,—,Ana Silva
LOTE-M-INJ-001-5897,WO-8165,2026-12-14,Shift 2,IM-001,M-INJ-001,TR-001-PP-PCR-24410,PP-PCR,Screw Cap,16569,M,315,0,1,4,5,Conforming,Approved,Approved,Approved - First Pass,2026-12-15 13:19:33.793,—,Diogo Ferreira
LOTE-M-INJ-001-5898,WO-8168,2026-12-16,Shift 3,IM-001,M-INJ-001,TR-001-PP-24410,PP,Screw Cap,49852,M,315,0,5,2,7,Conforming,Approved,Approved,Approved - First Pass,2026-12-17 19:40:56.783,—,Carlos Mendes
LOTE-M-INJ-001-5899,WO-8171,2026-12-18,Shift 3,IM-001,M-INJ-001,TR-001-HDPE-24410,HDPE,Screw Cap,39818,M,315,0,1,4,5,Conforming,Approved,Approved,Approved - First Pass,2026-12-19 20:51:32.246,—,Carlos Mendes
LOTE-M-INJ-001-5900,WO-8173,2026-12-20,Shift 1,IM-001,M-INJ-001,TR-001-PP-PCR-24410,PP-PCR,Screw Cap,20425,M,315,0,1,7,8,Conforming,Approved,Approved,Approved - First Pass,2026-12-21 03:50:03.085,—,Carlos Mendes
LOTE-M-INJ-001-5901,WO-8176,2026-12-22,Shift 3,IM-001,M-INJ-001,TR-001-HDPE-24410,HDPE,Screw Cap,45883,M,315,0,1,13,14,Conforming,Approved,Approved,Approved - First Pass,2026-12-23 12:59:40.201,—,Carlos Mendes
LOTE-M-INJ-001-5902,WO-8178,2026-12-23,Shift 2,IM-001,M-INJ-001,TR-001-PETG-24410,PETG,Screw Cap,26679,M,315,1,5,3,9,Conforming,Rejected,Rejected,Rejected - Scrapped,2026-12-25 07:52:08.576,Sealing:1(Re=1),Diogo Ferreira
LOTE-M-INJ-001-5903,WO-8181,2026-12-25,Shift 2,IM-001,M-INJ-001,TR-001-PP-PCR-24410,PP-PCR,Screw Cap,42055,M,315,1,0,8,9,Conforming,Rejected,Rejected,Rejected - Scrapped,2026-12-26 17:28:48.099,Sealing:1(Re=1),Elena Santos
LOTE-M-INJ-001-5904,WO-8184,2026-12-28,SHIFT 3,IM-001,M-INJ-001,TR-001-PETG-24410,PETG,Screw Cap,46807,M,315,0,3,2,5,Conforming,Approved,Approved,Approved - First Pass,2026-12-29 04:35:30.232,—,Ana Silva
LOTE-M-INJ-001-5905,WO-8187,2026-12-30,Shift 3,IM-001,M-INJ-001,TR-001-PETG-24410,PETG,Screw Cap,42967,M,315,1,3,4,8,Conforming,Rejected,Rejected,Rejected - Scrapped,2026-12-30 22:10:10.448,Thread:1(Re=1),Carlos Mendes
LOTE-M-INJ-001-5906,WO-8188,2026-12-30,SHIFT 1,IM-001,M-INJ-001,TR-001-PP-24410,PP,Screw Cap,19201,M,315,0,1,2,3,Conforming,Approved,Approved,Approved - First Pass,2026-12-31 16:48:35.523,—,Carlos Mendes
LOTE-M-INJ-002-5907,WO-8190,2025-07-01,Shift 2,IM-002,M-INJ-002,TR-002-PP-PCR-24410,PP-PCR,Screw Cap,24767,M,315,0,8,10,18,Conforming,Approved,Approved,Approved - First Pass,2025-07-03 05:45:55.796,—,Diogo Ferreira
LOTE-M-INJ-002-5908,WO-8192,2025-07-03,  Shift 3  ,IM-002,M-INJ-002,TR-002-PETG-24410,PETG,Screw Cap,10314,M,315,0,2,5,7,Conforming,Approved,Approved,Approved - First Pass,2025-07-04 10:32:52.411,—,Diogo Ferreira
LOTE-M-INJ-002-5909,WO-8193,2025-07-03,Shift 2,IM-002,M-INJ-002,TR-002-PETG-24410,PETG,Screw Cap,13617,M,315,0,4,4,8,Conforming,Approved,Approved,Approved - First Pass,2025-07-05 04:17:05.678,—,Elena Santos
LOTE-M-INJ-002-5910,WO-8195,2025-07-05,Shift 1,IM-002,M-INJ-002,TR-002-HDPE-24410,HDPE,Screw Cap,20197,M,315,0,3,10,13,Conforming,Approved,Approved,Approved - First Pass,2025-07-06 02:43:23.399,—,Elena Santos
LOTE-M-INJ-002-5911,WO-8197,2025-07-06,Shift 1,IM-002,M-INJ-002,TR-002-PP-24410,PP,Screw Cap,22276,M,315,1,6,13,20,Conforming,Rejected,Rejected,Rejected - Scrapped,2025-07-07 09:27:18.109,Thread:1(Re=1),Elena Santos
LOTE-M-INJ-002-5912,WO-8198,2025-07-07,Shift 1,IM-002,M-INJ-002,TR-002-PP-PCR-24410,PP-PCR,Screw Cap,8888,L,200,1,1,2,4,Conforming,Rejected,Approved,Approved - Released on Deviation,2025-07-08 09:21:42.235,—,Beatriz Costa
LOTE-M-INJ-002-5913,WO-8199,2025-07-07,  Shift 2  ,IM-002,M-INJ-002,TR-002-PP-PCR-24410,PP-PCR,Screw Cap,14698,M,315,0,0,12,12,Conforming,Approved,Approved,Approved - First Pass,2025-07-08 18:01:34.934,—,Diogo Ferreira
LOTE-M-INJ-002-5914,WO-8201,2025-07-08,Shift 3,IM-002,M-INJ-002,TR-002-PP-24410,PP,Screw Cap,14628,M,315,0,3,8,11,Conforming,Approved,Approved,Approved - First Pass,2025-07-10 03:29:40.817,—,Beatriz Costa
LOTE-M-INJ-002-5915,WO-8204,2025-07-10,Shift 2,IM-002,M-INJ-002,TR-002-PP-PCR-24410,PP-PCR,Screw Cap,30521,M,315,0,16,14,30,Conforming,Rejected,Approved,Approved - Reworked,2025-07-11 22:23:57.988,—,Beatriz Costa
LOTE-M-INJ-002-5916,WO-8205,2025-07-11,Shift 1,IM-002,M-INJ-002,TR-002-PP-PCR-24410,PP-PCR,Screw Cap,4797,L,200,1,1,1,3,Conforming,Rejected,Rejected,Rejected - Scrapped,2025-07-12 09:46:17.913,Sealing:1(Re=1),Beatriz Costa
LOTE-M-INJ-002-5917,WO-8208,2025-07-13,Shift 1,IM-002,M-INJ-002,TR-002-PETG-24410,PETG,Screw Cap,35266,M,315,1,7,21,29,Conforming,Rejected,Rejected,Rejected - Scrapped,2025-07-14 08:35:24.083,Short Shot:7(Re=6),Diogo Ferreira
LOTE-M-INJ-002-5918,WO-8210,2025-07-14,shift 1,IM-002,M-INJ-002,TR-002-PP-PCR-24410,PP-PCR,Screw Cap,19697,M,315,0,5,2,7,Conforming,Approved,Approved,Approved - First Pass,2025-07-15 10:43:13.171,—,Ana Silva
LOTE-M-INJ-002-5919,WO-8212,2025-07-15,Shift 1,IM-002,M-INJ-002,TR-002-PP-24410,PP,Screw Cap,18904,M,315,0,0,7,7,Conforming,Approved,Approved,Approved - First Pass,2025-07-16 14:23:02.676,—,Diogo Ferreira
LOTE-M-INJ-002-5920,WO-8215,2025-07-17,Shift 1,IM-002,M-INJ-002,TR-002-PETG-24410,PETG,Screw Cap,41314,M,315,0,19,3,22,Conforming,Rejected,Approved,Approved - Reworked,2025-07-19 01:29:00.185,—,Carlos Mendes
LOTE-M-INJ-002-5921,WO-8217,2025-07-19,Shift 3,IM-002,M-INJ-002,TR-002-PETG-24410,PETG,Screw Cap,20316,M,315,0,7,4,11,Conforming,Approved,Approved,Approved - First Pass,2025-07-20 00:25:01.150,—,Carlos Mendes
LOTE-M-INJ-002-5922,WO-8220,2025-07-21,Shift 1,IM-002,M-INJ-002,TR-002-HDPE-24410,HDPE,Screw Cap,34690,M,315,0,7,13,20,Conforming,Approved,Approved,Approved - First Pass,2025-07-23 02:43:20.079,—,Carlos Mendes
LOTE-M-INJ-002-5923,WO-8222,2025-07-23,Shift 3,IM-002,M-INJ-002,TR-002-PP-24410,PP,Screw Cap,21433,M,315,0,2,7,9,Conforming,Approved,Approved,Approved - First Pass,2025-07-23 15:44:46.200,—,Elena Santos
LOTE-M-INJ-002-5924,WO-8225,2025-07-25,Shift 3,IM-002,M-INJ-002,TR-002-HDPE-24410,HDPE,Screw Cap,11710,M,315,0,10,8,18,Conforming,Approved,Approved,Approved - First Pass,2025-07-26 09:25:42.658,—,Beatriz Costa
LOTE-M-INJ-002-5925,WO-8228,2025-07-27,Shift 1,IM-002,M-INJ-002,TR-002-HDPE-24410,HDPE,Screw Cap,31231,M,315,0,6,25,31,Conforming,Approved,Approved,Approved - First Pass,2025-07-28 13:45:15.536,—,Beatriz Costa
LOTE-M-INJ-002-5926,WO-8230,2025-07-28,Shift 2,IM-002,M-INJ-002,TR-002-PP-24410,PP,Screw Cap,12966,M,315,0,8,5,13,Conforming,Approved,Approved,Approved - First Pass,2025-07-30 05:12:00.698,—,Diogo Ferreira
LOTE-M-INJ-002-5927,WO-8231,2025-07-29,Shift 1,IM-002,M-INJ-002,TR-002-PP-PCR-24410,PP-PCR,Screw Cap,15548,M,315,0,4,0,4,Conforming,Approved,Approved,Approved - First Pass,2025-07-31 03:59:33.080,—,Diogo Ferreira
LOTE-M-INJ-002-5928,WO-8232,2025-07-30,Shift 1,IM-002,M-INJ-002,TR-002-PP-24410,PP,Screw Cap,9076,L,200,0,0,5,5,Conforming,Approved,Approved,Approved - First Pass,2025-07-31 09:41:48.461,—,Elena Santos
LOTE-M-INJ-002-5929,WO-8234,2025-07-31,Shift 1,IM-002,M-INJ-002,TR-002-HDPE-24410,HDPE,Screw Cap,19747,M,315,0,11,11,22,Conforming,Approved,Approved,Approved - First Pass,2025-08-01 21:36:22.512,—,Diogo Ferreira
LOTE-M-INJ-002-5930,WO-8237,2025-08-02,Shift 2,IM-002,M-INJ-002,TR-002-PP-PCR-24410,PP-PCR,Screw Cap,37610,M,315,1,13,24,38,Conforming,Rejected,Rejected,Rejected - Scrapped,2025-08-03 14:02:53.385,Sealing:1(Re=1),Diogo Ferreira
LOTE-M-INJ-002-5931,WO-8238,2025-08-03,Shift 1,IM-002,M-INJ-002,TR-002-PP-PCR-24410,PP-PCR,Screw Cap,16824,M,315,0,4,0,4,Conforming,Approved,Approved,Approved - First Pass,2025-08-04 19:02:44.181,—,Elena Santos
LOTE-M-INJ-002-5932,WO-8240,2025-08-05,Shift 1,IM-002,M-INJ-002,TR-002-HDPE-24410,HDPE,Screw Cap,17681,M,315,0,10,7,17,Conforming,Rejected,Rejected,Rejected - Scrapped,2025-08-06 12:08:25.323,Short Shot:8(Re=8),Ana Silva
LOTE-M-INJ-002-5933,WO-8243,2025-08-07,Shift 3,IM-002,M-INJ-002,TR-002-PETG-24410,PETG,Screw Cap,25693,M,315,1,4,14,19,Nonconformance Detected,Rejected,Rejected,Rejected - Scrapped,2025-08-08 04:28:21.556,Sealing:1(Re=1),Ana Silva
LOTE-M-INJ-002-5934,WO-8245,2025-08-08,Shift 2,IM-002,M-INJ-002,TR-002-PETG-24410,PETG,Screw Cap,18325,M,315,0,3,10,13,Conforming,Approved,Approved,Approved - First Pass,2025-08-10 06:09:14.015,—,Carlos Mendes
LOTE-M-INJ-002-5935,WO-8247,2025-08-10,Shift 1,IM-002,M-INJ-002,TR-002-PP-PCR-24410,PP-PCR,Screw Cap,23275,M,315,0,10,2,12,Conforming,Rejected,Approved,Approved - Released on Deviation,2025-08-11 10:39:51.078,—,Carlos Mendes
LOTE-M-INJ-002-5936,WO-8249,2025-08-11,Shift 2,IM-002,M-INJ-002,TR-002-PP-24410,PP,Screw Cap,13851,M,315,1,6,13,20,Conforming,Rejected,Rejected,Rejected - Scrapped,2025-08-12 11:35:08.296,Sealing:1(Re=1),Carlos Mendes
LOTE-M-INJ-002-5937,WO-8251,2025-08-12,Shift 2,IM-002,M-INJ-002,TR-002-PP-24410,PP,Screw Cap,19066,M,315,0,2,1,3,Conforming,Approved,Approved,Approved - First Pass,2025-08-13 13:43:17.896,—,Beatriz Costa
LOTE-M-INJ-002-5938,WO-8253,2025-08-13,Shift 3,IM-002,M-INJ-002,TR-002-PETG-24410,PETG,Screw Cap,20168,M,315,0,0,10,10,Conforming,Approved,Approved,Approved - First Pass,2025-08-15 02:38:07.460,—,Ana Silva
LOTE-M-INJ-002-5939,WO-8255,2025-08-15,Shift 3,IM-002,M-INJ-002,TR-002-PP-PCR-24410,PP-PCR,Screw Cap,23789,M,315,0,7,6,13,Conforming,Approved,Approved,Approved - First Pass,2025-08-16 05:34:19.225,—,Carlos Mendes
LOTE-M-INJ-002-5940,WO-8256,2025-08-16,Shift 3,IM-002,M-INJ-002,TR-002-PETG-24410,PETG,Screw Cap,7285,L,200,0,0,3,3,Conforming,Approved,Approved,Approved - First Pass,2025-08-16 18:59:33.759,—,Beatriz Costa
LOTE-M-INJ-002-5941,WO-8259,2025-08-18,Shift 1,IM-002,M-INJ-002,TR-002-HDPE-24410,HDPE,Screw Cap,21111,M,315,0,9,6,15,Conforming,Approved,Approved,Approved - First Pass,2025-08-18 20:19:30.054,—,Elena Santos
LOTE-M-INJ-002-5942,WO-8261,2025-08-19,shift 1,IM-002,M-INJ-002,TR-002-HDPE-24410,HDPE,Screw Cap,18283,M,315,0,3,15,18,Conforming,Approved,Approved,Approved - First Pass,2025-08-20 21:57:07.412,—,Beatriz Costa
LOTE-M-INJ-002-5943,WO-8262,2025-08-20,Shift 3,IM-002,M-INJ-002,TR-002-PP-24410,PP,Screw Cap,12001,M,315,0,2,3,5,Conforming,Approved,Approved,Approved - First Pass,2025-08-21 11:22:24.025,—,Elena Santos
LOTE-M-INJ-002-5944,WO-8263,2025-08-20,Shift 2,IM-002,M-INJ-002,TR-002-PP-PCR-24410,PP-PCR,Screw Cap,7748,L,200,0,0,3,3,Conforming,Approved,Approved,Approved - First Pass,2025-08-21 10:10:59.548,—,Diogo Ferreira
LOTE-M-INJ-002-5945,WO-8265,2025-08-22,Shift 3,IM-002,M-INJ-002,TR-002-PP-24410,PP,Screw Cap,21258,M,315,0,4,26,30,Nonconformance Detected,Approved,Rejected,Rejected - Scrapped,2025-08-22 18:37:47.957,Variable characteristic out of control limits,Carlos Mendes
LOTE-M-INJ-002-5946,WO-8267,2025-08-23,Shift 1,IM-002,M-INJ-002,TR-002-PETG-24410,PETG,Screw Cap,18501,M,315,1,3,14,18,Conforming,Rejected,Rejected,Rejected - Scrapped,2025-08-24 13:10:43.747,Sealing:1(Re=1),Diogo Ferreira
LOTE-M-INJ-002-5947,WO-8270,2025-08-24,Shift 3,IM-002,M-INJ-002,TR-002-PP-24410,PP,Screw Cap,30203,M,315,0,10,16,26,Nonconformance Detected,Approved,Approved,Approved - Reworked,2025-08-26 19:22:53.413,—,Beatriz Costa
LOTE-M-INJ-002-5948,WO-8272,2025-08-26,Shift 1,IM-002,M-INJ-002,TR-002-PP-PCR-24410,PP-PCR,Screw Cap,16045,M,315,0,3,3,6,Conforming,Approved,Approved,Approved - First Pass,2025-08-27 12:53:57.153,—,Ana Silva
LOTE-M-INJ-002-5949,WO-8275,2025-08-28,Shift 3,IM-002,M-INJ-002,TR-002-PP-24410,PP,Screw Cap,24141,M,315,0,5,21,26,Conforming,Approved,Approved,Approved - First Pass,2025-08-29 12:49:00.427,—,Beatriz Costa
LOTE-M-INJ-002-5950,WO-8277,2025-08-29,Shift 1,IM-002,M-INJ-002,TR-002-PP-PCR-24410,PP-PCR,Screw Cap,20503,M,315,0,1,4,5,Nonconformance Detected,Approved,Approved,Approved - Reworked,2025-08-31 00:54:52.012,—,Beatriz Costa
LOTE-M-INJ-002-5951,WO-8280,2025-08-31,SHIFT 1,IM-002,M-INJ-002,TR-002-HDPE-24410,HDPE,Screw Cap,28565,M,315,0,6,9,15,Conforming,Approved,Approved,Approved - First Pass,2025-09-01 07:05:26.676,—,Diogo Ferreira
LOTE-M-INJ-002-5952,WO-8283,2025-09-02,Shift 1,IM-002,M-INJ-002,TR-002-PP-PCR-24410,PP-PCR,Screw Cap,30591,M,315,1,10,7,18,Conforming,Rejected,Rejected,Rejected - Scrapped,2025-09-03 12:38:14.402,Sealing:1(Re=1),Elena Santos
LOTE-M-INJ-002-5953,WO-8286,2025-09-04,Shift 2,IM-002,M-INJ-002,TR-002-HDPE-24410,HDPE,Screw Cap,35411,M,315,1,15,9,25,Conforming,Rejected,Rejected,Rejected - Scrapped,2025-09-06 04:19:26.367,Thread:1(Re=1),Ana Silva
LOTE-M-INJ-002-5954,WO-8288,2025-09-06,Shift 3,IM-002,M-INJ-002,TR-002-PP-PCR-24410,PP-PCR,Screw Cap,17607,M,315,1,0,6,7,Conforming,Rejected,Rejected,Rejected - Scrapped,2025-09-07 03:39:00.283,Thread:1(Re=1),Ana Silva
LOTE-M-INJ-002-5955,WO-8289,2025-09-06,Shift 2,IM-002,M-INJ-002,TR-002-PP-PCR-24410,PP-PCR,Screw Cap,13072,M,315,1,0,4,5,Conforming,Rejected,Rejected,Rejected - Scrapped,2025-09-07 23:50:06.866,Thread:1(Re=1),Diogo Ferreira
LOTE-M-INJ-002-5956,WO-8291,2025-09-08,Shift 3,IM-002,M-INJ-002,TR-002-PP-PCR-24410,PP-PCR,Screw Cap,14558,M,315,0,1,12,13,Conforming,Approved,Approved,Approved - First Pass,2025-09-09 11:55:25.103,—,Elena Santos
LOTE-M-INJ-002-5957,WO-8294,2025-09-10,Shift 3,IM-002,M-INJ-002,TR-002-PP-24410,PP,Screw Cap,31185,M,315,0,11,26,37,Conforming,Approved,Approved,Approved - First Pass,2025-09-11 11:54:05.774,—,Elena Santos
LOTE-M-INJ-002-5958,WO-8295,2025-09-10,Shift 2,IM-002,M-INJ-002,TR-002-PP-PCR-24410,PP-PCR,Screw Cap,8184,L,200,0,3,6,9,Conforming,Approved,Approved,Approved - First Pass,2025-09-12 03:23:09.061,—,Ana Silva
LOTE-M-INJ-002-5959,WO-8296,2025-09-11,Shift 1,IM-002,M-INJ-002,TR-002-PETG-24410,PETG,Screw Cap,12723,M,315,0,3,2,5,Conforming,Approved,Approved,Approved - First Pass,2025-09-12 07:52:09.935,—,Diogo Ferreira
LOTE-M-INJ-002-5960,WO-8297,2025-09-12,Shift 3,IM-002,M-INJ-002,TR-002-PETG-24410,PETG,Screw Cap,10351,M,315,0,4,4,8,Nonconformance Detected,Approved,Rejected,Rejected - Scrapped,2025-09-13 00:13:34.747,Variable characteristic out of control limits,Elena Santos
LOTE-M-INJ-002-5961,WO-8300,2025-09-13,Shift 2,IM-002,M-INJ-002,TR-002-PP-24410,PP,Screw Cap,20473,M,315,0,7,8,15,Conforming,Approved,Approved,Approved - First Pass,2025-09-15 10:15:51.095,—,Beatriz Costa
LOTE-M-INJ-002-5962,WO-8302,2025-09-15,Shift 3,IM-002,M-INJ-002,TR-002-PP-24410,PP,Screw Cap,12710,M,315,1,3,11,15,Conforming,Rejected,Rejected,Rejected - Scrapped,2025-09-16 01:48:16.677,Sealing:1(Re=1),Carlos Mendes
LOTE-M-INJ-002-5963,WO-8303,2025-09-15,Shift 2,IM-002,M-INJ-002,TR-002-HDPE-24410,HDPE,Screw Cap,8296,L,200,0,2,0,2,Conforming,Approved,Approved,Approved - First Pass,2025-09-16 11:59:10.408,—,Elena Santos
LOTE-M-INJ-002-5964,WO-8304,2025-09-16,  Shift 3  ,IM-002,M-INJ-002,TR-002-HDPE-24410,HDPE,Screw Cap,5550,L,200,0,3,0,3,Conforming,Approved,Approved,Approved - First Pass,2025-09-16 22:45:59.874,—,Beatriz Costa
LOTE-M-INJ-002-5965,WO-8306,2025-09-17,Shift 2,IM-002,M-INJ-002,TR-002-PP-PCR-24410,PP-PCR,Screw Cap,16025,M,315,0,0,0,0,Conforming,Approved,Approved,Approved - First Pass,2025-09-18 10:25:46.352,—,Diogo Ferreira
LOTE-M-INJ-002-5966,WO-8309,2025-09-19,Shift 3,IM-002,M-INJ-002,TR-002-PP-PCR-24410,PP-PCR,Screw Cap,26734,M,315,0,3,5,8,Conforming,Approved,Approved,Approved - First Pass,2025-09-20 14:32:17.164,—,Elena Santos
LOTE-M-INJ-002-5967,WO-8310,2025-09-19,Shift 3,IM-002,M-INJ-002,TR-002-PP-PCR-24410,PP-PCR,Screw Cap,7002,L,200,0,1,0,1,Conforming,Approved,Approved,Approved - First Pass,2025-09-21 03:06:30.682,—,Ana Silva
LOTE-M-INJ-002-5968,WO-8312,2025-09-21,Shift 3,IM-002,M-INJ-002,TR-002-PP-24410,PP,Screw Cap,20435,M,315,0,8,10,18,Conforming,Approved,Approved,Approved - First Pass,2025-09-21 21:50:16.329,—,Carlos Mendes
LOTE-M-INJ-002-5969,WO-8314,2025-09-22,Shift 2,IM-002,M-INJ-002,TR-002-PETG-24410,PETG,Screw Cap,26346,M,315,0,15,19,34,Conforming,Rejected,Approved,Approved - Reworked,2025-09-23 20:13:40.332,—,Diogo Ferreira
LOTE-M-INJ-002-5970,WO-8316,2025-09-24,Shift 1,IM-002,M-INJ-002,TR-002-PETG-24410,PETG,Screw Cap,19243,M,315,0,5,2,7,Conforming,Approved,Approved,Approved - First Pass,2025-09-25 04:25:27.394,—,Ana Silva
LOTE-M-INJ-002-5971,WO-8318,2025-09-25,Shift 2,IM-002,M-INJ-002,TR-002-PP-24410,PP,Screw Cap,16227,M,315,1,4,9,14,Conforming,Rejected,Rejected,Rejected - Scrapped,2025-09-26 05:56:12.059,Sealing:1(Re=1),Beatriz Costa
LOTE-M-INJ-002-5972,WO-8321,2025-09-27,Shift 3,IM-002,M-INJ-002,TR-002-PP-PCR-24410,PP-PCR,Screw Cap,27401,M,315,1,6,9,16,Conforming,Rejected,Rejected,Rejected - Scrapped,2025-09-28 11:09:25.747,Thread:1(Re=1),Carlos Mendes
LOTE-M-INJ-002-5973,WO-8322,2025-09-27,Shift 2,IM-002,M-INJ-002,TR-002-HDPE-24410,HDPE,Screw Cap,12518,M,315,0,0,3,3,Conforming,Approved,Approved,Approved - First Pass,2025-09-29 02:51:20.819,—,Elena Santos
LOTE-M-INJ-002-5974,WO-8323,2025-09-28,Shift 1,IM-002,M-INJ-002,TR-002-HDPE-24410,HDPE,Screw Cap,9612,L,200,0,1,1,2,Conforming,Approved,Approved,Approved - First Pass,2025-09-29 07:20:55.061,—,Beatriz Costa
LOTE-M-INJ-002-5975,WO-8326,2025-09-30,Shift 1,IM-002,M-INJ-002,TR-002-PP-PCR-24410,PP-PCR,Screw Cap,38232,M,315,0,11,19,30,Conforming,Approved,Approved,Approved - First Pass,2025-10-01 22:34:18.416,—,Elena Santos
LOTE-M-INJ-002-5976,WO-8328,2025-10-01,Shift 3,IM-002,M-INJ-002,TR-002-HDPE-24410,HDPE,Screw Cap,20208,M,315,0,10,5,15,Conforming,Approved,Approved,Approved - First Pass,2025-10-03 00:34:13.107,—,Carlos Mendes
LOTE-M-INJ-002-5977,WO-8330,2025-10-03,Shift 1,IM-002,M-INJ-002,TR-002-PP-24410,PP,Screw Cap,20152,M,315,0,14,14,28,Conforming,Rejected,Approved,Approved - Reworked,2025-10-04 03:47:02.717,—,Beatriz Costa
LOTE-M-INJ-002-5978,WO-8332,2025-10-04,Shift 1,IM-002,M-INJ-002,TR-002-PP-24410,PP,Screw Cap,15913,M,315,0,5,7,12,Nonconformance Detected,Approved,Approved,Approved - Reworked,2025-10-05 19:05:09.682,—,Carlos Mendes
LOTE-M-INJ-002-5979,WO-8334,2025-10-05,Shift 2,IM-002,M-INJ-002,TR-002-PETG-24410,PETG,Screw Cap,18212,M,315,0,7,7,14,Nonconformance Detected,Approved,Rejected,Rejected - Scrapped,2025-10-06 20:49:43.005,Variable characteristic out of control limits,Ana Silva
LOTE-M-INJ-002-5980,WO-8335,2025-10-06,Shift 3,IM-002,M-INJ-002,TR-002-PETG-24410,PETG,Screw Cap,12327,M,315,1,3,0,4,Conforming,Rejected,Rejected,Rejected - Scrapped,2025-10-07 13:26:13.725,Sealing:1(Re=1),Carlos Mendes
LOTE-M-INJ-002-5981,WO-8336,2025-10-07,Shift 3,IM-002,M-INJ-002,TR-002-HDPE-24410,HDPE,Screw Cap,9438,L,200,0,0,8,8,Conforming,Approved,Approved,Approved - First Pass,2025-10-07 17:00:12.925,—,Elena Santos
LOTE-M-INJ-002-5982,WO-8339,2025-10-08,Shift 2,IM-002,M-INJ-002,TR-002-HDPE-24410,HDPE,Screw Cap,26987,M,315,0,12,14,26,Nonconformance Detected,Approved,Approved,Approved - Released on Deviation,2025-10-09 23:44:28.349,—,Elena Santos
LOTE-M-INJ-002-5983,WO-8340,2025-10-09,Shift 1,IM-002,M-INJ-002,TR-002-PETG-24410,PETG,Screw Cap,5971,L,200,0,0,0,0,Conforming,Approved,Approved,Approved - First Pass,2025-10-10 11:18:22.596,—,Beatriz Costa
LOTE-M-INJ-002-5984,WO-8341,2025-10-09,Shift 2,IM-002,M-INJ-002,TR-002-PETG-24410,PETG,Screw Cap,13984,M,315,2,4,5,11,Conforming,Rejected,Rejected,Rejected - Scrapped,2025-10-10 23:10:33.186,Thread:1(Re=1),Diogo Ferreira
LOTE-M-INJ-002-5985,WO-8343,2025-10-10,Shift 3,IM-002,M-INJ-002,TR-002-PP-24410,PP,Screw Cap,16322,M,315,0,6,4,10,Conforming,Approved,Approved,Approved - First Pass,2025-10-11 21:28:58.297,—,Diogo Ferreira
LOTE-M-INJ-002-5986,WO-8344,2025-10-11,Shift 1,IM-002,M-INJ-002,TR-002-PETG-24410,PETG,Screw Cap,9615,L,200,0,0,6,6,Conforming,Approved,Approved,Approved - First Pass,2025-10-12 14:35:15.854,—,Diogo Ferreira
LOTE-M-INJ-002-5987,WO-8345,2025-10-12,Shift 3,IM-002,M-INJ-002,TR-002-PP-24410,PP,Screw Cap,13474,M,315,0,0,11,11,Conforming,Approved,Approved,Approved - First Pass,2025-10-13 11:50:08.364,—,Beatriz Costa
LOTE-M-INJ-002-5988,WO-8347,2025-10-13,shift 1,IM-002,M-INJ-002,TR-002-PETG-24410,PETG,Screw Cap,18701,M,315,1,4,2,7,Conforming,Rejected,Rejected,Rejected - Scrapped,2025-10-14 19:19:00.968,Thread:1(Re=1),Elena Santos
LOTE-M-INJ-002-5989,WO-8348,2025-10-14,Shift 3,IM-002,M-INJ-002,TR-002-PETG-24410,PETG,Screw Cap,13833,M,315,0,0,5,5,Conforming,Approved,Approved,Approved - First Pass,2025-10-15 03:24:08.619,—,Ana Silva
LOTE-M-INJ-002-5990,WO-8349,2025-10-14,Shift 2,IM-002,M-INJ-002,TR-002-HDPE-24410,HDPE,Screw Cap,8241,L,200,1,8,2,11,Conforming,Rejected,Rejected,Rejected - Scrapped,2025-10-16 05:25:01.897,Short Shot:6(Re=6),Carlos Mendes
LOTE-M-INJ-002-5991,WO-8352,2025-10-16,SHIFT 1,IM-002,M-INJ-002,TR-002-PETG-24410,PETG,Screw Cap,29598,M,315,0,4,16,20,Nonconformance Detected,Approved,Approved,Approved - Released on Deviation,2025-10-17 23:08:36.105,—,Carlos Mendes
LOTE-M-INJ-002-5992,WO-8354,2025-10-17,Shift 2,IM-002,M-INJ-002,TR-002-HDPE-24410,HDPE,Screw Cap,20002,M,315,1,1,1,3,Conforming,Rejected,Approved,Approved - Released on Deviation,2025-10-18 18:42:07.543,—,Elena Santos
LOTE-M-INJ-002-5993,WO-8355,2025-10-18,Shift 1,IM-002,M-INJ-002,TR-002-PP-PCR-24410,PP-PCR,Screw Cap,8833,L,200,0,0,2,2,Conforming,Approved,Approved,Approved - First Pass,2025-10-19 08:22:52.961,—,Diogo Ferreira
LOTE-M-INJ-002-5994,WO-8356,2025-10-19,Shift 3,IM-002,M-INJ-002,TR-002-PETG-24410,PETG,Screw Cap,5867,L,200,0,0,1,1,Conforming,Approved,Approved,Approved - First Pass,2025-10-20 02:58:53.008,—,Diogo Ferreira
LOTE-M-INJ-002-5995,WO-8357,2025-10-19,SHIFT 1,IM-002,M-INJ-002,TR-002-PETG-24410,PETG,Screw Cap,2747,L,200,0,0,1,1,Conforming,Approved,Approved,Approved - First Pass,2025-10-20 13:09:52.435,—,Diogo Ferreira
LOTE-M-INJ-002-5996,WO-8359,2025-10-20,Shift 1,IM-002,M-INJ-002,TR-002-PP-PCR-24410,PP-PCR,Screw Cap,15136,M,315,0,6,8,14,Conforming,Approved,Approved,Approved - First Pass,2025-10-21 05:33:23.154,—,Diogo Ferreira
LOTE-M-INJ-002-5997,WO-8361,2025-10-21,Shift 1,IM-002,M-INJ-002,TR-002-PP-PCR-24410,PP-PCR,Screw Cap,19137,M,315,0,6,9,15,Conforming,Approved,Approved,Approved - First Pass,2025-10-22 11:20:25.794,—,Carlos Mendes
LOTE-M-INJ-002-5998,WO-8362,2025-10-22,SHIFT 3,IM-002,M-INJ-002,TR-002-HDPE-24410,HDPE,Screw Cap,10050,M,315,1,9,0,10,Conforming,Rejected,Rejected,Rejected - Scrapped,2025-10-23 12:50:12.586,Thread:1(Re=1),Beatriz Costa
LOTE-M-INJ-002-5999,WO-8363,2025-10-22,Shift 2,IM-002,M-INJ-002,TR-002-PETG-24410,PETG,Screw Cap,15142,M,315,1,3,7,11,Conforming,Rejected,Rejected,Rejected - Scrapped,2025-10-24 08:45:37.618,Sealing:1(Re=1),Diogo Ferreira
LOTE-M-INJ-002-6000,WO-8366,2025-10-25,Shift 1,IM-002,M-INJ-002,TR-002-HDPE-24410,HDPE,Screw Cap,27017,M,315,1,1,4,6,Conforming,Rejected,Rejected,Rejected - Scrapped,2025-10-26 03:42:38.522,Thread:1(Re=1),Elena Santos
LOTE-M-INJ-002-6001,WO-8369,2025-10-27,  Shift 1  ,IM-002,M-INJ-002,TR-002-PP-24410,PP,Screw Cap,33972,M,315,0,8,9,17,Conforming,Approved,Approved,Approved - First Pass,2025-10-28 18:02:47.512,—,Elena Santos
LOTE-M-INJ-002-6002,WO-8371,2025-10-28,Shift 2,IM-002,M-INJ-002,TR-002-HDPE-24410,HDPE,Screw Cap,19155,M,315,0,9,5,14,Conforming,Approved,Approved,Approved - First Pass,2025-10-29 16:35:53.363,—,Beatriz Costa
LOTE-M-INJ-002-6003,WO-8372,2025-10-29,Shift 1,IM-002,M-INJ-002,TR-002-PP-24410,PP,Screw Cap,9273,L,200,0,0,4,4,Conforming,Approved,Approved,Approved - First Pass,2025-10-30 05:10:14.250,—,Elena Santos
LOTE-M-INJ-002-6004,WO-8375,2025-10-30,Shift 2,IM-002,M-INJ-002,TR-002-HDPE-24410,HDPE,Screw Cap,32751,M,315,2,19,14,35,Conforming,Rejected,Rejected,Rejected - Scrapped,2025-10-31 17:10:11.262,Short Shot:6(Re=6),Carlos Mendes
LOTE-M-INJ-002-6005,WO-8376,2025-10-31,Shift 2,IM-002,M-INJ-002,TR-002-PETG-24410,PETG,Screw Cap,11338,M,315,0,2,0,2,Conforming,Approved,Approved,Approved - First Pass,2025-11-01 15:27:31.096,—,Carlos Mendes
LOTE-M-INJ-002-6006,WO-8377,2025-11-01,Shift 1,IM-002,M-INJ-002,TR-002-PP-PCR-24410,PP-PCR,Screw Cap,6670,L,200,0,0,6,6,Conforming,Approved,Approved,Approved - First Pass,2025-11-02 11:25:08.075,—,Beatriz Costa
LOTE-M-INJ-002-6007,WO-8378,2025-11-01,SHIFT 2,IM-002,M-INJ-002,TR-002-PP-24410,PP,Screw Cap,7982,L,200,2,1,12,15,Conforming,Rejected,Approved,Approved - Reworked,2025-11-02 22:09:59.359,—,Diogo Ferreira
LOTE-M-INJ-002-6008,WO-8379,2025-11-02,Shift 3,IM-002,M-INJ-002,TR-002-PETG-24410,PETG,Screw Cap,8013,L,200,0,3,7,10,Conforming,Approved,Approved,Approved - First Pass,2025-11-03 03:59:35.546,—,Elena Santos
LOTE-M-INJ-002-6009,WO-8381,2025-11-03,Shift 3,IM-002,M-INJ-002,TR-002-PETG-24410,PETG,Screw Cap,17807,M,315,2,6,5,13,Conforming,Rejected,Rejected,Rejected - Scrapped,2025-11-03 22:43:32.360,Thread:2(Re=1),Beatriz Costa
LOTE-M-INJ-002-6010,WO-8383,2025-11-04,  Shift 3  ,IM-002,M-INJ-002,TR-002-PP-24410,PP,Screw Cap,13718,M,315,1,2,12,15,Conforming,Rejected,Approved,Approved - Released on Deviation,2025-11-04 23:18:20.372,—,Beatriz Costa
LOTE-M-INJ-002-6011,WO-8384,2025-11-04,Shift 2,IM-002,M-INJ-002,TR-002-PP-PCR-24410,PP-PCR,Screw Cap,10394,M,315,0,5,0,5,Nonconformance Detected,Approved,Approved,Approved - Reworked,2025-11-06 04:14:17.154,—,Carlos Mendes
LOTE-M-INJ-002-6012,WO-8387,2025-11-06,Shift 1,IM-002,M-INJ-002,TR-002-HDPE-24410,HDPE,Screw Cap,27933,M,315,1,8,9,18,Nonconformance Detected,Rejected,Rejected,Rejected - Scrapped,2025-11-07 10:25:34.045,Thread:1(Re=1),Ana Silva
LOTE-M-INJ-002-6013,WO-8390,2025-11-08,Shift 1,IM-002,M-INJ-002,TR-002-PETG-24410,PETG,Screw Cap,15622,M,315,0,7,20,27,Conforming,Approved,Approved,Approved - First Pass,2025-11-09 03:36:35.612,—,Beatriz Costa
LOTE-M-INJ-002-6014,WO-8391,2025-11-08,Shift 3,IM-002,M-INJ-002,TR-002-PETG-24410,PETG,Screw Cap,13872,M,315,0,1,6,7,Conforming,Approved,Approved,Approved - First Pass,2025-11-10 10:36:38.089,—,Beatriz Costa
LOTE-M-INJ-002-6015,WO-8392,2025-11-09,Shift 2,IM-002,M-INJ-002,TR-002-PP-24410,PP,Screw Cap,8272,L,200,0,0,3,3,Conforming,Approved,Approved,Approved - First Pass,2025-11-10 13:52:16.056,—,Beatriz Costa
LOTE-M-INJ-002-6016,WO-8394,2025-11-10,Shift 2,IM-002,M-INJ-002,TR-002-PP-PCR-24410,PP-PCR,Screw Cap,15855,M,315,0,6,8,14,Conforming,Approved,Approved,Approved - First Pass,2025-11-11 23:08:56.342,—,Elena Santos
LOTE-M-INJ-002-6017,WO-8396,2025-11-11,Shift 2,IM-002,M-INJ-002,TR-002-PP-24410,PP,Screw Cap,21169,M,315,0,2,2,4,Nonconformance Detected,Approved,Approved,Approved - Reworked,2025-11-13 08:22:07.701,—,Ana Silva
LOTE-M-INJ-002-6018,WO-8397,2025-11-12,Shift 1,IM-002,M-INJ-002,TR-002-PP-PCR-24410,PP-PCR,Screw Cap,9876,L,200,0,2,1,3,Conforming,Approved,Approved,Approved - First Pass,2025-11-13 19:07:38.941,—,Elena Santos
LOTE-M-INJ-002-6019,WO-8398,2025-11-13,Shift 3,IM-002,M-INJ-002,TR-002-HDPE-24410,HDPE,Screw Cap,3894,L,200,0,2,8,10,Conforming,Approved,Approved,Approved - First Pass,2025-11-13 15:30:39.779,—,Diogo Ferreira
LOTE-M-INJ-002-6020,WO-8399,2025-11-13,Shift 2,IM-002,M-INJ-002,TR-002-HDPE-24410,HDPE,Screw Cap,5891,L,200,0,5,0,5,Conforming,Approved,Approved,Approved - First Pass,2025-11-14 02:57:48.612,—,Elena Santos
LOTE-M-INJ-002-6021,WO-8400,2025-11-14,Shift 3,IM-002,M-INJ-002,TR-002-HDPE-24410,HDPE,Screw Cap,5707,L,200,0,3,0,3,Conforming,Approved,Approved,Approved - First Pass,2025-11-14 22:16:17.269,—,Elena Santos
LOTE-M-INJ-002-6022,WO-8402,2025-11-15,Shift 3,IM-002,M-INJ-002,TR-002-HDPE-24410,HDPE,Screw Cap,22976,M,315,1,8,8,17,Conforming,Rejected,Rejected,Rejected - Scrapped,2025-11-16 03:02:05.554,Sealing:1(Re=1),Carlos Mendes
LOTE-M-INJ-002-6023,WO-8405,2025-11-17,Shift 1,IM-002,M-INJ-002,TR-002-PETG-24410,PETG,Screw Cap,29496,M,315,0,9,14,23,Conforming,Approved,Approved,Approved - First Pass,2025-11-18 01:27:31.670,—,Elena Santos
LOTE-M-INJ-002-6024,WO-8406,2025-11-17,Shift 3,IM-002,M-INJ-002,TR-002-PP-24410,PP,Screw Cap,9820,L,200,0,0,1,1,Conforming,Approved,Approved,Approved - First Pass,2025-11-19 06:14:02.338,—,Diogo Ferreira
LOTE-M-INJ-002-6025,WO-8408,2025-11-19,Shift 2,IM-002,M-INJ-002,TR-002-PP-24410,PP,Screw Cap,18052,M,315,0,6,7,13,Conforming,Approved,Approved,Approved - First Pass,2025-11-20 22:14:02.336,—,Carlos Mendes
LOTE-M-INJ-002-6026,WO-8411,2025-11-21,Shift 1,IM-002,M-INJ-002,TR-002-PETG-24410,PETG,Screw Cap,28729,M,315,0,12,16,28,Conforming,Approved,Approved,Approved - First Pass,2025-11-22 19:43:03.761,—,Carlos Mendes
LOTE-M-INJ-002-6027,WO-8414,2025-11-23,Shift 1,IM-002,M-INJ-002,TR-002-PP-24410,PP,Screw Cap,31885,M,315,0,8,6,14,Conforming,Approved,Approved,Approved - First Pass,2025-11-24 11:46:04.760,—,Elena Santos
LOTE-M-INJ-002-6028,WO-8415,2025-11-24,Shift 1,IM-002,M-INJ-002,TR-002-HDPE-24410,HDPE,Screw Cap,5840,L,200,1,1,9,11,Conforming,Rejected,Rejected,Rejected - Scrapped,2025-11-25 00:30:30.055,Thread:1(Re=1),Elena Santos
LOTE-M-INJ-002-6029,WO-8416,2025-11-24,Shift 2,IM-002,M-INJ-002,TR-002-PP-PCR-24410,PP-PCR,Screw Cap,2919,L,200,0,7,3,10,Conforming,Rejected,Approved,Approved - Reworked,2025-11-25 15:11:58.413,—,Ana Silva
LOTE-M-INJ-002-6030,WO-8418,2025-11-25,Shift 2,IM-002,M-INJ-002,TR-002-PETG-24410,PETG,Screw Cap,18981,M,315,0,9,14,23,Conforming,Approved,Approved,Approved - First Pass,2025-11-27 04:14:15.207,—,Diogo Ferreira
LOTE-M-INJ-002-6031,WO-8419,2025-11-26,Shift 1,IM-002,M-INJ-002,TR-002-PETG-24410,PETG,Screw Cap,6007,L,200,0,3,0,3,Conforming,Approved,Approved,Approved - First Pass,2025-11-27 04:26:39.341,—,Diogo Ferreira
LOTE-M-INJ-002-6032,WO-8421,2025-11-27,Shift 2,IM-002,M-INJ-002,TR-002-PETG-24410,PETG,Screw Cap,18776,M,315,0,1,2,3,Conforming,Approved,Approved,Approved - First Pass,2025-11-28 22:54:04.888,—,Ana Silva
LOTE-M-INJ-002-6033,WO-8424,2025-11-30,Shift 3,IM-002,M-INJ-002,TR-002-PETG-24410,PETG,Screw Cap,42301,M,315,0,9,2,11,Conforming,Approved,Approved,Approved - First Pass,2025-12-01 20:19:36.539,—,Elena Santos
LOTE-M-INJ-002-6034,WO-8426,2025-12-01,Shift 2,IM-002,M-INJ-002,TR-002-PETG-24410,PETG,Screw Cap,15804,M,315,0,12,21,33,Conforming,Rejected,Approved,Approved - Reworked,2025-12-02 18:26:07.044,—,Carlos Mendes
LOTE-M-INJ-002-6035,WO-8427,2025-12-02,Shift 1,IM-002,M-INJ-002,TR-002-PP-24410,PP,Screw Cap,10204,M,315,0,8,7,15,Conforming,Approved,Approved,Approved - First Pass,2025-12-03 05:49:27.141,—,Ana Silva
LOTE-M-INJ-002-6036,WO-8428,2025-12-02,Shift 3,IM-002,M-INJ-002,TR-002-HDPE-24410,HDPE,Screw Cap,7343,L,200,0,0,4,4,Conforming,Approved,Approved,Approved - First Pass,2025-12-03 13:56:12.392,—,Carlos Mendes
LOTE-M-INJ-002-6037,WO-8430,2025-12-04,Shift 3,IM-002,M-INJ-002,TR-002-PP-PCR-24410,PP-PCR,Screw Cap,30408,M,315,0,2,0,2,Conforming,Approved,Approved,Approved - First Pass,2025-12-05 08:53:39.069,—,Ana Silva
LOTE-M-INJ-002-6038,WO-8432,2025-12-05,Shift 2,IM-002,M-INJ-002,TR-002-PETG-24410,PETG,Screw Cap,17619,M,315,0,7,9,16,Conforming,Approved,Approved,Approved - First Pass,2025-12-07 06:44:26.632,—,Diogo Ferreira
LOTE-M-INJ-002-6039,WO-8433,2025-12-06,Shift 2,IM-002,M-INJ-002,TR-002-HDPE-24410,HDPE,Screw Cap,11792,M,315,0,3,13,16,Conforming,Approved,Approved,Approved - First Pass,2025-12-07 12:32:28.597,—,Ana Silva
LOTE-M-INJ-002-6040,WO-8435,2025-12-08,Shift 3,IM-002,M-INJ-002,TR-002-PP-PCR-24410,PP-PCR,Screw Cap,22084,M,315,0,3,7,10,Conforming,Approved,Approved,Approved - First Pass,2025-12-09 13:23:20.353,—,Ana Silva
LOTE-M-INJ-002-6041,WO-8438,2025-12-10,Shift 1,IM-002,M-INJ-002,TR-002-PETG-24410,PETG,Screw Cap,41008,M,315,1,14,22,37,Conforming,Rejected,Rejected,Rejected - Scrapped,2025-12-11 18:55:45.122,Sealing:1(Re=1),Beatriz Costa
LOTE-M-INJ-002-6042,WO-8441,2025-12-12,Shift 3,IM-002,M-INJ-002,TR-002-PETG-24410,PETG,Screw Cap,22338,M,315,0,8,16,24,Nonconformance Detected,Approved,Rejected,Rejected - Scrapped,2025-12-13 10:07:48.176,Variable characteristic out of control limits,Diogo Ferreira
LOTE-M-INJ-002-6043,WO-8443,2025-12-13,Shift 3,IM-002,M-INJ-002,TR-002-HDPE-24410,HDPE,Screw Cap,25381,M,315,0,7,14,21,Conforming,Approved,Approved,Approved - First Pass,2025-12-14 18:31:35.912,—,Carlos Mendes
LOTE-M-INJ-002-6044,WO-8445,2025-12-15,Shift 1,IM-002,M-INJ-002,TR-002-PETG-24410,PETG,Screw Cap,12482,M,315,0,1,8,9,Conforming,Approved,Approved,Approved - First Pass,2025-12-16 08:53:16.928,—,Elena Santos
LOTE-M-INJ-002-6045,WO-8447,2025-12-16,Shift 2,IM-002,M-INJ-002,TR-002-HDPE-24410,HDPE,Screw Cap,13965,M,315,0,2,2,4,Conforming,Approved,Approved,Approved - First Pass,2025-12-17 17:19:46.329,—,Ana Silva
LOTE-M-INJ-002-6046,WO-8449,2025-12-17,shift 2,IM-002,M-INJ-002,TR-002-PP-24410,PP,Screw Cap,21850,M,315,0,9,16,25,Conforming,Approved,Approved,Approved - First Pass,2025-12-19 06:10:58.240,—,Ana Silva
LOTE-M-INJ-002-6047,WO-8451,2025-12-19,Shift 3,IM-002,M-INJ-002,TR-002-PP-24410,PP,Screw Cap,21348,M,315,0,7,11,18,Conforming,Approved,Approved,Approved - First Pass,2025-12-20 06:59:04.748,—,Diogo Ferreira
LOTE-M-INJ-002-6048,WO-8453,2025-12-20,Shift 2,IM-002,M-INJ-002,TR-002-PETG-24410,PETG,Screw Cap,21668,M,315,0,7,8,15,Nonconformance Detected,Approved,Approved,Approved - Reworked,2025-12-22 00:04:16.871,—,Diogo Ferreira
LOTE-M-INJ-002-6049,WO-8455,2025-12-21,Shift 2,IM-002,M-INJ-002,TR-002-PETG-24410,PETG,Screw Cap,16566,M,315,0,6,4,10,Conforming,Approved,Approved,Approved - First Pass,2025-12-22 12:38:45.901,—,Ana Silva
LOTE-M-INJ-002-6050,WO-8457,2025-12-22,Shift 2,IM-002,M-INJ-002,TR-002-PP-PCR-24410,PP-PCR,Screw Cap,20479,M,315,0,1,6,7,Conforming,Approved,Approved,Approved - First Pass,2025-12-24 01:15:49.829,—,Ana Silva
LOTE-M-INJ-002-6051,WO-8460,2025-12-24,Shift 1,IM-002,M-INJ-002,TR-002-PETG-24410,PETG,Screw Cap,23151,M,315,0,2,1,3,Conforming,Approved,Approved,Approved - First Pass,2025-12-25 11:02:59.705,—,Beatriz Costa
LOTE-M-INJ-002-6052,WO-8461,2025-12-24,shift 2,IM-002,M-INJ-002,TR-002-HDPE-24410,HDPE,Screw Cap,13427,M,315,0,1,5,6,Conforming,Approved,Approved,Approved - First Pass,2025-12-26 04:48:05.162,—,Ana Silva
LOTE-M-INJ-002-6053,WO-8464,2025-12-27,SHIFT 3,IM-002,M-INJ-002,TR-002-PP-24410,PP,Screw Cap,31710,M,315,0,6,33,39,Conforming,Approved,Approved,Approved - First Pass,2025-12-28 04:53:32.119,—,Carlos Mendes
LOTE-M-INJ-002-6054,WO-8465,2025-12-27,Shift 2,IM-002,M-INJ-002,TR-002-HDPE-24410,HDPE,Screw Cap,13749,M,315,0,3,4,7,Conforming,Approved,Approved,Approved - First Pass,2025-12-28 15:43:06.540,—,Ana Silva
LOTE-M-INJ-002-6055,WO-8468,2025-12-29,Shift 2,IM-002,M-INJ-002,TR-002-PP-24410,PP,Screw Cap,27208,M,315,0,10,11,21,Conforming,Approved,Approved,Approved - First Pass,2025-12-30 17:58:58.217,—,Diogo Ferreira
LOTE-M-INJ-002-6056,WO-8471,2025-12-31,Shift 2,IM-002,M-INJ-002,TR-002-PP-PCR-24410,PP-PCR,Screw Cap,30129,M,315,0,7,26,33,Conforming,Approved,Approved,Approved - First Pass,2026-01-01 08:46:45.723,—,Elena Santos
LOTE-M-INJ-002-6057,WO-8472,2026-01-01,Shift 1,IM-002,M-INJ-002,TR-002-PETG-24410,PETG,Screw Cap,8169,L,200,0,0,13,13,Conforming,Approved,Approved,Approved - First Pass,2026-01-02 05:41:15.173,—,Carlos Mendes
LOTE-M-INJ-002-6058,WO-8475,2026-01-03,Shift 3,IM-002,M-INJ-002,TR-002-HDPE-24410,HDPE,Screw Cap,34589,M,315,0,5,3,8,Conforming,Approved,Approved,Approved - First Pass,2026-01-04 19:14:58.917,—,Beatriz Costa
LOTE-M-INJ-002-6059,WO-8476,2026-01-04,Shift 3,IM-002,M-INJ-002,TR-002-PP-PCR-24410,PP-PCR,Screw Cap,5611,L,200,0,0,2,2,Conforming,Approved,Approved,Approved - First Pass,2026-01-05 05:35:04.789,—,Elena Santos
LOTE-M-INJ-002-6060,WO-8478,2026-01-05,Shift 3,IM-002,M-INJ-002,TR-002-PP-24410,PP,Screw Cap,22493,M,315,0,12,13,25,Conforming,Rejected,Approved,Approved - Released on Deviation,2026-01-06 04:16:42.105,—,Ana Silva
LOTE-M-INJ-002-6061,WO-8479,2026-01-05,Shift 3,IM-002,M-INJ-002,TR-002-HDPE-24410,HDPE,Screw Cap,6538,L,200,1,0,5,6,Conforming,Rejected,Rejected,Rejected - Scrapped,2026-01-06 22:56:05.990,Sealing:1(Re=1),Diogo Ferreira
LOTE-M-INJ-002-6062,WO-8481,2026-01-07,Shift 3,IM-002,M-INJ-002,TR-002-HDPE-24410,HDPE,Screw Cap,23231,M,315,0,5,7,12,Conforming,Approved,Approved,Approved - First Pass,2026-01-08 13:29:16.132,—,Diogo Ferreira
LOTE-M-INJ-002-6063,WO-8483,2026-01-08,Shift 1,IM-002,M-INJ-002,TR-002-PP-PCR-24410,PP-PCR,Screw Cap,18599,M,315,0,8,0,8,Conforming,Approved,Approved,Approved - First Pass,2026-01-09 13:40:56.973,—,Diogo Ferreira
LOTE-M-INJ-002-6064,WO-8485,2026-01-09,Shift 2,IM-002,M-INJ-002,TR-002-PETG-24410,PETG,Screw Cap,24900,M,315,0,11,17,28,Conforming,Rejected,Rejected,Rejected - Scrapped,2026-01-10 19:53:02.004,Short Shot:9(Re=8),Ana Silva
LOTE-M-INJ-002-6065,WO-8486,2026-01-10,Shift 1,IM-002,M-INJ-002,TR-002-PETG-24410,PETG,Screw Cap,16611,M,315,1,2,11,14,Conforming,Rejected,Rejected,Rejected - Scrapped,2026-01-11 08:32:52.388,Thread:1(Re=1),Beatriz Costa
LOTE-M-INJ-002-6066,WO-8487,2026-01-11,Shift 1,IM-002,M-INJ-002,TR-002-HDPE-24410,HDPE,Screw Cap,8625,L,200,0,3,4,7,Conforming,Approved,Approved,Approved - First Pass,2026-01-12 03:38:08.652,—,Ana Silva
LOTE-M-INJ-002-6067,WO-8489,2026-01-12,Shift 2,IM-002,M-INJ-002,TR-002-PP-24410,PP,Screw Cap,20986,M,315,1,1,15,17,Conforming,Rejected,Rejected,Rejected - Scrapped,2026-01-13 16:14:10.650,Thread:1(Re=1),Ana Silva
LOTE-M-INJ-002-6068,WO-8491,2026-01-14,Shift 3,IM-002,M-INJ-002,TR-002-PETG-24410,PETG,Screw Cap,17751,M,315,0,4,2,6,Conforming,Approved,Approved,Approved - First Pass,2026-01-15 01:03:14.272,—,Diogo Ferreira
LOTE-M-INJ-002-6069,WO-8493,2026-01-15,Shift 1,IM-002,M-INJ-002,TR-002-HDPE-24410,HDPE,Screw Cap,22670,M,315,0,5,6,11,Conforming,Approved,Approved,Approved - First Pass,2026-01-16 15:02:33.718,—,Ana Silva
LOTE-M-INJ-002-6070,WO-8495,2026-01-16,Shift 2,IM-002,M-INJ-002,TR-002-HDPE-24410,HDPE,Screw Cap,23171,M,315,1,2,20,23,Conforming,Rejected,Rejected,Rejected - Scrapped,2026-01-17 17:14:01.604,Thread:1(Re=1),Ana Silva
LOTE-M-INJ-002-6071,WO-8497,2026-01-18,Shift 1,IM-002,M-INJ-002,TR-002-PP-PCR-24410,PP-PCR,Screw Cap,27672,M,315,0,2,10,12,Conforming,Approved,Approved,Approved - First Pass,2026-01-19 11:50:44.090,—,Beatriz Costa
LOTE-M-INJ-002-6072,WO-8499,2026-01-19,Shift 2,IM-002,M-INJ-002,TR-002-PETG-24410,PETG,Screw Cap,18243,M,315,0,13,6,19,Conforming,Rejected,Approved,Approved - Reworked,2026-01-20 19:08:11.896,—,Elena Santos
LOTE-M-INJ-002-6073,WO-8501,2026-01-21,Shift 3,IM-002,M-INJ-002,TR-002-PP-24410,PP,Screw Cap,26436,M,315,2,9,12,23,Conforming,Rejected,Rejected,Rejected - Scrapped,2026-01-22 06:37:55.403,Thread:1(Re=1),Ana Silva
LOTE-M-INJ-002-6074,WO-8504,2026-01-23,Shift 3,IM-002,M-INJ-002,TR-002-PETG-24410,PETG,Screw Cap,24924,M,315,0,7,7,14,Conforming,Approved,Approved,Approved - First Pass,2026-01-23 22:05:07.501,—,Ana Silva
LOTE-M-INJ-002-6075,WO-8506,2026-01-24,shift 3,IM-002,M-INJ-002,TR-002-HDPE-24410,HDPE,Screw Cap,21181,M,315,0,9,3,12,Conforming,Approved,Approved,Approved - First Pass,2026-01-25 06:27:56.030,—,Ana Silva
LOTE-M-INJ-002-6076,WO-8507,2026-01-24,Shift 2,IM-002,M-INJ-002,TR-002-PP-24410,PP,Screw Cap,8457,L,200,0,11,3,14,Conforming,Rejected,Approved,Approved - Released on Deviation,2026-01-25 15:43:28.799,—,Diogo Ferreira
LOTE-M-INJ-002-6077,WO-8510,2026-01-26,Shift 2,IM-002,M-INJ-002,TR-002-HDPE-24410,HDPE,Screw Cap,27458,M,315,0,5,3,8,Conforming,Approved,Approved,Approved - First Pass,2026-01-28 02:37:54.418,—,Carlos Mendes
LOTE-M-INJ-002-6078,WO-8513,2026-01-29,Shift 3,IM-002,M-INJ-002,TR-002-PETG-24410,PETG,Screw Cap,23594,M,315,0,9,6,15,Conforming,Approved,Approved,Approved - First Pass,2026-01-29 23:45:24.767,—,Elena Santos
LOTE-M-INJ-002-6079,WO-8514,2026-01-29,Shift 2,IM-002,M-INJ-002,TR-002-PP-PCR-24410,PP-PCR,Screw Cap,6331,L,200,0,0,4,4,Conforming,Approved,Approved,Approved - First Pass,2026-01-30 06:44:22.863,—,Carlos Mendes
LOTE-M-INJ-002-6080,WO-8516,2026-01-30,Shift 2,IM-002,M-INJ-002,TR-002-PETG-24410,PETG,Screw Cap,16392,M,315,0,5,15,20,Conforming,Approved,Approved,Approved - First Pass,2026-01-31 21:08:27.666,—,Diogo Ferreira
LOTE-M-INJ-002-6081,WO-8517,2026-01-31,Shift 3,IM-002,M-INJ-002,TR-002-PP-24410,PP,Screw Cap,9828,L,200,0,1,6,7,Conforming,Approved,Approved,Approved - First Pass,2026-01-31 22:49:19.067,—,Elena Santos
LOTE-M-INJ-002-6082,WO-8519,2026-02-01,SHIFT 2,IM-002,M-INJ-002,TR-002-PETG-24410,PETG,Screw Cap,14819,M,315,1,10,9,20,Conforming,Rejected,Rejected,Rejected - Scrapped,2026-02-02 17:36:36.024,Thread:1(Re=1),Beatriz Costa
LOTE-M-INJ-002-6083,WO-8520,2026-02-01,Shift 3,IM-002,M-INJ-002,TR-002-PP-PCR-24410,PP-PCR,Screw Cap,12427,M,315,0,3,7,10,Nonconformance Detected,Approved,Approved,Approved - Released on Deviation,2026-02-03 06:47:29.339,—,Diogo Ferreira
LOTE-M-INJ-002-6084,WO-8523,2026-02-04,Shift 3,IM-002,M-INJ-002,TR-002-PP-24410,PP,Screw Cap,26212,M,315,1,7,4,12,Conforming,Rejected,Rejected,Rejected - Scrapped,2026-02-05 01:01:45.941,Sealing:1(Re=1),Elena Santos
LOTE-M-INJ-002-6085,WO-8525,2026-02-05,Shift 1,IM-002,M-INJ-002,TR-002-PETG-24410,PETG,Screw Cap,26819,M,315,0,11,9,20,Conforming,Approved,Approved,Approved - First Pass,2026-02-06 06:07:07.099,—,Elena Santos
LOTE-M-INJ-002-6086,WO-8527,2026-02-06,Shift 2,IM-002,M-INJ-002,TR-002-PP-PCR-24410,PP-PCR,Screw Cap,17575,M,315,1,6,15,22,Conforming,Rejected,Rejected,Rejected - Scrapped,2026-02-07 12:32:25.189,Thread:1(Re=1),Carlos Mendes
LOTE-M-INJ-002-6087,WO-8529,2026-02-07,Shift 2,IM-002,M-INJ-002,TR-002-PETG-24410,PETG,Screw Cap,16146,M,315,0,2,8,10,Conforming,Approved,Approved,Approved - First Pass,2026-02-08 17:35:58.379,—,Diogo Ferreira
LOTE-M-INJ-002-6088,WO-8532,2026-02-09,Shift 1,IM-002,M-INJ-002,TR-002-PP-24410,PP,Screw Cap,24006,M,315,0,6,28,34,Conforming,Approved,Approved,Approved - First Pass,2026-02-10 17:39:29.914,—,Ana Silva
LOTE-M-INJ-002-6089,WO-8533,2026-02-10,Shift 3,IM-002,M-INJ-002,TR-002-HDPE-24410,HDPE,Screw Cap,8850,L,200,0,3,0,3,Conforming,Approved,Approved,Approved - First Pass,2026-02-10 22:16:21.921,—,Ana Silva
LOTE-M-INJ-002-6090,WO-8534,2026-02-10,Shift 1,IM-002,M-INJ-002,TR-002-PP-24410,PP,Screw Cap,12317,M,315,0,0,7,7,Conforming,Approved,Approved,Approved - First Pass,2026-02-11 20:49:31.197,—,Carlos Mendes
LOTE-M-INJ-002-6091,WO-8536,2026-02-11,Shift 3,IM-002,M-INJ-002,TR-002-HDPE-24410,HDPE,Screw Cap,14409,M,315,0,5,10,15,Conforming,Approved,Approved,Approved - First Pass,2026-02-13 03:36:39.015,—,Elena Santos
LOTE-M-INJ-002-6092,WO-8538,2026-02-13,  Shift 1  ,IM-002,M-INJ-002,TR-002-PP-24410,PP,Screw Cap,21639,M,315,0,2,4,6,Conforming,Approved,Approved,Approved - First Pass,2026-02-14 14:27:14.125,—,Elena Santos
LOTE-M-INJ-002-6093,WO-8539,2026-02-13,shift 2,IM-002,M-INJ-002,TR-002-PP-PCR-24410,PP-PCR,Screw Cap,13919,M,315,0,0,11,11,Conforming,Approved,Approved,Approved - First Pass,2026-02-14 18:04:52.685,—,Beatriz Costa
LOTE-M-INJ-002-6094,WO-8541,2026-02-15,Shift 1,IM-002,M-INJ-002,TR-002-PP-PCR-24410,PP-PCR,Screw Cap,17056,M,315,0,9,10,19,Conforming,Approved,Approved,Approved - First Pass,2026-02-16 15:15:51.965,—,Diogo Ferreira
LOTE-M-INJ-002-6095,WO-8543,2026-02-17,Shift 3,IM-002,M-INJ-002,TR-002-HDPE-24410,HDPE,Screw Cap,18493,M,315,0,5,8,13,Conforming,Approved,Approved,Approved - First Pass,2026-02-18 06:59:36.991,—,Carlos Mendes
LOTE-M-INJ-002-6096,WO-8544,2026-02-17,Shift 2,IM-002,M-INJ-002,TR-002-HDPE-24410,HDPE,Screw Cap,17057,M,315,0,3,9,12,Nonconformance Detected,Approved,Rejected,Rejected - Scrapped,2026-02-19 01:39:20.650,Variable characteristic out of control limits,Diogo Ferreira
LOTE-M-INJ-002-6097,WO-8545,2026-02-18,Shift 2,IM-002,M-INJ-002,TR-002-HDPE-24410,HDPE,Screw Cap,7892,L,200,0,2,9,11,Conforming,Approved,Approved,Approved - First Pass,2026-02-19 19:53:35.733,—,Beatriz Costa
LOTE-M-INJ-002-6098,WO-8547,2026-02-20,Shift 1,IM-002,M-INJ-002,TR-002-PP-24410,PP,Screw Cap,21085,M,315,0,9,7,16,Conforming,Approved,Approved,Approved - First Pass,2026-02-21 21:23:15.046,—,Diogo Ferreira
LOTE-M-INJ-002-6099,WO-8548,2026-02-21,Shift 3,IM-002,M-INJ-002,TR-002-PETG-24410,PETG,Screw Cap,10477,M,315,0,0,5,5,Conforming,Approved,Approved,Approved - First Pass,2026-02-22 03:21:15.573,—,Diogo Ferreira
LOTE-M-INJ-002-6100,WO-8549,2026-02-22,SHIFT 3,IM-002,M-INJ-002,TR-002-PP-24410,PP,Screw Cap,1888,L,200,0,3,3,6,Conforming,Approved,Approved,Approved - First Pass,2026-02-22 19:18:10.399,—,Carlos Mendes
LOTE-M-INJ-002-6101,WO-8550,2026-02-22,Shift 1,IM-002,M-INJ-002,TR-002-PP-PCR-24410,PP-PCR,Screw Cap,11824,M,315,0,6,0,6,Conforming,Approved,Approved,Approved - First Pass,2026-02-23 07:26:49.009,—,Ana Silva
LOTE-M-INJ-002-6102,WO-8551,2026-02-23,Shift 3,IM-002,M-INJ-002,TR-002-PP-24410,PP,Screw Cap,9507,L,200,0,3,10,13,Conforming,Approved,Approved,Approved - First Pass,2026-02-24 12:39:23.394,—,Carlos Mendes
LOTE-M-INJ-002-6103,WO-8554,2026-02-25,Shift 3,IM-002,M-INJ-002,TR-002-PP-24410,PP,Screw Cap,26905,M,315,0,11,13,24,Conforming,Rejected,Approved,Approved - Reworked,2026-02-26 05:11:45.812,—,Carlos Mendes
LOTE-M-INJ-002-6104,WO-8555,2026-02-25,Shift 2,IM-002,M-INJ-002,TR-002-PP-PCR-24410,PP-PCR,Screw Cap,12575,M,315,0,3,6,9,Conforming,Approved,Approved,Approved - First Pass,2026-02-26 15:59:45.094,—,Ana Silva
LOTE-M-INJ-002-6105,WO-8557,2026-02-27,Shift 1,IM-002,M-INJ-002,TR-002-PP-PCR-24410,PP-PCR,Screw Cap,20662,M,315,0,7,4,11,Conforming,Approved,Approved,Approved - First Pass,2026-02-28 09:39:29.311,—,Carlos Mendes
LOTE-M-INJ-002-6106,WO-8559,2026-02-28,Shift 2,IM-002,M-INJ-002,TR-002-PP-PCR-24410,PP-PCR,Screw Cap,18399,M,315,1,4,5,10,Conforming,Rejected,Rejected,Rejected - Scrapped,2026-03-01 07:34:04.294,Sealing:1(Re=1),Carlos Mendes
LOTE-M-INJ-002-6107,WO-8560,2026-03-01,Shift 3,IM-002,M-INJ-002,TR-002-PETG-24410,PETG,Screw Cap,6818,L,200,0,3,1,4,Conforming,Approved,Approved,Approved - First Pass,2026-03-01 20:01:15.722,—,Beatriz Costa
LOTE-M-INJ-002-6108,WO-8563,2026-03-03,Shift 3,IM-002,M-INJ-002,TR-002-PP-PCR-24410,PP-PCR,Screw Cap,37503,M,315,1,8,6,15,Conforming,Rejected,Rejected,Rejected - Scrapped,2026-03-04 12:50:03.470,Thread:1(Re=1),Carlos Mendes
LOTE-M-INJ-002-6109,WO-8565,2026-03-04,  Shift 2  ,IM-002,M-INJ-002,TR-002-PP-24410,PP,Screw Cap,20428,M,315,0,9,0,9,Conforming,Approved,Approved,Approved - First Pass,2026-03-05 15:03:18.826,—,Beatriz Costa
LOTE-M-INJ-002-6110,WO-8567,2026-03-05,shift 3,IM-002,M-INJ-002,TR-002-PP-PCR-24410,PP-PCR,Screw Cap,22690,M,315,0,5,8,13,Conforming,Approved,Approved,Approved - First Pass,2026-03-07 09:55:28.643,—,Elena Santos
LOTE-M-INJ-002-6111,WO-8569,2026-03-07,Shift 2,IM-002,M-INJ-002,TR-002-HDPE-24410,HDPE,Screw Cap,15735,M,315,0,0,0,0,Conforming,Approved,Approved,Approved - First Pass,2026-03-08 20:20:18.510,—,Carlos Mendes
LOTE-M-INJ-002-6112,WO-8570,2026-03-08,Shift 1,IM-002,M-INJ-002,TR-002-PP-24410,PP,Screw Cap,14023,M,315,0,1,0,1,Conforming,Approved,Approved,Approved - First Pass,2026-03-09 08:24:52.828,—,Elena Santos
LOTE-M-INJ-002-6113,WO-8572,2026-03-09,Shift 2,IM-002,M-INJ-002,TR-002-PETG-24410,PETG,Screw Cap,20742,M,315,0,7,4,11,Conforming,Approved,Approved,Approved - First Pass,2026-03-10 19:40:49.352,—,Ana Silva
LOTE-M-INJ-002-6114,WO-8575,2026-03-11,  Shift 2  ,IM-002,M-INJ-002,TR-002-PP-24410,PP,Screw Cap,28073,M,315,0,14,12,26,Conforming,Rejected,Approved,Approved - Reworked,2026-03-13 08:24:03.408,—,Ana Silva
LOTE-M-INJ-002-6115,WO-8577,2026-03-13,Shift 1,IM-002,M-INJ-002,TR-002-PETG-24410,PETG,Screw Cap,15114,M,315,0,1,6,7,Conforming,Approved,Approved,Approved - First Pass,2026-03-14 12:08:33.572,—,Beatriz Costa
LOTE-M-INJ-002-6116,WO-8578,2026-03-13,Shift 3,IM-002,M-INJ-002,TR-002-PP-PCR-24410,PP-PCR,Screw Cap,11734,M,315,0,0,4,4,Conforming,Approved,Approved,Approved - First Pass,2026-03-15 01:48:17.539,—,Carlos Mendes
LOTE-M-INJ-002-6117,WO-8580,2026-03-15,Shift 1,IM-002,M-INJ-002,TR-002-PETG-24410,PETG,Screw Cap,27923,M,315,0,1,0,1,Conforming,Approved,Approved,Approved - First Pass,2026-03-16 19:07:21.605,—,Carlos Mendes
LOTE-M-INJ-002-6118,WO-8583,2026-03-17,Shift 2,IM-002,M-INJ-002,TR-002-PP-24410,PP,Screw Cap,31859,M,315,0,9,0,9,Conforming,Approved,Approved,Approved - First Pass,2026-03-18 18:43:54.836,—,Elena Santos
LOTE-M-INJ-002-6119,WO-8584,2026-03-18,Shift 1,IM-002,M-INJ-002,TR-002-PP-24410,PP,Screw Cap,16055,M,315,0,0,5,5,Conforming,Approved,Approved,Approved - First Pass,2026-03-19 15:25:54.410,—,Beatriz Costa
LOTE-M-INJ-002-6120,WO-8585,2026-03-19,Shift 3,IM-002,M-INJ-002,TR-002-PP-PCR-24410,PP-PCR,Screw Cap,10004,M,315,0,5,0,5,Conforming,Approved,Approved,Approved - First Pass,2026-03-20 20:27:51.869,—,Carlos Mendes
LOTE-M-INJ-002-6121,WO-8586,2026-03-20,  Shift 3  ,IM-002,M-INJ-002,TR-002-PP-PCR-24410,PP-PCR,Screw Cap,5220,L,200,0,4,4,8,Conforming,Approved,Approved,Approved - First Pass,2026-03-20 20:51:57.991,—,Carlos Mendes
LOTE-M-INJ-002-6122,WO-8589,2026-03-21,Shift 1,IM-002,M-INJ-002,TR-002-PP-PCR-24410,PP-PCR,Screw Cap,26950,M,315,0,4,12,16,Conforming,Approved,Approved,Approved - First Pass,2026-03-22 12:16:44.967,—,Carlos Mendes
LOTE-M-INJ-002-6123,WO-8590,2026-03-22,Shift 3,IM-002,M-INJ-002,TR-002-PP-PCR-24410,PP-PCR,Screw Cap,9198,L,200,0,0,0,0,Conforming,Approved,Approved,Approved - First Pass,2026-03-22 20:03:21.777,—,Carlos Mendes
LOTE-M-INJ-002-6124,WO-8591,2026-03-22,Shift 2,IM-002,M-INJ-002,TR-002-PP-PCR-24410,PP-PCR,Screw Cap,8072,L,200,1,0,7,8,Conforming,Rejected,Rejected,Rejected - Scrapped,2026-03-23 17:59:46.783,Thread:1(Re=1),Beatriz Costa
LOTE-M-INJ-002-6125,WO-8592,2026-03-23,Shift 1,IM-002,M-INJ-002,TR-002-PP-PCR-24410,PP-PCR,Screw Cap,6253,L,200,0,4,2,6,Conforming,Approved,Approved,Approved - First Pass,2026-03-24 10:36:47.383,—,Elena Santos
LOTE-M-INJ-002-6126,WO-8595,2026-03-25,Shift 3,IM-002,M-INJ-002,TR-002-PETG-24410,PETG,Screw Cap,21482,M,315,1,3,13,17,Conforming,Rejected,Rejected,Rejected - Scrapped,2026-03-25 14:23:53.338,Thread:1(Re=1),Diogo Ferreira
LOTE-M-INJ-002-6127,WO-8597,2026-03-26,Shift 1,IM-002,M-INJ-002,TR-002-PP-PCR-24410,PP-PCR,Screw Cap,20052,M,315,1,6,1,8,Conforming,Rejected,Rejected,Rejected - Scrapped,2026-03-27 22:59:51.456,Thread:1(Re=1),Diogo Ferreira
LOTE-M-INJ-002-6128,WO-8598,2026-03-27,Shift 1,IM-002,M-INJ-002,TR-002-HDPE-24410,HDPE,Screw Cap,5877,L,200,0,0,2,2,Conforming,Approved,Approved,Approved - First Pass,2026-03-28 14:45:49.277,—,Carlos Mendes
LOTE-M-INJ-002-6129,WO-8600,2026-03-28,Shift 2,IM-002,M-INJ-002,TR-002-HDPE-24410,HDPE,Screw Cap,18184,M,315,0,3,3,6,Conforming,Approved,Approved,Approved - First Pass,2026-03-29 21:09:11.078,—,Ana Silva
LOTE-M-INJ-002-6130,WO-8602,2026-03-30,Shift 1,IM-002,M-INJ-002,TR-002-PETG-24410,PETG,Screw Cap,21761,M,315,0,11,10,21,Nonconformance Detected,Approved,Rejected,Rejected - Scrapped,2026-03-31 14:21:30.806,Variable characteristic out of control limits,Beatriz Costa
LOTE-M-INJ-002-6131,WO-8603,2026-03-31,Shift 1,IM-002,M-INJ-002,TR-002-HDPE-24410,HDPE,Screw Cap,13348,M,315,0,1,3,4,Conforming,Approved,Approved,Approved - First Pass,2026-04-01 13:56:27.304,—,Carlos Mendes
LOTE-M-INJ-002-6132,WO-8605,2026-04-01,Shift 2,IM-002,M-INJ-002,TR-002-PETG-24410,PETG,Screw Cap,17949,M,315,0,8,6,14,Conforming,Approved,Approved,Approved - First Pass,2026-04-02 21:41:13.864,—,Beatriz Costa
LOTE-M-INJ-002-6133,WO-8606,2026-04-02,Shift 3,IM-002,M-INJ-002,TR-002-PETG-24410,PETG,Screw Cap,3129,L,200,0,0,2,2,Conforming,Approved,Approved,Approved - First Pass,2026-04-02 23:46:56.356,—,Carlos Mendes
LOTE-M-INJ-002-6134,WO-8607,2026-04-02,Shift 2,IM-002,M-INJ-002,TR-002-HDPE-24410,HDPE,Screw Cap,13460,M,315,0,7,0,7,Conforming,Approved,Approved,Approved - First Pass,2026-04-03 23:50:51.311,—,Beatriz Costa
LOTE-M-INJ-002-6135,WO-8608,2026-04-03,Shift 1,IM-002,M-INJ-002,TR-002-PP-24410,PP,Screw Cap,7043,L,200,0,0,5,5,Conforming,Approved,Approved,Approved - First Pass,2026-04-04 19:08:37.886,—,Elena Santos
LOTE-M-INJ-002-6136,WO-8609,2026-04-04,Shift 1,IM-002,M-INJ-002,TR-002-PETG-24410,PETG,Screw Cap,8077,L,200,1,5,2,8,Conforming,Rejected,Approved,Approved - Reworked,2026-04-05 08:35:57.890,—,Beatriz Costa
LOTE-M-INJ-002-6137,WO-8612,2026-04-05,Shift 2,IM-002,M-INJ-002,TR-002-PP-24410,PP,Screw Cap,21800,M,315,0,13,15,28,Nonconformance Detected,Approved,Approved,Approved - Reworked,2026-04-07 04:15:27.768,—,Beatriz Costa
LOTE-M-INJ-002-6138,WO-8613,2026-04-06,Shift 1,IM-002,M-INJ-002,TR-002-PP-PCR-24410,PP-PCR,Screw Cap,10107,M,315,0,8,4,12,Conforming,Approved,Approved,Approved - First Pass,2026-04-07 06:19:24.690,—,Carlos Mendes
LOTE-M-INJ-002-6139,WO-8614,2026-04-07,Shift 3,IM-002,M-INJ-002,TR-002-PETG-24410,PETG,Screw Cap,9209,L,200,0,0,4,4,Conforming,Approved,Approved,Approved - First Pass,2026-04-08 16:52:50.227,—,Carlos Mendes
LOTE-M-INJ-002-6140,WO-8616,2026-04-08,Shift 1,IM-002,M-INJ-002,TR-002-HDPE-24410,HDPE,Screw Cap,13907,M,315,0,5,3,8,Conforming,Approved,Approved,Approved - First Pass,2026-04-09 04:35:55.885,—,Diogo Ferreira
LOTE-M-INJ-002-6141,WO-8617,2026-04-08,Shift 3,IM-002,M-INJ-002,TR-002-HDPE-24410,HDPE,Screw Cap,10416,M,315,0,2,3,5,Conforming,Approved,Approved,Approved - First Pass,2026-04-10 07:08:38.802,—,Beatriz Costa
LOTE-M-INJ-002-6142,WO-8620,2026-04-10,Shift 2,IM-002,M-INJ-002,TR-002-PP-24410,PP,Screw Cap,28706,M,315,1,14,15,30,Conforming,Rejected,Rejected,Rejected - Scrapped,2026-04-12 02:30:29.540,Sealing:1(Re=1),Elena Santos
LOTE-M-INJ-002-6143,WO-8623,2026-04-13,Shift 3,IM-002,M-INJ-002,TR-002-HDPE-24410,HDPE,Screw Cap,34463,M,315,0,24,12,36,Conforming,Rejected,Approved,Approved - Reworked,2026-04-14 08:58:22.333,—,Elena Santos
LOTE-M-INJ-002-6144,WO-8624,2026-04-13,Shift 2,IM-002,M-INJ-002,TR-002-PP-24410,PP,Screw Cap,3721,L,200,0,3,0,3,Conforming,Approved,Approved,Approved - First Pass,2026-04-15 00:36:49.090,—,Beatriz Costa
LOTE-M-INJ-002-6145,WO-8627,2026-04-15,Shift 2,IM-002,M-INJ-002,TR-002-HDPE-24410,HDPE,Screw Cap,25597,M,315,0,5,10,15,Conforming,Approved,Approved,Approved - First Pass,2026-04-16 18:26:01.224,—,Carlos Mendes
LOTE-M-INJ-002-6146,WO-8629,2026-04-17,Shift 3,IM-002,M-INJ-002,TR-002-HDPE-24410,HDPE,Screw Cap,22593,M,315,0,11,11,22,Conforming,Approved,Approved,Approved - First Pass,2026-04-18 09:44:18.939,—,Ana Silva
LOTE-M-INJ-002-6147,WO-8630,2026-04-17,Shift 2,IM-002,M-INJ-002,TR-002-PETG-24410,PETG,Screw Cap,7406,L,200,0,0,4,4,Conforming,Approved,Approved,Approved - First Pass,2026-04-18 15:42:30.560,—,Ana Silva
LOTE-M-INJ-002-6148,WO-8633,2026-04-19,Shift 2,IM-002,M-INJ-002,TR-002-HDPE-24410,HDPE,Screw Cap,32504,M,315,0,7,12,19,Conforming,Approved,Approved,Approved - First Pass,2026-04-20 13:45:35.272,—,Carlos Mendes
LOTE-M-INJ-002-6149,WO-8635,2026-04-21,Shift 3,IM-002,M-INJ-002,TR-002-HDPE-24410,HDPE,Screw Cap,19100,M,315,0,5,10,15,Conforming,Approved,Approved,Approved - First Pass,2026-04-21 21:39:03.553,—,Carlos Mendes
LOTE-M-INJ-002-6150,WO-8636,2026-04-21,Shift 1,IM-002,M-INJ-002,TR-002-PETG-24410,PETG,Screw Cap,5925,L,200,0,0,5,5,Conforming,Approved,Approved,Approved - First Pass,2026-04-22 21:03:12.522,—,Diogo Ferreira
LOTE-M-INJ-002-6151,WO-8637,2026-04-22,Shift 3,IM-002,M-INJ-002,TR-002-HDPE-24410,HDPE,Screw Cap,9444,L,200,1,1,3,5,Conforming,Rejected,Approved,Approved - Reworked,2026-04-23 07:25:07.940,—,Diogo Ferreira
LOTE-M-INJ-002-6152,WO-8640,2026-04-23,Shift 3,IM-002,M-INJ-002,TR-002-PETG-24410,PETG,Screw Cap,33448,M,315,2,8,6,16,Nonconformance Detected,Rejected,Rejected,Rejected - Scrapped,2026-04-25 04:02:02.249,Thread:1(Re=1),Ana Silva
LOTE-M-INJ-002-6153,WO-8641,2026-04-24,Shift 1,IM-002,M-INJ-002,TR-002-PETG-24410,PETG,Screw Cap,7581,L,200,0,1,0,1,Conforming,Approved,Approved,Approved - First Pass,2026-04-25 11:34:43.039,—,Carlos Mendes
LOTE-M-INJ-002-6154,WO-8643,2026-04-25,Shift 1,IM-002,M-INJ-002,TR-002-HDPE-24410,HDPE,Screw Cap,18216,M,315,0,8,9,17,Conforming,Approved,Approved,Approved - First Pass,2026-04-26 21:03:47.270,—,Elena Santos
LOTE-M-INJ-002-6155,WO-8645,2026-04-26,Shift 2,IM-002,M-INJ-002,TR-002-HDPE-24410,HDPE,Screw Cap,17367,M,315,0,6,3,9,Conforming,Approved,Approved,Approved - First Pass,2026-04-27 18:18:18.112,—,Beatriz Costa
LOTE-M-INJ-002-6156,WO-8647,2026-04-28,Shift 3,IM-002,M-INJ-002,TR-002-HDPE-24410,HDPE,Screw Cap,16147,M,315,0,8,16,24,Conforming,Rejected,Approved,Approved - Reworked,2026-04-28 23:54:17.812,—,Carlos Mendes
LOTE-M-INJ-002-6157,WO-8649,2026-04-29,Shift 3,IM-002,M-INJ-002,TR-002-PETG-24410,PETG,Screw Cap,16620,M,315,0,4,1,5,Conforming,Approved,Approved,Approved - First Pass,2026-04-29 22:43:24.266,—,Beatriz Costa
LOTE-M-INJ-002-6158,WO-8650,2026-04-29,Shift 2,IM-002,M-INJ-002,TR-002-PETG-24410,PETG,Screw Cap,8916,L,200,0,4,5,9,Conforming,Approved,Approved,Approved - First Pass,2026-04-30 20:41:28.848,—,Beatriz Costa
LOTE-M-INJ-002-6159,WO-8653,2026-05-01,Shift 2,IM-002,M-INJ-002,TR-002-PP-24410,PP,Screw Cap,29616,M,315,0,9,10,19,Conforming,Approved,Approved,Approved - First Pass,2026-05-02 11:57:47.539,—,Beatriz Costa
LOTE-M-INJ-002-6160,WO-8654,2026-05-02,Shift 1,IM-002,M-INJ-002,TR-002-HDPE-24410,HDPE,Screw Cap,16230,M,315,0,2,0,2,Conforming,Approved,Approved,Approved - First Pass,2026-05-03 12:40:47.452,—,Beatriz Costa
LOTE-M-INJ-002-6161,WO-8656,2026-05-04,Shift 3,IM-002,M-INJ-002,TR-002-PP-PCR-24410,PP-PCR,Screw Cap,24550,M,315,0,5,3,8,Nonconformance Detected,Approved,Approved,Approved - Released on Deviation,2026-05-05 10:03:53.440,—,Ana Silva
LOTE-M-INJ-002-6162,WO-8657,2026-05-04,Shift 2,IM-002,M-INJ-002,TR-002-HDPE-24410,HDPE,Screw Cap,11863,M,315,0,1,4,5,Conforming,Approved,Approved,Approved - First Pass,2026-05-05 23:12:49.678,—,Elena Santos
LOTE-M-INJ-002-6163,WO-8658,2026-05-05,Shift 2,IM-002,M-INJ-002,TR-002-PP-24410,PP,Screw Cap,8019,L,200,0,3,3,6,Conforming,Approved,Approved,Approved - First Pass,2026-05-06 16:18:56.598,—,Ana Silva
LOTE-M-INJ-002-6164,WO-8660,2026-05-07,Shift 3,IM-002,M-INJ-002,TR-002-PETG-24410,PETG,Screw Cap,23447,M,315,0,6,13,19,Conforming,Approved,Approved,Approved - First Pass,2026-05-07 22:32:37.602,—,Beatriz Costa
LOTE-M-INJ-002-6165,WO-8662,2026-05-08,Shift 2,IM-002,M-INJ-002,TR-002-HDPE-24410,HDPE,Screw Cap,17769,M,315,0,2,7,9,Conforming,Approved,Approved,Approved - First Pass,2026-05-10 05:21:16.022,—,Beatriz Costa
LOTE-M-INJ-002-6166,WO-8665,2026-05-10,Shift 3,IM-002,M-INJ-002,TR-002-PP-PCR-24410,PP-PCR,Screw Cap,30206,M,315,0,9,6,15,Conforming,Approved,Approved,Approved - First Pass,2026-05-12 00:19:21.841,—,Beatriz Costa
LOTE-M-INJ-002-6167,WO-8666,2026-05-11,Shift 2,IM-002,M-INJ-002,TR-002-HDPE-24410,HDPE,Screw Cap,10464,M,315,0,5,0,5,Conforming,Approved,Approved,Approved - First Pass,2026-05-12 20:04:44.973,—,Carlos Mendes
LOTE-M-INJ-002-6168,WO-8668,2026-05-12,Shift 2,IM-002,M-INJ-002,TR-002-PP-PCR-24410,PP-PCR,Screw Cap,13749,M,315,0,3,2,5,Nonconformance Detected,Approved,Rejected,Rejected - Scrapped,2026-05-14 02:33:02.625,Variable characteristic out of control limits,Ana Silva
LOTE-M-INJ-002-6169,WO-8671,2026-05-15,Shift 3,IM-002,M-INJ-002,TR-002-PETG-24410,PETG,Screw Cap,32980,M,315,0,3,9,12,Nonconformance Detected,Approved,Approved,Approved - Reworked,2026-05-16 15:31:38.894,—,Elena Santos
LOTE-M-INJ-002-6170,WO-8673,2026-05-16,Shift 2,IM-002,M-INJ-002,TR-002-PP-PCR-24410,PP-PCR,Screw Cap,26267,M,315,0,12,21,33,Conforming,Approved,Approved,Approved - First Pass,2026-05-17 16:35:12.273,—,Ana Silva
LOTE-M-INJ-002-6171,WO-8674,2026-05-17,Shift 2,IM-002,M-INJ-002,TR-002-PP-PCR-24410,PP-PCR,Screw Cap,8904,L,200,0,4,5,9,Conforming,Approved,Approved,Approved - First Pass,2026-05-18 19:47:27.105,—,Beatriz Costa
LOTE-M-INJ-002-6172,WO-8676,2026-05-18,Shift 2,IM-002,M-INJ-002,TR-002-PETG-24410,PETG,Screw Cap,17903,M,315,0,1,12,13,Conforming,Approved,Approved,Approved - First Pass,2026-05-19 19:04:30.691,—,Carlos Mendes
LOTE-M-INJ-002-6173,WO-8678,2026-05-19,shift 2,IM-002,M-INJ-002,TR-002-HDPE-24410,HDPE,Screw Cap,20173,M,315,0,15,7,22,Conforming,Approved,Approved,Approved - First Pass,2026-05-21 06:18:32.360,—,Carlos Mendes
LOTE-M-INJ-002-6174,WO-8679,2026-05-20,Shift 1,IM-002,M-INJ-002,TR-002-PP-24410,PP,Screw Cap,8483,L,200,0,1,4,5,Nonconformance Detected,Approved,Approved,Approved - Reworked,2026-05-21 17:33:40.314,—,Diogo Ferreira
LOTE-M-INJ-002-6175,WO-8681,2026-05-22,Shift 3,IM-002,M-INJ-002,TR-002-PP-24410,PP,Screw Cap,17334,M,315,1,2,7,10,Conforming,Rejected,Rejected,Rejected - Scrapped,2026-05-23 00:07:21.043,Sealing:1(Re=1),Ana Silva
LOTE-M-INJ-002-6176,WO-8682,2026-05-22,Shift 2,IM-002,M-INJ-002,TR-002-PP-24410,PP,Screw Cap,8993,L,200,1,1,2,4,Conforming,Rejected,Rejected,Rejected - Scrapped,2026-05-23 11:40:57.237,Sealing:1(Re=1),Ana Silva
LOTE-M-INJ-002-6177,WO-8683,2026-05-23,SHIFT 3,IM-002,M-INJ-002,TR-002-PP-24410,PP,Screw Cap,7645,L,200,0,1,1,2,Conforming,Approved,Approved,Approved - First Pass,2026-05-23 20:47:16.759,—,Ana Silva
LOTE-M-INJ-002-6178,WO-8686,2026-05-25,Shift 1,IM-002,M-INJ-002,TR-002-PETG-24410,PETG,Screw Cap,30716,M,315,0,12,12,24,Conforming,Rejected,Rejected,Rejected - Scrapped,2026-05-26 00:15:02.600,Short Shot:7(Re=6),Elena Santos
LOTE-M-INJ-002-6179,WO-8687,2026-05-25,Shift 3,IM-002,M-INJ-002,TR-002-HDPE-24410,HDPE,Screw Cap,6960,L,200,0,0,0,0,Conforming,Approved,Approved,Approved - First Pass,2026-05-27 09:45:57.990,—,Beatriz Costa
LOTE-M-INJ-002-6180,WO-8690,2026-05-27,Shift 3,IM-002,M-INJ-002,TR-002-PETG-24410,PETG,Screw Cap,34337,M,315,0,2,17,19,Conforming,Approved,Approved,Approved - First Pass,2026-05-28 20:37:28.308,—,Beatriz Costa
LOTE-M-INJ-002-6181,WO-8692,2026-05-29,Shift 1,IM-002,M-INJ-002,TR-002-PETG-24410,PETG,Screw Cap,25470,M,315,0,7,12,19,Conforming,Approved,Approved,Approved - First Pass,2026-05-30 17:22:35.569,—,Elena Santos
LOTE-M-INJ-002-6182,WO-8693,2026-05-30,Shift 1,IM-002,M-INJ-002,TR-002-PP-24410,PP,Screw Cap,6174,L,200,0,0,1,1,Conforming,Approved,Approved,Approved - First Pass,2026-05-31 08:06:04.583,—,Beatriz Costa
LOTE-M-INJ-002-6183,WO-8694,2026-05-31,shift 3,IM-002,M-INJ-002,TR-002-PP-24410,PP,Screw Cap,14317,M,315,0,4,6,10,Conforming,Approved,Approved,Approved - First Pass,2026-06-01 03:42:18.039,—,Carlos Mendes
LOTE-M-INJ-002-6184,WO-8697,2026-06-01,Shift 2,IM-002,M-INJ-002,TR-002-HDPE-24410,HDPE,Screw Cap,24714,M,315,1,11,11,23,Conforming,Rejected,Rejected,Rejected - Scrapped,2026-06-02 09:02:24.269,Thread:1(Re=1),Ana Silva
LOTE-M-INJ-002-6185,WO-8699,2026-06-02,  Shift 3  ,IM-002,M-INJ-002,TR-002-PETG-24410,PETG,Screw Cap,17674,M,315,1,7,4,12,Conforming,Rejected,Approved,Approved - Released on Deviation,2026-06-03 19:11:15.530,—,Ana Silva
LOTE-M-INJ-002-6186,WO-8700,2026-06-03,Shift 1,IM-002,M-INJ-002,TR-002-HDPE-24410,HDPE,Screw Cap,7380,L,200,0,3,2,5,Conforming,Approved,Approved,Approved - First Pass,2026-06-04 12:21:09.577,—,Carlos Mendes
LOTE-M-INJ-002-6187,WO-8703,2026-06-05,Shift 1,IM-002,M-INJ-002,TR-002-HDPE-24410,HDPE,Screw Cap,30400,M,315,1,11,14,26,Conforming,Rejected,Rejected,Rejected - Scrapped,2026-06-06 03:25:22.376,Thread:1(Re=1),Ana Silva
LOTE-M-INJ-002-6188,WO-8706,2026-06-07,Shift 3,IM-002,M-INJ-002,TR-002-PETG-24410,PETG,Screw Cap,21924,M,315,1,13,16,30,Conforming,Rejected,Rejected,Rejected - Scrapped,2026-06-07 18:27:21.676,Thread:1(Re=1),Diogo Ferreira
LOTE-M-INJ-002-6189,WO-8707,2026-06-07,Shift 1,IM-002,M-INJ-002,TR-002-PETG-24410,PETG,Screw Cap,8749,L,200,0,0,2,2,Conforming,Approved,Approved,Approved - First Pass,2026-06-08 18:06:51.151,—,Diogo Ferreira
LOTE-M-INJ-002-6190,WO-8708,2026-06-08,Shift 3,IM-002,M-INJ-002,TR-002-PP-PCR-24410,PP-PCR,Screw Cap,11471,M,315,0,0,11,11,Conforming,Approved,Approved,Approved - First Pass,2026-06-09 08:47:01.475,—,Elena Santos
LOTE-M-INJ-002-6191,WO-8710,2026-06-09,Shift 2,IM-002,M-INJ-002,TR-002-PP-PCR-24410,PP-PCR,Screw Cap,19973,M,315,0,7,13,20,Conforming,Approved,Approved,Approved - First Pass,2026-06-11 04:37:37.035,—,Carlos Mendes
LOTE-M-INJ-002-6192,WO-8711,2026-06-10,Shift 1,IM-002,M-INJ-002,TR-002-PETG-24410,PETG,Screw Cap,11510,M,315,0,0,5,5,Conforming,Approved,Approved,Approved - First Pass,2026-06-11 05:58:19.348,—,Elena Santos
LOTE-M-INJ-002-6193,WO-8712,2026-06-11,Shift 3,IM-002,M-INJ-002,TR-002-PP-PCR-24410,PP-PCR,Screw Cap,7764,L,200,0,0,0,0,Conforming,Approved,Approved,Approved - First Pass,2026-06-12 00:16:54.650,—,Diogo Ferreira
LOTE-M-INJ-002-6194,WO-8713,2026-06-11,Shift 2,IM-002,M-INJ-002,TR-002-PETG-24410,PETG,Screw Cap,10755,M,315,0,0,6,6,Conforming,Approved,Approved,Approved - First Pass,2026-06-12 21:18:06.302,—,Diogo Ferreira
LOTE-M-INJ-002-6195,WO-8715,2026-06-12,Shift 2,IM-002,M-INJ-002,TR-002-PETG-24410,PETG,Screw Cap,21064,M,315,0,6,17,23,Nonconformance Detected,Approved,Rejected,Rejected - Scrapped,2026-06-13 13:32:04.423,Variable characteristic out of control limits,Diogo Ferreira
LOTE-M-INJ-002-6196,WO-8716,2026-06-13,Shift 1,IM-002,M-INJ-002,TR-002-PP-24410,PP,Screw Cap,8935,L,200,0,0,2,2,Conforming,Approved,Approved,Approved - First Pass,2026-06-15 00:37:10.590,—,Ana Silva
LOTE-M-INJ-002-6197,WO-8718,2026-06-15,Shift 3,IM-002,M-INJ-002,TR-002-PETG-24410,PETG,Screw Cap,19556,M,315,0,2,10,12,Conforming,Approved,Approved,Approved - First Pass,2026-06-16 14:04:23.547,—,Diogo Ferreira
LOTE-M-INJ-002-6198,WO-8721,2026-06-17,Shift 3,IM-002,M-INJ-002,TR-002-PP-24410,PP,Screw Cap,26071,M,315,1,12,21,34,Conforming,Rejected,Rejected,Rejected - Scrapped,2026-06-17 21:17:41.405,Short Shot:8(Re=8),Ana Silva
LOTE-M-INJ-002-6199,WO-8722,2026-06-17,Shift 1,IM-002,M-INJ-002,TR-002-PP-24410,PP,Screw Cap,10304,M,315,1,5,12,18,Conforming,Rejected,Rejected,Rejected - Scrapped,2026-06-18 15:52:01.631,Thread:1(Re=1),Diogo Ferreira
LOTE-M-INJ-002-6200,WO-8724,2026-06-18,Shift 2,IM-002,M-INJ-002,TR-002-PETG-24410,PETG,Screw Cap,11746,M,315,1,6,5,12,Conforming,Rejected,Rejected,Rejected - Scrapped,2026-06-19 20:15:26.149,Thread:1(Re=1),Elena Santos
LOTE-M-INJ-002-6201,WO-8726,2026-06-20,Shift 3,IM-002,M-INJ-002,TR-002-PP-PCR-24410,PP-PCR,Screw Cap,21494,M,315,1,1,6,8,Conforming,Rejected,Rejected,Rejected - Scrapped,2026-06-21 09:55:21.814,Sealing:1(Re=1),Ana Silva
LOTE-M-INJ-002-6202,WO-8727,2026-06-20,Shift 3,IM-002,M-INJ-002,TR-002-PP-PCR-24410,PP-PCR,Screw Cap,9414,L,200,1,2,1,4,Conforming,Rejected,Rejected,Rejected - Scrapped,2026-06-22 06:52:26.085,Thread:1(Re=1),Elena Santos
LOTE-M-INJ-002-6203,WO-8728,2026-06-21,Shift 1,IM-002,M-INJ-002,TR-002-HDPE-24410,HDPE,Screw Cap,6957,L,200,0,0,4,4,Conforming,Approved,Approved,Approved - First Pass,2026-06-22 12:41:28.185,—,Diogo Ferreira
LOTE-M-INJ-002-6204,WO-8730,2026-06-23,Shift 3,IM-002,M-INJ-002,TR-002-HDPE-24410,HDPE,Screw Cap,14128,M,315,1,4,8,13,Nonconformance Detected,Rejected,Approved,Approved - Reworked,2026-06-24 00:59:01.083,—,Diogo Ferreira
LOTE-M-INJ-002-6205,WO-8733,2026-06-24,Shift 3,IM-002,M-INJ-002,TR-002-PP-24410,PP,Screw Cap,35073,M,315,0,16,33,49,Conforming,Rejected,Approved,Approved - Reworked,2026-06-26 19:46:26.752,—,Elena Santos
LOTE-M-INJ-002-6206,WO-8735,2026-06-26,Shift 1,IM-002,M-INJ-002,TR-002-HDPE-24410,HDPE,Screw Cap,17294,M,315,0,0,7,7,Conforming,Approved,Approved,Approved - First Pass,2026-06-27 14:53:36.187,—,Elena Santos
LOTE-M-INJ-002-6207,WO-8736,2026-06-26,shift 3,IM-002,M-INJ-002,TR-002-PETG-24410,PETG,Screw Cap,7771,L,200,0,0,2,2,Conforming,Approved,Approved,Approved - First Pass,2026-06-28 06:19:44.474,—,Beatriz Costa
LOTE-M-INJ-002-6208,WO-8737,2026-06-27,Shift 2,IM-002,M-INJ-002,TR-002-PP-PCR-24410,PP-PCR,Screw Cap,12446,M,315,0,7,5,12,Conforming,Approved,Approved,Approved - First Pass,2026-06-28 20:44:49.860,—,Elena Santos
LOTE-M-INJ-002-6209,WO-8738,2026-06-28,Shift 1,IM-002,M-INJ-002,TR-002-PP-PCR-24410,PP-PCR,Screw Cap,7107,L,200,0,0,5,5,Conforming,Approved,Approved,Approved - First Pass,2026-06-29 04:09:28.751,—,Diogo Ferreira
LOTE-M-INJ-002-6210,WO-8740,2026-06-29,Shift 2,IM-002,M-INJ-002,TR-002-HDPE-24410,HDPE,Screw Cap,18688,M,315,0,0,8,8,Conforming,Approved,Approved,Approved - First Pass,2026-06-30 20:48:34.213,—,Beatriz Costa
LOTE-M-INJ-002-6211,WO-8741,2026-06-30,Shift 3,IM-002,M-INJ-002,TR-002-PETG-24410,PETG,Screw Cap,11137,M,315,0,6,13,19,Conforming,Approved,Approved,Approved - First Pass,2026-07-01 05:24:13.657,—,Diogo Ferreira
LOTE-M-INJ-002-6212,WO-8742,2026-06-30,Shift 3,IM-002,M-INJ-002,TR-002-PP-24410,PP,Screw Cap,10469,M,315,0,1,3,4,Conforming,Approved,Approved,Approved - First Pass,2026-07-02 14:47:37.460,—,Ana Silva
LOTE-M-INJ-002-6213,WO-8743,2026-07-01,shift 3,IM-002,M-INJ-002,TR-002-PP-24410,PP,Screw Cap,9562,L,200,0,2,4,6,Conforming,Approved,Approved,Approved - First Pass,2026-07-02 20:01:27.019,—,Ana Silva
LOTE-M-INJ-002-6214,WO-8744,2026-07-02,Shift 1,IM-002,M-INJ-002,TR-002-PP-PCR-24410,PP-PCR,Screw Cap,10989,M,315,0,0,1,1,Conforming,Approved,Approved,Approved - First Pass,2026-07-03 07:22:05.216,—,Elena Santos
LOTE-M-INJ-002-6215,WO-8747,2026-07-04,Shift 1,IM-002,M-INJ-002,TR-002-PP-24410,PP,Screw Cap,21967,M,315,1,16,10,27,Conforming,Rejected,Rejected,Rejected - Scrapped,2026-07-05 20:31:08.208,Short Shot:7(Re=6),Carlos Mendes
LOTE-M-INJ-002-6216,WO-8749,2026-07-05,Shift 3,IM-002,M-INJ-002,TR-002-PP-24410,PP,Screw Cap,19266,M,315,0,3,11,14,Conforming,Approved,Approved,Approved - First Pass,2026-07-06 17:30:59.525,—,Diogo Ferreira
LOTE-M-INJ-002-6217,WO-8752,2026-07-08,Shift 3,IM-002,M-INJ-002,TR-002-PETG-24410,PETG,Screw Cap,26131,M,315,0,9,8,17,Conforming,Approved,Approved,Approved - First Pass,2026-07-08 22:18:33.609,—,Elena Santos
LOTE-M-INJ-002-6218,WO-8753,2026-07-08,shift 1,IM-002,M-INJ-002,TR-002-PP-24410,PP,Screw Cap,5893,L,200,0,0,0,0,Conforming,Approved,Approved,Approved - First Pass,2026-07-09 12:49:48.983,—,Carlos Mendes
LOTE-M-INJ-002-6219,WO-8754,2026-07-08,SHIFT 2,IM-002,M-INJ-002,TR-002-PP-PCR-24410,PP-PCR,Screw Cap,11184,M,315,0,3,6,9,Conforming,Approved,Approved,Approved - First Pass,2026-07-10 00:49:04.064,—,Diogo Ferreira
LOTE-M-INJ-002-6220,WO-8755,2026-07-09,Shift 2,IM-002,M-INJ-002,TR-002-HDPE-24410,HDPE,Screw Cap,8008,L,200,0,2,8,10,Conforming,Approved,Approved,Approved - First Pass,2026-07-10 19:24:20.320,—,Diogo Ferreira
LOTE-M-INJ-002-6221,WO-8758,2026-07-11,shift 2,IM-002,M-INJ-002,TR-002-PETG-24410,PETG,Screw Cap,30034,M,315,1,14,11,26,Conforming,Rejected,Rejected,Rejected - Scrapped,2026-07-12 13:44:18.493,Sealing:1(Re=1),Elena Santos
LOTE-M-INJ-002-6222,WO-8759,2026-07-12,Shift 1,IM-002,M-INJ-002,TR-002-PP-PCR-24410,PP-PCR,Screw Cap,5953,L,200,0,0,3,3,Conforming,Approved,Approved,Approved - First Pass,2026-07-13 11:54:13.634,—,Carlos Mendes
LOTE-M-INJ-002-6223,WO-8761,2026-07-13,Shift 1,IM-002,M-INJ-002,TR-002-PP-PCR-24410,PP-PCR,Screw Cap,19845,M,315,0,4,18,22,Conforming,Approved,Approved,Approved - First Pass,2026-07-14 01:28:38.805,—,Diogo Ferreira
LOTE-M-INJ-002-6224,WO-8762,2026-07-13,Shift 3,IM-002,M-INJ-002,TR-002-PETG-24410,PETG,Screw Cap,6833,L,200,0,0,0,0,Nonconformance Detected,Approved,Approved,Approved - Reworked,2026-07-15 09:58:28.962,—,Beatriz Costa
LOTE-M-INJ-002-6225,WO-8765,2026-07-15,Shift 1,IM-002,M-INJ-002,TR-002-HDPE-24410,HDPE,Screw Cap,22935,M,315,0,5,16,21,Nonconformance Detected,Approved,Approved,Approved - Released on Deviation,2026-07-16 11:00:01.026,—,Ana Silva
LOTE-M-INJ-002-6226,WO-8766,2026-07-15,Shift 2,IM-002,M-INJ-002,TR-002-HDPE-24410,HDPE,Screw Cap,8063,L,200,0,0,3,3,Conforming,Approved,Approved,Approved - First Pass,2026-07-17 08:10:53.436,—,Ana Silva
LOTE-M-INJ-002-6227,WO-8768,2026-07-17,Shift 1,IM-002,M-INJ-002,TR-002-PETG-24410,PETG,Screw Cap,22422,M,315,0,1,3,4,Nonconformance Detected,Approved,Rejected,Rejected - Scrapped,2026-07-18 19:03:00.914,Variable characteristic out of control limits,Elena Santos
LOTE-M-INJ-002-6228,WO-8770,2026-07-19,Shift 3,IM-002,M-INJ-002,TR-002-PETG-24410,PETG,Screw Cap,13908,M,315,0,4,4,8,Conforming,Approved,Approved,Approved - First Pass,2026-07-19 23:16:38.700,—,Elena Santos
LOTE-M-INJ-002-6229,WO-8771,2026-07-19,Shift 1,IM-002,M-INJ-002,TR-002-PP-PCR-24410,PP-PCR,Screw Cap,10457,M,315,0,6,3,9,Conforming,Approved,Approved,Approved - First Pass,2026-07-21 01:39:24.705,—,Ana Silva
LOTE-M-INJ-002-6230,WO-8772,2026-07-20,Shift 1,IM-002,M-INJ-002,TR-002-PP-24410,PP,Screw Cap,14222,M,315,0,0,6,6,Conforming,Approved,Approved,Approved - First Pass,2026-07-21 17:41:22.945,—,Elena Santos
LOTE-M-INJ-002-6231,WO-8774,2026-07-21,Shift 2,IM-002,M-INJ-002,TR-002-PETG-24410,PETG,Screw Cap,16235,M,315,0,0,8,8,Conforming,Approved,Approved,Approved - First Pass,2026-07-22 16:07:01.135,—,Elena Santos
LOTE-M-INJ-002-6232,WO-8776,2026-07-22,Shift 2,IM-002,M-INJ-002,TR-002-PP-PCR-24410,PP-PCR,Screw Cap,19852,M,315,0,5,5,10,Conforming,Approved,Approved,Approved - First Pass,2026-07-24 08:44:09.652,—,Beatriz Costa
LOTE-M-INJ-002-6233,WO-8779,2026-07-24,Shift 2,IM-002,M-INJ-002,TR-002-PP-PCR-24410,PP-PCR,Screw Cap,24706,M,315,0,8,12,20,Conforming,Approved,Approved,Approved - First Pass,2026-07-25 23:50:47.430,—,Diogo Ferreira
LOTE-M-INJ-002-6234,WO-8780,2026-07-25,  Shift 1  ,IM-002,M-INJ-002,TR-002-PP-PCR-24410,PP-PCR,Screw Cap,4341,L,200,0,0,7,7,Conforming,Approved,Approved,Approved - First Pass,2026-07-26 10:58:42.425,—,Carlos Mendes
LOTE-M-INJ-002-6235,WO-8781,2026-07-26,Shift 3,IM-002,M-INJ-002,TR-002-HDPE-24410,HDPE,Screw Cap,5418,L,200,0,4,7,11,Conforming,Approved,Approved,Approved - First Pass,2026-07-27 12:37:11.058,—,Elena Santos
LOTE-M-INJ-002-6236,WO-8783,2026-07-27,Shift 1,IM-002,M-INJ-002,TR-002-PP-24410,PP,Screw Cap,14714,M,315,0,8,10,18,Conforming,Approved,Approved,Approved - First Pass,2026-07-28 15:17:10.072,—,Elena Santos
LOTE-M-INJ-002-6237,WO-8785,2026-07-28,Shift 2,IM-002,M-INJ-002,TR-002-PP-24410,PP,Screw Cap,24797,M,315,0,4,15,19,Conforming,Approved,Approved,Approved - First Pass,2026-07-29 17:35:48.549,—,Diogo Ferreira
LOTE-M-INJ-002-6238,WO-8786,2026-07-29,Shift 1,IM-002,M-INJ-002,TR-002-PETG-24410,PETG,Screw Cap,8010,L,200,0,3,9,12,Conforming,Approved,Approved,Approved - First Pass,2026-07-31 04:25:17.249,—,Beatriz Costa
LOTE-M-INJ-002-6239,WO-8789,2026-07-31,Shift 1,IM-002,M-INJ-002,TR-002-PP-PCR-24410,PP-PCR,Screw Cap,25985,M,315,0,14,8,22,Conforming,Rejected,Rejected,Rejected - Scrapped,2026-08-01 09:07:09.413,Flash:6(Re=6),Diogo Ferreira
LOTE-M-INJ-002-6240,WO-8791,2026-08-01,Shift 1,IM-002,M-INJ-002,TR-002-PP-PCR-24410,PP-PCR,Screw Cap,17025,M,315,0,8,6,14,Conforming,Approved,Approved,Approved - First Pass,2026-08-02 05:10:16.710,—,Elena Santos
LOTE-M-INJ-002-6241,WO-8792,2026-08-02,Shift 3,IM-002,M-INJ-002,TR-002-PP-24410,PP,Screw Cap,12014,M,315,0,0,5,5,Conforming,Approved,Approved,Approved - First Pass,2026-08-02 19:28:38.600,—,Diogo Ferreira
LOTE-M-INJ-002-6242,WO-8793,2026-08-02,Shift 2,IM-002,M-INJ-002,TR-002-PP-24410,PP,Screw Cap,7501,L,200,1,7,0,8,Nonconformance Detected,Rejected,Rejected,Rejected - Scrapped,2026-08-03 14:51:13.772,Sealing:1(Re=1),Beatriz Costa
LOTE-M-INJ-002-6243,WO-8796,2026-08-04,Shift 1,IM-002,M-INJ-002,TR-002-PP-24410,PP,Screw Cap,33192,M,315,1,6,27,34,Nonconformance Detected,Rejected,Approved,Approved - Reworked,2026-08-06 02:23:24.726,—,Diogo Ferreira
LOTE-M-INJ-002-6244,WO-8798,2026-08-05,  Shift 2  ,IM-002,M-INJ-002,TR-002-PP-PCR-24410,PP-PCR,Screw Cap,18603,M,315,0,2,10,12,Conforming,Approved,Approved,Approved - First Pass,2026-08-07 01:17:41.479,—,Diogo Ferreira
LOTE-M-INJ-002-6245,WO-8800,2026-08-06,Shift 2,IM-002,M-INJ-002,TR-002-PP-24410,PP,Screw Cap,11458,M,315,0,1,8,9,Conforming,Approved,Approved,Approved - First Pass,2026-08-07 15:10:37.513,—,Carlos Mendes
LOTE-M-INJ-002-6246,WO-8801,2026-08-07,SHIFT 1,IM-002,M-INJ-002,TR-002-PP-PCR-24410,PP-PCR,Screw Cap,3361,L,200,0,1,0,1,Conforming,Approved,Approved,Approved - First Pass,2026-08-08 14:02:30.612,—,Diogo Ferreira
LOTE-M-INJ-002-6247,WO-8802,2026-08-08,SHIFT 3,IM-002,M-INJ-002,TR-002-PETG-24410,PETG,Screw Cap,9081,L,200,0,3,6,9,Conforming,Approved,Approved,Approved - First Pass,2026-08-08 19:35:10.298,—,Beatriz Costa
LOTE-M-INJ-002-6248,WO-8803,2026-08-08,Shift 2,IM-002,M-INJ-002,TR-002-PETG-24410,PETG,Screw Cap,7862,L,200,0,3,0,3,Conforming,Approved,Approved,Approved - First Pass,2026-08-09 12:21:41.399,—,Diogo Ferreira
LOTE-M-INJ-002-6249,WO-8805,2026-08-10,Shift 1,IM-002,M-INJ-002,TR-002-HDPE-24410,HDPE,Screw Cap,24869,M,315,2,11,17,30,Conforming,Rejected,Rejected,Rejected - Scrapped,2026-08-11 15:05:30.876,Thread:2(Re=1),Carlos Mendes
LOTE-M-INJ-002-6250,WO-8808,2026-08-12,Shift 1,IM-002,M-INJ-002,TR-002-HDPE-24410,HDPE,Screw Cap,29859,M,315,1,1,9,11,Nonconformance Detected,Rejected,Rejected,Rejected - Scrapped,2026-08-13 06:43:22.977,Sealing:1(Re=1),Elena Santos
LOTE-M-INJ-002-6251,WO-8809,2026-08-13,Shift 3,IM-002,M-INJ-002,TR-002-PETG-24410,PETG,Screw Cap,9419,L,200,0,5,7,12,Conforming,Approved,Approved,Approved - First Pass,2026-08-14 07:05:45.838,—,Diogo Ferreira
LOTE-M-INJ-002-6252,WO-8811,2026-08-14,Shift 1,IM-002,M-INJ-002,TR-002-PP-PCR-24410,PP-PCR,Screw Cap,25627,M,315,1,2,5,8,Conforming,Rejected,Rejected,Rejected - Scrapped,2026-08-15 19:14:55.312,Thread:1(Re=1),Elena Santos
LOTE-M-INJ-002-6253,WO-8814,2026-08-16,Shift 1,IM-002,M-INJ-002,TR-002-PP-24410,PP,Screw Cap,28937,M,315,0,12,1,13,Conforming,Approved,Approved,Approved - First Pass,2026-08-17 23:14:31.893,—,Beatriz Costa
LOTE-M-INJ-002-6254,WO-8816,2026-08-17,Shift 2,IM-002,M-INJ-002,TR-002-PETG-24410,PETG,Screw Cap,13995,M,315,0,2,8,10,Conforming,Approved,Approved,Approved - First Pass,2026-08-18 12:23:43.348,—,Carlos Mendes
LOTE-M-INJ-002-6255,WO-8819,2026-08-19,Shift 2,IM-002,M-INJ-002,TR-002-PP-PCR-24410,PP-PCR,Screw Cap,26771,M,315,1,7,13,21,Conforming,Rejected,Rejected,Rejected - Scrapped,2026-08-20 21:46:44.285,Thread:1(Re=1),Ana Silva
LOTE-M-INJ-002-6256,WO-8820,2026-08-20,shift 1,IM-002,M-INJ-002,TR-002-PP-PCR-24410,PP-PCR,Screw Cap,12161,M,315,0,1,1,2,Conforming,Approved,Approved,Approved - First Pass,2026-08-21 14:58:20.429,—,Beatriz Costa
LOTE-M-INJ-002-6257,WO-8822,2026-08-22,Shift 3,IM-002,M-INJ-002,TR-002-PETG-24410,PETG,Screw Cap,20198,M,315,0,5,5,10,Conforming,Approved,Approved,Approved - First Pass,2026-08-23 12:22:36.429,—,Diogo Ferreira
LOTE-M-INJ-002-6258,WO-8824,2026-08-23,shift 2,IM-002,M-INJ-002,TR-002-PETG-24410,PETG,Screw Cap,23827,M,315,2,13,17,32,Conforming,Rejected,Rejected,Rejected - Scrapped,2026-08-24 19:49:20.058,Thread:1(Re=1),Beatriz Costa
LOTE-M-INJ-002-6259,WO-8826,2026-08-25,Shift 1,IM-002,M-INJ-002,TR-002-HDPE-24410,HDPE,Screw Cap,13345,M,315,0,1,3,4,Nonconformance Detected,Approved,Approved,Approved - Released on Deviation,2026-08-26 19:43:26.652,—,Ana Silva
LOTE-M-INJ-002-6260,WO-8827,2026-08-26,Shift 3,IM-002,M-INJ-002,TR-002-PP-PCR-24410,PP-PCR,Screw Cap,7460,L,200,0,3,7,10,Conforming,Approved,Approved,Approved - First Pass,2026-08-27 09:32:50.689,—,Carlos Mendes
LOTE-M-INJ-002-6261,WO-8829,2026-08-27,Shift 1,IM-002,M-INJ-002,TR-002-PP-PCR-24410,PP-PCR,Screw Cap,21067,M,315,1,4,5,10,Conforming,Rejected,Rejected,Rejected - Scrapped,2026-08-28 15:22:54.601,Sealing:1(Re=1),Elena Santos
LOTE-M-INJ-002-6262,WO-8832,2026-08-28,Shift 2,IM-002,M-INJ-002,TR-002-HDPE-24410,HDPE,Screw Cap,24318,M,315,1,2,5,8,Conforming,Rejected,Approved,Approved - Released on Deviation,2026-08-29 11:41:20.083,—,Beatriz Costa
LOTE-M-INJ-002-6263,WO-8833,2026-08-29,  Shift 1  ,IM-002,M-INJ-002,TR-002-PETG-24410,PETG,Screw Cap,7523,L,200,0,0,0,0,Conforming,Approved,Approved,Approved - First Pass,2026-08-29 22:33:30.879,—,Diogo Ferreira
LOTE-M-INJ-002-6264,WO-8834,2026-08-29,Shift 2,IM-002,M-INJ-002,TR-002-HDPE-24410,HDPE,Screw Cap,8024,L,200,0,4,0,4,Conforming,Approved,Approved,Approved - First Pass,2026-08-30 13:33:55.943,—,Ana Silva
LOTE-M-INJ-002-6265,WO-8836,2026-08-31,Shift 3,IM-002,M-INJ-002,TR-002-HDPE-24410,HDPE,Screw Cap,19215,M,315,1,2,7,10,Conforming,Rejected,Rejected,Rejected - Scrapped,2026-08-31 23:13:38.471,Thread:1(Re=1),Carlos Mendes
LOTE-M-INJ-002-6266,WO-8838,2026-09-01,SHIFT 1,IM-002,M-INJ-002,TR-002-PETG-24410,PETG,Screw Cap,12241,M,315,0,8,5,13,Conforming,Approved,Approved,Approved - First Pass,2026-09-02 02:57:51.640,—,Diogo Ferreira
LOTE-M-INJ-002-6267,WO-8839,2026-09-01,Shift 2,IM-002,M-INJ-002,TR-002-HDPE-24410,HDPE,Screw Cap,2351,L,200,0,2,6,8,Conforming,Approved,Approved,Approved - First Pass,2026-09-03 02:31:08.283,—,Elena Santos
LOTE-M-INJ-002-6268,WO-8841,2026-09-03,Shift 3,IM-002,M-INJ-002,TR-002-PP-PCR-24410,PP-PCR,Screw Cap,19571,M,315,0,5,9,14,Nonconformance Detected,Approved,Approved,Approved - Reworked,2026-09-04 06:42:46.144,—,Beatriz Costa
LOTE-M-INJ-002-6269,WO-8842,2026-09-03,Shift 2,IM-002,M-INJ-002,TR-002-PP-PCR-24410,PP-PCR,Screw Cap,12884,M,315,0,12,10,22,Conforming,Rejected,Rejected,Rejected - Scrapped,2026-09-05 04:30:39.761,Short Shot:9(Re=8),Carlos Mendes
LOTE-M-INJ-002-6270,WO-8845,2026-09-05,shift 2,IM-002,M-INJ-002,TR-002-PETG-24410,PETG,Screw Cap,24051,M,315,0,5,7,12,Nonconformance Detected,Approved,Approved,Approved - Reworked,2026-09-07 01:44:40.841,—,Carlos Mendes
LOTE-M-INJ-002-6271,WO-8846,2026-09-06,Shift 2,IM-002,M-INJ-002,TR-002-HDPE-24410,HDPE,Screw Cap,4687,L,200,0,4,3,7,Conforming,Approved,Approved,Approved - First Pass,2026-09-07 17:32:55.030,—,Beatriz Costa
LOTE-M-INJ-002-6272,WO-8847,2026-09-07,Shift 2,IM-002,M-INJ-002,TR-002-HDPE-24410,HDPE,Screw Cap,11605,M,315,0,6,7,13,Conforming,Approved,Approved,Approved - First Pass,2026-09-09 02:29:11.922,—,Beatriz Costa
LOTE-M-INJ-002-6273,WO-8849,2026-09-09,Shift 3,IM-002,M-INJ-002,TR-002-PETG-24410,PETG,Screw Cap,19596,M,315,0,7,5,12,Conforming,Approved,Approved,Approved - First Pass,2026-09-09 22:18:09.234,—,Beatriz Costa
LOTE-M-INJ-002-6274,WO-8851,2026-09-10,Shift 3,IM-002,M-INJ-002,TR-002-PP-PCR-24410,PP-PCR,Screw Cap,19355,M,315,0,7,3,10,Conforming,Approved,Approved,Approved - First Pass,2026-09-11 11:23:37.882,—,Diogo Ferreira
LOTE-M-INJ-002-6275,WO-8854,2026-09-11,Shift 2,IM-002,M-INJ-002,TR-002-PP-PCR-24410,PP-PCR,Screw Cap,26224,M,315,1,5,12,18,Nonconformance Detected,Rejected,Rejected,Rejected - Scrapped,2026-09-12 20:54:15.627,Thread:1(Re=1),Carlos Mendes
LOTE-M-INJ-002-6276,WO-8855,2026-09-12,Shift 1,IM-002,M-INJ-002,TR-002-PP-24410,PP,Screw Cap,12112,M,315,1,7,11,19,Conforming,Rejected,Rejected,Rejected - Scrapped,2026-09-13 21:08:40.803,Thread:1(Re=1),Diogo Ferreira
LOTE-M-INJ-002-6277,WO-8856,2026-09-13,Shift 3,IM-002,M-INJ-002,TR-002-HDPE-24410,HDPE,Screw Cap,7877,L,200,0,3,4,7,Conforming,Approved,Approved,Approved - First Pass,2026-09-14 05:02:01.815,—,Ana Silva
LOTE-M-INJ-002-6278,WO-8858,2026-09-14,Shift 3,IM-002,M-INJ-002,TR-002-PP-PCR-24410,PP-PCR,Screw Cap,16125,M,315,1,3,0,4,Conforming,Rejected,Rejected,Rejected - Scrapped,2026-09-15 01:12:57.714,Sealing:1(Re=1),Diogo Ferreira
LOTE-M-INJ-002-6279,WO-8859,2026-09-14,Shift 2,IM-002,M-INJ-002,TR-002-PP-24410,PP,Screw Cap,5738,L,200,0,6,3,9,Conforming,Approved,Approved,Approved - First Pass,2026-09-15 00:55:29.132,—,Carlos Mendes
LOTE-M-INJ-002-6280,WO-8861,2026-09-15,Shift 1,IM-002,M-INJ-002,TR-002-PETG-24410,PETG,Screw Cap,14645,M,315,0,2,1,3,Conforming,Approved,Approved,Approved - First Pass,2026-09-16 10:26:50.479,—,Diogo Ferreira
LOTE-M-INJ-002-6281,WO-8863,2026-09-16,Shift 2,IM-002,M-INJ-002,TR-002-PP-PCR-24410,PP-PCR,Screw Cap,15119,M,315,0,2,3,5,Conforming,Approved,Approved,Approved - First Pass,2026-09-17 15:41:51.441,—,Elena Santos
LOTE-M-INJ-002-6282,WO-8864,2026-09-17,Shift 1,IM-002,M-INJ-002,TR-002-HDPE-24410,HDPE,Screw Cap,7993,L,200,0,1,6,7,Conforming,Approved,Approved,Approved - First Pass,2026-09-18 11:46:24.188,—,Diogo Ferreira
LOTE-M-INJ-002-6283,WO-8865,2026-09-18,Shift 3,IM-002,M-INJ-002,TR-002-PP-24410,PP,Screw Cap,10691,M,315,0,1,12,13,Conforming,Approved,Approved,Approved - First Pass,2026-09-18 19:41:27.982,—,Beatriz Costa
LOTE-M-INJ-002-6284,WO-8866,2026-09-18,Shift 2,IM-002,M-INJ-002,TR-002-HDPE-24410,HDPE,Screw Cap,12596,M,315,0,5,1,6,Nonconformance Detected,Approved,Approved,Approved - Reworked,2026-09-19 20:59:39.749,—,Ana Silva
LOTE-M-INJ-002-6285,WO-8869,2026-09-20,Shift 2,IM-002,M-INJ-002,TR-002-PP-24410,PP,Screw Cap,23465,M,315,0,1,17,18,Conforming,Approved,Approved,Approved - First Pass,2026-09-21 18:21:37.467,—,Diogo Ferreira
LOTE-M-INJ-002-6286,WO-8872,2026-09-22,Shift 2,IM-002,M-INJ-002,TR-002-PP-PCR-24410,PP-PCR,Screw Cap,30890,M,315,0,11,14,25,Conforming,Rejected,Approved,Approved - Reworked,2026-09-24 02:42:55.742,—,Elena Santos
LOTE-M-INJ-002-6287,WO-8875,2026-09-24,Shift 2,IM-002,M-INJ-002,TR-002-HDPE-24410,HDPE,Screw Cap,35131,M,315,0,8,16,24,Conforming,Approved,Approved,Approved - First Pass,2026-09-26 05:47:57.873,—,Beatriz Costa
LOTE-M-INJ-002-6288,WO-8877,2026-09-26,Shift 2,IM-002,M-INJ-002,TR-002-PETG-24410,PETG,Screw Cap,24128,M,315,1,2,11,14,Conforming,Rejected,Rejected,Rejected - Scrapped,2026-09-27 22:25:10.168,Sealing:1(Re=1),Carlos Mendes
LOTE-M-INJ-002-6289,WO-8880,2026-09-28,Shift 1,IM-002,M-INJ-002,TR-002-PETG-24410,PETG,Screw Cap,29749,M,315,1,11,5,17,Conforming,Rejected,Rejected,Rejected - Scrapped,2026-09-29 23:28:51.369,Thread:1(Re=1),Diogo Ferreira
LOTE-M-INJ-002-6290,WO-8883,2026-09-30,Shift 1,IM-002,M-INJ-002,TR-002-HDPE-24410,HDPE,Screw Cap,19691,M,315,0,2,11,13,Conforming,Approved,Approved,Approved - First Pass,2026-10-02 02:20:33.319,—,Diogo Ferreira
LOTE-M-INJ-002-6291,WO-8885,2026-10-02,Shift 3,IM-002,M-INJ-002,TR-002-PP-24410,PP,Screw Cap,19388,M,315,0,1,2,3,Conforming,Approved,Approved,Approved - First Pass,2026-10-03 12:40:59.941,—,Ana Silva
LOTE-M-INJ-002-6292,WO-8888,2026-10-04,Shift 3,IM-002,M-INJ-002,TR-002-HDPE-24410,HDPE,Screw Cap,29121,M,315,0,4,10,14,Conforming,Approved,Approved,Approved - First Pass,2026-10-05 06:55:54.216,—,Beatriz Costa
LOTE-M-INJ-002-6293,WO-8889,2026-10-04,Shift 2,IM-002,M-INJ-002,TR-002-PP-PCR-24410,PP-PCR,Screw Cap,12620,M,315,0,3,0,3,Conforming,Approved,Approved,Approved - First Pass,2026-10-05 20:16:22.382,—,Diogo Ferreira
LOTE-M-INJ-002-6294,WO-8891,2026-10-05,  Shift 3  ,IM-002,M-INJ-002,TR-002-PP-24410,PP,Screw Cap,15283,M,315,0,4,14,18,Conforming,Approved,Approved,Approved - First Pass,2026-10-06 23:57:30.141,—,Beatriz Costa
LOTE-M-INJ-002-6295,WO-8892,2026-10-06,Shift 1,IM-002,M-INJ-002,TR-002-HDPE-24410,HDPE,Screw Cap,8651,L,200,0,1,6,7,Conforming,Approved,Approved,Approved - First Pass,2026-10-07 14:56:17.285,—,Carlos Mendes
LOTE-M-INJ-002-6296,WO-8894,2026-10-07,Shift 3,IM-002,M-INJ-002,TR-002-PP-24410,PP,Screw Cap,16474,M,315,1,2,9,12,Conforming,Rejected,Approved,Approved - Released on Deviation,2026-10-08 10:41:19.800,—,Elena Santos
LOTE-M-INJ-002-6297,WO-8895,2026-10-07,Shift 2,IM-002,M-INJ-002,TR-002-PP-24410,PP,Screw Cap,9002,L,200,1,7,7,15,Conforming,Rejected,Rejected,Rejected - Scrapped,2026-10-08 15:30:55.839,Thread:1(Re=1),Elena Santos
LOTE-M-INJ-002-6298,WO-8896,2026-10-08,Shift 1,IM-002,M-INJ-002,TR-002-PETG-24410,PETG,Screw Cap,7182,L,200,0,1,0,1,Conforming,Approved,Approved,Approved - First Pass,2026-10-09 09:31:07.683,—,Beatriz Costa
LOTE-M-INJ-002-6299,WO-8897,2026-10-09,Shift 3,IM-002,M-INJ-002,TR-002-PP-24410,PP,Screw Cap,9633,L,200,0,2,9,11,Conforming,Approved,Approved,Approved - First Pass,2026-10-10 07:54:48.133,—,Carlos Mendes
LOTE-M-INJ-002-6300,WO-8898,2026-10-09,Shift 2,IM-002,M-INJ-002,TR-002-PP-24410,PP,Screw Cap,3327,L,200,0,0,10,10,Conforming,Approved,Approved,Approved - First Pass,2026-10-11 04:12:23.530,—,Elena Santos
LOTE-M-INJ-002-6301,WO-8899,2026-10-10,Shift 1,IM-002,M-INJ-002,TR-002-HDPE-24410,HDPE,Screw Cap,9846,L,200,0,1,2,3,Conforming,Approved,Approved,Approved - First Pass,2026-10-11 15:44:29.245,—,Beatriz Costa
LOTE-M-INJ-002-6302,WO-8900,2026-10-11,Shift 3,IM-002,M-INJ-002,TR-002-HDPE-24410,HDPE,Screw Cap,8252,L,200,0,3,2,5,Conforming,Approved,Approved,Approved - First Pass,2026-10-12 02:02:57.780,—,Ana Silva
LOTE-M-INJ-002-6303,WO-8901,2026-10-11,Shift 2,IM-002,M-INJ-002,TR-002-PETG-24410,PETG,Screw Cap,6542,L,200,0,0,5,5,Conforming,Approved,Approved,Approved - First Pass,2026-10-12 22:58:05.961,—,Diogo Ferreira
LOTE-M-INJ-002-6304,WO-8902,2026-10-12,Shift 1,IM-002,M-INJ-002,TR-002-PP-PCR-24410,PP-PCR,Screw Cap,9355,L,200,0,0,6,6,Conforming,Approved,Approved,Approved - First Pass,2026-10-13 10:31:25.877,—,Beatriz Costa
LOTE-M-INJ-002-6305,WO-8904,2026-10-13,Shift 1,IM-002,M-INJ-002,TR-002-PP-24410,PP,Screw Cap,17648,M,315,0,4,17,21,Nonconformance Detected,Approved,Approved,Approved - Released on Deviation,2026-10-14 15:33:34.078,—,Beatriz Costa
LOTE-M-INJ-002-6306,WO-8906,2026-10-14,Shift 2,IM-002,M-INJ-002,TR-002-PP-24410,PP,Screw Cap,19897,M,315,1,7,7,15,Conforming,Rejected,Rejected,Rejected - Scrapped,2026-10-15 20:31:43.226,Sealing:1(Re=1),Carlos Mendes
LOTE-M-INJ-002-6307,WO-8908,2026-10-16,Shift 1,IM-002,M-INJ-002,TR-002-HDPE-24410,HDPE,Screw Cap,20248,M,315,1,3,5,9,Conforming,Rejected,Rejected,Rejected - Scrapped,2026-10-17 03:37:59.829,Sealing:1(Re=1),Diogo Ferreira
LOTE-M-INJ-002-6308,WO-8911,2026-10-18,Shift 1,IM-002,M-INJ-002,TR-002-PP-PCR-24410,PP-PCR,Screw Cap,30647,M,315,0,6,12,18,Conforming,Approved,Approved,Approved - First Pass,2026-10-19 07:51:54.196,—,Elena Santos
LOTE-M-INJ-002-6309,WO-8913,2026-10-19,Shift 2,IM-002,M-INJ-002,TR-002-PETG-24410,PETG,Screw Cap,23834,M,315,0,11,15,26,Conforming,Rejected,Approved,Approved - Reworked,2026-10-21 07:21:40.493,—,Beatriz Costa
LOTE-M-INJ-002-6310,WO-8916,2026-10-22,  Shift 1  ,IM-002,M-INJ-002,TR-002-HDPE-24410,HDPE,Screw Cap,18190,M,315,0,3,7,10,Conforming,Approved,Approved,Approved - First Pass,2026-10-23 06:37:34.780,—,Ana Silva
LOTE-M-INJ-002-6311,WO-8918,2026-10-23,Shift 2,IM-002,M-INJ-002,TR-002-PETG-24410,PETG,Screw Cap,19461,M,315,0,3,9,12,Conforming,Approved,Approved,Approved - First Pass,2026-10-24 13:44:07.260,—,Ana Silva
LOTE-M-INJ-002-6312,WO-8919,2026-10-24,Shift 3,IM-002,M-INJ-002,TR-002-PETG-24410,PETG,Screw Cap,7679,L,200,0,0,0,0,Conforming,Approved,Approved,Approved - First Pass,2026-10-25 02:04:44.648,—,Carlos Mendes
LOTE-M-INJ-002-6313,WO-8922,2026-10-25,Shift 2,IM-002,M-INJ-002,TR-002-HDPE-24410,HDPE,Screw Cap,29863,M,315,0,4,21,25,Conforming,Approved,Approved,Approved - First Pass,2026-10-26 23:13:41.588,—,Carlos Mendes
LOTE-M-INJ-002-6314,WO-8924,2026-10-27,Shift 1,IM-002,M-INJ-002,TR-002-PP-24410,PP,Screw Cap,20853,M,315,1,9,9,19,Conforming,Rejected,Rejected,Rejected - Scrapped,2026-10-28 10:16:54.632,Short Shot:6(Re=6),Diogo Ferreira
LOTE-M-INJ-002-6315,WO-8926,2026-10-28,Shift 1,IM-002,M-INJ-002,TR-002-PP-PCR-24410,PP-PCR,Screw Cap,20195,M,315,0,4,8,12,Nonconformance Detected,Approved,Approved,Approved - Reworked,2026-10-29 14:38:03.465,—,Beatriz Costa
LOTE-M-INJ-002-6316,WO-8927,2026-10-28,Shift 3,IM-002,M-INJ-002,TR-002-PP-PCR-24410,PP-PCR,Screw Cap,4990,L,200,0,0,0,0,Conforming,Approved,Approved,Approved - First Pass,2026-10-29 15:38:49.174,—,Elena Santos
LOTE-M-INJ-002-6317,WO-8929,2026-10-30,Shift 3,IM-002,M-INJ-002,TR-002-HDPE-24410,HDPE,Screw Cap,23478,M,315,1,3,10,14,Nonconformance Detected,Rejected,Approved,Approved - Released on Deviation,2026-10-31 20:00:26.791,—,Diogo Ferreira
LOTE-M-INJ-002-6318,WO-8930,2026-10-31,  Shift 3  ,IM-002,M-INJ-002,TR-002-PP-24410,PP,Screw Cap,8981,L,200,1,1,0,2,Conforming,Rejected,Rejected,Rejected - Scrapped,2026-10-31 22:30:40.285,Sealing:1(Re=1),Beatriz Costa
LOTE-M-INJ-002-6319,WO-8931,2026-10-31,Shift 2,IM-002,M-INJ-002,TR-002-PP-PCR-24410,PP-PCR,Screw Cap,4691,L,200,0,0,8,8,Conforming,Approved,Approved,Approved - First Pass,2026-11-01 22:22:40.880,—,Ana Silva
LOTE-M-INJ-002-6320,WO-8933,2026-11-02,Shift 1,IM-002,M-INJ-002,TR-002-PP-24410,PP,Screw Cap,19367,M,315,1,0,8,9,Conforming,Rejected,Rejected,Rejected - Scrapped,2026-11-03 13:15:30.226,Thread:1(Re=1),Ana Silva
LOTE-M-INJ-002-6321,WO-8934,2026-11-02,Shift 2,IM-002,M-INJ-002,TR-002-PP-24410,PP,Screw Cap,6679,L,200,0,1,4,5,Conforming,Approved,Approved,Approved - First Pass,2026-11-04 13:21:54.396,—,Diogo Ferreira
LOTE-M-INJ-002-6322,WO-8937,2026-11-05,Shift 1,IM-002,M-INJ-002,TR-002-PP-PCR-24410,PP-PCR,Screw Cap,23482,M,315,2,18,5,25,Nonconformance Detected,Rejected,Rejected,Rejected - Scrapped,2026-11-06 02:15:23.092,Short Shot:7(Re=6),Ana Silva
LOTE-M-INJ-002-6323,WO-8940,2026-11-07,Shift 1,IM-002,M-INJ-002,TR-002-PETG-24410,PETG,Screw Cap,26727,M,315,0,5,9,14,Conforming,Approved,Approved,Approved - First Pass,2026-11-08 11:16:52.097,—,Diogo Ferreira
LOTE-M-INJ-002-6324,WO-8941,2026-11-08,Shift 3,IM-002,M-INJ-002,TR-002-HDPE-24410,HDPE,Screw Cap,12076,M,315,0,6,11,17,Conforming,Approved,Approved,Approved - First Pass,2026-11-09 08:44:42.898,—,Beatriz Costa
LOTE-M-INJ-002-6325,WO-8943,2026-11-09,Shift 1,IM-002,M-INJ-002,TR-002-PP-24410,PP,Screw Cap,12543,M,315,1,3,9,13,Conforming,Rejected,Rejected,Rejected - Scrapped,2026-11-10 07:51:13.409,Sealing:1(Re=1),Carlos Mendes
LOTE-M-INJ-002-6326,WO-8946,2026-11-11,Shift 1,IM-002,M-INJ-002,TR-002-PETG-24410,PETG,Screw Cap,28329,M,315,2,5,10,17,Conforming,Rejected,Rejected,Rejected - Scrapped,2026-11-12 15:17:48.781,Sealing:1(Re=1),Diogo Ferreira
LOTE-M-INJ-002-6327,WO-8947,2026-11-12,Shift 3,IM-002,M-INJ-002,TR-002-PP-24410,PP,Screw Cap,7733,L,200,0,1,0,1,Conforming,Approved,Approved,Approved - First Pass,2026-11-12 18:47:53.146,—,Elena Santos
LOTE-M-INJ-002-6328,WO-8948,2026-11-12,Shift 2,IM-002,M-INJ-002,TR-002-PETG-24410,PETG,Screw Cap,9208,L,200,0,1,0,1,Conforming,Approved,Approved,Approved - First Pass,2026-11-13 17:26:13.675,—,Beatriz Costa
LOTE-M-INJ-002-6329,WO-8951,2026-11-14,Shift 1,IM-002,M-INJ-002,TR-002-PETG-24410,PETG,Screw Cap,20515,M,315,0,15,5,20,Conforming,Rejected,Approved,Approved - Reworked,2026-11-15 18:20:12.133,—,Ana Silva
LOTE-M-INJ-002-6330,WO-8952,2026-11-15,Shift 3,IM-002,M-INJ-002,TR-002-HDPE-24410,HDPE,Screw Cap,11825,M,315,2,2,3,7,Conforming,Rejected,Rejected,Rejected - Scrapped,2026-11-16 04:34:33.191,Thread:1(Re=1),Carlos Mendes
LOTE-M-INJ-002-6331,WO-8953,2026-11-15,Shift 2,IM-002,M-INJ-002,TR-002-PP-PCR-24410,PP-PCR,Screw Cap,5708,L,200,0,0,3,3,Conforming,Approved,Approved,Approved - First Pass,2026-11-16 21:29:18.750,—,Beatriz Costa
LOTE-M-INJ-002-6332,WO-8956,2026-11-17,Shift 2,IM-002,M-INJ-002,TR-002-PP-PCR-24410,PP-PCR,Screw Cap,25654,M,315,0,8,2,10,Conforming,Approved,Approved,Approved - First Pass,2026-11-18 14:05:14.380,—,Beatriz Costa
LOTE-M-INJ-002-6333,WO-8958,2026-11-18,Shift 2,IM-002,M-INJ-002,TR-002-PP-24410,PP,Screw Cap,9669,L,200,0,7,11,18,Conforming,Approved,Approved,Approved - First Pass,2026-11-19 19:37:51.443,—,Diogo Ferreira
LOTE-M-INJ-002-6334,WO-8961,2026-11-20,Shift 1,IM-002,M-INJ-002,TR-002-PP-24410,PP,Screw Cap,35137,M,315,0,10,7,17,Conforming,Approved,Approved,Approved - First Pass,2026-11-21 15:59:18.600,—,Diogo Ferreira
LOTE-M-INJ-002-6335,WO-8962,2026-11-21,SHIFT 3,IM-002,M-INJ-002,TR-002-PP-24410,PP,Screw Cap,7364,L,200,0,8,7,15,Conforming,Rejected,Rejected,Rejected - Scrapped,2026-11-22 08:52:28.808,Short Shot:6(Re=6),Carlos Mendes
LOTE-M-INJ-002-6336,WO-8965,2026-11-23,Shift 1,IM-002,M-INJ-002,TR-002-HDPE-24410,HDPE,Screw Cap,33749,M,315,0,0,25,25,Conforming,Approved,Approved,Approved - First Pass,2026-11-24 17:33:59.973,—,Diogo Ferreira
LOTE-M-INJ-002-6337,WO-8968,2026-11-25,Shift 3,IM-002,M-INJ-002,TR-002-HDPE-24410,HDPE,Screw Cap,35944,M,315,0,10,8,18,Conforming,Approved,Approved,Approved - First Pass,2026-11-26 07:58:53.372,—,Beatriz Costa
LOTE-M-INJ-002-6338,WO-8969,2026-11-25,Shift 3,IM-002,M-INJ-002,TR-002-HDPE-24410,HDPE,Screw Cap,7468,L,200,0,1,5,6,Conforming,Approved,Approved,Approved - First Pass,2026-11-27 00:56:00.269,—,Diogo Ferreira
LOTE-M-INJ-002-6339,WO-8972,2026-11-27,Shift 3,IM-002,M-INJ-002,TR-002-PETG-24410,PETG,Screw Cap,23334,M,315,0,11,10,21,Conforming,Approved,Approved,Approved - First Pass,2026-11-28 12:36:46.179,—,Ana Silva
LOTE-M-INJ-002-6340,WO-8973,2026-11-28,Shift 1,IM-002,M-INJ-002,TR-002-PP-24410,PP,Screw Cap,4400,L,200,0,4,6,10,Conforming,Approved,Approved,Approved - First Pass,2026-11-29 16:36:14.789,—,Ana Silva
LOTE-M-INJ-002-6341,WO-8974,2026-11-28,Shift 2,IM-002,M-INJ-002,TR-002-PP-PCR-24410,PP-PCR,Screw Cap,9041,L,200,0,0,6,6,Conforming,Approved,Approved,Approved - First Pass,2026-11-29 18:46:19.492,—,Carlos Mendes
LOTE-M-INJ-002-6342,WO-8977,2026-11-30,Shift 2,IM-002,M-INJ-002,TR-002-HDPE-24410,HDPE,Screw Cap,27494,M,315,1,0,13,14,Conforming,Rejected,Rejected,Rejected - Scrapped,2026-12-01 07:17:35.644,Sealing:1(Re=1),Diogo Ferreira
LOTE-M-INJ-002-6343,WO-8980,2026-12-02,Shift 2,IM-002,M-INJ-002,TR-002-PP-PCR-24410,PP-PCR,Screw Cap,35589,M,315,3,4,15,22,Nonconformance Detected,Rejected,Rejected,Rejected - Scrapped,2026-12-03 23:44:48.489,Sealing:2(Re=1),Diogo Ferreira
LOTE-M-INJ-002-6344,WO-8981,2026-12-03,Shift 1,IM-002,M-INJ-002,TR-002-HDPE-24410,HDPE,Screw Cap,7137,L,200,0,2,1,3,Conforming,Approved,Approved,Approved - First Pass,2026-12-04 00:42:51.284,—,Carlos Mendes
LOTE-M-INJ-002-6345,WO-8982,2026-12-03,Shift 2,IM-002,M-INJ-002,TR-002-HDPE-24410,HDPE,Screw Cap,10698,M,315,0,0,1,1,Conforming,Approved,Approved,Approved - First Pass,2026-12-04 20:42:16.498,—,Ana Silva
LOTE-M-INJ-002-6346,WO-8984,2026-12-04,SHIFT 2,IM-002,M-INJ-002,TR-002-PETG-24410,PETG,Screw Cap,14330,M,315,0,2,14,16,Conforming,Approved,Approved,Approved - First Pass,2026-12-05 16:42:19.785,—,Carlos Mendes
LOTE-M-INJ-002-6347,WO-8985,2026-12-05,Shift 1,IM-002,M-INJ-002,TR-002-HDPE-24410,HDPE,Screw Cap,5699,L,200,0,1,3,4,Conforming,Approved,Approved,Approved - First Pass,2026-12-06 20:43:24.748,—,Diogo Ferreira
LOTE-M-INJ-002-6348,WO-8986,2026-12-06,Shift 1,IM-002,M-INJ-002,TR-002-PP-PCR-24410,PP-PCR,Screw Cap,5905,L,200,0,0,0,0,Conforming,Approved,Approved,Approved - First Pass,2026-12-07 09:37:14.617,—,Diogo Ferreira
LOTE-M-INJ-002-6349,WO-8987,2026-12-06,Shift 2,IM-002,M-INJ-002,TR-002-PP-24410,PP,Screw Cap,12633,M,315,0,6,10,16,Conforming,Approved,Approved,Approved - First Pass,2026-12-08 07:07:44.203,—,Beatriz Costa
LOTE-M-INJ-002-6350,WO-8988,2026-12-07,Shift 2,IM-002,M-INJ-002,TR-002-PP-24410,PP,Screw Cap,5133,L,200,0,5,11,16,Conforming,Approved,Approved,Approved - First Pass,2026-12-08 12:52:10.860,—,Diogo Ferreira
LOTE-M-INJ-002-6351,WO-8989,2026-12-08,Shift 1,IM-002,M-INJ-002,TR-002-HDPE-24410,HDPE,Screw Cap,10389,M,315,0,0,3,3,Conforming,Approved,Approved,Approved - First Pass,2026-12-09 16:23:36.542,—,Diogo Ferreira
LOTE-M-INJ-002-6352,WO-8990,2026-12-09,Shift 3,IM-002,M-INJ-002,TR-002-PP-PCR-24410,PP-PCR,Screw Cap,10031,M,315,0,0,6,6,Conforming,Approved,Approved,Approved - First Pass,2026-12-10 09:33:46.202,—,Carlos Mendes
LOTE-M-INJ-002-6353,WO-8992,2026-12-10,Shift 1,IM-002,M-INJ-002,TR-002-HDPE-24410,HDPE,Screw Cap,18780,M,315,0,8,11,19,Conforming,Approved,Approved,Approved - First Pass,2026-12-11 13:52:59.025,—,Beatriz Costa
LOTE-M-INJ-002-6354,WO-8994,2026-12-11,  Shift 2  ,IM-002,M-INJ-002,TR-002-PP-24410,PP,Screw Cap,23866,M,315,1,10,4,15,Conforming,Rejected,Rejected,Rejected - Scrapped,2026-12-13 02:59:43.640,Sealing:1(Re=1),Beatriz Costa
LOTE-M-INJ-002-6355,WO-8995,2026-12-12,Shift 1,IM-002,M-INJ-002,TR-002-HDPE-24410,HDPE,Screw Cap,5047,L,200,0,2,0,2,Conforming,Approved,Approved,Approved - First Pass,2026-12-13 23:46:19.419,—,Elena Santos
LOTE-M-INJ-002-6356,WO-8997,2026-12-14,Shift 3,IM-002,M-INJ-002,TR-002-PP-PCR-24410,PP-PCR,Screw Cap,14511,M,315,0,8,1,9,Conforming,Approved,Approved,Approved - First Pass,2026-12-15 08:26:16.029,—,Diogo Ferreira
LOTE-M-INJ-002-6357,WO-8999,2026-12-15,Shift 3,IM-002,M-INJ-002,TR-002-PP-24410,PP,Screw Cap,17129,M,315,0,0,15,15,Nonconformance Detected,Approved,Approved,Approved - Reworked,2026-12-16 09:40:27.286,—,Beatriz Costa
LOTE-M-INJ-002-6358,WO-9000,2026-12-15,Shift 2,IM-002,M-INJ-002,TR-002-HDPE-24410,HDPE,Screw Cap,12283,M,315,0,2,11,13,Conforming,Approved,Approved,Approved - First Pass,2026-12-17 05:32:45.682,—,Elena Santos
LOTE-M-INJ-002-6359,WO-9001,2026-12-16,Shift 1,IM-002,M-INJ-002,TR-002-HDPE-24410,HDPE,Screw Cap,6229,L,200,0,0,0,0,Conforming,Approved,Approved,Approved - First Pass,2026-12-17 09:26:08.675,—,Elena Santos
LOTE-M-INJ-002-6360,WO-9002,2026-12-16,shift 3,IM-002,M-INJ-002,TR-002-PETG-24410,PETG,Screw Cap,10076,M,315,0,5,3,8,Conforming,Approved,Approved,Approved - First Pass,2026-12-18 05:16:53.952,—,Beatriz Costa
LOTE-M-INJ-002-6361,WO-9003,2026-12-17,Shift 2,IM-002,M-INJ-002,TR-002-PETG-24410,PETG,Screw Cap,10508,M,315,0,0,18,18,Conforming,Approved,Approved,Approved - First Pass,2026-12-18 12:14:25.081,—,Diogo Ferreira
LOTE-M-INJ-002-6362,WO-9005,2026-12-18,Shift 2,IM-002,M-INJ-002,TR-002-PP-24410,PP,Screw Cap,18503,M,315,0,13,8,21,Conforming,Approved,Approved,Approved - First Pass,2026-12-20 01:38:16.649,—,Carlos Mendes
LOTE-M-INJ-002-6363,WO-9006,2026-12-19,Shift 1,IM-002,M-INJ-002,TR-002-HDPE-24410,HDPE,Screw Cap,11119,M,315,0,0,3,3,Conforming,Approved,Approved,Approved - First Pass,2026-12-20 13:21:00.894,—,Carlos Mendes
LOTE-M-INJ-002-6364,WO-9007,2026-12-20,Shift 3,IM-002,M-INJ-002,TR-002-PP-24410,PP,Screw Cap,10628,M,315,0,0,2,2,Conforming,Approved,Approved,Approved - First Pass,2026-12-21 06:22:37.275,—,Diogo Ferreira
LOTE-M-INJ-002-6365,WO-9008,2026-12-20,Shift 2,IM-002,M-INJ-002,TR-002-PP-PCR-24410,PP-PCR,Screw Cap,9643,L,200,0,0,3,3,Conforming,Approved,Approved,Approved - First Pass,2026-12-21 17:33:21.029,—,Ana Silva
LOTE-M-INJ-002-6366,WO-9009,2026-12-21,Shift 1,IM-002,M-INJ-002,TR-002-HDPE-24410,HDPE,Screw Cap,11893,M,315,0,3,9,12,Conforming,Approved,Approved,Approved - First Pass,2026-12-23 04:11:46.483,—,Elena Santos
LOTE-M-INJ-002-6367,WO-9011,2026-12-23,Shift 3,IM-002,M-INJ-002,TR-002-PP-24410,PP,Screw Cap,21720,M,315,0,2,15,17,Nonconformance Detected,Approved,Approved,Approved - Reworked,2026-12-24 02:46:41.898,—,Elena Santos
LOTE-M-INJ-002-6368,WO-9013,2026-12-24,  Shift 1  ,IM-002,M-INJ-002,TR-002-PP-24410,PP,Screw Cap,28044,M,315,2,3,7,12,Conforming,Rejected,Rejected,Rejected - Scrapped,2026-12-25 07:53:19.287,Sealing:2(Re=1),Carlos Mendes
LOTE-M-INJ-002-6369,WO-9014,2026-12-25,Shift 3,IM-002,M-INJ-002,TR-002-PP-24410,PP,Screw Cap,7707,L,200,0,3,0,3,Conforming,Approved,Approved,Approved - First Pass,2026-12-26 10:28:13.019,—,Beatriz Costa
LOTE-M-INJ-002-6370,WO-9015,2026-12-25,Shift 2,IM-002,M-INJ-002,TR-002-PETG-24410,PETG,Screw Cap,11123,M,315,0,2,7,9,Conforming,Approved,Approved,Approved - First Pass,2026-12-27 05:22:27.284,—,Beatriz Costa
LOTE-M-INJ-002-6371,WO-9016,2026-12-26,Shift 1,IM-002,M-INJ-002,TR-002-HDPE-24410,HDPE,Screw Cap,11467,M,315,0,3,9,12,Conforming,Approved,Approved,Approved - First Pass,2026-12-27 10:37:45.931,—,Carlos Mendes
LOTE-M-INJ-002-6372,WO-9019,2026-12-28,Shift 3,IM-002,M-INJ-002,TR-002-PP-PCR-24410,PP-PCR,Screw Cap,26920,M,315,1,7,6,14,Conforming,Rejected,Rejected,Rejected - Scrapped,2026-12-28 18:06:13.410,Sealing:1(Re=1),Elena Santos
LOTE-M-INJ-002-6373,WO-9020,2026-12-28,Shift 2,IM-002,M-INJ-002,TR-002-PP-24410,PP,Screw Cap,15493,M,315,0,5,9,14,Conforming,Approved,Approved,Approved - First Pass,2026-12-29 18:54:57.218,—,Beatriz Costa
LOTE-M-INJ-002-6374,WO-9022,2026-12-30,Shift 3,IM-002,M-INJ-002,TR-002-PP-24410,PP,Screw Cap,18432,M,315,0,3,12,15,Conforming,Approved,Approved,Approved - First Pass,2026-12-31 10:30:30.769,—,Carlos Mendes
LOTE-M-INJ-001-6375,WO-9025,2025-07-02,Shift 1,IM-003,M-INJ-001,TR-001-HDPE-24410,HDPE,Screw Cap,44911,M,315,0,7,1,8,Conforming,Approved,Approved,Approved - First Pass,2025-07-03 19:28:53.434,—,Diogo Ferreira
LOTE-M-INJ-001-6376,WO-9026,2025-07-03,Shift 1,IM-003,M-INJ-001,TR-001-HDPE-24410,HDPE,Screw Cap,6782,L,200,0,0,1,1,Conforming,Approved,Approved,Approved - First Pass,2025-07-04 03:38:46.779,—,Ana Silva
LOTE-M-INJ-001-6377,WO-9029,2025-07-05,Shift 2,IM-003,M-INJ-001,TR-001-PP-24410,PP,Screw Cap,53478,M,315,0,4,3,7,Conforming,Approved,Approved,Approved - First Pass,2025-07-06 04:39:40.966,—,Elena Santos
LOTE-M-INJ-003-6378,WO-9031,2025-07-06,Shift 2,IM-003,M-INJ-003,TR-003-HDPE-24415,HDPE,Screw Cap,36631,M,315,0,1,9,10,Conforming,Approved,Approved,Approved - First Pass,2025-07-07 14:59:55.126,—,Elena Santos
LOTE-M-INJ-003-6379,WO-9032,2025-07-07,Shift 1,IM-003,M-INJ-003,TR-003-PP-PCR-24415,PP-PCR,Screw Cap,23742,M,315,0,3,3,6,Conforming,Approved,Approved,Approved - First Pass,2025-07-08 09:37:21.924,—,Beatriz Costa
LOTE-M-INJ-001-6380,WO-9035,2025-07-09,Shift 1,IM-003,M-INJ-001,TR-001-HDPE-24410,HDPE,Screw Cap,48511,M,315,0,5,2,7,Conforming,Approved,Approved,Approved - First Pass,2025-07-10 14:41:10.818,—,Elena Santos
LOTE-M-INJ-003-6381,WO-9036,2025-07-10,Shift 3,IM-003,M-INJ-003,TR-003-PP-PCR-24415,PP-PCR,Screw Cap,10520,M,315,0,2,0,2,Conforming,Approved,Approved,Approved - First Pass,2025-07-11 03:04:24.927,—,Carlos Mendes
LOTE-M-INJ-001-6382,WO-9037,2025-07-10,Shift 2,IM-003,M-INJ-001,TR-001-PP-PCR-24410,PP-PCR,Screw Cap,14505,M,315,0,1,7,8,Conforming,Approved,Approved,Approved - First Pass,2025-07-11 08:51:14.446,—,Elena Santos
LOTE-M-INJ-001-6383,WO-9039,2025-07-11,Shift 2,IM-003,M-INJ-001,TR-001-PETG-24410,PETG,Screw Cap,27502,M,315,0,1,5,6,Conforming,Approved,Approved,Approved - First Pass,2025-07-12 17:38:01.060,—,Beatriz Costa
LOTE-M-INJ-001-6384,WO-9040,2025-07-12,Shift 1,IM-003,M-INJ-001,TR-001-PETG-24410,PETG,Screw Cap,7340,L,200,0,0,3,3,Conforming,Approved,Approved,Approved - First Pass,2025-07-13 13:29:48.309,—,Carlos Mendes
LOTE-M-INJ-001-6385,WO-9043,2025-07-14,Shift 3,IM-003,M-INJ-001,TR-001-PP-PCR-24410,PP-PCR,Screw Cap,47209,M,315,0,3,10,13,Conforming,Approved,Approved,Approved - First Pass,2025-07-15 12:12:33.236,—,Ana Silva
LOTE-M-INJ-003-6386,WO-9044,2025-07-15,Shift 3,IM-003,M-INJ-003,TR-003-PETG-24415,PETG,Screw Cap,21071,M,315,0,0,2,2,Conforming,Approved,Approved,Approved - First Pass,2025-07-16 13:29:13.726,—,Diogo Ferreira
LOTE-M-INJ-003-6387,WO-9045,2025-07-15,Shift 2,IM-003,M-INJ-003,TR-003-PETG-24415,PETG,Screw Cap,22361,M,315,0,3,4,7,Conforming,Approved,Approved,Approved - First Pass,2025-07-16 22:40:30.039,—,Elena Santos
LOTE-M-INJ-003-6388,WO-9047,2025-07-17,  Shift 3  ,IM-003,M-INJ-003,TR-003-PETG-24415,PETG,Screw Cap,47214,M,315,0,1,3,4,Conforming,Approved,Approved,Approved - First Pass,2025-07-18 13:36:13.569,—,Diogo Ferreira
LOTE-M-INJ-003-6389,WO-9048,2025-07-17,Shift 2,IM-003,M-INJ-003,TR-003-PP-24415,PP,Screw Cap,20413,M,315,0,1,7,8,Conforming,Approved,Approved,Approved - First Pass,2025-07-19 09:26:25.402,—,Elena Santos
LOTE-M-INJ-003-6390,WO-9049,2025-07-18,Shift 2,IM-003,M-INJ-003,TR-003-PP-PCR-24415,PP-PCR,Screw Cap,16157,M,315,0,2,4,6,Conforming,Approved,Approved,Approved - First Pass,2025-07-19 04:20:57.519,—,Beatriz Costa
LOTE-M-INJ-001-6391,WO-9050,2025-07-19,Shift 3,IM-003,M-INJ-001,TR-001-PETG-24410,PETG,Screw Cap,5452,L,200,0,0,3,3,Conforming,Approved,Approved,Approved - First Pass,2025-07-20 00:31:11.896,—,Ana Silva
LOTE-M-INJ-003-6392,WO-9051,2025-07-19,Shift 2,IM-003,M-INJ-003,TR-003-HDPE-24415,HDPE,Screw Cap,6222,L,200,0,0,5,5,Conforming,Approved,Approved,Approved - First Pass,2025-07-20 20:18:03.928,—,Carlos Mendes
LOTE-M-INJ-003-6393,WO-9052,2025-07-20,Shift 1,IM-003,M-INJ-003,TR-003-PP-24415,PP,Screw Cap,22380,M,315,0,2,2,4,Conforming,Approved,Approved,Approved - First Pass,2025-07-22 05:55:30.997,—,Beatriz Costa
LOTE-M-INJ-003-6394,WO-9054,2025-07-22,Shift 3,IM-003,M-INJ-003,TR-003-HDPE-24415,HDPE,Screw Cap,30475,M,315,0,1,2,3,Conforming,Approved,Approved,Approved - First Pass,2025-07-23 16:48:12.226,—,Elena Santos
LOTE-M-INJ-001-6395,WO-9056,2025-07-23,  Shift 2  ,IM-003,M-INJ-001,TR-001-HDPE-24410,HDPE,Screw Cap,31915,M,315,0,0,3,3,Conforming,Approved,Approved,Approved - First Pass,2025-07-25 06:22:25.010,—,Diogo Ferreira
LOTE-M-INJ-001-6396,WO-9058,2025-07-25,Shift 1,IM-003,M-INJ-001,TR-001-HDPE-24410,HDPE,Screw Cap,47546,M,315,1,0,3,4,Conforming,Rejected,Approved,Approved - Released on Deviation,2025-07-26 23:34:16.793,—,Beatriz Costa
LOTE-M-INJ-003-6397,WO-9061,2025-07-27,Shift 1,IM-003,M-INJ-003,TR-003-HDPE-24415,HDPE,Screw Cap,59931,M,315,0,2,8,10,Conforming,Approved,Approved,Approved - First Pass,2025-07-28 17:31:03.304,—,Carlos Mendes
LOTE-M-INJ-003-6398,WO-9062,2025-07-28,Shift 3,IM-003,M-INJ-003,TR-003-PP-24415,PP,Screw Cap,22487,M,315,0,2,6,8,Conforming,Approved,Approved,Approved - First Pass,2025-07-29 15:54:41.786,—,Beatriz Costa
LOTE-M-INJ-003-6399,WO-9064,2025-07-29,Shift 1,IM-003,M-INJ-003,TR-003-PP-PCR-24415,PP-PCR,Screw Cap,34474,M,315,1,2,6,9,Conforming,Rejected,Rejected,Rejected - Scrapped,2025-07-30 12:04:24.467,Sealing:1(Re=1),Beatriz Costa
LOTE-M-INJ-001-6400,WO-9066,2025-07-30,Shift 1,IM-003,M-INJ-001,TR-001-PP-24410,PP,Screw Cap,29869,M,315,0,0,1,1,Conforming,Approved,Approved,Approved - First Pass,2025-07-31 12:02:28.421,—,Ana Silva
LOTE-M-INJ-001-6401,WO-9067,2025-07-31,Shift 1,IM-003,M-INJ-001,TR-001-HDPE-24410,HDPE,Screw Cap,10372,M,315,0,0,2,2,Conforming,Approved,Approved,Approved - First Pass,2025-08-01 12:49:01.793,—,Diogo Ferreira
LOTE-M-INJ-003-6402,WO-9069,2025-08-01,Shift 2,IM-003,M-INJ-003,TR-003-PP-24415,PP,Screw Cap,48928,M,315,0,3,14,17,Conforming,Approved,Approved,Approved - First Pass,2025-08-02 19:38:52.976,—,Ana Silva
LOTE-M-INJ-003-6403,WO-9071,2025-08-02,Shift 3,IM-003,M-INJ-003,TR-003-PP-24415,PP,Screw Cap,42108,M,315,0,1,6,7,Conforming,Approved,Approved,Approved - First Pass,2025-08-04 03:22:25.684,—,Ana Silva
LOTE-M-INJ-001-6404,WO-9074,2025-08-05,SHIFT 3,IM-003,M-INJ-001,TR-001-PP-24410,PP,Screw Cap,62289,M,315,0,4,7,11,Conforming,Approved,Approved,Approved - First Pass,2025-08-06 05:31:25.863,—,Elena Santos
LOTE-M-INJ-001-6405,WO-9075,2025-08-05,Shift 3,IM-003,M-INJ-001,TR-001-PP-24410,PP,Screw Cap,17661,M,315,0,0,6,6,Conforming,Approved,Approved,Approved - First Pass,2025-08-07 00:13:32.289,—,Carlos Mendes
LOTE-M-INJ-003-6406,WO-9078,2025-08-07,Shift 3,IM-003,M-INJ-003,TR-003-PP-PCR-24415,PP-PCR,Screw Cap,50144,M,315,0,5,5,10,Conforming,Approved,Approved,Approved - First Pass,2025-08-09 02:03:31.220,—,Beatriz Costa
LOTE-M-INJ-003-6407,WO-9081,2025-08-10,Shift 3,IM-003,M-INJ-003,TR-003-PP-PCR-24415,PP-PCR,Screw Cap,71312,M,315,2,0,1,3,Conforming,Rejected,Rejected,Rejected - Scrapped,2025-08-11 07:52:33.616,Sealing:2(Re=1),Carlos Mendes
LOTE-M-INJ-003-6408,WO-9082,2025-08-10,SHIFT 2,IM-003,M-INJ-003,TR-003-PP-24415,PP,Screw Cap,26366,M,315,0,0,5,5,Conforming,Approved,Approved,Approved - First Pass,2025-08-12 02:56:58.083,—,Beatriz Costa
LOTE-M-INJ-003-6409,WO-9083,2025-08-11,  Shift 2  ,IM-003,M-INJ-003,TR-003-PP-24415,PP,Screw Cap,19794,M,315,0,1,7,8,Conforming,Approved,Approved,Approved - First Pass,2025-08-12 21:17:39.395,—,Carlos Mendes
LOTE-M-INJ-001-6410,WO-9086,2025-08-13,Shift 2,IM-003,M-INJ-001,TR-001-HDPE-24410,HDPE,Screw Cap,46271,M,315,0,4,11,15,Conforming,Approved,Approved,Approved - First Pass,2025-08-14 15:16:27.977,—,Ana Silva
LOTE-M-INJ-001-6411,WO-9089,2025-08-16,Shift 3,IM-003,M-INJ-001,TR-001-PP-24410,PP,Screw Cap,60917,M,315,0,0,10,10,Conforming,Approved,Approved,Approved - First Pass,2025-08-16 19:31:34.173,—,Diogo Ferreira
LOTE-M-INJ-003-6412,WO-9091,2025-08-17,Shift 1,IM-003,M-INJ-003,TR-003-PP-24415,PP,Screw Cap,31390,M,315,1,0,0,1,Conforming,Rejected,Rejected,Rejected - Scrapped,2025-08-18 04:40:07.213,Thread:1(Re=1),Carlos Mendes
LOTE-M-INJ-003-6413,WO-9092,2025-08-17,Shift 2,IM-003,M-INJ-003,TR-003-PETG-24415,PETG,Screw Cap,21984,M,315,0,1,3,4,Conforming,Approved,Approved,Approved - First Pass,2025-08-18 15:37:08.092,—,Elena Santos
LOTE-M-INJ-001-6414,WO-9095,2025-08-19,Shift 2,IM-003,M-INJ-001,TR-001-HDPE-24410,HDPE,Screw Cap,55707,M,315,0,4,0,4,Conforming,Approved,Approved,Approved - First Pass,2025-08-21 07:22:35.681,—,Ana Silva
LOTE-M-INJ-003-6415,WO-9096,2025-08-20,Shift 2,IM-003,M-INJ-003,TR-003-PP-24415,PP,Screw Cap,20095,M,315,0,0,7,7,Conforming,Approved,Approved,Approved - First Pass,2025-08-21 10:57:16.834,—,Elena Santos
LOTE-M-INJ-003-6416,WO-9098,2025-08-22,SHIFT 3,IM-003,M-INJ-003,TR-003-HDPE-24415,HDPE,Screw Cap,17661,M,315,0,0,7,7,Conforming,Approved,Approved,Approved - First Pass,2025-08-23 03:16:24.688,—,Beatriz Costa
LOTE-M-INJ-001-6417,WO-9100,2025-08-23,Shift 3,IM-003,M-INJ-001,TR-001-PP-24410,PP,Screw Cap,36714,M,315,1,0,4,5,Conforming,Rejected,Rejected,Rejected - Scrapped,2025-08-24 00:24:24.119,Thread:1(Re=1),Beatriz Costa
LOTE-M-INJ-001-6418,WO-9101,2025-08-23,Shift 2,IM-003,M-INJ-001,TR-001-PP-PCR-24410,PP-PCR,Screw Cap,15122,M,315,0,0,1,1,Conforming,Approved,Approved,Approved - First Pass,2025-08-24 17:33:02.541,—,Elena Santos
LOTE-M-INJ-001-6419,WO-9104,2025-08-26,Shift 3,IM-003,M-INJ-001,TR-001-HDPE-24410,HDPE,Screw Cap,58251,M,315,0,1,7,8,Conforming,Approved,Approved,Approved - First Pass,2025-08-27 03:44:44.527,—,Ana Silva
LOTE-M-INJ-001-6420,WO-9105,2025-08-26,Shift 2,IM-003,M-INJ-001,TR-001-PP-24410,PP,Screw Cap,14241,M,315,0,0,4,4,Conforming,Approved,Approved,Approved - First Pass,2025-08-27 20:28:00.177,—,Diogo Ferreira
LOTE-M-INJ-003-6421,WO-9108,2025-08-28,Shift 3,IM-003,M-INJ-003,TR-003-PP-PCR-24415,PP-PCR,Screw Cap,68963,M,315,0,4,6,10,Conforming,Approved,Approved,Approved - First Pass,2025-08-30 03:07:32.828,—,Elena Santos
LOTE-M-INJ-001-6422,WO-9111,2025-08-30,Shift 3,IM-003,M-INJ-001,TR-001-PP-24410,PP,Screw Cap,35850,M,315,1,2,5,8,Conforming,Rejected,Rejected,Rejected - Scrapped,2025-08-31 22:41:09.506,Sealing:1(Re=1),Diogo Ferreira
LOTE-M-INJ-001-6423,WO-9113,2025-09-01,Shift 3,IM-003,M-INJ-001,TR-001-PP-24410,PP,Screw Cap,30391,M,315,0,1,5,6,Conforming,Approved,Approved,Approved - First Pass,2025-09-02 06:42:03.545,—,Diogo Ferreira
LOTE-M-INJ-003-6424,WO-9115,2025-09-02,Shift 1,IM-003,M-INJ-003,TR-003-HDPE-24415,HDPE,Screw Cap,25764,M,315,0,4,8,12,Conforming,Approved,Approved,Approved - First Pass,2025-09-03 21:18:08.135,—,Ana Silva
LOTE-M-INJ-001-6425,WO-9117,2025-09-03,Shift 2,IM-003,M-INJ-001,TR-001-PP-24410,PP,Screw Cap,33878,M,315,0,1,2,3,Conforming,Approved,Approved,Approved - First Pass,2025-09-04 13:32:59.902,—,Beatriz Costa
LOTE-M-INJ-001-6426,WO-9118,2025-09-04,Shift 1,IM-003,M-INJ-001,TR-001-PETG-24410,PETG,Screw Cap,18483,M,315,0,1,0,1,Conforming,Approved,Approved,Approved - First Pass,2025-09-05 15:19:03.475,—,Beatriz Costa
LOTE-M-INJ-001-6427,WO-9121,2025-09-06,Shift 3,IM-003,M-INJ-001,TR-001-PP-24410,PP,Screw Cap,43282,M,315,0,4,6,10,Conforming,Approved,Approved,Approved - First Pass,2025-09-07 10:12:29.011,—,Carlos Mendes
LOTE-M-INJ-003-6428,WO-9124,2025-09-08,Shift 1,IM-003,M-INJ-003,TR-003-PP-24415,PP,Screw Cap,68288,M,315,2,7,9,18,Conforming,Rejected,Rejected,Rejected - Scrapped,2025-09-09 10:30:51.656,Thread:1(Re=1),Diogo Ferreira
LOTE-M-INJ-003-6429,WO-9125,2025-09-08,Shift 2,IM-003,M-INJ-003,TR-003-PP-PCR-24415,PP-PCR,Screw Cap,11586,M,315,0,3,2,5,Conforming,Approved,Approved,Approved - First Pass,2025-09-10 03:02:43.203,—,Diogo Ferreira
LOTE-M-INJ-001-6430,WO-9126,2025-09-09,Shift 1,IM-003,M-INJ-001,TR-001-PP-24410,PP,Screw Cap,12311,M,315,1,2,2,5,Conforming,Rejected,Rejected,Rejected - Scrapped,2025-09-10 08:14:20.205,Thread:1(Re=1),Beatriz Costa
LOTE-M-INJ-003-6431,WO-9127,2025-09-10,Shift 3,IM-003,M-INJ-003,TR-003-HDPE-24415,HDPE,Screw Cap,10857,M,315,0,1,0,1,Conforming,Approved,Approved,Approved - First Pass,2025-09-10 15:44:59.748,—,Diogo Ferreira
LOTE-M-INJ-001-6432,WO-9130,2025-09-12,Shift 3,IM-003,M-INJ-001,TR-001-PETG-24410,PETG,Screw Cap,75891,M,315,0,8,6,14,Conforming,Approved,Approved,Approved - First Pass,2025-09-13 07:02:59.681,—,Carlos Mendes
LOTE-M-INJ-001-6433,WO-9133,2025-09-14,Shift 3,IM-003,M-INJ-001,TR-001-PP-24410,PP,Screw Cap,47589,M,315,0,4,18,22,Conforming,Approved,Approved,Approved - First Pass,2025-09-15 11:29:06.507,—,Carlos Mendes
LOTE-M-INJ-003-6434,WO-9136,2025-09-16,Shift 1,IM-003,M-INJ-003,TR-003-HDPE-24415,HDPE,Screw Cap,54090,M,315,0,2,2,4,Conforming,Approved,Approved,Approved - First Pass,2025-09-17 09:24:15.007,—,Carlos Mendes
LOTE-M-INJ-003-6435,WO-9137,2025-09-16,Shift 2,IM-003,M-INJ-003,TR-003-PETG-24415,PETG,Screw Cap,26708,M,315,1,0,12,13,Conforming,Rejected,Approved,Approved - Released on Deviation,2025-09-18 01:15:45.377,—,Diogo Ferreira
LOTE-M-INJ-003-6436,WO-9138,2025-09-17,SHIFT 2,IM-003,M-INJ-003,TR-003-HDPE-24415,HDPE,Screw Cap,22695,M,315,0,1,8,9,Conforming,Approved,Approved,Approved - First Pass,2025-09-19 00:13:27.074,—,Beatriz Costa
LOTE-M-INJ-003-6437,WO-9140,2025-09-19,Shift 3,IM-003,M-INJ-003,TR-003-PP-PCR-24415,PP-PCR,Screw Cap,50337,M,315,0,2,1,3,Conforming,Approved,Approved,Approved - First Pass,2025-09-20 10:02:20.546,—,Carlos Mendes
LOTE-M-INJ-001-6438,WO-9142,2025-09-20,Shift 2,IM-003,M-INJ-001,TR-001-PP-24410,PP,Screw Cap,41021,M,315,0,8,13,21,Conforming,Approved,Approved,Approved - First Pass,2025-09-21 13:52:16.043,—,Beatriz Costa
LOTE-M-INJ-003-6439,WO-9144,2025-09-22,Shift 3,IM-003,M-INJ-003,TR-003-PP-24415,PP,Screw Cap,44488,M,315,0,2,0,2,Conforming,Approved,Approved,Approved - First Pass,2025-09-23 05:37:50.318,—,Carlos Mendes
LOTE-M-INJ-003-6440,WO-9145,2025-09-22,Shift 3,IM-003,M-INJ-003,TR-003-HDPE-24415,HDPE,Screw Cap,8123,L,200,0,1,2,3,Conforming,Approved,Approved,Approved - First Pass,2025-09-23 22:52:25.856,—,Diogo Ferreira
LOTE-M-INJ-003-6441,WO-9146,2025-09-23,Shift 1,IM-003,M-INJ-003,TR-003-PETG-24415,PETG,Screw Cap,22467,M,315,0,0,0,0,Conforming,Approved,Approved,Approved - First Pass,2025-09-24 16:59:30.799,—,Elena Santos
LOTE-M-INJ-003-6442,WO-9147,2025-09-23,Shift 2,IM-003,M-INJ-003,TR-003-HDPE-24415,HDPE,Screw Cap,17310,M,315,0,1,0,1,Conforming,Approved,Approved,Approved - First Pass,2025-09-25 16:36:47.141,—,Carlos Mendes
LOTE-M-INJ-001-6443,WO-9148,2025-09-24,Shift 3,IM-003,M-INJ-001,TR-001-PP-PCR-24410,PP-PCR,Screw Cap,20315,M,315,0,0,0,0,Conforming,Approved,Approved,Approved - First Pass,2025-09-26 04:19:12.864,—,Beatriz Costa
LOTE-M-INJ-001-6444,WO-9149,2025-09-25,Shift 2,IM-003,M-INJ-001,TR-001-PP-24410,PP,Screw Cap,9905,L,200,0,2,0,2,Conforming,Approved,Approved,Approved - First Pass,2025-09-27 11:41:14.449,—,Diogo Ferreira
LOTE-M-INJ-001-6445,WO-9151,2025-09-27,Shift 1,IM-003,M-INJ-001,TR-001-HDPE-24410,HDPE,Screw Cap,34262,M,315,1,1,10,12,Conforming,Rejected,Rejected,Rejected - Scrapped,2025-09-28 18:22:08.012,Sealing:1(Re=1),Ana Silva
LOTE-M-INJ-001-6446,WO-9153,2025-09-28,Shift 1,IM-003,M-INJ-001,TR-001-PP-24410,PP,Screw Cap,29795,M,315,0,0,8,8,Conforming,Approved,Approved,Approved - First Pass,2025-09-29 14:12:43.829,—,Elena Santos
LOTE-M-INJ-001-6447,WO-9154,2025-09-29,Shift 3,IM-003,M-INJ-001,TR-001-PETG-24410,PETG,Screw Cap,12119,M,315,0,0,6,6,Conforming,Approved,Approved,Approved - First Pass,2025-09-30 06:31:36.389,—,Diogo Ferreira
LOTE-M-INJ-003-6448,WO-9156,2025-09-30,Shift 3,IM-003,M-INJ-003,TR-003-HDPE-24415,HDPE,Screw Cap,27167,M,315,0,1,4,5,Conforming,Approved,Approved,Approved - First Pass,2025-10-01 01:07:52.761,—,Ana Silva
LOTE-M-INJ-001-6449,WO-9157,2025-09-30,Shift 2,IM-003,M-INJ-001,TR-001-PP-PCR-24410,PP-PCR,Screw Cap,13144,M,315,0,3,3,6,Conforming,Approved,Approved,Approved - First Pass,2025-10-01 10:17:01.943,—,Beatriz Costa
LOTE-M-INJ-001-6450,WO-9158,2025-10-01,Shift 1,IM-003,M-INJ-001,TR-001-PETG-24410,PETG,Screw Cap,16661,M,315,0,1,0,1,Conforming,Approved,Approved,Approved - First Pass,2025-10-02 15:25:05.515,—,Beatriz Costa
LOTE-M-INJ-001-6451,WO-9161,2025-10-03,Shift 3,IM-003,M-INJ-001,TR-001-HDPE-24410,HDPE,Screw Cap,42742,M,315,0,3,6,9,Conforming,Approved,Approved,Approved - First Pass,2025-10-04 06:37:54.873,—,Ana Silva
LOTE-M-INJ-003-6452,WO-9163,2025-10-04,Shift 2,IM-003,M-INJ-003,TR-003-PP-PCR-24415,PP-PCR,Screw Cap,38325,M,315,0,2,6,8,Conforming,Approved,Approved,Approved - First Pass,2025-10-05 19:08:10.756,—,Ana Silva
LOTE-M-INJ-001-6453,WO-9164,2025-10-05,Shift 1,IM-003,M-INJ-001,TR-001-HDPE-24410,HDPE,Screw Cap,24956,M,315,0,3,5,8,Conforming,Approved,Approved,Approved - First Pass,2025-10-06 14:42:22.927,—,Beatriz Costa
LOTE-M-INJ-003-6454,WO-9167,2025-10-07,Shift 1,IM-003,M-INJ-003,TR-003-PETG-24415,PETG,Screw Cap,51727,M,315,2,2,8,12,Conforming,Rejected,Rejected,Rejected - Scrapped,2025-10-08 09:21:34.124,Thread:1(Re=1),Carlos Mendes
LOTE-M-INJ-003-6455,WO-9170,2025-10-09,SHIFT 3,IM-003,M-INJ-003,TR-003-PP-PCR-24415,PP-PCR,Screw Cap,47661,M,315,0,5,7,12,Conforming,Approved,Approved,Approved - First Pass,2025-10-09 19:46:16.784,—,Ana Silva
LOTE-M-INJ-003-6456,WO-9171,2025-10-09,  Shift 1  ,IM-003,M-INJ-003,TR-003-PP-24415,PP,Screw Cap,29925,M,315,0,1,6,7,Conforming,Approved,Approved,Approved - First Pass,2025-10-10 22:55:58.039,—,Carlos Mendes
LOTE-M-INJ-001-6457,WO-9174,2025-10-11,Shift 3,IM-003,M-INJ-001,TR-001-HDPE-24410,HDPE,Screw Cap,50912,M,315,0,4,10,14,Conforming,Approved,Approved,Approved - First Pass,2025-10-13 10:36:43.100,—,Ana Silva
LOTE-M-INJ-001-6458,WO-9176,2025-10-13,Shift 1,IM-003,M-INJ-001,TR-001-PETG-24410,PETG,Screw Cap,44443,M,315,0,0,2,2,Conforming,Approved,Approved,Approved - First Pass,2025-10-14 11:47:58.231,—,Beatriz Costa
LOTE-M-INJ-001-6459,WO-9177,2025-10-14,Shift 1,IM-003,M-INJ-001,TR-001-HDPE-24410,HDPE,Screw Cap,17757,M,315,0,2,4,6,Conforming,Approved,Approved,Approved - First Pass,2025-10-15 08:21:54.747,—,Carlos Mendes
LOTE-M-INJ-003-6460,WO-9178,2025-10-14,Shift 2,IM-003,M-INJ-003,TR-003-PP-24415,PP,Screw Cap,12392,M,315,0,1,4,5,Conforming,Approved,Approved,Approved - First Pass,2025-10-15 06:55:05.919,—,Carlos Mendes
LOTE-M-INJ-001-6461,WO-9180,2025-10-15,Shift 2,IM-003,M-INJ-001,TR-001-PP-PCR-24410,PP-PCR,Screw Cap,32430,M,315,2,3,8,13,Conforming,Rejected,Rejected,Rejected - Scrapped,2025-10-16 22:24:11.902,Thread:1(Re=1),Diogo Ferreira
LOTE-M-INJ-001-6462,WO-9181,2025-10-16,Shift 1,IM-003,M-INJ-001,TR-001-PETG-24410,PETG,Screw Cap,18030,M,315,0,1,4,5,Conforming,Approved,Approved,Approved - First Pass,2025-10-17 09:46:37.314,—,Carlos Mendes
LOTE-M-INJ-003-6463,WO-9183,2025-10-17,Shift 2,IM-003,M-INJ-003,TR-003-PP-PCR-24415,PP-PCR,Screw Cap,23711,M,315,0,0,13,13,Conforming,Approved,Approved,Approved - First Pass,2025-10-18 16:04:43.874,—,Elena Santos
LOTE-M-INJ-003-6464,WO-9186,2025-10-19,Shift 3,IM-003,M-INJ-003,TR-003-PP-PCR-24415,PP-PCR,Screw Cap,45207,M,315,0,2,6,8,Conforming,Approved,Approved,Approved - First Pass,2025-10-20 10:46:18.266,—,Diogo Ferreira
LOTE-M-INJ-001-6465,WO-9188,2025-10-20,Shift 2,IM-003,M-INJ-001,TR-001-PETG-24410,PETG,Screw Cap,41575,M,315,0,4,8,12,Conforming,Approved,Approved,Approved - First Pass,2025-10-21 19:35:24.259,—,Elena Santos
LOTE-M-INJ-001-6466,WO-9189,2025-10-21,Shift 3,IM-003,M-INJ-001,TR-001-PETG-24410,PETG,Screw Cap,13540,M,315,0,1,1,2,Conforming,Approved,Approved,Approved - First Pass,2025-10-22 11:54:52.969,—,Carlos Mendes
LOTE-M-INJ-003-6467,WO-9191,2025-10-22,Shift 1,IM-003,M-INJ-003,TR-003-HDPE-24415,HDPE,Screw Cap,26278,M,315,0,2,4,6,Conforming,Approved,Approved,Approved - First Pass,2025-10-23 18:00:25.692,—,Beatriz Costa
LOTE-M-INJ-003-6468,WO-9193,2025-10-23,Shift 1,IM-003,M-INJ-003,TR-003-PP-PCR-24415,PP-PCR,Screw Cap,37731,M,315,0,0,11,11,Conforming,Approved,Approved,Approved - First Pass,2025-10-24 09:27:58.422,—,Beatriz Costa
LOTE-M-INJ-003-6469,WO-9196,2025-10-25,Shift 1,IM-003,M-INJ-003,TR-003-PP-PCR-24415,PP-PCR,Screw Cap,58650,M,315,0,0,13,13,Conforming,Approved,Approved,Approved - First Pass,2025-10-26 04:49:49.519,—,Carlos Mendes
LOTE-M-INJ-001-6470,WO-9199,2025-10-27,Shift 1,IM-003,M-INJ-001,TR-001-PP-PCR-24410,PP-PCR,Screw Cap,62007,M,315,0,3,2,5,Conforming,Approved,Approved,Approved - First Pass,2025-10-28 10:06:44.173,—,Diogo Ferreira
LOTE-M-INJ-001-6471,WO-9201,2025-10-28,  Shift 2  ,IM-003,M-INJ-001,TR-001-PP-PCR-24410,PP-PCR,Screw Cap,30524,M,315,0,3,3,6,Conforming,Approved,Approved,Approved - First Pass,2025-10-29 12:53:51.710,—,Beatriz Costa
LOTE-M-INJ-003-6472,WO-9202,2025-10-29,Shift 1,IM-003,M-INJ-003,TR-003-PP-PCR-24415,PP-PCR,Screw Cap,22504,M,315,0,0,2,2,Conforming,Approved,Approved,Approved - First Pass,2025-10-30 20:51:32.542,—,Beatriz Costa
LOTE-M-INJ-001-6473,WO-9203,2025-10-30,Shift 3,IM-003,M-INJ-001,TR-001-PETG-24410,PETG,Screw Cap,6435,L,200,0,0,2,2,Conforming,Approved,Approved,Approved - First Pass,2025-10-30 15:54:43.515,—,Diogo Ferreira
LOTE-M-INJ-001-6474,WO-9205,2025-10-31,  Shift 3  ,IM-003,M-INJ-001,TR-001-HDPE-24410,HDPE,Screw Cap,26198,M,315,0,10,7,17,Conforming,Approved,Approved,Approved - First Pass,2025-10-31 20:55:46.988,—,Ana Silva
LOTE-M-INJ-003-6475,WO-9208,2025-11-01,Shift 3,IM-003,M-INJ-003,TR-003-PP-PCR-24415,PP-PCR,Screw Cap,42927,M,315,1,3,4,8,Conforming,Rejected,Rejected,Rejected - Scrapped,2025-11-03 07:44:50.298,Thread:1(Re=1),Ana Silva
LOTE-M-INJ-001-6476,WO-9211,2025-11-03,Shift 1,IM-003,M-INJ-001,TR-001-PP-PCR-24410,PP-PCR,Screw Cap,36929,M,315,0,4,12,16,Conforming,Approved,Approved,Approved - First Pass,2025-11-04 17:39:19.871,—,Elena Santos
LOTE-M-INJ-001-6477,WO-9212,2025-11-04,Shift 1,IM-003,M-INJ-001,TR-001-PP-24410,PP,Screw Cap,18550,M,315,1,0,1,2,Conforming,Rejected,Approved,Approved - Released on Deviation,2025-11-05 06:08:11.319,—,Diogo Ferreira
LOTE-M-INJ-001-6478,WO-9214,2025-11-05,Shift 1,IM-003,M-INJ-001,TR-001-PETG-24410,PETG,Screw Cap,19065,M,315,0,0,4,4,Conforming,Approved,Approved,Approved - First Pass,2025-11-06 03:00:06.956,—,Beatriz Costa
LOTE-M-INJ-003-6479,WO-9215,2025-11-06,Shift 3,IM-003,M-INJ-003,TR-003-PETG-24415,PETG,Screw Cap,24837,M,315,0,0,7,7,Conforming,Approved,Approved,Approved - First Pass,2025-11-07 12:51:42.255,—,Ana Silva
LOTE-M-INJ-003-6480,WO-9216,2025-11-06,Shift 2,IM-003,M-INJ-003,TR-003-PP-24415,PP,Screw Cap,26039,M,315,1,2,2,5,Conforming,Rejected,Rejected,Rejected - Scrapped,2025-11-07 18:07:01.384,Thread:1(Re=1),Elena Santos
LOTE-M-INJ-001-6481,WO-9218,2025-11-08,Shift 1,IM-003,M-INJ-001,TR-001-HDPE-24410,HDPE,Screw Cap,29502,M,315,1,1,2,4,Conforming,Rejected,Rejected,Rejected - Scrapped,2025-11-09 19:36:01.043,Thread:1(Re=1),Beatriz Costa
LOTE-M-INJ-003-6482,WO-9220,2025-11-10,Shift 3,IM-003,M-INJ-003,TR-003-PP-PCR-24415,PP-PCR,Screw Cap,38414,M,315,0,2,0,2,Conforming,Approved,Approved,Approved - First Pass,2025-11-11 16:50:57.204,—,Ana Silva
LOTE-M-INJ-001-6483,WO-9221,2025-11-11,Shift 3,IM-003,M-INJ-001,TR-001-PP-24410,PP,Screw Cap,14542,M,315,0,1,5,6,Conforming,Approved,Approved,Approved - First Pass,2025-11-11 23:01:44.038,—,Diogo Ferreira
LOTE-M-INJ-001-6484,WO-9222,2025-11-11,Shift 2,IM-003,M-INJ-001,TR-001-PETG-24410,PETG,Screw Cap,17537,M,315,1,3,7,11,Conforming,Rejected,Rejected,Rejected - Scrapped,2025-11-12 21:10:30.668,Thread:1(Re=1),Diogo Ferreira
LOTE-M-INJ-003-6485,WO-9224,2025-11-13,Shift 3,IM-003,M-INJ-003,TR-003-PETG-24415,PETG,Screw Cap,55976,M,315,0,0,5,5,Conforming,Approved,Approved,Approved - First Pass,2025-11-14 18:11:41.338,—,Ana Silva
LOTE-M-INJ-003-6486,WO-9226,2025-11-14,Shift 2,IM-003,M-INJ-003,TR-003-PP-PCR-24415,PP-PCR,Screw Cap,22519,M,315,1,3,4,8,Conforming,Rejected,Rejected,Rejected - Scrapped,2025-11-15 21:25:53.424,Sealing:1(Re=1),Ana Silva
LOTE-M-INJ-003-6487,WO-9228,2025-11-16,Shift 3,IM-003,M-INJ-003,TR-003-PP-24415,PP,Screw Cap,43541,M,315,0,4,9,13,Conforming,Approved,Approved,Approved - First Pass,2025-11-17 04:15:13.445,—,Carlos Mendes
LOTE-M-INJ-003-6488,WO-9230,2025-11-16,Shift 2,IM-003,M-INJ-003,TR-003-PP-PCR-24415,PP-PCR,Screw Cap,32552,M,315,0,3,7,10,Conforming,Approved,Approved,Approved - First Pass,2025-11-18 02:26:17.028,—,Beatriz Costa
LOTE-M-INJ-003-6489,WO-9232,2025-11-17,Shift 2,IM-003,M-INJ-003,TR-003-HDPE-24415,HDPE,Screw Cap,26034,M,315,0,3,3,6,Conforming,Approved,Approved,Approved - First Pass,2025-11-18 17:24:07.225,—,Diogo Ferreira
LOTE-M-INJ-001-6490,WO-9234,2025-11-19,Shift 3,IM-003,M-INJ-001,TR-001-HDPE-24410,HDPE,Screw Cap,52010,M,315,0,0,11,11,Conforming,Approved,Approved,Approved - First Pass,2025-11-20 22:16:15.405,—,Ana Silva
LOTE-M-INJ-003-6491,WO-9237,2025-11-21,  Shift 3  ,IM-003,M-INJ-003,TR-003-HDPE-24415,HDPE,Screw Cap,57110,M,315,0,4,4,8,Conforming,Approved,Approved,Approved - First Pass,2025-11-22 07:00:34.635,—,Elena Santos
LOTE-M-INJ-001-6492,WO-9238,2025-11-22,Shift 3,IM-003,M-INJ-001,TR-001-HDPE-24410,HDPE,Screw Cap,19828,M,315,0,0,4,4,Conforming,Approved,Approved,Approved - First Pass,2025-11-23 13:18:10.356,—,Carlos Mendes
LOTE-M-INJ-003-6493,WO-9240,2025-11-23,Shift 1,IM-003,M-INJ-003,TR-003-PETG-24415,PETG,Screw Cap,44023,M,315,0,2,4,6,Conforming,Approved,Approved,Approved - First Pass,2025-11-24 07:39:14.760,—,Diogo Ferreira
LOTE-M-INJ-001-6494,WO-9242,2025-11-24,SHIFT 2,IM-003,M-INJ-001,TR-001-PP-PCR-24410,PP-PCR,Screw Cap,33730,M,315,0,2,12,14,Conforming,Approved,Approved,Approved - First Pass,2025-11-25 13:58:12.819,—,Beatriz Costa
LOTE-M-INJ-003-6495,WO-9244,2025-11-25,Shift 3,IM-003,M-INJ-003,TR-003-PP-24415,PP,Screw Cap,43800,M,315,1,3,9,13,Conforming,Rejected,Rejected,Rejected - Scrapped,2025-11-27 08:04:58.923,Thread:1(Re=1),Carlos Mendes
LOTE-M-INJ-003-6496,WO-9247,2025-11-28,Shift 1,IM-003,M-INJ-003,TR-003-HDPE-24415,HDPE,Screw Cap,63001,M,315,1,2,7,10,Conforming,Rejected,Rejected,Rejected - Scrapped,2025-11-29 19:44:52.652,Sealing:1(Re=1),Elena Santos
LOTE-M-INJ-003-6497,WO-9248,2025-11-29,Shift 1,IM-003,M-INJ-003,TR-003-PETG-24415,PETG,Screw Cap,10502,M,315,0,1,3,4,Conforming,Approved,Approved,Approved - First Pass,2025-11-30 20:45:12.105,—,Diogo Ferreira
LOTE-M-INJ-001-6498,WO-9250,2025-11-30,Shift 2,IM-003,M-INJ-001,TR-001-HDPE-24410,HDPE,Screw Cap,29364,M,315,0,3,11,14,Conforming,Approved,Approved,Approved - First Pass,2025-12-01 15:29:01.736,—,Ana Silva
LOTE-M-INJ-001-6499,WO-9252,2025-12-02,Shift 3,IM-003,M-INJ-001,TR-001-PETG-24410,PETG,Screw Cap,46985,M,315,3,5,6,14,Conforming,Rejected,Rejected,Rejected - Scrapped,2025-12-03 10:53:18.048,Thread:1(Re=1),Elena Santos
LOTE-M-INJ-001-6500,WO-9254,2025-12-03,Shift 1,IM-003,M-INJ-001,TR-001-PETG-24410,PETG,Screw Cap,19608,M,315,0,1,3,4,Conforming,Approved,Approved,Approved - First Pass,2025-12-04 16:05:57.599,—,Beatriz Costa
LOTE-M-INJ-003-6501,WO-9255,2025-12-04,Shift 3,IM-003,M-INJ-003,TR-003-PP-PCR-24415,PP-PCR,Screw Cap,22732,M,315,1,1,2,4,Conforming,Rejected,Rejected,Rejected - Scrapped,2025-12-05 00:10:32.176,Thread:1(Re=1),Diogo Ferreira
LOTE-M-INJ-001-6502,WO-9258,2025-12-05,Shift 2,IM-003,M-INJ-001,TR-001-PETG-24410,PETG,Screw Cap,52916,M,315,0,7,6,13,Conforming,Approved,Approved,Approved - First Pass,2025-12-07 04:12:45.539,—,Beatriz Costa
LOTE-M-INJ-001-6503,WO-9260,2025-12-07,Shift 1,IM-003,M-INJ-001,TR-001-HDPE-24410,HDPE,Screw Cap,39046,M,315,0,1,9,10,Conforming,Approved,Approved,Approved - First Pass,2025-12-08 20:33:03.040,—,Diogo Ferreira
LOTE-M-INJ-003-6504,WO-9261,2025-12-08,Shift 3,IM-003,M-INJ-003,TR-003-PP-PCR-24415,PP-PCR,Screw Cap,20427,M,315,0,2,0,2,Conforming,Approved,Approved,Approved - First Pass,2025-12-09 16:34:05.087,—,Elena Santos
LOTE-M-INJ-001-6505,WO-9264,2025-12-09,Shift 3,IM-003,M-INJ-001,TR-001-PP-PCR-24410,PP-PCR,Screw Cap,38882,M,315,0,2,13,15,Conforming,Approved,Approved,Approved - First Pass,2025-12-11 06:59:28.128,—,Diogo Ferreira
LOTE-M-INJ-001-6506,WO-9265,2025-12-10,Shift 2,IM-003,M-INJ-001,TR-001-PETG-24410,PETG,Screw Cap,8762,L,200,0,0,2,2,Conforming,Approved,Approved,Approved - First Pass,2025-12-11 16:09:23.169,—,Ana Silva
LOTE-M-INJ-003-6507,WO-9268,2025-12-12,Shift 2,IM-003,M-INJ-003,TR-003-PP-24415,PP,Screw Cap,75305,M,315,0,3,7,10,Conforming,Approved,Approved,Approved - First Pass,2025-12-14 08:46:14.262,—,Elena Santos
LOTE-M-INJ-003-6508,WO-9270,2025-12-14,Shift 1,IM-003,M-INJ-003,TR-003-HDPE-24415,HDPE,Screw Cap,38235,M,315,0,3,7,10,Conforming,Approved,Approved,Approved - First Pass,2025-12-15 09:48:07.292,—,Ana Silva
LOTE-M-INJ-003-6509,WO-9271,2025-12-14,Shift 2,IM-003,M-INJ-003,TR-003-PP-PCR-24415,PP-PCR,Screw Cap,28070,M,315,0,5,3,8,Conforming,Approved,Approved,Approved - First Pass,2025-12-15 23:35:48.303,—,Ana Silva
LOTE-M-INJ-003-6510,WO-9274,2025-12-16,Shift 2,IM-003,M-INJ-003,TR-003-PP-24415,PP,Screw Cap,54198,M,315,0,7,14,21,Conforming,Approved,Approved,Approved - First Pass,2025-12-17 17:10:05.965,—,Elena Santos
LOTE-M-INJ-001-6511,WO-9275,2025-12-17,Shift 1,IM-003,M-INJ-001,TR-001-HDPE-24410,HDPE,Screw Cap,23225,M,315,0,1,2,3,Conforming,Approved,Approved,Approved - First Pass,2025-12-18 23:08:53.252,—,Beatriz Costa
LOTE-M-INJ-001-6512,WO-9277,2025-12-19,Shift 3,IM-003,M-INJ-001,TR-001-PP-24410,PP,Screw Cap,44616,M,315,0,0,4,4,Conforming,Approved,Approved,Approved - First Pass,2025-12-20 03:26:48.588,—,Elena Santos
LOTE-M-INJ-003-6513,WO-9278,2025-12-19,  Shift 2  ,IM-003,M-INJ-003,TR-003-HDPE-24415,HDPE,Screw Cap,9373,L,200,1,0,4,5,Conforming,Rejected,Approved,Approved - Released on Deviation,2025-12-21 10:43:26.494,—,Ana Silva
LOTE-M-INJ-003-6514,WO-9281,2025-12-22,Shift 3,IM-003,M-INJ-003,TR-003-PP-PCR-24415,PP-PCR,Screw Cap,41942,M,315,0,5,16,21,Conforming,Approved,Approved,Approved - First Pass,2025-12-23 02:53:54.314,—,Carlos Mendes
LOTE-M-INJ-001-6515,WO-9284,2025-12-23,Shift 2,IM-003,M-INJ-001,TR-001-PP-24410,PP,Screw Cap,41099,M,315,0,5,6,11,Conforming,Approved,Approved,Approved - First Pass,2025-12-25 05:50:18.734,—,Ana Silva
LOTE-M-INJ-001-6516,WO-9286,2025-12-25,  Shift 1  ,IM-003,M-INJ-001,TR-001-PP-24410,PP,Screw Cap,28479,M,315,1,4,9,14,Conforming,Rejected,Rejected,Rejected - Scrapped,2025-12-26 10:03:26.660,Thread:1(Re=1),Elena Santos
LOTE-M-INJ-003-6517,WO-9288,2025-12-26,Shift 2,IM-003,M-INJ-003,TR-003-PP-24415,PP,Screw Cap,30959,M,315,0,1,4,5,Conforming,Approved,Approved,Approved - First Pass,2025-12-27 20:29:59.953,—,Carlos Mendes
LOTE-M-INJ-003-6518,WO-9290,2025-12-28,Shift 1,IM-003,M-INJ-003,TR-003-PETG-24415,PETG,Screw Cap,39460,M,315,0,1,3,4,Conforming,Approved,Approved,Approved - First Pass,2025-12-29 18:57:19.773,—,Diogo Ferreira
LOTE-M-INJ-001-6519,WO-9291,2025-12-29,Shift 3,IM-003,M-INJ-001,TR-001-HDPE-24410,HDPE,Screw Cap,13608,M,315,0,0,0,0,Conforming,Approved,Approved,Approved - First Pass,2025-12-30 06:44:09.997,—,Diogo Ferreira
LOTE-M-INJ-003-6520,WO-9294,2025-12-31,Shift 3,IM-003,M-INJ-003,TR-003-PP-PCR-24415,PP-PCR,Screw Cap,63485,M,315,0,3,8,11,Conforming,Approved,Approved,Approved - First Pass,2026-01-01 03:32:25.110,—,Carlos Mendes
LOTE-M-INJ-001-6521,WO-9296,2026-01-01,Shift 1,IM-003,M-INJ-001,TR-001-PP-24410,PP,Screw Cap,49786,M,315,0,3,4,7,Conforming,Approved,Approved,Approved - First Pass,2026-01-02 19:48:53.406,—,Elena Santos
LOTE-M-INJ-001-6522,WO-9297,2026-01-02,Shift 1,IM-003,M-INJ-001,TR-001-PETG-24410,PETG,Screw Cap,13745,M,315,0,1,0,1,Conforming,Approved,Approved,Approved - First Pass,2026-01-03 15:34:05.241,—,Elena Santos
LOTE-M-INJ-003-6523,WO-9298,2026-01-02,Shift 3,IM-003,M-INJ-003,TR-003-PETG-24415,PETG,Screw Cap,18770,M,315,0,0,9,9,Conforming,Approved,Approved,Approved - First Pass,2026-01-03 19:02:40.031,—,Ana Silva
LOTE-M-INJ-003-6524,WO-9299,2026-01-03,Shift 2,IM-003,M-INJ-003,TR-003-HDPE-24415,HDPE,Screw Cap,12104,M,315,1,1,4,6,Conforming,Rejected,Rejected,Rejected - Scrapped,2026-01-04 17:23:50.759,Thread:1(Re=1),Carlos Mendes
LOTE-M-INJ-001-6525,WO-9302,2026-01-05,Shift 1,IM-003,M-INJ-001,TR-001-PP-24410,PP,Screw Cap,34256,M,315,0,2,8,10,Conforming,Approved,Approved,Approved - First Pass,2026-01-06 15:28:29.955,—,Diogo Ferreira
LOTE-M-INJ-001-6526,WO-9303,2026-01-06,Shift 3,IM-003,M-INJ-001,TR-001-PETG-24410,PETG,Screw Cap,19257,M,315,1,0,2,3,Conforming,Rejected,Rejected,Rejected - Scrapped,2026-01-07 15:46:30.257,Sealing:1(Re=1),Ana Silva
LOTE-M-INJ-003-6527,WO-9304,2026-01-06,Shift 2,IM-003,M-INJ-003,TR-003-PP-PCR-24415,PP-PCR,Screw Cap,18350,M,315,1,0,3,4,Conforming,Rejected,Rejected,Rejected - Scrapped,2026-01-07 14:10:42.590,Sealing:1(Re=1),Beatriz Costa
LOTE-M-INJ-001-6528,WO-9305,2026-01-07,Shift 1,IM-003,M-INJ-001,TR-001-PETG-24410,PETG,Screw Cap,15915,M,315,0,1,2,3,Conforming,Approved,Approved,Approved - First Pass,2026-01-08 19:54:51.643,—,Elena Santos
LOTE-M-INJ-001-6529,WO-9306,2026-01-08,Shift 1,IM-003,M-INJ-001,TR-001-HDPE-24410,HDPE,Screw Cap,15538,M,315,0,0,0,0,Conforming,Approved,Approved,Approved - First Pass,2026-01-09 08:11:17.244,—,Elena Santos
LOTE-M-INJ-003-6530,WO-9309,2026-01-10,Shift 1,IM-003,M-INJ-003,TR-003-HDPE-24415,HDPE,Screw Cap,82598,M,315,0,1,12,13,Conforming,Approved,Approved,Approved - First Pass,2026-01-11 22:13:27.077,—,Carlos Mendes
LOTE-M-INJ-003-6531,WO-9311,2026-01-12,Shift 1,IM-003,M-INJ-003,TR-003-PP-PCR-24415,PP-PCR,Screw Cap,41092,M,315,0,2,6,8,Conforming,Approved,Approved,Approved - First Pass,2026-01-13 18:21:21.207,—,Elena Santos
LOTE-M-INJ-003-6532,WO-9312,2026-01-13,Shift 3,IM-003,M-INJ-003,TR-003-PP-24415,PP,Screw Cap,19333,M,315,0,1,2,3,Conforming,Approved,Approved,Approved - First Pass,2026-01-13 22:23:52.375,—,Carlos Mendes
LOTE-M-INJ-003-6533,WO-9313,2026-01-13,Shift 2,IM-003,M-INJ-003,TR-003-HDPE-24415,HDPE,Screw Cap,27998,M,315,0,1,6,7,Conforming,Approved,Approved,Approved - First Pass,2026-01-14 20:17:16.941,—,Carlos Mendes
LOTE-M-INJ-003-6534,WO-9315,2026-01-15,Shift 1,IM-003,M-INJ-003,TR-003-HDPE-24415,HDPE,Screw Cap,41213,M,315,0,2,6,8,Conforming,Approved,Approved,Approved - First Pass,2026-01-16 06:09:16.764,—,Beatriz Costa
LOTE-M-INJ-003-6535,WO-9317,2026-01-16,Shift 1,IM-003,M-INJ-003,TR-003-PETG-24415,PETG,Screw Cap,48149,M,315,0,1,1,2,Conforming,Approved,Approved,Approved - First Pass,2026-01-17 12:23:13.553,—,Beatriz Costa
LOTE-M-INJ-003-6536,WO-9318,2026-01-17,Shift 3,IM-003,M-INJ-003,TR-003-HDPE-24415,HDPE,Screw Cap,24666,M,315,0,4,0,4,Conforming,Approved,Approved,Approved - First Pass,2026-01-17 22:41:38.973,—,Diogo Ferreira
LOTE-M-INJ-001-6537,WO-9319,2026-01-17,Shift 2,IM-003,M-INJ-001,TR-001-HDPE-24410,HDPE,Screw Cap,12342,M,315,0,2,6,8,Conforming,Approved,Approved,Approved - First Pass,2026-01-18 11:19:46.026,—,Elena Santos
LOTE-M-INJ-003-6538,WO-9321,2026-01-19,shift 3,IM-003,M-INJ-003,TR-003-HDPE-24415,HDPE,Screw Cap,49593,M,315,0,1,8,9,Conforming,Approved,Approved,Approved - First Pass,2026-01-20 04:56:49.157,—,Diogo Ferreira
LOTE-M-INJ-001-6539,WO-9324,2026-01-20,Shift 2,IM-003,M-INJ-001,TR-001-PETG-24410,PETG,Screw Cap,34013,M,315,0,3,6,9,Conforming,Approved,Approved,Approved - First Pass,2026-01-21 08:02:57.095,—,Beatriz Costa
LOTE-M-INJ-003-6540,WO-9326,2026-01-21,Shift 2,IM-003,M-INJ-003,TR-003-HDPE-24415,HDPE,Screw Cap,43957,M,315,1,5,9,15,Conforming,Rejected,Rejected,Rejected - Scrapped,2026-01-23 02:57:37.850,Thread:1(Re=1),Ana Silva
LOTE-M-INJ-001-6541,WO-9327,2026-01-22,Shift 2,IM-003,M-INJ-001,TR-001-PP-24410,PP,Screw Cap,20060,M,315,0,0,8,8,Conforming,Approved,Approved,Approved - First Pass,2026-01-23 11:40:01.229,—,Carlos Mendes
LOTE-M-INJ-001-6542,WO-9330,2026-01-24,Shift 2,IM-003,M-INJ-001,TR-001-HDPE-24410,HDPE,Screw Cap,53340,M,315,0,2,8,10,Conforming,Approved,Approved,Approved - First Pass,2026-01-25 21:16:16.859,—,Beatriz Costa
LOTE-M-INJ-003-6543,WO-9333,2026-01-26,Shift 2,IM-003,M-INJ-003,TR-003-PP-24415,PP,Screw Cap,52461,M,315,0,3,11,14,Conforming,Approved,Approved,Approved - First Pass,2026-01-28 07:25:36.898,—,Elena Santos
LOTE-M-INJ-003-6544,WO-9336,2026-01-29,Shift 3,IM-003,M-INJ-003,TR-003-PETG-24415,PETG,Screw Cap,50934,M,315,0,7,7,14,Conforming,Approved,Approved,Approved - First Pass,2026-01-30 09:14:43.741,—,Carlos Mendes
LOTE-M-INJ-001-6545,WO-9338,2026-01-30,Shift 1,IM-003,M-INJ-001,TR-001-PETG-24410,PETG,Screw Cap,24815,M,315,0,1,5,6,Conforming,Approved,Approved,Approved - First Pass,2026-01-31 03:26:31.374,—,Ana Silva
LOTE-M-INJ-003-6546,WO-9341,2026-02-01,Shift 3,IM-003,M-INJ-003,TR-003-PP-PCR-24415,PP-PCR,Screw Cap,54322,M,315,1,4,7,12,Conforming,Rejected,Rejected,Rejected - Scrapped,2026-02-02 03:15:35.025,Thread:1(Re=1),Elena Santos
LOTE-M-INJ-001-6547,WO-9344,2026-02-02,Shift 3,IM-003,M-INJ-001,TR-001-PP-24410,PP,Screw Cap,40350,M,315,0,5,2,7,Conforming,Approved,Approved,Approved - First Pass,2026-02-04 08:13:25.156,—,Beatriz Costa
LOTE-M-INJ-001-6548,WO-9345,2026-02-03,Shift 2,IM-003,M-INJ-001,TR-001-PETG-24410,PETG,Screw Cap,5278,L,200,0,0,4,4,Conforming,Approved,Approved,Approved - First Pass,2026-02-04 07:39:10.385,—,Ana Silva
LOTE-M-INJ-003-6549,WO-9347,2026-02-04,Shift 2,IM-003,M-INJ-003,TR-003-HDPE-24415,HDPE,Screw Cap,41501,M,315,0,0,5,5,Conforming,Approved,Approved,Approved - First Pass,2026-02-05 21:31:29.097,—,Diogo Ferreira
LOTE-M-INJ-003-6550,WO-9348,2026-02-05,Shift 1,IM-003,M-INJ-003,TR-003-HDPE-24415,HDPE,Screw Cap,27236,M,315,0,0,4,4,Conforming,Approved,Approved,Approved - First Pass,2026-02-07 01:44:43.669,—,Beatriz Costa
LOTE-M-INJ-003-6551,WO-9349,2026-02-06,Shift 1,IM-003,M-INJ-003,TR-003-HDPE-24415,HDPE,Screw Cap,22035,M,315,0,1,1,2,Conforming,Approved,Approved,Approved - First Pass,2026-02-07 09:34:00.860,—,Ana Silva
LOTE-M-INJ-001-6552,WO-9351,2026-02-07,Shift 3,IM-003,M-INJ-001,TR-001-PP-PCR-24410,PP-PCR,Screw Cap,45226,M,315,0,0,4,4,Conforming,Approved,Approved,Approved - First Pass,2026-02-08 20:33:44.416,—,Diogo Ferreira
LOTE-M-INJ-001-6553,WO-9352,2026-02-08,SHIFT 2,IM-003,M-INJ-001,TR-001-PETG-24410,PETG,Screw Cap,11492,M,315,1,1,2,4,Conforming,Rejected,Approved,Approved - Released on Deviation,2026-02-09 10:42:41.048,—,Diogo Ferreira
LOTE-M-INJ-001-6554,WO-9353,2026-02-09,Shift 3,IM-003,M-INJ-001,TR-001-PP-24410,PP,Screw Cap,9913,L,200,0,2,1,3,Conforming,Approved,Approved,Approved - First Pass,2026-02-10 09:39:03.169,—,Elena Santos
LOTE-M-INJ-003-6555,WO-9354,2026-02-09,Shift 2,IM-003,M-INJ-003,TR-003-PETG-24415,PETG,Screw Cap,28388,M,315,0,2,3,5,Conforming,Approved,Approved,Approved - First Pass,2026-02-10 23:11:12.109,—,Elena Santos
LOTE-M-INJ-001-6556,WO-9357,2026-02-11,Shift 2,IM-003,M-INJ-001,TR-001-PETG-24410,PETG,Screw Cap,52636,M,315,1,1,3,5,Conforming,Rejected,Rejected,Rejected - Scrapped,2026-02-13 00:45:20.283,Sealing:1(Re=1),Ana Silva
LOTE-M-INJ-001-6557,WO-9360,2026-02-13,Shift 3,IM-003,M-INJ-001,TR-001-PP-PCR-24410,PP-PCR,Screw Cap,52870,M,315,0,1,5,6,Conforming,Approved,Approved,Approved - First Pass,2026-02-15 03:54:04.626,—,Elena Santos
LOTE-M-INJ-003-6558,WO-9363,2026-02-16,Shift 3,IM-003,M-INJ-003,TR-003-PP-24415,PP,Screw Cap,49590,M,315,0,8,12,20,Conforming,Approved,Approved,Approved - First Pass,2026-02-17 04:55:35.567,—,Ana Silva
LOTE-M-INJ-001-6559,WO-9365,2026-02-17,Shift 1,IM-003,M-INJ-001,TR-001-PETG-24410,PETG,Screw Cap,33585,M,315,0,3,8,11,Conforming,Approved,Approved,Approved - First Pass,2026-02-18 08:08:06.147,—,Beatriz Costa
LOTE-M-INJ-003-6560,WO-9366,2026-02-18,Shift 3,IM-003,M-INJ-003,TR-003-PP-24415,PP,Screw Cap,23102,M,315,0,1,2,3,Conforming,Approved,Approved,Approved - First Pass,2026-02-18 21:58:50.770,—,Carlos Mendes
LOTE-M-INJ-001-6561,WO-9368,2026-02-19,Shift 1,IM-003,M-INJ-001,TR-001-HDPE-24410,HDPE,Screw Cap,30051,M,315,0,2,6,8,Conforming,Approved,Approved,Approved - First Pass,2026-02-20 04:40:14.317,—,Beatriz Costa
LOTE-M-INJ-003-6562,WO-9369,2026-02-20,SHIFT 3,IM-003,M-INJ-003,TR-003-PP-24415,PP,Screw Cap,17470,M,315,0,3,0,3,Conforming,Approved,Approved,Approved - First Pass,2026-02-21 05:36:58.723,—,Beatriz Costa
LOTE-M-INJ-003-6563,WO-9371,2026-02-21,Shift 1,IM-003,M-INJ-003,TR-003-PP-PCR-24415,PP-PCR,Screw Cap,23824,M,315,0,2,4,6,Conforming,Approved,Approved,Approved - First Pass,2026-02-22 11:08:24.478,—,Ana Silva
LOTE-M-INJ-001-6564,WO-9373,2026-02-22,Shift 2,IM-003,M-INJ-001,TR-001-HDPE-24410,HDPE,Screw Cap,26946,M,315,0,4,5,9,Conforming,Approved,Approved,Approved - First Pass,2026-02-23 11:52:44.304,—,Elena Santos
LOTE-M-INJ-001-6565,WO-9375,2026-02-24,Shift 3,IM-003,M-INJ-001,TR-001-PETG-24410,PETG,Screw Cap,28306,M,315,0,3,4,7,Conforming,Approved,Approved,Approved - First Pass,2026-02-25 05:13:36.458,—,Ana Silva
LOTE-M-INJ-003-6566,WO-9378,2026-02-26,Shift 1,IM-003,M-INJ-003,TR-003-HDPE-24415,HDPE,Screw Cap,46565,M,315,1,3,8,12,Conforming,Rejected,Rejected,Rejected - Scrapped,2026-02-27 06:53:34.802,Sealing:1(Re=1),Beatriz Costa
LOTE-M-INJ-001-6567,WO-9379,2026-02-26,SHIFT 2,IM-003,M-INJ-001,TR-001-PP-24410,PP,Screw Cap,23971,M,315,0,0,1,1,Conforming,Approved,Approved,Approved - First Pass,2026-02-27 20:09:35.912,—,Elena Santos
LOTE-M-INJ-003-6568,WO-9381,2026-02-28,Shift 1,IM-003,M-INJ-003,TR-003-HDPE-24415,HDPE,Screw Cap,37669,M,315,0,1,6,7,Conforming,Approved,Approved,Approved - First Pass,2026-03-01 13:27:52.756,—,Beatriz Costa
LOTE-M-INJ-003-6569,WO-9384,2026-03-02,Shift 3,IM-003,M-INJ-003,TR-003-PETG-24415,PETG,Screw Cap,54658,M,315,0,1,12,13,Conforming,Approved,Approved,Approved - First Pass,2026-03-03 07:05:06.624,—,Ana Silva
LOTE-M-INJ-001-6570,WO-9385,2026-03-02,Shift 2,IM-003,M-INJ-001,TR-001-HDPE-24410,HDPE,Screw Cap,16298,M,315,0,2,2,4,Conforming,Approved,Approved,Approved - First Pass,2026-03-03 23:02:31.240,—,Diogo Ferreira
LOTE-M-INJ-001-6571,WO-9386,2026-03-03,Shift 1,IM-003,M-INJ-001,TR-001-HDPE-24410,HDPE,Screw Cap,16570,M,315,0,0,3,3,Conforming,Approved,Approved,Approved - First Pass,2026-03-04 16:25:37.041,—,Beatriz Costa
LOTE-M-INJ-001-6572,WO-9388,2026-03-04,  Shift 1  ,IM-003,M-INJ-001,TR-001-PETG-24410,PETG,Screw Cap,41092,M,315,0,0,10,10,Conforming,Approved,Approved,Approved - First Pass,2026-03-05 11:35:41.815,—,Elena Santos
LOTE-M-INJ-001-6573,WO-9391,2026-03-06,Shift 1,IM-003,M-INJ-001,TR-001-PP-PCR-24410,PP-PCR,Screw Cap,43459,M,315,3,0,7,10,Conforming,Rejected,Rejected,Rejected - Scrapped,2026-03-07 02:31:36.122,Sealing:1(Re=1),Carlos Mendes
LOTE-M-INJ-003-6574,WO-9392,2026-03-07,Shift 3,IM-003,M-INJ-003,TR-003-HDPE-24415,HDPE,Screw Cap,29413,M,315,0,4,0,4,Conforming,Approved,Approved,Approved - First Pass,2026-03-08 04:45:58.475,—,Elena Santos
LOTE-M-INJ-003-6575,WO-9395,2026-03-09,shift 3,IM-003,M-INJ-003,TR-003-PETG-24415,PETG,Screw Cap,63942,M,315,1,0,13,14,Conforming,Rejected,Rejected,Rejected - Scrapped,2026-03-10 16:41:34.259,Thread:1(Re=1),Ana Silva
LOTE-M-INJ-003-6576,WO-9396,2026-03-09,Shift 3,IM-003,M-INJ-003,TR-003-PP-24415,PP,Screw Cap,25104,M,315,0,3,0,3,Conforming,Approved,Approved,Approved - First Pass,2026-03-11 07:06:24.763,—,Diogo Ferreira
LOTE-M-INJ-001-6577,WO-9397,2026-03-10,Shift 2,IM-003,M-INJ-001,TR-001-PP-24410,PP,Screw Cap,13526,M,315,0,1,2,3,Conforming,Approved,Approved,Approved - First Pass,2026-03-11 16:08:49.533,—,Beatriz Costa
LOTE-M-INJ-003-6578,WO-9399,2026-03-11,Shift 2,IM-003,M-INJ-003,TR-003-PP-PCR-24415,PP-PCR,Screw Cap,24752,M,315,0,1,9,10,Conforming,Approved,Approved,Approved - First Pass,2026-03-12 07:51:26.718,—,Carlos Mendes
LOTE-M-INJ-001-6579,WO-9402,2026-03-13,Shift 2,IM-003,M-INJ-001,TR-001-PETG-24410,PETG,Screw Cap,48743,M,315,0,3,8,11,Conforming,Approved,Approved,Approved - First Pass,2026-03-15 02:28:02.736,—,Carlos Mendes
LOTE-M-INJ-001-6580,WO-9405,2026-03-15,Shift 2,IM-003,M-INJ-001,TR-001-PP-24410,PP,Screw Cap,39547,M,315,1,5,13,19,Conforming,Rejected,Rejected,Rejected - Scrapped,2026-03-16 22:23:36.528,Thread:1(Re=1),Elena Santos
LOTE-M-INJ-001-6581,WO-9407,2026-03-16,Shift 2,IM-003,M-INJ-001,TR-001-PETG-24410,PETG,Screw Cap,28416,M,315,1,3,2,6,Conforming,Rejected,Approved,Approved - Released on Deviation,2026-03-17 11:41:06.940,—,Diogo Ferreira
LOTE-M-INJ-003-6582,WO-9410,2026-03-18,Shift 2,IM-003,M-INJ-003,TR-003-PETG-24415,PETG,Screw Cap,73529,M,315,0,5,15,20,Conforming,Approved,Approved,Approved - First Pass,2026-03-20 01:48:53.531,—,Carlos Mendes
LOTE-M-INJ-003-6583,WO-9411,2026-03-19,Shift 2,IM-003,M-INJ-003,TR-003-PP-24415,PP,Screw Cap,16404,M,315,0,5,0,5,Conforming,Approved,Approved,Approved - First Pass,2026-03-20 18:56:00.549,—,Diogo Ferreira
LOTE-M-INJ-001-6584,WO-9412,2026-03-20,Shift 3,IM-003,M-INJ-001,TR-001-HDPE-24410,HDPE,Screw Cap,24957,M,315,0,0,3,3,Conforming,Approved,Approved,Approved - First Pass,2026-03-20 23:36:16.073,—,Elena Santos
LOTE-M-INJ-001-6585,WO-9414,2026-03-21,shift 2,IM-003,M-INJ-001,TR-001-PP-24410,PP,Screw Cap,35860,M,315,0,3,11,14,Conforming,Approved,Approved,Approved - First Pass,2026-03-22 22:36:45.357,—,Ana Silva
LOTE-M-INJ-003-6586,WO-9415,2026-03-22,Shift 1,IM-003,M-INJ-003,TR-003-PETG-24415,PETG,Screw Cap,11358,M,315,0,0,3,3,Conforming,Approved,Approved,Approved - First Pass,2026-03-23 16:54:13.790,—,Ana Silva
LOTE-M-INJ-001-6587,WO-9417,2026-03-23,Shift 2,IM-003,M-INJ-001,TR-001-PETG-24410,PETG,Screw Cap,42246,M,315,0,5,7,12,Conforming,Approved,Approved,Approved - First Pass,2026-03-24 16:26:51.361,—,Ana Silva
LOTE-M-INJ-003-6588,WO-9418,2026-03-24,Shift 1,IM-003,M-INJ-003,TR-003-PP-24415,PP,Screw Cap,21642,M,315,0,0,6,6,Conforming,Approved,Approved,Approved - First Pass,2026-03-25 15:41:04.115,—,Carlos Mendes
LOTE-M-INJ-003-6589,WO-9421,2026-03-26,Shift 1,IM-003,M-INJ-003,TR-003-PETG-24415,PETG,Screw Cap,69282,M,315,0,3,4,7,Conforming,Approved,Approved,Approved - First Pass,2026-03-27 18:53:38.563,—,Ana Silva
LOTE-M-INJ-003-6590,WO-9423,2026-03-27,shift 2,IM-003,M-INJ-003,TR-003-PETG-24415,PETG,Screw Cap,27905,M,315,1,1,5,7,Conforming,Rejected,Approved,Approved - Released on Deviation,2026-03-29 09:35:22.162,—,Carlos Mendes
LOTE-M-INJ-001-6591,WO-9425,2026-03-29,Shift 2,IM-003,M-INJ-001,TR-001-PETG-24410,PETG,Screw Cap,40395,M,315,0,4,5,9,Conforming,Approved,Approved,Approved - First Pass,2026-03-30 20:10:34.650,—,Beatriz Costa
LOTE-M-INJ-001-6592,WO-9427,2026-03-31,Shift 3,IM-003,M-INJ-001,TR-001-PP-24410,PP,Screw Cap,27946,M,315,1,1,3,5,Conforming,Rejected,Rejected,Rejected - Scrapped,2026-04-01 01:46:24.636,Sealing:1(Re=1),Carlos Mendes
LOTE-M-INJ-001-6593,WO-9428,2026-03-31,  Shift 2  ,IM-003,M-INJ-001,TR-001-PP-24410,PP,Screw Cap,14151,M,315,0,0,0,0,Conforming,Approved,Approved,Approved - First Pass,2026-04-02 01:08:59.545,—,Carlos Mendes
LOTE-M-INJ-003-6594,WO-9430,2026-04-02,Shift 3,IM-003,M-INJ-003,TR-003-PP-24415,PP,Screw Cap,37941,M,315,0,1,10,11,Conforming,Approved,Approved,Approved - First Pass,2026-04-02 19:07:49.231,—,Carlos Mendes
LOTE-M-INJ-001-6595,WO-9432,2026-04-03,Shift 1,IM-003,M-INJ-001,TR-001-PP-24410,PP,Screw Cap,28630,M,315,0,3,3,6,Conforming,Approved,Approved,Approved - First Pass,2026-04-04 08:22:46.483,—,Elena Santos
LOTE-M-INJ-003-6596,WO-9433,2026-04-04,Shift 3,IM-003,M-INJ-003,TR-003-PP-PCR-24415,PP-PCR,Screw Cap,21521,M,315,0,3,5,8,Conforming,Approved,Approved,Approved - First Pass,2026-04-04 22:00:22.208,—,Carlos Mendes
LOTE-M-INJ-003-6597,WO-9435,2026-04-05,Shift 3,IM-003,M-INJ-003,TR-003-HDPE-24415,HDPE,Screw Cap,29445,M,315,0,3,7,10,Conforming,Approved,Approved,Approved - First Pass,2026-04-05 23:31:46.435,—,Carlos Mendes
LOTE-M-INJ-003-6598,WO-9437,2026-04-06,Shift 2,IM-003,M-INJ-003,TR-003-PP-PCR-24415,PP-PCR,Screw Cap,29452,M,315,0,5,11,16,Conforming,Approved,Approved,Approved - First Pass,2026-04-07 17:33:24.250,—,Elena Santos
LOTE-M-INJ-003-6599,WO-9438,2026-04-07,Shift 3,IM-003,M-INJ-003,TR-003-PETG-24415,PETG,Screw Cap,19122,M,315,0,4,2,6,Conforming,Approved,Approved,Approved - First Pass,2026-04-08 01:45:42.204,—,Ana Silva
LOTE-M-INJ-003-6600,WO-9440,2026-04-08,Shift 1,IM-003,M-INJ-003,TR-003-PP-24415,PP,Screw Cap,42429,M,315,0,1,6,7,Conforming,Approved,Approved,Approved - First Pass,2026-04-09 15:20:06.897,—,Diogo Ferreira
LOTE-M-INJ-003-6601,WO-9443,2026-04-10,Shift 2,IM-003,M-INJ-003,TR-003-PP-PCR-24415,PP-PCR,Screw Cap,71410,M,315,2,0,12,14,Conforming,Rejected,Approved,Approved - Released on Deviation,2026-04-11 15:45:52.713,—,Elena Santos
LOTE-M-INJ-003-6602,WO-9446,2026-04-12,Shift 1,IM-003,M-INJ-003,TR-003-PETG-24415,PETG,Screw Cap,53679,M,315,0,2,9,11,Conforming,Approved,Approved,Approved - First Pass,2026-04-13 09:24:44.754,—,Diogo Ferreira
LOTE-M-INJ-003-6603,WO-9447,2026-04-13,Shift 3,IM-003,M-INJ-003,TR-003-PP-24415,PP,Screw Cap,20072,M,315,0,3,0,3,Conforming,Approved,Approved,Approved - First Pass,2026-04-14 01:26:00.193,—,Elena Santos
LOTE-M-INJ-003-6604,WO-9450,2026-04-15,SHIFT 3,IM-003,M-INJ-003,TR-003-PP-24415,PP,Screw Cap,58598,M,315,0,5,8,13,Conforming,Approved,Approved,Approved - First Pass,2026-04-16 01:19:17.883,—,Carlos Mendes
LOTE-M-INJ-003-6605,WO-9452,2026-04-16,Shift 1,IM-003,M-INJ-003,TR-003-HDPE-24415,HDPE,Screw Cap,53196,M,315,0,2,6,8,Conforming,Approved,Approved,Approved - First Pass,2026-04-17 06:43:31.491,—,Diogo Ferreira
LOTE-M-INJ-003-6606,WO-9455,2026-04-18,SHIFT 3,IM-003,M-INJ-003,TR-003-PP-PCR-24415,PP-PCR,Screw Cap,46176,M,315,0,3,12,15,Conforming,Approved,Approved,Approved - First Pass,2026-04-19 05:44:06.258,—,Diogo Ferreira
LOTE-M-INJ-001-6607,WO-9456,2026-04-18,Shift 2,IM-003,M-INJ-001,TR-001-PP-24410,PP,Screw Cap,16826,M,315,2,0,4,6,Conforming,Rejected,Rejected,Rejected - Scrapped,2026-04-20 03:12:38.186,Thread:2(Re=1),Ana Silva
LOTE-M-INJ-003-6608,WO-9459,2026-04-20,Shift 1,IM-003,M-INJ-003,TR-003-PP-PCR-24415,PP-PCR,Screw Cap,42004,M,315,0,2,2,4,Conforming,Approved,Approved,Approved - First Pass,2026-04-21 06:11:09.250,—,Elena Santos
LOTE-M-INJ-001-6609,WO-9460,2026-04-21,Shift 3,IM-003,M-INJ-001,TR-001-HDPE-24410,HDPE,Screw Cap,9938,L,200,0,0,2,2,Conforming,Approved,Approved,Approved - First Pass,2026-04-21 21:36:26.579,—,Elena Santos
LOTE-M-INJ-003-6610,WO-9462,2026-04-22,Shift 3,IM-003,M-INJ-003,TR-003-PETG-24415,PETG,Screw Cap,43323,M,315,0,2,5,7,Conforming,Approved,Approved,Approved - First Pass,2026-04-23 03:59:33.948,—,Carlos Mendes
LOTE-M-INJ-003-6611,WO-9465,2026-04-24,Shift 2,IM-003,M-INJ-003,TR-003-PP-PCR-24415,PP-PCR,Screw Cap,73527,M,315,0,0,9,9,Conforming,Approved,Approved,Approved - First Pass,2026-04-26 07:23:38.771,—,Carlos Mendes
LOTE-M-INJ-003-6612,WO-9466,2026-04-25,Shift 2,IM-003,M-INJ-003,TR-003-PETG-24415,PETG,Screw Cap,17976,M,315,0,1,5,6,Conforming,Approved,Approved,Approved - First Pass,2026-04-26 20:21:51.405,—,Ana Silva
LOTE-M-INJ-001-6613,WO-9469,2026-04-27,Shift 3,IM-003,M-INJ-001,TR-001-PETG-24410,PETG,Screw Cap,37345,M,315,0,0,9,9,Conforming,Approved,Approved,Approved - First Pass,2026-04-29 14:56:09.891,—,Diogo Ferreira
LOTE-M-INJ-003-6614,WO-9470,2026-04-28,Shift 3,IM-003,M-INJ-003,TR-003-PP-24415,PP,Screw Cap,27261,M,315,0,1,5,6,Conforming,Approved,Approved,Approved - First Pass,2026-04-30 02:20:11.610,—,Diogo Ferreira
LOTE-M-INJ-003-6615,WO-9471,2026-04-29,Shift 2,IM-003,M-INJ-003,TR-003-PP-24415,PP,Screw Cap,13105,M,315,0,1,6,7,Conforming,Approved,Approved,Approved - First Pass,2026-04-30 10:33:26.707,—,Elena Santos
LOTE-M-INJ-001-6616,WO-9473,2026-04-30,Shift 2,IM-003,M-INJ-001,TR-001-PP-PCR-24410,PP-PCR,Screw Cap,30512,M,315,1,2,1,4,Conforming,Rejected,Rejected,Rejected - Scrapped,2026-05-01 19:28:25.474,Thread:1(Re=1),Carlos Mendes
LOTE-M-INJ-001-6617,WO-9475,2026-05-01,Shift 3,IM-003,M-INJ-001,TR-001-HDPE-24410,HDPE,Screw Cap,23017,M,315,1,1,12,14,Conforming,Rejected,Rejected,Rejected - Scrapped,2026-05-03 06:53:30.644,Thread:1(Re=1),Ana Silva
LOTE-M-INJ-003-6618,WO-9476,2026-05-02,Shift 2,IM-003,M-INJ-003,TR-003-PETG-24415,PETG,Screw Cap,15813,M,315,0,0,0,0,Conforming,Approved,Approved,Approved - First Pass,2026-05-03 10:10:02.842,—,Carlos Mendes
LOTE-M-INJ-001-6619,WO-9477,2026-05-03,Shift 1,IM-003,M-INJ-001,TR-001-PP-24410,PP,Screw Cap,14515,M,315,0,1,3,4,Conforming,Approved,Approved,Approved - First Pass,2026-05-04 01:34:05.160,—,Beatriz Costa
LOTE-M-INJ-003-6620,WO-9479,2026-05-04,Shift 2,IM-003,M-INJ-003,TR-003-PP-24415,PP,Screw Cap,40934,M,315,0,0,13,13,Conforming,Approved,Approved,Approved - First Pass,2026-05-06 02:45:49.209,—,Diogo Ferreira
LOTE-M-INJ-001-6621,WO-9480,2026-05-05,Shift 1,IM-003,M-INJ-001,TR-001-PETG-24410,PETG,Screw Cap,10905,M,315,1,4,0,5,Conforming,Rejected,Rejected,Rejected - Scrapped,2026-05-05 23:03:18.853,Thread:1(Re=1),Carlos Mendes
LOTE-M-INJ-003-6622,WO-9481,2026-05-05,Shift 2,IM-003,M-INJ-003,TR-003-PP-24415,PP,Screw Cap,10048,M,315,0,6,0,6,Conforming,Approved,Approved,Approved - First Pass,2026-05-06 13:13:04.280,—,Beatriz Costa
LOTE-M-INJ-001-6623,WO-9484,2026-05-07,Shift 2,IM-003,M-INJ-001,TR-001-PP-24410,PP,Screw Cap,42092,M,315,0,1,9,10,Conforming,Approved,Approved,Approved - First Pass,2026-05-08 09:02:53.128,—,Beatriz Costa
LOTE-M-INJ-001-6624,WO-9485,2026-05-08,  Shift 1  ,IM-003,M-INJ-001,TR-001-PETG-24410,PETG,Screw Cap,23976,M,315,0,0,5,5,Conforming,Approved,Approved,Approved - First Pass,2026-05-09 20:11:13.646,—,Carlos Mendes
LOTE-M-INJ-001-6625,WO-9486,2026-05-09,Shift 3,IM-003,M-INJ-001,TR-001-PP-PCR-24410,PP-PCR,Screw Cap,13531,M,315,0,3,2,5,Conforming,Approved,Approved,Approved - First Pass,2026-05-10 11:50:30.004,—,Ana Silva
LOTE-M-INJ-003-6626,WO-9489,2026-05-10,Shift 2,IM-003,M-INJ-003,TR-003-PP-24415,PP,Screw Cap,56946,M,315,0,5,12,17,Conforming,Approved,Approved,Approved - First Pass,2026-05-11 19:50:36.522,—,Ana Silva
LOTE-M-INJ-001-6627,WO-9492,2026-05-13,Shift 3,IM-003,M-INJ-001,TR-001-PP-24410,PP,Screw Cap,46507,M,315,0,3,16,19,Conforming,Approved,Approved,Approved - First Pass,2026-05-14 08:28:39.028,—,Carlos Mendes
LOTE-M-INJ-001-6628,WO-9493,2026-05-13,Shift 2,IM-003,M-INJ-001,TR-001-PP-24410,PP,Screw Cap,11389,M,315,0,1,5,6,Conforming,Approved,Approved,Approved - First Pass,2026-05-14 09:36:01.220,—,Elena Santos
LOTE-M-INJ-003-6629,WO-9494,2026-05-14,Shift 1,IM-003,M-INJ-003,TR-003-PP-PCR-24415,PP-PCR,Screw Cap,22783,M,315,0,1,0,1,Conforming,Approved,Approved,Approved - First Pass,2026-05-15 13:23:02.054,—,Ana Silva
LOTE-M-INJ-001-6630,WO-9496,2026-05-15,Shift 3,IM-003,M-INJ-001,TR-001-PETG-24410,PETG,Screw Cap,33612,M,315,0,3,10,13,Conforming,Approved,Approved,Approved - First Pass,2026-05-17 05:30:37.543,—,Beatriz Costa
LOTE-M-INJ-001-6631,WO-9498,2026-05-17,Shift 3,IM-003,M-INJ-001,TR-001-PP-24410,PP,Screw Cap,36737,M,315,0,5,11,16,Conforming,Approved,Approved,Approved - First Pass,2026-05-18 10:55:24.430,—,Carlos Mendes
LOTE-M-INJ-003-6632,WO-9499,2026-05-17,Shift 2,IM-003,M-INJ-003,TR-003-PP-24415,PP,Screw Cap,13972,M,315,0,2,3,5,Conforming,Approved,Approved,Approved - First Pass,2026-05-19 00:30:35.194,—,Diogo Ferreira
LOTE-M-INJ-001-6633,WO-9501,2026-05-19,SHIFT 3,IM-003,M-INJ-001,TR-001-PP-PCR-24410,PP-PCR,Screw Cap,39408,M,315,0,1,0,1,Conforming,Approved,Approved,Approved - First Pass,2026-05-20 07:29:33.153,—,Carlos Mendes
LOTE-M-INJ-001-6634,WO-9504,2026-05-21,Shift 3,IM-003,M-INJ-001,TR-001-HDPE-24410,HDPE,Screw Cap,46656,M,315,1,1,5,7,Conforming,Rejected,Rejected,Rejected - Scrapped,2026-05-22 01:34:06.432,Sealing:1(Re=1),Ana Silva
LOTE-M-INJ-003-6635,WO-9506,2026-05-22,Shift 3,IM-003,M-INJ-003,TR-003-PP-24415,PP,Screw Cap,20678,M,315,0,2,5,7,Conforming,Approved,Approved,Approved - First Pass,2026-05-22 21:52:37.585,—,Ana Silva
LOTE-M-INJ-003-6636,WO-9509,2026-05-23,Shift 3,IM-003,M-INJ-003,TR-003-PP-24415,PP,Screw Cap,65885,M,315,1,2,13,16,Conforming,Rejected,Rejected,Rejected - Scrapped,2026-05-25 03:02:31.853,Sealing:1(Re=1),Ana Silva
LOTE-M-INJ-001-6637,WO-9510,2026-05-24,Shift 2,IM-003,M-INJ-001,TR-001-PETG-24410,PETG,Screw Cap,20077,M,315,0,3,3,6,Conforming,Approved,Approved,Approved - First Pass,2026-05-25 22:20:53.985,—,Carlos Mendes
LOTE-M-INJ-003-6638,WO-9512,2026-05-26,Shift 3,IM-003,M-INJ-003,TR-003-HDPE-24415,HDPE,Screw Cap,47574,M,315,0,3,4,7,Conforming,Approved,Approved,Approved - First Pass,2026-05-27 09:52:34.151,—,Elena Santos
LOTE-M-INJ-003-6639,WO-9513,2026-05-26,Shift 2,IM-003,M-INJ-003,TR-003-HDPE-24415,HDPE,Screw Cap,22237,M,315,0,0,1,1,Conforming,Approved,Approved,Approved - First Pass,2026-05-28 00:28:24.481,—,Beatriz Costa
LOTE-M-INJ-001-6640,WO-9515,2026-05-28,shift 1,IM-003,M-INJ-001,TR-001-HDPE-24410,HDPE,Screw Cap,40815,M,315,1,1,4,6,Conforming,Rejected,Rejected,Rejected - Scrapped,2026-05-29 09:21:57.661,Thread:1(Re=1),Diogo Ferreira
LOTE-M-INJ-001-6641,WO-9517,2026-05-29,Shift 2,IM-003,M-INJ-001,TR-001-PP-PCR-24410,PP-PCR,Screw Cap,35059,M,315,0,0,4,4,Conforming,Approved,Approved,Approved - First Pass,2026-05-31 00:11:39.427,—,Carlos Mendes
LOTE-M-INJ-003-6642,WO-9518,2026-05-30,Shift 1,IM-003,M-INJ-003,TR-003-HDPE-24415,HDPE,Screw Cap,13978,M,315,0,1,5,6,Conforming,Approved,Approved,Approved - First Pass,2026-05-31 16:18:55.537,—,Diogo Ferreira
LOTE-M-INJ-003-6643,WO-9519,2026-05-31,Shift 3,IM-003,M-INJ-003,TR-003-PETG-24415,PETG,Screw Cap,22583,M,315,0,0,6,6,Conforming,Approved,Approved,Approved - First Pass,2026-06-01 02:08:05.644,—,Beatriz Costa
LOTE-M-INJ-003-6644,WO-9522,2026-06-02,Shift 3,IM-003,M-INJ-003,TR-003-PP-PCR-24415,PP-PCR,Screw Cap,70937,M,315,2,4,10,16,Conforming,Rejected,Rejected,Rejected - Scrapped,2026-06-03 14:45:09.004,Sealing:2(Re=1),Diogo Ferreira
LOTE-M-INJ-003-6645,WO-9525,2026-06-04,Shift 1,IM-003,M-INJ-003,TR-003-PP-24415,PP,Screw Cap,63755,M,315,0,4,7,11,Conforming,Approved,Approved,Approved - First Pass,2026-06-05 09:51:26.335,—,Ana Silva
LOTE-M-INJ-001-6646,WO-9527,2026-06-06,  Shift 3  ,IM-003,M-INJ-001,TR-001-PP-PCR-24410,PP-PCR,Screw Cap,47568,M,315,0,2,10,12,Conforming,Approved,Approved,Approved - First Pass,2026-06-07 04:30:24.416,—,Ana Silva
LOTE-M-INJ-003-6647,WO-9529,2026-06-07,Shift 1,IM-003,M-INJ-003,TR-003-PP-PCR-24415,PP-PCR,Screw Cap,40527,M,315,0,6,4,10,Conforming,Approved,Approved,Approved - First Pass,2026-06-08 21:24:36.072,—,Ana Silva
LOTE-M-INJ-003-6648,WO-9532,2026-06-09,Shift 1,IM-003,M-INJ-003,TR-003-PETG-24415,PETG,Screw Cap,56698,M,315,1,4,8,13,Conforming,Rejected,Rejected,Rejected - Scrapped,2026-06-10 02:24:00.755,Thread:1(Re=1),Ana Silva
LOTE-M-INJ-003-6649,WO-9533,2026-06-10,Shift 3,IM-003,M-INJ-003,TR-003-HDPE-24415,HDPE,Screw Cap,16660,M,315,0,2,3,5,Conforming,Approved,Approved,Approved - First Pass,2026-06-11 04:52:00.683,—,Beatriz Costa
LOTE-M-INJ-003-6650,WO-9536,2026-06-12,SHIFT 3,IM-003,M-INJ-003,TR-003-PETG-24415,PETG,Screw Cap,50740,M,315,2,4,9,15,Conforming,Rejected,Rejected,Rejected - Scrapped,2026-06-13 03:53:43.276,Thread:2(Re=1),Elena Santos
LOTE-M-INJ-003-6651,WO-9537,2026-06-12,Shift 2,IM-003,M-INJ-003,TR-003-PETG-24415,PETG,Screw Cap,17885,M,315,0,1,5,6,Conforming,Approved,Approved,Approved - First Pass,2026-06-13 19:00:19.586,—,Ana Silva
LOTE-M-INJ-001-6652,WO-9539,2026-06-14,Shift 3,IM-003,M-INJ-001,TR-001-PETG-24410,PETG,Screw Cap,31991,M,315,0,4,9,13,Conforming,Approved,Approved,Approved - First Pass,2026-06-15 03:36:18.235,—,Elena Santos
LOTE-M-INJ-001-6653,WO-9542,2026-06-16,Shift 3,IM-003,M-INJ-001,TR-001-HDPE-24410,HDPE,Screw Cap,45095,M,315,1,6,8,15,Conforming,Rejected,Approved,Approved - Released on Deviation,2026-06-16 20:07:17.429,—,Ana Silva
LOTE-M-INJ-001-6654,WO-9545,2026-06-17,Shift 2,IM-003,M-INJ-001,TR-001-PP-24410,PP,Screw Cap,35662,M,315,0,4,13,17,Conforming,Approved,Approved,Approved - First Pass,2026-06-18 17:24:40.566,—,Elena Santos
LOTE-M-INJ-003-6655,WO-9546,2026-06-18,Shift 1,IM-003,M-INJ-003,TR-003-PP-24415,PP,Screw Cap,17884,M,315,0,1,0,1,Conforming,Approved,Approved,Approved - First Pass,2026-06-19 20:35:30.400,—,Diogo Ferreira
LOTE-M-INJ-001-6656,WO-9549,2026-06-20,Shift 1,IM-003,M-INJ-001,TR-001-PETG-24410,PETG,Screw Cap,55085,M,315,0,2,9,11,Conforming,Approved,Approved,Approved - First Pass,2026-06-21 15:47:33.141,—,Ana Silva
LOTE-M-INJ-003-6657,WO-9550,2026-06-20,Shift 3,IM-003,M-INJ-003,TR-003-PETG-24415,PETG,Screw Cap,20292,M,315,0,0,2,2,Conforming,Approved,Approved,Approved - First Pass,2026-06-21 17:05:18.673,—,Beatriz Costa
LOTE-M-INJ-001-6658,WO-9551,2026-06-21,Shift 2,IM-003,M-INJ-001,TR-001-PP-24410,PP,Screw Cap,7041,L,200,0,0,2,2,Conforming,Approved,Approved,Approved - First Pass,2026-06-22 20:31:47.945,—,Beatriz Costa
LOTE-M-INJ-001-6659,WO-9552,2026-06-22,Shift 1,IM-003,M-INJ-001,TR-001-HDPE-24410,HDPE,Screw Cap,9892,L,200,0,0,0,0,Conforming,Approved,Approved,Approved - First Pass,2026-06-23 06:38:56.749,—,Diogo Ferreira
LOTE-M-INJ-003-6660,WO-9553,2026-06-22,Shift 2,IM-003,M-INJ-003,TR-003-PETG-24415,PETG,Screw Cap,20998,M,315,1,3,3,7,Conforming,Rejected,Rejected,Rejected - Scrapped,2026-06-23 15:48:14.213,Sealing:1(Re=1),Ana Silva
LOTE-M-INJ-003-6661,WO-9555,2026-06-23,Shift 2,IM-003,M-INJ-003,TR-003-PP-PCR-24415,PP-PCR,Screw Cap,26842,M,315,0,5,0,5,Conforming,Approved,Approved,Approved - First Pass,2026-06-24 18:01:37.817,—,Beatriz Costa
LOTE-M-INJ-003-6662,WO-9556,2026-06-24,Shift 2,IM-003,M-INJ-003,TR-003-PP-24415,PP,Screw Cap,13836,M,315,0,2,2,4,Conforming,Approved,Approved,Approved - First Pass,2026-06-25 09:44:23.405,—,Carlos Mendes
LOTE-M-INJ-003-6663,WO-9557,2026-06-25,Shift 3,IM-003,M-INJ-003,TR-003-PP-24415,PP,Screw Cap,17462,M,315,0,0,2,2,Conforming,Approved,Approved,Approved - First Pass,2026-06-26 01:26:43.007,—,Ana Silva
LOTE-M-INJ-003-6664,WO-9559,2026-06-25,SHIFT 3,IM-003,M-INJ-003,TR-003-PP-PCR-24415,PP-PCR,Screw Cap,42959,M,315,0,4,3,7,Conforming,Approved,Approved,Approved - First Pass,2026-06-27 09:42:27.926,—,Elena Santos
LOTE-M-INJ-001-6665,WO-9562,2026-06-28,Shift 3,IM-003,M-INJ-001,TR-001-PP-24410,PP,Screw Cap,51198,M,315,0,4,10,14,Conforming,Approved,Approved,Approved - First Pass,2026-06-28 21:00:20.767,—,Carlos Mendes
LOTE-M-INJ-001-6666,WO-9565,2026-06-30,Shift 1,IM-003,M-INJ-001,TR-001-HDPE-24410,HDPE,Screw Cap,62486,M,315,1,5,8,14,Conforming,Rejected,Approved,Approved - Released on Deviation,2026-07-01 11:37:39.831,—,Elena Santos
LOTE-M-INJ-003-6667,WO-9566,2026-07-01,Shift 3,IM-003,M-INJ-003,TR-003-HDPE-24415,HDPE,Screw Cap,18572,M,315,0,1,2,3,Conforming,Approved,Approved,Approved - First Pass,2026-07-01 20:51:54.542,—,Beatriz Costa
LOTE-M-INJ-001-6668,WO-9568,2026-07-02,Shift 3,IM-003,M-INJ-001,TR-001-PP-24410,PP,Screw Cap,29688,M,315,0,5,19,24,Conforming,Approved,Approved,Approved - First Pass,2026-07-03 02:42:15.980,—,Diogo Ferreira
LOTE-M-INJ-003-6669,WO-9570,2026-07-03,Shift 2,IM-003,M-INJ-003,TR-003-HDPE-24415,HDPE,Screw Cap,39973,M,315,0,4,10,14,Conforming,Approved,Approved,Approved - First Pass,2026-07-04 21:55:41.907,—,Beatriz Costa
LOTE-M-INJ-003-6670,WO-9572,2026-07-04,Shift 2,IM-003,M-INJ-003,TR-003-PETG-24415,PETG,Screw Cap,30706,M,315,0,3,5,8,Conforming,Approved,Approved,Approved - First Pass,2026-07-05 14:47:16.774,—,Carlos Mendes
LOTE-M-INJ-003-6671,WO-9575,2026-07-06,Shift 1,IM-003,M-INJ-003,TR-003-PP-PCR-24415,PP-PCR,Screw Cap,46140,M,315,0,0,15,15,Conforming,Approved,Approved,Approved - First Pass,2026-07-07 23:22:53.407,—,Carlos Mendes
LOTE-M-INJ-001-6672,WO-9578,2026-07-08,Shift 3,IM-003,M-INJ-001,TR-001-PETG-24410,PETG,Screw Cap,47746,M,315,0,2,10,12,Conforming,Approved,Approved,Approved - First Pass,2026-07-09 15:46:22.615,—,Carlos Mendes
LOTE-M-INJ-001-6673,WO-9579,2026-07-08,Shift 3,IM-003,M-INJ-001,TR-001-PP-24410,PP,Screw Cap,14306,M,315,0,2,4,6,Conforming,Approved,Approved,Approved - First Pass,2026-07-09 23:55:07.524,—,Carlos Mendes
LOTE-M-INJ-001-6674,WO-9581,2026-07-10,Shift 3,IM-003,M-INJ-001,TR-001-PP-24410,PP,Screw Cap,30599,M,315,1,3,12,16,Conforming,Rejected,Approved,Approved - Reworked,2026-07-11 10:33:54.097,—,Diogo Ferreira
LOTE-M-INJ-001-6675,WO-9583,2026-07-11,Shift 1,IM-003,M-INJ-001,TR-001-PETG-24410,PETG,Screw Cap,15369,M,315,0,2,8,10,Conforming,Approved,Approved,Approved - First Pass,2026-07-12 02:37:24.824,—,Ana Silva
LOTE-M-INJ-003-6676,WO-9586,2026-07-13,Shift 3,IM-003,M-INJ-003,TR-003-PP-24415,PP,Screw Cap,54956,M,315,0,2,13,15,Conforming,Approved,Approved,Approved - First Pass,2026-07-14 05:56:56.653,—,Ana Silva
LOTE-M-INJ-003-6677,WO-9587,2026-07-13,Shift 1,IM-003,M-INJ-003,TR-003-HDPE-24415,HDPE,Screw Cap,25457,M,315,1,1,5,7,Conforming,Rejected,Rejected,Rejected - Scrapped,2026-07-15 00:17:48.450,Thread:1(Re=1),Elena Santos
LOTE-M-INJ-001-6678,WO-9590,2026-07-15,Shift 1,IM-003,M-INJ-001,TR-001-PP-PCR-24410,PP-PCR,Screw Cap,46324,M,315,0,5,7,12,Conforming,Approved,Approved,Approved - First Pass,2026-07-16 18:44:07.989,—,Carlos Mendes
LOTE-M-INJ-003-6679,WO-9592,2026-07-17,Shift 3,IM-003,M-INJ-003,TR-003-PP-PCR-24415,PP-PCR,Screw Cap,34599,M,315,0,2,8,10,Conforming,Approved,Approved,Approved - First Pass,2026-07-18 04:09:25.162,—,Elena Santos
LOTE-M-INJ-001-6680,WO-9594,2026-07-18,Shift 1,IM-003,M-INJ-001,TR-001-PETG-24410,PETG,Screw Cap,34206,M,315,0,1,5,6,Conforming,Approved,Approved,Approved - First Pass,2026-07-19 18:31:07.177,—,Ana Silva
LOTE-M-INJ-003-6681,WO-9596,2026-07-20,shift 3,IM-003,M-INJ-003,TR-003-PP-PCR-24415,PP-PCR,Screw Cap,43231,M,315,0,2,0,2,Conforming,Approved,Approved,Approved - First Pass,2026-07-21 01:48:36.653,—,Elena Santos
LOTE-M-INJ-001-6682,WO-9597,2026-07-20,  Shift 2  ,IM-003,M-INJ-001,TR-001-HDPE-24410,HDPE,Screw Cap,9696,L,200,0,0,0,0,Conforming,Approved,Approved,Approved - First Pass,2026-07-21 10:46:22.000,—,Beatriz Costa
LOTE-M-INJ-003-6683,WO-9598,2026-07-21,shift 1,IM-003,M-INJ-003,TR-003-PETG-24415,PETG,Screw Cap,11781,M,315,0,2,2,4,Conforming,Approved,Approved,Approved - First Pass,2026-07-22 07:11:25.403,—,Elena Santos
LOTE-M-INJ-003-6684,WO-9599,2026-07-21,Shift 2,IM-003,M-INJ-003,TR-003-HDPE-24415,HDPE,Screw Cap,18286,M,315,0,0,6,6,Conforming,Approved,Approved,Approved - First Pass,2026-07-22 16:34:35.544,—,Ana Silva
LOTE-M-INJ-001-6685,WO-9602,2026-07-23,Shift 2,IM-003,M-INJ-001,TR-001-PP-24410,PP,Screw Cap,52443,M,315,1,9,5,15,Conforming,Rejected,Approved,Approved - Reworked,2026-07-25 02:13:02.037,—,Diogo Ferreira
LOTE-M-INJ-001-6686,WO-9605,2026-07-25,Shift 3,IM-003,M-INJ-001,TR-001-PP-PCR-24410,PP-PCR,Screw Cap,32458,M,315,1,4,11,16,Conforming,Rejected,Approved,Approved - Reworked,2026-07-26 05:20:51.740,—,Elena Santos
LOTE-M-INJ-003-6687,WO-9606,2026-07-25,Shift 2,IM-003,M-INJ-003,TR-003-PP-24415,PP,Screw Cap,17357,M,315,0,0,8,8,Conforming,Approved,Approved,Approved - First Pass,2026-07-26 12:06:54.328,—,Beatriz Costa
LOTE-M-INJ-001-6688,WO-9607,2026-07-26,Shift 1,IM-003,M-INJ-001,TR-001-HDPE-24410,HDPE,Screw Cap,12669,M,315,0,0,2,2,Conforming,Approved,Approved,Approved - First Pass,2026-07-26 22:54:20.131,—,Ana Silva
LOTE-M-INJ-003-6689,WO-9608,2026-07-26,Shift 2,IM-003,M-INJ-003,TR-003-PP-PCR-24415,PP-PCR,Screw Cap,19756,M,315,0,2,3,5,Conforming,Approved,Approved,Approved - First Pass,2026-07-28 03:21:34.050,—,Elena Santos
LOTE-M-INJ-003-6690,WO-9611,2026-07-28,Shift 3,IM-003,M-INJ-003,TR-003-HDPE-24415,HDPE,Screw Cap,46990,M,315,0,4,9,13,Conforming,Approved,Approved,Approved - First Pass,2026-07-29 15:52:51.601,—,Carlos Mendes
LOTE-M-INJ-003-6691,WO-9613,2026-07-30,Shift 3,IM-003,M-INJ-003,TR-003-PP-24415,PP,Screw Cap,39252,M,315,0,2,6,8,Conforming,Approved,Approved,Approved - First Pass,2026-07-31 07:47:49.234,—,Ana Silva
LOTE-M-INJ-001-6692,WO-9614,2026-07-30,Shift 2,IM-003,M-INJ-001,TR-001-PP-24410,PP,Screw Cap,11592,M,315,0,0,0,0,Conforming,Approved,Approved,Approved - First Pass,2026-08-01 03:42:30.347,—,Carlos Mendes
LOTE-M-INJ-003-6693,WO-9617,2026-08-02,Shift 3,IM-003,M-INJ-003,TR-003-HDPE-24415,HDPE,Screw Cap,82433,M,315,0,2,8,10,Conforming,Approved,Approved,Approved - First Pass,2026-08-03 04:21:10.429,—,Diogo Ferreira
LOTE-M-INJ-003-6694,WO-9618,2026-08-03,Shift 3,IM-003,M-INJ-003,TR-003-PP-24415,PP,Screw Cap,26729,M,315,0,3,2,5,Conforming,Approved,Approved,Approved - First Pass,2026-08-04 01:55:30.122,—,Diogo Ferreira
LOTE-M-INJ-003-6695,WO-9620,2026-08-04,Shift 1,IM-003,M-INJ-003,TR-003-PETG-24415,PETG,Screw Cap,43097,M,315,0,0,7,7,Conforming,Approved,Approved,Approved - First Pass,2026-08-05 13:09:07.884,—,Ana Silva
LOTE-M-INJ-003-6696,WO-9622,2026-08-06,Shift 3,IM-003,M-INJ-003,TR-003-PETG-24415,PETG,Screw Cap,50320,M,315,1,7,3,11,Conforming,Rejected,Approved,Approved - Reworked,2026-08-07 09:31:49.668,—,Diogo Ferreira
LOTE-M-INJ-001-6697,WO-9625,2026-08-07,shift 3,IM-003,M-INJ-001,TR-001-PP-24410,PP,Screw Cap,39324,M,315,0,2,9,11,Conforming,Approved,Approved,Approved - First Pass,2026-08-08 21:53:25.420,—,Diogo Ferreira
LOTE-M-INJ-003-6698,WO-9626,2026-08-08,Shift 1,IM-003,M-INJ-003,TR-003-HDPE-24415,HDPE,Screw Cap,8982,L,200,0,6,1,7,Conforming,Approved,Approved,Approved - First Pass,2026-08-09 09:29:43.334,—,Ana Silva
LOTE-M-INJ-001-6699,WO-9627,2026-08-08,Shift 2,IM-003,M-INJ-001,TR-001-PETG-24410,PETG,Screw Cap,16602,M,315,0,1,13,14,Conforming,Approved,Approved,Approved - First Pass,2026-08-10 04:04:59.483,—,Diogo Ferreira
LOTE-M-INJ-001-6700,WO-9628,2026-08-09,Shift 1,IM-003,M-INJ-001,TR-001-PP-PCR-24410,PP-PCR,Screw Cap,15680,M,315,0,0,7,7,Conforming,Approved,Approved,Approved - First Pass,2026-08-10 07:30:34.893,—,Carlos Mendes
LOTE-M-INJ-003-6701,WO-9629,2026-08-10,Shift 3,IM-003,M-INJ-003,TR-003-PETG-24415,PETG,Screw Cap,29358,M,315,0,0,0,0,Conforming,Approved,Approved,Approved - First Pass,2026-08-11 14:26:38.949,—,Elena Santos
LOTE-M-INJ-001-6702,WO-9631,2026-08-11,Shift 2,IM-003,M-INJ-001,TR-001-PP-24410,PP,Screw Cap,38643,M,315,0,0,5,5,Conforming,Approved,Approved,Approved - First Pass,2026-08-13 00:14:48.788,—,Carlos Mendes
LOTE-M-INJ-003-6703,WO-9632,2026-08-12,Shift 1,IM-003,M-INJ-003,TR-003-HDPE-24415,HDPE,Screw Cap,24497,M,315,0,0,3,3,Conforming,Approved,Approved,Approved - First Pass,2026-08-13 16:28:57.905,—,Beatriz Costa
LOTE-M-INJ-001-6704,WO-9634,2026-08-13,Shift 2,IM-003,M-INJ-001,TR-001-HDPE-24410,HDPE,Screw Cap,22621,M,315,0,2,5,7,Conforming,Approved,Approved,Approved - First Pass,2026-08-15 01:30:07.241,—,Carlos Mendes
LOTE-M-INJ-001-6705,WO-9636,2026-08-14,Shift 2,IM-003,M-INJ-001,TR-001-PETG-24410,PETG,Screw Cap,20727,M,315,0,4,1,5,Conforming,Approved,Approved,Approved - First Pass,2026-08-16 09:05:51.014,—,Beatriz Costa
LOTE-M-INJ-003-6706,WO-9637,2026-08-15,Shift 2,IM-003,M-INJ-003,TR-003-PETG-24415,PETG,Screw Cap,22234,M,315,1,0,1,2,Conforming,Rejected,Rejected,Rejected - Scrapped,2026-08-17 01:07:09.220,Thread:1(Re=1),Carlos Mendes
LOTE-M-INJ-003-6707,WO-9639,2026-08-17,Shift 1,IM-003,M-INJ-003,TR-003-PETG-24415,PETG,Screw Cap,46333,M,315,0,3,10,13,Conforming,Approved,Approved,Approved - First Pass,2026-08-18 20:11:28.483,—,Diogo Ferreira
LOTE-M-INJ-003-6708,WO-9640,2026-08-18,SHIFT 3,IM-003,M-INJ-003,TR-003-HDPE-24415,HDPE,Screw Cap,21138,M,315,0,2,8,10,Conforming,Approved,Approved,Approved - First Pass,2026-08-19 01:40:53.349,—,Ana Silva
LOTE-M-INJ-003-6709,WO-9642,2026-08-19,shift 1,IM-003,M-INJ-003,TR-003-HDPE-24415,HDPE,Screw Cap,31062,M,315,0,1,0,1,Conforming,Approved,Approved,Approved - First Pass,2026-08-20 11:23:27.434,—,Ana Silva
LOTE-M-INJ-003-6710,WO-9645,2026-08-21,SHIFT 1,IM-003,M-INJ-003,TR-003-PETG-24415,PETG,Screw Cap,64559,M,315,0,1,6,7,Conforming,Approved,Approved,Approved - First Pass,2026-08-22 09:07:13.794,—,Beatriz Costa
LOTE-M-INJ-001-6711,WO-9648,2026-08-23,Shift 1,IM-003,M-INJ-001,TR-001-PP-PCR-24410,PP-PCR,Screw Cap,42713,M,315,0,5,3,8,Conforming,Approved,Approved,Approved - First Pass,2026-08-25 00:47:18.008,—,Ana Silva
LOTE-M-INJ-003-6712,WO-9649,2026-08-24,Shift 1,IM-003,M-INJ-003,TR-003-PP-PCR-24415,PP-PCR,Screw Cap,14117,M,315,0,3,0,3,Conforming,Approved,Approved,Approved - First Pass,2026-08-25 02:06:09.674,—,Elena Santos
LOTE-M-INJ-001-6713,WO-9651,2026-08-25,Shift 2,IM-003,M-INJ-001,TR-001-HDPE-24410,HDPE,Screw Cap,40040,M,315,0,4,8,12,Conforming,Approved,Approved,Approved - First Pass,2026-08-26 10:26:39.321,—,Diogo Ferreira
LOTE-M-INJ-003-6714,WO-9653,2026-08-26,Shift 2,IM-003,M-INJ-003,TR-003-PP-24415,PP,Screw Cap,30038,M,315,1,4,13,18,Conforming,Rejected,Rejected,Rejected - Scrapped,2026-08-27 09:44:16.309,Thread:1(Re=1),Elena Santos
LOTE-M-INJ-003-6715,WO-9654,2026-08-27,Shift 3,IM-003,M-INJ-003,TR-003-PP-PCR-24415,PP-PCR,Screw Cap,26768,M,315,0,2,1,3,Conforming,Approved,Approved,Approved - First Pass,2026-08-28 08:53:11.059,—,Beatriz Costa
LOTE-M-INJ-003-6716,WO-9655,2026-08-28,Shift 3,IM-003,M-INJ-003,TR-003-HDPE-24415,HDPE,Screw Cap,21296,M,315,1,1,5,7,Conforming,Rejected,Rejected,Rejected - Scrapped,2026-08-29 03:19:55.089,Sealing:1(Re=1),Carlos Mendes
LOTE-M-INJ-003-6717,WO-9656,2026-08-28,Shift 2,IM-003,M-INJ-003,TR-003-PP-PCR-24415,PP-PCR,Screw Cap,27216,M,315,1,2,9,12,Conforming,Rejected,Rejected,Rejected - Scrapped,2026-08-29 21:36:59.119,Thread:1(Re=1),Elena Santos
LOTE-M-INJ-003-6718,WO-9657,2026-08-29,Shift 1,IM-003,M-INJ-003,TR-003-HDPE-24415,HDPE,Screw Cap,12853,M,315,0,3,1,4,Conforming,Approved,Approved,Approved - First Pass,2026-08-30 15:06:03.523,—,Carlos Mendes
LOTE-M-INJ-003-6719,WO-9659,2026-08-31,Shift 3,IM-003,M-INJ-003,TR-003-PETG-24415,PETG,Screw Cap,43157,M,315,1,3,10,14,Conforming,Rejected,Rejected,Rejected - Scrapped,2026-08-31 23:42:41.910,Thread:1(Re=1),Beatriz Costa
LOTE-M-INJ-003-6720,WO-9662,2026-09-02,Shift 3,IM-003,M-INJ-003,TR-003-HDPE-24415,HDPE,Screw Cap,49378,M,315,0,5,13,18,Conforming,Approved,Approved,Approved - First Pass,2026-09-03 07:44:10.413,—,Elena Santos
LOTE-M-INJ-003-6721,WO-9663,2026-09-02,Shift 3,IM-003,M-INJ-003,TR-003-PETG-24415,PETG,Screw Cap,25225,M,315,0,3,7,10,Conforming,Approved,Approved,Approved - First Pass,2026-09-04 10:53:14.247,—,Beatriz Costa
LOTE-M-INJ-003-6722,WO-9665,2026-09-04,Shift 1,IM-003,M-INJ-003,TR-003-HDPE-24415,HDPE,Screw Cap,32389,M,315,0,4,5,9,Conforming,Approved,Approved,Approved - First Pass,2026-09-05 10:10:02.593,—,Elena Santos
LOTE-M-INJ-003-6723,WO-9668,2026-09-06,Shift 1,IM-003,M-INJ-003,TR-003-PP-PCR-24415,PP-PCR,Screw Cap,54331,M,315,0,2,1,3,Conforming,Approved,Approved,Approved - First Pass,2026-09-07 06:40:29.049,—,Elena Santos
LOTE-M-INJ-001-6724,WO-9670,2026-09-07,Shift 1,IM-003,M-INJ-001,TR-001-HDPE-24410,HDPE,Screw Cap,23905,M,315,0,3,11,14,Conforming,Approved,Approved,Approved - First Pass,2026-09-08 13:49:40.469,—,Beatriz Costa
LOTE-M-INJ-001-6725,WO-9672,2026-09-08,Shift 2,IM-003,M-INJ-001,TR-001-PP-24410,PP,Screw Cap,28966,M,315,0,3,22,25,Conforming,Approved,Approved,Approved - First Pass,2026-09-10 04:30:31.738,—,Carlos Mendes
LOTE-M-INJ-001-6726,WO-9673,2026-09-09,Shift 2,IM-003,M-INJ-001,TR-001-PP-24410,PP,Screw Cap,13558,M,315,0,0,7,7,Conforming,Approved,Approved,Approved - First Pass,2026-09-10 08:29:31.155,—,Ana Silva
LOTE-M-INJ-001-6727,WO-9676,2026-09-11,Shift 3,IM-003,M-INJ-001,TR-001-PP-24410,PP,Screw Cap,40467,M,315,0,2,4,6,Conforming,Approved,Approved,Approved - First Pass,2026-09-12 15:57:38.873,—,Carlos Mendes
LOTE-M-INJ-003-6728,WO-9679,2026-09-13,Shift 2,IM-003,M-INJ-003,TR-003-PP-24415,PP,Screw Cap,57235,M,315,1,4,9,14,Conforming,Rejected,Rejected,Rejected - Scrapped,2026-09-14 15:44:42.934,Sealing:1(Re=1),Elena Santos
LOTE-M-INJ-003-6729,WO-9681,2026-09-14,Shift 2,IM-003,M-INJ-003,TR-003-HDPE-24415,HDPE,Screw Cap,48287,M,315,0,4,3,7,Conforming,Approved,Approved,Approved - First Pass,2026-09-16 00:21:08.578,—,Beatriz Costa
LOTE-M-INJ-001-6730,WO-9684,2026-09-17,Shift 3,IM-003,M-INJ-001,TR-001-HDPE-24410,HDPE,Screw Cap,46159,M,315,0,0,12,12,Conforming,Approved,Approved,Approved - First Pass,2026-09-18 05:30:27.725,—,Carlos Mendes
LOTE-M-INJ-003-6731,WO-9685,2026-09-17,SHIFT 2,IM-003,M-INJ-003,TR-003-PETG-24415,PETG,Screw Cap,16026,M,315,0,1,7,8,Conforming,Approved,Approved,Approved - First Pass,2026-09-18 20:49:54.068,—,Carlos Mendes
LOTE-M-INJ-003-6732,WO-9686,2026-09-18,Shift 1,IM-003,M-INJ-003,TR-003-HDPE-24415,HDPE,Screw Cap,28162,M,315,0,1,2,3,Conforming,Approved,Approved,Approved - First Pass,2026-09-19 13:22:53.476,—,Elena Santos
LOTE-M-INJ-003-6733,WO-9687,2026-09-19,Shift 3,IM-003,M-INJ-003,TR-003-PP-PCR-24415,PP-PCR,Screw Cap,10521,M,315,0,0,0,0,Conforming,Approved,Approved,Approved - First Pass,2026-09-20 09:46:59.643,—,Carlos Mendes
LOTE-M-INJ-003-6734,WO-9690,2026-09-21,Shift 1,IM-003,M-INJ-003,TR-003-HDPE-24415,HDPE,Screw Cap,49623,M,315,2,2,13,17,Conforming,Rejected,Rejected,Rejected - Scrapped,2026-09-22 15:48:41.578,Sealing:2(Re=1),Ana Silva
LOTE-M-INJ-003-6735,WO-9693,2026-09-23,Shift 1,IM-003,M-INJ-003,TR-003-PP-PCR-24415,PP-PCR,Screw Cap,46383,M,315,0,4,18,22,Conforming,Approved,Approved,Approved - First Pass,2026-09-24 19:39:08.433,—,Carlos Mendes
LOTE-M-INJ-001-6736,WO-9694,2026-09-24,Shift 3,IM-003,M-INJ-001,TR-001-PETG-24410,PETG,Screw Cap,23749,M,315,0,0,3,3,Conforming,Approved,Approved,Approved - First Pass,2026-09-25 12:16:23.194,—,Carlos Mendes
LOTE-M-INJ-001-6737,WO-9697,2026-09-25,Shift 2,IM-003,M-INJ-001,TR-001-PP-24410,PP,Screw Cap,36138,M,315,0,3,6,9,Conforming,Approved,Approved,Approved - First Pass,2026-09-26 23:37:45.653,—,Beatriz Costa
LOTE-M-INJ-001-6738,WO-9700,2026-09-27,Shift 2,IM-003,M-INJ-001,TR-001-PP-PCR-24410,PP-PCR,Screw Cap,63029,M,315,0,3,3,6,Conforming,Approved,Approved,Approved - First Pass,2026-09-28 21:04:05.807,—,Ana Silva
LOTE-M-INJ-001-6739,WO-9703,2026-09-29,Shift 3,IM-003,M-INJ-001,TR-001-HDPE-24410,HDPE,Screw Cap,54712,M,315,0,5,15,20,Conforming,Approved,Approved,Approved - First Pass,2026-09-30 15:22:53.054,—,Elena Santos
LOTE-M-INJ-003-6740,WO-9706,2026-10-01,Shift 1,IM-003,M-INJ-003,TR-003-PP-PCR-24415,PP-PCR,Screw Cap,50689,M,315,1,1,7,9,Conforming,Rejected,Rejected,Rejected - Scrapped,2026-10-02 06:43:09.692,Sealing:1(Re=1),Diogo Ferreira
LOTE-M-INJ-003-6741,WO-9709,2026-10-03,Shift 1,IM-003,M-INJ-003,TR-003-PETG-24415,PETG,Screw Cap,62593,M,315,0,4,1,5,Conforming,Approved,Approved,Approved - First Pass,2026-10-05 04:42:11.565,—,Carlos Mendes
LOTE-M-INJ-003-6742,WO-9711,2026-10-04,Shift 3,IM-003,M-INJ-003,TR-003-PETG-24415,PETG,Screw Cap,28042,M,315,0,2,2,4,Conforming,Approved,Approved,Approved - First Pass,2026-10-05 22:14:15.418,—,Diogo Ferreira
LOTE-M-INJ-003-6743,WO-9713,2026-10-06,Shift 3,IM-003,M-INJ-003,TR-003-PP-24415,PP,Screw Cap,24234,M,315,0,4,12,16,Conforming,Approved,Approved,Approved - First Pass,2026-10-07 05:40:57.136,—,Ana Silva
LOTE-M-INJ-003-6744,WO-9716,2026-10-08,shift 3,IM-003,M-INJ-003,TR-003-PETG-24415,PETG,Screw Cap,76229,M,315,1,5,4,10,Conforming,Rejected,Rejected,Rejected - Scrapped,2026-10-09 04:37:18.217,Sealing:1(Re=1),Ana Silva
LOTE-M-INJ-001-6745,WO-9719,2026-10-10,Shift 1,IM-003,M-INJ-001,TR-001-PETG-24410,PETG,Screw Cap,35708,M,315,0,7,1,8,Conforming,Approved,Approved,Approved - First Pass,2026-10-11 13:09:02.373,—,Elena Santos
LOTE-M-INJ-001-6746,WO-9721,2026-10-11,SHIFT 1,IM-003,M-INJ-001,TR-001-PETG-24410,PETG,Screw Cap,38333,M,315,0,4,6,10,Conforming,Approved,Approved,Approved - First Pass,2026-10-12 14:37:27.800,—,Elena Santos
LOTE-M-INJ-003-6747,WO-9723,2026-10-13,shift 3,IM-003,M-INJ-003,TR-003-PETG-24415,PETG,Screw Cap,42300,M,315,0,0,4,4,Conforming,Approved,Approved,Approved - First Pass,2026-10-13 23:49:55.469,—,Beatriz Costa
LOTE-M-INJ-001-6748,WO-9724,2026-10-13,Shift 2,IM-003,M-INJ-001,TR-001-HDPE-24410,HDPE,Screw Cap,17649,M,315,0,2,6,8,Conforming,Approved,Approved,Approved - First Pass,2026-10-15 04:42:14.826,—,Elena Santos
LOTE-M-INJ-001-6749,WO-9725,2026-10-14,Shift 1,IM-003,M-INJ-001,TR-001-PETG-24410,PETG,Screw Cap,11481,M,315,0,1,1,2,Conforming,Approved,Approved,Approved - First Pass,2026-10-15 13:39:39.404,—,Beatriz Costa
LOTE-M-INJ-003-6750,WO-9726,2026-10-14,Shift 2,IM-003,M-INJ-003,TR-003-PP-PCR-24415,PP-PCR,Screw Cap,19979,M,315,0,3,0,3,Conforming,Approved,Approved,Approved - First Pass,2026-10-16 03:56:28.320,—,Elena Santos
LOTE-M-INJ-001-6751,WO-9729,2026-10-16,Shift 2,IM-003,M-INJ-001,TR-001-HDPE-24410,HDPE,Screw Cap,41775,M,315,0,6,10,16,Conforming,Approved,Approved,Approved - First Pass,2026-10-18 01:28:45.997,—,Carlos Mendes
LOTE-M-INJ-003-6752,WO-9730,2026-10-17,shift 1,IM-003,M-INJ-003,TR-003-HDPE-24415,HDPE,Screw Cap,14235,M,315,0,1,3,4,Conforming,Approved,Approved,Approved - First Pass,2026-10-18 12:24:37.178,—,Elena Santos
LOTE-M-INJ-001-6753,WO-9732,2026-10-19,Shift 3,IM-003,M-INJ-001,TR-001-HDPE-24410,HDPE,Screw Cap,35823,M,315,0,1,5,6,Conforming,Approved,Approved,Approved - First Pass,2026-10-19 22:51:06.456,—,Ana Silva
LOTE-M-INJ-001-6754,WO-9733,2026-10-19,Shift 2,IM-003,M-INJ-001,TR-001-PP-24410,PP,Screw Cap,12220,M,315,0,0,4,4,Conforming,Approved,Approved,Approved - First Pass,2026-10-21 09:37:50.782,—,Elena Santos
LOTE-M-INJ-001-6755,WO-9735,2026-10-21,Shift 1,IM-003,M-INJ-001,TR-001-HDPE-24410,HDPE,Screw Cap,29569,M,315,0,5,3,8,Conforming,Approved,Approved,Approved - First Pass,2026-10-22 02:42:09.324,—,Beatriz Costa
LOTE-M-INJ-003-6756,WO-9736,2026-10-21,Shift 3,IM-003,M-INJ-003,TR-003-HDPE-24415,HDPE,Screw Cap,23732,M,315,0,0,4,4,Conforming,Approved,Approved,Approved - First Pass,2026-10-23 08:25:21.315,—,Ana Silva
LOTE-M-INJ-003-6757,WO-9738,2026-10-23,Shift 3,IM-003,M-INJ-003,TR-003-PP-PCR-24415,PP-PCR,Screw Cap,42156,M,315,0,3,4,7,Conforming,Approved,Approved,Approved - First Pass,2026-10-24 07:21:45.186,—,Carlos Mendes
LOTE-M-INJ-003-6758,WO-9740,2026-10-24,Shift 3,IM-003,M-INJ-003,TR-003-PP-24415,PP,Screw Cap,44163,M,315,0,2,11,13,Conforming,Approved,Approved,Approved - First Pass,2026-10-25 03:04:25.291,—,Elena Santos
LOTE-M-INJ-003-6759,WO-9741,2026-10-24,Shift 3,IM-003,M-INJ-003,TR-003-PP-24415,PP,Screw Cap,31902,M,315,0,1,3,4,Conforming,Approved,Approved,Approved - First Pass,2026-10-26 01:59:48.587,—,Ana Silva
LOTE-M-INJ-003-6760,WO-9744,2026-10-27,Shift 3,IM-003,M-INJ-003,TR-003-PP-24415,PP,Screw Cap,54846,M,315,0,6,11,17,Conforming,Approved,Approved,Approved - First Pass,2026-10-28 06:40:11.044,—,Elena Santos
LOTE-M-INJ-003-6761,WO-9747,2026-10-28,Shift 2,IM-003,M-INJ-003,TR-003-PP-PCR-24415,PP-PCR,Screw Cap,57553,M,315,0,1,5,6,Conforming,Approved,Approved,Approved - First Pass,2026-10-29 10:40:38.976,—,Elena Santos
LOTE-M-INJ-001-6762,WO-9748,2026-10-29,Shift 1,IM-003,M-INJ-001,TR-001-PP-24410,PP,Screw Cap,22284,M,315,1,0,0,1,Conforming,Rejected,Rejected,Rejected - Scrapped,2026-10-30 19:37:28.247,Thread:1(Re=1),Ana Silva
LOTE-M-INJ-001-6763,WO-9749,2026-10-30,Shift 1,IM-003,M-INJ-001,TR-001-PETG-24410,PETG,Screw Cap,22135,M,315,0,0,0,0,Conforming,Approved,Approved,Approved - First Pass,2026-10-31 11:23:36.880,—,Beatriz Costa
LOTE-M-INJ-001-6764,WO-9751,2026-10-31,Shift 2,IM-003,M-INJ-001,TR-001-PP-24410,PP,Screw Cap,36672,M,315,0,6,4,10,Conforming,Approved,Approved,Approved - First Pass,2026-11-01 21:00:35.222,—,Ana Silva
LOTE-M-INJ-003-6765,WO-9753,2026-11-02,Shift 3,IM-003,M-INJ-003,TR-003-PP-PCR-24415,PP-PCR,Screw Cap,38594,M,315,0,2,4,6,Conforming,Approved,Approved,Approved - First Pass,2026-11-03 00:02:18.511,—,Beatriz Costa
LOTE-M-INJ-001-6766,WO-9754,2026-11-02,Shift 3,IM-003,M-INJ-001,TR-001-PP-PCR-24410,PP-PCR,Screw Cap,21855,M,315,1,1,5,7,Conforming,Rejected,Rejected,Rejected - Scrapped,2026-11-04 04:40:34.166,Thread:1(Re=1),Diogo Ferreira
LOTE-M-INJ-003-6767,WO-9756,2026-11-04,  Shift 1  ,IM-003,M-INJ-003,TR-003-PETG-24415,PETG,Screw Cap,33442,M,315,0,0,3,3,Conforming,Approved,Approved,Approved - First Pass,2026-11-05 12:28:01.312,—,Elena Santos
LOTE-M-INJ-003-6768,WO-9757,2026-11-04,Shift 3,IM-003,M-INJ-003,TR-003-PP-PCR-24415,PP-PCR,Screw Cap,26903,M,315,0,2,0,2,Conforming,Approved,Approved,Approved - First Pass,2026-11-05 22:11:34.356,—,Carlos Mendes
LOTE-M-INJ-001-6769,WO-9759,2026-11-06,Shift 1,IM-003,M-INJ-001,TR-001-HDPE-24410,HDPE,Screw Cap,38999,M,315,0,0,10,10,Conforming,Approved,Approved,Approved - First Pass,2026-11-07 08:43:31.877,—,Beatriz Costa
LOTE-M-INJ-001-6770,WO-9762,2026-11-08,Shift 2,IM-003,M-INJ-001,TR-001-PP-PCR-24410,PP-PCR,Screw Cap,62988,M,315,0,6,9,15,Conforming,Approved,Approved,Approved - First Pass,2026-11-10 01:45:51.861,—,Diogo Ferreira
LOTE-M-INJ-003-6771,WO-9763,2026-11-09,Shift 2,IM-003,M-INJ-003,TR-003-PP-24415,PP,Screw Cap,13170,M,315,0,0,7,7,Conforming,Approved,Approved,Approved - First Pass,2026-11-10 23:48:07.211,—,Beatriz Costa
LOTE-M-INJ-001-6772,WO-9765,2026-11-11,Shift 1,IM-003,M-INJ-001,TR-001-HDPE-24410,HDPE,Screw Cap,37198,M,315,0,2,6,8,Conforming,Approved,Approved,Approved - First Pass,2026-11-12 18:42:12.572,—,Beatriz Costa
LOTE-M-INJ-001-6773,WO-9766,2026-11-12,Shift 3,IM-003,M-INJ-001,TR-001-HDPE-24410,HDPE,Screw Cap,14746,M,315,0,0,6,6,Conforming,Approved,Approved,Approved - First Pass,2026-11-12 18:12:13.916,—,Beatriz Costa
LOTE-M-INJ-001-6774,WO-9768,2026-11-13,Shift 1,IM-003,M-INJ-001,TR-001-HDPE-24410,HDPE,Screw Cap,29447,M,315,0,3,7,10,Conforming,Approved,Approved,Approved - First Pass,2026-11-14 13:09:47.661,—,Diogo Ferreira
LOTE-M-INJ-001-6775,WO-9771,2026-11-14,Shift 2,IM-003,M-INJ-001,TR-001-PP-24410,PP,Screw Cap,47797,M,315,0,5,4,9,Conforming,Approved,Approved,Approved - First Pass,2026-11-16 09:02:01.440,—,Beatriz Costa
LOTE-M-INJ-001-6776,WO-9772,2026-11-15,Shift 2,IM-003,M-INJ-001,TR-001-PP-24410,PP,Screw Cap,23228,M,315,0,0,2,2,Conforming,Approved,Approved,Approved - First Pass,2026-11-16 21:18:46.703,—,Beatriz Costa
LOTE-M-INJ-001-6777,WO-9774,2026-11-17,Shift 3,IM-003,M-INJ-001,TR-001-PP-PCR-24410,PP-PCR,Screw Cap,36323,M,315,0,3,7,10,Conforming,Approved,Approved,Approved - First Pass,2026-11-18 07:42:46.653,—,Ana Silva
LOTE-M-INJ-001-6778,WO-9776,2026-11-18,  Shift 1  ,IM-003,M-INJ-001,TR-001-PP-PCR-24410,PP-PCR,Screw Cap,32577,M,315,0,1,11,12,Conforming,Approved,Approved,Approved - First Pass,2026-11-19 03:53:04.792,—,Carlos Mendes
LOTE-M-INJ-001-6779,WO-9779,2026-11-20,Shift 1,IM-003,M-INJ-001,TR-001-PETG-24410,PETG,Screw Cap,52948,M,315,0,3,11,14,Conforming,Approved,Approved,Approved - First Pass,2026-11-21 19:48:05.577,—,Beatriz Costa
LOTE-M-INJ-003-6780,WO-9780,2026-11-21,Shift 3,IM-003,M-INJ-003,TR-003-HDPE-24415,HDPE,Screw Cap,11040,M,315,0,0,2,2,Conforming,Approved,Approved,Approved - First Pass,2026-11-22 01:42:16.813,—,Ana Silva
LOTE-M-INJ-001-6781,WO-9781,2026-11-22,Shift 3,IM-003,M-INJ-001,TR-001-PETG-24410,PETG,Screw Cap,27670,M,315,1,0,0,1,Conforming,Rejected,Rejected,Rejected - Scrapped,2026-11-23 12:33:15.417,Thread:1(Re=1),Beatriz Costa
LOTE-M-INJ-001-6782,WO-9783,2026-11-23,Shift 2,IM-003,M-INJ-001,TR-001-HDPE-24410,HDPE,Screw Cap,26892,M,315,0,2,10,12,Conforming,Approved,Approved,Approved - First Pass,2026-11-25 02:40:44.250,—,Carlos Mendes
LOTE-M-INJ-001-6783,WO-9784,2026-11-24,Shift 1,IM-003,M-INJ-001,TR-001-HDPE-24410,HDPE,Screw Cap,17856,M,315,0,3,10,13,Conforming,Approved,Approved,Approved - First Pass,2026-11-25 07:51:57.683,—,Carlos Mendes
LOTE-M-INJ-003-6784,WO-9786,2026-11-25,Shift 3,IM-003,M-INJ-003,TR-003-HDPE-24415,HDPE,Screw Cap,27584,M,315,1,1,2,4,Conforming,Rejected,Rejected,Rejected - Scrapped,2026-11-27 02:45:39.125,Thread:1(Re=1),Beatriz Costa
LOTE-M-INJ-003-6785,WO-9787,2026-11-26,Shift 1,IM-003,M-INJ-003,TR-003-HDPE-24415,HDPE,Screw Cap,19688,M,315,0,1,0,1,Conforming,Approved,Approved,Approved - First Pass,2026-11-27 17:30:47.177,—,Diogo Ferreira
LOTE-M-INJ-003-6786,WO-9790,2026-11-28,  Shift 2  ,IM-003,M-INJ-003,TR-003-PETG-24415,PETG,Screw Cap,65755,M,315,0,6,16,22,Conforming,Approved,Approved,Approved - First Pass,2026-11-29 22:52:59.646,—,Elena Santos
LOTE-M-INJ-001-6787,WO-9792,2026-11-29,Shift 2,IM-003,M-INJ-001,TR-001-PP-PCR-24410,PP-PCR,Screw Cap,36137,M,315,0,0,5,5,Conforming,Approved,Approved,Approved - First Pass,2026-11-30 18:37:34.744,—,Elena Santos
LOTE-M-INJ-003-6788,WO-9795,2026-12-02,Shift 3,IM-003,M-INJ-003,TR-003-PP-PCR-24415,PP-PCR,Screw Cap,52761,M,315,0,2,5,7,Conforming,Approved,Approved,Approved - First Pass,2026-12-02 21:25:27.494,—,Ana Silva
LOTE-M-INJ-003-6789,WO-9796,2026-12-02,Shift 2,IM-003,M-INJ-003,TR-003-PETG-24415,PETG,Screw Cap,13605,M,315,1,3,11,15,Conforming,Rejected,Rejected,Rejected - Scrapped,2026-12-04 07:54:58.232,Thread:1(Re=1),Elena Santos
LOTE-M-INJ-003-6790,WO-9799,2026-12-05,shift 1,IM-003,M-INJ-003,TR-003-PP-PCR-24415,PP-PCR,Screw Cap,60405,M,315,0,1,8,9,Conforming,Approved,Approved,Approved - First Pass,2026-12-06 14:11:52.918,—,Carlos Mendes
LOTE-M-INJ-001-6791,WO-9802,2026-12-08,Shift 3,IM-003,M-INJ-001,TR-001-PP-24410,PP,Screw Cap,47473,M,315,0,2,7,9,Conforming,Approved,Approved,Approved - First Pass,2026-12-09 14:02:28.269,—,Ana Silva
LOTE-M-INJ-001-6792,WO-9804,2026-12-09,Shift 2,IM-003,M-INJ-001,TR-001-PP-24410,PP,Screw Cap,33609,M,315,0,5,7,12,Conforming,Approved,Approved,Approved - First Pass,2026-12-10 13:58:27.100,—,Elena Santos
LOTE-M-INJ-001-6793,WO-9807,2026-12-11,Shift 1,IM-003,M-INJ-001,TR-001-PP-PCR-24410,PP-PCR,Screw Cap,47681,M,315,0,1,11,12,Conforming,Approved,Approved,Approved - First Pass,2026-12-12 10:48:14.930,—,Beatriz Costa
LOTE-M-INJ-003-6794,WO-9809,2026-12-12,Shift 2,IM-003,M-INJ-003,TR-003-HDPE-24415,HDPE,Screw Cap,34049,M,315,0,0,5,5,Conforming,Approved,Approved,Approved - First Pass,2026-12-13 16:06:29.193,—,Ana Silva
LOTE-M-INJ-001-6795,WO-9811,2026-12-13,Shift 2,IM-003,M-INJ-001,TR-001-HDPE-24410,HDPE,Screw Cap,20221,M,315,1,3,5,9,Conforming,Rejected,Rejected,Rejected - Scrapped,2026-12-14 03:09:40.955,Thread:1(Re=1),Beatriz Costa
LOTE-M-INJ-001-6796,WO-9814,2026-12-15,Shift 1,IM-003,M-INJ-001,TR-001-PETG-24410,PETG,Screw Cap,53764,M,315,1,3,3,7,Conforming,Rejected,Rejected,Rejected - Scrapped,2026-12-16 09:33:41.802,Sealing:1(Re=1),Beatriz Costa
LOTE-M-INJ-003-6797,WO-9815,2026-12-15,Shift 3,IM-003,M-INJ-003,TR-003-PETG-24415,PETG,Screw Cap,15118,M,315,0,2,5,7,Conforming,Approved,Approved,Approved - First Pass,2026-12-17 07:39:08.122,—,Diogo Ferreira
LOTE-M-INJ-001-6798,WO-9817,2026-12-17,Shift 3,IM-003,M-INJ-001,TR-001-PP-24410,PP,Screw Cap,38191,M,315,0,1,2,3,Conforming,Approved,Approved,Approved - First Pass,2026-12-18 05:57:15.733,—,Diogo Ferreira
LOTE-M-INJ-003-6799,WO-9818,2026-12-18,Shift 3,IM-003,M-INJ-003,TR-003-PETG-24415,PETG,Screw Cap,30454,M,315,0,0,5,5,Conforming,Approved,Approved,Approved - First Pass,2026-12-19 06:01:09.634,—,Diogo Ferreira
LOTE-M-INJ-003-6800,WO-9820,2026-12-19,Shift 1,IM-003,M-INJ-003,TR-003-PP-24415,PP,Screw Cap,45542,M,315,0,3,5,8,Conforming,Approved,Approved,Approved - First Pass,2026-12-20 15:50:09.524,—,Diogo Ferreira
LOTE-M-INJ-003-6801,WO-9823,2026-12-21,Shift 2,IM-003,M-INJ-003,TR-003-PP-PCR-24415,PP-PCR,Screw Cap,36363,M,315,0,1,6,7,Conforming,Approved,Approved,Approved - First Pass,2026-12-22 17:39:14.155,—,Carlos Mendes
LOTE-M-INJ-001-6802,WO-9825,2026-12-23,Shift 1,IM-003,M-INJ-001,TR-001-PETG-24410,PETG,Screw Cap,20748,M,315,0,2,2,4,Conforming,Approved,Approved,Approved - First Pass,2026-12-24 03:30:37.159,—,Elena Santos
LOTE-M-INJ-003-6803,WO-9827,2026-12-24,Shift 2,IM-003,M-INJ-003,TR-003-PETG-24415,PETG,Screw Cap,53785,M,315,0,4,9,13,Conforming,Approved,Approved,Approved - First Pass,2026-12-25 16:42:53.413,—,Elena Santos
LOTE-M-INJ-003-6804,WO-9830,2026-12-26,Shift 2,IM-003,M-INJ-003,TR-003-PP-PCR-24415,PP-PCR,Screw Cap,58735,M,315,0,3,11,14,Conforming,Approved,Approved,Approved - First Pass,2026-12-27 09:06:49.049,—,Carlos Mendes
LOTE-M-INJ-001-6805,WO-9832,2026-12-28,Shift 3,IM-003,M-INJ-001,TR-001-PETG-24410,PETG,Screw Cap,25452,M,315,0,3,8,11,Conforming,Approved,Approved,Approved - First Pass,2026-12-29 03:46:19.700,—,Diogo Ferreira
LOTE-M-INJ-003-6806,WO-9835,2026-12-30,Shift 3,IM-003,M-INJ-003,TR-003-PETG-24415,PETG,Screw Cap,57831,M,315,1,2,12,15,Conforming,Rejected,Approved,Approved - Released on Deviation,2026-12-31 09:21:50.770,—,Elena Santos
LOTE-M-INJ-001-6807,WO-9836,2026-12-30,Shift 2,IM-003,M-INJ-001,TR-001-PP-PCR-24410,PP-PCR,Screw Cap,23797,M,315,0,0,5,5,Conforming,Approved,Approved,Approved - First Pass,2026-12-31 22:58:29.831,—,Diogo Ferreira
LOTE-M-INJ-007-6808,WO-9852,2025-07-11,Shift 2,IM-004,M-INJ-007,TF-007-PP-28410,PP,Flip Top,131373,M,315,3,32,58,93,Conforming,Rejected,Rejected,Rejected - Scrapped,2025-07-13 02:41:13.620,Sealing:2(Re=1),Diogo Ferreira
LOTE-M-INJ-004-6809,WO-9854,2025-07-12,Shift 3,IM-004,M-INJ-004,TR-004-HDPE-28410,HDPE,Screw Cap,17289,M,315,0,0,6,6,Conforming,Approved,Approved,Approved - First Pass,2025-07-13 20:10:37.013,—,Ana Silva
LOTE-M-INJ-007-6810,WO-9864,2025-07-18,shift 3,IM-004,M-INJ-007,TF-007-PP-28410,PP,Flip Top,74493,M,315,0,20,39,59,Conforming,Approved,Approved,Approved - First Pass,2025-07-20 03:56:53.320,—,Beatriz Costa
LOTE-M-INJ-004-6811,WO-9869,2025-07-22,Shift 3,IM-004,M-INJ-004,TR-004-PP-28410,PP,Screw Cap,90044,M,315,0,11,16,27,Conforming,Approved,Approved,Approved - First Pass,2025-07-24 02:32:06.413,—,Ana Silva
LOTE-M-INJ-007-6812,WO-9874,2025-07-26,Shift 1,IM-004,M-INJ-007,TF-007-PP-28410,PP,Flip Top,39634,M,315,2,5,18,25,Conforming,Rejected,Rejected,Rejected - Scrapped,2025-07-27 08:21:11.835,Sealing:1(Re=1),Ana Silva
LOTE-M-INJ-007-6813,WO-9879,2025-07-29,Shift 3,IM-004,M-INJ-007,TF-007-PP-28410,PP,Flip Top,32973,M,315,1,4,6,11,Conforming,Rejected,Rejected,Rejected - Scrapped,2025-07-30 10:08:15.769,Sealing:1(Re=1),Ana Silva
LOTE-M-INJ-007-6814,WO-9881,2025-07-30,Shift 1,IM-004,M-INJ-007,TF-007-HDPE-28410,HDPE,Flip Top,15841,M,315,0,1,6,7,Conforming,Approved,Approved,Approved - First Pass,2025-07-31 10:08:10.158,—,Beatriz Costa
LOTE-M-INJ-007-6815,WO-9886,2025-08-02,Shift 2,IM-004,M-INJ-007,TF-007-HDPE-28410,HDPE,Flip Top,45444,M,315,0,14,30,44,Conforming,Approved,Approved,Approved - First Pass,2025-08-03 23:00:25.885,—,Elena Santos
LOTE-M-INJ-004-6816,WO-9888,2025-08-03,Shift 3,IM-004,M-INJ-004,TR-004-HDPE-28410,HDPE,Screw Cap,30565,M,315,0,5,3,8,Conforming,Approved,Approved,Approved - First Pass,2025-08-05 01:54:20.962,—,Elena Santos
LOTE-M-INJ-004-6817,WO-9904,2025-08-15,Shift 2,IM-004,M-INJ-004,TR-004-PP-PCR-28410,PP-PCR,Screw Cap,262538,M,315,4,82,97,183,Conforming,Rejected,Rejected,Rejected - Scrapped,2025-08-16 22:14:30.874,Stain:15(Re=15),Ana Silva
LOTE-M-INJ-007-6818,WO-9906,2025-08-16,Shift 3,IM-004,M-INJ-007,TF-007-PP-28410,PP,Flip Top,14566,M,315,0,3,2,5,Conforming,Approved,Approved,Approved - First Pass,2025-08-18 05:41:58.482,—,Diogo Ferreira
LOTE-M-INJ-004-6819,WO-9908,2025-08-18,Shift 1,IM-004,M-INJ-004,TR-004-PP-PCR-28410,PP-PCR,Screw Cap,27576,M,315,1,2,3,6,Conforming,Rejected,Approved,Approved - Released on Deviation,2025-08-19 13:54:05.936,—,Beatriz Costa
LOTE-M-INJ-004-6820,WO-9913,2025-08-22,Shift 1,IM-004,M-INJ-004,TR-004-HDPE-28410,HDPE,Screw Cap,84423,M,315,1,12,14,27,Conforming,Rejected,Rejected,Rejected - Scrapped,2025-08-23 17:39:24.706,Sealing:1(Re=1),Beatriz Costa
LOTE-M-INJ-007-6821,WO-9918,2025-08-25,Shift 3,IM-004,M-INJ-007,TF-007-HDPE-28410,HDPE,Flip Top,37747,M,315,1,1,5,7,Conforming,Rejected,Rejected,Rejected - Scrapped,2025-08-26 03:18:33.303,Sealing:1(Re=1),Diogo Ferreira
LOTE-M-INJ-007-6822,WO-9920,2025-08-26,Shift 1,IM-004,M-INJ-007,TF-007-PP-PCR-28410,PP-PCR,Flip Top,16397,M,315,1,2,3,6,Conforming,Rejected,Approved,Approved - Reworked,2025-08-28 04:58:44.308,—,Beatriz Costa
LOTE-M-INJ-004-6823,WO-9930,2025-09-02,Shift 2,IM-004,M-INJ-004,TR-004-HDPE-28410,HDPE,Screw Cap,149121,M,315,2,25,36,63,Conforming,Rejected,Approved,Approved - Released on Deviation,2025-09-03 21:06:36.258,—,Carlos Mendes
LOTE-M-INJ-004-6824,WO-9935,2025-09-05,Shift 2,IM-004,M-INJ-004,TR-004-PP-28410,PP,Screw Cap,77347,M,315,1,18,43,62,Conforming,Rejected,Rejected,Rejected - Scrapped,2025-09-06 08:28:31.440,Thread:1(Re=1),Carlos Mendes
LOTE-M-INJ-004-6825,WO-9937,2025-09-06,Shift 2,IM-004,M-INJ-004,TR-004-PETG-28410,PETG,Screw Cap,28817,M,315,0,11,22,33,Conforming,Approved,Approved,Approved - First Pass,2025-09-08 01:37:17.569,—,Ana Silva
LOTE-M-INJ-004-6826,WO-9947,2025-09-13,Shift 2,IM-004,M-INJ-004,TR-004-PP-28410,PP,Screw Cap,147812,M,315,2,83,74,159,Conforming,Rejected,Rejected,Rejected - Scrapped,2025-09-14 05:46:03.050,Flash:14(Re=8),Diogo Ferreira
LOTE-M-INJ-007-6827,WO-9963,2025-09-24,Shift 1,IM-004,M-INJ-007,TF-007-PP-PCR-28410,PP-PCR,Flip Top,128582,M,315,2,32,41,75,Conforming,Rejected,Rejected,Rejected - Scrapped,2025-09-25 08:39:47.632,Thread:1(Re=1),Ana Silva
LOTE-M-INJ-007-6828,WO-9968,2025-09-27,Shift 2,IM-004,M-INJ-007,TF-007-PP-28410,PP,Flip Top,40693,M,315,0,21,13,34,Conforming,Rejected,Approved,Approved - Released on Deviation,2025-09-28 17:48:23.726,—,Beatriz Costa
LOTE-M-INJ-004-6829,WO-9970,2025-09-29,Shift 3,IM-004,M-INJ-004,TR-004-PP-28410,PP,Screw Cap,25177,M,315,0,3,6,9,Conforming,Approved,Approved,Approved - First Pass,2025-09-30 12:00:03.680,—,Beatriz Costa
LOTE-M-INJ-007-6830,WO-9975,2025-10-03,Shift 3,IM-004,M-INJ-007,TF-007-PP-PCR-28410,PP-PCR,Flip Top,41382,M,315,1,7,6,14,Conforming,Rejected,Rejected,Rejected - Scrapped,2025-10-03 22:42:58.645,Thread:1(Re=1),Carlos Mendes
LOTE-M-INJ-004-6831,WO-9977,2025-10-04,Shift 1,IM-004,M-INJ-004,TR-004-PETG-28410,PETG,Screw Cap,28049,M,315,0,2,3,5,Conforming,Approved,Approved,Approved - First Pass,2025-10-05 01:47:53.692,—,Beatriz Costa
LOTE-M-INJ-004-6832,WO-9987,2025-10-10,Shift 1,IM-004,M-INJ-004,TR-004-PP-28410,PP,Screw Cap,116959,M,315,0,23,40,63,Conforming,Approved,Approved,Approved - First Pass,2025-10-11 04:12:30.674,—,Diogo Ferreira
LOTE-M-INJ-007-6833,WO-10003,2025-10-20,Shift 2,IM-004,M-INJ-007,TF-007-PP-PCR-28410,PP-PCR,Flip Top,118931,M,315,4,25,57,86,Conforming,Rejected,Approved,Approved - Released on Deviation,2025-10-21 09:05:33.384,—,Carlos Mendes
LOTE-M-INJ-007-6834,WO-10008,2025-10-24,Shift 1,IM-004,M-INJ-007,TF-007-HDPE-28410,HDPE,Flip Top,32128,M,315,0,11,24,35,Conforming,Approved,Approved,Approved - First Pass,2025-10-25 06:57:10.412,—,Ana Silva
LOTE-M-INJ-007-6835,WO-10013,2025-10-27,shift 2,IM-004,M-INJ-007,TF-007-PP-PCR-28410,PP-PCR,Flip Top,35831,M,315,1,18,35,54,Conforming,Rejected,Rejected,Rejected - Scrapped,2025-10-28 16:33:20.981,Flash:7(Re=6),Carlos Mendes
LOTE-M-INJ-007-6836,WO-10023,2025-11-03,Shift 2,IM-004,M-INJ-007,TF-007-PP-28410,PP,Flip Top,60011,M,315,1,55,43,99,Conforming,Rejected,Rejected,Rejected - Scrapped,2025-11-04 19:20:15.580,Flash:15(Re=6),Carlos Mendes
LOTE-M-INJ-007-6837,WO-10028,2025-11-07,Shift 3,IM-004,M-INJ-007,TF-007-HDPE-28410,HDPE,Flip Top,44557,M,315,2,27,25,54,Conforming,Rejected,Rejected,Rejected - Scrapped,2025-11-09 08:19:09.100,Flash:7(Re=6),Elena Santos
LOTE-M-INJ-007-6838,WO-10044,2025-11-17,Shift 2,IM-004,M-INJ-007,TF-007-PP-PCR-28410,PP-PCR,Flip Top,118590,M,315,2,53,86,141,Conforming,Rejected,Rejected,Rejected - Scrapped,2025-11-18 14:32:15.833,Color:12(Re=11),Beatriz Costa
LOTE-M-INJ-007-6839,WO-10049,2025-11-21,Shift 3,IM-004,M-INJ-007,TF-007-PP-PCR-28410,PP-PCR,Flip Top,39637,M,315,1,29,29,59,Conforming,Rejected,Rejected,Rejected - Scrapped,2025-11-22 04:43:38.922,Flash:13(Re=6),Ana Silva
LOTE-M-INJ-007-6840,WO-10065,2025-12-02,Shift 1,IM-004,M-INJ-007,TF-007-PP-PCR-28410,PP-PCR,Flip Top,111617,M,315,1,56,88,145,Conforming,Rejected,Approved,Approved - Released on Deviation,2025-12-03 17:33:40.744,—,Ana Silva
LOTE-M-INJ-007-6841,WO-10067,2025-12-03,SHIFT 2,IM-004,M-INJ-007,TF-007-PP-PCR-28410,PP-PCR,Flip Top,13514,M,315,0,15,11,26,Conforming,Rejected,Approved,Approved - Reworked,2025-12-05 06:25:14.427,—,Ana Silva
LOTE-M-INJ-004-6842,WO-10077,2025-12-10,Shift 3,IM-004,M-INJ-004,TR-004-HDPE-28410,HDPE,Screw Cap,133752,M,315,5,17,52,74,Conforming,Rejected,Rejected,Rejected - Scrapped,2025-12-11 00:08:19.900,Thread:1(Re=1),Beatriz Costa
LOTE-M-INJ-004-6843,WO-10082,2025-12-13,Shift 3,IM-004,M-INJ-004,TR-004-PETG-28410,PETG,Screw Cap,61109,M,315,1,17,21,39,Conforming,Rejected,Rejected,Rejected - Scrapped,2025-12-14 02:34:27.701,Flash:10(Re=8),Elena Santos
LOTE-M-INJ-004-6844,WO-10084,2025-12-14,Shift 1,IM-004,M-INJ-004,TR-004-HDPE-28410,HDPE,Screw Cap,31627,M,315,1,12,8,21,Conforming,Rejected,Rejected,Rejected - Scrapped,2025-12-15 20:59:20.652,Flash:12(Re=8),Elena Santos
LOTE-M-INJ-007-6845,WO-10089,2025-12-18,Shift 2,IM-004,M-INJ-007,TF-007-PP-PCR-28410,PP-PCR,Flip Top,24328,M,315,0,1,10,11,Conforming,Approved,Approved,Approved - First Pass,2025-12-19 17:37:15.771,—,Beatriz Costa
LOTE-M-INJ-007-6846,WO-10105,2025-12-28,Shift 3,IM-004,M-INJ-007,TF-007-PP-28410,PP,Flip Top,109190,M,315,4,23,46,73,Conforming,Rejected,Rejected,Rejected - Scrapped,2025-12-30 00:08:52.105,Thread:1(Re=1),Ana Silva
LOTE-M-INJ-007-6847,WO-10110,2026-01-01,Shift 3,IM-004,M-INJ-007,TF-007-HDPE-28410,HDPE,Flip Top,35163,M,315,0,7,20,27,Conforming,Approved,Approved,Approved - First Pass,2026-01-02 03:17:32.872,—,Ana Silva
LOTE-M-INJ-007-6848,WO-10115,2026-01-04,Shift 1,IM-004,M-INJ-007,TF-007-PP-PCR-28410,PP-PCR,Flip Top,32466,M,315,0,24,16,40,Conforming,Rejected,Rejected,Rejected - Scrapped,2026-01-05 00:43:45.372,Flash:10(Re=6),Diogo Ferreira
LOTE-M-INJ-004-6849,WO-10125,2026-01-11,Shift 2,IM-004,M-INJ-004,TR-004-PP-PCR-28410,PP-PCR,Screw Cap,154904,M,315,0,31,53,84,Conforming,Approved,Approved,Approved - First Pass,2026-01-13 00:07:04.179,—,Diogo Ferreira
LOTE-M-INJ-007-6850,WO-10135,2026-01-17,Shift 3,IM-004,M-INJ-007,TF-007-HDPE-28410,HDPE,Flip Top,68418,M,315,0,13,14,27,Conforming,Approved,Approved,Approved - First Pass,2026-01-19 07:03:52.074,—,Diogo Ferreira
LOTE-M-INJ-007-6851,WO-10137,2026-01-19,Shift 1,IM-004,M-INJ-007,TF-007-HDPE-28410,HDPE,Flip Top,18069,M,315,0,2,8,10,Conforming,Approved,Approved,Approved - First Pass,2026-01-20 10:48:49.649,—,Beatriz Costa
LOTE-M-INJ-004-6852,WO-10147,2026-01-26,Shift 2,IM-004,M-INJ-004,TR-004-PP-28410,PP,Screw Cap,152845,M,315,1,27,47,75,Conforming,Rejected,Rejected,Rejected - Scrapped,2026-01-27 16:58:08.285,Flash:8(Re=8),Diogo Ferreira
LOTE-M-INJ-007-6853,WO-10152,2026-01-30,Shift 1,IM-004,M-INJ-007,TF-007-PP-28410,PP,Flip Top,37130,M,315,0,9,7,16,Conforming,Approved,Approved,Approved - First Pass,2026-01-31 02:10:09.321,—,Diogo Ferreira
LOTE-M-INJ-007-6854,WO-10168,2026-02-09,Shift 2,IM-004,M-INJ-007,TF-007-PP-PCR-28410,PP-PCR,Flip Top,117511,M,315,1,38,64,103,Conforming,Rejected,Rejected,Rejected - Scrapped,2026-02-10 17:04:59.175,Sealing:1(Re=1),Ana Silva
LOTE-M-INJ-004-6855,WO-10173,2026-02-12,Shift 1,IM-004,M-INJ-004,TR-004-HDPE-28410,HDPE,Screw Cap,66373,M,315,2,16,9,27,Conforming,Rejected,Rejected,Rejected - Scrapped,2026-02-13 15:41:03.389,Thread:1(Re=1),Diogo Ferreira
LOTE-M-INJ-004-6856,WO-10183,2026-02-19,Shift 1,IM-004,M-INJ-004,TR-004-PETG-28410,PETG,Screw Cap,144093,M,315,1,18,67,86,Conforming,Rejected,Rejected,Rejected - Scrapped,2026-02-20 13:45:48.287,Sealing:1(Re=1),Beatriz Costa
LOTE-M-INJ-007-6857,WO-10188,2026-02-23,Shift 3,IM-004,M-INJ-007,TF-007-HDPE-28410,HDPE,Flip Top,34241,M,315,2,1,13,16,Conforming,Rejected,Rejected,Rejected - Scrapped,2026-02-24 03:20:50.534,Sealing:1(Re=1),Ana Silva
LOTE-M-INJ-007-6858,WO-10204,2026-03-06,Shift 1,IM-004,M-INJ-007,TF-007-PP-PCR-28410,PP-PCR,Flip Top,134654,M,315,6,36,54,96,Conforming,Rejected,Rejected,Rejected - Scrapped,2026-03-07 17:10:44.107,Flash:6(Re=6),Elena Santos
LOTE-M-INJ-004-6859,WO-10209,2026-03-09,Shift 2,IM-004,M-INJ-004,TR-004-PETG-28410,PETG,Screw Cap,72472,M,315,1,11,21,33,Conforming,Rejected,Approved,Approved - Released on Deviation,2026-03-11 01:38:28.899,—,Elena Santos
LOTE-M-INJ-004-6860,WO-10214,2026-03-13,Shift 3,IM-004,M-INJ-004,TR-004-PP-28410,PP,Screw Cap,76482,M,315,2,39,19,60,Conforming,Rejected,Rejected,Rejected - Scrapped,2026-03-14 05:41:56.079,Flash:14(Re=8),Carlos Mendes
LOTE-M-INJ-004-6861,WO-10224,2026-03-19,Shift 2,IM-004,M-INJ-004,TR-004-PP-PCR-28410,PP-PCR,Screw Cap,154422,M,315,1,34,79,114,Conforming,Rejected,Rejected,Rejected - Scrapped,2026-03-20 02:40:15.264,Flash:12(Re=8),Beatriz Costa
LOTE-M-INJ-004-6862,WO-10234,2026-03-26,Shift 3,IM-004,M-INJ-004,TR-004-PP-28410,PP,Screw Cap,131267,M,315,1,60,73,134,Conforming,Rejected,Rejected,Rejected - Scrapped,2026-03-27 13:53:00.527,Stain:15(Re=15),Ana Silva
LOTE-M-INJ-004-6863,WO-10239,2026-03-29,Shift 2,IM-004,M-INJ-004,TR-004-PP-PCR-28410,PP-PCR,Screw Cap,79319,M,315,0,22,25,47,Conforming,Rejected,Approved,Approved - Reworked,2026-03-30 22:17:34.031,—,Carlos Mendes
LOTE-M-INJ-004-6864,WO-10249,2026-04-04,Shift 2,IM-004,M-INJ-004,TR-004-PETG-28410,PETG,Screw Cap,125820,M,315,3,53,69,125,Conforming,Rejected,Approved,Approved - Reworked,2026-04-05 21:45:01.635,—,Beatriz Costa
LOTE-M-INJ-004-6865,WO-10265,2026-04-14,Shift 2,IM-004,M-INJ-004,TR-004-PP-PCR-28410,PP-PCR,Screw Cap,213674,M,315,3,77,104,184,Conforming,Rejected,Rejected,Rejected - Scrapped,2026-04-15 13:06:40.945,Flash:12(Re=8),Carlos Mendes
LOTE-M-INJ-004-6866,WO-10270,2026-04-18,Shift 3,IM-004,M-INJ-004,TR-004-PP-PCR-28410,PP-PCR,Screw Cap,68056,M,315,2,41,18,61,Conforming,Rejected,Approved,Approved - Released on Deviation,2026-04-18 15:28:07.959,—,Carlos Mendes
LOTE-M-INJ-004-6867,WO-10272,2026-04-19,SHIFT 1,IM-004,M-INJ-004,TR-004-PP-PCR-28410,PP-PCR,Screw Cap,20937,M,315,0,9,21,30,Conforming,Rejected,Rejected,Rejected - Scrapped,2026-04-20 10:14:00.758,Flash:8(Re=6),Ana Silva
LOTE-M-INJ-007-6868,WO-10288,2026-04-30,SHIFT 1,IM-004,M-INJ-007,TF-007-PP-PCR-28410,PP-PCR,Flip Top,116894,M,315,2,25,27,54,Conforming,Rejected,Rejected,Rejected - Scrapped,2026-05-01 23:58:40.301,Thread:1(Re=1),Elena Santos
LOTE-M-INJ-007-6869,WO-10293,2026-05-03,Shift 2,IM-004,M-INJ-007,TF-007-PP-28410,PP,Flip Top,34027,M,315,1,23,16,40,Conforming,Rejected,Rejected,Rejected - Scrapped,2026-05-05 03:53:00.206,Flash:8(Re=6),Elena Santos
LOTE-M-INJ-004-6870,WO-10298,2026-05-07,Shift 2,IM-004,M-INJ-004,TR-004-PP-PCR-28410,PP-PCR,Screw Cap,86919,M,315,0,2,38,40,Conforming,Approved,Approved,Approved - First Pass,2026-05-08 14:15:22.111,—,Elena Santos
LOTE-M-INJ-004-6871,WO-10308,2026-05-13,Shift 2,IM-004,M-INJ-004,TR-004-HDPE-28410,HDPE,Screw Cap,140701,M,315,0,32,48,80,Conforming,Rejected,Approved,Approved - Reworked,2026-05-14 21:20:19.227,—,Carlos Mendes
LOTE-M-INJ-004-6872,WO-10313,2026-05-17,Shift 3,IM-004,M-INJ-004,TR-004-PETG-28410,PETG,Screw Cap,84605,M,315,1,39,47,87,Conforming,Rejected,Rejected,Rejected - Scrapped,2026-05-18 08:39:10.639,Flash:12(Re=8),Beatriz Costa
LOTE-M-INJ-004-6873,WO-10315,2026-05-18,Shift 1,IM-004,M-INJ-004,TR-004-PP-PCR-28410,PP-PCR,Screw Cap,32081,M,315,1,22,29,52,Conforming,Rejected,Rejected,Rejected - Scrapped,2026-05-19 05:59:19.355,Flash:15(Re=8),Diogo Ferreira
LOTE-M-INJ-007-6874,WO-10317,2026-05-19,Shift 2,IM-004,M-INJ-007,TF-007-HDPE-28410,HDPE,Flip Top,17111,M,315,0,3,3,6,Conforming,Approved,Approved,Approved - First Pass,2026-05-21 02:48:44.901,—,Carlos Mendes
LOTE-M-INJ-007-6875,WO-10333,2026-05-31,Shift 3,IM-004,M-INJ-007,TF-007-PP-PCR-28410,PP-PCR,Flip Top,120124,M,315,2,32,51,85,Conforming,Rejected,Rejected,Rejected - Scrapped,2026-06-01 06:33:56.684,Thread:1(Re=1),Beatriz Costa
LOTE-M-INJ-007-6876,WO-10335,2026-06-01,shift 2,IM-004,M-INJ-007,TF-007-PP-28410,PP,Flip Top,11446,M,315,0,8,12,20,Conforming,Approved,Approved,Approved - First Pass,2026-06-02 08:03:18.456,—,Carlos Mendes
LOTE-M-INJ-004-6877,WO-10340,2026-06-05,Shift 3,IM-004,M-INJ-004,TR-004-HDPE-28410,HDPE,Screw Cap,66608,M,315,1,11,26,38,Conforming,Rejected,Rejected,Rejected - Scrapped,2026-06-05 23:45:45.881,Sealing:1(Re=1),Beatriz Costa
LOTE-M-INJ-007-6878,WO-10342,2026-06-06,Shift 1,IM-004,M-INJ-007,TF-007-HDPE-28410,HDPE,Flip Top,8788,L,200,0,2,4,6,Conforming,Approved,Approved,Approved - First Pass,2026-06-07 11:37:24.987,—,Beatriz Costa
LOTE-M-INJ-004-6879,WO-10344,2026-06-07,Shift 2,IM-004,M-INJ-004,TR-004-PP-PCR-28410,PP-PCR,Screw Cap,23942,M,315,0,0,12,12,Conforming,Approved,Approved,Approved - First Pass,2026-06-08 16:51:37.979,—,Ana Silva
LOTE-M-INJ-007-6880,WO-10349,2026-06-11,Shift 3,IM-004,M-INJ-007,TF-007-PP-28410,PP,Flip Top,35213,M,315,0,5,4,9,Conforming,Approved,Approved,Approved - First Pass,2026-06-12 06:51:45.269,—,Ana Silva
LOTE-M-INJ-007-6881,WO-10351,2026-06-12,Shift 3,IM-004,M-INJ-007,TF-007-PP-28410,PP,Flip Top,12387,M,315,0,0,2,2,Conforming,Approved,Approved,Approved - First Pass,2026-06-13 07:09:46.562,—,Elena Santos
LOTE-M-INJ-004-6882,WO-10356,2026-06-15,Shift 1,IM-004,M-INJ-004,TR-004-PP-28410,PP,Screw Cap,78455,M,315,0,14,20,34,Conforming,Approved,Approved,Approved - First Pass,2026-06-16 06:29:17.542,—,Ana Silva
LOTE-M-INJ-007-6883,WO-10358,2026-06-16,Shift 2,IM-004,M-INJ-007,TF-007-HDPE-28410,HDPE,Flip Top,11764,M,315,0,3,0,3,Conforming,Approved,Approved,Approved - First Pass,2026-06-17 14:14:58.884,—,Elena Santos
LOTE-M-INJ-004-6884,WO-10368,2026-06-23,Shift 1,IM-004,M-INJ-004,TR-004-PP-PCR-28410,PP-PCR,Screw Cap,144462,M,315,1,19,25,45,Conforming,Rejected,Rejected,Rejected - Scrapped,2026-06-24 11:00:17.327,Sealing:1(Re=1),Diogo Ferreira
LOTE-M-INJ-007-6885,WO-10384,2026-07-05,Shift 3,IM-004,M-INJ-007,TF-007-PP-PCR-28410,PP-PCR,Flip Top,108830,M,315,1,29,48,78,Conforming,Rejected,Rejected,Rejected - Scrapped,2026-07-06 14:30:22.706,Thread:1(Re=1),Carlos Mendes
LOTE-M-INJ-007-6886,WO-10386,2026-07-06,Shift 2,IM-004,M-INJ-007,TF-007-PP-28410,PP,Flip Top,16529,M,315,0,2,10,12,Conforming,Approved,Approved,Approved - First Pass,2026-07-07 04:25:58.893,—,Diogo Ferreira
LOTE-M-INJ-004-6887,WO-10388,2026-07-08,Shift 3,IM-004,M-INJ-004,TR-004-PP-PCR-28410,PP-PCR,Screw Cap,28737,M,315,0,1,7,8,Conforming,Approved,Approved,Approved - First Pass,2026-07-08 20:29:07.364,—,Ana Silva
LOTE-M-INJ-004-6888,WO-10398,2026-07-14,Shift 1,IM-004,M-INJ-004,TR-004-HDPE-28410,HDPE,Screw Cap,147813,M,315,2,36,59,97,Conforming,Rejected,Rejected,Rejected - Scrapped,2026-07-15 09:20:54.659,Thread:1(Re=1),Ana Silva
LOTE-M-INJ-007-6889,WO-10400,2026-07-15,Shift 2,IM-004,M-INJ-007,TF-007-PP-PCR-28410,PP-PCR,Flip Top,8953,L,200,0,0,8,8,Conforming,Approved,Approved,Approved - First Pass,2026-07-16 21:07:59.552,—,Beatriz Costa
LOTE-M-INJ-004-6890,WO-10416,2026-07-26,Shift 1,IM-004,M-INJ-004,TR-004-PETG-28410,PETG,Screw Cap,266519,M,315,4,95,86,185,Conforming,Rejected,Rejected,Rejected - Scrapped,2026-07-27 04:34:09.386,Flash:14(Re=8),Ana Silva
LOTE-M-INJ-004-6891,WO-10426,2026-08-02,Shift 1,IM-004,M-INJ-004,TR-004-PP-28410,PP,Screw Cap,134040,M,315,3,61,105,169,Conforming,Rejected,Rejected,Rejected - Scrapped,2026-08-03 09:43:55.151,Stain:13(Re=11),Carlos Mendes
LOTE-M-INJ-004-6892,WO-10428,2026-08-04,Shift 3,IM-004,M-INJ-004,TR-004-HDPE-28410,HDPE,Screw Cap,24284,M,315,2,3,18,23,Conforming,Rejected,Rejected,Rejected - Scrapped,2026-08-04 23:14:04.355,Thread:2(Re=1),Diogo Ferreira
LOTE-M-INJ-007-6893,WO-10444,2026-08-14,Shift 1,IM-004,M-INJ-007,TF-007-PP-28410,PP,Flip Top,113391,M,315,2,11,55,68,Conforming,Rejected,Rejected,Rejected - Scrapped,2026-08-15 06:11:23.228,Thread:1(Re=1),Elena Santos
LOTE-M-INJ-004-6894,WO-10446,2026-08-15,Shift 3,IM-004,M-INJ-004,TR-004-PETG-28410,PETG,Screw Cap,38794,M,315,0,3,5,8,Conforming,Approved,Approved,Approved - First Pass,2026-08-16 20:05:45.059,—,Elena Santos
LOTE-M-INJ-004-6895,WO-10451,2026-08-19,Shift 3,IM-004,M-INJ-004,TR-004-HDPE-28410,HDPE,Screw Cap,66602,M,315,0,15,20,35,Conforming,Approved,Approved,Approved - First Pass,2026-08-19 21:00:00.215,—,Carlos Mendes
LOTE-M-INJ-004-6896,WO-10461,2026-08-25,Shift 2,IM-004,M-INJ-004,TR-004-PETG-28410,PETG,Screw Cap,154221,M,315,6,74,36,116,Conforming,Rejected,Rejected,Rejected - Scrapped,2026-08-26 22:37:08.430,Flash:12(Re=8),Elena Santos
LOTE-M-INJ-007-6897,WO-10471,2026-09-01,Shift 3,IM-004,M-INJ-007,TF-007-PP-PCR-28410,PP-PCR,Flip Top,77244,M,315,1,13,29,43,Conforming,Rejected,Rejected,Rejected - Scrapped,2026-09-02 00:00:47.662,Sealing:1(Re=1),Ana Silva
LOTE-M-INJ-004-6898,WO-10473,2026-09-02,  Shift 1  ,IM-004,M-INJ-004,TR-004-PP-28410,PP,Screw Cap,36645,M,315,0,0,9,9,Conforming,Approved,Approved,Approved - First Pass,2026-09-03 08:38:55.460,—,Diogo Ferreira
LOTE-M-INJ-004-6899,WO-10483,2026-09-09,Shift 3,IM-004,M-INJ-004,TR-004-HDPE-28410,HDPE,Screw Cap,137100,M,315,2,37,41,80,Conforming,Rejected,Rejected,Rejected - Scrapped,2026-09-10 03:42:55.220,Sealing:1(Re=1),Ana Silva
LOTE-M-INJ-004-6900,WO-10485,2026-09-10,Shift 2,IM-004,M-INJ-004,TR-004-PP-PCR-28410,PP-PCR,Screw Cap,20701,M,315,0,15,21,36,Conforming,Rejected,Approved,Approved - Reworked,2026-09-12 05:25:06.462,—,Diogo Ferreira
LOTE-M-INJ-004-6901,WO-10495,2026-09-17,Shift 2,IM-004,M-INJ-004,TR-004-PP-PCR-28410,PP-PCR,Screw Cap,143247,M,315,1,59,98,158,Conforming,Rejected,Rejected,Rejected - Scrapped,2026-09-19 05:39:19.237,Flash:14(Re=8),Ana Silva
LOTE-M-INJ-004-6902,WO-10500,2026-09-20,Shift 2,IM-004,M-INJ-004,TR-004-HDPE-28410,HDPE,Screw Cap,68801,M,315,0,33,39,72,Conforming,Rejected,Rejected,Rejected - Scrapped,2026-09-21 18:10:10.444,Flash:10(Re=8),Elena Santos
LOTE-M-INJ-004-6903,WO-10510,2026-09-27,shift 3,IM-004,M-INJ-004,TR-004-PP-28410,PP,Screw Cap,126912,M,315,1,19,36,56,Conforming,Rejected,Rejected,Rejected - Scrapped,2026-09-27 22:01:53.189,Flash:14(Re=8),Carlos Mendes
LOTE-M-INJ-004-6904,WO-10515,2026-09-30,Shift 1,IM-004,M-INJ-004,TR-004-PETG-28410,PETG,Screw Cap,71807,M,315,1,25,42,68,Conforming,Rejected,Rejected,Rejected - Scrapped,2026-10-01 17:38:27.299,Flash:12(Re=8),Carlos Mendes
LOTE-M-INJ-004-6905,WO-10517,2026-10-01,Shift 2,IM-004,M-INJ-004,TR-004-PETG-28410,PETG,Screw Cap,29428,M,315,1,13,20,34,Conforming,Rejected,Rejected,Rejected - Scrapped,2026-10-03 00:31:53.083,Flash:10(Re=8),Beatriz Costa
LOTE-M-INJ-004-6906,WO-10533,2026-10-11,Shift 1,IM-004,M-INJ-004,TR-004-HDPE-28410,HDPE,Screw Cap,230911,M,315,1,86,85,172,Conforming,Rejected,Rejected,Rejected - Scrapped,2026-10-12 17:22:45.453,Flash:12(Re=8),Ana Silva
LOTE-M-INJ-007-6907,WO-10535,2026-10-12,Shift 2,IM-004,M-INJ-007,TF-007-HDPE-28410,HDPE,Flip Top,10673,M,315,1,2,3,6,Conforming,Rejected,Rejected,Rejected - Scrapped,2026-10-13 22:30:10.758,Sealing:1(Re=1),Elena Santos
LOTE-M-INJ-004-6908,WO-10540,2026-10-15,Shift 3,IM-004,M-INJ-004,TR-004-PP-PCR-28410,PP-PCR,Screw Cap,65112,M,315,1,10,12,23,Conforming,Rejected,Rejected,Rejected - Scrapped,2026-10-16 12:24:33.375,Sealing:1(Re=1),Diogo Ferreira
LOTE-M-INJ-007-6909,WO-10545,2026-10-19,shift 1,IM-004,M-INJ-007,TF-007-HDPE-28410,HDPE,Flip Top,44793,M,315,1,3,8,12,Conforming,Rejected,Rejected,Rejected - Scrapped,2026-10-20 18:53:32.484,Thread:1(Re=1),Diogo Ferreira
LOTE-M-INJ-007-6910,WO-10561,2026-10-30,Shift 2,IM-004,M-INJ-007,TF-007-PP-PCR-28410,PP-PCR,Flip Top,124403,M,315,2,46,74,122,Conforming,Rejected,Rejected,Rejected - Scrapped,2026-10-31 22:14:46.735,Flash:7(Re=6),Diogo Ferreira
LOTE-M-INJ-007-6911,WO-10566,2026-11-02,Shift 1,IM-004,M-INJ-007,TF-007-PP-28410,PP,Flip Top,32616,M,315,0,17,41,58,Conforming,Rejected,Approved,Approved - Reworked,2026-11-03 21:43:09.295,—,Ana Silva
LOTE-M-INJ-007-6912,WO-10582,2026-11-13,  Shift 3  ,IM-004,M-INJ-007,TF-007-PP-PCR-28410,PP-PCR,Flip Top,114912,M,315,5,44,68,117,Conforming,Rejected,Approved,Approved - Reworked,2026-11-14 14:01:17.002,—,Diogo Ferreira
LOTE-M-INJ-007-6913,WO-10584,2026-11-14,Shift 3,IM-004,M-INJ-007,TF-007-HDPE-28410,HDPE,Flip Top,9833,L,200,0,17,11,28,Conforming,Rejected,Approved,Approved - Reworked,2026-11-15 03:28:00.102,—,Beatriz Costa
LOTE-M-INJ-004-6914,WO-10594,2026-11-20,Shift 2,IM-004,M-INJ-004,TR-004-PETG-28410,PETG,Screw Cap,135453,M,315,1,25,34,60,Conforming,Rejected,Rejected,Rejected - Scrapped,2026-11-22 07:40:22.094,Sealing:1(Re=1),Beatriz Costa
LOTE-M-INJ-007-6915,WO-10604,2026-11-27,Shift 2,IM-004,M-INJ-007,TF-007-PP-28410,PP,Flip Top,75698,M,315,0,9,26,35,Conforming,Approved,Approved,Approved - First Pass,2026-11-29 05:09:20.277,—,Elena Santos
LOTE-M-INJ-004-6916,WO-10614,2026-12-04,Shift 3,IM-004,M-INJ-004,TR-004-PP-28410,PP,Screw Cap,141321,M,315,0,38,47,85,Conforming,Approved,Approved,Approved - First Pass,2026-12-05 00:17:51.326,—,Carlos Mendes
LOTE-M-INJ-007-6917,WO-10624,2026-12-11,shift 3,IM-004,M-INJ-007,TF-007-PP-28410,PP,Flip Top,81163,M,315,0,15,31,46,Conforming,Approved,Approved,Approved - First Pass,2026-12-11 19:48:37.004,—,Beatriz Costa
LOTE-M-INJ-004-6918,WO-10629,2026-12-14,Shift 1,IM-004,M-INJ-004,TR-004-HDPE-28410,HDPE,Screw Cap,88112,M,315,0,3,9,12,Conforming,Approved,Approved,Approved - First Pass,2026-12-15 15:56:08.996,—,Carlos Mendes
LOTE-M-INJ-007-6919,WO-10634,2026-12-17,shift 2,IM-004,M-INJ-007,TF-007-PP-PCR-28410,PP-PCR,Flip Top,41760,M,315,1,6,9,16,Conforming,Rejected,Rejected,Rejected - Scrapped,2026-12-18 18:28:29.123,Thread:1(Re=1),Diogo Ferreira
LOTE-M-INJ-007-6920,WO-10636,2026-12-19,Shift 1,IM-004,M-INJ-007,TF-007-PP-PCR-28410,PP-PCR,Flip Top,9849,L,200,0,2,4,6,Conforming,Approved,Approved,Approved - First Pass,2026-12-20 00:56:09.786,—,Elena Santos
LOTE-M-INJ-004-6921,WO-10646,2026-12-25,Shift 2,IM-004,M-INJ-004,TR-004-HDPE-28410,HDPE,Screw Cap,151705,M,315,0,12,34,46,Conforming,Approved,Approved,Approved - First Pass,2026-12-26 14:22:55.316,—,Beatriz Costa
LOTE-M-INJ-007-6922,WO-10653,2026-12-30,Shift 3,IM-004,M-INJ-007,TF-007-PP-PCR-28410,PP-PCR,Flip Top,59132,M,315,0,4,11,15,Conforming,Approved,Approved,Approved - First Pass,2026-12-31 06:45:03.611,—,Elena Santos
LOTE-M-INJ-005-6923,WO-10655,2025-07-01,Shift 2,IM-005,M-INJ-005,TF-005-HDPE-24410,HDPE,Flip Top,15387,M,315,0,0,1,1,Conforming,Approved,Approved,Approved - First Pass,2025-07-02 13:52:37.803,—,Carlos Mendes
LOTE-M-INJ-008-6924,WO-10658,2025-07-03,Shift 2,IM-005,M-INJ-008,TF-008-PP-PCR-28410,PP-PCR,Flip Top,28806,M,315,0,4,9,13,Conforming,Approved,Approved,Approved - First Pass,2025-07-04 23:38:08.818,—,Diogo Ferreira
LOTE-M-INJ-008-6925,WO-10659,2025-07-04,Shift 1,IM-005,M-INJ-008,TF-008-PP-PCR-28410,PP-PCR,Flip Top,8017,L,200,0,1,3,4,Conforming,Approved,Approved,Approved - First Pass,2025-07-05 03:07:58.384,—,Diogo Ferreira
LOTE-M-INJ-005-6926,WO-10661,2025-07-05,Shift 2,IM-005,M-INJ-005,TF-005-PP-PCR-24410,PP-PCR,Flip Top,17702,M,315,0,2,5,7,Conforming,Approved,Approved,Approved - First Pass,2025-07-07 06:05:54.204,—,Ana Silva
LOTE-M-INJ-005-6927,WO-10664,2025-07-07,Shift 2,IM-005,M-INJ-005,TF-005-PP-24410,PP,Flip Top,28227,M,315,0,4,20,24,Conforming,Approved,Approved,Approved - First Pass,2025-07-08 18:51:19.284,—,Elena Santos
LOTE-M-INJ-005-6928,WO-10666,2025-07-09,shift 3,IM-005,M-INJ-005,TF-005-PP-24410,PP,Flip Top,22137,M,315,0,0,5,5,Conforming,Approved,Approved,Approved - First Pass,2025-07-09 22:09:19.370,—,Ana Silva
LOTE-M-INJ-005-6929,WO-10669,2025-07-11,Shift 1,IM-005,M-INJ-005,TF-005-PP-24410,PP,Flip Top,26899,M,315,1,3,2,6,Conforming,Rejected,Rejected,Rejected - Scrapped,2025-07-12 09:44:15.943,Sealing:1(Re=1),Carlos Mendes
LOTE-M-INJ-008-6930,WO-10672,2025-07-12,Shift 3,IM-005,M-INJ-008,TF-008-PP-28410,PP,Flip Top,17842,M,315,0,4,2,6,Conforming,Approved,Approved,Approved - First Pass,2025-07-14 00:51:16.605,—,Ana Silva
LOTE-M-INJ-005-6931,WO-10675,2025-07-14,Shift 2,IM-005,M-INJ-005,TF-005-HDPE-24410,HDPE,Flip Top,18501,M,315,1,1,5,7,Conforming,Rejected,Approved,Approved - Reworked,2025-07-16 05:49:10.544,—,Elena Santos
LOTE-M-INJ-008-6932,WO-10676,2025-07-15,Shift 1,IM-005,M-INJ-008,TF-008-HDPE-28410,HDPE,Flip Top,7336,L,200,0,0,1,1,Conforming,Approved,Approved,Approved - First Pass,2025-07-16 12:27:30.171,—,Carlos Mendes
LOTE-M-INJ-005-6933,WO-10679,2025-07-17,Shift 1,IM-005,M-INJ-005,TF-005-PP-PCR-24410,PP-PCR,Flip Top,24868,M,315,0,1,10,11,Conforming,Approved,Approved,Approved - First Pass,2025-07-18 10:46:40.949,—,Beatriz Costa
LOTE-M-INJ-005-6934,WO-10681,2025-07-18,Shift 2,IM-005,M-INJ-005,TF-005-PP-PCR-24410,PP-PCR,Flip Top,19325,M,315,0,2,9,11,Conforming,Approved,Approved,Approved - First Pass,2025-07-19 17:54:56.065,—,Ana Silva
LOTE-M-INJ-008-6935,WO-10683,2025-07-19,Shift 2,IM-005,M-INJ-008,TF-008-PP-28410,PP,Flip Top,18290,M,315,1,2,1,4,Conforming,Rejected,Rejected,Rejected - Scrapped,2025-07-20 18:28:16.524,Sealing:1(Re=1),Diogo Ferreira
LOTE-M-INJ-008-6936,WO-10686,2025-07-22,Shift 3,IM-005,M-INJ-008,TF-008-PP-PCR-28410,PP-PCR,Flip Top,30166,M,315,0,6,1,7,Conforming,Approved,Approved,Approved - First Pass,2025-07-22 20:37:14.361,—,Ana Silva
LOTE-M-INJ-005-6937,WO-10688,2025-07-23,SHIFT 1,IM-005,M-INJ-005,TF-005-PP-24410,PP,Flip Top,21637,M,315,1,1,3,5,Conforming,Rejected,Rejected,Rejected - Scrapped,2025-07-24 12:16:33.140,Thread:1(Re=1),Diogo Ferreira
LOTE-M-INJ-005-6938,WO-10689,2025-07-24,Shift 3,IM-005,M-INJ-005,TF-005-PP-24410,PP,Flip Top,8285,L,200,0,1,4,5,Conforming,Approved,Approved,Approved - First Pass,2025-07-25 08:01:12.184,—,Elena Santos
LOTE-M-INJ-005-6939,WO-10690,2025-07-24,Shift 2,IM-005,M-INJ-005,TF-005-PP-PCR-24410,PP-PCR,Flip Top,6022,L,200,0,1,6,7,Conforming,Approved,Approved,Approved - First Pass,2025-07-26 06:07:00.281,—,Diogo Ferreira
LOTE-M-INJ-008-6940,WO-10691,2025-07-25,Shift 1,IM-005,M-INJ-008,TF-008-HDPE-28410,HDPE,Flip Top,8228,L,200,0,0,0,0,Conforming,Approved,Approved,Approved - First Pass,2025-07-26 16:13:22.614,—,Diogo Ferreira
LOTE-M-INJ-005-6941,WO-10693,2025-07-26,Shift 2,IM-005,M-INJ-005,TF-005-PP-24410,PP,Flip Top,24301,M,315,0,0,0,0,Conforming,Approved,Approved,Approved - First Pass,2025-07-27 20:49:03.598,—,Beatriz Costa
LOTE-M-INJ-008-6942,WO-10695,2025-07-28,Shift 1,IM-005,M-INJ-008,TF-008-PP-PCR-28410,PP-PCR,Flip Top,16511,M,315,0,2,6,8,Conforming,Approved,Approved,Approved - First Pass,2025-07-29 19:16:04.392,—,Diogo Ferreira
LOTE-M-INJ-005-6943,WO-10696,2025-07-29,Shift 3,IM-005,M-INJ-005,TF-005-PP-PCR-24410,PP-PCR,Flip Top,9265,L,200,0,2,3,5,Conforming,Approved,Approved,Approved - First Pass,2025-07-30 00:30:53.639,—,Elena Santos
LOTE-M-INJ-005-6944,WO-10698,2025-07-30,Shift 1,IM-005,M-INJ-005,TF-005-HDPE-24410,HDPE,Flip Top,17942,M,315,0,4,2,6,Conforming,Approved,Approved,Approved - First Pass,2025-07-31 19:09:34.130,—,Carlos Mendes
LOTE-M-INJ-005-6945,WO-10701,2025-07-31,Shift 3,IM-005,M-INJ-005,TF-005-HDPE-24410,HDPE,Flip Top,26306,M,315,0,1,8,9,Conforming,Approved,Approved,Approved - First Pass,2025-08-01 14:08:38.101,—,Carlos Mendes
LOTE-M-INJ-005-6946,WO-10703,2025-08-02,shift 1,IM-005,M-INJ-005,TF-005-PP-PCR-24410,PP-PCR,Flip Top,13435,M,315,0,2,4,6,Conforming,Approved,Approved,Approved - First Pass,2025-08-03 07:46:32.818,—,Beatriz Costa
LOTE-M-INJ-005-6947,WO-10704,2025-08-02,shift 3,IM-005,M-INJ-005,TF-005-PP-24410,PP,Flip Top,14452,M,315,1,0,3,4,Conforming,Rejected,Approved,Approved - Released on Deviation,2025-08-04 03:13:37.082,—,Elena Santos
LOTE-M-INJ-005-6948,WO-10705,2025-08-03,Shift 2,IM-005,M-INJ-005,TF-005-HDPE-24410,HDPE,Flip Top,10095,M,315,0,1,3,4,Conforming,Approved,Approved,Approved - First Pass,2025-08-05 03:24:05.474,—,Ana Silva
LOTE-M-INJ-005-6949,WO-10708,2025-08-05,Shift 3,IM-005,M-INJ-005,TF-005-PP-PCR-24410,PP-PCR,Flip Top,31608,M,315,0,1,5,6,Conforming,Approved,Approved,Approved - First Pass,2025-08-07 11:03:17.025,—,Beatriz Costa
LOTE-M-INJ-005-6950,WO-10709,2025-08-06,Shift 2,IM-005,M-INJ-005,TF-005-HDPE-24410,HDPE,Flip Top,11978,M,315,0,1,3,4,Conforming,Approved,Approved,Approved - First Pass,2025-08-07 11:01:04.175,—,Carlos Mendes
LOTE-M-INJ-008-6951,WO-10710,2025-08-07,Shift 1,IM-005,M-INJ-008,TF-008-HDPE-28410,HDPE,Flip Top,9397,L,200,1,1,2,4,Conforming,Rejected,Rejected,Rejected - Scrapped,2025-08-08 02:29:07.490,Thread:1(Re=1),Beatriz Costa
LOTE-M-INJ-008-6952,WO-10712,2025-08-09,Shift 3,IM-005,M-INJ-008,TF-008-HDPE-28410,HDPE,Flip Top,20615,M,315,0,0,4,4,Conforming,Approved,Approved,Approved - First Pass,2025-08-09 20:59:07.134,—,Elena Santos
LOTE-M-INJ-005-6953,WO-10715,2025-08-10,Shift 2,IM-005,M-INJ-005,TF-005-HDPE-24410,HDPE,Flip Top,31192,M,315,0,0,3,3,Conforming,Approved,Approved,Approved - First Pass,2025-08-11 19:08:32.061,—,Diogo Ferreira
LOTE-M-INJ-008-6954,WO-10717,2025-08-12,  Shift 3  ,IM-005,M-INJ-008,TF-008-PP-28410,PP,Flip Top,25904,M,315,0,2,2,4,Conforming,Approved,Approved,Approved - First Pass,2025-08-13 09:52:57.862,—,Carlos Mendes
LOTE-M-INJ-005-6955,WO-10718,2025-08-13,Shift 3,IM-005,M-INJ-005,TF-005-PP-24410,PP,Flip Top,11497,M,315,1,2,0,3,Conforming,Rejected,Approved,Approved - Released on Deviation,2025-08-13 21:21:55.277,—,Elena Santos
LOTE-M-INJ-005-6956,WO-10720,2025-08-14,Shift 1,IM-005,M-INJ-005,TF-005-HDPE-24410,HDPE,Flip Top,14278,M,315,0,1,3,4,Conforming,Approved,Approved,Approved - First Pass,2025-08-14 23:14:55.273,—,Ana Silva
LOTE-M-INJ-008-6957,WO-10722,2025-08-15,Shift 1,IM-005,M-INJ-008,TF-008-HDPE-28410,HDPE,Flip Top,18701,M,315,1,1,6,8,Conforming,Rejected,Rejected,Rejected - Scrapped,2025-08-16 14:12:39.052,Sealing:1(Re=1),Elena Santos
LOTE-M-INJ-005-6958,WO-10723,2025-08-16,Shift 3,IM-005,M-INJ-005,TF-005-PP-PCR-24410,PP-PCR,Flip Top,2371,L,200,0,0,1,1,Conforming,Approved,Approved,Approved - First Pass,2025-08-16 21:54:11.160,—,Diogo Ferreira
LOTE-M-INJ-008-6959,WO-10725,2025-08-17,Shift 3,IM-005,M-INJ-008,TF-008-PP-28410,PP,Flip Top,21018,M,315,0,0,3,3,Conforming,Approved,Approved,Approved - First Pass,2025-08-17 22:00:52.426,—,Ana Silva
LOTE-M-INJ-008-6960,WO-10727,2025-08-18,Shift 1,IM-005,M-INJ-008,TF-008-HDPE-28410,HDPE,Flip Top,19743,M,315,1,1,0,2,Conforming,Rejected,Rejected,Rejected - Scrapped,2025-08-19 14:36:42.077,Sealing:1(Re=1),Diogo Ferreira
LOTE-M-INJ-008-6961,WO-10729,2025-08-19,Shift 2,IM-005,M-INJ-008,TF-008-HDPE-28410,HDPE,Flip Top,17119,M,315,0,3,5,8,Conforming,Approved,Approved,Approved - First Pass,2025-08-20 18:40:31.140,—,Beatriz Costa
LOTE-M-INJ-008-6962,WO-10731,2025-08-20,shift 2,IM-005,M-INJ-008,TF-008-PP-PCR-28410,PP-PCR,Flip Top,17143,M,315,1,0,3,4,Conforming,Rejected,Rejected,Rejected - Scrapped,2025-08-21 17:25:28.478,Sealing:1(Re=1),Elena Santos
LOTE-M-INJ-005-6963,WO-10733,2025-08-21,Shift 3,IM-005,M-INJ-005,TF-005-PP-24410,PP,Flip Top,23744,M,315,0,3,5,8,Conforming,Approved,Approved,Approved - First Pass,2025-08-23 06:12:21.799,—,Beatriz Costa
LOTE-M-INJ-005-6964,WO-10735,2025-08-23,Shift 1,IM-005,M-INJ-005,TF-005-HDPE-24410,HDPE,Flip Top,12839,M,315,0,1,1,2,Conforming,Approved,Approved,Approved - First Pass,2025-08-24 02:07:00.760,—,Ana Silva
LOTE-M-INJ-005-6965,WO-10737,2025-08-24,Shift 1,IM-005,M-INJ-005,TF-005-PP-24410,PP,Flip Top,9228,L,200,0,2,4,6,Conforming,Approved,Approved,Approved - First Pass,2025-08-25 10:05:08.928,—,Beatriz Costa
LOTE-M-INJ-008-6966,WO-10738,2025-08-25,Shift 3,IM-005,M-INJ-008,TF-008-PP-PCR-28410,PP-PCR,Flip Top,14483,M,315,0,2,2,4,Conforming,Approved,Approved,Approved - First Pass,2025-08-26 07:34:42.115,—,Ana Silva
LOTE-M-INJ-008-6967,WO-10739,2025-08-25,Shift 2,IM-005,M-INJ-008,TF-008-PP-28410,PP,Flip Top,6474,L,200,0,1,2,3,Conforming,Approved,Approved,Approved - First Pass,2025-08-26 06:44:13.969,—,Beatriz Costa
LOTE-M-INJ-005-6968,WO-10741,2025-08-26,Shift 2,IM-005,M-INJ-005,TF-005-HDPE-24410,HDPE,Flip Top,16473,M,315,0,3,4,7,Conforming,Approved,Approved,Approved - First Pass,2025-08-28 04:03:15.281,—,Beatriz Costa
LOTE-M-INJ-005-6969,WO-10743,2025-08-28,shift 1,IM-005,M-INJ-005,TF-005-PP-24410,PP,Flip Top,26822,M,315,0,0,2,2,Conforming,Approved,Approved,Approved - First Pass,2025-08-29 14:29:26.778,—,Ana Silva
LOTE-M-INJ-005-6970,WO-10744,2025-08-29,Shift 3,IM-005,M-INJ-005,TF-005-PP-PCR-24410,PP-PCR,Flip Top,13374,M,315,0,1,7,8,Conforming,Approved,Approved,Approved - First Pass,2025-08-30 06:45:27.169,—,Elena Santos
LOTE-M-INJ-005-6971,WO-10745,2025-08-29,Shift 3,IM-005,M-INJ-005,TF-005-PP-24410,PP,Flip Top,14526,M,315,0,2,4,6,Conforming,Approved,Approved,Approved - First Pass,2025-08-31 09:52:07.305,—,Ana Silva
LOTE-M-INJ-008-6972,WO-10746,2025-08-30,Shift 2,IM-005,M-INJ-008,TF-008-PP-28410,PP,Flip Top,12266,M,315,0,2,7,9,Conforming,Approved,Approved,Approved - First Pass,2025-09-01 08:39:43.790,—,Diogo Ferreira
LOTE-M-INJ-008-6973,WO-10748,2025-09-01,Shift 1,IM-005,M-INJ-008,TF-008-HDPE-28410,HDPE,Flip Top,20314,M,315,0,3,0,3,Conforming,Approved,Approved,Approved - First Pass,2025-09-02 14:14:50.901,—,Carlos Mendes
LOTE-M-INJ-008-6974,WO-10749,2025-09-02,Shift 3,IM-005,M-INJ-008,TF-008-PP-PCR-28410,PP-PCR,Flip Top,12300,M,315,0,0,4,4,Conforming,Approved,Approved,Approved - First Pass,2025-09-03 09:09:55.489,—,Ana Silva
LOTE-M-INJ-005-6975,WO-10750,2025-09-02,Shift 2,IM-005,M-INJ-005,TF-005-HDPE-24410,HDPE,Flip Top,12290,M,315,0,0,0,0,Conforming,Approved,Approved,Approved - First Pass,2025-09-03 22:40:23.648,—,Carlos Mendes
LOTE-M-INJ-008-6976,WO-10751,2025-09-03,Shift 2,IM-005,M-INJ-008,TF-008-HDPE-28410,HDPE,Flip Top,4197,L,200,0,2,3,5,Conforming,Approved,Approved,Approved - First Pass,2025-09-04 10:01:11.459,—,Beatriz Costa
LOTE-M-INJ-008-6977,WO-10753,2025-09-04,Shift 2,IM-005,M-INJ-008,TF-008-PP-28410,PP,Flip Top,23772,M,315,0,1,7,8,Conforming,Approved,Approved,Approved - First Pass,2025-09-05 17:56:27.987,—,Ana Silva
LOTE-M-INJ-005-6978,WO-10755,2025-09-06,Shift 1,IM-005,M-INJ-005,TF-005-PP-PCR-24410,PP-PCR,Flip Top,25673,M,315,1,1,5,7,Conforming,Rejected,Approved,Approved - Released on Deviation,2025-09-08 00:21:04.443,—,Elena Santos
LOTE-M-INJ-008-6979,WO-10756,2025-09-07,Shift 1,IM-005,M-INJ-008,TF-008-PP-PCR-28410,PP-PCR,Flip Top,16110,M,315,0,0,1,1,Conforming,Approved,Approved,Approved - First Pass,2025-09-08 11:59:38.854,—,Diogo Ferreira
LOTE-M-INJ-005-6980,WO-10759,2025-09-09,Shift 1,IM-005,M-INJ-005,TF-005-HDPE-24410,HDPE,Flip Top,17485,M,315,0,2,5,7,Conforming,Approved,Approved,Approved - First Pass,2025-09-10 11:03:59.106,—,Ana Silva
LOTE-M-INJ-008-6981,WO-10762,2025-09-10,Shift 3,IM-005,M-INJ-008,TF-008-PP-PCR-28410,PP-PCR,Flip Top,22033,M,315,1,1,3,5,Conforming,Rejected,Rejected,Rejected - Scrapped,2025-09-11 21:15:51.035,Sealing:1(Re=1),Beatriz Costa
LOTE-M-INJ-005-6982,WO-10764,2025-09-12,Shift 3,IM-005,M-INJ-005,TF-005-PP-PCR-24410,PP-PCR,Flip Top,21109,M,315,0,1,3,4,Conforming,Approved,Approved,Approved - First Pass,2025-09-13 06:18:42.350,—,Ana Silva
LOTE-M-INJ-005-6983,WO-10766,2025-09-13,Shift 3,IM-005,M-INJ-005,TF-005-PP-PCR-24410,PP-PCR,Flip Top,17135,M,315,0,1,3,4,Conforming,Approved,Approved,Approved - First Pass,2025-09-14 00:30:34.799,—,Ana Silva
LOTE-M-INJ-005-6984,WO-10767,2025-09-13,Shift 2,IM-005,M-INJ-005,TF-005-HDPE-24410,HDPE,Flip Top,9629,L,200,0,0,4,4,Conforming,Approved,Approved,Approved - First Pass,2025-09-14 09:39:43.324,—,Diogo Ferreira
LOTE-M-INJ-005-6985,WO-10768,2025-09-14,Shift 1,IM-005,M-INJ-005,TF-005-PP-24410,PP,Flip Top,10712,M,315,0,0,0,0,Conforming,Approved,Approved,Approved - First Pass,2025-09-15 07:32:49.235,—,Ana Silva
LOTE-M-INJ-005-6986,WO-10769,2025-09-14,Shift 2,IM-005,M-INJ-005,TF-005-HDPE-24410,HDPE,Flip Top,3458,L,200,1,0,4,5,Conforming,Rejected,Rejected,Rejected - Scrapped,2025-09-16 03:50:24.869,Sealing:1(Re=1),Carlos Mendes
LOTE-M-INJ-005-6987,WO-10771,2025-09-16,Shift 1,IM-005,M-INJ-005,TF-005-HDPE-24410,HDPE,Flip Top,29157,M,315,1,1,6,8,Conforming,Rejected,Rejected,Rejected - Scrapped,2025-09-18 04:59:22.691,Sealing:1(Re=1),Beatriz Costa
LOTE-M-INJ-008-6988,WO-10772,2025-09-17,SHIFT 1,IM-005,M-INJ-008,TF-008-PP-PCR-28410,PP-PCR,Flip Top,7386,L,200,0,0,1,1,Conforming,Approved,Approved,Approved - First Pass,2025-09-18 12:49:01.151,—,Ana Silva
LOTE-M-INJ-008-6989,WO-10775,2025-09-19,Shift 2,IM-005,M-INJ-008,TF-008-PP-PCR-28410,PP-PCR,Flip Top,33399,M,315,1,2,9,12,Conforming,Rejected,Rejected,Rejected - Scrapped,2025-09-20 21:14:53.533,Thread:1(Re=1),Carlos Mendes
LOTE-M-INJ-008-6990,WO-10778,2025-09-21,Shift 3,IM-005,M-INJ-008,TF-008-HDPE-28410,HDPE,Flip Top,28560,M,315,0,5,7,12,Conforming,Approved,Approved,Approved - First Pass,2025-09-22 22:15:44.212,—,Diogo Ferreira
LOTE-M-INJ-005-6991,WO-10779,2025-09-22,shift 1,IM-005,M-INJ-005,TF-005-PP-PCR-24410,PP-PCR,Flip Top,6060,L,200,0,0,2,2,Conforming,Approved,Approved,Approved - First Pass,2025-09-23 10:02:23.264,—,Diogo Ferreira
LOTE-M-INJ-008-6992,WO-10781,2025-09-23,Shift 2,IM-005,M-INJ-008,TF-008-PP-28410,PP,Flip Top,18142,M,315,0,4,0,4,Conforming,Approved,Approved,Approved - First Pass,2025-09-24 21:53:30.658,—,Diogo Ferreira
LOTE-M-INJ-008-6993,WO-10783,2025-09-24,Shift 3,IM-005,M-INJ-008,TF-008-PP-PCR-28410,PP-PCR,Flip Top,17018,M,315,0,2,8,10,Conforming,Approved,Approved,Approved - First Pass,2025-09-25 13:54:50.977,—,Carlos Mendes
LOTE-M-INJ-005-6994,WO-10785,2025-09-25,Shift 3,IM-005,M-INJ-005,TF-005-HDPE-24410,HDPE,Flip Top,21497,M,315,0,0,2,2,Conforming,Approved,Approved,Approved - First Pass,2025-09-26 23:25:15.539,—,Beatriz Costa
LOTE-M-INJ-008-6995,WO-10788,2025-09-28,Shift 3,IM-005,M-INJ-008,TF-008-PP-PCR-28410,PP-PCR,Flip Top,24179,M,315,0,3,3,6,Conforming,Approved,Approved,Approved - First Pass,2025-09-29 05:23:39.580,—,Diogo Ferreira
LOTE-M-INJ-005-6996,WO-10789,2025-09-28,Shift 2,IM-005,M-INJ-005,TF-005-PP-24410,PP,Flip Top,5923,L,200,0,0,0,0,Conforming,Approved,Approved,Approved - First Pass,2025-09-29 20:47:33.282,—,Elena Santos
LOTE-M-INJ-008-6997,WO-10792,2025-09-30,Shift 2,IM-005,M-INJ-008,TF-008-PP-28410,PP,Flip Top,28242,M,315,0,9,10,19,Conforming,Approved,Approved,Approved - First Pass,2025-10-01 18:38:10.807,—,Carlos Mendes
LOTE-M-INJ-005-6998,WO-10794,2025-10-02,Shift 3,IM-005,M-INJ-005,TF-005-PP-PCR-24410,PP-PCR,Flip Top,20790,M,315,0,4,7,11,Conforming,Approved,Approved,Approved - First Pass,2025-10-02 20:30:24.291,—,Ana Silva
LOTE-M-INJ-005-6999,WO-10795,2025-10-02,Shift 2,IM-005,M-INJ-005,TF-005-PP-24410,PP,Flip Top,11156,M,315,1,0,0,1,Conforming,Rejected,Approved,Approved - Reworked,2025-10-04 04:45:35.574,—,Elena Santos
LOTE-M-INJ-008-7000,WO-10796,2025-10-03,Shift 1,IM-005,M-INJ-008,TF-008-HDPE-28410,HDPE,Flip Top,13639,M,315,0,1,1,2,Conforming,Approved,Approved,Approved - First Pass,2025-10-04 06:39:40.791,—,Beatriz Costa
LOTE-M-INJ-008-7001,WO-10798,2025-10-04,Shift 2,IM-005,M-INJ-008,TF-008-HDPE-28410,HDPE,Flip Top,17455,M,315,0,2,4,6,Conforming,Approved,Approved,Approved - First Pass,2025-10-05 14:14:41.470,—,Diogo Ferreira
LOTE-M-INJ-008-7002,WO-10800,2025-10-06,SHIFT 3,IM-005,M-INJ-008,TF-008-PP-28410,PP,Flip Top,18734,M,315,0,2,6,8,Conforming,Approved,Approved,Approved - First Pass,2025-10-07 04:26:06.128,—,Elena Santos
LOTE-M-INJ-005-7003,WO-10801,2025-10-06,Shift 2,IM-005,M-INJ-005,TF-005-PP-24410,PP,Flip Top,6335,L,200,0,0,3,3,Conforming,Approved,Approved,Approved - First Pass,2025-10-07 19:13:29.750,—,Beatriz Costa
LOTE-M-INJ-008-7004,WO-10803,2025-10-08,SHIFT 3,IM-005,M-INJ-008,TF-008-PP-28410,PP,Flip Top,21405,M,315,0,3,6,9,Conforming,Approved,Approved,Approved - First Pass,2025-10-09 18:15:39.164,—,Carlos Mendes
LOTE-M-INJ-005-7005,WO-10804,2025-10-09,Shift 3,IM-005,M-INJ-005,TF-005-HDPE-24410,HDPE,Flip Top,6174,L,200,0,1,5,6,Conforming,Approved,Approved,Approved - First Pass,2025-10-10 01:37:58.628,—,Diogo Ferreira
LOTE-M-INJ-005-7006,WO-10807,2025-10-11,shift 3,IM-005,M-INJ-005,TF-005-PP-24410,PP,Flip Top,20037,M,315,1,3,3,7,Conforming,Rejected,Rejected,Rejected - Scrapped,2025-10-12 10:05:41.940,Sealing:1(Re=1),Diogo Ferreira
LOTE-M-INJ-005-7007,WO-10809,2025-10-12,Shift 1,IM-005,M-INJ-005,TF-005-HDPE-24410,HDPE,Flip Top,21348,M,315,0,1,4,5,Conforming,Approved,Approved,Approved - First Pass,2025-10-13 04:17:30.650,—,Carlos Mendes
LOTE-M-INJ-008-7008,WO-10810,2025-10-13,Shift 3,IM-005,M-INJ-008,TF-008-HDPE-28410,HDPE,Flip Top,9267,L,200,0,0,0,0,Conforming,Approved,Approved,Approved - First Pass,2025-10-14 05:02:42.014,—,Elena Santos
LOTE-M-INJ-005-7009,WO-10811,2025-10-13,SHIFT 2,IM-005,M-INJ-005,TF-005-HDPE-24410,HDPE,Flip Top,3419,L,200,0,1,5,6,Conforming,Approved,Approved,Approved - First Pass,2025-10-14 16:56:19.460,—,Elena Santos
LOTE-M-INJ-005-7010,WO-10814,2025-10-15,Shift 1,IM-005,M-INJ-005,TF-005-HDPE-24410,HDPE,Flip Top,23103,M,315,0,5,2,7,Conforming,Approved,Approved,Approved - First Pass,2025-10-16 22:48:21.821,—,Carlos Mendes
LOTE-M-INJ-005-7011,WO-10816,2025-10-16,Shift 2,IM-005,M-INJ-005,TF-005-PP-24410,PP,Flip Top,14687,M,315,1,6,9,16,Conforming,Rejected,Approved,Approved - Released on Deviation,2025-10-17 22:21:26.391,—,Beatriz Costa
LOTE-M-INJ-005-7012,WO-10819,2025-10-18,Shift 1,IM-005,M-INJ-005,TF-005-HDPE-24410,HDPE,Flip Top,25653,M,315,1,2,2,5,Conforming,Rejected,Rejected,Rejected - Scrapped,2025-10-19 18:09:09.372,Sealing:1(Re=1),Diogo Ferreira
LOTE-M-INJ-005-7013,WO-10820,2025-10-18,Shift 3,IM-005,M-INJ-005,TF-005-PP-PCR-24410,PP-PCR,Flip Top,9201,L,200,0,3,0,3,Conforming,Approved,Approved,Approved - First Pass,2025-10-19 20:49:02.763,—,Carlos Mendes
LOTE-M-INJ-005-7014,WO-10821,2025-10-19,Shift 1,IM-005,M-INJ-005,TF-005-PP-PCR-24410,PP-PCR,Flip Top,9532,L,200,0,0,0,0,Conforming,Approved,Approved,Approved - First Pass,2025-10-20 08:18:28.906,—,Carlos Mendes
LOTE-M-INJ-005-7015,WO-10822,2025-10-20,Shift 3,IM-005,M-INJ-005,TF-005-PP-PCR-24410,PP-PCR,Flip Top,8615,L,200,0,0,3,3,Conforming,Approved,Approved,Approved - First Pass,2025-10-21 05:13:42.494,—,Carlos Mendes
LOTE-M-INJ-008-7016,WO-10825,2025-10-21,Shift 3,IM-005,M-INJ-008,TF-008-HDPE-28410,HDPE,Flip Top,20965,M,315,0,1,3,4,Conforming,Approved,Approved,Approved - First Pass,2025-10-22 14:26:08.659,—,Beatriz Costa
LOTE-M-INJ-008-7017,WO-10828,2025-10-23,Shift 1,IM-005,M-INJ-008,TF-008-PP-PCR-28410,PP-PCR,Flip Top,36905,M,315,2,0,13,15,Conforming,Rejected,Rejected,Rejected - Scrapped,2025-10-24 22:14:10.934,Thread:1(Re=1),Diogo Ferreira
LOTE-M-INJ-005-7018,WO-10830,2025-10-25,Shift 3,IM-005,M-INJ-005,TF-005-HDPE-24410,HDPE,Flip Top,16621,M,315,0,0,6,6,Conforming,Approved,Approved,Approved - First Pass,2025-10-25 23:38:36.251,—,Elena Santos
LOTE-M-INJ-008-7019,WO-10831,2025-10-25,Shift 2,IM-005,M-INJ-008,TF-008-PP-28410,PP,Flip Top,5033,L,200,1,0,2,3,Conforming,Rejected,Rejected,Rejected - Scrapped,2025-10-27 07:17:49.245,Thread:1(Re=1),Elena Santos
LOTE-M-INJ-005-7020,WO-10833,2025-10-27,Shift 3,IM-005,M-INJ-005,TF-005-PP-PCR-24410,PP-PCR,Flip Top,13814,M,315,0,2,1,3,Conforming,Approved,Approved,Approved - First Pass,2025-10-28 02:53:27.526,—,Diogo Ferreira
LOTE-M-INJ-005-7021,WO-10834,2025-10-27,Shift 2,IM-005,M-INJ-005,TF-005-PP-24410,PP,Flip Top,10775,M,315,0,1,0,1,Conforming,Approved,Approved,Approved - First Pass,2025-10-28 14:59:32.579,—,Carlos Mendes
LOTE-M-INJ-008-7022,WO-10835,2025-10-28,Shift 1,IM-005,M-INJ-008,TF-008-HDPE-28410,HDPE,Flip Top,8288,L,200,0,1,2,3,Conforming,Approved,Approved,Approved - First Pass,2025-10-29 18:25:46.425,—,Ana Silva
LOTE-M-INJ-005-7023,WO-10838,2025-10-30,shift 1,IM-005,M-INJ-005,TF-005-HDPE-24410,HDPE,Flip Top,37121,M,315,0,3,3,6,Conforming,Approved,Approved,Approved - First Pass,2025-10-31 10:49:53.985,—,Ana Silva
LOTE-M-INJ-008-7024,WO-10839,2025-10-31,Shift 3,IM-005,M-INJ-008,TF-008-HDPE-28410,HDPE,Flip Top,8678,L,200,0,1,2,3,Conforming,Approved,Approved,Approved - First Pass,2025-11-01 04:29:45.107,—,Elena Santos
LOTE-M-INJ-005-7025,WO-10840,2025-11-01,Shift 3,IM-005,M-INJ-005,TF-005-PP-PCR-24410,PP-PCR,Flip Top,6700,L,200,0,0,0,0,Conforming,Approved,Approved,Approved - First Pass,2025-11-02 02:59:57.843,—,Beatriz Costa
LOTE-M-INJ-008-7026,WO-10843,2025-11-02,Shift 2,IM-005,M-INJ-008,TF-008-PP-PCR-28410,PP-PCR,Flip Top,28608,M,315,0,2,6,8,Conforming,Approved,Approved,Approved - First Pass,2025-11-04 01:55:28.744,—,Diogo Ferreira
LOTE-M-INJ-005-7027,WO-10845,2025-11-04,Shift 1,IM-005,M-INJ-005,TF-005-PP-24410,PP,Flip Top,16121,M,315,0,1,5,6,Conforming,Approved,Approved,Approved - First Pass,2025-11-05 13:57:16.994,—,Ana Silva
LOTE-M-INJ-008-7028,WO-10846,2025-11-05,Shift 3,IM-005,M-INJ-008,TF-008-PP-28410,PP,Flip Top,8402,L,200,0,0,1,1,Conforming,Approved,Approved,Approved - First Pass,2025-11-06 04:08:01.982,—,Beatriz Costa
LOTE-M-INJ-008-7029,WO-10847,2025-11-05,Shift 2,IM-005,M-INJ-008,TF-008-HDPE-28410,HDPE,Flip Top,12638,M,315,0,0,2,2,Conforming,Approved,Approved,Approved - First Pass,2025-11-06 18:33:09.241,—,Diogo Ferreira
LOTE-M-INJ-005-7030,WO-10850,2025-11-07,Shift 3,IM-005,M-INJ-005,TF-005-HDPE-24410,HDPE,Flip Top,31281,M,315,0,1,12,13,Conforming,Approved,Approved,Approved - First Pass,2025-11-09 05:12:51.284,—,Diogo Ferreira
LOTE-M-INJ-008-7031,WO-10852,2025-11-09,Shift 1,IM-005,M-INJ-008,TF-008-PP-28410,PP,Flip Top,24010,M,315,0,3,8,11,Conforming,Approved,Approved,Approved - First Pass,2025-11-10 14:35:58.545,—,Elena Santos
LOTE-M-INJ-005-7032,WO-10853,2025-11-10,Shift 1,IM-005,M-INJ-005,TF-005-PP-PCR-24410,PP-PCR,Flip Top,6251,L,200,0,0,1,1,Conforming,Approved,Approved,Approved - First Pass,2025-11-11 17:44:57.694,—,Diogo Ferreira
LOTE-M-INJ-008-7033,WO-10854,2025-11-11,Shift 3,IM-005,M-INJ-008,TF-008-HDPE-28410,HDPE,Flip Top,11959,M,315,0,0,3,3,Conforming,Approved,Approved,Approved - First Pass,2025-11-12 08:54:23.874,—,Diogo Ferreira
LOTE-M-INJ-005-7034,WO-10855,2025-11-11,Shift 2,IM-005,M-INJ-005,TF-005-HDPE-24410,HDPE,Flip Top,10246,M,315,0,3,4,7,Conforming,Approved,Approved,Approved - First Pass,2025-11-12 22:20:24.390,—,Carlos Mendes
LOTE-M-INJ-005-7035,WO-10856,2025-11-12,Shift 1,IM-005,M-INJ-005,TF-005-PP-24410,PP,Flip Top,6803,L,200,0,0,3,3,Conforming,Approved,Approved,Approved - First Pass,2025-11-13 06:49:42.407,—,Diogo Ferreira
LOTE-M-INJ-008-7036,WO-10857,2025-11-12,Shift 2,IM-005,M-INJ-008,TF-008-PP-PCR-28410,PP-PCR,Flip Top,11419,M,315,0,0,5,5,Conforming,Approved,Approved,Approved - First Pass,2025-11-14 03:56:44.838,—,Elena Santos
LOTE-M-INJ-008-7037,WO-10858,2025-11-13,Shift 1,IM-005,M-INJ-008,TF-008-PP-PCR-28410,PP-PCR,Flip Top,5527,L,200,0,0,0,0,Conforming,Approved,Approved,Approved - First Pass,2025-11-14 15:14:26.870,—,Ana Silva
LOTE-M-INJ-005-7038,WO-10861,2025-11-15,Shift 2,IM-005,M-INJ-005,TF-005-HDPE-24410,HDPE,Flip Top,34967,M,315,1,4,13,18,Conforming,Rejected,Rejected,Rejected - Scrapped,2025-11-16 09:06:25.346,Thread:1(Re=1),Carlos Mendes
LOTE-M-INJ-005-7039,WO-10862,2025-11-16,Shift 1,IM-005,M-INJ-005,TF-005-PP-PCR-24410,PP-PCR,Flip Top,8705,L,200,0,1,0,1,Conforming,Approved,Approved,Approved - First Pass,2025-11-17 06:54:30.458,—,Elena Santos
LOTE-M-INJ-005-7040,WO-10863,2025-11-16,SHIFT 2,IM-005,M-INJ-005,TF-005-HDPE-24410,HDPE,Flip Top,7862,L,200,0,1,3,4,Conforming,Approved,Approved,Approved - First Pass,2025-11-17 20:22:08.599,—,Diogo Ferreira
LOTE-M-INJ-005-7041,WO-10866,2025-11-18,Shift 2,IM-005,M-INJ-005,TF-005-PP-24410,PP,Flip Top,27370,M,315,0,0,11,11,Conforming,Approved,Approved,Approved - First Pass,2025-11-20 02:57:27.340,—,Diogo Ferreira
LOTE-M-INJ-008-7042,WO-10868,2025-11-20,Shift 3,IM-005,M-INJ-008,TF-008-PP-PCR-28410,PP-PCR,Flip Top,19713,M,315,0,1,1,2,Conforming,Approved,Approved,Approved - First Pass,2025-11-21 10:35:25.028,—,Beatriz Costa
LOTE-M-INJ-008-7043,WO-10870,2025-11-21,Shift 1,IM-005,M-INJ-008,TF-008-PP-PCR-28410,PP-PCR,Flip Top,18230,M,315,0,0,1,1,Conforming,Approved,Approved,Approved - First Pass,2025-11-22 19:42:18.505,—,Elena Santos
LOTE-M-INJ-005-7044,WO-10872,2025-11-22,Shift 2,IM-005,M-INJ-005,TF-005-HDPE-24410,HDPE,Flip Top,20958,M,315,0,3,2,5,Conforming,Approved,Approved,Approved - First Pass,2025-11-23 21:17:34.141,—,Beatriz Costa
LOTE-M-INJ-005-7045,WO-10873,2025-11-23,Shift 1,IM-005,M-INJ-005,TF-005-PP-PCR-24410,PP-PCR,Flip Top,11942,M,315,0,0,4,4,Conforming,Approved,Approved,Approved - First Pass,2025-11-24 06:26:40.416,—,Beatriz Costa
LOTE-M-INJ-005-7046,WO-10874,2025-11-24,Shift 3,IM-005,M-INJ-005,TF-005-HDPE-24410,HDPE,Flip Top,4260,L,200,0,1,0,1,Conforming,Approved,Approved,Approved - First Pass,2025-11-25 05:43:43.147,—,Diogo Ferreira
LOTE-M-INJ-005-7047,WO-10875,2025-11-24,Shift 2,IM-005,M-INJ-005,TF-005-HDPE-24410,HDPE,Flip Top,12775,M,315,0,1,2,3,Conforming,Approved,Approved,Approved - First Pass,2025-11-25 19:43:18.372,—,Elena Santos
LOTE-M-INJ-005-7048,WO-10877,2025-11-26,Shift 1,IM-005,M-INJ-005,TF-005-PP-24410,PP,Flip Top,21149,M,315,0,3,3,6,Conforming,Approved,Approved,Approved - First Pass,2025-11-27 22:21:50.326,—,Ana Silva
LOTE-M-INJ-008-7049,WO-10879,2025-11-28,Shift 3,IM-005,M-INJ-008,TF-008-HDPE-28410,HDPE,Flip Top,12335,M,315,0,2,3,5,Conforming,Approved,Approved,Approved - First Pass,2025-11-28 23:57:57.187,—,Beatriz Costa
LOTE-M-INJ-008-7050,WO-10881,2025-11-29,Shift 1,IM-005,M-INJ-008,TF-008-HDPE-28410,HDPE,Flip Top,20500,M,315,0,4,12,16,Conforming,Approved,Approved,Approved - First Pass,2025-11-30 20:00:09.004,—,Carlos Mendes
LOTE-M-INJ-005-7051,WO-10884,2025-12-01,Shift 2,IM-005,M-INJ-005,TF-005-HDPE-24410,HDPE,Flip Top,41216,M,315,0,3,3,6,Conforming,Approved,Approved,Approved - First Pass,2025-12-02 21:10:45.715,—,Ana Silva
LOTE-M-INJ-005-7052,WO-10886,2025-12-03,SHIFT 1,IM-005,M-INJ-005,TF-005-HDPE-24410,HDPE,Flip Top,22596,M,315,0,2,6,8,Conforming,Approved,Approved,Approved - First Pass,2025-12-04 07:16:03.123,—,Carlos Mendes
LOTE-M-INJ-005-7053,WO-10887,2025-12-04,Shift 3,IM-005,M-INJ-005,TF-005-HDPE-24410,HDPE,Flip Top,6466,L,200,0,0,4,4,Conforming,Approved,Approved,Approved - First Pass,2025-12-05 07:31:19.792,—,Diogo Ferreira
LOTE-M-INJ-008-7054,WO-10889,2025-12-05,Shift 1,IM-005,M-INJ-008,TF-008-HDPE-28410,HDPE,Flip Top,26540,M,315,0,0,2,2,Conforming,Approved,Approved,Approved - First Pass,2025-12-06 07:13:47.826,—,Diogo Ferreira
LOTE-M-INJ-008-7055,WO-10890,2025-12-06,Shift 3,IM-005,M-INJ-008,TF-008-PP-28410,PP,Flip Top,6481,L,200,0,1,0,1,Conforming,Approved,Approved,Approved - First Pass,2025-12-07 02:31:29.256,—,Beatriz Costa
LOTE-M-INJ-008-7056,WO-10891,2025-12-06,Shift 2,IM-005,M-INJ-008,TF-008-HDPE-28410,HDPE,Flip Top,4400,L,200,0,0,7,7,Conforming,Approved,Approved,Approved - First Pass,2025-12-07 17:15:51.085,—,Elena Santos
LOTE-M-INJ-005-7057,WO-10893,2025-12-08,Shift 3,IM-005,M-INJ-005,TF-005-PP-PCR-24410,PP-PCR,Flip Top,15286,M,315,0,2,3,5,Conforming,Approved,Approved,Approved - First Pass,2025-12-09 08:20:31.418,—,Carlos Mendes
LOTE-M-INJ-005-7058,WO-10895,2025-12-09,Shift 3,IM-005,M-INJ-005,TF-005-PP-PCR-24410,PP-PCR,Flip Top,16613,M,315,0,2,2,4,Conforming,Approved,Approved,Approved - First Pass,2025-12-10 00:01:25.850,—,Beatriz Costa
LOTE-M-INJ-008-7059,WO-10897,2025-12-10,Shift 1,IM-005,M-INJ-008,TF-008-PP-PCR-28410,PP-PCR,Flip Top,16397,M,315,0,0,3,3,Conforming,Approved,Approved,Approved - First Pass,2025-12-11 12:10:43.852,—,Beatriz Costa
LOTE-M-INJ-008-7060,WO-10898,2025-12-11,SHIFT 3,IM-005,M-INJ-008,TF-008-PP-28410,PP,Flip Top,9366,L,200,0,1,2,3,Conforming,Approved,Approved,Approved - First Pass,2025-12-11 19:09:40.908,—,Elena Santos
LOTE-M-INJ-005-7061,WO-10899,2025-12-11,Shift 2,IM-005,M-INJ-005,TF-005-PP-24410,PP,Flip Top,11624,M,315,0,1,0,1,Conforming,Approved,Approved,Approved - First Pass,2025-12-12 10:35:28.574,—,Ana Silva
LOTE-M-INJ-008-7062,WO-10901,2025-12-13,Shift 1,IM-005,M-INJ-008,TF-008-HDPE-28410,HDPE,Flip Top,19450,M,315,0,3,9,12,Conforming,Approved,Approved,Approved - First Pass,2025-12-14 06:33:52.537,—,Diogo Ferreira
LOTE-M-INJ-008-7063,WO-10903,2025-12-14,Shift 2,IM-005,M-INJ-008,TF-008-PP-PCR-28410,PP-PCR,Flip Top,24111,M,315,0,2,6,8,Conforming,Approved,Approved,Approved - First Pass,2025-12-16 05:35:44.651,—,Carlos Mendes
LOTE-M-INJ-008-7064,WO-10904,2025-12-15,Shift 2,IM-005,M-INJ-008,TF-008-PP-PCR-28410,PP-PCR,Flip Top,11375,M,315,0,1,3,4,Conforming,Approved,Approved,Approved - First Pass,2025-12-16 16:00:13.178,—,Beatriz Costa
LOTE-M-INJ-008-7065,WO-10906,2025-12-16,Shift 2,IM-005,M-INJ-008,TF-008-PP-PCR-28410,PP-PCR,Flip Top,23907,M,315,0,2,14,16,Conforming,Approved,Approved,Approved - First Pass,2025-12-18 01:38:19.425,—,Beatriz Costa
LOTE-M-INJ-008-7066,WO-10909,2025-12-18,Shift 2,IM-005,M-INJ-008,TF-008-PP-PCR-28410,PP-PCR,Flip Top,22640,M,315,0,2,9,11,Conforming,Approved,Approved,Approved - First Pass,2025-12-19 21:07:42.323,—,Beatriz Costa
LOTE-M-INJ-005-7067,WO-10912,2025-12-20,SHIFT 3,IM-005,M-INJ-005,TF-005-PP-24410,PP,Flip Top,14614,M,315,2,1,6,9,Conforming,Rejected,Rejected,Rejected - Scrapped,2025-12-21 00:48:09.376,Thread:1(Re=1),Carlos Mendes
LOTE-M-INJ-008-7068,WO-10915,2025-12-22,Shift 3,IM-005,M-INJ-008,TF-008-PP-PCR-28410,PP-PCR,Flip Top,24350,M,315,0,1,2,3,Conforming,Approved,Approved,Approved - First Pass,2025-12-23 04:56:34.340,—,Ana Silva
LOTE-M-INJ-008-7069,WO-10916,2025-12-22,Shift 2,IM-005,M-INJ-008,TF-008-PP-28410,PP,Flip Top,8835,L,200,0,1,3,4,Conforming,Approved,Approved,Approved - First Pass,2025-12-23 23:08:41.672,—,Elena Santos
LOTE-M-INJ-005-7070,WO-10917,2025-12-23,Shift 2,IM-005,M-INJ-005,TF-005-HDPE-24410,HDPE,Flip Top,15742,M,315,0,2,0,2,Conforming,Approved,Approved,Approved - First Pass,2025-12-25 07:23:03.599,—,Ana Silva
LOTE-M-INJ-008-7071,WO-10918,2025-12-24,Shift 2,IM-005,M-INJ-008,TF-008-HDPE-28410,HDPE,Flip Top,3900,L,200,0,0,0,0,Conforming,Approved,Approved,Approved - First Pass,2025-12-26 08:33:26.887,—,Beatriz Costa
LOTE-M-INJ-005-7072,WO-10921,2025-12-27,Shift 1,IM-005,M-INJ-005,TF-005-PP-24410,PP,Flip Top,27920,M,315,0,3,6,9,Conforming,Approved,Approved,Approved - First Pass,2025-12-28 06:09:42.851,—,Diogo Ferreira
LOTE-M-INJ-008-7073,WO-10924,2025-12-29,shift 1,IM-005,M-INJ-008,TF-008-PP-PCR-28410,PP-PCR,Flip Top,33327,M,315,0,5,11,16,Conforming,Approved,Approved,Approved - First Pass,2025-12-30 11:11:14.083,—,Elena Santos
LOTE-M-INJ-005-7074,WO-10926,2025-12-30,Shift 2,IM-005,M-INJ-005,TF-005-PP-24410,PP,Flip Top,21069,M,315,0,0,8,8,Conforming,Approved,Approved,Approved - First Pass,2026-01-01 07:02:24.180,—,Ana Silva
LOTE-M-INJ-005-7075,WO-10929,2026-01-01,Shift 2,IM-005,M-INJ-005,TF-005-HDPE-24410,HDPE,Flip Top,28307,M,315,0,2,3,5,Conforming,Approved,Approved,Approved - First Pass,2026-01-03 00:11:37.064,—,Beatriz Costa
LOTE-M-INJ-005-7076,WO-10930,2026-01-02,Shift 3,IM-005,M-INJ-005,TF-005-PP-24410,PP,Flip Top,7890,L,200,0,1,2,3,Conforming,Approved,Approved,Approved - First Pass,2026-01-03 14:32:35.164,—,Ana Silva
LOTE-M-INJ-008-7077,WO-10932,2026-01-03,Shift 2,IM-005,M-INJ-008,TF-008-PP-28410,PP,Flip Top,19435,M,315,0,3,5,8,Conforming,Approved,Approved,Approved - First Pass,2026-01-04 17:12:12.009,—,Beatriz Costa
LOTE-M-INJ-008-7078,WO-10935,2026-01-05,Shift 2,IM-005,M-INJ-008,TF-008-HDPE-28410,HDPE,Flip Top,28189,M,315,0,3,9,12,Conforming,Approved,Approved,Approved - First Pass,2026-01-06 15:00:04.064,—,Ana Silva
LOTE-M-INJ-005-7079,WO-10937,2026-01-06,Shift 2,IM-005,M-INJ-005,TF-005-HDPE-24410,HDPE,Flip Top,15015,M,315,0,3,1,4,Conforming,Approved,Approved,Approved - First Pass,2026-01-07 18:08:08.882,—,Ana Silva
LOTE-M-INJ-005-7080,WO-10938,2026-01-07,SHIFT 1,IM-005,M-INJ-005,TF-005-PP-24410,PP,Flip Top,11597,M,315,0,0,1,1,Conforming,Approved,Approved,Approved - First Pass,2026-01-08 17:23:36.018,—,Ana Silva
LOTE-M-INJ-008-7081,WO-10941,2026-01-10,shift 3,IM-005,M-INJ-008,TF-008-HDPE-28410,HDPE,Flip Top,36735,M,315,0,1,8,9,Conforming,Approved,Approved,Approved - First Pass,2026-01-11 02:15:06.090,—,Carlos Mendes
LOTE-M-INJ-008-7082,WO-10944,2026-01-12,Shift 3,IM-005,M-INJ-008,TF-008-PP-PCR-28410,PP-PCR,Flip Top,28007,M,315,0,7,4,11,Conforming,Approved,Approved,Approved - First Pass,2026-01-13 04:03:10.127,—,Diogo Ferreira
LOTE-M-INJ-005-7083,WO-10946,2026-01-13,Shift 1,IM-005,M-INJ-005,TF-005-HDPE-24410,HDPE,Flip Top,14685,M,315,1,1,6,8,Conforming,Rejected,Rejected,Rejected - Scrapped,2026-01-14 00:47:31.523,Sealing:1(Re=1),Beatriz Costa
LOTE-M-INJ-008-7084,WO-10947,2026-01-13,Shift 2,IM-005,M-INJ-008,TF-008-PP-PCR-28410,PP-PCR,Flip Top,7537,L,200,0,1,0,1,Conforming,Approved,Approved,Approved - First Pass,2026-01-15 01:26:44.010,—,Diogo Ferreira
LOTE-M-INJ-008-7085,WO-10950,2026-01-15,Shift 1,IM-005,M-INJ-008,TF-008-HDPE-28410,HDPE,Flip Top,31491,M,315,0,6,3,9,Conforming,Approved,Approved,Approved - First Pass,2026-01-16 07:56:30.376,—,Elena Santos
LOTE-M-INJ-008-7086,WO-10951,2026-01-16,Shift 3,IM-005,M-INJ-008,TF-008-PP-28410,PP,Flip Top,8375,L,200,0,0,3,3,Conforming,Approved,Approved,Approved - First Pass,2026-01-16 23:45:02.148,—,Ana Silva
LOTE-M-INJ-008-7087,WO-10953,2026-01-17,Shift 1,IM-005,M-INJ-008,TF-008-PP-28410,PP,Flip Top,17264,M,315,0,3,0,3,Conforming,Approved,Approved,Approved - First Pass,2026-01-18 14:05:41.855,—,Diogo Ferreira
LOTE-M-INJ-005-7088,WO-10954,2026-01-18,Shift 3,IM-005,M-INJ-005,TF-005-HDPE-24410,HDPE,Flip Top,8661,L,200,0,3,0,3,Conforming,Approved,Approved,Approved - First Pass,2026-01-19 03:26:03.879,—,Elena Santos
LOTE-M-INJ-005-7089,WO-10956,2026-01-19,  Shift 2  ,IM-005,M-INJ-005,TF-005-PP-PCR-24410,PP-PCR,Flip Top,11380,M,315,0,1,3,4,Conforming,Approved,Approved,Approved - First Pass,2026-01-20 12:38:16.751,—,Diogo Ferreira
LOTE-M-INJ-005-7090,WO-10958,2026-01-20,Shift 2,IM-005,M-INJ-005,TF-005-HDPE-24410,HDPE,Flip Top,18058,M,315,0,0,2,2,Conforming,Approved,Approved,Approved - First Pass,2026-01-22 01:38:54.165,—,Diogo Ferreira
LOTE-M-INJ-005-7091,WO-10961,2026-01-22,Shift 2,IM-005,M-INJ-005,TF-005-PP-PCR-24410,PP-PCR,Flip Top,21162,M,315,0,0,7,7,Conforming,Approved,Approved,Approved - First Pass,2026-01-24 02:44:56.766,—,Diogo Ferreira
LOTE-M-INJ-008-7092,WO-10963,2026-01-24,Shift 3,IM-005,M-INJ-008,TF-008-HDPE-28410,HDPE,Flip Top,20093,M,315,0,3,9,12,Conforming,Approved,Approved,Approved - First Pass,2026-01-25 11:11:23.651,—,Elena Santos
LOTE-M-INJ-005-7093,WO-10966,2026-01-26,Shift 3,IM-005,M-INJ-005,TF-005-HDPE-24410,HDPE,Flip Top,23790,M,315,2,0,10,12,Conforming,Rejected,Rejected,Rejected - Scrapped,2026-01-26 20:34:15.982,Sealing:2(Re=1),Diogo Ferreira
LOTE-M-INJ-005-7094,WO-10967,2026-01-26,Shift 2,IM-005,M-INJ-005,TF-005-PP-24410,PP,Flip Top,9586,L,200,0,0,6,6,Conforming,Approved,Approved,Approved - First Pass,2026-01-27 23:48:24.508,—,Carlos Mendes
LOTE-M-INJ-008-7095,WO-10968,2026-01-27,Shift 1,IM-005,M-INJ-008,TF-008-HDPE-28410,HDPE,Flip Top,12013,M,315,0,2,4,6,Conforming,Approved,Approved,Approved - First Pass,2026-01-28 12:20:47.918,—,Elena Santos
LOTE-M-INJ-008-7096,WO-10970,2026-01-28,Shift 2,IM-005,M-INJ-008,TF-008-PP-PCR-28410,PP-PCR,Flip Top,16950,M,315,0,1,6,7,Conforming,Approved,Approved,Approved - First Pass,2026-01-29 17:59:29.769,—,Ana Silva
LOTE-M-INJ-005-7097,WO-10972,2026-01-30,Shift 3,IM-005,M-INJ-005,TF-005-HDPE-24410,HDPE,Flip Top,17772,M,315,0,0,6,6,Conforming,Approved,Approved,Approved - First Pass,2026-01-30 23:57:06.881,—,Elena Santos
LOTE-M-INJ-005-7098,WO-10975,2026-02-01,Shift 3,IM-005,M-INJ-005,TF-005-PP-24410,PP,Flip Top,28432,M,315,0,5,3,8,Conforming,Approved,Approved,Approved - First Pass,2026-02-02 02:12:31.980,—,Carlos Mendes
LOTE-M-INJ-005-7099,WO-10978,2026-02-03,Shift 1,IM-005,M-INJ-005,TF-005-HDPE-24410,HDPE,Flip Top,23291,M,315,0,8,9,17,Conforming,Approved,Approved,Approved - First Pass,2026-02-04 12:30:07.724,—,Elena Santos
LOTE-M-INJ-005-7100,WO-10979,2026-02-03,Shift 3,IM-005,M-INJ-005,TF-005-PP-24410,PP,Flip Top,17206,M,315,0,3,3,6,Conforming,Approved,Approved,Approved - First Pass,2026-02-05 09:49:25.026,—,Diogo Ferreira
LOTE-M-INJ-005-7101,WO-10981,2026-02-05,Shift 1,IM-005,M-INJ-005,TF-005-HDPE-24410,HDPE,Flip Top,19446,M,315,1,0,3,4,Conforming,Rejected,Rejected,Rejected - Scrapped,2026-02-06 16:02:26.911,Thread:1(Re=1),Ana Silva
LOTE-M-INJ-005-7102,WO-10983,2026-02-07,Shift 3,IM-005,M-INJ-005,TF-005-PP-24410,PP,Flip Top,19293,M,315,0,5,5,10,Conforming,Approved,Approved,Approved - First Pass,2026-02-08 06:02:52.751,—,Elena Santos
LOTE-M-INJ-005-7103,WO-10986,2026-02-09,  Shift 1  ,IM-005,M-INJ-005,TF-005-PP-PCR-24410,PP-PCR,Flip Top,30546,M,315,0,2,9,11,Conforming,Approved,Approved,Approved - First Pass,2026-02-10 15:19:24.381,—,Ana Silva
LOTE-M-INJ-005-7104,WO-10988,2026-02-10,Shift 1,IM-005,M-INJ-005,TF-005-PP-24410,PP,Flip Top,18487,M,315,0,7,2,9,Conforming,Approved,Approved,Approved - First Pass,2026-02-11 23:36:06.467,—,Beatriz Costa
LOTE-M-INJ-005-7105,WO-10991,2026-02-12,Shift 1,IM-005,M-INJ-005,TF-005-HDPE-24410,HDPE,Flip Top,26238,M,315,0,5,9,14,Conforming,Approved,Approved,Approved - First Pass,2026-02-13 09:24:07.297,—,Diogo Ferreira
LOTE-M-INJ-008-7106,WO-10994,2026-02-14,Shift 1,IM-005,M-INJ-008,TF-008-HDPE-28410,HDPE,Flip Top,32997,M,315,0,1,6,7,Conforming,Approved,Approved,Approved - First Pass,2026-02-15 06:25:25.465,—,Carlos Mendes
LOTE-M-INJ-005-7107,WO-10996,2026-02-15,Shift 2,IM-005,M-INJ-005,TF-005-HDPE-24410,HDPE,Flip Top,10504,M,315,0,2,5,7,Conforming,Approved,Approved,Approved - First Pass,2026-02-16 17:37:13.076,—,Carlos Mendes
LOTE-M-INJ-005-7108,WO-10999,2026-02-17,Shift 1,IM-005,M-INJ-005,TF-005-HDPE-24410,HDPE,Flip Top,24416,M,315,0,4,9,13,Conforming,Approved,Approved,Approved - First Pass,2026-02-18 20:17:26.667,—,Beatriz Costa
LOTE-M-INJ-005-7109,WO-11002,2026-02-19,Shift 1,IM-005,M-INJ-005,TF-005-HDPE-24410,HDPE,Flip Top,35828,M,315,0,7,3,10,Conforming,Approved,Approved,Approved - First Pass,2026-02-20 19:42:38.296,—,Diogo Ferreira
LOTE-M-INJ-005-7110,WO-11004,2026-02-20,Shift 2,IM-005,M-INJ-005,TF-005-HDPE-24410,HDPE,Flip Top,17786,M,315,0,4,3,7,Conforming,Approved,Approved,Approved - First Pass,2026-02-22 07:46:49.596,—,Carlos Mendes
LOTE-M-INJ-005-7111,WO-11006,2026-02-22,SHIFT 3,IM-005,M-INJ-005,TF-005-PP-24410,PP,Flip Top,21038,M,315,0,5,3,8,Conforming,Approved,Approved,Approved - First Pass,2026-02-22 22:32:34.576,—,Beatriz Costa
LOTE-M-INJ-008-7112,WO-11008,2026-02-23,Shift 2,IM-005,M-INJ-008,TF-008-HDPE-28410,HDPE,Flip Top,19434,M,315,1,2,4,7,Conforming,Rejected,Rejected,Rejected - Scrapped,2026-02-24 15:32:08.992,Thread:1(Re=1),Elena Santos
LOTE-M-INJ-005-7113,WO-11009,2026-02-24,Shift 1,IM-005,M-INJ-005,TF-005-HDPE-24410,HDPE,Flip Top,13828,M,315,0,1,2,3,Conforming,Approved,Approved,Approved - First Pass,2026-02-25 11:29:12.651,—,Elena Santos
LOTE-M-INJ-005-7114,WO-11011,2026-02-25,Shift 2,IM-005,M-INJ-005,TF-005-PP-PCR-24410,PP-PCR,Flip Top,22928,M,315,0,3,4,7,Conforming,Approved,Approved,Approved - First Pass,2026-02-27 08:20:14.954,—,Beatriz Costa
LOTE-M-INJ-005-7115,WO-11012,2026-02-26,Shift 2,IM-005,M-INJ-005,TF-005-HDPE-24410,HDPE,Flip Top,12269,M,315,0,0,4,4,Conforming,Approved,Approved,Approved - First Pass,2026-02-27 16:40:11.746,—,Ana Silva
LOTE-M-INJ-005-7116,WO-11013,2026-02-27,Shift 1,IM-005,M-INJ-005,TF-005-PP-PCR-24410,PP-PCR,Flip Top,13232,M,315,0,1,2,3,Conforming,Approved,Approved,Approved - First Pass,2026-02-28 06:57:02.718,—,Ana Silva
LOTE-M-INJ-008-7117,WO-11016,2026-03-01,Shift 1,IM-005,M-INJ-008,TF-008-HDPE-28410,HDPE,Flip Top,24933,M,315,0,2,1,3,Conforming,Approved,Approved,Approved - First Pass,2026-03-02 09:50:51.726,—,Ana Silva
LOTE-M-INJ-008-7118,WO-11018,2026-03-02,SHIFT 2,IM-005,M-INJ-008,TF-008-PP-PCR-28410,PP-PCR,Flip Top,19916,M,315,1,2,8,11,Conforming,Rejected,Approved,Approved - Released on Deviation,2026-03-03 13:21:05.568,—,Carlos Mendes
LOTE-M-INJ-008-7119,WO-11019,2026-03-03,SHIFT 1,IM-005,M-INJ-008,TF-008-PP-28410,PP,Flip Top,10266,M,315,0,0,2,2,Conforming,Approved,Approved,Approved - First Pass,2026-03-04 13:03:24.791,—,Beatriz Costa
LOTE-M-INJ-005-7120,WO-11020,2026-03-04,Shift 3,IM-005,M-INJ-005,TF-005-HDPE-24410,HDPE,Flip Top,6906,L,200,0,3,4,7,Conforming,Approved,Approved,Approved - First Pass,2026-03-05 10:09:02.552,—,Elena Santos
LOTE-M-INJ-008-7121,WO-11022,2026-03-05,Shift 2,IM-005,M-INJ-008,TF-008-HDPE-28410,HDPE,Flip Top,23003,M,315,0,1,9,10,Conforming,Approved,Approved,Approved - First Pass,2026-03-06 14:17:10.719,—,Carlos Mendes
LOTE-M-INJ-008-7122,WO-11023,2026-03-06,Shift 1,IM-005,M-INJ-008,TF-008-PP-28410,PP,Flip Top,9548,L,200,0,0,1,1,Conforming,Approved,Approved,Approved - First Pass,2026-03-07 03:08:01.281,—,Diogo Ferreira
LOTE-M-INJ-008-7123,WO-11025,2026-03-07,Shift 1,IM-005,M-INJ-008,TF-008-PP-28410,PP,Flip Top,17161,M,315,0,2,1,3,Conforming,Approved,Approved,Approved - First Pass,2026-03-08 09:29:36.241,—,Carlos Mendes
LOTE-M-INJ-005-7124,WO-11028,2026-03-09,Shift 2,IM-005,M-INJ-005,TF-005-PP-PCR-24410,PP-PCR,Flip Top,31623,M,315,0,3,9,12,Conforming,Approved,Approved,Approved - First Pass,2026-03-11 05:51:00.928,—,Carlos Mendes
LOTE-M-INJ-008-7125,WO-11031,2026-03-11,Shift 2,IM-005,M-INJ-008,TF-008-HDPE-28410,HDPE,Flip Top,25777,M,315,0,2,2,4,Conforming,Approved,Approved,Approved - First Pass,2026-03-12 09:42:50.693,—,Ana Silva
LOTE-M-INJ-005-7126,WO-11033,2026-03-12,shift 3,IM-005,M-INJ-005,TF-005-PP-PCR-24410,PP-PCR,Flip Top,19215,M,315,0,2,7,9,Conforming,Approved,Approved,Approved - First Pass,2026-03-13 23:27:45.558,—,Diogo Ferreira
LOTE-M-INJ-008-7127,WO-11036,2026-03-14,Shift 3,IM-005,M-INJ-008,TF-008-PP-PCR-28410,PP-PCR,Flip Top,30198,M,315,1,0,9,10,Conforming,Rejected,Rejected,Rejected - Scrapped,2026-03-16 06:08:59.636,Thread:1(Re=1),Elena Santos
LOTE-M-INJ-005-7128,WO-11038,2026-03-16,Shift 3,IM-005,M-INJ-005,TF-005-PP-PCR-24410,PP-PCR,Flip Top,21508,M,315,0,2,5,7,Conforming,Approved,Approved,Approved - First Pass,2026-03-17 08:19:39.111,—,Ana Silva
LOTE-M-INJ-008-7129,WO-11041,2026-03-18,Shift 3,IM-005,M-INJ-008,TF-008-PP-PCR-28410,PP-PCR,Flip Top,22101,M,315,0,1,7,8,Conforming,Approved,Approved,Approved - First Pass,2026-03-19 04:48:10.380,—,Beatriz Costa
LOTE-M-INJ-005-7130,WO-11042,2026-03-18,Shift 1,IM-005,M-INJ-005,TF-005-PP-PCR-24410,PP-PCR,Flip Top,11171,M,315,1,1,3,5,Conforming,Rejected,Rejected,Rejected - Scrapped,2026-03-19 15:30:39.361,Thread:1(Re=1),Beatriz Costa
LOTE-M-INJ-005-7131,WO-11044,2026-03-20,Shift 3,IM-005,M-INJ-005,TF-005-PP-PCR-24410,PP-PCR,Flip Top,17695,M,315,0,3,4,7,Conforming,Approved,Approved,Approved - First Pass,2026-03-21 08:22:51.254,—,Beatriz Costa
LOTE-M-INJ-005-7132,WO-11045,2026-03-21,Shift 3,IM-005,M-INJ-005,TF-005-PP-PCR-24410,PP-PCR,Flip Top,12394,M,315,0,1,0,1,Conforming,Approved,Approved,Approved - First Pass,2026-03-22 04:33:48.841,—,Diogo Ferreira
LOTE-M-INJ-005-7133,WO-11048,2026-03-23,Shift 1,IM-005,M-INJ-005,TF-005-PP-PCR-24410,PP-PCR,Flip Top,26826,M,315,0,10,9,19,Conforming,Approved,Approved,Approved - First Pass,2026-03-24 10:20:44.076,—,Ana Silva
LOTE-M-INJ-005-7134,WO-11051,2026-03-25,Shift 3,IM-005,M-INJ-005,TF-005-HDPE-24410,HDPE,Flip Top,31773,M,315,0,5,7,12,Conforming,Approved,Approved,Approved - First Pass,2026-03-26 02:51:05.672,—,Carlos Mendes
LOTE-M-INJ-005-7135,WO-11054,2026-03-26,Shift 3,IM-005,M-INJ-005,TF-005-PP-PCR-24410,PP-PCR,Flip Top,32313,M,315,0,0,4,4,Conforming,Approved,Approved,Approved - First Pass,2026-03-28 05:47:42.215,—,Beatriz Costa
LOTE-M-INJ-008-7136,WO-11055,2026-03-27,SHIFT 2,IM-005,M-INJ-008,TF-008-HDPE-28410,HDPE,Flip Top,10357,M,315,0,0,4,4,Conforming,Approved,Approved,Approved - First Pass,2026-03-29 09:51:06.270,—,Ana Silva
LOTE-M-INJ-005-7137,WO-11057,2026-03-29,Shift 1,IM-005,M-INJ-005,TF-005-PP-24410,PP,Flip Top,11460,M,315,1,1,6,8,Conforming,Rejected,Rejected,Rejected - Scrapped,2026-03-30 09:21:36.308,Sealing:1(Re=1),Elena Santos
LOTE-M-INJ-005-7138,WO-11060,2026-03-31,Shift 2,IM-005,M-INJ-005,TF-005-PP-PCR-24410,PP-PCR,Flip Top,33170,M,315,0,5,15,20,Conforming,Approved,Approved,Approved - First Pass,2026-04-01 15:29:24.306,—,Ana Silva
LOTE-M-INJ-005-7139,WO-11063,2026-04-02,Shift 2,IM-005,M-INJ-005,TF-005-PP-24410,PP,Flip Top,28603,M,315,0,3,0,3,Conforming,Approved,Approved,Approved - First Pass,2026-04-03 20:57:00.579,—,Carlos Mendes
LOTE-M-INJ-008-7140,WO-11065,2026-04-04,Shift 1,IM-005,M-INJ-008,TF-008-HDPE-28410,HDPE,Flip Top,14201,M,315,0,1,6,7,Conforming,Approved,Approved,Approved - First Pass,2026-04-05 13:00:21.899,—,Carlos Mendes
LOTE-M-INJ-005-7141,WO-11067,2026-04-05,Shift 2,IM-005,M-INJ-005,TF-005-HDPE-24410,HDPE,Flip Top,15724,M,315,0,1,5,6,Conforming,Approved,Approved,Approved - First Pass,2026-04-06 19:15:34.118,—,Beatriz Costa
LOTE-M-INJ-008-7142,WO-11068,2026-04-06,Shift 3,IM-005,M-INJ-008,TF-008-HDPE-28410,HDPE,Flip Top,6992,L,200,0,2,3,5,Conforming,Approved,Approved,Approved - First Pass,2026-04-07 09:36:49.665,—,Diogo Ferreira
LOTE-M-INJ-005-7143,WO-11071,2026-04-08,Shift 3,IM-005,M-INJ-005,TF-005-PP-24410,PP,Flip Top,35754,M,315,0,5,3,8,Conforming,Approved,Approved,Approved - First Pass,2026-04-09 05:41:38.283,—,Ana Silva
LOTE-M-INJ-008-7144,WO-11072,2026-04-08,Shift 2,IM-005,M-INJ-008,TF-008-HDPE-28410,HDPE,Flip Top,11408,M,315,0,0,6,6,Conforming,Approved,Approved,Approved - First Pass,2026-04-10 04:48:25.115,—,Beatriz Costa
LOTE-M-INJ-008-7145,WO-11074,2026-04-10,Shift 3,IM-005,M-INJ-008,TF-008-HDPE-28410,HDPE,Flip Top,17182,M,315,0,2,8,10,Conforming,Approved,Approved,Approved - First Pass,2026-04-11 09:40:28.697,—,Carlos Mendes
LOTE-M-INJ-005-7146,WO-11076,2026-04-11,SHIFT 1,IM-005,M-INJ-005,TF-005-PP-PCR-24410,PP-PCR,Flip Top,24484,M,315,0,0,8,8,Conforming,Approved,Approved,Approved - First Pass,2026-04-12 07:49:27.992,—,Ana Silva
LOTE-M-INJ-008-7147,WO-11077,2026-04-12,Shift 1,IM-005,M-INJ-008,TF-008-PP-PCR-28410,PP-PCR,Flip Top,7067,L,200,0,0,0,0,Conforming,Approved,Approved,Approved - First Pass,2026-04-13 10:23:24.266,—,Carlos Mendes
LOTE-M-INJ-005-7148,WO-11079,2026-04-13,Shift 2,IM-005,M-INJ-005,TF-005-HDPE-24410,HDPE,Flip Top,24510,M,315,1,1,10,12,Conforming,Rejected,Approved,Approved - Released on Deviation,2026-04-14 23:55:53.703,—,Diogo Ferreira
LOTE-M-INJ-008-7149,WO-11082,2026-04-16,Shift 3,IM-005,M-INJ-008,TF-008-HDPE-28410,HDPE,Flip Top,26885,M,315,0,0,9,9,Conforming,Approved,Approved,Approved - First Pass,2026-04-16 22:07:14.031,—,Carlos Mendes
LOTE-M-INJ-008-7150,WO-11083,2026-04-16,shift 1,IM-005,M-INJ-008,TF-008-PP-28410,PP,Flip Top,7283,L,200,0,2,1,3,Conforming,Approved,Approved,Approved - First Pass,2026-04-17 14:40:30.066,—,Elena Santos
LOTE-M-INJ-005-7151,WO-11084,2026-04-17,Shift 1,IM-005,M-INJ-005,TF-005-HDPE-24410,HDPE,Flip Top,12208,M,315,0,1,0,1,Conforming,Approved,Approved,Approved - First Pass,2026-04-18 09:56:47.571,—,Ana Silva
LOTE-M-INJ-008-7152,WO-11087,2026-04-19,Shift 1,IM-005,M-INJ-008,TF-008-HDPE-28410,HDPE,Flip Top,25333,M,315,0,0,7,7,Conforming,Approved,Approved,Approved - First Pass,2026-04-20 06:50:51.559,—,Diogo Ferreira
LOTE-M-INJ-008-7153,WO-11089,2026-04-20,Shift 1,IM-005,M-INJ-008,TF-008-PP-28410,PP,Flip Top,16158,M,315,0,0,6,6,Conforming,Approved,Approved,Approved - First Pass,2026-04-21 10:01:29.851,—,Carlos Mendes
LOTE-M-INJ-008-7154,WO-11091,2026-04-21,Shift 2,IM-005,M-INJ-008,TF-008-HDPE-28410,HDPE,Flip Top,21933,M,315,2,4,5,11,Conforming,Rejected,Rejected,Rejected - Scrapped,2026-04-22 18:28:43.377,Thread:1(Re=1),Diogo Ferreira
LOTE-M-INJ-005-7155,WO-11093,2026-04-22,Shift 3,IM-005,M-INJ-005,TF-005-HDPE-24410,HDPE,Flip Top,20901,M,315,0,1,4,5,Conforming,Approved,Approved,Approved - First Pass,2026-04-23 15:29:58.353,—,Ana Silva
LOTE-M-INJ-008-7156,WO-11096,2026-04-25,Shift 3,IM-005,M-INJ-008,TF-008-HDPE-28410,HDPE,Flip Top,26868,M,315,0,4,6,10,Conforming,Approved,Approved,Approved - First Pass,2026-04-25 15:42:51.343,—,Carlos Mendes
LOTE-M-INJ-005-7157,WO-11098,2026-04-26,Shift 3,IM-005,M-INJ-005,TF-005-PP-24410,PP,Flip Top,20054,M,315,0,3,5,8,Conforming,Approved,Approved,Approved - First Pass,2026-04-26 23:21:28.705,—,Diogo Ferreira
LOTE-M-INJ-008-7158,WO-11099,2026-04-26,shift 2,IM-005,M-INJ-008,TF-008-PP-PCR-28410,PP-PCR,Flip Top,3983,L,200,0,0,2,2,Conforming,Approved,Approved,Approved - First Pass,2026-04-27 19:30:36.518,—,Diogo Ferreira
LOTE-M-INJ-005-7159,WO-11101,2026-04-28,Shift 1,IM-005,M-INJ-005,TF-005-PP-PCR-24410,PP-PCR,Flip Top,17239,M,315,0,0,1,1,Conforming,Approved,Approved,Approved - First Pass,2026-04-29 02:37:42.378,—,Diogo Ferreira
LOTE-M-INJ-008-7160,WO-11104,2026-04-30,Shift 3,IM-005,M-INJ-008,TF-008-PP-PCR-28410,PP-PCR,Flip Top,28095,M,315,0,5,0,5,Conforming,Approved,Approved,Approved - First Pass,2026-05-01 12:14:02.128,—,Beatriz Costa
LOTE-M-INJ-005-7161,WO-11107,2026-05-02,Shift 2,IM-005,M-INJ-005,TF-005-PP-24410,PP,Flip Top,23100,M,315,1,4,10,15,Conforming,Rejected,Rejected,Rejected - Scrapped,2026-05-03 18:49:13.849,Sealing:1(Re=1),Elena Santos
LOTE-M-INJ-008-7162,WO-11110,2026-05-05,Shift 3,IM-005,M-INJ-008,TF-008-PP-28410,PP,Flip Top,42950,M,315,0,4,12,16,Conforming,Approved,Approved,Approved - First Pass,2026-05-06 00:18:52.288,—,Beatriz Costa
LOTE-M-INJ-008-7163,WO-11112,2026-05-06,Shift 2,IM-005,M-INJ-008,TF-008-HDPE-28410,HDPE,Flip Top,22564,M,315,0,5,8,13,Conforming,Approved,Approved,Approved - First Pass,2026-05-07 20:33:12.837,—,Beatriz Costa
LOTE-M-INJ-005-7164,WO-11115,2026-05-08,shift 1,IM-005,M-INJ-005,TF-005-PP-24410,PP,Flip Top,27958,M,315,0,5,9,14,Conforming,Approved,Approved,Approved - First Pass,2026-05-09 19:04:30.768,—,Diogo Ferreira
LOTE-M-INJ-008-7165,WO-11116,2026-05-09,Shift 1,IM-005,M-INJ-008,TF-008-HDPE-28410,HDPE,Flip Top,6853,L,200,0,0,1,1,Conforming,Approved,Approved,Approved - First Pass,2026-05-10 06:20:38.368,—,Carlos Mendes
LOTE-M-INJ-005-7166,WO-11117,2026-05-09,Shift 2,IM-005,M-INJ-005,TF-005-HDPE-24410,HDPE,Flip Top,12432,M,315,0,0,2,2,Conforming,Approved,Approved,Approved - First Pass,2026-05-11 02:00:10.134,—,Carlos Mendes
LOTE-M-INJ-008-7167,WO-11120,2026-05-12,Shift 3,IM-005,M-INJ-008,TF-008-PP-PCR-28410,PP-PCR,Flip Top,24189,M,315,0,0,3,3,Conforming,Approved,Approved,Approved - First Pass,2026-05-12 23:55:31.238,—,Ana Silva
LOTE-M-INJ-008-7168,WO-11122,2026-05-13,Shift 3,IM-005,M-INJ-008,TF-008-HDPE-28410,HDPE,Flip Top,17186,M,315,0,0,4,4,Conforming,Approved,Approved,Approved - First Pass,2026-05-14 04:57:16.725,—,Elena Santos
LOTE-M-INJ-008-7169,WO-11123,2026-05-13,Shift 1,IM-005,M-INJ-008,TF-008-HDPE-28410,HDPE,Flip Top,3500,L,200,0,0,5,5,Conforming,Approved,Approved,Approved - First Pass,2026-05-14 15:27:36.941,—,Diogo Ferreira
LOTE-M-INJ-005-7170,WO-11124,2026-05-14,Shift 3,IM-005,M-INJ-005,TF-005-HDPE-24410,HDPE,Flip Top,4903,L,200,0,1,2,3,Conforming,Approved,Approved,Approved - First Pass,2026-05-15 09:16:27.690,—,Elena Santos
LOTE-M-INJ-005-7171,WO-11126,2026-05-15,Shift 2,IM-005,M-INJ-005,TF-005-PP-24410,PP,Flip Top,17748,M,315,0,5,0,5,Conforming,Approved,Approved,Approved - First Pass,2026-05-16 10:49:07.596,—,Beatriz Costa
LOTE-M-INJ-008-7172,WO-11128,2026-05-17,shift 1,IM-005,M-INJ-008,TF-008-HDPE-28410,HDPE,Flip Top,19821,M,315,0,5,3,8,Conforming,Approved,Approved,Approved - First Pass,2026-05-18 01:01:40.003,—,Beatriz Costa
LOTE-M-INJ-008-7173,WO-11131,2026-05-18,SHIFT 3,IM-005,M-INJ-008,TF-008-PP-PCR-28410,PP-PCR,Flip Top,24566,M,315,0,3,5,8,Conforming,Approved,Approved,Approved - First Pass,2026-05-19 23:26:26.819,—,Carlos Mendes
LOTE-M-INJ-008-7174,WO-11134,2026-05-20,Shift 2,IM-005,M-INJ-008,TF-008-PP-28410,PP,Flip Top,29508,M,315,0,3,12,15,Conforming,Approved,Approved,Approved - First Pass,2026-05-22 06:17:55.495,—,Diogo Ferreira
LOTE-M-INJ-005-7175,WO-11136,2026-05-22,Shift 1,IM-005,M-INJ-005,TF-005-PP-PCR-24410,PP-PCR,Flip Top,24903,M,315,0,0,3,3,Conforming,Approved,Approved,Approved - First Pass,2026-05-23 14:35:45.660,—,Diogo Ferreira
LOTE-M-INJ-005-7176,WO-11138,2026-05-23,shift 1,IM-005,M-INJ-005,TF-005-PP-PCR-24410,PP-PCR,Flip Top,21753,M,315,0,1,6,7,Conforming,Approved,Approved,Approved - First Pass,2026-05-24 21:23:58.923,—,Elena Santos
LOTE-M-INJ-008-7177,WO-11140,2026-05-25,Shift 3,IM-005,M-INJ-008,TF-008-PP-28410,PP,Flip Top,24816,M,315,0,1,6,7,Conforming,Approved,Approved,Approved - First Pass,2026-05-26 17:19:05.745,—,Diogo Ferreira
LOTE-M-INJ-005-7178,WO-11141,2026-05-25,Shift 3,IM-005,M-INJ-005,TF-005-PP-PCR-24410,PP-PCR,Flip Top,9015,L,200,1,1,5,7,Conforming,Rejected,Rejected,Rejected - Scrapped,2026-05-26 18:50:56.360,Sealing:1(Re=1),Elena Santos
LOTE-M-INJ-008-7179,WO-11142,2026-05-26,Shift 2,IM-005,M-INJ-008,TF-008-PP-PCR-28410,PP-PCR,Flip Top,5583,L,200,1,1,4,6,Conforming,Rejected,Approved,Approved - Released on Deviation,2026-05-27 06:18:00.128,—,Diogo Ferreira
LOTE-M-INJ-005-7180,WO-11144,2026-05-27,  Shift 2  ,IM-005,M-INJ-005,TF-005-HDPE-24410,HDPE,Flip Top,26026,M,315,0,1,4,5,Conforming,Approved,Approved,Approved - First Pass,2026-05-29 03:28:22.985,—,Ana Silva
LOTE-M-INJ-005-7181,WO-11147,2026-05-29,Shift 3,IM-005,M-INJ-005,TF-005-PP-24410,PP,Flip Top,24173,M,315,0,8,6,14,Conforming,Approved,Approved,Approved - First Pass,2026-05-31 15:23:04.937,—,Diogo Ferreira
LOTE-M-INJ-008-7182,WO-11150,2026-06-01,Shift 1,IM-005,M-INJ-008,TF-008-HDPE-28410,HDPE,Flip Top,37305,M,315,0,0,8,8,Conforming,Approved,Approved,Approved - First Pass,2026-06-02 09:56:08.514,—,Diogo Ferreira
LOTE-M-INJ-008-7183,WO-11152,2026-06-02,Shift 2,IM-005,M-INJ-008,TF-008-HDPE-28410,HDPE,Flip Top,16280,M,315,1,0,2,3,Conforming,Rejected,Rejected,Rejected - Scrapped,2026-06-03 23:00:00.038,Sealing:1(Re=1),Elena Santos
LOTE-M-INJ-005-7184,WO-11155,2026-06-04,Shift 2,IM-005,M-INJ-005,TF-005-HDPE-24410,HDPE,Flip Top,25886,M,315,1,5,16,22,Conforming,Rejected,Rejected,Rejected - Scrapped,2026-06-05 19:45:25.853,Thread:1(Re=1),Carlos Mendes
LOTE-M-INJ-005-7185,WO-11157,2026-06-06,Shift 1,IM-005,M-INJ-005,TF-005-PP-PCR-24410,PP-PCR,Flip Top,9840,L,200,0,1,1,2,Conforming,Approved,Approved,Approved - First Pass,2026-06-07 05:09:16.519,—,Elena Santos
LOTE-M-INJ-008-7186,WO-11159,2026-06-07,Shift 1,IM-005,M-INJ-008,TF-008-HDPE-28410,HDPE,Flip Top,12549,M,315,0,3,4,7,Conforming,Approved,Approved,Approved - First Pass,2026-06-08 07:44:46.655,—,Beatriz Costa
LOTE-M-INJ-008-7187,WO-11162,2026-06-09,  Shift 3  ,IM-005,M-INJ-008,TF-008-PP-28410,PP,Flip Top,29833,M,315,1,4,11,16,Conforming,Rejected,Rejected,Rejected - Scrapped,2026-06-10 16:00:20.220,Sealing:1(Re=1),Diogo Ferreira
LOTE-M-INJ-008-7188,WO-11165,2026-06-11,Shift 1,IM-005,M-INJ-008,TF-008-PP-28410,PP,Flip Top,29235,M,315,0,4,12,16,Conforming,Approved,Approved,Approved - First Pass,2026-06-12 12:42:59.619,—,Diogo Ferreira
LOTE-M-INJ-008-7189,WO-11167,2026-06-12,Shift 1,IM-005,M-INJ-008,TF-008-PP-28410,PP,Flip Top,23350,M,315,0,2,4,6,Conforming,Approved,Approved,Approved - First Pass,2026-06-13 09:27:25.076,—,Elena Santos
LOTE-M-INJ-005-7190,WO-11168,2026-06-13,SHIFT 3,IM-005,M-INJ-005,TF-005-PP-24410,PP,Flip Top,7782,L,200,0,1,3,4,Conforming,Approved,Approved,Approved - First Pass,2026-06-14 21:16:43.085,—,Beatriz Costa
LOTE-M-INJ-008-7191,WO-11171,2026-06-15,Shift 2,IM-005,M-INJ-008,TF-008-HDPE-28410,HDPE,Flip Top,19094,M,315,0,2,4,6,Conforming,Approved,Approved,Approved - First Pass,2026-06-16 17:52:11.665,—,Carlos Mendes
LOTE-M-INJ-008-7192,WO-11174,2026-06-17,Shift 1,IM-005,M-INJ-008,TF-008-PP-28410,PP,Flip Top,30399,M,315,1,3,1,5,Conforming,Rejected,Approved,Approved - Released on Deviation,2026-06-18 03:52:45.306,—,Diogo Ferreira
LOTE-M-INJ-005-7193,WO-11175,2026-06-17,Shift 3,IM-005,M-INJ-005,TF-005-PP-PCR-24410,PP-PCR,Flip Top,6652,L,200,0,2,0,2,Conforming,Approved,Approved,Approved - First Pass,2026-06-18 23:57:45.033,—,Ana Silva
LOTE-M-INJ-005-7194,WO-11177,2026-06-19,Shift 3,IM-005,M-INJ-005,TF-005-PP-24410,PP,Flip Top,22527,M,315,2,1,4,7,Conforming,Rejected,Approved,Approved - Released on Deviation,2026-06-20 12:46:28.977,—,Carlos Mendes
LOTE-M-INJ-008-7195,WO-11180,2026-06-21,Shift 1,IM-005,M-INJ-008,TF-008-HDPE-28410,HDPE,Flip Top,28171,M,315,0,1,2,3,Conforming,Approved,Approved,Approved - First Pass,2026-06-22 12:24:50.842,—,Elena Santos
LOTE-M-INJ-005-7196,WO-11183,2026-06-23,Shift 3,IM-005,M-INJ-005,TF-005-HDPE-24410,HDPE,Flip Top,31939,M,315,0,1,6,7,Conforming,Approved,Approved,Approved - First Pass,2026-06-24 04:56:39.539,—,Carlos Mendes
LOTE-M-INJ-005-7197,WO-11186,2026-06-25,Shift 2,IM-005,M-INJ-005,TF-005-HDPE-24410,HDPE,Flip Top,29581,M,315,0,1,11,12,Conforming,Approved,Approved,Approved - First Pass,2026-06-26 23:44:18.621,—,Elena Santos
LOTE-M-INJ-005-7198,WO-11187,2026-06-26,Shift 3,IM-005,M-INJ-005,TF-005-PP-24410,PP,Flip Top,8682,L,200,0,0,1,1,Conforming,Approved,Approved,Approved - First Pass,2026-06-27 05:51:59.333,—,Beatriz Costa
LOTE-M-INJ-005-7199,WO-11189,2026-06-27,Shift 2,IM-005,M-INJ-005,TF-005-PP-24410,PP,Flip Top,16080,M,315,0,6,10,16,Conforming,Approved,Approved,Approved - First Pass,2026-06-29 05:00:21.914,—,Beatriz Costa
LOTE-M-INJ-008-7200,WO-11190,2026-06-28,Shift 1,IM-005,M-INJ-008,TF-008-HDPE-28410,HDPE,Flip Top,10547,M,315,0,1,5,6,Conforming,Approved,Approved,Approved - First Pass,2026-06-29 10:02:55.136,—,Elena Santos
LOTE-M-INJ-005-7201,WO-11193,2026-06-30,Shift 2,IM-005,M-INJ-005,TF-005-PP-PCR-24410,PP-PCR,Flip Top,29272,M,315,0,3,5,8,Conforming,Approved,Approved,Approved - First Pass,2026-07-01 09:44:13.955,—,Diogo Ferreira
LOTE-M-INJ-008-7202,WO-11194,2026-07-01,Shift 1,IM-005,M-INJ-008,TF-008-PP-28410,PP,Flip Top,5689,L,200,0,0,1,1,Conforming,Approved,Approved,Approved - First Pass,2026-07-02 06:17:16.774,—,Carlos Mendes
LOTE-M-INJ-008-7203,WO-11196,2026-07-02,Shift 2,IM-005,M-INJ-008,TF-008-PP-28410,PP,Flip Top,12879,M,315,0,3,2,5,Conforming,Approved,Approved,Approved - First Pass,2026-07-03 22:51:07.174,—,Ana Silva
LOTE-M-INJ-005-7204,WO-11198,2026-07-04,Shift 3,IM-005,M-INJ-005,TF-005-HDPE-24410,HDPE,Flip Top,18592,M,315,0,0,7,7,Conforming,Approved,Approved,Approved - First Pass,2026-07-05 11:07:42.083,—,Elena Santos
LOTE-M-INJ-005-7205,WO-11200,2026-07-05,Shift 3,IM-005,M-INJ-005,TF-005-PP-PCR-24410,PP-PCR,Flip Top,17887,M,315,0,0,8,8,Conforming,Approved,Approved,Approved - First Pass,2026-07-06 05:14:03.849,—,Diogo Ferreira
LOTE-M-INJ-005-7206,WO-11203,2026-07-06,Shift 3,IM-005,M-INJ-005,TF-005-HDPE-24410,HDPE,Flip Top,31105,M,315,0,1,8,9,Conforming,Approved,Approved,Approved - First Pass,2026-07-07 21:13:35.477,—,Carlos Mendes
LOTE-M-INJ-008-7207,WO-11204,2026-07-07,Shift 2,IM-005,M-INJ-008,TF-008-PP-PCR-28410,PP-PCR,Flip Top,8527,L,200,0,0,3,3,Conforming,Approved,Approved,Approved - First Pass,2026-07-08 20:32:47.257,—,Beatriz Costa
LOTE-M-INJ-008-7208,WO-11206,2026-07-08,Shift 1,IM-005,M-INJ-008,TF-008-PP-PCR-28410,PP-PCR,Flip Top,10905,M,315,0,1,2,3,Conforming,Approved,Approved,Approved - First Pass,2026-07-09 22:57:35.693,—,Elena Santos
LOTE-M-INJ-005-7209,WO-11209,2026-07-11,Shift 3,IM-005,M-INJ-005,TF-005-HDPE-24410,HDPE,Flip Top,31174,M,315,0,1,9,10,Conforming,Approved,Approved,Approved - First Pass,2026-07-12 07:08:22.667,—,Carlos Mendes
LOTE-M-INJ-008-7210,WO-11212,2026-07-13,Shift 3,IM-005,M-INJ-008,TF-008-PP-PCR-28410,PP-PCR,Flip Top,35370,M,315,0,1,7,8,Conforming,Approved,Approved,Approved - First Pass,2026-07-14 09:38:23.879,—,Beatriz Costa
LOTE-M-INJ-008-7211,WO-11213,2026-07-13,Shift 2,IM-005,M-INJ-008,TF-008-PP-28410,PP,Flip Top,17924,M,315,0,0,2,2,Conforming,Approved,Approved,Approved - First Pass,2026-07-15 11:17:06.242,—,Beatriz Costa
LOTE-M-INJ-005-7212,WO-11216,2026-07-15,Shift 1,IM-005,M-INJ-005,TF-005-PP-24410,PP,Flip Top,19563,M,315,0,0,7,7,Conforming,Approved,Approved,Approved - First Pass,2026-07-16 19:26:02.328,—,Ana Silva
LOTE-M-INJ-008-7213,WO-11219,2026-07-17,Shift 2,IM-005,M-INJ-008,TF-008-PP-PCR-28410,PP-PCR,Flip Top,24346,M,315,0,2,8,10,Conforming,Approved,Approved,Approved - First Pass,2026-07-18 20:44:14.150,—,Carlos Mendes
LOTE-M-INJ-008-7214,WO-11222,2026-07-19,SHIFT 1,IM-005,M-INJ-008,TF-008-PP-PCR-28410,PP-PCR,Flip Top,29789,M,315,0,7,5,12,Conforming,Approved,Approved,Approved - First Pass,2026-07-20 16:03:51.406,—,Carlos Mendes
LOTE-M-INJ-005-7215,WO-11225,2026-07-21,  Shift 3  ,IM-005,M-INJ-005,TF-005-PP-24410,PP,Flip Top,26295,M,315,0,6,2,8,Conforming,Approved,Approved,Approved - First Pass,2026-07-22 09:27:58.500,—,Carlos Mendes
LOTE-M-INJ-005-7216,WO-11227,2026-07-22,Shift 1,IM-005,M-INJ-005,TF-005-HDPE-24410,HDPE,Flip Top,15862,M,315,0,0,3,3,Conforming,Approved,Approved,Approved - First Pass,2026-07-22 21:08:18.425,—,Diogo Ferreira
LOTE-M-INJ-008-7217,WO-11229,2026-07-23,Shift 3,IM-005,M-INJ-008,TF-008-PP-28410,PP,Flip Top,15990,M,315,1,2,1,4,Conforming,Rejected,Rejected,Rejected - Scrapped,2026-07-24 08:17:23.438,Thread:1(Re=1),Ana Silva
LOTE-M-INJ-005-7218,WO-11232,2026-07-25,Shift 1,IM-005,M-INJ-005,TF-005-HDPE-24410,HDPE,Flip Top,29628,M,315,0,1,13,14,Conforming,Approved,Approved,Approved - First Pass,2026-07-26 11:51:07.707,—,Elena Santos
LOTE-M-INJ-008-7219,WO-11233,2026-07-25,Shift 3,IM-005,M-INJ-008,TF-008-PP-PCR-28410,PP-PCR,Flip Top,5915,L,200,0,2,0,2,Conforming,Approved,Approved,Approved - First Pass,2026-07-26 16:00:03.113,—,Ana Silva
LOTE-M-INJ-008-7220,WO-11234,2026-07-26,Shift 1,IM-005,M-INJ-008,TF-008-HDPE-28410,HDPE,Flip Top,15632,M,315,0,2,0,2,Conforming,Approved,Approved,Approved - First Pass,2026-07-27 20:26:14.376,—,Beatriz Costa
LOTE-M-INJ-008-7221,WO-11235,2026-07-27,Shift 1,IM-005,M-INJ-008,TF-008-HDPE-28410,HDPE,Flip Top,12546,M,315,0,2,3,5,Conforming,Approved,Approved,Approved - First Pass,2026-07-28 13:44:30.719,—,Carlos Mendes
LOTE-M-INJ-008-7222,WO-11237,2026-07-29,Shift 3,IM-005,M-INJ-008,TF-008-HDPE-28410,HDPE,Flip Top,19302,M,315,0,2,6,8,Conforming,Approved,Approved,Approved - First Pass,2026-07-29 20:37:56.145,—,Elena Santos
LOTE-M-INJ-005-7223,WO-11239,2026-07-30,Shift 3,IM-005,M-INJ-005,TF-005-PP-PCR-24410,PP-PCR,Flip Top,22254,M,315,0,2,5,7,Conforming,Approved,Approved,Approved - First Pass,2026-07-31 01:15:06.651,—,Elena Santos
LOTE-M-INJ-008-7224,WO-11240,2026-07-30,Shift 3,IM-005,M-INJ-008,TF-008-PP-PCR-28410,PP-PCR,Flip Top,3374,L,200,0,0,0,0,Conforming,Approved,Approved,Approved - First Pass,2026-07-31 15:17:49.391,—,Elena Santos
LOTE-M-INJ-008-7225,WO-11241,2026-07-31,Shift 1,IM-005,M-INJ-008,TF-008-HDPE-28410,HDPE,Flip Top,9595,L,200,0,0,2,2,Conforming,Approved,Approved,Approved - First Pass,2026-08-02 00:24:38.940,—,Diogo Ferreira
LOTE-M-INJ-008-7226,WO-11243,2026-08-01,Shift 3,IM-005,M-INJ-008,TF-008-PP-28410,PP,Flip Top,19096,M,315,0,0,4,4,Conforming,Approved,Approved,Approved - First Pass,2026-08-03 05:40:04.370,—,Carlos Mendes
LOTE-M-INJ-008-7227,WO-11244,2026-08-02,Shift 1,IM-005,M-INJ-008,TF-008-PP-PCR-28410,PP-PCR,Flip Top,9413,L,200,0,0,0,0,Conforming,Approved,Approved,Approved - First Pass,2026-08-03 15:16:26.409,—,Elena Santos
LOTE-M-INJ-005-7228,WO-11247,2026-08-04,  Shift 2  ,IM-005,M-INJ-005,TF-005-PP-24410,PP,Flip Top,32725,M,315,0,5,5,10,Conforming,Approved,Approved,Approved - First Pass,2026-08-05 15:21:17.277,—,Beatriz Costa
LOTE-M-INJ-005-7229,WO-11249,2026-08-05,Shift 2,IM-005,M-INJ-005,TF-005-PP-PCR-24410,PP-PCR,Flip Top,18810,M,315,0,6,9,15,Conforming,Approved,Approved,Approved - First Pass,2026-08-07 05:10:28.409,—,Beatriz Costa
LOTE-M-INJ-008-7230,WO-11252,2026-08-07,Shift 2,IM-005,M-INJ-008,TF-008-HDPE-28410,HDPE,Flip Top,28666,M,315,0,0,2,2,Conforming,Approved,Approved,Approved - First Pass,2026-08-09 08:48:39.948,—,Ana Silva
LOTE-M-INJ-008-7231,WO-11254,2026-08-09,Shift 3,IM-005,M-INJ-008,TF-008-PP-28410,PP,Flip Top,19686,M,315,0,0,7,7,Conforming,Approved,Approved,Approved - First Pass,2026-08-10 01:03:31.658,—,Diogo Ferreira
LOTE-M-INJ-008-7232,WO-11256,2026-08-10,Shift 1,IM-005,M-INJ-008,TF-008-PP-PCR-28410,PP-PCR,Flip Top,23246,M,315,1,2,5,8,Conforming,Rejected,Rejected,Rejected - Scrapped,2026-08-11 16:00:18.980,Sealing:1(Re=1),Beatriz Costa
LOTE-M-INJ-005-7233,WO-11259,2026-08-12,Shift 2,IM-005,M-INJ-005,TF-005-PP-PCR-24410,PP-PCR,Flip Top,36596,M,315,0,7,10,17,Conforming,Approved,Approved,Approved - First Pass,2026-08-14 04:33:10.758,—,Carlos Mendes
LOTE-M-INJ-005-7234,WO-11260,2026-08-13,Shift 1,IM-005,M-INJ-005,TF-005-PP-PCR-24410,PP-PCR,Flip Top,7467,L,200,0,0,1,1,Conforming,Approved,Approved,Approved - First Pass,2026-08-14 01:59:06.319,—,Diogo Ferreira
LOTE-M-INJ-008-7235,WO-11263,2026-08-15,Shift 3,IM-005,M-INJ-008,TF-008-HDPE-28410,HDPE,Flip Top,24909,M,315,1,3,8,12,Conforming,Rejected,Approved,Approved - Released on Deviation,2026-08-16 04:56:05.494,—,Carlos Mendes
LOTE-M-INJ-008-7236,WO-11265,2026-08-16,Shift 2,IM-005,M-INJ-008,TF-008-PP-PCR-28410,PP-PCR,Flip Top,11666,M,315,1,2,1,4,Conforming,Rejected,Approved,Approved - Released on Deviation,2026-08-17 21:51:32.062,—,Beatriz Costa
LOTE-M-INJ-008-7237,WO-11266,2026-08-17,Shift 3,IM-005,M-INJ-008,TF-008-HDPE-28410,HDPE,Flip Top,10201,M,315,0,0,2,2,Conforming,Approved,Approved,Approved - First Pass,2026-08-18 05:09:26.123,—,Carlos Mendes
LOTE-M-INJ-008-7238,WO-11267,2026-08-17,Shift 2,IM-005,M-INJ-008,TF-008-PP-28410,PP,Flip Top,9726,L,200,0,0,4,4,Conforming,Approved,Approved,Approved - First Pass,2026-08-18 21:39:57.416,—,Diogo Ferreira
LOTE-M-INJ-008-7239,WO-11268,2026-08-18,Shift 1,IM-005,M-INJ-008,TF-008-PP-PCR-28410,PP-PCR,Flip Top,10214,M,315,0,0,4,4,Conforming,Approved,Approved,Approved - First Pass,2026-08-19 07:23:21.512,—,Ana Silva
LOTE-M-INJ-008-7240,WO-11271,2026-08-20,shift 1,IM-005,M-INJ-008,TF-008-PP-28410,PP,Flip Top,32252,M,315,0,0,12,12,Conforming,Approved,Approved,Approved - First Pass,2026-08-21 14:52:02.063,—,Beatriz Costa
LOTE-M-INJ-008-7241,WO-11272,2026-08-21,Shift 3,IM-005,M-INJ-008,TF-008-HDPE-28410,HDPE,Flip Top,6436,L,200,0,0,0,0,Conforming,Approved,Approved,Approved - First Pass,2026-08-21 16:55:03.530,—,Ana Silva
LOTE-M-INJ-008-7242,WO-11273,2026-08-21,Shift 2,IM-005,M-INJ-008,TF-008-PP-PCR-28410,PP-PCR,Flip Top,7310,L,200,0,0,0,0,Conforming,Approved,Approved,Approved - First Pass,2026-08-23 01:17:01.109,—,Diogo Ferreira
LOTE-M-INJ-005-7243,WO-11274,2026-08-22,SHIFT 1,IM-005,M-INJ-005,TF-005-PP-24410,PP,Flip Top,4330,L,200,0,0,1,1,Conforming,Approved,Approved,Approved - First Pass,2026-08-23 01:50:25.295,—,Carlos Mendes
LOTE-M-INJ-008-7244,WO-11275,2026-08-22,Shift 2,IM-005,M-INJ-008,TF-008-PP-28410,PP,Flip Top,7018,L,200,0,0,0,0,Conforming,Approved,Approved,Approved - First Pass,2026-08-23 21:07:24.934,—,Ana Silva
LOTE-M-INJ-008-7245,WO-11277,2026-08-24,Shift 1,IM-005,M-INJ-008,TF-008-HDPE-28410,HDPE,Flip Top,19065,M,315,0,4,1,5,Conforming,Approved,Approved,Approved - First Pass,2026-08-25 16:24:14.973,—,Diogo Ferreira
LOTE-M-INJ-005-7246,WO-11280,2026-08-26,Shift 1,IM-005,M-INJ-005,TF-005-PP-PCR-24410,PP-PCR,Flip Top,28389,M,315,0,1,3,4,Conforming,Approved,Approved,Approved - First Pass,2026-08-27 10:57:09.632,—,Ana Silva
LOTE-M-INJ-008-7247,WO-11281,2026-08-26,Shift 2,IM-005,M-INJ-008,TF-008-PP-28410,PP,Flip Top,8805,L,200,0,0,2,2,Conforming,Approved,Approved,Approved - First Pass,2026-08-27 18:15:47.725,—,Carlos Mendes
LOTE-M-INJ-008-7248,WO-11282,2026-08-27,Shift 2,IM-005,M-INJ-008,TF-008-PP-28410,PP,Flip Top,13037,M,315,0,0,3,3,Conforming,Approved,Approved,Approved - First Pass,2026-08-28 22:59:21.473,—,Ana Silva
LOTE-M-INJ-008-7249,WO-11285,2026-08-29,Shift 3,IM-005,M-INJ-008,TF-008-PP-PCR-28410,PP-PCR,Flip Top,23346,M,315,0,0,2,2,Conforming,Approved,Approved,Approved - First Pass,2026-08-30 02:03:26.707,—,Diogo Ferreira
LOTE-M-INJ-008-7250,WO-11287,2026-08-30,Shift 1,IM-005,M-INJ-008,TF-008-HDPE-28410,HDPE,Flip Top,25959,M,315,0,0,2,2,Conforming,Approved,Approved,Approved - First Pass,2026-08-31 15:51:35.084,—,Elena Santos
LOTE-M-INJ-008-7251,WO-11289,2026-09-01,Shift 1,IM-005,M-INJ-008,TF-008-HDPE-28410,HDPE,Flip Top,29106,M,315,0,1,8,9,Conforming,Approved,Approved,Approved - First Pass,2026-09-02 21:55:41.054,—,Diogo Ferreira
LOTE-M-INJ-008-7252,WO-11290,2026-09-02,Shift 1,IM-005,M-INJ-008,TF-008-PP-PCR-28410,PP-PCR,Flip Top,9716,L,200,0,0,0,0,Conforming,Approved,Approved,Approved - First Pass,2026-09-03 16:32:37.416,—,Carlos Mendes
LOTE-M-INJ-005-7253,WO-11292,2026-09-03,Shift 1,IM-005,M-INJ-005,TF-005-PP-24410,PP,Flip Top,18550,M,315,0,3,4,7,Conforming,Approved,Approved,Approved - First Pass,2026-09-04 12:14:03.540,—,Carlos Mendes
LOTE-M-INJ-008-7254,WO-11293,2026-09-04,Shift 3,IM-005,M-INJ-008,TF-008-PP-PCR-28410,PP-PCR,Flip Top,10532,M,315,1,2,0,3,Conforming,Rejected,Rejected,Rejected - Scrapped,2026-09-05 06:10:24.324,Thread:1(Re=1),Carlos Mendes
LOTE-M-INJ-008-7255,WO-11294,2026-09-04,Shift 2,IM-005,M-INJ-008,TF-008-HDPE-28410,HDPE,Flip Top,16760,M,315,0,1,2,3,Conforming,Approved,Approved,Approved - First Pass,2026-09-05 23:14:52.109,—,Diogo Ferreira
LOTE-M-INJ-005-7256,WO-11296,2026-09-06,Shift 2,IM-005,M-INJ-005,TF-005-HDPE-24410,HDPE,Flip Top,14274,M,315,0,1,1,2,Conforming,Approved,Approved,Approved - First Pass,2026-09-07 11:57:49.403,—,Ana Silva
LOTE-M-INJ-005-7257,WO-11299,2026-09-08,Shift 1,IM-005,M-INJ-005,TF-005-HDPE-24410,HDPE,Flip Top,31133,M,315,1,0,6,7,Conforming,Rejected,Rejected,Rejected - Scrapped,2026-09-09 19:14:11.902,Sealing:1(Re=1),Ana Silva
LOTE-M-INJ-008-7258,WO-11302,2026-09-10,Shift 1,IM-005,M-INJ-008,TF-008-PP-28410,PP,Flip Top,29174,M,315,0,1,4,5,Conforming,Approved,Approved,Approved - First Pass,2026-09-11 18:55:57.381,—,Diogo Ferreira
LOTE-M-INJ-005-7259,WO-11303,2026-09-11,Shift 3,IM-005,M-INJ-005,TF-005-PP-PCR-24410,PP-PCR,Flip Top,10005,M,315,0,3,4,7,Conforming,Approved,Approved,Approved - First Pass,2026-09-11 23:21:56.768,—,Elena Santos
LOTE-M-INJ-008-7260,WO-11304,2026-09-11,Shift 2,IM-005,M-INJ-008,TF-008-HDPE-28410,HDPE,Flip Top,2573,L,200,0,0,2,2,Conforming,Approved,Approved,Approved - First Pass,2026-09-13 00:14:10.694,—,Beatriz Costa
LOTE-M-INJ-005-7261,WO-11305,2026-09-12,Shift 2,IM-005,M-INJ-005,TF-005-HDPE-24410,HDPE,Flip Top,8064,L,200,0,0,2,2,Conforming,Approved,Approved,Approved - First Pass,2026-09-13 21:21:04.618,—,Elena Santos
LOTE-M-INJ-008-7262,WO-11307,2026-09-14,Shift 1,IM-005,M-INJ-008,TF-008-PP-PCR-28410,PP-PCR,Flip Top,15460,M,315,0,0,2,2,Conforming,Approved,Approved,Approved - First Pass,2026-09-15 13:53:39.531,—,Beatriz Costa
LOTE-M-INJ-008-7263,WO-11310,2026-09-16,Shift 1,IM-005,M-INJ-008,TF-008-HDPE-28410,HDPE,Flip Top,30868,M,315,0,4,11,15,Conforming,Approved,Approved,Approved - First Pass,2026-09-17 16:18:09.031,—,Diogo Ferreira
LOTE-M-INJ-008-7264,WO-11313,2026-09-18,Shift 2,IM-005,M-INJ-008,TF-008-HDPE-28410,HDPE,Flip Top,29033,M,315,0,2,6,8,Conforming,Approved,Approved,Approved - First Pass,2026-09-20 02:46:25.538,—,Diogo Ferreira
LOTE-M-INJ-008-7265,WO-11314,2026-09-19,Shift 2,IM-005,M-INJ-008,TF-008-PP-PCR-28410,PP-PCR,Flip Top,9846,L,200,0,0,2,2,Conforming,Approved,Approved,Approved - First Pass,2026-09-20 16:41:24.630,—,Carlos Mendes
LOTE-M-INJ-005-7266,WO-11315,2026-09-20,Shift 1,IM-005,M-INJ-005,TF-005-HDPE-24410,HDPE,Flip Top,12891,M,315,0,2,3,5,Conforming,Approved,Approved,Approved - First Pass,2026-09-21 07:58:32.730,—,Carlos Mendes
LOTE-M-INJ-005-7267,WO-11316,2026-09-21,Shift 3,IM-005,M-INJ-005,TF-005-PP-PCR-24410,PP-PCR,Flip Top,15237,M,315,0,0,0,0,Conforming,Approved,Approved,Approved - First Pass,2026-09-22 15:25:07.655,—,Ana Silva
LOTE-M-INJ-005-7268,WO-11319,2026-09-23,Shift 1,IM-005,M-INJ-005,TF-005-HDPE-24410,HDPE,Flip Top,22919,M,315,0,0,6,6,Conforming,Approved,Approved,Approved - First Pass,2026-09-24 16:09:03.195,—,Elena Santos
LOTE-M-INJ-005-7269,WO-11320,2026-09-23,Shift 2,IM-005,M-INJ-005,TF-005-PP-PCR-24410,PP-PCR,Flip Top,12228,M,315,0,0,0,0,Conforming,Approved,Approved,Approved - First Pass,2026-09-24 21:13:36.000,—,Elena Santos
LOTE-M-INJ-008-7270,WO-11322,2026-09-25,Shift 2,IM-005,M-INJ-008,TF-008-PP-PCR-28410,PP-PCR,Flip Top,16844,M,315,1,4,6,11,Conforming,Rejected,Rejected,Rejected - Scrapped,2026-09-26 22:09:25.544,Sealing:1(Re=1),Carlos Mendes
LOTE-M-INJ-005-7271,WO-11323,2026-09-26,  Shift 3  ,IM-005,M-INJ-005,TF-005-PP-PCR-24410,PP-PCR,Flip Top,12158,M,315,0,2,1,3,Conforming,Approved,Approved,Approved - First Pass,2026-09-27 15:04:08.490,—,Ana Silva
LOTE-M-INJ-005-7272,WO-11325,2026-09-28,Shift 3,IM-005,M-INJ-005,TF-005-HDPE-24410,HDPE,Flip Top,19166,M,315,0,3,3,6,Conforming,Approved,Approved,Approved - First Pass,2026-09-29 01:56:43.697,—,Elena Santos
LOTE-M-INJ-008-7273,WO-11327,2026-09-29,Shift 2,IM-005,M-INJ-008,TF-008-PP-28410,PP,Flip Top,12418,M,315,0,0,0,0,Conforming,Approved,Approved,Approved - First Pass,2026-09-30 13:22:48.217,—,Ana Silva
LOTE-M-INJ-005-7274,WO-11328,2026-09-30,Shift 1,IM-005,M-INJ-005,TF-005-PP-PCR-24410,PP-PCR,Flip Top,8009,L,200,0,1,3,4,Conforming,Approved,Approved,Approved - First Pass,2026-10-01 02:14:11.995,—,Ana Silva
LOTE-M-INJ-005-7275,WO-11331,2026-10-02,Shift 1,IM-005,M-INJ-005,TF-005-HDPE-24410,HDPE,Flip Top,31126,M,315,0,6,9,15,Conforming,Approved,Approved,Approved - First Pass,2026-10-03 08:41:50.597,—,Ana Silva
LOTE-M-INJ-008-7276,WO-11333,2026-10-04,Shift 3,IM-005,M-INJ-008,TF-008-PP-28410,PP,Flip Top,22409,M,315,0,2,7,9,Conforming,Approved,Approved,Approved - First Pass,2026-10-04 20:24:21.508,—,Ana Silva
LOTE-M-INJ-005-7277,WO-11334,2026-10-04,Shift 2,IM-005,M-INJ-005,TF-005-PP-24410,PP,Flip Top,8451,L,200,0,2,6,8,Conforming,Approved,Approved,Approved - First Pass,2026-10-05 13:46:05.264,—,Diogo Ferreira
LOTE-M-INJ-005-7278,WO-11336,2026-10-06,SHIFT 3,IM-005,M-INJ-005,TF-005-HDPE-24410,HDPE,Flip Top,22949,M,315,0,1,3,4,Conforming,Approved,Approved,Approved - First Pass,2026-10-07 01:32:58.213,—,Elena Santos
LOTE-M-INJ-008-7279,WO-11337,2026-10-06,Shift 2,IM-005,M-INJ-008,TF-008-PP-PCR-28410,PP-PCR,Flip Top,8954,L,200,0,0,1,1,Conforming,Approved,Approved,Approved - First Pass,2026-10-08 03:42:00.734,—,Beatriz Costa
LOTE-M-INJ-008-7280,WO-11339,2026-10-08,Shift 3,IM-005,M-INJ-008,TF-008-HDPE-28410,HDPE,Flip Top,20763,M,315,0,2,6,8,Conforming,Approved,Approved,Approved - First Pass,2026-10-09 03:29:54.645,—,Carlos Mendes
LOTE-M-INJ-008-7281,WO-11340,2026-10-08,Shift 3,IM-005,M-INJ-008,TF-008-PP-PCR-28410,PP-PCR,Flip Top,7930,L,200,0,3,5,8,Conforming,Approved,Approved,Approved - First Pass,2026-10-09 17:55:58.195,—,Elena Santos
LOTE-M-INJ-008-7282,WO-11342,2026-10-10,Shift 3,IM-005,M-INJ-008,TF-008-PP-PCR-28410,PP-PCR,Flip Top,18164,M,315,0,2,1,3,Conforming,Approved,Approved,Approved - First Pass,2026-10-11 13:02:40.056,—,Carlos Mendes
LOTE-M-INJ-008-7283,WO-11343,2026-10-10,Shift 2,IM-005,M-INJ-008,TF-008-PP-28410,PP,Flip Top,8798,L,200,0,0,2,2,Conforming,Approved,Approved,Approved - First Pass,2026-10-11 18:56:16.720,—,Carlos Mendes
LOTE-M-INJ-005-7284,WO-11344,2026-10-11,Shift 1,IM-005,M-INJ-005,TF-005-PP-PCR-24410,PP-PCR,Flip Top,8479,L,200,0,0,0,0,Conforming,Approved,Approved,Approved - First Pass,2026-10-12 18:50:42.972,—,Diogo Ferreira
LOTE-M-INJ-005-7285,WO-11346,2026-10-12,Shift 3,IM-005,M-INJ-005,TF-005-HDPE-24410,HDPE,Flip Top,24289,M,315,0,0,7,7,Conforming,Approved,Approved,Approved - First Pass,2026-10-13 18:57:00.242,—,Elena Santos
LOTE-M-INJ-005-7286,WO-11348,2026-10-14,Shift 3,IM-005,M-INJ-005,TF-005-PP-PCR-24410,PP-PCR,Flip Top,23451,M,315,0,4,4,8,Conforming,Approved,Approved,Approved - First Pass,2026-10-15 04:08:38.309,—,Carlos Mendes
LOTE-M-INJ-008-7287,WO-11349,2026-10-14,Shift 2,IM-005,M-INJ-008,TF-008-PP-28410,PP,Flip Top,5779,L,200,0,2,1,3,Conforming,Approved,Approved,Approved - First Pass,2026-10-15 22:42:34.932,—,Beatriz Costa
LOTE-M-INJ-008-7288,WO-11351,2026-10-16,Shift 3,IM-005,M-INJ-008,TF-008-PP-28410,PP,Flip Top,25061,M,315,0,4,10,14,Conforming,Approved,Approved,Approved - First Pass,2026-10-16 23:11:39.149,—,Beatriz Costa
LOTE-M-INJ-008-7289,WO-11352,2026-10-16,Shift 2,IM-005,M-INJ-008,TF-008-PP-28410,PP,Flip Top,5762,L,200,0,0,1,1,Conforming,Approved,Approved,Approved - First Pass,2026-10-18 00:29:02.336,—,Beatriz Costa
LOTE-M-INJ-008-7290,WO-11354,2026-10-17,  Shift 2  ,IM-005,M-INJ-008,TF-008-HDPE-28410,HDPE,Flip Top,16055,M,315,0,0,7,7,Conforming,Approved,Approved,Approved - First Pass,2026-10-19 09:13:12.160,—,Ana Silva
LOTE-M-INJ-008-7291,WO-11355,2026-10-18,Shift 2,IM-005,M-INJ-008,TF-008-PP-28410,PP,Flip Top,9391,L,200,0,1,2,3,Conforming,Approved,Approved,Approved - First Pass,2026-10-20 01:36:30.665,—,Ana Silva
LOTE-M-INJ-008-7292,WO-11357,2026-10-19,  Shift 2  ,IM-005,M-INJ-008,TF-008-HDPE-28410,HDPE,Flip Top,15482,M,315,0,0,4,4,Conforming,Approved,Approved,Approved - First Pass,2026-10-20 19:59:00.031,—,Carlos Mendes
LOTE-M-INJ-008-7293,WO-11359,2026-10-21,Shift 1,IM-005,M-INJ-008,TF-008-PP-PCR-28410,PP-PCR,Flip Top,25286,M,315,1,0,9,10,Conforming,Rejected,Rejected,Rejected - Scrapped,2026-10-22 07:35:55.470,Sealing:1(Re=1),Carlos Mendes
LOTE-M-INJ-008-7294,WO-11362,2026-10-22,Shift 2,IM-005,M-INJ-008,TF-008-HDPE-28410,HDPE,Flip Top,26655,M,315,0,2,11,13,Conforming,Approved,Approved,Approved - First Pass,2026-10-24 07:38:33.485,—,Elena Santos
LOTE-M-INJ-008-7295,WO-11364,2026-10-24,Shift 3,IM-005,M-INJ-008,TF-008-HDPE-28410,HDPE,Flip Top,17135,M,315,0,1,7,8,Conforming,Approved,Approved,Approved - First Pass,2026-10-25 06:35:33.775,—,Diogo Ferreira
LOTE-M-INJ-005-7296,WO-11366,2026-10-25,Shift 2,IM-005,M-INJ-005,TF-005-PP-24410,PP,Flip Top,22366,M,315,0,1,5,6,Conforming,Approved,Approved,Approved - First Pass,2026-10-26 11:57:00.047,—,Elena Santos
LOTE-M-INJ-008-7297,WO-11369,2026-10-27,Shift 1,IM-005,M-INJ-008,TF-008-PP-28410,PP,Flip Top,31237,M,315,0,2,2,4,Conforming,Approved,Approved,Approved - First Pass,2026-10-28 07:18:18.026,—,Carlos Mendes
LOTE-M-INJ-005-7298,WO-11370,2026-10-28,Shift 3,IM-005,M-INJ-005,TF-005-PP-PCR-24410,PP-PCR,Flip Top,10484,M,315,2,1,1,4,Conforming,Rejected,Approved,Approved - Released on Deviation,2026-10-28 21:35:56.746,—,Diogo Ferreira
LOTE-M-INJ-005-7299,WO-11371,2026-10-28,SHIFT 2,IM-005,M-INJ-005,TF-005-PP-24410,PP,Flip Top,11696,M,315,0,1,11,12,Conforming,Approved,Approved,Approved - First Pass,2026-10-30 01:16:44.033,—,Carlos Mendes
LOTE-M-INJ-008-7300,WO-11372,2026-10-29,Shift 1,IM-005,M-INJ-008,TF-008-PP-28410,PP,Flip Top,14468,M,315,0,1,2,3,Conforming,Approved,Approved,Approved - First Pass,2026-10-30 12:55:00.768,—,Diogo Ferreira
LOTE-M-INJ-008-7301,WO-11375,2026-10-31,Shift 1,IM-005,M-INJ-008,TF-008-PP-28410,PP,Flip Top,32568,M,315,0,5,4,9,Conforming,Approved,Approved,Approved - First Pass,2026-11-01 09:37:14.107,—,Ana Silva
LOTE-M-INJ-005-7302,WO-11376,2026-11-01,Shift 1,IM-005,M-INJ-005,TF-005-PP-PCR-24410,PP-PCR,Flip Top,11126,M,315,0,3,2,5,Conforming,Approved,Approved,Approved - First Pass,2026-11-02 06:21:06.942,—,Elena Santos
LOTE-M-INJ-008-7303,WO-11378,2026-11-03,Shift 3,IM-005,M-INJ-008,TF-008-PP-PCR-28410,PP-PCR,Flip Top,20942,M,315,1,3,9,13,Conforming,Rejected,Rejected,Rejected - Scrapped,2026-11-03 22:56:09.298,Sealing:1(Re=1),Ana Silva
LOTE-M-INJ-005-7304,WO-11381,2026-11-05,Shift 3,IM-005,M-INJ-005,TF-005-HDPE-24410,HDPE,Flip Top,33917,M,315,2,4,16,22,Conforming,Rejected,Rejected,Rejected - Scrapped,2026-11-06 09:04:42.931,Thread:1(Re=1),Beatriz Costa
LOTE-M-INJ-008-7305,WO-11382,2026-11-05,Shift 2,IM-005,M-INJ-008,TF-008-PP-28410,PP,Flip Top,11711,M,315,0,1,2,3,Conforming,Approved,Approved,Approved - First Pass,2026-11-07 07:21:14.055,—,Diogo Ferreira
LOTE-M-INJ-008-7306,WO-11383,2026-11-06,Shift 2,IM-005,M-INJ-008,TF-008-PP-28410,PP,Flip Top,12834,M,315,0,3,7,10,Conforming,Approved,Approved,Approved - First Pass,2026-11-08 01:00:57.267,—,Diogo Ferreira
LOTE-M-INJ-008-7307,WO-11386,2026-11-08,Shift 2,IM-005,M-INJ-008,TF-008-PP-28410,PP,Flip Top,32221,M,315,0,1,6,7,Conforming,Approved,Approved,Approved - First Pass,2026-11-09 11:09:29.500,—,Ana Silva
LOTE-M-INJ-005-7308,WO-11388,2026-11-10,Shift 3,IM-005,M-INJ-005,TF-005-PP-24410,PP,Flip Top,21188,M,315,0,0,7,7,Conforming,Approved,Approved,Approved - First Pass,2026-11-10 18:37:58.297,—,Ana Silva
LOTE-M-INJ-005-7309,WO-11389,2026-11-10,Shift 2,IM-005,M-INJ-005,TF-005-HDPE-24410,HDPE,Flip Top,14371,M,315,2,3,3,8,Conforming,Rejected,Rejected,Rejected - Scrapped,2026-11-11 18:45:22.354,Sealing:2(Re=1),Diogo Ferreira
LOTE-M-INJ-008-7310,WO-11391,2026-11-11,Shift 2,IM-005,M-INJ-008,TF-008-PP-PCR-28410,PP-PCR,Flip Top,18860,M,315,0,0,7,7,Conforming,Approved,Approved,Approved - First Pass,2026-11-12 15:09:55.835,—,Carlos Mendes
LOTE-M-INJ-008-7311,WO-11394,2026-11-13,Shift 2,IM-005,M-INJ-008,TF-008-PP-PCR-28410,PP-PCR,Flip Top,31227,M,315,1,2,14,17,Conforming,Rejected,Rejected,Rejected - Scrapped,2026-11-14 16:30:35.353,Sealing:1(Re=1),Carlos Mendes
LOTE-M-INJ-008-7312,WO-11395,2026-11-14,Shift 1,IM-005,M-INJ-008,TF-008-HDPE-28410,HDPE,Flip Top,4454,L,200,0,0,0,0,Conforming,Approved,Approved,Approved - First Pass,2026-11-15 05:17:02.747,—,Diogo Ferreira
LOTE-M-INJ-005-7313,WO-11397,2026-11-15,Shift 2,IM-005,M-INJ-005,TF-005-HDPE-24410,HDPE,Flip Top,24627,M,315,0,1,5,6,Conforming,Approved,Approved,Approved - First Pass,2026-11-16 17:31:45.308,—,Carlos Mendes
LOTE-M-INJ-005-7314,WO-11398,2026-11-16,Shift 1,IM-005,M-INJ-005,TF-005-HDPE-24410,HDPE,Flip Top,9988,L,200,0,2,1,3,Conforming,Approved,Approved,Approved - First Pass,2026-11-17 17:00:02.287,—,Elena Santos
LOTE-M-INJ-008-7315,WO-11400,2026-11-17,Shift 2,IM-005,M-INJ-008,TF-008-PP-PCR-28410,PP-PCR,Flip Top,21226,M,315,0,6,8,14,Conforming,Approved,Approved,Approved - First Pass,2026-11-19 00:36:32.834,—,Elena Santos
LOTE-M-INJ-005-7316,WO-11402,2026-11-18,Shift 3,IM-005,M-INJ-005,TF-005-PP-PCR-24410,PP-PCR,Flip Top,13403,M,315,0,1,7,8,Conforming,Approved,Approved,Approved - First Pass,2026-11-19 16:41:55.286,—,Carlos Mendes
LOTE-M-INJ-005-7317,WO-11405,2026-11-20,Shift 2,IM-005,M-INJ-005,TF-005-PP-24410,PP,Flip Top,22240,M,315,0,2,3,5,Conforming,Approved,Approved,Approved - First Pass,2026-11-21 10:50:57.372,—,Diogo Ferreira
LOTE-M-INJ-008-7318,WO-11406,2026-11-21,Shift 1,IM-005,M-INJ-008,TF-008-HDPE-28410,HDPE,Flip Top,6286,L,200,0,1,1,2,Conforming,Approved,Approved,Approved - First Pass,2026-11-22 00:25:50.904,—,Carlos Mendes
LOTE-M-INJ-008-7319,WO-11409,2026-11-23,Shift 3,IM-005,M-INJ-008,TF-008-HDPE-28410,HDPE,Flip Top,24587,M,315,0,2,4,6,Conforming,Approved,Approved,Approved - First Pass,2026-11-24 07:27:52.686,—,Ana Silva
LOTE-M-INJ-008-7320,WO-11412,2026-11-24,Shift 2,IM-005,M-INJ-008,TF-008-PP-28410,PP,Flip Top,31487,M,315,0,5,10,15,Conforming,Approved,Approved,Approved - First Pass,2026-11-25 18:15:29.497,—,Ana Silva
LOTE-M-INJ-005-7321,WO-11414,2026-11-26,Shift 3,IM-005,M-INJ-005,TF-005-HDPE-24410,HDPE,Flip Top,18416,M,315,2,2,8,12,Conforming,Rejected,Rejected,Rejected - Scrapped,2026-11-27 02:14:42.421,Thread:2(Re=1),Ana Silva
LOTE-M-INJ-008-7322,WO-11417,2026-11-28,Shift 1,IM-005,M-INJ-008,TF-008-PP-28410,PP,Flip Top,28459,M,315,1,5,9,15,Conforming,Rejected,Rejected,Rejected - Scrapped,2026-11-29 11:53:37.591,Sealing:1(Re=1),Ana Silva
LOTE-M-INJ-008-7323,WO-11418,2026-11-28,Shift 3,IM-005,M-INJ-008,TF-008-PP-PCR-28410,PP-PCR,Flip Top,15239,M,315,0,0,0,0,Conforming,Approved,Approved,Approved - First Pass,2026-11-29 20:49:41.464,—,Carlos Mendes
LOTE-M-INJ-005-7324,WO-11420,2026-11-30,Shift 1,IM-005,M-INJ-005,TF-005-PP-24410,PP,Flip Top,18564,M,315,0,1,9,10,Conforming,Approved,Approved,Approved - First Pass,2026-12-01 06:31:51.766,—,Beatriz Costa
LOTE-M-INJ-005-7325,WO-11421,2026-12-01,  Shift 3  ,IM-005,M-INJ-005,TF-005-PP-PCR-24410,PP-PCR,Flip Top,14454,M,315,0,0,7,7,Conforming,Approved,Approved,Approved - First Pass,2026-12-02 15:13:57.059,—,Beatriz Costa
LOTE-M-INJ-008-7326,WO-11422,2026-12-02,Shift 3,IM-005,M-INJ-008,TF-008-PP-28410,PP,Flip Top,9620,L,200,0,1,0,1,Conforming,Approved,Approved,Approved - First Pass,2026-12-03 07:03:59.192,—,Beatriz Costa
LOTE-M-INJ-005-7327,WO-11424,2026-12-03,shift 1,IM-005,M-INJ-005,TF-005-HDPE-24410,HDPE,Flip Top,14217,M,315,0,0,2,2,Conforming,Approved,Approved,Approved - First Pass,2026-12-04 12:50:40.830,—,Elena Santos
LOTE-M-INJ-008-7328,WO-11427,2026-12-04,SHIFT 3,IM-005,M-INJ-008,TF-008-PP-PCR-28410,PP-PCR,Flip Top,23024,M,315,1,5,3,9,Conforming,Rejected,Rejected,Rejected - Scrapped,2026-12-06 15:57:47.686,Sealing:1(Re=1),Carlos Mendes
LOTE-M-INJ-005-7329,WO-11428,2026-12-06,Shift 3,IM-005,M-INJ-005,TF-005-HDPE-24410,HDPE,Flip Top,14516,M,315,0,0,4,4,Conforming,Approved,Approved,Approved - First Pass,2026-12-07 17:00:37.289,—,Diogo Ferreira
LOTE-M-INJ-005-7330,WO-11430,2026-12-07,Shift 2,IM-005,M-INJ-005,TF-005-HDPE-24410,HDPE,Flip Top,16924,M,315,0,0,8,8,Conforming,Approved,Approved,Approved - First Pass,2026-12-08 11:45:56.160,—,Diogo Ferreira
LOTE-M-INJ-005-7331,WO-11431,2026-12-08,Shift 3,IM-005,M-INJ-005,TF-005-PP-PCR-24410,PP-PCR,Flip Top,14084,M,315,0,1,1,2,Conforming,Approved,Approved,Approved - First Pass,2026-12-08 21:38:37.722,—,Ana Silva
LOTE-M-INJ-005-7332,WO-11433,2026-12-09,Shift 1,IM-005,M-INJ-005,TF-005-HDPE-24410,HDPE,Flip Top,12061,M,315,0,1,6,7,Conforming,Approved,Approved,Approved - First Pass,2026-12-10 11:50:14.894,—,Elena Santos
LOTE-M-INJ-008-7333,WO-11434,2026-12-09,Shift 2,IM-005,M-INJ-008,TF-008-PP-PCR-28410,PP-PCR,Flip Top,10183,M,315,1,0,2,3,Conforming,Rejected,Rejected,Rejected - Scrapped,2026-12-10 12:44:58.143,Sealing:1(Re=1),Ana Silva
LOTE-M-INJ-008-7334,WO-11435,2026-12-10,Shift 1,IM-005,M-INJ-008,TF-008-HDPE-28410,HDPE,Flip Top,6851,L,200,1,0,1,2,Conforming,Rejected,Rejected,Rejected - Scrapped,2026-12-11 16:33:46.273,Sealing:1(Re=1),Diogo Ferreira
LOTE-M-INJ-008-7335,WO-11436,2026-12-11,Shift 1,IM-005,M-INJ-008,TF-008-HDPE-28410,HDPE,Flip Top,3919,L,200,0,0,3,3,Conforming,Approved,Approved,Approved - First Pass,2026-12-11 22:26:56.890,—,Diogo Ferreira
LOTE-M-INJ-008-7336,WO-11438,2026-12-12,Shift 1,IM-005,M-INJ-008,TF-008-HDPE-28410,HDPE,Flip Top,14353,M,315,0,2,1,3,Conforming,Approved,Approved,Approved - First Pass,2026-12-13 14:39:40.013,—,Elena Santos
LOTE-M-INJ-008-7337,WO-11439,2026-12-13,Shift 3,IM-005,M-INJ-008,TF-008-PP-PCR-28410,PP-PCR,Flip Top,4692,L,200,0,0,0,0,Conforming,Approved,Approved,Approved - First Pass,2026-12-14 20:15:56.872,—,Carlos Mendes
LOTE-M-INJ-008-7338,WO-11441,2026-12-14,Shift 2,IM-005,M-INJ-008,TF-008-PP-PCR-28410,PP-PCR,Flip Top,14373,M,315,0,2,4,6,Conforming,Approved,Approved,Approved - First Pass,2026-12-15 23:29:32.208,—,Carlos Mendes
LOTE-M-INJ-008-7339,WO-11442,2026-12-15,Shift 1,IM-005,M-INJ-008,TF-008-HDPE-28410,HDPE,Flip Top,10315,M,315,1,2,5,8,Conforming,Rejected,Rejected,Rejected - Scrapped,2026-12-16 09:48:20.029,Thread:1(Re=1),Carlos Mendes
LOTE-M-INJ-005-7340,WO-11443,2026-12-16,Shift 3,IM-005,M-INJ-005,TF-005-PP-24410,PP,Flip Top,13584,M,315,0,2,9,11,Conforming,Approved,Approved,Approved - First Pass,2026-12-17 20:31:04.348,—,Ana Silva
LOTE-M-INJ-008-7341,WO-11444,2026-12-17,shift 3,IM-005,M-INJ-008,TF-008-PP-PCR-28410,PP-PCR,Flip Top,10859,M,315,0,0,6,6,Conforming,Approved,Approved,Approved - First Pass,2026-12-18 07:56:28.469,—,Carlos Mendes
LOTE-M-INJ-005-7342,WO-11447,2026-12-19,Shift 3,IM-005,M-INJ-005,TF-005-PP-24410,PP,Flip Top,27667,M,315,0,1,11,12,Conforming,Approved,Approved,Approved - First Pass,2026-12-20 02:15:37.256,—,Carlos Mendes
LOTE-M-INJ-008-7343,WO-11449,2026-12-20,  Shift 2  ,IM-005,M-INJ-008,TF-008-HDPE-28410,HDPE,Flip Top,16816,M,315,0,3,5,8,Conforming,Approved,Approved,Approved - First Pass,2026-12-21 23:24:07.376,—,Beatriz Costa
LOTE-M-INJ-005-7344,WO-11452,2026-12-23,Shift 3,IM-005,M-INJ-005,TF-005-HDPE-24410,HDPE,Flip Top,40841,M,315,0,1,2,3,Conforming,Approved,Approved,Approved - First Pass,2026-12-24 00:28:41.270,—,Ana Silva
LOTE-M-INJ-005-7345,WO-11454,2026-12-24,Shift 1,IM-005,M-INJ-005,TF-005-HDPE-24410,HDPE,Flip Top,20570,M,315,0,1,3,4,Conforming,Approved,Approved,Approved - First Pass,2026-12-25 06:26:00.161,—,Ana Silva
LOTE-M-INJ-005-7346,WO-11456,2026-12-25,Shift 2,IM-005,M-INJ-005,TF-005-PP-24410,PP,Flip Top,22486,M,315,0,0,6,6,Conforming,Approved,Approved,Approved - First Pass,2026-12-27 00:27:22.303,—,Elena Santos
LOTE-M-INJ-005-7347,WO-11459,2026-12-27,Shift 1,IM-005,M-INJ-005,TF-005-PP-24410,PP,Flip Top,24597,M,315,0,1,8,9,Conforming,Approved,Approved,Approved - First Pass,2026-12-28 20:00:02.386,—,Carlos Mendes
LOTE-M-INJ-008-7348,WO-11462,2026-12-29,Shift 1,IM-005,M-INJ-008,TF-008-PP-PCR-28410,PP-PCR,Flip Top,25148,M,315,0,3,5,8,Conforming,Approved,Approved,Approved - First Pass,2026-12-31 04:16:57.301,—,Beatriz Costa
LOTE-M-INJ-005-7349,WO-11463,2026-12-30,Shift 1,IM-005,M-INJ-005,TF-005-PP-PCR-24410,PP-PCR,Flip Top,9867,L,200,0,0,3,3,Conforming,Approved,Approved,Approved - First Pass,2026-12-31 18:36:23.995,—,Ana Silva
LOTE-M-INJ-006-7350,WO-11464,2025-07-01,Shift 3,IM-006,M-INJ-006,TF-006-HDPE-24415,HDPE,Flip Top,4828,L,200,0,1,0,1,Conforming,Approved,Approved,Approved - First Pass,2025-07-02 00:58:38.627,—,Beatriz Costa
LOTE-M-INJ-009-7351,WO-11466,2025-07-02,Shift 3,IM-006,M-INJ-009,TF-009-HDPE-28415,HDPE,Flip Top,14431,M,315,1,3,6,10,Conforming,Rejected,Rejected,Rejected - Scrapped,2025-07-03 07:58:27.084,Thread:1(Re=1),Carlos Mendes
LOTE-M-INJ-006-7352,WO-11467,2025-07-03,Shift 3,IM-006,M-INJ-006,TF-006-HDPE-24415,HDPE,Flip Top,7726,L,200,0,0,1,1,Conforming,Approved,Approved,Approved - First Pass,2025-07-04 10:39:29.585,—,Beatriz Costa
LOTE-M-INJ-006-7353,WO-11468,2025-07-03,Shift 2,IM-006,M-INJ-006,TF-006-PP-PCR-24415,PP-PCR,Flip Top,1978,L,200,0,0,1,1,Conforming,Approved,Approved,Approved - First Pass,2025-07-05 01:05:13.054,—,Beatriz Costa
LOTE-M-INJ-006-7354,WO-11471,2025-07-06,Shift 3,IM-006,M-INJ-006,TF-006-PP-PCR-24415,PP-PCR,Flip Top,18839,M,315,1,0,4,5,Conforming,Rejected,Rejected,Rejected - Scrapped,2025-07-07 07:46:01.474,Thread:1(Re=1),Beatriz Costa
LOTE-M-INJ-006-7355,WO-11472,2025-07-06,Shift 2,IM-006,M-INJ-006,TF-006-PP-24415,PP,Flip Top,2252,L,200,0,2,0,2,Conforming,Approved,Approved,Approved - First Pass,2025-07-07 16:32:21.721,—,Elena Santos
LOTE-M-INJ-009-7356,WO-11475,2025-07-08,Shift 2,IM-006,M-INJ-009,TF-009-HDPE-28415,HDPE,Flip Top,23970,M,315,0,2,4,6,Conforming,Approved,Approved,Approved - First Pass,2025-07-09 20:30:20.826,—,Diogo Ferreira
LOTE-M-INJ-009-7357,WO-11478,2025-07-10,Shift 2,IM-006,M-INJ-009,TF-009-HDPE-28415,HDPE,Flip Top,20188,M,315,1,3,1,5,Conforming,Rejected,Rejected,Rejected - Scrapped,2025-07-11 18:30:23.400,Sealing:1(Re=1),Carlos Mendes
LOTE-M-INJ-006-7358,WO-11481,2025-07-12,Shift 3,IM-006,M-INJ-006,TF-006-PP-24415,PP,Flip Top,15272,M,315,0,6,9,15,Conforming,Approved,Approved,Approved - First Pass,2025-07-13 17:50:12.390,—,Diogo Ferreira
LOTE-M-INJ-009-7359,WO-11483,2025-07-14,Shift 1,IM-006,M-INJ-009,TF-009-HDPE-28415,HDPE,Flip Top,14095,M,315,0,0,2,2,Conforming,Approved,Approved,Approved - First Pass,2025-07-14 22:49:48.926,—,Carlos Mendes
LOTE-M-INJ-009-7360,WO-11486,2025-07-15,Shift 3,IM-006,M-INJ-009,TF-009-PP-PCR-28415,PP-PCR,Flip Top,19126,M,315,0,2,8,10,Conforming,Approved,Approved,Approved - First Pass,2025-07-16 22:13:49.106,—,Ana Silva
LOTE-M-INJ-006-7361,WO-11489,2025-07-18,Shift 3,IM-006,M-INJ-006,TF-006-HDPE-24415,HDPE,Flip Top,15150,M,315,0,2,2,4,Conforming,Approved,Approved,Approved - First Pass,2025-07-19 05:54:37.747,—,Diogo Ferreira
LOTE-M-INJ-006-7362,WO-11492,2025-07-19,Shift 2,IM-006,M-INJ-006,TF-006-PP-PCR-24415,PP-PCR,Flip Top,13848,M,315,0,2,5,7,Conforming,Approved,Approved,Approved - First Pass,2025-07-20 22:30:37.457,—,Ana Silva
LOTE-M-INJ-009-7363,WO-11494,2025-07-20,Shift 2,IM-006,M-INJ-009,TF-009-HDPE-28415,HDPE,Flip Top,14759,M,315,0,1,4,5,Conforming,Approved,Approved,Approved - First Pass,2025-07-21 14:53:28.680,—,Diogo Ferreira
LOTE-M-INJ-006-7364,WO-11496,2025-07-22,Shift 1,IM-006,M-INJ-006,TF-006-PP-24415,PP,Flip Top,8783,L,200,0,2,3,5,Conforming,Approved,Approved,Approved - First Pass,2025-07-23 15:51:25.046,—,Elena Santos
LOTE-M-INJ-009-7365,WO-11497,2025-07-23,Shift 3,IM-006,M-INJ-009,TF-009-PP-28415,PP,Flip Top,6878,L,200,0,1,2,3,Conforming,Approved,Approved,Approved - First Pass,2025-07-24 02:40:50.114,—,Carlos Mendes
LOTE-M-INJ-006-7366,WO-11498,2025-07-23,Shift 2,IM-006,M-INJ-006,TF-006-HDPE-24415,HDPE,Flip Top,2755,L,200,0,0,2,2,Conforming,Approved,Approved,Approved - First Pass,2025-07-24 20:53:13.662,—,Diogo Ferreira
LOTE-M-INJ-009-7367,WO-11499,2025-07-24,Shift 2,IM-006,M-INJ-009,TF-009-PP-28415,PP,Flip Top,13364,M,315,0,2,3,5,Conforming,Approved,Approved,Approved - First Pass,2025-07-26 02:54:41.576,—,Elena Santos
LOTE-M-INJ-006-7368,WO-11500,2025-07-25,Shift 2,IM-006,M-INJ-006,TF-006-HDPE-24415,HDPE,Flip Top,4379,L,200,0,3,2,5,Conforming,Approved,Approved,Approved - First Pass,2025-07-26 21:01:49.939,—,Diogo Ferreira
LOTE-M-INJ-009-7369,WO-11501,2025-07-26,Shift 2,IM-006,M-INJ-009,TF-009-PP-28415,PP,Flip Top,9787,L,200,0,0,1,1,Conforming,Approved,Approved,Approved - First Pass,2025-07-27 14:41:41.509,—,Beatriz Costa
LOTE-M-INJ-006-7370,WO-11502,2025-07-27,Shift 1,IM-006,M-INJ-006,TF-006-PP-24415,PP,Flip Top,5537,L,200,0,0,0,0,Conforming,Approved,Approved,Approved - First Pass,2025-07-28 01:57:28.953,—,Carlos Mendes
LOTE-M-INJ-006-7371,WO-11504,2025-07-28,Shift 2,IM-006,M-INJ-006,TF-006-HDPE-24415,HDPE,Flip Top,11844,M,315,0,1,4,5,Conforming,Approved,Approved,Approved - First Pass,2025-07-30 00:04:54.598,—,Ana Silva
LOTE-M-INJ-009-7372,WO-11505,2025-07-29,Shift 1,IM-006,M-INJ-009,TF-009-PP-28415,PP,Flip Top,3416,L,200,0,1,0,1,Conforming,Approved,Approved,Approved - First Pass,2025-07-30 10:39:29.629,—,Diogo Ferreira
LOTE-M-INJ-009-7373,WO-11506,2025-07-29,Shift 2,IM-006,M-INJ-009,TF-009-PP-28415,PP,Flip Top,6926,L,200,0,2,1,3,Conforming,Approved,Approved,Approved - First Pass,2025-07-31 04:20:58.058,—,Diogo Ferreira
LOTE-M-INJ-009-7374,WO-11508,2025-07-30,Shift 2,IM-006,M-INJ-009,TF-009-PP-28415,PP,Flip Top,15311,M,315,0,6,4,10,Conforming,Approved,Approved,Approved - First Pass,2025-08-01 07:38:59.576,—,Diogo Ferreira
LOTE-M-INJ-009-7375,WO-11511,2025-08-01,Shift 2,IM-006,M-INJ-009,TF-009-PP-PCR-28415,PP-PCR,Flip Top,19759,M,315,0,1,11,12,Conforming,Approved,Approved,Approved - First Pass,2025-08-02 13:55:23.474,—,Beatriz Costa
LOTE-M-INJ-009-7376,WO-11514,2025-08-03,Shift 2,IM-006,M-INJ-009,TF-009-PP-PCR-28415,PP-PCR,Flip Top,25330,M,315,1,3,2,6,Conforming,Rejected,Rejected,Rejected - Scrapped,2025-08-04 19:45:31.284,Thread:1(Re=1),Elena Santos
LOTE-M-INJ-006-7377,WO-11515,2025-08-04,Shift 1,IM-006,M-INJ-006,TF-006-HDPE-24415,HDPE,Flip Top,5785,L,200,1,0,2,3,Conforming,Rejected,Rejected,Rejected - Scrapped,2025-08-05 23:00:20.768,Thread:1(Re=1),Beatriz Costa
LOTE-M-INJ-006-7378,WO-11517,2025-08-06,Shift 3,IM-006,M-INJ-006,TF-006-PP-24415,PP,Flip Top,11374,M,315,1,0,3,4,Conforming,Rejected,Rejected,Rejected - Scrapped,2025-08-07 07:01:35.316,Thread:1(Re=1),Elena Santos
LOTE-M-INJ-006-7379,WO-11518,2025-08-07,Shift 3,IM-006,M-INJ-006,TF-006-HDPE-24415,HDPE,Flip Top,2979,L,200,0,0,0,0,Conforming,Approved,Approved,Approved - First Pass,2025-08-07 19:18:10.664,—,Carlos Mendes
LOTE-M-INJ-009-7380,WO-11520,2025-08-08,Shift 1,IM-006,M-INJ-009,TF-009-PP-PCR-28415,PP-PCR,Flip Top,14814,M,315,0,2,0,2,Conforming,Approved,Approved,Approved - First Pass,2025-08-09 00:22:35.717,—,Carlos Mendes
LOTE-M-INJ-009-7381,WO-11521,2025-08-08,Shift 3,IM-006,M-INJ-009,TF-009-PP-28415,PP,Flip Top,7153,L,200,0,0,2,2,Conforming,Approved,Approved,Approved - First Pass,2025-08-10 07:14:02.264,—,Diogo Ferreira
LOTE-M-INJ-009-7382,WO-11523,2025-08-09,SHIFT 3,IM-006,M-INJ-009,TF-009-PP-28415,PP,Flip Top,10317,M,315,0,2,2,4,Conforming,Approved,Approved,Approved - First Pass,2025-08-10 21:11:24.379,—,Ana Silva
LOTE-M-INJ-009-7383,WO-11524,2025-08-10,Shift 2,IM-006,M-INJ-009,TF-009-PP-PCR-28415,PP-PCR,Flip Top,6392,L,200,0,0,0,0,Conforming,Approved,Approved,Approved - First Pass,2025-08-11 11:30:21.120,—,Diogo Ferreira
LOTE-M-INJ-009-7384,WO-11525,2025-08-11,Shift 3,IM-006,M-INJ-009,TF-009-HDPE-28415,HDPE,Flip Top,4865,L,200,0,0,1,1,Conforming,Approved,Approved,Approved - First Pass,2025-08-12 07:43:42.525,—,Diogo Ferreira
LOTE-M-INJ-009-7385,WO-11526,2025-08-11,Shift 2,IM-006,M-INJ-009,TF-009-PP-28415,PP,Flip Top,9448,L,200,0,1,0,1,Conforming,Approved,Approved,Approved - First Pass,2025-08-12 21:58:09.031,—,Carlos Mendes
LOTE-M-INJ-009-7386,WO-11529,2025-08-14,Shift 3,IM-006,M-INJ-009,TF-009-PP-PCR-28415,PP-PCR,Flip Top,25843,M,315,1,0,6,7,Conforming,Rejected,Rejected,Rejected - Scrapped,2025-08-15 14:31:40.139,Thread:1(Re=1),Ana Silva
LOTE-M-INJ-009-7387,WO-11531,2025-08-15,Shift 2,IM-006,M-INJ-009,TF-009-HDPE-28415,HDPE,Flip Top,13226,M,315,0,3,2,5,Conforming,Approved,Approved,Approved - First Pass,2025-08-16 12:30:13.021,—,Elena Santos
LOTE-M-INJ-006-7388,WO-11532,2025-08-16,  Shift 3  ,IM-006,M-INJ-006,TF-006-PP-PCR-24415,PP-PCR,Flip Top,5296,L,200,0,0,1,1,Conforming,Approved,Approved,Approved - First Pass,2025-08-17 16:23:09.286,—,Carlos Mendes
LOTE-M-INJ-006-7389,WO-11533,2025-08-16,Shift 2,IM-006,M-INJ-006,TF-006-HDPE-24415,HDPE,Flip Top,6407,L,200,0,1,1,2,Conforming,Approved,Approved,Approved - First Pass,2025-08-17 23:47:28.685,—,Beatriz Costa
LOTE-M-INJ-006-7390,WO-11536,2025-08-19,Shift 1,IM-006,M-INJ-006,TF-006-PP-PCR-24415,PP-PCR,Flip Top,12148,M,315,0,0,6,6,Conforming,Approved,Approved,Approved - First Pass,2025-08-20 03:32:52.457,—,Ana Silva
LOTE-M-INJ-009-7391,WO-11537,2025-08-19,Shift 2,IM-006,M-INJ-009,TF-009-PP-28415,PP,Flip Top,10257,M,315,0,1,0,1,Conforming,Approved,Approved,Approved - First Pass,2025-08-20 15:01:17.116,—,Carlos Mendes
LOTE-M-INJ-009-7392,WO-11539,2025-08-21,Shift 3,IM-006,M-INJ-009,TF-009-PP-28415,PP,Flip Top,12528,M,315,0,1,2,3,Conforming,Approved,Approved,Approved - First Pass,2025-08-22 06:32:47.656,—,Elena Santos
LOTE-M-INJ-009-7393,WO-11542,2025-08-22,Shift 2,IM-006,M-INJ-009,TF-009-HDPE-28415,HDPE,Flip Top,22981,M,315,0,4,3,7,Conforming,Approved,Approved,Approved - First Pass,2025-08-23 11:46:28.241,—,Beatriz Costa
LOTE-M-INJ-009-7394,WO-11545,2025-08-24,Shift 3,IM-006,M-INJ-009,TF-009-PP-PCR-28415,PP-PCR,Flip Top,25206,M,315,0,2,3,5,Conforming,Approved,Approved,Approved - First Pass,2025-08-25 15:37:48.619,—,Diogo Ferreira
LOTE-M-INJ-006-7395,WO-11546,2025-08-25,Shift 2,IM-006,M-INJ-006,TF-006-PP-PCR-24415,PP-PCR,Flip Top,4708,L,200,0,0,1,1,Conforming,Approved,Approved,Approved - First Pass,2025-08-26 06:53:17.281,—,Ana Silva
LOTE-M-INJ-009-7396,WO-11548,2025-08-26,Shift 2,IM-006,M-INJ-009,TF-009-HDPE-28415,HDPE,Flip Top,15804,M,315,0,3,3,6,Conforming,Approved,Approved,Approved - First Pass,2025-08-27 17:44:44.434,—,Elena Santos
LOTE-M-INJ-006-7397,WO-11550,2025-08-28,  Shift 3  ,IM-006,M-INJ-006,TF-006-PP-24415,PP,Flip Top,12564,M,315,1,4,4,9,Conforming,Rejected,Rejected,Rejected - Scrapped,2025-08-29 04:53:17.569,Thread:1(Re=1),Elena Santos
LOTE-M-INJ-009-7398,WO-11552,2025-08-29,Shift 2,IM-006,M-INJ-009,TF-009-PP-PCR-28415,PP-PCR,Flip Top,14231,M,315,0,1,2,3,Conforming,Approved,Approved,Approved - First Pass,2025-08-30 16:52:51.217,—,Beatriz Costa
LOTE-M-INJ-006-7399,WO-11553,2025-08-30,Shift 1,IM-006,M-INJ-006,TF-006-HDPE-24415,HDPE,Flip Top,5155,L,200,0,3,2,5,Conforming,Approved,Approved,Approved - First Pass,2025-08-31 02:37:12.668,—,Ana Silva
LOTE-M-INJ-006-7400,WO-11555,2025-08-31,Shift 1,IM-006,M-INJ-006,TF-006-PP-24415,PP,Flip Top,8727,L,200,0,1,1,2,Conforming,Approved,Approved,Approved - First Pass,2025-09-01 19:56:07.972,—,Carlos Mendes
LOTE-M-INJ-006-7401,WO-11556,2025-09-01,Shift 1,IM-006,M-INJ-006,TF-006-HDPE-24415,HDPE,Flip Top,2973,L,200,1,2,0,3,Conforming,Rejected,Approved,Approved - Reworked,2025-09-02 03:58:32.214,—,Beatriz Costa
LOTE-M-INJ-006-7402,WO-11558,2025-09-02,Shift 1,IM-006,M-INJ-006,TF-006-PP-PCR-24415,PP-PCR,Flip Top,11132,M,315,0,1,0,1,Conforming,Approved,Approved,Approved - First Pass,2025-09-03 15:51:06.692,—,Carlos Mendes
LOTE-M-INJ-009-7403,WO-11559,2025-09-03,shift 1,IM-006,M-INJ-009,TF-009-HDPE-28415,HDPE,Flip Top,3714,L,200,0,3,3,6,Conforming,Approved,Approved,Approved - First Pass,2025-09-04 05:32:02.144,—,Beatriz Costa
LOTE-M-INJ-009-7404,WO-11562,2025-09-05,Shift 3,IM-006,M-INJ-009,TF-009-PP-PCR-28415,PP-PCR,Flip Top,22686,M,315,0,5,2,7,Conforming,Approved,Approved,Approved - First Pass,2025-09-06 05:43:03.658,—,Beatriz Costa
LOTE-M-INJ-009-7405,WO-11564,2025-09-06,SHIFT 2,IM-006,M-INJ-009,TF-009-PP-PCR-28415,PP-PCR,Flip Top,18894,M,315,0,4,6,10,Conforming,Approved,Approved,Approved - First Pass,2025-09-07 22:44:25.581,—,Diogo Ferreira
LOTE-M-INJ-006-7406,WO-11565,2025-09-07,shift 3,IM-006,M-INJ-006,TF-006-PP-24415,PP,Flip Top,3755,L,200,0,0,5,5,Conforming,Approved,Approved,Approved - First Pass,2025-09-07 23:46:27.961,—,Carlos Mendes
LOTE-M-INJ-009-7407,WO-11568,2025-09-09,Shift 3,IM-006,M-INJ-009,TF-009-PP-28415,PP,Flip Top,23425,M,315,2,2,3,7,Conforming,Rejected,Rejected,Rejected - Scrapped,2025-09-10 09:36:21.273,Sealing:1(Re=1),Carlos Mendes
LOTE-M-INJ-009-7408,WO-11570,2025-09-10,Shift 1,IM-006,M-INJ-009,TF-009-HDPE-28415,HDPE,Flip Top,15700,M,315,1,2,0,3,Conforming,Rejected,Rejected,Rejected - Scrapped,2025-09-11 13:34:38.880,Thread:1(Re=1),Beatriz Costa
LOTE-M-INJ-006-7409,WO-11571,2025-09-11,Shift 3,IM-006,M-INJ-006,TF-006-PP-24415,PP,Flip Top,2871,L,200,0,0,1,1,Conforming,Approved,Approved,Approved - First Pass,2025-09-12 01:45:19.787,—,Ana Silva
LOTE-M-INJ-006-7410,WO-11574,2025-09-13,Shift 3,IM-006,M-INJ-006,TF-006-PP-PCR-24415,PP-PCR,Flip Top,17259,M,315,0,2,4,6,Conforming,Approved,Approved,Approved - First Pass,2025-09-14 00:03:03.489,—,Ana Silva
LOTE-M-INJ-009-7411,WO-11575,2025-09-13,Shift 2,IM-006,M-INJ-009,TF-009-PP-PCR-28415,PP-PCR,Flip Top,10506,M,315,0,3,2,5,Conforming,Approved,Approved,Approved - First Pass,2025-09-15 05:28:03.328,—,Diogo Ferreira
LOTE-M-INJ-009-7412,WO-11576,2025-09-14,Shift 2,IM-006,M-INJ-009,TF-009-PP-28415,PP,Flip Top,5350,L,200,0,1,10,11,Conforming,Approved,Approved,Approved - First Pass,2025-09-15 08:20:05.077,—,Carlos Mendes
LOTE-M-INJ-006-7413,WO-11579,2025-09-16,Shift 2,IM-006,M-INJ-006,TF-006-PP-24415,PP,Flip Top,12623,M,315,0,3,8,11,Conforming,Approved,Approved,Approved - First Pass,2025-09-18 05:46:30.023,—,Ana Silva
LOTE-M-INJ-006-7414,WO-11582,2025-09-19,  Shift 1  ,IM-006,M-INJ-006,TF-006-HDPE-24415,HDPE,Flip Top,19124,M,315,0,3,0,3,Conforming,Approved,Approved,Approved - First Pass,2025-09-20 04:50:59.751,—,Elena Santos
LOTE-M-INJ-006-7415,WO-11585,2025-09-21,Shift 1,IM-006,M-INJ-006,TF-006-PP-PCR-24415,PP-PCR,Flip Top,11726,M,315,1,2,7,10,Conforming,Rejected,Rejected,Rejected - Scrapped,2025-09-22 15:11:56.263,Sealing:1(Re=1),Elena Santos
LOTE-M-INJ-009-7416,WO-11588,2025-09-23,Shift 1,IM-006,M-INJ-009,TF-009-PP-28415,PP,Flip Top,21954,M,315,1,1,7,9,Conforming,Rejected,Approved,Approved - Released on Deviation,2025-09-24 14:06:25.511,—,Ana Silva
LOTE-M-INJ-009-7417,WO-11590,2025-09-24,Shift 2,IM-006,M-INJ-009,TF-009-HDPE-28415,HDPE,Flip Top,10178,M,315,0,4,1,5,Conforming,Approved,Approved,Approved - First Pass,2025-09-25 15:14:26.404,—,Elena Santos
LOTE-M-INJ-006-7418,WO-11591,2025-09-25,Shift 3,IM-006,M-INJ-006,TF-006-PP-PCR-24415,PP-PCR,Flip Top,4198,L,200,0,0,3,3,Conforming,Approved,Approved,Approved - First Pass,2025-09-25 19:33:13.367,—,Diogo Ferreira
LOTE-M-INJ-009-7419,WO-11594,2025-09-26,Shift 3,IM-006,M-INJ-009,TF-009-PP-28415,PP,Flip Top,26198,M,315,0,8,12,20,Conforming,Approved,Approved,Approved - First Pass,2025-09-28 01:10:16.412,—,Elena Santos
LOTE-M-INJ-009-7420,WO-11595,2025-09-27,Shift 2,IM-006,M-INJ-009,TF-009-PP-28415,PP,Flip Top,7630,L,200,0,3,9,12,Conforming,Approved,Approved,Approved - First Pass,2025-09-28 07:34:17.634,—,Beatriz Costa
LOTE-M-INJ-009-7421,WO-11598,2025-09-29,Shift 1,IM-006,M-INJ-009,TF-009-HDPE-28415,HDPE,Flip Top,16358,M,315,0,2,4,6,Conforming,Approved,Approved,Approved - First Pass,2025-09-30 06:12:27.654,—,Beatriz Costa
LOTE-M-INJ-009-7422,WO-11601,2025-09-30,Shift 2,IM-006,M-INJ-009,TF-009-PP-PCR-28415,PP-PCR,Flip Top,17919,M,315,0,1,7,8,Conforming,Approved,Approved,Approved - First Pass,2025-10-01 10:09:10.946,—,Carlos Mendes
LOTE-M-INJ-006-7423,WO-11602,2025-10-01,Shift 1,IM-006,M-INJ-006,TF-006-PP-PCR-24415,PP-PCR,Flip Top,6052,L,200,0,0,1,1,Conforming,Approved,Approved,Approved - First Pass,2025-10-02 20:36:20.550,—,Elena Santos
LOTE-M-INJ-009-7424,WO-11605,2025-10-03,Shift 3,IM-006,M-INJ-009,TF-009-PP-28415,PP,Flip Top,11330,M,315,0,3,5,8,Conforming,Approved,Approved,Approved - First Pass,2025-10-03 23:05:01.126,—,Ana Silva
LOTE-M-INJ-006-7425,WO-11606,2025-10-03,Shift 2,IM-006,M-INJ-006,TF-006-PP-24415,PP,Flip Top,3534,L,200,0,2,3,5,Conforming,Approved,Approved,Approved - First Pass,2025-10-04 05:58:59.485,—,Carlos Mendes
LOTE-M-INJ-009-7426,WO-11608,2025-10-04,Shift 2,IM-006,M-INJ-009,TF-009-HDPE-28415,HDPE,Flip Top,16003,M,315,0,0,3,3,Conforming,Approved,Approved,Approved - First Pass,2025-10-06 02:35:52.845,—,Ana Silva
LOTE-M-INJ-006-7427,WO-11611,2025-10-06,Shift 2,IM-006,M-INJ-006,TF-006-PP-24415,PP,Flip Top,13404,M,315,0,3,1,4,Conforming,Approved,Approved,Approved - First Pass,2025-10-07 17:06:54.354,—,Carlos Mendes
LOTE-M-INJ-009-7428,WO-11613,2025-10-08,Shift 1,IM-006,M-INJ-009,TF-009-PP-PCR-28415,PP-PCR,Flip Top,11607,M,315,0,1,4,5,Conforming,Approved,Approved,Approved - First Pass,2025-10-09 08:52:16.504,—,Carlos Mendes
LOTE-M-INJ-006-7429,WO-11615,2025-10-09,Shift 1,IM-006,M-INJ-006,TF-006-HDPE-24415,HDPE,Flip Top,11401,M,315,0,4,1,5,Conforming,Approved,Approved,Approved - First Pass,2025-10-10 17:41:39.353,—,Beatriz Costa
LOTE-M-INJ-009-7430,WO-11616,2025-10-10,Shift 3,IM-006,M-INJ-009,TF-009-HDPE-28415,HDPE,Flip Top,6780,L,200,0,1,2,3,Conforming,Approved,Approved,Approved - First Pass,2025-10-11 09:08:23.749,—,Ana Silva
LOTE-M-INJ-006-7431,WO-11618,2025-10-11,Shift 1,IM-006,M-INJ-006,TF-006-PP-PCR-24415,PP-PCR,Flip Top,12445,M,315,0,0,8,8,Conforming,Approved,Approved,Approved - First Pass,2025-10-12 14:27:53.126,—,Elena Santos
LOTE-M-INJ-006-7432,WO-11619,2025-10-12,Shift 3,IM-006,M-INJ-006,TF-006-HDPE-24415,HDPE,Flip Top,4789,L,200,0,1,4,5,Conforming,Approved,Approved,Approved - First Pass,2025-10-13 10:43:13.442,—,Elena Santos
LOTE-M-INJ-009-7433,WO-11621,2025-10-13,Shift 2,IM-006,M-INJ-009,TF-009-PP-28415,PP,Flip Top,22872,M,315,0,8,10,18,Conforming,Approved,Approved,Approved - First Pass,2025-10-14 21:28:47.090,—,Carlos Mendes
LOTE-M-INJ-009-7434,WO-11623,2025-10-15,Shift 1,IM-006,M-INJ-009,TF-009-HDPE-28415,HDPE,Flip Top,19664,M,315,0,0,6,6,Conforming,Approved,Approved,Approved - First Pass,2025-10-16 13:50:14.534,—,Beatriz Costa
LOTE-M-INJ-006-7435,WO-11624,2025-10-16,Shift 1,IM-006,M-INJ-006,TF-006-HDPE-24415,HDPE,Flip Top,4629,L,200,0,1,0,1,Conforming,Approved,Approved,Approved - First Pass,2025-10-17 13:16:02.253,—,Carlos Mendes
LOTE-M-INJ-006-7436,WO-11625,2025-10-16,Shift 2,IM-006,M-INJ-006,TF-006-HDPE-24415,HDPE,Flip Top,4938,L,200,0,1,3,4,Conforming,Approved,Approved,Approved - First Pass,2025-10-17 20:51:14.614,—,Beatriz Costa
LOTE-M-INJ-006-7437,WO-11627,2025-10-18,SHIFT 3,IM-006,M-INJ-006,TF-006-PP-24415,PP,Flip Top,12498,M,315,0,0,1,1,Conforming,Approved,Approved,Approved - First Pass,2025-10-19 09:17:40.152,—,Elena Santos
LOTE-M-INJ-009-7438,WO-11628,2025-10-18,Shift 2,IM-006,M-INJ-009,TF-009-PP-PCR-28415,PP-PCR,Flip Top,7173,L,200,0,1,2,3,Conforming,Approved,Approved,Approved - First Pass,2025-10-19 14:56:16.486,—,Beatriz Costa
LOTE-M-INJ-009-7439,WO-11629,2025-10-19,Shift 1,IM-006,M-INJ-009,TF-009-HDPE-28415,HDPE,Flip Top,8961,L,200,0,0,5,5,Conforming,Approved,Approved,Approved - First Pass,2025-10-20 11:53:20.705,—,Beatriz Costa
LOTE-M-INJ-006-7440,WO-11631,2025-10-20,Shift 3,IM-006,M-INJ-006,TF-006-PP-24415,PP,Flip Top,11125,M,315,0,2,3,5,Conforming,Approved,Approved,Approved - First Pass,2025-10-22 01:24:49.416,—,Diogo Ferreira
LOTE-M-INJ-009-7441,WO-11634,2025-10-22,Shift 2,IM-006,M-INJ-009,TF-009-PP-PCR-28415,PP-PCR,Flip Top,21336,M,315,0,3,11,14,Conforming,Approved,Approved,Approved - First Pass,2025-10-23 18:16:06.773,—,Diogo Ferreira
LOTE-M-INJ-006-7442,WO-11635,2025-10-23,Shift 2,IM-006,M-INJ-006,TF-006-HDPE-24415,HDPE,Flip Top,5056,L,200,0,0,1,1,Conforming,Approved,Approved,Approved - First Pass,2025-10-24 23:11:51.990,—,Carlos Mendes
LOTE-M-INJ-006-7443,WO-11637,2025-10-24,Shift 2,IM-006,M-INJ-006,TF-006-PP-PCR-24415,PP-PCR,Flip Top,8885,L,200,0,5,1,6,Conforming,Approved,Approved,Approved - First Pass,2025-10-25 18:27:29.366,—,Diogo Ferreira
LOTE-M-INJ-009-7444,WO-11639,2025-10-26,Shift 3,IM-006,M-INJ-009,TF-009-HDPE-28415,HDPE,Flip Top,20508,M,315,1,1,2,4,Conforming,Rejected,Rejected,Rejected - Scrapped,2025-10-27 03:06:50.083,Sealing:1(Re=1),Elena Santos
LOTE-M-INJ-006-7445,WO-11642,2025-10-28,Shift 1,IM-006,M-INJ-006,TF-006-HDPE-24415,HDPE,Flip Top,13831,M,315,0,1,7,8,Conforming,Approved,Approved,Approved - First Pass,2025-10-29 17:35:42.940,—,Elena Santos
LOTE-M-INJ-009-7446,WO-11645,2025-10-30,Shift 1,IM-006,M-INJ-009,TF-009-PP-PCR-28415,PP-PCR,Flip Top,21102,M,315,0,2,10,12,Conforming,Approved,Approved,Approved - First Pass,2025-10-31 18:45:01.280,—,Beatriz Costa
LOTE-M-INJ-006-7447,WO-11646,2025-10-31,Shift 3,IM-006,M-INJ-006,TF-006-PP-PCR-24415,PP-PCR,Flip Top,6160,L,200,0,1,2,3,Conforming,Approved,Approved,Approved - First Pass,2025-11-01 06:35:20.535,—,Beatriz Costa
LOTE-M-INJ-006-7448,WO-11649,2025-11-02,Shift 1,IM-006,M-INJ-006,TF-006-HDPE-24415,HDPE,Flip Top,14259,M,315,0,1,2,3,Conforming,Approved,Approved,Approved - First Pass,2025-11-03 07:15:41.248,—,Carlos Mendes
LOTE-M-INJ-006-7449,WO-11650,2025-11-03,Shift 3,IM-006,M-INJ-006,TF-006-PP-24415,PP,Flip Top,5152,L,200,0,0,0,0,Conforming,Approved,Approved,Approved - First Pass,2025-11-04 02:47:34.387,—,Diogo Ferreira
LOTE-M-INJ-006-7450,WO-11652,2025-11-04,Shift 1,IM-006,M-INJ-006,TF-006-PP-PCR-24415,PP-PCR,Flip Top,9508,L,200,0,2,6,8,Conforming,Approved,Approved,Approved - First Pass,2025-11-05 15:07:28.818,—,Beatriz Costa
LOTE-M-INJ-006-7451,WO-11654,2025-11-05,Shift 2,IM-006,M-INJ-006,TF-006-PP-PCR-24415,PP-PCR,Flip Top,11361,M,315,0,0,4,4,Conforming,Approved,Approved,Approved - First Pass,2025-11-06 15:48:39.029,—,Ana Silva
LOTE-M-INJ-006-7452,WO-11656,2025-11-06,Shift 2,IM-006,M-INJ-006,TF-006-HDPE-24415,HDPE,Flip Top,8605,L,200,0,1,6,7,Conforming,Approved,Approved,Approved - First Pass,2025-11-07 23:32:50.387,—,Carlos Mendes
LOTE-M-INJ-006-7453,WO-11657,2025-11-07,Shift 1,IM-006,M-INJ-006,TF-006-PP-PCR-24415,PP-PCR,Flip Top,6356,L,200,0,0,0,0,Conforming,Approved,Approved,Approved - First Pass,2025-11-08 13:15:43.558,—,Carlos Mendes
LOTE-M-INJ-009-7454,WO-11659,2025-11-09,Shift 3,IM-006,M-INJ-009,TF-009-PP-PCR-28415,PP-PCR,Flip Top,15118,M,315,0,1,2,3,Conforming,Approved,Approved,Approved - First Pass,2025-11-10 00:41:27.978,—,Elena Santos
LOTE-M-INJ-009-7455,WO-11660,2025-11-09,Shift 2,IM-006,M-INJ-009,TF-009-HDPE-28415,HDPE,Flip Top,7886,L,200,0,0,0,0,Conforming,Approved,Approved,Approved - First Pass,2025-11-10 12:10:42.161,—,Diogo Ferreira
LOTE-M-INJ-009-7456,WO-11663,2025-11-11,Shift 2,IM-006,M-INJ-009,TF-009-HDPE-28415,HDPE,Flip Top,21880,M,315,0,2,4,6,Conforming,Approved,Approved,Approved - First Pass,2025-11-12 14:48:45.305,—,Ana Silva
LOTE-M-INJ-006-7457,WO-11665,2025-11-12,Shift 2,IM-006,M-INJ-006,TF-006-HDPE-24415,HDPE,Flip Top,10723,M,315,0,2,6,8,Conforming,Approved,Approved,Approved - First Pass,2025-11-14 03:19:25.320,—,Diogo Ferreira
LOTE-M-INJ-006-7458,WO-11668,2025-11-14,Shift 2,IM-006,M-INJ-006,TF-006-PP-24415,PP,Flip Top,12991,M,315,0,4,3,7,Conforming,Approved,Approved,Approved - First Pass,2025-11-15 21:01:37.976,—,Carlos Mendes
LOTE-M-INJ-009-7459,WO-11671,2025-11-16,Shift 2,IM-006,M-INJ-009,TF-009-PP-PCR-28415,PP-PCR,Flip Top,22894,M,315,1,5,4,10,Conforming,Rejected,Rejected,Rejected - Scrapped,2025-11-17 20:52:25.283,Thread:1(Re=1),Elena Santos
LOTE-M-INJ-009-7460,WO-11674,2025-11-18,Shift 2,IM-006,M-INJ-009,TF-009-HDPE-28415,HDPE,Flip Top,24527,M,315,0,5,5,10,Conforming,Approved,Approved,Approved - First Pass,2025-11-20 05:27:44.649,—,Elena Santos
LOTE-M-INJ-009-7461,WO-11677,2025-11-21,Shift 1,IM-006,M-INJ-009,TF-009-PP-28415,PP,Flip Top,28539,M,315,0,0,8,8,Conforming,Approved,Approved,Approved - First Pass,2025-11-23 00:08:24.184,—,Diogo Ferreira
LOTE-M-INJ-009-7462,WO-11679,2025-11-22,Shift 2,IM-006,M-INJ-009,TF-009-PP-PCR-28415,PP-PCR,Flip Top,12352,M,315,0,2,1,3,Conforming,Approved,Approved,Approved - First Pass,2025-11-24 05:56:24.582,—,Elena Santos
LOTE-M-INJ-006-7463,WO-11680,2025-11-23,  Shift 2  ,IM-006,M-INJ-006,TF-006-PP-PCR-24415,PP-PCR,Flip Top,4501,L,200,0,0,0,0,Conforming,Approved,Approved,Approved - First Pass,2025-11-24 10:31:16.841,—,Diogo Ferreira
LOTE-M-INJ-006-7464,WO-11682,2025-11-24,Shift 2,IM-006,M-INJ-006,TF-006-HDPE-24415,HDPE,Flip Top,11302,M,315,0,2,4,6,Conforming,Approved,Approved,Approved - First Pass,2025-11-25 16:34:57.700,—,Elena Santos
LOTE-M-INJ-006-7465,WO-11683,2025-11-25,Shift 1,IM-006,M-INJ-006,TF-006-HDPE-24415,HDPE,Flip Top,6804,L,200,0,0,3,3,Conforming,Approved,Approved,Approved - First Pass,2025-11-26 08:54:24.068,—,Elena Santos
LOTE-M-INJ-009-7466,WO-11686,2025-11-27,Shift 1,IM-006,M-INJ-009,TF-009-PP-28415,PP,Flip Top,17115,M,315,1,1,5,7,Conforming,Rejected,Approved,Approved - Reworked,2025-11-28 08:31:10.915,—,Diogo Ferreira
LOTE-M-INJ-009-7467,WO-11687,2025-11-27,Shift 2,IM-006,M-INJ-009,TF-009-PP-28415,PP,Flip Top,4044,L,200,0,0,1,1,Conforming,Approved,Approved,Approved - First Pass,2025-11-28 14:49:24.857,—,Ana Silva
LOTE-M-INJ-009-7468,WO-11688,2025-11-28,Shift 3,IM-006,M-INJ-009,TF-009-PP-28415,PP,Flip Top,9879,L,200,0,0,0,0,Conforming,Approved,Approved,Approved - First Pass,2025-11-29 13:32:42.262,—,Carlos Mendes
LOTE-M-INJ-006-7469,WO-11691,2025-11-30,Shift 3,IM-006,M-INJ-006,TF-006-HDPE-24415,HDPE,Flip Top,15383,M,315,0,4,4,8,Conforming,Approved,Approved,Approved - First Pass,2025-12-01 17:42:50.964,—,Carlos Mendes
LOTE-M-INJ-009-7470,WO-11693,2025-12-01,Shift 2,IM-006,M-INJ-009,TF-009-PP-28415,PP,Flip Top,16622,M,315,0,1,0,1,Conforming,Approved,Approved,Approved - First Pass,2025-12-03 01:26:24.914,—,Diogo Ferreira
LOTE-M-INJ-009-7471,WO-11696,2025-12-03,Shift 2,IM-006,M-INJ-009,TF-009-PP-28415,PP,Flip Top,21708,M,315,0,2,7,9,Conforming,Approved,Approved,Approved - First Pass,2025-12-04 20:24:40.575,—,Carlos Mendes
LOTE-M-INJ-006-7472,WO-11698,2025-12-05,Shift 1,IM-006,M-INJ-006,TF-006-HDPE-24415,HDPE,Flip Top,7953,L,200,0,4,1,5,Conforming,Approved,Approved,Approved - First Pass,2025-12-06 15:42:01.917,—,Ana Silva
LOTE-M-INJ-006-7473,WO-11699,2025-12-05,SHIFT 2,IM-006,M-INJ-006,TF-006-HDPE-24415,HDPE,Flip Top,5683,L,200,0,1,0,1,Conforming,Approved,Approved,Approved - First Pass,2025-12-07 00:35:59.755,—,Ana Silva
LOTE-M-INJ-006-7474,WO-11700,2025-12-06,Shift 2,IM-006,M-INJ-006,TF-006-PP-24415,PP,Flip Top,4572,L,200,0,0,0,0,Conforming,Approved,Approved,Approved - First Pass,2025-12-07 20:30:24.478,—,Beatriz Costa
LOTE-M-INJ-006-7475,WO-11701,2025-12-07,Shift 2,IM-006,M-INJ-006,TF-006-HDPE-24415,HDPE,Flip Top,6381,L,200,0,0,5,5,Conforming,Approved,Approved,Approved - First Pass,2025-12-09 08:20:00.763,—,Carlos Mendes
LOTE-M-INJ-009-7476,WO-11704,2025-12-09,  Shift 2  ,IM-006,M-INJ-009,TF-009-PP-28415,PP,Flip Top,19595,M,315,0,0,2,2,Conforming,Approved,Approved,Approved - First Pass,2025-12-10 08:22:51.935,—,Beatriz Costa
LOTE-M-INJ-006-7477,WO-11707,2025-12-11,SHIFT 1,IM-006,M-INJ-006,TF-006-PP-PCR-24415,PP-PCR,Flip Top,8799,L,200,0,2,2,4,Conforming,Approved,Approved,Approved - First Pass,2025-12-12 16:14:36.382,—,Beatriz Costa
LOTE-M-INJ-006-7478,WO-11708,2025-12-12,Shift 3,IM-006,M-INJ-006,TF-006-HDPE-24415,HDPE,Flip Top,3987,L,200,0,0,3,3,Conforming,Approved,Approved,Approved - First Pass,2025-12-12 20:36:07.500,—,Ana Silva
LOTE-M-INJ-006-7479,WO-11710,2025-12-13,Shift 1,IM-006,M-INJ-006,TF-006-HDPE-24415,HDPE,Flip Top,9346,L,200,0,1,9,10,Conforming,Approved,Approved,Approved - First Pass,2025-12-14 03:29:43.420,—,Diogo Ferreira
LOTE-M-INJ-006-7480,WO-11712,2025-12-14,Shift 1,IM-006,M-INJ-006,TF-006-PP-24415,PP,Flip Top,9481,L,200,0,0,1,1,Conforming,Approved,Approved,Approved - First Pass,2025-12-15 11:03:56.157,—,Elena Santos
LOTE-M-INJ-006-7481,WO-11715,2025-12-16,  Shift 2  ,IM-006,M-INJ-006,TF-006-HDPE-24415,HDPE,Flip Top,14900,M,315,0,5,4,9,Conforming,Approved,Approved,Approved - First Pass,2025-12-17 17:19:46.724,—,Ana Silva
LOTE-M-INJ-006-7482,WO-11716,2025-12-17,SHIFT 3,IM-006,M-INJ-006,TF-006-HDPE-24415,HDPE,Flip Top,3769,L,200,0,2,2,4,Conforming,Approved,Approved,Approved - First Pass,2025-12-18 07:03:24.450,—,Diogo Ferreira
LOTE-M-INJ-009-7483,WO-11718,2025-12-18,Shift 2,IM-006,M-INJ-009,TF-009-PP-PCR-28415,PP-PCR,Flip Top,12089,M,315,0,2,6,8,Conforming,Approved,Approved,Approved - First Pass,2025-12-19 18:41:43.933,—,Beatriz Costa
LOTE-M-INJ-009-7484,WO-11721,2025-12-20,  Shift 1  ,IM-006,M-INJ-009,TF-009-PP-28415,PP,Flip Top,18287,M,315,0,0,5,5,Conforming,Approved,Approved,Approved - First Pass,2025-12-21 18:07:14.985,—,Carlos Mendes
LOTE-M-INJ-009-7485,WO-11722,2025-12-21,Shift 1,IM-006,M-INJ-009,TF-009-PP-PCR-28415,PP-PCR,Flip Top,8471,L,200,0,1,1,2,Conforming,Approved,Approved,Approved - First Pass,2025-12-22 02:43:01.803,—,Ana Silva
LOTE-M-INJ-009-7486,WO-11723,2025-12-22,shift 3,IM-006,M-INJ-009,TF-009-PP-28415,PP,Flip Top,7172,L,200,0,0,0,0,Conforming,Approved,Approved,Approved - First Pass,2025-12-23 05:56:05.114,—,Ana Silva
LOTE-M-INJ-006-7487,WO-11725,2025-12-23,SHIFT 1,IM-006,M-INJ-006,TF-006-HDPE-24415,HDPE,Flip Top,11966,M,315,0,2,3,5,Conforming,Approved,Approved,Approved - First Pass,2025-12-24 12:58:38.476,—,Beatriz Costa
LOTE-M-INJ-006-7488,WO-11726,2025-12-24,Shift 3,IM-006,M-INJ-006,TF-006-PP-PCR-24415,PP-PCR,Flip Top,5545,L,200,0,0,1,1,Conforming,Approved,Approved,Approved - First Pass,2025-12-25 13:50:57.931,—,Carlos Mendes
LOTE-M-INJ-006-7489,WO-11728,2025-12-25,Shift 1,IM-006,M-INJ-006,TF-006-PP-PCR-24415,PP-PCR,Flip Top,10284,M,315,0,4,5,9,Conforming,Approved,Approved,Approved - First Pass,2025-12-26 10:28:44.935,—,Elena Santos
LOTE-M-INJ-009-7490,WO-11731,2025-12-27,Shift 3,IM-006,M-INJ-009,TF-009-PP-28415,PP,Flip Top,19129,M,315,0,2,8,10,Conforming,Approved,Approved,Approved - First Pass,2025-12-28 06:41:42.056,—,Carlos Mendes
LOTE-M-INJ-009-7491,WO-11733,2025-12-28,Shift 2,IM-006,M-INJ-009,TF-009-HDPE-28415,HDPE,Flip Top,13718,M,315,0,0,4,4,Conforming,Approved,Approved,Approved - First Pass,2025-12-29 09:07:01.128,—,Carlos Mendes
LOTE-M-INJ-006-7492,WO-11734,2025-12-29,Shift 1,IM-006,M-INJ-006,TF-006-PP-24415,PP,Flip Top,4733,L,200,0,0,2,2,Conforming,Approved,Approved,Approved - First Pass,2025-12-30 13:20:16.662,—,Ana Silva
LOTE-M-INJ-006-7493,WO-11735,2025-12-30,Shift 3,IM-006,M-INJ-006,TF-006-PP-PCR-24415,PP-PCR,Flip Top,4208,L,200,0,2,4,6,Conforming,Approved,Approved,Approved - First Pass,2025-12-31 14:56:18.513,—,Elena Santos
LOTE-M-INJ-006-7494,WO-11736,2025-12-31,Shift 3,IM-006,M-INJ-006,TF-006-PP-PCR-24415,PP-PCR,Flip Top,4705,L,200,0,4,0,4,Conforming,Approved,Approved,Approved - First Pass,2026-01-01 03:45:30.115,—,Beatriz Costa
LOTE-M-INJ-009-7495,WO-11737,2025-12-31,Shift 2,IM-006,M-INJ-009,TF-009-HDPE-28415,HDPE,Flip Top,5286,L,200,0,0,6,6,Conforming,Approved,Approved,Approved - First Pass,2026-01-02 02:08:23.918,—,Ana Silva
LOTE-M-INJ-009-7496,WO-11739,2026-01-02,Shift 1,IM-006,M-INJ-009,TF-009-HDPE-28415,HDPE,Flip Top,14526,M,315,0,1,7,8,Conforming,Approved,Approved,Approved - First Pass,2026-01-03 05:20:55.962,—,Carlos Mendes
LOTE-M-INJ-009-7497,WO-11740,2026-01-02,Shift 2,IM-006,M-INJ-009,TF-009-PP-PCR-28415,PP-PCR,Flip Top,10929,M,315,0,0,0,0,Conforming,Approved,Approved,Approved - First Pass,2026-01-03 15:45:01.673,—,Diogo Ferreira
LOTE-M-INJ-009-7498,WO-11741,2026-01-03,Shift 1,IM-006,M-INJ-009,TF-009-PP-PCR-28415,PP-PCR,Flip Top,6924,L,200,0,0,4,4,Conforming,Approved,Approved,Approved - First Pass,2026-01-04 11:21:17.450,—,Carlos Mendes
LOTE-M-INJ-009-7499,WO-11742,2026-01-04,Shift 3,IM-006,M-INJ-009,TF-009-PP-PCR-28415,PP-PCR,Flip Top,6088,L,200,0,0,0,0,Conforming,Approved,Approved,Approved - First Pass,2026-01-05 06:51:05.951,—,Ana Silva
LOTE-M-INJ-009-7500,WO-11745,2026-01-06,Shift 3,IM-006,M-INJ-009,TF-009-PP-28415,PP,Flip Top,23018,M,315,0,2,10,12,Conforming,Approved,Approved,Approved - First Pass,2026-01-07 07:02:06.736,—,Carlos Mendes
LOTE-M-INJ-006-7501,WO-11747,2026-01-07,Shift 1,IM-006,M-INJ-006,TF-006-PP-PCR-24415,PP-PCR,Flip Top,9538,L,200,1,1,8,10,Conforming,Rejected,Rejected,Rejected - Scrapped,2026-01-08 17:41:10.806,Sealing:1(Re=1),Carlos Mendes
LOTE-M-INJ-006-7502,WO-11750,2026-01-09,Shift 3,IM-006,M-INJ-006,TF-006-PP-PCR-24415,PP-PCR,Flip Top,15848,M,315,0,3,11,14,Conforming,Approved,Approved,Approved - First Pass,2026-01-10 08:14:41.445,—,Elena Santos
LOTE-M-INJ-006-7503,WO-11752,2026-01-10,Shift 1,IM-006,M-INJ-006,TF-006-HDPE-24415,HDPE,Flip Top,10274,M,315,0,3,5,8,Conforming,Approved,Approved,Approved - First Pass,2026-01-11 15:25:22.078,—,Ana Silva
LOTE-M-INJ-009-7504,WO-11754,2026-01-11,Shift 2,IM-006,M-INJ-009,TF-009-HDPE-28415,HDPE,Flip Top,11139,M,315,0,1,2,3,Conforming,Approved,Approved,Approved - First Pass,2026-01-13 02:10:38.950,—,Diogo Ferreira
LOTE-M-INJ-006-7505,WO-11756,2026-01-13,Shift 1,IM-006,M-INJ-006,TF-006-PP-PCR-24415,PP-PCR,Flip Top,9544,L,200,0,1,4,5,Conforming,Approved,Approved,Approved - First Pass,2026-01-14 15:42:06.692,—,Carlos Mendes
LOTE-M-INJ-009-7506,WO-11758,2026-01-14,  Shift 2  ,IM-006,M-INJ-009,TF-009-PP-28415,PP,Flip Top,16617,M,315,0,2,6,8,Conforming,Approved,Approved,Approved - First Pass,2026-01-15 20:51:09.831,—,Ana Silva
LOTE-M-INJ-009-7507,WO-11760,2026-01-15,Shift 2,IM-006,M-INJ-009,TF-009-PP-28415,PP,Flip Top,11942,M,315,0,3,2,5,Conforming,Approved,Approved,Approved - First Pass,2026-01-16 22:59:10.820,—,Beatriz Costa
LOTE-M-INJ-006-7508,WO-11763,2026-01-18,SHIFT 3,IM-006,M-INJ-006,TF-006-PP-PCR-24415,PP-PCR,Flip Top,18304,M,315,0,2,5,7,Conforming,Approved,Approved,Approved - First Pass,2026-01-19 10:02:42.808,—,Beatriz Costa
LOTE-M-INJ-009-7509,WO-11764,2026-01-19,Shift 3,IM-006,M-INJ-009,TF-009-PP-28415,PP,Flip Top,3448,L,200,0,1,7,8,Conforming,Approved,Approved,Approved - First Pass,2026-01-19 20:09:54.646,—,Diogo Ferreira
LOTE-M-INJ-006-7510,WO-11766,2026-01-20,Shift 3,IM-006,M-INJ-006,TF-006-PP-PCR-24415,PP-PCR,Flip Top,9479,L,200,0,3,0,3,Conforming,Approved,Approved,Approved - First Pass,2026-01-21 09:21:16.350,—,Ana Silva
LOTE-M-INJ-006-7511,WO-11769,2026-01-22,Shift 3,IM-006,M-INJ-006,TF-006-PP-24415,PP,Flip Top,14406,M,315,0,3,8,11,Conforming,Approved,Approved,Approved - First Pass,2026-01-22 23:40:11.472,—,Elena Santos
LOTE-M-INJ-006-7512,WO-11771,2026-01-23,Shift 1,IM-006,M-INJ-006,TF-006-HDPE-24415,HDPE,Flip Top,8631,L,200,0,3,2,5,Conforming,Approved,Approved,Approved - First Pass,2026-01-24 18:09:54.866,—,Ana Silva
LOTE-M-INJ-006-7513,WO-11774,2026-01-25,Shift 3,IM-006,M-INJ-006,TF-006-HDPE-24415,HDPE,Flip Top,13710,M,315,0,1,7,8,Conforming,Approved,Approved,Approved - First Pass,2026-01-26 03:07:03.057,—,Ana Silva
LOTE-M-INJ-006-7514,WO-11777,2026-01-27,  Shift 2  ,IM-006,M-INJ-006,TF-006-PP-PCR-24415,PP-PCR,Flip Top,17283,M,315,0,2,7,9,Conforming,Approved,Approved,Approved - First Pass,2026-01-28 21:55:28.929,—,Carlos Mendes
LOTE-M-INJ-009-7515,WO-11778,2026-01-28,Shift 1,IM-006,M-INJ-009,TF-009-PP-PCR-28415,PP-PCR,Flip Top,6018,L,200,0,0,0,0,Conforming,Approved,Approved,Approved - First Pass,2026-01-29 13:06:57.356,—,Ana Silva
LOTE-M-INJ-006-7516,WO-11780,2026-01-29,Shift 2,IM-006,M-INJ-006,TF-006-HDPE-24415,HDPE,Flip Top,5372,L,200,0,1,2,3,Conforming,Approved,Approved,Approved - First Pass,2026-01-30 13:08:36.990,—,Elena Santos
LOTE-M-INJ-006-7517,WO-11781,2026-01-30,Shift 3,IM-006,M-INJ-006,TF-006-HDPE-24415,HDPE,Flip Top,4432,L,200,0,1,0,1,Conforming,Approved,Approved,Approved - First Pass,2026-01-31 08:08:19.757,—,Diogo Ferreira
LOTE-M-INJ-009-7518,WO-11783,2026-01-31,Shift 2,IM-006,M-INJ-009,TF-009-PP-28415,PP,Flip Top,17237,M,315,0,2,7,9,Conforming,Approved,Approved,Approved - First Pass,2026-02-01 18:41:30.975,—,Ana Silva
LOTE-M-INJ-009-7519,WO-11786,2026-02-02,Shift 2,IM-006,M-INJ-009,TF-009-PP-PCR-28415,PP-PCR,Flip Top,23852,M,315,0,3,6,9,Conforming,Approved,Approved,Approved - First Pass,2026-02-04 02:22:17.862,—,Elena Santos
LOTE-M-INJ-009-7520,WO-11788,2026-02-04,Shift 3,IM-006,M-INJ-009,TF-009-PP-PCR-28415,PP-PCR,Flip Top,17186,M,315,0,3,7,10,Conforming,Approved,Approved,Approved - First Pass,2026-02-04 21:31:04.001,—,Elena Santos
LOTE-M-INJ-006-7521,WO-11789,2026-02-04,Shift 2,IM-006,M-INJ-006,TF-006-PP-24415,PP,Flip Top,4760,L,200,0,1,5,6,Conforming,Approved,Approved,Approved - First Pass,2026-02-05 19:32:41.490,—,Beatriz Costa
LOTE-M-INJ-006-7522,WO-11792,2026-02-07,Shift 3,IM-006,M-INJ-006,TF-006-PP-PCR-24415,PP-PCR,Flip Top,18306,M,315,0,2,14,16,Conforming,Approved,Approved,Approved - First Pass,2026-02-08 12:12:30.873,—,Ana Silva
LOTE-M-INJ-006-7523,WO-11795,2026-02-08,Shift 2,IM-006,M-INJ-006,TF-006-PP-PCR-24415,PP-PCR,Flip Top,10510,M,315,0,3,0,3,Conforming,Approved,Approved,Approved - First Pass,2026-02-10 01:51:41.486,—,Elena Santos
LOTE-M-INJ-006-7524,WO-11798,2026-02-10,Shift 2,IM-006,M-INJ-006,TF-006-PP-PCR-24415,PP-PCR,Flip Top,15956,M,315,1,3,11,15,Conforming,Rejected,Rejected,Rejected - Scrapped,2026-02-11 20:58:51.523,Thread:1(Re=1),Diogo Ferreira
LOTE-M-INJ-009-7525,WO-11800,2026-02-12,Shift 3,IM-006,M-INJ-009,TF-009-PP-PCR-28415,PP-PCR,Flip Top,12666,M,315,0,1,2,3,Conforming,Approved,Approved,Approved - First Pass,2026-02-12 23:38:01.532,—,Beatriz Costa
LOTE-M-INJ-006-7526,WO-11803,2026-02-14,Shift 3,IM-006,M-INJ-006,TF-006-PP-PCR-24415,PP-PCR,Flip Top,15028,M,315,1,0,5,6,Conforming,Rejected,Rejected,Rejected - Scrapped,2026-02-15 19:45:15.680,Sealing:1(Re=1),Diogo Ferreira
LOTE-M-INJ-006-7527,WO-11805,2026-02-15,Shift 2,IM-006,M-INJ-006,TF-006-HDPE-24415,HDPE,Flip Top,8855,L,200,0,3,0,3,Conforming,Approved,Approved,Approved - First Pass,2026-02-16 19:37:35.228,—,Carlos Mendes
LOTE-M-INJ-009-7528,WO-11808,2026-02-17,shift 2,IM-006,M-INJ-009,TF-009-PP-28415,PP,Flip Top,22258,M,315,0,1,8,9,Conforming,Approved,Approved,Approved - First Pass,2026-02-19 08:57:31.669,—,Ana Silva
LOTE-M-INJ-009-7529,WO-11810,2026-02-19,Shift 3,IM-006,M-INJ-009,TF-009-PP-28415,PP,Flip Top,13192,M,315,0,1,0,1,Conforming,Approved,Approved,Approved - First Pass,2026-02-20 06:57:07.294,—,Carlos Mendes
LOTE-M-INJ-009-7530,WO-11813,2026-02-20,Shift 2,IM-006,M-INJ-009,TF-009-HDPE-28415,HDPE,Flip Top,24737,M,315,1,6,11,18,Conforming,Rejected,Rejected,Rejected - Scrapped,2026-02-22 03:50:10.416,Thread:1(Re=1),Carlos Mendes
LOTE-M-INJ-006-7531,WO-11815,2026-02-22,Shift 1,IM-006,M-INJ-006,TF-006-HDPE-24415,HDPE,Flip Top,9610,L,200,0,2,4,6,Conforming,Approved,Approved,Approved - First Pass,2026-02-23 06:38:42.637,—,Carlos Mendes
LOTE-M-INJ-006-7532,WO-11816,2026-02-23,Shift 3,IM-006,M-INJ-006,TF-006-HDPE-24415,HDPE,Flip Top,2356,L,200,0,0,3,3,Conforming,Approved,Approved,Approved - First Pass,2026-02-24 08:48:08.989,—,Beatriz Costa
LOTE-M-INJ-006-7533,WO-11818,2026-02-24,SHIFT 3,IM-006,M-INJ-006,TF-006-PP-24415,PP,Flip Top,10084,M,315,0,0,2,2,Conforming,Approved,Approved,Approved - First Pass,2026-02-25 16:26:26.468,—,Beatriz Costa
LOTE-M-INJ-009-7534,WO-11820,2026-02-25,  Shift 1  ,IM-006,M-INJ-009,TF-009-PP-PCR-28415,PP-PCR,Flip Top,20059,M,315,1,0,5,6,Conforming,Rejected,Rejected,Rejected - Scrapped,2026-02-26 23:22:31.653,Thread:1(Re=1),Diogo Ferreira
LOTE-M-INJ-009-7535,WO-11822,2026-02-27,Shift 3,IM-006,M-INJ-009,TF-009-PP-PCR-28415,PP-PCR,Flip Top,14751,M,315,1,0,6,7,Conforming,Rejected,Rejected,Rejected - Scrapped,2026-02-28 12:15:05.072,Sealing:1(Re=1),Carlos Mendes
LOTE-M-INJ-009-7536,WO-11825,2026-03-01,Shift 2,IM-006,M-INJ-009,TF-009-PP-PCR-28415,PP-PCR,Flip Top,22660,M,315,0,2,2,4,Conforming,Approved,Approved,Approved - First Pass,2026-03-03 02:58:53.649,—,Diogo Ferreira
LOTE-M-INJ-009-7537,WO-11828,2026-03-03,Shift 2,IM-006,M-INJ-009,TF-009-PP-28415,PP,Flip Top,25437,M,315,0,3,5,8,Conforming,Approved,Approved,Approved - First Pass,2026-03-04 10:34:13.228,—,Diogo Ferreira
LOTE-M-INJ-006-7538,WO-11829,2026-03-04,Shift 1,IM-006,M-INJ-006,TF-006-PP-PCR-24415,PP-PCR,Flip Top,2684,L,200,0,3,0,3,Conforming,Approved,Approved,Approved - First Pass,2026-03-05 05:57:06.051,—,Carlos Mendes
LOTE-M-INJ-009-7539,WO-11831,2026-03-05,Shift 1,IM-006,M-INJ-009,TF-009-PP-PCR-28415,PP-PCR,Flip Top,16679,M,315,0,1,7,8,Conforming,Approved,Approved,Approved - First Pass,2026-03-06 03:11:17.495,—,Elena Santos
LOTE-M-INJ-009-7540,WO-11832,2026-03-05,Shift 3,IM-006,M-INJ-009,TF-009-HDPE-28415,HDPE,Flip Top,7610,L,200,0,0,0,0,Conforming,Approved,Approved,Approved - First Pass,2026-03-07 00:20:34.570,—,Beatriz Costa
LOTE-M-INJ-009-7541,WO-11835,2026-03-08,shift 3,IM-006,M-INJ-009,TF-009-PP-28415,PP,Flip Top,23420,M,315,0,0,5,5,Conforming,Approved,Approved,Approved - First Pass,2026-03-09 00:09:34.372,—,Beatriz Costa
LOTE-M-INJ-006-7542,WO-11837,2026-03-09,Shift 1,IM-006,M-INJ-006,TF-006-PP-24415,PP,Flip Top,11668,M,315,0,2,2,4,Conforming,Approved,Approved,Approved - First Pass,2026-03-10 14:12:22.720,—,Beatriz Costa
LOTE-M-INJ-009-7543,WO-11839,2026-03-10,Shift 3,IM-006,M-INJ-009,TF-009-PP-PCR-28415,PP-PCR,Flip Top,17633,M,315,0,0,7,7,Conforming,Approved,Approved,Approved - First Pass,2026-03-12 09:22:28.930,—,Ana Silva
LOTE-M-INJ-006-7544,WO-11840,2026-03-11,Shift 2,IM-006,M-INJ-006,TF-006-PP-24415,PP,Flip Top,3065,L,200,0,0,2,2,Conforming,Approved,Approved,Approved - First Pass,2026-03-12 14:37:56.259,—,Beatriz Costa
LOTE-M-INJ-009-7545,WO-11842,2026-03-12,shift 3,IM-006,M-INJ-009,TF-009-PP-PCR-28415,PP-PCR,Flip Top,14744,M,315,0,0,1,1,Conforming,Approved,Approved,Approved - First Pass,2026-03-13 23:44:27.371,—,Carlos Mendes
LOTE-M-INJ-006-7546,WO-11843,2026-03-13,Shift 3,IM-006,M-INJ-006,TF-006-PP-PCR-24415,PP-PCR,Flip Top,5095,L,200,0,0,3,3,Conforming,Approved,Approved,Approved - First Pass,2026-03-15 03:37:48.553,—,Elena Santos
LOTE-M-INJ-009-7547,WO-11845,2026-03-15,Shift 3,IM-006,M-INJ-009,TF-009-PP-28415,PP,Flip Top,10688,M,315,0,1,8,9,Conforming,Approved,Approved,Approved - First Pass,2026-03-16 19:10:17.521,—,Ana Silva
LOTE-M-INJ-009-7548,WO-11847,2026-03-16,Shift 2,IM-006,M-INJ-009,TF-009-HDPE-28415,HDPE,Flip Top,14917,M,315,0,2,0,2,Conforming,Approved,Approved,Approved - First Pass,2026-03-17 21:56:04.852,—,Diogo Ferreira
LOTE-M-INJ-009-7549,WO-11850,2026-03-18,Shift 2,IM-006,M-INJ-009,TF-009-PP-28415,PP,Flip Top,29308,M,315,1,4,19,24,Conforming,Rejected,Approved,Approved - Reworked,2026-03-20 00:28:23.363,—,Elena Santos
LOTE-M-INJ-006-7550,WO-11852,2026-03-20,Shift 1,IM-006,M-INJ-006,TF-006-PP-PCR-24415,PP-PCR,Flip Top,11702,M,315,2,0,6,8,Conforming,Rejected,Rejected,Rejected - Scrapped,2026-03-21 06:47:36.313,Thread:2(Re=1),Ana Silva
LOTE-M-INJ-009-7551,WO-11854,2026-03-21,Shift 2,IM-006,M-INJ-009,TF-009-PP-PCR-28415,PP-PCR,Flip Top,12517,M,315,0,4,1,5,Conforming,Approved,Approved,Approved - First Pass,2026-03-22 14:19:27.302,—,Diogo Ferreira
LOTE-M-INJ-009-7552,WO-11855,2026-03-22,Shift 3,IM-006,M-INJ-009,TF-009-PP-PCR-28415,PP-PCR,Flip Top,9924,L,200,0,3,0,3,Conforming,Approved,Approved,Approved - First Pass,2026-03-23 14:13:32.676,—,Carlos Mendes
LOTE-M-INJ-009-7553,WO-11857,2026-03-23,  Shift 2  ,IM-006,M-INJ-009,TF-009-PP-28415,PP,Flip Top,8534,L,200,0,0,2,2,Conforming,Approved,Approved,Approved - First Pass,2026-03-24 14:24:19.839,—,Beatriz Costa
LOTE-M-INJ-009-7554,WO-11859,2026-03-24,shift 2,IM-006,M-INJ-009,TF-009-PP-PCR-28415,PP-PCR,Flip Top,14128,M,315,0,2,8,10,Conforming,Approved,Approved,Approved - First Pass,2026-03-26 06:59:57.194,—,Ana Silva
LOTE-M-INJ-006-7555,WO-11862,2026-03-27,Shift 1,IM-006,M-INJ-006,TF-006-HDPE-24415,HDPE,Flip Top,13233,M,315,0,10,11,21,Conforming,Approved,Approved,Approved - First Pass,2026-03-28 21:57:49.916,—,Diogo Ferreira
LOTE-M-INJ-006-7556,WO-11863,2026-03-28,Shift 3,IM-006,M-INJ-006,TF-006-PP-PCR-24415,PP-PCR,Flip Top,6701,L,200,0,0,2,2,Conforming,Approved,Approved,Approved - First Pass,2026-03-29 18:01:51.236,—,Ana Silva
LOTE-M-INJ-006-7557,WO-11866,2026-03-30,Shift 1,IM-006,M-INJ-006,TF-006-PP-24415,PP,Flip Top,14243,M,315,1,6,10,17,Conforming,Rejected,Rejected,Rejected - Scrapped,2026-03-31 10:15:51.141,Thread:1(Re=1),Beatriz Costa
LOTE-M-INJ-009-7558,WO-11868,2026-03-31,Shift 2,IM-006,M-INJ-009,TF-009-HDPE-28415,HDPE,Flip Top,11649,M,315,0,0,4,4,Conforming,Approved,Approved,Approved - First Pass,2026-04-01 18:40:23.621,—,Diogo Ferreira
LOTE-M-INJ-009-7559,WO-11870,2026-04-01,Shift 2,IM-006,M-INJ-009,TF-009-HDPE-28415,HDPE,Flip Top,15308,M,315,0,2,0,2,Conforming,Approved,Approved,Approved - First Pass,2026-04-02 16:42:00.447,—,Diogo Ferreira
LOTE-M-INJ-009-7560,WO-11871,2026-04-02,Shift 1,IM-006,M-INJ-009,TF-009-PP-PCR-28415,PP-PCR,Flip Top,7723,L,200,0,0,2,2,Conforming,Approved,Approved,Approved - First Pass,2026-04-03 04:28:25.196,—,Beatriz Costa
LOTE-M-INJ-009-7561,WO-11874,2026-04-04,Shift 1,IM-006,M-INJ-009,TF-009-PP-PCR-28415,PP-PCR,Flip Top,23487,M,315,0,3,8,11,Conforming,Approved,Approved,Approved - First Pass,2026-04-05 01:38:39.326,—,Beatriz Costa
LOTE-M-INJ-009-7562,WO-11876,2026-04-05,Shift 2,IM-006,M-INJ-009,TF-009-PP-28415,PP,Flip Top,17787,M,315,0,3,5,8,Conforming,Approved,Approved,Approved - First Pass,2026-04-06 10:12:27.466,—,Ana Silva
LOTE-M-INJ-006-7563,WO-11877,2026-04-06,SHIFT 1,IM-006,M-INJ-006,TF-006-HDPE-24415,HDPE,Flip Top,4695,L,200,0,0,0,0,Conforming,Approved,Approved,Approved - First Pass,2026-04-07 03:31:26.347,—,Diogo Ferreira
LOTE-M-INJ-009-7564,WO-11878,2026-04-06,Shift 3,IM-006,M-INJ-009,TF-009-HDPE-28415,HDPE,Flip Top,6795,L,200,0,1,0,1,Conforming,Approved,Approved,Approved - First Pass,2026-04-07 15:45:14.253,—,Carlos Mendes
LOTE-M-INJ-006-7565,WO-11881,2026-04-09,Shift 1,IM-006,M-INJ-006,TF-006-HDPE-24415,HDPE,Flip Top,17363,M,315,0,0,16,16,Conforming,Approved,Approved,Approved - First Pass,2026-04-10 02:16:57.670,—,Beatriz Costa
LOTE-M-INJ-009-7566,WO-11884,2026-04-11,Shift 1,IM-006,M-INJ-009,TF-009-HDPE-28415,HDPE,Flip Top,23376,M,315,0,2,1,3,Conforming,Approved,Approved,Approved - First Pass,2026-04-13 00:29:30.172,—,Carlos Mendes
LOTE-M-INJ-006-7567,WO-11887,2026-04-13,Shift 2,IM-006,M-INJ-006,TF-006-PP-PCR-24415,PP-PCR,Flip Top,13991,M,315,0,2,4,6,Conforming,Approved,Approved,Approved - First Pass,2026-04-14 15:20:27.575,—,Elena Santos
LOTE-M-INJ-006-7568,WO-11888,2026-04-14,shift 1,IM-006,M-INJ-006,TF-006-PP-PCR-24415,PP-PCR,Flip Top,1675,L,200,0,1,8,9,Conforming,Approved,Approved,Approved - First Pass,2026-04-15 07:07:39.178,—,Diogo Ferreira
LOTE-M-INJ-009-7569,WO-11889,2026-04-15,Shift 3,IM-006,M-INJ-009,TF-009-HDPE-28415,HDPE,Flip Top,5226,L,200,0,1,5,6,Conforming,Approved,Approved,Approved - First Pass,2026-04-15 17:48:44.651,—,Elena Santos
LOTE-M-INJ-009-7570,WO-11892,2026-04-17,Shift 1,IM-006,M-INJ-009,TF-009-HDPE-28415,HDPE,Flip Top,22451,M,315,0,1,2,3,Conforming,Approved,Approved,Approved - First Pass,2026-04-18 11:18:57.254,—,Beatriz Costa
LOTE-M-INJ-009-7571,WO-11894,2026-04-18,Shift 1,IM-006,M-INJ-009,TF-009-PP-PCR-28415,PP-PCR,Flip Top,16091,M,315,1,0,6,7,Conforming,Rejected,Rejected,Rejected - Scrapped,2026-04-19 03:41:51.339,Sealing:1(Re=1),Elena Santos
LOTE-M-INJ-009-7572,WO-11897,2026-04-20,Shift 2,IM-006,M-INJ-009,TF-009-PP-28415,PP,Flip Top,20086,M,315,0,4,3,7,Conforming,Approved,Approved,Approved - First Pass,2026-04-21 21:16:35.683,—,Elena Santos
LOTE-M-INJ-009-7573,WO-11899,2026-04-21,Shift 2,IM-006,M-INJ-009,TF-009-PP-28415,PP,Flip Top,13080,M,315,0,0,1,1,Conforming,Approved,Approved,Approved - First Pass,2026-04-22 23:53:12.196,—,Beatriz Costa
LOTE-M-INJ-006-7574,WO-11900,2026-04-22,Shift 1,IM-006,M-INJ-006,TF-006-PP-PCR-24415,PP-PCR,Flip Top,3507,L,200,0,2,2,4,Conforming,Approved,Approved,Approved - First Pass,2026-04-23 15:21:39.963,—,Ana Silva
LOTE-M-INJ-006-7575,WO-11902,2026-04-24,shift 1,IM-006,M-INJ-006,TF-006-PP-24415,PP,Flip Top,9317,L,200,0,0,6,6,Conforming,Approved,Approved,Approved - First Pass,2026-04-25 02:35:58.095,—,Diogo Ferreira
LOTE-M-INJ-006-7576,WO-11905,2026-04-26,shift 1,IM-006,M-INJ-006,TF-006-HDPE-24415,HDPE,Flip Top,13033,M,315,1,7,0,8,Conforming,Rejected,Rejected,Rejected - Scrapped,2026-04-28 05:51:08.508,Sealing:1(Re=1),Elena Santos
LOTE-M-INJ-006-7577,WO-11907,2026-04-28,Shift 3,IM-006,M-INJ-006,TF-006-PP-PCR-24415,PP-PCR,Flip Top,7893,L,200,0,2,2,4,Conforming,Approved,Approved,Approved - First Pass,2026-04-29 08:23:35.747,—,Diogo Ferreira
LOTE-M-INJ-009-7578,WO-11908,2026-04-28,Shift 2,IM-006,M-INJ-009,TF-009-HDPE-28415,HDPE,Flip Top,8150,L,200,0,0,1,1,Conforming,Approved,Approved,Approved - First Pass,2026-04-29 13:47:32.108,—,Beatriz Costa
LOTE-M-INJ-006-7579,WO-11909,2026-04-29,SHIFT 3,IM-006,M-INJ-006,TF-006-PP-PCR-24415,PP-PCR,Flip Top,8523,L,200,1,2,0,3,Conforming,Rejected,Rejected,Rejected - Scrapped,2026-04-30 19:30:58.342,Thread:1(Re=1),Carlos Mendes
LOTE-M-INJ-009-7580,WO-11910,2026-04-30,Shift 3,IM-006,M-INJ-009,TF-009-PP-PCR-28415,PP-PCR,Flip Top,5782,L,200,0,0,0,0,Conforming,Approved,Approved,Approved - First Pass,2026-05-01 07:07:12.458,—,Elena Santos
LOTE-M-INJ-006-7581,WO-11911,2026-04-30,Shift 2,IM-006,M-INJ-006,TF-006-PP-24415,PP,Flip Top,4486,L,200,0,0,1,1,Conforming,Approved,Approved,Approved - First Pass,2026-05-01 10:09:51.866,—,Beatriz Costa
LOTE-M-INJ-009-7582,WO-11912,2026-05-01,Shift 1,IM-006,M-INJ-009,TF-009-PP-28415,PP,Flip Top,11277,M,315,2,0,1,3,Conforming,Rejected,Rejected,Rejected - Scrapped,2026-05-02 05:46:37.193,Thread:2(Re=1),Diogo Ferreira
LOTE-M-INJ-006-7583,WO-11914,2026-05-02,Shift 2,IM-006,M-INJ-006,TF-006-HDPE-24415,HDPE,Flip Top,8937,L,200,0,4,0,4,Conforming,Approved,Approved,Approved - First Pass,2026-05-03 11:52:31.063,—,Beatriz Costa
LOTE-M-INJ-006-7584,WO-11916,2026-05-04,  Shift 3  ,IM-006,M-INJ-006,TF-006-PP-PCR-24415,PP-PCR,Flip Top,11720,M,315,0,1,0,1,Conforming,Approved,Approved,Approved - First Pass,2026-05-04 21:52:01.984,—,Carlos Mendes
LOTE-M-INJ-006-7585,WO-11917,2026-05-04,SHIFT 2,IM-006,M-INJ-006,TF-006-HDPE-24415,HDPE,Flip Top,4814,L,200,0,0,5,5,Conforming,Approved,Approved,Approved - First Pass,2026-05-05 21:41:41.701,—,Ana Silva
LOTE-M-INJ-009-7586,WO-11920,2026-05-06,Shift 2,IM-006,M-INJ-009,TF-009-PP-PCR-28415,PP-PCR,Flip Top,23940,M,315,0,2,3,5,Conforming,Approved,Approved,Approved - First Pass,2026-05-07 08:27:49.827,—,Carlos Mendes
LOTE-M-INJ-009-7587,WO-11921,2026-05-07,Shift 3,IM-006,M-INJ-009,TF-009-PP-PCR-28415,PP-PCR,Flip Top,5305,L,200,0,1,1,2,Conforming,Approved,Approved,Approved - First Pass,2026-05-07 20:35:20.104,—,Carlos Mendes
LOTE-M-INJ-009-7588,WO-11923,2026-05-08,Shift 1,IM-006,M-INJ-009,TF-009-HDPE-28415,HDPE,Flip Top,11353,M,315,1,1,6,8,Conforming,Rejected,Rejected,Rejected - Scrapped,2026-05-09 06:09:19.225,Thread:1(Re=1),Carlos Mendes
LOTE-M-INJ-009-7589,WO-11925,2026-05-09,Shift 1,IM-006,M-INJ-009,TF-009-PP-PCR-28415,PP-PCR,Flip Top,19720,M,315,0,1,6,7,Conforming,Approved,Approved,Approved - First Pass,2026-05-11 01:30:34.514,—,Beatriz Costa
LOTE-M-INJ-009-7590,WO-11928,2026-05-11,Shift 2,IM-006,M-INJ-009,TF-009-PP-PCR-28415,PP-PCR,Flip Top,23169,M,315,0,3,2,5,Conforming,Approved,Approved,Approved - First Pass,2026-05-12 20:29:14.945,—,Carlos Mendes
LOTE-M-INJ-006-7591,WO-11930,2026-05-12,Shift 2,IM-006,M-INJ-006,TF-006-HDPE-24415,HDPE,Flip Top,6698,L,200,0,0,6,6,Conforming,Approved,Approved,Approved - First Pass,2026-05-13 19:23:41.322,—,Diogo Ferreira
LOTE-M-INJ-009-7592,WO-11933,2026-05-14,Shift 2,IM-006,M-INJ-009,TF-009-HDPE-28415,HDPE,Flip Top,23335,M,315,1,1,4,6,Conforming,Rejected,Rejected,Rejected - Scrapped,2026-05-15 19:07:58.349,Sealing:1(Re=1),Diogo Ferreira
LOTE-M-INJ-009-7593,WO-11934,2026-05-15,Shift 1,IM-006,M-INJ-009,TF-009-PP-28415,PP,Flip Top,8639,L,200,0,1,3,4,Conforming,Approved,Approved,Approved - First Pass,2026-05-16 20:31:55.348,—,Diogo Ferreira
LOTE-M-INJ-009-7594,WO-11935,2026-05-16,Shift 3,IM-006,M-INJ-009,TF-009-PP-PCR-28415,PP-PCR,Flip Top,7180,L,200,0,1,0,1,Conforming,Approved,Approved,Approved - First Pass,2026-05-17 08:37:17.456,—,Carlos Mendes
LOTE-M-INJ-006-7595,WO-11937,2026-05-17,Shift 2,IM-006,M-INJ-006,TF-006-HDPE-24415,HDPE,Flip Top,10776,M,315,0,1,4,5,Conforming,Approved,Approved,Approved - First Pass,2026-05-18 18:06:21.057,—,Elena Santos
LOTE-M-INJ-006-7596,WO-11938,2026-05-18,Shift 1,IM-006,M-INJ-006,TF-006-PP-24415,PP,Flip Top,6355,L,200,0,1,2,3,Conforming,Approved,Approved,Approved - First Pass,2026-05-19 14:15:34.742,—,Diogo Ferreira
LOTE-M-INJ-006-7597,WO-11939,2026-05-19,Shift 1,IM-006,M-INJ-006,TF-006-HDPE-24415,HDPE,Flip Top,5010,L,200,0,2,2,4,Conforming,Approved,Approved,Approved - First Pass,2026-05-20 06:58:13.849,—,Carlos Mendes
LOTE-M-INJ-006-7598,WO-11942,2026-05-21,Shift 3,IM-006,M-INJ-006,TF-006-PP-PCR-24415,PP-PCR,Flip Top,14736,M,315,1,4,3,8,Conforming,Rejected,Rejected,Rejected - Scrapped,2026-05-22 09:59:22.763,Thread:1(Re=1),Ana Silva
LOTE-M-INJ-009-7599,WO-11945,2026-05-23,Shift 1,IM-006,M-INJ-009,TF-009-PP-PCR-28415,PP-PCR,Flip Top,22570,M,315,0,4,3,7,Conforming,Approved,Approved,Approved - First Pass,2026-05-24 00:26:01.742,—,Elena Santos
LOTE-M-INJ-006-7600,WO-11947,2026-05-24,Shift 1,IM-006,M-INJ-006,TF-006-HDPE-24415,HDPE,Flip Top,10068,M,315,0,2,5,7,Conforming,Approved,Approved,Approved - First Pass,2026-05-25 13:12:36.439,—,Beatriz Costa
LOTE-M-INJ-006-7601,WO-11948,2026-05-25,Shift 3,IM-006,M-INJ-006,TF-006-PP-24415,PP,Flip Top,7361,L,200,0,1,2,3,Conforming,Approved,Approved,Approved - First Pass,2026-05-26 07:35:27.370,—,Elena Santos
LOTE-M-INJ-006-7602,WO-11949,2026-05-26,Shift 3,IM-006,M-INJ-006,TF-006-PP-PCR-24415,PP-PCR,Flip Top,7537,L,200,0,1,2,3,Conforming,Approved,Approved,Approved - First Pass,2026-05-27 05:43:17.776,—,Diogo Ferreira
LOTE-M-INJ-009-7603,WO-11951,2026-05-27,Shift 2,IM-006,M-INJ-009,TF-009-PP-PCR-28415,PP-PCR,Flip Top,19817,M,315,0,6,4,10,Conforming,Approved,Approved,Approved - First Pass,2026-05-28 17:56:32.060,—,Elena Santos
LOTE-M-INJ-009-7604,WO-11954,2026-05-29,Shift 3,IM-006,M-INJ-009,TF-009-PP-28415,PP,Flip Top,27141,M,315,1,1,5,7,Conforming,Rejected,Rejected,Rejected - Scrapped,2026-05-31 13:35:27.259,Thread:1(Re=1),Carlos Mendes
LOTE-M-INJ-009-7605,WO-11955,2026-05-30,Shift 2,IM-006,M-INJ-009,TF-009-PP-PCR-28415,PP-PCR,Flip Top,3026,L,200,1,0,3,4,Conforming,Rejected,Rejected,Rejected - Scrapped,2026-06-01 07:24:58.861,Thread:1(Re=1),Ana Silva
LOTE-M-INJ-006-7606,WO-11958,2026-06-01,Shift 2,IM-006,M-INJ-006,TF-006-PP-24415,PP,Flip Top,14854,M,315,0,1,5,6,Conforming,Approved,Approved,Approved - First Pass,2026-06-02 18:16:55.593,—,Diogo Ferreira
LOTE-M-INJ-006-7607,WO-11960,2026-06-03,Shift 3,IM-006,M-INJ-006,TF-006-HDPE-24415,HDPE,Flip Top,12671,M,315,0,0,5,5,Conforming,Approved,Approved,Approved - First Pass,2026-06-04 07:48:10.191,—,Carlos Mendes
LOTE-M-INJ-009-7608,WO-11963,2026-06-04,  Shift 2  ,IM-006,M-INJ-009,TF-009-HDPE-28415,HDPE,Flip Top,18699,M,315,0,2,6,8,Conforming,Approved,Approved,Approved - First Pass,2026-06-06 08:15:46.320,—,Ana Silva
LOTE-M-INJ-006-7609,WO-11964,2026-06-05,Shift 2,IM-006,M-INJ-006,TF-006-PP-PCR-24415,PP-PCR,Flip Top,2857,L,200,1,1,7,9,Conforming,Rejected,Rejected,Rejected - Scrapped,2026-06-06 16:02:59.655,Thread:1(Re=1),Elena Santos
LOTE-M-INJ-006-7610,WO-11965,2026-06-06,Shift 3,IM-006,M-INJ-006,TF-006-PP-24415,PP,Flip Top,2666,L,200,0,0,2,2,Conforming,Approved,Approved,Approved - First Pass,2026-06-07 01:05:40.892,—,Elena Santos
LOTE-M-INJ-006-7611,WO-11966,2026-06-06,Shift 2,IM-006,M-INJ-006,TF-006-PP-PCR-24415,PP-PCR,Flip Top,5123,L,200,0,3,3,6,Conforming,Approved,Approved,Approved - First Pass,2026-06-07 22:00:04.689,—,Ana Silva
LOTE-M-INJ-009-7612,WO-11967,2026-06-07,Shift 1,IM-006,M-INJ-009,TF-009-PP-28415,PP,Flip Top,6750,L,200,0,1,2,3,Conforming,Approved,Approved,Approved - First Pass,2026-06-08 13:34:55.355,—,Beatriz Costa
LOTE-M-INJ-009-7613,WO-11969,2026-06-08,Shift 2,IM-006,M-INJ-009,TF-009-PP-PCR-28415,PP-PCR,Flip Top,14946,M,315,0,2,3,5,Conforming,Approved,Approved,Approved - First Pass,2026-06-09 19:10:08.460,—,Elena Santos
LOTE-M-INJ-006-7614,WO-11972,2026-06-10,Shift 1,IM-006,M-INJ-006,TF-006-PP-24415,PP,Flip Top,14533,M,315,0,3,2,5,Conforming,Approved,Approved,Approved - First Pass,2026-06-11 20:49:51.522,—,Elena Santos
LOTE-M-INJ-006-7615,WO-11973,2026-06-11,Shift 3,IM-006,M-INJ-006,TF-006-PP-PCR-24415,PP-PCR,Flip Top,3417,L,200,0,0,5,5,Conforming,Approved,Approved,Approved - First Pass,2026-06-12 06:18:39.954,—,Elena Santos
LOTE-M-INJ-006-7616,WO-11975,2026-06-12,Shift 1,IM-006,M-INJ-006,TF-006-PP-24415,PP,Flip Top,10790,M,315,0,2,2,4,Conforming,Approved,Approved,Approved - First Pass,2026-06-13 20:47:31.151,—,Ana Silva
LOTE-M-INJ-009-7617,WO-11977,2026-06-14,Shift 3,IM-006,M-INJ-009,TF-009-HDPE-28415,HDPE,Flip Top,16715,M,315,0,3,1,4,Conforming,Approved,Approved,Approved - First Pass,2026-06-15 04:10:09.688,—,Elena Santos
LOTE-M-INJ-009-7618,WO-11978,2026-06-14,Shift 2,IM-006,M-INJ-009,TF-009-HDPE-28415,HDPE,Flip Top,4575,L,200,0,0,0,0,Conforming,Approved,Approved,Approved - First Pass,2026-06-15 23:11:15.071,—,Ana Silva
LOTE-M-INJ-009-7619,WO-11980,2026-06-15,Shift 3,IM-006,M-INJ-009,TF-009-PP-PCR-28415,PP-PCR,Flip Top,5384,L,200,0,0,2,2,Conforming,Approved,Approved,Approved - First Pass,2026-06-16 11:06:24.841,—,Ana Silva
LOTE-M-INJ-006-7620,WO-11981,2026-06-16,Shift 1,IM-006,M-INJ-006,TF-006-HDPE-24415,HDPE,Flip Top,4993,L,200,0,0,0,0,Conforming,Approved,Approved,Approved - First Pass,2026-06-17 15:55:31.010,—,Beatriz Costa
LOTE-M-INJ-009-7621,WO-11984,2026-06-17,Shift 3,IM-006,M-INJ-009,TF-009-HDPE-28415,HDPE,Flip Top,18018,M,315,0,2,7,9,Conforming,Approved,Approved,Approved - First Pass,2026-06-18 20:05:10.112,—,Ana Silva
LOTE-M-INJ-006-7622,WO-11986,2026-06-19,Shift 1,IM-006,M-INJ-006,TF-006-HDPE-24415,HDPE,Flip Top,12986,M,315,1,1,6,8,Conforming,Rejected,Approved,Approved - Reworked,2026-06-21 02:22:26.382,—,Carlos Mendes
LOTE-M-INJ-009-7623,WO-11988,2026-06-21,Shift 3,IM-006,M-INJ-009,TF-009-PP-PCR-28415,PP-PCR,Flip Top,8732,L,200,1,0,1,2,Conforming,Rejected,Rejected,Rejected - Scrapped,2026-06-22 10:15:40.449,Sealing:1(Re=1),Beatriz Costa
LOTE-M-INJ-009-7624,WO-11989,2026-06-21,Shift 3,IM-006,M-INJ-009,TF-009-PP-PCR-28415,PP-PCR,Flip Top,12917,M,315,0,1,0,1,Conforming,Approved,Approved,Approved - First Pass,2026-06-23 01:43:27.265,—,Diogo Ferreira
LOTE-M-INJ-009-7625,WO-11991,2026-06-23,Shift 1,IM-006,M-INJ-009,TF-009-HDPE-28415,HDPE,Flip Top,17421,M,315,2,2,7,11,Conforming,Rejected,Approved,Approved - Released on Deviation,2026-06-24 23:48:32.396,—,Carlos Mendes
LOTE-M-INJ-006-7626,WO-11993,2026-06-24,Shift 2,IM-006,M-INJ-006,TF-006-HDPE-24415,HDPE,Flip Top,7467,L,200,0,3,5,8,Conforming,Approved,Approved,Approved - First Pass,2026-06-25 15:00:52.115,—,Beatriz Costa
LOTE-M-INJ-009-7627,WO-11995,2026-06-25,Shift 2,IM-006,M-INJ-009,TF-009-PP-28415,PP,Flip Top,14097,M,315,0,0,4,4,Conforming,Approved,Approved,Approved - First Pass,2026-06-27 04:11:02.828,—,Diogo Ferreira
LOTE-M-INJ-009-7628,WO-11997,2026-06-26,Shift 2,IM-006,M-INJ-009,TF-009-PP-PCR-28415,PP-PCR,Flip Top,12684,M,315,0,2,0,2,Conforming,Approved,Approved,Approved - First Pass,2026-06-28 05:10:35.526,—,Diogo Ferreira
LOTE-M-INJ-006-7629,WO-11999,2026-06-28,Shift 3,IM-006,M-INJ-006,TF-006-HDPE-24415,HDPE,Flip Top,8894,L,200,0,2,3,5,Conforming,Approved,Approved,Approved - First Pass,2026-06-28 18:58:25.483,—,Carlos Mendes
LOTE-M-INJ-009-7630,WO-12002,2026-06-29,Shift 2,IM-006,M-INJ-009,TF-009-PP-28415,PP,Flip Top,22451,M,315,0,4,9,13,Conforming,Approved,Approved,Approved - First Pass,2026-06-30 22:05:15.279,—,Carlos Mendes
LOTE-M-INJ-006-7631,WO-12004,2026-06-30,Shift 2,IM-006,M-INJ-006,TF-006-PP-24415,PP,Flip Top,9196,L,200,0,3,6,9,Conforming,Approved,Approved,Approved - First Pass,2026-07-02 10:53:37.737,—,Elena Santos
LOTE-M-INJ-006-7632,WO-12007,2026-07-02,Shift 2,IM-006,M-INJ-006,TF-006-PP-24415,PP,Flip Top,13593,M,315,0,0,7,7,Conforming,Approved,Approved,Approved - First Pass,2026-07-03 23:31:00.287,—,Ana Silva
LOTE-M-INJ-009-7633,WO-12009,2026-07-04,Shift 1,IM-006,M-INJ-009,TF-009-PP-28415,PP,Flip Top,14707,M,315,0,2,0,2,Conforming,Approved,Approved,Approved - First Pass,2026-07-05 02:38:38.967,—,Carlos Mendes
LOTE-M-INJ-006-7634,WO-12010,2026-07-04,Shift 2,IM-006,M-INJ-006,TF-006-HDPE-24415,HDPE,Flip Top,4721,L,200,0,1,4,5,Conforming,Approved,Approved,Approved - First Pass,2026-07-05 20:54:27.541,—,Carlos Mendes
LOTE-M-INJ-009-7635,WO-12012,2026-07-05,shift 2,IM-006,M-INJ-009,TF-009-HDPE-28415,HDPE,Flip Top,11977,M,315,0,0,7,7,Conforming,Approved,Approved,Approved - First Pass,2026-07-06 11:27:09.042,—,Elena Santos
LOTE-M-INJ-006-7636,WO-12013,2026-07-06,Shift 1,IM-006,M-INJ-006,TF-006-PP-PCR-24415,PP-PCR,Flip Top,5449,L,200,0,0,3,3,Conforming,Approved,Approved,Approved - First Pass,2026-07-07 12:32:06.969,—,Diogo Ferreira
LOTE-M-INJ-009-7637,WO-12014,2026-07-07,Shift 3,IM-006,M-INJ-009,TF-009-PP-28415,PP,Flip Top,5221,L,200,0,0,3,3,Conforming,Approved,Approved,Approved - First Pass,2026-07-08 11:07:06.769,—,Carlos Mendes
LOTE-M-INJ-009-7638,WO-12016,2026-07-08,  Shift 3  ,IM-006,M-INJ-009,TF-009-HDPE-28415,HDPE,Flip Top,10586,M,315,0,3,3,6,Conforming,Approved,Approved,Approved - First Pass,2026-07-09 09:04:35.671,—,Ana Silva
LOTE-M-INJ-006-7639,WO-12018,2026-07-09,Shift 1,IM-006,M-INJ-006,TF-006-PP-PCR-24415,PP-PCR,Flip Top,8829,L,200,0,3,6,9,Conforming,Approved,Approved,Approved - First Pass,2026-07-10 03:31:52.212,—,Ana Silva
LOTE-M-INJ-006-7640,WO-12020,2026-07-10,Shift 2,IM-006,M-INJ-006,TF-006-PP-24415,PP,Flip Top,7344,L,200,0,3,7,10,Conforming,Approved,Approved,Approved - First Pass,2026-07-11 09:09:31.680,—,Ana Silva
LOTE-M-INJ-009-7641,WO-12023,2026-07-13,Shift 3,IM-006,M-INJ-009,TF-009-PP-28415,PP,Flip Top,23639,M,315,0,1,5,6,Conforming,Approved,Approved,Approved - First Pass,2026-07-13 21:55:25.008,—,Elena Santos
LOTE-M-INJ-009-7642,WO-12026,2026-07-15,Shift 1,IM-006,M-INJ-009,TF-009-HDPE-28415,HDPE,Flip Top,21654,M,315,0,1,7,8,Conforming,Approved,Approved,Approved - First Pass,2026-07-16 09:24:21.269,—,Elena Santos
LOTE-M-INJ-006-7643,WO-12027,2026-07-16,Shift 3,IM-006,M-INJ-006,TF-006-PP-PCR-24415,PP-PCR,Flip Top,3233,L,200,0,2,0,2,Conforming,Approved,Approved,Approved - First Pass,2026-07-16 17:20:08.192,—,Beatriz Costa
LOTE-M-INJ-006-7644,WO-12029,2026-07-17,Shift 3,IM-006,M-INJ-006,TF-006-HDPE-24415,HDPE,Flip Top,11980,M,315,0,1,4,5,Conforming,Approved,Approved,Approved - First Pass,2026-07-18 13:51:20.233,—,Ana Silva
LOTE-M-INJ-006-7645,WO-12031,2026-07-18,shift 1,IM-006,M-INJ-006,TF-006-PP-24415,PP,Flip Top,7799,L,200,0,2,7,9,Conforming,Approved,Approved,Approved - First Pass,2026-07-19 11:55:40.750,—,Diogo Ferreira
LOTE-M-INJ-006-7646,WO-12032,2026-07-18,SHIFT 2,IM-006,M-INJ-006,TF-006-PP-24415,PP,Flip Top,4594,L,200,0,1,0,1,Conforming,Approved,Approved,Approved - First Pass,2026-07-19 13:22:56.144,—,Elena Santos
LOTE-M-INJ-009-7647,WO-12033,2026-07-19,Shift 1,IM-006,M-INJ-009,TF-009-PP-PCR-28415,PP-PCR,Flip Top,6219,L,200,0,0,1,1,Conforming,Approved,Approved,Approved - First Pass,2026-07-20 21:54:02.964,—,Carlos Mendes
LOTE-M-INJ-009-7648,WO-12035,2026-07-21,Shift 3,IM-006,M-INJ-009,TF-009-PP-28415,PP,Flip Top,17961,M,315,0,2,5,7,Conforming,Approved,Approved,Approved - First Pass,2026-07-22 10:57:19.654,—,Carlos Mendes
LOTE-M-INJ-006-7649,WO-12037,2026-07-22,Shift 3,IM-006,M-INJ-006,TF-006-PP-PCR-24415,PP-PCR,Flip Top,9674,L,200,0,2,1,3,Conforming,Approved,Approved,Approved - First Pass,2026-07-23 15:18:51.033,—,Carlos Mendes
LOTE-M-INJ-009-7650,WO-12038,2026-07-22,Shift 3,IM-006,M-INJ-009,TF-009-HDPE-28415,HDPE,Flip Top,4956,L,200,0,1,2,3,Conforming,Approved,Approved,Approved - First Pass,2026-07-24 02:32:46.831,—,Carlos Mendes
LOTE-M-INJ-006-7651,WO-12040,2026-07-24,Shift 1,IM-006,M-INJ-006,TF-006-PP-24415,PP,Flip Top,13859,M,315,0,2,5,7,Conforming,Approved,Approved,Approved - First Pass,2026-07-25 19:05:53.146,—,Elena Santos
LOTE-M-INJ-006-7652,WO-12043,2026-07-26,Shift 2,IM-006,M-INJ-006,TF-006-HDPE-24415,HDPE,Flip Top,11824,M,315,1,0,10,11,Conforming,Rejected,Rejected,Rejected - Scrapped,2026-07-28 03:27:51.958,Sealing:1(Re=1),Elena Santos
LOTE-M-INJ-009-7653,WO-12044,2026-07-27,Shift 1,IM-006,M-INJ-009,TF-009-HDPE-28415,HDPE,Flip Top,8953,L,200,0,2,4,6,Conforming,Approved,Approved,Approved - First Pass,2026-07-28 09:34:46.521,—,Carlos Mendes
LOTE-M-INJ-006-7654,WO-12046,2026-07-28,Shift 3,IM-006,M-INJ-006,TF-006-PP-24415,PP,Flip Top,10794,M,315,1,1,2,4,Conforming,Rejected,Rejected,Rejected - Scrapped,2026-07-29 20:52:13.118,Thread:1(Re=1),Beatriz Costa
LOTE-M-INJ-009-7655,WO-12048,2026-07-30,Shift 3,IM-006,M-INJ-009,TF-009-PP-28415,PP,Flip Top,15294,M,315,0,3,10,13,Conforming,Approved,Approved,Approved - First Pass,2026-07-31 17:28:49.545,—,Beatriz Costa
LOTE-M-INJ-009-7656,WO-12049,2026-07-31,Shift 3,IM-006,M-INJ-009,TF-009-PP-PCR-28415,PP-PCR,Flip Top,6113,L,200,0,0,0,0,Conforming,Approved,Approved,Approved - First Pass,2026-08-01 02:22:42.167,—,Diogo Ferreira
LOTE-M-INJ-009-7657,WO-12050,2026-07-31,Shift 2,IM-006,M-INJ-009,TF-009-PP-28415,PP,Flip Top,8589,L,200,1,1,4,6,Conforming,Rejected,Rejected,Rejected - Scrapped,2026-08-01 21:00:47.701,Sealing:1(Re=1),Beatriz Costa
LOTE-M-INJ-009-7658,WO-12053,2026-08-02,Shift 1,IM-006,M-INJ-009,TF-009-HDPE-28415,HDPE,Flip Top,20520,M,315,0,1,10,11,Conforming,Approved,Approved,Approved - First Pass,2026-08-03 11:39:59.684,—,Ana Silva
LOTE-M-INJ-009-7659,WO-12054,2026-08-03,Shift 1,IM-006,M-INJ-009,TF-009-PP-PCR-28415,PP-PCR,Flip Top,4531,L,200,0,0,2,2,Conforming,Approved,Approved,Approved - First Pass,2026-08-03 23:11:59.117,—,Ana Silva
LOTE-M-INJ-006-7660,WO-12055,2026-08-03,SHIFT 2,IM-006,M-INJ-006,TF-006-PP-24415,PP,Flip Top,4296,L,200,0,1,6,7,Conforming,Approved,Approved,Approved - First Pass,2026-08-05 07:49:36.693,—,Ana Silva
LOTE-M-INJ-009-7661,WO-12057,2026-08-05,Shift 1,IM-006,M-INJ-009,TF-009-HDPE-28415,HDPE,Flip Top,16334,M,315,0,1,7,8,Conforming,Approved,Approved,Approved - First Pass,2026-08-06 01:11:56.149,—,Carlos Mendes
LOTE-M-INJ-006-7662,WO-12059,2026-08-06,Shift 2,IM-006,M-INJ-006,TF-006-HDPE-24415,HDPE,Flip Top,9372,L,200,0,0,6,6,Conforming,Approved,Approved,Approved - First Pass,2026-08-07 06:36:01.658,—,Beatriz Costa
LOTE-M-INJ-006-7663,WO-12061,2026-08-07,Shift 3,IM-006,M-INJ-006,TF-006-HDPE-24415,HDPE,Flip Top,11225,M,315,0,1,9,10,Conforming,Approved,Approved,Approved - First Pass,2026-08-09 09:18:28.889,—,Elena Santos
LOTE-M-INJ-006-7664,WO-12064,2026-08-09,Shift 2,IM-006,M-INJ-006,TF-006-PP-24415,PP,Flip Top,11921,M,315,0,2,14,16,Conforming,Approved,Approved,Approved - First Pass,2026-08-11 01:45:45.274,—,Carlos Mendes
LOTE-M-INJ-006-7665,WO-12065,2026-08-10,SHIFT 2,IM-006,M-INJ-006,TF-006-HDPE-24415,HDPE,Flip Top,4406,L,200,0,0,0,0,Conforming,Approved,Approved,Approved - First Pass,2026-08-11 21:04:25.254,—,Ana Silva
LOTE-M-INJ-009-7666,WO-12068,2026-08-12,Shift 2,IM-006,M-INJ-009,TF-009-PP-28415,PP,Flip Top,16299,M,315,0,2,8,10,Conforming,Approved,Approved,Approved - First Pass,2026-08-13 19:03:48.900,—,Beatriz Costa
LOTE-M-INJ-006-7667,WO-12071,2026-08-14,Shift 2,IM-006,M-INJ-006,TF-006-PP-PCR-24415,PP-PCR,Flip Top,20565,M,315,1,2,3,6,Conforming,Rejected,Rejected,Rejected - Scrapped,2026-08-16 04:48:08.052,Sealing:1(Re=1),Beatriz Costa
LOTE-M-INJ-006-7668,WO-12072,2026-08-15,Shift 2,IM-006,M-INJ-006,TF-006-PP-24415,PP,Flip Top,2326,L,200,0,0,0,0,Conforming,Approved,Approved,Approved - First Pass,2026-08-16 03:04:59.766,—,Beatriz Costa
LOTE-M-INJ-006-7669,WO-12073,2026-08-16,Shift 3,IM-006,M-INJ-006,TF-006-HDPE-24415,HDPE,Flip Top,6684,L,200,0,0,2,2,Conforming,Approved,Approved,Approved - First Pass,2026-08-17 10:58:31.613,—,Elena Santos
LOTE-M-INJ-009-7670,WO-12074,2026-08-16,Shift 3,IM-006,M-INJ-009,TF-009-HDPE-28415,HDPE,Flip Top,8528,L,200,0,2,4,6,Conforming,Approved,Approved,Approved - First Pass,2026-08-18 02:12:56.701,—,Ana Silva
LOTE-M-INJ-009-7671,WO-12076,2026-08-18,Shift 1,IM-006,M-INJ-009,TF-009-PP-28415,PP,Flip Top,11370,M,315,1,2,3,6,Conforming,Rejected,Rejected,Rejected - Scrapped,2026-08-19 10:57:52.860,Thread:1(Re=1),Diogo Ferreira
LOTE-M-INJ-009-7672,WO-12077,2026-08-19,Shift 3,IM-006,M-INJ-009,TF-009-HDPE-28415,HDPE,Flip Top,5937,L,200,0,2,2,4,Conforming,Approved,Approved,Approved - First Pass,2026-08-20 02:12:54.646,—,Beatriz Costa
LOTE-M-INJ-006-7673,WO-12079,2026-08-20,Shift 1,IM-006,M-INJ-006,TF-006-PP-24415,PP,Flip Top,5696,L,200,0,1,5,6,Conforming,Approved,Approved,Approved - First Pass,2026-08-21 06:23:51.861,—,Ana Silva
LOTE-M-INJ-006-7674,WO-12080,2026-08-20,Shift 2,IM-006,M-INJ-006,TF-006-PP-24415,PP,Flip Top,3578,L,200,1,0,1,2,Conforming,Rejected,Rejected,Rejected - Scrapped,2026-08-22 01:30:08.085,Sealing:1(Re=1),Diogo Ferreira
LOTE-M-INJ-009-7675,WO-12081,2026-08-21,Shift 1,IM-006,M-INJ-009,TF-009-PP-PCR-28415,PP-PCR,Flip Top,6560,L,200,0,0,0,0,Conforming,Approved,Approved,Approved - First Pass,2026-08-22 04:15:21.814,—,Carlos Mendes
LOTE-M-INJ-009-7676,WO-12084,2026-08-23,Shift 3,IM-006,M-INJ-009,TF-009-PP-PCR-28415,PP-PCR,Flip Top,23629,M,315,0,6,5,11,Conforming,Approved,Approved,Approved - First Pass,2026-08-24 05:13:13.963,—,Carlos Mendes
LOTE-M-INJ-006-7677,WO-12086,2026-08-24,  Shift 2  ,IM-006,M-INJ-006,TF-006-PP-PCR-24415,PP-PCR,Flip Top,15350,M,315,0,1,1,2,Conforming,Approved,Approved,Approved - First Pass,2026-08-26 12:08:18.224,—,Diogo Ferreira
LOTE-M-INJ-006-7678,WO-12087,2026-08-25,Shift 2,IM-006,M-INJ-006,TF-006-PP-24415,PP,Flip Top,8126,L,200,0,0,1,1,Conforming,Approved,Approved,Approved - First Pass,2026-08-26 21:42:40.918,—,Diogo Ferreira
LOTE-M-INJ-009-7679,WO-12088,2026-08-26,Shift 2,IM-006,M-INJ-009,TF-009-HDPE-28415,HDPE,Flip Top,6057,L,200,0,1,4,5,Conforming,Approved,Approved,Approved - First Pass,2026-08-27 14:52:11.299,—,Diogo Ferreira
LOTE-M-INJ-009-7680,WO-12089,2026-08-27,Shift 1,IM-006,M-INJ-009,TF-009-HDPE-28415,HDPE,Flip Top,809,L,200,0,0,0,0,Conforming,Approved,Approved,Approved - First Pass,2026-08-28 12:52:25.671,—,Ana Silva
LOTE-M-INJ-006-7681,WO-12091,2026-08-28,Shift 2,IM-006,M-INJ-006,TF-006-PP-PCR-24415,PP-PCR,Flip Top,8572,L,200,1,1,4,6,Conforming,Rejected,Rejected,Rejected - Scrapped,2026-08-30 05:46:33.897,Sealing:1(Re=1),Carlos Mendes
LOTE-M-INJ-009-7682,WO-12094,2026-08-31,Shift 3,IM-006,M-INJ-009,TF-009-PP-PCR-28415,PP-PCR,Flip Top,20246,M,315,0,0,2,2,Conforming,Approved,Approved,Approved - First Pass,2026-09-01 11:01:16.996,—,Diogo Ferreira
LOTE-M-INJ-006-7683,WO-12097,2026-09-01,Shift 3,IM-006,M-INJ-006,TF-006-PP-PCR-24415,PP-PCR,Flip Top,13324,M,315,0,3,9,12,Conforming,Approved,Approved,Approved - First Pass,2026-09-03 06:01:55.657,—,Elena Santos
LOTE-M-INJ-009-7684,WO-12099,2026-09-03,Shift 1,IM-006,M-INJ-009,TF-009-HDPE-28415,HDPE,Flip Top,14135,M,315,0,1,3,4,Conforming,Approved,Approved,Approved - First Pass,2026-09-04 07:48:15.848,—,Carlos Mendes
LOTE-M-INJ-009-7685,WO-12101,2026-09-04,Shift 1,IM-006,M-INJ-009,TF-009-PP-28415,PP,Flip Top,12285,M,315,0,3,0,3,Conforming,Approved,Approved,Approved - First Pass,2026-09-05 03:22:31.339,—,Ana Silva
LOTE-M-INJ-006-7686,WO-12103,2026-09-05,Shift 2,IM-006,M-INJ-006,TF-006-PP-PCR-24415,PP-PCR,Flip Top,8908,L,200,1,2,3,6,Conforming,Rejected,Rejected,Rejected - Scrapped,2026-09-07 10:07:40.394,Thread:1(Re=1),Carlos Mendes
LOTE-M-INJ-006-7687,WO-12105,2026-09-07,SHIFT 3,IM-006,M-INJ-006,TF-006-PP-PCR-24415,PP-PCR,Flip Top,8244,L,200,0,3,0,3,Conforming,Approved,Approved,Approved - First Pass,2026-09-07 23:12:01.441,—,Elena Santos
LOTE-M-INJ-006-7688,WO-12108,2026-09-09,Shift 1,IM-006,M-INJ-006,TF-006-PP-PCR-24415,PP-PCR,Flip Top,11377,M,315,0,3,6,9,Conforming,Approved,Approved,Approved - First Pass,2026-09-09 16:46:30.871,—,Diogo Ferreira
LOTE-M-INJ-009-7689,WO-12111,2026-09-11,Shift 3,IM-006,M-INJ-009,TF-009-PP-PCR-28415,PP-PCR,Flip Top,17352,M,315,0,4,3,7,Conforming,Approved,Approved,Approved - First Pass,2026-09-11 15:23:36.065,—,Ana Silva
LOTE-M-INJ-009-7690,WO-12113,2026-09-12,Shift 3,IM-006,M-INJ-009,TF-009-PP-PCR-28415,PP-PCR,Flip Top,15482,M,315,0,1,9,10,Conforming,Approved,Approved,Approved - First Pass,2026-09-13 01:59:52.912,—,Elena Santos
LOTE-M-INJ-009-7691,WO-12114,2026-09-13,Shift 3,IM-006,M-INJ-009,TF-009-PP-PCR-28415,PP-PCR,Flip Top,6326,L,200,0,0,2,2,Conforming,Approved,Approved,Approved - First Pass,2026-09-13 19:44:54.986,—,Ana Silva
LOTE-M-INJ-006-7692,WO-12115,2026-09-13,Shift 2,IM-006,M-INJ-006,TF-006-HDPE-24415,HDPE,Flip Top,5329,L,200,0,0,0,0,Conforming,Approved,Approved,Approved - First Pass,2026-09-14 23:32:12.374,—,Beatriz Costa
LOTE-M-INJ-009-7693,WO-12116,2026-09-14,Shift 1,IM-006,M-INJ-009,TF-009-PP-28415,PP,Flip Top,10183,M,315,0,3,6,9,Conforming,Approved,Approved,Approved - First Pass,2026-09-15 14:44:29.297,—,Carlos Mendes
LOTE-M-INJ-006-7694,WO-12118,2026-09-15,Shift 2,IM-006,M-INJ-006,TF-006-PP-24415,PP,Flip Top,7650,L,200,0,2,9,11,Conforming,Approved,Approved,Approved - First Pass,2026-09-16 09:57:52.190,—,Ana Silva
LOTE-M-INJ-009-7695,WO-12120,2026-09-17,Shift 1,IM-006,M-INJ-009,TF-009-HDPE-28415,HDPE,Flip Top,18525,M,315,0,0,5,5,Conforming,Approved,Approved,Approved - First Pass,2026-09-18 19:15:31.510,—,Elena Santos
LOTE-M-INJ-006-7696,WO-12121,2026-09-18,Shift 3,IM-006,M-INJ-006,TF-006-HDPE-24415,HDPE,Flip Top,4636,L,200,0,2,0,2,Conforming,Approved,Approved,Approved - First Pass,2026-09-19 02:51:54.889,—,Elena Santos
LOTE-M-INJ-009-7697,WO-12122,2026-09-18,SHIFT 2,IM-006,M-INJ-009,TF-009-PP-PCR-28415,PP-PCR,Flip Top,4630,L,200,0,1,5,6,Conforming,Approved,Approved,Approved - First Pass,2026-09-19 08:17:06.324,—,Carlos Mendes
LOTE-M-INJ-006-7698,WO-12125,2026-09-20,Shift 1,IM-006,M-INJ-006,TF-006-HDPE-24415,HDPE,Flip Top,15214,M,315,0,0,11,11,Conforming,Approved,Approved,Approved - First Pass,2026-09-21 13:46:44.560,—,Elena Santos
LOTE-M-INJ-009-7699,WO-12126,2026-09-21,Shift 3,IM-006,M-INJ-009,TF-009-HDPE-28415,HDPE,Flip Top,6649,L,200,0,1,3,4,Conforming,Approved,Approved,Approved - First Pass,2026-09-21 20:42:59.833,—,Diogo Ferreira
LOTE-M-INJ-009-7700,WO-12127,2026-09-21,Shift 2,IM-006,M-INJ-009,TF-009-PP-28415,PP,Flip Top,2841,L,200,0,1,3,4,Conforming,Approved,Approved,Approved - First Pass,2026-09-23 01:22:07.659,—,Carlos Mendes
LOTE-M-INJ-006-7701,WO-12128,2026-09-22,Shift 2,IM-006,M-INJ-006,TF-006-HDPE-24415,HDPE,Flip Top,6329,L,200,0,0,2,2,Conforming,Approved,Approved,Approved - First Pass,2026-09-23 13:24:18.059,—,Diogo Ferreira
LOTE-M-INJ-006-7702,WO-12129,2026-09-23,Shift 1,IM-006,M-INJ-006,TF-006-HDPE-24415,HDPE,Flip Top,1201,L,200,0,0,2,2,Conforming,Approved,Approved,Approved - First Pass,2026-09-24 02:04:03.514,—,Beatriz Costa
LOTE-M-INJ-006-7703,WO-12131,2026-09-24,  Shift 1  ,IM-006,M-INJ-006,TF-006-PP-PCR-24415,PP-PCR,Flip Top,8900,L,200,0,2,5,7,Conforming,Approved,Approved,Approved - First Pass,2026-09-25 10:48:51.845,—,Carlos Mendes
LOTE-M-INJ-006-7704,WO-12132,2026-09-25,Shift 3,IM-006,M-INJ-006,TF-006-HDPE-24415,HDPE,Flip Top,3552,L,200,0,0,6,6,Conforming,Approved,Approved,Approved - First Pass,2026-09-26 02:45:42.525,—,Carlos Mendes
LOTE-M-INJ-006-7705,WO-12135,2026-09-27,Shift 2,IM-006,M-INJ-006,TF-006-PP-PCR-24415,PP-PCR,Flip Top,19298,M,315,0,0,4,4,Conforming,Approved,Approved,Approved - First Pass,2026-09-28 23:15:00.179,—,Ana Silva
LOTE-M-INJ-009-7706,WO-12138,2026-09-29,Shift 2,IM-006,M-INJ-009,TF-009-PP-PCR-28415,PP-PCR,Flip Top,26544,M,315,1,4,5,10,Conforming,Rejected,Rejected,Rejected - Scrapped,2026-09-30 19:57:58.683,Thread:1(Re=1),Elena Santos
LOTE-M-INJ-006-7707,WO-12139,2026-09-30,Shift 2,IM-006,M-INJ-006,TF-006-PP-PCR-24415,PP-PCR,Flip Top,5779,L,200,0,0,1,1,Conforming,Approved,Approved,Approved - First Pass,2026-10-01 23:51:41.768,—,Beatriz Costa
LOTE-M-INJ-009-7708,WO-12140,2026-10-01,Shift 1,IM-006,M-INJ-009,TF-009-PP-PCR-28415,PP-PCR,Flip Top,11115,M,315,0,1,4,5,Conforming,Approved,Approved,Approved - First Pass,2026-10-02 22:38:20.609,—,Ana Silva
LOTE-M-INJ-006-7709,WO-12141,2026-10-02,Shift 1,IM-006,M-INJ-006,TF-006-PP-24415,PP,Flip Top,4030,L,200,0,1,2,3,Conforming,Approved,Approved,Approved - First Pass,2026-10-03 00:15:20.318,—,Elena Santos
LOTE-M-INJ-009-7710,WO-12143,2026-10-03,Shift 1,IM-006,M-INJ-009,TF-009-PP-PCR-28415,PP-PCR,Flip Top,15605,M,315,0,0,1,1,Conforming,Approved,Approved,Approved - First Pass,2026-10-04 05:32:11.868,—,Carlos Mendes
LOTE-M-INJ-006-7711,WO-12144,2026-10-04,Shift 3,IM-006,M-INJ-006,TF-006-HDPE-24415,HDPE,Flip Top,1097,L,200,0,1,1,2,Conforming,Approved,Approved,Approved - First Pass,2026-10-04 19:56:20.472,—,Diogo Ferreira
LOTE-M-INJ-009-7712,WO-12146,2026-10-05,  Shift 1  ,IM-006,M-INJ-009,TF-009-PP-PCR-28415,PP-PCR,Flip Top,20702,M,315,0,5,3,8,Conforming,Approved,Approved,Approved - First Pass,2026-10-06 06:11:23.050,—,Ana Silva
LOTE-M-INJ-009-7713,WO-12147,2026-10-06,Shift 3,IM-006,M-INJ-009,TF-009-PP-PCR-28415,PP-PCR,Flip Top,7807,L,200,0,0,2,2,Conforming,Approved,Approved,Approved - First Pass,2026-10-06 23:36:06.724,—,Diogo Ferreira
LOTE-M-INJ-006-7714,WO-12148,2026-10-06,Shift 2,IM-006,M-INJ-006,TF-006-PP-24415,PP,Flip Top,2278,L,200,0,1,5,6,Conforming,Approved,Approved,Approved - First Pass,2026-10-07 11:16:32.716,—,Beatriz Costa
LOTE-M-INJ-006-7715,WO-12149,2026-10-07,  Shift 3  ,IM-006,M-INJ-006,TF-006-PP-PCR-24415,PP-PCR,Flip Top,3291,L,200,1,1,1,3,Conforming,Rejected,Rejected,Rejected - Scrapped,2026-10-07 15:26:41.165,Thread:1(Re=1),Ana Silva
LOTE-M-INJ-006-7716,WO-12152,2026-10-09,Shift 3,IM-006,M-INJ-006,TF-006-PP-24415,PP,Flip Top,16776,M,315,1,2,3,6,Conforming,Rejected,Rejected,Rejected - Scrapped,2026-10-10 03:45:24.977,Sealing:1(Re=1),Carlos Mendes
LOTE-M-INJ-006-7717,WO-12155,2026-10-11,Shift 1,IM-006,M-INJ-006,TF-006-PP-PCR-24415,PP-PCR,Flip Top,16438,M,315,0,1,8,9,Conforming,Approved,Approved,Approved - First Pass,2026-10-12 08:14:26.906,—,Beatriz Costa
LOTE-M-INJ-006-7718,WO-12157,2026-10-12,Shift 2,IM-006,M-INJ-006,TF-006-PP-PCR-24415,PP-PCR,Flip Top,8760,L,200,0,1,3,4,Conforming,Approved,Approved,Approved - First Pass,2026-10-13 14:10:52.085,—,Elena Santos
LOTE-M-INJ-009-7719,WO-12159,2026-10-14,Shift 3,IM-006,M-INJ-009,TF-009-HDPE-28415,HDPE,Flip Top,14879,M,315,0,2,3,5,Conforming,Approved,Approved,Approved - First Pass,2026-10-15 10:12:28.617,—,Elena Santos
LOTE-M-INJ-006-7720,WO-12160,2026-10-14,shift 2,IM-006,M-INJ-006,TF-006-PP-PCR-24415,PP-PCR,Flip Top,3154,L,200,0,0,10,10,Conforming,Approved,Approved,Approved - First Pass,2026-10-15 15:20:30.312,—,Elena Santos
LOTE-M-INJ-009-7721,WO-12161,2026-10-15,Shift 1,IM-006,M-INJ-009,TF-009-PP-28415,PP,Flip Top,4527,L,200,0,0,0,0,Conforming,Approved,Approved,Approved - First Pass,2026-10-16 06:01:56.967,—,Elena Santos
LOTE-M-INJ-006-7722,WO-12164,2026-10-17,Shift 3,IM-006,M-INJ-006,TF-006-PP-PCR-24415,PP-PCR,Flip Top,11245,M,315,0,0,3,3,Conforming,Approved,Approved,Approved - First Pass,2026-10-18 04:38:53.129,—,Beatriz Costa
LOTE-M-INJ-006-7723,WO-12165,2026-10-17,Shift 3,IM-006,M-INJ-006,TF-006-HDPE-24415,HDPE,Flip Top,5280,L,200,0,0,1,1,Conforming,Approved,Approved,Approved - First Pass,2026-10-18 21:29:29.301,—,Diogo Ferreira
LOTE-M-INJ-006-7724,WO-12166,2026-10-18,Shift 2,IM-006,M-INJ-006,TF-006-PP-24415,PP,Flip Top,4062,L,200,0,1,5,6,Conforming,Approved,Approved,Approved - First Pass,2026-10-19 11:37:41.110,—,Diogo Ferreira
LOTE-M-INJ-009-7725,WO-12167,2026-10-19,Shift 1,IM-006,M-INJ-009,TF-009-PP-28415,PP,Flip Top,5918,L,200,0,1,6,7,Conforming,Approved,Approved,Approved - First Pass,2026-10-20 01:27:51.476,—,Beatriz Costa
LOTE-M-INJ-009-7726,WO-12170,2026-10-21,Shift 1,IM-006,M-INJ-009,TF-009-PP-28415,PP,Flip Top,17806,M,315,0,1,4,5,Conforming,Approved,Approved,Approved - First Pass,2026-10-22 16:16:31.884,—,Beatriz Costa
LOTE-M-INJ-006-7727,WO-12173,2026-10-22,Shift 2,IM-006,M-INJ-006,TF-006-PP-PCR-24415,PP-PCR,Flip Top,10960,M,315,0,5,2,7,Conforming,Approved,Approved,Approved - First Pass,2026-10-23 11:46:19.982,—,Carlos Mendes
LOTE-M-INJ-009-7728,WO-12176,2026-10-24,Shift 3,IM-006,M-INJ-009,TF-009-PP-PCR-28415,PP-PCR,Flip Top,27775,M,315,0,4,5,9,Conforming,Approved,Approved,Approved - First Pass,2026-10-25 22:15:18.221,—,Diogo Ferreira
LOTE-M-INJ-006-7729,WO-12177,2026-10-25,Shift 2,IM-006,M-INJ-006,TF-006-HDPE-24415,HDPE,Flip Top,6755,L,200,0,2,3,5,Conforming,Approved,Approved,Approved - First Pass,2026-10-27 00:14:29.149,—,Carlos Mendes
LOTE-M-INJ-006-7730,WO-12178,2026-10-26,Shift 2,IM-006,M-INJ-006,TF-006-PP-24415,PP,Flip Top,2804,L,200,0,1,0,1,Conforming,Approved,Approved,Approved - First Pass,2026-10-27 16:41:40.073,—,Ana Silva
LOTE-M-INJ-009-7731,WO-12179,2026-10-27,Shift 3,IM-006,M-INJ-009,TF-009-HDPE-28415,HDPE,Flip Top,8921,L,200,1,0,0,1,Conforming,Rejected,Rejected,Rejected - Scrapped,2026-10-27 18:24:19.037,Thread:1(Re=1),Carlos Mendes
LOTE-M-INJ-006-7732,WO-12180,2026-10-27,Shift 2,IM-006,M-INJ-006,TF-006-PP-PCR-24415,PP-PCR,Flip Top,6010,L,200,0,0,0,0,Conforming,Approved,Approved,Approved - First Pass,2026-10-28 18:56:29.905,—,Carlos Mendes
LOTE-M-INJ-006-7733,WO-12182,2026-10-29,Shift 1,IM-006,M-INJ-006,TF-006-HDPE-24415,HDPE,Flip Top,9884,L,200,0,1,3,4,Conforming,Approved,Approved,Approved - First Pass,2026-10-30 05:30:01.957,—,Diogo Ferreira
LOTE-M-INJ-009-7734,WO-12185,2026-10-30,Shift 3,IM-006,M-INJ-009,TF-009-PP-PCR-28415,PP-PCR,Flip Top,16342,M,315,0,2,5,7,Conforming,Approved,Approved,Approved - First Pass,2026-11-01 03:52:22.737,—,Ana Silva
LOTE-M-INJ-009-7735,WO-12188,2026-11-01,Shift 3,IM-006,M-INJ-009,TF-009-PP-PCR-28415,PP-PCR,Flip Top,26011,M,315,0,1,7,8,Conforming,Approved,Approved,Approved - First Pass,2026-11-02 20:17:12.926,—,Beatriz Costa
LOTE-M-INJ-009-7736,WO-12189,2026-11-02,Shift 2,IM-006,M-INJ-009,TF-009-PP-28415,PP,Flip Top,6662,L,200,0,1,1,2,Conforming,Approved,Approved,Approved - First Pass,2026-11-03 14:01:28.063,—,Ana Silva
LOTE-M-INJ-006-7737,WO-12190,2026-11-03,Shift 1,IM-006,M-INJ-006,TF-006-PP-24415,PP,Flip Top,4270,L,200,0,1,0,1,Conforming,Approved,Approved,Approved - First Pass,2026-11-04 18:00:44.090,—,Ana Silva
LOTE-M-INJ-009-7738,WO-12192,2026-11-05,Shift 3,IM-006,M-INJ-009,TF-009-PP-PCR-28415,PP-PCR,Flip Top,16516,M,315,0,1,2,3,Conforming,Approved,Approved,Approved - First Pass,2026-11-06 09:22:45.097,—,Elena Santos
LOTE-M-INJ-006-7739,WO-12194,2026-11-06,Shift 2,IM-006,M-INJ-006,TF-006-HDPE-24415,HDPE,Flip Top,14105,M,315,0,1,1,2,Conforming,Approved,Approved,Approved - First Pass,2026-11-08 03:37:48.336,—,Diogo Ferreira
LOTE-M-INJ-006-7740,WO-12197,2026-11-08,Shift 2,IM-006,M-INJ-006,TF-006-PP-PCR-24415,PP-PCR,Flip Top,10655,M,315,0,0,7,7,Conforming,Approved,Approved,Approved - First Pass,2026-11-09 22:11:57.191,—,Ana Silva
LOTE-M-INJ-006-7741,WO-12198,2026-11-09,Shift 1,IM-006,M-INJ-006,TF-006-HDPE-24415,HDPE,Flip Top,4961,L,200,0,0,2,2,Conforming,Approved,Approved,Approved - First Pass,2026-11-10 13:39:07.134,—,Elena Santos
LOTE-M-INJ-009-7742,WO-12199,2026-11-10,Shift 1,IM-006,M-INJ-009,TF-009-HDPE-28415,HDPE,Flip Top,12702,M,315,0,2,4,6,Conforming,Approved,Approved,Approved - First Pass,2026-11-11 16:31:59.670,—,Diogo Ferreira
LOTE-M-INJ-009-7743,WO-12201,2026-11-11,Shift 2,IM-006,M-INJ-009,TF-009-HDPE-28415,HDPE,Flip Top,13978,M,315,0,1,3,4,Conforming,Approved,Approved,Approved - First Pass,2026-11-12 10:45:08.766,—,Ana Silva
LOTE-M-INJ-009-7744,WO-12204,2026-11-13,Shift 2,IM-006,M-INJ-009,TF-009-PP-PCR-28415,PP-PCR,Flip Top,20684,M,315,0,2,4,6,Conforming,Approved,Approved,Approved - First Pass,2026-11-15 01:22:15.497,—,Elena Santos
LOTE-M-INJ-006-7745,WO-12207,2026-11-15,shift 2,IM-006,M-INJ-006,TF-006-PP-24415,PP,Flip Top,12305,M,315,1,4,5,10,Conforming,Rejected,Rejected,Rejected - Scrapped,2026-11-16 21:08:52.129,Thread:1(Re=1),Carlos Mendes
LOTE-M-INJ-009-7746,WO-12210,2026-11-17,Shift 1,IM-006,M-INJ-009,TF-009-HDPE-28415,HDPE,Flip Top,21340,M,315,1,3,12,16,Conforming,Rejected,Rejected,Rejected - Scrapped,2026-11-18 13:24:52.774,Sealing:1(Re=1),Ana Silva
LOTE-M-INJ-009-7747,WO-12211,2026-11-17,Shift 3,IM-006,M-INJ-009,TF-009-PP-28415,PP,Flip Top,7239,L,200,0,1,0,1,Conforming,Approved,Approved,Approved - First Pass,2026-11-18 21:29:15.215,—,Ana Silva
LOTE-M-INJ-009-7748,WO-12212,2026-11-18,Shift 2,IM-006,M-INJ-009,TF-009-HDPE-28415,HDPE,Flip Top,7539,L,200,0,0,0,0,Conforming,Approved,Approved,Approved - First Pass,2026-11-19 17:21:33.427,—,Elena Santos
LOTE-M-INJ-006-7749,WO-12213,2026-11-19,Shift 1,IM-006,M-INJ-006,TF-006-HDPE-24415,HDPE,Flip Top,4645,L,200,0,0,0,0,Conforming,Approved,Approved,Approved - First Pass,2026-11-20 08:26:36.098,—,Carlos Mendes
LOTE-M-INJ-006-7750,WO-12215,2026-11-20,  Shift 2  ,IM-006,M-INJ-006,TF-006-PP-PCR-24415,PP-PCR,Flip Top,7736,L,200,0,2,3,5,Conforming,Approved,Approved,Approved - First Pass,2026-11-21 06:05:54.489,—,Elena Santos
LOTE-M-INJ-009-7751,WO-12217,2026-11-21,Shift 2,IM-006,M-INJ-009,TF-009-PP-28415,PP,Flip Top,17057,M,315,0,0,7,7,Conforming,Approved,Approved,Approved - First Pass,2026-11-23 04:37:00.166,—,Elena Santos
LOTE-M-INJ-006-7752,WO-12220,2026-11-23,Shift 2,IM-006,M-INJ-006,TF-006-PP-PCR-24415,PP-PCR,Flip Top,13889,M,315,0,2,2,4,Conforming,Approved,Approved,Approved - First Pass,2026-11-25 01:47:18.142,—,Ana Silva
LOTE-M-INJ-009-7753,WO-12221,2026-11-24,Shift 2,IM-006,M-INJ-009,TF-009-HDPE-28415,HDPE,Flip Top,6447,L,200,0,0,4,4,Conforming,Approved,Approved,Approved - First Pass,2026-11-26 05:14:20.044,—,Diogo Ferreira
LOTE-M-INJ-006-7754,WO-12222,2026-11-25,Shift 1,IM-006,M-INJ-006,TF-006-HDPE-24415,HDPE,Flip Top,2194,L,200,0,0,0,0,Conforming,Approved,Approved,Approved - First Pass,2026-11-26 11:31:52.856,—,Ana Silva
LOTE-M-INJ-009-7755,WO-12224,2026-11-26,SHIFT 2,IM-006,M-INJ-009,TF-009-PP-28415,PP,Flip Top,13790,M,315,0,0,4,4,Conforming,Approved,Approved,Approved - First Pass,2026-11-27 21:00:35.500,—,Diogo Ferreira
LOTE-M-INJ-006-7756,WO-12225,2026-11-27,Shift 2,IM-006,M-INJ-006,TF-006-HDPE-24415,HDPE,Flip Top,6259,L,200,0,4,0,4,Conforming,Approved,Approved,Approved - First Pass,2026-11-29 00:37:19.945,—,Diogo Ferreira
LOTE-M-INJ-006-7757,WO-12228,2026-11-29,Shift 1,IM-006,M-INJ-006,TF-006-PP-24415,PP,Flip Top,14927,M,315,1,2,2,5,Conforming,Rejected,Rejected,Rejected - Scrapped,2026-11-30 16:14:40.646,Sealing:1(Re=1),Beatriz Costa
LOTE-M-INJ-009-7758,WO-12231,2026-12-01,  Shift 1  ,IM-006,M-INJ-009,TF-009-HDPE-28415,HDPE,Flip Top,25406,M,315,0,2,4,6,Conforming,Approved,Approved,Approved - First Pass,2026-12-02 02:20:21.309,—,Ana Silva
LOTE-M-INJ-006-7759,WO-12233,2026-12-02,Shift 2,IM-006,M-INJ-006,TF-006-PP-24415,PP,Flip Top,10727,M,315,0,3,10,13,Conforming,Approved,Approved,Approved - First Pass,2026-12-04 05:37:48.680,—,Diogo Ferreira
LOTE-M-INJ-009-7760,WO-12234,2026-12-03,Shift 2,IM-006,M-INJ-009,TF-009-PP-PCR-28415,PP-PCR,Flip Top,6514,L,200,0,3,6,9,Conforming,Approved,Approved,Approved - First Pass,2026-12-04 15:18:58.228,—,Ana Silva
LOTE-M-INJ-006-7761,WO-12235,2026-12-04,Shift 1,IM-006,M-INJ-006,TF-006-HDPE-24415,HDPE,Flip Top,4661,L,200,0,1,1,2,Conforming,Approved,Approved,Approved - First Pass,2026-12-05 20:43:49.308,—,Elena Santos
LOTE-M-INJ-006-7762,WO-12237,2026-12-05,Shift 2,IM-006,M-INJ-006,TF-006-HDPE-24415,HDPE,Flip Top,7238,L,200,1,0,6,7,Conforming,Rejected,Rejected,Rejected - Scrapped,2026-12-06 17:11:46.109,Sealing:1(Re=1),Diogo Ferreira
LOTE-M-INJ-009-7763,WO-12238,2026-12-06,Shift 1,IM-006,M-INJ-009,TF-009-HDPE-28415,HDPE,Flip Top,6435,L,200,0,0,1,1,Conforming,Approved,Approved,Approved - First Pass,2026-12-07 17:04:14.665,—,Diogo Ferreira
LOTE-M-INJ-006-7764,WO-12240,2026-12-07,Shift 2,IM-006,M-INJ-006,TF-006-PP-PCR-24415,PP-PCR,Flip Top,6777,L,200,1,1,1,3,Conforming,Rejected,Rejected,Rejected - Scrapped,2026-12-08 22:05:17.033,Sealing:1(Re=1),Carlos Mendes
LOTE-M-INJ-009-7765,WO-12242,2026-12-09,Shift 3,IM-006,M-INJ-009,TF-009-PP-28415,PP,Flip Top,13466,M,315,0,2,4,6,Conforming,Approved,Approved,Approved - First Pass,2026-12-09 15:56:00.370,—,Ana Silva
LOTE-M-INJ-006-7766,WO-12243,2026-12-09,Shift 1,IM-006,M-INJ-006,TF-006-HDPE-24415,HDPE,Flip Top,6043,L,200,0,0,1,1,Conforming,Approved,Approved,Approved - First Pass,2026-12-10 15:11:25.551,—,Beatriz Costa
LOTE-M-INJ-006-7767,WO-12244,2026-12-10,Shift 1,IM-006,M-INJ-006,TF-006-HDPE-24415,HDPE,Flip Top,5013,L,200,0,4,1,5,Conforming,Approved,Approved,Approved - First Pass,2026-12-11 21:01:18.018,—,Elena Santos
LOTE-M-INJ-006-7768,WO-12245,2026-12-11,Shift 3,IM-006,M-INJ-006,TF-006-PP-24415,PP,Flip Top,1178,L,200,0,0,2,2,Conforming,Approved,Approved,Approved - First Pass,2026-12-12 09:50:52.523,—,Beatriz Costa
LOTE-M-INJ-006-7769,WO-12246,2026-12-11,SHIFT 2,IM-006,M-INJ-006,TF-006-PP-PCR-24415,PP-PCR,Flip Top,4766,L,200,0,0,5,5,Conforming,Approved,Approved,Approved - First Pass,2026-12-12 14:59:15.648,—,Ana Silva
LOTE-M-INJ-006-7770,WO-12249,2026-12-13,  Shift 2  ,IM-006,M-INJ-006,TF-006-HDPE-24415,HDPE,Flip Top,11261,M,315,0,5,12,17,Conforming,Approved,Approved,Approved - First Pass,2026-12-14 14:23:57.419,—,Diogo Ferreira
LOTE-M-INJ-009-7771,WO-12250,2026-12-14,Shift 1,IM-006,M-INJ-009,TF-009-PP-28415,PP,Flip Top,6368,L,200,0,1,1,2,Conforming,Approved,Approved,Approved - First Pass,2026-12-15 13:40:37.482,—,Elena Santos
LOTE-M-INJ-006-7772,WO-12252,2026-12-15,Shift 2,IM-006,M-INJ-006,TF-006-HDPE-24415,HDPE,Flip Top,9105,L,200,0,1,5,6,Conforming,Approved,Approved,Approved - First Pass,2026-12-16 15:41:25.146,—,Beatriz Costa
LOTE-M-INJ-009-7773,WO-12253,2026-12-16,Shift 1,IM-006,M-INJ-009,TF-009-PP-PCR-28415,PP-PCR,Flip Top,6031,L,200,0,0,2,2,Conforming,Approved,Approved,Approved - First Pass,2026-12-17 09:07:05.588,—,Ana Silva
LOTE-M-INJ-006-7774,WO-12256,2026-12-18,Shift 1,IM-006,M-INJ-006,TF-006-PP-24415,PP,Flip Top,12706,M,315,0,3,8,11,Conforming,Approved,Approved,Approved - First Pass,2026-12-19 04:06:09.472,—,Elena Santos
LOTE-M-INJ-006-7775,WO-12257,2026-12-19,shift 3,IM-006,M-INJ-006,TF-006-PP-PCR-24415,PP-PCR,Flip Top,2984,L,200,0,0,0,0,Conforming,Approved,Approved,Approved - First Pass,2026-12-20 04:12:55.350,—,Elena Santos
LOTE-M-INJ-009-7776,WO-12260,2026-12-20,SHIFT 2,IM-006,M-INJ-009,TF-009-HDPE-28415,HDPE,Flip Top,20890,M,315,0,0,9,9,Conforming,Approved,Approved,Approved - First Pass,2026-12-22 00:24:01.806,—,Diogo Ferreira
LOTE-M-INJ-009-7777,WO-12262,2026-12-22,Shift 3,IM-006,M-INJ-009,TF-009-HDPE-28415,HDPE,Flip Top,14474,M,315,0,1,2,3,Conforming,Approved,Approved,Approved - First Pass,2026-12-23 14:00:14.298,—,Elena Santos
LOTE-M-INJ-006-7778,WO-12264,2026-12-23,Shift 1,IM-006,M-INJ-006,TF-006-PP-24415,PP,Flip Top,8859,L,200,0,0,1,1,Conforming,Approved,Approved,Approved - First Pass,2026-12-24 15:20:45.885,—,Ana Silva
LOTE-M-INJ-006-7779,WO-12266,2026-12-25,Shift 3,IM-006,M-INJ-006,TF-006-PP-PCR-24415,PP-PCR,Flip Top,9431,L,200,0,1,0,1,Conforming,Approved,Approved,Approved - First Pass,2026-12-26 02:14:16.585,—,Diogo Ferreira
LOTE-M-INJ-009-7780,WO-12268,2026-12-26,Shift 2,IM-006,M-INJ-009,TF-009-PP-28415,PP,Flip Top,21494,M,315,0,4,14,18,Conforming,Approved,Approved,Approved - First Pass,2026-12-28 02:29:25.231,—,Beatriz Costa
LOTE-M-INJ-006-7781,WO-12271,2026-12-28,Shift 2,IM-006,M-INJ-006,TF-006-PP-24415,PP,Flip Top,13673,M,315,1,3,6,10,Conforming,Rejected,Rejected,Rejected - Scrapped,2026-12-29 15:46:52.647,Thread:1(Re=1),Carlos Mendes
LOTE-M-INJ-006-7782,WO-12273,2026-12-30,Shift 3,IM-006,M-INJ-006,TF-006-HDPE-24415,HDPE,Flip Top,5681,L,200,0,1,2,3,Conforming,Approved,Approved,Approved - First Pass,2026-12-31 00:59:54.393,—,Diogo Ferreira
LOTE-M-INJ-009-7783,WO-12274,2026-12-30,Shift 2,IM-006,M-INJ-009,TF-009-PP-PCR-28415,PP-PCR,Flip Top,3993,L,200,0,0,3,3,Conforming,Approved,Approved,Approved - First Pass,2026-12-31 20:55:50.550,—,Carlos Mendes
LOTE-M-INJ-007-7787,WO-16090,2025-11-05,Shift 1,IM-004,M-INJ-007,TF-007-PP-28410,PP,Flip Top,60011,M,315,0,1,4,5,Conforming,Approved,Approved,Approved - First Pass,2025-11-06 15:22:30.404,—,Carlos Mendes
LOTE-M-INJ-007-7788,WO-16091,2025-11-05,Shift 3,IM-004,M-INJ-007,TF-007-PP-28410,PP,Flip Top,60011,M,315,1,2,5,8,Conforming,Rejected,Rejected,Rejected - Scrapped,2025-11-06 05:39:47.591,Thread:1(Re=1),Ana Silva
