PrintLot,BottleLot,SourceBottleWorkOrder,WorkOrder,ProductionDate,Shift,MachineId,PrintToolId,BottleId,ColorCount,ColorsUsed,LotSize,CodeLetter,SampleSize,CriticalDefects,MajorDefects,MinorDefects,TotalSampleDefects,AttributesDecision,FinalLotDecision,DispositionDetail,LotDecisionDateTime,Remarks,Inspector
LOTE-SK-M-SOP-007-2000,LOTE-M-SOP-007-2000,WO-1001,WO-12276,2025-07-03,SHIFT 1,SS-002,SK-FR-007-PP-350-1C,FR-007-PP-350,1,COR-003,10483,M,315,0,0,4,4,Approved,Approved,Approved - First Pass,2025-07-04 04:29:24.710,—,Diogo Ferreira
LOTE-SK-M-SOP-007-2001,LOTE-M-SOP-007-2001,WO-1002,WO-12277,2025-07-04,Shift 3,SS-001,SK-FR-007-HDPE-350-3C,FR-007-HDPE-350,3,"COR-002, COR-001, COR-003",4411,L,200,0,1,2,3,Approved,Approved,Approved - First Pass,2025-07-05 11:08:13.508,—,Diogo Ferreira
LOTE-SK-M-SOP-007-2002,LOTE-M-SOP-007-2002,WO-1004,WO-12279,2025-07-05,Shift 3,SS-002,SK-FR-007-HDPE-350-3C,FR-007-HDPE-350,3,"COR-003, COR-007, COR-008",19474,M,315,0,2,7,9,Approved,Approved,Approved - First Pass,2025-07-06 07:30:43.902,—,Beatriz Costa
LOTE-SK-M-SOP-001-2003,LOTE-M-SOP-001-2003,WO-1005,WO-12280,2025-07-05,Shift 3,SS-001,SK-FR-001-HDPE-300-1C,FR-001-HDPE-300,1,COR-006,6038,L,200,1,1,5,7,Approved,Rejected,Rejected - Scrapped,2025-07-06 14:09:11.608,—,Elena Santos
LOTE-SK-M-SOP-007-2007,LOTE-M-SOP-007-2007,WO-1012,WO-12284,2025-07-11,Shift 1,SS-001,SK-FR-007-PP-350-1C,FR-007-PP-350,1,COR-005,16690,M,315,0,0,5,5,Approved,Approved,Approved - First Pass,2025-07-12 04:55:13.317,—,Carlos Mendes
LOTE-SK-M-SOP-001-2008,LOTE-M-SOP-001-2008,WO-1014,WO-12286,2025-07-12,Shift 2,SS-002,SK-FR-001-HDPE-300-1C,FR-001-HDPE-300,1,COR-005,8947,L,200,1,2,14,17,Approved,Rejected,Rejected - Scrapped,2025-07-13 09:30:27.257,—,Beatriz Costa
LOTE-SK-M-SOP-001-2009,LOTE-M-SOP-001-2009,WO-1017,WO-12289,2025-07-13,Shift 1,SS-002,SK-FR-001-HDPE-300-1C,FR-001-HDPE-300,1,COR-003,10006,M,315,0,1,4,5,Approved,Approved,Approved - First Pass,2025-07-14 19:58:48.824,—,Elena Santos
LOTE-SK-M-SOP-007-2013,LOTE-M-SOP-007-2013,WO-1024,WO-12294,2025-07-19,Shift 3,SS-001,SK-FR-007-HDPE-350-3C,FR-007-HDPE-350,3,"COR-007, COR-006, COR-002",12778,M,315,0,0,7,7,Approved,Approved,Approved - First Pass,2025-07-20 07:30:32.628,—,Elena Santos
LOTE-SK-M-SOP-007-2015,LOTE-M-SOP-007-2015,WO-1028,WO-12297,2025-07-22,Shift 3,SS-001,SK-FR-007-HDPE-350-3C,FR-007-HDPE-350,3,"COR-001, COR-006, COR-005",13073,M,315,0,3,5,8,Approved,Approved,Approved - First Pass,2025-07-23 05:51:14.312,—,Elena Santos
LOTE-SK-M-SOP-001-2016,LOTE-M-SOP-001-2016,WO-1029,WO-12298,2025-07-23,Shift 1,SS-002,SK-FR-001-HDPE-300-1C,FR-001-HDPE-300,1,COR-005,6504,L,200,0,0,4,4,Approved,Approved,Approved - First Pass,2025-07-24 04:24:57.638,—,Carlos Mendes
LOTE-SK-M-SOP-007-2020,LOTE-M-SOP-007-2020,WO-1036,WO-12300,2025-07-27,Shift 2,SS-001,SK-FR-007-rPET-350-1C,FR-007-rPET-350,1,COR-003,11951,M,315,1,1,6,8,Approved,Rejected,Rejected - Scrapped,2025-07-28 20:25:40.075,—,Diogo Ferreira
LOTE-SK-M-SOP-001-2022,LOTE-M-SOP-001-2022,WO-1041,WO-12302,2025-07-31,Shift 3,SS-001,SK-FR-001-HDPE-300-1C,FR-001-HDPE-300,1,COR-003,12097,M,315,0,3,9,12,Approved,Approved,Approved - First Pass,2025-08-01 02:24:55.488,—,Elena Santos
LOTE-SK-M-SOP-007-2031,LOTE-M-SOP-007-2031,WO-1055,WO-12307,2025-08-10,Shift 2,SS-001,SK-FR-007-rPET-350-1C,FR-007-rPET-350,1,COR-005,9020,L,200,0,1,6,7,Approved,Approved,Approved - First Pass,2025-08-11 12:40:20.454,—,Elena Santos
LOTE-SK-M-SOP-007-2035,LOTE-M-SOP-007-2035,WO-1062,WO-12311,2025-08-15,Shift 2,SS-001,SK-FR-007-rPET-350-1C,FR-007-rPET-350,1,COR-001,6465,L,200,0,0,0,0,Approved,Approved,Approved - First Pass,2025-08-17 02:23:40.687,—,Carlos Mendes
LOTE-SK-M-SOP-001-2037,LOTE-M-SOP-001-2037,WO-1066,WO-12314,2025-08-17,Shift 2,SS-002,SK-FR-001-HDPE-300-1C,FR-001-HDPE-300,1,COR-006,13707,M,315,0,1,11,12,Approved,Approved,Approved - First Pass,2025-08-18 06:25:02.884,—,Beatriz Costa
LOTE-SK-M-SOP-007-2041,LOTE-M-SOP-007-2041,WO-1077,WO-12319,2025-08-26,Shift 1,SS-002,SK-FR-007-PP-350-1C,FR-007-PP-350,1,COR-001,11425,M,315,0,3,13,16,Approved,Approved,Approved - First Pass,2025-08-27 04:47:56.658,—,Beatriz Costa
LOTE-SK-M-SOP-007-2043,LOTE-M-SOP-007-2043,WO-1081,WO-12323,2025-08-28,Shift 3,SS-001,SK-FR-007-PETG-350-1C,FR-007-PETG-350,1,COR-001,4306,L,200,0,1,6,7,Approved,Approved,Approved - First Pass,2025-08-28 19:12:22.392,—,Carlos Mendes
LOTE-SK-M-SOP-007-2044,LOTE-M-SOP-007-2044,WO-1082,WO-12324,2025-08-30,Shift 3,SS-002,SK-FR-007-HDPE-350-3C,FR-007-HDPE-350,3,"COR-005, COR-008, COR-006",3548,L,200,0,0,3,3,Approved,Approved,Approved - First Pass,2025-08-30 17:34:03.013,—,Carlos Mendes
LOTE-SK-M-SOP-007-2045,LOTE-M-SOP-007-2045,WO-1085,WO-12327,2025-09-01,Shift 1,SS-002,SK-FR-007-PP-350-1C,FR-007-PP-350,1,COR-003,17783,M,315,0,0,7,7,Approved,Approved,Approved - First Pass,2025-09-01 22:30:28.273,—,Ana Silva
LOTE-SK-M-SOP-007-2046,LOTE-M-SOP-007-2046,WO-1086,WO-12328,2025-09-01,Shift 2,SS-001,SK-FR-007-PETG-350-1C,FR-007-PETG-350,1,COR-003,8583,L,200,0,2,1,3,Approved,Approved,Approved - First Pass,2025-09-02 22:01:47.354,—,Elena Santos
LOTE-SK-M-SOP-001-2052,LOTE-M-SOP-001-2052,WO-1098,WO-12332,2025-09-10,Shift 3,SS-002,SK-FR-001-HDPE-300-1C,FR-001-HDPE-300,1,COR-007,15787,M,315,1,0,6,7,Rejected,Rejected,Rejected - Scrapped,2025-09-11 14:19:50.757,Cure:1(Re=1),Ana Silva
LOTE-SK-M-SOP-007-2053,LOTE-M-SOP-007-2053,WO-1100,WO-12334,2025-09-11,Shift 2,SS-002,SK-FR-007-rPET-350-1C,FR-007-rPET-350,1,COR-004,15736,M,315,0,3,5,8,Approved,Approved,Approved - First Pass,2025-09-12 19:17:03.041,—,Diogo Ferreira
LOTE-SK-M-SOP-007-2054,LOTE-M-SOP-007-2054,WO-1104,WO-12338,2025-09-13,Shift 2,SS-002,SK-FR-007-PETG-350-1C,FR-007-PETG-350,1,COR-002,20384,M,315,0,2,20,22,Approved,Approved,Approved - First Pass,2025-09-14 21:35:04.333,—,Diogo Ferreira
LOTE-SK-M-SOP-001-2056,LOTE-M-SOP-001-2056,WO-1107,WO-12341,2025-09-16,Shift 2,SS-001,SK-FR-001-HDPE-300-1C,FR-001-HDPE-300,1,COR-007,9074,L,200,0,2,8,10,Approved,Approved,Approved - First Pass,2025-09-17 15:21:26.841,—,Ana Silva
LOTE-SK-M-SOP-007-2059,LOTE-M-SOP-007-2059,WO-1112,WO-12346,2025-09-19,Shift 2,SS-002,SK-FR-007-PETG-350-1C,FR-007-PETG-350,1,COR-003,3125,L,200,0,2,5,7,Approved,Approved,Approved - First Pass,2025-09-20 11:55:28.716,—,Beatriz Costa
LOTE-SK-M-SOP-001-2060,LOTE-M-SOP-001-2060,WO-1115,WO-12349,2025-09-21,Shift 1,SS-001,SK-FR-001-HDPE-300-1C,FR-001-HDPE-300,1,COR-004,13169,M,315,1,3,7,11,Approved,Rejected,Rejected - Scrapped,2025-09-22 04:51:53.376,—,Elena Santos
LOTE-SK-M-SOP-007-2062,LOTE-M-SOP-007-2062,WO-1118,WO-12351,2025-09-24,Shift 3,SS-002,SK-FR-007-HDPE-350-3C,FR-007-HDPE-350,3,"COR-003, COR-006, COR-001",9161,L,200,0,0,2,2,Approved,Approved,Approved - First Pass,2025-09-24 12:47:04.803,—,Elena Santos
LOTE-SK-M-SOP-001-2064,LOTE-M-SOP-001-2064,WO-1120,WO-12353,2025-09-25,Shift 3,SS-002,SK-FR-001-HDPE-300-1C,FR-001-HDPE-300,1,COR-005,3281,L,200,0,0,3,3,Approved,Approved,Approved - First Pass,2025-09-26 03:09:45.411,—,Diogo Ferreira
LOTE-SK-M-SOP-001-2068,LOTE-M-SOP-001-2068,WO-1128,WO-12358,2025-09-29,Shift 2,SS-002,SK-FR-001-HDPE-300-1C,FR-001-HDPE-300,1,COR-001,9629,L,200,0,0,9,9,Approved,Approved,Approved - First Pass,2025-09-30 18:45:20.081,—,Beatriz Costa
LOTE-SK-M-SOP-007-2070,LOTE-M-SOP-007-2070,WO-1132,WO-12359,2025-10-03,Shift 3,SS-001,SK-FR-007-rPET-350-1C,FR-007-rPET-350,1,COR-007,3954,L,200,0,2,2,4,Approved,Approved,Approved - First Pass,2025-10-04 20:11:26.665,—,Carlos Mendes
LOTE-SK-M-SOP-001-2072,LOTE-M-SOP-001-2072,WO-1138,WO-12365,2025-10-07,Shift 3,SS-001,SK-FR-001-HDPE-300-1C,FR-001-HDPE-300,1,COR-003,7217,L,200,1,1,9,11,Approved,Rejected,Rejected - Scrapped,2025-10-08 13:15:38.406,—,Beatriz Costa
LOTE-SK-M-SOP-001-2073,LOTE-M-SOP-001-2073,WO-1140,WO-12367,2025-10-08,Shift 3,SS-001,SK-FR-001-HDPE-300-1C,FR-001-HDPE-300,1,COR-001,10926,M,315,1,1,6,8,Approved,Rejected,Rejected - Scrapped,2025-10-09 11:51:17.782,—,Elena Santos
LOTE-SK-M-SOP-007-2074,LOTE-M-SOP-007-2074,WO-1141,WO-12368,2025-10-09,Shift 1,SS-002,SK-FR-007-PP-350-1C,FR-007-PP-350,1,COR-002,4039,L,200,0,0,6,6,Approved,Approved,Approved - First Pass,2025-10-10 02:13:32.656,—,Diogo Ferreira
LOTE-SK-M-SOP-007-2078,LOTE-M-SOP-007-2078,WO-1147,WO-12371,2025-10-13,Shift 1,SS-002,SK-FR-007-rPET-350-1C,FR-007-rPET-350,1,COR-002,6282,L,200,0,0,7,7,Approved,Approved,Approved - First Pass,2025-10-13 22:32:51.122,—,Ana Silva
LOTE-SK-M-SOP-007-2079,LOTE-M-SOP-007-2079,WO-1148,WO-12372,2025-10-14,Shift 3,SS-002,SK-FR-007-PETG-350-1C,FR-007-PETG-350,1,COR-008,5820,L,200,0,0,3,3,Approved,Approved,Approved - First Pass,2025-10-15 01:16:51.159,—,Carlos Mendes
LOTE-SK-M-SOP-007-2081,LOTE-M-SOP-007-2081,WO-1151,WO-12375,2025-10-16,Shift 3,SS-001,SK-FR-007-PETG-350-1C,FR-007-PETG-350,1,COR-005,5002,L,200,0,2,5,7,Approved,Approved,Approved - First Pass,2025-10-16 23:24:46.228,—,Ana Silva
LOTE-SK-M-SOP-007-2087,LOTE-M-SOP-007-2087,WO-1159,WO-12381,2025-10-20,Shift 1,SS-001,SK-FR-007-PP-350-1C,FR-007-PP-350,1,COR-004,7210,L,200,0,0,2,2,Approved,Approved,Approved - First Pass,2025-10-21 07:23:39.060,—,Ana Silva
LOTE-SK-M-SOP-007-2093,LOTE-M-SOP-007-2093,WO-1171,WO-12388,2025-10-28,Shift 3,SS-001,SK-FR-007-PETG-350-1C,FR-007-PETG-350,1,COR-004,11685,M,315,0,0,8,8,Approved,Approved,Approved - First Pass,2025-10-28 23:01:06.354,—,Diogo Ferreira
LOTE-SK-M-SOP-007-2094,LOTE-M-SOP-007-2094,WO-1174,WO-12391,2025-10-29,Shift 1,SS-001,SK-FR-007-rPET-350-1C,FR-007-rPET-350,1,COR-006,6280,L,200,1,0,6,7,Rejected,Rejected,Rejected - Scrapped,2025-10-30 06:47:38.505,Cure:1(Re=1),Beatriz Costa
LOTE-SK-M-SOP-007-2095,LOTE-M-SOP-007-2095,WO-1175,WO-12392,2025-10-30,Shift 3,SS-001,SK-FR-007-rPET-350-1C,FR-007-rPET-350,1,COR-004,8653,L,200,0,0,4,4,Approved,Approved,Approved - First Pass,2025-10-31 12:06:08.974,—,Beatriz Costa
LOTE-SK-M-SOP-001-2096,LOTE-M-SOP-001-2096,WO-1177,WO-12394,2025-11-01,Shift 3,SS-002,SK-FR-001-HDPE-300-1C,FR-001-HDPE-300,1,COR-003,11802,M,315,1,1,2,4,Approved,Rejected,Rejected - Scrapped,2025-11-02 04:02:54.641,—,Diogo Ferreira
LOTE-SK-M-SOP-007-2097,LOTE-M-SOP-007-2097,WO-1178,WO-12395,2025-11-01,Shift 3,SS-002,SK-FR-007-rPET-350-1C,FR-007-rPET-350,1,COR-006,9208,L,200,0,1,6,7,Approved,Approved,Approved - First Pass,2025-11-01 20:23:09.569,—,Diogo Ferreira
LOTE-SK-M-SOP-007-2098,LOTE-M-SOP-007-2098,WO-1179,WO-12396,2025-11-01,shift 3,SS-002,SK-FR-007-HDPE-350-3C,FR-007-HDPE-350,3,"COR-007, COR-008, COR-003",5824,L,200,0,0,1,1,Approved,Approved,Approved - First Pass,2025-11-03 08:39:08.463,—,Ana Silva
LOTE-SK-M-SOP-007-2099,LOTE-M-SOP-007-2099,WO-1180,WO-12397,2025-11-02,Shift 2,SS-001,SK-FR-007-HDPE-350-3C,FR-007-HDPE-350,3,"COR-004, COR-007, COR-006",4746,L,200,0,0,2,2,Approved,Approved,Approved - First Pass,2025-11-03 12:30:00.224,—,Beatriz Costa
LOTE-SK-M-SOP-007-2102,LOTE-M-SOP-007-2102,WO-1185,WO-12402,2025-11-06,shift 1,SS-002,SK-FR-007-PP-350-1C,FR-007-PP-350,1,COR-006,17055,M,315,0,0,13,13,Approved,Approved,Approved - First Pass,2025-11-07 20:16:09.344,—,Beatriz Costa
LOTE-SK-M-SOP-007-2103,LOTE-M-SOP-007-2103,WO-1186,WO-12403,2025-11-07,Shift 3,SS-001,SK-FR-007-HDPE-350-3C,FR-007-HDPE-350,3,"COR-005, COR-002, COR-007",4006,L,200,1,2,1,4,Rejected,Rejected,Rejected - Scrapped,2025-11-08 06:01:56.274,Cure:1(Re=1),Diogo Ferreira
LOTE-SK-M-SOP-007-2106,LOTE-M-SOP-007-2106,WO-1191,WO-12405,2025-11-09,Shift 3,SS-001,SK-FR-007-PP-350-1C,FR-007-PP-350,1,COR-008,16012,M,315,0,0,2,2,Approved,Approved,Approved - First Pass,2025-11-10 09:53:53.610,—,Diogo Ferreira
LOTE-SK-M-SOP-001-2108,LOTE-M-SOP-001-2108,WO-1193,WO-12407,2025-11-10,Shift 2,SS-002,SK-FR-001-HDPE-300-1C,FR-001-HDPE-300,1,COR-005,7004,L,200,0,0,2,2,Approved,Approved,Approved - First Pass,2025-11-11 08:18:04.018,—,Carlos Mendes
LOTE-SK-M-SOP-001-2110,LOTE-M-SOP-001-2110,WO-1196,WO-12410,2025-11-12,Shift 2,SS-002,SK-FR-001-HDPE-300-1C,FR-001-HDPE-300,1,COR-005,13345,M,315,1,0,2,3,Approved,Rejected,Rejected - Scrapped,2025-11-14 02:58:19.957,—,Elena Santos
LOTE-SK-M-SOP-007-2111,LOTE-M-SOP-007-2111,WO-1197,WO-12411,2025-11-14,Shift 3,SS-002,SK-FR-007-PETG-350-1C,FR-007-PETG-350,1,COR-007,7683,L,200,0,1,3,4,Approved,Approved,Approved - First Pass,2025-11-14 16:43:28.366,—,Ana Silva
LOTE-SK-M-SOP-007-2112,LOTE-M-SOP-007-2112,WO-1200,WO-12414,2025-11-15,Shift 2,SS-002,SK-FR-007-HDPE-350-3C,FR-007-HDPE-350,3,"COR-004, COR-006, COR-008",17993,M,315,0,0,9,9,Approved,Approved,Approved - First Pass,2025-11-17 06:38:44.767,—,Carlos Mendes
LOTE-SK-M-SOP-007-2114,LOTE-M-SOP-007-2114,WO-1204,WO-12418,2025-11-18,Shift 3,SS-002,SK-FR-007-HDPE-350-3C,FR-007-HDPE-350,3,"COR-004, COR-007, COR-002",16453,M,315,1,3,11,15,Rejected,Rejected,Rejected - Scrapped,2025-11-19 12:10:01.428,Cure:1(Re=1),Ana Silva
LOTE-SK-M-SOP-001-2116,LOTE-M-SOP-001-2116,WO-1208,WO-12420,2025-11-20,  Shift 1  ,SS-002,SK-FR-001-HDPE-300-1C,FR-001-HDPE-300,1,COR-004,4711,L,200,0,1,2,3,Approved,Approved,Approved - First Pass,2025-11-21 13:25:22.755,—,Diogo Ferreira
LOTE-SK-M-SOP-001-2123,LOTE-M-SOP-001-2123,WO-1220,WO-12432,2025-11-29,Shift 1,SS-002,SK-FR-001-HDPE-300-1C,FR-001-HDPE-300,1,COR-005,21716,M,315,1,1,7,9,Approved,Rejected,Rejected - Scrapped,2025-11-30 18:36:55.146,—,Beatriz Costa
LOTE-SK-M-SOP-001-2124,LOTE-M-SOP-001-2124,WO-1223,WO-12435,2025-12-01,Shift 1,SS-002,SK-FR-001-HDPE-300-1C,FR-001-HDPE-300,1,COR-007,14916,M,315,0,1,17,18,Approved,Approved,Approved - First Pass,2025-12-02 11:58:14.880,—,Carlos Mendes
LOTE-SK-M-SOP-001-2127,LOTE-M-SOP-001-2127,WO-1229,WO-12441,2025-12-06,Shift 1,SS-001,SK-FR-001-HDPE-300-1C,FR-001-HDPE-300,1,COR-007,10028,M,315,0,0,5,5,Approved,Approved,Approved - First Pass,2025-12-07 17:04:50.138,—,Carlos Mendes
LOTE-SK-M-SOP-007-2128,LOTE-M-SOP-007-2128,WO-1231,WO-12443,2025-12-07,Shift 1,SS-001,SK-FR-007-rPET-350-1C,FR-007-rPET-350,1,COR-007,7099,L,200,0,1,1,2,Approved,Approved,Approved - First Pass,2025-12-08 08:09:42.584,—,Elena Santos
LOTE-SK-M-SOP-007-2129,LOTE-M-SOP-007-2129,WO-1232,WO-12444,2025-12-07,SHIFT 2,SS-001,SK-FR-007-rPET-350-1C,FR-007-rPET-350,1,COR-006,2745,L,200,0,0,2,2,Approved,Approved,Approved - First Pass,2025-12-09 03:38:08.652,—,Beatriz Costa
LOTE-SK-M-SOP-007-2130,LOTE-M-SOP-007-2130,WO-1235,WO-12447,2025-12-10,Shift 1,SS-002,SK-FR-007-HDPE-350-3C,FR-007-HDPE-350,3,"COR-003, COR-001, COR-007",19204,M,315,0,0,6,6,Approved,Approved,Approved - First Pass,2025-12-11 16:47:51.556,—,Carlos Mendes
LOTE-SK-M-SOP-007-2133,LOTE-M-SOP-007-2133,WO-1240,WO-12451,2025-12-14,Shift 3,SS-002,SK-FR-007-PP-350-1C,FR-007-PP-350,1,COR-001,12299,M,315,0,0,5,5,Approved,Approved,Approved - First Pass,2025-12-15 04:18:28.808,—,Carlos Mendes
LOTE-SK-M-SOP-001-2135,LOTE-M-SOP-001-2135,WO-1243,WO-12453,2025-12-16,Shift 3,SS-001,SK-FR-001-HDPE-300-1C,FR-001-HDPE-300,1,COR-005,5030,L,200,0,2,2,4,Approved,Approved,Approved - First Pass,2025-12-16 19:49:03.186,—,Carlos Mendes
LOTE-SK-M-SOP-001-2140,LOTE-M-SOP-001-2140,WO-1254,WO-12461,2025-12-22,Shift 2,SS-001,SK-FR-001-HDPE-300-1C,FR-001-HDPE-300,1,COR-001,11718,M,315,0,0,10,10,Approved,Approved,Approved - First Pass,2025-12-24 07:21:11.763,—,Diogo Ferreira
LOTE-SK-M-SOP-001-2144,LOTE-M-SOP-001-2144,WO-1260,WO-12462,2025-12-27,Shift 2,SS-002,SK-FR-001-HDPE-300-1C,FR-001-HDPE-300,1,COR-005,12589,M,315,0,0,3,3,Approved,Approved,Approved - First Pass,2025-12-29 00:07:32.846,—,Carlos Mendes
LOTE-SK-M-SOP-001-2148,LOTE-M-SOP-001-2148,WO-1269,WO-12469,2026-01-02,Shift 2,SS-002,SK-FR-001-HDPE-300-1C,FR-001-HDPE-300,1,COR-004,13453,M,315,0,0,15,15,Approved,Approved,Approved - First Pass,2026-01-03 13:30:07.696,—,Carlos Mendes
LOTE-SK-M-SOP-001-2153,LOTE-M-SOP-001-2153,WO-1279,WO-12476,2026-01-09,Shift 1,SS-001,SK-FR-001-HDPE-300-1C,FR-001-HDPE-300,1,COR-005,14934,M,315,0,3,4,7,Approved,Approved,Approved - First Pass,2026-01-10 17:54:16.914,—,Ana Silva
LOTE-SK-M-SOP-001-2154,LOTE-M-SOP-001-2154,WO-1280,WO-12477,2026-01-10,Shift 2,SS-001,SK-FR-001-HDPE-300-1C,FR-001-HDPE-300,1,COR-005,17647,M,315,0,0,5,5,Approved,Approved,Approved - First Pass,2026-01-12 08:00:21.118,—,Diogo Ferreira
LOTE-SK-M-SOP-001-2157,LOTE-M-SOP-001-2157,WO-1288,WO-12481,2026-01-16,Shift 3,SS-002,SK-FR-001-HDPE-300-1C,FR-001-HDPE-300,1,COR-005,19308,M,315,0,3,8,11,Approved,Approved,Approved - First Pass,2026-01-17 00:58:11.949,—,Beatriz Costa
LOTE-SK-M-SOP-007-2158,LOTE-M-SOP-007-2158,WO-1290,WO-12483,2026-01-17,  Shift 2  ,SS-002,SK-FR-007-PP-350-1C,FR-007-PP-350,1,COR-005,9670,L,200,1,0,11,12,Approved,Rejected,Rejected - Scrapped,2026-01-19 02:18:54.718,—,Diogo Ferreira
LOTE-SK-M-SOP-007-2162,LOTE-M-SOP-007-2162,WO-1299,WO-12486,2026-01-24,Shift 1,SS-001,SK-FR-007-PP-350-1C,FR-007-PP-350,1,COR-003,4113,L,200,0,0,1,1,Approved,Approved,Approved - First Pass,2026-01-24 16:46:11.540,—,Elena Santos
LOTE-SK-M-SOP-001-2168,LOTE-M-SOP-001-2168,WO-1310,WO-12491,2026-02-01,Shift 1,SS-001,SK-FR-001-HDPE-300-1C,FR-001-HDPE-300,1,COR-008,15603,M,315,0,0,5,5,Approved,Approved,Approved - First Pass,2026-02-02 22:25:51.942,—,Carlos Mendes
LOTE-SK-M-SOP-007-2169,LOTE-M-SOP-007-2169,WO-1311,WO-12492,2026-02-02,Shift 1,SS-002,SK-FR-007-rPET-350-1C,FR-007-rPET-350,1,COR-005,7877,L,200,1,0,0,1,Rejected,Rejected,Rejected - Scrapped,2026-02-03 18:59:46.089,Adhesion:1(Re=1),Elena Santos
LOTE-SK-M-SOP-007-2170,LOTE-M-SOP-007-2170,WO-1314,WO-12495,2026-02-05,Shift 3,SS-002,SK-FR-007-PETG-350-1C,FR-007-PETG-350,1,COR-003,10170,M,315,0,2,11,13,Approved,Approved,Approved - First Pass,2026-02-05 20:21:28.445,—,Elena Santos
LOTE-SK-M-SOP-007-2172,LOTE-M-SOP-007-2172,WO-1319,WO-12500,2026-02-07,Shift 2,SS-001,SK-FR-007-HDPE-350-3C,FR-007-HDPE-350,3,"COR-002, COR-004, COR-006",11231,M,315,0,1,4,5,Approved,Approved,Approved - First Pass,2026-02-09 05:42:51.762,—,Diogo Ferreira
LOTE-SK-M-SOP-001-2176,LOTE-M-SOP-001-2176,WO-1326,WO-12505,2026-02-13,Shift 3,SS-001,SK-FR-001-HDPE-300-1C,FR-001-HDPE-300,1,COR-006,6799,L,200,0,0,5,5,Approved,Approved,Approved - First Pass,2026-02-14 02:55:26.760,—,Elena Santos
LOTE-SK-M-SOP-007-2181,LOTE-M-SOP-007-2181,WO-1338,WO-12508,2026-02-21,Shift 3,SS-002,SK-FR-007-PETG-350-1C,FR-007-PETG-350,1,COR-005,15834,M,315,0,0,5,5,Approved,Approved,Approved - First Pass,2026-02-22 01:32:41.085,—,Diogo Ferreira
LOTE-SK-M-SOP-001-2182,LOTE-M-SOP-001-2182,WO-1340,WO-12510,2026-02-22,Shift 1,SS-002,SK-FR-001-HDPE-300-1C,FR-001-HDPE-300,1,COR-006,11470,M,315,0,1,8,9,Approved,Approved,Approved - First Pass,2026-02-23 16:48:36.365,—,Elena Santos
LOTE-SK-M-SOP-007-2183,LOTE-M-SOP-007-2183,WO-1341,WO-12511,2026-02-22,Shift 2,SS-001,SK-FR-007-HDPE-350-3C,FR-007-HDPE-350,3,"COR-002, COR-007, COR-008",3435,L,200,1,0,2,3,Approved,Rejected,Rejected - Scrapped,2026-02-23 19:20:42.869,—,Carlos Mendes
LOTE-SK-M-SOP-001-2184,LOTE-M-SOP-001-2184,WO-1342,WO-12512,2026-02-23,Shift 1,SS-001,SK-FR-001-HDPE-300-1C,FR-001-HDPE-300,1,COR-002,1750,L,200,0,0,0,0,Approved,Approved,Approved - First Pass,2026-02-24 13:08:12.535,—,Diogo Ferreira
LOTE-SK-M-SOP-007-2188,LOTE-M-SOP-007-2188,WO-1352,WO-12519,2026-03-02,Shift 2,SS-002,SK-FR-007-PETG-350-1C,FR-007-PETG-350,1,COR-003,18332,M,315,1,0,2,3,Approved,Rejected,Rejected - Scrapped,2026-03-03 09:33:28.894,—,Carlos Mendes
LOTE-SK-M-SOP-007-2189,LOTE-M-SOP-007-2189,WO-1355,WO-12522,2026-03-04,Shift 1,SS-002,SK-FR-007-PP-350-1C,FR-007-PP-350,1,COR-006,15759,M,315,1,0,10,11,Rejected,Rejected,Rejected - Scrapped,2026-03-05 11:27:22.549,Adhesion:1(Re=1),Diogo Ferreira
LOTE-SK-M-SOP-007-2190,LOTE-M-SOP-007-2190,WO-1357,WO-12524,2026-03-05,Shift 2,SS-001,SK-FR-007-rPET-350-1C,FR-007-rPET-350,1,COR-001,12923,M,315,1,0,5,6,Rejected,Rejected,Rejected - Scrapped,2026-03-06 12:00:58.228,Adhesion:1(Re=1),Elena Santos
LOTE-SK-M-SOP-007-2194,LOTE-M-SOP-007-2194,WO-1366,WO-12530,2026-03-12,Shift 3,SS-002,SK-FR-007-rPET-350-1C,FR-007-rPET-350,1,COR-008,5830,L,200,0,1,2,3,Approved,Approved,Approved - First Pass,2026-03-13 01:02:44.723,—,Diogo Ferreira
LOTE-SK-M-SOP-007-2195,LOTE-M-SOP-007-2195,WO-1368,WO-12532,2026-03-13,Shift 2,SS-001,SK-FR-007-PETG-350-1C,FR-007-PETG-350,1,COR-002,8087,L,200,0,2,2,4,Approved,Approved,Approved - First Pass,2026-03-15 09:01:58.639,—,Elena Santos
LOTE-SK-M-SOP-007-2196,LOTE-M-SOP-007-2196,WO-1369,WO-12533,2026-03-13,Shift 2,SS-002,SK-FR-007-PETG-350-1C,FR-007-PETG-350,1,COR-004,5803,L,200,0,0,4,4,Approved,Approved,Approved - First Pass,2026-03-15 01:15:00.984,—,Ana Silva
LOTE-SK-M-SOP-007-2197,LOTE-M-SOP-007-2197,WO-1370,WO-12534,2026-03-14,shift 3,SS-001,SK-FR-007-HDPE-350-3C,FR-007-HDPE-350,3,"COR-002, COR-004, COR-007",3353,L,200,0,0,2,2,Approved,Approved,Approved - First Pass,2026-03-15 22:08:38.986,—,Carlos Mendes
LOTE-SK-M-SOP-001-2198,LOTE-M-SOP-001-2198,WO-1371,WO-12535,2026-03-15,Shift 1,SS-001,SK-FR-001-HDPE-300-1C,FR-001-HDPE-300,1,COR-007,6521,L,200,0,0,7,7,Approved,Approved,Approved - First Pass,2026-03-16 10:38:04.777,—,Ana Silva
LOTE-SK-M-SOP-007-2201,LOTE-M-SOP-007-2201,WO-1375,WO-12536,2026-03-17,Shift 2,SS-001,SK-FR-007-PETG-350-1C,FR-007-PETG-350,1,COR-001,8500,L,200,0,0,1,1,Approved,Approved,Approved - First Pass,2026-03-19 03:13:24.109,—,Ana Silva
LOTE-SK-M-SOP-007-2204,LOTE-M-SOP-007-2204,WO-1381,WO-12537,2026-03-22,Shift 1,SS-002,SK-FR-007-PETG-350-1C,FR-007-PETG-350,1,COR-003,6703,L,200,0,0,2,2,Approved,Approved,Approved - First Pass,2026-03-23 08:05:00.201,—,Carlos Mendes
LOTE-SK-M-SOP-001-2205,LOTE-M-SOP-001-2205,WO-1382,WO-12538,2026-03-23,Shift 1,SS-002,SK-FR-001-HDPE-300-1C,FR-001-HDPE-300,1,COR-006,10847,M,315,1,1,4,6,Approved,Approved,Approved - Released on Deviation,2026-03-24 15:03:27.551,—,Carlos Mendes
LOTE-SK-M-SOP-007-2210,LOTE-M-SOP-007-2210,WO-1392,WO-12546,2026-03-29,shift 1,SS-002,SK-FR-007-rPET-350-1C,FR-007-rPET-350,1,COR-004,7086,L,200,0,0,2,2,Approved,Approved,Approved - First Pass,2026-03-30 20:44:22.366,—,Carlos Mendes
LOTE-SK-M-SOP-007-2214,LOTE-M-SOP-007-2214,WO-1400,WO-12552,2026-04-04,Shift 2,SS-001,SK-FR-007-rPET-350-1C,FR-007-rPET-350,1,COR-004,15108,M,315,1,2,14,17,Rejected,Rejected,Rejected - Scrapped,2026-04-06 01:43:53.694,Adhesion:1(Re=1),Ana Silva
LOTE-SK-M-SOP-007-2217,LOTE-M-SOP-007-2217,WO-1405,WO-12554,2026-04-08,Shift 1,SS-001,SK-FR-007-PETG-350-1C,FR-007-PETG-350,1,COR-005,6414,L,200,0,0,1,1,Approved,Approved,Approved - First Pass,2026-04-09 16:26:50.728,—,Ana Silva
LOTE-SK-M-SOP-001-2218,LOTE-M-SOP-001-2218,WO-1406,WO-12555,2026-04-08,SHIFT 1,SS-002,SK-FR-001-HDPE-300-1C,FR-001-HDPE-300,1,COR-006,9381,L,200,0,0,5,5,Approved,Approved,Approved - First Pass,2026-04-09 12:49:44.082,—,Ana Silva
LOTE-SK-M-SOP-001-2223,LOTE-M-SOP-001-2223,WO-1414,WO-12559,2026-04-13,SHIFT 2,SS-001,SK-FR-001-HDPE-300-1C,FR-001-HDPE-300,1,COR-005,2472,L,200,0,5,6,11,Approved,Approved,Approved - First Pass,2026-04-14 16:55:02.795,—,Elena Santos
LOTE-SK-M-SOP-007-2224,LOTE-M-SOP-007-2224,WO-1417,WO-12562,2026-04-15,Shift 1,SS-002,SK-FR-007-PP-350-1C,FR-007-PP-350,1,COR-004,13561,M,315,0,1,2,3,Approved,Approved,Approved - First Pass,2026-04-16 16:02:36.455,—,Carlos Mendes
LOTE-SK-M-SOP-001-2225,LOTE-M-SOP-001-2225,WO-1418,WO-12563,2026-04-17,Shift 3,SS-002,SK-FR-001-HDPE-300-1C,FR-001-HDPE-300,1,COR-002,4920,L,200,1,0,1,2,Rejected,Rejected,Rejected - Scrapped,2026-04-17 19:12:06.685,Cure:1(Re=1),Elena Santos
LOTE-SK-M-SOP-007-2226,LOTE-M-SOP-007-2226,WO-1420,WO-12565,2026-04-17,Shift 2,SS-001,SK-FR-007-HDPE-350-3C,FR-007-HDPE-350,3,"COR-001, COR-006, COR-005",12522,M,315,0,1,2,3,Approved,Approved,Approved - First Pass,2026-04-19 11:17:56.202,—,Beatriz Costa
LOTE-SK-M-SOP-001-2229,LOTE-M-SOP-001-2229,WO-1424,WO-12568,2026-04-21,Shift 2,SS-001,SK-FR-001-HDPE-300-1C,FR-001-HDPE-300,1,COR-003,3707,L,200,0,1,4,5,Approved,Approved,Approved - First Pass,2026-04-22 14:21:37.707,—,Elena Santos
LOTE-SK-M-SOP-007-2230,LOTE-M-SOP-007-2230,WO-1427,WO-12571,2026-04-23,Shift 2,SS-002,SK-FR-007-PETG-350-1C,FR-007-PETG-350,1,COR-002,16443,M,315,1,2,2,5,Approved,Approved,Approved - Reworked,2026-04-24 13:22:08.204,—,Ana Silva
LOTE-SK-M-SOP-007-2231,LOTE-M-SOP-007-2231,WO-1428,WO-12572,2026-04-24,Shift 2,SS-001,SK-FR-007-PP-350-1C,FR-007-PP-350,1,COR-005,8715,L,200,0,0,3,3,Approved,Approved,Approved - First Pass,2026-04-25 19:08:36.307,—,Elena Santos
LOTE-SK-M-SOP-001-2232,LOTE-M-SOP-001-2232,WO-1431,WO-12575,2026-04-26,Shift 2,SS-002,SK-FR-001-HDPE-300-1C,FR-001-HDPE-300,1,COR-002,13062,M,315,1,2,11,14,Rejected,Approved,Approved - Released on Deviation,2026-04-27 12:00:35.048,—,Diogo Ferreira
LOTE-SK-M-SOP-007-2233,LOTE-M-SOP-007-2233,WO-1434,WO-12578,2026-04-28,  Shift 2  ,SS-001,SK-FR-007-rPET-350-1C,FR-007-rPET-350,1,COR-001,9292,L,200,0,1,10,11,Approved,Approved,Approved - First Pass,2026-04-30 05:55:40.534,—,Beatriz Costa
LOTE-SK-M-SOP-007-2236,LOTE-M-SOP-007-2236,WO-1438,WO-12579,2026-05-01,Shift 1,SS-001,SK-FR-007-rPET-350-1C,FR-007-rPET-350,1,COR-008,3471,L,200,0,0,2,2,Approved,Approved,Approved - First Pass,2026-05-02 16:05:22.052,—,Diogo Ferreira
LOTE-SK-M-SOP-007-2237,LOTE-M-SOP-007-2237,WO-1439,WO-12580,2026-05-02,Shift 1,SS-002,SK-FR-007-rPET-350-1C,FR-007-rPET-350,1,COR-006,6848,L,200,0,0,3,3,Approved,Approved,Approved - First Pass,2026-05-03 18:41:22.339,—,Elena Santos
LOTE-SK-M-SOP-007-2238,LOTE-M-SOP-007-2238,WO-1440,WO-12581,2026-05-03,Shift 3,SS-001,SK-FR-007-rPET-350-1C,FR-007-rPET-350,1,COR-002,3685,L,200,0,0,1,1,Approved,Approved,Approved - First Pass,2026-05-04 08:36:50.509,—,Diogo Ferreira
LOTE-SK-M-SOP-007-2240,LOTE-M-SOP-007-2240,WO-1442,WO-12582,2026-05-04,Shift 3,SS-002,SK-FR-007-PETG-350-1C,FR-007-PETG-350,1,COR-007,3005,L,200,0,0,0,0,Approved,Approved,Approved - First Pass,2026-05-05 04:34:40.389,—,Ana Silva
LOTE-SK-M-SOP-007-2243,LOTE-M-SOP-007-2243,WO-1450,WO-12584,2026-05-10,Shift 3,SS-002,SK-FR-007-rPET-350-1C,FR-007-rPET-350,1,COR-004,9166,L,200,0,0,6,6,Approved,Approved,Approved - First Pass,2026-05-11 05:46:36.838,—,Carlos Mendes
LOTE-SK-M-SOP-007-2244,LOTE-M-SOP-007-2244,WO-1453,WO-12587,2026-05-11,Shift 2,SS-001,SK-FR-007-PETG-350-1C,FR-007-PETG-350,1,COR-007,8916,L,200,0,1,2,3,Approved,Approved,Approved - First Pass,2026-05-12 11:05:17.082,—,Elena Santos
LOTE-SK-M-SOP-007-2245,LOTE-M-SOP-007-2245,WO-1454,WO-12588,2026-05-12,Shift 2,SS-001,SK-FR-007-PETG-350-1C,FR-007-PETG-350,1,COR-004,2533,L,200,0,0,4,4,Approved,Approved,Approved - First Pass,2026-05-13 16:30:09.087,—,Elena Santos
LOTE-SK-M-SOP-001-2246,LOTE-M-SOP-001-2246,WO-1456,WO-12590,2026-05-13,Shift 3,SS-001,SK-FR-001-HDPE-300-1C,FR-001-HDPE-300,1,COR-008,4542,L,200,0,0,2,2,Approved,Approved,Approved - First Pass,2026-05-15 09:41:00.510,—,Ana Silva
LOTE-SK-M-SOP-001-2247,LOTE-M-SOP-001-2247,WO-1457,WO-12591,2026-05-15,Shift 3,SS-002,SK-FR-001-HDPE-300-1C,FR-001-HDPE-300,1,COR-002,11419,M,315,0,1,9,10,Approved,Approved,Approved - First Pass,2026-05-16 09:00:27.920,—,Ana Silva
LOTE-SK-M-SOP-007-2248,LOTE-M-SOP-007-2248,WO-1459,WO-12593,2026-05-15,Shift 3,SS-002,SK-FR-007-rPET-350-1C,FR-007-rPET-350,1,COR-007,3369,L,200,1,0,1,2,Rejected,Approved,Approved - Reworked,2026-05-16 21:27:52.517,—,Ana Silva
LOTE-SK-M-SOP-001-2249,LOTE-M-SOP-001-2249,WO-1460,WO-12594,2026-05-17,Shift 3,SS-001,SK-FR-001-HDPE-300-1C,FR-001-HDPE-300,1,COR-007,6039,L,200,0,0,0,0,Approved,Approved,Approved - First Pass,2026-05-17 17:25:04.394,—,Carlos Mendes
LOTE-SK-M-SOP-007-2250,LOTE-M-SOP-007-2250,WO-1461,WO-12595,2026-05-17,Shift 2,SS-001,SK-FR-007-HDPE-350-3C,FR-007-HDPE-350,3,"COR-002, COR-003, COR-007",6849,L,200,0,0,5,5,Approved,Approved,Approved - First Pass,2026-05-19 02:16:34.482,—,Ana Silva
LOTE-SK-M-SOP-001-2253,LOTE-M-SOP-001-2253,WO-1469,WO-12601,2026-05-22,Shift 2,SS-002,SK-FR-001-HDPE-300-1C,FR-001-HDPE-300,1,COR-006,21099,M,315,0,1,12,13,Approved,Approved,Approved - First Pass,2026-05-23 22:00:57.592,—,Carlos Mendes
LOTE-SK-M-SOP-007-2255,LOTE-M-SOP-007-2255,WO-1471,WO-12602,2026-05-24,shift 1,SS-001,SK-FR-007-PETG-350-1C,FR-007-PETG-350,1,COR-006,5722,L,200,0,0,2,2,Approved,Approved,Approved - First Pass,2026-05-25 09:09:27.065,—,Diogo Ferreira
LOTE-SK-M-SOP-001-2256,LOTE-M-SOP-001-2256,WO-1473,WO-12604,2026-05-26,Shift 3,SS-001,SK-FR-001-HDPE-300-1C,FR-001-HDPE-300,1,COR-006,8030,L,200,1,0,8,9,Approved,Rejected,Rejected - Scrapped,2026-05-27 00:37:40.845,—,Diogo Ferreira
LOTE-SK-M-SOP-007-2257,LOTE-M-SOP-007-2257,WO-1475,WO-12606,2026-05-28,Shift 3,SS-001,SK-FR-007-rPET-350-1C,FR-007-rPET-350,1,COR-006,12672,M,315,0,0,2,2,Approved,Approved,Approved - First Pass,2026-05-29 03:46:36.348,—,Beatriz Costa
LOTE-SK-M-SOP-007-2258,LOTE-M-SOP-007-2258,WO-1477,WO-12608,2026-05-29,Shift 2,SS-002,SK-FR-007-HDPE-350-3C,FR-007-HDPE-350,3,"COR-004, COR-007, COR-002",13292,M,315,0,1,12,13,Approved,Approved,Approved - First Pass,2026-05-30 15:49:40.954,—,Beatriz Costa
LOTE-SK-M-SOP-007-2260,LOTE-M-SOP-007-2260,WO-1479,WO-12609,2026-05-30,Shift 3,SS-001,SK-FR-007-HDPE-350-3C,FR-007-HDPE-350,3,"COR-008, COR-003, COR-001",12436,M,315,0,1,4,5,Approved,Approved,Approved - First Pass,2026-06-01 09:38:17.408,—,Beatriz Costa
LOTE-SK-M-SOP-001-2261,LOTE-M-SOP-001-2261,WO-1483,WO-12613,2026-06-02,SHIFT 3,SS-002,SK-FR-001-HDPE-300-1C,FR-001-HDPE-300,1,COR-007,13784,M,315,1,0,2,3,Rejected,Rejected,Rejected - Scrapped,2026-06-02 19:51:27.677,Cure:1(Re=1),Diogo Ferreira
LOTE-SK-M-SOP-007-2263,LOTE-M-SOP-007-2263,WO-1486,WO-12614,2026-06-03,Shift 2,SS-001,SK-FR-007-PETG-350-1C,FR-007-PETG-350,1,COR-001,6497,L,200,0,0,0,0,Approved,Approved,Approved - First Pass,2026-06-05 02:00:24.351,—,Ana Silva
LOTE-SK-M-SOP-007-2264,LOTE-M-SOP-007-2264,WO-1488,WO-12616,2026-06-05,Shift 1,SS-001,SK-FR-007-HDPE-350-3C,FR-007-HDPE-350,3,"COR-006, COR-004, COR-001",11624,M,315,0,0,12,12,Approved,Approved,Approved - First Pass,2026-06-06 12:29:47.169,—,Ana Silva
LOTE-SK-M-SOP-001-2267,LOTE-M-SOP-001-2267,WO-1493,WO-12621,2026-06-08,Shift 2,SS-002,SK-FR-001-HDPE-300-1C,FR-001-HDPE-300,1,COR-004,3199,L,200,0,0,0,0,Approved,Approved,Approved - First Pass,2026-06-09 20:27:15.447,—,Beatriz Costa
LOTE-SK-M-SOP-007-2270,LOTE-M-SOP-007-2270,WO-1500,WO-12623,2026-06-13,Shift 2,SS-001,SK-FR-007-PP-350-1C,FR-007-PP-350,1,COR-007,3802,L,200,0,0,3,3,Approved,Approved,Approved - First Pass,2026-06-15 01:52:11.213,—,Ana Silva
LOTE-SK-M-SOP-001-2271,LOTE-M-SOP-001-2271,WO-1502,WO-12625,2026-06-14,Shift 1,SS-002,SK-FR-001-HDPE-300-1C,FR-001-HDPE-300,1,COR-005,12005,M,315,0,4,6,10,Approved,Approved,Approved - First Pass,2026-06-15 17:34:21.687,—,Beatriz Costa
LOTE-SK-M-SOP-001-2273,LOTE-M-SOP-001-2273,WO-1504,WO-12626,2026-06-15,SHIFT 2,SS-002,SK-FR-001-HDPE-300-1C,FR-001-HDPE-300,1,COR-006,3003,L,200,0,0,1,1,Approved,Approved,Approved - First Pass,2026-06-16 14:46:33.193,—,Elena Santos
LOTE-SK-M-SOP-001-2275,LOTE-M-SOP-001-2275,WO-1506,WO-12627,2026-06-16,Shift 3,SS-002,SK-FR-001-HDPE-300-1C,FR-001-HDPE-300,1,COR-006,2642,L,200,0,0,1,1,Approved,Approved,Approved - First Pass,2026-06-17 17:24:35.575,—,Elena Santos
LOTE-SK-M-SOP-001-2277,LOTE-M-SOP-001-2277,WO-1509,WO-12630,2026-06-18,Shift 2,SS-002,SK-FR-001-HDPE-300-1C,FR-001-HDPE-300,1,COR-007,14741,M,315,0,0,4,4,Approved,Approved,Approved - First Pass,2026-06-19 20:25:19.148,—,Elena Santos
LOTE-SK-M-SOP-001-2279,LOTE-M-SOP-001-2279,WO-1511,WO-12631,2026-06-20,Shift 3,SS-002,SK-FR-001-HDPE-300-1C,FR-001-HDPE-300,1,COR-001,4265,L,200,0,0,5,5,Approved,Approved,Approved - First Pass,2026-06-20 17:32:01.315,—,Ana Silva
LOTE-SK-M-SOP-007-2280,LOTE-M-SOP-007-2280,WO-1514,WO-12634,2026-06-22,Shift 2,SS-002,SK-FR-007-rPET-350-1C,FR-007-rPET-350,1,COR-007,17574,M,315,1,2,2,5,Approved,Rejected,Rejected - Scrapped,2026-06-23 15:13:34.498,—,Elena Santos
LOTE-SK-M-SOP-001-2282,LOTE-M-SOP-001-2282,WO-1518,WO-12638,2026-06-24,Shift 1,SS-001,SK-FR-001-HDPE-300-1C,FR-001-HDPE-300,1,COR-001,8543,L,200,1,1,7,9,Approved,Rejected,Rejected - Scrapped,2026-06-25 16:26:02.462,—,Ana Silva
LOTE-SK-M-SOP-001-2283,LOTE-M-SOP-001-2283,WO-1519,WO-12639,2026-06-24,Shift 2,SS-002,SK-FR-001-HDPE-300-1C,FR-001-HDPE-300,1,COR-007,2056,L,200,0,1,5,6,Approved,Approved,Approved - First Pass,2026-06-25 22:32:40.543,—,Diogo Ferreira
LOTE-SK-M-SOP-007-2288,LOTE-M-SOP-007-2288,WO-1528,WO-12640,2026-07-01,Shift 3,SS-001,SK-FR-007-PETG-350-1C,FR-007-PETG-350,1,COR-002,11035,M,315,0,0,0,0,Approved,Approved,Approved - First Pass,2026-07-02 16:11:58.002,—,Elena Santos
LOTE-SK-M-SOP-007-2290,LOTE-M-SOP-007-2290,WO-1530,WO-12641,2026-07-02,Shift 2,SS-001,SK-FR-007-PP-350-1C,FR-007-PP-350,1,COR-007,5777,L,200,0,0,5,5,Approved,Approved,Approved - First Pass,2026-07-03 18:17:20.599,—,Carlos Mendes
LOTE-SK-M-SOP-001-2292,LOTE-M-SOP-001-2292,WO-1532,WO-12642,2026-07-04,Shift 1,SS-001,SK-FR-001-HDPE-300-1C,FR-001-HDPE-300,1,COR-002,6824,L,200,0,0,2,2,Approved,Approved,Approved - First Pass,2026-07-05 04:24:16.285,—,Carlos Mendes
LOTE-SK-M-SOP-007-2294,LOTE-M-SOP-007-2294,WO-1537,WO-12647,2026-07-06,shift 2,SS-001,SK-FR-007-rPET-350-1C,FR-007-rPET-350,1,COR-001,10690,M,315,1,1,9,11,Approved,Approved,Approved - Released on Deviation,2026-07-07 20:40:11.355,—,Carlos Mendes
LOTE-SK-M-SOP-007-2296,LOTE-M-SOP-007-2296,WO-1540,WO-12649,2026-07-09,Shift 2,SS-001,SK-FR-007-rPET-350-1C,FR-007-rPET-350,1,COR-006,23010,M,315,1,1,5,7,Rejected,Rejected,Rejected - Scrapped,2026-07-10 22:49:54.550,Adhesion:1(Re=1),Ana Silva
LOTE-SK-M-SOP-007-2297,LOTE-M-SOP-007-2297,WO-1543,WO-12652,2026-07-11,Shift 1,SS-001,SK-FR-007-PP-350-1C,FR-007-PP-350,1,COR-008,10166,M,315,1,1,7,9,Approved,Approved,Approved - Released on Deviation,2026-07-12 09:40:15.766,—,Diogo Ferreira
LOTE-SK-M-SOP-007-2304,LOTE-M-SOP-007-2304,WO-1557,WO-12658,2026-07-20,Shift 1,SS-001,SK-FR-007-PETG-350-1C,FR-007-PETG-350,1,COR-008,2362,L,200,0,0,5,5,Approved,Approved,Approved - First Pass,2026-07-20 23:20:59.586,—,Ana Silva
LOTE-SK-M-SOP-001-2306,LOTE-M-SOP-001-2306,WO-1561,WO-12659,2026-07-21,Shift 2,SS-001,SK-FR-001-HDPE-300-1C,FR-001-HDPE-300,1,COR-002,5974,L,200,0,0,7,7,Approved,Approved,Approved - First Pass,2026-07-22 18:46:16.063,—,Diogo Ferreira
LOTE-SK-M-SOP-007-2308,LOTE-M-SOP-007-2308,WO-1565,WO-12660,2026-07-25,Shift 3,SS-002,SK-FR-007-PP-350-1C,FR-007-PP-350,1,COR-001,4932,L,200,0,0,0,0,Approved,Approved,Approved - First Pass,2026-07-25 21:41:50.328,—,Carlos Mendes
LOTE-SK-M-SOP-001-2309,LOTE-M-SOP-001-2309,WO-1567,WO-12662,2026-07-26,SHIFT 2,SS-001,SK-FR-001-HDPE-300-1C,FR-001-HDPE-300,1,COR-001,8630,L,200,0,0,8,8,Approved,Approved,Approved - First Pass,2026-07-27 10:19:02.969,—,Diogo Ferreira
LOTE-SK-M-SOP-007-2310,LOTE-M-SOP-007-2310,WO-1568,WO-12663,2026-07-27,Shift 2,SS-002,SK-FR-007-PETG-350-1C,FR-007-PETG-350,1,COR-005,6708,L,200,0,0,2,2,Approved,Approved,Approved - First Pass,2026-07-28 15:29:37.895,—,Ana Silva
LOTE-SK-M-SOP-007-2311,LOTE-M-SOP-007-2311,WO-1569,WO-12664,2026-07-27,Shift 1,SS-002,SK-FR-007-HDPE-350-3C,FR-007-HDPE-350,3,"COR-004, COR-007, COR-006",7129,L,200,0,0,7,7,Approved,Approved,Approved - First Pass,2026-07-28 17:21:08.348,—,Carlos Mendes
LOTE-SK-M-SOP-007-2312,LOTE-M-SOP-007-2312,WO-1572,WO-12667,2026-07-29,Shift 2,SS-002,SK-FR-007-PETG-350-1C,FR-007-PETG-350,1,COR-004,15797,M,315,0,0,13,13,Approved,Approved,Approved - First Pass,2026-07-30 03:52:50.307,—,Diogo Ferreira
LOTE-SK-M-SOP-007-2313,LOTE-M-SOP-007-2313,WO-1575,WO-12670,2026-07-31,Shift 3,SS-001,SK-FR-007-PETG-350-1C,FR-007-PETG-350,1,COR-005,23278,M,315,0,0,9,9,Approved,Approved,Approved - First Pass,2026-08-01 03:06:18.586,—,Elena Santos
LOTE-SK-M-SOP-007-2315,LOTE-M-SOP-007-2315,WO-1579,WO-12674,2026-08-03,Shift 1,SS-002,SK-FR-007-HDPE-350-3C,FR-007-HDPE-350,3,"COR-007, COR-001, COR-003",9561,L,200,0,0,0,0,Approved,Approved,Approved - First Pass,2026-08-04 08:57:51.248,—,Diogo Ferreira
LOTE-SK-M-SOP-007-2318,LOTE-M-SOP-007-2318,WO-1586,WO-12677,2026-08-07,Shift 1,SS-001,SK-FR-007-HDPE-350-3C,FR-007-HDPE-350,3,"COR-005, COR-001, COR-004",12390,M,315,0,0,2,2,Approved,Approved,Approved - First Pass,2026-08-08 06:50:05.134,—,Carlos Mendes
LOTE-SK-M-SOP-001-2320,LOTE-M-SOP-001-2320,WO-1589,WO-12680,2026-08-09,Shift 1,SS-001,SK-FR-001-HDPE-300-1C,FR-001-HDPE-300,1,COR-002,4003,L,200,0,0,2,2,Approved,Approved,Approved - First Pass,2026-08-10 02:34:32.005,—,Diogo Ferreira
LOTE-SK-M-SOP-001-2322,LOTE-M-SOP-001-2322,WO-1593,WO-12682,2026-08-12,Shift 2,SS-002,SK-FR-001-HDPE-300-1C,FR-001-HDPE-300,1,COR-006,7554,L,200,0,0,7,7,Approved,Approved,Approved - First Pass,2026-08-13 16:56:26.610,—,Diogo Ferreira
LOTE-SK-M-SOP-007-2324,LOTE-M-SOP-007-2324,WO-1596,WO-12685,2026-08-13,Shift 2,SS-002,SK-FR-007-PP-350-1C,FR-007-PP-350,1,COR-007,4833,L,200,0,0,1,1,Approved,Approved,Approved - First Pass,2026-08-14 15:34:52.965,—,Ana Silva
LOTE-SK-M-SOP-007-2325,LOTE-M-SOP-007-2325,WO-1597,WO-12686,2026-08-14,Shift 2,SS-001,SK-FR-007-rPET-350-1C,FR-007-rPET-350,1,COR-002,9895,L,200,0,0,2,2,Approved,Approved,Approved - First Pass,2026-08-15 13:33:04.618,—,Ana Silva
LOTE-SK-M-SOP-007-2328,LOTE-M-SOP-007-2328,WO-1602,WO-12690,2026-08-18,Shift 3,SS-002,SK-FR-007-HDPE-350-3C,FR-007-HDPE-350,3,"COR-004, COR-006, COR-003",17008,M,315,0,4,12,16,Approved,Approved,Approved - First Pass,2026-08-18 14:59:59.552,—,Elena Santos
LOTE-SK-M-SOP-007-2334,LOTE-M-SOP-007-2334,WO-1610,WO-12693,2026-08-24,Shift 2,SS-001,SK-FR-007-rPET-350-1C,FR-007-rPET-350,1,COR-005,6997,L,200,0,0,0,0,Approved,Approved,Approved - First Pass,2026-08-25 22:34:42.472,—,Diogo Ferreira
LOTE-SK-M-SOP-007-2335,LOTE-M-SOP-007-2335,WO-1612,WO-12695,2026-08-25,Shift 2,SS-002,SK-FR-007-PETG-350-1C,FR-007-PETG-350,1,COR-005,10348,M,315,0,0,2,2,Approved,Approved,Approved - First Pass,2026-08-26 21:51:58.081,—,Ana Silva
LOTE-SK-M-SOP-001-2337,LOTE-M-SOP-001-2337,WO-1615,WO-12698,2026-08-27,Shift 2,SS-002,SK-FR-001-HDPE-300-1C,FR-001-HDPE-300,1,COR-007,3628,L,200,0,3,2,5,Approved,Approved,Approved - First Pass,2026-08-28 19:36:31.402,—,Beatriz Costa
LOTE-SK-M-SOP-007-2338,LOTE-M-SOP-007-2338,WO-1617,WO-12700,2026-08-29,  Shift 3  ,SS-002,SK-FR-007-rPET-350-1C,FR-007-rPET-350,1,COR-007,15874,M,315,1,0,9,10,Approved,Rejected,Rejected - Scrapped,2026-08-30 08:06:25.926,—,Ana Silva
LOTE-SK-M-SOP-007-2339,LOTE-M-SOP-007-2339,WO-1619,WO-12702,2026-08-30,Shift 1,SS-001,SK-FR-007-PP-350-1C,FR-007-PP-350,1,COR-006,10851,M,315,1,0,13,14,Rejected,Rejected,Rejected - Scrapped,2026-08-31 10:40:50.303,Cure:1(Re=1),Diogo Ferreira
LOTE-SK-M-SOP-007-2342,LOTE-M-SOP-007-2342,WO-1626,WO-12706,2026-09-03,Shift 3,SS-001,SK-FR-007-HDPE-350-3C,FR-007-HDPE-350,3,"COR-001, COR-006, COR-005",6986,L,200,0,2,1,3,Approved,Approved,Approved - First Pass,2026-09-04 00:04:10.824,—,Diogo Ferreira
LOTE-SK-M-SOP-001-2343,LOTE-M-SOP-001-2343,WO-1627,WO-12707,2026-09-04,Shift 2,SS-002,SK-FR-001-HDPE-300-1C,FR-001-HDPE-300,1,COR-006,1988,L,200,0,0,4,4,Approved,Approved,Approved - First Pass,2026-09-05 18:15:56.949,—,Diogo Ferreira
LOTE-SK-M-SOP-007-2353,LOTE-M-SOP-007-2353,WO-1643,WO-12718,2026-09-15,Shift 3,SS-001,SK-FR-007-rPET-350-1C,FR-007-rPET-350,1,COR-004,15838,M,315,0,1,5,6,Approved,Approved,Approved - First Pass,2026-09-15 18:38:36.452,—,Elena Santos
LOTE-SK-M-SOP-007-2356,LOTE-M-SOP-007-2356,WO-1648,WO-12719,2026-09-18,SHIFT 1,SS-001,SK-FR-007-HDPE-350-3C,FR-007-HDPE-350,3,"COR-007, COR-008, COR-005",6001,L,200,0,0,3,3,Approved,Approved,Approved - First Pass,2026-09-19 06:09:13.506,—,Elena Santos
LOTE-SK-M-SOP-007-2358,LOTE-M-SOP-007-2358,WO-1652,WO-12721,2026-09-20,Shift 1,SS-002,SK-FR-007-PP-350-1C,FR-007-PP-350,1,COR-004,6140,L,200,0,1,1,2,Approved,Approved,Approved - First Pass,2026-09-21 13:21:17.080,—,Carlos Mendes
LOTE-SK-M-SOP-007-2359,LOTE-M-SOP-007-2359,WO-1654,WO-12723,2026-09-22,Shift 3,SS-002,SK-FR-007-PETG-350-1C,FR-007-PETG-350,1,COR-006,12763,M,315,1,1,9,11,Approved,Rejected,Rejected - Scrapped,2026-09-23 01:51:23.700,—,Elena Santos
LOTE-SK-M-SOP-007-2362,LOTE-M-SOP-007-2362,WO-1660,WO-12726,2026-09-27,Shift 3,SS-001,SK-FR-007-rPET-350-1C,FR-007-rPET-350,1,COR-008,17335,M,315,2,1,2,5,Rejected,Rejected,Rejected - Scrapped,2026-09-27 21:48:02.705,Adhesion:1(Re=1),Diogo Ferreira
LOTE-SK-M-SOP-007-2363,LOTE-M-SOP-007-2363,WO-1661,WO-12727,2026-09-27,Shift 3,SS-001,SK-FR-007-HDPE-350-3C,FR-007-HDPE-350,3,"COR-002, COR-006, COR-005",6538,L,200,0,0,1,1,Approved,Approved,Approved - First Pass,2026-09-27 23:37:01.476,—,Carlos Mendes
LOTE-SK-M-SOP-007-2366,LOTE-M-SOP-007-2366,WO-1668,WO-12728,2026-10-01,Shift 2,SS-001,SK-FR-007-HDPE-350-3C,FR-007-HDPE-350,3,"COR-008, COR-004, COR-006",8121,L,200,0,0,3,3,Approved,Approved,Approved - First Pass,2026-10-02 23:37:01.189,—,Beatriz Costa
LOTE-SK-M-SOP-001-2368,LOTE-M-SOP-001-2368,WO-1673,WO-12733,2026-10-05,Shift 3,SS-001,SK-FR-001-HDPE-300-1C,FR-001-HDPE-300,1,COR-008,20279,M,315,0,1,9,10,Approved,Approved,Approved - First Pass,2026-10-07 03:06:12.511,—,Diogo Ferreira
LOTE-SK-M-SOP-001-2370,LOTE-M-SOP-001-2370,WO-1678,WO-12737,2026-10-09,Shift 1,SS-001,SK-FR-001-HDPE-300-1C,FR-001-HDPE-300,1,COR-006,19201,M,315,1,0,10,11,Approved,Approved,Approved - Reworked,2026-10-10 15:33:07.661,—,Diogo Ferreira
LOTE-SK-M-SOP-007-2373,LOTE-M-SOP-007-2373,WO-1683,WO-12742,2026-10-12,Shift 1,SS-001,SK-FR-007-PETG-350-1C,FR-007-PETG-350,1,COR-002,5809,L,200,0,0,2,2,Approved,Approved,Approved - First Pass,2026-10-13 15:49:03.686,—,Beatriz Costa
LOTE-SK-M-SOP-007-2374,LOTE-M-SOP-007-2374,WO-1686,WO-12745,2026-10-15,Shift 3,SS-001,SK-FR-007-PP-350-1C,FR-007-PP-350,1,COR-008,20441,M,315,0,2,5,7,Approved,Approved,Approved - First Pass,2026-10-16 16:34:55.367,—,Elena Santos
LOTE-SK-M-SOP-007-2376,LOTE-M-SOP-007-2376,WO-1691,WO-12750,2026-10-18,Shift 2,SS-002,SK-FR-007-PETG-350-1C,FR-007-PETG-350,1,COR-008,13844,M,315,1,0,5,6,Approved,Rejected,Rejected - Scrapped,2026-10-20 00:51:16.101,—,Beatriz Costa
LOTE-SK-M-SOP-007-2377,LOTE-M-SOP-007-2377,WO-1692,WO-12751,2026-10-19,Shift 1,SS-001,SK-FR-007-PP-350-1C,FR-007-PP-350,1,COR-004,9953,L,200,0,0,5,5,Approved,Approved,Approved - First Pass,2026-10-20 15:55:41.865,—,Diogo Ferreira
LOTE-SK-M-SOP-001-2379,LOTE-M-SOP-001-2379,WO-1696,WO-12753,2026-10-22,Shift 1,SS-001,SK-FR-001-HDPE-300-1C,FR-001-HDPE-300,1,COR-004,12214,M,315,0,0,2,2,Approved,Approved,Approved - First Pass,2026-10-23 15:19:01.850,—,Ana Silva
LOTE-SK-M-SOP-001-2383,LOTE-M-SOP-001-2383,WO-1704,WO-12756,2026-10-27,Shift 2,SS-002,SK-FR-001-HDPE-300-1C,FR-001-HDPE-300,1,COR-004,20468,M,315,0,3,9,12,Approved,Approved,Approved - First Pass,2026-10-28 14:32:49.371,—,Elena Santos
LOTE-SK-M-SOP-007-2385,LOTE-M-SOP-007-2385,WO-1709,WO-12758,2026-10-30,  Shift 2  ,SS-001,SK-FR-007-rPET-350-1C,FR-007-rPET-350,1,COR-008,11193,M,315,0,1,6,7,Approved,Approved,Approved - First Pass,2026-10-31 12:38:56.975,—,Ana Silva
LOTE-SK-M-SOP-007-2386,LOTE-M-SOP-007-2386,WO-1710,WO-12759,2026-10-31,Shift 1,SS-001,SK-FR-007-rPET-350-1C,FR-007-rPET-350,1,COR-001,6129,L,200,0,0,2,2,Approved,Approved,Approved - First Pass,2026-11-01 07:01:31.474,—,Ana Silva
LOTE-SK-M-SOP-007-2388,LOTE-M-SOP-007-2388,WO-1714,WO-12762,2026-11-02,shift 3,SS-002,SK-FR-007-PETG-350-1C,FR-007-PETG-350,1,COR-001,16771,M,315,1,4,8,13,Rejected,Rejected,Rejected - Scrapped,2026-11-03 17:45:35.375,Cure:1(Re=1),Carlos Mendes
LOTE-SK-M-SOP-007-2390,LOTE-M-SOP-007-2390,WO-1720,WO-12765,2026-11-06,Shift 2,SS-002,SK-FR-007-HDPE-350-3C,FR-007-HDPE-350,3,"COR-008, COR-006, COR-002",19085,M,315,0,3,7,10,Approved,Approved,Approved - First Pass,2026-11-07 23:51:47.034,—,Elena Santos
LOTE-SK-M-SOP-007-2397,LOTE-M-SOP-007-2397,WO-1736,WO-12767,2026-11-17,Shift 2,SS-001,SK-FR-007-rPET-350-1C,FR-007-rPET-350,1,COR-008,14432,M,315,0,0,11,11,Approved,Approved,Approved - First Pass,2026-11-19 02:50:30.443,—,Carlos Mendes
LOTE-SK-M-SOP-001-2399,LOTE-M-SOP-001-2399,WO-1739,WO-12768,2026-11-19,Shift 1,SS-002,SK-FR-001-HDPE-300-1C,FR-001-HDPE-300,1,COR-003,4599,L,200,0,1,3,4,Approved,Approved,Approved - First Pass,2026-11-20 20:21:39.051,—,Carlos Mendes
LOTE-SK-M-SOP-001-2400,LOTE-M-SOP-001-2400,WO-1740,WO-12769,2026-11-20,Shift 1,SS-002,SK-FR-001-HDPE-300-1C,FR-001-HDPE-300,1,COR-007,11689,M,315,0,2,6,8,Approved,Approved,Approved - First Pass,2026-11-21 14:36:38.361,—,Ana Silva
LOTE-SK-M-SOP-007-2401,LOTE-M-SOP-007-2401,WO-1742,WO-12771,2026-11-20,Shift 1,SS-001,SK-FR-007-rPET-350-1C,FR-007-rPET-350,1,COR-005,4032,L,200,0,0,3,3,Approved,Approved,Approved - First Pass,2026-11-21 17:17:28.916,—,Carlos Mendes
LOTE-SK-M-SOP-007-2406,LOTE-M-SOP-007-2406,WO-1749,WO-12775,2026-11-25,Shift 1,SS-001,SK-FR-007-PETG-350-1C,FR-007-PETG-350,1,COR-007,4429,L,200,0,1,1,2,Approved,Approved,Approved - First Pass,2026-11-26 03:04:50.353,—,Elena Santos
LOTE-SK-M-SOP-001-2408,LOTE-M-SOP-001-2408,WO-1754,WO-12780,2026-11-29,Shift 1,SS-001,SK-FR-001-HDPE-300-1C,FR-001-HDPE-300,1,COR-001,7178,L,200,0,1,3,4,Approved,Approved,Approved - First Pass,2026-11-30 13:48:14.654,—,Carlos Mendes
LOTE-SK-M-SOP-007-2413,LOTE-M-SOP-007-2413,WO-1762,WO-12782,2026-12-04,Shift 1,SS-001,SK-FR-007-rPET-350-1C,FR-007-rPET-350,1,COR-005,3108,L,200,0,0,4,4,Approved,Approved,Approved - First Pass,2026-12-05 18:16:56.294,—,Beatriz Costa
LOTE-SK-M-SOP-007-2418,LOTE-M-SOP-007-2418,WO-1773,WO-12792,2026-12-11,Shift 1,SS-001,SK-FR-007-PP-350-1C,FR-007-PP-350,1,COR-006,14284,M,315,0,1,8,9,Approved,Approved,Approved - First Pass,2026-12-12 17:43:48.546,—,Ana Silva
LOTE-SK-M-SOP-001-2426,LOTE-M-SOP-001-2426,WO-1787,WO-12803,2026-12-21,Shift 3,SS-002,SK-FR-001-HDPE-300-1C,FR-001-HDPE-300,1,COR-003,10261,M,315,0,0,7,7,Approved,Approved,Approved - First Pass,2026-12-22 00:27:43.568,—,Ana Silva
LOTE-SK-M-SOP-001-2427,LOTE-M-SOP-001-2427,WO-1788,WO-12804,2026-12-22,Shift 3,SS-001,SK-FR-001-HDPE-300-1C,FR-001-HDPE-300,1,COR-007,10864,M,315,0,0,3,3,Approved,Approved,Approved - First Pass,2026-12-22 22:23:50.327,—,Elena Santos
LOTE-SK-M-SOP-007-2428,LOTE-M-SOP-007-2428,WO-1790,WO-12806,2026-12-22,Shift 1,SS-001,SK-FR-007-rPET-350-1C,FR-007-rPET-350,1,COR-008,7559,L,200,0,0,5,5,Approved,Approved,Approved - First Pass,2026-12-23 10:32:07.445,—,Diogo Ferreira
LOTE-SK-M-SOP-001-2430,LOTE-M-SOP-001-2430,WO-1795,WO-12809,2026-12-25,Shift 2,SS-002,SK-FR-001-HDPE-300-1C,FR-001-HDPE-300,1,COR-007,7566,L,200,0,0,5,5,Approved,Approved,Approved - First Pass,2026-12-27 01:56:38.940,—,Ana Silva
LOTE-SK-M-SOP-001-2433,LOTE-M-SOP-001-2433,WO-1801,WO-12810,2026-12-30,Shift 2,SS-002,SK-FR-001-HDPE-300-1C,FR-001-HDPE-300,1,COR-002,7580,L,200,0,1,6,7,Approved,Approved,Approved - First Pass,2027-01-01 01:02:58.213,—,Carlos Mendes
LOTE-SK-M-SOP-008-2456,LOTE-M-SOP-008-2456,WO-1846,WO-12831,2025-07-28,Shift 2,SS-001,SK-FR-008-LDPE-350-3C,FR-008-LDPE-350,3,"COR-003, COR-001, COR-005",6995,L,200,0,0,2,2,Approved,Approved,Approved - First Pass,2025-07-30 05:46:43.452,—,Diogo Ferreira
LOTE-SK-M-SOP-008-2474,LOTE-M-SOP-008-2474,WO-1877,WO-12844,2025-08-20,Shift 3,SS-002,SK-FR-008-LDPE-350-3C,FR-008-LDPE-350,3,"COR-006, COR-002, COR-005",7882,L,200,0,2,7,9,Approved,Approved,Approved - First Pass,2025-08-21 09:17:24.781,—,Carlos Mendes
LOTE-SK-M-SOP-008-2487,LOTE-M-SOP-008-2487,WO-1902,WO-12856,2025-09-06,Shift 1,SS-001,SK-FR-008-PETG-350-2C,FR-008-PETG-350,2,"COR-003, COR-004",10255,M,315,1,3,3,7,Approved,Rejected,Rejected - Scrapped,2025-09-07 13:31:00.625,—,Diogo Ferreira
LOTE-SK-M-SOP-008-2490,LOTE-M-SOP-008-2490,WO-1906,WO-12858,2025-09-09,Shift 3,SS-001,SK-FR-008-HDPE-350-2C,FR-008-HDPE-350,2,"COR-001, COR-007",3231,L,200,0,0,8,8,Approved,Approved,Approved - First Pass,2025-09-10 04:06:45.297,—,Elena Santos
LOTE-SK-M-SOP-008-2510,LOTE-M-SOP-008-2510,WO-1940,WO-12878,2025-09-30,Shift 2,SS-002,SK-FR-008-LDPE-350-3C,FR-008-LDPE-350,3,"COR-003, COR-007, COR-004",6970,L,200,0,0,4,4,Approved,Approved,Approved - First Pass,2025-10-01 22:08:29.984,—,Carlos Mendes
LOTE-SK-M-SOP-008-2512,LOTE-M-SOP-008-2512,WO-1942,WO-12879,2025-10-01,Shift 2,SS-001,SK-FR-008-LDPE-350-3C,FR-008-LDPE-350,3,"COR-004, COR-008, COR-007",2898,L,200,0,3,6,9,Approved,Approved,Approved - First Pass,2025-10-02 11:14:21.459,—,Beatriz Costa
LOTE-SK-M-SOP-008-2514,LOTE-M-SOP-008-2514,WO-1944,WO-12881,2025-10-04,Shift 3,SS-001,SK-FR-008-HDPE-350-2C,FR-008-HDPE-350,2,"COR-008, COR-002",11043,M,315,0,1,4,5,Approved,Approved,Approved - First Pass,2025-10-05 12:10:18.430,—,Beatriz Costa
LOTE-SK-M-SOP-008-2522,LOTE-M-SOP-008-2522,WO-1959,WO-12892,2025-10-13,Shift 2,SS-001,SK-FR-008-HDPE-350-2C,FR-008-HDPE-350,2,"COR-007, COR-008",8756,L,200,0,1,10,11,Approved,Approved,Approved - First Pass,2025-10-15 07:42:21.741,—,Beatriz Costa
LOTE-SK-M-SOP-008-2527,LOTE-M-SOP-008-2527,WO-1966,WO-12897,2025-10-18,Shift 2,SS-001,SK-FR-008-LDPE-350-3C,FR-008-LDPE-350,3,"COR-008, COR-006, COR-002",8604,L,200,0,2,4,6,Approved,Approved,Approved - First Pass,2025-10-19 16:55:32.604,—,Elena Santos
LOTE-SK-M-SOP-008-2528,LOTE-M-SOP-008-2528,WO-1967,WO-12898,2025-10-19,Shift 3,SS-001,SK-FR-008-PETG-350-2C,FR-008-PETG-350,2,"COR-007, COR-005",6704,L,200,0,0,3,3,Approved,Approved,Approved - First Pass,2025-10-20 04:32:17.770,—,Diogo Ferreira
LOTE-SK-M-SOP-008-2541,LOTE-M-SOP-008-2541,WO-1987,WO-12902,2025-11-02,Shift 1,SS-001,SK-FR-008-HDPE-350-2C,FR-008-HDPE-350,2,"COR-002, COR-005",1853,L,200,0,0,1,1,Approved,Approved,Approved - First Pass,2025-11-03 15:26:28.549,—,Carlos Mendes
LOTE-SK-M-SOP-008-2554,LOTE-M-SOP-008-2554,WO-2008,WO-12913,2025-11-16,Shift 2,SS-002,SK-FR-008-HDPE-350-2C,FR-008-HDPE-350,2,"COR-008, COR-005",7260,L,200,0,2,0,2,Approved,Approved,Approved - First Pass,2025-11-17 13:22:17.509,—,Ana Silva
LOTE-SK-M-SOP-008-2555,LOTE-M-SOP-008-2555,WO-2011,WO-12916,2025-11-18,Shift 1,SS-002,SK-FR-008-LDPE-350-3C,FR-008-LDPE-350,3,"COR-003, COR-007, COR-001",14447,M,315,0,5,8,13,Approved,Approved,Approved - First Pass,2025-11-19 19:00:57.001,—,Diogo Ferreira
LOTE-SK-M-SOP-008-2570,LOTE-M-SOP-008-2570,WO-2038,WO-12930,2025-12-08,Shift 2,SS-001,SK-FR-008-PETG-350-2C,FR-008-PETG-350,2,"COR-007, COR-008",9093,L,200,0,0,7,7,Approved,Approved,Approved - First Pass,2025-12-10 03:35:30.836,—,Elena Santos
LOTE-SK-M-SOP-008-2574,LOTE-M-SOP-008-2574,WO-2045,WO-12931,2025-12-13,Shift 1,SS-002,SK-FR-008-HDPE-350-2C,FR-008-HDPE-350,2,"COR-004, COR-002",7446,L,200,0,1,3,4,Approved,Approved,Approved - First Pass,2025-12-14 22:18:55.265,—,Elena Santos
LOTE-SK-M-SOP-008-2582,LOTE-M-SOP-008-2582,WO-2061,WO-12936,2025-12-23,Shift 3,SS-002,SK-FR-008-LDPE-350-3C,FR-008-LDPE-350,3,"COR-003, COR-004, COR-005",2153,L,200,0,0,7,7,Approved,Approved,Approved - First Pass,2025-12-24 04:01:13.265,—,Diogo Ferreira
LOTE-SK-M-SOP-008-2585,LOTE-M-SOP-008-2585,WO-2068,WO-12943,2025-12-28,Shift 1,SS-001,SK-FR-008-LDPE-350-3C,FR-008-LDPE-350,3,"COR-008, COR-006, COR-004",13038,M,315,0,1,14,15,Approved,Approved,Approved - First Pass,2025-12-29 16:04:20.158,—,Carlos Mendes
LOTE-SK-M-SOP-008-2595,LOTE-M-SOP-008-2595,WO-2084,WO-12951,2026-01-08,Shift 2,SS-001,SK-FR-008-HDPE-350-2C,FR-008-HDPE-350,2,"COR-001, COR-003",15653,M,315,0,0,13,13,Approved,Approved,Approved - First Pass,2026-01-09 21:58:20.830,—,Diogo Ferreira
LOTE-SK-M-SOP-008-2597,LOTE-M-SOP-008-2597,WO-2086,WO-12952,2026-01-10,Shift 2,SS-001,SK-FR-008-HDPE-350-2C,FR-008-HDPE-350,2,"COR-007, COR-005",6581,L,200,0,0,6,6,Approved,Approved,Approved - First Pass,2026-01-12 03:07:22.953,—,Beatriz Costa
LOTE-SK-M-SOP-008-2598,LOTE-M-SOP-008-2598,WO-2087,WO-12953,2026-01-11,Shift 3,SS-002,SK-FR-008-LDPE-350-3C,FR-008-LDPE-350,3,"COR-008, COR-007, COR-005",2205,L,200,0,1,5,6,Approved,Approved,Approved - First Pass,2026-01-12 11:04:40.871,—,Diogo Ferreira
LOTE-SK-M-SOP-008-2608,LOTE-M-SOP-008-2608,WO-2105,WO-12957,2026-01-22,Shift 3,SS-001,SK-FR-008-PETG-350-2C,FR-008-PETG-350,2,"COR-004, COR-002",8241,L,200,0,0,1,1,Approved,Approved,Approved - First Pass,2026-01-24 15:33:21.647,—,Beatriz Costa
LOTE-SK-M-SOP-008-2613,LOTE-M-SOP-008-2613,WO-2115,WO-12964,2026-01-30,Shift 2,SS-001,SK-FR-008-LDPE-350-3C,FR-008-LDPE-350,3,"COR-008, COR-002, COR-005",23170,M,315,0,3,16,19,Approved,Approved,Approved - First Pass,2026-02-01 12:23:23.129,—,Beatriz Costa
LOTE-SK-M-SOP-008-2623,LOTE-M-SOP-008-2623,WO-2134,WO-12972,2026-02-12,  Shift 1  ,SS-002,SK-FR-008-PETG-350-2C,FR-008-PETG-350,2,"COR-001, COR-007",10423,M,315,1,0,7,8,Approved,Approved,Approved - Reworked,2026-02-13 11:57:38.112,—,Diogo Ferreira
LOTE-SK-M-SOP-008-2625,LOTE-M-SOP-008-2625,WO-2138,WO-12976,2026-02-15,Shift 1,SS-001,SK-FR-008-LDPE-350-3C,FR-008-LDPE-350,3,"COR-001, COR-007, COR-005",5876,L,200,1,1,1,3,Approved,Approved,Approved - Reworked,2026-02-16 15:31:25.423,—,Carlos Mendes
LOTE-SK-M-SOP-008-2636,LOTE-M-SOP-008-2636,WO-2160,WO-12987,2026-03-02,Shift 1,SS-002,SK-FR-008-HDPE-350-2C,FR-008-HDPE-350,2,"COR-005, COR-004",15660,M,315,1,0,8,9,Rejected,Rejected,Rejected - Scrapped,2026-03-02 23:56:24.370,Cure:1(Re=1),Diogo Ferreira
LOTE-SK-M-SOP-008-2654,LOTE-M-SOP-008-2654,WO-2188,WO-12997,2026-03-21,Shift 3,SS-002,SK-FR-008-LDPE-350-3C,FR-008-LDPE-350,3,"COR-004, COR-008, COR-007",5499,L,200,0,0,6,6,Approved,Approved,Approved - First Pass,2026-03-21 17:38:28.158,—,Ana Silva
LOTE-SK-M-SOP-008-2672,LOTE-M-SOP-008-2672,WO-2223,WO-13016,2026-04-15,Shift 2,SS-001,SK-FR-008-PETG-350-2C,FR-008-PETG-350,2,"COR-001, COR-007",8390,L,200,0,0,2,2,Approved,Approved,Approved - First Pass,2026-04-17 03:50:07.046,—,Carlos Mendes
LOTE-SK-M-SOP-008-2682,LOTE-M-SOP-008-2682,WO-2239,WO-13020,2026-04-24,Shift 2,SS-001,SK-FR-008-HDPE-350-2C,FR-008-HDPE-350,2,"COR-007, COR-006",3729,L,200,0,0,5,5,Approved,Approved,Approved - First Pass,2026-04-25 12:56:17.782,—,Elena Santos
LOTE-SK-M-SOP-008-2688,LOTE-M-SOP-008-2688,WO-2247,WO-13021,2026-04-29,Shift 3,SS-002,SK-FR-008-HDPE-350-2C,FR-008-HDPE-350,2,"COR-006, COR-004",5534,L,200,0,0,4,4,Approved,Approved,Approved - First Pass,2026-04-30 15:04:14.609,—,Elena Santos
LOTE-SK-M-SOP-008-2693,LOTE-M-SOP-008-2693,WO-2256,WO-13028,2026-05-06,Shift 2,SS-001,SK-FR-008-LDPE-350-3C,FR-008-LDPE-350,3,"COR-008, COR-005, COR-003",13054,M,315,0,3,5,8,Approved,Approved,Approved - First Pass,2026-05-08 13:50:50.573,—,Elena Santos
LOTE-SK-M-SOP-008-2703,LOTE-M-SOP-008-2703,WO-2271,WO-13038,2026-05-16,shift 2,SS-002,SK-FR-008-HDPE-350-2C,FR-008-HDPE-350,2,"COR-003, COR-008",9640,L,200,0,0,10,10,Approved,Approved,Approved - First Pass,2026-05-17 07:52:23.276,—,Elena Santos
LOTE-SK-M-SOP-008-2710,LOTE-M-SOP-008-2710,WO-2283,WO-13047,2026-05-26,Shift 3,SS-002,SK-FR-008-HDPE-350-2C,FR-008-HDPE-350,2,"COR-004, COR-006",7377,L,200,0,0,1,1,Approved,Approved,Approved - First Pass,2026-05-27 07:10:36.373,—,Beatriz Costa
LOTE-SK-M-SOP-008-2711,LOTE-M-SOP-008-2711,WO-2284,WO-13048,2026-05-26,Shift 2,SS-002,SK-FR-008-LDPE-350-3C,FR-008-LDPE-350,3,"COR-002, COR-004, COR-003",6215,L,200,0,1,2,3,Approved,Approved,Approved - First Pass,2026-05-27 18:57:16.933,—,Elena Santos
LOTE-SK-M-SOP-008-2714,LOTE-M-SOP-008-2714,WO-2290,WO-13050,2026-05-30,  Shift 3  ,SS-002,SK-FR-008-PETG-350-2C,FR-008-PETG-350,2,"COR-006, COR-003",14908,M,315,0,0,2,2,Approved,Approved,Approved - First Pass,2026-05-31 13:07:07.520,—,Carlos Mendes
LOTE-SK-M-SOP-008-2742,LOTE-M-SOP-008-2742,WO-2345,WO-13079,2026-07-04,Shift 2,SS-001,SK-FR-008-LDPE-350-3C,FR-008-LDPE-350,3,"COR-005, COR-003, COR-007",9526,L,200,1,1,1,3,Rejected,Rejected,Rejected - Scrapped,2026-07-06 04:44:16.693,Cure:1(Re=1),Ana Silva
LOTE-SK-M-SOP-008-2744,LOTE-M-SOP-008-2744,WO-2350,WO-13084,2026-07-07,Shift 1,SS-001,SK-FR-008-HDPE-350-2C,FR-008-HDPE-350,2,"COR-007, COR-002",3641,L,200,0,0,0,0,Approved,Approved,Approved - First Pass,2026-07-08 00:58:21.642,—,Elena Santos
LOTE-SK-M-SOP-008-2755,LOTE-M-SOP-008-2755,WO-2368,WO-13093,2026-07-19,SHIFT 2,SS-001,SK-FR-008-HDPE-350-2C,FR-008-HDPE-350,2,"COR-003, COR-004",11198,M,315,1,0,13,14,Rejected,Approved,Approved - Released on Deviation,2026-07-20 23:39:06.185,—,Diogo Ferreira
LOTE-SK-M-SOP-008-2765,LOTE-M-SOP-008-2765,WO-2389,WO-13104,2026-08-04,Shift 1,SS-001,SK-FR-008-HDPE-350-2C,FR-008-HDPE-350,2,"COR-003, COR-005",9518,L,200,0,0,4,4,Approved,Approved,Approved - First Pass,2026-08-05 09:43:12.348,—,Beatriz Costa
LOTE-SK-M-SOP-008-2780,LOTE-M-SOP-008-2780,WO-2416,WO-13119,2026-08-24,SHIFT 1,SS-001,SK-FR-008-PETG-350-2C,FR-008-PETG-350,2,"COR-008, COR-002",21117,M,315,1,0,3,4,Rejected,Rejected,Rejected - Scrapped,2026-08-25 13:24:11.095,Adhesion:1(Re=1),Elena Santos
LOTE-SK-M-SOP-008-2790,LOTE-M-SOP-008-2790,WO-2433,WO-13120,2026-09-05,Shift 1,SS-001,SK-FR-008-LDPE-350-3C,FR-008-LDPE-350,3,"COR-004, COR-005, COR-008",8592,L,200,0,2,0,2,Approved,Approved,Approved - First Pass,2026-09-06 13:58:08.157,—,Beatriz Costa
LOTE-SK-M-SOP-008-2791,LOTE-M-SOP-008-2791,WO-2434,WO-13121,2026-09-06,Shift 1,SS-001,SK-FR-008-PETG-350-2C,FR-008-PETG-350,2,"COR-005, COR-001",6424,L,200,1,0,0,1,Rejected,Approved,Approved - Reworked,2026-09-07 14:42:27.581,—,Ana Silva
LOTE-SK-M-SOP-008-2796,LOTE-M-SOP-008-2796,WO-2444,WO-13127,2026-09-13,Shift 2,SS-001,SK-FR-008-LDPE-350-3C,FR-008-LDPE-350,3,"COR-006, COR-004, COR-003",12043,M,315,0,0,4,4,Approved,Approved,Approved - First Pass,2026-09-14 23:14:07.739,—,Carlos Mendes
LOTE-SK-M-SOP-008-2799,LOTE-M-SOP-008-2799,WO-2447,WO-13129,2026-09-14,shift 1,SS-001,SK-FR-008-PETG-350-2C,FR-008-PETG-350,2,"COR-008, COR-002",7979,L,200,0,0,3,3,Approved,Approved,Approved - First Pass,2026-09-15 12:26:31.087,—,Ana Silva
LOTE-SK-M-SOP-008-2801,LOTE-M-SOP-008-2801,WO-2451,WO-13133,2026-09-17,Shift 3,SS-001,SK-FR-008-LDPE-350-3C,FR-008-LDPE-350,3,"COR-008, COR-006, COR-002",14012,M,315,0,0,1,1,Approved,Approved,Approved - First Pass,2026-09-18 12:39:21.678,—,Carlos Mendes
LOTE-SK-M-SOP-008-2804,LOTE-M-SOP-008-2804,WO-2456,WO-13135,2026-09-20,Shift 3,SS-001,SK-FR-008-LDPE-350-3C,FR-008-LDPE-350,3,"COR-006, COR-004, COR-002",8555,L,200,0,0,2,2,Approved,Approved,Approved - First Pass,2026-09-20 23:21:29.356,—,Diogo Ferreira
LOTE-SK-M-SOP-008-2806,LOTE-M-SOP-008-2806,WO-2459,WO-13138,2026-09-21,Shift 2,SS-002,SK-FR-008-PETG-350-2C,FR-008-PETG-350,2,"COR-006, COR-004",138,L,200,1,0,1,2,Rejected,Rejected,Rejected - Scrapped,2026-09-23 04:15:10.773,Adhesion:1(Re=1),Beatriz Costa
LOTE-SK-M-SOP-008-2816,LOTE-M-SOP-008-2816,WO-2474,WO-13148,2026-10-02,Shift 1,SS-001,SK-FR-008-PETG-350-2C,FR-008-PETG-350,2,"COR-005, COR-001",6312,L,200,0,0,2,2,Approved,Approved,Approved - First Pass,2026-10-03 20:00:00.744,—,Elena Santos
LOTE-SK-M-SOP-008-2818,LOTE-M-SOP-008-2818,WO-2476,WO-13149,2026-10-04,Shift 1,SS-001,SK-FR-008-PETG-350-2C,FR-008-PETG-350,2,"COR-001, COR-008",4454,L,200,0,0,2,2,Approved,Approved,Approved - First Pass,2026-10-04 23:38:45.901,—,Beatriz Costa
LOTE-SK-M-SOP-008-2833,LOTE-M-SOP-008-2833,WO-2502,WO-13165,2026-10-22,shift 2,SS-001,SK-FR-008-PETG-350-2C,FR-008-PETG-350,2,"COR-001, COR-005",14687,M,315,0,0,6,6,Approved,Approved,Approved - First Pass,2026-10-24 01:34:54.848,—,Ana Silva
LOTE-SK-M-SOP-008-2834,LOTE-M-SOP-008-2834,WO-2505,WO-13168,2026-10-24,Shift 2,SS-002,SK-FR-008-LDPE-350-3C,FR-008-LDPE-350,3,"COR-004, COR-005, COR-006",11831,M,315,0,0,1,1,Approved,Approved,Approved - First Pass,2026-10-25 14:41:38.292,—,Beatriz Costa
LOTE-SK-M-SOP-008-2838,LOTE-M-SOP-008-2838,WO-2511,WO-13171,2026-10-28,  Shift 1  ,SS-001,SK-FR-008-LDPE-350-3C,FR-008-LDPE-350,3,"COR-007, COR-004, COR-005",16288,M,315,0,0,1,1,Approved,Approved,Approved - First Pass,2026-10-29 13:19:23.679,—,Carlos Mendes
LOTE-SK-M-SOP-008-2840,LOTE-M-SOP-008-2840,WO-2516,WO-13176,2026-10-31,Shift 1,SS-002,SK-FR-008-PETG-350-2C,FR-008-PETG-350,2,"COR-002, COR-004",17891,M,315,0,0,3,3,Approved,Approved,Approved - First Pass,2026-11-01 16:40:34.108,—,Carlos Mendes
LOTE-SK-M-SOP-008-2844,LOTE-M-SOP-008-2844,WO-2525,WO-13178,2026-11-07,Shift 1,SS-002,SK-FR-008-HDPE-350-2C,FR-008-HDPE-350,2,"COR-001, COR-007",8719,L,200,2,2,8,12,Approved,Rejected,Rejected - Scrapped,2026-11-08 21:50:38.344,—,Diogo Ferreira
LOTE-SK-M-SOP-008-2870,LOTE-M-SOP-008-2870,WO-2572,WO-13193,2026-12-09,Shift 2,SS-002,SK-FR-008-LDPE-350-3C,FR-008-LDPE-350,3,"COR-001, COR-003, COR-006",4767,L,200,0,3,4,7,Approved,Approved,Approved - First Pass,2026-12-11 03:03:57.808,—,Beatriz Costa
LOTE-SK-M-SOP-008-2874,LOTE-M-SOP-008-2874,WO-2581,WO-13200,2026-12-16,Shift 3,SS-002,SK-FR-008-LDPE-350-3C,FR-008-LDPE-350,3,"COR-007, COR-005, COR-002",18821,M,315,0,0,3,3,Approved,Approved,Approved - First Pass,2026-12-16 19:28:01.310,—,Diogo Ferreira
LOTE-SK-M-SOP-008-2880,LOTE-M-SOP-008-2880,WO-2591,WO-13207,2026-12-22,Shift 1,SS-002,SK-FR-008-HDPE-350-2C,FR-008-HDPE-350,2,"COR-008, COR-001",4740,L,200,0,0,1,1,Approved,Approved,Approved - First Pass,2026-12-23 10:22:59.032,—,Ana Silva
LOTE-SK-M-SOP-008-2884,LOTE-M-SOP-008-2884,WO-2599,WO-13215,2026-12-27,Shift 3,SS-002,SK-FR-008-LDPE-350-3C,FR-008-LDPE-350,3,"COR-008, COR-006, COR-003",18344,M,315,0,0,8,8,Approved,Approved,Approved - First Pass,2026-12-29 07:26:04.675,—,Beatriz Costa
LOTE-SK-M-SOP-021-2890,LOTE-M-SOP-021-2890,WO-2608,WO-13218,2025-07-03,Shift 1,SS-002,SK-FR-021-rPET-750-1C,FR-021-rPET-750,1,COR-003,3938,L,200,0,0,5,5,Approved,Approved,Approved - First Pass,2025-07-04 10:27:53.791,—,Elena Santos
LOTE-SK-M-SOP-021-2892,LOTE-M-SOP-021-2892,WO-2613,WO-13221,2025-07-06,  Shift 2  ,SS-002,SK-FR-021-rPET-750-1C,FR-021-rPET-750,1,COR-004,12963,M,315,0,0,5,5,Approved,Approved,Approved - First Pass,2025-07-07 06:35:09.612,—,Carlos Mendes
LOTE-SK-M-SOP-009-2895,LOTE-M-SOP-009-2895,WO-2617,WO-13224,2025-07-08,Shift 2,SS-002,SK-FR-009-PETG-350-3C,FR-009-PETG-350,3,"COR-004, COR-006, COR-001",7495,L,200,1,0,6,7,Approved,Approved,Approved - Released on Deviation,2025-07-09 15:08:33.363,—,Elena Santos
LOTE-SK-M-SOP-009-2903,LOTE-M-SOP-009-2903,WO-2633,WO-13227,2025-07-20,Shift 2,SS-002,SK-FR-009-PETG-350-3C,FR-009-PETG-350,3,"COR-006, COR-008, COR-001",4844,L,200,0,0,3,3,Approved,Approved,Approved - First Pass,2025-07-21 22:43:23.502,—,Elena Santos
LOTE-SK-M-SOP-021-2904,LOTE-M-SOP-021-2904,WO-2635,WO-13229,2025-07-21,Shift 1,SS-002,SK-FR-021-rPET-750-1C,FR-021-rPET-750,1,COR-005,7007,L,200,0,0,7,7,Approved,Approved,Approved - First Pass,2025-07-22 00:37:56.433,—,Elena Santos
LOTE-SK-M-SOP-021-2910,LOTE-M-SOP-021-2910,WO-2646,WO-13239,2025-07-28,Shift 1,SS-001,SK-FR-021-rPET-750-1C,FR-021-rPET-750,1,COR-004,5364,L,200,1,0,5,6,Rejected,Rejected,Rejected - Scrapped,2025-07-29 04:39:11.370,Adhesion:1(Re=1),Elena Santos
LOTE-SK-M-SOP-021-2920,LOTE-M-SOP-021-2920,WO-2663,WO-13247,2025-08-09,Shift 3,SS-001,SK-FR-021-rPET-750-1C,FR-021-rPET-750,1,COR-006,2917,L,200,0,0,3,3,Approved,Approved,Approved - First Pass,2025-08-10 02:37:47.958,—,Carlos Mendes
LOTE-SK-M-SOP-009-2930,LOTE-M-SOP-009-2930,WO-2680,WO-13252,2025-08-19,Shift 2,SS-001,SK-FR-009-PETG-350-3C,FR-009-PETG-350,3,"COR-004, COR-005, COR-007",5082,L,200,0,0,7,7,Approved,Approved,Approved - First Pass,2025-08-20 12:26:09.794,—,Diogo Ferreira
LOTE-SK-M-SOP-009-2937,LOTE-M-SOP-009-2937,WO-2692,WO-13258,2025-08-28,Shift 3,SS-002,SK-FR-009-PETG-350-3C,FR-009-PETG-350,3,"COR-006, COR-003, COR-001",8662,L,200,0,0,1,1,Approved,Approved,Approved - First Pass,2025-08-28 22:46:21.968,—,Diogo Ferreira
LOTE-SK-M-SOP-021-2950,LOTE-M-SOP-021-2950,WO-2719,WO-13273,2025-09-15,Shift 1,SS-002,SK-FR-021-rPET-750-1C,FR-021-rPET-750,1,COR-003,20844,M,315,1,0,9,10,Approved,Rejected,Rejected - Scrapped,2025-09-16 21:38:49.602,—,Diogo Ferreira
LOTE-SK-M-SOP-021-2958,LOTE-M-SOP-021-2958,WO-2734,WO-13279,2025-09-25,  Shift 1  ,SS-002,SK-FR-021-rPET-750-1C,FR-021-rPET-750,1,COR-005,4221,L,200,0,1,5,6,Approved,Approved,Approved - First Pass,2025-09-25 18:58:42.163,—,Diogo Ferreira
LOTE-SK-M-SOP-021-2963,LOTE-M-SOP-021-2963,WO-2741,WO-13282,2025-10-01,shift 1,SS-002,SK-FR-021-rPET-750-1C,FR-021-rPET-750,1,COR-002,160,L,200,0,1,3,4,Approved,Approved,Approved - First Pass,2025-10-02 00:50:29.685,—,Elena Santos
LOTE-SK-M-SOP-021-2969,LOTE-M-SOP-021-2969,WO-2752,WO-13286,2025-10-08,Shift 1,SS-002,SK-FR-021-rPET-750-1C,FR-021-rPET-750,1,COR-008,10045,M,315,1,1,15,17,Rejected,Approved,Approved - Released on Deviation,2025-10-09 05:02:46.970,—,Beatriz Costa
LOTE-SK-M-SOP-009-2970,LOTE-M-SOP-009-2970,WO-2754,WO-13288,2025-10-10,Shift 2,SS-001,SK-FR-009-PETG-350-3C,FR-009-PETG-350,3,"COR-004, COR-007, COR-002",8125,L,200,1,1,10,12,Approved,Rejected,Rejected - Scrapped,2025-10-11 07:11:50.670,—,Diogo Ferreira
LOTE-SK-M-SOP-021-2972,LOTE-M-SOP-021-2972,WO-2758,WO-13292,2025-10-12,Shift 2,SS-001,SK-FR-021-rPET-750-1C,FR-021-rPET-750,1,COR-008,10619,M,315,0,0,7,7,Approved,Approved,Approved - First Pass,2025-10-13 07:08:54.634,—,Elena Santos
LOTE-SK-M-SOP-021-2975,LOTE-M-SOP-021-2975,WO-2761,WO-13293,2025-10-14,Shift 1,SS-001,SK-FR-021-rPET-750-1C,FR-021-rPET-750,1,COR-002,4672,L,200,0,0,3,3,Approved,Approved,Approved - First Pass,2025-10-15 12:30:50.007,—,Beatriz Costa
LOTE-SK-M-SOP-021-2977,LOTE-M-SOP-021-2977,WO-2763,WO-13295,2025-10-16,Shift 1,SS-002,SK-FR-021-rPET-750-1C,FR-021-rPET-750,1,COR-008,3243,L,200,0,0,1,1,Approved,Approved,Approved - First Pass,2025-10-17 05:15:41.944,—,Diogo Ferreira
LOTE-SK-M-SOP-021-2980,LOTE-M-SOP-021-2980,WO-2767,WO-13296,2025-10-19,Shift 2,SS-002,SK-FR-021-rPET-750-1C,FR-021-rPET-750,1,COR-002,3777,L,200,0,0,0,0,Approved,Approved,Approved - First Pass,2025-10-20 02:44:55.776,—,Diogo Ferreira
LOTE-SK-M-SOP-021-2982,LOTE-M-SOP-021-2982,WO-2772,WO-13299,2025-10-22,Shift 1,SS-001,SK-FR-021-rPET-750-1C,FR-021-rPET-750,1,COR-007,7074,L,200,0,2,4,6,Approved,Approved,Approved - First Pass,2025-10-22 23:12:47.009,—,Ana Silva
LOTE-SK-M-SOP-021-2985,LOTE-M-SOP-021-2985,WO-2779,WO-13302,2025-10-28,Shift 3,SS-002,SK-FR-021-rPET-750-1C,FR-021-rPET-750,1,COR-006,11605,M,315,1,0,5,6,Approved,Approved,Approved - Reworked,2025-10-28 22:55:30.147,—,Ana Silva
LOTE-SK-M-SOP-021-2986,LOTE-M-SOP-021-2986,WO-2781,WO-13304,2025-10-29,Shift 3,SS-002,SK-FR-021-rPET-750-1C,FR-021-rPET-750,1,COR-008,4131,L,200,0,0,2,2,Approved,Approved,Approved - First Pass,2025-10-29 15:59:13.406,—,Beatriz Costa
LOTE-SK-M-SOP-021-2998,LOTE-M-SOP-021-2998,WO-2799,WO-13312,2025-11-10,Shift 2,SS-001,SK-FR-021-rPET-750-1C,FR-021-rPET-750,1,COR-006,7608,L,200,0,0,8,8,Approved,Approved,Approved - First Pass,2025-11-11 10:50:10.107,—,Ana Silva
LOTE-SK-M-SOP-021-3000,LOTE-M-SOP-021-3000,WO-2801,WO-13313,2025-11-11,Shift 2,SS-001,SK-FR-021-rPET-750-1C,FR-021-rPET-750,1,COR-004,7252,L,200,0,1,0,1,Approved,Approved,Approved - First Pass,2025-11-12 20:17:51.102,—,Carlos Mendes
LOTE-SK-M-SOP-009-3004,LOTE-M-SOP-009-3004,WO-2806,WO-13316,2025-11-15,Shift 1,SS-002,SK-FR-009-PETG-350-3C,FR-009-PETG-350,3,"COR-001, COR-004, COR-003",3514,L,200,1,0,1,2,Approved,Rejected,Rejected - Scrapped,2025-11-16 06:31:27.458,—,Beatriz Costa
LOTE-SK-M-SOP-009-3016,LOTE-M-SOP-009-3016,WO-2827,WO-13319,2025-12-01,Shift 1,SS-002,SK-FR-009-PETG-350-3C,FR-009-PETG-350,3,"COR-004, COR-001, COR-007",3978,L,200,0,0,5,5,Approved,Approved,Approved - First Pass,2025-12-02 12:20:56.741,—,Diogo Ferreira
LOTE-SK-M-SOP-021-3033,LOTE-M-SOP-021-3033,WO-2859,WO-13327,2025-12-22,Shift 2,SS-002,SK-FR-021-rPET-750-1C,FR-021-rPET-750,1,COR-004,656,L,200,0,0,1,1,Approved,Approved,Approved - First Pass,2025-12-23 04:41:07.036,—,Beatriz Costa
LOTE-SK-M-SOP-021-3041,LOTE-M-SOP-021-3041,WO-2871,WO-13331,2025-12-31,Shift 2,SS-002,SK-FR-021-rPET-750-1C,FR-021-rPET-750,1,COR-006,3911,L,200,0,0,6,6,Approved,Approved,Approved - First Pass,2026-01-01 05:41:00.976,—,Beatriz Costa
LOTE-SK-M-SOP-021-3042,LOTE-M-SOP-021-3042,WO-2873,WO-13333,2026-01-01,Shift 3,SS-002,SK-FR-021-rPET-750-1C,FR-021-rPET-750,1,COR-004,4007,L,200,0,4,3,7,Approved,Approved,Approved - First Pass,2026-01-01 12:25:11.761,—,Elena Santos
LOTE-SK-M-SOP-009-3051,LOTE-M-SOP-009-3051,WO-2885,WO-13335,2026-01-08,Shift 2,SS-001,SK-FR-009-PETG-350-3C,FR-009-PETG-350,3,"COR-002, COR-001, COR-008",1157,L,200,0,0,6,6,Approved,Approved,Approved - First Pass,2026-01-09 20:16:26.716,—,Elena Santos
LOTE-SK-M-SOP-021-3103,LOTE-M-SOP-021-3103,WO-2983,WO-13369,2026-03-17,Shift 2,SS-001,SK-FR-021-rPET-750-1C,FR-021-rPET-750,1,COR-004,10010,M,315,1,0,10,11,Rejected,Rejected,Rejected - Scrapped,2026-03-18 13:02:37.509,Adhesion:1(Re=1),Diogo Ferreira
LOTE-SK-M-SOP-021-3109,LOTE-M-SOP-021-3109,WO-2993,WO-13374,2026-03-25,Shift 1,SS-002,SK-FR-021-rPET-750-1C,FR-021-rPET-750,1,COR-007,5109,L,200,0,0,5,5,Approved,Approved,Approved - First Pass,2026-03-26 09:46:27.007,—,Diogo Ferreira
LOTE-SK-M-SOP-009-3110,LOTE-M-SOP-009-3110,WO-2995,WO-13376,2026-03-26,Shift 2,SS-001,SK-FR-009-PETG-350-3C,FR-009-PETG-350,3,"COR-002, COR-003, COR-001",6262,L,200,0,0,0,0,Approved,Approved,Approved - First Pass,2026-03-28 10:52:00.234,—,Ana Silva
LOTE-SK-M-SOP-021-3129,LOTE-M-SOP-021-3129,WO-3033,WO-13389,2026-04-23,Shift 1,SS-002,SK-FR-021-rPET-750-1C,FR-021-rPET-750,1,COR-008,13591,M,315,0,1,12,13,Approved,Approved,Approved - First Pass,2026-04-24 02:53:34.048,—,Beatriz Costa
LOTE-SK-M-SOP-009-3155,LOTE-M-SOP-009-3155,WO-3084,WO-13408,2026-05-28,Shift 2,SS-001,SK-FR-009-PETG-350-3C,FR-009-PETG-350,3,"COR-003, COR-007, COR-008",2591,L,200,2,1,19,22,Rejected,Rejected,Rejected - Scrapped,2026-05-29 22:46:58.442,Adhesion:2(Re=1),Carlos Mendes
LOTE-SK-M-SOP-021-3156,LOTE-M-SOP-021-3156,WO-3086,WO-13410,2026-05-30,SHIFT 1,SS-001,SK-FR-021-rPET-750-1C,FR-021-rPET-750,1,COR-001,8776,L,200,0,0,9,9,Approved,Approved,Approved - First Pass,2026-05-31 09:22:47.943,—,Diogo Ferreira
LOTE-SK-M-SOP-009-3164,LOTE-M-SOP-009-3164,WO-3102,WO-13413,2026-06-10,Shift 1,SS-002,SK-FR-009-PETG-350-3C,FR-009-PETG-350,3,"COR-004, COR-003, COR-001",7138,L,200,0,0,5,5,Approved,Approved,Approved - First Pass,2026-06-10 22:43:39.659,—,Beatriz Costa
LOTE-SK-M-SOP-021-3170,LOTE-M-SOP-021-3170,WO-3110,WO-13416,2026-06-16,Shift 1,SS-001,SK-FR-021-rPET-750-1C,FR-021-rPET-750,1,COR-005,3025,L,200,0,1,0,1,Approved,Approved,Approved - First Pass,2026-06-17 02:35:59.988,—,Beatriz Costa
LOTE-SK-M-SOP-009-3186,LOTE-M-SOP-009-3186,WO-3142,WO-13428,2026-07-07,Shift 3,SS-001,SK-FR-009-PETG-350-3C,FR-009-PETG-350,3,"COR-008, COR-001, COR-002",5938,L,200,1,1,6,8,Rejected,Approved,Approved - Released on Deviation,2026-07-08 07:22:43.677,—,Elena Santos
LOTE-SK-M-SOP-021-3193,LOTE-M-SOP-021-3193,WO-3156,WO-13433,2026-07-18,Shift 3,SS-001,SK-FR-021-rPET-750-1C,FR-021-rPET-750,1,COR-008,11643,M,315,0,3,12,15,Approved,Approved,Approved - First Pass,2026-07-19 04:13:59.587,—,Elena Santos
LOTE-SK-M-SOP-021-3207,LOTE-M-SOP-021-3207,WO-3183,WO-13447,2026-08-05,Shift 3,SS-001,SK-FR-021-rPET-750-1C,FR-021-rPET-750,1,COR-001,3769,L,200,0,1,2,3,Approved,Approved,Approved - First Pass,2026-08-06 02:35:24.355,—,Beatriz Costa
LOTE-SK-M-SOP-009-3213,LOTE-M-SOP-009-3213,WO-3194,WO-13453,2026-08-12,Shift 2,SS-001,SK-FR-009-PETG-350-3C,FR-009-PETG-350,3,"COR-004, COR-005, COR-006",14561,M,315,0,0,6,6,Approved,Approved,Approved - First Pass,2026-08-13 21:18:17.586,—,Elena Santos
LOTE-SK-M-SOP-021-3214,LOTE-M-SOP-021-3214,WO-3196,WO-13455,2026-08-14,Shift 2,SS-002,SK-FR-021-rPET-750-1C,FR-021-rPET-750,1,COR-006,5740,L,200,0,0,2,2,Approved,Approved,Approved - First Pass,2026-08-15 22:29:21.732,—,Beatriz Costa
LOTE-SK-M-SOP-009-3218,LOTE-M-SOP-009-3218,WO-3200,WO-13458,2026-08-16,Shift 2,SS-001,SK-FR-009-PETG-350-3C,FR-009-PETG-350,3,"COR-003, COR-001, COR-006",3916,L,200,1,0,2,3,Rejected,Rejected,Rejected - Scrapped,2026-08-17 15:28:58.959,Cure:1(Re=1),Elena Santos
LOTE-SK-M-SOP-021-3223,LOTE-M-SOP-021-3223,WO-3207,WO-13461,2026-08-21,Shift 1,SS-002,SK-FR-021-rPET-750-1C,FR-021-rPET-750,1,COR-006,4826,L,200,1,0,3,4,Rejected,Rejected,Rejected - Scrapped,2026-08-22 15:17:00.469,Cure:1(Re=1),Beatriz Costa
LOTE-SK-M-SOP-021-3227,LOTE-M-SOP-021-3227,WO-3215,WO-13467,2026-08-26,Shift 1,SS-002,SK-FR-021-rPET-750-1C,FR-021-rPET-750,1,COR-003,9119,L,200,1,1,8,10,Rejected,Rejected,Rejected - Scrapped,2026-08-27 04:20:00.164,Cure:1(Re=1),Elena Santos
LOTE-SK-M-SOP-009-3235,LOTE-M-SOP-009-3235,WO-3235,WO-13476,2026-09-09,shift 1,SS-002,SK-FR-009-PETG-350-3C,FR-009-PETG-350,3,"COR-008, COR-007, COR-002",17365,M,315,0,0,13,13,Approved,Approved,Approved - First Pass,2026-09-10 11:39:45.680,—,Diogo Ferreira
LOTE-SK-M-SOP-021-3239,LOTE-M-SOP-021-3239,WO-3246,WO-13481,2026-09-16,Shift 1,SS-001,SK-FR-021-rPET-750-1C,FR-021-rPET-750,1,COR-006,1919,L,200,0,1,4,5,Approved,Approved,Approved - First Pass,2026-09-17 05:30:58.214,—,Elena Santos
LOTE-SK-M-SOP-009-3243,LOTE-M-SOP-009-3243,WO-3254,WO-13487,2026-09-22,Shift 3,SS-001,SK-FR-009-PETG-350-3C,FR-009-PETG-350,3,"COR-008, COR-004, COR-005",5628,L,200,0,0,0,0,Approved,Approved,Approved - First Pass,2026-09-22 21:13:54.934,—,Diogo Ferreira
LOTE-SK-M-SOP-021-3250,LOTE-M-SOP-021-3250,WO-3268,WO-13490,2026-09-30,Shift 3,SS-002,SK-FR-021-rPET-750-1C,FR-021-rPET-750,1,COR-008,5908,L,200,0,0,9,9,Approved,Approved,Approved - First Pass,2026-10-01 23:29:01.481,—,Ana Silva
LOTE-SK-M-SOP-009-3290,LOTE-M-SOP-009-3290,WO-3342,WO-13520,2026-11-21,Shift 2,SS-001,SK-FR-009-PETG-350-3C,FR-009-PETG-350,3,"COR-008, COR-004, COR-006",13884,M,315,0,1,7,8,Approved,Approved,Approved - First Pass,2026-11-22 21:25:08.618,—,Ana Silva
LOTE-SK-M-SOP-021-3296,LOTE-M-SOP-021-3296,WO-3354,WO-13525,2026-11-30,shift 1,SS-001,SK-FR-021-rPET-750-1C,FR-021-rPET-750,1,COR-001,5174,L,200,0,1,5,6,Approved,Approved,Approved - First Pass,2026-12-01 10:42:38.871,—,Beatriz Costa
LOTE-SK-M-SOP-021-3315,LOTE-M-SOP-021-3315,WO-3391,WO-13536,2026-12-26,Shift 2,SS-002,SK-FR-021-rPET-750-1C,FR-021-rPET-750,1,COR-001,8694,L,200,2,0,6,8,Rejected,Rejected,Rejected - Scrapped,2026-12-27 20:03:53.068,Adhesion:1(Re=1),Diogo Ferreira
LOTE-SK-M-SOP-027-3743,LOTE-M-SOP-027-3743,WO-4207,WO-14340,2025-07-06,Shift 1,SS-002,SK-FR-027-HDPE-5000-1C,FR-027-HDPE-5000,1,COR-007,595,L,200,0,0,3,3,Approved,Approved,Approved - First Pass,2025-07-07 02:32:15.645,—,Elena Santos
LOTE-SK-M-SOP-027-3744,LOTE-M-SOP-027-3744,WO-4209,WO-14342,2025-07-07,shift 1,SS-002,SK-FR-027-HDPE-5000-1C,FR-027-HDPE-5000,1,COR-001,1547,L,200,0,0,0,0,Approved,Approved,Approved - First Pass,2025-07-07 22:16:05.733,—,Beatriz Costa
LOTE-SK-M-SOP-027-3745,LOTE-M-SOP-027-3745,WO-4211,WO-14344,2025-07-09,Shift 1,SS-002,SK-FR-027-HDPE-5000-1C,FR-027-HDPE-5000,1,COR-005,792,L,200,1,1,8,10,Rejected,Rejected,Rejected - Scrapped,2025-07-10 09:24:37.830,Adhesion:1(Re=1),Elena Santos
LOTE-SK-M-SOP-027-3752,LOTE-M-SOP-027-3752,WO-4225,WO-14351,2025-07-18,Shift 2,SS-001,SK-FR-027-HDPE-5000-1C,FR-027-HDPE-5000,1,COR-006,801,L,200,0,1,2,3,Approved,Approved,Approved - First Pass,2025-07-19 17:46:02.441,—,Diogo Ferreira
LOTE-SK-M-SOP-027-3753,LOTE-M-SOP-027-3753,WO-4227,WO-14353,2025-07-21,Shift 3,SS-002,SK-FR-027-HDPE-5000-1C,FR-027-HDPE-5000,1,COR-003,1418,L,200,1,1,4,6,Approved,Rejected,Rejected - Scrapped,2025-07-21 04:17:42.151,—,Ana Silva
LOTE-SK-M-SOP-027-3754,LOTE-M-SOP-027-3754,WO-4228,WO-14354,2025-07-21,shift 1,SS-001,SK-FR-027-HDPE-5000-1C,FR-027-HDPE-5000,1,COR-001,144,L,200,0,0,1,1,Approved,Approved,Approved - First Pass,2025-07-22 07:00:36.564,—,Carlos Mendes
LOTE-SK-M-SOP-013-3756,LOTE-M-SOP-013-3756,WO-4230,WO-14355,2025-07-23,Shift 3,SS-002,SK-FR-013-HDPE-500-3C,FR-013-HDPE-500,3,"COR-008, COR-003, COR-001",7286,L,200,0,0,3,3,Approved,Approved,Approved - First Pass,2025-07-24 11:07:54.724,—,Elena Santos
LOTE-SK-M-SOP-013-3757,LOTE-M-SOP-013-3757,WO-4233,WO-14358,2025-07-24,Shift 2,SS-001,SK-FR-013-PP-PCR-500-3C,FR-013-PP-PCR-500,3,"COR-005, COR-006, COR-007",18357,M,315,1,0,8,9,Approved,Rejected,Rejected - Scrapped,2025-07-26 02:26:25.391,—,Beatriz Costa
LOTE-SK-M-SOP-027-3759,LOTE-M-SOP-027-3759,WO-4236,WO-14359,2025-07-27,Shift 1,SS-001,SK-FR-027-HDPE-5000-1C,FR-027-HDPE-5000,1,COR-004,512,L,200,0,1,0,1,Approved,Approved,Approved - First Pass,2025-07-27 15:15:47.416,—,Diogo Ferreira
LOTE-SK-M-SOP-027-3760,LOTE-M-SOP-027-3760,WO-4238,WO-14361,2025-07-28,shift 1,SS-002,SK-FR-027-HDPE-5000-1C,FR-027-HDPE-5000,1,COR-004,670,L,200,0,0,0,0,Approved,Approved,Approved - First Pass,2025-07-29 06:15:52.871,—,Carlos Mendes
LOTE-SK-M-SOP-027-3761,LOTE-M-SOP-027-3761,WO-4239,WO-14362,2025-07-29,Shift 3,SS-001,SK-FR-027-HDPE-5000-1C,FR-027-HDPE-5000,1,COR-001,829,L,200,0,0,0,0,Approved,Approved,Approved - First Pass,2025-07-29 16:18:22.442,—,Elena Santos
LOTE-SK-M-SOP-027-3771,LOTE-M-SOP-027-3771,WO-4258,WO-14377,2025-08-13,Shift 3,SS-002,SK-FR-027-HDPE-5000-1C,FR-027-HDPE-5000,1,COR-006,4015,L,200,1,1,8,10,Rejected,Rejected,Rejected - Scrapped,2025-08-14 07:55:17.744,Adhesion:1(Re=1),Diogo Ferreira
LOTE-SK-M-SOP-027-3777,LOTE-M-SOP-027-3777,WO-4268,WO-14381,2025-08-20,Shift 1,SS-001,SK-FR-027-HDPE-5000-1C,FR-027-HDPE-5000,1,COR-002,1155,L,200,0,0,3,3,Approved,Approved,Approved - First Pass,2025-08-20 16:55:12.610,—,Diogo Ferreira
LOTE-SK-M-SOP-027-3780,LOTE-M-SOP-027-3780,WO-4271,WO-14383,2025-08-23,shift 3,SS-002,SK-FR-027-HDPE-5000-1C,FR-027-HDPE-5000,1,COR-005,295,L,200,0,1,2,3,Approved,Approved,Approved - First Pass,2025-08-23 16:41:36.883,—,Elena Santos
LOTE-SK-M-SOP-027-3783,LOTE-M-SOP-027-3783,WO-4278,WO-14386,2025-08-28,Shift 1,SS-001,SK-FR-027-HDPE-5000-1C,FR-027-HDPE-5000,1,COR-007,1573,L,200,0,0,11,11,Approved,Approved,Approved - First Pass,2025-08-29 07:14:12.468,—,Carlos Mendes
LOTE-SK-M-SOP-013-3786,LOTE-M-SOP-013-3786,WO-4283,WO-14389,2025-08-31,Shift 1,SS-002,SK-FR-013-HDPE-500-3C,FR-013-HDPE-500,3,"COR-003, COR-004, COR-006",13824,M,315,0,0,2,2,Approved,Approved,Approved - First Pass,2025-09-01 16:18:42.203,—,Elena Santos
LOTE-SK-M-SOP-027-3787,LOTE-M-SOP-027-3787,WO-4284,WO-14390,2025-09-01,Shift 2,SS-001,SK-FR-027-HDPE-5000-1C,FR-027-HDPE-5000,1,COR-008,749,L,200,0,2,9,11,Approved,Approved,Approved - First Pass,2025-09-02 10:40:46.169,—,Carlos Mendes
LOTE-SK-M-SOP-027-3788,LOTE-M-SOP-027-3788,WO-4285,WO-14391,2025-09-02,Shift 1,SS-001,SK-FR-027-HDPE-5000-1C,FR-027-HDPE-5000,1,COR-001,453,L,200,0,0,5,5,Approved,Approved,Approved - First Pass,2025-09-02 21:44:26.748,—,Ana Silva
LOTE-SK-M-SOP-027-3789,LOTE-M-SOP-027-3789,WO-4287,WO-14393,2025-09-03,Shift 1,SS-002,SK-FR-027-HDPE-5000-1C,FR-027-HDPE-5000,1,COR-004,1029,L,200,0,0,9,9,Approved,Approved,Approved - First Pass,2025-09-03 16:48:51.121,—,Carlos Mendes
LOTE-SK-M-SOP-027-3791,LOTE-M-SOP-027-3791,WO-4290,WO-14395,2025-09-05,Shift 2,SS-001,SK-FR-027-HDPE-5000-1C,FR-027-HDPE-5000,1,COR-003,678,L,200,0,0,2,2,Approved,Approved,Approved - First Pass,2025-09-06 15:37:51.331,—,Ana Silva
LOTE-SK-M-SOP-027-3795,LOTE-M-SOP-027-3795,WO-4296,WO-14398,2025-09-10,Shift 3,SS-001,SK-FR-027-HDPE-5000-1C,FR-027-HDPE-5000,1,COR-005,512,L,200,1,0,1,2,Approved,Rejected,Rejected - Scrapped,2025-09-10 15:21:54.166,—,Ana Silva
LOTE-SK-M-SOP-013-3796,LOTE-M-SOP-013-3796,WO-4297,WO-14399,2025-09-11,Shift 2,SS-002,SK-FR-013-PP-500-1C,FR-013-PP-500,1,COR-002,1963,L,200,0,0,8,8,Approved,Approved,Approved - First Pass,2025-09-12 16:32:55.961,—,Beatriz Costa
LOTE-SK-M-SOP-027-3797,LOTE-M-SOP-027-3797,WO-4299,WO-14401,2025-09-13,Shift 3,SS-002,SK-FR-027-HDPE-5000-1C,FR-027-HDPE-5000,1,COR-007,967,L,200,0,0,5,5,Approved,Approved,Approved - First Pass,2025-09-13 21:56:04.195,—,Carlos Mendes
LOTE-SK-M-SOP-027-3799,LOTE-M-SOP-027-3799,WO-4302,WO-14404,2025-09-15,Shift 1,SS-001,SK-FR-027-HDPE-5000-1C,FR-027-HDPE-5000,1,COR-005,1635,L,200,0,0,12,12,Approved,Approved,Approved - First Pass,2025-09-16 05:20:48.097,—,Ana Silva
LOTE-SK-M-SOP-027-3800,LOTE-M-SOP-027-3800,WO-4305,WO-14407,2025-09-17,Shift 3,SS-002,SK-FR-027-HDPE-5000-1C,FR-027-HDPE-5000,1,COR-006,1711,L,200,0,0,4,4,Approved,Approved,Approved - First Pass,2025-09-17 07:21:05.345,—,Beatriz Costa
LOTE-SK-M-SOP-027-3803,LOTE-M-SOP-027-3803,WO-4311,WO-14409,2025-09-21,Shift 2,SS-001,SK-FR-027-HDPE-5000-1C,FR-027-HDPE-5000,1,COR-007,1367,L,200,0,1,9,10,Approved,Approved,Approved - First Pass,2025-09-22 03:53:15.725,—,Carlos Mendes
LOTE-SK-M-SOP-027-3807,LOTE-M-SOP-027-3807,WO-4321,WO-14412,2025-09-27,Shift 3,SS-002,SK-FR-027-HDPE-5000-1C,FR-027-HDPE-5000,1,COR-007,1245,L,200,0,1,9,10,Approved,Approved,Approved - First Pass,2025-09-28 11:38:36.625,—,Diogo Ferreira
LOTE-SK-M-SOP-027-3808,LOTE-M-SOP-027-3808,WO-4322,WO-14413,2025-09-29,Shift 3,SS-002,SK-FR-027-HDPE-5000-1C,FR-027-HDPE-5000,1,COR-003,846,L,200,0,2,3,5,Approved,Approved,Approved - First Pass,2025-09-29 13:03:00.665,—,Beatriz Costa
LOTE-SK-M-SOP-027-3810,LOTE-M-SOP-027-3810,WO-4325,WO-14415,2025-10-01,Shift 1,SS-002,SK-FR-027-HDPE-5000-1C,FR-027-HDPE-5000,1,COR-003,1056,L,200,0,0,12,12,Approved,Approved,Approved - First Pass,2025-10-02 02:34:27.978,—,Ana Silva
LOTE-SK-M-SOP-027-3811,LOTE-M-SOP-027-3811,WO-4326,WO-14416,2025-10-01,SHIFT 3,SS-001,SK-FR-027-HDPE-5000-1C,FR-027-HDPE-5000,1,COR-008,447,L,200,0,0,2,2,Approved,Approved,Approved - First Pass,2025-10-01 13:28:56.213,—,Diogo Ferreira
LOTE-SK-M-SOP-027-3812,LOTE-M-SOP-027-3812,WO-4327,WO-14417,2025-10-01,Shift 2,SS-001,SK-FR-027-HDPE-5000-1C,FR-027-HDPE-5000,1,COR-002,776,L,200,0,2,1,3,Approved,Approved,Approved - First Pass,2025-10-02 10:50:29.550,—,Diogo Ferreira
LOTE-SK-M-SOP-027-3813,LOTE-M-SOP-027-3813,WO-4330,WO-14420,2025-10-04,Shift 2,SS-001,SK-FR-027-HDPE-5000-1C,FR-027-HDPE-5000,1,COR-004,2339,L,200,0,1,10,11,Approved,Approved,Approved - First Pass,2025-10-05 20:06:13.072,—,Diogo Ferreira
LOTE-SK-M-SOP-013-3814,LOTE-M-SOP-013-3814,WO-4333,WO-14423,2025-10-06,Shift 3,SS-002,SK-FR-013-PP-PCR-500-3C,FR-013-PP-PCR-500,3,"COR-001, COR-006, COR-002",10723,M,315,1,0,10,11,Approved,Rejected,Rejected - Scrapped,2025-10-07 04:20:11.046,—,Ana Silva
LOTE-SK-M-SOP-027-3815,LOTE-M-SOP-027-3815,WO-4335,WO-14425,2025-10-07,Shift 1,SS-001,SK-FR-027-HDPE-5000-1C,FR-027-HDPE-5000,1,COR-003,2042,L,200,0,1,12,13,Approved,Approved,Approved - First Pass,2025-10-08 10:44:03.190,—,Carlos Mendes
LOTE-SK-M-SOP-027-3820,LOTE-M-SOP-027-3820,WO-4345,WO-14430,2025-10-15,Shift 3,SS-001,SK-FR-027-HDPE-5000-1C,FR-027-HDPE-5000,1,COR-003,1971,L,200,0,0,4,4,Approved,Approved,Approved - First Pass,2025-10-15 16:15:01.345,—,Elena Santos
LOTE-SK-M-SOP-013-3821,LOTE-M-SOP-013-3821,WO-4347,WO-14432,2025-10-16,Shift 1,SS-002,SK-FR-013-HDPE-500-3C,FR-013-HDPE-500,3,"COR-001, COR-002, COR-005",16809,M,315,0,1,3,4,Approved,Approved,Approved - First Pass,2025-10-18 03:35:03.839,—,Elena Santos
LOTE-SK-M-SOP-027-3824,LOTE-M-SOP-027-3824,WO-4353,WO-14433,2025-10-21,Shift 2,SS-001,SK-FR-027-HDPE-5000-1C,FR-027-HDPE-5000,1,COR-006,744,L,200,1,0,2,3,Rejected,Rejected,Rejected - Scrapped,2025-10-21 22:06:18.486,Adhesion:1(Re=1),Ana Silva
LOTE-SK-M-SOP-027-3827,LOTE-M-SOP-027-3827,WO-4358,WO-14438,2025-10-24,Shift 2,SS-001,SK-FR-027-HDPE-5000-1C,FR-027-HDPE-5000,1,COR-007,462,L,200,0,0,12,12,Approved,Approved,Approved - First Pass,2025-10-25 12:16:51.394,—,Ana Silva
LOTE-SK-M-SOP-027-3831,LOTE-M-SOP-027-3831,WO-4362,WO-14441,2025-10-27,SHIFT 1,SS-001,SK-FR-027-HDPE-5000-1C,FR-027-HDPE-5000,1,COR-008,497,L,200,0,0,7,7,Approved,Approved,Approved - First Pass,2025-10-27 15:59:52.071,—,Ana Silva
LOTE-SK-M-SOP-027-3832,LOTE-M-SOP-027-3832,WO-4363,WO-14442,2025-10-28,Shift 3,SS-002,SK-FR-027-HDPE-5000-1C,FR-027-HDPE-5000,1,COR-005,461,L,200,0,0,5,5,Approved,Approved,Approved - First Pass,2025-10-28 15:19:04.891,—,Carlos Mendes
LOTE-SK-M-SOP-013-3834,LOTE-M-SOP-013-3834,WO-4367,WO-14444,2025-10-31,Shift 2,SS-001,SK-FR-013-HDPE-500-3C,FR-013-HDPE-500,3,"COR-006, COR-002, COR-001",3767,L,200,0,2,8,10,Approved,Approved,Approved - First Pass,2025-11-02 03:10:02.773,—,Diogo Ferreira
LOTE-SK-M-SOP-013-3835,LOTE-M-SOP-013-3835,WO-4368,WO-14445,2025-11-01,Shift 1,SS-001,SK-FR-013-PP-500-1C,FR-013-PP-500,1,COR-002,9593,L,200,0,0,0,0,Approved,Approved,Approved - First Pass,2025-11-02 21:08:25.850,—,Diogo Ferreira
LOTE-SK-M-SOP-027-3840,LOTE-M-SOP-027-3840,WO-4378,WO-14446,2025-11-09,Shift 3,SS-001,SK-FR-027-HDPE-5000-1C,FR-027-HDPE-5000,1,COR-006,181,L,200,0,0,2,2,Approved,Approved,Approved - First Pass,2025-11-09 13:14:37.521,—,Diogo Ferreira
LOTE-SK-M-SOP-013-3841,LOTE-M-SOP-013-3841,WO-4380,WO-14448,2025-11-10,Shift 1,SS-002,SK-FR-013-PP-PCR-500-3C,FR-013-PP-PCR-500,3,"COR-006, COR-004, COR-002",10291,M,315,0,1,8,9,Approved,Approved,Approved - First Pass,2025-11-11 15:17:39.968,—,Beatriz Costa
LOTE-SK-M-SOP-027-3842,LOTE-M-SOP-027-3842,WO-4382,WO-14450,2025-11-12,  Shift 1  ,SS-001,SK-FR-027-HDPE-5000-1C,FR-027-HDPE-5000,1,COR-008,1180,L,200,0,0,2,2,Approved,Approved,Approved - First Pass,2025-11-12 14:28:14.643,—,Ana Silva
LOTE-SK-M-SOP-013-3843,LOTE-M-SOP-013-3843,WO-4384,WO-14452,2025-11-13,shift 1,SS-002,SK-FR-013-PP-500-1C,FR-013-PP-500,1,COR-002,8833,L,200,0,0,5,5,Approved,Approved,Approved - First Pass,2025-11-14 08:37:57.535,—,Ana Silva
LOTE-SK-M-SOP-027-3848,LOTE-M-SOP-027-3848,WO-4395,WO-14459,2025-11-20,shift 2,SS-002,SK-FR-027-HDPE-5000-1C,FR-027-HDPE-5000,1,COR-007,957,L,200,0,1,1,2,Approved,Approved,Approved - First Pass,2025-11-21 04:56:14.644,—,Diogo Ferreira
LOTE-SK-M-SOP-027-3853,LOTE-M-SOP-027-3853,WO-4401,WO-14461,2025-11-24,Shift 2,SS-002,SK-FR-027-HDPE-5000-1C,FR-027-HDPE-5000,1,COR-002,1527,L,200,0,2,9,11,Approved,Approved,Approved - First Pass,2025-11-25 09:50:29.788,—,Carlos Mendes
LOTE-SK-M-SOP-013-3857,LOTE-M-SOP-013-3857,WO-4409,WO-14463,2025-12-01,Shift 1,SS-002,SK-FR-013-PP-500-1C,FR-013-PP-500,1,COR-004,5541,L,200,0,1,0,1,Approved,Approved,Approved - First Pass,2025-12-02 16:20:52.761,—,Ana Silva
LOTE-SK-M-SOP-027-3858,LOTE-M-SOP-027-3858,WO-4411,WO-14465,2025-12-02,Shift 3,SS-001,SK-FR-027-HDPE-5000-1C,FR-027-HDPE-5000,1,COR-002,940,L,200,2,2,2,6,Approved,Rejected,Rejected - Scrapped,2025-12-02 09:06:29.412,—,Beatriz Costa
LOTE-SK-M-SOP-013-3860,LOTE-M-SOP-013-3860,WO-4414,WO-14467,2025-12-04,Shift 3,SS-001,SK-FR-013-HDPE-500-3C,FR-013-HDPE-500,3,"COR-002, COR-007, COR-005",7993,L,200,0,2,6,8,Approved,Approved,Approved - First Pass,2025-12-05 14:40:08.226,—,Carlos Mendes
LOTE-SK-M-SOP-013-3864,LOTE-M-SOP-013-3864,WO-4421,WO-14473,2025-12-09,Shift 3,SS-002,SK-FR-013-PP-500-1C,FR-013-PP-500,1,COR-007,6734,L,200,0,1,4,5,Approved,Approved,Approved - First Pass,2025-12-09 20:30:05.732,—,Beatriz Costa
LOTE-SK-M-SOP-013-3865,LOTE-M-SOP-013-3865,WO-4422,WO-14474,2025-12-10,Shift 1,SS-001,SK-FR-013-PP-500-1C,FR-013-PP-500,1,COR-004,5144,L,200,0,0,2,2,Approved,Approved,Approved - First Pass,2025-12-11 08:29:32.802,—,Carlos Mendes
LOTE-SK-M-SOP-027-3869,LOTE-M-SOP-027-3869,WO-4428,WO-14479,2025-12-14,Shift 2,SS-002,SK-FR-027-HDPE-5000-1C,FR-027-HDPE-5000,1,COR-006,1171,L,200,0,0,6,6,Approved,Approved,Approved - First Pass,2025-12-15 14:14:48.095,—,Diogo Ferreira
LOTE-SK-M-SOP-027-3870,LOTE-M-SOP-027-3870,WO-4430,WO-14481,2025-12-16,Shift 2,SS-002,SK-FR-027-HDPE-5000-1C,FR-027-HDPE-5000,1,COR-002,1435,L,200,0,0,2,2,Approved,Approved,Approved - First Pass,2025-12-17 03:23:24.041,—,Elena Santos
LOTE-SK-M-SOP-027-3873,LOTE-M-SOP-027-3873,WO-4435,WO-14485,2025-12-20,Shift 3,SS-002,SK-FR-027-HDPE-5000-1C,FR-027-HDPE-5000,1,COR-002,1079,L,200,0,0,5,5,Approved,Approved,Approved - First Pass,2025-12-21 10:12:52.000,—,Elena Santos
LOTE-SK-M-SOP-027-3880,LOTE-M-SOP-027-3880,WO-4448,WO-14489,2025-12-30,Shift 3,SS-002,SK-FR-027-HDPE-5000-1C,FR-027-HDPE-5000,1,COR-007,1578,L,200,0,1,9,10,Approved,Approved,Approved - First Pass,2025-12-30 13:26:02.614,—,Beatriz Costa
LOTE-SK-M-SOP-027-3881,LOTE-M-SOP-027-3881,WO-4449,WO-14490,2025-12-30,Shift 3,SS-002,SK-FR-027-HDPE-5000-1C,FR-027-HDPE-5000,1,COR-002,483,L,200,0,0,1,1,Approved,Approved,Approved - First Pass,2025-12-30 09:20:44.063,—,Elena Santos
LOTE-SK-M-SOP-013-3886,LOTE-M-SOP-013-3886,WO-4455,WO-14494,2026-01-04,Shift 3,SS-002,SK-FR-013-HDPE-500-3C,FR-013-HDPE-500,3,"COR-002, COR-004, COR-003",2166,L,200,0,0,0,0,Approved,Approved,Approved - First Pass,2026-01-04 09:46:54.224,—,Elena Santos
LOTE-SK-M-SOP-027-3888,LOTE-M-SOP-027-3888,WO-4459,WO-14495,2026-01-07,Shift 1,SS-002,SK-FR-027-HDPE-5000-1C,FR-027-HDPE-5000,1,COR-006,706,L,200,0,0,2,2,Approved,Approved,Approved - First Pass,2026-01-07 23:51:12.755,—,Diogo Ferreira
LOTE-SK-M-SOP-027-3892,LOTE-M-SOP-027-3892,WO-4466,WO-14498,2026-01-13,Shift 3,SS-001,SK-FR-027-HDPE-5000-1C,FR-027-HDPE-5000,1,COR-002,151,L,200,0,2,5,7,Approved,Approved,Approved - First Pass,2026-01-13 20:12:43.033,—,Carlos Mendes
LOTE-SK-M-SOP-027-3893,LOTE-M-SOP-027-3893,WO-4467,WO-14499,2026-01-13,Shift 2,SS-001,SK-FR-027-HDPE-5000-1C,FR-027-HDPE-5000,1,COR-006,546,L,200,0,0,7,7,Approved,Approved,Approved - First Pass,2026-01-14 13:33:49.922,—,Elena Santos
LOTE-SK-M-SOP-027-3898,LOTE-M-SOP-027-3898,WO-4476,WO-14502,2026-01-21,Shift 3,SS-001,SK-FR-027-HDPE-5000-1C,FR-027-HDPE-5000,1,COR-001,189,L,200,0,0,3,3,Approved,Approved,Approved - First Pass,2026-01-21 20:00:14.409,—,Elena Santos
LOTE-SK-M-SOP-027-3901,LOTE-M-SOP-027-3901,WO-4480,WO-14503,2026-01-23,Shift 2,SS-001,SK-FR-027-HDPE-5000-1C,FR-027-HDPE-5000,1,COR-006,1648,L,200,3,3,9,15,Rejected,Approved,Approved - Released on Deviation,2026-01-24 02:02:42.993,—,Diogo Ferreira
LOTE-SK-M-SOP-027-3902,LOTE-M-SOP-027-3902,WO-4482,WO-14505,2026-01-24,Shift 2,SS-002,SK-FR-027-HDPE-5000-1C,FR-027-HDPE-5000,1,COR-008,1039,L,200,0,0,3,3,Approved,Approved,Approved - First Pass,2026-01-24 22:46:42.346,—,Elena Santos
LOTE-SK-M-SOP-027-3904,LOTE-M-SOP-027-3904,WO-4486,WO-14509,2026-01-27,Shift 3,SS-001,SK-FR-027-HDPE-5000-1C,FR-027-HDPE-5000,1,COR-002,2048,L,200,1,1,7,9,Rejected,Rejected,Rejected - Scrapped,2026-01-27 11:17:57.786,Adhesion:1(Re=1),Carlos Mendes
LOTE-SK-M-SOP-027-3905,LOTE-M-SOP-027-3905,WO-4487,WO-14510,2026-01-28,  Shift 3  ,SS-002,SK-FR-027-HDPE-5000-1C,FR-027-HDPE-5000,1,COR-004,1138,L,200,0,0,0,0,Approved,Approved,Approved - First Pass,2026-01-28 16:22:08.280,—,Ana Silva
LOTE-SK-M-SOP-027-3908,LOTE-M-SOP-027-3908,WO-4495,WO-14512,2026-02-03,Shift 1,SS-001,SK-FR-027-HDPE-5000-1C,FR-027-HDPE-5000,1,COR-004,1307,L,200,1,1,5,7,Rejected,Rejected,Rejected - Scrapped,2026-02-04 09:08:08.811,Adhesion:1(Re=1),Beatriz Costa
LOTE-SK-M-SOP-027-3911,LOTE-M-SOP-027-3911,WO-4501,WO-14514,2026-02-07,Shift 2,SS-001,SK-FR-027-HDPE-5000-1C,FR-027-HDPE-5000,1,COR-006,1041,L,200,0,2,6,8,Approved,Approved,Approved - First Pass,2026-02-08 17:19:11.433,—,Ana Silva
LOTE-SK-M-SOP-027-3917,LOTE-M-SOP-027-3917,WO-4514,WO-14523,2026-02-17,Shift 2,SS-001,SK-FR-027-HDPE-5000-1C,FR-027-HDPE-5000,1,COR-007,1046,L,200,0,0,4,4,Approved,Approved,Approved - First Pass,2026-02-18 04:39:00.512,—,Elena Santos
LOTE-SK-M-SOP-027-3919,LOTE-M-SOP-027-3919,WO-4517,WO-14526,2026-02-20,Shift 1,SS-002,SK-FR-027-HDPE-5000-1C,FR-027-HDPE-5000,1,COR-006,1025,L,200,0,0,3,3,Approved,Approved,Approved - First Pass,2026-02-21 02:55:04.388,—,Carlos Mendes
LOTE-SK-M-SOP-013-3921,LOTE-M-SOP-013-3921,WO-4519,WO-14527,2026-02-21,Shift 3,SS-001,SK-FR-013-HDPE-500-3C,FR-013-HDPE-500,3,"COR-003, COR-007, COR-008",4618,L,200,0,0,2,2,Approved,Approved,Approved - First Pass,2026-02-22 00:56:48.665,—,Diogo Ferreira
LOTE-SK-M-SOP-027-3925,LOTE-M-SOP-027-3925,WO-4524,WO-14529,2026-02-24,Shift 2,SS-002,SK-FR-027-HDPE-5000-1C,FR-027-HDPE-5000,1,COR-006,551,L,200,0,0,3,3,Approved,Approved,Approved - First Pass,2026-02-25 01:40:02.465,—,Diogo Ferreira
LOTE-SK-M-SOP-013-3934,LOTE-M-SOP-013-3934,WO-4536,WO-14537,2026-03-05,Shift 3,SS-002,SK-FR-013-PP-500-1C,FR-013-PP-500,1,COR-007,5110,L,200,0,1,2,3,Approved,Approved,Approved - First Pass,2026-03-06 20:56:50.453,—,Beatriz Costa
LOTE-SK-M-SOP-027-3936,LOTE-M-SOP-027-3936,WO-4540,WO-14541,2026-03-08,Shift 3,SS-001,SK-FR-027-HDPE-5000-1C,FR-027-HDPE-5000,1,COR-003,1623,L,200,0,2,8,10,Approved,Approved,Approved - First Pass,2026-03-08 18:22:51.034,—,Ana Silva
LOTE-SK-M-SOP-027-3938,LOTE-M-SOP-027-3938,WO-4544,WO-14542,2026-03-11,Shift 3,SS-001,SK-FR-027-HDPE-5000-1C,FR-027-HDPE-5000,1,COR-006,158,L,200,0,0,3,3,Approved,Approved,Approved - First Pass,2026-03-11 12:43:11.066,—,Diogo Ferreira
LOTE-SK-M-SOP-027-3940,LOTE-M-SOP-027-3940,WO-4548,WO-14546,2026-03-14,Shift 2,SS-002,SK-FR-027-HDPE-5000-1C,FR-027-HDPE-5000,1,COR-006,1518,L,200,0,0,10,10,Approved,Approved,Approved - First Pass,2026-03-15 00:17:22.274,—,Carlos Mendes
LOTE-SK-M-SOP-013-3942,LOTE-M-SOP-013-3942,WO-4552,WO-14550,2026-03-17,Shift 2,SS-001,SK-FR-013-PP-500-1C,FR-013-PP-500,1,COR-002,4936,L,200,0,0,6,6,Approved,Approved,Approved - First Pass,2026-03-18 14:49:37.231,—,Diogo Ferreira
LOTE-SK-M-SOP-013-3943,LOTE-M-SOP-013-3943,WO-4554,WO-14552,2026-03-18,Shift 2,SS-002,SK-FR-013-HDPE-500-3C,FR-013-HDPE-500,3,"COR-002, COR-005, COR-003",13521,M,315,3,0,5,8,Rejected,Rejected,Rejected - Scrapped,2026-03-19 22:04:12.556,Cure:1(Re=1),Ana Silva
LOTE-SK-M-SOP-013-3945,LOTE-M-SOP-013-3945,WO-4558,WO-14556,2026-03-21,Shift 2,SS-002,SK-FR-013-HDPE-500-3C,FR-013-HDPE-500,3,"COR-007, COR-004, COR-001",7788,L,200,0,0,5,5,Approved,Approved,Approved - First Pass,2026-03-22 20:54:02.024,—,Diogo Ferreira
LOTE-SK-M-SOP-013-3947,LOTE-M-SOP-013-3947,WO-4560,WO-14558,2026-03-23,Shift 1,SS-001,SK-FR-013-PP-PCR-500-3C,FR-013-PP-PCR-500,3,"COR-007, COR-006, COR-005",10446,M,315,1,6,11,18,Rejected,Rejected,Rejected - Scrapped,2026-03-24 16:20:03.691,Adhesion:1(Re=1),Diogo Ferreira
LOTE-SK-M-SOP-013-3951,LOTE-M-SOP-013-3951,WO-4569,WO-14562,2026-03-29,Shift 1,SS-002,SK-FR-013-PP-PCR-500-3C,FR-013-PP-PCR-500,3,"COR-005, COR-007, COR-008",16995,M,315,0,1,8,9,Approved,Approved,Approved - First Pass,2026-03-30 11:10:40.649,—,Beatriz Costa
LOTE-SK-M-SOP-027-3954,LOTE-M-SOP-027-3954,WO-4575,WO-14564,2026-04-02,Shift 1,SS-002,SK-FR-027-HDPE-5000-1C,FR-027-HDPE-5000,1,COR-005,1535,L,200,0,0,7,7,Approved,Approved,Approved - First Pass,2026-04-02 22:04:05.498,—,Carlos Mendes
LOTE-SK-M-SOP-027-3955,LOTE-M-SOP-027-3955,WO-4577,WO-14566,2026-04-03,Shift 1,SS-001,SK-FR-027-HDPE-5000-1C,FR-027-HDPE-5000,1,COR-005,989,L,200,0,1,7,8,Approved,Approved,Approved - First Pass,2026-04-03 18:54:48.664,—,Beatriz Costa
LOTE-SK-M-SOP-013-3960,LOTE-M-SOP-013-3960,WO-4585,WO-14568,2026-04-08,shift 2,SS-001,SK-FR-013-PP-PCR-500-3C,FR-013-PP-PCR-500,3,"COR-003, COR-002, COR-006",5083,L,200,0,1,3,4,Approved,Approved,Approved - First Pass,2026-04-09 20:23:31.064,—,Elena Santos
LOTE-SK-M-SOP-027-3961,LOTE-M-SOP-027-3961,WO-4586,WO-14569,2026-04-09,Shift 2,SS-001,SK-FR-027-HDPE-5000-1C,FR-027-HDPE-5000,1,COR-005,451,L,200,0,2,1,3,Approved,Approved,Approved - First Pass,2026-04-10 01:58:46.445,—,Diogo Ferreira
LOTE-SK-M-SOP-013-3962,LOTE-M-SOP-013-3962,WO-4588,WO-14571,2026-04-10,Shift 1,SS-002,SK-FR-013-PP-PCR-500-3C,FR-013-PP-PCR-500,3,"COR-005, COR-004, COR-007",11596,M,315,2,0,0,2,Approved,Approved,Approved - Released on Deviation,2026-04-11 19:00:49.358,—,Diogo Ferreira
LOTE-SK-M-SOP-027-3963,LOTE-M-SOP-027-3963,WO-4590,WO-14573,2026-04-12,Shift 2,SS-002,SK-FR-027-HDPE-5000-1C,FR-027-HDPE-5000,1,COR-006,1203,L,200,0,0,3,3,Approved,Approved,Approved - First Pass,2026-04-13 10:00:11.988,—,Elena Santos
LOTE-SK-M-SOP-027-3964,LOTE-M-SOP-027-3964,WO-4592,WO-14575,2026-04-13,Shift 2,SS-002,SK-FR-027-HDPE-5000-1C,FR-027-HDPE-5000,1,COR-004,1638,L,200,0,0,4,4,Approved,Approved,Approved - First Pass,2026-04-14 05:45:46.456,—,Beatriz Costa
LOTE-SK-M-SOP-027-3968,LOTE-M-SOP-027-3968,WO-4600,WO-14582,2026-04-20,shift 1,SS-002,SK-FR-027-HDPE-5000-1C,FR-027-HDPE-5000,1,COR-001,1007,L,200,0,1,3,4,Approved,Approved,Approved - First Pass,2026-04-21 04:21:55.958,—,Ana Silva
LOTE-SK-M-SOP-027-3969,LOTE-M-SOP-027-3969,WO-4602,WO-14584,2026-04-22,Shift 1,SS-002,SK-FR-027-HDPE-5000-1C,FR-027-HDPE-5000,1,COR-007,1630,L,200,0,0,2,2,Approved,Approved,Approved - First Pass,2026-04-22 22:19:34.429,—,Diogo Ferreira
LOTE-SK-M-SOP-027-3974,LOTE-M-SOP-027-3974,WO-4610,WO-14589,2026-04-28,Shift 1,SS-002,SK-FR-027-HDPE-5000-1C,FR-027-HDPE-5000,1,COR-005,1181,L,200,0,0,2,2,Approved,Approved,Approved - First Pass,2026-04-29 00:56:55.305,—,Beatriz Costa
LOTE-SK-M-SOP-027-3982,LOTE-M-SOP-027-3982,WO-4626,WO-14600,2026-05-08,Shift 1,SS-001,SK-FR-027-HDPE-5000-1C,FR-027-HDPE-5000,1,COR-005,1273,L,200,1,1,6,8,Rejected,Rejected,Rejected - Scrapped,2026-05-08 23:53:38.168,Cure:1(Re=1),Diogo Ferreira
LOTE-SK-M-SOP-027-3988,LOTE-M-SOP-027-3988,WO-4638,WO-14604,2026-05-18,shift 1,SS-001,SK-FR-027-HDPE-5000-1C,FR-027-HDPE-5000,1,COR-007,1210,L,200,0,1,10,11,Approved,Approved,Approved - First Pass,2026-05-18 17:45:42.255,—,Beatriz Costa
LOTE-SK-M-SOP-027-3989,LOTE-M-SOP-027-3989,WO-4640,WO-14606,2026-05-19,Shift 1,SS-001,SK-FR-027-HDPE-5000-1C,FR-027-HDPE-5000,1,COR-003,2179,L,200,0,1,7,8,Approved,Approved,Approved - First Pass,2026-05-20 09:36:24.416,—,Beatriz Costa
LOTE-SK-M-SOP-027-3990,LOTE-M-SOP-027-3990,WO-4641,WO-14607,2026-05-20,Shift 3,SS-002,SK-FR-027-HDPE-5000-1C,FR-027-HDPE-5000,1,COR-004,1114,L,200,0,1,3,4,Approved,Approved,Approved - First Pass,2026-05-21 10:14:48.176,—,Beatriz Costa
LOTE-SK-M-SOP-027-3991,LOTE-M-SOP-027-3991,WO-4643,WO-14609,2026-05-20,Shift 2,SS-001,SK-FR-027-HDPE-5000-1C,FR-027-HDPE-5000,1,COR-001,393,L,200,0,0,4,4,Approved,Approved,Approved - First Pass,2026-05-21 07:39:13.121,—,Ana Silva
LOTE-SK-M-SOP-027-3992,LOTE-M-SOP-027-3992,WO-4645,WO-14611,2026-05-22,Shift 1,SS-001,SK-FR-027-HDPE-5000-1C,FR-027-HDPE-5000,1,COR-006,1428,L,200,1,0,3,4,Approved,Rejected,Rejected - Scrapped,2026-05-22 19:59:45.705,—,Diogo Ferreira
LOTE-SK-M-SOP-013-3996,LOTE-M-SOP-013-3996,WO-4654,WO-14615,2026-05-27,Shift 2,SS-002,SK-FR-013-PP-PCR-500-3C,FR-013-PP-PCR-500,3,"COR-001, COR-008, COR-005",12000,M,315,1,1,2,4,Rejected,Rejected,Rejected - Scrapped,2026-05-28 17:50:48.603,Adhesion:1(Re=1),Beatriz Costa
LOTE-SK-M-SOP-027-3997,LOTE-M-SOP-027-3997,WO-4655,WO-14616,2026-05-28,Shift 2,SS-001,SK-FR-027-HDPE-5000-1C,FR-027-HDPE-5000,1,COR-007,807,L,200,0,0,2,2,Approved,Approved,Approved - First Pass,2026-05-28 21:27:36.571,—,Diogo Ferreira
LOTE-SK-M-SOP-027-3998,LOTE-M-SOP-027-3998,WO-4656,WO-14617,2026-05-29,Shift 3,SS-002,SK-FR-027-HDPE-5000-1C,FR-027-HDPE-5000,1,COR-006,1006,L,200,0,1,5,6,Approved,Approved,Approved - First Pass,2026-05-30 12:43:17.889,—,Elena Santos
LOTE-SK-M-SOP-027-4001,LOTE-M-SOP-027-4001,WO-4659,WO-14619,2026-05-31,SHIFT 1,SS-002,SK-FR-027-HDPE-5000-1C,FR-027-HDPE-5000,1,COR-007,1600,L,200,1,0,4,5,Approved,Rejected,Rejected - Scrapped,2026-06-01 00:17:59.620,—,Elena Santos
LOTE-SK-M-SOP-027-4003,LOTE-M-SOP-027-4003,WO-4662,WO-14622,2026-06-03,Shift 3,SS-002,SK-FR-027-HDPE-5000-1C,FR-027-HDPE-5000,1,COR-008,1400,L,200,0,0,8,8,Approved,Approved,Approved - First Pass,2026-06-03 15:13:59.650,—,Beatriz Costa
LOTE-SK-M-SOP-027-4005,LOTE-M-SOP-027-4005,WO-4666,WO-14624,2026-06-06,SHIFT 1,SS-002,SK-FR-027-HDPE-5000-1C,FR-027-HDPE-5000,1,COR-001,1557,L,200,0,2,6,8,Approved,Approved,Approved - First Pass,2026-06-07 01:45:06.547,—,Diogo Ferreira
LOTE-SK-M-SOP-013-4006,LOTE-M-SOP-013-4006,WO-4667,WO-14625,2026-06-06,Shift 1,SS-002,SK-FR-013-HDPE-500-3C,FR-013-HDPE-500,3,"COR-002, COR-004, COR-007",6801,L,200,0,0,0,0,Approved,Approved,Approved - First Pass,2026-06-07 21:52:52.855,—,Diogo Ferreira
LOTE-SK-M-SOP-013-4007,LOTE-M-SOP-013-4007,WO-4668,WO-14626,2026-06-07,  Shift 1  ,SS-002,SK-FR-013-PP-PCR-500-3C,FR-013-PP-PCR-500,3,"COR-002, COR-003, COR-007",1149,L,200,0,0,1,1,Approved,Approved,Approved - First Pass,2026-06-07 16:42:59.651,—,Carlos Mendes
LOTE-SK-M-SOP-013-4010,LOTE-M-SOP-013-4010,WO-4672,WO-14627,2026-06-11,Shift 1,SS-001,SK-FR-013-PP-500-1C,FR-013-PP-500,1,COR-005,3402,L,200,0,0,0,0,Approved,Approved,Approved - First Pass,2026-06-12 10:44:57.947,—,Ana Silva
LOTE-SK-M-SOP-013-4011,LOTE-M-SOP-013-4011,WO-4673,WO-14628,2026-06-11,Shift 3,SS-001,SK-FR-013-HDPE-500-3C,FR-013-HDPE-500,3,"COR-004, COR-002, COR-003",3238,L,200,0,0,3,3,Approved,Approved,Approved - First Pass,2026-06-13 04:44:33.683,—,Diogo Ferreira
LOTE-SK-M-SOP-027-4015,LOTE-M-SOP-027-4015,WO-4683,WO-14634,2026-06-18,Shift 2,SS-002,SK-FR-027-HDPE-5000-1C,FR-027-HDPE-5000,1,COR-002,1536,L,200,0,0,6,6,Approved,Approved,Approved - First Pass,2026-06-19 00:43:07.410,—,Ana Silva
LOTE-SK-M-SOP-027-4017,LOTE-M-SOP-027-4017,WO-4687,WO-14635,2026-06-22,SHIFT 3,SS-002,SK-FR-027-HDPE-5000-1C,FR-027-HDPE-5000,1,COR-005,548,L,200,1,0,3,4,Approved,Rejected,Rejected - Scrapped,2026-06-23 00:13:59.927,—,Ana Silva
LOTE-SK-M-SOP-027-4019,LOTE-M-SOP-027-4019,WO-4690,WO-14638,2026-06-24,Shift 3,SS-001,SK-FR-027-HDPE-5000-1C,FR-027-HDPE-5000,1,COR-003,341,L,200,0,0,2,2,Approved,Approved,Approved - First Pass,2026-06-24 22:37:18.379,—,Beatriz Costa
LOTE-SK-M-SOP-027-4025,LOTE-M-SOP-027-4025,WO-4702,WO-14646,2026-07-03,Shift 2,SS-001,SK-FR-027-HDPE-5000-1C,FR-027-HDPE-5000,1,COR-002,1338,L,200,1,0,5,6,Approved,Rejected,Rejected - Scrapped,2026-07-04 02:40:31.160,—,Elena Santos
LOTE-SK-M-SOP-027-4026,LOTE-M-SOP-027-4026,WO-4703,WO-14647,2026-07-04,Shift 3,SS-002,SK-FR-027-HDPE-5000-1C,FR-027-HDPE-5000,1,COR-001,190,L,200,1,1,0,2,Rejected,Rejected,Rejected - Scrapped,2026-07-04 14:48:18.452,Cure:1(Re=1),Carlos Mendes
LOTE-SK-M-SOP-027-4027,LOTE-M-SOP-027-4027,WO-4705,WO-14649,2026-07-05,Shift 3,SS-002,SK-FR-027-HDPE-5000-1C,FR-027-HDPE-5000,1,COR-001,944,L,200,0,1,0,1,Approved,Approved,Approved - First Pass,2026-07-05 15:14:11.260,—,Ana Silva
LOTE-SK-M-SOP-027-4029,LOTE-M-SOP-027-4029,WO-4707,WO-14650,2026-07-06,Shift 2,SS-002,SK-FR-027-HDPE-5000-1C,FR-027-HDPE-5000,1,COR-008,179,L,200,0,0,1,1,Approved,Approved,Approved - First Pass,2026-07-06 23:40:32.518,—,Carlos Mendes
LOTE-SK-M-SOP-027-4030,LOTE-M-SOP-027-4030,WO-4710,WO-14653,2026-07-09,Shift 2,SS-002,SK-FR-027-HDPE-5000-1C,FR-027-HDPE-5000,1,COR-002,1569,L,200,1,2,8,11,Approved,Approved,Approved - Released on Deviation,2026-07-09 18:25:38.878,—,Carlos Mendes
LOTE-SK-M-SOP-013-4033,LOTE-M-SOP-013-4033,WO-4716,WO-14657,2026-07-13,Shift 2,SS-001,SK-FR-013-PP-500-1C,FR-013-PP-500,1,COR-008,15540,M,315,0,2,3,5,Approved,Approved,Approved - First Pass,2026-07-14 16:52:28.987,—,Diogo Ferreira
LOTE-SK-M-SOP-027-4034,LOTE-M-SOP-027-4034,WO-4719,WO-14660,2026-07-15,Shift 1,SS-002,SK-FR-027-HDPE-5000-1C,FR-027-HDPE-5000,1,COR-008,2038,L,200,2,0,11,13,Rejected,Rejected,Rejected - Scrapped,2026-07-16 04:52:29.123,Cure:2(Re=1),Diogo Ferreira
LOTE-SK-M-SOP-013-4039,LOTE-M-SOP-013-4039,WO-4728,WO-14665,2026-07-22,Shift 1,SS-001,SK-FR-013-PP-PCR-500-3C,FR-013-PP-PCR-500,3,"COR-002, COR-003, COR-006",8786,L,200,0,0,1,1,Approved,Approved,Approved - First Pass,2026-07-23 11:00:29.685,—,Diogo Ferreira
LOTE-SK-M-SOP-027-4040,LOTE-M-SOP-027-4040,WO-4729,WO-14666,2026-07-23,Shift 1,SS-001,SK-FR-027-HDPE-5000-1C,FR-027-HDPE-5000,1,COR-001,669,L,200,0,1,0,1,Approved,Approved,Approved - First Pass,2026-07-24 06:42:51.278,—,Beatriz Costa
LOTE-SK-M-SOP-013-4041,LOTE-M-SOP-013-4041,WO-4731,WO-14668,2026-07-24,shift 1,SS-001,SK-FR-013-HDPE-500-3C,FR-013-HDPE-500,3,"COR-003, COR-006, COR-005",12895,M,315,0,1,3,4,Approved,Approved,Approved - First Pass,2026-07-25 07:47:57.569,—,Beatriz Costa
LOTE-SK-M-SOP-027-4042,LOTE-M-SOP-027-4042,WO-4732,WO-14669,2026-07-25,Shift 2,SS-001,SK-FR-027-HDPE-5000-1C,FR-027-HDPE-5000,1,COR-005,154,L,200,1,0,2,3,Approved,Rejected,Rejected - Scrapped,2026-07-26 00:34:58.073,—,Carlos Mendes
LOTE-SK-M-SOP-013-4043,LOTE-M-SOP-013-4043,WO-4734,WO-14671,2026-07-27,Shift 3,SS-001,SK-FR-013-HDPE-500-3C,FR-013-HDPE-500,3,"COR-007, COR-005, COR-003",12944,M,315,0,0,6,6,Approved,Approved,Approved - First Pass,2026-07-28 02:39:56.286,—,Elena Santos
LOTE-SK-M-SOP-027-4044,LOTE-M-SOP-027-4044,WO-4735,WO-14672,2026-07-28,Shift 1,SS-001,SK-FR-027-HDPE-5000-1C,FR-027-HDPE-5000,1,COR-007,1092,L,200,0,0,4,4,Approved,Approved,Approved - First Pass,2026-07-29 00:30:54.071,—,Elena Santos
LOTE-SK-M-SOP-027-4050,LOTE-M-SOP-027-4050,WO-4741,WO-14675,2026-08-02,Shift 3,SS-001,SK-FR-027-HDPE-5000-1C,FR-027-HDPE-5000,1,COR-004,859,L,200,1,0,6,7,Rejected,Approved,Approved - Reworked,2026-08-02 22:09:24.016,—,Ana Silva
LOTE-SK-M-SOP-013-4051,LOTE-M-SOP-013-4051,WO-4742,WO-14676,2026-08-02,Shift 1,SS-001,SK-FR-013-PP-500-1C,FR-013-PP-500,1,COR-003,7911,L,200,1,0,1,2,Approved,Rejected,Rejected - Scrapped,2026-08-03 08:05:38.383,—,Beatriz Costa
LOTE-SK-M-SOP-027-4055,LOTE-M-SOP-027-4055,WO-4750,WO-14679,2026-08-09,Shift 3,SS-001,SK-FR-027-HDPE-5000-1C,FR-027-HDPE-5000,1,COR-005,357,L,200,0,1,4,5,Approved,Approved,Approved - First Pass,2026-08-10 03:00:24.339,—,Beatriz Costa
LOTE-SK-M-SOP-027-4056,LOTE-M-SOP-027-4056,WO-4751,WO-14680,2026-08-10,Shift 1,SS-001,SK-FR-027-HDPE-5000-1C,FR-027-HDPE-5000,1,COR-003,671,L,200,0,0,3,3,Approved,Approved,Approved - First Pass,2026-08-11 09:03:02.093,—,Beatriz Costa
LOTE-SK-M-SOP-027-4057,LOTE-M-SOP-027-4057,WO-4755,WO-14684,2026-08-12,shift 3,SS-001,SK-FR-027-HDPE-5000-1C,FR-027-HDPE-5000,1,COR-005,3248,L,200,0,0,7,7,Approved,Approved,Approved - First Pass,2026-08-13 00:18:08.725,—,Ana Silva
LOTE-SK-M-SOP-027-4062,LOTE-M-SOP-027-4062,WO-4766,WO-14688,2026-08-19,Shift 2,SS-002,SK-FR-027-HDPE-5000-1C,FR-027-HDPE-5000,1,COR-008,544,L,200,0,0,5,5,Approved,Approved,Approved - First Pass,2026-08-20 08:15:34.194,—,Elena Santos
LOTE-SK-M-SOP-013-4066,LOTE-M-SOP-013-4066,WO-4774,WO-14692,2026-08-26,Shift 1,SS-002,SK-FR-013-HDPE-500-3C,FR-013-HDPE-500,3,"COR-004, COR-005, COR-007",6785,L,200,0,0,2,2,Approved,Approved,Approved - First Pass,2026-08-27 09:37:17.703,—,Carlos Mendes
LOTE-SK-M-SOP-013-4068,LOTE-M-SOP-013-4068,WO-4779,WO-14697,2026-08-29,Shift 2,SS-001,SK-FR-013-PP-500-1C,FR-013-PP-500,1,COR-005,10839,M,315,2,0,6,8,Approved,Rejected,Rejected - Scrapped,2026-08-30 20:21:24.685,—,Carlos Mendes
LOTE-SK-M-SOP-027-4073,LOTE-M-SOP-027-4073,WO-4789,WO-14703,2026-09-05,Shift 1,SS-001,SK-FR-027-HDPE-5000-1C,FR-027-HDPE-5000,1,COR-001,1667,L,200,0,1,0,1,Approved,Approved,Approved - First Pass,2026-09-06 05:58:36.662,—,Elena Santos
LOTE-SK-M-SOP-013-4076,LOTE-M-SOP-013-4076,WO-4795,WO-14707,2026-09-10,SHIFT 1,SS-002,SK-FR-013-HDPE-500-3C,FR-013-HDPE-500,3,"COR-007, COR-005, COR-002",8563,L,200,0,0,14,14,Approved,Approved,Approved - First Pass,2026-09-11 22:26:27.296,—,Diogo Ferreira
LOTE-SK-M-SOP-013-4078,LOTE-M-SOP-013-4078,WO-4800,WO-14712,2026-09-13,Shift 1,SS-002,SK-FR-013-PP-PCR-500-3C,FR-013-PP-PCR-500,3,"COR-006, COR-001, COR-008",10545,M,315,1,1,12,14,Rejected,Rejected,Rejected - Scrapped,2026-09-14 06:42:42.674,Adhesion:1(Re=1),Beatriz Costa
LOTE-SK-M-SOP-027-4080,LOTE-M-SOP-027-4080,WO-4802,WO-14713,2026-09-15,Shift 3,SS-001,SK-FR-027-HDPE-5000-1C,FR-027-HDPE-5000,1,COR-003,531,L,200,0,0,4,4,Approved,Approved,Approved - First Pass,2026-09-15 16:45:48.948,—,Carlos Mendes
LOTE-SK-M-SOP-027-4082,LOTE-M-SOP-027-4082,WO-4806,WO-14715,2026-09-18,Shift 1,SS-001,SK-FR-027-HDPE-5000-1C,FR-027-HDPE-5000,1,COR-001,1964,L,200,0,1,5,6,Approved,Approved,Approved - First Pass,2026-09-18 14:23:38.574,—,Beatriz Costa
LOTE-SK-M-SOP-013-4087,LOTE-M-SOP-013-4087,WO-4816,WO-14723,2026-09-25,Shift 2,SS-001,SK-FR-013-HDPE-500-3C,FR-013-HDPE-500,3,"COR-005, COR-008, COR-001",6777,L,200,0,0,2,2,Approved,Approved,Approved - First Pass,2026-09-26 21:04:38.851,—,Beatriz Costa
LOTE-SK-M-SOP-013-4088,LOTE-M-SOP-013-4088,WO-4819,WO-14726,2026-09-27,Shift 3,SS-002,SK-FR-013-HDPE-500-3C,FR-013-HDPE-500,3,"COR-004, COR-006, COR-002",15642,M,315,0,1,6,7,Approved,Approved,Approved - First Pass,2026-09-28 05:03:27.534,—,Carlos Mendes
LOTE-SK-M-SOP-013-4089,LOTE-M-SOP-013-4089,WO-4821,WO-14728,2026-09-28,Shift 1,SS-001,SK-FR-013-HDPE-500-3C,FR-013-HDPE-500,3,"COR-001, COR-002, COR-003",12853,M,315,1,0,8,9,Approved,Rejected,Rejected - Scrapped,2026-09-29 02:15:50.043,—,Carlos Mendes
LOTE-SK-M-SOP-013-4090,LOTE-M-SOP-013-4090,WO-4823,WO-14730,2026-09-29,shift 3,SS-001,SK-FR-013-HDPE-500-3C,FR-013-HDPE-500,3,"COR-005, COR-006, COR-003",7633,L,200,0,0,3,3,Approved,Approved,Approved - First Pass,2026-09-30 02:45:07.020,—,Elena Santos
LOTE-SK-M-SOP-013-4096,LOTE-M-SOP-013-4096,WO-4832,WO-14732,2026-10-06,Shift 1,SS-001,SK-FR-013-PP-500-1C,FR-013-PP-500,1,COR-007,9413,L,200,0,0,12,12,Approved,Approved,Approved - First Pass,2026-10-07 11:50:55.878,—,Diogo Ferreira
LOTE-SK-M-SOP-027-4100,LOTE-M-SOP-027-4100,WO-4839,WO-14738,2026-10-10,Shift 2,SS-002,SK-FR-027-HDPE-5000-1C,FR-027-HDPE-5000,1,COR-007,1502,L,200,0,0,3,3,Approved,Approved,Approved - First Pass,2026-10-11 09:30:36.316,—,Beatriz Costa
LOTE-SK-M-SOP-013-4104,LOTE-M-SOP-013-4104,WO-4843,WO-14740,2026-10-13,shift 2,SS-001,SK-FR-013-PP-PCR-500-3C,FR-013-PP-PCR-500,3,"COR-004, COR-005, COR-003",6530,L,200,0,0,3,3,Approved,Approved,Approved - First Pass,2026-10-15 00:52:12.445,—,Ana Silva
LOTE-SK-M-SOP-027-4108,LOTE-M-SOP-027-4108,WO-4849,WO-14742,2026-10-17,Shift 2,SS-001,SK-FR-027-HDPE-5000-1C,FR-027-HDPE-5000,1,COR-006,1530,L,200,1,0,1,2,Rejected,Rejected,Rejected - Scrapped,2026-10-18 05:18:08.763,Adhesion:1(Re=1),Elena Santos
LOTE-SK-M-SOP-027-4109,LOTE-M-SOP-027-4109,WO-4850,WO-14743,2026-10-18,Shift 1,SS-001,SK-FR-027-HDPE-5000-1C,FR-027-HDPE-5000,1,COR-002,692,L,200,0,1,0,1,Approved,Approved,Approved - First Pass,2026-10-18 23:57:49.592,—,Ana Silva
LOTE-SK-M-SOP-027-4114,LOTE-M-SOP-027-4114,WO-4859,WO-14747,2026-10-26,Shift 2,SS-002,SK-FR-027-HDPE-5000-1C,FR-027-HDPE-5000,1,COR-007,1862,L,200,0,1,2,3,Approved,Approved,Approved - First Pass,2026-10-27 10:27:49.359,—,Beatriz Costa
LOTE-SK-M-SOP-027-4117,LOTE-M-SOP-027-4117,WO-4862,WO-14750,2026-10-28,Shift 3,SS-001,SK-FR-027-HDPE-5000-1C,FR-027-HDPE-5000,1,COR-005,693,L,200,1,0,4,5,Approved,Rejected,Rejected - Scrapped,2026-10-29 11:41:58.087,—,Diogo Ferreira
LOTE-SK-M-SOP-027-4121,LOTE-M-SOP-027-4121,WO-4870,WO-14755,2026-11-03,Shift 1,SS-002,SK-FR-027-HDPE-5000-1C,FR-027-HDPE-5000,1,COR-001,2174,L,200,0,0,5,5,Approved,Approved,Approved - First Pass,2026-11-04 06:33:10.745,—,Ana Silva
LOTE-SK-M-SOP-013-4122,LOTE-M-SOP-013-4122,WO-4873,WO-14758,2026-11-06,Shift 2,SS-001,SK-FR-013-PP-PCR-500-3C,FR-013-PP-PCR-500,3,"COR-002, COR-005, COR-007",12736,M,315,2,1,7,10,Approved,Rejected,Rejected - Scrapped,2026-11-07 17:25:09.362,—,Elena Santos
LOTE-SK-M-SOP-027-4124,LOTE-M-SOP-027-4124,WO-4877,WO-14760,2026-11-09,Shift 1,SS-002,SK-FR-027-HDPE-5000-1C,FR-027-HDPE-5000,1,COR-005,1063,L,200,0,0,10,10,Approved,Approved,Approved - First Pass,2026-11-09 19:55:41.680,—,Diogo Ferreira
LOTE-SK-M-SOP-013-4125,LOTE-M-SOP-013-4125,WO-4878,WO-14761,2026-11-10,Shift 3,SS-001,SK-FR-013-PP-PCR-500-3C,FR-013-PP-PCR-500,3,"COR-004, COR-006, COR-002",9100,L,200,0,0,1,1,Approved,Approved,Approved - First Pass,2026-11-11 14:44:44.841,—,Elena Santos
LOTE-SK-M-SOP-013-4130,LOTE-M-SOP-013-4130,WO-4889,WO-14771,2026-11-18,Shift 1,SS-001,SK-FR-013-HDPE-500-3C,FR-013-HDPE-500,3,"COR-001, COR-004, COR-002",8658,L,200,0,0,5,5,Approved,Approved,Approved - First Pass,2026-11-19 04:36:38.145,—,Carlos Mendes
LOTE-SK-M-SOP-027-4134,LOTE-M-SOP-027-4134,WO-4898,WO-14776,2026-11-25,Shift 2,SS-002,SK-FR-027-HDPE-5000-1C,FR-027-HDPE-5000,1,COR-008,2119,L,200,0,3,2,5,Approved,Approved,Approved - First Pass,2026-11-26 04:04:16.173,—,Elena Santos
LOTE-SK-M-SOP-027-4135,LOTE-M-SOP-027-4135,WO-4900,WO-14778,2026-11-26,Shift 2,SS-001,SK-FR-027-HDPE-5000-1C,FR-027-HDPE-5000,1,COR-007,1013,L,200,0,1,0,1,Approved,Approved,Approved - First Pass,2026-11-27 09:39:36.974,—,Beatriz Costa
LOTE-SK-M-SOP-013-4145,LOTE-M-SOP-013-4145,WO-4915,WO-14785,2026-12-07,Shift 1,SS-002,SK-FR-013-HDPE-500-3C,FR-013-HDPE-500,3,"COR-006, COR-001, COR-008",6441,L,200,1,0,0,1,Rejected,Rejected,Rejected - Scrapped,2026-12-08 06:30:06.181,Adhesion:1(Re=1),Elena Santos
LOTE-SK-M-SOP-027-4147,LOTE-M-SOP-027-4147,WO-4917,WO-14786,2026-12-08,SHIFT 2,SS-002,SK-FR-027-HDPE-5000-1C,FR-027-HDPE-5000,1,COR-004,804,L,200,0,1,2,3,Approved,Approved,Approved - First Pass,2026-12-09 16:25:27.556,—,Diogo Ferreira
LOTE-SK-M-SOP-027-4148,LOTE-M-SOP-027-4148,WO-4918,WO-14787,2026-12-09,Shift 2,SS-002,SK-FR-027-HDPE-5000-1C,FR-027-HDPE-5000,1,COR-008,697,L,200,0,0,3,3,Approved,Approved,Approved - First Pass,2026-12-09 23:50:19.268,—,Diogo Ferreira
LOTE-SK-M-SOP-027-4151,LOTE-M-SOP-027-4151,WO-4924,WO-14789,2026-12-14,Shift 2,SS-001,SK-FR-027-HDPE-5000-1C,FR-027-HDPE-5000,1,COR-005,1818,L,200,0,0,3,3,Approved,Approved,Approved - First Pass,2026-12-15 05:12:06.156,—,Carlos Mendes
LOTE-SK-M-SOP-013-4156,LOTE-M-SOP-013-4156,WO-4935,WO-14797,2026-12-22,Shift 2,SS-001,SK-FR-013-HDPE-500-3C,FR-013-HDPE-500,3,"COR-003, COR-005, COR-001",16629,M,315,0,0,9,9,Approved,Approved,Approved - First Pass,2026-12-24 02:02:59.194,—,Ana Silva
LOTE-SK-M-SOP-011-4163,LOTE-M-SOP-011-4163,WO-4949,WO-14801,2025-07-02,Shift 3,SS-001,SK-FR-011-PET-400-3C,FR-011-PET-400,3,"COR-005, COR-004, COR-007",3839,L,200,0,0,0,0,Approved,Approved,Approved - First Pass,2025-07-03 12:23:59.841,—,Diogo Ferreira
LOTE-SK-M-SOP-024-4164,LOTE-M-SOP-024-4164,WO-4950,WO-14802,2025-07-03,Shift 1,SS-002,SK-FR-024-PET-1000-1C,FR-024-PET-1000,1,COR-008,5329,L,200,0,2,4,6,Approved,Approved,Approved - First Pass,2025-07-03 21:15:16.163,—,Ana Silva
LOTE-SK-M-SOP-024-4166,LOTE-M-SOP-024-4166,WO-4953,WO-14805,2025-07-05,Shift 2,SS-001,SK-FR-024-PET-1000-1C,FR-024-PET-1000,1,COR-002,3502,L,200,0,0,2,2,Approved,Approved,Approved - First Pass,2025-07-06 15:50:37.966,—,Ana Silva
LOTE-SK-M-SOP-028-4167,LOTE-M-SOP-028-4167,WO-4955,WO-14807,2025-07-06,Shift 2,SS-002,SK-FR-028-HDPE-5000-1C,FR-028-HDPE-5000,1,COR-007,1036,L,200,1,1,5,7,Approved,Rejected,Rejected - Scrapped,2025-07-07 16:27:52.147,—,Diogo Ferreira
LOTE-SK-M-SOP-024-4168,LOTE-M-SOP-024-4168,WO-4957,WO-14809,2025-07-08,Shift 3,SS-002,SK-FR-024-PET-1000-1C,FR-024-PET-1000,1,COR-002,6423,L,200,0,0,11,11,Approved,Approved,Approved - First Pass,2025-07-10 00:03:50.745,—,Carlos Mendes
LOTE-SK-M-SOP-011-4170,LOTE-M-SOP-011-4170,WO-4960,WO-14810,2025-07-10,Shift 1,SS-002,SK-FR-011-PET-400-3C,FR-011-PET-400,3,"COR-005, COR-004, COR-002",2623,L,200,0,0,3,3,Approved,Approved,Approved - First Pass,2025-07-11 17:14:59.061,—,Carlos Mendes
LOTE-SK-M-SOP-024-4171,LOTE-M-SOP-024-4171,WO-4961,WO-14811,2025-07-11,Shift 1,SS-002,SK-FR-024-PET-1000-1C,FR-024-PET-1000,1,COR-008,2324,L,200,0,0,2,2,Approved,Approved,Approved - First Pass,2025-07-11 20:41:05.029,—,Diogo Ferreira
LOTE-SK-M-SOP-011-4173,LOTE-M-SOP-011-4173,WO-4965,WO-14813,2025-07-13,SHIFT 2,SS-001,SK-FR-011-PET-400-3C,FR-011-PET-400,3,"COR-002, COR-001, COR-003",10925,M,315,1,0,10,11,Rejected,Rejected,Rejected - Scrapped,2025-07-15 07:17:16.714,Adhesion:1(Re=1),Ana Silva
LOTE-SK-M-SOP-011-4174,LOTE-M-SOP-011-4174,WO-4967,WO-14815,2025-07-15,Shift 1,SS-002,SK-FR-011-PET-400-3C,FR-011-PET-400,3,"COR-001, COR-008, COR-003",4602,L,200,0,1,3,4,Approved,Approved,Approved - First Pass,2025-07-15 20:25:43.476,—,Diogo Ferreira
LOTE-SK-M-SOP-024-4175,LOTE-M-SOP-024-4175,WO-4970,WO-14818,2025-07-17,Shift 1,SS-002,SK-FR-024-PET-1000-1C,FR-024-PET-1000,1,COR-006,11655,M,315,0,3,12,15,Approved,Approved,Approved - First Pass,2025-07-17 22:49:38.724,—,Carlos Mendes
LOTE-SK-M-SOP-014-4176,LOTE-M-SOP-014-4176,WO-4973,WO-14821,2025-07-18,Shift 2,SS-001,SK-FR-014-rPET-500-1C,FR-014-rPET-500,1,COR-001,17183,M,315,0,1,9,10,Approved,Approved,Approved - First Pass,2025-07-20 05:07:45.816,—,Diogo Ferreira
LOTE-SK-M-SOP-011-4178,LOTE-M-SOP-011-4178,WO-4976,WO-14823,2025-07-21,Shift 2,SS-001,SK-FR-011-PET-400-3C,FR-011-PET-400,3,"COR-001, COR-007, COR-002",17714,M,315,0,1,6,7,Approved,Approved,Approved - First Pass,2025-07-23 05:12:12.770,—,Elena Santos
LOTE-SK-M-SOP-024-4179,LOTE-M-SOP-024-4179,WO-4979,WO-14826,2025-07-23,  Shift 2  ,SS-001,SK-FR-024-PET-1000-1C,FR-024-PET-1000,1,COR-004,9239,L,200,0,2,12,14,Approved,Approved,Approved - First Pass,2025-07-24 16:52:24.947,—,Diogo Ferreira
LOTE-SK-M-SOP-011-4180,LOTE-M-SOP-011-4180,WO-4982,WO-14829,2025-07-26,Shift 3,SS-002,SK-FR-011-PET-400-3C,FR-011-PET-400,3,"COR-007, COR-002, COR-001",16734,M,315,1,0,8,9,Rejected,Approved,Approved - Released on Deviation,2025-07-27 22:21:39.265,—,Diogo Ferreira
LOTE-SK-M-SOP-011-4181,LOTE-M-SOP-011-4181,WO-4984,WO-14831,2025-07-27,shift 3,SS-001,SK-FR-011-PET-400-3C,FR-011-PET-400,3,"COR-005, COR-007, COR-006",15137,M,315,0,1,5,6,Approved,Approved,Approved - First Pass,2025-07-28 05:32:46.804,—,Diogo Ferreira
LOTE-SK-M-SOP-028-4183,LOTE-M-SOP-028-4183,WO-4986,WO-14832,2025-07-29,Shift 1,SS-001,SK-FR-028-HDPE-5000-1C,FR-028-HDPE-5000,1,COR-003,1290,L,200,0,3,2,5,Approved,Approved,Approved - First Pass,2025-07-29 20:11:42.401,—,Beatriz Costa
LOTE-SK-M-SOP-028-4184,LOTE-M-SOP-028-4184,WO-4988,WO-14834,2025-07-30,Shift 1,SS-001,SK-FR-028-HDPE-5000-1C,FR-028-HDPE-5000,1,COR-006,2080,L,200,0,0,4,4,Approved,Approved,Approved - First Pass,2025-07-30 16:42:16.208,—,Beatriz Costa
LOTE-SK-M-SOP-028-4188,LOTE-M-SOP-028-4188,WO-4997,WO-14842,2025-08-06,Shift 3,SS-002,SK-FR-028-HDPE-5000-1C,FR-028-HDPE-5000,1,COR-004,1110,L,200,0,0,8,8,Approved,Approved,Approved - First Pass,2025-08-06 16:25:54.295,—,Diogo Ferreira
LOTE-SK-M-SOP-024-4189,LOTE-M-SOP-024-4189,WO-5000,WO-14845,2025-08-07,Shift 2,SS-001,SK-FR-024-PET-1000-1C,FR-024-PET-1000,1,COR-006,5988,L,200,1,0,8,9,Rejected,Rejected,Rejected - Scrapped,2025-08-08 13:44:48.445,Adhesion:1(Re=1),Carlos Mendes
LOTE-SK-M-SOP-024-4191,LOTE-M-SOP-024-4191,WO-5005,WO-14847,2025-08-11,Shift 1,SS-002,SK-FR-024-PET-1000-1C,FR-024-PET-1000,1,COR-006,2596,L,200,0,0,6,6,Approved,Approved,Approved - First Pass,2025-08-11 20:17:17.827,—,Beatriz Costa
LOTE-SK-M-SOP-024-4195,LOTE-M-SOP-024-4195,WO-5013,WO-14851,2025-08-17,Shift 1,SS-001,SK-FR-024-PET-1000-1C,FR-024-PET-1000,1,COR-008,1489,L,200,0,0,1,1,Approved,Approved,Approved - First Pass,2025-08-17 23:10:21.044,—,Diogo Ferreira
LOTE-SK-M-SOP-011-4196,LOTE-M-SOP-011-4196,WO-5014,WO-14852,2025-08-17,Shift 1,SS-001,SK-FR-011-PET-400-3C,FR-011-PET-400,3,"COR-002, COR-001, COR-008",1684,L,200,1,2,2,5,Rejected,Rejected,Rejected - Scrapped,2025-08-18 10:11:01.132,Adhesion:1(Re=1),Diogo Ferreira
LOTE-SK-M-SOP-011-4197,LOTE-M-SOP-011-4197,WO-5016,WO-14854,2025-08-19,Shift 1,SS-001,SK-FR-011-PET-400-3C,FR-011-PET-400,3,"COR-008, COR-004, COR-006",14072,M,315,0,1,13,14,Approved,Approved,Approved - First Pass,2025-08-20 19:53:05.826,—,Ana Silva
LOTE-SK-M-SOP-024-4198,LOTE-M-SOP-024-4198,WO-5018,WO-14856,2025-08-20,Shift 3,SS-002,SK-FR-024-PET-1000-1C,FR-024-PET-1000,1,COR-005,171,L,200,0,0,3,3,Approved,Approved,Approved - First Pass,2025-08-20 19:13:08.858,—,Diogo Ferreira
LOTE-SK-M-SOP-011-4199,LOTE-M-SOP-011-4199,WO-5019,WO-14857,2025-08-20,Shift 3,SS-001,SK-FR-011-PET-400-3C,FR-011-PET-400,3,"COR-006, COR-005, COR-008",3630,L,200,0,0,0,0,Approved,Approved,Approved - First Pass,2025-08-21 23:01:55.047,—,Beatriz Costa
LOTE-SK-M-SOP-028-4201,LOTE-M-SOP-028-4201,WO-5024,WO-14862,2025-08-24,Shift 1,SS-002,SK-FR-028-HDPE-5000-1C,FR-028-HDPE-5000,1,COR-005,1011,L,200,0,5,2,7,Approved,Approved,Approved - First Pass,2025-08-25 05:23:56.133,—,Elena Santos
LOTE-SK-M-SOP-028-4202,LOTE-M-SOP-028-4202,WO-5026,WO-14864,2025-08-26,SHIFT 3,SS-001,SK-FR-028-HDPE-5000-1C,FR-028-HDPE-5000,1,COR-004,882,L,200,0,2,5,7,Approved,Approved,Approved - First Pass,2025-08-26 19:25:56.915,—,Ana Silva
LOTE-SK-M-SOP-028-4204,LOTE-M-SOP-028-4204,WO-5030,WO-14868,2025-08-28,Shift 1,SS-002,SK-FR-028-HDPE-5000-1C,FR-028-HDPE-5000,1,COR-002,613,L,200,0,0,6,6,Approved,Approved,Approved - First Pass,2025-08-29 01:08:25.550,—,Diogo Ferreira
LOTE-SK-M-SOP-011-4205,LOTE-M-SOP-011-4205,WO-5032,WO-14870,2025-08-30,Shift 1,SS-001,SK-FR-011-PET-400-3C,FR-011-PET-400,3,"COR-001, COR-002, COR-003",12503,M,315,1,1,3,5,Approved,Rejected,Rejected - Scrapped,2025-09-01 01:08:52.118,—,Ana Silva
LOTE-SK-M-SOP-011-4206,LOTE-M-SOP-011-4206,WO-5033,WO-14871,2025-08-30,Shift 2,SS-002,SK-FR-011-PET-400-3C,FR-011-PET-400,3,"COR-008, COR-003, COR-002",6986,L,200,0,0,3,3,Approved,Approved,Approved - First Pass,2025-09-01 04:39:08.692,—,Beatriz Costa
LOTE-SK-M-SOP-028-4207,LOTE-M-SOP-028-4207,WO-5036,WO-14874,2025-09-01,Shift 2,SS-001,SK-FR-028-HDPE-5000-1C,FR-028-HDPE-5000,1,COR-005,1424,L,200,0,2,8,10,Approved,Approved,Approved - First Pass,2025-09-02 08:07:26.382,—,Carlos Mendes
LOTE-SK-M-SOP-011-4208,LOTE-M-SOP-011-4208,WO-5039,WO-14877,2025-09-04,Shift 3,SS-002,SK-FR-011-PET-400-3C,FR-011-PET-400,3,"COR-007, COR-006, COR-008",12841,M,315,0,0,11,11,Approved,Approved,Approved - First Pass,2025-09-05 02:27:40.904,—,Beatriz Costa
LOTE-SK-M-SOP-024-4214,LOTE-M-SOP-024-4214,WO-5049,WO-14878,2025-09-10,Shift 3,SS-001,SK-FR-024-PET-1000-1C,FR-024-PET-1000,1,COR-008,2166,L,200,0,0,0,0,Approved,Approved,Approved - First Pass,2025-09-11 02:36:19.176,—,Beatriz Costa
LOTE-SK-M-SOP-024-4215,LOTE-M-SOP-024-4215,WO-5050,WO-14879,2025-09-10,Shift 3,SS-002,SK-FR-024-PET-1000-1C,FR-024-PET-1000,1,COR-007,4461,L,200,0,2,4,6,Approved,Approved,Approved - First Pass,2025-09-11 19:59:04.310,—,Carlos Mendes
LOTE-SK-M-SOP-014-4216,LOTE-M-SOP-014-4216,WO-5051,WO-14880,2025-09-12,Shift 3,SS-002,SK-FR-014-rPET-500-1C,FR-014-rPET-500,1,COR-001,6539,L,200,0,0,0,0,Approved,Approved,Approved - First Pass,2025-09-13 05:15:30.774,—,Elena Santos
LOTE-SK-M-SOP-028-4217,LOTE-M-SOP-028-4217,WO-5054,WO-14883,2025-09-13,Shift 2,SS-001,SK-FR-028-HDPE-5000-1C,FR-028-HDPE-5000,1,COR-006,1968,L,200,1,0,8,9,Approved,Rejected,Rejected - Scrapped,2025-09-14 00:58:30.363,—,Elena Santos
LOTE-SK-M-SOP-024-4219,LOTE-M-SOP-024-4219,WO-5058,WO-14884,2025-09-16,Shift 1,SS-002,SK-FR-024-PET-1000-1C,FR-024-PET-1000,1,COR-004,1425,L,200,0,0,0,0,Approved,Approved,Approved - First Pass,2025-09-16 23:23:37.178,—,Carlos Mendes
LOTE-SK-M-SOP-024-4221,LOTE-M-SOP-024-4221,WO-5061,WO-14885,2025-09-18,Shift 2,SS-001,SK-FR-024-PET-1000-1C,FR-024-PET-1000,1,COR-003,194,L,200,0,1,2,3,Approved,Approved,Approved - First Pass,2025-09-19 08:10:27.832,—,Beatriz Costa
LOTE-SK-M-SOP-011-4223,LOTE-M-SOP-011-4223,WO-5064,WO-14886,2025-09-20,Shift 2,SS-001,SK-FR-011-PET-400-3C,FR-011-PET-400,3,"COR-002, COR-003, COR-007",5680,L,200,0,0,5,5,Approved,Approved,Approved - First Pass,2025-09-21 23:17:02.645,—,Beatriz Costa
LOTE-SK-M-SOP-024-4225,LOTE-M-SOP-024-4225,WO-5069,WO-14889,2025-09-24,Shift 1,SS-001,SK-FR-024-PET-1000-1C,FR-024-PET-1000,1,COR-001,9832,L,200,0,3,8,11,Approved,Approved,Approved - First Pass,2025-09-25 11:26:01.712,—,Ana Silva
LOTE-SK-M-SOP-028-4226,LOTE-M-SOP-028-4226,WO-5070,WO-14890,2025-09-25,Shift 1,SS-001,SK-FR-028-HDPE-5000-1C,FR-028-HDPE-5000,1,COR-004,977,L,200,0,2,4,6,Approved,Approved,Approved - First Pass,2025-09-25 21:27:15.844,—,Beatriz Costa
LOTE-SK-M-SOP-011-4229,LOTE-M-SOP-011-4229,WO-5078,WO-14894,2025-09-30,Shift 3,SS-002,SK-FR-011-PET-400-3C,FR-011-PET-400,3,"COR-002, COR-008, COR-005",21128,M,315,1,3,5,9,Rejected,Rejected,Rejected - Scrapped,2025-10-01 16:16:46.125,Adhesion:1(Re=1),Elena Santos
LOTE-SK-M-SOP-028-4230,LOTE-M-SOP-028-4230,WO-5079,WO-14895,2025-10-01,Shift 1,SS-001,SK-FR-028-HDPE-5000-1C,FR-028-HDPE-5000,1,COR-007,549,L,200,0,1,0,1,Approved,Approved,Approved - First Pass,2025-10-02 06:52:49.799,—,Beatriz Costa
LOTE-SK-M-SOP-024-4233,LOTE-M-SOP-024-4233,WO-5082,WO-14896,2025-10-03,Shift 1,SS-002,SK-FR-024-PET-1000-1C,FR-024-PET-1000,1,COR-007,1906,L,200,0,0,5,5,Approved,Approved,Approved - First Pass,2025-10-04 04:56:44.538,—,Elena Santos
LOTE-SK-M-SOP-011-4235,LOTE-M-SOP-011-4235,WO-5087,WO-14898,2025-10-06,Shift 1,SS-002,SK-FR-011-PET-400-3C,FR-011-PET-400,3,"COR-003, COR-004, COR-005",12100,M,315,0,1,2,3,Approved,Approved,Approved - First Pass,2025-10-07 01:54:52.248,—,Ana Silva
LOTE-SK-M-SOP-011-4236,LOTE-M-SOP-011-4236,WO-5090,WO-14901,2025-10-08,Shift 1,SS-002,SK-FR-011-PET-400-3C,FR-011-PET-400,3,"COR-003, COR-001, COR-004",22721,M,315,0,0,10,10,Approved,Approved,Approved - First Pass,2025-10-09 19:53:34.803,—,Diogo Ferreira
LOTE-SK-M-SOP-018-4237,LOTE-M-SOP-018-4237,WO-5092,WO-14903,2025-10-10,Shift 1,SS-001,SK-FR-018-HDPE-600-3C,FR-018-HDPE-600,3,"COR-006, COR-008, COR-002",13691,M,315,1,0,4,5,Rejected,Rejected,Rejected - Scrapped,2025-10-11 12:20:48.229,Cure:1(Re=1),Carlos Mendes
LOTE-SK-M-SOP-028-4238,LOTE-M-SOP-028-4238,WO-5093,WO-14904,2025-10-11,Shift 3,SS-001,SK-FR-028-HDPE-5000-1C,FR-028-HDPE-5000,1,COR-002,691,L,200,0,1,3,4,Approved,Approved,Approved - First Pass,2025-10-11 14:08:59.778,—,Beatriz Costa
LOTE-SK-M-SOP-028-4239,LOTE-M-SOP-028-4239,WO-5094,WO-14905,2025-10-11,Shift 3,SS-001,SK-FR-028-HDPE-5000-1C,FR-028-HDPE-5000,1,COR-007,921,L,200,0,0,5,5,Approved,Approved,Approved - First Pass,2025-10-11 17:18:10.968,—,Beatriz Costa
LOTE-SK-M-SOP-028-4240,LOTE-M-SOP-028-4240,WO-5096,WO-14907,2025-10-12,Shift 1,SS-001,SK-FR-028-HDPE-5000-1C,FR-028-HDPE-5000,1,COR-005,1935,L,200,0,0,8,8,Approved,Approved,Approved - First Pass,2025-10-13 03:36:02.235,—,Beatriz Costa
LOTE-SK-M-SOP-028-4241,LOTE-M-SOP-028-4241,WO-5099,WO-14910,2025-10-15,Shift 3,SS-002,SK-FR-028-HDPE-5000-1C,FR-028-HDPE-5000,1,COR-003,2936,L,200,0,0,7,7,Approved,Approved,Approved - First Pass,2025-10-15 13:54:46.730,—,Ana Silva
LOTE-SK-M-SOP-024-4242,LOTE-M-SOP-024-4242,WO-5101,WO-14912,2025-10-16,Shift 1,SS-001,SK-FR-024-PET-1000-1C,FR-024-PET-1000,1,COR-007,3776,L,200,0,2,1,3,Approved,Approved,Approved - First Pass,2025-10-17 04:51:26.235,—,Carlos Mendes
LOTE-SK-M-SOP-028-4243,LOTE-M-SOP-028-4243,WO-5103,WO-14914,2025-10-17,shift 3,SS-002,SK-FR-028-HDPE-5000-1C,FR-028-HDPE-5000,1,COR-008,1560,L,200,0,2,4,6,Approved,Approved,Approved - First Pass,2025-10-17 17:28:54.095,—,Diogo Ferreira
LOTE-SK-M-SOP-028-4244,LOTE-M-SOP-028-4244,WO-5104,WO-14915,2025-10-18,Shift 2,SS-002,SK-FR-028-HDPE-5000-1C,FR-028-HDPE-5000,1,COR-006,788,L,200,0,0,4,4,Approved,Approved,Approved - First Pass,2025-10-18 23:00:37.906,—,Carlos Mendes
LOTE-SK-M-SOP-011-4246,LOTE-M-SOP-011-4246,WO-5107,WO-14916,2025-10-20,Shift 3,SS-002,SK-FR-011-PET-400-3C,FR-011-PET-400,3,"COR-006, COR-004, COR-005",6341,L,200,0,0,4,4,Approved,Approved,Approved - First Pass,2025-10-20 21:02:56.441,—,Carlos Mendes
LOTE-SK-M-SOP-018-4247,LOTE-M-SOP-018-4247,WO-5108,WO-14917,2025-10-19,Shift 3,SS-001,SK-FR-018-HDPE-600-3C,FR-018-HDPE-600,3,"COR-003, COR-002, COR-008",5236,L,200,0,0,3,3,Approved,Approved,Approved - First Pass,2025-10-21 00:58:47.063,—,Beatriz Costa
LOTE-SK-M-SOP-024-4249,LOTE-M-SOP-024-4249,WO-5111,WO-14918,2025-10-23,Shift 3,SS-001,SK-FR-024-PET-1000-1C,FR-024-PET-1000,1,COR-002,183,L,200,0,0,1,1,Approved,Approved,Approved - First Pass,2025-10-23 15:48:02.424,—,Ana Silva
LOTE-SK-M-SOP-014-4250,LOTE-M-SOP-014-4250,WO-5114,WO-14921,2025-10-25,Shift 1,SS-001,SK-FR-014-rPET-500-1C,FR-014-rPET-500,1,COR-003,23193,M,315,0,0,11,11,Approved,Approved,Approved - First Pass,2025-10-26 08:02:57.973,—,Carlos Mendes
LOTE-SK-M-SOP-011-4251,LOTE-M-SOP-011-4251,WO-5115,WO-14922,2025-10-26,Shift 3,SS-001,SK-FR-011-PET-400-3C,FR-011-PET-400,3,"COR-004, COR-003, COR-006",8481,L,200,0,0,2,2,Approved,Approved,Approved - First Pass,2025-10-27 09:41:33.496,—,Elena Santos
LOTE-SK-M-SOP-011-4252,LOTE-M-SOP-011-4252,WO-5116,WO-14923,2025-10-26,shift 3,SS-001,SK-FR-011-PET-400-3C,FR-011-PET-400,3,"COR-004, COR-007, COR-002",9956,L,200,0,1,1,2,Approved,Approved,Approved - First Pass,2025-10-28 01:15:16.112,—,Beatriz Costa
LOTE-SK-M-SOP-024-4254,LOTE-M-SOP-024-4254,WO-5120,WO-14927,2025-10-29,Shift 2,SS-001,SK-FR-024-PET-1000-1C,FR-024-PET-1000,1,COR-001,5911,L,200,0,0,3,3,Approved,Approved,Approved - First Pass,2025-10-30 15:59:56.352,—,Ana Silva
LOTE-SK-M-SOP-011-4255,LOTE-M-SOP-011-4255,WO-5123,WO-14930,2025-11-01,Shift 3,SS-001,SK-FR-011-PET-400-3C,FR-011-PET-400,3,"COR-004, COR-007, COR-008",17901,M,315,0,2,12,14,Approved,Approved,Approved - First Pass,2025-11-02 05:16:26.980,—,Diogo Ferreira
LOTE-SK-M-SOP-024-4257,LOTE-M-SOP-024-4257,WO-5129,WO-14933,2025-11-05,Shift 3,SS-002,SK-FR-024-PET-1000-1C,FR-024-PET-1000,1,COR-002,4323,L,200,0,1,3,4,Approved,Approved,Approved - First Pass,2025-11-05 17:08:23.746,—,Ana Silva
LOTE-SK-M-SOP-028-4260,LOTE-M-SOP-028-4260,WO-5135,WO-14937,2025-11-08,Shift 1,SS-001,SK-FR-028-HDPE-5000-1C,FR-028-HDPE-5000,1,COR-005,1261,L,200,0,1,2,3,Approved,Approved,Approved - First Pass,2025-11-08 18:54:13.438,—,Elena Santos
LOTE-SK-M-SOP-024-4261,LOTE-M-SOP-024-4261,WO-5137,WO-14939,2025-11-10,Shift 3,SS-001,SK-FR-024-PET-1000-1C,FR-024-PET-1000,1,COR-002,6624,L,200,1,0,2,3,Approved,Rejected,Rejected - Scrapped,2025-11-10 18:01:25.723,—,Elena Santos
LOTE-SK-M-SOP-024-4262,LOTE-M-SOP-024-4262,WO-5139,WO-14941,2025-11-11,Shift 3,SS-001,SK-FR-024-PET-1000-1C,FR-024-PET-1000,1,COR-008,6580,L,200,0,0,3,3,Approved,Approved,Approved - First Pass,2025-11-12 22:43:35.754,—,Beatriz Costa
LOTE-SK-M-SOP-028-4263,LOTE-M-SOP-028-4263,WO-5140,WO-14942,2025-11-12,Shift 1,SS-001,SK-FR-028-HDPE-5000-1C,FR-028-HDPE-5000,1,COR-004,163,L,200,0,0,3,3,Approved,Approved,Approved - First Pass,2025-11-13 01:59:45.432,—,Beatriz Costa
LOTE-SK-M-SOP-024-4265,LOTE-M-SOP-024-4265,WO-5142,WO-14943,2025-11-13,Shift 2,SS-001,SK-FR-024-PET-1000-1C,FR-024-PET-1000,1,COR-004,3362,L,200,0,2,4,6,Approved,Approved,Approved - First Pass,2025-11-14 07:13:24.456,—,Beatriz Costa
LOTE-SK-M-SOP-011-4267,LOTE-M-SOP-011-4267,WO-5146,WO-14947,2025-11-17,Shift 1,SS-001,SK-FR-011-PET-400-3C,FR-011-PET-400,3,"COR-006, COR-002, COR-007",20430,M,315,0,1,9,10,Approved,Approved,Approved - First Pass,2025-11-18 02:51:55.709,—,Elena Santos
LOTE-SK-M-SOP-018-4268,LOTE-M-SOP-018-4268,WO-5148,WO-14949,2025-11-18,Shift 1,SS-001,SK-FR-018-HDPE-PCR-600-1C,FR-018-HDPE-PCR-600,1,COR-002,9010,L,200,1,0,0,1,Approved,Rejected,Rejected - Scrapped,2025-11-19 13:41:54.489,—,Diogo Ferreira
LOTE-SK-M-SOP-011-4271,LOTE-M-SOP-011-4271,WO-5153,WO-14952,2025-11-20,Shift 3,SS-001,SK-FR-011-PET-400-3C,FR-011-PET-400,3,"COR-002, COR-005, COR-001",6355,L,200,0,0,3,3,Approved,Approved,Approved - First Pass,2025-11-22 01:53:53.604,—,Ana Silva
LOTE-SK-M-SOP-011-4272,LOTE-M-SOP-011-4272,WO-5155,WO-14954,2025-11-22,Shift 3,SS-001,SK-FR-011-PET-400-3C,FR-011-PET-400,3,"COR-003, COR-007, COR-008",8161,L,200,0,0,4,4,Approved,Approved,Approved - First Pass,2025-11-23 16:39:31.548,—,Ana Silva
LOTE-SK-M-SOP-011-4273,LOTE-M-SOP-011-4273,WO-5156,WO-14955,2025-11-24,shift 3,SS-001,SK-FR-011-PET-400-3C,FR-011-PET-400,3,"COR-005, COR-006, COR-004",9930,L,200,0,0,2,2,Approved,Approved,Approved - First Pass,2025-11-25 03:58:17.352,—,Elena Santos
LOTE-SK-M-SOP-024-4274,LOTE-M-SOP-024-4274,WO-5159,WO-14958,2025-11-25,Shift 3,SS-001,SK-FR-024-PET-1000-1C,FR-024-PET-1000,1,COR-007,6781,L,200,0,1,14,15,Approved,Approved,Approved - First Pass,2025-11-25 12:35:15.430,—,Ana Silva
LOTE-SK-M-SOP-028-4275,LOTE-M-SOP-028-4275,WO-5161,WO-14960,2025-11-26,Shift 2,SS-002,SK-FR-028-HDPE-5000-1C,FR-028-HDPE-5000,1,COR-003,1361,L,200,0,2,11,13,Approved,Approved,Approved - First Pass,2025-11-26 20:11:27.654,—,Elena Santos
LOTE-SK-M-SOP-024-4276,LOTE-M-SOP-024-4276,WO-5164,WO-14963,2025-11-28,Shift 2,SS-002,SK-FR-024-PET-1000-1C,FR-024-PET-1000,1,COR-005,5046,L,200,0,2,7,9,Approved,Approved,Approved - First Pass,2025-11-29 10:10:05.958,—,Beatriz Costa
LOTE-SK-M-SOP-028-4277,LOTE-M-SOP-028-4277,WO-5166,WO-14965,2025-11-30,Shift 1,SS-002,SK-FR-028-HDPE-5000-1C,FR-028-HDPE-5000,1,COR-002,958,L,200,2,2,14,18,Approved,Rejected,Rejected - Scrapped,2025-12-01 03:05:18.814,—,Carlos Mendes
LOTE-SK-M-SOP-024-4278,LOTE-M-SOP-024-4278,WO-5168,WO-14967,2025-12-01,Shift 1,SS-001,SK-FR-024-PET-1000-1C,FR-024-PET-1000,1,COR-008,277,L,200,0,1,2,3,Approved,Approved,Approved - First Pass,2025-12-02 08:06:00.907,—,Ana Silva
LOTE-SK-M-SOP-024-4280,LOTE-M-SOP-024-4280,WO-5172,WO-14969,2025-12-04,Shift 3,SS-001,SK-FR-024-PET-1000-1C,FR-024-PET-1000,1,COR-004,6462,L,200,0,0,3,3,Approved,Approved,Approved - First Pass,2025-12-04 11:02:43.027,—,Beatriz Costa
LOTE-SK-M-SOP-028-4281,LOTE-M-SOP-028-4281,WO-5173,WO-14970,2025-12-04,shift 1,SS-002,SK-FR-028-HDPE-5000-1C,FR-028-HDPE-5000,1,COR-008,761,L,200,0,0,0,0,Approved,Approved,Approved - First Pass,2025-12-04 21:48:37.559,—,Ana Silva
LOTE-SK-M-SOP-024-4283,LOTE-M-SOP-024-4283,WO-5175,WO-14971,2025-12-05,Shift 2,SS-001,SK-FR-024-PET-1000-1C,FR-024-PET-1000,1,COR-003,1232,L,200,0,1,4,5,Approved,Approved,Approved - First Pass,2025-12-06 10:32:27.388,—,Elena Santos
LOTE-SK-M-SOP-024-4286,LOTE-M-SOP-024-4286,WO-5181,WO-14974,2025-12-10,Shift 3,SS-001,SK-FR-024-PET-1000-1C,FR-024-PET-1000,1,COR-005,2036,L,200,1,0,5,6,Rejected,Rejected,Rejected - Scrapped,2025-12-11 08:23:02.255,Cure:1(Re=1),Diogo Ferreira
LOTE-SK-M-SOP-011-4287,LOTE-M-SOP-011-4287,WO-5184,WO-14977,2025-12-12,  Shift 2  ,SS-001,SK-FR-011-PET-400-3C,FR-011-PET-400,3,"COR-007, COR-006, COR-008",19832,M,315,1,0,7,8,Rejected,Rejected,Rejected - Scrapped,2025-12-13 14:51:45.548,Adhesion:1(Re=1),Diogo Ferreira
LOTE-SK-M-SOP-024-4288,LOTE-M-SOP-024-4288,WO-5185,WO-14978,2025-12-13,  Shift 2  ,SS-001,SK-FR-024-PET-1000-1C,FR-024-PET-1000,1,COR-008,4639,L,200,0,0,1,1,Approved,Approved,Approved - First Pass,2025-12-15 00:37:54.885,—,Carlos Mendes
LOTE-SK-M-SOP-028-4289,LOTE-M-SOP-028-4289,WO-5186,WO-14979,2025-12-13,Shift 2,SS-001,SK-FR-028-HDPE-5000-1C,FR-028-HDPE-5000,1,COR-008,927,L,200,0,0,6,6,Approved,Approved,Approved - First Pass,2025-12-14 04:28:34.700,—,Ana Silva
LOTE-SK-M-SOP-011-4290,LOTE-M-SOP-011-4290,WO-5187,WO-14980,2025-12-15,Shift 3,SS-001,SK-FR-011-PET-400-3C,FR-011-PET-400,3,"COR-001, COR-006, COR-008",4000,L,200,0,0,0,0,Approved,Approved,Approved - First Pass,2025-12-16 18:21:49.070,—,Diogo Ferreira
LOTE-SK-M-SOP-011-4291,LOTE-M-SOP-011-4291,WO-5189,WO-14982,2025-12-16,Shift 2,SS-001,SK-FR-011-PET-400-3C,FR-011-PET-400,3,"COR-004, COR-008, COR-005",11706,M,315,0,1,7,8,Approved,Approved,Approved - First Pass,2025-12-17 19:00:12.044,—,Beatriz Costa
LOTE-SK-M-SOP-011-4292,LOTE-M-SOP-011-4292,WO-5192,WO-14985,2025-12-18,Shift 1,SS-002,SK-FR-011-PET-400-3C,FR-011-PET-400,3,"COR-001, COR-004, COR-006",20518,M,315,0,2,5,7,Approved,Approved,Approved - First Pass,2025-12-19 09:44:49.946,—,Beatriz Costa
LOTE-SK-M-SOP-024-4294,LOTE-M-SOP-024-4294,WO-5195,WO-14987,2025-12-20,Shift 1,SS-001,SK-FR-024-PET-1000-1C,FR-024-PET-1000,1,COR-007,3455,L,200,0,1,0,1,Approved,Approved,Approved - First Pass,2025-12-21 07:19:32.923,—,Beatriz Costa
LOTE-SK-M-SOP-018-4298,LOTE-M-SOP-018-4298,WO-5200,WO-14988,2025-12-24,Shift 1,SS-002,SK-FR-018-HDPE-600-3C,FR-018-HDPE-600,3,"COR-004, COR-007, COR-005",3946,L,200,0,0,1,1,Approved,Approved,Approved - First Pass,2025-12-25 04:04:39.341,—,Beatriz Costa
LOTE-SK-M-SOP-011-4301,LOTE-M-SOP-011-4301,WO-5205,WO-14990,2025-12-27,Shift 2,SS-002,SK-FR-011-PET-400-3C,FR-011-PET-400,3,"COR-003, COR-004, COR-008",9677,L,200,0,0,3,3,Approved,Approved,Approved - First Pass,2025-12-28 06:17:22.429,—,Elena Santos
LOTE-SK-M-SOP-024-4302,LOTE-M-SOP-024-4302,WO-5206,WO-14991,2025-12-28,shift 2,SS-002,SK-FR-024-PET-1000-1C,FR-024-PET-1000,1,COR-004,2565,L,200,1,0,3,4,Approved,Rejected,Rejected - Scrapped,2025-12-29 05:45:07.898,—,Elena Santos
LOTE-SK-M-SOP-024-4303,LOTE-M-SOP-024-4303,WO-5207,WO-14992,2025-12-29,Shift 3,SS-001,SK-FR-024-PET-1000-1C,FR-024-PET-1000,1,COR-006,721,L,200,1,0,3,4,Approved,Rejected,Rejected - Scrapped,2025-12-29 22:19:59.641,—,Carlos Mendes
LOTE-SK-M-SOP-024-4312,LOTE-M-SOP-024-4312,WO-5224,WO-15000,2026-01-09,Shift 2,SS-001,SK-FR-024-PET-1000-1C,FR-024-PET-1000,1,COR-004,3377,L,200,1,0,7,8,Rejected,Rejected,Rejected - Scrapped,2026-01-10 19:14:38.461,Cure:1(Re=1),Ana Silva
LOTE-SK-M-SOP-011-4314,LOTE-M-SOP-011-4314,WO-5227,WO-15001,2026-01-12,Shift 3,SS-001,SK-FR-011-PET-400-3C,FR-011-PET-400,3,"COR-002, COR-004, COR-008",1412,L,200,0,0,3,3,Approved,Approved,Approved - First Pass,2026-01-13 08:07:21.392,—,Ana Silva
LOTE-SK-M-SOP-024-4315,LOTE-M-SOP-024-4315,WO-5230,WO-15004,2026-01-14,Shift 2,SS-001,SK-FR-024-PET-1000-1C,FR-024-PET-1000,1,COR-002,6095,L,200,0,0,4,4,Approved,Approved,Approved - First Pass,2026-01-15 17:04:28.017,—,Beatriz Costa
LOTE-SK-M-SOP-011-4316,LOTE-M-SOP-011-4316,WO-5232,WO-15006,2026-01-16,Shift 3,SS-001,SK-FR-011-PET-400-3C,FR-011-PET-400,3,"COR-007, COR-008, COR-004",10925,M,315,0,0,3,3,Approved,Approved,Approved - First Pass,2026-01-17 11:18:54.502,—,Diogo Ferreira
LOTE-SK-M-SOP-018-4318,LOTE-M-SOP-018-4318,WO-5236,WO-15008,2026-01-18,Shift 3,SS-002,SK-FR-018-HDPE-PCR-600-1C,FR-018-HDPE-PCR-600,1,COR-007,11108,M,315,1,3,15,19,Rejected,Rejected,Rejected - Scrapped,2026-01-19 06:04:55.698,Cure:1(Re=1),Beatriz Costa
LOTE-SK-M-SOP-011-4319,LOTE-M-SOP-011-4319,WO-5239,WO-15011,2026-01-20,Shift 3,SS-002,SK-FR-011-PET-400-3C,FR-011-PET-400,3,"COR-004, COR-008, COR-001",8155,L,200,0,0,3,3,Approved,Approved,Approved - First Pass,2026-01-21 07:58:21.232,—,Elena Santos
LOTE-SK-M-SOP-028-4321,LOTE-M-SOP-028-4321,WO-5244,WO-15013,2026-01-23,Shift 1,SS-002,SK-FR-028-HDPE-5000-1C,FR-028-HDPE-5000,1,COR-006,1467,L,200,0,1,3,4,Approved,Approved,Approved - First Pass,2026-01-23 13:22:07.390,—,Carlos Mendes
LOTE-SK-M-SOP-018-4323,LOTE-M-SOP-018-4323,WO-5246,WO-15015,2026-01-24,Shift 3,SS-002,SK-FR-018-HDPE-PCR-600-1C,FR-018-HDPE-PCR-600,1,COR-002,5550,L,200,0,0,0,0,Approved,Approved,Approved - First Pass,2026-01-25 06:14:06.836,—,Elena Santos
LOTE-SK-M-SOP-028-4324,LOTE-M-SOP-028-4324,WO-5247,WO-15016,2026-01-25,Shift 1,SS-001,SK-FR-028-HDPE-5000-1C,FR-028-HDPE-5000,1,COR-008,1596,L,200,0,0,5,5,Approved,Approved,Approved - First Pass,2026-01-25 22:59:40.638,—,Ana Silva
LOTE-SK-M-SOP-028-4325,LOTE-M-SOP-028-4325,WO-5251,WO-15020,2026-01-27,Shift 3,SS-002,SK-FR-028-HDPE-5000-1C,FR-028-HDPE-5000,1,COR-008,3054,L,200,0,1,10,11,Approved,Approved,Approved - First Pass,2026-01-27 17:57:39.401,—,Elena Santos
LOTE-SK-M-SOP-018-4326,LOTE-M-SOP-018-4326,WO-5252,WO-15021,2026-01-28,Shift 2,SS-002,SK-FR-018-HDPE-PCR-600-1C,FR-018-HDPE-PCR-600,1,COR-006,7727,L,200,1,0,10,11,Approved,Rejected,Rejected - Scrapped,2026-01-29 15:34:47.039,—,Diogo Ferreira
LOTE-SK-M-SOP-028-4327,LOTE-M-SOP-028-4327,WO-5254,WO-15023,2026-01-29,Shift 3,SS-001,SK-FR-028-HDPE-5000-1C,FR-028-HDPE-5000,1,COR-004,1263,L,200,0,0,6,6,Approved,Approved,Approved - First Pass,2026-01-30 00:09:55.209,—,Elena Santos
LOTE-SK-M-SOP-028-4328,LOTE-M-SOP-028-4328,WO-5255,WO-15024,2026-01-29,Shift 1,SS-002,SK-FR-028-HDPE-5000-1C,FR-028-HDPE-5000,1,COR-007,770,L,200,0,0,4,4,Approved,Approved,Approved - First Pass,2026-01-29 17:55:29.500,—,Carlos Mendes
LOTE-SK-M-SOP-018-4331,LOTE-M-SOP-018-4331,WO-5260,WO-15025,2026-02-01,Shift 2,SS-001,SK-FR-018-HDPE-PCR-600-1C,FR-018-HDPE-PCR-600,1,COR-007,1927,L,200,0,0,3,3,Approved,Approved,Approved - First Pass,2026-02-03 00:57:46.715,—,Elena Santos
LOTE-SK-M-SOP-011-4333,LOTE-M-SOP-011-4333,WO-5264,WO-15026,2026-02-05,Shift 1,SS-002,SK-FR-011-PET-400-3C,FR-011-PET-400,3,"COR-004, COR-007, COR-003",14728,M,315,0,0,2,2,Approved,Approved,Approved - First Pass,2026-02-06 14:48:16.184,—,Ana Silva
LOTE-SK-M-SOP-011-4334,LOTE-M-SOP-011-4334,WO-5266,WO-15028,2026-02-05,Shift 2,SS-001,SK-FR-011-PET-400-3C,FR-011-PET-400,3,"COR-005, COR-004, COR-001",3869,L,200,1,0,2,3,Approved,Rejected,Rejected - Scrapped,2026-02-07 05:00:26.341,—,Ana Silva
LOTE-SK-M-SOP-028-4335,LOTE-M-SOP-028-4335,WO-5268,WO-15030,2026-02-07,Shift 2,SS-001,SK-FR-028-HDPE-5000-1C,FR-028-HDPE-5000,1,COR-003,1344,L,200,0,3,4,7,Approved,Approved,Approved - First Pass,2026-02-08 06:10:40.483,—,Elena Santos
LOTE-SK-M-SOP-024-4338,LOTE-M-SOP-024-4338,WO-5274,WO-15032,2026-02-11,Shift 1,SS-002,SK-FR-024-PET-1000-1C,FR-024-PET-1000,1,COR-003,7193,L,200,0,2,4,6,Approved,Approved,Approved - First Pass,2026-02-12 01:01:23.569,—,Carlos Mendes
LOTE-SK-M-SOP-028-4339,LOTE-M-SOP-028-4339,WO-5275,WO-15033,2026-02-11,Shift 2,SS-002,SK-FR-028-HDPE-5000-1C,FR-028-HDPE-5000,1,COR-004,677,L,200,0,2,3,5,Approved,Approved,Approved - First Pass,2026-02-11 21:02:10.414,—,Elena Santos
LOTE-SK-M-SOP-024-4340,LOTE-M-SOP-024-4340,WO-5276,WO-15034,2026-02-12,Shift 1,SS-001,SK-FR-024-PET-1000-1C,FR-024-PET-1000,1,COR-008,4025,L,200,0,0,6,6,Approved,Approved,Approved - First Pass,2026-02-13 06:17:35.181,—,Beatriz Costa
LOTE-SK-M-SOP-024-4341,LOTE-M-SOP-024-4341,WO-5278,WO-15036,2026-02-14,Shift 3,SS-002,SK-FR-024-PET-1000-1C,FR-024-PET-1000,1,COR-002,3719,L,200,1,2,9,12,Rejected,Rejected,Rejected - Scrapped,2026-02-14 11:59:02.770,Cure:1(Re=1),Carlos Mendes
LOTE-SK-M-SOP-011-4343,LOTE-M-SOP-011-4343,WO-5282,WO-15038,2026-02-16,Shift 2,SS-002,SK-FR-011-PET-400-3C,FR-011-PET-400,3,"COR-005, COR-001, COR-003",11479,M,315,0,0,8,8,Approved,Approved,Approved - First Pass,2026-02-18 06:44:44.773,—,Carlos Mendes
LOTE-SK-M-SOP-024-4344,LOTE-M-SOP-024-4344,WO-5284,WO-15040,2026-02-18,Shift 1,SS-001,SK-FR-024-PET-1000-1C,FR-024-PET-1000,1,COR-002,7226,L,200,1,0,3,4,Approved,Rejected,Rejected - Scrapped,2026-02-18 19:35:56.569,—,Beatriz Costa
LOTE-SK-M-SOP-014-4345,LOTE-M-SOP-014-4345,WO-5285,WO-15041,2026-02-18,Shift 3,SS-001,SK-FR-014-rPET-500-1C,FR-014-rPET-500,1,COR-002,3548,L,200,1,0,6,7,Rejected,Rejected,Rejected - Scrapped,2026-02-19 13:14:01.722,Cure:1(Re=1),Ana Silva
LOTE-SK-M-SOP-024-4346,LOTE-M-SOP-024-4346,WO-5286,WO-15042,2026-02-19,Shift 2,SS-001,SK-FR-024-PET-1000-1C,FR-024-PET-1000,1,COR-008,5551,L,200,0,0,7,7,Approved,Approved,Approved - First Pass,2026-02-20 07:00:17.240,—,Carlos Mendes
LOTE-SK-M-SOP-011-4347,LOTE-M-SOP-011-4347,WO-5290,WO-15046,2026-02-21,Shift 2,SS-002,SK-FR-011-PET-400-3C,FR-011-PET-400,3,"COR-008, COR-004, COR-006",14134,M,315,0,1,7,8,Approved,Approved,Approved - First Pass,2026-02-22 21:13:59.836,—,Ana Silva
LOTE-SK-M-SOP-028-4349,LOTE-M-SOP-028-4349,WO-5294,WO-15048,2026-02-24,Shift 2,SS-001,SK-FR-028-HDPE-5000-1C,FR-028-HDPE-5000,1,COR-003,1215,L,200,0,1,5,6,Approved,Approved,Approved - First Pass,2026-02-24 23:48:54.689,—,Elena Santos
LOTE-SK-M-SOP-018-4350,LOTE-M-SOP-018-4350,WO-5297,WO-15051,2026-02-27,  Shift 1  ,SS-002,SK-FR-018-HDPE-PCR-600-1C,FR-018-HDPE-PCR-600,1,COR-001,23731,M,315,0,0,16,16,Approved,Approved,Approved - First Pass,2026-02-27 19:52:36.440,—,Diogo Ferreira
LOTE-SK-M-SOP-018-4352,LOTE-M-SOP-018-4352,WO-5303,WO-15054,2026-03-03,Shift 1,SS-002,SK-FR-018-HDPE-600-3C,FR-018-HDPE-600,3,"COR-004, COR-008, COR-005",13867,M,315,0,2,12,14,Approved,Approved,Approved - First Pass,2026-03-04 14:02:05.433,—,Carlos Mendes
LOTE-SK-M-SOP-024-4354,LOTE-M-SOP-024-4354,WO-5308,WO-15057,2026-03-07,SHIFT 1,SS-002,SK-FR-024-PET-1000-1C,FR-024-PET-1000,1,COR-008,6835,L,200,0,3,12,15,Approved,Approved,Approved - First Pass,2026-03-08 12:59:28.920,—,Ana Silva
LOTE-SK-M-SOP-024-4356,LOTE-M-SOP-024-4356,WO-5312,WO-15059,2026-03-09,Shift 2,SS-001,SK-FR-024-PET-1000-1C,FR-024-PET-1000,1,COR-006,3788,L,200,1,0,9,10,Rejected,Rejected,Rejected - Scrapped,2026-03-10 12:52:28.863,Adhesion:1(Re=1),Elena Santos
LOTE-SK-M-SOP-028-4357,LOTE-M-SOP-028-4357,WO-5314,WO-15061,2026-03-10,SHIFT 1,SS-001,SK-FR-028-HDPE-5000-1C,FR-028-HDPE-5000,1,COR-005,1532,L,200,0,2,5,7,Approved,Approved,Approved - First Pass,2026-03-10 16:24:37.710,—,Ana Silva
LOTE-SK-M-SOP-018-4358,LOTE-M-SOP-018-4358,WO-5317,WO-15064,2026-03-13,Shift 3,SS-001,SK-FR-018-HDPE-PCR-600-1C,FR-018-HDPE-PCR-600,1,COR-007,17079,M,315,0,0,8,8,Approved,Approved,Approved - First Pass,2026-03-14 08:30:34.609,—,Elena Santos
LOTE-SK-M-SOP-028-4359,LOTE-M-SOP-028-4359,WO-5318,WO-15065,2026-03-14,Shift 1,SS-001,SK-FR-028-HDPE-5000-1C,FR-028-HDPE-5000,1,COR-006,793,L,200,0,1,3,4,Approved,Approved,Approved - First Pass,2026-03-15 07:49:22.895,—,Beatriz Costa
LOTE-SK-M-SOP-018-4361,LOTE-M-SOP-018-4361,WO-5323,WO-15067,2026-03-16,Shift 1,SS-002,SK-FR-018-HDPE-600-3C,FR-018-HDPE-600,3,"COR-002, COR-006, COR-001",11168,M,315,0,0,3,3,Approved,Approved,Approved - First Pass,2026-03-17 20:01:15.541,—,Elena Santos
LOTE-SK-M-SOP-028-4362,LOTE-M-SOP-028-4362,WO-5326,WO-15070,2026-03-19,  Shift 3  ,SS-002,SK-FR-028-HDPE-5000-1C,FR-028-HDPE-5000,1,COR-002,3251,L,200,0,0,6,6,Approved,Approved,Approved - First Pass,2026-03-19 14:02:38.029,—,Ana Silva
LOTE-SK-M-SOP-024-4364,LOTE-M-SOP-024-4364,WO-5329,WO-15073,2026-03-21,Shift 3,SS-001,SK-FR-024-PET-1000-1C,FR-024-PET-1000,1,COR-006,1866,L,200,0,1,6,7,Approved,Approved,Approved - First Pass,2026-03-21 14:34:15.458,—,Elena Santos
LOTE-SK-M-SOP-028-4365,LOTE-M-SOP-028-4365,WO-5331,WO-15075,2026-03-23,Shift 1,SS-001,SK-FR-028-HDPE-5000-1C,FR-028-HDPE-5000,1,COR-004,741,L,200,0,0,4,4,Approved,Approved,Approved - First Pass,2026-03-24 03:28:26.945,—,Beatriz Costa
LOTE-SK-M-SOP-011-4366,LOTE-M-SOP-011-4366,WO-5334,WO-15078,2026-03-25,Shift 2,SS-001,SK-FR-011-PET-400-3C,FR-011-PET-400,3,"COR-004, COR-008, COR-001",16493,M,315,0,1,9,10,Approved,Approved,Approved - First Pass,2026-03-27 00:05:43.424,—,Diogo Ferreira
LOTE-SK-M-SOP-011-4367,LOTE-M-SOP-011-4367,WO-5335,WO-15079,2026-03-25,Shift 2,SS-001,SK-FR-011-PET-400-3C,FR-011-PET-400,3,"COR-007, COR-004, COR-008",5915,L,200,0,0,1,1,Approved,Approved,Approved - First Pass,2026-03-26 18:21:44.013,—,Beatriz Costa
LOTE-SK-M-SOP-024-4368,LOTE-M-SOP-024-4368,WO-5336,WO-15080,2026-03-26,Shift 1,SS-002,SK-FR-024-PET-1000-1C,FR-024-PET-1000,1,COR-001,1500,L,200,0,0,2,2,Approved,Approved,Approved - First Pass,2026-03-26 20:48:24.541,—,Elena Santos
LOTE-SK-M-SOP-011-4370,LOTE-M-SOP-011-4370,WO-5340,WO-15081,2026-03-29,Shift 1,SS-002,SK-FR-011-PET-400-3C,FR-011-PET-400,3,"COR-001, COR-006, COR-008",4957,L,200,0,1,2,3,Approved,Approved,Approved - First Pass,2026-03-30 19:27:40.143,—,Ana Silva
LOTE-SK-M-SOP-028-4371,LOTE-M-SOP-028-4371,WO-5341,WO-15082,2026-03-30,Shift 2,SS-002,SK-FR-028-HDPE-5000-1C,FR-028-HDPE-5000,1,COR-007,2544,L,200,1,4,9,14,Rejected,Rejected,Rejected - Scrapped,2026-03-30 20:22:29.821,Cure:1(Re=1),Diogo Ferreira
LOTE-SK-M-SOP-011-4374,LOTE-M-SOP-011-4374,WO-5345,WO-15085,2026-04-02,Shift 3,SS-001,SK-FR-011-PET-400-3C,FR-011-PET-400,3,"COR-003, COR-005, COR-002",7077,L,200,0,2,5,7,Approved,Approved,Approved - First Pass,2026-04-03 04:50:13.043,—,Diogo Ferreira
LOTE-SK-M-SOP-024-4375,LOTE-M-SOP-024-4375,WO-5347,WO-15087,2026-04-03,Shift 1,SS-002,SK-FR-024-PET-1000-1C,FR-024-PET-1000,1,COR-003,4189,L,200,0,0,8,8,Approved,Approved,Approved - First Pass,2026-04-04 09:17:38.087,—,Carlos Mendes
LOTE-SK-M-SOP-028-4377,LOTE-M-SOP-028-4377,WO-5350,WO-15090,2026-04-05,Shift 1,SS-002,SK-FR-028-HDPE-5000-1C,FR-028-HDPE-5000,1,COR-001,974,L,200,1,2,8,11,Rejected,Rejected,Rejected - Scrapped,2026-04-06 05:45:26.603,Cure:1(Re=1),Elena Santos
LOTE-SK-M-SOP-011-4378,LOTE-M-SOP-011-4378,WO-5351,WO-15091,2026-04-05,Shift 2,SS-001,SK-FR-011-PET-400-3C,FR-011-PET-400,3,"COR-007, COR-006, COR-004",4391,L,200,0,0,0,0,Approved,Approved,Approved - First Pass,2026-04-06 14:01:11.186,—,Elena Santos
LOTE-SK-M-SOP-028-4379,LOTE-M-SOP-028-4379,WO-5352,WO-15092,2026-04-06,Shift 1,SS-001,SK-FR-028-HDPE-5000-1C,FR-028-HDPE-5000,1,COR-004,682,L,200,0,0,0,0,Approved,Approved,Approved - First Pass,2026-04-07 02:46:56.122,—,Elena Santos
LOTE-SK-M-SOP-018-4382,LOTE-M-SOP-018-4382,WO-5360,WO-15097,2026-04-13,Shift 3,SS-001,SK-FR-018-HDPE-PCR-600-1C,FR-018-HDPE-PCR-600,1,COR-002,5184,L,200,0,0,5,5,Approved,Approved,Approved - First Pass,2026-04-14 13:32:10.946,—,Diogo Ferreira
LOTE-SK-M-SOP-011-4383,LOTE-M-SOP-011-4383,WO-5361,WO-15098,2026-04-12,Shift 1,SS-002,SK-FR-011-PET-400-3C,FR-011-PET-400,3,"COR-001, COR-004, COR-002",4384,L,200,0,0,0,0,Approved,Approved,Approved - First Pass,2026-04-13 02:44:02.643,—,Ana Silva
LOTE-SK-M-SOP-024-4384,LOTE-M-SOP-024-4384,WO-5362,WO-15099,2026-04-14,Shift 1,SS-002,SK-FR-024-PET-1000-1C,FR-024-PET-1000,1,COR-006,2567,L,200,0,0,1,1,Approved,Approved,Approved - First Pass,2026-04-15 11:36:41.729,—,Ana Silva
LOTE-SK-M-SOP-014-4385,LOTE-M-SOP-014-4385,WO-5363,WO-15100,2026-04-14,Shift 2,SS-001,SK-FR-014-rPET-500-1C,FR-014-rPET-500,1,COR-003,7863,L,200,0,2,1,3,Approved,Approved,Approved - First Pass,2026-04-15 18:06:14.729,—,Beatriz Costa
LOTE-SK-M-SOP-028-4386,LOTE-M-SOP-028-4386,WO-5365,WO-15102,2026-04-16,Shift 2,SS-001,SK-FR-028-HDPE-5000-1C,FR-028-HDPE-5000,1,COR-005,631,L,200,1,1,6,8,Rejected,Rejected,Rejected - Scrapped,2026-04-16 19:40:55.609,Cure:1(Re=1),Beatriz Costa
LOTE-SK-M-SOP-024-4387,LOTE-M-SOP-024-4387,WO-5366,WO-15103,2026-04-16,Shift 3,SS-002,SK-FR-024-PET-1000-1C,FR-024-PET-1000,1,COR-008,2564,L,200,0,0,4,4,Approved,Approved,Approved - First Pass,2026-04-17 17:29:49.612,—,Ana Silva
LOTE-SK-M-SOP-011-4388,LOTE-M-SOP-011-4388,WO-5367,WO-15104,2026-04-17,Shift 2,SS-001,SK-FR-011-PET-400-3C,FR-011-PET-400,3,"COR-003, COR-004, COR-001",9193,L,200,0,1,4,5,Approved,Approved,Approved - First Pass,2026-04-19 02:29:54.412,—,Beatriz Costa
LOTE-SK-M-SOP-018-4389,LOTE-M-SOP-018-4389,WO-5371,WO-15108,2026-04-19,Shift 2,SS-002,SK-FR-018-HDPE-PCR-600-1C,FR-018-HDPE-PCR-600,1,COR-008,16662,M,315,0,0,11,11,Approved,Approved,Approved - First Pass,2026-04-20 04:28:36.161,—,Ana Silva
LOTE-SK-M-SOP-011-4390,LOTE-M-SOP-011-4390,WO-5373,WO-15110,2026-04-20,Shift 2,SS-002,SK-FR-011-PET-400-3C,FR-011-PET-400,3,"COR-002, COR-003, COR-007",12100,M,315,0,2,5,7,Approved,Approved,Approved - First Pass,2026-04-21 20:42:09.122,—,Beatriz Costa
LOTE-SK-M-SOP-028-4391,LOTE-M-SOP-028-4391,WO-5375,WO-15112,2026-04-22,Shift 1,SS-001,SK-FR-028-HDPE-5000-1C,FR-028-HDPE-5000,1,COR-008,1112,L,200,0,0,7,7,Approved,Approved,Approved - First Pass,2026-04-22 17:47:40.590,—,Beatriz Costa
LOTE-SK-M-SOP-024-4393,LOTE-M-SOP-024-4393,WO-5378,WO-15113,2026-04-24,Shift 2,SS-001,SK-FR-024-PET-1000-1C,FR-024-PET-1000,1,COR-005,161,L,200,0,0,1,1,Approved,Approved,Approved - First Pass,2026-04-25 18:02:16.633,—,Ana Silva
LOTE-SK-M-SOP-024-4394,LOTE-M-SOP-024-4394,WO-5380,WO-15115,2026-04-26,Shift 3,SS-002,SK-FR-024-PET-1000-1C,FR-024-PET-1000,1,COR-006,2818,L,200,0,1,5,6,Approved,Approved,Approved - First Pass,2026-04-26 17:08:42.426,—,Ana Silva
LOTE-SK-M-SOP-028-4396,LOTE-M-SOP-028-4396,WO-5382,WO-15116,2026-04-27,Shift 3,SS-002,SK-FR-028-HDPE-5000-1C,FR-028-HDPE-5000,1,COR-001,580,L,200,0,1,3,4,Approved,Approved,Approved - First Pass,2026-04-27 09:42:05.664,—,Diogo Ferreira
LOTE-SK-M-SOP-028-4397,LOTE-M-SOP-028-4397,WO-5383,WO-15117,2026-04-28,Shift 3,SS-002,SK-FR-028-HDPE-5000-1C,FR-028-HDPE-5000,1,COR-007,1235,L,200,0,2,8,10,Approved,Approved,Approved - First Pass,2026-04-29 03:18:57.909,—,Ana Silva
LOTE-SK-M-SOP-011-4398,LOTE-M-SOP-011-4398,WO-5387,WO-15121,2026-04-30,Shift 3,SS-002,SK-FR-011-PET-400-3C,FR-011-PET-400,3,"COR-008, COR-007, COR-002",16014,M,315,1,0,6,7,Rejected,Rejected,Rejected - Scrapped,2026-05-02 02:15:22.901,Adhesion:1(Re=1),Beatriz Costa
LOTE-SK-M-SOP-028-4399,LOTE-M-SOP-028-4399,WO-5388,WO-15122,2026-04-30,Shift 2,SS-001,SK-FR-028-HDPE-5000-1C,FR-028-HDPE-5000,1,COR-001,1056,L,200,0,0,3,3,Approved,Approved,Approved - First Pass,2026-05-01 02:23:04.622,—,Carlos Mendes
LOTE-SK-M-SOP-028-4400,LOTE-M-SOP-028-4400,WO-5391,WO-15125,2026-05-03,Shift 1,SS-001,SK-FR-028-HDPE-5000-1C,FR-028-HDPE-5000,1,COR-001,1889,L,200,1,0,13,14,Approved,Rejected,Rejected - Scrapped,2026-05-04 01:29:14.110,—,Beatriz Costa
LOTE-SK-M-SOP-018-4401,LOTE-M-SOP-018-4401,WO-5394,WO-15128,2026-05-04,Shift 2,SS-002,SK-FR-018-HDPE-600-3C,FR-018-HDPE-600,3,"COR-007, COR-005, COR-008",13822,M,315,0,0,7,7,Approved,Approved,Approved - First Pass,2026-05-05 14:35:40.324,—,Elena Santos
LOTE-SK-M-SOP-011-4402,LOTE-M-SOP-011-4402,WO-5396,WO-15130,2026-05-06,Shift 2,SS-001,SK-FR-011-PET-400-3C,FR-011-PET-400,3,"COR-005, COR-006, COR-004",16179,M,315,0,0,5,5,Approved,Approved,Approved - First Pass,2026-05-08 06:11:46.233,—,Ana Silva
LOTE-SK-M-SOP-011-4403,LOTE-M-SOP-011-4403,WO-5399,WO-15133,2026-05-08,Shift 1,SS-002,SK-FR-011-PET-400-3C,FR-011-PET-400,3,"COR-003, COR-005, COR-004",12500,M,315,0,1,5,6,Approved,Approved,Approved - First Pass,2026-05-09 14:54:27.112,—,Beatriz Costa
LOTE-SK-M-SOP-024-4404,LOTE-M-SOP-024-4404,WO-5401,WO-15135,2026-05-09,Shift 2,SS-002,SK-FR-024-PET-1000-1C,FR-024-PET-1000,1,COR-004,6721,L,200,1,1,3,5,Rejected,Rejected,Rejected - Scrapped,2026-05-10 19:32:56.859,Adhesion:1(Re=1),Diogo Ferreira
LOTE-SK-M-SOP-024-4406,LOTE-M-SOP-024-4406,WO-5406,WO-15137,2026-05-13,Shift 3,SS-002,SK-FR-024-PET-1000-1C,FR-024-PET-1000,1,COR-008,4436,L,200,0,1,0,1,Approved,Approved,Approved - First Pass,2026-05-13 05:47:32.076,—,Ana Silva
LOTE-SK-M-SOP-024-4408,LOTE-M-SOP-024-4408,WO-5410,WO-15140,2026-05-16,shift 3,SS-002,SK-FR-024-PET-1000-1C,FR-024-PET-1000,1,COR-008,8710,L,200,1,0,8,9,Rejected,Rejected,Rejected - Scrapped,2026-05-16 16:37:17.114,Cure:1(Re=1),Beatriz Costa
LOTE-SK-M-SOP-024-4409,LOTE-M-SOP-024-4409,WO-5413,WO-15143,2026-05-17,Shift 3,SS-001,SK-FR-024-PET-1000-1C,FR-024-PET-1000,1,COR-001,4684,L,200,0,1,4,5,Approved,Approved,Approved - First Pass,2026-05-18 04:58:04.270,—,Diogo Ferreira
LOTE-SK-M-SOP-024-4411,LOTE-M-SOP-024-4411,WO-5415,WO-15144,2026-05-18,Shift 1,SS-002,SK-FR-024-PET-1000-1C,FR-024-PET-1000,1,COR-008,2435,L,200,0,0,6,6,Approved,Approved,Approved - First Pass,2026-05-18 21:13:26.807,—,Ana Silva
LOTE-SK-M-SOP-024-4413,LOTE-M-SOP-024-4413,WO-5419,WO-15148,2026-05-21,Shift 3,SS-002,SK-FR-024-PET-1000-1C,FR-024-PET-1000,1,COR-004,6423,L,200,0,0,5,5,Approved,Approved,Approved - First Pass,2026-05-21 18:12:54.630,—,Ana Silva
LOTE-SK-M-SOP-024-4416,LOTE-M-SOP-024-4416,WO-5426,WO-15151,2026-05-24,Shift 2,SS-001,SK-FR-024-PET-1000-1C,FR-024-PET-1000,1,COR-006,7768,L,200,1,1,6,8,Approved,Rejected,Rejected - Scrapped,2026-05-26 02:44:18.380,—,Carlos Mendes
LOTE-SK-M-SOP-028-4417,LOTE-M-SOP-028-4417,WO-5428,WO-15153,2026-05-26,Shift 1,SS-001,SK-FR-028-HDPE-5000-1C,FR-028-HDPE-5000,1,COR-008,1404,L,200,1,0,3,4,Approved,Rejected,Rejected - Scrapped,2026-05-26 19:02:05.226,—,Beatriz Costa
LOTE-SK-M-SOP-014-4418,LOTE-M-SOP-014-4418,WO-5429,WO-15154,2026-05-27,Shift 2,SS-001,SK-FR-014-rPET-500-1C,FR-014-rPET-500,1,COR-008,4350,L,200,1,0,3,4,Approved,Rejected,Rejected - Scrapped,2026-05-29 00:12:46.199,—,Carlos Mendes
LOTE-SK-M-SOP-024-4420,LOTE-M-SOP-024-4420,WO-5434,WO-15159,2026-05-30,Shift 2,SS-001,SK-FR-024-PET-1000-1C,FR-024-PET-1000,1,COR-006,999,L,200,1,0,7,8,Rejected,Rejected,Rejected - Scrapped,2026-05-31 06:08:21.969,Cure:1(Re=1),Elena Santos
LOTE-SK-M-SOP-024-4422,LOTE-M-SOP-024-4422,WO-5439,WO-15162,2026-06-03,Shift 1,SS-001,SK-FR-024-PET-1000-1C,FR-024-PET-1000,1,COR-003,8427,L,200,1,0,5,6,Approved,Rejected,Rejected - Scrapped,2026-06-03 17:10:37.580,—,Beatriz Costa
LOTE-SK-M-SOP-024-4425,LOTE-M-SOP-024-4425,WO-5443,WO-15163,2026-06-06,Shift 3,SS-002,SK-FR-024-PET-1000-1C,FR-024-PET-1000,1,COR-003,896,L,200,0,0,5,5,Approved,Approved,Approved - First Pass,2026-06-06 17:14:51.552,—,Beatriz Costa
LOTE-SK-M-SOP-018-4426,LOTE-M-SOP-018-4426,WO-5445,WO-15165,2026-06-07,Shift 3,SS-002,SK-FR-018-HDPE-600-3C,FR-018-HDPE-600,3,"COR-001, COR-008, COR-006",9247,L,200,1,0,6,7,Rejected,Rejected,Rejected - Scrapped,2026-06-08 03:47:10.887,Cure:1(Re=1),Elena Santos
LOTE-SK-M-SOP-028-4427,LOTE-M-SOP-028-4427,WO-5446,WO-15166,2026-06-08,Shift 1,SS-001,SK-FR-028-HDPE-5000-1C,FR-028-HDPE-5000,1,COR-005,168,L,200,0,0,1,1,Approved,Approved,Approved - First Pass,2026-06-09 00:57:26.543,—,Ana Silva
LOTE-SK-M-SOP-011-4428,LOTE-M-SOP-011-4428,WO-5447,WO-15167,2026-06-09,Shift 3,SS-002,SK-FR-011-PET-400-3C,FR-011-PET-400,3,"COR-002, COR-005, COR-001",8164,L,200,1,0,0,1,Approved,Rejected,Rejected - Scrapped,2026-06-10 09:31:23.319,—,Ana Silva
LOTE-SK-M-SOP-011-4429,LOTE-M-SOP-011-4429,WO-5450,WO-15170,2026-06-11,  Shift 3  ,SS-001,SK-FR-011-PET-400-3C,FR-011-PET-400,3,"COR-002, COR-008, COR-005",12133,M,315,1,0,6,7,Approved,Rejected,Rejected - Scrapped,2026-06-12 18:23:37.438,—,Carlos Mendes
LOTE-SK-M-SOP-018-4431,LOTE-M-SOP-018-4431,WO-5454,WO-15173,2026-06-12,Shift 3,SS-002,SK-FR-018-HDPE-600-3C,FR-018-HDPE-600,3,"COR-003, COR-004, COR-006",14784,M,315,0,0,13,13,Approved,Approved,Approved - First Pass,2026-06-14 07:45:04.527,—,Elena Santos
LOTE-SK-M-SOP-024-4432,LOTE-M-SOP-024-4432,WO-5457,WO-15176,2026-06-14,Shift 3,SS-001,SK-FR-024-PET-1000-1C,FR-024-PET-1000,1,COR-008,5764,L,200,0,1,9,10,Approved,Approved,Approved - First Pass,2026-06-15 17:40:34.947,—,Beatriz Costa
LOTE-SK-M-SOP-028-4433,LOTE-M-SOP-028-4433,WO-5458,WO-15177,2026-06-15,Shift 2,SS-001,SK-FR-028-HDPE-5000-1C,FR-028-HDPE-5000,1,COR-006,685,L,200,1,0,3,4,Rejected,Approved,Approved - Released on Deviation,2026-06-15 21:09:57.613,—,Carlos Mendes
LOTE-SK-M-SOP-028-4435,LOTE-M-SOP-028-4435,WO-5464,WO-15180,2026-06-20,Shift 2,SS-002,SK-FR-028-HDPE-5000-1C,FR-028-HDPE-5000,1,COR-001,1408,L,200,0,1,10,11,Approved,Approved,Approved - First Pass,2026-06-21 13:36:44.359,—,Carlos Mendes
LOTE-SK-M-SOP-011-4437,LOTE-M-SOP-011-4437,WO-5468,WO-15182,2026-06-23,Shift 2,SS-001,SK-FR-011-PET-400-3C,FR-011-PET-400,3,"COR-007, COR-005, COR-006",6808,L,200,1,0,13,14,Rejected,Rejected,Rejected - Scrapped,2026-06-24 21:17:15.380,Adhesion:1(Re=1),Beatriz Costa
LOTE-SK-M-SOP-028-4438,LOTE-M-SOP-028-4438,WO-5471,WO-15185,2026-06-25,Shift 3,SS-001,SK-FR-028-HDPE-5000-1C,FR-028-HDPE-5000,1,COR-007,876,L,200,0,0,4,4,Approved,Approved,Approved - First Pass,2026-06-25 15:33:01.736,—,Carlos Mendes
LOTE-SK-M-SOP-018-4442,LOTE-M-SOP-018-4442,WO-5480,WO-15188,2026-06-30,Shift 3,SS-002,SK-FR-018-HDPE-PCR-600-1C,FR-018-HDPE-PCR-600,1,COR-006,20825,M,315,2,0,10,12,Rejected,Rejected,Rejected - Scrapped,2026-07-01 23:53:59.443,Adhesion:1(Re=1),Ana Silva
LOTE-SK-M-SOP-028-4443,LOTE-M-SOP-028-4443,WO-5481,WO-15189,2026-07-01,Shift 2,SS-001,SK-FR-028-HDPE-5000-1C,FR-028-HDPE-5000,1,COR-003,792,L,200,0,0,5,5,Approved,Approved,Approved - First Pass,2026-07-02 06:30:08.390,—,Diogo Ferreira
LOTE-SK-M-SOP-011-4444,LOTE-M-SOP-011-4444,WO-5483,WO-15191,2026-07-03,Shift 1,SS-001,SK-FR-011-PET-400-3C,FR-011-PET-400,3,"COR-002, COR-008, COR-001",9891,L,200,0,0,3,3,Approved,Approved,Approved - First Pass,2026-07-04 05:49:05.098,—,Carlos Mendes
LOTE-SK-M-SOP-011-4445,LOTE-M-SOP-011-4445,WO-5485,WO-15193,2026-07-04,Shift 1,SS-001,SK-FR-011-PET-400-3C,FR-011-PET-400,3,"COR-004, COR-007, COR-002",21652,M,315,0,2,9,11,Approved,Approved,Approved - First Pass,2026-07-05 13:34:57.071,—,Diogo Ferreira
LOTE-SK-M-SOP-028-4447,LOTE-M-SOP-028-4447,WO-5491,WO-15196,2026-07-08,Shift 3,SS-002,SK-FR-028-HDPE-5000-1C,FR-028-HDPE-5000,1,COR-007,1257,L,200,0,2,9,11,Approved,Approved,Approved - First Pass,2026-07-08 11:13:23.802,—,Ana Silva
LOTE-SK-M-SOP-011-4448,LOTE-M-SOP-011-4448,WO-5493,WO-15198,2026-07-09,Shift 1,SS-001,SK-FR-011-PET-400-3C,FR-011-PET-400,3,"COR-003, COR-001, COR-004",13923,M,315,1,1,1,3,Approved,Rejected,Rejected - Scrapped,2026-07-10 00:11:05.158,—,Diogo Ferreira
LOTE-SK-M-SOP-018-4449,LOTE-M-SOP-018-4449,WO-5494,WO-15199,2026-07-09,Shift 2,SS-001,SK-FR-018-HDPE-PCR-600-1C,FR-018-HDPE-PCR-600,1,COR-002,6383,L,200,0,0,0,0,Approved,Approved,Approved - First Pass,2026-07-10 06:25:48.445,—,Diogo Ferreira
LOTE-SK-M-SOP-024-4450,LOTE-M-SOP-024-4450,WO-5496,WO-15201,2026-07-11,Shift 1,SS-001,SK-FR-024-PET-1000-1C,FR-024-PET-1000,1,COR-008,5203,L,200,0,0,8,8,Approved,Approved,Approved - First Pass,2026-07-11 19:36:37.633,—,Diogo Ferreira
LOTE-SK-M-SOP-028-4453,LOTE-M-SOP-028-4453,WO-5504,WO-15204,2026-07-16,Shift 3,SS-001,SK-FR-028-HDPE-5000-1C,FR-028-HDPE-5000,1,COR-006,1819,L,200,0,3,2,5,Approved,Approved,Approved - First Pass,2026-07-16 15:15:37.188,—,Carlos Mendes
LOTE-SK-M-SOP-028-4454,LOTE-M-SOP-028-4454,WO-5507,WO-15207,2026-07-18,Shift 1,SS-002,SK-FR-028-HDPE-5000-1C,FR-028-HDPE-5000,1,COR-003,2381,L,200,2,1,6,9,Rejected,Rejected,Rejected - Scrapped,2026-07-18 22:01:06.507,Cure:1(Re=1),Elena Santos
LOTE-SK-M-SOP-024-4456,LOTE-M-SOP-024-4456,WO-5511,WO-15208,2026-07-21,Shift 3,SS-002,SK-FR-024-PET-1000-1C,FR-024-PET-1000,1,COR-005,5697,L,200,1,0,9,10,Rejected,Rejected,Rejected - Scrapped,2026-07-22 13:52:14.424,Adhesion:1(Re=1),Elena Santos
LOTE-SK-M-SOP-028-4458,LOTE-M-SOP-028-4458,WO-5517,WO-15212,2026-07-25,shift 3,SS-001,SK-FR-028-HDPE-5000-1C,FR-028-HDPE-5000,1,COR-008,2063,L,200,0,1,11,12,Approved,Approved,Approved - First Pass,2026-07-26 19:40:18.367,—,Beatriz Costa
LOTE-SK-M-SOP-028-4459,LOTE-M-SOP-028-4459,WO-5520,WO-15215,2026-07-27,shift 3,SS-002,SK-FR-028-HDPE-5000-1C,FR-028-HDPE-5000,1,COR-004,2484,L,200,2,0,3,5,Rejected,Rejected,Rejected - Scrapped,2026-07-28 14:16:42.501,Adhesion:1(Re=1),Beatriz Costa
LOTE-SK-M-SOP-028-4461,LOTE-M-SOP-028-4461,WO-5523,WO-15218,2026-07-28,Shift 2,SS-001,SK-FR-028-HDPE-5000-1C,FR-028-HDPE-5000,1,COR-007,1078,L,200,1,0,8,9,Rejected,Rejected,Rejected - Scrapped,2026-07-29 01:15:26.644,Cure:1(Re=1),Elena Santos
LOTE-SK-M-SOP-028-4462,LOTE-M-SOP-028-4462,WO-5526,WO-15221,2026-08-01,SHIFT 1,SS-001,SK-FR-028-HDPE-5000-1C,FR-028-HDPE-5000,1,COR-003,3111,L,200,0,4,14,18,Approved,Approved,Approved - First Pass,2026-08-02 03:45:37.089,—,Diogo Ferreira
LOTE-SK-M-SOP-024-4466,LOTE-M-SOP-024-4466,WO-5531,WO-15222,2026-08-04,Shift 3,SS-002,SK-FR-024-PET-1000-1C,FR-024-PET-1000,1,COR-007,4042,L,200,0,0,0,0,Approved,Approved,Approved - First Pass,2026-08-05 10:38:46.177,—,Diogo Ferreira
LOTE-SK-M-SOP-011-4467,LOTE-M-SOP-011-4467,WO-5532,WO-15223,2026-08-05,  Shift 2  ,SS-002,SK-FR-011-PET-400-3C,FR-011-PET-400,3,"COR-004, COR-007, COR-001",4201,L,200,0,0,0,0,Approved,Approved,Approved - First Pass,2026-08-07 01:08:31.709,—,Ana Silva
LOTE-SK-M-SOP-028-4468,LOTE-M-SOP-028-4468,WO-5534,WO-15225,2026-08-07,Shift 1,SS-002,SK-FR-028-HDPE-5000-1C,FR-028-HDPE-5000,1,COR-005,1802,L,200,0,0,7,7,Approved,Approved,Approved - First Pass,2026-08-07 18:07:59.388,—,Carlos Mendes
LOTE-SK-M-SOP-011-4469,LOTE-M-SOP-011-4469,WO-5536,WO-15227,2026-08-08,Shift 2,SS-001,SK-FR-011-PET-400-3C,FR-011-PET-400,3,"COR-004, COR-001, COR-005",16904,M,315,0,0,11,11,Approved,Approved,Approved - First Pass,2026-08-09 22:56:21.991,—,Carlos Mendes
LOTE-SK-M-SOP-011-4471,LOTE-M-SOP-011-4471,WO-5539,WO-15228,2026-08-10,Shift 1,SS-001,SK-FR-011-PET-400-3C,FR-011-PET-400,3,"COR-004, COR-002, COR-006",7706,L,200,0,1,3,4,Approved,Approved,Approved - First Pass,2026-08-12 00:25:01.395,—,Beatriz Costa
LOTE-SK-M-SOP-024-4473,LOTE-M-SOP-024-4473,WO-5541,WO-15229,2026-08-12,Shift 1,SS-002,SK-FR-024-PET-1000-1C,FR-024-PET-1000,1,COR-008,190,L,200,0,0,5,5,Approved,Approved,Approved - First Pass,2026-08-13 09:39:59.790,—,Elena Santos
LOTE-SK-M-SOP-028-4474,LOTE-M-SOP-028-4474,WO-5542,WO-15230,2026-08-12,Shift 3,SS-002,SK-FR-028-HDPE-5000-1C,FR-028-HDPE-5000,1,COR-005,509,L,200,0,0,2,2,Approved,Approved,Approved - First Pass,2026-08-13 17:10:10.039,—,Diogo Ferreira
LOTE-SK-M-SOP-028-4475,LOTE-M-SOP-028-4475,WO-5544,WO-15232,2026-08-14,Shift 2,SS-002,SK-FR-028-HDPE-5000-1C,FR-028-HDPE-5000,1,COR-004,1520,L,200,0,0,7,7,Approved,Approved,Approved - First Pass,2026-08-15 07:21:37.794,—,Elena Santos
LOTE-SK-M-SOP-024-4476,LOTE-M-SOP-024-4476,WO-5546,WO-15234,2026-08-15,Shift 2,SS-001,SK-FR-024-PET-1000-1C,FR-024-PET-1000,1,COR-007,3802,L,200,0,1,7,8,Approved,Approved,Approved - First Pass,2026-08-17 00:29:25.377,—,Elena Santos
LOTE-SK-M-SOP-024-4477,LOTE-M-SOP-024-4477,WO-5549,WO-15237,2026-08-17,Shift 1,SS-001,SK-FR-024-PET-1000-1C,FR-024-PET-1000,1,COR-001,7090,L,200,1,1,7,9,Approved,Rejected,Rejected - Scrapped,2026-08-18 12:18:37.287,—,Diogo Ferreira
LOTE-SK-M-SOP-028-4479,LOTE-M-SOP-028-4479,WO-5554,WO-15240,2026-08-20,  Shift 1  ,SS-001,SK-FR-028-HDPE-5000-1C,FR-028-HDPE-5000,1,COR-005,2883,L,200,0,2,10,12,Approved,Approved,Approved - First Pass,2026-08-21 05:15:02.899,—,Diogo Ferreira
LOTE-SK-M-SOP-024-4480,LOTE-M-SOP-024-4480,WO-5555,WO-15241,2026-08-20,Shift 1,SS-001,SK-FR-024-PET-1000-1C,FR-024-PET-1000,1,COR-007,1467,L,200,0,0,0,0,Approved,Approved,Approved - First Pass,2026-08-21 00:46:13.571,—,Diogo Ferreira
LOTE-SK-M-SOP-028-4481,LOTE-M-SOP-028-4481,WO-5558,WO-15244,2026-08-23,Shift 1,SS-001,SK-FR-028-HDPE-5000-1C,FR-028-HDPE-5000,1,COR-004,2259,L,200,1,1,7,9,Rejected,Rejected,Rejected - Scrapped,2026-08-23 22:42:44.618,Cure:1(Re=1),Diogo Ferreira
LOTE-SK-M-SOP-028-4483,LOTE-M-SOP-028-4483,WO-5560,WO-15246,2026-08-24,Shift 2,SS-002,SK-FR-028-HDPE-5000-1C,FR-028-HDPE-5000,1,COR-003,999,L,200,0,1,2,3,Approved,Approved,Approved - First Pass,2026-08-25 13:52:54.517,—,Elena Santos
LOTE-SK-M-SOP-011-4484,LOTE-M-SOP-011-4484,WO-5561,WO-15247,2026-08-25,Shift 3,SS-001,SK-FR-011-PET-400-3C,FR-011-PET-400,3,"COR-001, COR-002, COR-003",6294,L,200,0,0,6,6,Approved,Approved,Approved - First Pass,2026-08-26 04:26:52.655,—,Beatriz Costa
LOTE-SK-M-SOP-011-4485,LOTE-M-SOP-011-4485,WO-5563,WO-15249,2026-08-27,shift 1,SS-001,SK-FR-011-PET-400-3C,FR-011-PET-400,3,"COR-006, COR-003, COR-007",13626,M,315,0,0,5,5,Approved,Approved,Approved - First Pass,2026-08-28 07:48:18.482,—,Ana Silva
LOTE-SK-M-SOP-011-4486,LOTE-M-SOP-011-4486,WO-5566,WO-15252,2026-08-28,Shift 2,SS-001,SK-FR-011-PET-400-3C,FR-011-PET-400,3,"COR-003, COR-008, COR-005",19704,M,315,1,1,15,17,Approved,Rejected,Rejected - Scrapped,2026-08-29 21:34:47.599,—,Ana Silva
LOTE-SK-M-SOP-028-4488,LOTE-M-SOP-028-4488,WO-5569,WO-15253,2026-08-31,shift 3,SS-002,SK-FR-028-HDPE-5000-1C,FR-028-HDPE-5000,1,COR-001,172,L,200,0,0,3,3,Approved,Approved,Approved - First Pass,2026-08-31 11:09:45.178,—,Elena Santos
LOTE-SK-M-SOP-011-4489,LOTE-M-SOP-011-4489,WO-5570,WO-15254,2026-08-31,Shift 3,SS-002,SK-FR-011-PET-400-3C,FR-011-PET-400,3,"COR-005, COR-002, COR-006",6111,L,200,0,0,5,5,Approved,Approved,Approved - First Pass,2026-09-01 07:19:07.507,—,Diogo Ferreira
LOTE-SK-M-SOP-028-4492,LOTE-M-SOP-028-4492,WO-5575,WO-15255,2026-09-04,Shift 1,SS-002,SK-FR-028-HDPE-5000-1C,FR-028-HDPE-5000,1,COR-003,874,L,200,0,0,13,13,Approved,Approved,Approved - First Pass,2026-09-04 13:43:09.139,—,Diogo Ferreira
LOTE-SK-M-SOP-028-4493,LOTE-M-SOP-028-4493,WO-5577,WO-15257,2026-09-05,Shift 1,SS-002,SK-FR-028-HDPE-5000-1C,FR-028-HDPE-5000,1,COR-004,2035,L,200,0,0,4,4,Approved,Approved,Approved - First Pass,2026-09-05 19:03:04.256,—,Elena Santos
LOTE-SK-M-SOP-024-4494,LOTE-M-SOP-024-4494,WO-5578,WO-15258,2026-09-05,Shift 2,SS-001,SK-FR-024-PET-1000-1C,FR-024-PET-1000,1,COR-001,2140,L,200,0,0,10,10,Approved,Approved,Approved - First Pass,2026-09-06 02:07:20.500,—,Elena Santos
LOTE-SK-M-SOP-028-4496,LOTE-M-SOP-028-4496,WO-5581,WO-15260,2026-09-08,Shift 1,SS-001,SK-FR-028-HDPE-5000-1C,FR-028-HDPE-5000,1,COR-004,1795,L,200,0,0,1,1,Approved,Approved,Approved - First Pass,2026-09-08 19:19:59.093,—,Beatriz Costa
LOTE-SK-M-SOP-011-4497,LOTE-M-SOP-011-4497,WO-5582,WO-15261,2026-09-09,Shift 1,SS-001,SK-FR-011-PET-400-3C,FR-011-PET-400,3,"COR-008, COR-005, COR-004",5042,L,200,0,0,2,2,Approved,Approved,Approved - First Pass,2026-09-10 06:05:02.250,—,Beatriz Costa
LOTE-SK-M-SOP-024-4499,LOTE-M-SOP-024-4499,WO-5587,WO-15266,2026-09-12,Shift 2,SS-001,SK-FR-024-PET-1000-1C,FR-024-PET-1000,1,COR-005,4790,L,200,0,1,5,6,Approved,Approved,Approved - First Pass,2026-09-13 14:29:51.884,—,Diogo Ferreira
LOTE-SK-M-SOP-011-4501,LOTE-M-SOP-011-4501,WO-5591,WO-15269,2026-09-15,Shift 3,SS-001,SK-FR-011-PET-400-3C,FR-011-PET-400,3,"COR-001, COR-002, COR-003",15898,M,315,0,2,14,16,Approved,Approved,Approved - First Pass,2026-09-15 23:27:28.931,—,Carlos Mendes
LOTE-SK-M-SOP-011-4502,LOTE-M-SOP-011-4502,WO-5594,WO-15272,2026-09-17,Shift 3,SS-002,SK-FR-011-PET-400-3C,FR-011-PET-400,3,"COR-001, COR-002, COR-008",18208,M,315,0,0,14,14,Approved,Approved,Approved - First Pass,2026-09-17 22:46:21.750,—,Diogo Ferreira
LOTE-SK-M-SOP-024-4503,LOTE-M-SOP-024-4503,WO-5596,WO-15274,2026-09-18,Shift 3,SS-002,SK-FR-024-PET-1000-1C,FR-024-PET-1000,1,COR-008,3078,L,200,0,0,5,5,Approved,Approved,Approved - First Pass,2026-09-18 20:26:12.130,—,Elena Santos
LOTE-SK-M-SOP-028-4504,LOTE-M-SOP-028-4504,WO-5598,WO-15276,2026-09-20,Shift 1,SS-001,SK-FR-028-HDPE-5000-1C,FR-028-HDPE-5000,1,COR-003,1941,L,200,2,2,8,12,Rejected,Rejected,Rejected - Scrapped,2026-09-20 17:48:04.118,Cure:1(Re=1),Carlos Mendes
LOTE-SK-M-SOP-024-4505,LOTE-M-SOP-024-4505,WO-5600,WO-15278,2026-09-21,shift 1,SS-001,SK-FR-024-PET-1000-1C,FR-024-PET-1000,1,COR-008,460,L,200,0,2,0,2,Approved,Approved,Approved - First Pass,2026-09-22 06:05:19.544,—,Ana Silva
LOTE-SK-M-SOP-011-4506,LOTE-M-SOP-011-4506,WO-5602,WO-15280,2026-09-22,Shift 3,SS-002,SK-FR-011-PET-400-3C,FR-011-PET-400,3,"COR-004, COR-008, COR-003",14242,M,315,0,0,3,3,Approved,Approved,Approved - First Pass,2026-09-24 04:35:24.800,—,Ana Silva
LOTE-SK-M-SOP-028-4507,LOTE-M-SOP-028-4507,WO-5604,WO-15282,2026-09-23,Shift 2,SS-002,SK-FR-028-HDPE-5000-1C,FR-028-HDPE-5000,1,COR-005,1534,L,200,0,1,6,7,Approved,Approved,Approved - First Pass,2026-09-23 22:35:54.932,—,Diogo Ferreira
LOTE-SK-M-SOP-011-4508,LOTE-M-SOP-011-4508,WO-5607,WO-15285,2026-09-25,Shift 1,SS-001,SK-FR-011-PET-400-3C,FR-011-PET-400,3,"COR-004, COR-001, COR-006",21852,M,315,0,1,5,6,Approved,Approved,Approved - First Pass,2026-09-26 10:31:16.536,—,Ana Silva
LOTE-SK-M-SOP-024-4509,LOTE-M-SOP-024-4509,WO-5608,WO-15286,2026-09-26,shift 3,SS-002,SK-FR-024-PET-1000-1C,FR-024-PET-1000,1,COR-003,3163,L,200,0,0,3,3,Approved,Approved,Approved - First Pass,2026-09-26 23:42:42.219,—,Diogo Ferreira
LOTE-SK-M-SOP-024-4510,LOTE-M-SOP-024-4510,WO-5609,WO-15287,2026-09-27,SHIFT 3,SS-002,SK-FR-024-PET-1000-1C,FR-024-PET-1000,1,COR-003,3547,L,200,0,0,1,1,Approved,Approved,Approved - First Pass,2026-09-28 23:26:41.919,—,Beatriz Costa
LOTE-SK-M-SOP-011-4511,LOTE-M-SOP-011-4511,WO-5611,WO-15289,2026-09-29,Shift 1,SS-001,SK-FR-011-PET-400-3C,FR-011-PET-400,3,"COR-001, COR-004, COR-005",10833,M,315,1,1,1,3,Approved,Rejected,Rejected - Scrapped,2026-09-29 19:43:54.178,—,Carlos Mendes
LOTE-SK-M-SOP-011-4513,LOTE-M-SOP-011-4513,WO-5615,WO-15290,2026-09-30,Shift 2,SS-002,SK-FR-011-PET-400-3C,FR-011-PET-400,3,"COR-006, COR-005, COR-001",6168,L,200,0,1,2,3,Approved,Approved,Approved - First Pass,2026-10-02 00:01:52.951,—,Diogo Ferreira
LOTE-SK-M-SOP-014-4515,LOTE-M-SOP-014-4515,WO-5619,WO-15292,2026-10-04,Shift 3,SS-001,SK-FR-014-rPET-500-1C,FR-014-rPET-500,1,COR-004,19134,M,315,1,6,6,13,Approved,Rejected,Rejected - Scrapped,2026-10-05 11:09:13.810,—,Beatriz Costa
LOTE-SK-M-SOP-024-4516,LOTE-M-SOP-024-4516,WO-5623,WO-15296,2026-10-06,Shift 1,SS-001,SK-FR-024-PET-1000-1C,FR-024-PET-1000,1,COR-001,7504,L,200,0,1,8,9,Approved,Approved,Approved - First Pass,2026-10-07 12:01:39.276,—,Carlos Mendes
LOTE-SK-M-SOP-014-4518,LOTE-M-SOP-014-4518,WO-5627,WO-15297,2026-10-09,Shift 3,SS-002,SK-FR-014-rPET-500-1C,FR-014-rPET-500,1,COR-008,7263,L,200,0,0,0,0,Approved,Approved,Approved - First Pass,2026-10-10 06:53:03.314,—,Diogo Ferreira
LOTE-SK-M-SOP-011-4522,LOTE-M-SOP-011-4522,WO-5636,WO-15299,2026-10-15,Shift 3,SS-001,SK-FR-011-PET-400-3C,FR-011-PET-400,3,"COR-006, COR-001, COR-008",11068,M,315,0,0,3,3,Approved,Approved,Approved - First Pass,2026-10-16 01:13:50.900,—,Beatriz Costa
LOTE-SK-M-SOP-028-4524,LOTE-M-SOP-028-4524,WO-5641,WO-15302,2026-10-18,Shift 3,SS-001,SK-FR-028-HDPE-5000-1C,FR-028-HDPE-5000,1,COR-003,2331,L,200,0,1,15,16,Approved,Approved,Approved - First Pass,2026-10-18 23:57:49.256,—,Elena Santos
LOTE-SK-M-SOP-014-4525,LOTE-M-SOP-014-4525,WO-5642,WO-15303,2026-10-18,  Shift 2  ,SS-001,SK-FR-014-rPET-500-1C,FR-014-rPET-500,1,COR-007,6009,L,200,0,0,1,1,Approved,Approved,Approved - First Pass,2026-10-19 11:50:07.549,—,Diogo Ferreira
LOTE-SK-M-SOP-024-4526,LOTE-M-SOP-024-4526,WO-5645,WO-15306,2026-10-21,Shift 3,SS-001,SK-FR-024-PET-1000-1C,FR-024-PET-1000,1,COR-003,8123,L,200,1,6,6,13,Rejected,Rejected,Rejected - Scrapped,2026-10-21 17:55:46.399,Adhesion:1(Re=1),Elena Santos
LOTE-SK-M-SOP-018-4527,LOTE-M-SOP-018-4527,WO-5647,WO-15308,2026-10-22,Shift 2,SS-002,SK-FR-018-HDPE-600-3C,FR-018-HDPE-600,3,"COR-007, COR-004, COR-001",15884,M,315,0,0,12,12,Approved,Approved,Approved - First Pass,2026-10-23 15:59:07.381,—,Elena Santos
LOTE-SK-M-SOP-028-4529,LOTE-M-SOP-028-4529,WO-5649,WO-15309,2026-10-24,Shift 1,SS-001,SK-FR-028-HDPE-5000-1C,FR-028-HDPE-5000,1,COR-004,1501,L,200,0,0,2,2,Approved,Approved,Approved - First Pass,2026-10-24 21:50:23.004,—,Elena Santos
LOTE-SK-M-SOP-011-4531,LOTE-M-SOP-011-4531,WO-5654,WO-15311,2026-10-27,shift 2,SS-001,SK-FR-011-PET-400-3C,FR-011-PET-400,3,"COR-001, COR-004, COR-006",3930,L,200,1,0,2,3,Approved,Rejected,Rejected - Scrapped,2026-10-28 08:13:28.834,—,Diogo Ferreira
LOTE-SK-M-SOP-011-4532,LOTE-M-SOP-011-4532,WO-5655,WO-15312,2026-10-27,Shift 2,SS-001,SK-FR-011-PET-400-3C,FR-011-PET-400,3,"COR-002, COR-003, COR-006",5386,L,200,0,0,6,6,Approved,Approved,Approved - First Pass,2026-10-28 22:53:53.213,—,Ana Silva
LOTE-SK-M-SOP-011-4533,LOTE-M-SOP-011-4533,WO-5658,WO-15315,2026-10-29,Shift 3,SS-001,SK-FR-011-PET-400-3C,FR-011-PET-400,3,"COR-005, COR-006, COR-007",19980,M,315,1,1,7,9,Approved,Rejected,Rejected - Scrapped,2026-10-30 04:54:08.926,—,Elena Santos
LOTE-SK-M-SOP-011-4536,LOTE-M-SOP-011-4536,WO-5663,WO-15318,2026-11-02,Shift 3,SS-001,SK-FR-011-PET-400-3C,FR-011-PET-400,3,"COR-005, COR-004, COR-003",5759,L,200,0,0,0,0,Approved,Approved,Approved - First Pass,2026-11-03 14:34:17.079,—,Ana Silva
LOTE-SK-M-SOP-028-4537,LOTE-M-SOP-028-4537,WO-5666,WO-15321,2026-11-03,Shift 2,SS-002,SK-FR-028-HDPE-5000-1C,FR-028-HDPE-5000,1,COR-008,2728,L,200,2,1,3,6,Approved,Approved,Approved - Reworked,2026-11-04 06:29:05.213,—,Carlos Mendes
LOTE-SK-M-SOP-028-4538,LOTE-M-SOP-028-4538,WO-5668,WO-15323,2026-11-05,  Shift 2  ,SS-002,SK-FR-028-HDPE-5000-1C,FR-028-HDPE-5000,1,COR-004,1631,L,200,0,4,7,11,Approved,Approved,Approved - First Pass,2026-11-05 22:29:44.470,—,Elena Santos
LOTE-SK-M-SOP-028-4539,LOTE-M-SOP-028-4539,WO-5670,WO-15325,2026-11-06,Shift 3,SS-002,SK-FR-028-HDPE-5000-1C,FR-028-HDPE-5000,1,COR-006,1961,L,200,1,2,4,7,Approved,Rejected,Rejected - Scrapped,2026-11-07 06:43:49.239,—,Beatriz Costa
LOTE-SK-M-SOP-014-4540,LOTE-M-SOP-014-4540,WO-5672,WO-15327,2026-11-07,shift 3,SS-001,SK-FR-014-rPET-500-1C,FR-014-rPET-500,1,COR-005,10353,M,315,0,0,5,5,Approved,Approved,Approved - First Pass,2026-11-08 21:16:48.155,—,Beatriz Costa
LOTE-SK-M-SOP-011-4541,LOTE-M-SOP-011-4541,WO-5675,WO-15330,2026-11-10,Shift 1,SS-001,SK-FR-011-PET-400-3C,FR-011-PET-400,3,"COR-004, COR-001, COR-006",20605,M,315,0,1,10,11,Approved,Approved,Approved - First Pass,2026-11-12 00:52:14.365,—,Ana Silva
LOTE-SK-M-SOP-024-4543,LOTE-M-SOP-024-4543,WO-5679,WO-15334,2026-11-12,shift 2,SS-002,SK-FR-024-PET-1000-1C,FR-024-PET-1000,1,COR-008,4556,L,200,2,0,10,12,Rejected,Rejected,Rejected - Scrapped,2026-11-13 09:55:50.241,Cure:1(Re=1),Beatriz Costa
LOTE-SK-M-SOP-011-4544,LOTE-M-SOP-011-4544,WO-5681,WO-15336,2026-11-14,Shift 1,SS-002,SK-FR-011-PET-400-3C,FR-011-PET-400,3,"COR-003, COR-008, COR-007",9021,L,200,1,0,7,8,Rejected,Rejected,Rejected - Scrapped,2026-11-15 06:13:44.118,Adhesion:1(Re=1),Carlos Mendes
LOTE-SK-M-SOP-018-4546,LOTE-M-SOP-018-4546,WO-5685,WO-15338,2026-11-16,Shift 2,SS-002,SK-FR-018-HDPE-600-3C,FR-018-HDPE-600,3,"COR-007, COR-008, COR-005",9556,L,200,0,0,6,6,Approved,Approved,Approved - First Pass,2026-11-17 23:23:55.433,—,Beatriz Costa
LOTE-SK-M-SOP-024-4547,LOTE-M-SOP-024-4547,WO-5686,WO-15339,2026-11-17,SHIFT 2,SS-001,SK-FR-024-PET-1000-1C,FR-024-PET-1000,1,COR-002,2540,L,200,0,0,2,2,Approved,Approved,Approved - First Pass,2026-11-18 05:28:19.499,—,Beatriz Costa
LOTE-SK-M-SOP-024-4549,LOTE-M-SOP-024-4549,WO-5690,WO-15342,2026-11-19,Shift 1,SS-002,SK-FR-024-PET-1000-1C,FR-024-PET-1000,1,COR-005,4699,L,200,0,1,11,12,Approved,Approved,Approved - First Pass,2026-11-20 07:42:03.365,—,Carlos Mendes
LOTE-SK-M-SOP-011-4550,LOTE-M-SOP-011-4550,WO-5692,WO-15344,2026-11-21,Shift 1,SS-001,SK-FR-011-PET-400-3C,FR-011-PET-400,3,"COR-005, COR-003, COR-002",15849,M,315,0,0,4,4,Approved,Approved,Approved - First Pass,2026-11-22 21:56:10.959,—,Diogo Ferreira
LOTE-SK-M-SOP-028-4551,LOTE-M-SOP-028-4551,WO-5693,WO-15345,2026-11-23,Shift 3,SS-001,SK-FR-028-HDPE-5000-1C,FR-028-HDPE-5000,1,COR-006,1292,L,200,0,0,2,2,Approved,Approved,Approved - First Pass,2026-11-23 07:05:22.722,—,Ana Silva
LOTE-SK-M-SOP-028-4554,LOTE-M-SOP-028-4554,WO-5696,WO-15347,2026-11-24,Shift 1,SS-002,SK-FR-028-HDPE-5000-1C,FR-028-HDPE-5000,1,COR-002,852,L,200,0,2,5,7,Approved,Approved,Approved - First Pass,2026-11-24 22:10:09.430,—,Diogo Ferreira
LOTE-SK-M-SOP-024-4556,LOTE-M-SOP-024-4556,WO-5699,WO-15349,2026-11-27,Shift 1,SS-001,SK-FR-024-PET-1000-1C,FR-024-PET-1000,1,COR-007,6905,L,200,0,1,3,4,Approved,Approved,Approved - First Pass,2026-11-28 15:13:23.204,—,Elena Santos
LOTE-SK-M-SOP-028-4558,LOTE-M-SOP-028-4558,WO-5702,WO-15352,2026-11-30,Shift 3,SS-002,SK-FR-028-HDPE-5000-1C,FR-028-HDPE-5000,1,COR-007,902,L,200,0,1,11,12,Approved,Approved,Approved - First Pass,2026-11-30 17:25:38.368,—,Diogo Ferreira
LOTE-SK-M-SOP-011-4559,LOTE-M-SOP-011-4559,WO-5705,WO-15355,2026-12-01,Shift 1,SS-001,SK-FR-011-PET-400-3C,FR-011-PET-400,3,"COR-003, COR-006, COR-004",19022,M,315,0,0,8,8,Approved,Approved,Approved - First Pass,2026-12-02 18:38:04.142,—,Elena Santos
LOTE-SK-M-SOP-011-4560,LOTE-M-SOP-011-4560,WO-5708,WO-15358,2026-12-03,Shift 2,SS-002,SK-FR-011-PET-400-3C,FR-011-PET-400,3,"COR-002, COR-007, COR-004",22579,M,315,2,2,9,13,Approved,Rejected,Rejected - Scrapped,2026-12-05 09:51:12.595,—,Diogo Ferreira
LOTE-SK-M-SOP-024-4561,LOTE-M-SOP-024-4561,WO-5709,WO-15359,2026-12-04,Shift 1,SS-001,SK-FR-024-PET-1000-1C,FR-024-PET-1000,1,COR-004,2201,L,200,0,0,1,1,Approved,Approved,Approved - First Pass,2026-12-04 23:38:05.611,—,Beatriz Costa
LOTE-SK-M-SOP-011-4562,LOTE-M-SOP-011-4562,WO-5712,WO-15362,2026-12-06,SHIFT 1,SS-002,SK-FR-011-PET-400-3C,FR-011-PET-400,3,"COR-003, COR-002, COR-008",12985,M,315,0,2,4,6,Approved,Approved,Approved - First Pass,2026-12-07 09:37:02.706,—,Ana Silva
LOTE-SK-M-SOP-011-4563,LOTE-M-SOP-011-4563,WO-5713,WO-15363,2026-12-07,Shift 2,SS-001,SK-FR-011-PET-400-3C,FR-011-PET-400,3,"COR-002, COR-006, COR-008",3260,L,200,0,0,1,1,Approved,Approved,Approved - First Pass,2026-12-08 13:47:16.777,—,Elena Santos
LOTE-SK-M-SOP-011-4564,LOTE-M-SOP-011-4564,WO-5714,WO-15364,2026-12-07,Shift 1,SS-002,SK-FR-011-PET-400-3C,FR-011-PET-400,3,"COR-004, COR-007, COR-005",5833,L,200,0,0,6,6,Approved,Approved,Approved - First Pass,2026-12-08 14:00:42.595,—,Carlos Mendes
LOTE-SK-M-SOP-011-4570,LOTE-M-SOP-011-4570,WO-5728,WO-15368,2026-12-17,Shift 1,SS-002,SK-FR-011-PET-400-3C,FR-011-PET-400,3,"COR-002, COR-005, COR-007",9329,L,200,0,0,3,3,Approved,Approved,Approved - First Pass,2026-12-18 18:43:58.680,—,Carlos Mendes
LOTE-SK-M-SOP-028-4571,LOTE-M-SOP-028-4571,WO-5731,WO-15371,2026-12-20,Shift 3,SS-002,SK-FR-028-HDPE-5000-1C,FR-028-HDPE-5000,1,COR-001,2304,L,200,2,0,6,8,Rejected,Rejected,Rejected - Scrapped,2026-12-20 18:48:25.463,Adhesion:1(Re=1),Ana Silva
LOTE-SK-M-SOP-024-4572,LOTE-M-SOP-024-4572,WO-5732,WO-15372,2026-12-20,Shift 1,SS-001,SK-FR-024-PET-1000-1C,FR-024-PET-1000,1,COR-002,3786,L,200,1,1,3,5,Approved,Rejected,Rejected - Scrapped,2026-12-20 20:26:40.794,—,Elena Santos
LOTE-SK-M-SOP-011-4573,LOTE-M-SOP-011-4573,WO-5733,WO-15373,2026-12-21,Shift 3,SS-001,SK-FR-011-PET-400-3C,FR-011-PET-400,3,"COR-001, COR-007, COR-004",6785,L,200,0,0,5,5,Approved,Approved,Approved - First Pass,2026-12-22 07:38:30.202,—,Elena Santos
LOTE-SK-M-SOP-028-4575,LOTE-M-SOP-028-4575,WO-5739,WO-15376,2026-12-26,Shift 3,SS-002,SK-FR-028-HDPE-5000-1C,FR-028-HDPE-5000,1,COR-007,2036,L,200,0,2,12,14,Approved,Approved,Approved - First Pass,2026-12-26 12:04:41.430,—,Beatriz Costa
LOTE-SK-M-SOP-011-4576,LOTE-M-SOP-011-4576,WO-5741,WO-15378,2026-12-27,Shift 1,SS-001,SK-FR-011-PET-400-3C,FR-011-PET-400,3,"COR-004, COR-006, COR-003",10999,M,315,0,1,11,12,Approved,Approved,Approved - First Pass,2026-12-28 15:03:12.451,—,Carlos Mendes
LOTE-SK-M-SOP-011-4578,LOTE-M-SOP-011-4578,WO-5743,WO-15380,2026-12-28,SHIFT 2,SS-001,SK-FR-011-PET-400-3C,FR-011-PET-400,3,"COR-005, COR-006, COR-004",8288,L,200,0,1,3,4,Approved,Approved,Approved - First Pass,2026-12-30 07:22:21.436,—,Beatriz Costa
LOTE-SK-M-SOP-028-4580,LOTE-M-SOP-028-4580,WO-5746,WO-15381,2026-12-30,Shift 3,SS-001,SK-FR-028-HDPE-5000-1C,FR-028-HDPE-5000,1,COR-006,455,L,200,0,1,6,7,Approved,Approved,Approved - First Pass,2026-12-31 18:20:03.822,—,Ana Silva
LOTE-SK-M-SOP-020-4600,LOTE-M-SOP-020-4600,WO-5783,WO-15392,2025-07-26,Shift 1,SS-001,SK-FR-020-rPET-750-1C,FR-020-rPET-750,1,COR-007,14133,M,315,0,2,1,3,Approved,Approved,Approved - First Pass,2025-07-27 04:05:16.076,—,Diogo Ferreira
LOTE-SK-M-SOP-020-4603,LOTE-M-SOP-020-4603,WO-5787,WO-15394,2025-07-29,Shift 2,SS-001,SK-FR-020-rPET-750-1C,FR-020-rPET-750,1,COR-004,8267,L,200,0,0,3,3,Approved,Approved,Approved - First Pass,2025-07-30 10:04:20.324,—,Ana Silva
LOTE-SK-M-SOP-020-4653,LOTE-M-SOP-020-4653,WO-5888,WO-15425,2025-10-06,Shift 2,SS-002,SK-FR-020-rPET-750-1C,FR-020-rPET-750,1,COR-005,2752,L,200,0,0,6,6,Approved,Approved,Approved - First Pass,2025-10-07 21:53:05.852,—,Ana Silva
LOTE-SK-M-SOP-020-4659,LOTE-M-SOP-020-4659,WO-5897,WO-15431,2025-10-13,Shift 2,SS-002,SK-FR-020-rPET-750-1C,FR-020-rPET-750,1,COR-003,1537,L,200,0,0,6,6,Approved,Approved,Approved - First Pass,2025-10-14 06:03:37.103,—,Diogo Ferreira
LOTE-SK-M-SOP-020-4660,LOTE-M-SOP-020-4660,WO-5900,WO-15434,2025-10-16,  Shift 1  ,SS-002,SK-FR-020-rPET-750-1C,FR-020-rPET-750,1,COR-005,12735,M,315,0,2,3,5,Approved,Approved,Approved - First Pass,2025-10-16 23:23:12.382,—,Ana Silva
LOTE-SK-M-SOP-020-4661,LOTE-M-SOP-020-4661,WO-5901,WO-15435,2025-10-16,Shift 1,SS-002,SK-FR-020-rPET-750-1C,FR-020-rPET-750,1,COR-005,3167,L,200,0,0,0,0,Approved,Approved,Approved - First Pass,2025-10-17 12:47:39.703,—,Beatriz Costa
LOTE-SK-M-SOP-020-4707,LOTE-M-SOP-020-4707,WO-5990,WO-15460,2025-12-14,Shift 3,SS-001,SK-FR-020-rPET-750-1C,FR-020-rPET-750,1,COR-008,4931,L,200,0,2,10,12,Approved,Approved,Approved - First Pass,2025-12-14 21:37:06.587,—,Elena Santos
LOTE-SK-M-SOP-020-4783,LOTE-M-SOP-020-4783,WO-6117,WO-15485,2026-03-11,Shift 2,SS-001,SK-FR-020-rPET-750-1C,FR-020-rPET-750,1,COR-002,9190,L,200,0,1,6,7,Approved,Approved,Approved - First Pass,2026-03-12 13:27:44.991,—,Ana Silva
LOTE-SK-M-SOP-020-4792,LOTE-M-SOP-020-4792,WO-6132,WO-15491,2026-03-20,Shift 2,SS-002,SK-FR-020-rPET-750-1C,FR-020-rPET-750,1,COR-001,14460,M,315,0,0,10,10,Approved,Approved,Approved - First Pass,2026-03-21 06:18:28.882,—,Diogo Ferreira
LOTE-SK-M-SOP-020-4814,LOTE-M-SOP-020-4814,WO-6179,WO-15499,2026-04-21,Shift 3,SS-002,SK-FR-020-rPET-750-1C,FR-020-rPET-750,1,COR-004,3569,L,200,0,0,1,1,Approved,Approved,Approved - First Pass,2026-04-21 18:08:50.075,—,Diogo Ferreira
LOTE-SK-M-SOP-020-4831,LOTE-M-SOP-020-4831,WO-6206,WO-15510,2026-05-09,Shift 3,SS-001,SK-FR-020-rPET-750-1C,FR-020-rPET-750,1,COR-004,6607,L,200,0,0,7,7,Approved,Approved,Approved - First Pass,2026-05-10 06:47:18.528,—,Elena Santos
LOTE-SK-M-SOP-020-4845,LOTE-M-SOP-020-4845,WO-6232,WO-15521,2026-05-26,Shift 1,SS-001,SK-FR-020-rPET-750-1C,FR-020-rPET-750,1,COR-007,2284,L,200,0,0,2,2,Approved,Approved,Approved - First Pass,2026-05-26 21:41:25.401,—,Beatriz Costa
LOTE-SK-M-SOP-020-4858,LOTE-M-SOP-020-4858,WO-6256,WO-15526,2026-06-12,Shift 3,SS-001,SK-FR-020-rPET-750-1C,FR-020-rPET-750,1,COR-001,4013,L,200,1,0,3,4,Rejected,Rejected,Rejected - Scrapped,2026-06-13 02:47:59.981,Cure:1(Re=1),Diogo Ferreira
LOTE-SK-M-SOP-020-4865,LOTE-M-SOP-020-4865,WO-6268,WO-15529,2026-06-19,Shift 2,SS-001,SK-FR-020-rPET-750-1C,FR-020-rPET-750,1,COR-008,170,L,200,0,0,2,2,Approved,Approved,Approved - First Pass,2026-06-21 02:58:21.492,—,Elena Santos
LOTE-SK-M-SOP-020-4886,LOTE-M-SOP-020-4886,WO-6305,WO-15538,2026-07-14,Shift 2,SS-002,SK-FR-020-rPET-750-1C,FR-020-rPET-750,1,COR-008,11722,M,315,0,1,6,7,Approved,Approved,Approved - First Pass,2026-07-15 02:46:03.383,—,Carlos Mendes
LOTE-SK-M-SOP-020-4892,LOTE-M-SOP-020-4892,WO-6317,WO-15543,2026-07-23,Shift 3,SS-002,SK-FR-020-rPET-750-1C,FR-020-rPET-750,1,COR-004,6794,L,200,0,0,3,3,Approved,Approved,Approved - First Pass,2026-07-24 09:37:22.451,—,Carlos Mendes
LOTE-SK-M-SOP-020-4906,LOTE-M-SOP-020-4906,WO-6342,WO-15545,2026-08-07,Shift 1,SS-002,SK-FR-020-rPET-750-1C,FR-020-rPET-750,1,COR-004,3883,L,200,0,0,5,5,Approved,Approved,Approved - First Pass,2026-08-08 18:05:18.143,—,Diogo Ferreira
LOTE-SK-M-SOP-020-4957,LOTE-M-SOP-020-4957,WO-6440,WO-15574,2026-10-12,Shift 3,SS-002,SK-FR-020-rPET-750-1C,FR-020-rPET-750,1,COR-003,7058,L,200,0,0,8,8,Approved,Approved,Approved - First Pass,2026-10-12 19:50:07.239,—,Ana Silva
LOTE-SK-M-SOP-020-4969,LOTE-M-SOP-020-4969,WO-6462,WO-15581,2026-10-27,Shift 3,SS-002,SK-FR-020-rPET-750-1C,FR-020-rPET-750,1,COR-003,4208,L,200,0,0,3,3,Approved,Approved,Approved - First Pass,2026-10-28 08:39:08.783,—,Beatriz Costa
LOTE-SK-M-SOP-020-4974,LOTE-M-SOP-020-4974,WO-6471,WO-15583,2026-11-02,Shift 3,SS-001,SK-FR-020-rPET-750-1C,FR-020-rPET-750,1,COR-005,11372,M,315,0,0,3,3,Approved,Approved,Approved - First Pass,2026-11-03 18:04:45.977,—,Carlos Mendes
LOTE-SK-M-SOP-020-5002,LOTE-M-SOP-020-5002,WO-6523,WO-15599,2026-12-06,Shift 1,SS-001,SK-FR-020-rPET-750-1C,FR-020-rPET-750,1,COR-002,11736,M,315,0,0,9,9,Approved,Approved,Approved - First Pass,2026-12-06 22:45:58.401,—,Carlos Mendes
LOTE-SK-M-SOP-020-5018,LOTE-M-SOP-020-5018,WO-6551,WO-15605,2026-12-24,shift 2,SS-002,SK-FR-020-rPET-750-1C,FR-020-rPET-750,1,COR-004,12492,M,315,0,1,7,8,Approved,Approved,Approved - First Pass,2026-12-25 09:33:11.918,—,Beatriz Costa
LOTE-SK-M-SOP-020-5021,LOTE-M-SOP-020-5021,WO-6558,WO-15610,2026-12-29,Shift 3,SS-002,SK-FR-020-rPET-750-1C,FR-020-rPET-750,1,COR-008,5925,L,200,1,0,1,2,Rejected,Rejected,Rejected - Scrapped,2026-12-30 03:45:20.121,Cure:1(Re=1),Diogo Ferreira
LOTE-SK-M-SOP-016-5025,LOTE-M-SOP-016-5025,WO-6564,WO-15611,2025-07-02,Shift 2,SS-001,SK-FR-016-HDPE-600-2C,FR-016-HDPE-600,2,"COR-003, COR-007",6108,L,200,0,1,6,7,Approved,Approved,Approved - First Pass,2025-07-03 13:16:10.427,—,Elena Santos
LOTE-SK-M-SOP-016-5028,LOTE-M-SOP-016-5028,WO-6568,WO-15615,2025-07-04,Shift 1,SS-002,SK-FR-016-HDPE-600-2C,FR-016-HDPE-600,2,"COR-007, COR-003",9093,L,200,0,2,3,5,Approved,Approved,Approved - First Pass,2025-07-05 07:10:23.163,—,Carlos Mendes
LOTE-SK-M-SOP-016-5030,LOTE-M-SOP-016-5030,WO-6572,WO-15617,2025-07-07,Shift 3,SS-002,SK-FR-016-HDPE-600-2C,FR-016-HDPE-600,2,"COR-007, COR-001",8357,L,200,0,0,3,3,Approved,Approved,Approved - First Pass,2025-07-08 11:21:31.552,—,Ana Silva
LOTE-SK-M-SOP-019-5032,LOTE-M-SOP-019-5032,WO-6576,WO-15618,2025-07-10,shift 2,SS-002,SK-FR-019-PVC-750-1C,FR-019-PVC-750,1,COR-001,7395,L,200,0,1,2,3,Approved,Approved,Approved - First Pass,2025-07-11 15:22:53.459,—,Elena Santos
LOTE-SK-M-SOP-016-5036,LOTE-M-SOP-016-5036,WO-6583,WO-15623,2025-07-15,Shift 3,SS-001,SK-FR-016-HDPE-600-2C,FR-016-HDPE-600,2,"COR-003, COR-004",9832,L,200,0,0,1,1,Approved,Approved,Approved - First Pass,2025-07-16 14:34:40.744,—,Diogo Ferreira
LOTE-SK-M-SOP-022-5038,LOTE-M-SOP-022-5038,WO-6588,WO-15626,2025-07-18,Shift 2,SS-002,SK-FR-022-MDPE-1000-2C,FR-022-MDPE-1000,2,"COR-005, COR-001",18340,M,315,0,2,16,18,Approved,Approved,Approved - First Pass,2025-07-20 00:05:58.099,—,Beatriz Costa
LOTE-SK-M-SOP-019-5042,LOTE-M-SOP-019-5042,WO-6595,WO-15629,2025-07-24,Shift 1,SS-002,SK-FR-019-PVC-750-1C,FR-019-PVC-750,1,COR-007,4115,L,200,0,0,2,2,Approved,Approved,Approved - First Pass,2025-07-25 08:15:57.664,—,Beatriz Costa
LOTE-SK-M-SOP-016-5043,LOTE-M-SOP-016-5043,WO-6597,WO-15631,2025-07-25,Shift 3,SS-001,SK-FR-016-HDPE-600-2C,FR-016-HDPE-600,2,"COR-002, COR-008",12196,M,315,0,1,8,9,Approved,Approved,Approved - First Pass,2025-07-26 02:23:02.031,—,Ana Silva
LOTE-SK-M-SOP-016-5049,LOTE-M-SOP-016-5049,WO-6612,WO-15643,2025-08-05,Shift 3,SS-002,SK-FR-016-HDPE-600-2C,FR-016-HDPE-600,2,"COR-004, COR-006",17051,M,315,1,1,8,10,Approved,Approved,Approved - Released on Deviation,2025-08-06 18:53:12.944,—,Ana Silva
LOTE-SK-M-SOP-016-5051,LOTE-M-SOP-016-5051,WO-6616,WO-15645,2025-08-08,Shift 3,SS-002,SK-FR-016-HDPE-600-2C,FR-016-HDPE-600,2,"COR-001, COR-003",7864,L,200,1,0,0,1,Approved,Rejected,Rejected - Scrapped,2025-08-09 00:02:28.887,—,Carlos Mendes
LOTE-SK-M-SOP-016-5057,LOTE-M-SOP-016-5057,WO-6629,WO-15654,2025-08-17,  Shift 2  ,SS-002,SK-FR-016-HDPE-600-2C,FR-016-HDPE-600,2,"COR-005, COR-002",12771,M,315,0,2,4,6,Approved,Approved,Approved - First Pass,2025-08-18 08:06:58.602,—,Ana Silva
LOTE-SK-M-SOP-016-5059,LOTE-M-SOP-016-5059,WO-6633,WO-15656,2025-08-19,SHIFT 2,SS-002,SK-FR-016-HDPE-600-2C,FR-016-HDPE-600,2,"COR-005, COR-007",11245,M,315,0,0,6,6,Approved,Approved,Approved - First Pass,2025-08-20 11:55:41.639,—,Beatriz Costa
LOTE-SK-M-SOP-016-5060,LOTE-M-SOP-016-5060,WO-6634,WO-15657,2025-08-20,Shift 1,SS-002,SK-FR-016-HDPE-600-2C,FR-016-HDPE-600,2,"COR-007, COR-001",4510,L,200,0,0,5,5,Approved,Approved,Approved - First Pass,2025-08-21 05:23:49.313,—,Carlos Mendes
LOTE-SK-M-SOP-019-5064,LOTE-M-SOP-019-5064,WO-6638,WO-15658,2025-08-22,Shift 1,SS-002,SK-FR-019-PVC-750-1C,FR-019-PVC-750,1,COR-007,4458,L,200,1,0,2,3,Rejected,Approved,Approved - Released on Deviation,2025-08-23 10:00:22.044,—,Beatriz Costa
LOTE-SK-M-SOP-016-5065,LOTE-M-SOP-016-5065,WO-6639,WO-15659,2025-08-24,Shift 1,SS-002,SK-FR-016-HDPE-600-2C,FR-016-HDPE-600,2,"COR-003, COR-007",8094,L,200,0,0,3,3,Approved,Approved,Approved - First Pass,2025-08-25 15:51:52.524,—,Beatriz Costa
LOTE-SK-M-SOP-016-5067,LOTE-M-SOP-016-5067,WO-6641,WO-15660,2025-08-25,Shift 2,SS-001,SK-FR-016-HDPE-600-2C,FR-016-HDPE-600,2,"COR-003, COR-008",3821,L,200,0,0,7,7,Approved,Approved,Approved - First Pass,2025-08-27 03:28:53.020,—,Diogo Ferreira
LOTE-SK-M-SOP-016-5072,LOTE-M-SOP-016-5072,WO-6648,WO-15662,2025-08-31,Shift 3,SS-001,SK-FR-016-HDPE-600-2C,FR-016-HDPE-600,2,"COR-003, COR-007",5678,L,200,0,0,1,1,Approved,Approved,Approved - First Pass,2025-09-01 11:10:12.299,—,Elena Santos
LOTE-SK-M-SOP-016-5075,LOTE-M-SOP-016-5075,WO-6653,WO-15663,2025-09-02,Shift 2,SS-002,SK-FR-016-HDPE-600-2C,FR-016-HDPE-600,2,"COR-008, COR-004",7472,L,200,0,0,7,7,Approved,Approved,Approved - First Pass,2025-09-03 08:57:22.651,—,Diogo Ferreira
LOTE-SK-M-SOP-016-5077,LOTE-M-SOP-016-5077,WO-6656,WO-15665,2025-09-06,Shift 3,SS-002,SK-FR-016-HDPE-600-2C,FR-016-HDPE-600,2,"COR-003, COR-004",13666,M,315,1,2,5,8,Rejected,Approved,Approved - Released on Deviation,2025-09-06 21:10:11.802,—,Ana Silva
LOTE-SK-M-SOP-016-5080,LOTE-M-SOP-016-5080,WO-6661,WO-15670,2025-09-09,Shift 2,SS-002,SK-FR-016-HDPE-600-2C,FR-016-HDPE-600,2,"COR-008, COR-006",10921,M,315,1,2,10,13,Rejected,Rejected,Rejected - Scrapped,2025-09-10 07:30:05.508,Cure:1(Re=1),Beatriz Costa
LOTE-SK-M-SOP-019-5085,LOTE-M-SOP-019-5085,WO-6669,WO-15677,2025-09-14,  Shift 3  ,SS-002,SK-FR-019-PVC-750-1C,FR-019-PVC-750,1,COR-001,16042,M,315,0,0,5,5,Approved,Approved,Approved - First Pass,2025-09-15 00:57:04.885,—,Diogo Ferreira
LOTE-SK-M-SOP-016-5086,LOTE-M-SOP-016-5086,WO-6671,WO-15679,2025-09-15,Shift 1,SS-001,SK-FR-016-HDPE-600-2C,FR-016-HDPE-600,2,"COR-004, COR-003",15737,M,315,1,1,3,5,Approved,Rejected,Rejected - Scrapped,2025-09-16 17:22:28.842,—,Elena Santos
LOTE-SK-M-SOP-016-5087,LOTE-M-SOP-016-5087,WO-6675,WO-15683,2025-09-18,Shift 2,SS-001,SK-FR-016-HDPE-600-2C,FR-016-HDPE-600,2,"COR-007, COR-004",21866,M,315,0,0,12,12,Approved,Approved,Approved - First Pass,2025-09-19 21:40:44.899,—,Beatriz Costa
LOTE-SK-M-SOP-016-5089,LOTE-M-SOP-016-5089,WO-6679,WO-15686,2025-09-21,Shift 1,SS-002,SK-FR-016-HDPE-600-2C,FR-016-HDPE-600,2,"COR-005, COR-008",22148,M,315,1,0,10,11,Rejected,Rejected,Rejected - Scrapped,2025-09-22 05:07:07.115,Adhesion:1(Re=1),Elena Santos
LOTE-SK-M-SOP-016-5093,LOTE-M-SOP-016-5093,WO-6687,WO-15688,2025-09-27,SHIFT 1,SS-002,SK-FR-016-HDPE-600-2C,FR-016-HDPE-600,2,"COR-001, COR-004",10476,M,315,0,0,3,3,Approved,Approved,Approved - First Pass,2025-09-28 21:33:56.059,—,Carlos Mendes
LOTE-SK-M-SOP-016-5094,LOTE-M-SOP-016-5094,WO-6689,WO-15690,2025-09-29,  Shift 1  ,SS-001,SK-FR-016-HDPE-600-2C,FR-016-HDPE-600,2,"COR-005, COR-004",12684,M,315,1,1,1,3,Approved,Rejected,Rejected - Scrapped,2025-09-30 16:36:29.857,—,Diogo Ferreira
LOTE-SK-M-SOP-016-5095,LOTE-M-SOP-016-5095,WO-6690,WO-15691,2025-09-30,Shift 1,SS-002,SK-FR-016-HDPE-600-2C,FR-016-HDPE-600,2,"COR-006, COR-005",3454,L,200,1,0,3,4,Approved,Approved,Approved - Reworked,2025-10-01 13:04:48.253,—,Elena Santos
LOTE-SK-M-SOP-016-5098,LOTE-M-SOP-016-5098,WO-6697,WO-15698,2025-10-04,Shift 3,SS-001,SK-FR-016-HDPE-600-2C,FR-016-HDPE-600,2,"COR-003, COR-002",5542,L,200,0,0,0,0,Approved,Approved,Approved - First Pass,2025-10-04 19:33:35.460,—,Diogo Ferreira
LOTE-SK-M-SOP-016-5104,LOTE-M-SOP-016-5104,WO-6708,WO-15707,2025-10-11,Shift 1,SS-001,SK-FR-016-HDPE-600-2C,FR-016-HDPE-600,2,"COR-005, COR-007",9214,L,200,1,1,10,12,Rejected,Rejected,Rejected - Scrapped,2025-10-12 10:00:21.234,Adhesion:1(Re=1),Diogo Ferreira
LOTE-SK-M-SOP-016-5106,LOTE-M-SOP-016-5106,WO-6711,WO-15710,2025-10-13,Shift 3,SS-001,SK-FR-016-HDPE-600-2C,FR-016-HDPE-600,2,"COR-007, COR-005",5114,L,200,0,1,2,3,Approved,Approved,Approved - First Pass,2025-10-14 03:13:21.028,—,Elena Santos
LOTE-SK-M-SOP-016-5108,LOTE-M-SOP-016-5108,WO-6714,WO-15711,2025-10-15,Shift 1,SS-001,SK-FR-016-HDPE-600-2C,FR-016-HDPE-600,2,"COR-001, COR-006",6534,L,200,0,1,6,7,Approved,Approved,Approved - First Pass,2025-10-16 06:00:17.280,—,Carlos Mendes
LOTE-SK-M-SOP-016-5109,LOTE-M-SOP-016-5109,WO-6715,WO-15712,2025-10-15,Shift 3,SS-002,SK-FR-016-HDPE-600-2C,FR-016-HDPE-600,2,"COR-004, COR-008",6768,L,200,1,1,1,3,Rejected,Rejected,Rejected - Scrapped,2025-10-17 09:27:09.490,Adhesion:1(Re=1),Elena Santos
LOTE-SK-M-SOP-022-5114,LOTE-M-SOP-022-5114,WO-6723,WO-15716,2025-10-20,shift 2,SS-002,SK-FR-022-MDPE-1000-2C,FR-022-MDPE-1000,2,"COR-004, COR-007",5931,L,200,0,0,1,1,Approved,Approved,Approved - First Pass,2025-10-21 05:51:21.306,—,Carlos Mendes
LOTE-SK-M-SOP-016-5120,LOTE-M-SOP-016-5120,WO-6736,WO-15722,2025-10-30,  Shift 2  ,SS-002,SK-FR-016-HDPE-600-2C,FR-016-HDPE-600,2,"COR-004, COR-008",18343,M,315,0,2,4,6,Approved,Approved,Approved - First Pass,2025-10-31 18:30:30.227,—,Diogo Ferreira
LOTE-SK-M-SOP-016-5123,LOTE-M-SOP-016-5123,WO-6743,WO-15727,2025-11-04,Shift 2,SS-002,SK-FR-016-HDPE-600-2C,FR-016-HDPE-600,2,"COR-004, COR-007",22784,M,315,1,1,13,15,Approved,Rejected,Rejected - Scrapped,2025-11-05 13:45:52.983,—,Elena Santos
LOTE-SK-M-SOP-016-5127,LOTE-M-SOP-016-5127,WO-6753,WO-15737,2025-11-11,Shift 3,SS-001,SK-FR-016-HDPE-600-2C,FR-016-HDPE-600,2,"COR-005, COR-004",13839,M,315,0,1,11,12,Approved,Approved,Approved - First Pass,2025-11-13 00:08:05.443,—,Carlos Mendes
LOTE-SK-M-SOP-016-5129,LOTE-M-SOP-016-5129,WO-6756,WO-15740,2025-11-13,Shift 2,SS-002,SK-FR-016-HDPE-600-2C,FR-016-HDPE-600,2,"COR-006, COR-007",3770,L,200,0,1,5,6,Approved,Approved,Approved - First Pass,2025-11-14 12:20:02.644,—,Carlos Mendes
LOTE-SK-M-SOP-019-5131,LOTE-M-SOP-019-5131,WO-6758,WO-15741,2025-11-15,Shift 1,SS-001,SK-FR-019-PVC-750-1C,FR-019-PVC-750,1,COR-005,1371,L,200,1,0,5,6,Approved,Rejected,Rejected - Scrapped,2025-11-16 01:01:37.568,—,Ana Silva
LOTE-SK-M-SOP-016-5132,LOTE-M-SOP-016-5132,WO-6759,WO-15742,2025-11-15,Shift 1,SS-001,SK-FR-016-HDPE-600-2C,FR-016-HDPE-600,2,"COR-008, COR-007",3274,L,200,0,0,0,0,Approved,Approved,Approved - First Pass,2025-11-16 14:43:37.604,—,Elena Santos
LOTE-SK-M-SOP-016-5134,LOTE-M-SOP-016-5134,WO-6762,WO-15743,2025-11-18,Shift 1,SS-001,SK-FR-016-HDPE-600-2C,FR-016-HDPE-600,2,"COR-004, COR-008",11647,M,315,1,0,5,6,Approved,Rejected,Rejected - Scrapped,2025-11-19 18:21:03.571,—,Carlos Mendes
LOTE-SK-M-SOP-016-5135,LOTE-M-SOP-016-5135,WO-6765,WO-15746,2025-11-19,Shift 2,SS-002,SK-FR-016-HDPE-600-2C,FR-016-HDPE-600,2,"COR-004, COR-002",13191,M,315,0,1,4,5,Approved,Approved,Approved - First Pass,2025-11-20 12:11:07.247,—,Ana Silva
LOTE-SK-M-SOP-022-5136,LOTE-M-SOP-022-5136,WO-6766,WO-15747,2025-11-20,Shift 2,SS-001,SK-FR-022-MDPE-1000-2C,FR-022-MDPE-1000,2,"COR-002, COR-005",411,L,200,0,0,4,4,Approved,Approved,Approved - First Pass,2025-11-21 11:50:54.720,—,Beatriz Costa
LOTE-SK-M-SOP-022-5139,LOTE-M-SOP-022-5139,WO-6772,WO-15752,2025-11-24,Shift 3,SS-002,SK-FR-022-MDPE-1000-2C,FR-022-MDPE-1000,2,"COR-004, COR-005",6591,L,200,0,0,5,5,Approved,Approved,Approved - First Pass,2025-11-26 14:00:44.002,—,Diogo Ferreira
LOTE-SK-M-SOP-022-5141,LOTE-M-SOP-022-5141,WO-6775,WO-15753,2025-11-26,Shift 2,SS-002,SK-FR-022-MDPE-1000-2C,FR-022-MDPE-1000,2,"COR-006, COR-003",2638,L,200,0,0,0,0,Approved,Approved,Approved - First Pass,2025-11-27 20:08:28.823,—,Elena Santos
LOTE-SK-M-SOP-016-5142,LOTE-M-SOP-016-5142,WO-6778,WO-15756,2025-11-29,shift 1,SS-002,SK-FR-016-HDPE-600-2C,FR-016-HDPE-600,2,"COR-008, COR-007",18168,M,315,0,1,7,8,Approved,Approved,Approved - First Pass,2025-11-30 05:45:03.013,—,Beatriz Costa
LOTE-SK-M-SOP-016-5143,LOTE-M-SOP-016-5143,WO-6780,WO-15758,2025-11-30,  Shift 3  ,SS-002,SK-FR-016-HDPE-600-2C,FR-016-HDPE-600,2,"COR-003, COR-001",6910,L,200,1,0,8,9,Approved,Rejected,Rejected - Scrapped,2025-12-01 06:46:41.800,—,Beatriz Costa
LOTE-SK-M-SOP-016-5145,LOTE-M-SOP-016-5145,WO-6783,WO-15760,2025-12-02,shift 2,SS-002,SK-FR-016-HDPE-600-2C,FR-016-HDPE-600,2,"COR-008, COR-002",13515,M,315,1,0,6,7,Rejected,Rejected,Rejected - Scrapped,2025-12-03 21:56:47.303,Cure:1(Re=1),Ana Silva
LOTE-SK-M-SOP-016-5146,LOTE-M-SOP-016-5146,WO-6784,WO-15761,2025-12-03,Shift 3,SS-001,SK-FR-016-HDPE-600-2C,FR-016-HDPE-600,2,"COR-007, COR-002",6386,L,200,0,1,2,3,Approved,Approved,Approved - First Pass,2025-12-04 11:17:28.490,—,Diogo Ferreira
LOTE-SK-M-SOP-016-5148,LOTE-M-SOP-016-5148,WO-6790,WO-15767,2025-12-07,Shift 2,SS-001,SK-FR-016-HDPE-600-2C,FR-016-HDPE-600,2,"COR-007, COR-001",20719,M,315,0,0,12,12,Approved,Approved,Approved - First Pass,2025-12-08 22:38:06.980,—,Ana Silva
LOTE-SK-M-SOP-016-5151,LOTE-M-SOP-016-5151,WO-6798,WO-15773,2025-12-13,Shift 3,SS-001,SK-FR-016-HDPE-600-2C,FR-016-HDPE-600,2,"COR-002, COR-004",11365,M,315,0,0,4,4,Approved,Approved,Approved - First Pass,2025-12-13 20:33:50.668,—,Beatriz Costa
LOTE-SK-M-SOP-016-5160,LOTE-M-SOP-016-5160,WO-6814,WO-15777,2025-12-24,Shift 1,SS-001,SK-FR-016-HDPE-600-2C,FR-016-HDPE-600,2,"COR-003, COR-007",12431,M,315,1,0,7,8,Approved,Approved,Approved - Released on Deviation,2025-12-25 06:09:54.144,—,Beatriz Costa
LOTE-SK-M-SOP-019-5163,LOTE-M-SOP-019-5163,WO-6820,WO-15779,2025-12-28,Shift 3,SS-001,SK-FR-019-PVC-750-1C,FR-019-PVC-750,1,COR-005,6807,L,200,0,0,3,3,Approved,Approved,Approved - First Pass,2025-12-28 20:31:41.858,—,Elena Santos
LOTE-SK-M-SOP-016-5166,LOTE-M-SOP-016-5166,WO-6826,WO-15784,2025-12-31,Shift 2,SS-001,SK-FR-016-HDPE-600-2C,FR-016-HDPE-600,2,"COR-003, COR-004",14358,M,315,1,2,13,16,Rejected,Rejected,Rejected - Scrapped,2026-01-02 02:35:08.579,Adhesion:1(Re=1),Diogo Ferreira
LOTE-SK-M-SOP-016-5169,LOTE-M-SOP-016-5169,WO-6832,WO-15789,2026-01-05,Shift 1,SS-002,SK-FR-016-HDPE-600-2C,FR-016-HDPE-600,2,"COR-008, COR-003",11804,M,315,0,0,6,6,Approved,Approved,Approved - First Pass,2026-01-06 07:18:22.022,—,Elena Santos
LOTE-SK-M-SOP-019-5172,LOTE-M-SOP-019-5172,WO-6837,WO-15793,2026-01-08,Shift 1,SS-002,SK-FR-019-PVC-750-1C,FR-019-PVC-750,1,COR-003,16355,M,315,0,0,8,8,Approved,Approved,Approved - First Pass,2026-01-09 09:41:10.589,—,Diogo Ferreira
LOTE-SK-M-SOP-016-5174,LOTE-M-SOP-016-5174,WO-6840,WO-15795,2026-01-10,Shift 2,SS-001,SK-FR-016-HDPE-600-2C,FR-016-HDPE-600,2,"COR-003, COR-001",9753,L,200,0,0,3,3,Approved,Approved,Approved - First Pass,2026-01-12 04:17:11.003,—,Carlos Mendes
LOTE-SK-M-SOP-016-5179,LOTE-M-SOP-016-5179,WO-6851,WO-15804,2026-01-19,Shift 3,SS-002,SK-FR-016-HDPE-600-2C,FR-016-HDPE-600,2,"COR-002, COR-007",13914,M,315,0,0,5,5,Approved,Approved,Approved - First Pass,2026-01-20 12:41:19.473,—,Carlos Mendes
LOTE-SK-M-SOP-016-5180,LOTE-M-SOP-016-5180,WO-6852,WO-15805,2026-01-19,  Shift 1  ,SS-002,SK-FR-016-HDPE-600-2C,FR-016-HDPE-600,2,"COR-001, COR-006",4552,L,200,0,0,5,5,Approved,Approved,Approved - First Pass,2026-01-20 06:26:46.656,—,Elena Santos
LOTE-SK-M-SOP-022-5183,LOTE-M-SOP-022-5183,WO-6858,WO-15811,2026-01-23,Shift 2,SS-001,SK-FR-022-MDPE-1000-2C,FR-022-MDPE-1000,2,"COR-007, COR-003",2247,L,200,0,0,2,2,Approved,Approved,Approved - First Pass,2026-01-25 02:15:38.642,—,Diogo Ferreira
LOTE-SK-M-SOP-016-5184,LOTE-M-SOP-016-5184,WO-6861,WO-15814,2026-01-25,Shift 3,SS-001,SK-FR-016-HDPE-600-2C,FR-016-HDPE-600,2,"COR-006, COR-008",15943,M,315,0,1,13,14,Approved,Approved,Approved - First Pass,2026-01-26 15:21:24.947,—,Elena Santos
LOTE-SK-M-SOP-016-5187,LOTE-M-SOP-016-5187,WO-6867,WO-15817,2026-01-30,Shift 3,SS-001,SK-FR-016-HDPE-600-2C,FR-016-HDPE-600,2,"COR-001, COR-006",6121,L,200,0,0,6,6,Approved,Approved,Approved - First Pass,2026-01-31 05:16:09.469,—,Diogo Ferreira
LOTE-SK-M-SOP-016-5189,LOTE-M-SOP-016-5189,WO-6869,WO-15819,2026-01-31,Shift 1,SS-001,SK-FR-016-HDPE-600-2C,FR-016-HDPE-600,2,"COR-003, COR-001",5860,L,200,0,1,0,1,Approved,Approved,Approved - First Pass,2026-02-01 19:17:13.297,—,Carlos Mendes
LOTE-SK-M-SOP-016-5190,LOTE-M-SOP-016-5190,WO-6870,WO-15820,2026-02-01,Shift 2,SS-002,SK-FR-016-HDPE-600-2C,FR-016-HDPE-600,2,"COR-004, COR-002",6699,L,200,0,1,1,2,Approved,Approved,Approved - First Pass,2026-02-03 03:00:31.922,—,Diogo Ferreira
LOTE-SK-M-SOP-022-5192,LOTE-M-SOP-022-5192,WO-6874,WO-15821,2026-02-04,Shift 3,SS-002,SK-FR-022-MDPE-1000-2C,FR-022-MDPE-1000,2,"COR-006, COR-008",2695,L,200,0,3,3,6,Approved,Approved,Approved - First Pass,2026-02-05 21:38:34.035,—,Diogo Ferreira
LOTE-SK-M-SOP-016-5194,LOTE-M-SOP-016-5194,WO-6879,WO-15823,2026-02-07,Shift 3,SS-001,SK-FR-016-HDPE-600-2C,FR-016-HDPE-600,2,"COR-008, COR-006",12451,M,315,1,1,4,6,Approved,Rejected,Rejected - Scrapped,2026-02-08 14:11:55.550,—,Elena Santos
LOTE-SK-M-SOP-016-5197,LOTE-M-SOP-016-5197,WO-6885,WO-15827,2026-02-11,SHIFT 2,SS-001,SK-FR-016-HDPE-600-2C,FR-016-HDPE-600,2,"COR-003, COR-008",13498,M,315,0,0,17,17,Approved,Approved,Approved - First Pass,2026-02-12 20:42:24.672,—,Beatriz Costa
LOTE-SK-M-SOP-016-5198,LOTE-M-SOP-016-5198,WO-6886,WO-15828,2026-02-12,Shift 1,SS-002,SK-FR-016-HDPE-600-2C,FR-016-HDPE-600,2,"COR-001, COR-008",3479,L,200,0,2,7,9,Approved,Approved,Approved - First Pass,2026-02-12 21:04:28.588,—,Ana Silva
LOTE-SK-M-SOP-022-5202,LOTE-M-SOP-022-5202,WO-6892,WO-15831,2026-02-15,Shift 3,SS-001,SK-FR-022-MDPE-1000-2C,FR-022-MDPE-1000,2,"COR-001, COR-003",9092,L,200,1,0,8,9,Approved,Rejected,Rejected - Scrapped,2026-02-16 10:41:11.268,—,Diogo Ferreira
LOTE-SK-M-SOP-016-5210,LOTE-M-SOP-016-5210,WO-6904,WO-15836,2026-02-23,Shift 2,SS-002,SK-FR-016-HDPE-600-2C,FR-016-HDPE-600,2,"COR-007, COR-004",14647,M,315,0,0,3,3,Approved,Approved,Approved - First Pass,2026-02-24 12:33:48.315,—,Beatriz Costa
LOTE-SK-M-SOP-016-5213,LOTE-M-SOP-016-5213,WO-6912,WO-15839,2026-02-28,  Shift 1  ,SS-001,SK-FR-016-HDPE-600-2C,FR-016-HDPE-600,2,"COR-003, COR-008",9433,L,200,0,1,9,10,Approved,Approved,Approved - First Pass,2026-03-01 15:01:04.882,—,Beatriz Costa
LOTE-SK-M-SOP-016-5224,LOTE-M-SOP-016-5224,WO-6933,WO-15846,2026-03-14,Shift 3,SS-001,SK-FR-016-HDPE-600-2C,FR-016-HDPE-600,2,"COR-001, COR-006",6033,L,200,0,0,1,1,Approved,Approved,Approved - First Pass,2026-03-14 23:31:17.031,—,Diogo Ferreira
LOTE-SK-M-SOP-016-5225,LOTE-M-SOP-016-5225,WO-6934,WO-15847,2026-03-15,  Shift 3  ,SS-001,SK-FR-016-HDPE-600-2C,FR-016-HDPE-600,2,"COR-008, COR-003",2194,L,200,0,0,3,3,Approved,Approved,Approved - First Pass,2026-03-16 08:39:15.888,—,Carlos Mendes
LOTE-SK-M-SOP-016-5227,LOTE-M-SOP-016-5227,WO-6938,WO-15851,2026-03-18,Shift 3,SS-001,SK-FR-016-HDPE-600-2C,FR-016-HDPE-600,2,"COR-001, COR-002",5662,L,200,0,1,3,4,Approved,Approved,Approved - First Pass,2026-03-19 03:10:59.139,—,Ana Silva
LOTE-SK-M-SOP-016-5230,LOTE-M-SOP-016-5230,WO-6943,WO-15855,2026-03-21,Shift 3,SS-002,SK-FR-016-HDPE-600-2C,FR-016-HDPE-600,2,"COR-001, COR-008",5122,L,200,0,0,4,4,Approved,Approved,Approved - First Pass,2026-03-22 15:42:54.928,—,Diogo Ferreira
LOTE-SK-M-SOP-016-5233,LOTE-M-SOP-016-5233,WO-6952,WO-15861,2026-03-27,Shift 2,SS-002,SK-FR-016-HDPE-600-2C,FR-016-HDPE-600,2,"COR-001, COR-002",15792,M,315,1,0,9,10,Approved,Rejected,Rejected - Scrapped,2026-03-28 16:06:08.452,—,Carlos Mendes
LOTE-SK-M-SOP-016-5235,LOTE-M-SOP-016-5235,WO-6955,WO-15864,2026-03-30,Shift 3,SS-002,SK-FR-016-HDPE-600-2C,FR-016-HDPE-600,2,"COR-008, COR-005",8148,L,200,0,1,1,2,Approved,Approved,Approved - First Pass,2026-03-31 02:00:21.012,—,Carlos Mendes
LOTE-SK-M-SOP-016-5240,LOTE-M-SOP-016-5240,WO-6964,WO-15867,2026-04-04,Shift 2,SS-001,SK-FR-016-HDPE-600-2C,FR-016-HDPE-600,2,"COR-005, COR-007",12066,M,315,1,4,9,14,Rejected,Rejected,Rejected - Scrapped,2026-04-05 21:04:12.170,Adhesion:1(Re=1),Ana Silva
LOTE-SK-M-SOP-016-5245,LOTE-M-SOP-016-5245,WO-6972,WO-15874,2026-04-10,Shift 1,SS-002,SK-FR-016-HDPE-600-2C,FR-016-HDPE-600,2,"COR-006, COR-001",6387,L,200,0,1,5,6,Approved,Approved,Approved - First Pass,2026-04-11 10:06:29.221,—,Diogo Ferreira
LOTE-SK-M-SOP-016-5247,LOTE-M-SOP-016-5247,WO-6975,WO-15875,2026-04-13,Shift 3,SS-001,SK-FR-016-HDPE-600-2C,FR-016-HDPE-600,2,"COR-001, COR-003",6217,L,200,0,0,4,4,Approved,Approved,Approved - First Pass,2026-04-14 02:53:19.737,—,Beatriz Costa
LOTE-SK-M-SOP-016-5253,LOTE-M-SOP-016-5253,WO-6985,WO-15878,2026-04-19,Shift 1,SS-001,SK-FR-016-HDPE-600-2C,FR-016-HDPE-600,2,"COR-001, COR-008",6558,L,200,0,2,1,3,Approved,Approved,Approved - First Pass,2026-04-20 15:20:24.548,—,Diogo Ferreira
LOTE-SK-M-SOP-016-5256,LOTE-M-SOP-016-5256,WO-6991,WO-15883,2026-04-22,Shift 2,SS-002,SK-FR-016-HDPE-600-2C,FR-016-HDPE-600,2,"COR-004, COR-006",4059,L,200,2,0,4,6,Rejected,Rejected,Rejected - Scrapped,2026-04-23 07:43:30.675,Cure:1(Re=1),Elena Santos
LOTE-SK-M-SOP-016-5259,LOTE-M-SOP-016-5259,WO-6997,WO-15888,2026-04-26,Shift 1,SS-002,SK-FR-016-HDPE-600-2C,FR-016-HDPE-600,2,"COR-008, COR-007",13885,M,315,0,0,3,3,Approved,Approved,Approved - First Pass,2026-04-27 07:57:33.982,—,Beatriz Costa
LOTE-SK-M-SOP-016-5260,LOTE-M-SOP-016-5260,WO-6999,WO-15890,2026-04-27,Shift 2,SS-001,SK-FR-016-HDPE-600-2C,FR-016-HDPE-600,2,"COR-007, COR-003",14047,M,315,2,2,8,12,Rejected,Rejected,Rejected - Scrapped,2026-04-29 02:46:02.251,Adhesion:1(Re=1),Diogo Ferreira
LOTE-SK-M-SOP-016-5261,LOTE-M-SOP-016-5261,WO-7000,WO-15891,2026-04-28,shift 2,SS-001,SK-FR-016-HDPE-600-2C,FR-016-HDPE-600,2,"COR-001, COR-005",11023,M,315,0,0,6,6,Approved,Approved,Approved - First Pass,2026-04-29 23:01:47.627,—,Elena Santos
LOTE-SK-M-SOP-016-5267,LOTE-M-SOP-016-5267,WO-7017,WO-15900,2026-05-10,Shift 3,SS-001,SK-FR-016-HDPE-600-2C,FR-016-HDPE-600,2,"COR-008, COR-001",4702,L,200,0,1,10,11,Approved,Approved,Approved - First Pass,2026-05-11 01:33:27.374,—,Beatriz Costa
LOTE-SK-M-SOP-016-5273,LOTE-M-SOP-016-5273,WO-7030,WO-15908,2026-05-19,Shift 1,SS-001,SK-FR-016-HDPE-600-2C,FR-016-HDPE-600,2,"COR-003, COR-006",14175,M,315,0,1,2,3,Approved,Approved,Approved - First Pass,2026-05-20 23:44:18.131,—,Ana Silva
LOTE-SK-M-SOP-016-5274,LOTE-M-SOP-016-5274,WO-7031,WO-15909,2026-05-19,Shift 3,SS-001,SK-FR-016-HDPE-600-2C,FR-016-HDPE-600,2,"COR-007, COR-005",5088,L,200,0,1,1,2,Approved,Approved,Approved - First Pass,2026-05-20 02:36:35.513,—,Carlos Mendes
LOTE-SK-M-SOP-016-5279,LOTE-M-SOP-016-5279,WO-7039,WO-15912,2026-05-23,Shift 2,SS-001,SK-FR-016-HDPE-600-2C,FR-016-HDPE-600,2,"COR-008, COR-002",11372,M,315,0,2,3,5,Approved,Approved,Approved - First Pass,2026-05-25 03:48:05.414,—,Ana Silva
LOTE-SK-M-SOP-016-5280,LOTE-M-SOP-016-5280,WO-7041,WO-15914,2026-05-24,Shift 2,SS-002,SK-FR-016-HDPE-600-2C,FR-016-HDPE-600,2,"COR-003, COR-006",4727,L,200,0,0,7,7,Approved,Approved,Approved - First Pass,2026-05-25 13:27:01.818,—,Elena Santos
LOTE-SK-M-SOP-016-5282,LOTE-M-SOP-016-5282,WO-7045,WO-15916,2026-05-28,Shift 3,SS-002,SK-FR-016-HDPE-600-2C,FR-016-HDPE-600,2,"COR-007, COR-008",11793,M,315,0,2,4,6,Approved,Approved,Approved - First Pass,2026-05-29 06:32:12.545,—,Ana Silva
LOTE-SK-M-SOP-016-5285,LOTE-M-SOP-016-5285,WO-7051,WO-15919,2026-06-01,Shift 2,SS-001,SK-FR-016-HDPE-600-2C,FR-016-HDPE-600,2,"COR-006, COR-008",8357,L,200,1,1,7,9,Approved,Rejected,Rejected - Scrapped,2026-06-02 16:02:43.421,—,Elena Santos
LOTE-SK-M-SOP-016-5286,LOTE-M-SOP-016-5286,WO-7052,WO-15920,2026-06-01,SHIFT 3,SS-001,SK-FR-016-HDPE-600-2C,FR-016-HDPE-600,2,"COR-008, COR-002",875,L,200,0,0,3,3,Approved,Approved,Approved - First Pass,2026-06-03 03:33:31.925,—,Elena Santos
LOTE-SK-M-SOP-016-5288,LOTE-M-SOP-016-5288,WO-7055,WO-15923,2026-06-03,SHIFT 2,SS-001,SK-FR-016-HDPE-600-2C,FR-016-HDPE-600,2,"COR-004, COR-001",2056,L,200,0,0,0,0,Approved,Approved,Approved - First Pass,2026-06-04 15:44:45.433,—,Elena Santos
LOTE-SK-M-SOP-016-5297,LOTE-M-SOP-016-5297,WO-7072,WO-15927,2026-06-14,Shift 1,SS-002,SK-FR-016-HDPE-600-2C,FR-016-HDPE-600,2,"COR-004, COR-007",7477,L,200,0,0,2,2,Approved,Approved,Approved - First Pass,2026-06-15 09:15:27.811,—,Elena Santos
LOTE-SK-M-SOP-016-5298,LOTE-M-SOP-016-5298,WO-7074,WO-15929,2026-06-16,Shift 2,SS-002,SK-FR-016-HDPE-600-2C,FR-016-HDPE-600,2,"COR-007, COR-004",5751,L,200,0,1,5,6,Approved,Approved,Approved - First Pass,2026-06-17 13:04:22.272,—,Ana Silva
LOTE-SK-M-SOP-016-5299,LOTE-M-SOP-016-5299,WO-7075,WO-15930,2026-06-16,Shift 3,SS-001,SK-FR-016-HDPE-600-2C,FR-016-HDPE-600,2,"COR-008, COR-007",4012,L,200,0,0,0,0,Approved,Approved,Approved - First Pass,2026-06-18 11:00:11.831,—,Elena Santos
LOTE-SK-M-SOP-016-5308,LOTE-M-SOP-016-5308,WO-7093,WO-15937,2026-06-28,shift 2,SS-002,SK-FR-016-HDPE-600-2C,FR-016-HDPE-600,2,"COR-005, COR-007",7677,L,200,0,0,4,4,Approved,Approved,Approved - First Pass,2026-06-29 19:45:58.661,—,Beatriz Costa
LOTE-SK-M-SOP-016-5312,LOTE-M-SOP-016-5312,WO-7101,WO-15940,2026-07-04,Shift 2,SS-002,SK-FR-016-HDPE-600-2C,FR-016-HDPE-600,2,"COR-004, COR-005",15563,M,315,0,2,7,9,Approved,Approved,Approved - First Pass,2026-07-05 05:45:10.534,—,Elena Santos
LOTE-SK-M-SOP-016-5314,LOTE-M-SOP-016-5314,WO-7104,WO-15941,2026-07-06,Shift 2,SS-002,SK-FR-016-HDPE-600-2C,FR-016-HDPE-600,2,"COR-006, COR-003",4689,L,200,0,2,2,4,Approved,Approved,Approved - First Pass,2026-07-07 09:12:33.703,—,Diogo Ferreira
LOTE-SK-M-SOP-016-5315,LOTE-M-SOP-016-5315,WO-7107,WO-15944,2026-07-09,Shift 1,SS-002,SK-FR-016-HDPE-600-2C,FR-016-HDPE-600,2,"COR-004, COR-001",13741,M,315,0,0,2,2,Approved,Approved,Approved - First Pass,2026-07-10 05:13:19.985,—,Ana Silva
LOTE-SK-M-SOP-022-5320,LOTE-M-SOP-022-5320,WO-7117,WO-15945,2026-07-17,Shift 3,SS-002,SK-FR-022-MDPE-1000-2C,FR-022-MDPE-1000,2,"COR-008, COR-002",8292,L,200,1,0,2,3,Rejected,Rejected,Rejected - Scrapped,2026-07-18 00:59:35.161,Cure:1(Re=1),Diogo Ferreira
LOTE-SK-M-SOP-016-5321,LOTE-M-SOP-016-5321,WO-7119,WO-15947,2026-07-17,Shift 3,SS-001,SK-FR-016-HDPE-600-2C,FR-016-HDPE-600,2,"COR-002, COR-004",13301,M,315,0,1,7,8,Approved,Approved,Approved - First Pass,2026-07-19 07:06:34.032,—,Diogo Ferreira
LOTE-SK-M-SOP-016-5327,LOTE-M-SOP-016-5327,WO-7126,WO-15950,2026-07-22,Shift 2,SS-002,SK-FR-016-HDPE-600-2C,FR-016-HDPE-600,2,"COR-007, COR-006",12581,M,315,0,0,3,3,Approved,Approved,Approved - First Pass,2026-07-23 13:33:55.881,—,Beatriz Costa
LOTE-SK-M-SOP-016-5330,LOTE-M-SOP-016-5330,WO-7132,WO-15954,2026-07-26,Shift 2,SS-001,SK-FR-016-HDPE-600-2C,FR-016-HDPE-600,2,"COR-008, COR-007",15397,M,315,1,3,4,8,Approved,Rejected,Rejected - Scrapped,2026-07-27 05:55:16.327,—,Carlos Mendes
LOTE-SK-M-SOP-016-5332,LOTE-M-SOP-016-5332,WO-7136,WO-15956,2026-07-29,Shift 3,SS-002,SK-FR-016-HDPE-600-2C,FR-016-HDPE-600,2,"COR-004, COR-005",9418,L,200,0,0,1,1,Approved,Approved,Approved - First Pass,2026-07-29 21:31:42.360,—,Diogo Ferreira
LOTE-SK-M-SOP-022-5333,LOTE-M-SOP-022-5333,WO-7137,WO-15957,2026-07-29,Shift 2,SS-001,SK-FR-022-MDPE-1000-2C,FR-022-MDPE-1000,2,"COR-005, COR-008",622,L,200,0,0,4,4,Approved,Approved,Approved - First Pass,2026-07-30 18:11:49.462,—,Beatriz Costa
LOTE-SK-M-SOP-016-5335,LOTE-M-SOP-016-5335,WO-7139,WO-15958,2026-07-31,Shift 3,SS-002,SK-FR-016-HDPE-600-2C,FR-016-HDPE-600,2,"COR-001, COR-008",5803,L,200,0,0,5,5,Approved,Approved,Approved - First Pass,2026-08-01 09:10:29.415,—,Diogo Ferreira
LOTE-SK-M-SOP-019-5337,LOTE-M-SOP-019-5337,WO-7143,WO-15962,2026-08-02,Shift 3,SS-002,SK-FR-019-PVC-750-1C,FR-019-PVC-750,1,COR-001,26777,M,315,0,2,5,7,Approved,Approved,Approved - First Pass,2026-08-03 05:36:30.877,—,Carlos Mendes
LOTE-SK-M-SOP-019-5339,LOTE-M-SOP-019-5339,WO-7146,WO-15963,2026-08-05,Shift 2,SS-001,SK-FR-019-PVC-750-1C,FR-019-PVC-750,1,COR-006,6708,L,200,0,2,0,2,Approved,Approved,Approved - First Pass,2026-08-07 00:52:32.858,—,Elena Santos
LOTE-SK-M-SOP-016-5341,LOTE-M-SOP-016-5341,WO-7149,WO-15966,2026-08-07,Shift 3,SS-002,SK-FR-016-HDPE-600-2C,FR-016-HDPE-600,2,"COR-003, COR-004",5772,L,200,0,0,1,1,Approved,Approved,Approved - First Pass,2026-08-08 12:06:04.025,—,Beatriz Costa
LOTE-SK-M-SOP-016-5347,LOTE-M-SOP-016-5347,WO-7157,WO-15967,2026-08-12,Shift 2,SS-002,SK-FR-016-HDPE-600-2C,FR-016-HDPE-600,2,"COR-003, COR-004",3204,L,200,0,1,7,8,Approved,Approved,Approved - First Pass,2026-08-13 15:35:25.061,—,Diogo Ferreira
LOTE-SK-M-SOP-016-5349,LOTE-M-SOP-016-5349,WO-7163,WO-15973,2026-08-17,Shift 1,SS-002,SK-FR-016-HDPE-600-2C,FR-016-HDPE-600,2,"COR-005, COR-006",19293,M,315,2,0,16,18,Approved,Rejected,Rejected - Scrapped,2026-08-18 14:41:39.674,—,Ana Silva
LOTE-SK-M-SOP-016-5350,LOTE-M-SOP-016-5350,WO-7165,WO-15975,2026-08-18,Shift 2,SS-001,SK-FR-016-HDPE-600-2C,FR-016-HDPE-600,2,"COR-008, COR-007",13568,M,315,0,0,9,9,Approved,Approved,Approved - First Pass,2026-08-19 12:25:28.230,—,Ana Silva
LOTE-SK-M-SOP-016-5351,LOTE-M-SOP-016-5351,WO-7167,WO-15977,2026-08-19,Shift 2,SS-001,SK-FR-016-HDPE-600-2C,FR-016-HDPE-600,2,"COR-004, COR-006",11340,M,315,0,1,4,5,Approved,Approved,Approved - First Pass,2026-08-21 02:06:39.971,—,Diogo Ferreira
LOTE-SK-M-SOP-016-5353,LOTE-M-SOP-016-5353,WO-7170,WO-15978,2026-08-22,Shift 1,SS-002,SK-FR-016-HDPE-600-2C,FR-016-HDPE-600,2,"COR-004, COR-002",7130,L,200,0,0,6,6,Approved,Approved,Approved - First Pass,2026-08-22 23:38:05.465,—,Diogo Ferreira
LOTE-SK-M-SOP-016-5355,LOTE-M-SOP-016-5355,WO-7175,WO-15981,2026-08-25,Shift 3,SS-001,SK-FR-016-HDPE-600-2C,FR-016-HDPE-600,2,"COR-001, COR-003",14457,M,315,0,0,8,8,Approved,Approved,Approved - First Pass,2026-08-27 01:55:47.801,—,Beatriz Costa
LOTE-SK-M-SOP-016-5358,LOTE-M-SOP-016-5358,WO-7182,WO-15985,2026-08-30,SHIFT 2,SS-001,SK-FR-016-HDPE-600-2C,FR-016-HDPE-600,2,"COR-007, COR-008",11011,M,315,1,1,8,10,Approved,Rejected,Rejected - Scrapped,2026-08-31 07:10:44.846,—,Beatriz Costa
LOTE-SK-M-SOP-016-5360,LOTE-M-SOP-016-5360,WO-7185,WO-15986,2026-09-02,Shift 3,SS-002,SK-FR-016-HDPE-600-2C,FR-016-HDPE-600,2,"COR-003, COR-008",5703,L,200,0,0,9,9,Approved,Approved,Approved - First Pass,2026-09-03 05:04:27.859,—,Diogo Ferreira
LOTE-SK-M-SOP-016-5361,LOTE-M-SOP-016-5361,WO-7186,WO-15987,2026-09-03,Shift 3,SS-002,SK-FR-016-HDPE-600-2C,FR-016-HDPE-600,2,"COR-003, COR-008",4937,L,200,0,4,6,10,Approved,Approved,Approved - First Pass,2026-09-04 02:12:36.756,—,Carlos Mendes
LOTE-SK-M-SOP-016-5365,LOTE-M-SOP-016-5365,WO-7194,WO-15989,2026-09-07,Shift 1,SS-002,SK-FR-016-HDPE-600-2C,FR-016-HDPE-600,2,"COR-006, COR-002",6534,L,200,0,0,2,2,Approved,Approved,Approved - First Pass,2026-09-08 17:05:05.232,—,Elena Santos
LOTE-SK-M-SOP-016-5366,LOTE-M-SOP-016-5366,WO-7196,WO-15991,2026-09-08,Shift 1,SS-002,SK-FR-016-HDPE-600-2C,FR-016-HDPE-600,2,"COR-005, COR-001",9861,L,200,0,1,4,5,Approved,Approved,Approved - First Pass,2026-09-09 13:26:37.737,—,Elena Santos
LOTE-SK-M-SOP-016-5368,LOTE-M-SOP-016-5368,WO-7200,WO-15995,2026-09-11,Shift 1,SS-002,SK-FR-016-HDPE-600-2C,FR-016-HDPE-600,2,"COR-001, COR-003",15310,M,315,0,0,9,9,Approved,Approved,Approved - First Pass,2026-09-12 05:20:30.682,—,Diogo Ferreira
LOTE-SK-M-SOP-016-5370,LOTE-M-SOP-016-5370,WO-7204,WO-15999,2026-09-13,Shift 2,SS-001,SK-FR-016-HDPE-600-2C,FR-016-HDPE-600,2,"COR-008, COR-005",5261,L,200,2,0,7,9,Rejected,Approved,Approved - Reworked,2026-09-14 12:16:52.946,—,Elena Santos
LOTE-SK-M-SOP-016-5371,LOTE-M-SOP-016-5371,WO-7207,WO-16002,2026-09-15,Shift 3,SS-001,SK-FR-016-HDPE-600-2C,FR-016-HDPE-600,2,"COR-005, COR-006",18613,M,315,0,0,4,4,Approved,Approved,Approved - First Pass,2026-09-16 18:03:50.255,—,Ana Silva
LOTE-SK-M-SOP-016-5375,LOTE-M-SOP-016-5375,WO-7211,WO-16004,2026-09-18,Shift 1,SS-001,SK-FR-016-HDPE-600-2C,FR-016-HDPE-600,2,"COR-007, COR-004",10089,M,315,0,0,6,6,Approved,Approved,Approved - First Pass,2026-09-19 12:37:48.485,—,Elena Santos
LOTE-SK-M-SOP-016-5377,LOTE-M-SOP-016-5377,WO-7214,WO-16005,2026-09-20,Shift 2,SS-002,SK-FR-016-HDPE-600-2C,FR-016-HDPE-600,2,"COR-002, COR-006",5508,L,200,1,0,3,4,Rejected,Rejected,Rejected - Scrapped,2026-09-21 07:44:04.272,Cure:1(Re=1),Diogo Ferreira
LOTE-SK-M-SOP-016-5379,LOTE-M-SOP-016-5379,WO-7220,WO-16008,2026-09-26,Shift 3,SS-001,SK-FR-016-HDPE-600-2C,FR-016-HDPE-600,2,"COR-006, COR-005",18924,M,315,1,0,9,10,Approved,Rejected,Rejected - Scrapped,2026-09-27 00:09:48.913,—,Elena Santos
LOTE-SK-M-SOP-022-5381,LOTE-M-SOP-022-5381,WO-7225,WO-16013,2026-09-28,SHIFT 1,SS-002,SK-FR-022-MDPE-1000-2C,FR-022-MDPE-1000,2,"COR-003, COR-001",8165,L,200,0,0,3,3,Approved,Approved,Approved - First Pass,2026-09-29 06:42:48.733,—,Carlos Mendes
LOTE-SK-M-SOP-016-5382,LOTE-M-SOP-016-5382,WO-7226,WO-16014,2026-09-29,Shift 3,SS-001,SK-FR-016-HDPE-600-2C,FR-016-HDPE-600,2,"COR-006, COR-002",7514,L,200,0,1,2,3,Approved,Approved,Approved - First Pass,2026-09-29 19:00:32.256,—,Diogo Ferreira
LOTE-SK-M-SOP-016-5388,LOTE-M-SOP-016-5388,WO-7237,WO-16020,2026-10-06,Shift 1,SS-001,SK-FR-016-HDPE-600-2C,FR-016-HDPE-600,2,"COR-004, COR-003",11988,M,315,1,0,1,2,Rejected,Rejected,Rejected - Scrapped,2026-10-07 11:32:20.316,Cure:1(Re=1),Carlos Mendes
LOTE-SK-M-SOP-016-5393,LOTE-M-SOP-016-5393,WO-7244,WO-16021,2026-10-12,SHIFT 1,SS-001,SK-FR-016-HDPE-600-2C,FR-016-HDPE-600,2,"COR-003, COR-001",9713,L,200,0,1,15,16,Approved,Approved,Approved - First Pass,2026-10-13 16:06:08.692,—,Carlos Mendes
LOTE-SK-M-SOP-016-5399,LOTE-M-SOP-016-5399,WO-7253,WO-16026,2026-10-17,Shift 2,SS-001,SK-FR-016-HDPE-600-2C,FR-016-HDPE-600,2,"COR-003, COR-001",18184,M,315,1,0,11,12,Approved,Rejected,Rejected - Scrapped,2026-10-18 18:55:38.836,—,Diogo Ferreira
LOTE-SK-M-SOP-016-5400,LOTE-M-SOP-016-5400,WO-7254,WO-16027,2026-10-18,Shift 1,SS-001,SK-FR-016-HDPE-600-2C,FR-016-HDPE-600,2,"COR-003, COR-008",3427,L,200,0,1,6,7,Approved,Approved,Approved - First Pass,2026-10-19 13:22:57.619,—,Diogo Ferreira
LOTE-SK-M-SOP-016-5402,LOTE-M-SOP-016-5402,WO-7258,WO-16031,2026-10-21,Shift 2,SS-002,SK-FR-016-HDPE-600-2C,FR-016-HDPE-600,2,"COR-007, COR-005",11788,M,315,0,4,6,10,Approved,Approved,Approved - First Pass,2026-10-22 16:59:49.962,—,Beatriz Costa
LOTE-SK-M-SOP-016-5406,LOTE-M-SOP-016-5406,WO-7264,WO-16034,2026-10-25,Shift 3,SS-001,SK-FR-016-HDPE-600-2C,FR-016-HDPE-600,2,"COR-006, COR-008",3476,L,200,0,2,5,7,Approved,Approved,Approved - First Pass,2026-10-25 16:00:02.547,—,Elena Santos
LOTE-SK-M-SOP-016-5408,LOTE-M-SOP-016-5408,WO-7268,WO-16037,2026-10-28,Shift 1,SS-001,SK-FR-016-HDPE-600-2C,FR-016-HDPE-600,2,"COR-005, COR-003",22066,M,315,0,1,13,14,Approved,Approved,Approved - First Pass,2026-10-29 16:55:21.669,—,Elena Santos
LOTE-SK-M-SOP-016-5409,LOTE-M-SOP-016-5409,WO-7269,WO-16038,2026-10-29,Shift 1,SS-002,SK-FR-016-HDPE-600-2C,FR-016-HDPE-600,2,"COR-003, COR-001",9781,L,200,0,1,8,9,Approved,Approved,Approved - First Pass,2026-10-30 23:06:54.599,—,Carlos Mendes
LOTE-SK-M-SOP-016-5410,LOTE-M-SOP-016-5410,WO-7272,WO-16041,2026-10-31,Shift 3,SS-002,SK-FR-016-HDPE-600-2C,FR-016-HDPE-600,2,"COR-005, COR-003",10008,M,315,1,0,3,4,Approved,Rejected,Rejected - Scrapped,2026-11-01 11:16:52.201,—,Diogo Ferreira
LOTE-SK-M-SOP-016-5413,LOTE-M-SOP-016-5413,WO-7275,WO-16042,2026-11-03,Shift 3,SS-002,SK-FR-016-HDPE-600-2C,FR-016-HDPE-600,2,"COR-004, COR-005",6087,L,200,0,0,2,2,Approved,Approved,Approved - First Pass,2026-11-03 23:31:17.641,—,Ana Silva
LOTE-SK-M-SOP-016-5414,LOTE-M-SOP-016-5414,WO-7276,WO-16043,2026-11-03,Shift 3,SS-002,SK-FR-016-HDPE-600-2C,FR-016-HDPE-600,2,"COR-004, COR-006",7221,L,200,0,0,1,1,Approved,Approved,Approved - First Pass,2026-11-04 08:46:44.030,—,Carlos Mendes
LOTE-SK-M-SOP-016-5417,LOTE-M-SOP-016-5417,WO-7280,WO-16045,2026-11-06,Shift 2,SS-002,SK-FR-016-HDPE-600-2C,FR-016-HDPE-600,2,"COR-008, COR-007",14667,M,315,0,0,0,0,Approved,Approved,Approved - First Pass,2026-11-07 07:36:59.380,—,Diogo Ferreira
LOTE-SK-M-SOP-016-5419,LOTE-M-SOP-016-5419,WO-7285,WO-16047,2026-11-10,Shift 2,SS-001,SK-FR-016-HDPE-600-2C,FR-016-HDPE-600,2,"COR-004, COR-007",14646,M,315,0,0,3,3,Approved,Approved,Approved - First Pass,2026-11-12 00:23:31.293,—,Beatriz Costa
LOTE-SK-M-SOP-016-5426,LOTE-M-SOP-016-5426,WO-7298,WO-16052,2026-11-18,Shift 1,SS-001,SK-FR-016-HDPE-600-2C,FR-016-HDPE-600,2,"COR-004, COR-002",8747,L,200,1,1,4,6,Rejected,Approved,Approved - Reworked,2026-11-19 06:08:00.502,—,Carlos Mendes
LOTE-SK-M-SOP-016-5428,LOTE-M-SOP-016-5428,WO-7300,WO-16053,2026-11-19,Shift 1,SS-002,SK-FR-016-HDPE-600-2C,FR-016-HDPE-600,2,"COR-007, COR-001",7814,L,200,0,0,0,0,Approved,Approved,Approved - First Pass,2026-11-20 21:34:51.345,—,Diogo Ferreira
LOTE-SK-M-SOP-016-5430,LOTE-M-SOP-016-5430,WO-7303,WO-16055,2026-11-22,Shift 3,SS-002,SK-FR-016-HDPE-600-2C,FR-016-HDPE-600,2,"COR-005, COR-002",14979,M,315,0,0,7,7,Approved,Approved,Approved - First Pass,2026-11-24 08:02:31.485,—,Beatriz Costa
LOTE-SK-M-SOP-016-5432,LOTE-M-SOP-016-5432,WO-7305,WO-16057,2026-11-24,Shift 1,SS-001,SK-FR-016-HDPE-600-2C,FR-016-HDPE-600,2,"COR-003, COR-008",5118,L,200,0,1,1,2,Approved,Approved,Approved - First Pass,2026-11-25 00:17:09.310,—,Beatriz Costa
LOTE-SK-M-SOP-016-5437,LOTE-M-SOP-016-5437,WO-7312,WO-16061,2026-11-29,Shift 1,SS-001,SK-FR-016-HDPE-600-2C,FR-016-HDPE-600,2,"COR-004, COR-001",18725,M,315,0,1,2,3,Approved,Approved,Approved - First Pass,2026-11-30 11:24:57.855,—,Elena Santos
LOTE-SK-M-SOP-016-5438,LOTE-M-SOP-016-5438,WO-7313,WO-16062,2026-11-29,Shift 2,SS-002,SK-FR-016-HDPE-600-2C,FR-016-HDPE-600,2,"COR-005, COR-008",8791,L,200,0,0,3,3,Approved,Approved,Approved - First Pass,2026-12-01 07:06:02.143,—,Ana Silva
LOTE-SK-M-SOP-016-5439,LOTE-M-SOP-016-5439,WO-7315,WO-16064,2026-12-01,Shift 2,SS-002,SK-FR-016-HDPE-600-2C,FR-016-HDPE-600,2,"COR-002, COR-007",13570,M,315,1,0,6,7,Rejected,Rejected,Rejected - Scrapped,2026-12-03 02:20:07.237,Adhesion:1(Re=1),Elena Santos
LOTE-SK-M-SOP-016-5441,LOTE-M-SOP-016-5441,WO-7317,WO-16065,2026-12-02,Shift 2,SS-001,SK-FR-016-HDPE-600-2C,FR-016-HDPE-600,2,"COR-002, COR-003",6331,L,200,0,0,0,0,Approved,Approved,Approved - First Pass,2026-12-03 20:24:53.307,—,Diogo Ferreira
LOTE-SK-M-SOP-016-5443,LOTE-M-SOP-016-5443,WO-7323,WO-16071,2026-12-07,Shift 3,SS-002,SK-FR-016-HDPE-600-2C,FR-016-HDPE-600,2,"COR-002, COR-007",16556,M,315,0,0,3,3,Approved,Approved,Approved - First Pass,2026-12-08 08:12:05.413,—,Elena Santos
LOTE-SK-M-SOP-016-5446,LOTE-M-SOP-016-5446,WO-7329,WO-16073,2026-12-11,Shift 2,SS-001,SK-FR-016-HDPE-600-2C,FR-016-HDPE-600,2,"COR-007, COR-002",8658,L,200,0,1,5,6,Approved,Approved,Approved - First Pass,2026-12-13 07:50:31.031,—,Beatriz Costa
LOTE-SK-M-SOP-016-5447,LOTE-M-SOP-016-5447,WO-7330,WO-16074,2026-12-13,Shift 1,SS-002,SK-FR-016-HDPE-600-2C,FR-016-HDPE-600,2,"COR-005, COR-007",5856,L,200,0,1,1,2,Approved,Approved,Approved - First Pass,2026-12-14 11:15:24.081,—,Beatriz Costa
LOTE-SK-M-SOP-016-5449,LOTE-M-SOP-016-5449,WO-7332,WO-16075,2026-12-14,Shift 1,SS-002,SK-FR-016-HDPE-600-2C,FR-016-HDPE-600,2,"COR-008, COR-002",3456,L,200,0,0,0,0,Approved,Approved,Approved - First Pass,2026-12-15 17:55:47.354,—,Beatriz Costa
LOTE-SK-M-SOP-022-5452,LOTE-M-SOP-022-5452,WO-7337,WO-16077,2026-12-17,Shift 2,SS-002,SK-FR-022-MDPE-1000-2C,FR-022-MDPE-1000,2,"COR-006, COR-003",7109,L,200,0,0,8,8,Approved,Approved,Approved - First Pass,2026-12-18 11:50:18.312,—,Elena Santos
LOTE-SK-M-SOP-016-5454,LOTE-M-SOP-016-5454,WO-7341,WO-16078,2026-12-19,Shift 3,SS-002,SK-FR-016-HDPE-600-2C,FR-016-HDPE-600,2,"COR-004, COR-003",5115,L,200,0,0,7,7,Approved,Approved,Approved - First Pass,2026-12-21 03:46:16.310,—,Beatriz Costa
LOTE-SK-M-SOP-016-5459,LOTE-M-SOP-016-5459,WO-7349,WO-16081,2026-12-25,Shift 3,SS-002,SK-FR-016-HDPE-600-2C,FR-016-HDPE-600,2,"COR-003, COR-004",5520,L,200,0,0,2,2,Approved,Approved,Approved - First Pass,2026-12-26 07:50:30.862,—,Diogo Ferreira
LOTE-SK-M-SOP-016-5463,LOTE-M-SOP-016-5463,WO-7359,WO-16086,2026-12-30,Shift 3,SS-001,SK-FR-016-HDPE-600-2C,FR-016-HDPE-600,2,"COR-005, COR-002",22783,M,315,0,1,11,12,Approved,Approved,Approved - First Pass,2027-01-01 00:39:26.619,—,Elena Santos
LOTE-SK-FR-007-PP-350-1C-7789,LOTE-M-SOP-007-2189,WO-1355,WO-16092,2026-03-05,Shift 3,SS-002,SK-FR-007-PP-350-1C,FR-007-PP-350,1,COR-006,15759,M,315,0,0,0,0,Approved,Approved,Approved - First Pass,2026-03-05 22:55:48.061,—,Carlos Mendes
LOTE-SK-FR-007-rPET-350-1C-7791,LOTE-M-SOP-007-2233,WO-1434,WO-16094,2026-04-30,Shift 2,SS-001,SK-FR-007-rPET-350-1C,FR-007-rPET-350,1,COR-001,9292,L,200,0,0,0,0,Approved,Approved,Approved - First Pass,2026-05-02 04:49:54.049,—,Ana Silva
LOTE-SK-M-SOP-001-2004,LOTE-M-SOP-001-2004,WO-1006,WO-12281,2025-07-06,SHIFT 1,HF-002,RS-HF-002,FR-001-rPET-300,1,COR-008,9806,L,200,0,2,0,2,Approved,Approved,Approved - First Pass,2025-07-07 17:44:49.709,—,Beatriz Costa
LOTE-SK-M-SOP-001-2005,LOTE-M-SOP-001-2005,WO-1007,WO-12282,2025-07-07,Shift 3,HF-001,RS-HF-001,FR-001-rPET-300,1,COR-004,5027,L,200,0,4,0,4,Approved,Approved,Approved - First Pass,2025-07-08 04:41:30.572,—,Elena Santos
LOTE-SK-M-SOP-007-2010,LOTE-M-SOP-007-2010,WO-1020,WO-12292,2025-07-16,Shift 3,HF-001,RS-HF-001,FR-007-PVC-350,1,COR-002,30529,M,315,2,5,0,7,Rejected,Rejected,Rejected - Scrapped,2025-07-17 07:28:15.370,Foil Adhesion:1(Re=1),Elena Santos
LOTE-SK-M-SOP-001-2024,LOTE-M-SOP-001-2024,WO-1046,WO-12304,2025-08-04,Shift 3,HF-002,RS-HF-002,FR-001-rPET-300,1,COR-007,10755,M,315,0,2,0,2,Approved,Approved,Approved - First Pass,2025-08-05 01:27:54.199,—,Beatriz Costa
LOTE-SK-M-SOP-001-2026,LOTE-M-SOP-001-2026,WO-1048,WO-12305,2025-08-05,Shift 3,HF-002,RS-HF-002,FR-001-rPET-300,1,COR-001,5418,L,200,0,0,0,0,Approved,Approved,Approved - First Pass,2025-08-06 12:52:03.236,—,Ana Silva
LOTE-SK-M-SOP-001-2029,LOTE-M-SOP-001-2029,WO-1053,WO-12306,2025-08-08,Shift 3,HF-001,RS-HF-001,FR-001-rPET-300,1,COR-008,5005,L,200,0,1,0,1,Approved,Approved,Approved - First Pass,2025-08-09 04:17:38.470,—,Elena Santos
LOTE-SK-M-SOP-007-2033,LOTE-M-SOP-007-2033,WO-1059,WO-12310,2025-08-13,  Shift 1  ,HF-001,RS-HF-001,FR-007-PVC-350,1,COR-003,13267,M,315,0,4,0,4,Approved,Approved,Approved - First Pass,2025-08-14 15:15:51.097,—,Diogo Ferreira
LOTE-SK-M-SOP-001-2038,LOTE-M-SOP-001-2038,WO-1069,WO-12317,2025-08-20,Shift 1,HF-001,RS-HF-001,FR-001-rPET-300,1,COR-008,22179,M,315,0,4,0,4,Approved,Approved,Approved - First Pass,2025-08-22 05:45:21.526,—,Diogo Ferreira
LOTE-SK-M-SOP-001-2042,LOTE-M-SOP-001-2042,WO-1080,WO-12322,2025-08-27,Shift 2,HF-001,RS-HF-001,FR-001-rPET-300,1,COR-005,17307,M,315,0,2,0,2,Approved,Approved,Approved - First Pass,2025-08-28 17:33:56.010,—,Elena Santos
LOTE-SK-M-SOP-001-2049,LOTE-M-SOP-001-2049,WO-1090,WO-12329,2025-09-03,Shift 3,HF-001,RS-HF-001,FR-001-rPET-300,1,COR-007,7830,L,200,0,1,0,1,Approved,Approved,Approved - First Pass,2025-09-05 01:49:49.047,—,Carlos Mendes
LOTE-SK-M-SOP-001-2055,LOTE-M-SOP-001-2055,WO-1105,WO-12339,2025-09-14,Shift 1,HF-002,RS-HF-002,FR-001-rPET-300,1,COR-001,1618,L,200,0,3,0,3,Approved,Approved,Approved - First Pass,2025-09-15 07:27:35.432,—,Ana Silva
LOTE-SK-M-SOP-001-2057,LOTE-M-SOP-001-2057,WO-1109,WO-12343,2025-09-17,Shift 1,HF-001,RS-HF-001,FR-001-rPET-300,1,COR-003,7351,L,200,0,0,0,0,Approved,Approved,Approved - First Pass,2025-09-18 06:23:02.334,—,Beatriz Costa
LOTE-SK-M-SOP-001-2058,LOTE-M-SOP-001-2058,WO-1111,WO-12345,2025-09-19,Shift 1,HF-001,RS-HF-001,FR-001-rPET-300,1,COR-008,6333,L,200,0,5,0,5,Approved,Approved,Approved - First Pass,2025-09-19 14:17:09.187,—,Elena Santos
LOTE-SK-M-SOP-007-2063,LOTE-M-SOP-007-2063,WO-1119,WO-12352,2025-09-24,Shift 3,HF-002,RS-HF-002,FR-007-PVC-350,1,COR-004,4434,L,200,0,2,0,2,Approved,Approved,Approved - First Pass,2025-09-25 05:49:45.882,—,Diogo Ferreira
LOTE-SK-M-SOP-007-2065,LOTE-M-SOP-007-2065,WO-1121,WO-12354,2025-09-25,Shift 2,HF-001,RS-HF-001,FR-007-PVC-350,1,COR-001,7594,L,200,0,1,0,1,Approved,Approved,Approved - First Pass,2025-09-27 01:44:42.942,—,Ana Silva
LOTE-SK-M-SOP-007-2067,LOTE-M-SOP-007-2067,WO-1126,WO-12356,2025-09-29,Shift 3,HF-001,RS-HF-001,FR-007-PVC-350,1,COR-005,9402,L,200,0,1,0,1,Approved,Approved,Approved - First Pass,2025-09-29 23:50:39.919,—,Beatriz Costa
LOTE-SK-M-SOP-001-2071,LOTE-M-SOP-001-2071,WO-1135,WO-12362,2025-10-05,Shift 3,HF-001,RS-HF-001,FR-001-rPET-300,1,COR-005,15035,M,315,1,3,0,4,Rejected,Rejected,Rejected - Scrapped,2025-10-06 01:40:32.883,Foil Transfer:1(Re=1),Elena Santos
LOTE-SK-M-SOP-001-2077,LOTE-M-SOP-001-2077,WO-1145,WO-12369,2025-10-12,Shift 1,HF-001,RS-HF-001,FR-001-rPET-300,1,COR-002,9909,L,200,0,0,0,0,Approved,Approved,Approved - First Pass,2025-10-14 04:07:21.482,—,Elena Santos
LOTE-SK-M-SOP-007-2080,LOTE-M-SOP-007-2080,WO-1150,WO-12374,2025-10-15,shift 3,HF-002,RS-HF-002,FR-007-PVC-350,1,COR-005,9144,L,200,2,1,0,3,Rejected,Rejected,Rejected - Scrapped,2025-10-16 04:58:07.540,Foil Transfer:1(Re=1),Carlos Mendes
LOTE-SK-M-SOP-007-2082,LOTE-M-SOP-007-2082,WO-1152,WO-12376,2025-10-17,Shift 3,HF-002,RS-HF-002,FR-007-PVC-350,1,COR-006,3562,L,200,1,4,0,5,Rejected,Approved,Approved - Released on Deviation,2025-10-18 00:02:15.648,—,Carlos Mendes
LOTE-SK-M-SOP-001-2084,LOTE-M-SOP-001-2084,WO-1155,WO-12377,2025-10-18,Shift 3,HF-001,RS-HF-001,FR-001-rPET-300,1,COR-007,6118,L,200,0,2,0,2,Approved,Approved,Approved - First Pass,2025-10-19 01:06:33.824,—,Carlos Mendes
LOTE-SK-M-SOP-001-2085,LOTE-M-SOP-001-2085,WO-1156,WO-12378,2025-10-18,Shift 1,HF-002,RS-HF-002,FR-001-rPET-300,1,COR-008,1108,L,200,0,0,0,0,Approved,Approved,Approved - First Pass,2025-10-19 15:19:47.354,—,Carlos Mendes
LOTE-SK-M-SOP-001-2086,LOTE-M-SOP-001-2086,WO-1158,WO-12380,2025-10-19,Shift 1,HF-002,RS-HF-002,FR-001-rPET-300,1,COR-004,13230,M,315,0,3,0,3,Approved,Approved,Approved - First Pass,2025-10-20 03:22:28.797,—,Elena Santos
LOTE-SK-M-SOP-007-2090,LOTE-M-SOP-007-2090,WO-1164,WO-12383,2025-10-24,shift 1,HF-002,RS-HF-002,FR-007-PVC-350,1,COR-003,11808,M,315,0,0,0,0,Approved,Approved,Approved - First Pass,2025-10-25 11:26:43.016,—,Diogo Ferreira
LOTE-SK-M-SOP-001-2091,LOTE-M-SOP-001-2091,WO-1166,WO-12385,2025-10-25,Shift 1,HF-001,RS-HF-001,FR-001-rPET-300,1,COR-001,10435,M,315,1,1,0,2,Rejected,Rejected,Rejected - Scrapped,2025-10-26 06:00:09.040,Foil Transfer:1(Re=1),Beatriz Costa
LOTE-SK-M-SOP-001-2100,LOTE-M-SOP-001-2100,WO-1181,WO-12398,2025-11-03,Shift 2,HF-002,RS-HF-002,FR-001-rPET-300,1,COR-002,6366,L,200,0,3,0,3,Approved,Approved,Approved - First Pass,2025-11-04 23:02:15.631,—,Diogo Ferreira
LOTE-SK-M-SOP-001-2101,LOTE-M-SOP-001-2101,WO-1182,WO-12399,2025-11-03,Shift 3,HF-002,RS-HF-002,FR-001-rPET-300,1,COR-008,3459,L,200,0,1,0,1,Approved,Approved,Approved - First Pass,2025-11-05 01:59:01.997,—,Elena Santos
LOTE-SK-M-SOP-001-2107,LOTE-M-SOP-001-2107,WO-1192,WO-12406,2025-11-09,Shift 2,HF-002,RS-HF-002,FR-001-rPET-300,1,COR-006,5602,L,200,0,2,0,2,Approved,Approved,Approved - First Pass,2025-11-11 02:12:29.241,—,Diogo Ferreira
LOTE-SK-M-SOP-001-2109,LOTE-M-SOP-001-2109,WO-1194,WO-12408,2025-11-12,Shift 3,HF-001,RS-HF-001,FR-001-rPET-300,1,COR-008,8056,L,200,0,5,0,5,Approved,Approved,Approved - First Pass,2025-11-13 22:08:29.025,—,Diogo Ferreira
LOTE-SK-M-SOP-001-2113,LOTE-M-SOP-001-2113,WO-1202,WO-12416,2025-11-16,Shift 1,HF-002,RS-HF-002,FR-001-rPET-300,1,COR-004,6699,L,200,1,5,0,6,Rejected,Rejected,Rejected - Scrapped,2025-11-17 13:51:57.696,Foil Adhesion:1(Re=1),Diogo Ferreira
LOTE-SK-M-SOP-001-2117,LOTE-M-SOP-001-2117,WO-1210,WO-12422,2025-11-22,Shift 3,HF-001,RS-HF-001,FR-001-rPET-300,1,COR-005,11062,M,315,0,2,0,2,Approved,Approved,Approved - First Pass,2025-11-23 00:57:57.672,—,Beatriz Costa
LOTE-SK-M-SOP-001-2118,LOTE-M-SOP-001-2118,WO-1213,WO-12425,2025-11-24,Shift 1,HF-001,RS-HF-001,FR-001-rPET-300,1,COR-003,17866,M,315,1,2,0,3,Rejected,Rejected,Rejected - Scrapped,2025-11-26 03:34:42.593,Foil Transfer:1(Re=1),Beatriz Costa
LOTE-SK-M-SOP-007-2119,LOTE-M-SOP-007-2119,WO-1214,WO-12426,2025-11-24,Shift 3,HF-001,RS-HF-001,FR-007-PVC-350,1,COR-001,10024,M,315,0,1,0,1,Approved,Approved,Approved - First Pass,2025-11-26 08:21:17.583,—,Carlos Mendes
LOTE-SK-M-SOP-001-2120,LOTE-M-SOP-001-2120,WO-1215,WO-12427,2025-11-25,Shift 1,HF-002,RS-HF-002,FR-001-rPET-300,1,COR-004,6172,L,200,0,0,0,0,Approved,Approved,Approved - First Pass,2025-11-27 00:24:59.773,—,Diogo Ferreira
LOTE-SK-M-SOP-007-2121,LOTE-M-SOP-007-2121,WO-1216,WO-12428,2025-11-26,Shift 1,HF-002,RS-HF-002,FR-007-PVC-350,1,COR-001,3100,L,200,0,0,0,0,Approved,Approved,Approved - First Pass,2025-11-27 00:22:07.700,—,Diogo Ferreira
LOTE-SK-M-SOP-001-2122,LOTE-M-SOP-001-2122,WO-1217,WO-12429,2025-11-26,Shift 1,HF-002,RS-HF-002,FR-001-rPET-300,1,COR-007,2451,L,200,0,2,0,2,Approved,Approved,Approved - First Pass,2025-11-27 06:45:27.614,—,Diogo Ferreira
LOTE-SK-M-SOP-001-2125,LOTE-M-SOP-001-2125,WO-1225,WO-12437,2025-12-02,Shift 2,HF-001,RS-HF-001,FR-001-rPET-300,1,COR-007,11000,M,315,0,1,0,1,Approved,Approved,Approved - First Pass,2025-12-03 10:43:38.198,—,Diogo Ferreira
LOTE-SK-M-SOP-007-2126,LOTE-M-SOP-007-2126,WO-1228,WO-12440,2025-12-05,Shift 3,HF-001,RS-HF-001,FR-007-PVC-350,1,COR-001,19226,M,315,1,9,0,10,Rejected,Rejected,Rejected - Scrapped,2025-12-06 12:17:40.377,Foil Transfer:1(Re=1),Elena Santos
LOTE-SK-M-SOP-007-2131,LOTE-M-SOP-007-2131,WO-1238,WO-12450,2025-12-12,Shift 1,HF-002,RS-HF-002,FR-007-PVC-350,1,COR-005,23759,M,315,0,3,0,3,Approved,Approved,Approved - First Pass,2025-12-13 17:26:26.669,—,Beatriz Costa
LOTE-SK-M-SOP-007-2136,LOTE-M-SOP-007-2136,WO-1244,WO-12454,2025-12-16,Shift 1,HF-002,RS-HF-002,FR-007-PVC-350,1,COR-003,3909,L,200,0,2,0,2,Approved,Approved,Approved - First Pass,2025-12-17 07:28:18.257,—,Beatriz Costa
LOTE-SK-M-SOP-001-2137,LOTE-M-SOP-001-2137,WO-1247,WO-12457,2025-12-18,Shift 3,HF-001,RS-HF-001,FR-001-rPET-300,1,COR-005,13769,M,315,0,0,0,0,Approved,Approved,Approved - First Pass,2025-12-19 03:27:48.524,—,Diogo Ferreira
LOTE-SK-M-SOP-007-2138,LOTE-M-SOP-007-2138,WO-1249,WO-12459,2025-12-19,Shift 1,HF-002,RS-HF-002,FR-007-PVC-350,1,COR-006,8606,L,200,0,3,0,3,Approved,Approved,Approved - First Pass,2025-12-20 15:11:01.864,—,Ana Silva
LOTE-SK-M-SOP-007-2146,LOTE-M-SOP-007-2146,WO-1263,WO-12463,2025-12-29,Shift 2,HF-002,RS-HF-002,FR-007-PVC-350,1,COR-006,15500,M,315,0,2,0,2,Approved,Approved,Approved - First Pass,2025-12-30 23:55:31.469,—,Beatriz Costa
LOTE-SK-M-SOP-001-2147,LOTE-M-SOP-001-2147,WO-1266,WO-12466,2025-12-31,SHIFT 1,HF-002,RS-HF-002,FR-001-rPET-300,1,COR-001,13745,M,315,0,7,0,7,Approved,Approved,Approved - First Pass,2026-01-01 21:42:54.422,—,Carlos Mendes
LOTE-SK-M-SOP-007-2149,LOTE-M-SOP-007-2149,WO-1271,WO-12471,2026-01-04,Shift 1,HF-001,RS-HF-001,FR-007-PVC-350,1,COR-004,9323,L,200,0,1,0,1,Approved,Approved,Approved - First Pass,2026-01-05 12:32:55.168,—,Diogo Ferreira
LOTE-SK-M-SOP-007-2150,LOTE-M-SOP-007-2150,WO-1273,WO-12473,2026-01-05,shift 2,HF-002,RS-HF-002,FR-007-PVC-350,1,COR-004,11958,M,315,0,5,0,5,Approved,Approved,Approved - First Pass,2026-01-06 14:23:11.368,—,Carlos Mendes
LOTE-SK-M-SOP-001-2160,LOTE-M-SOP-001-2160,WO-1295,WO-12485,2026-01-21,Shift 3,HF-002,RS-HF-002,FR-001-rPET-300,1,COR-001,11822,M,315,0,3,0,3,Approved,Approved,Approved - First Pass,2026-01-22 15:34:09.989,—,Ana Silva
LOTE-SK-M-SOP-001-2164,LOTE-M-SOP-001-2164,WO-1303,WO-12488,2026-01-27,Shift 3,HF-001,RS-HF-001,FR-001-rPET-300,1,COR-006,11442,M,315,1,4,0,5,Rejected,Rejected,Rejected - Scrapped,2026-01-28 02:33:52.497,Foil Transfer:1(Re=1),Beatriz Costa
LOTE-SK-M-SOP-001-2165,LOTE-M-SOP-001-2165,WO-1304,WO-12489,2026-01-27,Shift 2,HF-002,RS-HF-002,FR-001-rPET-300,1,COR-001,7605,L,200,0,1,0,1,Approved,Approved,Approved - First Pass,2026-01-28 16:09:19.291,—,Diogo Ferreira
LOTE-SK-M-SOP-007-2171,LOTE-M-SOP-007-2171,WO-1317,WO-12498,2026-02-07,Shift 3,HF-001,RS-HF-001,FR-007-PVC-350,1,COR-001,21035,M,315,0,4,0,4,Approved,Approved,Approved - First Pass,2026-02-08 19:21:06.666,—,Diogo Ferreira
LOTE-SK-M-SOP-001-2173,LOTE-M-SOP-001-2173,WO-1320,WO-12501,2026-02-08,Shift 2,HF-002,RS-HF-002,FR-001-rPET-300,1,COR-005,7336,L,200,1,0,0,1,Rejected,Approved,Approved - Released on Deviation,2026-02-09 14:45:42.443,—,Beatriz Costa
LOTE-SK-M-SOP-007-2175,LOTE-M-SOP-007-2175,WO-1325,WO-12504,2026-02-11,Shift 2,HF-001,RS-HF-001,FR-007-PVC-350,1,COR-003,9719,L,200,1,5,0,6,Rejected,Approved,Approved - Released on Deviation,2026-02-12 10:43:10.541,—,Beatriz Costa
LOTE-SK-M-SOP-001-2185,LOTE-M-SOP-001-2185,WO-1344,WO-12514,2026-02-24,  Shift 2  ,HF-002,RS-HF-002,FR-001-rPET-300,1,COR-003,12777,M,315,1,3,0,4,Rejected,Rejected,Rejected - Scrapped,2026-02-25 16:00:42.353,Foil Transfer:1(Re=1),Diogo Ferreira
LOTE-SK-M-SOP-001-2186,LOTE-M-SOP-001-2186,WO-1346,WO-12516,2026-02-25,Shift 2,HF-001,RS-HF-001,FR-001-rPET-300,1,COR-003,9101,L,200,0,1,0,1,Approved,Approved,Approved - First Pass,2026-02-27 05:38:07.214,—,Ana Silva
LOTE-SK-M-SOP-001-2191,LOTE-M-SOP-001-2191,WO-1360,WO-12527,2026-03-07,Shift 1,HF-002,RS-HF-002,FR-001-rPET-300,1,COR-007,13192,M,315,0,2,0,2,Approved,Approved,Approved - First Pass,2026-03-08 00:48:35.918,—,Carlos Mendes
LOTE-SK-M-SOP-001-2193,LOTE-M-SOP-001-2193,WO-1365,WO-12529,2026-03-11,Shift 2,HF-001,RS-HF-001,FR-001-rPET-300,1,COR-007,8769,L,200,0,3,0,3,Approved,Approved,Approved - First Pass,2026-03-12 10:56:00.531,—,Carlos Mendes
LOTE-SK-M-SOP-001-2207,LOTE-M-SOP-001-2207,WO-1386,WO-12540,2026-03-26,Shift 1,HF-002,RS-HF-002,FR-001-rPET-300,1,COR-003,11637,M,315,0,1,0,1,Approved,Approved,Approved - First Pass,2026-03-27 14:18:14.510,—,Beatriz Costa
LOTE-SK-M-SOP-001-2208,LOTE-M-SOP-001-2208,WO-1390,WO-12544,2026-03-28,Shift 1,HF-002,RS-HF-002,FR-001-rPET-300,1,COR-006,15847,M,315,0,2,0,2,Approved,Approved,Approved - First Pass,2026-03-29 09:55:25.617,—,Diogo Ferreira
LOTE-SK-M-SOP-001-2209,LOTE-M-SOP-001-2209,WO-1391,WO-12545,2026-03-28,Shift 3,HF-001,RS-HF-001,FR-001-rPET-300,1,COR-001,3881,L,200,0,1,0,1,Approved,Approved,Approved - First Pass,2026-03-30 06:45:51.894,—,Elena Santos
LOTE-SK-M-SOP-001-2211,LOTE-M-SOP-001-2211,WO-1393,WO-12547,2026-03-30,Shift 2,HF-001,RS-HF-001,FR-001-rPET-300,1,COR-008,5876,L,200,0,3,0,3,Approved,Approved,Approved - First Pass,2026-04-01 05:38:46.210,—,Carlos Mendes
LOTE-SK-M-SOP-001-2213,LOTE-M-SOP-001-2213,WO-1398,WO-12550,2026-04-02,Shift 2,HF-001,RS-HF-001,FR-001-rPET-300,1,COR-008,11450,M,315,0,1,0,1,Approved,Approved,Approved - First Pass,2026-04-03 16:54:39.441,—,Elena Santos
LOTE-SK-M-SOP-001-2215,LOTE-M-SOP-001-2215,WO-1401,WO-12553,2026-04-04,Shift 2,HF-002,RS-HF-002,FR-001-rPET-300,1,COR-004,6822,L,200,0,1,0,1,Approved,Approved,Approved - First Pass,2026-04-05 20:00:29.386,—,Diogo Ferreira
LOTE-SK-M-SOP-001-2219,LOTE-M-SOP-001-2219,WO-1407,WO-12556,2026-04-09,Shift 3,HF-001,RS-HF-001,FR-001-rPET-300,1,COR-007,6245,L,200,0,3,0,3,Approved,Approved,Approved - First Pass,2026-04-10 00:57:17.879,—,Diogo Ferreira
LOTE-SK-M-SOP-001-2220,LOTE-M-SOP-001-2220,WO-1408,WO-12557,2026-04-09,Shift 3,HF-002,RS-HF-002,FR-001-rPET-300,1,COR-003,159,L,200,0,1,0,1,Approved,Approved,Approved - First Pass,2026-04-10 19:54:12.451,—,Elena Santos
LOTE-SK-M-SOP-001-2227,LOTE-M-SOP-001-2227,WO-1422,WO-12567,2026-04-20,Shift 1,HF-002,RS-HF-002,FR-001-rPET-300,1,COR-006,7173,L,200,0,1,0,1,Approved,Approved,Approved - First Pass,2026-04-20 22:19:48.437,—,Carlos Mendes
LOTE-SK-M-SOP-001-2251,LOTE-M-SOP-001-2251,WO-1464,WO-12598,2026-05-19,shift 2,HF-001,RS-HF-001,FR-001-rPET-300,1,COR-001,7678,L,200,0,4,0,4,Approved,Approved,Approved - First Pass,2026-05-21 05:05:37.489,—,Elena Santos
LOTE-SK-M-SOP-001-2265,LOTE-M-SOP-001-2265,WO-1491,WO-12619,2026-06-07,Shift 1,HF-002,RS-HF-002,FR-001-rPET-300,1,COR-003,18434,M,315,0,7,0,7,Approved,Approved,Approved - First Pass,2026-06-08 22:36:56.475,—,Beatriz Costa
LOTE-SK-M-SOP-007-2266,LOTE-M-SOP-007-2266,WO-1492,WO-12620,2026-06-07,Shift 2,HF-002,RS-HF-002,FR-007-PVC-350,1,COR-001,1420,L,200,0,0,0,0,Approved,Approved,Approved - First Pass,2026-06-08 11:14:46.681,—,Diogo Ferreira
LOTE-SK-M-SOP-007-2276,LOTE-M-SOP-007-2276,WO-1507,WO-12628,2026-06-17,Shift 2,HF-001,RS-HF-001,FR-007-PVC-350,1,COR-006,8268,L,200,0,1,0,1,Approved,Approved,Approved - First Pass,2026-06-18 22:30:11.700,—,Elena Santos
LOTE-SK-M-SOP-007-2281,LOTE-M-SOP-007-2281,WO-1515,WO-12635,2026-06-23,Shift 3,HF-002,RS-HF-002,FR-007-PVC-350,1,COR-004,4126,L,200,0,2,0,2,Approved,Approved,Approved - First Pass,2026-06-24 03:04:45.778,—,Diogo Ferreira
LOTE-SK-M-SOP-001-2293,LOTE-M-SOP-001-2293,WO-1535,WO-12645,2026-07-06,Shift 3,HF-002,RS-HF-002,FR-001-rPET-300,1,COR-007,16702,M,315,0,1,0,1,Approved,Approved,Approved - First Pass,2026-07-07 09:56:44.898,—,Beatriz Costa
LOTE-SK-M-SOP-001-2298,LOTE-M-SOP-001-2298,WO-1545,WO-12654,2026-07-12,Shift 1,HF-001,RS-HF-001,FR-001-rPET-300,1,COR-005,10910,M,315,0,2,0,2,Approved,Approved,Approved - First Pass,2026-07-13 03:17:38.331,—,Diogo Ferreira
LOTE-SK-M-SOP-001-2300,LOTE-M-SOP-001-2300,WO-1549,WO-12655,2026-07-15,Shift 3,HF-002,RS-HF-002,FR-001-rPET-300,1,COR-006,4759,L,200,0,1,0,1,Approved,Approved,Approved - First Pass,2026-07-16 10:35:51.815,—,Elena Santos
LOTE-SK-M-SOP-001-2303,LOTE-M-SOP-001-2303,WO-1556,WO-12657,2026-07-19,SHIFT 3,HF-001,RS-HF-001,FR-001-rPET-300,1,COR-004,10247,M,315,0,3,0,3,Approved,Approved,Approved - First Pass,2026-07-20 06:06:00.187,—,Elena Santos
LOTE-SK-M-SOP-007-2314,LOTE-M-SOP-007-2314,WO-1577,WO-12672,2026-08-01,Shift 2,HF-001,RS-HF-001,FR-007-PVC-350,1,COR-003,11515,M,315,0,0,0,0,Approved,Approved,Approved - First Pass,2026-08-02 05:11:30.414,—,Beatriz Costa
LOTE-SK-M-SOP-001-2319,LOTE-M-SOP-001-2319,WO-1588,WO-12679,2026-08-08,Shift 1,HF-002,RS-HF-002,FR-001-rPET-300,1,COR-005,14094,M,315,0,3,0,3,Approved,Approved,Approved - First Pass,2026-08-09 23:18:38.609,—,Diogo Ferreira
LOTE-SK-M-SOP-001-2323,LOTE-M-SOP-001-2323,WO-1595,WO-12684,2026-08-13,Shift 2,HF-002,RS-HF-002,FR-001-rPET-300,1,COR-002,3704,L,200,0,1,0,1,Approved,Approved,Approved - First Pass,2026-08-14 15:06:55.045,—,Beatriz Costa
LOTE-SK-M-SOP-007-2326,LOTE-M-SOP-007-2326,WO-1598,WO-12687,2026-08-15,Shift 1,HF-002,RS-HF-002,FR-007-PVC-350,1,COR-008,9237,L,200,0,1,0,1,Approved,Approved,Approved - First Pass,2026-08-16 23:16:55.553,—,Diogo Ferreira
LOTE-SK-M-SOP-007-2331,LOTE-M-SOP-007-2331,WO-1607,WO-12692,2026-08-22,Shift 1,HF-002,RS-HF-002,FR-007-PVC-350,1,COR-008,14280,M,315,1,0,0,1,Rejected,Rejected,Rejected - Scrapped,2026-08-23 10:15:20.040,Foil Transfer:1(Re=1),Beatriz Costa
LOTE-SK-M-SOP-001-2336,LOTE-M-SOP-001-2336,WO-1614,WO-12697,2026-08-27,Shift 3,HF-002,RS-HF-002,FR-001-rPET-300,1,COR-005,8585,L,200,0,2,0,2,Approved,Approved,Approved - First Pass,2026-08-28 06:31:39.860,—,Diogo Ferreira
LOTE-SK-M-SOP-007-2340,LOTE-M-SOP-007-2340,WO-1621,WO-12704,2026-09-01,Shift 3,HF-002,RS-HF-002,FR-007-PVC-350,1,COR-004,13792,M,315,1,0,0,1,Rejected,Rejected,Rejected - Scrapped,2026-09-02 06:20:49.376,Foil Adhesion:1(Re=1),Diogo Ferreira
LOTE-SK-M-SOP-007-2344,LOTE-M-SOP-007-2344,WO-1629,WO-12709,2026-09-06,Shift 1,HF-002,RS-HF-002,FR-007-PVC-350,1,COR-007,9371,L,200,0,3,0,3,Approved,Approved,Approved - First Pass,2026-09-07 17:41:17.818,—,Carlos Mendes
LOTE-SK-M-SOP-007-2345,LOTE-M-SOP-007-2345,WO-1630,WO-12710,2026-09-06,Shift 1,HF-001,RS-HF-001,FR-007-PVC-350,1,COR-007,10609,M,315,0,0,0,0,Approved,Approved,Approved - First Pass,2026-09-08 07:19:59.879,—,Elena Santos
LOTE-SK-M-SOP-007-2346,LOTE-M-SOP-007-2346,WO-1631,WO-12711,2026-09-07,Shift 1,HF-001,RS-HF-001,FR-007-PVC-350,1,COR-005,4468,L,200,0,0,0,0,Approved,Approved,Approved - First Pass,2026-09-08 02:44:51.915,—,Carlos Mendes
LOTE-SK-M-SOP-007-2348,LOTE-M-SOP-007-2348,WO-1633,WO-12712,2026-09-09,Shift 3,HF-001,RS-HF-001,FR-007-PVC-350,1,COR-006,6293,L,200,0,0,0,0,Approved,Approved,Approved - First Pass,2026-09-10 18:58:43.366,—,Elena Santos
LOTE-SK-M-SOP-001-2350,LOTE-M-SOP-001-2350,WO-1637,WO-12715,2026-09-11,Shift 3,HF-001,RS-HF-001,FR-001-rPET-300,1,COR-006,18694,M,315,0,2,0,2,Approved,Approved,Approved - First Pass,2026-09-11 22:08:31.318,—,Elena Santos
LOTE-SK-M-SOP-001-2367,LOTE-M-SOP-001-2367,WO-1671,WO-12731,2026-10-03,SHIFT 3,HF-002,RS-HF-002,FR-001-rPET-300,1,COR-003,18018,M,315,1,3,0,4,Rejected,Rejected,Rejected - Scrapped,2026-10-04 14:57:29.650,Foil Transfer:1(Re=1),Elena Santos
LOTE-SK-M-SOP-007-2371,LOTE-M-SOP-007-2371,WO-1680,WO-12739,2026-10-11,Shift 1,HF-002,RS-HF-002,FR-007-PVC-350,1,COR-007,15002,M,315,0,0,0,0,Approved,Approved,Approved - First Pass,2026-10-12 19:40:59.400,—,Beatriz Costa
LOTE-SK-M-SOP-001-2372,LOTE-M-SOP-001-2372,WO-1682,WO-12741,2026-10-11,Shift 3,HF-002,RS-HF-002,FR-001-rPET-300,1,COR-005,15961,M,315,0,4,0,4,Approved,Approved,Approved - First Pass,2026-10-12 20:25:28.859,—,Ana Silva
LOTE-SK-M-SOP-001-2375,LOTE-M-SOP-001-2375,WO-1689,WO-12748,2026-10-17,Shift 2,HF-001,RS-HF-001,FR-001-rPET-300,1,COR-008,23136,M,315,0,1,0,1,Approved,Approved,Approved - First Pass,2026-10-18 15:27:55.165,—,Diogo Ferreira
LOTE-SK-M-SOP-001-2403,LOTE-M-SOP-001-2403,WO-1744,WO-12772,2026-11-22,  Shift 2  ,HF-001,RS-HF-001,FR-001-rPET-300,1,COR-002,1326,L,200,0,0,0,0,Approved,Approved,Approved - First Pass,2026-11-23 20:13:45.215,—,Ana Silva
LOTE-SK-M-SOP-001-2404,LOTE-M-SOP-001-2404,WO-1746,WO-12774,2026-11-24,Shift 1,HF-001,RS-HF-001,FR-001-rPET-300,1,COR-008,11496,M,315,0,5,0,5,Approved,Approved,Approved - First Pass,2026-11-25 06:08:13.446,—,Elena Santos
LOTE-SK-M-SOP-001-2407,LOTE-M-SOP-001-2407,WO-1751,WO-12777,2026-11-27,Shift 2,HF-002,RS-HF-002,FR-001-rPET-300,1,COR-002,21712,M,315,0,2,0,2,Approved,Approved,Approved - First Pass,2026-11-28 13:36:55.373,—,Elena Santos
LOTE-SK-M-SOP-007-2409,LOTE-M-SOP-007-2409,WO-1755,WO-12781,2026-11-29,Shift 1,HF-001,RS-HF-001,FR-007-PVC-350,1,COR-008,7419,L,200,0,2,0,2,Approved,Approved,Approved - First Pass,2026-11-30 16:29:33.651,—,Diogo Ferreira
LOTE-SK-M-SOP-001-2414,LOTE-M-SOP-001-2414,WO-1765,WO-12785,2026-12-05,Shift 2,HF-001,RS-HF-001,FR-001-rPET-300,1,COR-006,17168,M,315,0,7,0,7,Approved,Approved,Approved - First Pass,2026-12-07 00:35:17.014,—,Beatriz Costa
LOTE-SK-M-SOP-007-2415,LOTE-M-SOP-007-2415,WO-1767,WO-12787,2026-12-07,Shift 2,HF-002,RS-HF-002,FR-007-PVC-350,1,COR-002,17387,M,315,1,2,0,3,Rejected,Rejected,Rejected - Scrapped,2026-12-08 15:25:22.382,Foil Adhesion:1(Re=1),Elena Santos
LOTE-SK-M-SOP-007-2416,LOTE-M-SOP-007-2416,WO-1769,WO-12789,2026-12-09,Shift 3,HF-001,RS-HF-001,FR-007-PVC-350,1,COR-005,12340,M,315,1,2,0,3,Rejected,Rejected,Rejected - Scrapped,2026-12-10 17:12:06.779,Foil Transfer:1(Re=1),Carlos Mendes
LOTE-SK-M-SOP-001-2419,LOTE-M-SOP-001-2419,WO-1775,WO-12794,2026-12-12,Shift 1,HF-002,RS-HF-002,FR-001-rPET-300,1,COR-002,6734,L,200,1,3,0,4,Rejected,Rejected,Rejected - Scrapped,2026-12-13 11:14:35.292,Foil Transfer:1(Re=1),Carlos Mendes
LOTE-SK-M-SOP-001-2420,LOTE-M-SOP-001-2420,WO-1778,WO-12797,2026-12-14,Shift 3,HF-001,RS-HF-001,FR-001-rPET-300,1,COR-008,18629,M,315,0,6,0,6,Approved,Approved,Approved - First Pass,2026-12-14 19:12:38.041,—,Diogo Ferreira
LOTE-SK-M-SOP-001-2423,LOTE-M-SOP-001-2423,WO-1782,WO-12798,2026-12-17,Shift 2,HF-001,RS-HF-001,FR-001-rPET-300,1,COR-003,2976,L,200,0,1,0,1,Approved,Approved,Approved - First Pass,2026-12-18 14:00:10.377,—,Ana Silva
LOTE-SK-M-SOP-007-2424,LOTE-M-SOP-007-2424,WO-1783,WO-12799,2026-12-18,Shift 2,HF-002,RS-HF-002,FR-007-PVC-350,1,COR-007,8190,L,200,0,2,0,2,Approved,Approved,Approved - First Pass,2026-12-19 04:16:01.497,—,Carlos Mendes
LOTE-SK-M-SOP-001-2425,LOTE-M-SOP-001-2425,WO-1785,WO-12801,2026-12-19,Shift 3,HF-002,RS-HF-002,FR-001-rPET-300,1,COR-004,8519,L,200,0,1,0,1,Approved,Approved,Approved - First Pass,2026-12-20 14:18:31.205,—,Beatriz Costa
LOTE-SK-M-SOP-008-2436,LOTE-M-SOP-008-2436,WO-1806,WO-12812,2025-07-03,Shift 1,HF-001,RS-HF-001,FR-008-HDPE-PCR-350,1,COR-008,12956,M,315,1,0,0,1,Rejected,Approved,Approved - Reworked,2025-07-04 21:57:32.748,—,Carlos Mendes
LOTE-SK-M-SOP-005-2439,LOTE-M-SOP-005-2439,WO-1812,WO-12813,2025-07-06,Shift 3,HF-001,RS-HF-001,FR-005-rPET-330,1,COR-003,11411,M,315,0,1,0,1,Approved,Approved,Approved - First Pass,2025-07-08 03:21:43.585,—,Elena Santos
LOTE-SK-M-SOP-008-2440,LOTE-M-SOP-008-2440,WO-1816,WO-12817,2025-07-09,Shift 1,HF-001,RS-HF-001,FR-008-PP-350,1,COR-002,17369,M,315,1,5,0,6,Rejected,Rejected,Rejected - Scrapped,2025-07-10 06:09:08.886,Foil Transfer:1(Re=1),Beatriz Costa
LOTE-SK-M-SOP-005-2443,LOTE-M-SOP-005-2443,WO-1821,WO-12819,2025-07-12,Shift 2,HF-001,RS-HF-001,FR-005-rPET-330,1,COR-004,12020,M,315,0,1,0,1,Approved,Approved,Approved - First Pass,2025-07-14 09:43:40.257,—,Carlos Mendes
LOTE-SK-M-SOP-005-2447,LOTE-M-SOP-005-2447,WO-1830,WO-12821,2025-07-18,Shift 3,HF-001,RS-HF-001,FR-005-rPET-330,1,COR-006,8929,L,200,2,5,0,7,Rejected,Rejected,Rejected - Scrapped,2025-07-18 23:43:33.368,Foil Adhesion:1(Re=1),Beatriz Costa
LOTE-SK-M-SOP-005-2448,LOTE-M-SOP-005-2448,WO-1832,WO-12823,2025-07-18,Shift 2,HF-002,RS-HF-002,FR-005-rPET-330,1,COR-006,8756,L,200,0,1,0,1,Approved,Approved,Approved - First Pass,2025-07-20 03:15:40.404,—,Diogo Ferreira
LOTE-SK-M-SOP-005-2449,LOTE-M-SOP-005-2449,WO-1835,WO-12826,2025-07-21,Shift 1,HF-001,RS-HF-001,FR-005-rPET-330,1,COR-004,11670,M,315,0,1,0,1,Approved,Approved,Approved - First Pass,2025-07-23 01:20:08.012,—,Carlos Mendes
LOTE-SK-M-SOP-005-2450,LOTE-M-SOP-005-2450,WO-1836,WO-12827,2025-07-22,Shift 1,HF-001,RS-HF-001,FR-005-rPET-330,1,COR-003,4418,L,200,0,0,0,0,Approved,Approved,Approved - First Pass,2025-07-23 07:33:54.960,—,Diogo Ferreira
LOTE-SK-M-SOP-005-2453,LOTE-M-SOP-005-2453,WO-1842,WO-12828,2025-07-25,Shift 3,HF-001,RS-HF-001,FR-005-rPET-330,1,COR-001,8460,L,200,0,2,0,2,Approved,Approved,Approved - First Pass,2025-07-27 02:08:00.570,—,Beatriz Costa
LOTE-SK-M-SOP-005-2455,LOTE-M-SOP-005-2455,WO-1845,WO-12830,2025-07-28,Shift 3,HF-002,RS-HF-002,FR-005-rPET-330,1,COR-006,7906,L,200,0,0,0,0,Approved,Approved,Approved - First Pass,2025-07-29 00:09:40.698,—,Elena Santos
LOTE-SK-M-SOP-005-2457,LOTE-M-SOP-005-2457,WO-1848,WO-12833,2025-07-30,  Shift 1  ,HF-002,RS-HF-002,FR-005-rPET-330,1,COR-005,8790,L,200,0,0,0,0,Approved,Approved,Approved - First Pass,2025-08-01 03:36:29.258,—,Diogo Ferreira
LOTE-SK-M-SOP-005-2460,LOTE-M-SOP-005-2460,WO-1853,WO-12834,2025-08-03,Shift 3,HF-001,RS-HF-001,FR-005-rPET-330,1,COR-002,10076,M,315,0,0,0,0,Approved,Approved,Approved - First Pass,2025-08-04 11:50:54.260,—,Carlos Mendes
LOTE-SK-M-SOP-005-2461,LOTE-M-SOP-005-2461,WO-1854,WO-12835,2025-08-03,Shift 1,HF-001,RS-HF-001,FR-005-rPET-330,1,COR-003,3351,L,200,0,0,0,0,Approved,Approved,Approved - First Pass,2025-08-04 02:20:15.724,—,Beatriz Costa
LOTE-SK-M-SOP-005-2462,LOTE-M-SOP-005-2462,WO-1856,WO-12837,2025-08-04,Shift 1,HF-002,RS-HF-002,FR-005-rPET-330,1,COR-007,8684,L,200,1,1,0,2,Rejected,Rejected,Rejected - Scrapped,2025-08-05 17:05:19.675,Foil Transfer:1(Re=1),Elena Santos
LOTE-SK-M-SOP-005-2466,LOTE-M-SOP-005-2466,WO-1863,WO-12838,2025-08-09,Shift 3,HF-002,RS-HF-002,FR-005-rPET-330,1,COR-002,4043,L,200,0,2,0,2,Approved,Approved,Approved - First Pass,2025-08-10 23:29:20.537,—,Ana Silva
LOTE-SK-M-SOP-005-2471,LOTE-M-SOP-005-2471,WO-1872,WO-12840,2025-08-16,  Shift 2  ,HF-002,RS-HF-002,FR-005-rPET-330,1,COR-007,16370,M,315,0,7,0,7,Approved,Approved,Approved - First Pass,2025-08-18 00:03:33.163,—,Carlos Mendes
LOTE-SK-M-SOP-005-2473,LOTE-M-SOP-005-2473,WO-1875,WO-12842,2025-08-19,Shift 1,HF-001,RS-HF-001,FR-005-rPET-330,1,COR-002,13273,M,315,0,0,0,0,Approved,Approved,Approved - First Pass,2025-08-20 09:51:42.098,—,Carlos Mendes
LOTE-SK-M-SOP-005-2476,LOTE-M-SOP-005-2476,WO-1883,WO-12847,2025-08-24,Shift 2,HF-001,RS-HF-001,FR-005-rPET-330,1,COR-003,19417,M,315,0,3,0,3,Approved,Approved,Approved - First Pass,2025-08-26 07:28:36.226,—,Beatriz Costa
LOTE-SK-M-SOP-005-2479,LOTE-M-SOP-005-2479,WO-1888,WO-12848,2025-08-28,Shift 1,HF-001,RS-HF-001,FR-005-rPET-330,1,COR-007,8216,L,200,0,0,0,0,Approved,Approved,Approved - First Pass,2025-08-29 20:47:00.187,—,Diogo Ferreira
LOTE-SK-M-SOP-005-2480,LOTE-M-SOP-005-2480,WO-1889,WO-12849,2025-08-28,Shift 1,HF-001,RS-HF-001,FR-005-rPET-330,1,COR-002,7471,L,200,0,1,0,1,Approved,Approved,Approved - First Pass,2025-08-29 04:17:39.600,—,Diogo Ferreira
LOTE-SK-M-SOP-005-2482,LOTE-M-SOP-005-2482,WO-1892,WO-12851,2025-08-30,Shift 1,HF-002,RS-HF-002,FR-005-rPET-330,1,COR-006,15313,M,315,0,2,0,2,Approved,Approved,Approved - First Pass,2025-08-31 19:06:31.021,—,Elena Santos
LOTE-SK-M-SOP-005-2485,LOTE-M-SOP-005-2485,WO-1899,WO-12853,2025-09-04,Shift 3,HF-002,RS-HF-002,FR-005-rPET-330,1,COR-005,8089,L,200,0,0,0,0,Approved,Approved,Approved - First Pass,2025-09-04 19:26:01.777,—,Beatriz Costa
LOTE-SK-M-SOP-005-2486,LOTE-M-SOP-005-2486,WO-1901,WO-12855,2025-09-05,SHIFT 1,HF-001,RS-HF-001,FR-005-rPET-330,1,COR-001,8681,L,200,0,5,0,5,Approved,Approved,Approved - First Pass,2025-09-06 03:16:37.261,—,Elena Santos
LOTE-SK-M-SOP-005-2489,LOTE-M-SOP-005-2489,WO-1905,WO-12857,2025-09-08,Shift 3,HF-002,RS-HF-002,FR-005-rPET-330,1,COR-004,9311,L,200,0,1,0,1,Approved,Approved,Approved - First Pass,2025-09-09 16:00:19.154,—,Beatriz Costa
LOTE-SK-M-SOP-005-2491,LOTE-M-SOP-005-2491,WO-1907,WO-12859,2025-09-09,Shift 1,HF-001,RS-HF-001,FR-005-rPET-330,1,COR-004,6725,L,200,0,2,0,2,Approved,Approved,Approved - First Pass,2025-09-10 04:39:27.495,—,Beatriz Costa
LOTE-SK-M-SOP-005-2494,LOTE-M-SOP-005-2494,WO-1912,WO-12860,2025-09-13,shift 3,HF-002,RS-HF-002,FR-005-rPET-330,1,COR-003,7862,L,200,0,1,0,1,Approved,Approved,Approved - First Pass,2025-09-14 04:32:39.657,—,Carlos Mendes
LOTE-SK-M-SOP-008-2495,LOTE-M-SOP-008-2495,WO-1915,WO-12863,2025-09-15,Shift 2,HF-001,RS-HF-001,FR-008-PP-350,1,COR-006,16660,M,315,1,3,0,4,Rejected,Rejected,Rejected - Scrapped,2025-09-16 13:20:41.002,Foil Transfer:1(Re=1),Beatriz Costa
LOTE-SK-M-SOP-008-2496,LOTE-M-SOP-008-2496,WO-1917,WO-12865,2025-09-15,Shift 2,HF-001,RS-HF-001,FR-008-PP-350,1,COR-007,13488,M,315,0,3,0,3,Approved,Approved,Approved - First Pass,2025-09-16 21:04:47.151,—,Ana Silva
LOTE-SK-M-SOP-005-2498,LOTE-M-SOP-005-2498,WO-1920,WO-12866,2025-09-18,SHIFT 1,HF-001,RS-HF-001,FR-005-rPET-330,1,COR-007,3315,L,200,0,3,0,3,Approved,Approved,Approved - First Pass,2025-09-19 11:15:46.764,—,Carlos Mendes
LOTE-SK-M-SOP-008-2499,LOTE-M-SOP-008-2499,WO-1922,WO-12868,2025-09-18,SHIFT 3,HF-001,RS-HF-001,FR-008-HDPE-PCR-350,1,COR-001,7666,L,200,1,1,0,2,Rejected,Rejected,Rejected - Scrapped,2025-09-19 15:05:07.520,Foil Transfer:1(Re=1),Carlos Mendes
LOTE-SK-M-SOP-008-2500,LOTE-M-SOP-008-2500,WO-1923,WO-12869,2025-09-20,Shift 3,HF-001,RS-HF-001,FR-008-PP-350,1,COR-002,3783,L,200,0,0,0,0,Approved,Approved,Approved - First Pass,2025-09-21 10:16:54.439,—,Ana Silva
LOTE-SK-M-SOP-008-2503,LOTE-M-SOP-008-2503,WO-1928,WO-12870,2025-09-22,Shift 3,HF-002,RS-HF-002,FR-008-PP-350,1,COR-002,1281,L,200,0,1,0,1,Approved,Approved,Approved - First Pass,2025-09-23 10:57:43.772,—,Diogo Ferreira
LOTE-SK-M-SOP-005-2504,LOTE-M-SOP-005-2504,WO-1929,WO-12871,2025-09-23,Shift 3,HF-002,RS-HF-002,FR-005-rPET-330,1,COR-004,4505,L,200,0,2,0,2,Approved,Approved,Approved - First Pass,2025-09-24 05:29:32.571,—,Elena Santos
LOTE-SK-M-SOP-005-2506,LOTE-M-SOP-005-2506,WO-1933,WO-12873,2025-09-25,Shift 2,HF-001,RS-HF-001,FR-005-rPET-330,1,COR-008,12854,M,315,0,2,0,2,Approved,Approved,Approved - First Pass,2025-09-26 21:22:51.258,—,Elena Santos
LOTE-SK-M-SOP-008-2508,LOTE-M-SOP-008-2508,WO-1938,WO-12876,2025-09-29,Shift 3,HF-002,RS-HF-002,FR-008-PP-350,1,COR-008,18041,M,315,0,1,0,1,Approved,Approved,Approved - First Pass,2025-09-30 03:52:35.440,—,Diogo Ferreira
LOTE-SK-M-SOP-005-2509,LOTE-M-SOP-005-2509,WO-1939,WO-12877,2025-09-30,Shift 1,HF-001,RS-HF-001,FR-005-rPET-330,1,COR-008,1580,L,200,0,3,0,3,Approved,Approved,Approved - First Pass,2025-10-01 11:14:45.977,—,Carlos Mendes
LOTE-SK-M-SOP-005-2513,LOTE-M-SOP-005-2513,WO-1943,WO-12880,2025-10-02,Shift 1,HF-001,RS-HF-001,FR-005-rPET-330,1,COR-001,6904,L,200,0,1,0,1,Approved,Approved,Approved - First Pass,2025-10-03 03:20:25.300,—,Beatriz Costa
LOTE-SK-M-SOP-005-2516,LOTE-M-SOP-005-2516,WO-1947,WO-12883,2025-10-05,Shift 3,HF-001,RS-HF-001,FR-005-rPET-330,1,COR-002,13271,M,315,0,3,0,3,Approved,Approved,Approved - First Pass,2025-10-07 10:18:34.372,—,Beatriz Costa
LOTE-SK-M-SOP-008-2517,LOTE-M-SOP-008-2517,WO-1950,WO-12886,2025-10-07,Shift 3,HF-001,RS-HF-001,FR-008-PP-350,1,COR-003,12544,M,315,2,8,0,10,Rejected,Approved,Approved - Released on Deviation,2025-10-07 20:14:36.962,—,Diogo Ferreira
LOTE-SK-M-SOP-005-2520,LOTE-M-SOP-005-2520,WO-1955,WO-12888,2025-10-10,Shift 2,HF-002,RS-HF-002,FR-005-rPET-330,1,COR-004,6499,L,200,0,0,0,0,Approved,Approved,Approved - First Pass,2025-10-12 06:08:15.403,—,Ana Silva
LOTE-SK-M-SOP-008-2521,LOTE-M-SOP-008-2521,WO-1957,WO-12890,2025-10-12,Shift 2,HF-002,RS-HF-002,FR-008-PP-350,1,COR-003,12042,M,315,0,3,0,3,Approved,Approved,Approved - First Pass,2025-10-13 18:00:19.552,—,Ana Silva
LOTE-SK-M-SOP-005-2523,LOTE-M-SOP-005-2523,WO-1961,WO-12894,2025-10-15,Shift 1,HF-002,RS-HF-002,FR-005-rPET-330,1,COR-006,11766,M,315,0,0,0,0,Approved,Approved,Approved - First Pass,2025-10-15 23:10:10.814,—,Beatriz Costa
LOTE-SK-M-SOP-005-2524,LOTE-M-SOP-005-2524,WO-1962,WO-12895,2025-10-15,  Shift 3  ,HF-002,RS-HF-002,FR-005-rPET-330,1,COR-001,3885,L,200,0,0,0,0,Approved,Approved,Approved - First Pass,2025-10-15 15:15:52.335,—,Ana Silva
LOTE-SK-M-SOP-005-2532,LOTE-M-SOP-005-2532,WO-1974,WO-12899,2025-10-24,Shift 1,HF-001,RS-HF-001,FR-005-rPET-330,1,COR-003,6701,L,200,0,4,0,4,Approved,Approved,Approved - First Pass,2025-10-25 10:59:14.515,—,Ana Silva
LOTE-SK-M-SOP-008-2540,LOTE-M-SOP-008-2540,WO-1986,WO-12901,2025-11-01,Shift 1,HF-001,RS-HF-001,FR-008-HDPE-PCR-350,1,COR-008,10578,M,315,0,3,0,3,Approved,Approved,Approved - First Pass,2025-11-02 12:59:19.949,—,Beatriz Costa
LOTE-SK-M-SOP-008-2542,LOTE-M-SOP-008-2542,WO-1988,WO-12903,2025-11-03,shift 3,HF-001,RS-HF-001,FR-008-HDPE-PCR-350,1,COR-008,944,L,200,0,0,0,0,Approved,Approved,Approved - First Pass,2025-11-04 04:11:22.132,—,Diogo Ferreira
LOTE-SK-M-SOP-005-2544,LOTE-M-SOP-005-2544,WO-1990,WO-12904,2025-11-04,Shift 1,HF-002,RS-HF-002,FR-005-rPET-330,1,COR-002,6188,L,200,0,0,0,0,Approved,Approved,Approved - First Pass,2025-11-05 13:33:04.714,—,Ana Silva
LOTE-SK-M-SOP-005-2548,LOTE-M-SOP-005-2548,WO-1997,WO-12906,2025-11-08,Shift 2,HF-001,RS-HF-001,FR-005-rPET-330,1,COR-007,17593,M,315,1,3,0,4,Rejected,Rejected,Rejected - Scrapped,2025-11-09 19:43:09.796,Foil Transfer:1(Re=1),Ana Silva
LOTE-SK-M-SOP-005-2549,LOTE-M-SOP-005-2549,WO-1999,WO-12908,2025-11-11,Shift 3,HF-001,RS-HF-001,FR-005-rPET-330,1,COR-001,16613,M,315,1,4,0,5,Rejected,Rejected,Rejected - Scrapped,2025-11-12 04:53:57.608,Foil Adhesion:1(Re=1),Carlos Mendes
LOTE-SK-M-SOP-005-2550,LOTE-M-SOP-005-2550,WO-2001,WO-12910,2025-11-12,Shift 1,HF-002,RS-HF-002,FR-005-rPET-330,1,COR-001,12675,M,315,0,2,0,2,Approved,Approved,Approved - First Pass,2025-11-12 23:04:20.438,—,Ana Silva
LOTE-SK-M-SOP-005-2552,LOTE-M-SOP-005-2552,WO-2006,WO-12912,2025-11-14,Shift 3,HF-002,RS-HF-002,FR-005-rPET-330,1,COR-003,8975,L,200,0,2,0,2,Approved,Approved,Approved - First Pass,2025-11-15 03:42:53.657,—,Elena Santos
LOTE-SK-M-SOP-005-2557,LOTE-M-SOP-005-2557,WO-2015,WO-12917,2025-11-20,Shift 2,HF-002,RS-HF-002,FR-005-rPET-330,1,COR-003,3732,L,200,0,1,0,1,Approved,Approved,Approved - First Pass,2025-11-21 15:42:44.969,—,Carlos Mendes
LOTE-SK-M-SOP-005-2562,LOTE-M-SOP-005-2562,WO-2027,WO-12920,2025-11-29,Shift 2,HF-001,RS-HF-001,FR-005-rPET-330,1,COR-001,18048,M,315,0,5,0,5,Approved,Approved,Approved - First Pass,2025-11-30 21:07:14.714,—,Beatriz Costa
LOTE-SK-M-SOP-005-2563,LOTE-M-SOP-005-2563,WO-2028,WO-12921,2025-11-30,Shift 3,HF-001,RS-HF-001,FR-005-rPET-330,1,COR-001,6661,L,200,0,1,0,1,Approved,Approved,Approved - First Pass,2025-12-02 04:31:13.362,—,Diogo Ferreira
LOTE-SK-M-SOP-005-2564,LOTE-M-SOP-005-2564,WO-2029,WO-12922,2025-11-30,shift 3,HF-002,RS-HF-002,FR-005-rPET-330,1,COR-002,7938,L,200,0,2,0,2,Approved,Approved,Approved - First Pass,2025-12-02 03:38:16.878,—,Diogo Ferreira
LOTE-SK-M-SOP-005-2565,LOTE-M-SOP-005-2565,WO-2030,WO-12923,2025-12-02,Shift 3,HF-001,RS-HF-001,FR-005-rPET-330,1,COR-007,4429,L,200,0,0,0,0,Approved,Approved,Approved - First Pass,2025-12-03 05:06:51.603,—,Elena Santos
LOTE-SK-M-SOP-005-2566,LOTE-M-SOP-005-2566,WO-2032,WO-12925,2025-12-03,Shift 1,HF-001,RS-HF-001,FR-005-rPET-330,1,COR-007,14625,M,315,0,0,0,0,Approved,Approved,Approved - First Pass,2025-12-04 15:50:22.595,—,Beatriz Costa
LOTE-SK-M-SOP-005-2567,LOTE-M-SOP-005-2567,WO-2034,WO-12927,2025-12-05,Shift 1,HF-001,RS-HF-001,FR-005-rPET-330,1,COR-007,13300,M,315,0,0,0,0,Approved,Approved,Approved - First Pass,2025-12-06 15:15:54.881,—,Beatriz Costa
LOTE-SK-M-SOP-008-2568,LOTE-M-SOP-008-2568,WO-2035,WO-12928,2025-12-06,Shift 3,HF-001,RS-HF-001,FR-008-HDPE-PCR-350,1,COR-003,6975,L,200,0,1,0,1,Approved,Approved,Approved - First Pass,2025-12-07 01:47:35.748,—,Ana Silva
LOTE-SK-M-SOP-008-2579,LOTE-M-SOP-008-2579,WO-2055,WO-12932,2025-12-18,Shift 3,HF-001,RS-HF-001,FR-008-PP-350,1,COR-005,6362,L,200,0,1,0,1,Approved,Approved,Approved - First Pass,2025-12-20 04:46:15.945,—,Ana Silva
LOTE-SK-M-SOP-005-2580,LOTE-M-SOP-005-2580,WO-2058,WO-12935,2025-12-21,Shift 3,HF-002,RS-HF-002,FR-005-rPET-330,1,COR-001,16808,M,315,0,6,0,6,Approved,Approved,Approved - First Pass,2025-12-22 00:20:28.380,—,Carlos Mendes
LOTE-SK-M-SOP-005-2583,LOTE-M-SOP-005-2583,WO-2062,WO-12937,2025-12-24,Shift 1,HF-002,RS-HF-002,FR-005-rPET-330,1,COR-008,3086,L,200,0,2,0,2,Approved,Approved,Approved - First Pass,2025-12-24 21:34:50.853,—,Beatriz Costa
LOTE-SK-M-SOP-005-2584,LOTE-M-SOP-005-2584,WO-2065,WO-12940,2025-12-26,Shift 2,HF-002,RS-HF-002,FR-005-rPET-330,1,COR-003,15196,M,315,0,4,0,4,Approved,Approved,Approved - First Pass,2025-12-27 18:41:16.930,—,Beatriz Costa
LOTE-SK-M-SOP-005-2589,LOTE-M-SOP-005-2589,WO-2074,WO-12944,2025-12-31,Shift 2,HF-001,RS-HF-001,FR-005-rPET-330,1,COR-003,6870,L,200,0,2,0,2,Approved,Approved,Approved - First Pass,2026-01-02 05:30:12.437,—,Elena Santos
LOTE-SK-M-SOP-005-2590,LOTE-M-SOP-005-2590,WO-2075,WO-12945,2026-01-01,Shift 3,HF-002,RS-HF-002,FR-005-rPET-330,1,COR-005,5113,L,200,0,4,0,4,Approved,Approved,Approved - First Pass,2026-01-02 12:44:08.678,—,Ana Silva
LOTE-SK-M-SOP-005-2591,LOTE-M-SOP-005-2591,WO-2077,WO-12947,2026-01-02,shift 3,HF-002,RS-HF-002,FR-005-rPET-330,1,COR-006,9132,L,200,0,0,0,0,Approved,Approved,Approved - First Pass,2026-01-03 07:53:09.323,—,Elena Santos
LOTE-SK-M-SOP-008-2592,LOTE-M-SOP-008-2592,WO-2078,WO-12948,2026-01-03,Shift 1,HF-001,RS-HF-001,FR-008-PP-350,1,COR-006,2366,L,200,0,3,0,3,Approved,Approved,Approved - First Pass,2026-01-04 07:07:28.713,—,Beatriz Costa
LOTE-SK-M-SOP-005-2600,LOTE-M-SOP-005-2600,WO-2089,WO-12954,2026-01-12,SHIFT 2,HF-002,RS-HF-002,FR-005-rPET-330,1,COR-002,8043,L,200,0,0,0,0,Approved,Approved,Approved - First Pass,2026-01-13 13:45:49.707,—,Ana Silva
LOTE-SK-M-SOP-005-2601,LOTE-M-SOP-005-2601,WO-2090,WO-12955,2026-01-13,Shift 1,HF-001,RS-HF-001,FR-005-rPET-330,1,COR-005,2536,L,200,0,1,0,1,Approved,Approved,Approved - First Pass,2026-01-14 03:47:25.187,—,Beatriz Costa
LOTE-SK-M-SOP-005-2604,LOTE-M-SOP-005-2604,WO-2097,WO-12956,2026-01-17,Shift 2,HF-002,RS-HF-002,FR-005-rPET-330,1,COR-003,3666,L,200,0,1,0,1,Approved,Approved,Approved - First Pass,2026-01-19 10:09:01.433,—,Diogo Ferreira
LOTE-SK-M-SOP-005-2610,LOTE-M-SOP-005-2610,WO-2108,WO-12959,2026-01-26,Shift 1,HF-001,RS-HF-001,FR-005-rPET-330,1,COR-005,18993,M,315,0,0,0,0,Approved,Approved,Approved - First Pass,2026-01-27 06:31:59.344,—,Diogo Ferreira
LOTE-SK-M-SOP-005-2611,LOTE-M-SOP-005-2611,WO-2110,WO-12961,2026-01-27,Shift 1,HF-001,RS-HF-001,FR-005-rPET-330,1,COR-001,7585,L,200,0,4,0,4,Approved,Approved,Approved - First Pass,2026-01-28 02:15:47.264,—,Elena Santos
LOTE-SK-M-SOP-005-2614,LOTE-M-SOP-005-2614,WO-2117,WO-12966,2026-02-01,Shift 1,HF-002,RS-HF-002,FR-005-rPET-330,1,COR-003,16299,M,315,0,0,0,0,Approved,Approved,Approved - First Pass,2026-02-02 22:02:03.143,—,Beatriz Costa
LOTE-SK-M-SOP-005-2619,LOTE-M-SOP-005-2619,WO-2126,WO-12967,2026-02-08,Shift 3,HF-002,RS-HF-002,FR-005-rPET-330,1,COR-004,7861,L,200,0,1,0,1,Approved,Approved,Approved - First Pass,2026-02-09 16:33:54.460,—,Carlos Mendes
LOTE-SK-M-SOP-005-2620,LOTE-M-SOP-005-2620,WO-2127,WO-12968,2026-02-07,Shift 1,HF-002,RS-HF-002,FR-005-rPET-330,1,COR-005,4398,L,200,0,0,0,0,Approved,Approved,Approved - First Pass,2026-02-08 05:30:13.998,—,Beatriz Costa
LOTE-SK-M-SOP-005-2621,LOTE-M-SOP-005-2621,WO-2129,WO-12970,2026-02-09,Shift 3,HF-001,RS-HF-001,FR-005-rPET-330,1,COR-002,9085,L,200,0,1,0,1,Approved,Approved,Approved - First Pass,2026-02-10 07:40:57.576,—,Beatriz Costa
LOTE-SK-M-SOP-005-2624,LOTE-M-SOP-005-2624,WO-2137,WO-12975,2026-02-14,Shift 3,HF-001,RS-HF-001,FR-005-rPET-330,1,COR-003,17632,M,315,0,3,0,3,Approved,Approved,Approved - First Pass,2026-02-15 22:10:02.116,—,Diogo Ferreira
LOTE-SK-M-SOP-005-2628,LOTE-M-SOP-005-2628,WO-2143,WO-12979,2026-02-18,Shift 2,HF-001,RS-HF-001,FR-005-rPET-330,1,COR-007,19346,M,315,0,4,0,4,Approved,Approved,Approved - First Pass,2026-02-20 05:33:34.140,—,Beatriz Costa
LOTE-SK-M-SOP-005-2629,LOTE-M-SOP-005-2629,WO-2144,WO-12980,2026-02-20,Shift 3,HF-002,RS-HF-002,FR-005-rPET-330,1,COR-003,7247,L,200,0,1,0,1,Approved,Approved,Approved - First Pass,2026-02-21 04:44:25.181,—,Diogo Ferreira
LOTE-SK-M-SOP-008-2633,LOTE-M-SOP-008-2633,WO-2153,WO-12983,2026-02-25,Shift 1,HF-002,RS-HF-002,FR-008-HDPE-PCR-350,1,COR-008,19082,M,315,0,4,0,4,Approved,Approved,Approved - First Pass,2026-02-27 03:02:36.756,—,Ana Silva
LOTE-SK-M-SOP-005-2635,LOTE-M-SOP-005-2635,WO-2157,WO-12984,2026-02-27,Shift 2,HF-001,RS-HF-001,FR-005-rPET-330,1,COR-007,6153,L,200,0,3,0,3,Approved,Approved,Approved - First Pass,2026-03-01 02:58:18.919,—,Diogo Ferreira
LOTE-SK-M-SOP-005-2637,LOTE-M-SOP-005-2637,WO-2161,WO-12988,2026-03-03,Shift 3,HF-002,RS-HF-002,FR-005-rPET-330,1,COR-005,3771,L,200,0,0,0,0,Approved,Approved,Approved - First Pass,2026-03-04 00:20:45.927,—,Carlos Mendes
LOTE-SK-M-SOP-005-2638,LOTE-M-SOP-005-2638,WO-2162,WO-12989,2026-03-03,SHIFT 2,HF-002,RS-HF-002,FR-005-rPET-330,1,COR-002,5164,L,200,0,3,0,3,Approved,Approved,Approved - First Pass,2026-03-04 11:26:25.643,—,Ana Silva
LOTE-SK-M-SOP-005-2641,LOTE-M-SOP-005-2641,WO-2169,WO-12992,2026-03-08,Shift 1,HF-001,RS-HF-001,FR-005-rPET-330,1,COR-005,23933,M,315,0,2,0,2,Approved,Approved,Approved - First Pass,2026-03-09 14:12:17.235,—,Ana Silva
LOTE-SK-M-SOP-005-2643,LOTE-M-SOP-005-2643,WO-2172,WO-12993,2026-03-10,Shift 3,HF-002,RS-HF-002,FR-005-rPET-330,1,COR-007,3402,L,200,0,2,0,2,Approved,Approved,Approved - First Pass,2026-03-12 03:22:57.946,—,Ana Silva
LOTE-SK-M-SOP-005-2644,LOTE-M-SOP-005-2644,WO-2173,WO-12994,2026-03-10,Shift 3,HF-002,RS-HF-002,FR-005-rPET-330,1,COR-006,4517,L,200,0,0,0,0,Approved,Approved,Approved - First Pass,2026-03-12 03:56:19.079,—,Ana Silva
LOTE-SK-M-SOP-005-2645,LOTE-M-SOP-005-2645,WO-2174,WO-12995,2026-03-12,Shift 1,HF-001,RS-HF-001,FR-005-rPET-330,1,COR-003,5173,L,200,0,0,0,0,Approved,Approved,Approved - First Pass,2026-03-13 05:01:43.813,—,Diogo Ferreira
LOTE-SK-M-SOP-005-2646,LOTE-M-SOP-005-2646,WO-2175,WO-12996,2026-03-12,Shift 1,HF-002,RS-HF-002,FR-005-rPET-330,1,COR-005,4408,L,200,0,0,0,0,Approved,Approved,Approved - First Pass,2026-03-13 11:51:51.852,—,Carlos Mendes
LOTE-SK-M-SOP-005-2656,LOTE-M-SOP-005-2656,WO-2190,WO-12998,2026-03-22,SHIFT 2,HF-001,RS-HF-001,FR-005-rPET-330,1,COR-005,982,L,200,0,2,0,2,Approved,Approved,Approved - First Pass,2026-03-22 21:25:26.936,—,Ana Silva
LOTE-SK-M-SOP-005-2657,LOTE-M-SOP-005-2657,WO-2193,WO-13001,2026-03-24,Shift 3,HF-001,RS-HF-001,FR-005-rPET-330,1,COR-003,10743,M,315,0,8,0,8,Approved,Approved,Approved - First Pass,2026-03-26 00:26:00.361,—,Diogo Ferreira
LOTE-SK-M-SOP-005-2658,LOTE-M-SOP-005-2658,WO-2194,WO-13002,2026-03-25,Shift 2,HF-001,RS-HF-001,FR-005-rPET-330,1,COR-007,7414,L,200,0,2,0,2,Approved,Approved,Approved - First Pass,2026-03-27 01:12:48.357,—,Carlos Mendes
LOTE-SK-M-SOP-005-2663,LOTE-M-SOP-005-2663,WO-2204,WO-13005,2026-04-01,Shift 1,HF-002,RS-HF-002,FR-005-rPET-330,1,COR-004,16020,M,315,0,1,0,1,Approved,Approved,Approved - First Pass,2026-04-02 14:11:59.632,—,Diogo Ferreira
LOTE-SK-M-SOP-005-2664,LOTE-M-SOP-005-2664,WO-2206,WO-13007,2026-04-02,Shift 2,HF-001,RS-HF-001,FR-005-rPET-330,1,COR-008,8276,L,200,0,1,0,1,Approved,Approved,Approved - First Pass,2026-04-04 00:18:46.356,—,Ana Silva
LOTE-SK-M-SOP-005-2666,LOTE-M-SOP-005-2666,WO-2209,WO-13008,2026-04-05,Shift 2,HF-001,RS-HF-001,FR-005-rPET-330,1,COR-002,7587,L,200,0,0,0,0,Approved,Approved,Approved - First Pass,2026-04-06 23:34:28.827,—,Ana Silva
LOTE-SK-M-SOP-005-2667,LOTE-M-SOP-005-2667,WO-2212,WO-13011,2026-04-07,Shift 3,HF-002,RS-HF-002,FR-005-rPET-330,1,COR-006,15859,M,315,0,4,0,4,Approved,Approved,Approved - First Pass,2026-04-08 06:44:55.033,—,Beatriz Costa
LOTE-SK-M-SOP-005-2669,LOTE-M-SOP-005-2669,WO-2217,WO-13013,2026-04-10,Shift 2,HF-002,RS-HF-002,FR-005-rPET-330,1,COR-006,11725,M,315,0,0,0,0,Approved,Approved,Approved - First Pass,2026-04-11 14:50:07.221,—,Carlos Mendes
LOTE-SK-M-SOP-008-2671,LOTE-M-SOP-008-2671,WO-2222,WO-13015,2026-04-14,Shift 3,HF-002,RS-HF-002,FR-008-HDPE-PCR-350,1,COR-004,11684,M,315,0,3,0,3,Approved,Approved,Approved - First Pass,2026-04-15 14:55:09.759,—,Ana Silva
LOTE-SK-M-SOP-005-2674,LOTE-M-SOP-005-2674,WO-2225,WO-13017,2026-04-16,Shift 1,HF-001,RS-HF-001,FR-005-rPET-330,1,COR-001,154,L,200,0,0,0,0,Approved,Approved,Approved - First Pass,2026-04-17 03:30:38.247,—,Ana Silva
LOTE-SK-M-SOP-005-2676,LOTE-M-SOP-005-2676,WO-2229,WO-13018,2026-04-18,shift 3,HF-001,RS-HF-001,FR-005-rPET-330,1,COR-001,4943,L,200,0,1,0,1,Approved,Approved,Approved - First Pass,2026-04-20 05:26:11.991,—,Beatriz Costa
LOTE-SK-M-SOP-005-2679,LOTE-M-SOP-005-2679,WO-2232,WO-13019,2026-04-21,Shift 1,HF-001,RS-HF-001,FR-005-rPET-330,1,COR-003,6485,L,200,0,1,0,1,Approved,Approved,Approved - First Pass,2026-04-22 07:07:48.409,—,Elena Santos
LOTE-SK-M-SOP-008-2689,LOTE-M-SOP-008-2689,WO-2248,WO-13022,2026-05-01,Shift 3,HF-002,RS-HF-002,FR-008-HDPE-PCR-350,1,COR-008,6012,L,200,0,0,0,0,Approved,Approved,Approved - First Pass,2026-05-02 02:53:52.225,—,Carlos Mendes
LOTE-SK-M-SOP-005-2690,LOTE-M-SOP-005-2690,WO-2250,WO-13024,2026-05-02,Shift 1,HF-001,RS-HF-001,FR-005-rPET-330,1,COR-006,13335,M,315,0,0,0,0,Approved,Approved,Approved - First Pass,2026-05-03 06:49:40.651,—,Elena Santos
LOTE-SK-M-SOP-005-2692,LOTE-M-SOP-005-2692,WO-2253,WO-13025,2026-05-04,Shift 1,HF-001,RS-HF-001,FR-005-rPET-330,1,COR-007,12047,M,315,0,5,0,5,Approved,Approved,Approved - First Pass,2026-05-05 11:59:23.656,—,Elena Santos
LOTE-SK-M-SOP-005-2694,LOTE-M-SOP-005-2694,WO-2257,WO-13029,2026-05-07,Shift 3,HF-001,RS-HF-001,FR-005-rPET-330,1,COR-007,7854,L,200,0,0,0,0,Approved,Approved,Approved - First Pass,2026-05-08 11:42:19.318,—,Elena Santos
LOTE-SK-M-SOP-005-2695,LOTE-M-SOP-005-2695,WO-2258,WO-13030,2026-05-07,Shift 2,HF-002,RS-HF-002,FR-005-rPET-330,1,COR-004,7692,L,200,0,1,0,1,Approved,Approved,Approved - First Pass,2026-05-08 16:15:36.945,—,Ana Silva
LOTE-SK-M-SOP-005-2696,LOTE-M-SOP-005-2696,WO-2260,WO-13032,2026-05-09,Shift 1,HF-002,RS-HF-002,FR-005-rPET-330,1,COR-008,14338,M,315,0,2,0,2,Approved,Approved,Approved - First Pass,2026-05-10 23:14:29.275,—,Beatriz Costa
LOTE-SK-M-SOP-005-2698,LOTE-M-SOP-005-2698,WO-2263,WO-13033,2026-05-11,Shift 1,HF-002,RS-HF-002,FR-005-rPET-330,1,COR-006,9195,L,200,1,3,0,4,Rejected,Rejected,Rejected - Scrapped,2026-05-12 12:02:21.542,Foil Transfer:1(Re=1),Diogo Ferreira
LOTE-SK-M-SOP-005-2699,LOTE-M-SOP-005-2699,WO-2264,WO-13034,2026-05-12,Shift 1,HF-002,RS-HF-002,FR-005-rPET-330,1,COR-003,5873,L,200,0,2,0,2,Approved,Approved,Approved - First Pass,2026-05-13 05:00:36.895,—,Elena Santos
LOTE-SK-M-SOP-005-2701,LOTE-M-SOP-005-2701,WO-2268,WO-13035,2026-05-15,Shift 1,HF-001,RS-HF-001,FR-005-rPET-330,1,COR-003,7598,L,200,0,1,0,1,Approved,Approved,Approved - First Pass,2026-05-16 23:45:57.230,—,Beatriz Costa
LOTE-SK-M-SOP-008-2702,LOTE-M-SOP-008-2702,WO-2269,WO-13036,2026-05-15,Shift 2,HF-001,RS-HF-001,FR-008-HDPE-PCR-350,1,COR-003,7728,L,200,0,1,0,1,Approved,Approved,Approved - First Pass,2026-05-16 21:41:24.028,—,Elena Santos
LOTE-SK-M-SOP-005-2704,LOTE-M-SOP-005-2704,WO-2272,WO-13039,2026-05-18,Shift 2,HF-002,RS-HF-002,FR-005-rPET-330,1,COR-005,7871,L,200,0,0,0,0,Approved,Approved,Approved - First Pass,2026-05-19 21:46:08.367,—,Diogo Ferreira
LOTE-SK-M-SOP-005-2706,LOTE-M-SOP-005-2706,WO-2275,WO-13040,2026-05-19,Shift 3,HF-002,RS-HF-002,FR-005-rPET-330,1,COR-005,4959,L,200,0,1,0,1,Approved,Approved,Approved - First Pass,2026-05-21 05:12:31.114,—,Diogo Ferreira
LOTE-SK-M-SOP-005-2707,LOTE-M-SOP-005-2707,WO-2278,WO-13043,2026-05-22,Shift 3,HF-001,RS-HF-001,FR-005-rPET-330,1,COR-005,13280,M,315,0,3,0,3,Approved,Approved,Approved - First Pass,2026-05-23 01:12:28.266,—,Elena Santos
LOTE-SK-M-SOP-005-2709,LOTE-M-SOP-005-2709,WO-2282,WO-13046,2026-05-24,shift 2,HF-002,RS-HF-002,FR-005-rPET-330,1,COR-004,18979,M,315,0,3,0,3,Approved,Approved,Approved - First Pass,2026-05-26 06:10:56.171,—,Beatriz Costa
LOTE-SK-M-SOP-008-2717,LOTE-M-SOP-008-2717,WO-2295,WO-13053,2026-06-01,Shift 2,HF-002,RS-HF-002,FR-008-PP-350,1,COR-003,16584,M,315,1,2,0,3,Rejected,Rejected,Rejected - Scrapped,2026-06-02 21:00:47.226,Foil Adhesion:1(Re=1),Elena Santos
LOTE-SK-M-SOP-005-2718,LOTE-M-SOP-005-2718,WO-2296,WO-13054,2026-06-02,Shift 2,HF-002,RS-HF-002,FR-005-rPET-330,1,COR-007,7543,L,200,0,0,0,0,Approved,Approved,Approved - First Pass,2026-06-04 02:20:28.829,—,Carlos Mendes
LOTE-SK-M-SOP-005-2721,LOTE-M-SOP-005-2721,WO-2303,WO-13056,2026-06-07,Shift 2,HF-001,RS-HF-001,FR-005-rPET-330,1,COR-007,5873,L,200,0,2,0,2,Approved,Approved,Approved - First Pass,2026-06-08 11:53:21.384,—,Beatriz Costa
LOTE-SK-M-SOP-005-2723,LOTE-M-SOP-005-2723,WO-2308,WO-13058,2026-06-11,shift 3,HF-001,RS-HF-001,FR-005-rPET-330,1,COR-003,8047,L,200,0,4,0,4,Approved,Approved,Approved - First Pass,2026-06-11 18:50:04.262,—,Carlos Mendes
LOTE-SK-M-SOP-008-2725,LOTE-M-SOP-008-2725,WO-2312,WO-13061,2026-06-13,Shift 3,HF-002,RS-HF-002,FR-008-PP-350,1,COR-001,17407,M,315,0,3,0,3,Approved,Approved,Approved - First Pass,2026-06-14 09:50:55.014,—,Elena Santos
LOTE-SK-M-SOP-005-2726,LOTE-M-SOP-005-2726,WO-2313,WO-13062,2026-06-14,Shift 3,HF-002,RS-HF-002,FR-005-rPET-330,1,COR-006,3761,L,200,0,1,0,1,Approved,Approved,Approved - First Pass,2026-06-14 17:10:06.002,—,Diogo Ferreira
LOTE-SK-M-SOP-005-2729,LOTE-M-SOP-005-2729,WO-2318,WO-13063,2026-06-16,SHIFT 2,HF-002,RS-HF-002,FR-005-rPET-330,1,COR-007,8843,L,200,0,0,0,0,Approved,Approved,Approved - First Pass,2026-06-18 04:32:57.774,—,Elena Santos
LOTE-SK-M-SOP-005-2730,LOTE-M-SOP-005-2730,WO-2320,WO-13065,2026-06-18,Shift 3,HF-001,RS-HF-001,FR-005-rPET-330,1,COR-008,9662,L,200,0,4,0,4,Approved,Approved,Approved - First Pass,2026-06-19 03:13:33.562,—,Carlos Mendes
LOTE-SK-M-SOP-005-2732,LOTE-M-SOP-005-2732,WO-2324,WO-13066,2026-06-20,  Shift 3  ,HF-001,RS-HF-001,FR-005-rPET-330,1,COR-003,3112,L,200,0,2,0,2,Approved,Approved,Approved - First Pass,2026-06-21 05:17:08.223,—,Elena Santos
LOTE-SK-M-SOP-005-2733,LOTE-M-SOP-005-2733,WO-2327,WO-13069,2026-06-22,Shift 3,HF-002,RS-HF-002,FR-005-rPET-330,1,COR-006,12171,M,315,0,2,0,2,Approved,Approved,Approved - First Pass,2026-06-23 11:49:20.838,—,Beatriz Costa
LOTE-SK-M-SOP-005-2737,LOTE-M-SOP-005-2737,WO-2337,WO-13071,2026-06-29,Shift 3,HF-002,RS-HF-002,FR-005-rPET-330,1,COR-001,12899,M,315,0,0,0,0,Approved,Approved,Approved - First Pass,2026-06-30 10:03:35.394,—,Ana Silva
LOTE-SK-M-SOP-005-2738,LOTE-M-SOP-005-2738,WO-2338,WO-13072,2026-06-30,Shift 1,HF-002,RS-HF-002,FR-005-rPET-330,1,COR-006,7810,L,200,0,0,0,0,Approved,Approved,Approved - First Pass,2026-07-01 08:10:02.165,—,Diogo Ferreira
LOTE-SK-M-SOP-005-2739,LOTE-M-SOP-005-2739,WO-2340,WO-13074,2026-06-30,Shift 1,HF-002,RS-HF-002,FR-005-rPET-330,1,COR-001,6291,L,200,0,1,0,1,Approved,Approved,Approved - First Pass,2026-07-01 20:12:19.761,—,Diogo Ferreira
LOTE-SK-M-SOP-005-2740,LOTE-M-SOP-005-2740,WO-2341,WO-13075,2026-07-01,shift 1,HF-001,RS-HF-001,FR-005-rPET-330,1,COR-006,9635,L,200,0,0,0,0,Approved,Approved,Approved - First Pass,2026-07-02 20:53:51.909,—,Carlos Mendes
LOTE-SK-M-SOP-005-2741,LOTE-M-SOP-005-2741,WO-2344,WO-13078,2026-07-04,shift 3,HF-001,RS-HF-001,FR-005-rPET-330,1,COR-004,17374,M,315,0,0,0,0,Approved,Approved,Approved - First Pass,2026-07-05 01:13:11.566,—,Elena Santos
LOTE-SK-M-SOP-005-2743,LOTE-M-SOP-005-2743,WO-2349,WO-13083,2026-07-07,Shift 1,HF-001,RS-HF-001,FR-005-rPET-330,1,COR-003,13230,M,315,0,1,0,1,Approved,Approved,Approved - First Pass,2026-07-08 02:56:12.876,—,Diogo Ferreira
LOTE-SK-M-SOP-005-2745,LOTE-M-SOP-005-2745,WO-2351,WO-13085,2026-07-08,SHIFT 1,HF-001,RS-HF-001,FR-005-rPET-330,1,COR-001,10953,M,315,0,2,0,2,Approved,Approved,Approved - First Pass,2026-07-09 04:42:15.801,—,Diogo Ferreira
LOTE-SK-M-SOP-005-2752,LOTE-M-SOP-005-2752,WO-2363,WO-13088,2026-07-17,Shift 3,HF-002,RS-HF-002,FR-005-rPET-330,1,COR-001,18194,M,315,1,3,0,4,Rejected,Rejected,Rejected - Scrapped,2026-07-18 03:48:45.490,Foil Transfer:1(Re=1),Diogo Ferreira
LOTE-SK-M-SOP-005-2753,LOTE-M-SOP-005-2753,WO-2364,WO-13089,2026-07-17,Shift 1,HF-002,RS-HF-002,FR-005-rPET-330,1,COR-001,12085,M,315,0,0,0,0,Approved,Approved,Approved - First Pass,2026-07-19 01:25:50.038,—,Diogo Ferreira
LOTE-SK-M-SOP-005-2754,LOTE-M-SOP-005-2754,WO-2366,WO-13091,2026-07-18,SHIFT 1,HF-002,RS-HF-002,FR-005-rPET-330,1,COR-007,8601,L,200,0,0,0,0,Approved,Approved,Approved - First Pass,2026-07-19 13:16:01.220,—,Beatriz Costa
LOTE-SK-M-SOP-008-2756,LOTE-M-SOP-008-2756,WO-2370,WO-13095,2026-07-22,Shift 3,HF-001,RS-HF-001,FR-008-HDPE-PCR-350,1,COR-007,21069,M,315,0,3,0,3,Approved,Approved,Approved - First Pass,2026-07-23 10:59:12.219,—,Ana Silva
LOTE-SK-M-SOP-005-2759,LOTE-M-SOP-005-2759,WO-2376,WO-13097,2026-07-26,Shift 2,HF-002,RS-HF-002,FR-005-rPET-330,1,COR-008,4400,L,200,1,3,0,4,Rejected,Approved,Approved - Released on Deviation,2026-07-27 17:05:47.225,—,Diogo Ferreira
LOTE-SK-M-SOP-005-2761,LOTE-M-SOP-005-2761,WO-2381,WO-13100,2026-07-30,Shift 1,HF-001,RS-HF-001,FR-005-rPET-330,1,COR-002,23658,M,315,0,3,0,3,Approved,Approved,Approved - First Pass,2026-07-31 15:15:32.289,—,Diogo Ferreira
LOTE-SK-M-SOP-005-2764,LOTE-M-SOP-005-2764,WO-2387,WO-13102,2026-08-02,Shift 2,HF-002,RS-HF-002,FR-005-rPET-330,1,COR-002,9942,L,200,0,1,0,1,Approved,Approved,Approved - First Pass,2026-08-03 19:30:07.016,—,Diogo Ferreira
LOTE-SK-M-SOP-005-2770,LOTE-M-SOP-005-2770,WO-2394,WO-13105,2026-08-08,Shift 1,HF-002,RS-HF-002,FR-005-rPET-330,1,COR-001,8366,L,200,0,0,0,0,Approved,Approved,Approved - First Pass,2026-08-09 05:50:24.623,—,Beatriz Costa
LOTE-SK-M-SOP-005-2771,LOTE-M-SOP-005-2771,WO-2396,WO-13107,2026-08-09,Shift 3,HF-002,RS-HF-002,FR-005-rPET-330,1,COR-002,9231,L,200,0,2,0,2,Approved,Approved,Approved - First Pass,2026-08-11 07:05:57.487,—,Carlos Mendes
LOTE-SK-M-SOP-008-2775,LOTE-M-SOP-008-2775,WO-2403,WO-13110,2026-08-15,Shift 3,HF-001,RS-HF-001,FR-008-HDPE-PCR-350,1,COR-005,18558,M,315,0,4,0,4,Approved,Approved,Approved - First Pass,2026-08-16 09:40:19.134,—,Beatriz Costa
LOTE-SK-M-SOP-005-2777,LOTE-M-SOP-005-2777,WO-2407,WO-13113,2026-08-17,SHIFT 2,HF-002,RS-HF-002,FR-005-rPET-330,1,COR-004,24590,M,315,0,1,0,1,Approved,Approved,Approved - First Pass,2026-08-18 13:55:46.687,—,Beatriz Costa
LOTE-SK-M-SOP-008-2778,LOTE-M-SOP-008-2778,WO-2410,WO-13116,2026-08-19,Shift 3,HF-001,RS-HF-001,FR-008-HDPE-PCR-350,1,COR-001,17312,M,315,1,5,0,6,Rejected,Approved,Approved - Reworked,2026-08-20 13:38:50.582,—,Beatriz Costa
LOTE-SK-M-SOP-005-2793,LOTE-M-SOP-005-2793,WO-2437,WO-13123,2026-09-09,  Shift 1  ,HF-001,RS-HF-001,FR-005-rPET-330,1,COR-002,14186,M,315,1,3,0,4,Rejected,Rejected,Rejected - Scrapped,2026-09-10 10:07:01.250,Foil Adhesion:1(Re=1),Carlos Mendes
LOTE-SK-M-SOP-005-2795,LOTE-M-SOP-005-2795,WO-2442,WO-13125,2026-09-12,Shift 1,HF-002,RS-HF-002,FR-005-rPET-330,1,COR-006,9643,L,200,1,1,0,2,Rejected,Rejected,Rejected - Scrapped,2026-09-13 15:53:17.705,Foil Adhesion:1(Re=1),Beatriz Costa
LOTE-SK-M-SOP-008-2797,LOTE-M-SOP-008-2797,WO-2445,WO-13128,2026-09-13,Shift 1,HF-001,RS-HF-001,FR-008-PP-350,1,COR-008,3854,L,200,0,1,0,1,Approved,Approved,Approved - First Pass,2026-09-13 17:48:02.393,—,Beatriz Costa
LOTE-SK-M-SOP-005-2800,LOTE-M-SOP-005-2800,WO-2449,WO-13131,2026-09-16,Shift 3,HF-001,RS-HF-001,FR-005-rPET-330,1,COR-006,12487,M,315,0,5,0,5,Approved,Approved,Approved - First Pass,2026-09-16 22:58:18.517,—,Ana Silva
LOTE-SK-M-SOP-005-2802,LOTE-M-SOP-005-2802,WO-2452,WO-13134,2026-09-17,Shift 1,HF-002,RS-HF-002,FR-005-rPET-330,1,COR-007,3135,L,200,0,0,0,0,Approved,Approved,Approved - First Pass,2026-09-18 09:21:13.324,—,Beatriz Costa
LOTE-SK-M-SOP-005-2805,LOTE-M-SOP-005-2805,WO-2458,WO-13137,2026-09-21,  Shift 2  ,HF-001,RS-HF-001,FR-005-rPET-330,1,COR-003,8726,L,200,0,1,0,1,Approved,Approved,Approved - First Pass,2026-09-23 02:52:45.479,—,Ana Silva
LOTE-SK-M-SOP-005-2808,LOTE-M-SOP-005-2808,WO-2463,WO-13141,2026-09-25,Shift 1,HF-002,RS-HF-002,FR-005-rPET-330,1,COR-007,20574,M,315,1,4,0,5,Rejected,Rejected,Rejected - Scrapped,2026-09-26 11:28:24.572,Foil Adhesion:1(Re=1),Carlos Mendes
LOTE-SK-M-SOP-008-2811,LOTE-M-SOP-008-2811,WO-2467,WO-13142,2026-09-27,Shift 2,HF-001,RS-HF-001,FR-008-HDPE-PCR-350,1,COR-004,3269,L,200,2,4,0,6,Rejected,Rejected,Rejected - Scrapped,2026-09-29 09:02:15.262,Foil Transfer:1(Re=1),Carlos Mendes
LOTE-SK-M-SOP-005-2812,LOTE-M-SOP-005-2812,WO-2469,WO-13144,2026-09-28,Shift 2,HF-001,RS-HF-001,FR-005-rPET-330,1,COR-008,12101,M,315,0,1,0,1,Approved,Approved,Approved - First Pass,2026-09-30 04:28:12.660,—,Diogo Ferreira
LOTE-SK-M-SOP-005-2813,LOTE-M-SOP-005-2813,WO-2471,WO-13146,2026-09-30,Shift 1,HF-001,RS-HF-001,FR-005-rPET-330,1,COR-005,13220,M,315,0,3,0,3,Approved,Approved,Approved - First Pass,2026-10-02 00:14:23.596,—,Ana Silva
LOTE-SK-M-SOP-005-2815,LOTE-M-SOP-005-2815,WO-2473,WO-13147,2026-10-02,Shift 1,HF-001,RS-HF-001,FR-005-rPET-330,1,COR-006,7392,L,200,0,0,0,0,Approved,Approved,Approved - First Pass,2026-10-03 09:24:28.470,—,Diogo Ferreira
LOTE-SK-M-SOP-008-2819,LOTE-M-SOP-008-2819,WO-2477,WO-13150,2026-10-04,Shift 2,HF-001,RS-HF-001,FR-008-HDPE-PCR-350,1,COR-008,6966,L,200,0,2,0,2,Approved,Approved,Approved - First Pass,2026-10-05 17:43:49.564,—,Diogo Ferreira
LOTE-SK-M-SOP-005-2821,LOTE-M-SOP-005-2821,WO-2481,WO-13153,2026-10-07,Shift 2,HF-001,RS-HF-001,FR-005-rPET-330,1,COR-005,9803,L,200,1,7,0,8,Rejected,Approved,Approved - Released on Deviation,2026-10-07 21:20:22.204,—,Ana Silva
LOTE-SK-M-SOP-005-2822,LOTE-M-SOP-005-2822,WO-2482,WO-13154,2026-10-08,Shift 3,HF-001,RS-HF-001,FR-005-rPET-330,1,COR-004,7450,L,200,0,2,0,2,Approved,Approved,Approved - First Pass,2026-10-09 04:02:49.133,—,Elena Santos
LOTE-SK-M-SOP-005-2823,LOTE-M-SOP-005-2823,WO-2484,WO-13156,2026-10-09,Shift 1,HF-002,RS-HF-002,FR-005-rPET-330,1,COR-002,11895,M,315,0,5,0,5,Approved,Approved,Approved - First Pass,2026-10-10 13:37:38.308,—,Carlos Mendes
LOTE-SK-M-SOP-005-2824,LOTE-M-SOP-005-2824,WO-2485,WO-13157,2026-10-10,Shift 3,HF-001,RS-HF-001,FR-005-rPET-330,1,COR-007,3864,L,200,0,5,0,5,Approved,Approved,Approved - First Pass,2026-10-11 06:35:00.234,—,Diogo Ferreira
LOTE-SK-M-SOP-005-2826,LOTE-M-SOP-005-2826,WO-2490,WO-13159,2026-10-13,Shift 2,HF-002,RS-HF-002,FR-005-rPET-330,1,COR-008,9840,L,200,1,6,0,7,Rejected,Rejected,Rejected - Scrapped,2026-10-14 15:38:10.318,Foil Adhesion:1(Re=1),Beatriz Costa
LOTE-SK-M-SOP-005-2828,LOTE-M-SOP-005-2828,WO-2494,WO-13162,2026-10-16,Shift 3,HF-001,RS-HF-001,FR-005-rPET-330,1,COR-007,20512,M,315,1,4,0,5,Rejected,Rejected,Rejected - Scrapped,2026-10-17 19:25:10.229,Foil Transfer:1(Re=1),Ana Silva
LOTE-SK-M-SOP-005-2829,LOTE-M-SOP-005-2829,WO-2495,WO-13163,2026-10-17,Shift 1,HF-002,RS-HF-002,FR-005-rPET-330,1,COR-003,10671,M,315,0,2,0,2,Approved,Approved,Approved - First Pass,2026-10-19 02:46:22.662,—,Ana Silva
LOTE-SK-M-SOP-005-2831,LOTE-M-SOP-005-2831,WO-2498,WO-13164,2026-10-20,  Shift 3  ,HF-002,RS-HF-002,FR-005-rPET-330,1,COR-008,6032,L,200,0,0,0,0,Approved,Approved,Approved - First Pass,2026-10-21 09:20:53.990,—,Beatriz Costa
LOTE-SK-M-SOP-005-2836,LOTE-M-SOP-005-2836,WO-2508,WO-13169,2026-10-26,Shift 2,HF-002,RS-HF-002,FR-005-rPET-330,1,COR-004,3940,L,200,0,2,0,2,Approved,Approved,Approved - First Pass,2026-10-28 07:03:23.453,—,Diogo Ferreira
LOTE-SK-M-SOP-005-2839,LOTE-M-SOP-005-2839,WO-2513,WO-13173,2026-10-29,Shift 1,HF-001,RS-HF-001,FR-005-rPET-330,1,COR-006,7705,L,200,0,5,0,5,Approved,Approved,Approved - First Pass,2026-10-30 06:35:20.350,—,Carlos Mendes
LOTE-SK-M-SOP-005-2847,LOTE-M-SOP-005-2847,WO-2531,WO-13181,2026-11-11,Shift 1,HF-002,RS-HF-002,FR-005-rPET-330,1,COR-003,13151,M,315,0,4,0,4,Approved,Approved,Approved - First Pass,2026-11-11 23:01:57.393,—,Carlos Mendes
LOTE-SK-M-SOP-005-2848,LOTE-M-SOP-005-2848,WO-2532,WO-13182,2026-11-12,  Shift 3  ,HF-002,RS-HF-002,FR-005-rPET-330,1,COR-001,4255,L,200,0,0,0,0,Approved,Approved,Approved - First Pass,2026-11-13 10:05:19.322,—,Ana Silva
LOTE-SK-M-SOP-005-2856,LOTE-M-SOP-005-2856,WO-2546,WO-13184,2026-11-22,Shift 3,HF-001,RS-HF-001,FR-005-rPET-330,1,COR-008,12522,M,315,0,6,0,6,Approved,Approved,Approved - First Pass,2026-11-23 03:11:17.449,—,Carlos Mendes
LOTE-SK-M-SOP-005-2861,LOTE-M-SOP-005-2861,WO-2557,WO-13185,2026-11-28,Shift 2,HF-001,RS-HF-001,FR-005-rPET-330,1,COR-008,6266,L,200,0,0,0,0,Approved,Approved,Approved - First Pass,2026-11-30 05:49:39.178,—,Elena Santos
LOTE-SK-M-SOP-005-2862,LOTE-M-SOP-005-2862,WO-2559,WO-13187,2026-12-01,Shift 1,HF-001,RS-HF-001,FR-005-rPET-330,1,COR-006,16777,M,315,0,7,0,7,Rejected,Rejected,Rejected - Scrapped,2026-12-02 22:57:42.986,Rub Resistance:6(Re=6),Elena Santos
LOTE-SK-M-SOP-005-2864,LOTE-M-SOP-005-2864,WO-2564,WO-13190,2026-12-04,Shift 2,HF-001,RS-HF-001,FR-005-rPET-330,1,COR-003,23323,M,315,0,0,0,0,Approved,Approved,Approved - First Pass,2026-12-05 13:25:13.138,—,Beatriz Costa
LOTE-SK-M-SOP-008-2868,LOTE-M-SOP-008-2868,WO-2570,WO-13192,2026-12-08,Shift 1,HF-002,RS-HF-002,FR-008-HDPE-PCR-350,1,COR-001,10511,M,315,0,3,0,3,Approved,Approved,Approved - First Pass,2026-12-09 05:45:20.185,—,Elena Santos
LOTE-SK-M-SOP-005-2871,LOTE-M-SOP-005-2871,WO-2574,WO-13195,2026-12-11,Shift 1,HF-002,RS-HF-002,FR-005-rPET-330,1,COR-001,7715,L,200,0,2,0,2,Approved,Approved,Approved - First Pass,2026-12-11 17:28:43.047,—,Ana Silva
LOTE-SK-M-SOP-005-2873,LOTE-M-SOP-005-2873,WO-2578,WO-13197,2026-12-14,Shift 3,HF-002,RS-HF-002,FR-005-rPET-330,1,COR-003,12411,M,315,0,2,0,2,Approved,Approved,Approved - First Pass,2026-12-15 06:19:46.405,—,Beatriz Costa
LOTE-SK-M-SOP-005-2875,LOTE-M-SOP-005-2875,WO-2582,WO-13201,2026-12-16,Shift 2,HF-001,RS-HF-001,FR-005-rPET-330,1,COR-006,4333,L,200,0,3,0,3,Approved,Approved,Approved - First Pass,2026-12-17 16:59:50.943,—,Beatriz Costa
LOTE-SK-M-SOP-005-2877,LOTE-M-SOP-005-2877,WO-2586,WO-13202,2026-12-19,Shift 3,HF-001,RS-HF-001,FR-005-rPET-330,1,COR-006,5914,L,200,0,0,0,0,Approved,Approved,Approved - First Pass,2026-12-20 07:59:21.984,—,Diogo Ferreira
LOTE-SK-M-SOP-008-2878,LOTE-M-SOP-008-2878,WO-2588,WO-13204,2026-12-20,Shift 1,HF-002,RS-HF-002,FR-008-HDPE-PCR-350,1,COR-007,12751,M,315,0,1,0,1,Approved,Approved,Approved - First Pass,2026-12-21 10:54:20.209,—,Beatriz Costa
LOTE-SK-M-SOP-005-2879,LOTE-M-SOP-005-2879,WO-2590,WO-13206,2026-12-21,Shift 3,HF-001,RS-HF-001,FR-005-rPET-330,1,COR-002,17173,M,315,0,2,0,2,Approved,Approved,Approved - First Pass,2026-12-22 17:51:58.978,—,Ana Silva
LOTE-SK-M-SOP-005-2881,LOTE-M-SOP-005-2881,WO-2593,WO-13209,2026-12-23,Shift 3,HF-001,RS-HF-001,FR-005-rPET-330,1,COR-006,7486,L,200,1,2,0,3,Rejected,Approved,Approved - Released on Deviation,2026-12-24 01:34:02.817,—,Carlos Mendes
LOTE-SK-M-SOP-005-2882,LOTE-M-SOP-005-2882,WO-2596,WO-13212,2026-12-25,Shift 3,HF-002,RS-HF-002,FR-005-rPET-330,1,COR-003,23739,M,315,0,3,0,3,Approved,Approved,Approved - First Pass,2026-12-26 14:36:34.052,—,Carlos Mendes
LOTE-SK-M-SOP-005-2883,LOTE-M-SOP-005-2883,WO-2597,WO-13213,2026-12-26,Shift 1,HF-001,RS-HF-001,FR-005-rPET-330,1,COR-003,6233,L,200,0,0,0,0,Approved,Approved,Approved - First Pass,2026-12-27 10:15:11.978,—,Diogo Ferreira
LOTE-SK-M-SOP-008-2885,LOTE-M-SOP-008-2885,WO-2601,WO-13217,2026-12-28,SHIFT 3,HF-002,RS-HF-002,FR-008-HDPE-PCR-350,1,COR-006,11872,M,315,0,4,0,4,Approved,Approved,Approved - First Pass,2026-12-29 23:28:20.618,—,Ana Silva
LOTE-SK-M-SOP-003-2893,LOTE-M-SOP-003-2893,WO-2614,WO-13222,2025-07-07,  Shift 1  ,HF-002,RS-HF-002,FR-003-rPET-300,1,COR-003,3829,L,200,0,2,0,2,Approved,Approved,Approved - First Pass,2025-07-08 01:07:42.057,—,Ana Silva
LOTE-SK-M-SOP-003-2897,LOTE-M-SOP-003-2897,WO-2622,WO-13226,2025-07-12,Shift 2,HF-002,RS-HF-002,FR-003-rPET-300,1,COR-003,9673,L,200,0,4,0,4,Approved,Approved,Approved - First Pass,2025-07-14 00:58:14.549,—,Beatriz Costa
LOTE-SK-M-SOP-003-2905,LOTE-M-SOP-003-2905,WO-2637,WO-13231,2025-07-23,Shift 3,HF-001,RS-HF-001,FR-003-rPET-300,1,COR-008,6209,L,200,0,4,0,4,Approved,Approved,Approved - First Pass,2025-07-24 05:23:01.258,—,Diogo Ferreira
LOTE-SK-M-SOP-003-2906,LOTE-M-SOP-003-2906,WO-2640,WO-13234,2025-07-23,Shift 2,HF-001,RS-HF-001,FR-003-rPET-300,1,COR-004,9886,L,200,1,3,0,4,Rejected,Rejected,Rejected - Scrapped,2025-07-24 21:23:59.578,Foil Transfer:1(Re=1),Carlos Mendes
LOTE-SK-M-SOP-009-2907,LOTE-M-SOP-009-2907,WO-2643,WO-13237,2025-07-26,Shift 2,HF-001,RS-HF-001,FR-009-rPET-350,1,COR-004,18021,M,315,0,5,0,5,Approved,Approved,Approved - First Pass,2025-07-28 05:00:49.415,—,Carlos Mendes
LOTE-SK-M-SOP-003-2909,LOTE-M-SOP-003-2909,WO-2645,WO-13238,2025-07-27,Shift 1,HF-002,RS-HF-002,FR-003-rPET-300,1,COR-005,2738,L,200,0,1,0,1,Approved,Approved,Approved - First Pass,2025-07-28 10:14:05.266,—,Elena Santos
LOTE-SK-M-SOP-003-2912,LOTE-M-SOP-003-2912,WO-2648,WO-13240,2025-07-29,Shift 3,HF-002,RS-HF-002,FR-003-rPET-300,1,COR-007,4023,L,200,0,1,0,1,Approved,Approved,Approved - First Pass,2025-07-29 19:17:49.696,—,Diogo Ferreira
LOTE-SK-M-SOP-009-2913,LOTE-M-SOP-009-2913,WO-2650,WO-13242,2025-07-31,Shift 3,HF-001,RS-HF-001,FR-009-rPET-350,1,COR-005,9887,L,200,0,9,0,9,Approved,Approved,Approved - First Pass,2025-08-01 01:32:53.091,—,Elena Santos
LOTE-SK-M-SOP-003-2914,LOTE-M-SOP-003-2914,WO-2652,WO-13244,2025-08-01,Shift 3,HF-002,RS-HF-002,FR-003-rPET-300,1,COR-006,8041,L,200,0,2,0,2,Approved,Approved,Approved - First Pass,2025-08-02 05:18:44.099,—,Ana Silva
LOTE-SK-M-SOP-009-2918,LOTE-M-SOP-009-2918,WO-2659,WO-13246,2025-08-05,Shift 2,HF-001,RS-HF-001,FR-009-rPET-350,1,COR-001,11437,M,315,0,0,0,0,Approved,Approved,Approved - First Pass,2025-08-07 00:26:17.575,—,Diogo Ferreira
LOTE-SK-M-SOP-003-2922,LOTE-M-SOP-003-2922,WO-2667,WO-13249,2025-08-12,Shift 3,HF-001,RS-HF-001,FR-003-rPET-300,1,COR-007,7417,L,200,0,4,0,4,Approved,Approved,Approved - First Pass,2025-08-13 03:47:03.126,—,Diogo Ferreira
LOTE-SK-M-SOP-003-2929,LOTE-M-SOP-003-2929,WO-2679,WO-13251,2025-08-19,Shift 2,HF-001,RS-HF-001,FR-003-rPET-300,1,COR-003,5566,L,200,0,6,0,6,Approved,Approved,Approved - First Pass,2025-08-20 11:07:26.042,—,Beatriz Costa
LOTE-SK-M-SOP-003-2934,LOTE-M-SOP-003-2934,WO-2686,WO-13253,2025-08-24,Shift 3,HF-002,RS-HF-002,FR-003-rPET-300,1,COR-005,1692,L,200,0,2,0,2,Approved,Approved,Approved - First Pass,2025-08-24 15:55:41.354,—,Carlos Mendes
LOTE-SK-M-SOP-003-2936,LOTE-M-SOP-003-2936,WO-2690,WO-13256,2025-08-26,Shift 2,HF-002,RS-HF-002,FR-003-rPET-300,1,COR-003,10285,M,315,0,7,0,7,Approved,Approved,Approved - First Pass,2025-08-27 04:10:34.153,—,Ana Silva
LOTE-SK-M-SOP-009-2939,LOTE-M-SOP-009-2939,WO-2697,WO-13260,2025-08-31,Shift 2,HF-001,RS-HF-001,FR-009-rPET-350,1,COR-004,9491,L,200,0,10,0,10,Approved,Approved,Approved - First Pass,2025-09-01 19:10:26.268,—,Ana Silva
LOTE-SK-M-SOP-009-2940,LOTE-M-SOP-009-2940,WO-2698,WO-13261,2025-08-31,Shift 1,HF-002,RS-HF-002,FR-009-rPET-350,1,COR-003,5034,L,200,0,0,0,0,Approved,Approved,Approved - First Pass,2025-09-01 06:28:39.986,—,Diogo Ferreira
LOTE-SK-M-SOP-003-2941,LOTE-M-SOP-003-2941,WO-2701,WO-13264,2025-09-02,Shift 2,HF-002,RS-HF-002,FR-003-rPET-300,1,COR-008,11070,M,315,0,3,0,3,Approved,Approved,Approved - First Pass,2025-09-04 00:01:57.295,—,Beatriz Costa
LOTE-SK-M-SOP-003-2942,LOTE-M-SOP-003-2942,WO-2704,WO-13267,2025-09-05,Shift 3,HF-001,RS-HF-001,FR-003-rPET-300,1,COR-006,14010,M,315,0,4,0,4,Approved,Approved,Approved - First Pass,2025-09-06 02:15:50.918,—,Ana Silva
LOTE-SK-M-SOP-003-2944,LOTE-M-SOP-003-2944,WO-2707,WO-13269,2025-09-07,SHIFT 3,HF-002,RS-HF-002,FR-003-rPET-300,1,COR-004,3667,L,200,0,4,0,4,Approved,Approved,Approved - First Pass,2025-09-08 11:52:34.878,—,Beatriz Costa
LOTE-SK-M-SOP-003-2946,LOTE-M-SOP-003-2946,WO-2710,WO-13270,2025-09-10,Shift 3,HF-002,RS-HF-002,FR-003-rPET-300,1,COR-001,6485,L,200,0,6,0,6,Approved,Approved,Approved - First Pass,2025-09-11 02:11:35.336,—,Ana Silva
LOTE-SK-M-SOP-003-2953,LOTE-M-SOP-003-2953,WO-2725,WO-13274,2025-09-19,Shift 2,HF-001,RS-HF-001,FR-003-rPET-300,1,COR-005,3030,L,200,0,3,0,3,Approved,Approved,Approved - First Pass,2025-09-20 05:28:57.653,—,Beatriz Costa
LOTE-SK-M-SOP-003-2955,LOTE-M-SOP-003-2955,WO-2729,WO-13275,2025-09-22,Shift 1,HF-001,RS-HF-001,FR-003-rPET-300,1,COR-008,2335,L,200,0,2,0,2,Approved,Approved,Approved - First Pass,2025-09-22 20:53:54.530,—,Beatriz Costa
LOTE-SK-M-SOP-003-2956,LOTE-M-SOP-003-2956,WO-2732,WO-13278,2025-09-24,Shift 3,HF-002,RS-HF-002,FR-003-rPET-300,1,COR-007,12086,M,315,1,4,0,5,Rejected,Rejected,Rejected - Scrapped,2025-09-25 02:59:17.193,Foil Transfer:1(Re=1),Ana Silva
LOTE-SK-M-SOP-003-2960,LOTE-M-SOP-003-2960,WO-2737,WO-13281,2025-09-28,Shift 3,HF-002,RS-HF-002,FR-003-rPET-300,1,COR-001,8865,L,200,0,5,0,5,Approved,Approved,Approved - First Pass,2025-09-28 19:44:07.113,—,Carlos Mendes
LOTE-SK-M-SOP-009-2966,LOTE-M-SOP-009-2966,WO-2745,WO-13283,2025-10-04,Shift 3,HF-002,RS-HF-002,FR-009-PET-350,1,COR-007,4425,L,200,0,2,0,2,Approved,Approved,Approved - First Pass,2025-10-05 02:30:32.592,—,Elena Santos
LOTE-SK-M-SOP-009-2971,LOTE-M-SOP-009-2971,WO-2756,WO-13290,2025-10-11,Shift 2,HF-001,RS-HF-001,FR-009-PET-350,1,COR-004,7911,L,200,0,8,0,8,Approved,Approved,Approved - First Pass,2025-10-12 22:19:07.905,—,Beatriz Costa
LOTE-SK-M-SOP-009-2976,LOTE-M-SOP-009-2976,WO-2762,WO-13294,2025-10-14,Shift 2,HF-001,RS-HF-001,FR-009-PET-350,1,COR-006,2703,L,200,0,2,0,2,Approved,Approved,Approved - First Pass,2025-10-15 22:12:41.142,—,Carlos Mendes
LOTE-SK-M-SOP-003-2987,LOTE-M-SOP-003-2987,WO-2783,WO-13306,2025-10-30,Shift 3,HF-002,RS-HF-002,FR-003-rPET-300,1,COR-004,6369,L,200,0,1,0,1,Approved,Approved,Approved - First Pass,2025-10-30 17:23:59.843,—,Ana Silva
LOTE-SK-M-SOP-003-2990,LOTE-M-SOP-003-2990,WO-2787,WO-13307,2025-11-01,Shift 3,HF-001,RS-HF-001,FR-003-rPET-300,1,COR-002,4963,L,200,0,1,0,1,Approved,Approved,Approved - First Pass,2025-11-02 22:03:49.630,—,Diogo Ferreira
LOTE-SK-M-SOP-003-2992,LOTE-M-SOP-003-2992,WO-2792,WO-13310,2025-11-05,SHIFT 2,HF-002,RS-HF-002,FR-003-rPET-300,1,COR-008,9646,L,200,1,3,0,4,Rejected,Rejected,Rejected - Scrapped,2025-11-06 06:31:07.780,Foil Adhesion:1(Re=1),Carlos Mendes
LOTE-SK-M-SOP-003-3003,LOTE-M-SOP-003-3003,WO-2805,WO-13315,2025-11-15,Shift 1,HF-002,RS-HF-002,FR-003-rPET-300,1,COR-001,13131,M,315,0,1,0,1,Approved,Approved,Approved - First Pass,2025-11-16 21:45:24.548,—,Diogo Ferreira
LOTE-SK-M-SOP-003-3008,LOTE-M-SOP-003-3008,WO-2813,WO-13318,2025-11-21,Shift 2,HF-002,RS-HF-002,FR-003-rPET-300,1,COR-003,10803,M,315,0,2,0,2,Approved,Approved,Approved - First Pass,2025-11-22 12:11:26.084,—,Diogo Ferreira
LOTE-SK-M-SOP-003-3018,LOTE-M-SOP-003-3018,WO-2829,WO-13320,2025-12-02,Shift 2,HF-001,RS-HF-001,FR-003-rPET-300,1,COR-001,125,L,200,0,0,0,0,Approved,Approved,Approved - First Pass,2025-12-03 09:18:25.000,—,Beatriz Costa
LOTE-SK-M-SOP-009-3022,LOTE-M-SOP-009-3022,WO-2839,WO-13323,2025-12-09,Shift 3,HF-002,RS-HF-002,FR-009-PET-350,1,COR-001,7548,L,200,0,3,0,3,Approved,Approved,Approved - First Pass,2025-12-09 17:17:36.630,—,Ana Silva
LOTE-SK-M-SOP-003-3023,LOTE-M-SOP-003-3023,WO-2842,WO-13326,2025-12-11,Shift 3,HF-001,RS-HF-001,FR-003-rPET-300,1,COR-003,12824,M,315,0,2,0,2,Approved,Approved,Approved - First Pass,2025-12-12 11:17:52.064,—,Elena Santos
LOTE-SK-M-SOP-003-3034,LOTE-M-SOP-003-3034,WO-2860,WO-13328,2025-12-22,Shift 2,HF-002,RS-HF-002,FR-003-rPET-300,1,COR-008,7369,L,200,0,0,0,0,Approved,Approved,Approved - First Pass,2025-12-23 16:57:05.185,—,Beatriz Costa
LOTE-SK-M-SOP-003-3039,LOTE-M-SOP-003-3039,WO-2867,WO-13330,2025-12-28,Shift 2,HF-001,RS-HF-001,FR-003-rPET-300,1,COR-003,4654,L,200,0,4,0,4,Approved,Approved,Approved - First Pass,2025-12-29 21:07:21.086,—,Diogo Ferreira
LOTE-SK-M-SOP-003-3044,LOTE-M-SOP-003-3044,WO-2875,WO-13334,2026-01-02,Shift 1,HF-001,RS-HF-001,FR-003-rPET-300,1,COR-001,5215,L,200,0,0,0,0,Approved,Approved,Approved - First Pass,2026-01-03 12:04:35.041,—,Carlos Mendes
LOTE-SK-M-SOP-003-3053,LOTE-M-SOP-003-3053,WO-2889,WO-13336,2026-01-12,Shift 3,HF-002,RS-HF-002,FR-003-rPET-300,1,COR-007,4815,L,200,0,0,0,0,Approved,Approved,Approved - First Pass,2026-01-13 15:02:05.877,—,Beatriz Costa
LOTE-SK-M-SOP-003-3060,LOTE-M-SOP-003-3060,WO-2904,WO-13337,2026-01-22,Shift 1,HF-002,RS-HF-002,FR-003-rPET-300,1,COR-001,5572,L,200,0,2,0,2,Approved,Approved,Approved - First Pass,2026-01-23 09:45:25.483,—,Ana Silva
LOTE-SK-M-SOP-003-3069,LOTE-M-SOP-003-3069,WO-2922,WO-13339,2026-02-03,SHIFT 1,HF-002,RS-HF-002,FR-003-rPET-300,1,COR-002,9003,L,200,0,2,0,2,Approved,Approved,Approved - First Pass,2026-02-04 02:33:42.820,—,Beatriz Costa
LOTE-SK-M-SOP-003-3073,LOTE-M-SOP-003-3073,WO-2929,WO-13340,2026-02-08,Shift 3,HF-001,RS-HF-001,FR-003-rPET-300,1,COR-007,6082,L,200,0,2,0,2,Approved,Approved,Approved - First Pass,2026-02-09 09:40:12.618,—,Elena Santos
LOTE-SK-M-SOP-009-3076,LOTE-M-SOP-009-3076,WO-2934,WO-13342,2026-02-11,Shift 3,HF-002,RS-HF-002,FR-009-PET-350,1,COR-002,9817,L,200,0,3,0,3,Approved,Approved,Approved - First Pass,2026-02-12 05:01:20.998,—,Elena Santos
LOTE-SK-M-SOP-003-3077,LOTE-M-SOP-003-3077,WO-2937,WO-13345,2026-02-13,SHIFT 2,HF-001,RS-HF-001,FR-003-rPET-300,1,COR-002,10670,M,315,0,0,0,0,Approved,Approved,Approved - First Pass,2026-02-14 06:19:14.175,—,Diogo Ferreira
LOTE-SK-M-SOP-003-3078,LOTE-M-SOP-003-3078,WO-2939,WO-13347,2026-02-14,SHIFT 1,HF-001,RS-HF-001,FR-003-rPET-300,1,COR-007,10268,M,315,0,1,0,1,Approved,Approved,Approved - First Pass,2026-02-15 11:14:12.497,—,Elena Santos
LOTE-SK-M-SOP-003-3081,LOTE-M-SOP-003-3081,WO-2943,WO-13348,2026-02-18,Shift 1,HF-002,RS-HF-002,FR-003-rPET-300,1,COR-007,4614,L,200,0,2,0,2,Approved,Approved,Approved - First Pass,2026-02-19 01:53:40.954,—,Beatriz Costa
LOTE-SK-M-SOP-009-3084,LOTE-M-SOP-009-3084,WO-2947,WO-13350,2026-02-20,Shift 2,HF-002,RS-HF-002,FR-009-rPET-350,1,COR-003,10652,M,315,0,10,0,10,Approved,Approved,Approved - First Pass,2026-02-21 08:16:09.115,—,Diogo Ferreira
LOTE-SK-M-SOP-003-3085,LOTE-M-SOP-003-3085,WO-2949,WO-13352,2026-02-20,Shift 2,HF-002,RS-HF-002,FR-003-rPET-300,1,COR-006,3348,L,200,0,1,0,1,Approved,Approved,Approved - First Pass,2026-02-21 08:21:11.729,—,Carlos Mendes
LOTE-SK-M-SOP-009-3086,LOTE-M-SOP-009-3086,WO-2950,WO-13353,2026-02-21,Shift 3,HF-002,RS-HF-002,FR-009-rPET-350,1,COR-005,2089,L,200,0,0,0,0,Approved,Approved,Approved - First Pass,2026-02-23 04:09:53.419,—,Elena Santos
LOTE-SK-M-SOP-003-3089,LOTE-M-SOP-003-3089,WO-2955,WO-13355,2026-02-26,Shift 3,HF-002,RS-HF-002,FR-003-rPET-300,1,COR-004,9642,L,200,1,4,0,5,Rejected,Rejected,Rejected - Scrapped,2026-02-27 01:39:06.328,Foil Adhesion:1(Re=1),Beatriz Costa
LOTE-SK-M-SOP-009-3090,LOTE-M-SOP-009-3090,WO-2959,WO-13359,2026-02-28,Shift 3,HF-002,RS-HF-002,FR-009-PET-350,1,COR-008,9805,L,200,0,0,0,0,Approved,Approved,Approved - First Pass,2026-02-28 22:17:54.800,—,Elena Santos
LOTE-SK-M-SOP-003-3091,LOTE-M-SOP-003-3091,WO-2962,WO-13362,2026-03-01,Shift 3,HF-002,RS-HF-002,FR-003-rPET-300,1,COR-005,11485,M,315,2,2,0,4,Rejected,Rejected,Rejected - Scrapped,2026-03-02 23:22:15.648,Foil Adhesion:1(Re=1),Beatriz Costa
LOTE-SK-M-SOP-003-3092,LOTE-M-SOP-003-3092,WO-2964,WO-13364,2026-03-03,Shift 2,HF-002,RS-HF-002,FR-003-rPET-300,1,COR-001,6090,L,200,0,5,0,5,Approved,Approved,Approved - First Pass,2026-03-04 04:23:46.284,—,Carlos Mendes
LOTE-SK-M-SOP-003-3096,LOTE-M-SOP-003-3096,WO-2968,WO-13365,2026-03-06,Shift 3,HF-001,RS-HF-001,FR-003-rPET-300,1,COR-006,1764,L,200,0,0,0,0,Approved,Approved,Approved - First Pass,2026-03-07 09:01:09.888,—,Beatriz Costa
LOTE-SK-M-SOP-003-3100,LOTE-M-SOP-003-3100,WO-2976,WO-13366,2026-03-13,Shift 1,HF-001,RS-HF-001,FR-003-rPET-300,1,COR-001,8039,L,200,0,1,0,1,Approved,Approved,Approved - First Pass,2026-03-14 07:13:30.609,—,Ana Silva
LOTE-SK-M-SOP-003-3105,LOTE-M-SOP-003-3105,WO-2985,WO-13370,2026-03-18,Shift 2,HF-002,RS-HF-002,FR-003-rPET-300,1,COR-006,4878,L,200,2,0,0,2,Rejected,Rejected,Rejected - Scrapped,2026-03-19 19:31:57.586,Foil Transfer:1(Re=1),Elena Santos
LOTE-SK-M-SOP-009-3107,LOTE-M-SOP-009-3107,WO-2990,WO-13373,2026-03-22,Shift 2,HF-001,RS-HF-001,FR-009-PET-350,1,COR-004,12646,M,315,0,3,0,3,Approved,Approved,Approved - First Pass,2026-03-23 17:47:29.962,—,Diogo Ferreira
LOTE-SK-M-SOP-009-3111,LOTE-M-SOP-009-3111,WO-2997,WO-13378,2026-03-28,Shift 1,HF-002,RS-HF-002,FR-009-PET-350,1,COR-003,10515,M,315,0,1,0,1,Approved,Approved,Approved - First Pass,2026-03-29 12:57:26.193,—,Beatriz Costa
LOTE-SK-M-SOP-003-3117,LOTE-M-SOP-003-3117,WO-3012,WO-13381,2026-04-08,Shift 1,HF-002,RS-HF-002,FR-003-rPET-300,1,COR-006,14404,M,315,0,5,0,5,Approved,Approved,Approved - First Pass,2026-04-09 08:25:36.413,—,Beatriz Costa
LOTE-SK-M-SOP-003-3120,LOTE-M-SOP-003-3120,WO-3015,WO-13382,2026-04-10,Shift 1,HF-002,RS-HF-002,FR-003-rPET-300,1,COR-008,4093,L,200,0,3,0,3,Approved,Approved,Approved - First Pass,2026-04-11 12:42:13.420,—,Diogo Ferreira
LOTE-SK-M-SOP-003-3122,LOTE-M-SOP-003-3122,WO-3018,WO-13384,2026-04-13,Shift 3,HF-002,RS-HF-002,FR-003-rPET-300,1,COR-007,11972,M,315,1,2,0,3,Rejected,Rejected,Rejected - Scrapped,2026-04-14 00:52:51.009,Foil Adhesion:1(Re=1),Diogo Ferreira
LOTE-SK-M-SOP-003-3127,LOTE-M-SOP-003-3127,WO-3027,WO-13386,2026-04-18,Shift 2,HF-002,RS-HF-002,FR-003-rPET-300,1,COR-007,5637,L,200,1,2,0,3,Rejected,Rejected,Rejected - Scrapped,2026-04-19 19:11:24.159,Foil Transfer:1(Re=1),Carlos Mendes
LOTE-SK-M-SOP-003-3134,LOTE-M-SOP-003-3134,WO-3043,WO-13391,2026-04-30,Shift 2,HF-001,RS-HF-001,FR-003-rPET-300,1,COR-003,4359,L,200,0,4,0,4,Approved,Approved,Approved - First Pass,2026-05-01 22:50:41.243,—,Carlos Mendes
LOTE-SK-M-SOP-009-3138,LOTE-M-SOP-009-3138,WO-3051,WO-13392,2026-05-06,SHIFT 1,HF-001,RS-HF-001,FR-009-PET-350,1,COR-005,5920,L,200,0,0,0,0,Approved,Approved,Approved - First Pass,2026-05-07 05:58:44.902,—,Elena Santos
LOTE-SK-M-SOP-003-3143,LOTE-M-SOP-003-3143,WO-3061,WO-13395,2026-05-12,shift 1,HF-001,RS-HF-001,FR-003-rPET-300,1,COR-007,10253,M,315,1,0,0,1,Rejected,Rejected,Rejected - Scrapped,2026-05-12 19:12:32.100,Foil Adhesion:1(Re=1),Beatriz Costa
LOTE-SK-M-SOP-009-3145,LOTE-M-SOP-009-3145,WO-3065,WO-13397,2026-05-15,Shift 3,HF-002,RS-HF-002,FR-009-PET-350,1,COR-004,11645,M,315,0,1,0,1,Approved,Approved,Approved - First Pass,2026-05-17 04:05:26.233,—,Ana Silva
LOTE-SK-M-SOP-009-3146,LOTE-M-SOP-009-3146,WO-3067,WO-13399,2026-05-16,Shift 3,HF-001,RS-HF-001,FR-009-rPET-350,1,COR-002,12227,M,315,0,2,0,2,Approved,Approved,Approved - First Pass,2026-05-18 08:35:15.854,—,Beatriz Costa
LOTE-SK-M-SOP-003-3147,LOTE-M-SOP-003-3147,WO-3070,WO-13402,2026-05-18,Shift 3,HF-002,RS-HF-002,FR-003-rPET-300,1,COR-001,13754,M,315,2,0,0,2,Rejected,Rejected,Rejected - Scrapped,2026-05-19 23:14:50.177,Foil Adhesion:2(Re=1),Beatriz Costa
LOTE-SK-M-SOP-003-3151,LOTE-M-SOP-003-3151,WO-3076,WO-13404,2026-05-22,Shift 2,HF-002,RS-HF-002,FR-003-rPET-300,1,COR-006,3461,L,200,0,3,0,3,Approved,Approved,Approved - First Pass,2026-05-23 09:41:36.380,—,Ana Silva
LOTE-SK-M-SOP-003-3152,LOTE-M-SOP-003-3152,WO-3078,WO-13406,2026-05-24,Shift 1,HF-002,RS-HF-002,FR-003-rPET-300,1,COR-001,5151,L,200,0,4,0,4,Approved,Approved,Approved - First Pass,2026-05-25 03:34:28.638,—,Carlos Mendes
LOTE-SK-M-SOP-003-3165,LOTE-M-SOP-003-3165,WO-3103,WO-13414,2026-06-10,Shift 2,HF-001,RS-HF-001,FR-003-rPET-300,1,COR-005,3080,L,200,0,0,0,0,Approved,Approved,Approved - First Pass,2026-06-11 20:56:11.698,—,Beatriz Costa
LOTE-SK-M-SOP-009-3167,LOTE-M-SOP-009-3167,WO-3105,WO-13415,2026-06-12,Shift 3,HF-001,RS-HF-001,FR-009-rPET-350,1,COR-007,756,L,200,0,0,0,0,Approved,Approved,Approved - First Pass,2026-06-13 12:34:39.897,—,Carlos Mendes
LOTE-SK-M-SOP-009-3172,LOTE-M-SOP-009-3172,WO-3114,WO-13417,2026-06-18,Shift 2,HF-001,RS-HF-001,FR-009-rPET-350,1,COR-003,12046,M,315,0,4,0,4,Approved,Approved,Approved - First Pass,2026-06-19 23:59:53.758,—,Diogo Ferreira
LOTE-SK-M-SOP-003-3175,LOTE-M-SOP-003-3175,WO-3122,WO-13421,2026-06-24,Shift 2,HF-001,RS-HF-001,FR-003-rPET-300,1,COR-008,17622,M,315,0,4,0,4,Approved,Approved,Approved - First Pass,2026-06-25 20:49:45.839,—,Carlos Mendes
LOTE-SK-M-SOP-003-3179,LOTE-M-SOP-003-3179,WO-3128,WO-13423,2026-06-28,Shift 2,HF-002,RS-HF-002,FR-003-rPET-300,1,COR-005,9342,L,200,1,2,0,3,Rejected,Rejected,Rejected - Scrapped,2026-06-29 21:45:08.379,Foil Transfer:1(Re=1),Diogo Ferreira
LOTE-SK-M-SOP-003-3182,LOTE-M-SOP-003-3182,WO-3135,WO-13424,2026-07-02,Shift 1,HF-001,RS-HF-001,FR-003-rPET-300,1,COR-008,3515,L,200,0,1,0,1,Approved,Approved,Approved - First Pass,2026-07-03 02:37:20.500,—,Carlos Mendes
LOTE-SK-M-SOP-003-3183,LOTE-M-SOP-003-3183,WO-3136,WO-13425,2026-07-03,shift 3,HF-002,RS-HF-002,FR-003-rPET-300,1,COR-005,4733,L,200,0,2,0,2,Approved,Approved,Approved - First Pass,2026-07-03 21:27:20.048,—,Elena Santos
LOTE-SK-M-SOP-003-3184,LOTE-M-SOP-003-3184,WO-3137,WO-13426,2026-07-03,Shift 3,HF-002,RS-HF-002,FR-003-rPET-300,1,COR-005,2480,L,200,0,0,0,0,Approved,Approved,Approved - First Pass,2026-07-04 16:54:47.673,—,Beatriz Costa
LOTE-SK-M-SOP-003-3188,LOTE-M-SOP-003-3188,WO-3146,WO-13430,2026-07-10,Shift 3,HF-002,RS-HF-002,FR-003-rPET-300,1,COR-001,9619,L,200,0,4,0,4,Approved,Approved,Approved - First Pass,2026-07-11 08:23:23.543,—,Beatriz Costa
LOTE-SK-M-SOP-003-3190,LOTE-M-SOP-003-3190,WO-3150,WO-13431,2026-07-13,Shift 2,HF-001,RS-HF-001,FR-003-rPET-300,1,COR-008,3100,L,200,0,0,0,0,Approved,Approved,Approved - First Pass,2026-07-14 20:16:44.391,—,Beatriz Costa
LOTE-SK-M-SOP-003-3197,LOTE-M-SOP-003-3197,WO-3165,WO-13436,2026-07-24,Shift 2,HF-001,RS-HF-001,FR-003-rPET-300,1,COR-006,12258,M,315,1,4,0,5,Rejected,Rejected,Rejected - Scrapped,2026-07-26 01:55:36.695,Foil Transfer:1(Re=1),Beatriz Costa
LOTE-SK-M-SOP-009-3198,LOTE-M-SOP-009-3198,WO-3166,WO-13437,2026-07-25,Shift 3,HF-001,RS-HF-001,FR-009-rPET-350,1,COR-003,2661,L,200,0,0,0,0,Approved,Approved,Approved - First Pass,2026-07-26 06:03:56.345,—,Ana Silva
LOTE-SK-M-SOP-003-3199,LOTE-M-SOP-003-3199,WO-3167,WO-13438,2026-07-25,shift 3,HF-002,RS-HF-002,FR-003-rPET-300,1,COR-005,4911,L,200,0,2,0,2,Approved,Approved,Approved - First Pass,2026-07-27 03:30:58.243,—,Diogo Ferreira
LOTE-SK-M-SOP-003-3200,LOTE-M-SOP-003-3200,WO-3169,WO-13440,2026-07-27,Shift 3,HF-002,RS-HF-002,FR-003-rPET-300,1,COR-007,9879,L,200,0,2,0,2,Approved,Approved,Approved - First Pass,2026-07-27 20:09:20.312,—,Elena Santos
LOTE-SK-M-SOP-003-3203,LOTE-M-SOP-003-3203,WO-3176,WO-13443,2026-07-31,Shift 2,HF-002,RS-HF-002,FR-003-rPET-300,1,COR-007,9834,L,200,1,6,0,7,Rejected,Rejected,Rejected - Scrapped,2026-08-01 21:58:07.078,Foil Adhesion:1(Re=1),Carlos Mendes
LOTE-SK-M-SOP-003-3206,LOTE-M-SOP-003-3206,WO-3182,WO-13446,2026-08-04,Shift 1,HF-001,RS-HF-001,FR-003-rPET-300,1,COR-007,7303,L,200,1,3,0,4,Rejected,Rejected,Rejected - Scrapped,2026-08-05 11:47:53.729,Foil Transfer:1(Re=1),Diogo Ferreira
LOTE-SK-M-SOP-009-3212,LOTE-M-SOP-009-3212,WO-3191,WO-13450,2026-08-11,Shift 1,HF-002,RS-HF-002,FR-009-PET-350,1,COR-001,15227,M,315,0,0,0,0,Approved,Approved,Approved - First Pass,2026-08-12 14:25:16.115,—,Carlos Mendes
LOTE-SK-M-SOP-009-3215,LOTE-M-SOP-009-3215,WO-3197,WO-13456,2026-08-15,Shift 3,HF-002,RS-HF-002,FR-009-rPET-350,1,COR-005,4417,L,200,0,1,0,1,Approved,Approved,Approved - First Pass,2026-08-16 10:04:26.309,—,Beatriz Costa
LOTE-SK-M-SOP-009-3216,LOTE-M-SOP-009-3216,WO-3198,WO-13457,2026-08-16,shift 1,HF-002,RS-HF-002,FR-009-PET-350,1,COR-005,5620,L,200,0,1,0,1,Approved,Approved,Approved - First Pass,2026-08-17 10:15:14.532,—,Ana Silva
LOTE-SK-M-SOP-003-3222,LOTE-M-SOP-003-3222,WO-3205,WO-13459,2026-08-19,Shift 2,HF-002,RS-HF-002,FR-003-rPET-300,1,COR-007,5938,L,200,0,0,0,0,Approved,Approved,Approved - First Pass,2026-08-21 06:15:00.132,—,Elena Santos
LOTE-SK-M-SOP-003-3224,LOTE-M-SOP-003-3224,WO-3209,WO-13463,2026-08-23,Shift 1,HF-002,RS-HF-002,FR-003-rPET-300,1,COR-007,14056,M,315,1,5,0,6,Rejected,Approved,Approved - Reworked,2026-08-24 11:02:13.136,—,Carlos Mendes
LOTE-SK-M-SOP-003-3231,LOTE-M-SOP-003-3231,WO-3224,WO-13470,2026-09-01,Shift 1,HF-001,RS-HF-001,FR-003-rPET-300,1,COR-008,15872,M,315,0,1,0,1,Approved,Approved,Approved - First Pass,2026-09-02 03:59:18.258,—,Elena Santos
LOTE-SK-M-SOP-009-3233,LOTE-M-SOP-009-3233,WO-3229,WO-13473,2026-09-04,Shift 1,HF-001,RS-HF-001,FR-009-PET-350,1,COR-005,13744,M,315,0,3,0,3,Approved,Approved,Approved - First Pass,2026-09-05 03:52:44.441,—,Diogo Ferreira
LOTE-SK-M-SOP-003-3236,LOTE-M-SOP-003-3236,WO-3238,WO-13479,2026-09-10,Shift 2,HF-001,RS-HF-001,FR-003-rPET-300,1,COR-008,11229,M,315,0,9,0,9,Approved,Approved,Approved - First Pass,2026-09-11 21:01:52.618,—,Beatriz Costa
LOTE-SK-M-SOP-003-3240,LOTE-M-SOP-003-3240,WO-3248,WO-13483,2026-09-18,Shift 3,HF-002,RS-HF-002,FR-003-rPET-300,1,COR-008,4045,L,200,0,4,0,4,Approved,Approved,Approved - First Pass,2026-09-19 12:47:40.448,—,Beatriz Costa
LOTE-SK-M-SOP-003-3242,LOTE-M-SOP-003-3242,WO-3252,WO-13485,2026-09-21,Shift 3,HF-002,RS-HF-002,FR-003-rPET-300,1,COR-006,6630,L,200,0,3,0,3,Approved,Approved,Approved - First Pass,2026-09-21 20:04:53.509,—,Diogo Ferreira
LOTE-SK-M-SOP-003-3245,LOTE-M-SOP-003-3245,WO-3258,WO-13488,2026-09-24,Shift 2,HF-001,RS-HF-001,FR-003-rPET-300,1,COR-002,2873,L,200,0,0,0,0,Approved,Approved,Approved - First Pass,2026-09-25 22:26:15.427,—,Carlos Mendes
LOTE-SK-M-SOP-003-3254,LOTE-M-SOP-003-3254,WO-3278,WO-13492,2026-10-07,Shift 3,HF-001,RS-HF-001,FR-003-rPET-300,1,COR-005,8807,L,200,0,2,0,2,Approved,Approved,Approved - First Pass,2026-10-08 12:20:32.386,—,Beatriz Costa
LOTE-SK-M-SOP-003-3255,LOTE-M-SOP-003-3255,WO-3280,WO-13494,2026-10-09,Shift 1,HF-002,RS-HF-002,FR-003-rPET-300,1,COR-001,10612,M,315,0,7,0,7,Approved,Approved,Approved - First Pass,2026-10-10 18:09:15.510,—,Ana Silva
LOTE-SK-M-SOP-003-3257,LOTE-M-SOP-003-3257,WO-3284,WO-13496,2026-10-11,Shift 2,HF-001,RS-HF-001,FR-003-rPET-300,1,COR-004,872,L,200,0,1,0,1,Approved,Approved,Approved - First Pass,2026-10-12 20:38:29.459,—,Carlos Mendes
LOTE-SK-M-SOP-009-3260,LOTE-M-SOP-009-3260,WO-3289,WO-13497,2026-10-14,Shift 1,HF-002,RS-HF-002,FR-009-PET-350,1,COR-006,5814,L,200,0,0,0,0,Approved,Approved,Approved - First Pass,2026-10-15 00:42:52.009,—,Beatriz Costa
LOTE-SK-M-SOP-003-3261,LOTE-M-SOP-003-3261,WO-3291,WO-13499,2026-10-16,Shift 1,HF-001,RS-HF-001,FR-003-rPET-300,1,COR-006,7940,L,200,0,0,0,0,Approved,Approved,Approved - First Pass,2026-10-17 04:18:43.314,—,Elena Santos
LOTE-SK-M-SOP-009-3264,LOTE-M-SOP-009-3264,WO-3296,WO-13501,2026-10-19,Shift 3,HF-002,RS-HF-002,FR-009-rPET-350,1,COR-003,5835,L,200,0,3,0,3,Approved,Approved,Approved - First Pass,2026-10-20 06:23:41.661,—,Elena Santos
LOTE-SK-M-SOP-009-3266,LOTE-M-SOP-009-3266,WO-3300,WO-13504,2026-10-22,shift 3,HF-001,RS-HF-001,FR-009-rPET-350,1,COR-005,12287,M,315,0,3,0,3,Approved,Approved,Approved - First Pass,2026-10-23 01:30:18.072,—,Diogo Ferreira
LOTE-SK-M-SOP-009-3270,LOTE-M-SOP-009-3270,WO-3307,WO-13506,2026-10-27,Shift 2,HF-002,RS-HF-002,FR-009-rPET-350,1,COR-001,11649,M,315,0,0,0,0,Approved,Approved,Approved - First Pass,2026-10-29 02:28:10.947,—,Elena Santos
LOTE-SK-M-SOP-009-3275,LOTE-M-SOP-009-3275,WO-3314,WO-13507,2026-11-01,Shift 2,HF-001,RS-HF-001,FR-009-PET-350,1,COR-008,2528,L,200,0,2,0,2,Approved,Approved,Approved - First Pass,2026-11-02 14:07:25.889,—,Elena Santos
LOTE-SK-M-SOP-009-3276,LOTE-M-SOP-009-3276,WO-3315,WO-13508,2026-11-02,  Shift 3  ,HF-002,RS-HF-002,FR-009-rPET-350,1,COR-002,4565,L,200,0,2,0,2,Approved,Approved,Approved - First Pass,2026-11-02 17:37:16.016,—,Ana Silva
LOTE-SK-M-SOP-009-3277,LOTE-M-SOP-009-3277,WO-3316,WO-13509,2026-11-02,Shift 2,HF-001,RS-HF-001,FR-009-rPET-350,1,COR-002,5905,L,200,0,0,0,0,Approved,Approved,Approved - First Pass,2026-11-03 15:13:31.043,—,Ana Silva
LOTE-SK-M-SOP-003-3279,LOTE-M-SOP-003-3279,WO-3319,WO-13511,2026-11-05,Shift 3,HF-001,RS-HF-001,FR-003-rPET-300,1,COR-007,6921,L,200,0,1,0,1,Approved,Approved,Approved - First Pass,2026-11-06 02:21:57.789,—,Carlos Mendes
LOTE-SK-M-SOP-009-3285,LOTE-M-SOP-009-3285,WO-3334,WO-13515,2026-11-15,Shift 3,HF-002,RS-HF-002,FR-009-rPET-350,1,COR-001,13869,M,315,0,1,0,1,Approved,Approved,Approved - First Pass,2026-11-16 01:12:10.271,—,Elena Santos
LOTE-SK-M-SOP-003-3287,LOTE-M-SOP-003-3287,WO-3337,WO-13516,2026-11-17,Shift 1,HF-001,RS-HF-001,FR-003-rPET-300,1,COR-001,6102,L,200,1,1,0,2,Rejected,Rejected,Rejected - Scrapped,2026-11-18 05:43:49.462,Foil Transfer:1(Re=1),Carlos Mendes
LOTE-SK-M-SOP-003-3288,LOTE-M-SOP-003-3288,WO-3339,WO-13518,2026-11-19,Shift 3,HF-002,RS-HF-002,FR-003-rPET-300,1,COR-008,6835,L,200,0,2,0,2,Approved,Approved,Approved - First Pass,2026-11-20 01:39:42.381,—,Carlos Mendes
LOTE-SK-M-SOP-003-3295,LOTE-M-SOP-003-3295,WO-3353,WO-13524,2026-11-28,Shift 2,HF-001,RS-HF-001,FR-003-rPET-300,1,COR-002,14994,M,315,0,0,0,0,Approved,Approved,Approved - First Pass,2026-11-30 03:26:48.470,—,Elena Santos
LOTE-SK-M-SOP-003-3297,LOTE-M-SOP-003-3297,WO-3357,WO-13528,2026-12-01,Shift 2,HF-001,RS-HF-001,FR-003-rPET-300,1,COR-008,9587,L,200,1,3,0,4,Rejected,Rejected,Rejected - Scrapped,2026-12-02 10:27:44.275,Foil Adhesion:1(Re=1),Elena Santos
LOTE-SK-M-SOP-009-3298,LOTE-M-SOP-009-3298,WO-3360,WO-13531,2026-12-03,Shift 2,HF-001,RS-HF-001,FR-009-PET-350,1,COR-003,8490,L,200,0,0,0,0,Approved,Approved,Approved - First Pass,2026-12-04 06:34:43.473,—,Elena Santos
LOTE-SK-M-SOP-009-3309,LOTE-M-SOP-009-3309,WO-3382,WO-13534,2026-12-19,Shift 2,HF-002,RS-HF-002,FR-009-PET-350,1,COR-005,14089,M,315,1,4,0,5,Rejected,Rejected,Rejected - Scrapped,2026-12-21 02:52:53.062,Foil Transfer:1(Re=1),Diogo Ferreira
LOTE-SK-M-SOP-029-3322,LOTE-M-SOP-029-3322,WO-3401,WO-13537,2025-07-02,Shift 2,HF-002,RS-HF-002,FR-029-MDPE-5000,1,COR-003,334,L,200,0,1,0,1,Approved,Approved,Approved - First Pass,2025-07-03 11:31:48.415,—,Beatriz Costa
LOTE-SK-M-SOP-026-3323,LOTE-M-SOP-026-3323,WO-3402,WO-13538,2025-07-03,Shift 3,HF-002,RS-HF-002,FR-026-HDPE-4000,1,COR-002,1864,L,200,1,0,0,1,Rejected,Rejected,Rejected - Scrapped,2025-07-03 19:13:03.961,Foil Transfer:1(Re=1),Diogo Ferreira
LOTE-SK-M-SOP-004-3324,LOTE-M-SOP-004-3324,WO-3405,WO-13541,2025-07-05,Shift 2,HF-001,RS-HF-001,FR-004-rPET-330,1,COR-001,17564,M,315,0,0,0,0,Approved,Approved,Approved - First Pass,2025-07-07 01:16:22.776,—,Carlos Mendes
LOTE-SK-M-SOP-004-3325,LOTE-M-SOP-004-3325,WO-3407,WO-13543,2025-07-06,Shift 2,HF-001,RS-HF-001,FR-004-rPET-330,1,COR-001,19166,M,315,0,4,0,4,Approved,Approved,Approved - First Pass,2025-07-08 02:52:45.247,—,Diogo Ferreira
LOTE-SK-M-SOP-026-3326,LOTE-M-SOP-026-3326,WO-3408,WO-13544,2025-07-07,Shift 1,HF-001,RS-HF-001,FR-026-HDPE-4000,1,COR-005,1265,L,200,0,2,0,2,Approved,Approved,Approved - First Pass,2025-07-07 22:52:25.331,—,Elena Santos
LOTE-SK-M-SOP-029-3327,LOTE-M-SOP-029-3327,WO-3410,WO-13546,2025-07-08,Shift 2,HF-001,RS-HF-001,FR-029-MDPE-5000,1,COR-002,1226,L,200,0,3,0,3,Approved,Approved,Approved - First Pass,2025-07-09 05:42:01.436,—,Elena Santos
LOTE-SK-M-SOP-012-3328,LOTE-M-SOP-012-3328,WO-3411,WO-13547,2025-07-09,Shift 3,HF-002,RS-HF-002,FR-012-PET-400,1,COR-004,3505,L,200,1,0,0,1,Rejected,Rejected,Rejected - Scrapped,2025-07-09 23:37:30.757,Foil Adhesion:1(Re=1),Carlos Mendes
LOTE-SK-M-SOP-004-3329,LOTE-M-SOP-004-3329,WO-3412,WO-13548,2025-07-10,Shift 3,HF-002,RS-HF-002,FR-004-rPET-330,1,COR-002,5754,L,200,0,1,0,1,Approved,Approved,Approved - First Pass,2025-07-10 20:51:27.022,—,Elena Santos
LOTE-SK-M-SOP-004-3330,LOTE-M-SOP-004-3330,WO-3415,WO-13551,2025-07-11,Shift 1,HF-001,RS-HF-001,FR-004-rPET-330,1,COR-008,17104,M,315,0,3,0,3,Approved,Approved,Approved - First Pass,2025-07-12 11:26:31.281,—,Elena Santos
LOTE-SK-M-SOP-004-3331,LOTE-M-SOP-004-3331,WO-3417,WO-13553,2025-07-12,Shift 2,HF-001,RS-HF-001,FR-004-rPET-330,1,COR-004,14794,M,315,0,2,0,2,Approved,Approved,Approved - First Pass,2025-07-14 00:16:30.757,—,Carlos Mendes
LOTE-SK-M-SOP-029-3332,LOTE-M-SOP-029-3332,WO-3418,WO-13554,2025-07-14,Shift 3,HF-002,RS-HF-002,FR-029-MDPE-5000,1,COR-007,1285,L,200,0,0,0,0,Approved,Approved,Approved - First Pass,2025-07-14 18:46:03.864,—,Diogo Ferreira
LOTE-SK-M-SOP-004-3333,LOTE-M-SOP-004-3333,WO-3421,WO-13557,2025-07-15,Shift 1,HF-001,RS-HF-001,FR-004-rPET-330,1,COR-005,19002,M,315,0,3,0,3,Approved,Approved,Approved - First Pass,2025-07-16 04:03:19.288,—,Ana Silva
LOTE-SK-M-SOP-026-3334,LOTE-M-SOP-026-3334,WO-3422,WO-13558,2025-07-16,Shift 2,HF-001,RS-HF-001,FR-026-HDPE-4000,1,COR-004,1856,L,200,0,1,0,1,Approved,Approved,Approved - First Pass,2025-07-17 19:51:06.892,—,Ana Silva
LOTE-SK-M-SOP-004-3335,LOTE-M-SOP-004-3335,WO-3425,WO-13561,2025-07-18,Shift 2,HF-002,RS-HF-002,FR-004-rPET-330,1,COR-007,18052,M,315,0,0,0,0,Approved,Approved,Approved - First Pass,2025-07-20 07:45:10.729,—,Ana Silva
LOTE-SK-M-SOP-004-3336,LOTE-M-SOP-004-3336,WO-3427,WO-13563,2025-07-20,Shift 3,HF-002,RS-HF-002,FR-004-rPET-330,1,COR-006,14314,M,315,0,1,0,1,Approved,Approved,Approved - First Pass,2025-07-21 14:56:48.029,—,Diogo Ferreira
LOTE-SK-M-SOP-012-3337,LOTE-M-SOP-012-3337,WO-3428,WO-13564,2025-07-20,Shift 1,HF-001,RS-HF-001,FR-012-PET-400,1,COR-007,7845,L,200,0,0,0,0,Approved,Approved,Approved - First Pass,2025-07-21 15:51:10.448,—,Diogo Ferreira
LOTE-SK-M-SOP-012-3338,LOTE-M-SOP-012-3338,WO-3430,WO-13566,2025-07-22,Shift 1,HF-001,RS-HF-001,FR-012-PET-400,1,COR-003,12983,M,315,0,3,0,3,Approved,Approved,Approved - First Pass,2025-07-23 07:07:25.418,—,Diogo Ferreira
LOTE-SK-M-SOP-026-3339,LOTE-M-SOP-026-3339,WO-3433,WO-13569,2025-07-24,Shift 1,HF-002,RS-HF-002,FR-026-HDPE-4000,1,COR-004,6429,L,200,0,4,0,4,Approved,Approved,Approved - First Pass,2025-07-24 20:30:41.384,—,Elena Santos
LOTE-SK-M-SOP-029-3340,LOTE-M-SOP-029-3340,WO-3434,WO-13570,2025-07-25,Shift 3,HF-001,RS-HF-001,FR-029-MDPE-5000,1,COR-002,780,L,200,2,1,0,3,Rejected,Rejected,Rejected - Scrapped,2025-07-26 08:06:36.584,Foil Adhesion:2(Re=1),Ana Silva
LOTE-SK-M-SOP-012-3341,LOTE-M-SOP-012-3341,WO-3435,WO-13571,2025-07-26,Shift 2,HF-001,RS-HF-001,FR-012-PET-400,1,COR-004,8746,L,200,0,3,0,3,Approved,Approved,Approved - First Pass,2025-07-28 02:57:59.722,—,Diogo Ferreira
LOTE-SK-M-SOP-012-3342,LOTE-M-SOP-012-3342,WO-3437,WO-13573,2025-07-27,Shift 3,HF-001,RS-HF-001,FR-012-PET-400,1,COR-008,7234,L,200,0,4,0,4,Approved,Approved,Approved - First Pass,2025-07-28 09:34:49.621,—,Ana Silva
LOTE-SK-M-SOP-004-3343,LOTE-M-SOP-004-3343,WO-3440,WO-13576,2025-07-30,Shift 3,HF-001,RS-HF-001,FR-004-rPET-330,1,COR-001,20234,M,315,0,2,0,2,Approved,Approved,Approved - First Pass,2025-07-31 13:19:34.351,—,Diogo Ferreira
LOTE-SK-M-SOP-026-3344,LOTE-M-SOP-026-3344,WO-3442,WO-13578,2025-07-30,Shift 2,HF-002,RS-HF-002,FR-026-HDPE-4000,1,COR-008,4746,L,200,1,3,0,4,Rejected,Rejected,Rejected - Scrapped,2025-07-31 16:45:04.288,Foil Transfer:1(Re=1),Beatriz Costa
LOTE-SK-M-SOP-026-3345,LOTE-M-SOP-026-3345,WO-3443,WO-13579,2025-07-31,Shift 1,HF-001,RS-HF-001,FR-026-HDPE-4000,1,COR-001,1503,L,200,0,5,0,5,Approved,Approved,Approved - First Pass,2025-08-01 14:00:07.590,—,Diogo Ferreira
LOTE-SK-M-SOP-012-3346,LOTE-M-SOP-012-3346,WO-3444,WO-13580,2025-08-02,Shift 3,HF-002,RS-HF-002,FR-012-PET-400,1,COR-006,7623,L,200,0,0,0,0,Approved,Approved,Approved - First Pass,2025-08-03 09:29:19.170,—,Diogo Ferreira
LOTE-SK-M-SOP-029-3347,LOTE-M-SOP-029-3347,WO-3447,WO-13583,2025-08-03,Shift 3,HF-001,RS-HF-001,FR-029-MDPE-5000,1,COR-006,1370,L,200,1,1,0,2,Rejected,Rejected,Rejected - Scrapped,2025-08-03 19:14:40.727,Foil Transfer:1(Re=1),Ana Silva
LOTE-SK-M-SOP-026-3348,LOTE-M-SOP-026-3348,WO-3449,WO-13585,2025-08-03,Shift 2,HF-002,RS-HF-002,FR-026-HDPE-4000,1,COR-004,2906,L,200,0,1,0,1,Approved,Approved,Approved - First Pass,2025-08-04 10:39:36.550,—,Beatriz Costa
LOTE-SK-M-SOP-029-3349,LOTE-M-SOP-029-3349,WO-3450,WO-13586,2025-08-05,Shift 3,HF-001,RS-HF-001,FR-029-MDPE-5000,1,COR-008,972,L,200,0,0,0,0,Approved,Approved,Approved - First Pass,2025-08-05 19:53:36.212,—,Diogo Ferreira
LOTE-SK-M-SOP-026-3350,LOTE-M-SOP-026-3350,WO-3452,WO-13588,2025-08-06,Shift 3,HF-001,RS-HF-001,FR-026-HDPE-4000,1,COR-002,4712,L,200,1,4,0,5,Rejected,Rejected,Rejected - Scrapped,2025-08-07 00:37:21.093,Foil Transfer:1(Re=1),Diogo Ferreira
LOTE-SK-M-SOP-012-3351,LOTE-M-SOP-012-3351,WO-3453,WO-13589,2025-08-07,Shift 1,HF-002,RS-HF-002,FR-012-PET-400,1,COR-006,6943,L,200,0,0,0,0,Approved,Approved,Approved - First Pass,2025-08-08 20:35:36.611,—,Carlos Mendes
LOTE-SK-M-SOP-012-3352,LOTE-M-SOP-012-3352,WO-3455,WO-13591,2025-08-08,Shift 3,HF-001,RS-HF-001,FR-012-PET-400,1,COR-003,4539,L,200,0,1,0,1,Approved,Approved,Approved - First Pass,2025-08-08 12:24:21.382,—,Carlos Mendes
LOTE-SK-M-SOP-012-3353,LOTE-M-SOP-012-3353,WO-3456,WO-13592,2025-08-08,SHIFT 2,HF-002,RS-HF-002,FR-012-PET-400,1,COR-007,7173,L,200,0,0,0,0,Approved,Approved,Approved - First Pass,2025-08-09 18:27:12.229,—,Carlos Mendes
LOTE-SK-M-SOP-012-3354,LOTE-M-SOP-012-3354,WO-3457,WO-13593,2025-08-09,Shift 3,HF-002,RS-HF-002,FR-012-PET-400,1,COR-006,7098,L,200,0,0,0,0,Approved,Approved,Approved - First Pass,2025-08-10 18:44:24.601,—,Beatriz Costa
LOTE-SK-M-SOP-026-3355,LOTE-M-SOP-026-3355,WO-3458,WO-13594,2025-08-10,Shift 2,HF-002,RS-HF-002,FR-026-HDPE-4000,1,COR-007,3268,L,200,0,2,0,2,Approved,Approved,Approved - First Pass,2025-08-11 12:34:28.587,—,Beatriz Costa
LOTE-SK-M-SOP-012-3356,LOTE-M-SOP-012-3356,WO-3461,WO-13597,2025-08-12,  Shift 2  ,HF-001,RS-HF-001,FR-012-PET-400,1,COR-007,18184,M,315,0,2,0,2,Approved,Approved,Approved - First Pass,2025-08-13 19:07:09.804,—,Ana Silva
LOTE-SK-M-SOP-012-3357,LOTE-M-SOP-012-3357,WO-3462,WO-13598,2025-08-13,Shift 1,HF-002,RS-HF-002,FR-012-PET-400,1,COR-001,7744,L,200,0,1,0,1,Approved,Approved,Approved - First Pass,2025-08-14 10:30:29.166,—,Carlos Mendes
LOTE-SK-M-SOP-012-3358,LOTE-M-SOP-012-3358,WO-3463,WO-13599,2025-08-13,Shift 3,HF-001,RS-HF-001,FR-012-PET-400,1,COR-005,5127,L,200,0,0,0,0,Approved,Approved,Approved - First Pass,2025-08-14 05:33:20.300,—,Ana Silva
LOTE-SK-M-SOP-026-3359,LOTE-M-SOP-026-3359,WO-3465,WO-13601,2025-08-15,Shift 2,HF-002,RS-HF-002,FR-026-HDPE-4000,1,COR-005,3103,L,200,0,1,0,1,Approved,Approved,Approved - First Pass,2025-08-16 08:39:42.950,—,Beatriz Costa
LOTE-SK-M-SOP-004-3360,LOTE-M-SOP-004-3360,WO-3466,WO-13602,2025-08-16,Shift 3,HF-001,RS-HF-001,FR-004-rPET-330,1,COR-004,7698,L,200,0,2,0,2,Approved,Approved,Approved - First Pass,2025-08-17 03:24:01.854,—,Beatriz Costa
LOTE-SK-M-SOP-012-3361,LOTE-M-SOP-012-3361,WO-3469,WO-13605,2025-08-18,shift 3,HF-001,RS-HF-001,FR-012-PET-400,1,COR-001,19665,M,315,1,1,0,2,Rejected,Rejected,Rejected - Scrapped,2025-08-19 05:10:09.179,Foil Transfer:1(Re=1),Beatriz Costa
LOTE-SK-M-SOP-012-3362,LOTE-M-SOP-012-3362,WO-3470,WO-13606,2025-08-18,SHIFT 1,HF-001,RS-HF-001,FR-012-PET-400,1,COR-008,5299,L,200,0,3,0,3,Approved,Approved,Approved - First Pass,2025-08-19 07:43:46.711,—,Elena Santos
LOTE-SK-M-SOP-012-3363,LOTE-M-SOP-012-3363,WO-3471,WO-13607,2025-08-18,Shift 1,HF-002,RS-HF-002,FR-012-PET-400,1,COR-001,6167,L,200,0,0,0,0,Approved,Approved,Approved - First Pass,2025-08-19 18:38:11.637,—,Diogo Ferreira
LOTE-SK-M-SOP-004-3364,LOTE-M-SOP-004-3364,WO-3474,WO-13610,2025-08-21,Shift 1,HF-001,RS-HF-001,FR-004-rPET-330,1,COR-001,23405,M,315,1,4,0,5,Rejected,Approved,Approved - Released on Deviation,2025-08-22 11:05:15.417,—,Diogo Ferreira
LOTE-SK-M-SOP-004-3365,LOTE-M-SOP-004-3365,WO-3476,WO-13612,2025-08-23,Shift 3,HF-001,RS-HF-001,FR-004-rPET-330,1,COR-008,15121,M,315,0,6,0,6,Approved,Approved,Approved - First Pass,2025-08-24 07:49:30.688,—,Diogo Ferreira
LOTE-SK-M-SOP-026-3366,LOTE-M-SOP-026-3366,WO-3478,WO-13614,2025-08-24,Shift 3,HF-001,RS-HF-001,FR-026-HDPE-4000,1,COR-006,3283,L,200,1,1,0,2,Rejected,Rejected,Rejected - Scrapped,2025-08-25 00:25:14.118,Foil Adhesion:1(Re=1),Diogo Ferreira
LOTE-SK-M-SOP-026-3367,LOTE-M-SOP-026-3367,WO-3481,WO-13617,2025-08-26,Shift 2,HF-001,RS-HF-001,FR-026-HDPE-4000,1,COR-003,4148,L,200,0,7,0,7,Approved,Approved,Approved - First Pass,2025-08-27 13:57:16.896,—,Carlos Mendes
LOTE-SK-M-SOP-012-3368,LOTE-M-SOP-012-3368,WO-3484,WO-13620,2025-08-28,Shift 3,HF-002,RS-HF-002,FR-012-PET-400,1,COR-007,22349,M,315,0,3,0,3,Approved,Approved,Approved - First Pass,2025-08-29 16:38:37.142,—,Carlos Mendes
LOTE-SK-M-SOP-012-3369,LOTE-M-SOP-012-3369,WO-3486,WO-13622,2025-08-29,Shift 2,HF-002,RS-HF-002,FR-012-PET-400,1,COR-004,9591,L,200,0,3,0,3,Approved,Approved,Approved - First Pass,2025-08-30 07:10:04.486,—,Ana Silva
LOTE-SK-M-SOP-012-3370,LOTE-M-SOP-012-3370,WO-3487,WO-13623,2025-08-31,Shift 3,HF-001,RS-HF-001,FR-012-PET-400,1,COR-006,4103,L,200,0,0,0,0,Approved,Approved,Approved - First Pass,2025-08-31 15:12:28.687,—,Carlos Mendes
LOTE-SK-M-SOP-004-3371,LOTE-M-SOP-004-3371,WO-3489,WO-13625,2025-09-01,Shift 2,HF-002,RS-HF-002,FR-004-rPET-330,1,COR-007,19989,M,315,0,7,0,7,Approved,Approved,Approved - First Pass,2025-09-03 00:47:25.847,—,Diogo Ferreira
LOTE-SK-M-SOP-026-3372,LOTE-M-SOP-026-3372,WO-3493,WO-13629,2025-09-03,Shift 1,HF-001,RS-HF-001,FR-026-HDPE-4000,1,COR-006,4280,L,200,0,3,0,3,Approved,Approved,Approved - First Pass,2025-09-03 21:22:12.553,—,Carlos Mendes
LOTE-SK-M-SOP-012-3373,LOTE-M-SOP-012-3373,WO-3495,WO-13631,2025-09-05,Shift 3,HF-001,RS-HF-001,FR-012-PET-400,1,COR-003,10585,M,315,1,4,0,5,Rejected,Rejected,Rejected - Scrapped,2025-09-06 04:56:46.469,Foil Transfer:1(Re=1),Elena Santos
LOTE-SK-M-SOP-012-3374,LOTE-M-SOP-012-3374,WO-3496,WO-13632,2025-09-05,Shift 1,HF-001,RS-HF-001,FR-012-PET-400,1,COR-002,6080,L,200,0,1,0,1,Approved,Approved,Approved - First Pass,2025-09-06 16:02:17.224,—,Elena Santos
LOTE-SK-M-SOP-004-3375,LOTE-M-SOP-004-3375,WO-3498,WO-13634,2025-09-06,Shift 2,HF-001,RS-HF-001,FR-004-rPET-330,1,COR-004,6219,L,200,0,3,0,3,Approved,Approved,Approved - First Pass,2025-09-07 12:55:25.241,—,Elena Santos
LOTE-SK-M-SOP-012-3376,LOTE-M-SOP-012-3376,WO-3500,WO-13636,2025-09-07,Shift 2,HF-001,RS-HF-001,FR-012-PET-400,1,COR-008,12512,M,315,0,5,0,5,Approved,Approved,Approved - First Pass,2025-09-09 05:51:56.300,—,Ana Silva
LOTE-SK-M-SOP-004-3377,LOTE-M-SOP-004-3377,WO-3502,WO-13638,2025-09-09,Shift 2,HF-001,RS-HF-001,FR-004-rPET-330,1,COR-004,3324,L,200,0,0,0,0,Approved,Approved,Approved - First Pass,2025-09-10 09:36:59.144,—,Diogo Ferreira
LOTE-SK-M-SOP-029-3378,LOTE-M-SOP-029-3378,WO-3503,WO-13639,2025-09-09,Shift 3,HF-002,RS-HF-002,FR-029-MDPE-5000,1,COR-002,779,L,200,0,1,0,1,Approved,Approved,Approved - First Pass,2025-09-10 05:16:23.015,—,Carlos Mendes
LOTE-SK-M-SOP-004-3379,LOTE-M-SOP-004-3379,WO-3505,WO-13641,2025-09-11,Shift 1,HF-002,RS-HF-002,FR-004-rPET-330,1,COR-005,12450,M,315,0,1,0,1,Approved,Approved,Approved - First Pass,2025-09-12 15:10:13.105,—,Carlos Mendes
LOTE-SK-M-SOP-004-3380,LOTE-M-SOP-004-3380,WO-3507,WO-13643,2025-09-12,Shift 2,HF-001,RS-HF-001,FR-004-rPET-330,1,COR-007,13392,M,315,0,2,0,2,Approved,Approved,Approved - First Pass,2025-09-13 16:04:57.852,—,Beatriz Costa
LOTE-SK-M-SOP-012-3381,LOTE-M-SOP-012-3381,WO-3508,WO-13644,2025-09-14,Shift 3,HF-002,RS-HF-002,FR-012-PET-400,1,COR-008,8384,L,200,0,0,0,0,Approved,Approved,Approved - First Pass,2025-09-15 10:05:54.891,—,Diogo Ferreira
LOTE-SK-M-SOP-004-3382,LOTE-M-SOP-004-3382,WO-3509,WO-13645,2025-09-14,  Shift 1  ,HF-001,RS-HF-001,FR-004-rPET-330,1,COR-003,8289,L,200,0,0,0,0,Approved,Approved,Approved - First Pass,2025-09-16 00:38:35.975,—,Diogo Ferreira
LOTE-SK-M-SOP-012-3383,LOTE-M-SOP-012-3383,WO-3512,WO-13648,2025-09-16,Shift 3,HF-002,RS-HF-002,FR-012-PET-400,1,COR-005,19094,M,315,0,4,0,4,Approved,Approved,Approved - First Pass,2025-09-18 00:50:48.411,—,Ana Silva
LOTE-SK-M-SOP-029-3384,LOTE-M-SOP-029-3384,WO-3514,WO-13650,2025-09-17,Shift 2,HF-001,RS-HF-001,FR-029-MDPE-5000,1,COR-005,1684,L,200,0,3,0,3,Approved,Approved,Approved - First Pass,2025-09-18 04:44:41.000,—,Beatriz Costa
LOTE-SK-M-SOP-026-3385,LOTE-M-SOP-026-3385,WO-3517,WO-13653,2025-09-20,Shift 2,HF-002,RS-HF-002,FR-026-HDPE-4000,1,COR-006,5296,L,200,1,2,0,3,Rejected,Rejected,Rejected - Scrapped,2025-09-21 00:49:51.369,Foil Adhesion:1(Re=1),Ana Silva
LOTE-SK-M-SOP-012-3386,LOTE-M-SOP-012-3386,WO-3518,WO-13654,2025-09-21,Shift 1,HF-002,RS-HF-002,FR-012-PET-400,1,COR-004,4684,L,200,0,0,0,0,Approved,Approved,Approved - First Pass,2025-09-22 04:55:28.774,—,Carlos Mendes
LOTE-SK-M-SOP-029-3387,LOTE-M-SOP-029-3387,WO-3520,WO-13656,2025-09-22,Shift 1,HF-001,RS-HF-001,FR-029-MDPE-5000,1,COR-007,726,L,200,0,2,0,2,Approved,Approved,Approved - First Pass,2025-09-22 21:48:05.219,—,Elena Santos
LOTE-SK-M-SOP-029-3388,LOTE-M-SOP-029-3388,WO-3523,WO-13659,2025-09-24,Shift 3,HF-002,RS-HF-002,FR-029-MDPE-5000,1,COR-007,2759,L,200,0,1,0,1,Approved,Approved,Approved - First Pass,2025-09-24 13:38:34.932,—,Diogo Ferreira
LOTE-SK-M-SOP-004-3389,LOTE-M-SOP-004-3389,WO-3526,WO-13662,2025-09-26,Shift 1,HF-001,RS-HF-001,FR-004-rPET-330,1,COR-006,19335,M,315,0,5,0,5,Approved,Approved,Approved - First Pass,2025-09-27 20:18:15.263,—,Elena Santos
LOTE-SK-M-SOP-004-3390,LOTE-M-SOP-004-3390,WO-3528,WO-13664,2025-09-26,Shift 2,HF-001,RS-HF-001,FR-004-rPET-330,1,COR-004,8298,L,200,0,2,0,2,Approved,Approved,Approved - First Pass,2025-09-28 05:39:25.354,—,Beatriz Costa
LOTE-SK-M-SOP-012-3391,LOTE-M-SOP-012-3391,WO-3531,WO-13667,2025-09-29,shift 3,HF-001,RS-HF-001,FR-012-PET-400,1,COR-005,12099,M,315,0,3,0,3,Approved,Approved,Approved - First Pass,2025-09-29 15:37:15.861,—,Carlos Mendes
LOTE-SK-M-SOP-012-3392,LOTE-M-SOP-012-3392,WO-3534,WO-13670,2025-09-30,  Shift 2  ,HF-002,RS-HF-002,FR-012-PET-400,1,COR-004,14996,M,315,0,7,0,7,Approved,Approved,Approved - First Pass,2025-10-01 17:51:56.678,—,Carlos Mendes
LOTE-SK-M-SOP-012-3393,LOTE-M-SOP-012-3393,WO-3535,WO-13671,2025-10-01,Shift 1,HF-002,RS-HF-002,FR-012-PET-400,1,COR-001,7468,L,200,0,4,0,4,Approved,Approved,Approved - First Pass,2025-10-02 08:35:20.766,—,Ana Silva
LOTE-SK-M-SOP-029-3394,LOTE-M-SOP-029-3394,WO-3536,WO-13672,2025-10-01,Shift 2,HF-001,RS-HF-001,FR-029-MDPE-5000,1,COR-007,1001,L,200,0,2,0,2,Approved,Approved,Approved - First Pass,2025-10-02 12:06:21.045,—,Ana Silva
LOTE-SK-M-SOP-012-3395,LOTE-M-SOP-012-3395,WO-3540,WO-13676,2025-10-04,SHIFT 2,HF-002,RS-HF-002,FR-012-PET-400,1,COR-006,23102,M,315,0,2,0,2,Approved,Approved,Approved - First Pass,2025-10-05 22:25:35.149,—,Ana Silva
LOTE-SK-M-SOP-004-3396,LOTE-M-SOP-004-3396,WO-3542,WO-13678,2025-10-05,Shift 2,HF-001,RS-HF-001,FR-004-rPET-330,1,COR-006,10069,M,315,0,4,0,4,Approved,Approved,Approved - First Pass,2025-10-06 22:47:19.283,—,Diogo Ferreira
LOTE-SK-M-SOP-012-3397,LOTE-M-SOP-012-3397,WO-3543,WO-13679,2025-10-06,Shift 2,HF-002,RS-HF-002,FR-012-PET-400,1,COR-007,6243,L,200,0,0,0,0,Approved,Approved,Approved - First Pass,2025-10-07 22:11:52.070,—,Ana Silva
LOTE-SK-M-SOP-026-3398,LOTE-M-SOP-026-3398,WO-3544,WO-13680,2025-10-08,Shift 3,HF-001,RS-HF-001,FR-026-HDPE-4000,1,COR-004,2615,L,200,0,1,0,1,Approved,Approved,Approved - First Pass,2025-10-08 10:07:10.981,—,Ana Silva
LOTE-SK-M-SOP-004-3399,LOTE-M-SOP-004-3399,WO-3547,WO-13683,2025-10-09,Shift 3,HF-002,RS-HF-002,FR-004-rPET-330,1,COR-005,11297,M,315,0,2,0,2,Approved,Approved,Approved - First Pass,2025-10-09 21:54:17.549,—,Ana Silva
LOTE-SK-M-SOP-026-3400,LOTE-M-SOP-026-3400,WO-3548,WO-13684,2025-10-10,Shift 2,HF-001,RS-HF-001,FR-026-HDPE-4000,1,COR-008,2451,L,200,1,0,0,1,Rejected,Rejected,Rejected - Scrapped,2025-10-11 12:10:42.523,Foil Transfer:1(Re=1),Diogo Ferreira
LOTE-SK-M-SOP-029-3401,LOTE-M-SOP-029-3401,WO-3549,WO-13685,2025-10-11,Shift 3,HF-001,RS-HF-001,FR-029-MDPE-5000,1,COR-001,1418,L,200,0,3,0,3,Approved,Approved,Approved - First Pass,2025-10-11 18:21:15.704,—,Diogo Ferreira
LOTE-SK-M-SOP-029-3402,LOTE-M-SOP-029-3402,WO-3550,WO-13686,2025-10-11,Shift 1,HF-001,RS-HF-001,FR-029-MDPE-5000,1,COR-007,135,L,200,0,1,0,1,Approved,Approved,Approved - First Pass,2025-10-11 18:00:34.961,—,Diogo Ferreira
LOTE-SK-M-SOP-004-3403,LOTE-M-SOP-004-3403,WO-3552,WO-13688,2025-10-12,Shift 3,HF-001,RS-HF-001,FR-004-rPET-330,1,COR-005,15232,M,315,0,2,0,2,Approved,Approved,Approved - First Pass,2025-10-14 05:49:48.121,—,Diogo Ferreira
LOTE-SK-M-SOP-012-3404,LOTE-M-SOP-012-3404,WO-3554,WO-13690,2025-10-14,Shift 1,HF-001,RS-HF-001,FR-012-PET-400,1,COR-007,13169,M,315,0,1,0,1,Approved,Approved,Approved - First Pass,2025-10-15 19:56:38.128,—,Elena Santos
LOTE-SK-M-SOP-029-3405,LOTE-M-SOP-029-3405,WO-3555,WO-13691,2025-10-15,Shift 2,HF-001,RS-HF-001,FR-029-MDPE-5000,1,COR-003,862,L,200,1,3,0,4,Rejected,Approved,Approved - Released on Deviation,2025-10-15 19:00:20.857,—,Elena Santos
LOTE-SK-M-SOP-029-3406,LOTE-M-SOP-029-3406,WO-3557,WO-13693,2025-10-16,Shift 1,HF-001,RS-HF-001,FR-029-MDPE-5000,1,COR-006,1563,L,200,0,1,0,1,Approved,Approved,Approved - First Pass,2025-10-16 20:45:19.438,—,Carlos Mendes
LOTE-SK-M-SOP-004-3407,LOTE-M-SOP-004-3407,WO-3558,WO-13694,2025-10-17,Shift 1,HF-001,RS-HF-001,FR-004-rPET-330,1,COR-005,6349,L,200,0,1,0,1,Approved,Approved,Approved - First Pass,2025-10-18 15:36:36.709,—,Elena Santos
LOTE-SK-M-SOP-004-3408,LOTE-M-SOP-004-3408,WO-3559,WO-13695,2025-10-17,Shift 2,HF-002,RS-HF-002,FR-004-rPET-330,1,COR-004,6132,L,200,0,0,0,0,Approved,Approved,Approved - First Pass,2025-10-18 13:26:04.459,—,Beatriz Costa
LOTE-SK-M-SOP-029-3409,LOTE-M-SOP-029-3409,WO-3560,WO-13696,2025-10-18,SHIFT 3,HF-002,RS-HF-002,FR-029-MDPE-5000,1,COR-008,615,L,200,0,0,0,0,Approved,Approved,Approved - First Pass,2025-10-18 07:04:48.488,—,Elena Santos
LOTE-SK-M-SOP-026-3410,LOTE-M-SOP-026-3410,WO-3562,WO-13698,2025-10-19,Shift 1,HF-002,RS-HF-002,FR-026-HDPE-4000,1,COR-002,4083,L,200,0,2,0,2,Approved,Approved,Approved - First Pass,2025-10-20 08:16:13.167,—,Beatriz Costa
LOTE-SK-M-SOP-026-3411,LOTE-M-SOP-026-3411,WO-3565,WO-13701,2025-10-21,Shift 1,HF-001,RS-HF-001,FR-026-HDPE-4000,1,COR-001,5389,L,200,0,7,0,7,Approved,Approved,Approved - First Pass,2025-10-21 19:18:27.820,—,Carlos Mendes
LOTE-SK-M-SOP-026-3412,LOTE-M-SOP-026-3412,WO-3566,WO-13702,2025-10-22,Shift 1,HF-001,RS-HF-001,FR-026-HDPE-4000,1,COR-004,2367,L,200,0,0,0,0,Approved,Approved,Approved - First Pass,2025-10-23 08:43:04.392,—,Carlos Mendes
LOTE-SK-M-SOP-029-3413,LOTE-M-SOP-029-3413,WO-3569,WO-13705,2025-10-24,Shift 2,HF-002,RS-HF-002,FR-029-MDPE-5000,1,COR-003,1181,L,200,0,1,0,1,Approved,Approved,Approved - First Pass,2025-10-25 09:45:38.655,—,Ana Silva
LOTE-SK-M-SOP-004-3414,LOTE-M-SOP-004-3414,WO-3570,WO-13706,2025-10-24,Shift 2,HF-002,RS-HF-002,FR-004-rPET-330,1,COR-005,6970,L,200,0,1,0,1,Approved,Approved,Approved - First Pass,2025-10-25 19:11:57.823,—,Diogo Ferreira
LOTE-SK-M-SOP-004-3415,LOTE-M-SOP-004-3415,WO-3571,WO-13707,2025-10-25,Shift 1,HF-001,RS-HF-001,FR-004-rPET-330,1,COR-002,9091,L,200,0,1,0,1,Approved,Approved,Approved - First Pass,2025-10-26 21:46:00.241,—,Carlos Mendes
LOTE-SK-M-SOP-026-3416,LOTE-M-SOP-026-3416,WO-3573,WO-13709,2025-10-27,Shift 1,HF-002,RS-HF-002,FR-026-HDPE-4000,1,COR-002,2600,L,200,0,2,0,2,Approved,Approved,Approved - First Pass,2025-10-27 17:50:48.587,—,Diogo Ferreira
LOTE-SK-M-SOP-012-3417,LOTE-M-SOP-012-3417,WO-3575,WO-13711,2025-10-28,Shift 2,HF-002,RS-HF-002,FR-012-PET-400,1,COR-008,6094,L,200,1,1,0,2,Rejected,Approved,Approved - Released on Deviation,2025-10-30 00:51:46.981,—,Elena Santos
LOTE-SK-M-SOP-012-3418,LOTE-M-SOP-012-3418,WO-3577,WO-13713,2025-10-29,Shift 2,HF-002,RS-HF-002,FR-012-PET-400,1,COR-001,12577,M,315,0,1,0,1,Approved,Approved,Approved - First Pass,2025-10-31 00:53:59.875,—,Carlos Mendes
LOTE-SK-M-SOP-004-3419,LOTE-M-SOP-004-3419,WO-3580,WO-13716,2025-10-31,Shift 2,HF-001,RS-HF-001,FR-004-rPET-330,1,COR-004,14830,M,315,2,3,0,5,Rejected,Rejected,Rejected - Scrapped,2025-11-01 20:02:10.066,Foil Adhesion:2(Re=1),Ana Silva
LOTE-SK-M-SOP-029-3420,LOTE-M-SOP-029-3420,WO-3582,WO-13718,2025-11-01,Shift 3,HF-001,RS-HF-001,FR-029-MDPE-5000,1,COR-007,529,L,200,2,7,0,9,Rejected,Rejected,Rejected - Scrapped,2025-11-01 16:51:36.164,Foil Transfer:2(Re=1),Carlos Mendes
LOTE-SK-M-SOP-029-3421,LOTE-M-SOP-029-3421,WO-3584,WO-13720,2025-11-02,SHIFT 1,HF-002,RS-HF-002,FR-029-MDPE-5000,1,COR-006,1550,L,200,0,2,0,2,Approved,Approved,Approved - First Pass,2025-11-02 20:57:09.500,—,Elena Santos
LOTE-SK-M-SOP-029-3422,LOTE-M-SOP-029-3422,WO-3587,WO-13723,2025-11-04,Shift 2,HF-002,RS-HF-002,FR-029-MDPE-5000,1,COR-007,2230,L,200,0,4,0,4,Approved,Approved,Approved - First Pass,2025-11-05 12:15:46.903,—,Elena Santos
LOTE-SK-M-SOP-004-3423,LOTE-M-SOP-004-3423,WO-3590,WO-13726,2025-11-07,Shift 3,HF-002,RS-HF-002,FR-004-rPET-330,1,COR-007,13373,M,315,0,2,0,2,Approved,Approved,Approved - First Pass,2025-11-08 02:38:46.566,—,Elena Santos
LOTE-SK-M-SOP-026-3424,LOTE-M-SOP-026-3424,WO-3592,WO-13728,2025-11-09,Shift 3,HF-002,RS-HF-002,FR-026-HDPE-4000,1,COR-006,4092,L,200,1,1,0,2,Rejected,Rejected,Rejected - Scrapped,2025-11-10 02:23:38.757,Foil Transfer:1(Re=1),Diogo Ferreira
LOTE-SK-M-SOP-012-3425,LOTE-M-SOP-012-3425,WO-3593,WO-13729,2025-11-09,Shift 3,HF-002,RS-HF-002,FR-012-PET-400,1,COR-001,5724,L,200,0,0,0,0,Approved,Approved,Approved - First Pass,2025-11-10 13:04:39.155,—,Diogo Ferreira
LOTE-SK-M-SOP-026-3426,LOTE-M-SOP-026-3426,WO-3596,WO-13732,2025-11-11,  Shift 2  ,HF-002,RS-HF-002,FR-026-HDPE-4000,1,COR-003,5232,L,200,1,5,0,6,Rejected,Rejected,Rejected - Scrapped,2025-11-12 12:03:36.828,Foil Adhesion:1(Re=1),Diogo Ferreira
LOTE-SK-M-SOP-029-3427,LOTE-M-SOP-029-3427,WO-3598,WO-13734,2025-11-12,Shift 1,HF-002,RS-HF-002,FR-029-MDPE-5000,1,COR-005,1129,L,200,0,0,0,0,Approved,Approved,Approved - First Pass,2025-11-13 06:48:50.558,—,Diogo Ferreira
LOTE-SK-M-SOP-026-3428,LOTE-M-SOP-026-3428,WO-3599,WO-13735,2025-11-13,Shift 2,HF-002,RS-HF-002,FR-026-HDPE-4000,1,COR-004,1647,L,200,0,0,0,0,Approved,Approved,Approved - First Pass,2025-11-14 21:43:51.279,—,Diogo Ferreira
LOTE-SK-M-SOP-029-3429,LOTE-M-SOP-029-3429,WO-3602,WO-13738,2025-11-16,Shift 3,HF-001,RS-HF-001,FR-029-MDPE-5000,1,COR-006,2324,L,200,1,5,0,6,Rejected,Rejected,Rejected - Scrapped,2025-11-17 01:05:02.869,Foil Adhesion:1(Re=1),Beatriz Costa
LOTE-SK-M-SOP-004-3430,LOTE-M-SOP-004-3430,WO-3605,WO-13741,2025-11-17,Shift 3,HF-001,RS-HF-001,FR-004-rPET-330,1,COR-004,13747,M,315,1,5,0,6,Rejected,Approved,Approved - Released on Deviation,2025-11-18 07:53:33.286,—,Diogo Ferreira
LOTE-SK-M-SOP-004-3431,LOTE-M-SOP-004-3431,WO-3607,WO-13743,2025-11-19,Shift 3,HF-002,RS-HF-002,FR-004-rPET-330,1,COR-002,10402,M,315,0,0,0,0,Approved,Approved,Approved - First Pass,2025-11-20 05:55:17.779,—,Elena Santos
LOTE-SK-M-SOP-012-3432,LOTE-M-SOP-012-3432,WO-3610,WO-13746,2025-11-20,Shift 2,HF-001,RS-HF-001,FR-012-PET-400,1,COR-003,11471,M,315,0,5,0,5,Approved,Approved,Approved - First Pass,2025-11-21 20:08:55.462,—,Diogo Ferreira
LOTE-SK-M-SOP-012-3433,LOTE-M-SOP-012-3433,WO-3611,WO-13747,2025-11-21,Shift 3,HF-001,RS-HF-001,FR-012-PET-400,1,COR-004,4930,L,200,0,0,0,0,Approved,Approved,Approved - First Pass,2025-11-21 21:17:35.708,—,Carlos Mendes
LOTE-SK-M-SOP-029-3434,LOTE-M-SOP-029-3434,WO-3613,WO-13749,2025-11-21,Shift 2,HF-001,RS-HF-001,FR-029-MDPE-5000,1,COR-007,881,L,200,0,5,0,5,Approved,Approved,Approved - First Pass,2025-11-21 21:51:33.937,—,Diogo Ferreira
LOTE-SK-M-SOP-029-3435,LOTE-M-SOP-029-3435,WO-3615,WO-13751,2025-11-22,Shift 2,HF-001,RS-HF-001,FR-029-MDPE-5000,1,COR-006,657,L,200,0,3,0,3,Approved,Approved,Approved - First Pass,2025-11-22 19:53:47.837,—,Ana Silva
LOTE-SK-M-SOP-012-3436,LOTE-M-SOP-012-3436,WO-3617,WO-13753,2025-11-24,Shift 3,HF-002,RS-HF-002,FR-012-PET-400,1,COR-005,20742,M,315,0,4,0,4,Approved,Approved,Approved - First Pass,2025-11-26 01:26:27.505,—,Diogo Ferreira
LOTE-SK-M-SOP-004-3437,LOTE-M-SOP-004-3437,WO-3619,WO-13755,2025-11-25,SHIFT 3,HF-002,RS-HF-002,FR-004-rPET-330,1,COR-005,8272,L,200,0,1,0,1,Approved,Approved,Approved - First Pass,2025-11-26 06:34:35.246,—,Beatriz Costa
LOTE-SK-M-SOP-012-3438,LOTE-M-SOP-012-3438,WO-3620,WO-13756,2025-11-26,  Shift 3  ,HF-001,RS-HF-001,FR-012-PET-400,1,COR-005,5881,L,200,0,0,0,0,Approved,Approved,Approved - First Pass,2025-11-27 10:49:36.846,—,Ana Silva
LOTE-SK-M-SOP-029-3439,LOTE-M-SOP-029-3439,WO-3622,WO-13758,2025-11-28,Shift 3,HF-002,RS-HF-002,FR-029-MDPE-5000,1,COR-001,1381,L,200,0,1,0,1,Approved,Approved,Approved - First Pass,2025-11-28 21:18:05.182,—,Diogo Ferreira
LOTE-SK-M-SOP-012-3440,LOTE-M-SOP-012-3440,WO-3625,WO-13761,2025-11-29,Shift 2,HF-002,RS-HF-002,FR-012-PET-400,1,COR-004,22703,M,315,0,1,0,1,Approved,Approved,Approved - First Pass,2025-11-30 19:10:35.136,—,Beatriz Costa
LOTE-SK-M-SOP-026-3441,LOTE-M-SOP-026-3441,WO-3628,WO-13764,2025-12-02,  Shift 3  ,HF-001,RS-HF-001,FR-026-HDPE-4000,1,COR-006,4618,L,200,1,2,0,3,Rejected,Rejected,Rejected - Scrapped,2025-12-02 23:51:58.841,Foil Transfer:1(Re=1),Diogo Ferreira
LOTE-SK-M-SOP-012-3442,LOTE-M-SOP-012-3442,WO-3630,WO-13766,2025-12-02,Shift 2,HF-002,RS-HF-002,FR-012-PET-400,1,COR-004,9488,L,200,0,2,0,2,Approved,Approved,Approved - First Pass,2025-12-03 11:20:29.828,—,Ana Silva
LOTE-SK-M-SOP-004-3443,LOTE-M-SOP-004-3443,WO-3633,WO-13769,2025-12-04,shift 2,HF-001,RS-HF-001,FR-004-rPET-330,1,COR-006,14234,M,315,0,2,0,2,Approved,Approved,Approved - First Pass,2025-12-05 17:01:02.339,—,Elena Santos
LOTE-SK-M-SOP-004-3444,LOTE-M-SOP-004-3444,WO-3635,WO-13771,2025-12-06,Shift 1,HF-001,RS-HF-001,FR-004-rPET-330,1,COR-007,14401,M,315,1,1,0,2,Rejected,Rejected,Rejected - Scrapped,2025-12-08 04:32:38.021,Foil Adhesion:1(Re=1),Ana Silva
LOTE-SK-M-SOP-012-3445,LOTE-M-SOP-012-3445,WO-3637,WO-13773,2025-12-07,Shift 1,HF-001,RS-HF-001,FR-012-PET-400,1,COR-008,11810,M,315,0,1,0,1,Approved,Approved,Approved - First Pass,2025-12-08 11:10:42.172,—,Carlos Mendes
LOTE-SK-M-SOP-026-3446,LOTE-M-SOP-026-3446,WO-3638,WO-13774,2025-12-08,Shift 2,HF-001,RS-HF-001,FR-026-HDPE-4000,1,COR-001,1865,L,200,0,3,0,3,Approved,Approved,Approved - First Pass,2025-12-09 17:43:39.313,—,Elena Santos
LOTE-SK-M-SOP-026-3447,LOTE-M-SOP-026-3447,WO-3639,WO-13775,2025-12-09,Shift 1,HF-002,RS-HF-002,FR-026-HDPE-4000,1,COR-003,3587,L,200,0,2,0,2,Approved,Approved,Approved - First Pass,2025-12-09 23:01:34.974,—,Beatriz Costa
LOTE-SK-M-SOP-029-3448,LOTE-M-SOP-029-3448,WO-3641,WO-13777,2025-12-10,Shift 1,HF-002,RS-HF-002,FR-029-MDPE-5000,1,COR-001,570,L,200,0,0,0,0,Approved,Approved,Approved - First Pass,2025-12-10 22:41:17.314,—,Beatriz Costa
LOTE-SK-M-SOP-029-3449,LOTE-M-SOP-029-3449,WO-3642,WO-13778,2025-12-10,Shift 1,HF-002,RS-HF-002,FR-029-MDPE-5000,1,COR-004,580,L,200,0,2,0,2,Approved,Approved,Approved - First Pass,2025-12-11 07:56:05.381,—,Elena Santos
LOTE-SK-M-SOP-004-3450,LOTE-M-SOP-004-3450,WO-3643,WO-13779,2025-12-11,Shift 1,HF-002,RS-HF-002,FR-004-rPET-330,1,COR-002,5858,L,200,0,0,0,0,Approved,Approved,Approved - First Pass,2025-12-13 03:50:48.671,—,Carlos Mendes
LOTE-SK-M-SOP-029-3451,LOTE-M-SOP-029-3451,WO-3644,WO-13780,2025-12-11,Shift 3,HF-002,RS-HF-002,FR-029-MDPE-5000,1,COR-007,145,L,200,0,0,0,0,Approved,Approved,Approved - First Pass,2025-12-12 16:11:06.603,—,Beatriz Costa
LOTE-SK-M-SOP-004-3452,LOTE-M-SOP-004-3452,WO-3647,WO-13783,2025-12-14,Shift 1,HF-002,RS-HF-002,FR-004-rPET-330,1,COR-004,11775,M,315,1,5,0,6,Rejected,Rejected,Rejected - Scrapped,2025-12-16 02:39:03.837,Foil Adhesion:1(Re=1),Beatriz Costa
LOTE-SK-M-SOP-004-3453,LOTE-M-SOP-004-3453,WO-3649,WO-13785,2025-12-15,Shift 1,HF-002,RS-HF-002,FR-004-rPET-330,1,COR-006,13750,M,315,0,0,0,0,Approved,Approved,Approved - First Pass,2025-12-16 14:01:11.703,—,Ana Silva
LOTE-SK-M-SOP-026-3454,LOTE-M-SOP-026-3454,WO-3652,WO-13788,2025-12-17,Shift 1,HF-002,RS-HF-002,FR-026-HDPE-4000,1,COR-001,5623,L,200,0,2,0,2,Approved,Approved,Approved - First Pass,2025-12-18 11:46:20.029,—,Diogo Ferreira
LOTE-SK-M-SOP-029-3455,LOTE-M-SOP-029-3455,WO-3653,WO-13789,2025-12-17,Shift 1,HF-001,RS-HF-001,FR-029-MDPE-5000,1,COR-007,761,L,200,0,1,0,1,Approved,Approved,Approved - First Pass,2025-12-18 06:28:01.545,—,Elena Santos
LOTE-SK-M-SOP-029-3456,LOTE-M-SOP-029-3456,WO-3655,WO-13791,2025-12-18,Shift 1,HF-002,RS-HF-002,FR-029-MDPE-5000,1,COR-008,1246,L,200,0,2,0,2,Approved,Approved,Approved - First Pass,2025-12-19 02:23:24.084,—,Ana Silva
LOTE-SK-M-SOP-004-3457,LOTE-M-SOP-004-3457,WO-3656,WO-13792,2025-12-19,Shift 2,HF-002,RS-HF-002,FR-004-rPET-330,1,COR-003,14901,M,315,0,2,0,2,Approved,Approved,Approved - First Pass,2025-12-20 21:08:58.255,—,Beatriz Costa
LOTE-SK-M-SOP-029-3458,LOTE-M-SOP-029-3458,WO-3660,WO-13796,2025-12-22,Shift 3,HF-002,RS-HF-002,FR-029-MDPE-5000,1,COR-003,2004,L,200,0,5,0,5,Approved,Approved,Approved - First Pass,2025-12-22 18:25:05.693,—,Carlos Mendes
LOTE-SK-M-SOP-004-3459,LOTE-M-SOP-004-3459,WO-3661,WO-13797,2025-12-23,  Shift 3  ,HF-002,RS-HF-002,FR-004-rPET-330,1,COR-006,3638,L,200,0,0,0,0,Approved,Approved,Approved - First Pass,2025-12-23 17:51:19.067,—,Ana Silva
LOTE-SK-M-SOP-004-3460,LOTE-M-SOP-004-3460,WO-3663,WO-13799,2025-12-23,Shift 3,HF-001,RS-HF-001,FR-004-rPET-330,1,COR-002,15322,M,315,0,2,0,2,Approved,Approved,Approved - First Pass,2025-12-25 01:50:41.179,—,Beatriz Costa
LOTE-SK-M-SOP-029-3461,LOTE-M-SOP-029-3461,WO-3666,WO-13802,2025-12-26,Shift 3,HF-002,RS-HF-002,FR-029-MDPE-5000,1,COR-002,2058,L,200,0,2,0,2,Approved,Approved,Approved - First Pass,2025-12-26 12:30:57.595,—,Carlos Mendes
LOTE-SK-M-SOP-029-3462,LOTE-M-SOP-029-3462,WO-3668,WO-13804,2025-12-27,Shift 1,HF-002,RS-HF-002,FR-029-MDPE-5000,1,COR-003,1510,L,200,0,2,0,2,Approved,Approved,Approved - First Pass,2025-12-27 17:22:32.123,—,Ana Silva
LOTE-SK-M-SOP-004-3463,LOTE-M-SOP-004-3463,WO-3669,WO-13805,2025-12-28,Shift 1,HF-001,RS-HF-001,FR-004-rPET-330,1,COR-006,6575,L,200,0,0,0,0,Approved,Approved,Approved - First Pass,2025-12-29 18:13:32.497,—,Ana Silva
LOTE-SK-M-SOP-004-3464,LOTE-M-SOP-004-3464,WO-3670,WO-13806,2025-12-29,Shift 1,HF-002,RS-HF-002,FR-004-rPET-330,1,COR-006,9857,L,200,0,0,0,0,Approved,Approved,Approved - First Pass,2025-12-30 12:39:55.928,—,Diogo Ferreira
LOTE-SK-M-SOP-029-3465,LOTE-M-SOP-029-3465,WO-3673,WO-13809,2025-12-31,Shift 2,HF-002,RS-HF-002,FR-029-MDPE-5000,1,COR-004,2455,L,200,0,3,0,3,Approved,Approved,Approved - First Pass,2026-01-01 08:09:45.356,—,Beatriz Costa
LOTE-SK-M-SOP-012-3466,LOTE-M-SOP-012-3466,WO-3675,WO-13811,2026-01-01,  Shift 3  ,HF-002,RS-HF-002,FR-012-PET-400,1,COR-001,11293,M,315,1,5,0,6,Rejected,Rejected,Rejected - Scrapped,2026-01-02 11:20:59.372,Foil Transfer:1(Re=1),Ana Silva
LOTE-SK-M-SOP-026-3467,LOTE-M-SOP-026-3467,WO-3676,WO-13812,2026-01-02,Shift 1,HF-001,RS-HF-001,FR-026-HDPE-4000,1,COR-006,1235,L,200,0,1,0,1,Approved,Approved,Approved - First Pass,2026-01-03 07:49:35.882,—,Ana Silva
LOTE-SK-M-SOP-029-3468,LOTE-M-SOP-029-3468,WO-3679,WO-13815,2026-01-04,Shift 1,HF-002,RS-HF-002,FR-029-MDPE-5000,1,COR-003,1334,L,200,0,4,0,4,Approved,Approved,Approved - First Pass,2026-01-05 04:54:15.579,—,Carlos Mendes
LOTE-SK-M-SOP-026-3469,LOTE-M-SOP-026-3469,WO-3682,WO-13818,2026-01-06,Shift 3,HF-002,RS-HF-002,FR-026-HDPE-4000,1,COR-003,2685,L,200,0,2,0,2,Approved,Approved,Approved - First Pass,2026-01-06 15:09:09.787,—,Carlos Mendes
LOTE-SK-M-SOP-026-3470,LOTE-M-SOP-026-3470,WO-3683,WO-13819,2026-01-07,Shift 3,HF-002,RS-HF-002,FR-026-HDPE-4000,1,COR-008,140,L,200,0,0,0,0,Approved,Approved,Approved - First Pass,2026-01-07 15:58:09.385,—,Carlos Mendes
LOTE-SK-M-SOP-012-3471,LOTE-M-SOP-012-3471,WO-3685,WO-13821,2026-01-08,shift 3,HF-002,RS-HF-002,FR-012-PET-400,1,COR-001,8608,L,200,0,0,0,0,Approved,Approved,Approved - First Pass,2026-01-08 23:20:40.072,—,Carlos Mendes
LOTE-SK-M-SOP-012-3472,LOTE-M-SOP-012-3472,WO-3688,WO-13824,2026-01-10,Shift 1,HF-002,RS-HF-002,FR-012-PET-400,1,COR-008,17515,M,315,0,2,0,2,Approved,Approved,Approved - First Pass,2026-01-11 18:33:18.429,—,Diogo Ferreira
LOTE-SK-M-SOP-026-3473,LOTE-M-SOP-026-3473,WO-3689,WO-13825,2026-01-10,Shift 2,HF-001,RS-HF-001,FR-026-HDPE-4000,1,COR-001,2127,L,200,0,1,0,1,Approved,Approved,Approved - First Pass,2026-01-11 05:18:05.310,—,Diogo Ferreira
LOTE-SK-M-SOP-012-3474,LOTE-M-SOP-012-3474,WO-3692,WO-13828,2026-01-13,Shift 1,HF-002,RS-HF-002,FR-012-PET-400,1,COR-001,17580,M,315,0,3,0,3,Approved,Approved,Approved - First Pass,2026-01-14 12:41:32.967,—,Elena Santos
LOTE-SK-M-SOP-026-3475,LOTE-M-SOP-026-3475,WO-3694,WO-13830,2026-01-14,Shift 1,HF-001,RS-HF-001,FR-026-HDPE-4000,1,COR-001,273,L,200,1,0,0,1,Rejected,Rejected,Rejected - Scrapped,2026-01-15 12:21:17.546,Foil Adhesion:1(Re=1),Elena Santos
LOTE-SK-M-SOP-026-3476,LOTE-M-SOP-026-3476,WO-3696,WO-13832,2026-01-16,Shift 3,HF-001,RS-HF-001,FR-026-HDPE-4000,1,COR-002,3977,L,200,0,2,0,2,Approved,Approved,Approved - First Pass,2026-01-17 04:59:37.486,—,Beatriz Costa
LOTE-SK-M-SOP-029-3477,LOTE-M-SOP-029-3477,WO-3699,WO-13835,2026-01-17,Shift 3,HF-002,RS-HF-002,FR-029-MDPE-5000,1,COR-002,383,L,200,0,2,0,2,Approved,Approved,Approved - First Pass,2026-01-18 21:42:17.850,—,Carlos Mendes
LOTE-SK-M-SOP-026-3478,LOTE-M-SOP-026-3478,WO-3701,WO-13837,2026-01-19,Shift 1,HF-002,RS-HF-002,FR-026-HDPE-4000,1,COR-007,3946,L,200,0,2,0,2,Approved,Approved,Approved - First Pass,2026-01-19 23:25:14.780,—,Diogo Ferreira
LOTE-SK-M-SOP-029-3479,LOTE-M-SOP-029-3479,WO-3702,WO-13838,2026-01-20,Shift 3,HF-002,RS-HF-002,FR-029-MDPE-5000,1,COR-001,926,L,200,0,0,0,0,Approved,Approved,Approved - First Pass,2026-01-20 23:23:51.971,—,Beatriz Costa
LOTE-SK-M-SOP-012-3480,LOTE-M-SOP-012-3480,WO-3704,WO-13840,2026-01-21,Shift 1,HF-001,RS-HF-001,FR-012-PET-400,1,COR-004,11672,M,315,1,1,0,2,Rejected,Rejected,Rejected - Scrapped,2026-01-22 21:06:36.138,Foil Adhesion:1(Re=1),Carlos Mendes
LOTE-SK-M-SOP-004-3481,LOTE-M-SOP-004-3481,WO-3705,WO-13841,2026-01-21,SHIFT 3,HF-002,RS-HF-002,FR-004-rPET-330,1,COR-005,5515,L,200,0,1,0,1,Approved,Approved,Approved - First Pass,2026-01-23 04:29:56.261,—,Beatriz Costa
LOTE-SK-M-SOP-004-3482,LOTE-M-SOP-004-3482,WO-3706,WO-13842,2026-01-22,Shift 1,HF-002,RS-HF-002,FR-004-rPET-330,1,COR-006,8220,L,200,0,1,0,1,Approved,Approved,Approved - First Pass,2026-01-23 09:30:36.663,—,Elena Santos
LOTE-SK-M-SOP-004-3483,LOTE-M-SOP-004-3483,WO-3709,WO-13845,2026-01-25,Shift 3,HF-002,RS-HF-002,FR-004-rPET-330,1,COR-004,9459,L,200,0,3,0,3,Approved,Approved,Approved - First Pass,2026-01-26 12:15:36.613,—,Carlos Mendes
LOTE-SK-M-SOP-026-3484,LOTE-M-SOP-026-3484,WO-3710,WO-13846,2026-01-25,Shift 3,HF-001,RS-HF-001,FR-026-HDPE-4000,1,COR-004,2799,L,200,0,0,0,0,Approved,Approved,Approved - First Pass,2026-01-26 10:04:10.887,—,Diogo Ferreira
LOTE-SK-M-SOP-029-3485,LOTE-M-SOP-029-3485,WO-3713,WO-13849,2026-01-28,Shift 3,HF-001,RS-HF-001,FR-029-MDPE-5000,1,COR-004,2421,L,200,0,5,0,5,Approved,Approved,Approved - First Pass,2026-01-28 10:22:14.978,—,Carlos Mendes
LOTE-SK-M-SOP-004-3486,LOTE-M-SOP-004-3486,WO-3716,WO-13852,2026-01-29,Shift 1,HF-001,RS-HF-001,FR-004-rPET-330,1,COR-003,21370,M,315,1,5,0,6,Rejected,Rejected,Rejected - Scrapped,2026-01-30 14:57:04.039,Foil Transfer:1(Re=1),Diogo Ferreira
LOTE-SK-M-SOP-029-3487,LOTE-M-SOP-029-3487,WO-3717,WO-13853,2026-01-30,Shift 2,HF-001,RS-HF-001,FR-029-MDPE-5000,1,COR-003,1058,L,200,0,2,0,2,Approved,Approved,Approved - First Pass,2026-01-31 09:10:34.781,—,Elena Santos
LOTE-SK-M-SOP-026-3488,LOTE-M-SOP-026-3488,WO-3719,WO-13855,2026-01-31,Shift 3,HF-001,RS-HF-001,FR-026-HDPE-4000,1,COR-007,3731,L,200,0,4,0,4,Approved,Approved,Approved - First Pass,2026-02-01 09:42:29.316,—,Beatriz Costa
LOTE-SK-M-SOP-012-3489,LOTE-M-SOP-012-3489,WO-3720,WO-13856,2026-02-01,Shift 1,HF-002,RS-HF-002,FR-012-PET-400,1,COR-004,4621,L,200,0,0,0,0,Approved,Approved,Approved - First Pass,2026-02-02 05:20:29.175,—,Carlos Mendes
LOTE-SK-M-SOP-012-3490,LOTE-M-SOP-012-3490,WO-3721,WO-13857,2026-02-02,Shift 2,HF-001,RS-HF-001,FR-012-PET-400,1,COR-006,12977,M,315,0,2,0,2,Approved,Approved,Approved - First Pass,2026-02-04 00:45:49.317,—,Elena Santos
LOTE-SK-M-SOP-026-3491,LOTE-M-SOP-026-3491,WO-3723,WO-13859,2026-02-03,Shift 1,HF-001,RS-HF-001,FR-026-HDPE-4000,1,COR-007,1258,L,200,0,0,0,0,Approved,Approved,Approved - First Pass,2026-02-04 05:50:33.708,—,Diogo Ferreira
LOTE-SK-M-SOP-026-3492,LOTE-M-SOP-026-3492,WO-3725,WO-13861,2026-02-05,Shift 3,HF-001,RS-HF-001,FR-026-HDPE-4000,1,COR-004,3758,L,200,0,0,0,0,Approved,Approved,Approved - First Pass,2026-02-05 12:53:32.987,—,Ana Silva
LOTE-SK-M-SOP-004-3493,LOTE-M-SOP-004-3493,WO-3728,WO-13864,2026-02-08,SHIFT 3,HF-001,RS-HF-001,FR-004-rPET-330,1,COR-004,12039,M,315,0,1,0,1,Approved,Approved,Approved - First Pass,2026-02-09 00:41:53.803,—,Carlos Mendes
LOTE-SK-M-SOP-004-3494,LOTE-M-SOP-004-3494,WO-3731,WO-13867,2026-02-09,Shift 2,HF-001,RS-HF-001,FR-004-rPET-330,1,COR-003,24417,M,315,0,2,0,2,Approved,Approved,Approved - First Pass,2026-02-11 11:18:05.349,—,Ana Silva
LOTE-SK-M-SOP-004-3495,LOTE-M-SOP-004-3495,WO-3733,WO-13869,2026-02-11,shift 3,HF-001,RS-HF-001,FR-004-rPET-330,1,COR-007,9055,L,200,0,1,0,1,Approved,Approved,Approved - First Pass,2026-02-11 22:31:04.815,—,Diogo Ferreira
LOTE-SK-M-SOP-012-3496,LOTE-M-SOP-012-3496,WO-3736,WO-13872,2026-02-13,Shift 2,HF-001,RS-HF-001,FR-012-PET-400,1,COR-008,21082,M,315,0,3,0,3,Approved,Approved,Approved - First Pass,2026-02-14 18:45:33.691,—,Ana Silva
LOTE-SK-M-SOP-004-3497,LOTE-M-SOP-004-3497,WO-3738,WO-13874,2026-02-13,Shift 2,HF-001,RS-HF-001,FR-004-rPET-330,1,COR-006,5384,L,200,0,1,0,1,Approved,Approved,Approved - First Pass,2026-02-15 00:56:41.738,—,Carlos Mendes
LOTE-SK-M-SOP-012-3498,LOTE-M-SOP-012-3498,WO-3740,WO-13876,2026-02-15,Shift 2,HF-002,RS-HF-002,FR-012-PET-400,1,COR-002,7095,L,200,0,2,0,2,Approved,Approved,Approved - First Pass,2026-02-16 14:07:28.050,—,Diogo Ferreira
LOTE-SK-M-SOP-012-3499,LOTE-M-SOP-012-3499,WO-3741,WO-13877,2026-02-15,shift 1,HF-002,RS-HF-002,FR-012-PET-400,1,COR-008,7015,L,200,0,0,0,0,Approved,Approved,Approved - First Pass,2026-02-16 16:29:27.068,—,Diogo Ferreira
LOTE-SK-M-SOP-026-3500,LOTE-M-SOP-026-3500,WO-3743,WO-13879,2026-02-17,Shift 1,HF-001,RS-HF-001,FR-026-HDPE-4000,1,COR-003,3108,L,200,0,2,0,2,Approved,Approved,Approved - First Pass,2026-02-18 07:55:18.115,—,Beatriz Costa
LOTE-SK-M-SOP-026-3501,LOTE-M-SOP-026-3501,WO-3746,WO-13882,2026-02-19,  Shift 3  ,HF-001,RS-HF-001,FR-026-HDPE-4000,1,COR-004,3485,L,200,1,4,0,5,Rejected,Rejected,Rejected - Scrapped,2026-02-20 01:37:47.660,Foil Transfer:1(Re=1),Diogo Ferreira
LOTE-SK-M-SOP-026-3502,LOTE-M-SOP-026-3502,WO-3748,WO-13884,2026-02-20,Shift 2,HF-002,RS-HF-002,FR-026-HDPE-4000,1,COR-008,5044,L,200,1,1,0,2,Rejected,Rejected,Rejected - Scrapped,2026-02-21 08:42:50.496,Foil Adhesion:1(Re=1),Beatriz Costa
LOTE-SK-M-SOP-012-3503,LOTE-M-SOP-012-3503,WO-3749,WO-13885,2026-02-21,Shift 3,HF-001,RS-HF-001,FR-012-PET-400,1,COR-004,7987,L,200,0,0,0,0,Approved,Approved,Approved - First Pass,2026-02-23 05:18:42.309,—,Ana Silva
LOTE-SK-M-SOP-029-3504,LOTE-M-SOP-029-3504,WO-3751,WO-13887,2026-02-23,Shift 3,HF-001,RS-HF-001,FR-029-MDPE-5000,1,COR-003,1118,L,200,0,0,0,0,Approved,Approved,Approved - First Pass,2026-02-23 16:04:30.110,—,Beatriz Costa
LOTE-SK-M-SOP-029-3505,LOTE-M-SOP-029-3505,WO-3753,WO-13889,2026-02-23,Shift 2,HF-001,RS-HF-001,FR-029-MDPE-5000,1,COR-008,510,L,200,0,1,0,1,Approved,Approved,Approved - First Pass,2026-02-24 07:50:37.667,—,Carlos Mendes
LOTE-SK-M-SOP-012-3506,LOTE-M-SOP-012-3506,WO-3755,WO-13891,2026-02-25,Shift 2,HF-001,RS-HF-001,FR-012-PET-400,1,COR-004,15737,M,315,0,1,0,1,Approved,Approved,Approved - First Pass,2026-02-27 03:11:32.414,—,Elena Santos
LOTE-SK-M-SOP-026-3507,LOTE-M-SOP-026-3507,WO-3756,WO-13892,2026-02-25,Shift 2,HF-001,RS-HF-001,FR-026-HDPE-4000,1,COR-007,141,L,200,1,0,0,1,Rejected,Rejected,Rejected - Scrapped,2026-02-26 06:05:22.565,Foil Transfer:1(Re=1),Elena Santos
LOTE-SK-M-SOP-026-3508,LOTE-M-SOP-026-3508,WO-3759,WO-13895,2026-02-27,Shift 2,HF-001,RS-HF-001,FR-026-HDPE-4000,1,COR-008,4363,L,200,0,6,0,6,Approved,Approved,Approved - First Pass,2026-02-28 16:16:43.393,—,Elena Santos
LOTE-SK-M-SOP-004-3509,LOTE-M-SOP-004-3509,WO-3760,WO-13896,2026-02-28,Shift 3,HF-001,RS-HF-001,FR-004-rPET-330,1,COR-005,2633,L,200,0,2,0,2,Approved,Approved,Approved - First Pass,2026-03-01 23:43:02.212,—,Carlos Mendes
LOTE-SK-M-SOP-012-3510,LOTE-M-SOP-012-3510,WO-3761,WO-13897,2026-03-01,Shift 2,HF-002,RS-HF-002,FR-012-PET-400,1,COR-003,10910,M,315,0,1,0,1,Approved,Approved,Approved - First Pass,2026-03-03 09:10:58.674,—,Ana Silva
LOTE-SK-M-SOP-004-3511,LOTE-M-SOP-004-3511,WO-3764,WO-13900,2026-03-03,Shift 2,HF-002,RS-HF-002,FR-004-rPET-330,1,COR-002,9160,L,200,0,3,0,3,Approved,Approved,Approved - First Pass,2026-03-05 11:20:01.622,—,Diogo Ferreira
LOTE-SK-M-SOP-029-3512,LOTE-M-SOP-029-3512,WO-3767,WO-13903,2026-03-07,Shift 3,HF-001,RS-HF-001,FR-029-MDPE-5000,1,COR-007,3063,L,200,1,3,0,4,Rejected,Rejected,Rejected - Scrapped,2026-03-07 14:09:14.319,Foil Adhesion:1(Re=1),Elena Santos
LOTE-SK-M-SOP-029-3513,LOTE-M-SOP-029-3513,WO-3768,WO-13904,2026-03-07,Shift 1,HF-001,RS-HF-001,FR-029-MDPE-5000,1,COR-006,1128,L,200,0,0,0,0,Approved,Approved,Approved - First Pass,2026-03-08 01:01:21.848,—,Carlos Mendes
LOTE-SK-M-SOP-026-3514,LOTE-M-SOP-026-3514,WO-3769,WO-13905,2026-03-08,Shift 3,HF-001,RS-HF-001,FR-026-HDPE-4000,1,COR-007,2021,L,200,0,0,0,0,Approved,Approved,Approved - First Pass,2026-03-09 00:39:12.071,—,Ana Silva
LOTE-SK-M-SOP-004-3515,LOTE-M-SOP-004-3515,WO-3772,WO-13908,2026-03-10,Shift 3,HF-002,RS-HF-002,FR-004-rPET-330,1,COR-001,20885,M,315,0,2,0,2,Approved,Approved,Approved - First Pass,2026-03-11 17:18:07.800,—,Beatriz Costa
LOTE-SK-M-SOP-012-3516,LOTE-M-SOP-012-3516,WO-3774,WO-13910,2026-03-11,Shift 3,HF-001,RS-HF-001,FR-012-PET-400,1,COR-001,5366,L,200,0,0,0,0,Approved,Approved,Approved - First Pass,2026-03-12 07:57:55.030,—,Elena Santos
LOTE-SK-M-SOP-004-3517,LOTE-M-SOP-004-3517,WO-3776,WO-13912,2026-03-12,Shift 1,HF-001,RS-HF-001,FR-004-rPET-330,1,COR-003,13365,M,315,1,2,0,3,Rejected,Rejected,Rejected - Scrapped,2026-03-14 02:00:44.478,Foil Transfer:1(Re=1),Diogo Ferreira
LOTE-SK-M-SOP-029-3518,LOTE-M-SOP-029-3518,WO-3777,WO-13913,2026-03-12,Shift 2,HF-002,RS-HF-002,FR-029-MDPE-5000,1,COR-008,137,L,200,0,2,0,2,Approved,Approved,Approved - First Pass,2026-03-13 09:35:30.159,—,Elena Santos
LOTE-SK-M-SOP-026-3519,LOTE-M-SOP-026-3519,WO-3778,WO-13914,2026-03-13,Shift 3,HF-001,RS-HF-001,FR-026-HDPE-4000,1,COR-004,2311,L,200,0,3,0,3,Approved,Approved,Approved - First Pass,2026-03-13 15:44:50.751,—,Ana Silva
LOTE-SK-M-SOP-029-3520,LOTE-M-SOP-029-3520,WO-3781,WO-13917,2026-03-15,SHIFT 2,HF-002,RS-HF-002,FR-029-MDPE-5000,1,COR-007,1772,L,200,1,4,0,5,Rejected,Rejected,Rejected - Scrapped,2026-03-16 14:13:43.535,Foil Transfer:1(Re=1),Carlos Mendes
LOTE-SK-M-SOP-012-3521,LOTE-M-SOP-012-3521,WO-3784,WO-13920,2026-03-17,Shift 3,HF-002,RS-HF-002,FR-012-PET-400,1,COR-003,12976,M,315,1,3,0,4,Rejected,Approved,Approved - Released on Deviation,2026-03-17 13:18:50.768,—,Ana Silva
LOTE-SK-M-SOP-026-3522,LOTE-M-SOP-026-3522,WO-3786,WO-13922,2026-03-18,Shift 3,HF-001,RS-HF-001,FR-026-HDPE-4000,1,COR-002,4499,L,200,0,0,0,0,Approved,Approved,Approved - First Pass,2026-03-18 21:04:30.608,—,Beatriz Costa
LOTE-SK-M-SOP-012-3523,LOTE-M-SOP-012-3523,WO-3787,WO-13923,2026-03-19,Shift 1,HF-001,RS-HF-001,FR-012-PET-400,1,COR-004,4038,L,200,0,0,0,0,Approved,Approved,Approved - First Pass,2026-03-20 07:42:27.392,—,Ana Silva
LOTE-SK-M-SOP-029-3524,LOTE-M-SOP-029-3524,WO-3789,WO-13925,2026-03-19,Shift 2,HF-002,RS-HF-002,FR-029-MDPE-5000,1,COR-007,1054,L,200,1,2,0,3,Rejected,Rejected,Rejected - Scrapped,2026-03-20 12:35:46.519,Foil Transfer:1(Re=1),Ana Silva
LOTE-SK-M-SOP-026-3525,LOTE-M-SOP-026-3525,WO-3791,WO-13927,2026-03-21,Shift 2,HF-001,RS-HF-001,FR-026-HDPE-4000,1,COR-001,2285,L,200,0,1,0,1,Approved,Approved,Approved - First Pass,2026-03-22 11:00:31.346,—,Carlos Mendes
LOTE-SK-M-SOP-012-3526,LOTE-M-SOP-012-3526,WO-3793,WO-13929,2026-03-22,Shift 2,HF-002,RS-HF-002,FR-012-PET-400,1,COR-007,23057,M,315,0,11,0,11,Approved,Approved,Approved - First Pass,2026-03-24 08:24:46.385,—,Ana Silva
LOTE-SK-M-SOP-004-3527,LOTE-M-SOP-004-3527,WO-3796,WO-13932,2026-03-25,Shift 3,HF-001,RS-HF-001,FR-004-rPET-330,1,COR-001,12433,M,315,0,0,0,0,Approved,Approved,Approved - First Pass,2026-03-25 21:00:45.990,—,Ana Silva
LOTE-SK-M-SOP-012-3528,LOTE-M-SOP-012-3528,WO-3797,WO-13933,2026-03-25,Shift 1,HF-002,RS-HF-002,FR-012-PET-400,1,COR-003,5921,L,200,0,0,0,0,Approved,Approved,Approved - First Pass,2026-03-26 18:26:49.799,—,Beatriz Costa
LOTE-SK-M-SOP-012-3529,LOTE-M-SOP-012-3529,WO-3800,WO-13936,2026-03-27,Shift 1,HF-002,RS-HF-002,FR-012-PET-400,1,COR-005,13954,M,315,0,0,0,0,Approved,Approved,Approved - First Pass,2026-03-28 09:23:34.496,—,Ana Silva
LOTE-SK-M-SOP-004-3530,LOTE-M-SOP-004-3530,WO-3802,WO-13938,2026-03-29,Shift 1,HF-001,RS-HF-001,FR-004-rPET-330,1,COR-008,13451,M,315,0,2,0,2,Approved,Approved,Approved - First Pass,2026-03-30 12:30:08.126,—,Beatriz Costa
LOTE-SK-M-SOP-029-3531,LOTE-M-SOP-029-3531,WO-3803,WO-13939,2026-03-30,Shift 3,HF-001,RS-HF-001,FR-029-MDPE-5000,1,COR-005,137,L,200,0,0,0,0,Approved,Approved,Approved - First Pass,2026-03-31 03:10:37.270,—,Ana Silva
LOTE-SK-M-SOP-026-3532,LOTE-M-SOP-026-3532,WO-3806,WO-13942,2026-04-01,Shift 3,HF-001,RS-HF-001,FR-026-HDPE-4000,1,COR-006,6503,L,200,0,0,0,0,Approved,Approved,Approved - First Pass,2026-04-01 23:13:57.578,—,Diogo Ferreira
LOTE-SK-M-SOP-029-3533,LOTE-M-SOP-029-3533,WO-3808,WO-13944,2026-04-02,Shift 2,HF-002,RS-HF-002,FR-029-MDPE-5000,1,COR-005,1081,L,200,0,2,0,2,Approved,Approved,Approved - First Pass,2026-04-03 06:14:13.710,—,Diogo Ferreira
LOTE-SK-M-SOP-029-3534,LOTE-M-SOP-029-3534,WO-3810,WO-13946,2026-04-04,Shift 3,HF-001,RS-HF-001,FR-029-MDPE-5000,1,COR-002,841,L,200,0,2,0,2,Approved,Approved,Approved - First Pass,2026-04-04 23:46:55.661,—,Elena Santos
LOTE-SK-M-SOP-026-3535,LOTE-M-SOP-026-3535,WO-3812,WO-13948,2026-04-04,  Shift 2  ,HF-001,RS-HF-001,FR-026-HDPE-4000,1,COR-005,1288,L,200,0,0,0,0,Approved,Approved,Approved - First Pass,2026-04-05 17:26:47.894,—,Carlos Mendes
LOTE-SK-M-SOP-029-3536,LOTE-M-SOP-029-3536,WO-3814,WO-13950,2026-04-06,Shift 1,HF-001,RS-HF-001,FR-029-MDPE-5000,1,COR-004,1891,L,200,0,1,0,1,Approved,Approved,Approved - First Pass,2026-04-07 04:19:33.805,—,Diogo Ferreira
LOTE-SK-M-SOP-026-3537,LOTE-M-SOP-026-3537,WO-3815,WO-13951,2026-04-06,Shift 1,HF-002,RS-HF-002,FR-026-HDPE-4000,1,COR-006,1739,L,200,0,1,0,1,Approved,Approved,Approved - First Pass,2026-04-07 15:13:58.411,—,Diogo Ferreira
LOTE-SK-M-SOP-026-3538,LOTE-M-SOP-026-3538,WO-3816,WO-13952,2026-04-08,Shift 1,HF-002,RS-HF-002,FR-026-HDPE-4000,1,COR-001,3196,L,200,0,1,0,1,Approved,Approved,Approved - First Pass,2026-04-08 17:28:26.556,—,Ana Silva
LOTE-SK-M-SOP-029-3539,LOTE-M-SOP-029-3539,WO-3820,WO-13956,2026-04-10,Shift 2,HF-001,RS-HF-001,FR-029-MDPE-5000,1,COR-004,1746,L,200,0,6,0,6,Approved,Approved,Approved - First Pass,2026-04-10 21:11:03.500,—,Ana Silva
LOTE-SK-M-SOP-004-3540,LOTE-M-SOP-004-3540,WO-3821,WO-13957,2026-04-11,SHIFT 1,HF-001,RS-HF-001,FR-004-rPET-330,1,COR-003,6324,L,200,0,0,0,0,Approved,Approved,Approved - First Pass,2026-04-12 10:01:21.146,—,Elena Santos
LOTE-SK-M-SOP-004-3541,LOTE-M-SOP-004-3541,WO-3822,WO-13958,2026-04-11,Shift 2,HF-002,RS-HF-002,FR-004-rPET-330,1,COR-007,7219,L,200,0,1,0,1,Approved,Approved,Approved - First Pass,2026-04-12 18:54:44.662,—,Elena Santos
LOTE-SK-M-SOP-004-3542,LOTE-M-SOP-004-3542,WO-3824,WO-13960,2026-04-13,Shift 2,HF-001,RS-HF-001,FR-004-rPET-330,1,COR-008,15179,M,315,0,3,0,3,Approved,Approved,Approved - First Pass,2026-04-14 20:15:15.113,—,Carlos Mendes
LOTE-SK-M-SOP-012-3543,LOTE-M-SOP-012-3543,WO-3826,WO-13962,2026-04-14,Shift 2,HF-002,RS-HF-002,FR-012-PET-400,1,COR-002,3707,L,200,0,1,0,1,Approved,Approved,Approved - First Pass,2026-04-15 08:34:26.742,—,Beatriz Costa
LOTE-SK-M-SOP-026-3544,LOTE-M-SOP-026-3544,WO-3827,WO-13963,2026-04-15,Shift 2,HF-002,RS-HF-002,FR-026-HDPE-4000,1,COR-002,1596,L,200,0,0,0,0,Approved,Approved,Approved - First Pass,2026-04-16 11:59:57.340,—,Carlos Mendes
LOTE-SK-M-SOP-029-3545,LOTE-M-SOP-029-3545,WO-3829,WO-13965,2026-04-16,Shift 3,HF-002,RS-HF-002,FR-029-MDPE-5000,1,COR-001,1583,L,200,0,1,0,1,Approved,Approved,Approved - First Pass,2026-04-17 04:49:20.852,—,Carlos Mendes
LOTE-SK-M-SOP-004-3546,LOTE-M-SOP-004-3546,WO-3832,WO-13968,2026-04-19,Shift 3,HF-002,RS-HF-002,FR-004-rPET-330,1,COR-008,24676,M,315,0,1,0,1,Approved,Approved,Approved - First Pass,2026-04-19 23:13:31.037,—,Beatriz Costa
LOTE-SK-M-SOP-026-3547,LOTE-M-SOP-026-3547,WO-3834,WO-13970,2026-04-20,SHIFT 2,HF-002,RS-HF-002,FR-026-HDPE-4000,1,COR-003,4454,L,200,1,1,0,2,Rejected,Rejected,Rejected - Scrapped,2026-04-21 16:01:15.913,Foil Transfer:1(Re=1),Diogo Ferreira
LOTE-SK-M-SOP-026-3548,LOTE-M-SOP-026-3548,WO-3837,WO-13973,2026-04-23,Shift 1,HF-001,RS-HF-001,FR-026-HDPE-4000,1,COR-003,4220,L,200,0,0,0,0,Approved,Approved,Approved - First Pass,2026-04-24 03:19:14.679,—,Diogo Ferreira
LOTE-SK-M-SOP-004-3549,LOTE-M-SOP-004-3549,WO-3839,WO-13975,2026-04-24,Shift 1,HF-001,RS-HF-001,FR-004-rPET-330,1,COR-006,7468,L,200,0,2,0,2,Approved,Approved,Approved - First Pass,2026-04-25 23:11:20.066,—,Ana Silva
LOTE-SK-M-SOP-012-3550,LOTE-M-SOP-012-3550,WO-3840,WO-13976,2026-04-24,Shift 2,HF-001,RS-HF-001,FR-012-PET-400,1,COR-005,1984,L,200,0,0,0,0,Approved,Approved,Approved - First Pass,2026-04-26 02:40:51.606,—,Elena Santos
LOTE-SK-M-SOP-029-3551,LOTE-M-SOP-029-3551,WO-3841,WO-13977,2026-04-26,Shift 3,HF-001,RS-HF-001,FR-029-MDPE-5000,1,COR-008,891,L,200,0,3,0,3,Approved,Approved,Approved - First Pass,2026-04-26 15:58:59.119,—,Carlos Mendes
LOTE-SK-M-SOP-029-3552,LOTE-M-SOP-029-3552,WO-3842,WO-13978,2026-04-26,Shift 1,HF-002,RS-HF-002,FR-029-MDPE-5000,1,COR-006,972,L,200,1,0,0,1,Rejected,Rejected,Rejected - Scrapped,2026-04-26 20:00:28.024,Foil Adhesion:1(Re=1),Beatriz Costa
LOTE-SK-M-SOP-012-3553,LOTE-M-SOP-012-3553,WO-3843,WO-13979,2026-04-27,  Shift 1  ,HF-001,RS-HF-001,FR-012-PET-400,1,COR-007,8468,L,200,0,0,0,0,Approved,Approved,Approved - First Pass,2026-04-29 02:54:00.177,—,Beatriz Costa
LOTE-SK-M-SOP-026-3554,LOTE-M-SOP-026-3554,WO-3844,WO-13980,2026-04-27,Shift 2,HF-002,RS-HF-002,FR-026-HDPE-4000,1,COR-008,3126,L,200,0,3,0,3,Approved,Approved,Approved - First Pass,2026-04-28 20:50:58.588,—,Carlos Mendes
LOTE-SK-M-SOP-029-3555,LOTE-M-SOP-029-3555,WO-3845,WO-13981,2026-04-29,Shift 3,HF-002,RS-HF-002,FR-029-MDPE-5000,1,COR-003,706,L,200,0,2,0,2,Approved,Approved,Approved - First Pass,2026-04-29 06:55:14.667,—,Elena Santos
LOTE-SK-M-SOP-026-3556,LOTE-M-SOP-026-3556,WO-3846,WO-13982,2026-04-28,Shift 2,HF-002,RS-HF-002,FR-026-HDPE-4000,1,COR-004,2312,L,200,0,0,0,0,Approved,Approved,Approved - First Pass,2026-04-29 10:33:00.469,—,Ana Silva
LOTE-SK-M-SOP-004-3557,LOTE-M-SOP-004-3557,WO-3849,WO-13985,2026-05-01,Shift 1,HF-002,RS-HF-002,FR-004-rPET-330,1,COR-003,17811,M,315,0,5,0,5,Approved,Approved,Approved - First Pass,2026-05-02 14:41:19.320,—,Ana Silva
LOTE-SK-M-SOP-026-3558,LOTE-M-SOP-026-3558,WO-3850,WO-13986,2026-05-02,Shift 2,HF-001,RS-HF-001,FR-026-HDPE-4000,1,COR-004,2057,L,200,0,2,0,2,Approved,Approved,Approved - First Pass,2026-05-03 08:10:35.822,—,Diogo Ferreira
LOTE-SK-M-SOP-012-3559,LOTE-M-SOP-012-3559,WO-3853,WO-13989,2026-05-05,Shift 3,HF-002,RS-HF-002,FR-012-PET-400,1,COR-006,12477,M,315,0,1,0,1,Approved,Approved,Approved - First Pass,2026-05-06 00:25:41.894,—,Beatriz Costa
LOTE-SK-M-SOP-029-3560,LOTE-M-SOP-029-3560,WO-3856,WO-13992,2026-05-06,  Shift 3  ,HF-001,RS-HF-001,FR-029-MDPE-5000,1,COR-007,1487,L,200,0,3,0,3,Approved,Approved,Approved - First Pass,2026-05-06 11:05:57.605,—,Diogo Ferreira
LOTE-SK-M-SOP-029-3561,LOTE-M-SOP-029-3561,WO-3859,WO-13995,2026-05-08,Shift 3,HF-001,RS-HF-001,FR-029-MDPE-5000,1,COR-004,2904,L,200,0,4,0,4,Approved,Approved,Approved - First Pass,2026-05-08 15:33:53.952,—,Beatriz Costa
LOTE-SK-M-SOP-012-3562,LOTE-M-SOP-012-3562,WO-3861,WO-13997,2026-05-10,Shift 3,HF-002,RS-HF-002,FR-012-PET-400,1,COR-004,16586,M,315,0,2,0,2,Approved,Approved,Approved - First Pass,2026-05-11 04:13:25.009,—,Ana Silva
LOTE-SK-M-SOP-029-3563,LOTE-M-SOP-029-3563,WO-3865,WO-14001,2026-05-12,Shift 1,HF-002,RS-HF-002,FR-029-MDPE-5000,1,COR-001,1791,L,200,0,2,0,2,Approved,Approved,Approved - First Pass,2026-05-13 01:31:23.792,—,Elena Santos
LOTE-SK-M-SOP-029-3564,LOTE-M-SOP-029-3564,WO-3866,WO-14002,2026-05-12,Shift 3,HF-001,RS-HF-001,FR-029-MDPE-5000,1,COR-008,540,L,200,0,0,0,0,Approved,Approved,Approved - First Pass,2026-05-12 12:00:08.881,—,Elena Santos
LOTE-SK-M-SOP-026-3565,LOTE-M-SOP-026-3565,WO-3867,WO-14003,2026-05-13,Shift 3,HF-002,RS-HF-002,FR-026-HDPE-4000,1,COR-004,1544,L,200,0,3,0,3,Approved,Approved,Approved - First Pass,2026-05-13 23:02:18.279,—,Beatriz Costa
LOTE-SK-M-SOP-029-3566,LOTE-M-SOP-029-3566,WO-3868,WO-14004,2026-05-13,Shift 2,HF-002,RS-HF-002,FR-029-MDPE-5000,1,COR-004,547,L,200,0,3,0,3,Approved,Approved,Approved - First Pass,2026-05-14 03:21:56.136,—,Beatriz Costa
LOTE-SK-M-SOP-012-3567,LOTE-M-SOP-012-3567,WO-3870,WO-14006,2026-05-15,Shift 1,HF-002,RS-HF-002,FR-012-PET-400,1,COR-003,14167,M,315,1,1,0,2,Rejected,Rejected,Rejected - Scrapped,2026-05-17 00:38:42.603,Foil Adhesion:1(Re=1),Carlos Mendes
LOTE-SK-M-SOP-026-3568,LOTE-M-SOP-026-3568,WO-3871,WO-14007,2026-05-15,Shift 1,HF-001,RS-HF-001,FR-026-HDPE-4000,1,COR-007,1680,L,200,0,1,0,1,Approved,Approved,Approved - First Pass,2026-05-15 16:41:41.104,—,Ana Silva
LOTE-SK-M-SOP-026-3569,LOTE-M-SOP-026-3569,WO-3874,WO-14010,2026-05-18,Shift 3,HF-002,RS-HF-002,FR-026-HDPE-4000,1,COR-004,4057,L,200,0,3,0,3,Approved,Approved,Approved - First Pass,2026-05-18 21:42:30.916,—,Carlos Mendes
LOTE-SK-M-SOP-026-3570,LOTE-M-SOP-026-3570,WO-3875,WO-14011,2026-05-18,Shift 2,HF-002,RS-HF-002,FR-026-HDPE-4000,1,COR-002,699,L,200,0,0,0,0,Approved,Approved,Approved - First Pass,2026-05-19 06:32:07.330,—,Carlos Mendes
LOTE-SK-M-SOP-012-3571,LOTE-M-SOP-012-3571,WO-3876,WO-14012,2026-05-19,Shift 1,HF-002,RS-HF-002,FR-012-PET-400,1,COR-004,3321,L,200,0,1,0,1,Approved,Approved,Approved - First Pass,2026-05-20 17:04:27.307,—,Diogo Ferreira
LOTE-SK-M-SOP-029-3572,LOTE-M-SOP-029-3572,WO-3878,WO-14014,2026-05-20,Shift 2,HF-001,RS-HF-001,FR-029-MDPE-5000,1,COR-007,2000,L,200,0,1,0,1,Approved,Approved,Approved - First Pass,2026-05-21 06:51:59.026,—,Elena Santos
LOTE-SK-M-SOP-029-3573,LOTE-M-SOP-029-3573,WO-3879,WO-14015,2026-05-21,Shift 1,HF-002,RS-HF-002,FR-029-MDPE-5000,1,COR-005,390,L,200,0,0,0,0,Approved,Approved,Approved - First Pass,2026-05-22 07:33:15.423,—,Elena Santos
LOTE-SK-M-SOP-029-3574,LOTE-M-SOP-029-3574,WO-3882,WO-14018,2026-05-23,Shift 1,HF-002,RS-HF-002,FR-029-MDPE-5000,1,COR-003,2235,L,200,0,2,0,2,Approved,Approved,Approved - First Pass,2026-05-24 00:18:44.023,—,Elena Santos
LOTE-SK-M-SOP-012-3575,LOTE-M-SOP-012-3575,WO-3883,WO-14019,2026-05-23,Shift 2,HF-002,RS-HF-002,FR-012-PET-400,1,COR-008,5848,L,200,0,2,0,2,Approved,Approved,Approved - First Pass,2026-05-25 01:03:43.136,—,Beatriz Costa
LOTE-SK-M-SOP-012-3576,LOTE-M-SOP-012-3576,WO-3885,WO-14021,2026-05-25,Shift 3,HF-002,RS-HF-002,FR-012-PET-400,1,COR-007,7779,L,200,0,2,0,2,Approved,Approved,Approved - First Pass,2026-05-26 17:35:33.129,—,Elena Santos
LOTE-SK-M-SOP-029-3577,LOTE-M-SOP-029-3577,WO-3888,WO-14024,2026-05-27,SHIFT 3,HF-001,RS-HF-001,FR-029-MDPE-5000,1,COR-008,1635,L,200,0,5,0,5,Approved,Approved,Approved - First Pass,2026-05-27 22:15:11.574,—,Diogo Ferreira
LOTE-SK-M-SOP-026-3578,LOTE-M-SOP-026-3578,WO-3891,WO-14027,2026-05-29,Shift 3,HF-001,RS-HF-001,FR-026-HDPE-4000,1,COR-002,6548,L,200,0,1,0,1,Approved,Approved,Approved - First Pass,2026-05-30 02:04:57.927,—,Elena Santos
LOTE-SK-M-SOP-004-3579,LOTE-M-SOP-004-3579,WO-3894,WO-14030,2026-06-01,Shift 3,HF-002,RS-HF-002,FR-004-rPET-330,1,COR-008,21963,M,315,0,4,0,4,Approved,Approved,Approved - First Pass,2026-06-02 06:37:51.055,—,Diogo Ferreira
LOTE-SK-M-SOP-012-3580,LOTE-M-SOP-012-3580,WO-3896,WO-14032,2026-06-02,Shift 1,HF-002,RS-HF-002,FR-012-PET-400,1,COR-002,15165,M,315,0,0,0,0,Approved,Approved,Approved - First Pass,2026-06-03 07:15:09.450,—,Beatriz Costa
LOTE-SK-M-SOP-004-3581,LOTE-M-SOP-004-3581,WO-3897,WO-14033,2026-06-02,Shift 3,HF-002,RS-HF-002,FR-004-rPET-330,1,COR-005,704,L,200,0,2,0,2,Approved,Approved,Approved - First Pass,2026-06-03 22:34:59.140,—,Beatriz Costa
LOTE-SK-M-SOP-004-3582,LOTE-M-SOP-004-3582,WO-3899,WO-14035,2026-06-04,Shift 2,HF-002,RS-HF-002,FR-004-rPET-330,1,COR-003,14769,M,315,0,6,0,6,Approved,Approved,Approved - First Pass,2026-06-05 19:10:14.029,—,Beatriz Costa
LOTE-SK-M-SOP-012-3583,LOTE-M-SOP-012-3583,WO-3901,WO-14037,2026-06-06,Shift 3,HF-002,RS-HF-002,FR-012-PET-400,1,COR-007,11876,M,315,0,3,0,3,Approved,Approved,Approved - First Pass,2026-06-07 06:21:33.952,—,Elena Santos
LOTE-SK-M-SOP-029-3584,LOTE-M-SOP-029-3584,WO-3904,WO-14040,2026-06-08,Shift 1,HF-002,RS-HF-002,FR-029-MDPE-5000,1,COR-002,2888,L,200,0,1,0,1,Approved,Approved,Approved - First Pass,2026-06-08 16:54:09.402,—,Diogo Ferreira
LOTE-SK-M-SOP-004-3585,LOTE-M-SOP-004-3585,WO-3906,WO-14042,2026-06-09,Shift 2,HF-002,RS-HF-002,FR-004-rPET-330,1,COR-005,15509,M,315,0,3,0,3,Approved,Approved,Approved - First Pass,2026-06-10 15:58:43.288,—,Diogo Ferreira
LOTE-SK-M-SOP-004-3586,LOTE-M-SOP-004-3586,WO-3907,WO-14043,2026-06-10,shift 3,HF-001,RS-HF-001,FR-004-rPET-330,1,COR-003,4944,L,200,0,1,0,1,Approved,Approved,Approved - First Pass,2026-06-11 19:23:44.764,—,Carlos Mendes
LOTE-SK-M-SOP-012-3587,LOTE-M-SOP-012-3587,WO-3908,WO-14044,2026-06-11,Shift 2,HF-002,RS-HF-002,FR-012-PET-400,1,COR-004,8062,L,200,0,0,0,0,Approved,Approved,Approved - First Pass,2026-06-12 17:50:41.697,—,Elena Santos
LOTE-SK-M-SOP-026-3588,LOTE-M-SOP-026-3588,WO-3909,WO-14045,2026-06-11,Shift 2,HF-001,RS-HF-001,FR-026-HDPE-4000,1,COR-006,135,L,200,0,2,0,2,Approved,Approved,Approved - First Pass,2026-06-12 01:26:11.973,—,Beatriz Costa
LOTE-SK-M-SOP-004-3589,LOTE-M-SOP-004-3589,WO-3912,WO-14048,2026-06-14,shift 2,HF-002,RS-HF-002,FR-004-rPET-330,1,COR-005,25293,M,315,0,9,0,9,Approved,Approved,Approved - First Pass,2026-06-16 05:54:52.794,—,Elena Santos
LOTE-SK-M-SOP-026-3590,LOTE-M-SOP-026-3590,WO-3915,WO-14051,2026-06-16,Shift 3,HF-001,RS-HF-001,FR-026-HDPE-4000,1,COR-007,3998,L,200,0,1,0,1,Approved,Approved,Approved - First Pass,2026-06-17 03:12:20.092,—,Carlos Mendes
LOTE-SK-M-SOP-004-3591,LOTE-M-SOP-004-3591,WO-3916,WO-14052,2026-06-16,Shift 1,HF-001,RS-HF-001,FR-004-rPET-330,1,COR-003,6693,L,200,0,0,0,0,Approved,Approved,Approved - First Pass,2026-06-17 15:57:06.320,—,Elena Santos
LOTE-SK-M-SOP-004-3592,LOTE-M-SOP-004-3592,WO-3918,WO-14054,2026-06-18,Shift 1,HF-001,RS-HF-001,FR-004-rPET-330,1,COR-003,10611,M,315,0,1,0,1,Approved,Approved,Approved - First Pass,2026-06-19 11:50:06.784,—,Diogo Ferreira
LOTE-SK-M-SOP-012-3593,LOTE-M-SOP-012-3593,WO-3921,WO-14057,2026-06-19,Shift 2,HF-001,RS-HF-001,FR-012-PET-400,1,COR-004,16291,M,315,0,4,0,4,Approved,Approved,Approved - First Pass,2026-06-21 05:04:27.809,—,Ana Silva
LOTE-SK-M-SOP-026-3594,LOTE-M-SOP-026-3594,WO-3923,WO-14059,2026-06-22,Shift 1,HF-001,RS-HF-001,FR-026-HDPE-4000,1,COR-006,5851,L,200,0,3,0,3,Approved,Approved,Approved - First Pass,2026-06-23 04:31:47.614,—,Beatriz Costa
LOTE-SK-M-SOP-029-3595,LOTE-M-SOP-029-3595,WO-3926,WO-14062,2026-06-23,Shift 2,HF-001,RS-HF-001,FR-029-MDPE-5000,1,COR-002,1939,L,200,0,4,0,4,Approved,Approved,Approved - First Pass,2026-06-24 09:58:05.543,—,Carlos Mendes
LOTE-SK-M-SOP-029-3596,LOTE-M-SOP-029-3596,WO-3927,WO-14063,2026-06-24,Shift 1,HF-001,RS-HF-001,FR-029-MDPE-5000,1,COR-008,1192,L,200,0,2,0,2,Approved,Approved,Approved - First Pass,2026-06-24 13:52:26.175,—,Beatriz Costa
LOTE-SK-M-SOP-029-3597,LOTE-M-SOP-029-3597,WO-3928,WO-14064,2026-06-25,Shift 1,HF-001,RS-HF-001,FR-029-MDPE-5000,1,COR-003,622,L,200,0,4,0,4,Approved,Approved,Approved - First Pass,2026-06-26 05:28:06.754,—,Ana Silva
LOTE-SK-M-SOP-004-3598,LOTE-M-SOP-004-3598,WO-3931,WO-14067,2026-06-27,Shift 1,HF-001,RS-HF-001,FR-004-rPET-330,1,COR-004,19485,M,315,0,5,0,5,Approved,Approved,Approved - First Pass,2026-06-28 04:35:00.700,—,Elena Santos
LOTE-SK-M-SOP-026-3599,LOTE-M-SOP-026-3599,WO-3932,WO-14068,2026-06-27,  Shift 1  ,HF-001,RS-HF-001,FR-026-HDPE-4000,1,COR-007,1847,L,200,0,0,0,0,Approved,Approved,Approved - First Pass,2026-06-28 07:55:45.422,—,Diogo Ferreira
LOTE-SK-M-SOP-004-3600,LOTE-M-SOP-004-3600,WO-3934,WO-14070,2026-06-28,Shift 2,HF-002,RS-HF-002,FR-004-rPET-330,1,COR-007,7243,L,200,0,3,0,3,Approved,Approved,Approved - First Pass,2026-06-29 04:48:30.946,—,Elena Santos
LOTE-SK-M-SOP-026-3601,LOTE-M-SOP-026-3601,WO-3935,WO-14071,2026-06-29,Shift 3,HF-001,RS-HF-001,FR-026-HDPE-4000,1,COR-008,296,L,200,1,1,0,2,Rejected,Rejected,Rejected - Scrapped,2026-06-29 17:21:55.954,Foil Transfer:1(Re=1),Elena Santos
LOTE-SK-M-SOP-026-3602,LOTE-M-SOP-026-3602,WO-3936,WO-14072,2026-06-30,Shift 3,HF-001,RS-HF-001,FR-026-HDPE-4000,1,COR-005,1379,L,200,0,1,0,1,Approved,Approved,Approved - First Pass,2026-06-30 21:38:52.869,—,Carlos Mendes
LOTE-SK-M-SOP-026-3603,LOTE-M-SOP-026-3603,WO-3938,WO-14074,2026-06-30,Shift 3,HF-002,RS-HF-002,FR-026-HDPE-4000,1,COR-004,2469,L,200,0,4,0,4,Approved,Approved,Approved - First Pass,2026-07-01 08:46:05.213,—,Diogo Ferreira
LOTE-SK-M-SOP-012-3604,LOTE-M-SOP-012-3604,WO-3941,WO-14077,2026-07-03,Shift 3,HF-001,RS-HF-001,FR-012-PET-400,1,COR-001,13586,M,315,0,2,0,2,Approved,Approved,Approved - First Pass,2026-07-03 20:16:26.220,—,Ana Silva
LOTE-SK-M-SOP-026-3605,LOTE-M-SOP-026-3605,WO-3943,WO-14079,2026-07-04,Shift 1,HF-002,RS-HF-002,FR-026-HDPE-4000,1,COR-005,3781,L,200,0,0,0,0,Approved,Approved,Approved - First Pass,2026-07-04 20:28:52.830,—,Diogo Ferreira
LOTE-SK-M-SOP-026-3606,LOTE-M-SOP-026-3606,WO-3946,WO-14082,2026-07-06,Shift 1,HF-002,RS-HF-002,FR-026-HDPE-4000,1,COR-003,3376,L,200,0,2,0,2,Approved,Approved,Approved - First Pass,2026-07-07 18:28:37.162,—,Elena Santos
LOTE-SK-M-SOP-012-3607,LOTE-M-SOP-012-3607,WO-3948,WO-14084,2026-07-08,Shift 3,HF-001,RS-HF-001,FR-012-PET-400,1,COR-007,4202,L,200,1,2,0,3,Rejected,Rejected,Rejected - Scrapped,2026-07-09 16:24:05.980,Foil Adhesion:1(Re=1),Carlos Mendes
LOTE-SK-M-SOP-029-3608,LOTE-M-SOP-029-3608,WO-3949,WO-14085,2026-07-09,Shift 3,HF-001,RS-HF-001,FR-029-MDPE-5000,1,COR-005,1567,L,200,0,0,0,0,Approved,Approved,Approved - First Pass,2026-07-09 18:54:59.994,—,Elena Santos
LOTE-SK-M-SOP-029-3609,LOTE-M-SOP-029-3609,WO-3951,WO-14087,2026-07-10,Shift 3,HF-002,RS-HF-002,FR-029-MDPE-5000,1,COR-004,1151,L,200,0,2,0,2,Approved,Approved,Approved - First Pass,2026-07-11 03:39:56.853,—,Carlos Mendes
LOTE-SK-M-SOP-026-3610,LOTE-M-SOP-026-3610,WO-3952,WO-14088,2026-07-11,Shift 1,HF-001,RS-HF-001,FR-026-HDPE-4000,1,COR-006,2569,L,200,0,0,0,0,Approved,Approved,Approved - First Pass,2026-07-12 02:33:25.762,—,Carlos Mendes
LOTE-SK-M-SOP-026-3611,LOTE-M-SOP-026-3611,WO-3955,WO-14091,2026-07-13,Shift 1,HF-002,RS-HF-002,FR-026-HDPE-4000,1,COR-004,5175,L,200,0,1,0,1,Approved,Approved,Approved - First Pass,2026-07-14 09:39:07.075,—,Diogo Ferreira
LOTE-SK-M-SOP-004-3612,LOTE-M-SOP-004-3612,WO-3956,WO-14092,2026-07-14,Shift 2,HF-001,RS-HF-001,FR-004-rPET-330,1,COR-004,4790,L,200,0,1,0,1,Approved,Approved,Approved - First Pass,2026-07-15 22:46:08.384,—,Ana Silva
LOTE-SK-M-SOP-026-3613,LOTE-M-SOP-026-3613,WO-3957,WO-14093,2026-07-15,Shift 1,HF-001,RS-HF-001,FR-026-HDPE-4000,1,COR-002,2843,L,200,0,1,0,1,Approved,Approved,Approved - First Pass,2026-07-16 06:05:22.347,—,Carlos Mendes
LOTE-SK-M-SOP-029-3614,LOTE-M-SOP-029-3614,WO-3959,WO-14095,2026-07-16,Shift 1,HF-002,RS-HF-002,FR-029-MDPE-5000,1,COR-003,789,L,200,0,3,0,3,Approved,Approved,Approved - First Pass,2026-07-16 16:50:06.323,—,Carlos Mendes
LOTE-SK-M-SOP-029-3615,LOTE-M-SOP-029-3615,WO-3962,WO-14098,2026-07-18,Shift 3,HF-002,RS-HF-002,FR-029-MDPE-5000,1,COR-001,2422,L,200,0,2,0,2,Approved,Approved,Approved - First Pass,2026-07-18 17:48:54.245,—,Carlos Mendes
LOTE-SK-M-SOP-026-3616,LOTE-M-SOP-026-3616,WO-3963,WO-14099,2026-07-18,Shift 2,HF-002,RS-HF-002,FR-026-HDPE-4000,1,COR-003,665,L,200,0,3,0,3,Approved,Approved,Approved - First Pass,2026-07-19 16:32:22.539,—,Beatriz Costa
LOTE-SK-M-SOP-029-3617,LOTE-M-SOP-029-3617,WO-3965,WO-14101,2026-07-20,Shift 2,HF-001,RS-HF-001,FR-029-MDPE-5000,1,COR-002,2621,L,200,0,2,0,2,Approved,Approved,Approved - First Pass,2026-07-21 01:59:48.861,—,Ana Silva
LOTE-SK-M-SOP-026-3618,LOTE-M-SOP-026-3618,WO-3967,WO-14103,2026-07-21,Shift 2,HF-001,RS-HF-001,FR-026-HDPE-4000,1,COR-007,2074,L,200,0,0,0,0,Approved,Approved,Approved - First Pass,2026-07-22 11:48:35.520,—,Elena Santos
LOTE-SK-M-SOP-012-3619,LOTE-M-SOP-012-3619,WO-3968,WO-14104,2026-07-23,Shift 3,HF-001,RS-HF-001,FR-012-PET-400,1,COR-006,6393,L,200,0,1,0,1,Approved,Approved,Approved - First Pass,2026-07-24 02:04:45.148,—,Elena Santos
LOTE-SK-M-SOP-029-3620,LOTE-M-SOP-029-3620,WO-3969,WO-14105,2026-07-22,Shift 2,HF-001,RS-HF-001,FR-029-MDPE-5000,1,COR-004,593,L,200,0,2,0,2,Approved,Approved,Approved - First Pass,2026-07-22 22:50:59.020,—,Diogo Ferreira
LOTE-SK-M-SOP-004-3621,LOTE-M-SOP-004-3621,WO-3971,WO-14107,2026-07-24,Shift 1,HF-002,RS-HF-002,FR-004-rPET-330,1,COR-004,11876,M,315,0,1,0,1,Approved,Approved,Approved - First Pass,2026-07-25 08:36:47.185,—,Carlos Mendes
LOTE-SK-M-SOP-012-3622,LOTE-M-SOP-012-3622,WO-3974,WO-14110,2026-07-26,Shift 2,HF-001,RS-HF-001,FR-012-PET-400,1,COR-006,17692,M,315,0,2,0,2,Approved,Approved,Approved - First Pass,2026-07-27 14:24:43.393,—,Beatriz Costa
LOTE-SK-M-SOP-004-3623,LOTE-M-SOP-004-3623,WO-3976,WO-14112,2026-07-28,Shift 3,HF-001,RS-HF-001,FR-004-rPET-330,1,COR-006,18246,M,315,0,5,0,5,Approved,Approved,Approved - First Pass,2026-07-29 16:38:08.009,—,Beatriz Costa
LOTE-SK-M-SOP-004-3624,LOTE-M-SOP-004-3624,WO-3980,WO-14116,2026-07-30,Shift 1,HF-002,RS-HF-002,FR-004-rPET-330,1,COR-006,12009,M,315,1,5,0,6,Rejected,Rejected,Rejected - Scrapped,2026-07-31 00:29:31.146,Foil Adhesion:1(Re=1),Ana Silva
LOTE-SK-M-SOP-004-3625,LOTE-M-SOP-004-3625,WO-3982,WO-14118,2026-07-31,  Shift 2  ,HF-002,RS-HF-002,FR-004-rPET-330,1,COR-005,8704,L,200,0,5,0,5,Approved,Approved,Approved - First Pass,2026-08-01 17:49:18.184,—,Beatriz Costa
LOTE-SK-M-SOP-004-3626,LOTE-M-SOP-004-3626,WO-3985,WO-14121,2026-08-02,Shift 2,HF-001,RS-HF-001,FR-004-rPET-330,1,COR-003,14139,M,315,0,6,0,6,Approved,Approved,Approved - First Pass,2026-08-03 16:18:55.029,—,Beatriz Costa
LOTE-SK-M-SOP-004-3627,LOTE-M-SOP-004-3627,WO-3987,WO-14123,2026-08-04,Shift 2,HF-002,RS-HF-002,FR-004-rPET-330,1,COR-004,10385,M,315,0,2,0,2,Approved,Approved,Approved - First Pass,2026-08-05 16:03:35.996,—,Diogo Ferreira
LOTE-SK-M-SOP-004-3628,LOTE-M-SOP-004-3628,WO-3989,WO-14125,2026-08-05,Shift 2,HF-001,RS-HF-001,FR-004-rPET-330,1,COR-002,10069,M,315,0,1,0,1,Approved,Approved,Approved - First Pass,2026-08-06 18:20:58.361,—,Carlos Mendes
LOTE-SK-M-SOP-004-3629,LOTE-M-SOP-004-3629,WO-3990,WO-14126,2026-08-06,Shift 1,HF-001,RS-HF-001,FR-004-rPET-330,1,COR-006,7467,L,200,0,0,0,0,Approved,Approved,Approved - First Pass,2026-08-07 11:03:18.902,—,Elena Santos
LOTE-SK-M-SOP-004-3630,LOTE-M-SOP-004-3630,WO-3992,WO-14128,2026-08-07,Shift 2,HF-002,RS-HF-002,FR-004-rPET-330,1,COR-003,12602,M,315,0,1,0,1,Approved,Approved,Approved - First Pass,2026-08-08 15:59:15.124,—,Beatriz Costa
LOTE-SK-M-SOP-026-3631,LOTE-M-SOP-026-3631,WO-3995,WO-14131,2026-08-09,Shift 3,HF-001,RS-HF-001,FR-026-HDPE-4000,1,COR-008,5900,L,200,0,5,0,5,Approved,Approved,Approved - First Pass,2026-08-09 19:43:23.575,—,Diogo Ferreira
LOTE-SK-M-SOP-012-3632,LOTE-M-SOP-012-3632,WO-3998,WO-14134,2026-08-12,Shift 3,HF-001,RS-HF-001,FR-012-PET-400,1,COR-005,18388,M,315,0,2,0,2,Approved,Approved,Approved - First Pass,2026-08-13 04:30:15.543,—,Beatriz Costa
LOTE-SK-M-SOP-029-3633,LOTE-M-SOP-029-3633,WO-4000,WO-14136,2026-08-13,Shift 2,HF-002,RS-HF-002,FR-029-MDPE-5000,1,COR-008,1208,L,200,0,2,0,2,Approved,Approved,Approved - First Pass,2026-08-14 02:07:15.024,—,Diogo Ferreira
LOTE-SK-M-SOP-029-3634,LOTE-M-SOP-029-3634,WO-4001,WO-14137,2026-08-14,Shift 3,HF-001,RS-HF-001,FR-029-MDPE-5000,1,COR-003,1695,L,200,1,3,0,4,Rejected,Rejected,Rejected - Scrapped,2026-08-15 01:38:54.178,Foil Adhesion:1(Re=1),Beatriz Costa
LOTE-SK-M-SOP-012-3635,LOTE-M-SOP-012-3635,WO-4005,WO-14141,2026-08-17,Shift 3,HF-001,RS-HF-001,FR-012-PET-400,1,COR-005,19650,M,315,0,2,0,2,Approved,Approved,Approved - First Pass,2026-08-17 23:21:35.415,—,Carlos Mendes
LOTE-SK-M-SOP-012-3636,LOTE-M-SOP-012-3636,WO-4008,WO-14144,2026-08-17,Shift 2,HF-001,RS-HF-001,FR-012-PET-400,1,COR-005,18286,M,315,0,3,0,3,Approved,Approved,Approved - First Pass,2026-08-19 04:28:50.492,—,Carlos Mendes
LOTE-SK-M-SOP-012-3637,LOTE-M-SOP-012-3637,WO-4009,WO-14145,2026-08-18,Shift 1,HF-002,RS-HF-002,FR-012-PET-400,1,COR-001,5274,L,200,0,1,0,1,Approved,Approved,Approved - First Pass,2026-08-19 11:30:26.412,—,Beatriz Costa
LOTE-SK-M-SOP-029-3638,LOTE-M-SOP-029-3638,WO-4011,WO-14147,2026-08-19,shift 1,HF-001,RS-HF-001,FR-029-MDPE-5000,1,COR-001,1170,L,200,1,2,0,3,Rejected,Rejected,Rejected - Scrapped,2026-08-20 00:00:52.335,Foil Adhesion:1(Re=1),Carlos Mendes
LOTE-SK-M-SOP-004-3639,LOTE-M-SOP-004-3639,WO-4014,WO-14150,2026-08-22,Shift 2,HF-002,RS-HF-002,FR-004-rPET-330,1,COR-006,18730,M,315,0,1,0,1,Approved,Approved,Approved - First Pass,2026-08-24 04:59:24.323,—,Ana Silva
LOTE-SK-M-SOP-012-3640,LOTE-M-SOP-012-3640,WO-4015,WO-14151,2026-08-23,Shift 3,HF-002,RS-HF-002,FR-012-PET-400,1,COR-001,2358,L,200,1,0,0,1,Rejected,Rejected,Rejected - Scrapped,2026-08-23 16:41:39.191,Foil Transfer:1(Re=1),Beatriz Costa
LOTE-SK-M-SOP-026-3641,LOTE-M-SOP-026-3641,WO-4017,WO-14153,2026-08-24,Shift 1,HF-001,RS-HF-001,FR-026-HDPE-4000,1,COR-001,4306,L,200,0,3,0,3,Approved,Approved,Approved - First Pass,2026-08-24 19:20:21.280,—,Diogo Ferreira
LOTE-SK-M-SOP-004-3642,LOTE-M-SOP-004-3642,WO-4018,WO-14154,2026-08-24,Shift 1,HF-001,RS-HF-001,FR-004-rPET-330,1,COR-008,4806,L,200,0,0,0,0,Approved,Approved,Approved - First Pass,2026-08-25 15:21:48.648,—,Diogo Ferreira
LOTE-SK-M-SOP-029-3643,LOTE-M-SOP-029-3643,WO-4019,WO-14155,2026-08-25,shift 2,HF-002,RS-HF-002,FR-029-MDPE-5000,1,COR-005,455,L,200,0,2,0,2,Approved,Approved,Approved - First Pass,2026-08-26 03:02:22.171,—,Beatriz Costa
LOTE-SK-M-SOP-012-3644,LOTE-M-SOP-012-3644,WO-4022,WO-14158,2026-08-27,Shift 3,HF-001,RS-HF-001,FR-012-PET-400,1,COR-003,19881,M,315,0,7,0,7,Approved,Approved,Approved - First Pass,2026-08-29 00:27:35.395,—,Diogo Ferreira
LOTE-SK-M-SOP-029-3645,LOTE-M-SOP-029-3645,WO-4023,WO-14159,2026-08-28,Shift 2,HF-002,RS-HF-002,FR-029-MDPE-5000,1,COR-004,301,L,200,0,0,0,0,Approved,Approved,Approved - First Pass,2026-08-29 12:33:43.841,—,Elena Santos
LOTE-SK-M-SOP-004-3646,LOTE-M-SOP-004-3646,WO-4024,WO-14160,2026-08-29,Shift 1,HF-002,RS-HF-002,FR-004-rPET-330,1,COR-007,9253,L,200,0,1,0,1,Approved,Approved,Approved - First Pass,2026-08-31 04:27:07.845,—,Ana Silva
LOTE-SK-M-SOP-012-3647,LOTE-M-SOP-012-3647,WO-4026,WO-14162,2026-08-31,Shift 1,HF-002,RS-HF-002,FR-012-PET-400,1,COR-005,10176,M,315,0,0,0,0,Approved,Approved,Approved - First Pass,2026-09-01 16:44:33.471,—,Ana Silva
LOTE-SK-M-SOP-004-3648,LOTE-M-SOP-004-3648,WO-4029,WO-14165,2026-09-02,Shift 2,HF-001,RS-HF-001,FR-004-rPET-330,1,COR-001,25080,M,315,0,7,0,7,Approved,Approved,Approved - First Pass,2026-09-04 00:08:29.683,—,Diogo Ferreira
LOTE-SK-M-SOP-026-3649,LOTE-M-SOP-026-3649,WO-4030,WO-14166,2026-09-03,Shift 1,HF-002,RS-HF-002,FR-026-HDPE-4000,1,COR-002,1485,L,200,0,0,0,0,Approved,Approved,Approved - First Pass,2026-09-04 06:40:59.494,—,Elena Santos
LOTE-SK-M-SOP-026-3650,LOTE-M-SOP-026-3650,WO-4033,WO-14169,2026-09-05,Shift 1,HF-001,RS-HF-001,FR-026-HDPE-4000,1,COR-005,4491,L,200,0,3,0,3,Approved,Approved,Approved - First Pass,2026-09-05 20:45:45.519,—,Carlos Mendes
LOTE-SK-M-SOP-004-3651,LOTE-M-SOP-004-3651,WO-4034,WO-14170,2026-09-05,Shift 1,HF-002,RS-HF-002,FR-004-rPET-330,1,COR-007,2357,L,200,0,0,0,0,Approved,Approved,Approved - First Pass,2026-09-06 05:17:26.294,—,Beatriz Costa
LOTE-SK-M-SOP-029-3652,LOTE-M-SOP-029-3652,WO-4036,WO-14172,2026-09-07,Shift 3,HF-001,RS-HF-001,FR-029-MDPE-5000,1,COR-001,1534,L,200,0,6,0,6,Approved,Approved,Approved - First Pass,2026-09-07 14:40:02.017,—,Diogo Ferreira
LOTE-SK-M-SOP-012-3653,LOTE-M-SOP-012-3653,WO-4040,WO-14176,2026-09-09,Shift 1,HF-002,RS-HF-002,FR-012-PET-400,1,COR-001,24381,M,315,0,1,0,1,Approved,Approved,Approved - First Pass,2026-09-10 18:11:58.030,—,Ana Silva
LOTE-SK-M-SOP-004-3654,LOTE-M-SOP-004-3654,WO-4043,WO-14179,2026-09-11,Shift 3,HF-002,RS-HF-002,FR-004-rPET-330,1,COR-006,19054,M,315,0,5,0,5,Approved,Approved,Approved - First Pass,2026-09-12 15:35:14.265,—,Diogo Ferreira
LOTE-SK-M-SOP-026-3655,LOTE-M-SOP-026-3655,WO-4046,WO-14182,2026-09-13,Shift 2,HF-002,RS-HF-002,FR-026-HDPE-4000,1,COR-004,4896,L,200,1,4,0,5,Rejected,Rejected,Rejected - Scrapped,2026-09-14 18:18:21.148,Foil Adhesion:1(Re=1),Ana Silva
LOTE-SK-M-SOP-004-3656,LOTE-M-SOP-004-3656,WO-4047,WO-14183,2026-09-14,Shift 2,HF-001,RS-HF-001,FR-004-rPET-330,1,COR-008,1802,L,200,0,0,0,0,Approved,Approved,Approved - First Pass,2026-09-15 19:53:49.919,—,Elena Santos
LOTE-SK-M-SOP-026-3657,LOTE-M-SOP-026-3657,WO-4049,WO-14185,2026-09-15,Shift 2,HF-001,RS-HF-001,FR-026-HDPE-4000,1,COR-005,5522,L,200,0,1,0,1,Approved,Approved,Approved - First Pass,2026-09-16 19:16:16.508,—,Ana Silva
LOTE-SK-M-SOP-026-3658,LOTE-M-SOP-026-3658,WO-4050,WO-14186,2026-09-16,Shift 1,HF-002,RS-HF-002,FR-026-HDPE-4000,1,COR-008,1891,L,200,0,3,0,3,Approved,Approved,Approved - First Pass,2026-09-16 17:31:44.861,—,Elena Santos
LOTE-SK-M-SOP-012-3659,LOTE-M-SOP-012-3659,WO-4051,WO-14187,2026-09-17,Shift 2,HF-001,RS-HF-001,FR-012-PET-400,1,COR-008,5400,L,200,0,0,0,0,Approved,Approved,Approved - First Pass,2026-09-18 16:11:06.694,—,Ana Silva
LOTE-SK-M-SOP-012-3660,LOTE-M-SOP-012-3660,WO-4052,WO-14188,2026-09-17,Shift 2,HF-001,RS-HF-001,FR-012-PET-400,1,COR-004,1418,L,200,0,6,0,6,Approved,Approved,Approved - First Pass,2026-09-19 00:10:20.950,—,Diogo Ferreira
LOTE-SK-M-SOP-029-3661,LOTE-M-SOP-029-3661,WO-4053,WO-14189,2026-09-18,Shift 1,HF-001,RS-HF-001,FR-029-MDPE-5000,1,COR-003,129,L,200,0,1,0,1,Approved,Approved,Approved - First Pass,2026-09-19 06:15:48.688,—,Beatriz Costa
LOTE-SK-M-SOP-026-3662,LOTE-M-SOP-026-3662,WO-4055,WO-14191,2026-09-20,Shift 1,HF-001,RS-HF-001,FR-026-HDPE-4000,1,COR-008,4078,L,200,0,3,0,3,Approved,Approved,Approved - First Pass,2026-09-21 11:02:33.797,—,Diogo Ferreira
LOTE-SK-M-SOP-029-3663,LOTE-M-SOP-029-3663,WO-4056,WO-14192,2026-09-21,Shift 2,HF-001,RS-HF-001,FR-029-MDPE-5000,1,COR-002,156,L,200,0,1,0,1,Approved,Approved,Approved - First Pass,2026-09-21 23:10:37.880,—,Elena Santos
LOTE-SK-M-SOP-004-3664,LOTE-M-SOP-004-3664,WO-4059,WO-14195,2026-09-22,Shift 2,HF-001,RS-HF-001,FR-004-rPET-330,1,COR-007,7998,L,200,0,4,0,4,Approved,Approved,Approved - First Pass,2026-09-23 06:21:19.398,—,Carlos Mendes
LOTE-SK-M-SOP-029-3665,LOTE-M-SOP-029-3665,WO-4060,WO-14196,2026-09-24,Shift 3,HF-002,RS-HF-002,FR-029-MDPE-5000,1,COR-007,535,L,200,0,0,0,0,Approved,Approved,Approved - First Pass,2026-09-24 21:00:11.580,—,Beatriz Costa
LOTE-SK-M-SOP-012-3666,LOTE-M-SOP-012-3666,WO-4061,WO-14197,2026-09-24,Shift 2,HF-001,RS-HF-001,FR-012-PET-400,1,COR-008,13477,M,315,0,3,0,3,Approved,Approved,Approved - First Pass,2026-09-26 09:06:27.954,—,Ana Silva
LOTE-SK-M-SOP-026-3667,LOTE-M-SOP-026-3667,WO-4064,WO-14200,2026-09-26,Shift 1,HF-001,RS-HF-001,FR-026-HDPE-4000,1,COR-007,2224,L,200,0,4,0,4,Approved,Approved,Approved - First Pass,2026-09-27 16:15:39.244,—,Carlos Mendes
LOTE-SK-M-SOP-004-3668,LOTE-M-SOP-004-3668,WO-4066,WO-14202,2026-09-28,  Shift 3  ,HF-002,RS-HF-002,FR-004-rPET-330,1,COR-007,8125,L,200,1,0,0,1,Rejected,Rejected,Rejected - Scrapped,2026-09-28 23:33:36.084,Foil Adhesion:1(Re=1),Carlos Mendes
LOTE-SK-M-SOP-029-3669,LOTE-M-SOP-029-3669,WO-4069,WO-14205,2026-09-29,Shift 2,HF-002,RS-HF-002,FR-029-MDPE-5000,1,COR-001,3462,L,200,0,5,0,5,Approved,Approved,Approved - First Pass,2026-09-30 11:36:45.697,—,Diogo Ferreira
LOTE-SK-M-SOP-004-3670,LOTE-M-SOP-004-3670,WO-4070,WO-14206,2026-10-01,Shift 3,HF-002,RS-HF-002,FR-004-rPET-330,1,COR-006,4907,L,200,0,0,0,0,Approved,Approved,Approved - First Pass,2026-10-01 16:01:55.681,—,Diogo Ferreira
LOTE-SK-M-SOP-029-3671,LOTE-M-SOP-029-3671,WO-4071,WO-14207,2026-10-01,Shift 2,HF-001,RS-HF-001,FR-029-MDPE-5000,1,COR-003,658,L,200,0,2,0,2,Approved,Approved,Approved - First Pass,2026-10-01 22:59:35.520,—,Beatriz Costa
LOTE-SK-M-SOP-004-3672,LOTE-M-SOP-004-3672,WO-4074,WO-14210,2026-10-03,Shift 2,HF-002,RS-HF-002,FR-004-rPET-330,1,COR-008,22428,M,315,0,2,0,2,Approved,Approved,Approved - First Pass,2026-10-04 23:12:09.619,—,Ana Silva
LOTE-SK-M-SOP-026-3673,LOTE-M-SOP-026-3673,WO-4075,WO-14211,2026-10-04,Shift 1,HF-002,RS-HF-002,FR-026-HDPE-4000,1,COR-005,1456,L,200,1,0,0,1,Rejected,Rejected,Rejected - Scrapped,2026-10-04 19:15:46.464,Foil Adhesion:1(Re=1),Beatriz Costa
LOTE-SK-M-SOP-029-3674,LOTE-M-SOP-029-3674,WO-4076,WO-14212,2026-10-05,Shift 3,HF-001,RS-HF-001,FR-029-MDPE-5000,1,COR-006,1064,L,200,0,0,0,0,Approved,Approved,Approved - First Pass,2026-10-05 09:37:28.309,—,Carlos Mendes
LOTE-SK-M-SOP-012-3675,LOTE-M-SOP-012-3675,WO-4079,WO-14215,2026-10-07,Shift 1,HF-001,RS-HF-001,FR-012-PET-400,1,COR-002,17694,M,315,1,4,0,5,Rejected,Rejected,Rejected - Scrapped,2026-10-08 08:11:14.014,Foil Adhesion:1(Re=1),Ana Silva
LOTE-SK-M-SOP-012-3676,LOTE-M-SOP-012-3676,WO-4081,WO-14217,2026-10-08,Shift 1,HF-002,RS-HF-002,FR-012-PET-400,1,COR-005,12267,M,315,0,0,0,0,Approved,Approved,Approved - First Pass,2026-10-09 03:13:30.843,—,Elena Santos
LOTE-SK-M-SOP-029-3677,LOTE-M-SOP-029-3677,WO-4082,WO-14218,2026-10-09,Shift 1,HF-002,RS-HF-002,FR-029-MDPE-5000,1,COR-008,736,L,200,0,1,0,1,Approved,Approved,Approved - First Pass,2026-10-09 11:02:29.977,—,Ana Silva
LOTE-SK-M-SOP-029-3678,LOTE-M-SOP-029-3678,WO-4083,WO-14219,2026-10-09,Shift 1,HF-001,RS-HF-001,FR-029-MDPE-5000,1,COR-001,375,L,200,0,1,0,1,Approved,Approved,Approved - First Pass,2026-10-10 02:22:34.425,—,Elena Santos
LOTE-SK-M-SOP-012-3679,LOTE-M-SOP-012-3679,WO-4084,WO-14220,2026-10-10,Shift 1,HF-002,RS-HF-002,FR-012-PET-400,1,COR-008,2895,L,200,0,1,0,1,Approved,Approved,Approved - First Pass,2026-10-11 09:52:25.266,—,Carlos Mendes
LOTE-SK-M-SOP-026-3680,LOTE-M-SOP-026-3680,WO-4087,WO-14223,2026-10-13,Shift 3,HF-001,RS-HF-001,FR-026-HDPE-4000,1,COR-005,3780,L,200,0,2,0,2,Approved,Approved,Approved - First Pass,2026-10-14 00:28:54.451,—,Carlos Mendes
LOTE-SK-M-SOP-026-3681,LOTE-M-SOP-026-3681,WO-4089,WO-14225,2026-10-14,  Shift 1  ,HF-001,RS-HF-001,FR-026-HDPE-4000,1,COR-008,4636,L,200,0,5,0,5,Approved,Approved,Approved - First Pass,2026-10-15 05:12:11.407,—,Ana Silva
LOTE-SK-M-SOP-012-3682,LOTE-M-SOP-012-3682,WO-4091,WO-14227,2026-10-15,Shift 3,HF-001,RS-HF-001,FR-012-PET-400,1,COR-007,2227,L,200,0,2,0,2,Approved,Approved,Approved - First Pass,2026-10-16 15:16:02.383,—,Diogo Ferreira
LOTE-SK-M-SOP-029-3683,LOTE-M-SOP-029-3683,WO-4095,WO-14231,2026-10-18,Shift 1,HF-001,RS-HF-001,FR-029-MDPE-5000,1,COR-001,2187,L,200,1,5,0,6,Rejected,Rejected,Rejected - Scrapped,2026-10-19 06:48:51.319,Foil Adhesion:1(Re=1),Ana Silva
LOTE-SK-M-SOP-012-3684,LOTE-M-SOP-012-3684,WO-4096,WO-14232,2026-10-19,Shift 3,HF-002,RS-HF-002,FR-012-PET-400,1,COR-003,5149,L,200,0,2,0,2,Approved,Approved,Approved - First Pass,2026-10-21 06:01:28.718,—,Elena Santos
LOTE-SK-M-SOP-026-3685,LOTE-M-SOP-026-3685,WO-4097,WO-14233,2026-10-20,Shift 3,HF-001,RS-HF-001,FR-026-HDPE-4000,1,COR-005,1508,L,200,0,0,0,0,Approved,Approved,Approved - First Pass,2026-10-20 19:06:31.201,—,Ana Silva
LOTE-SK-M-SOP-012-3686,LOTE-M-SOP-012-3686,WO-4099,WO-14235,2026-10-21,  Shift 2  ,HF-002,RS-HF-002,FR-012-PET-400,1,COR-003,18522,M,315,0,3,0,3,Approved,Approved,Approved - First Pass,2026-10-23 03:26:50.753,—,Carlos Mendes
LOTE-SK-M-SOP-029-3687,LOTE-M-SOP-029-3687,WO-4102,WO-14238,2026-10-22,Shift 2,HF-002,RS-HF-002,FR-029-MDPE-5000,1,COR-002,841,L,200,1,3,0,4,Rejected,Rejected,Rejected - Scrapped,2026-10-23 17:33:17.956,Foil Transfer:1(Re=1),Carlos Mendes
LOTE-SK-M-SOP-029-3688,LOTE-M-SOP-029-3688,WO-4103,WO-14239,2026-10-23,Shift 3,HF-001,RS-HF-001,FR-029-MDPE-5000,1,COR-005,151,L,200,0,0,0,0,Approved,Approved,Approved - First Pass,2026-10-24 07:40:30.409,—,Diogo Ferreira
LOTE-SK-M-SOP-026-3689,LOTE-M-SOP-026-3689,WO-4104,WO-14240,2026-10-25,Shift 3,HF-002,RS-HF-002,FR-026-HDPE-4000,1,COR-002,3621,L,200,0,0,0,0,Approved,Approved,Approved - First Pass,2026-10-26 01:23:42.864,—,Carlos Mendes
LOTE-SK-M-SOP-029-3690,LOTE-M-SOP-029-3690,WO-4105,WO-14241,2026-10-25,Shift 3,HF-001,RS-HF-001,FR-029-MDPE-5000,1,COR-006,670,L,200,0,1,0,1,Approved,Approved,Approved - First Pass,2026-10-26 01:59:28.246,—,Carlos Mendes
LOTE-SK-M-SOP-012-3691,LOTE-M-SOP-012-3691,WO-4106,WO-14242,2026-10-26,Shift 3,HF-002,RS-HF-002,FR-012-PET-400,1,COR-002,3614,L,200,0,0,0,0,Approved,Approved,Approved - First Pass,2026-10-26 13:39:48.622,—,Elena Santos
LOTE-SK-M-SOP-029-3692,LOTE-M-SOP-029-3692,WO-4107,WO-14243,2026-10-26,Shift 2,HF-002,RS-HF-002,FR-029-MDPE-5000,1,COR-003,511,L,200,0,0,0,0,Approved,Approved,Approved - First Pass,2026-10-26 23:45:00.253,—,Elena Santos
LOTE-SK-M-SOP-026-3693,LOTE-M-SOP-026-3693,WO-4108,WO-14244,2026-10-27,Shift 1,HF-001,RS-HF-001,FR-026-HDPE-4000,1,COR-007,646,L,200,1,2,0,3,Rejected,Rejected,Rejected - Scrapped,2026-10-27 19:33:30.118,Foil Adhesion:1(Re=1),Diogo Ferreira
LOTE-SK-M-SOP-029-3694,LOTE-M-SOP-029-3694,WO-4110,WO-14246,2026-10-28,Shift 2,HF-002,RS-HF-002,FR-029-MDPE-5000,1,COR-001,775,L,200,0,1,0,1,Approved,Approved,Approved - First Pass,2026-10-28 21:37:24.322,—,Diogo Ferreira
LOTE-SK-M-SOP-012-3695,LOTE-M-SOP-012-3695,WO-4112,WO-14248,2026-10-30,Shift 3,HF-002,RS-HF-002,FR-012-PET-400,1,COR-002,17756,M,315,0,3,0,3,Approved,Approved,Approved - First Pass,2026-10-31 09:47:42.020,—,Diogo Ferreira
LOTE-SK-M-SOP-012-3696,LOTE-M-SOP-012-3696,WO-4113,WO-14249,2026-10-30,Shift 2,HF-001,RS-HF-001,FR-012-PET-400,1,COR-001,6708,L,200,0,1,0,1,Approved,Approved,Approved - First Pass,2026-11-01 04:26:05.298,—,Carlos Mendes
LOTE-SK-M-SOP-012-3697,LOTE-M-SOP-012-3697,WO-4114,WO-14250,2026-11-01,Shift 3,HF-002,RS-HF-002,FR-012-PET-400,1,COR-002,1593,L,200,0,0,0,0,Approved,Approved,Approved - First Pass,2026-11-02 03:02:52.351,—,Elena Santos
LOTE-SK-M-SOP-012-3698,LOTE-M-SOP-012-3698,WO-4115,WO-14251,2026-11-01,Shift 2,HF-001,RS-HF-001,FR-012-PET-400,1,COR-002,14041,M,315,0,4,0,4,Approved,Approved,Approved - First Pass,2026-11-02 23:30:38.738,—,Ana Silva
LOTE-SK-M-SOP-029-3699,LOTE-M-SOP-029-3699,WO-4119,WO-14255,2026-11-04,Shift 2,HF-002,RS-HF-002,FR-029-MDPE-5000,1,COR-002,2737,L,200,1,5,0,6,Rejected,Rejected,Rejected - Scrapped,2026-11-05 14:31:43.403,Foil Adhesion:1(Re=1),Carlos Mendes
LOTE-SK-M-SOP-026-3700,LOTE-M-SOP-026-3700,WO-4121,WO-14257,2026-11-05,Shift 3,HF-001,RS-HF-001,FR-026-HDPE-4000,1,COR-001,3700,L,200,0,2,0,2,Approved,Approved,Approved - First Pass,2026-11-06 13:39:11.835,—,Elena Santos
LOTE-SK-M-SOP-004-3701,LOTE-M-SOP-004-3701,WO-4124,WO-14260,2026-11-08,Shift 3,HF-002,RS-HF-002,FR-004-rPET-330,1,COR-006,22665,M,315,0,3,0,3,Approved,Approved,Approved - First Pass,2026-11-08 19:36:04.977,—,Diogo Ferreira
LOTE-SK-M-SOP-026-3702,LOTE-M-SOP-026-3702,WO-4125,WO-14261,2026-11-09,Shift 1,HF-001,RS-HF-001,FR-026-HDPE-4000,1,COR-006,2007,L,200,0,0,0,0,Approved,Approved,Approved - First Pass,2026-11-10 03:40:26.002,—,Beatriz Costa
LOTE-SK-M-SOP-026-3703,LOTE-M-SOP-026-3703,WO-4126,WO-14262,2026-11-09,Shift 2,HF-001,RS-HF-001,FR-026-HDPE-4000,1,COR-001,3887,L,200,0,4,0,4,Approved,Approved,Approved - First Pass,2026-11-10 12:15:15.498,—,Ana Silva
LOTE-SK-M-SOP-012-3704,LOTE-M-SOP-012-3704,WO-4129,WO-14265,2026-11-11,Shift 3,HF-001,RS-HF-001,FR-012-PET-400,1,COR-008,10983,M,315,0,0,0,0,Approved,Approved,Approved - First Pass,2026-11-13 07:12:15.630,—,Beatriz Costa
LOTE-SK-M-SOP-012-3705,LOTE-M-SOP-012-3705,WO-4132,WO-14268,2026-11-14,SHIFT 2,HF-001,RS-HF-001,FR-012-PET-400,1,COR-005,16682,M,315,0,8,0,8,Approved,Approved,Approved - First Pass,2026-11-15 16:48:51.742,—,Elena Santos
LOTE-SK-M-SOP-029-3706,LOTE-M-SOP-029-3706,WO-4135,WO-14271,2026-11-15,SHIFT 2,HF-001,RS-HF-001,FR-029-MDPE-5000,1,COR-008,1874,L,200,0,7,0,7,Approved,Approved,Approved - First Pass,2026-11-16 03:37:43.070,—,Beatriz Costa
LOTE-SK-M-SOP-004-3707,LOTE-M-SOP-004-3707,WO-4137,WO-14273,2026-11-17,SHIFT 2,HF-001,RS-HF-001,FR-004-rPET-330,1,COR-004,13107,M,315,0,4,0,4,Approved,Approved,Approved - First Pass,2026-11-18 17:17:53.079,—,Beatriz Costa
LOTE-SK-M-SOP-012-3708,LOTE-M-SOP-012-3708,WO-4139,WO-14275,2026-11-18,Shift 2,HF-001,RS-HF-001,FR-012-PET-400,1,COR-007,8308,L,200,0,2,0,2,Approved,Approved,Approved - First Pass,2026-11-19 15:04:58.006,—,Diogo Ferreira
LOTE-SK-M-SOP-026-3709,LOTE-M-SOP-026-3709,WO-4141,WO-14277,2026-11-19,Shift 1,HF-002,RS-HF-002,FR-026-HDPE-4000,1,COR-008,1215,L,200,0,3,0,3,Approved,Approved,Approved - First Pass,2026-11-19 20:57:12.071,—,Elena Santos
LOTE-SK-M-SOP-012-3710,LOTE-M-SOP-012-3710,WO-4144,WO-14280,2026-11-21,Shift 2,HF-002,RS-HF-002,FR-012-PET-400,1,COR-006,24122,M,315,0,5,0,5,Approved,Approved,Approved - First Pass,2026-11-22 18:15:00.204,—,Carlos Mendes
LOTE-SK-M-SOP-026-3711,LOTE-M-SOP-026-3711,WO-4147,WO-14283,2026-11-24,Shift 2,HF-001,RS-HF-001,FR-026-HDPE-4000,1,COR-001,3359,L,200,0,5,0,5,Approved,Approved,Approved - First Pass,2026-11-25 12:37:05.950,—,Elena Santos
LOTE-SK-M-SOP-029-3712,LOTE-M-SOP-029-3712,WO-4148,WO-14284,2026-11-25,SHIFT 3,HF-002,RS-HF-002,FR-029-MDPE-5000,1,COR-003,818,L,200,0,0,0,0,Approved,Approved,Approved - First Pass,2026-11-25 13:39:17.866,—,Diogo Ferreira
LOTE-SK-M-SOP-004-3713,LOTE-M-SOP-004-3713,WO-4149,WO-14285,2026-11-25,Shift 2,HF-002,RS-HF-002,FR-004-rPET-330,1,COR-005,3285,L,200,0,2,0,2,Approved,Approved,Approved - First Pass,2026-11-26 21:57:07.042,—,Ana Silva
LOTE-SK-M-SOP-004-3714,LOTE-M-SOP-004-3714,WO-4150,WO-14286,2026-11-26,Shift 2,HF-001,RS-HF-001,FR-004-rPET-330,1,COR-003,3478,L,200,0,3,0,3,Approved,Approved,Approved - First Pass,2026-11-27 14:20:39.878,—,Diogo Ferreira
LOTE-SK-M-SOP-029-3715,LOTE-M-SOP-029-3715,WO-4151,WO-14287,2026-11-27,Shift 3,HF-001,RS-HF-001,FR-029-MDPE-5000,1,COR-003,540,L,200,0,2,0,2,Approved,Approved,Approved - First Pass,2026-11-27 08:39:25.994,—,Ana Silva
LOTE-SK-M-SOP-004-3716,LOTE-M-SOP-004-3716,WO-4154,WO-14290,2026-11-29,Shift 2,HF-001,RS-HF-001,FR-004-rPET-330,1,COR-008,14045,M,315,0,2,0,2,Approved,Approved,Approved - First Pass,2026-12-01 02:59:14.050,—,Carlos Mendes
LOTE-SK-M-SOP-029-3717,LOTE-M-SOP-029-3717,WO-4155,WO-14291,2026-11-30,SHIFT 2,HF-001,RS-HF-001,FR-029-MDPE-5000,1,COR-002,990,L,200,0,1,0,1,Approved,Approved,Approved - First Pass,2026-12-01 07:00:01.658,—,Elena Santos
LOTE-SK-M-SOP-026-3718,LOTE-M-SOP-026-3718,WO-4158,WO-14294,2026-12-02,Shift 2,HF-002,RS-HF-002,FR-026-HDPE-4000,1,COR-004,6083,L,200,0,7,0,7,Approved,Approved,Approved - First Pass,2026-12-03 11:43:33.434,—,Beatriz Costa
LOTE-SK-M-SOP-004-3719,LOTE-M-SOP-004-3719,WO-4159,WO-14295,2026-12-03,Shift 2,HF-001,RS-HF-001,FR-004-rPET-330,1,COR-003,3823,L,200,0,0,0,0,Approved,Approved,Approved - First Pass,2026-12-04 20:20:00.253,—,Elena Santos
LOTE-SK-M-SOP-012-3720,LOTE-M-SOP-012-3720,WO-4162,WO-14298,2026-12-06,Shift 3,HF-002,RS-HF-002,FR-012-PET-400,1,COR-004,11123,M,315,1,4,0,5,Rejected,Approved,Approved - Released on Deviation,2026-12-06 21:12:19.918,—,Elena Santos
LOTE-SK-M-SOP-026-3721,LOTE-M-SOP-026-3721,WO-4165,WO-14301,2026-12-07,Shift 2,HF-001,RS-HF-001,FR-026-HDPE-4000,1,COR-004,5410,L,200,2,9,0,11,Rejected,Rejected,Rejected - Scrapped,2026-12-08 10:13:46.587,Foil Transfer:1(Re=1),Diogo Ferreira
LOTE-SK-M-SOP-026-3722,LOTE-M-SOP-026-3722,WO-4168,WO-14304,2026-12-09,Shift 2,HF-002,RS-HF-002,FR-026-HDPE-4000,1,COR-001,7545,L,200,1,5,0,6,Rejected,Rejected,Rejected - Scrapped,2026-12-10 13:48:17.463,Foil Adhesion:1(Re=1),Diogo Ferreira
LOTE-SK-M-SOP-004-3723,LOTE-M-SOP-004-3723,WO-4170,WO-14306,2026-12-11,Shift 3,HF-002,RS-HF-002,FR-004-rPET-330,1,COR-002,14582,M,315,0,5,0,5,Approved,Approved,Approved - First Pass,2026-12-11 23:38:18.093,—,Diogo Ferreira
LOTE-SK-M-SOP-004-3724,LOTE-M-SOP-004-3724,WO-4173,WO-14309,2026-12-13,Shift 1,HF-002,RS-HF-002,FR-004-rPET-330,1,COR-008,18329,M,315,0,5,0,5,Approved,Approved,Approved - First Pass,2026-12-14 11:25:47.319,—,Carlos Mendes
LOTE-SK-M-SOP-026-3725,LOTE-M-SOP-026-3725,WO-4174,WO-14310,2026-12-13,Shift 2,HF-002,RS-HF-002,FR-026-HDPE-4000,1,COR-007,1169,L,200,0,3,0,3,Approved,Approved,Approved - First Pass,2026-12-14 12:49:19.878,—,Elena Santos
LOTE-SK-M-SOP-004-3726,LOTE-M-SOP-004-3726,WO-4176,WO-14312,2026-12-15,Shift 3,HF-001,RS-HF-001,FR-004-rPET-330,1,COR-003,5918,L,200,0,1,0,1,Approved,Approved,Approved - First Pass,2026-12-15 17:59:22.027,—,Ana Silva
LOTE-SK-M-SOP-029-3727,LOTE-M-SOP-029-3727,WO-4178,WO-14314,2026-12-16,Shift 1,HF-001,RS-HF-001,FR-029-MDPE-5000,1,COR-007,1311,L,200,0,2,0,2,Approved,Approved,Approved - First Pass,2026-12-16 11:11:50.067,—,Ana Silva
LOTE-SK-M-SOP-026-3728,LOTE-M-SOP-026-3728,WO-4179,WO-14315,2026-12-17,Shift 2,HF-001,RS-HF-001,FR-026-HDPE-4000,1,COR-003,2192,L,200,0,4,0,4,Approved,Approved,Approved - First Pass,2026-12-18 11:34:34.742,—,Beatriz Costa
LOTE-SK-M-SOP-012-3729,LOTE-M-SOP-012-3729,WO-4181,WO-14317,2026-12-19,Shift 1,HF-001,RS-HF-001,FR-012-PET-400,1,COR-006,17545,M,315,0,3,0,3,Approved,Approved,Approved - First Pass,2026-12-20 13:45:24.462,—,Elena Santos
LOTE-SK-M-SOP-029-3730,LOTE-M-SOP-029-3730,WO-4183,WO-14319,2026-12-20,Shift 3,HF-002,RS-HF-002,FR-029-MDPE-5000,1,COR-002,1495,L,200,0,0,0,0,Approved,Approved,Approved - First Pass,2026-12-20 21:31:49.647,—,Elena Santos
LOTE-SK-M-SOP-004-3731,LOTE-M-SOP-004-3731,WO-4185,WO-14321,2026-12-21,Shift 2,HF-001,RS-HF-001,FR-004-rPET-330,1,COR-008,15567,M,315,0,1,0,1,Approved,Approved,Approved - First Pass,2026-12-22 18:34:53.147,—,Ana Silva
LOTE-SK-M-SOP-004-3732,LOTE-M-SOP-004-3732,WO-4186,WO-14322,2026-12-22,Shift 2,HF-002,RS-HF-002,FR-004-rPET-330,1,COR-003,5961,L,200,0,0,0,0,Approved,Approved,Approved - First Pass,2026-12-24 04:44:17.291,—,Carlos Mendes
LOTE-SK-M-SOP-026-3733,LOTE-M-SOP-026-3733,WO-4188,WO-14324,2026-12-23,Shift 2,HF-001,RS-HF-001,FR-026-HDPE-4000,1,COR-005,543,L,200,0,2,0,2,Approved,Approved,Approved - First Pass,2026-12-24 06:46:10.858,—,Diogo Ferreira
LOTE-SK-M-SOP-004-3734,LOTE-M-SOP-004-3734,WO-4190,WO-14326,2026-12-24,Shift 2,HF-002,RS-HF-002,FR-004-rPET-330,1,COR-004,4961,L,200,0,4,0,4,Approved,Approved,Approved - First Pass,2026-12-25 17:40:42.747,—,Elena Santos
LOTE-SK-M-SOP-012-3735,LOTE-M-SOP-012-3735,WO-4193,WO-14329,2026-12-26,Shift 2,HF-002,RS-HF-002,FR-012-PET-400,1,COR-003,21085,M,315,1,1,0,2,Rejected,Rejected,Rejected - Scrapped,2026-12-27 21:20:09.293,Foil Transfer:1(Re=1),Diogo Ferreira
LOTE-SK-M-SOP-026-3736,LOTE-M-SOP-026-3736,WO-4194,WO-14330,2026-12-27,shift 2,HF-001,RS-HF-001,FR-026-HDPE-4000,1,COR-004,2061,L,200,0,0,0,0,Approved,Approved,Approved - First Pass,2026-12-28 19:58:58.922,—,Ana Silva
LOTE-SK-M-SOP-026-3737,LOTE-M-SOP-026-3737,WO-4197,WO-14333,2026-12-29,Shift 1,HF-001,RS-HF-001,FR-026-HDPE-4000,1,COR-003,6755,L,200,1,3,0,4,Rejected,Rejected,Rejected - Scrapped,2026-12-30 02:20:47.910,Foil Adhesion:1(Re=1),Diogo Ferreira
LOTE-SK-M-SOP-026-3738,LOTE-M-SOP-026-3738,WO-4200,WO-14336,2026-12-30,Shift 3,HF-001,RS-HF-001,FR-026-HDPE-4000,1,COR-001,5242,L,200,1,3,0,4,Rejected,Rejected,Rejected - Scrapped,2027-01-01 01:42:32.402,Foil Transfer:1(Re=1),Carlos Mendes
LOTE-SK-M-SOP-010-3740,LOTE-M-SOP-010-3740,WO-4202,WO-14337,2025-07-02,Shift 3,HF-002,RS-HF-002,FR-010-PET-400,1,COR-001,4694,L,200,0,0,0,0,Approved,Approved,Approved - First Pass,2025-07-02 19:52:39.249,—,Carlos Mendes
LOTE-SK-M-SOP-013-3742,LOTE-M-SOP-013-3742,WO-4206,WO-14339,2025-07-05,Shift 1,HF-001,RS-HF-001,FR-013-LDPE-500,1,COR-008,10593,M,315,0,0,0,0,Approved,Approved,Approved - First Pass,2025-07-06 13:05:15.165,—,Elena Santos
LOTE-SK-M-SOP-010-3746,LOTE-M-SOP-010-3746,WO-4213,WO-14346,2025-07-10,Shift 3,HF-002,RS-HF-002,FR-010-PET-400,1,COR-006,5823,L,200,0,0,0,0,Approved,Approved,Approved - First Pass,2025-07-11 10:12:54.662,—,Diogo Ferreira
LOTE-SK-M-SOP-010-3747,LOTE-M-SOP-010-3747,WO-4214,WO-14347,2025-07-11,Shift 3,HF-001,RS-HF-001,FR-010-PET-400,1,COR-001,4317,L,200,0,1,0,1,Approved,Approved,Approved - First Pass,2025-07-11 23:13:32.866,—,Carlos Mendes
LOTE-SK-M-SOP-010-3750,LOTE-M-SOP-010-3750,WO-4220,WO-14349,2025-07-16,Shift 1,HF-001,RS-HF-001,FR-010-PET-400,1,COR-003,21666,M,315,1,3,0,4,Rejected,Approved,Approved - Released on Deviation,2025-07-17 18:07:10.313,—,Ana Silva
LOTE-SK-M-SOP-010-3763,LOTE-M-SOP-010-3763,WO-4243,WO-14364,2025-08-01,Shift 1,HF-001,RS-HF-001,FR-010-PET-400,1,COR-008,10732,M,315,0,2,0,2,Approved,Approved,Approved - First Pass,2025-08-02 03:17:48.484,—,Elena Santos
LOTE-SK-M-SOP-010-3764,LOTE-M-SOP-010-3764,WO-4244,WO-14365,2025-08-02,  Shift 2  ,HF-001,RS-HF-001,FR-010-PET-400,1,COR-007,4079,L,200,0,0,0,0,Approved,Approved,Approved - First Pass,2025-08-03 20:08:12.923,—,Carlos Mendes
LOTE-SK-M-SOP-010-3765,LOTE-M-SOP-010-3765,WO-4245,WO-14366,2025-08-03,Shift 2,HF-001,RS-HF-001,FR-010-PET-400,1,COR-002,5285,L,200,0,2,0,2,Approved,Approved,Approved - First Pass,2025-08-04 12:52:40.490,—,Ana Silva
LOTE-SK-M-SOP-010-3766,LOTE-M-SOP-010-3766,WO-4246,WO-14367,2025-08-03,Shift 2,HF-002,RS-HF-002,FR-010-PET-400,1,COR-002,4427,L,200,0,0,0,0,Approved,Approved,Approved - First Pass,2025-08-04 10:10:15.889,—,Beatriz Costa
LOTE-SK-M-SOP-013-3767,LOTE-M-SOP-013-3767,WO-4248,WO-14369,2025-08-05,Shift 1,HF-001,RS-HF-001,FR-013-LDPE-500,1,COR-007,11645,M,315,0,3,0,3,Approved,Approved,Approved - First Pass,2025-08-06 08:26:19.251,—,Ana Silva
LOTE-SK-M-SOP-013-3769,LOTE-M-SOP-013-3769,WO-4252,WO-14371,2025-08-08,Shift 1,HF-001,RS-HF-001,FR-013-LDPE-500,1,COR-002,9975,L,200,0,1,0,1,Approved,Approved,Approved - First Pass,2025-08-09 16:15:27.886,—,Carlos Mendes
LOTE-SK-M-SOP-010-3770,LOTE-M-SOP-010-3770,WO-4255,WO-14374,2025-08-11,Shift 3,HF-002,RS-HF-002,FR-010-PET-400,1,COR-003,21096,M,315,0,2,0,2,Approved,Approved,Approved - First Pass,2025-08-12 03:10:55.856,—,Ana Silva
LOTE-SK-M-SOP-010-3772,LOTE-M-SOP-010-3772,WO-4260,WO-14379,2025-08-14,Shift 3,HF-002,RS-HF-002,FR-010-PET-400,1,COR-004,13106,M,315,0,4,0,4,Approved,Approved,Approved - First Pass,2025-08-16 01:52:26.084,—,Ana Silva
LOTE-SK-M-SOP-013-3773,LOTE-M-SOP-013-3773,WO-4261,WO-14380,2025-08-15,Shift 2,HF-002,RS-HF-002,FR-013-MDPE-500,1,COR-003,5630,L,200,0,0,0,0,Approved,Approved,Approved - First Pass,2025-08-16 11:37:25.366,—,Ana Silva
LOTE-SK-M-SOP-010-3779,LOTE-M-SOP-010-3779,WO-4270,WO-14382,2025-08-21,Shift 2,HF-001,RS-HF-001,FR-010-PET-400,1,COR-008,5830,L,200,0,1,0,1,Approved,Approved,Approved - First Pass,2025-08-22 11:46:23.251,—,Elena Santos
LOTE-SK-M-SOP-010-3785,LOTE-M-SOP-010-3785,WO-4281,WO-14387,2025-08-30,Shift 3,HF-002,RS-HF-002,FR-010-PET-400,1,COR-005,5996,L,200,0,0,0,0,Approved,Approved,Approved - First Pass,2025-08-31 00:28:46.420,—,Diogo Ferreira
LOTE-SK-M-SOP-010-3793,LOTE-M-SOP-010-3793,WO-4293,WO-14397,2025-09-07,Shift 2,HF-001,RS-HF-001,FR-010-PET-400,1,COR-005,12131,M,315,1,1,0,2,Rejected,Rejected,Rejected - Scrapped,2025-09-08 11:31:03.463,Foil Transfer:1(Re=1),Ana Silva
LOTE-SK-M-SOP-010-3798,LOTE-M-SOP-010-3798,WO-4300,WO-14402,2025-09-13,Shift 2,HF-002,RS-HF-002,FR-010-PET-400,1,COR-008,9743,L,200,0,1,0,1,Approved,Approved,Approved - First Pass,2025-09-14 17:19:55.842,—,Carlos Mendes
LOTE-SK-M-SOP-010-3816,LOTE-M-SOP-010-3816,WO-4337,WO-14427,2025-10-08,SHIFT 2,HF-002,RS-HF-002,FR-010-PET-400,1,COR-005,8621,L,200,0,1,0,1,Approved,Approved,Approved - First Pass,2025-10-10 02:36:03.523,—,Carlos Mendes
LOTE-SK-M-SOP-010-3819,LOTE-M-SOP-010-3819,WO-4343,WO-14428,2025-10-12,Shift 3,HF-002,RS-HF-002,FR-010-PET-400,1,COR-006,8777,L,200,0,3,0,3,Approved,Approved,Approved - First Pass,2025-10-14 04:40:13.792,—,Carlos Mendes
LOTE-SK-M-SOP-010-3825,LOTE-M-SOP-010-3825,WO-4355,WO-14435,2025-10-22,Shift 2,HF-001,RS-HF-001,FR-010-PET-400,1,COR-001,9269,L,200,0,1,0,1,Approved,Approved,Approved - First Pass,2025-10-24 01:19:52.767,—,Diogo Ferreira
LOTE-SK-M-SOP-010-3826,LOTE-M-SOP-010-3826,WO-4356,WO-14436,2025-10-22,Shift 3,HF-001,RS-HF-001,FR-010-PET-400,1,COR-003,1007,L,200,0,0,0,0,Approved,Approved,Approved - First Pass,2025-10-23 13:41:03.802,—,Carlos Mendes
LOTE-SK-M-SOP-010-3829,LOTE-M-SOP-010-3829,WO-4360,WO-14439,2025-10-26,Shift 1,HF-001,RS-HF-001,FR-010-PET-400,1,COR-006,10079,M,315,0,2,0,2,Approved,Approved,Approved - First Pass,2025-10-27 19:58:14.279,—,Ana Silva
LOTE-SK-M-SOP-010-3830,LOTE-M-SOP-010-3830,WO-4361,WO-14440,2025-10-26,Shift 2,HF-002,RS-HF-002,FR-010-PET-400,1,COR-003,4023,L,200,0,3,0,3,Approved,Approved,Approved - First Pass,2025-10-27 14:59:19.273,—,Elena Santos
LOTE-SK-M-SOP-010-3844,LOTE-M-SOP-010-3844,WO-4386,WO-14454,2025-11-14,Shift 1,HF-001,RS-HF-001,FR-010-PET-400,1,COR-007,12588,M,315,1,2,0,3,Rejected,Approved,Approved - Reworked,2025-11-15 15:05:37.077,—,Elena Santos
LOTE-SK-M-SOP-010-3847,LOTE-M-SOP-010-3847,WO-4393,WO-14457,2025-11-18,Shift 3,HF-002,RS-HF-002,FR-010-PET-400,1,COR-004,16904,M,315,0,1,0,1,Approved,Approved,Approved - First Pass,2025-11-19 14:21:21.674,—,Carlos Mendes
LOTE-SK-M-SOP-013-3862,LOTE-M-SOP-013-3862,WO-4418,WO-14470,2025-12-07,Shift 3,HF-002,RS-HF-002,FR-013-MDPE-500,1,COR-001,12178,M,315,0,3,0,3,Approved,Approved,Approved - First Pass,2025-12-08 10:07:52.950,—,Diogo Ferreira
LOTE-SK-M-SOP-010-3863,LOTE-M-SOP-010-3863,WO-4419,WO-14471,2025-12-07,Shift 2,HF-002,RS-HF-002,FR-010-PET-400,1,COR-004,4236,L,200,0,2,0,2,Approved,Approved,Approved - First Pass,2025-12-08 18:42:57.323,—,Ana Silva
LOTE-SK-M-SOP-010-3866,LOTE-M-SOP-010-3866,WO-4423,WO-14475,2025-12-11,Shift 1,HF-001,RS-HF-001,FR-010-PET-400,1,COR-008,14784,M,315,0,3,0,3,Approved,Approved,Approved - First Pass,2025-12-13 02:29:16.689,—,Ana Silva
LOTE-SK-M-SOP-010-3867,LOTE-M-SOP-010-3867,WO-4426,WO-14478,2025-12-13,Shift 1,HF-002,RS-HF-002,FR-010-PET-400,1,COR-006,9701,L,200,0,4,0,4,Approved,Approved,Approved - First Pass,2025-12-14 08:15:53.073,—,Elena Santos
LOTE-SK-M-SOP-010-3872,LOTE-M-SOP-010-3872,WO-4433,WO-14483,2025-12-19,Shift 2,HF-002,RS-HF-002,FR-010-PET-400,1,COR-007,10208,M,315,0,2,0,2,Approved,Approved,Approved - First Pass,2025-12-20 22:02:21.717,—,Elena Santos
LOTE-SK-M-SOP-010-3875,LOTE-M-SOP-010-3875,WO-4438,WO-14486,2025-12-24,Shift 3,HF-002,RS-HF-002,FR-010-PET-400,1,COR-007,6572,L,200,0,1,0,1,Approved,Approved,Approved - First Pass,2025-12-25 11:09:11.812,—,Ana Silva
LOTE-SK-M-SOP-010-3883,LOTE-M-SOP-010-3883,WO-4451,WO-14491,2025-12-31,Shift 1,HF-001,RS-HF-001,FR-010-PET-400,1,COR-005,5475,L,200,0,0,0,0,Approved,Approved,Approved - First Pass,2026-01-01 06:45:06.624,—,Elena Santos
LOTE-SK-M-SOP-010-3885,LOTE-M-SOP-010-3885,WO-4454,WO-14493,2026-01-03,Shift 1,HF-001,RS-HF-001,FR-010-PET-400,1,COR-008,11872,M,315,0,5,0,5,Approved,Approved,Approved - First Pass,2026-01-04 10:20:26.448,—,Beatriz Costa
LOTE-SK-M-SOP-010-3891,LOTE-M-SOP-010-3891,WO-4465,WO-14497,2026-01-11,Shift 1,HF-002,RS-HF-002,FR-010-PET-400,1,COR-002,10729,M,315,0,3,0,3,Approved,Approved,Approved - First Pass,2026-01-12 19:25:33.389,—,Diogo Ferreira
LOTE-SK-M-SOP-010-3897,LOTE-M-SOP-010-3897,WO-4475,WO-14501,2026-01-19,Shift 2,HF-002,RS-HF-002,FR-010-PET-400,1,COR-004,14525,M,315,1,2,0,3,Rejected,Rejected,Rejected - Scrapped,2026-01-21 01:16:27.526,Foil Adhesion:1(Re=1),Carlos Mendes
LOTE-SK-M-SOP-013-3903,LOTE-M-SOP-013-3903,WO-4483,WO-14506,2026-01-25,Shift 3,HF-002,RS-HF-002,FR-013-LDPE-500,1,COR-003,8332,L,200,1,0,0,1,Rejected,Rejected,Rejected - Scrapped,2026-01-26 12:59:07.665,Foil Adhesion:1(Re=1),Diogo Ferreira
LOTE-SK-M-SOP-010-3913,LOTE-M-SOP-010-3913,WO-4507,WO-14517,2026-02-12,Shift 2,HF-002,RS-HF-002,FR-010-PET-400,1,COR-003,14066,M,315,0,1,0,1,Approved,Approved,Approved - First Pass,2026-02-13 20:18:34.323,—,Carlos Mendes
LOTE-SK-M-SOP-010-3915,LOTE-M-SOP-010-3915,WO-4511,WO-14520,2026-02-16,SHIFT 3,HF-002,RS-HF-002,FR-010-PET-400,1,COR-002,17146,M,315,0,2,0,2,Approved,Approved,Approved - First Pass,2026-02-17 12:02:04.370,—,Elena Santos
LOTE-SK-M-SOP-010-3916,LOTE-M-SOP-010-3916,WO-4513,WO-14522,2026-02-16,Shift 3,HF-001,RS-HF-001,FR-010-PET-400,1,COR-005,14419,M,315,0,3,0,3,Approved,Approved,Approved - First Pass,2026-02-17 23:19:38.577,—,Ana Silva
LOTE-SK-M-SOP-010-3918,LOTE-M-SOP-010-3918,WO-4516,WO-14525,2026-02-19,Shift 1,HF-001,RS-HF-001,FR-010-PET-400,1,COR-002,9503,L,200,0,3,0,3,Approved,Approved,Approved - First Pass,2026-02-20 10:08:41.404,—,Diogo Ferreira
LOTE-SK-M-SOP-010-3924,LOTE-M-SOP-010-3924,WO-4523,WO-14528,2026-02-23,Shift 2,HF-002,RS-HF-002,FR-010-PET-400,1,COR-005,8438,L,200,0,1,0,1,Approved,Approved,Approved - First Pass,2026-02-25 04:31:18.652,—,Carlos Mendes
LOTE-SK-M-SOP-010-3926,LOTE-M-SOP-010-3926,WO-4526,WO-14531,2026-02-26,Shift 2,HF-002,RS-HF-002,FR-010-PET-400,1,COR-001,12127,M,315,0,1,0,1,Approved,Approved,Approved - First Pass,2026-02-28 02:06:06.829,—,Diogo Ferreira
LOTE-SK-M-SOP-010-3928,LOTE-M-SOP-010-3928,WO-4528,WO-14532,2026-02-28,Shift 3,HF-002,RS-HF-002,FR-010-PET-400,1,COR-003,3738,L,200,0,1,0,1,Approved,Approved,Approved - First Pass,2026-02-28 15:35:13.057,—,Beatriz Costa
LOTE-SK-M-SOP-010-3929,LOTE-M-SOP-010-3929,WO-4529,WO-14533,2026-02-27,  Shift 3  ,HF-001,RS-HF-001,FR-010-PET-400,1,COR-005,927,L,200,0,2,0,2,Approved,Approved,Approved - First Pass,2026-02-28 20:14:21.907,—,Carlos Mendes
LOTE-SK-M-SOP-010-3931,LOTE-M-SOP-010-3931,WO-4532,WO-14534,2026-03-02,Shift 2,HF-001,RS-HF-001,FR-010-PET-400,1,COR-003,2706,L,200,0,3,0,3,Approved,Approved,Approved - First Pass,2026-03-04 05:56:30.988,—,Carlos Mendes
LOTE-SK-M-SOP-010-3933,LOTE-M-SOP-010-3933,WO-4534,WO-14535,2026-03-03,Shift 2,HF-001,RS-HF-001,FR-010-PET-400,1,COR-003,7489,L,200,0,3,0,3,Approved,Approved,Approved - First Pass,2026-03-05 09:21:15.812,—,Ana Silva
LOTE-SK-M-SOP-010-3935,LOTE-M-SOP-010-3935,WO-4537,WO-14538,2026-03-06,Shift 2,HF-001,RS-HF-001,FR-010-PET-400,1,COR-004,2765,L,200,0,1,0,1,Approved,Approved,Approved - First Pass,2026-03-07 20:52:07.562,—,Ana Silva
LOTE-SK-M-SOP-010-3939,LOTE-M-SOP-010-3939,WO-4546,WO-14544,2026-03-12,shift 2,HF-001,RS-HF-001,FR-010-PET-400,1,COR-003,9256,L,200,0,5,0,5,Approved,Approved,Approved - First Pass,2026-03-14 09:48:27.139,—,Ana Silva
LOTE-SK-M-SOP-013-3941,LOTE-M-SOP-013-3941,WO-4551,WO-14549,2026-03-17,Shift 3,HF-002,RS-HF-002,FR-013-LDPE-500,1,COR-006,16213,M,315,0,3,0,3,Approved,Approved,Approved - First Pass,2026-03-18 02:49:39.486,—,Ana Silva
LOTE-SK-M-SOP-013-3944,LOTE-M-SOP-013-3944,WO-4556,WO-14554,2026-03-19,Shift 2,HF-002,RS-HF-002,FR-013-MDPE-500,1,COR-005,12204,M,315,0,0,0,0,Approved,Approved,Approved - First Pass,2026-03-21 03:59:49.881,—,Elena Santos
LOTE-SK-M-SOP-010-3946,LOTE-M-SOP-010-3946,WO-4559,WO-14557,2026-03-22,Shift 3,HF-002,RS-HF-002,FR-010-PET-400,1,COR-004,5796,L,200,0,1,0,1,Approved,Approved,Approved - First Pass,2026-03-22 20:20:31.159,—,Beatriz Costa
LOTE-SK-M-SOP-010-3965,LOTE-M-SOP-010-3965,WO-4595,WO-14578,2026-04-15,Shift 3,HF-001,RS-HF-001,FR-010-PET-400,1,COR-001,17677,M,315,0,7,0,7,Approved,Approved,Approved - First Pass,2026-04-17 08:33:39.894,—,Diogo Ferreira
LOTE-SK-M-SOP-010-3967,LOTE-M-SOP-010-3967,WO-4598,WO-14580,2026-04-18,Shift 3,HF-001,RS-HF-001,FR-010-PET-400,1,COR-004,11267,M,315,0,0,0,0,Approved,Approved,Approved - First Pass,2026-04-19 07:09:32.314,—,Beatriz Costa
LOTE-SK-M-SOP-013-3970,LOTE-M-SOP-013-3970,WO-4604,WO-14586,2026-04-23,Shift 2,HF-002,RS-HF-002,FR-013-LDPE-500,1,COR-004,10888,M,315,0,5,0,5,Approved,Approved,Approved - First Pass,2026-04-24 02:31:25.501,—,Elena Santos
LOTE-SK-M-SOP-010-3971,LOTE-M-SOP-010-3971,WO-4605,WO-14587,2026-04-23,Shift 2,HF-002,RS-HF-002,FR-010-PET-400,1,COR-002,3538,L,200,0,1,0,1,Approved,Approved,Approved - First Pass,2026-04-24 08:11:19.456,—,Ana Silva
LOTE-SK-M-SOP-010-3975,LOTE-M-SOP-010-3975,WO-4613,WO-14592,2026-04-30,Shift 3,HF-001,RS-HF-001,FR-010-PET-400,1,COR-005,16703,M,315,0,2,0,2,Approved,Approved,Approved - First Pass,2026-04-30 22:14:25.621,—,Diogo Ferreira
LOTE-SK-M-SOP-013-3977,LOTE-M-SOP-013-3977,WO-4617,WO-14594,2026-05-03,Shift 3,HF-001,RS-HF-001,FR-013-MDPE-500,1,COR-004,7019,L,200,0,5,0,5,Approved,Approved,Approved - First Pass,2026-05-03 22:24:05.555,—,Elena Santos
LOTE-SK-M-SOP-010-3979,LOTE-M-SOP-010-3979,WO-4621,WO-14596,2026-05-05,Shift 1,HF-001,RS-HF-001,FR-010-PET-400,1,COR-001,11202,M,315,0,1,0,1,Approved,Approved,Approved - First Pass,2026-05-06 08:14:04.216,—,Elena Santos
LOTE-SK-M-SOP-010-3980,LOTE-M-SOP-010-3980,WO-4622,WO-14597,2026-05-06,Shift 3,HF-001,RS-HF-001,FR-010-PET-400,1,COR-002,5579,L,200,0,1,0,1,Approved,Approved,Approved - First Pass,2026-05-07 07:06:20.680,—,Diogo Ferreira
LOTE-SK-M-SOP-010-3986,LOTE-M-SOP-010-3986,WO-4634,WO-14601,2026-05-15,Shift 1,HF-001,RS-HF-001,FR-010-PET-400,1,COR-001,7120,L,200,0,0,0,0,Approved,Approved,Approved - First Pass,2026-05-16 16:26:26.841,—,Diogo Ferreira
LOTE-SK-M-SOP-013-3995,LOTE-M-SOP-013-3995,WO-4651,WO-14612,2026-05-26,Shift 2,HF-001,RS-HF-001,FR-013-MDPE-500,1,COR-002,12424,M,315,0,1,0,1,Approved,Approved,Approved - First Pass,2026-05-28 03:19:14.157,—,Diogo Ferreira
LOTE-SK-M-SOP-010-4000,LOTE-M-SOP-010-4000,WO-4658,WO-14618,2026-05-30,SHIFT 1,HF-002,RS-HF-002,FR-010-PET-400,1,COR-008,8226,L,200,0,1,0,1,Approved,Approved,Approved - First Pass,2026-05-31 16:13:47.616,—,Elena Santos
LOTE-SK-M-SOP-010-4002,LOTE-M-SOP-010-4002,WO-4660,WO-14620,2026-06-01,Shift 3,HF-001,RS-HF-001,FR-010-PET-400,1,COR-004,6356,L,200,0,0,0,0,Approved,Approved,Approved - First Pass,2026-06-02 06:44:46.838,—,Ana Silva
LOTE-SK-M-SOP-010-4013,LOTE-M-SOP-010-4013,WO-4678,WO-14631,2026-06-15,Shift 1,HF-001,RS-HF-001,FR-010-PET-400,1,COR-001,21228,M,315,0,2,0,2,Approved,Approved,Approved - First Pass,2026-06-16 04:50:54.220,—,Ana Silva
LOTE-SK-M-SOP-010-4018,LOTE-M-SOP-010-4018,WO-4689,WO-14637,2026-06-24,Shift 1,HF-002,RS-HF-002,FR-010-PET-400,1,COR-007,4107,L,200,0,2,0,2,Approved,Approved,Approved - First Pass,2026-06-25 10:49:46.604,—,Beatriz Costa
LOTE-SK-M-SOP-010-4020,LOTE-M-SOP-010-4020,WO-4691,WO-14639,2026-06-25,  Shift 2  ,HF-001,RS-HF-001,FR-010-PET-400,1,COR-004,10423,M,315,0,3,0,3,Approved,Approved,Approved - First Pass,2026-06-27 03:40:18.833,—,Carlos Mendes
LOTE-SK-M-SOP-010-4021,LOTE-M-SOP-010-4021,WO-4693,WO-14641,2026-06-27,Shift 1,HF-001,RS-HF-001,FR-010-PET-400,1,COR-007,9460,L,200,0,3,0,3,Approved,Approved,Approved - First Pass,2026-06-28 00:38:29.767,—,Diogo Ferreira
LOTE-SK-M-SOP-010-4024,LOTE-M-SOP-010-4024,WO-4699,WO-14643,2026-07-01,Shift 2,HF-002,RS-HF-002,FR-010-PET-400,1,COR-004,10415,M,315,0,2,0,2,Approved,Approved,Approved - First Pass,2026-07-02 12:54:09.837,—,Beatriz Costa
LOTE-SK-M-SOP-010-4032,LOTE-M-SOP-010-4032,WO-4714,WO-14655,2026-07-11,Shift 2,HF-001,RS-HF-001,FR-010-PET-400,1,COR-005,10619,M,315,0,1,0,1,Approved,Approved,Approved - First Pass,2026-07-12 11:34:42.279,—,Carlos Mendes
LOTE-SK-M-SOP-010-4037,LOTE-M-SOP-010-4037,WO-4725,WO-14662,2026-07-20,Shift 1,HF-001,RS-HF-001,FR-010-PET-400,1,COR-008,8703,L,200,0,6,0,6,Approved,Approved,Approved - First Pass,2026-07-21 10:11:58.261,—,Carlos Mendes
LOTE-SK-M-SOP-010-4038,LOTE-M-SOP-010-4038,WO-4727,WO-14664,2026-07-21,Shift 3,HF-002,RS-HF-002,FR-010-PET-400,1,COR-005,7598,L,200,0,1,0,1,Approved,Approved,Approved - First Pass,2026-07-22 09:31:46.575,—,Beatriz Costa
LOTE-SK-M-SOP-010-4045,LOTE-M-SOP-010-4045,WO-4736,WO-14673,2026-07-28,Shift 1,HF-002,RS-HF-002,FR-010-PET-400,1,COR-008,229,L,200,0,0,0,0,Approved,Approved,Approved - First Pass,2026-07-28 22:10:08.312,—,Elena Santos
LOTE-SK-M-SOP-010-4047,LOTE-M-SOP-010-4047,WO-4738,WO-14674,2026-07-30,Shift 1,HF-002,RS-HF-002,FR-010-PET-400,1,COR-005,6919,L,200,0,0,0,0,Approved,Approved,Approved - First Pass,2026-07-31 07:56:48.486,—,Ana Silva
LOTE-SK-M-SOP-010-4052,LOTE-M-SOP-010-4052,WO-4744,WO-14678,2026-08-04,Shift 1,HF-002,RS-HF-002,FR-010-PET-400,1,COR-002,15123,M,315,0,2,0,2,Approved,Approved,Approved - First Pass,2026-08-05 21:49:29.419,—,Ana Silva
LOTE-SK-M-SOP-010-4061,LOTE-M-SOP-010-4061,WO-4765,WO-14687,2026-08-20,Shift 3,HF-001,RS-HF-001,FR-010-PET-400,1,COR-008,9665,L,200,0,7,0,7,Approved,Approved,Approved - First Pass,2026-08-21 18:09:49.795,—,Beatriz Costa
LOTE-SK-M-SOP-010-4065,LOTE-M-SOP-010-4065,WO-4773,WO-14691,2026-08-26,Shift 3,HF-001,RS-HF-001,FR-010-PET-400,1,COR-004,10984,M,315,0,6,0,6,Approved,Approved,Approved - First Pass,2026-08-26 22:25:45.011,—,Elena Santos
LOTE-SK-M-SOP-013-4067,LOTE-M-SOP-013-4067,WO-4777,WO-14695,2026-08-29,Shift 1,HF-001,RS-HF-001,FR-013-MDPE-500,1,COR-006,18684,M,315,0,4,0,4,Approved,Approved,Approved - First Pass,2026-08-30 05:53:36.913,—,Beatriz Costa
LOTE-SK-M-SOP-010-4070,LOTE-M-SOP-010-4070,WO-4782,WO-14699,2026-08-31,Shift 2,HF-002,RS-HF-002,FR-010-PET-400,1,COR-004,13883,M,315,0,1,0,1,Approved,Approved,Approved - First Pass,2026-09-02 06:38:03.460,—,Carlos Mendes
LOTE-SK-M-SOP-010-4071,LOTE-M-SOP-010-4071,WO-4784,WO-14701,2026-09-02,Shift 1,HF-002,RS-HF-002,FR-010-PET-400,1,COR-004,10762,M,315,0,3,0,3,Approved,Approved,Approved - First Pass,2026-09-03 15:31:29.157,—,Elena Santos
LOTE-SK-M-SOP-010-4074,LOTE-M-SOP-010-4074,WO-4792,WO-14706,2026-09-08,  Shift 3  ,HF-001,RS-HF-001,FR-010-PET-400,1,COR-007,17072,M,315,1,6,0,7,Rejected,Approved,Approved - Released on Deviation,2026-09-09 06:07:05.785,—,Diogo Ferreira
LOTE-SK-M-SOP-010-4077,LOTE-M-SOP-010-4077,WO-4798,WO-14710,2026-09-12,Shift 3,HF-002,RS-HF-002,FR-010-PET-400,1,COR-001,7335,L,200,0,0,0,0,Approved,Approved,Approved - First Pass,2026-09-12 20:05:09.235,—,Elena Santos
LOTE-SK-M-SOP-010-4083,LOTE-M-SOP-010-4083,WO-4809,WO-14718,2026-09-19,Shift 2,HF-001,RS-HF-001,FR-010-PET-400,1,COR-005,15056,M,315,1,3,0,4,Rejected,Rejected,Rejected - Scrapped,2026-09-20 15:18:27.713,Foil Transfer:1(Re=1),Diogo Ferreira
LOTE-SK-M-SOP-010-4085,LOTE-M-SOP-010-4085,WO-4813,WO-14720,2026-09-22,Shift 3,HF-002,RS-HF-002,FR-010-PET-400,1,COR-003,12619,M,315,0,1,0,1,Approved,Approved,Approved - First Pass,2026-09-23 22:52:10.966,—,Diogo Ferreira
LOTE-SK-M-SOP-010-4086,LOTE-M-SOP-010-4086,WO-4815,WO-14722,2026-09-24,Shift 3,HF-002,RS-HF-002,FR-010-PET-400,1,COR-006,10658,M,315,0,1,0,1,Approved,Approved,Approved - First Pass,2026-09-25 03:58:25.820,—,Carlos Mendes
LOTE-SK-M-SOP-010-4097,LOTE-M-SOP-010-4097,WO-4833,WO-14733,2026-10-07,SHIFT 3,HF-002,RS-HF-002,FR-010-PET-400,1,COR-001,8356,L,200,0,1,0,1,Approved,Approved,Approved - First Pass,2026-10-08 07:35:45.025,—,Elena Santos
LOTE-SK-M-SOP-010-4098,LOTE-M-SOP-010-4098,WO-4836,WO-14736,2026-10-08,Shift 2,HF-001,RS-HF-001,FR-010-PET-400,1,COR-002,23632,M,315,0,2,0,2,Approved,Approved,Approved - First Pass,2026-10-09 17:46:25.734,—,Diogo Ferreira
LOTE-SK-M-SOP-010-4103,LOTE-M-SOP-010-4103,WO-4842,WO-14739,2026-10-13,Shift 2,HF-002,RS-HF-002,FR-010-PET-400,1,COR-006,5270,L,200,0,0,0,0,Approved,Approved,Approved - First Pass,2026-10-14 08:33:17.051,—,Diogo Ferreira
LOTE-SK-M-SOP-010-4106,LOTE-M-SOP-010-4106,WO-4845,WO-14741,2026-10-15,Shift 1,HF-002,RS-HF-002,FR-010-PET-400,1,COR-008,5815,L,200,0,2,0,2,Approved,Approved,Approved - First Pass,2026-10-16 13:33:24.217,—,Elena Santos
LOTE-SK-M-SOP-010-4110,LOTE-M-SOP-010-4110,WO-4851,WO-14744,2026-10-19,Shift 2,HF-002,RS-HF-002,FR-010-PET-400,1,COR-007,4160,L,200,0,0,0,0,Approved,Approved,Approved - First Pass,2026-10-20 15:39:47.946,—,Ana Silva
LOTE-SK-M-SOP-010-4112,LOTE-M-SOP-010-4112,WO-4855,WO-14745,2026-10-23,Shift 2,HF-002,RS-HF-002,FR-010-PET-400,1,COR-001,2850,L,200,0,0,0,0,Approved,Approved,Approved - First Pass,2026-10-24 00:41:49.526,—,Ana Silva
LOTE-SK-M-SOP-013-4115,LOTE-M-SOP-013-4115,WO-4860,WO-14748,2026-10-26,Shift 1,HF-001,RS-HF-001,FR-013-MDPE-500,1,COR-001,6869,L,200,0,0,0,0,Approved,Approved,Approved - First Pass,2026-10-27 09:16:59.713,—,Ana Silva
LOTE-SK-M-SOP-010-4116,LOTE-M-SOP-010-4116,WO-4861,WO-14749,2026-10-27,Shift 1,HF-001,RS-HF-001,FR-010-PET-400,1,COR-007,4643,L,200,0,3,0,3,Approved,Approved,Approved - First Pass,2026-10-28 23:09:52.156,—,Beatriz Costa
LOTE-SK-M-SOP-010-4118,LOTE-M-SOP-010-4118,WO-4864,WO-14752,2026-10-30,Shift 1,HF-002,RS-HF-002,FR-010-PET-400,1,COR-008,5894,L,200,0,5,0,5,Approved,Approved,Approved - First Pass,2026-10-31 07:33:47.604,—,Diogo Ferreira
LOTE-SK-M-SOP-010-4120,LOTE-M-SOP-010-4120,WO-4868,WO-14753,2026-11-02,Shift 3,HF-001,RS-HF-001,FR-010-PET-400,1,COR-004,9301,L,200,0,5,0,5,Approved,Approved,Approved - First Pass,2026-11-03 03:07:09.299,—,Ana Silva
LOTE-SK-M-SOP-010-4127,LOTE-M-SOP-010-4127,WO-4881,WO-14763,2026-11-12,Shift 2,HF-001,RS-HF-001,FR-010-PET-400,1,COR-007,10991,M,315,0,2,0,2,Approved,Approved,Approved - First Pass,2026-11-13 22:24:54.367,—,Beatriz Costa
LOTE-SK-M-SOP-010-4128,LOTE-M-SOP-010-4128,WO-4884,WO-14766,2026-11-14,Shift 1,HF-001,RS-HF-001,FR-010-PET-400,1,COR-006,17000,M,315,1,5,0,6,Rejected,Approved,Approved - Reworked,2026-11-15 10:31:10.557,—,Ana Silva
LOTE-SK-M-SOP-010-4129,LOTE-M-SOP-010-4129,WO-4887,WO-14769,2026-11-17,Shift 2,HF-002,RS-HF-002,FR-010-PET-400,1,COR-007,19477,M,315,0,3,0,3,Approved,Approved,Approved - First Pass,2026-11-18 10:55:29.288,—,Diogo Ferreira
LOTE-SK-M-SOP-010-4133,LOTE-M-SOP-010-4133,WO-4896,WO-14774,2026-11-24,Shift 3,HF-001,RS-HF-001,FR-010-PET-400,1,COR-006,25503,M,315,0,3,0,3,Approved,Approved,Approved - First Pass,2026-11-25 03:01:21.294,—,Elena Santos
LOTE-SK-M-SOP-010-4139,LOTE-M-SOP-010-4139,WO-4907,WO-14781,2026-11-30,Shift 2,HF-001,RS-HF-001,FR-010-PET-400,1,COR-002,14544,M,315,1,2,0,3,Rejected,Rejected,Rejected - Scrapped,2026-12-01 11:46:01.883,Foil Transfer:1(Re=1),Carlos Mendes
LOTE-SK-M-SOP-013-4140,LOTE-M-SOP-013-4140,WO-4908,WO-14782,2026-12-01,Shift 3,HF-001,RS-HF-001,FR-013-LDPE-500,1,COR-002,5744,L,200,0,2,0,2,Approved,Approved,Approved - First Pass,2026-12-01 23:00:39.956,—,Diogo Ferreira
LOTE-SK-M-SOP-013-4141,LOTE-M-SOP-013-4141,WO-4909,WO-14783,2026-12-02,  Shift 3  ,HF-001,RS-HF-001,FR-013-MDPE-500,1,COR-003,7487,L,200,0,0,0,0,Approved,Approved,Approved - First Pass,2026-12-03 01:08:52.512,—,Diogo Ferreira
LOTE-SK-M-SOP-010-4144,LOTE-M-SOP-010-4144,WO-4914,WO-14784,2026-12-06,Shift 2,HF-001,RS-HF-001,FR-010-PET-400,1,COR-002,6770,L,200,0,3,0,3,Approved,Approved,Approved - First Pass,2026-12-07 21:50:24.551,—,Carlos Mendes
LOTE-SK-M-SOP-013-4153,LOTE-M-SOP-013-4153,WO-4929,WO-14792,2026-12-17,Shift 3,HF-002,RS-HF-002,FR-013-LDPE-500,1,COR-008,13749,M,315,0,2,0,2,Approved,Approved,Approved - First Pass,2026-12-18 19:49:39.283,—,Elena Santos
LOTE-SK-M-SOP-010-4155,LOTE-M-SOP-010-4155,WO-4933,WO-14795,2026-12-20,Shift 2,HF-002,RS-HF-002,FR-010-PET-400,1,COR-002,24592,M,315,2,4,0,6,Rejected,Rejected,Rejected - Scrapped,2026-12-22 05:47:39.328,Foil Transfer:1(Re=1),Beatriz Costa
LOTE-SK-M-SOP-010-4159,LOTE-M-SOP-010-4159,WO-4942,WO-14800,2026-12-27,Shift 2,HF-001,RS-HF-001,FR-010-PET-400,1,COR-006,15125,M,315,0,1,0,1,Approved,Approved,Approved - First Pass,2026-12-28 22:54:51.907,—,Elena Santos
LOTE-SK-M-SOP-018-4165,LOTE-M-SOP-018-4165,WO-4952,WO-14804,2025-07-04,Shift 1,HF-002,RS-HF-002,FR-018-PETG-600,1,COR-002,9527,L,200,0,0,0,0,Approved,Approved,Approved - First Pass,2025-07-05 17:49:23.747,—,Ana Silva
LOTE-SK-M-SOP-018-4185,LOTE-M-SOP-018-4185,WO-4992,WO-14838,2025-08-02,SHIFT 3,HF-002,RS-HF-002,FR-018-PETG-600,1,COR-004,17388,M,315,1,8,0,9,Rejected,Rejected,Rejected - Scrapped,2025-08-03 10:48:04.048,Foil Transfer:1(Re=1),Beatriz Costa
LOTE-SK-M-SOP-018-4186,LOTE-M-SOP-018-4186,WO-4995,WO-14841,2025-08-03,Shift 2,HF-001,RS-HF-001,FR-018-PETG-600,1,COR-003,12468,M,315,0,1,0,1,Approved,Approved,Approved - First Pass,2025-08-04 23:22:44.048,—,Diogo Ferreira
LOTE-SK-M-SOP-018-4193,LOTE-M-SOP-018-4193,WO-5010,WO-14850,2025-08-15,  Shift 3  ,HF-002,RS-HF-002,FR-018-MDPE-600,1,COR-006,19532,M,315,0,1,0,1,Approved,Approved,Approved - First Pass,2025-08-16 05:29:16.447,—,Diogo Ferreira
LOTE-SK-M-SOP-014-4200,LOTE-M-SOP-014-4200,WO-5022,WO-14860,2025-08-23,Shift 1,HF-002,RS-HF-002,FR-014-PETG-500,1,COR-004,18978,M,315,0,4,0,4,Approved,Approved,Approved - First Pass,2025-08-24 05:51:07.501,—,Carlos Mendes
LOTE-SK-M-SOP-014-4203,LOTE-M-SOP-014-4203,WO-5029,WO-14867,2025-08-27,Shift 2,HF-002,RS-HF-002,FR-014-PETG-500,1,COR-007,18723,M,315,1,1,0,2,Rejected,Rejected,Rejected - Scrapped,2025-08-28 18:37:32.949,Foil Transfer:1(Re=1),Carlos Mendes
LOTE-SK-M-SOP-018-4253,LOTE-M-SOP-018-4253,WO-5118,WO-14925,2025-10-28,Shift 1,HF-002,RS-HF-002,FR-018-PETG-600,1,COR-008,10007,M,315,0,3,0,3,Approved,Approved,Approved - First Pass,2025-10-29 14:58:26.360,—,Diogo Ferreira
LOTE-SK-M-SOP-014-4259,LOTE-M-SOP-014-4259,WO-5133,WO-14935,2025-11-07,Shift 1,HF-002,RS-HF-002,FR-014-PETG-500,1,COR-005,5920,L,200,0,3,0,3,Approved,Approved,Approved - First Pass,2025-11-08 14:15:22.959,—,Carlos Mendes
LOTE-SK-M-SOP-014-4266,LOTE-M-SOP-014-4266,WO-5143,WO-14944,2025-11-14,Shift 1,HF-002,RS-HF-002,FR-014-PETG-500,1,COR-006,6264,L,200,0,2,0,2,Approved,Approved,Approved - First Pass,2025-11-15 07:16:15.150,—,Ana Silva
LOTE-SK-M-SOP-014-4270,LOTE-M-SOP-014-4270,WO-5151,WO-14950,2025-11-20,Shift 1,HF-001,RS-HF-001,FR-014-PETG-500,1,COR-008,15206,M,315,2,2,0,4,Rejected,Approved,Approved - Reworked,2025-11-22 00:45:19.354,—,Elena Santos
LOTE-SK-M-SOP-018-4304,LOTE-M-SOP-018-4304,WO-5209,WO-14994,2025-12-31,Shift 3,HF-001,RS-HF-001,FR-018-MDPE-600,1,COR-006,22129,M,315,0,4,0,4,Approved,Approved,Approved - First Pass,2026-01-01 13:00:02.040,—,Elena Santos
LOTE-SK-M-SOP-018-4309,LOTE-M-SOP-018-4309,WO-5220,WO-14997,2026-01-07,Shift 3,HF-001,RS-HF-001,FR-018-PETG-600,1,COR-003,13728,M,315,0,1,0,1,Approved,Approved,Approved - First Pass,2026-01-08 09:27:49.742,—,Ana Silva
LOTE-SK-M-SOP-018-4311,LOTE-M-SOP-018-4311,WO-5222,WO-14998,2026-01-08,Shift 1,HF-001,RS-HF-001,FR-018-MDPE-600,1,COR-006,7648,L,200,0,1,0,1,Approved,Approved,Approved - First Pass,2026-01-09 23:13:15.949,—,Carlos Mendes
LOTE-SK-M-SOP-018-4322,LOTE-M-SOP-018-4322,WO-5245,WO-15014,2026-01-24,Shift 3,HF-002,RS-HF-002,FR-018-PETG-600,1,COR-008,4680,L,200,0,1,0,1,Approved,Approved,Approved - First Pass,2026-01-25 05:06:11.364,—,Elena Santos
LOTE-SK-M-SOP-014-4363,LOTE-M-SOP-014-4363,WO-5327,WO-15071,2026-03-19,Shift 1,HF-002,RS-HF-002,FR-014-PETG-500,1,COR-008,8592,L,200,0,0,0,0,Approved,Approved,Approved - First Pass,2026-03-20 22:46:21.747,—,Elena Santos
LOTE-SK-M-SOP-018-4372,LOTE-M-SOP-018-4372,WO-5343,WO-15084,2026-03-31,Shift 2,HF-002,RS-HF-002,FR-018-PETG-600,1,COR-001,8684,L,200,0,0,0,0,Approved,Approved,Approved - First Pass,2026-04-02 01:45:35.882,—,Carlos Mendes
LOTE-SK-M-SOP-018-4376,LOTE-M-SOP-018-4376,WO-5349,WO-15089,2026-04-04,Shift 3,HF-001,RS-HF-001,FR-018-MDPE-600,1,COR-003,11997,M,315,0,2,0,2,Approved,Approved,Approved - First Pass,2026-04-05 08:11:09.433,—,Ana Silva
LOTE-SK-M-SOP-018-4380,LOTE-M-SOP-018-4380,WO-5355,WO-15095,2026-04-09,Shift 3,HF-001,RS-HF-001,FR-018-MDPE-600,1,COR-007,21117,M,315,0,2,0,2,Approved,Approved,Approved - First Pass,2026-04-10 04:22:39.364,—,Beatriz Costa
LOTE-SK-M-SOP-018-4412,LOTE-M-SOP-018-4412,WO-5417,WO-15146,2026-05-18,Shift 3,HF-002,RS-HF-002,FR-018-PETG-600,1,COR-001,5453,L,200,0,1,0,1,Approved,Approved,Approved - First Pass,2026-05-19 21:00:33.084,—,Carlos Mendes
LOTE-SK-M-SOP-018-4419,LOTE-M-SOP-018-4419,WO-5432,WO-15157,2026-05-29,Shift 3,HF-001,RS-HF-001,FR-018-PETG-600,1,COR-008,17822,M,315,0,4,0,4,Approved,Approved,Approved - First Pass,2026-05-30 04:12:30.537,—,Elena Santos
LOTE-SK-M-SOP-018-4460,LOTE-M-SOP-018-4460,WO-5521,WO-15216,2026-07-27,Shift 2,HF-002,RS-HF-002,FR-018-MDPE-600,1,COR-006,5711,L,200,2,0,0,2,Rejected,Rejected,Rejected - Scrapped,2026-07-28 18:32:12.595,Foil Adhesion:2(Re=1),Ana Silva
LOTE-SK-M-SOP-018-4482,LOTE-M-SOP-018-4482,WO-5559,WO-15245,2026-08-23,Shift 1,HF-002,RS-HF-002,FR-018-PETG-600,1,COR-008,9135,L,200,0,0,0,0,Approved,Approved,Approved - First Pass,2026-08-24 20:46:50.653,—,Elena Santos
LOTE-SK-M-SOP-014-4498,LOTE-M-SOP-014-4498,WO-5585,WO-15264,2026-09-11,Shift 3,HF-001,RS-HF-001,FR-014-PETG-500,1,COR-005,21318,M,315,0,5,0,5,Approved,Approved,Approved - First Pass,2026-09-12 13:48:31.381,—,Diogo Ferreira
LOTE-SK-M-SOP-018-4535,LOTE-M-SOP-018-4535,WO-5662,WO-15317,2026-11-01,Shift 2,HF-001,RS-HF-001,FR-018-PETG-600,1,COR-004,9287,L,200,0,3,0,3,Approved,Approved,Approved - First Pass,2026-11-02 21:12:21.450,—,Diogo Ferreira
LOTE-SK-M-SOP-018-4542,LOTE-M-SOP-018-4542,WO-5676,WO-15331,2026-11-10,Shift 2,HF-002,RS-HF-002,FR-018-PETG-600,1,COR-005,4439,L,200,0,3,0,3,Approved,Approved,Approved - First Pass,2026-11-11 21:40:51.521,—,Beatriz Costa
LOTE-SK-M-SOP-014-4553,LOTE-M-SOP-014-4553,WO-5695,WO-15346,2026-11-24,Shift 1,HF-001,RS-HF-001,FR-014-PETG-500,1,COR-001,6320,L,200,0,3,0,3,Approved,Approved,Approved - First Pass,2026-11-25 06:31:46.790,—,Carlos Mendes
LOTE-SK-M-SOP-014-4557,LOTE-M-SOP-014-4557,WO-5700,WO-15350,2026-11-27,SHIFT 3,HF-002,RS-HF-002,FR-014-PETG-500,1,COR-008,3682,L,200,0,2,0,2,Approved,Approved,Approved - First Pass,2026-11-29 04:35:07.716,—,Carlos Mendes
LOTE-SK-M-SOP-018-4567,LOTE-M-SOP-018-4567,WO-5722,WO-15367,2026-12-12,Shift 1,HF-001,RS-HF-001,FR-018-PETG-600,1,COR-007,18381,M,315,0,2,0,2,Approved,Approved,Approved - First Pass,2026-12-13 04:24:01.344,—,Ana Silva
LOTE-SK-M-SOP-014-4577,LOTE-M-SOP-014-4577,WO-5742,WO-15379,2026-12-27,Shift 1,HF-001,RS-HF-001,FR-014-PETG-500,1,COR-001,5567,L,200,0,0,0,0,Approved,Approved,Approved - First Pass,2026-12-28 06:40:01.493,—,Elena Santos
LOTE-SK-M-SOP-015-4582,LOTE-M-SOP-015-4582,WO-5750,WO-15384,2025-07-04,Shift 3,HF-002,RS-HF-002,FR-015-PETG-500,1,COR-004,11801,M,315,0,2,0,2,Approved,Approved,Approved - First Pass,2025-07-05 04:08:27.087,—,Carlos Mendes
LOTE-SK-M-SOP-017-4592,LOTE-M-SOP-017-4592,WO-5768,WO-15386,2025-07-16,Shift 1,HF-001,RS-HF-001,FR-017-rPET-600,1,COR-004,15216,M,315,0,4,0,4,Approved,Approved,Approved - First Pass,2025-07-17 12:18:58.960,—,Beatriz Costa
LOTE-SK-M-SOP-017-4594,LOTE-M-SOP-017-4594,WO-5771,WO-15387,2025-07-18,  Shift 3  ,HF-002,RS-HF-002,FR-017-rPET-600,1,COR-008,2539,L,200,1,1,0,2,Rejected,Rejected,Rejected - Scrapped,2025-07-18 14:35:05.705,Foil Adhesion:1(Re=1),Diogo Ferreira
LOTE-SK-M-SOP-015-4599,LOTE-M-SOP-015-4599,WO-5780,WO-15389,2025-07-24,Shift 2,HF-001,RS-HF-001,FR-015-HDPE-500,1,COR-006,7150,L,200,0,2,0,2,Approved,Approved,Approved - First Pass,2025-07-25 09:37:36.588,—,Diogo Ferreira
LOTE-SK-M-SOP-015-4604,LOTE-M-SOP-015-4604,WO-5789,WO-15396,2025-07-31,Shift 3,HF-001,RS-HF-001,FR-015-HDPE-500,1,COR-005,6694,L,200,0,1,0,1,Approved,Approved,Approved - First Pass,2025-07-31 23:48:37.786,—,Ana Silva
LOTE-SK-M-SOP-017-4606,LOTE-M-SOP-017-4606,WO-5791,WO-15397,2025-07-31,Shift 2,HF-002,RS-HF-002,FR-017-rPET-600,1,COR-001,7980,L,200,0,0,0,0,Approved,Approved,Approved - First Pass,2025-08-02 06:07:42.406,—,Carlos Mendes
LOTE-SK-M-SOP-015-4613,LOTE-M-SOP-015-4613,WO-5803,WO-15398,2025-08-10,Shift 1,HF-002,RS-HF-002,FR-015-PETG-500,1,COR-006,3821,L,200,0,1,0,1,Approved,Approved,Approved - First Pass,2025-08-11 07:56:48.094,—,Ana Silva
LOTE-SK-M-SOP-017-4616,LOTE-M-SOP-017-4616,WO-5810,WO-15400,2025-08-14,Shift 3,HF-002,RS-HF-002,FR-017-rPET-600,1,COR-001,9494,L,200,0,2,0,2,Approved,Approved,Approved - First Pass,2025-08-15 16:31:23.133,—,Beatriz Costa
LOTE-SK-M-SOP-015-4617,LOTE-M-SOP-015-4617,WO-5813,WO-15403,2025-08-16,Shift 1,HF-002,RS-HF-002,FR-015-HDPE-500,1,COR-005,10997,M,315,0,6,0,6,Approved,Approved,Approved - First Pass,2025-08-17 15:30:20.652,—,Beatriz Costa
LOTE-SK-M-SOP-015-4629,LOTE-M-SOP-015-4629,WO-5836,WO-15404,2025-09-01,Shift 1,HF-002,RS-HF-002,FR-015-rPET-500,1,COR-007,5592,L,200,0,1,0,1,Approved,Approved,Approved - First Pass,2025-09-02 05:12:50.240,—,Elena Santos
LOTE-SK-M-SOP-017-4630,LOTE-M-SOP-017-4630,WO-5838,WO-15406,2025-09-02,Shift 2,HF-001,RS-HF-001,FR-017-rPET-600,1,COR-005,12528,M,315,0,8,0,8,Approved,Approved,Approved - First Pass,2025-09-03 18:40:43.244,—,Carlos Mendes
LOTE-SK-M-SOP-017-4635,LOTE-M-SOP-017-4635,WO-5849,WO-15407,2025-09-10,Shift 1,HF-002,RS-HF-002,FR-017-rPET-600,1,COR-002,6401,L,200,0,0,0,0,Approved,Approved,Approved - First Pass,2025-09-11 21:22:13.593,—,Diogo Ferreira
LOTE-SK-M-SOP-017-4638,LOTE-M-SOP-017-4638,WO-5855,WO-15409,2025-09-14,Shift 3,HF-002,RS-HF-002,FR-017-rPET-600,1,COR-004,11559,M,315,0,2,0,2,Approved,Approved,Approved - First Pass,2025-09-15 00:14:39.052,—,Elena Santos
LOTE-SK-M-SOP-015-4639,LOTE-M-SOP-015-4639,WO-5857,WO-15411,2025-09-16,Shift 3,HF-002,RS-HF-002,FR-015-rPET-500,1,COR-006,10072,M,315,0,2,0,2,Approved,Approved,Approved - First Pass,2025-09-16 21:17:22.005,—,Beatriz Costa
LOTE-SK-M-SOP-017-4640,LOTE-M-SOP-017-4640,WO-5859,WO-15413,2025-09-17,Shift 3,HF-001,RS-HF-001,FR-017-rPET-600,1,COR-008,11646,M,315,0,1,0,1,Approved,Approved,Approved - First Pass,2025-09-18 04:15:56.563,—,Beatriz Costa
LOTE-SK-M-SOP-015-4641,LOTE-M-SOP-015-4641,WO-5861,WO-15415,2025-09-18,Shift 2,HF-002,RS-HF-002,FR-015-PETG-500,1,COR-003,15975,M,315,0,5,0,5,Approved,Approved,Approved - First Pass,2025-09-19 15:11:25.509,—,Elena Santos
LOTE-SK-M-SOP-015-4642,LOTE-M-SOP-015-4642,WO-5864,WO-15418,2025-09-20,Shift 3,HF-001,RS-HF-001,FR-015-HDPE-500,1,COR-008,5354,L,200,1,0,0,1,Rejected,Approved,Approved - Released on Deviation,2025-09-20 19:20:56.506,—,Diogo Ferreira
LOTE-SK-M-SOP-015-4644,LOTE-M-SOP-015-4644,WO-5868,WO-15420,2025-09-22,Shift 2,HF-002,RS-HF-002,FR-015-PETG-500,1,COR-002,12388,M,315,1,5,0,6,Rejected,Approved,Approved - Released on Deviation,2025-09-23 15:12:36.545,—,Diogo Ferreira
LOTE-SK-M-SOP-015-4652,LOTE-M-SOP-015-4652,WO-5887,WO-15424,2025-10-06,Shift 3,HF-001,RS-HF-001,FR-015-rPET-500,1,COR-007,13823,M,315,0,3,0,3,Approved,Approved,Approved - First Pass,2025-10-07 21:15:08.718,—,Diogo Ferreira
LOTE-SK-M-SOP-015-4654,LOTE-M-SOP-015-4654,WO-5890,WO-15427,2025-10-08,Shift 2,HF-002,RS-HF-002,FR-015-PETG-500,1,COR-008,5796,L,200,0,1,0,1,Approved,Approved,Approved - First Pass,2025-10-09 15:57:58.664,—,Elena Santos
LOTE-SK-M-SOP-015-4656,LOTE-M-SOP-015-4656,WO-5894,WO-15429,2025-10-11,Shift 1,HF-001,RS-HF-001,FR-015-HDPE-500,1,COR-002,13347,M,315,0,3,0,3,Approved,Approved,Approved - First Pass,2025-10-12 15:09:59.076,—,Beatriz Costa
LOTE-SK-M-SOP-015-4657,LOTE-M-SOP-015-4657,WO-5895,WO-15430,2025-10-12,  Shift 3  ,HF-002,RS-HF-002,FR-015-HDPE-500,1,COR-005,4636,L,200,1,2,0,3,Rejected,Rejected,Rejected - Scrapped,2025-10-12 23:01:07.733,Foil Adhesion:1(Re=1),Beatriz Costa
LOTE-SK-M-SOP-015-4662,LOTE-M-SOP-015-4662,WO-5902,WO-15436,2025-10-17,shift 1,HF-001,RS-HF-001,FR-015-rPET-500,1,COR-005,1105,L,200,0,1,0,1,Approved,Approved,Approved - First Pass,2025-10-18 08:02:02.239,—,Diogo Ferreira
LOTE-SK-M-SOP-015-4664,LOTE-M-SOP-015-4664,WO-5906,WO-15439,2025-10-19,Shift 1,HF-002,RS-HF-002,FR-015-PETG-500,1,COR-008,12267,M,315,0,3,0,3,Approved,Approved,Approved - First Pass,2025-10-20 05:56:34.802,—,Carlos Mendes
LOTE-SK-M-SOP-017-4671,LOTE-M-SOP-017-4671,WO-5919,WO-15441,2025-10-27,Shift 2,HF-001,RS-HF-001,FR-017-rPET-600,1,COR-008,3842,L,200,0,3,0,3,Approved,Approved,Approved - First Pass,2025-10-28 18:46:27.779,—,Beatriz Costa
LOTE-SK-M-SOP-017-4675,LOTE-M-SOP-017-4675,WO-5928,WO-15442,2025-11-02,Shift 3,HF-002,RS-HF-002,FR-017-rPET-600,1,COR-007,3973,L,200,0,0,0,0,Approved,Approved,Approved - First Pass,2025-11-02 22:26:35.372,—,Elena Santos
LOTE-SK-M-SOP-015-4676,LOTE-M-SOP-015-4676,WO-5931,WO-15445,2025-11-04,Shift 1,HF-001,RS-HF-001,FR-015-HDPE-500,1,COR-007,15218,M,315,1,2,0,3,Rejected,Rejected,Rejected - Scrapped,2025-11-05 03:40:36.093,Foil Transfer:1(Re=1),Beatriz Costa
LOTE-SK-M-SOP-015-4677,LOTE-M-SOP-015-4677,WO-5933,WO-15447,2025-11-05,Shift 3,HF-002,RS-HF-002,FR-015-rPET-500,1,COR-003,8862,L,200,0,6,0,6,Approved,Approved,Approved - First Pass,2025-11-05 20:14:25.752,—,Elena Santos
LOTE-SK-M-SOP-015-4689,LOTE-M-SOP-015-4689,WO-5953,WO-15448,2025-11-18,Shift 1,HF-001,RS-HF-001,FR-015-HDPE-500,1,COR-005,5582,L,200,0,0,0,0,Approved,Approved,Approved - First Pass,2025-11-19 09:01:16.454,—,Diogo Ferreira
LOTE-SK-M-SOP-015-4691,LOTE-M-SOP-015-4691,WO-5957,WO-15449,2025-11-20,Shift 3,HF-002,RS-HF-002,FR-015-HDPE-500,1,COR-004,3662,L,200,0,2,0,2,Approved,Approved,Approved - First Pass,2025-11-20 17:00:01.007,—,Elena Santos
LOTE-SK-M-SOP-015-4694,LOTE-M-SOP-015-4694,WO-5963,WO-15451,2025-11-24,Shift 2,HF-001,RS-HF-001,FR-015-PETG-500,1,COR-003,6033,L,200,0,3,0,3,Approved,Approved,Approved - First Pass,2025-11-25 10:34:17.973,—,Beatriz Costa
LOTE-SK-M-SOP-015-4698,LOTE-M-SOP-015-4698,WO-5973,WO-15452,2025-12-02,Shift 1,HF-001,RS-HF-001,FR-015-rPET-500,1,COR-003,5229,L,200,0,0,0,0,Approved,Approved,Approved - First Pass,2025-12-03 10:57:00.707,—,Ana Silva
LOTE-SK-M-SOP-015-4700,LOTE-M-SOP-015-4700,WO-5978,WO-15454,2025-12-05,Shift 1,HF-002,RS-HF-002,FR-015-rPET-500,1,COR-006,9287,L,200,0,4,0,4,Approved,Approved,Approved - First Pass,2025-12-06 07:40:46.767,—,Elena Santos
LOTE-SK-M-SOP-015-4703,LOTE-M-SOP-015-4703,WO-5982,WO-15455,2025-12-08,SHIFT 3,HF-001,RS-HF-001,FR-015-HDPE-500,1,COR-008,4853,L,200,0,2,0,2,Approved,Approved,Approved - First Pass,2025-12-09 19:22:36.077,—,Elena Santos
LOTE-SK-M-SOP-015-4704,LOTE-M-SOP-015-4704,WO-5984,WO-15457,2025-12-09,Shift 2,HF-002,RS-HF-002,FR-015-HDPE-500,1,COR-001,6618,L,200,0,2,0,2,Approved,Approved,Approved - First Pass,2025-12-10 06:43:01.588,—,Ana Silva
LOTE-SK-M-SOP-015-4711,LOTE-M-SOP-015-4711,WO-5995,WO-15461,2025-12-17,Shift 1,HF-002,RS-HF-002,FR-015-HDPE-500,1,COR-003,3592,L,200,0,0,0,0,Approved,Approved,Approved - First Pass,2025-12-18 08:32:21.757,—,Elena Santos
LOTE-SK-M-SOP-017-4719,LOTE-M-SOP-017-4719,WO-6009,WO-15463,2025-12-26,Shift 1,HF-002,RS-HF-002,FR-017-rPET-600,1,COR-004,8410,L,200,0,3,0,3,Approved,Approved,Approved - First Pass,2025-12-27 10:59:36.957,—,Ana Silva
LOTE-SK-M-SOP-015-4720,LOTE-M-SOP-015-4720,WO-6012,WO-15466,2025-12-28,Shift 1,HF-002,RS-HF-002,FR-015-PETG-500,1,COR-008,14923,M,315,0,5,0,5,Approved,Approved,Approved - First Pass,2025-12-29 19:21:11.398,—,Diogo Ferreira
LOTE-SK-M-SOP-017-4734,LOTE-M-SOP-017-4734,WO-6035,WO-15469,2026-01-12,Shift 1,HF-001,RS-HF-001,FR-017-rPET-600,1,COR-006,17102,M,315,0,3,0,3,Approved,Approved,Approved - First Pass,2026-01-13 10:39:37.814,—,Elena Santos
LOTE-SK-M-SOP-015-4742,LOTE-M-SOP-015-4742,WO-6051,WO-15470,2026-01-22,Shift 2,HF-002,RS-HF-002,FR-015-PETG-500,1,COR-006,3914,L,200,0,0,0,0,Approved,Approved,Approved - First Pass,2026-01-24 01:49:00.805,—,Diogo Ferreira
LOTE-SK-M-SOP-015-4746,LOTE-M-SOP-015-4746,WO-6059,WO-15472,2026-01-29,Shift 3,HF-002,RS-HF-002,FR-015-rPET-500,1,COR-007,9425,L,200,0,1,0,1,Approved,Approved,Approved - First Pass,2026-01-30 01:43:38.577,—,Elena Santos
LOTE-SK-M-SOP-015-4748,LOTE-M-SOP-015-4748,WO-6062,WO-15474,2026-01-31,  Shift 1  ,HF-002,RS-HF-002,FR-015-HDPE-500,1,COR-007,10086,M,315,0,1,0,1,Approved,Approved,Approved - First Pass,2026-02-01 12:52:29.022,—,Diogo Ferreira
LOTE-SK-M-SOP-015-4761,LOTE-M-SOP-015-4761,WO-6081,WO-15475,2026-02-14,Shift 3,HF-001,RS-HF-001,FR-015-PETG-500,1,COR-007,2231,L,200,0,2,0,2,Approved,Approved,Approved - First Pass,2026-02-14 17:51:47.185,—,Carlos Mendes
LOTE-SK-M-SOP-015-4764,LOTE-M-SOP-015-4764,WO-6086,WO-15476,2026-02-16,Shift 2,HF-001,RS-HF-001,FR-015-HDPE-500,1,COR-004,2585,L,200,0,0,0,0,Approved,Approved,Approved - First Pass,2026-02-17 06:25:18.784,—,Diogo Ferreira
LOTE-SK-M-SOP-017-4770,LOTE-M-SOP-017-4770,WO-6095,WO-15478,2026-02-23,Shift 2,HF-002,RS-HF-002,FR-017-rPET-600,1,COR-003,11597,M,315,0,1,0,1,Approved,Approved,Approved - First Pass,2026-02-24 20:59:58.352,—,Diogo Ferreira
LOTE-SK-M-SOP-015-4779,LOTE-M-SOP-015-4779,WO-6109,WO-15480,2026-03-05,Shift 1,HF-002,RS-HF-002,FR-015-HDPE-500,1,COR-001,6247,L,200,0,1,0,1,Approved,Approved,Approved - First Pass,2026-03-06 13:25:00.313,—,Elena Santos
LOTE-SK-M-SOP-015-4780,LOTE-M-SOP-015-4780,WO-6112,WO-15483,2026-03-07,Shift 1,HF-001,RS-HF-001,FR-015-HDPE-500,1,COR-008,13964,M,315,0,2,0,2,Approved,Approved,Approved - First Pass,2026-03-07 23:06:32.165,—,Ana Silva
LOTE-SK-M-SOP-015-4784,LOTE-M-SOP-015-4784,WO-6118,WO-15486,2026-03-11,Shift 1,HF-001,RS-HF-001,FR-015-PETG-500,1,COR-007,5583,L,200,0,1,0,1,Approved,Approved,Approved - First Pass,2026-03-12 15:46:06.274,—,Elena Santos
LOTE-SK-M-SOP-015-4785,LOTE-M-SOP-015-4785,WO-6120,WO-15488,2026-03-13,Shift 1,HF-001,RS-HF-001,FR-015-rPET-500,1,COR-004,10613,M,315,0,1,0,1,Approved,Approved,Approved - First Pass,2026-03-14 09:43:33.760,—,Ana Silva
LOTE-SK-M-SOP-015-4802,LOTE-M-SOP-015-4802,WO-6156,WO-15494,2026-04-06,Shift 2,HF-001,RS-HF-001,FR-015-rPET-500,1,COR-008,14306,M,315,0,4,0,4,Approved,Approved,Approved - First Pass,2026-04-07 13:30:00.104,—,Elena Santos
LOTE-SK-M-SOP-017-4806,LOTE-M-SOP-017-4806,WO-6163,WO-15495,2026-04-11,Shift 3,HF-001,RS-HF-001,FR-017-rPET-600,1,COR-003,4039,L,200,0,4,0,4,Approved,Approved,Approved - First Pass,2026-04-12 19:18:32.966,—,Carlos Mendes
LOTE-SK-M-SOP-015-4809,LOTE-M-SOP-015-4809,WO-6170,WO-15498,2026-04-16,Shift 2,HF-002,RS-HF-002,FR-015-PETG-500,1,COR-008,8880,L,200,0,4,0,4,Approved,Approved,Approved - First Pass,2026-04-18 02:40:57.355,—,Carlos Mendes
LOTE-SK-M-SOP-015-4815,LOTE-M-SOP-015-4815,WO-6181,WO-15501,2026-04-22,Shift 2,HF-001,RS-HF-001,FR-015-HDPE-500,1,COR-002,8957,L,200,0,6,0,6,Approved,Approved,Approved - First Pass,2026-04-23 20:10:18.394,—,Diogo Ferreira
LOTE-SK-M-SOP-015-4817,LOTE-M-SOP-015-4817,WO-6183,WO-15502,2026-04-25,shift 1,HF-001,RS-HF-001,FR-015-PETG-500,1,COR-004,2612,L,200,0,0,0,0,Approved,Approved,Approved - First Pass,2026-04-26 08:46:19.180,—,Carlos Mendes
LOTE-SK-M-SOP-015-4820,LOTE-M-SOP-015-4820,WO-6187,WO-15504,2026-04-27,Shift 1,HF-002,RS-HF-002,FR-015-rPET-500,1,COR-004,9031,L,200,0,2,0,2,Approved,Approved,Approved - First Pass,2026-04-28 07:04:10.038,—,Elena Santos
LOTE-SK-M-SOP-015-4823,LOTE-M-SOP-015-4823,WO-6191,WO-15505,2026-04-30,Shift 1,HF-001,RS-HF-001,FR-015-PETG-500,1,COR-006,4576,L,200,0,0,0,0,Approved,Approved,Approved - First Pass,2026-05-01 15:45:43.101,—,Diogo Ferreira
LOTE-SK-M-SOP-017-4825,LOTE-M-SOP-017-4825,WO-6196,WO-15508,2026-05-03,Shift 1,HF-001,RS-HF-001,FR-017-rPET-600,1,COR-004,16673,M,315,0,1,0,1,Approved,Approved,Approved - First Pass,2026-05-04 01:55:08.536,—,Elena Santos
LOTE-SK-M-SOP-015-4834,LOTE-M-SOP-015-4834,WO-6210,WO-15511,2026-05-12,Shift 3,HF-001,RS-HF-001,FR-015-PETG-500,1,COR-005,1568,L,200,0,3,0,3,Approved,Approved,Approved - First Pass,2026-05-12 07:19:21.981,—,Elena Santos
LOTE-SK-M-SOP-015-4836,LOTE-M-SOP-015-4836,WO-6214,WO-15514,2026-05-14,Shift 2,HF-002,RS-HF-002,FR-015-PETG-500,1,COR-007,11686,M,315,0,4,0,4,Approved,Approved,Approved - First Pass,2026-05-15 13:20:30.098,—,Elena Santos
LOTE-SK-M-SOP-015-4839,LOTE-M-SOP-015-4839,WO-6222,WO-15517,2026-05-19,Shift 1,HF-002,RS-HF-002,FR-015-PETG-500,1,COR-001,8298,L,200,0,4,0,4,Approved,Approved,Approved - First Pass,2026-05-20 05:07:48.439,—,Diogo Ferreira
LOTE-SK-M-SOP-017-4840,LOTE-M-SOP-017-4840,WO-6223,WO-15518,2026-05-20,Shift 1,HF-002,RS-HF-002,FR-017-rPET-600,1,COR-007,3994,L,200,0,2,0,2,Approved,Approved,Approved - First Pass,2026-05-20 19:46:29.176,—,Beatriz Costa
LOTE-SK-M-SOP-015-4841,LOTE-M-SOP-015-4841,WO-6224,WO-15519,2026-05-20,Shift 3,HF-001,RS-HF-001,FR-015-PETG-500,1,COR-003,1601,L,200,1,1,0,2,Rejected,Rejected,Rejected - Scrapped,2026-05-21 11:32:00.833,Foil Transfer:1(Re=1),Elena Santos
LOTE-SK-M-SOP-015-4847,LOTE-M-SOP-015-4847,WO-6237,WO-15524,2026-05-29,Shift 1,HF-002,RS-HF-002,FR-015-HDPE-500,1,COR-001,8972,L,200,0,3,0,3,Approved,Approved,Approved - First Pass,2026-05-30 14:56:34.481,—,Diogo Ferreira
LOTE-SK-M-SOP-015-4851,LOTE-M-SOP-015-4851,WO-6243,WO-15525,2026-06-02,Shift 1,HF-001,RS-HF-001,FR-015-PETG-500,1,COR-001,2986,L,200,0,0,0,0,Approved,Approved,Approved - First Pass,2026-06-03 11:29:32.115,—,Beatriz Costa
LOTE-SK-M-SOP-015-4862,LOTE-M-SOP-015-4862,WO-6261,WO-15527,2026-06-15,SHIFT 2,HF-002,RS-HF-002,FR-015-rPET-500,1,COR-004,6549,L,200,0,2,0,2,Approved,Approved,Approved - First Pass,2026-06-16 21:04:18.314,—,Ana Silva
LOTE-SK-M-SOP-015-4870,LOTE-M-SOP-015-4870,WO-6275,WO-15530,2026-06-24,Shift 2,HF-001,RS-HF-001,FR-015-HDPE-500,1,COR-007,6287,L,200,0,2,0,2,Approved,Approved,Approved - First Pass,2026-06-25 16:06:13.120,—,Diogo Ferreira
LOTE-SK-M-SOP-015-4871,LOTE-M-SOP-015-4871,WO-6277,WO-15532,2026-06-25,Shift 1,HF-001,RS-HF-001,FR-015-PETG-500,1,COR-004,5242,L,200,0,2,0,2,Approved,Approved,Approved - First Pass,2026-06-26 12:57:24.598,—,Carlos Mendes
LOTE-SK-M-SOP-015-4876,LOTE-M-SOP-015-4876,WO-6287,WO-15534,2026-07-01,Shift 2,HF-001,RS-HF-001,FR-015-rPET-500,1,COR-002,8612,L,200,1,5,0,6,Rejected,Rejected,Rejected - Scrapped,2026-07-02 19:14:38.056,Foil Adhesion:1(Re=1),Beatriz Costa
LOTE-SK-M-SOP-015-4884,LOTE-M-SOP-015-4884,WO-6301,WO-15535,2026-07-11,SHIFT 3,HF-001,RS-HF-001,FR-015-PETG-500,1,COR-007,6812,L,200,0,6,0,6,Approved,Approved,Approved - First Pass,2026-07-11 23:53:19.381,—,Ana Silva
LOTE-SK-M-SOP-015-4888,LOTE-M-SOP-015-4888,WO-6310,WO-15540,2026-07-18,Shift 3,HF-001,RS-HF-001,FR-015-rPET-500,1,COR-004,12648,M,315,0,1,0,1,Approved,Approved,Approved - First Pass,2026-07-19 08:26:28.028,—,Ana Silva
LOTE-SK-M-SOP-015-4890,LOTE-M-SOP-015-4890,WO-6315,WO-15542,2026-07-20,Shift 3,HF-002,RS-HF-002,FR-015-PETG-500,1,COR-005,1797,L,200,0,3,0,3,Approved,Approved,Approved - First Pass,2026-07-22 02:37:12.307,—,Beatriz Costa
LOTE-SK-M-SOP-015-4897,LOTE-M-SOP-015-4897,WO-6327,WO-15544,2026-07-28,Shift 1,HF-001,RS-HF-001,FR-015-HDPE-500,1,COR-004,4048,L,200,0,1,0,1,Approved,Approved,Approved - First Pass,2026-07-29 09:50:36.165,—,Diogo Ferreira
LOTE-SK-M-SOP-015-4907,LOTE-M-SOP-015-4907,WO-6343,WO-15546,2026-08-07,Shift 2,HF-002,RS-HF-002,FR-015-HDPE-500,1,COR-001,3019,L,200,0,2,0,2,Approved,Approved,Approved - First Pass,2026-08-09 04:22:01.198,—,Ana Silva
LOTE-SK-M-SOP-015-4910,LOTE-M-SOP-015-4910,WO-6348,WO-15547,2026-08-11,Shift 1,HF-001,RS-HF-001,FR-015-rPET-500,1,COR-004,4115,L,200,0,0,0,0,Approved,Approved,Approved - First Pass,2026-08-11 19:56:50.613,—,Diogo Ferreira
LOTE-SK-M-SOP-015-4914,LOTE-M-SOP-015-4914,WO-6354,WO-15549,2026-08-16,Shift 3,HF-002,RS-HF-002,FR-015-rPET-500,1,COR-004,9002,L,200,0,2,0,2,Approved,Approved,Approved - First Pass,2026-08-17 03:06:29.913,—,Ana Silva
LOTE-SK-M-SOP-015-4918,LOTE-M-SOP-015-4918,WO-6362,WO-15550,2026-08-22,  Shift 3  ,HF-001,RS-HF-001,FR-015-PETG-500,1,COR-007,6509,L,200,0,1,0,1,Approved,Approved,Approved - First Pass,2026-08-22 19:45:17.445,—,Diogo Ferreira
LOTE-SK-M-SOP-015-4921,LOTE-M-SOP-015-4921,WO-6369,WO-15553,2026-08-26,Shift 1,HF-001,RS-HF-001,FR-015-PETG-500,1,COR-006,7759,L,200,0,1,0,1,Approved,Approved,Approved - First Pass,2026-08-27 11:47:22.083,—,Beatriz Costa
LOTE-SK-M-SOP-017-4928,LOTE-M-SOP-017-4928,WO-6385,WO-15554,2026-09-06,Shift 1,HF-002,RS-HF-002,FR-017-rPET-600,1,COR-004,3253,L,200,0,0,0,0,Approved,Approved,Approved - First Pass,2026-09-07 03:38:16.480,—,Beatriz Costa
LOTE-SK-M-SOP-015-4931,LOTE-M-SOP-015-4931,WO-6391,WO-15557,2026-09-09,Shift 2,HF-001,RS-HF-001,FR-015-HDPE-500,1,COR-005,14689,M,315,2,7,0,9,Rejected,Rejected,Rejected - Scrapped,2026-09-11 01:56:20.017,Foil Transfer:1(Re=1),Carlos Mendes
LOTE-SK-M-SOP-015-4932,LOTE-M-SOP-015-4932,WO-6394,WO-15560,2026-09-12,Shift 1,HF-001,RS-HF-001,FR-015-HDPE-500,1,COR-006,12869,M,315,0,4,0,4,Approved,Approved,Approved - First Pass,2026-09-13 06:56:11.424,—,Diogo Ferreira
LOTE-SK-M-SOP-015-4936,LOTE-M-SOP-015-4936,WO-6398,WO-15561,2026-09-15,Shift 1,HF-002,RS-HF-002,FR-015-PETG-500,1,COR-006,4557,L,200,0,0,0,0,Approved,Approved,Approved - First Pass,2026-09-16 00:41:16.595,—,Diogo Ferreira
LOTE-SK-M-SOP-017-4938,LOTE-M-SOP-017-4938,WO-6402,WO-15563,2026-09-17,  Shift 1  ,HF-001,RS-HF-001,FR-017-rPET-600,1,COR-008,8615,L,200,0,6,0,6,Approved,Approved,Approved - First Pass,2026-09-18 14:02:11.469,—,Beatriz Costa
LOTE-SK-M-SOP-015-4939,LOTE-M-SOP-015-4939,WO-6405,WO-15566,2026-09-19,Shift 2,HF-002,RS-HF-002,FR-015-HDPE-500,1,COR-007,7626,L,200,1,2,0,3,Rejected,Rejected,Rejected - Scrapped,2026-09-20 20:03:09.185,Foil Transfer:1(Re=1),Elena Santos
LOTE-SK-M-SOP-017-4940,LOTE-M-SOP-017-4940,WO-6406,WO-15567,2026-09-20,Shift 3,HF-002,RS-HF-002,FR-017-rPET-600,1,COR-007,6214,L,200,0,1,0,1,Approved,Approved,Approved - First Pass,2026-09-21 04:27:58.062,—,Beatriz Costa
LOTE-SK-M-SOP-017-4942,LOTE-M-SOP-017-4942,WO-6409,WO-15568,2026-09-21,Shift 1,HF-001,RS-HF-001,FR-017-rPET-600,1,COR-006,7368,L,200,0,0,0,0,Approved,Approved,Approved - First Pass,2026-09-22 13:57:32.785,—,Carlos Mendes
LOTE-SK-M-SOP-017-4949,LOTE-M-SOP-017-4949,WO-6427,WO-15571,2026-10-03,Shift 2,HF-001,RS-HF-001,FR-017-rPET-600,1,COR-002,13065,M,315,1,5,0,6,Rejected,Approved,Approved - Released on Deviation,2026-10-05 01:36:15.973,—,Elena Santos
LOTE-SK-M-SOP-015-4953,LOTE-M-SOP-015-4953,WO-6434,WO-15572,2026-10-08,Shift 1,HF-002,RS-HF-002,FR-015-rPET-500,1,COR-008,5338,L,200,0,2,0,2,Approved,Approved,Approved - First Pass,2026-10-09 13:49:56.817,—,Ana Silva
LOTE-SK-M-SOP-015-4960,LOTE-M-SOP-015-4960,WO-6445,WO-15575,2026-10-15,Shift 1,HF-001,RS-HF-001,FR-015-rPET-500,1,COR-007,3476,L,200,0,0,0,0,Approved,Approved,Approved - First Pass,2026-10-16 12:45:47.127,—,Carlos Mendes
LOTE-SK-M-SOP-015-4961,LOTE-M-SOP-015-4961,WO-6447,WO-15577,2026-10-16,Shift 1,HF-002,RS-HF-002,FR-015-HDPE-500,1,COR-007,10372,M,315,0,6,0,6,Approved,Approved,Approved - First Pass,2026-10-17 15:13:42.735,—,Carlos Mendes
LOTE-SK-M-SOP-015-4964,LOTE-M-SOP-015-4964,WO-6453,WO-15578,2026-10-20,Shift 2,HF-002,RS-HF-002,FR-015-HDPE-500,1,COR-003,3075,L,200,0,4,0,4,Approved,Approved,Approved - First Pass,2026-10-21 14:23:49.281,—,Ana Silva
LOTE-SK-M-SOP-015-4967,LOTE-M-SOP-015-4967,WO-6459,WO-15580,2026-10-25,Shift 2,HF-002,RS-HF-002,FR-015-rPET-500,1,COR-005,10025,M,315,0,2,0,2,Approved,Approved,Approved - First Pass,2026-10-26 15:45:51.886,—,Carlos Mendes
LOTE-SK-M-SOP-015-4978,LOTE-M-SOP-015-4978,WO-6478,WO-15584,2026-11-07,Shift 3,HF-002,RS-HF-002,FR-015-rPET-500,1,COR-003,3159,L,200,0,3,0,3,Approved,Approved,Approved - First Pass,2026-11-07 21:12:46.516,—,Elena Santos
LOTE-SK-M-SOP-017-4979,LOTE-M-SOP-017-4979,WO-6481,WO-15587,2026-11-08,Shift 2,HF-002,RS-HF-002,FR-017-rPET-600,1,COR-005,21604,M,315,0,0,0,0,Approved,Approved,Approved - First Pass,2026-11-09 20:37:21.177,—,Ana Silva
LOTE-SK-M-SOP-015-4981,LOTE-M-SOP-015-4981,WO-6485,WO-15589,2026-11-11,Shift 1,HF-001,RS-HF-001,FR-015-HDPE-500,1,COR-007,5105,L,200,0,4,0,4,Approved,Approved,Approved - First Pass,2026-11-12 17:49:48.799,—,Ana Silva
LOTE-SK-M-SOP-015-4987,LOTE-M-SOP-015-4987,WO-6495,WO-15591,2026-11-17,Shift 1,HF-001,RS-HF-001,FR-015-PETG-500,1,COR-005,7674,L,200,0,7,0,7,Approved,Approved,Approved - First Pass,2026-11-18 06:24:24.341,—,Carlos Mendes
LOTE-SK-M-SOP-017-4990,LOTE-M-SOP-017-4990,WO-6500,WO-15592,2026-11-20,Shift 1,HF-002,RS-HF-002,FR-017-rPET-600,1,COR-002,6622,L,200,0,2,0,2,Approved,Approved,Approved - First Pass,2026-11-21 18:28:06.626,—,Beatriz Costa
LOTE-SK-M-SOP-015-4994,LOTE-M-SOP-015-4994,WO-6507,WO-15594,2026-11-24,Shift 2,HF-002,RS-HF-002,FR-015-rPET-500,1,COR-007,6111,L,200,0,2,0,2,Approved,Approved,Approved - First Pass,2026-11-25 12:33:30.767,—,Elena Santos
LOTE-SK-M-SOP-017-5001,LOTE-M-SOP-017-5001,WO-6519,WO-15595,2026-12-03,Shift 3,HF-001,RS-HF-001,FR-017-rPET-600,1,COR-002,14824,M,315,1,2,0,3,Rejected,Rejected,Rejected - Scrapped,2026-12-04 08:14:43.954,Foil Adhesion:1(Re=1),Diogo Ferreira
LOTE-SK-M-SOP-015-5011,LOTE-M-SOP-015-5011,WO-6539,WO-15600,2026-12-16,Shift 1,HF-002,RS-HF-002,FR-015-HDPE-500,1,COR-008,2624,L,200,0,2,0,2,Approved,Approved,Approved - First Pass,2026-12-17 16:30:02.119,—,Ana Silva
LOTE-SK-M-SOP-015-5015,LOTE-M-SOP-015-5015,WO-6544,WO-15602,2026-12-19,SHIFT 3,HF-001,RS-HF-001,FR-015-HDPE-500,1,COR-004,11148,M,315,0,4,0,4,Approved,Approved,Approved - First Pass,2026-12-20 22:33:01.789,—,Ana Silva
LOTE-SK-M-SOP-015-5020,LOTE-M-SOP-015-5020,WO-6555,WO-15607,2026-12-27,Shift 2,HF-002,RS-HF-002,FR-015-rPET-500,1,COR-006,10931,M,315,0,1,0,1,Approved,Approved,Approved - First Pass,2026-12-28 16:24:43.919,—,Ana Silva
LOTE-SK-M-SOP-022-5026,LOTE-M-SOP-022-5026,WO-6565,WO-15612,2025-07-03,Shift 1,HF-002,RS-HF-002,FR-022-PP-PCR-1000,1,COR-006,3769,L,200,0,2,0,2,Approved,Approved,Approved - First Pass,2025-07-04 13:33:30.766,—,Ana Silva
LOTE-SK-M-SOP-022-5027,LOTE-M-SOP-022-5027,WO-6566,WO-15613,2025-07-03,Shift 1,HF-001,RS-HF-001,FR-022-HDPE-PCR-1000,1,COR-007,5906,L,200,0,1,0,1,Approved,Approved,Approved - First Pass,2025-07-04 10:08:13.537,—,Beatriz Costa
LOTE-SK-M-SOP-019-5034,LOTE-M-SOP-019-5034,WO-6580,WO-15620,2025-07-12,Shift 2,HF-001,RS-HF-001,FR-019-HDPE-600,1,COR-003,15343,M,315,0,2,0,2,Approved,Approved,Approved - First Pass,2025-07-13 23:00:58.535,—,Elena Santos
LOTE-SK-M-SOP-019-5035,LOTE-M-SOP-019-5035,WO-6582,WO-15622,2025-07-14,Shift 3,HF-001,RS-HF-001,FR-019-HDPE-600,1,COR-007,5740,L,200,0,3,0,3,Approved,Approved,Approved - First Pass,2025-07-14 22:47:40.966,—,Diogo Ferreira
LOTE-SK-M-SOP-022-5039,LOTE-M-SOP-022-5039,WO-6590,WO-15628,2025-07-20,Shift 1,HF-002,RS-HF-002,FR-022-HDPE-PCR-1000,1,COR-006,9703,L,200,0,5,0,5,Approved,Approved,Approved - First Pass,2025-07-21 10:26:34.251,—,Ana Silva
LOTE-SK-M-SOP-022-5044,LOTE-M-SOP-022-5044,WO-6599,WO-15633,2025-07-26,Shift 2,HF-001,RS-HF-001,FR-022-HDPE-PCR-1000,1,COR-001,7694,L,200,1,3,0,4,Rejected,Rejected,Rejected - Scrapped,2025-07-27 14:24:49.273,Foil Adhesion:1(Re=1),Elena Santos
LOTE-SK-M-SOP-019-5045,LOTE-M-SOP-019-5045,WO-6602,WO-15636,2025-07-28,Shift 1,HF-001,RS-HF-001,FR-019-PETG-750,1,COR-002,19881,M,315,0,1,0,1,Approved,Approved,Approved - First Pass,2025-07-29 06:26:24.192,—,Ana Silva
LOTE-SK-M-SOP-019-5047,LOTE-M-SOP-019-5047,WO-6607,WO-15638,2025-07-31,Shift 2,HF-001,RS-HF-001,FR-019-PETG-750,1,COR-003,12608,M,315,0,0,0,0,Approved,Approved,Approved - First Pass,2025-08-02 00:52:37.082,—,Carlos Mendes
LOTE-SK-M-SOP-019-5048,LOTE-M-SOP-019-5048,WO-6609,WO-15640,2025-08-02,Shift 1,HF-001,RS-HF-001,FR-019-HDPE-600,1,COR-007,14167,M,315,0,0,0,0,Approved,Approved,Approved - First Pass,2025-08-03 21:38:09.541,—,Elena Santos
LOTE-SK-M-SOP-022-5053,LOTE-M-SOP-022-5053,WO-6620,WO-15647,2025-08-10,  Shift 2  ,HF-002,RS-HF-002,FR-022-HDPE-PCR-1000,1,COR-007,6854,L,200,0,0,0,0,Approved,Approved,Approved - First Pass,2025-08-11 11:01:25.181,—,Beatriz Costa
LOTE-SK-M-SOP-019-5054,LOTE-M-SOP-019-5054,WO-6622,WO-15649,2025-08-12,Shift 2,HF-001,RS-HF-001,FR-019-MDPE-750,1,COR-005,13288,M,315,0,2,0,2,Approved,Approved,Approved - First Pass,2025-08-14 03:31:54.092,—,Elena Santos
LOTE-SK-M-SOP-022-5055,LOTE-M-SOP-022-5055,WO-6624,WO-15651,2025-08-14,Shift 1,HF-001,RS-HF-001,FR-022-PVC-1000,1,COR-008,5483,L,200,0,3,0,3,Approved,Approved,Approved - First Pass,2025-08-15 16:18:41.685,—,Ana Silva
LOTE-SK-M-SOP-022-5068,LOTE-M-SOP-022-5068,WO-6642,WO-15661,2025-08-26,Shift 1,HF-001,RS-HF-001,FR-022-PVC-1000,1,COR-006,2031,L,200,0,0,0,0,Approved,Approved,Approved - First Pass,2025-08-27 02:31:49.666,—,Ana Silva
LOTE-SK-M-SOP-022-5078,LOTE-M-SOP-022-5078,WO-6657,WO-15666,2025-09-06,Shift 2,HF-002,RS-HF-002,FR-022-PP-PCR-1000,1,COR-003,4196,L,200,0,0,0,0,Approved,Approved,Approved - First Pass,2025-09-07 18:27:56.531,—,Beatriz Costa
LOTE-SK-M-SOP-022-5079,LOTE-M-SOP-022-5079,WO-6659,WO-15668,2025-09-08,Shift 1,HF-002,RS-HF-002,FR-022-HDPE-PCR-1000,1,COR-007,7287,L,200,0,1,0,1,Approved,Approved,Approved - First Pass,2025-09-08 22:25:10.988,—,Diogo Ferreira
LOTE-SK-M-SOP-022-5081,LOTE-M-SOP-022-5081,WO-6662,WO-15671,2025-09-10,Shift 3,HF-001,RS-HF-001,FR-022-HDPE-PCR-1000,1,COR-002,2674,L,200,0,2,0,2,Approved,Approved,Approved - First Pass,2025-09-11 00:56:30.484,—,Beatriz Costa
LOTE-SK-M-SOP-019-5082,LOTE-M-SOP-019-5082,WO-6663,WO-15672,2025-09-10,Shift 1,HF-002,RS-HF-002,FR-019-MDPE-750,1,COR-007,8068,L,200,0,1,0,1,Approved,Approved,Approved - First Pass,2025-09-11 07:18:51.176,—,Carlos Mendes
LOTE-SK-M-SOP-019-5084,LOTE-M-SOP-019-5084,WO-6666,WO-15674,2025-09-12,Shift 1,HF-001,RS-HF-001,FR-019-PETG-750,1,COR-002,9377,L,200,0,1,0,1,Approved,Approved,Approved - First Pass,2025-09-13 03:00:06.802,—,Beatriz Costa
LOTE-SK-M-SOP-019-5096,LOTE-M-SOP-019-5096,WO-6693,WO-15694,2025-10-01,Shift 2,HF-002,RS-HF-002,FR-019-PETG-750,1,COR-003,23053,M,315,0,2,0,2,Approved,Approved,Approved - First Pass,2025-10-02 18:14:50.865,—,Carlos Mendes
LOTE-SK-M-SOP-022-5097,LOTE-M-SOP-022-5097,WO-6696,WO-15697,2025-10-03,Shift 1,HF-001,RS-HF-001,FR-022-PP-PCR-1000,1,COR-008,8013,L,200,0,1,0,1,Approved,Approved,Approved - First Pass,2025-10-04 09:27:38.035,—,Beatriz Costa
LOTE-SK-M-SOP-022-5099,LOTE-M-SOP-022-5099,WO-6700,WO-15701,2025-10-05,Shift 3,HF-002,RS-HF-002,FR-022-HDPE-PCR-1000,1,COR-001,14572,M,315,0,3,0,3,Approved,Approved,Approved - First Pass,2025-10-06 22:55:47.496,—,Ana Silva
LOTE-SK-M-SOP-022-5100,LOTE-M-SOP-022-5100,WO-6701,WO-15702,2025-10-07,Shift 1,HF-001,RS-HF-001,FR-022-PP-PCR-1000,1,COR-001,4429,L,200,0,2,0,2,Approved,Approved,Approved - First Pass,2025-10-08 14:07:50.708,—,Beatriz Costa
LOTE-SK-M-SOP-022-5101,LOTE-M-SOP-022-5101,WO-6702,WO-15703,2025-10-07,SHIFT 3,HF-002,RS-HF-002,FR-022-PET-1000,1,COR-008,5190,L,200,0,2,0,2,Approved,Approved,Approved - First Pass,2025-10-07 14:35:32.861,—,Beatriz Costa
LOTE-SK-M-SOP-022-5103,LOTE-M-SOP-022-5103,WO-6706,WO-15705,2025-10-10,Shift 3,HF-001,RS-HF-001,FR-022-PET-1000,1,COR-007,7754,L,200,0,1,0,1,Approved,Approved,Approved - First Pass,2025-10-11 11:38:05.540,—,Beatriz Costa
LOTE-SK-M-SOP-019-5105,LOTE-M-SOP-019-5105,WO-6709,WO-15708,2025-10-12,Shift 2,HF-001,RS-HF-001,FR-019-MDPE-750,1,COR-007,8345,L,200,0,4,0,4,Approved,Approved,Approved - First Pass,2025-10-13 19:05:23.475,—,Carlos Mendes
LOTE-SK-M-SOP-022-5110,LOTE-M-SOP-022-5110,WO-6716,WO-15713,2025-10-16,Shift 1,HF-001,RS-HF-001,FR-022-PP-PCR-1000,1,COR-006,4270,L,200,0,0,0,0,Approved,Approved,Approved - First Pass,2025-10-17 02:58:58.786,—,Elena Santos
LOTE-SK-M-SOP-022-5112,LOTE-M-SOP-022-5112,WO-6718,WO-15714,2025-10-17,Shift 2,HF-001,RS-HF-001,FR-022-HDPE-PCR-1000,1,COR-001,4293,L,200,0,1,0,1,Approved,Approved,Approved - First Pass,2025-10-18 03:13:17.729,—,Diogo Ferreira
LOTE-SK-M-SOP-019-5115,LOTE-M-SOP-019-5115,WO-6724,WO-15717,2025-10-22,Shift 3,HF-002,RS-HF-002,FR-019-MDPE-750,1,COR-003,3785,L,200,0,4,0,4,Approved,Approved,Approved - First Pass,2025-10-22 18:53:24.006,—,Ana Silva
LOTE-SK-M-SOP-019-5119,LOTE-M-SOP-019-5119,WO-6733,WO-15719,2025-10-28,Shift 3,HF-002,RS-HF-002,FR-019-MDPE-750,1,COR-005,17710,M,315,0,3,0,3,Approved,Approved,Approved - First Pass,2025-10-29 05:00:10.539,—,Ana Silva
LOTE-SK-M-SOP-019-5122,LOTE-M-SOP-019-5122,WO-6740,WO-15724,2025-11-02,Shift 1,HF-001,RS-HF-001,FR-019-PETG-750,1,COR-002,11387,M,315,0,2,0,2,Approved,Approved,Approved - First Pass,2025-11-03 12:20:18.051,—,Beatriz Costa
LOTE-SK-M-SOP-022-5124,LOTE-M-SOP-022-5124,WO-6746,WO-15730,2025-11-07,Shift 3,HF-002,RS-HF-002,FR-022-PP-PCR-1000,1,COR-004,19273,M,315,0,1,0,1,Approved,Approved,Approved - First Pass,2025-11-08 09:14:47.106,—,Beatriz Costa
LOTE-SK-M-SOP-022-5125,LOTE-M-SOP-022-5125,WO-6749,WO-15733,2025-11-09,Shift 1,HF-002,RS-HF-002,FR-022-PET-1000,1,COR-001,8896,L,200,0,3,0,3,Approved,Approved,Approved - First Pass,2025-11-10 06:00:06.614,—,Beatriz Costa
LOTE-SK-M-SOP-022-5126,LOTE-M-SOP-022-5126,WO-6750,WO-15734,2025-11-09,Shift 1,HF-001,RS-HF-001,FR-022-PP-PCR-1000,1,COR-003,4555,L,200,0,3,0,3,Approved,Approved,Approved - First Pass,2025-11-10 13:56:17.911,—,Carlos Mendes
LOTE-SK-M-SOP-019-5128,LOTE-M-SOP-019-5128,WO-6755,WO-15739,2025-11-12,Shift 1,HF-001,RS-HF-001,FR-019-MDPE-750,1,COR-002,13315,M,315,0,5,0,5,Approved,Approved,Approved - First Pass,2025-11-13 13:03:04.508,—,Ana Silva
LOTE-SK-M-SOP-019-5138,LOTE-M-SOP-019-5138,WO-6770,WO-15750,2025-11-23,Shift 2,HF-001,RS-HF-001,FR-019-HDPE-600,1,COR-006,17911,M,315,0,9,0,9,Approved,Approved,Approved - First Pass,2025-11-24 18:29:07.257,—,Carlos Mendes
LOTE-SK-M-SOP-022-5147,LOTE-M-SOP-022-5147,WO-6787,WO-15764,2025-12-05,Shift 3,HF-001,RS-HF-001,FR-022-PVC-1000,1,COR-006,10871,M,315,0,1,0,1,Approved,Approved,Approved - First Pass,2025-12-05 21:44:12.560,—,Diogo Ferreira
LOTE-SK-M-SOP-022-5150,LOTE-M-SOP-022-5150,WO-6795,WO-15770,2025-12-11,Shift 1,HF-002,RS-HF-002,FR-022-PVC-1000,1,COR-002,14392,M,315,1,3,0,4,Rejected,Rejected,Rejected - Scrapped,2025-12-12 05:17:06.638,Foil Transfer:1(Re=1),Ana Silva
LOTE-SK-M-SOP-022-5159,LOTE-M-SOP-022-5159,WO-6811,WO-15774,2025-12-22,Shift 1,HF-001,RS-HF-001,FR-022-PET-1000,1,COR-008,5760,L,200,0,3,0,3,Approved,Approved,Approved - First Pass,2025-12-23 15:24:36.925,—,Elena Santos
LOTE-SK-M-SOP-022-5164,LOTE-M-SOP-022-5164,WO-6822,WO-15781,2025-12-28,  Shift 1  ,HF-001,RS-HF-001,FR-022-HDPE-PCR-1000,1,COR-004,10067,M,315,0,1,0,1,Approved,Approved,Approved - First Pass,2025-12-29 10:12:11.201,—,Carlos Mendes
LOTE-SK-M-SOP-022-5167,LOTE-M-SOP-022-5167,WO-6829,WO-15787,2026-01-02,Shift 3,HF-002,RS-HF-002,FR-022-PET-1000,1,COR-001,13354,M,315,0,3,0,3,Approved,Approved,Approved - First Pass,2026-01-04 00:10:04.793,—,Carlos Mendes
LOTE-SK-M-SOP-022-5170,LOTE-M-SOP-022-5170,WO-6833,WO-15790,2026-01-06,Shift 3,HF-001,RS-HF-001,FR-022-PVC-1000,1,COR-001,2586,L,200,0,3,0,3,Approved,Approved,Approved - First Pass,2026-01-06 12:54:34.534,—,Carlos Mendes
LOTE-SK-M-SOP-019-5175,LOTE-M-SOP-019-5175,WO-6841,WO-15796,2026-01-12,SHIFT 3,HF-001,RS-HF-001,FR-019-HDPE-600,1,COR-003,7530,L,200,0,2,0,2,Approved,Approved,Approved - First Pass,2026-01-13 10:09:55.643,—,Elena Santos
LOTE-SK-M-SOP-019-5176,LOTE-M-SOP-019-5176,WO-6844,WO-15799,2026-01-13,Shift 1,HF-002,RS-HF-002,FR-019-MDPE-750,1,COR-001,16791,M,315,1,5,0,6,Rejected,Rejected,Rejected - Scrapped,2026-01-14 15:55:49.828,Foil Transfer:1(Re=1),Beatriz Costa
LOTE-SK-M-SOP-019-5177,LOTE-M-SOP-019-5177,WO-6847,WO-15802,2026-01-15,Shift 2,HF-002,RS-HF-002,FR-019-PETG-750,1,COR-006,14186,M,315,0,1,0,1,Approved,Approved,Approved - First Pass,2026-01-17 02:57:16.496,—,Beatriz Costa
LOTE-SK-M-SOP-019-5181,LOTE-M-SOP-019-5181,WO-6854,WO-15807,2026-01-20,Shift 1,HF-001,RS-HF-001,FR-019-PETG-750,1,COR-004,7525,L,200,0,5,0,5,Approved,Approved,Approved - First Pass,2026-01-21 11:12:34.539,—,Diogo Ferreira
LOTE-SK-M-SOP-019-5182,LOTE-M-SOP-019-5182,WO-6857,WO-15810,2026-01-22,Shift 3,HF-002,RS-HF-002,FR-019-PETG-750,1,COR-008,20395,M,315,0,3,0,3,Approved,Approved,Approved - First Pass,2026-01-24 07:02:33.537,—,Diogo Ferreira
LOTE-SK-M-SOP-022-5186,LOTE-M-SOP-022-5186,WO-6865,WO-15815,2026-01-29,Shift 1,HF-001,RS-HF-001,FR-022-HDPE-PCR-1000,1,COR-007,10951,M,315,0,1,0,1,Approved,Approved,Approved - First Pass,2026-01-30 12:19:20.686,—,Ana Silva
LOTE-SK-M-SOP-022-5188,LOTE-M-SOP-022-5188,WO-6868,WO-15818,2026-01-30,Shift 2,HF-001,RS-HF-001,FR-022-PVC-1000,1,COR-002,352,L,200,0,1,0,1,Approved,Approved,Approved - First Pass,2026-01-31 11:27:17.590,—,Diogo Ferreira
LOTE-SK-M-SOP-022-5196,LOTE-M-SOP-022-5196,WO-6883,WO-15825,2026-02-09,Shift 2,HF-001,RS-HF-001,FR-022-PVC-1000,1,COR-008,8825,L,200,1,1,0,2,Rejected,Rejected,Rejected - Scrapped,2026-02-10 12:23:23.458,Foil Transfer:1(Re=1),Carlos Mendes
LOTE-SK-M-SOP-022-5199,LOTE-M-SOP-022-5199,WO-6887,WO-15829,2026-02-12,Shift 3,HF-001,RS-HF-001,FR-022-HDPE-PCR-1000,1,COR-001,3031,L,200,0,3,0,3,Approved,Approved,Approved - First Pass,2026-02-14 04:08:33.779,—,Carlos Mendes
LOTE-SK-M-SOP-019-5204,LOTE-M-SOP-019-5204,WO-6894,WO-15832,2026-02-16,Shift 2,HF-002,RS-HF-002,FR-019-HDPE-600,1,COR-005,8409,L,200,0,1,0,1,Approved,Approved,Approved - First Pass,2026-02-17 13:57:44.414,—,Ana Silva
LOTE-SK-M-SOP-022-5206,LOTE-M-SOP-022-5206,WO-6896,WO-15833,2026-02-18,Shift 3,HF-002,RS-HF-002,FR-022-PET-1000,1,COR-001,4602,L,200,0,0,0,0,Approved,Approved,Approved - First Pass,2026-02-18 22:47:55.850,—,Diogo Ferreira
LOTE-SK-M-SOP-022-5214,LOTE-M-SOP-022-5214,WO-6913,WO-15840,2026-03-01,  Shift 2  ,HF-001,RS-HF-001,FR-022-HDPE-PCR-1000,1,COR-005,3514,L,200,0,2,0,2,Approved,Approved,Approved - First Pass,2026-03-02 14:23:00.091,—,Ana Silva
LOTE-SK-M-SOP-022-5215,LOTE-M-SOP-022-5215,WO-6915,WO-15842,2026-03-03,Shift 1,HF-001,RS-HF-001,FR-022-PVC-1000,1,COR-002,10176,M,315,0,3,0,3,Approved,Approved,Approved - First Pass,2026-03-04 08:08:53.994,—,Diogo Ferreira
LOTE-SK-M-SOP-022-5218,LOTE-M-SOP-022-5218,WO-6921,WO-15843,2026-03-06,Shift 2,HF-001,RS-HF-001,FR-022-HDPE-PCR-1000,1,COR-003,5394,L,200,0,0,0,0,Approved,Approved,Approved - First Pass,2026-03-07 20:32:43.363,—,Diogo Ferreira
LOTE-SK-M-SOP-019-5223,LOTE-M-SOP-019-5223,WO-6931,WO-15844,2026-03-13,Shift 3,HF-002,RS-HF-002,FR-019-PETG-750,1,COR-002,5505,L,200,0,2,0,2,Approved,Approved,Approved - First Pass,2026-03-14 09:23:11.987,—,Elena Santos
LOTE-SK-M-SOP-019-5226,LOTE-M-SOP-019-5226,WO-6937,WO-15850,2026-03-17,Shift 3,HF-001,RS-HF-001,FR-019-MDPE-750,1,COR-005,19855,M,315,1,2,0,3,Rejected,Approved,Approved - Reworked,2026-03-18 01:16:36.166,—,Diogo Ferreira
LOTE-SK-M-SOP-022-5228,LOTE-M-SOP-022-5228,WO-6940,WO-15853,2026-03-19,SHIFT 2,HF-001,RS-HF-001,FR-022-PVC-1000,1,COR-008,9323,L,200,0,1,0,1,Approved,Approved,Approved - First Pass,2026-03-20 20:45:33.510,—,Diogo Ferreira
LOTE-SK-M-SOP-022-5232,LOTE-M-SOP-022-5232,WO-6949,WO-15858,2026-03-26,Shift 3,HF-002,RS-HF-002,FR-022-HDPE-PCR-1000,1,COR-006,17979,M,315,0,3,0,3,Approved,Approved,Approved - First Pass,2026-03-27 04:40:43.311,—,Carlos Mendes
LOTE-SK-M-SOP-022-5234,LOTE-M-SOP-022-5234,WO-6954,WO-15863,2026-03-29,Shift 3,HF-002,RS-HF-002,FR-022-PET-1000,1,COR-008,7620,L,200,0,1,0,1,Approved,Approved,Approved - First Pass,2026-03-29 23:51:54.104,—,Ana Silva
LOTE-SK-M-SOP-019-5241,LOTE-M-SOP-019-5241,WO-6966,WO-15869,2026-04-06,Shift 2,HF-001,RS-HF-001,FR-019-PETG-750,1,COR-007,14473,M,315,0,2,0,2,Approved,Approved,Approved - First Pass,2026-04-08 06:43:01.561,—,Diogo Ferreira
LOTE-SK-M-SOP-022-5242,LOTE-M-SOP-022-5242,WO-6967,WO-15870,2026-04-07,  Shift 1  ,HF-001,RS-HF-001,FR-022-HDPE-PCR-1000,1,COR-007,1216,L,200,0,1,0,1,Approved,Approved,Approved - First Pass,2026-04-08 08:03:38.199,—,Elena Santos
LOTE-SK-M-SOP-022-5244,LOTE-M-SOP-022-5244,WO-6971,WO-15873,2026-04-10,Shift 3,HF-001,RS-HF-001,FR-022-PVC-1000,1,COR-006,10316,M,315,0,3,0,3,Approved,Approved,Approved - First Pass,2026-04-10 15:32:08.334,—,Beatriz Costa
LOTE-SK-M-SOP-022-5249,LOTE-M-SOP-022-5249,WO-6979,WO-15876,2026-04-15,Shift 3,HF-001,RS-HF-001,FR-022-PET-1000,1,COR-008,3602,L,200,0,0,0,0,Approved,Approved,Approved - First Pass,2026-04-16 03:58:40.836,—,Diogo Ferreira
LOTE-SK-M-SOP-019-5252,LOTE-M-SOP-019-5252,WO-6984,WO-15877,2026-04-17,Shift 1,HF-002,RS-HF-002,FR-019-HDPE-600,1,COR-008,4646,L,200,0,1,0,1,Approved,Approved,Approved - First Pass,2026-04-18 12:04:09.171,—,Carlos Mendes
LOTE-SK-M-SOP-022-5254,LOTE-M-SOP-022-5254,WO-6989,WO-15882,2026-04-20,Shift 2,HF-001,RS-HF-001,FR-022-PET-1000,1,COR-007,10036,M,315,0,3,0,3,Approved,Approved,Approved - First Pass,2026-04-21 08:41:26.922,—,Carlos Mendes
LOTE-SK-M-SOP-022-5258,LOTE-M-SOP-022-5258,WO-6995,WO-15886,2026-04-25,Shift 1,HF-001,RS-HF-001,FR-022-PET-1000,1,COR-006,10821,M,315,0,0,0,0,Approved,Approved,Approved - First Pass,2026-04-25 20:57:37.161,—,Diogo Ferreira
LOTE-SK-M-SOP-019-5264,LOTE-M-SOP-019-5264,WO-7009,WO-15895,2026-05-03,Shift 3,HF-001,RS-HF-001,FR-019-HDPE-600,1,COR-004,18389,M,315,1,3,0,4,Rejected,Rejected,Rejected - Scrapped,2026-05-05 04:42:20.354,Foil Transfer:1(Re=1),Diogo Ferreira
LOTE-SK-M-SOP-019-5266,LOTE-M-SOP-019-5266,WO-7014,WO-15897,2026-05-07,Shift 1,HF-002,RS-HF-002,FR-019-HDPE-600,1,COR-007,11900,M,315,0,1,0,1,Approved,Approved,Approved - First Pass,2026-05-08 07:04:57.416,—,Beatriz Costa
LOTE-SK-M-SOP-022-5268,LOTE-M-SOP-022-5268,WO-7018,WO-15901,2026-05-10,Shift 2,HF-001,RS-HF-001,FR-022-PET-1000,1,COR-008,4408,L,200,0,0,0,0,Approved,Approved,Approved - First Pass,2026-05-12 02:48:47.781,—,Beatriz Costa
LOTE-SK-M-SOP-022-5270,LOTE-M-SOP-022-5270,WO-7023,WO-15903,2026-05-14,shift 1,HF-001,RS-HF-001,FR-022-HDPE-PCR-1000,1,COR-008,10717,M,315,1,3,0,4,Rejected,Rejected,Rejected - Scrapped,2026-05-15 20:32:48.343,Foil Transfer:1(Re=1),Carlos Mendes
LOTE-SK-M-SOP-019-5271,LOTE-M-SOP-019-5271,WO-7026,WO-15906,2026-05-16,SHIFT 1,HF-001,RS-HF-001,FR-019-MDPE-750,1,COR-002,20997,M,315,0,5,0,5,Approved,Approved,Approved - First Pass,2026-05-17 23:05:08.897,—,Ana Silva
LOTE-SK-M-SOP-022-5275,LOTE-M-SOP-022-5275,WO-7033,WO-15911,2026-05-20,Shift 2,HF-002,RS-HF-002,FR-022-PET-1000,1,COR-003,4463,L,200,0,5,0,5,Approved,Approved,Approved - First Pass,2026-05-21 14:23:20.323,—,Elena Santos
LOTE-SK-M-SOP-022-5284,LOTE-M-SOP-022-5284,WO-7049,WO-15917,2026-05-30,Shift 2,HF-002,RS-HF-002,FR-022-PP-PCR-1000,1,COR-004,3564,L,200,0,1,0,1,Approved,Approved,Approved - First Pass,2026-05-31 20:17:29.336,—,Beatriz Costa
LOTE-SK-M-SOP-022-5287,LOTE-M-SOP-022-5287,WO-7054,WO-15922,2026-06-03,Shift 3,HF-002,RS-HF-002,FR-022-PP-PCR-1000,1,COR-004,9252,L,200,0,0,0,0,Approved,Approved,Approved - First Pass,2026-06-04 11:29:36.265,—,Diogo Ferreira
LOTE-SK-M-SOP-019-5290,LOTE-M-SOP-019-5290,WO-7058,WO-15924,2026-06-04,Shift 2,HF-001,RS-HF-001,FR-019-HDPE-600,1,COR-006,2935,L,200,0,0,0,0,Approved,Approved,Approved - First Pass,2026-06-05 22:25:45.171,—,Diogo Ferreira
LOTE-SK-M-SOP-022-5293,LOTE-M-SOP-022-5293,WO-7066,WO-15926,2026-06-10,Shift 3,HF-002,RS-HF-002,FR-022-PET-1000,1,COR-002,6583,L,200,0,0,0,0,Approved,Approved,Approved - First Pass,2026-06-11 09:48:42.360,—,Elena Santos
LOTE-SK-M-SOP-019-5302,LOTE-M-SOP-019-5302,WO-7082,WO-15931,2026-06-22,  Shift 3  ,HF-002,RS-HF-002,FR-019-MDPE-750,1,COR-005,6299,L,200,0,1,0,1,Approved,Approved,Approved - First Pass,2026-06-23 12:26:26.022,—,Beatriz Costa
LOTE-SK-M-SOP-019-5304,LOTE-M-SOP-019-5304,WO-7086,WO-15934,2026-06-23,Shift 3,HF-002,RS-HF-002,FR-019-HDPE-600,1,COR-008,16255,M,315,0,0,0,0,Approved,Approved,Approved - First Pass,2026-06-25 13:35:12.801,—,Ana Silva
LOTE-SK-M-SOP-019-5306,LOTE-M-SOP-019-5306,WO-7091,WO-15936,2026-06-27,Shift 1,HF-001,RS-HF-001,FR-019-HDPE-600,1,COR-006,12614,M,315,0,4,0,4,Approved,Approved,Approved - First Pass,2026-06-28 08:07:00.933,—,Diogo Ferreira
LOTE-SK-M-SOP-019-5322,LOTE-M-SOP-019-5322,WO-7120,WO-15948,2026-07-18,Shift 2,HF-002,RS-HF-002,FR-019-MDPE-750,1,COR-006,4226,L,200,0,1,0,1,Approved,Approved,Approved - First Pass,2026-07-19 07:27:32.969,—,Beatriz Costa
LOTE-SK-M-SOP-022-5324,LOTE-M-SOP-022-5324,WO-7122,WO-15949,2026-07-20,Shift 1,HF-001,RS-HF-001,FR-022-HDPE-PCR-1000,1,COR-004,1008,L,200,0,0,0,0,Approved,Approved,Approved - First Pass,2026-07-21 00:11:29.425,—,Elena Santos
LOTE-SK-M-SOP-022-5336,LOTE-M-SOP-022-5336,WO-7140,WO-15959,2026-07-30,shift 2,HF-002,RS-HF-002,FR-022-PP-PCR-1000,1,COR-001,4326,L,200,1,1,0,2,Rejected,Rejected,Rejected - Scrapped,2026-07-31 20:28:02.329,Foil Adhesion:1(Re=1),Carlos Mendes
LOTE-SK-M-SOP-022-5340,LOTE-M-SOP-022-5340,WO-7148,WO-15965,2026-08-06,Shift 1,HF-002,RS-HF-002,FR-022-HDPE-PCR-1000,1,COR-004,12308,M,315,0,1,0,1,Approved,Approved,Approved - First Pass,2026-08-07 05:55:22.439,—,Carlos Mendes
LOTE-SK-M-SOP-022-5348,LOTE-M-SOP-022-5348,WO-7160,WO-15970,2026-08-15,Shift 3,HF-001,RS-HF-001,FR-022-PVC-1000,1,COR-003,12956,M,315,0,10,0,10,Approved,Approved,Approved - First Pass,2026-08-16 07:53:03.987,—,Elena Santos
LOTE-SK-M-SOP-022-5356,LOTE-M-SOP-022-5356,WO-7177,WO-15983,2026-08-27,Shift 2,HF-002,RS-HF-002,FR-022-PET-1000,1,COR-003,5512,L,200,0,4,0,4,Approved,Approved,Approved - First Pass,2026-08-28 17:55:51.745,—,Beatriz Costa
LOTE-SK-M-SOP-022-5363,LOTE-M-SOP-022-5363,WO-7190,WO-15988,2026-09-05,Shift 1,HF-002,RS-HF-002,FR-022-PP-PCR-1000,1,COR-004,148,L,200,0,2,0,2,Approved,Approved,Approved - First Pass,2026-09-06 12:03:03.338,—,Ana Silva
LOTE-SK-M-SOP-022-5367,LOTE-M-SOP-022-5367,WO-7197,WO-15992,2026-09-09,Shift 3,HF-002,RS-HF-002,FR-022-PP-PCR-1000,1,COR-006,4184,L,200,1,2,0,3,Rejected,Rejected,Rejected - Scrapped,2026-09-09 16:02:29.456,Foil Transfer:1(Re=1),Carlos Mendes
LOTE-SK-M-SOP-022-5369,LOTE-M-SOP-022-5369,WO-7202,WO-15997,2026-09-12,Shift 3,HF-002,RS-HF-002,FR-022-PVC-1000,1,COR-006,9506,L,200,0,2,0,2,Approved,Approved,Approved - First Pass,2026-09-13 03:38:10.236,—,Beatriz Costa
LOTE-SK-M-SOP-022-5373,LOTE-M-SOP-022-5373,WO-7209,WO-16003,2026-09-16,Shift 2,HF-001,RS-HF-001,FR-022-HDPE-PCR-1000,1,COR-007,4166,L,200,0,3,0,3,Approved,Approved,Approved - First Pass,2026-09-17 10:54:29.756,—,Beatriz Costa
LOTE-SK-M-SOP-022-5380,LOTE-M-SOP-022-5380,WO-7223,WO-16011,2026-09-27,  Shift 2  ,HF-002,RS-HF-002,FR-022-PVC-1000,1,COR-003,10320,M,315,0,1,0,1,Approved,Approved,Approved - First Pass,2026-09-28 07:56:30.707,—,Ana Silva
LOTE-SK-M-SOP-022-5383,LOTE-M-SOP-022-5383,WO-7227,WO-16015,2026-09-29,Shift 1,HF-002,RS-HF-002,FR-022-HDPE-PCR-1000,1,COR-007,5022,L,200,0,1,0,1,Approved,Approved,Approved - First Pass,2026-09-30 14:56:04.620,—,Elena Santos
LOTE-SK-M-SOP-019-5387,LOTE-M-SOP-019-5387,WO-7235,WO-16018,2026-10-06,Shift 1,HF-001,RS-HF-001,FR-019-MDPE-750,1,COR-002,23198,M,315,0,3,0,3,Approved,Approved,Approved - First Pass,2026-10-07 17:08:49.481,—,Beatriz Costa
LOTE-SK-M-SOP-019-5397,LOTE-M-SOP-019-5397,WO-7250,WO-16023,2026-10-14,Shift 2,HF-001,RS-HF-001,FR-019-HDPE-600,1,COR-003,3165,L,200,0,1,0,1,Approved,Approved,Approved - First Pass,2026-10-15 22:53:19.686,—,Ana Silva
LOTE-SK-M-SOP-022-5398,LOTE-M-SOP-022-5398,WO-7251,WO-16024,2026-10-16,Shift 1,HF-002,RS-HF-002,FR-022-HDPE-PCR-1000,1,COR-007,3315,L,200,0,3,0,3,Approved,Approved,Approved - First Pass,2026-10-17 05:41:21.687,—,Diogo Ferreira
LOTE-SK-M-SOP-019-5401,LOTE-M-SOP-019-5401,WO-7255,WO-16028,2026-10-19,SHIFT 3,HF-002,RS-HF-002,FR-019-HDPE-600,1,COR-002,10885,M,315,0,3,0,3,Approved,Approved,Approved - First Pass,2026-10-20 22:09:45.718,—,Diogo Ferreira
LOTE-SK-M-SOP-022-5403,LOTE-M-SOP-022-5403,WO-7260,WO-16033,2026-10-22,Shift 1,HF-002,RS-HF-002,FR-022-PP-PCR-1000,1,COR-004,9510,L,200,0,1,0,1,Approved,Approved,Approved - First Pass,2026-10-23 17:52:22.798,—,Ana Silva
LOTE-SK-M-SOP-019-5421,LOTE-M-SOP-019-5421,WO-7289,WO-16048,2026-11-13,Shift 1,HF-001,RS-HF-001,FR-019-HDPE-600,1,COR-004,2545,L,200,0,1,0,1,Approved,Approved,Approved - First Pass,2026-11-14 13:46:22.738,—,Diogo Ferreira
LOTE-SK-M-SOP-019-5423,LOTE-M-SOP-019-5423,WO-7293,WO-16049,2026-11-15,Shift 1,HF-002,RS-HF-002,FR-019-MDPE-750,1,COR-008,5049,L,200,0,0,0,0,Approved,Approved,Approved - First Pass,2026-11-16 13:09:27.579,—,Ana Silva
LOTE-SK-M-SOP-019-5425,LOTE-M-SOP-019-5425,WO-7296,WO-16050,2026-11-17,Shift 2,HF-002,RS-HF-002,FR-019-MDPE-750,1,COR-003,6944,L,200,0,2,0,2,Approved,Approved,Approved - First Pass,2026-11-18 15:51:07.684,—,Elena Santos
LOTE-SK-M-SOP-022-5431,LOTE-M-SOP-022-5431,WO-7304,WO-16056,2026-11-23,Shift 1,HF-002,RS-HF-002,FR-022-PVC-1000,1,COR-003,5296,L,200,0,1,0,1,Approved,Approved,Approved - First Pass,2026-11-23 20:50:53.025,—,Ana Silva
LOTE-SK-M-SOP-022-5434,LOTE-M-SOP-022-5434,WO-7307,WO-16058,2026-11-25,Shift 2,HF-002,RS-HF-002,FR-022-PP-PCR-1000,1,COR-007,4525,L,200,0,0,0,0,Approved,Approved,Approved - First Pass,2026-11-26 15:45:43.041,—,Beatriz Costa
LOTE-SK-M-SOP-019-5435,LOTE-M-SOP-019-5435,WO-7308,WO-16059,2026-11-26,Shift 2,HF-001,RS-HF-001,FR-019-PETG-750,1,COR-007,6135,L,200,0,3,0,3,Approved,Approved,Approved - First Pass,2026-11-27 20:33:07.311,—,Carlos Mendes
LOTE-SK-M-SOP-022-5442,LOTE-M-SOP-022-5442,WO-7320,WO-16068,2026-12-05,Shift 3,HF-002,RS-HF-002,FR-022-PVC-1000,1,COR-004,9286,L,200,0,4,0,4,Approved,Approved,Approved - First Pass,2026-12-06 03:43:16.282,—,Diogo Ferreira
LOTE-SK-M-SOP-019-5458,LOTE-M-SOP-019-5458,WO-7348,WO-16080,2026-12-24,Shift 1,HF-001,RS-HF-001,FR-019-HDPE-600,1,COR-007,13086,M,315,0,2,0,2,Approved,Approved,Approved - First Pass,2026-12-25 14:51:27.004,—,Diogo Ferreira
LOTE-SK-M-SOP-022-5462,LOTE-M-SOP-022-5462,WO-7356,WO-16083,2026-12-29,Shift 3,HF-001,RS-HF-001,FR-022-PP-PCR-1000,1,COR-005,5023,L,200,0,1,0,1,Approved,Approved,Approved - First Pass,2026-12-30 03:34:53.371,—,Ana Silva
LOTE-RS-HF-001-7790,LOTE-M-SOP-029-3429,WO-3602,WO-16093,2025-11-17,Shift 1,HF-001,RS-HF-001,FR-029-MDPE-5000,1,COR-006,2324,L,200,0,1,0,1,Approved,Approved,Approved - First Pass,2025-11-18 02:22:08.294,—,Beatriz Costa
