SalesOrderId,Date,CustomerId,ProductFamily,Process,ProductId,WorkOrder,LotId,MachineId,ShippedQty,UnitPriceBRL,TotalValueBRL
SO-10000,2025-07-04,CUST-009,Bottle,Blow Molding,FR-007-PP-350,WO-1000,2527231010100001,ISBM-001,6801,0.1741,1184.05
SO-10001,2025-07-05,CUST-006,Bottle,Blow Molding,FR-007-PP-350,WO-1001,2527221010100102,ISBM-001,1545,0.3086,476.79
SO-10002,2025-07-06,CUST-010,Bottle,Blow Molding,FR-007-HDPE-350,WO-1002,2527311010100203,ISBM-001,4246,0.183,777.02
SO-10003,2025-07-06,CUST-002,Bottle,BLOW MOLDING,FR-007-HDPE-350,WO-1003,2527431010100304,ISBM-001,7453,0.2775,2068.21
SO-10004,2025-07-14,CUST-005,Bottle,Blow Molding,FR-001-HDPE-300,WO-1005,2527521010100506,ISBM-001,6660,0.3412,2272.39
SO-10005,2025-07-17,CUST-009,Bottle,Blow Molding,FR-001-rPET-300,WO-1007,2527731010100708,ISBM-001,4064,0.261,1060.7
SO-10006,2025-07-17,CUST-010,Bottle,Blow Molding,FR-001-HDPE-PCR-300,WO-1009,2528111010100910,ISBM-001,5960,0.0876,522.1
SO-10007,2025-07-10,CUST-014,Bottle,Blow Molding,FR-001-HDPE-PCR-300,WO-1010,2528231010101011,ISBM-001,1869,0.0983,183.72
SO-10008,2025-07-15,CUST-009,Bottle,Blow Molding,FR-007-PP-350,WO-1011,2528231010101112,ISBM-001,4895,0.2941,1439.62
SO-10009,2025-07-21,CUST-001,Bottle,BLOW MOLDING,FR-007-PP-350,WO-1012,2528321010101213,ISBM-001,4145,0.3063,1269.61
SO-10010,2025-07-18,CUST-002,Bottle,Blow Molding,FR-001-HDPE-300,WO-1013,2528411010101314,ISBM-001,5498,0.2545,1399.24
SO-10011,2025-07-17,CUST-001,Bottle,Blow Molding,FR-001-HDPE-300,WO-1014,2528531010101415,ISBM-001,3265,0.2391,780.66
SO-10012,2025-07-14,CUST-014,Bottle,Blow Molding,FR-001-HDPE-300,WO-1015,2528521010101516,ISBM-001,3512,0.1198,420.74
SO-10013,2025-07-13,CUST-005,Bottle,Blow Molding,FR-001-HDPE-300,WO-1016,2528631010101617,ISBM-001,3080,0.3375,1039.5
SO-10014,2025-07-23,CUST-014,Bottle,Blow Molding,FR-001-HDPE-300,WO-1017,2528621010101718,ISBM-001,6070,0.0814,494.1
SO-10015,2025-07-25,CUST-003,Bottle,Blow Molding,FR-007-PVC-350,WO-1018,2528711010101819,ISBM-001,10049,0.2626,2638.87
SO-10016,2025-07-21,CUST-007,Bottle,Blow Molding,FR-007-PVC-350,WO-1019,2529131010101920,ISBM-001,7693,0.3111,2393.29
SO-10017,2025-07-18,CUST-001,Bottle,Blow Molding,FR-007-PVC-350,WO-1020,2529231010102021,ISBM-001,10059,0.2367,2380.97
SO-10018,2025-07-25,CUST-002,Bottle,Blow Molding,FR-001-HDPE-PCR-300,WO-1022,2529311010102223,ISBM-001,4993,0.3187,1591.27
SO-10019,2025-07-28,CUST-001,Bottle,Blow Molding,FR-007-HDPE-350,WO-1023,2529431010102324,ISBM-001,4845,0.2395,1160.38
SO-10020,2025-07-29,CUST-009,Bottle,Blow Molding,FR-007-HDPE-350,WO-1024,2529421010102425,ISBM-001,3854,0.1854,714.53
SO-10021,2025-07-23,CUST-008,Bottle,Blow Molding,FR-007-PP-PCR-350,WO-1025,2529521010102526,ISBM-001,6366,0.2058,1310.12
SO-10022,2025-07-28,CUST-010,Bottle,blow molding,FR-007-HDPE-350,WO-1026,2529631010102627,ISBM-001,884,0.2633,232.76
SO-10023,2025-07-29,CUST-006,Bottle,Blow Molding,FR-007-HDPE-350,WO-1027,2529621010102728,ISBM-001,7615,0.1784,1358.52
SO-10024,2025-07-23,CUST-001,Bottle,Blow Molding,FR-007-HDPE-350,WO-1028,2529721010102829,ISBM-001,5682,0.1497,850.6
SO-10025,2025-07-29,CUST-001,Bottle,Blow Molding,FR-001-HDPE-300,WO-1029,2530121010102930,ISBM-001,4854,0.1558,756.25
SO-10026,2025-07-28,CUST-012,Bottle,Blow Molding,FR-001-HDPE-PCR-300,WO-1031,2530331010103132,ISBM-001,2440,0.3459,844.0
SO-10027,2025-07-31,CUST-008,Bottle,BLOW MOLDING,FR-001-HDPE-PCR-300,WO-1032,2530321010103233,ISBM-001,7448,0.1429,1064.32
SO-10028,2025-08-04,CUST-008,Bottle,  Blow Molding  ,FR-001-HDPE-PCR-300,WO-1033,2530411010103334,ISBM-001,2444,0.1556,380.29
SO-10029,2025-08-06,CUST-013,Bottle,Blow Molding,FR-007-rPET-350,WO-1035,2530511010103536,ISBM-001,3087,0.1436,443.29
SO-10030,2025-08-01,CUST-008,Bottle,Blow Molding,FR-007-rPET-350,WO-1036,2530611010103637,ISBM-001,3400,0.2939,999.26
SO-10031,2025-08-07,CUST-003,Bottle,Blow Molding,FR-007-PP-PCR-350,WO-1037,2530731010103738,ISBM-001,7807,0.2932,2289.01
SO-10032,2025-07-31,CUST-009,Bottle,Blow Molding,FR-007-PP-PCR-350,WO-1039,2531121010103940,ISBM-001,6433,0.2056,1322.62
SO-10033,2025-08-06,CUST-010,Bottle,Blow Molding,FR-001-HDPE-300,WO-1040,2531211010104041,ISBM-001,5800,0.1857,1077.06
SO-10034,2025-08-15,CUST-006,Bottle,Blow Molding,FR-001-HDPE-PCR-300,WO-1047,2531711010104748,ISBM-001,4137,0.1677,693.77
SO-10035,2025-08-07,CUST-003,Bottle,Blow Molding,FR-007-HDPE-PCR-350,WO-1049,2532121010104950,ISBM-001,4990,0.1417,707.08
SO-10036,2025-08-11,CUST-005,Bottle,Blow Molding,FR-007-HDPE-PCR-350,WO-1051,2532221010105152,ISBM-001,6305,0.1294,815.87
SO-10037,2025-08-18,CUST-004,Bottle,Blow Molding,FR-007-HDPE-PCR-350,WO-1052,2532321010105253,ISBM-001,6765,0.2761,1867.82
SO-10038,2025-08-18,CUST-012,Bottle,Blow Molding,FR-001-rPET-300,WO-1053,2532411010105354,ISBM-001,4985,0.3297,1643.55
SO-10039,2025-08-09,CUST-010,Bottle,Blow Molding,FR-007-HDPE-PCR-350,WO-1054,2532531010105455,ISBM-001,4075,0.1623,661.37
SO-10040,2025-08-11,CUST-009,Bottle,Blow Molding,FR-007-rPET-350,WO-1055,2532521010105556,ISBM-001,4080,0.3409,1390.87
SO-10041,2025-08-15,CUST-001,Bottle,Blow Molding,FR-007-rPET-350,WO-1056,2532621010105657,ISBM-001,2964,0.1146,339.67
SO-10042,2025-08-14,CUST-002,Bottle,Blow Molding,FR-001-HDPE-PCR-300,WO-1057,2532711010105758,ISBM-001,4182,0.1471,615.17
SO-10043,2025-08-16,CUST-010,Bottle,Blow Molding,FR-007-PVC-350,WO-1058,2533131010105859,ISBM-001,9148,0.0812,742.82
SO-10044,2025-08-23,CUST-007,Bottle,Blow Molding,FR-007-PVC-350,WO-1059,2533131010105960,ISBM-001,3401,0.2103,715.23
SO-10045,2025-08-19,CUST-010,Bottle,Blow Molding,FR-007-HDPE-PCR-350,WO-1060,2533211010106061,ISBM-001,8780,0.1681,1475.92
SO-10046,2025-08-18,CUST-011,Bottle,  Blow Molding  ,FR-007-rPET-350,WO-1062,2533331010106263,ISBM-001,7615,0.0959,730.28
SO-10047,2025-08-22,CUST-002,Bottle,Blow Molding,FR-001-HDPE-300,WO-1064,2533511010106465,ISBM-001,3084,0.2508,773.47
SO-10048,2025-08-25,CUST-014,Bottle,Blow Molding,FR-001-HDPE-300,WO-1065,2533631010106566,ISBM-001,6399,0.1606,1027.68
SO-10049,2025-08-19,CUST-003,Bottle,Blow Molding,FR-001-HDPE-300,WO-1066,2533621010106667,ISBM-001,3443,0.1326,456.54
SO-10050,2025-08-22,CUST-003,Bottle,Blow Molding,FR-001-rPET-300,WO-1068,2533721010106869,ISBM-001,5545,0.1397,774.64
SO-10051,2025-08-28,CUST-014,Bottle,Blow Molding,FR-001-rPET-300,WO-1069,2534121010106970,ISBM-001,6058,0.3108,1882.83
SO-10052,2025-08-31,CUST-003,Bottle,Blow Molding,FR-007-HDPE-PCR-350,WO-1070,2534221010107071,ISBM-001,7420,0.2031,1507.0
SO-10053,2025-08-28,CUST-005,Bottle,Blow Molding,FR-007-HDPE-PCR-350,WO-1071,2534321010107172,ISBM-001,7479,0.1474,1102.4
SO-10054,2025-08-24,CUST-013,Bottle,Blow Molding,FR-007-HDPE-PCR-350,WO-1072,2534411010107273,ISBM-001,2916,0.1665,485.51
SO-10055,2025-08-29,CUST-002,Bottle,Blow Molding,FR-001-HDPE-PCR-300,WO-1073,2534431010107374,ISBM-001,5108,0.2283,1166.16
SO-10056,2025-08-25,CUST-008,Bottle,Blow Molding,FR-001-HDPE-PCR-300,WO-1074,2534521010107475,ISBM-001,3862,0.159,614.06
SO-10057,2025-08-30,CUST-001,Bottle,Blow Molding,FR-001-HDPE-PCR-300,WO-1075,2534611010107576,ISBM-001,5121,0.1923,984.77
SO-10058,2025-08-26,CUST-001,Bottle,Blow Molding,FR-007-PP-350,WO-1076,2534731010107677,ISBM-001,7173,0.2386,1711.48
SO-10059,2025-08-29,CUST-014,Bottle,Blow Molding,FR-001-rPET-300,WO-1078,2535111010107879,ISBM-001,6940,0.2042,1417.15
SO-10060,2025-08-30,CUST-004,Bottle,Blow Molding,FR-001-rPET-300,WO-1080,2535221010108081,ISBM-001,7423,0.1535,1139.43
SO-10061,2025-08-30,CUST-014,Bottle,Blow Molding,FR-007-PETG-350,WO-1081,2535311010108182,ISBM-001,5241,0.2049,1073.88
SO-10062,2025-09-05,CUST-012,Bottle,Blow Molding,FR-007-HDPE-350,WO-1082,2535431010108283,ISBM-001,1713,0.1814,310.74
SO-10063,2025-08-31,CUST-004,Bottle,Blow Molding,FR-007-PP-350,WO-1083,2535531010108384,ISBM-001,3960,0.0988,391.25
SO-10064,2025-09-04,CUST-009,Bottle,Blow Molding,FR-007-PP-350,WO-1084,2535521010108485,ISBM-001,5773,0.2634,1520.61
SO-10065,2025-09-03,CUST-003,Bottle,Blow Molding,FR-007-PP-350,WO-1085,2535611010108586,ISBM-001,3370,0.1744,587.73
SO-10066,2025-09-03,CUST-009,Bottle,Blow Molding,FR-007-PETG-350,WO-1086,2535711010108687,ISBM-001,7025,0.2605,1830.01
SO-10067,2025-09-07,CUST-013,Bottle,  Blow Molding  ,FR-001-HDPE-PCR-300,WO-1087,2536131010108788,ISBM-001,5492,0.3055,1677.81
SO-10068,2025-09-03,CUST-012,Bottle,Blow Molding,FR-001-HDPE-PCR-300,WO-1088,2536121010108889,ISBM-001,4807,0.1174,564.34
SO-10069,2025-09-07,CUST-012,Bottle,Blow Molding,FR-007-PP-PCR-350,WO-1089,2536211010108990,ISBM-001,2985,0.1235,368.65
SO-10070,2025-09-08,CUST-004,Bottle,Blow Molding,FR-001-rPET-300,WO-1090,2536231010109091,ISBM-001,4650,0.1152,535.68
SO-10071,2025-09-06,CUST-013,Bottle,Blow Molding,FR-001-HDPE-PCR-300,WO-1091,2536321010109192,ISBM-001,8029,0.1005,806.91
SO-10072,2025-09-08,CUST-012,Bottle,  Blow Molding  ,FR-001-HDPE-PCR-300,WO-1092,2536411010109293,ISBM-001,3436,0.2297,789.25
SO-10073,2025-09-08,CUST-013,Bottle,Blow Molding,FR-001-HDPE-PCR-300,WO-1093,2536431010109394,ISBM-001,7261,0.282,2047.6
SO-10074,2025-09-08,CUST-011,Bottle,Blow Molding,FR-007-PP-PCR-350,WO-1094,2536521010109495,ISBM-001,5678,0.1095,621.74
SO-10075,2025-09-16,CUST-007,Bottle,Blow Molding,FR-001-HDPE-300,WO-1098,2537121010109899,ISBM-001,7202,0.3134,2257.11
SO-10076,2025-09-16,CUST-005,Bottle,Blow Molding,FR-007-rPET-350,WO-1099,2537211010109901,ISBM-001,6407,0.3431,2198.24
SO-10077,2025-09-16,CUST-008,Bottle,Blow Molding,FR-007-rPET-350,WO-1100,2537331010110002,ISBM-001,5540,0.2855,1581.67
SO-10078,2025-09-14,CUST-007,Bottle,Blow Molding,FR-007-rPET-350,WO-1101,2537321010110103,ISBM-001,5562,0.333,1852.15
SO-10079,2025-09-19,CUST-009,Bottle,Blow Molding,FR-007-PETG-350,WO-1102,2537431010110204,ISBM-001,3201,0.2849,911.96
SO-10080,2025-09-14,CUST-011,Bottle,Blow Molding,FR-007-PETG-350,WO-1104,2537521010110406,ISBM-001,7574,0.2927,2216.91
SO-10081,2025-09-19,CUST-006,Bottle,Blow Molding,FR-001-rPET-300,WO-1105,2537611010110507,ISBM-001,1133,0.1248,141.4
SO-10082,2025-09-22,CUST-002,Bottle,Blow Molding,FR-001-HDPE-300,WO-1106,2537731010110608,ISBM-001,3725,0.3319,1236.33
SO-10083,2025-09-26,CUST-008,Bottle,Blow Molding,FR-001-HDPE-300,WO-1107,2537721010110709,ISBM-001,3722,0.2113,786.46
SO-10084,2025-09-27,CUST-005,Bottle,Blow Molding,FR-001-rPET-300,WO-1108,2538111010110810,ISBM-001,3124,0.2555,798.18
SO-10085,2025-09-24,CUST-009,Bottle,Blow Molding,FR-001-rPET-300,WO-1109,2538211010110911,ISBM-001,2898,0.1181,342.25
SO-10086,2025-09-28,CUST-010,Bottle,Blow Molding,FR-001-rPET-300,WO-1110,2538331010111012,ISBM-001,4475,0.3047,1363.53
SO-10087,2025-09-24,CUST-014,Bottle,Blow Molding,FR-001-rPET-300,WO-1111,2538321010111113,ISBM-001,938,0.1791,168.0
SO-10088,2025-09-21,CUST-002,Bottle,Blow Molding,FR-007-PETG-350,WO-1112,2538431010111214,ISBM-001,2004,0.1893,379.36
SO-10089,2025-09-24,CUST-005,Bottle,  Blow Molding  ,FR-001-HDPE-300,WO-1113,2538421010111315,ISBM-001,7622,0.1465,1116.62
SO-10090,2025-09-24,CUST-006,Bottle,Blow Molding,FR-001-HDPE-300,WO-1115,2538631010111517,ISBM-001,6552,0.2003,1312.37
SO-10091,2025-09-23,CUST-004,Bottle,Blow Molding,FR-007-HDPE-350,WO-1117,2538721010111719,ISBM-001,4732,0.2869,1357.61
SO-10092,2025-09-23,CUST-009,Bottle,  Blow Molding  ,FR-007-HDPE-350,WO-1118,2539111010111820,ISBM-001,1757,0.1695,297.81
SO-10093,2025-09-30,CUST-011,Bottle,  Blow Molding  ,FR-007-PVC-350,WO-1119,2539131010111921,ISBM-001,3293,0.334,1099.86
SO-10094,2025-10-05,CUST-010,Bottle,Blow Molding,FR-001-HDPE-PCR-300,WO-1124,2539431010112426,ISBM-001,4884,0.1656,808.79
SO-10095,2025-10-08,CUST-006,Bottle,blow molding,FR-007-PVC-350,WO-1125,2539531010112527,ISBM-001,3000,0.1917,575.1
SO-10096,2025-10-02,CUST-003,Bottle,Blow Molding,FR-007-PVC-350,WO-1126,2539621010112628,ISBM-001,2352,0.3221,757.58
SO-10097,2025-10-04,CUST-002,Bottle,Blow Molding,FR-001-HDPE-300,WO-1127,2539711010112729,ISBM-001,3310,0.1246,412.43
SO-10098,2025-10-01,CUST-013,Bottle,BLOW MOLDING,FR-001-HDPE-300,WO-1128,2540131010112830,ISBM-001,3997,0.2063,824.58
SO-10099,2025-10-10,CUST-008,Bottle,Blow Molding,FR-007-PP-PCR-350,WO-1129,2540121010112931,ISBM-001,688,0.2244,154.39
SO-10100,2025-10-12,CUST-006,Bottle,Blow Molding,FR-007-PP-PCR-350,WO-1131,2540221010113133,ISBM-001,2738,0.2943,805.79
SO-10101,2025-10-05,CUST-001,Bottle,Blow Molding,FR-007-rPET-350,WO-1132,2540321010113234,ISBM-001,8125,0.3411,2771.44
SO-10102,2025-10-04,CUST-005,Bottle,Blow Molding,FR-001-rPET-300,WO-1133,2540411010113335,ISBM-001,6459,0.2936,1896.36
SO-10103,2025-10-15,CUST-003,Bottle,Blow Molding,FR-001-rPET-300,WO-1135,2540531010113537,ISBM-001,6573,0.3492,2295.29
SO-10104,2025-10-15,CUST-011,Bottle,Blow Molding,FR-001-HDPE-300,WO-1136,2540611010113638,ISBM-001,2645,0.1793,474.25
SO-10105,2025-10-11,CUST-010,Bottle,Blow Molding,FR-001-HDPE-300,WO-1138,2540711010113840,ISBM-001,6079,0.1023,621.88
SO-10106,2025-10-15,CUST-011,Bottle,Blow Molding,FR-001-HDPE-300,WO-1139,2541131010113941,ISBM-001,3841,0.2556,981.76
SO-10107,2025-10-17,CUST-014,Bottle,Blow Molding,FR-001-HDPE-300,WO-1140,2541121010114042,ISBM-001,3503,0.0996,348.9
SO-10108,2025-10-12,CUST-002,Bottle,Blow Molding,FR-007-PP-350,WO-1141,2541211010114143,ISBM-001,3188,0.1672,533.03
SO-10109,2025-10-20,CUST-011,Bottle,Blow Molding,FR-001-HDPE-PCR-300,WO-1142,2541311010114244,ISBM-001,3386,0.2311,782.5
SO-10110,2025-10-19,CUST-002,Bottle,Blow Molding,FR-001-HDPE-PCR-300,WO-1143,2541431010114345,ISBM-001,4536,0.2787,1264.18
SO-10111,2025-10-20,CUST-009,Bottle,Blow Molding,FR-001-rPET-300,WO-1145,2541511010114547,ISBM-001,8004,0.1054,843.62
SO-10112,2025-10-15,CUST-007,Bottle,blow molding,FR-007-rPET-350,WO-1146,2541611010114648,ISBM-001,2567,0.2561,657.41
SO-10113,2025-10-19,CUST-014,Bottle,Blow Molding,FR-007-rPET-350,WO-1147,2541711010114749,ISBM-001,1334,0.2837,378.46
SO-10114,2025-10-16,CUST-010,Bottle,Blow Molding,FR-007-PETG-350,WO-1148,2542131010114850,ISBM-001,3125,0.2002,625.62
SO-10115,2025-10-17,CUST-013,Bottle,Blow Molding,FR-007-PVC-350,WO-1149,2542121010114951,ISBM-001,3254,0.2933,954.4
SO-10116,2025-10-22,CUST-006,Bottle,Blow Molding,FR-007-PVC-350,WO-1150,2542231010115052,ISBM-001,1661,0.2584,429.2
SO-10117,2025-10-22,CUST-004,Bottle,Blow Molding,FR-007-PETG-350,WO-1151,2542221010115153,ISBM-001,2997,0.1633,489.41
SO-10118,2025-10-24,CUST-011,Bottle,Blow Molding,FR-007-PVC-350,WO-1152,2542331010115254,ISBM-001,2019,0.3117,629.32
SO-10119,2025-10-25,CUST-006,Bottle,Blow Molding,FR-007-HDPE-PCR-350,WO-1153,2542331010115355,ISBM-001,6804,0.3305,2248.72
SO-10120,2025-10-19,CUST-014,Bottle,Blow Molding,FR-007-HDPE-PCR-350,WO-1154,2542411010115456,ISBM-001,4061,0.2601,1056.27
SO-10121,2025-10-25,CUST-010,Bottle,Blow Molding,FR-001-rPET-300,WO-1155,2542531010115557,ISBM-001,3839,0.2878,1104.86
SO-10122,2025-10-23,CUST-009,Bottle,BLOW MOLDING,FR-001-rPET-300,WO-1156,2542521010115658,ISBM-001,1786,0.1233,220.21
SO-10123,2025-10-27,CUST-003,Bottle,  Blow Molding  ,FR-001-rPET-300,WO-1157,2542631010115759,ISBM-001,7174,0.275,1972.85
SO-10124,2025-10-28,CUST-007,Bottle,Blow Molding,FR-001-rPET-300,WO-1158,2542621010115860,ISBM-001,3396,0.3436,1166.87
SO-10125,2025-10-21,CUST-014,Bottle,Blow Molding,FR-007-PP-350,WO-1159,2542711010115961,ISBM-001,7089,0.3419,2423.73
SO-10126,2025-10-21,CUST-013,Bottle,  Blow Molding  ,FR-007-PP-PCR-350,WO-1160,2542721010116062,ISBM-001,3721,0.2191,815.27
SO-10127,2025-11-01,CUST-014,Bottle,Blow Molding,FR-007-PP-PCR-350,WO-1161,2543111010116163,ISBM-001,7874,0.1835,1444.88
SO-10128,2025-10-31,CUST-006,Bottle,Blow Molding,FR-007-HDPE-PCR-350,WO-1162,2543211010116264,ISBM-001,6139,0.2538,1558.08
SO-10129,2025-11-03,CUST-008,Bottle,Blow Molding,FR-007-PVC-350,WO-1164,2543311010116466,ISBM-001,9545,0.1823,1740.05
SO-10130,2025-10-27,CUST-010,Bottle,Blow Molding,FR-007-HDPE-PCR-350,WO-1167,2543521010116769,ISBM-001,4246,0.2587,1098.44
SO-10131,2025-11-05,CUST-002,Bottle,Blow Molding,FR-007-rPET-350,WO-1172,2544111010117274,ISBM-001,4620,0.1003,463.39
SO-10132,2025-11-03,CUST-014,Bottle,Blow Molding,FR-007-rPET-350,WO-1173,2544121010117375,ISBM-001,1429,0.3139,448.56
SO-10133,2025-11-08,CUST-006,Bottle,Blow Molding,FR-007-rPET-350,WO-1174,2544211010117476,ISBM-001,2888,0.1217,351.47
SO-10134,2025-11-05,CUST-003,Bottle,Blow Molding,FR-007-rPET-350,WO-1175,2544231010117577,ISBM-001,4709,0.1182,556.6
SO-10135,2025-11-02,CUST-005,Bottle,Blow Molding,FR-001-HDPE-300,WO-1177,2544411010117779,ISBM-001,5147,0.1126,579.55
SO-10136,2025-11-11,CUST-003,Bottle,Blow Molding,FR-007-rPET-350,WO-1178,2544531010117880,ISBM-001,5257,0.1625,854.26
SO-10137,2025-11-04,CUST-012,Bottle,Blow Molding,FR-007-HDPE-350,WO-1179,2544531010117981,ISBM-001,5317,0.1717,912.93
SO-10138,2025-11-13,CUST-006,Bottle,Blow Molding,FR-001-rPET-300,WO-1181,2544711010118183,ISBM-001,5646,0.3164,1786.39
SO-10139,2025-11-12,CUST-002,Bottle,Blow Molding,FR-001-rPET-300,WO-1182,2545131010118284,ISBM-001,2802,0.1272,356.41
SO-10140,2025-11-06,CUST-011,Bottle,Blow Molding,FR-007-HDPE-350,WO-1186,2545311010118688,ISBM-001,2328,0.246,572.69
SO-10141,2025-11-15,CUST-006,Bottle,Blow Molding,FR-007-PP-PCR-350,WO-1187,2545331010118789,ISBM-001,4920,0.2028,997.78
SO-10142,2025-11-18,CUST-012,Bottle,  Blow Molding  ,FR-007-PP-PCR-350,WO-1188,2545411010118890,ISBM-001,5103,0.1805,921.09
SO-10143,2025-11-13,CUST-003,Bottle,Blow Molding,FR-007-PP-350,WO-1190,2545521010119092,ISBM-001,7770,0.2812,2184.92
SO-10144,2025-11-13,CUST-010,Bottle,  Blow Molding  ,FR-007-PP-350,WO-1191,2545611010119193,ISBM-001,6374,0.2703,1722.89
SO-10145,2025-11-19,CUST-005,Bottle,Blow Molding,FR-001-rPET-300,WO-1192,2545731010119294,ISBM-001,5853,0.2083,1219.18
SO-10146,2025-11-14,CUST-012,Bottle,Blow Molding,FR-001-rPET-300,WO-1194,2546111010119496,ISBM-001,9059,0.2495,2260.22
SO-10147,2025-11-12,CUST-007,Bottle,Blow Molding,FR-001-HDPE-300,WO-1195,2546231010119597,ISBM-001,5229,0.2794,1460.98
SO-10148,2025-11-20,CUST-007,Bottle,Blow Molding,FR-007-PETG-350,WO-1197,2546311010119799,ISBM-001,2610,0.3072,801.79
SO-10149,2025-11-19,CUST-010,Bottle,Blow Molding,FR-007-PETG-350,WO-1198,2546431010119801,ISBM-001,3951,0.2193,866.45
SO-10150,2025-11-25,CUST-001,Bottle,Blow Molding,FR-001-rPET-300,WO-1201,2546531010120104,ISBM-001,4794,0.2629,1260.34
SO-10151,2025-11-22,CUST-006,Bottle,Blow Molding,FR-001-rPET-300,WO-1202,2546621010120205,ISBM-001,2042,0.2918,595.86
SO-10152,2025-11-25,CUST-001,Bottle,Blow Molding,FR-007-HDPE-350,WO-1203,2546731010120306,ISBM-001,5201,0.2985,1552.5
SO-10153,2025-11-26,CUST-014,Bottle,Blow Molding,FR-007-HDPE-350,WO-1204,2546721010120407,ISBM-001,5985,0.0881,527.28
SO-10154,2025-11-21,CUST-013,Bottle,blow molding,FR-007-HDPE-350,WO-1205,2547111010120508,ISBM-001,1940,0.2831,549.21
SO-10155,2025-11-26,CUST-013,Bottle,Blow Molding,FR-007-HDPE-PCR-350,WO-1206,2547231010120609,ISBM-001,7900,0.1504,1188.16
SO-10156,2025-11-23,CUST-001,Bottle,Blow Molding,FR-007-HDPE-PCR-350,WO-1207,2547231010120710,ISBM-001,5823,0.3428,1996.12
SO-10157,2025-11-23,CUST-001,Bottle,Blow Molding,FR-001-rPET-300,WO-1209,2547431010120912,ISBM-001,3484,0.2496,869.61
SO-10158,2025-11-29,CUST-014,Bottle,Blow Molding,FR-001-rPET-300,WO-1210,2547421010121013,ISBM-001,3930,0.1656,650.81
SO-10159,2025-11-23,CUST-009,Bottle,Blow Molding,FR-001-rPET-300,WO-1211,2547531010121114,ISBM-001,6637,0.0864,573.44
SO-10160,2025-11-27,CUST-001,Bottle,Blow Molding,FR-001-rPET-300,WO-1212,2547521010121215,ISBM-001,9872,0.2043,2016.85
SO-10161,2025-12-01,CUST-012,Bottle,Blow Molding,FR-001-rPET-300,WO-1213,2547621010121316,ISBM-001,8729,0.2474,2159.55
SO-10162,2025-11-27,CUST-011,Bottle,Blow Molding,FR-007-PVC-350,WO-1214,2547721010121417,ISBM-001,4883,0.1065,520.04
SO-10163,2025-12-05,CUST-006,Bottle,Blow Molding,FR-001-rPET-300,WO-1215,2548111010121518,ISBM-001,4946,0.3097,1531.78
SO-10164,2025-11-29,CUST-009,Bottle,Blow Molding,FR-007-PVC-350,WO-1216,2548211010121619,ISBM-001,3330,0.2621,872.79
SO-10165,2025-12-01,CUST-008,Bottle,Blow Molding,FR-001-rPET-300,WO-1217,2548221010121720,ISBM-001,2317,0.2691,623.5
SO-10166,2025-12-05,CUST-005,Bottle,Blow Molding,FR-001-HDPE-300,WO-1218,2548311010121821,ISBM-001,7332,0.3326,2438.62
SO-10167,2025-12-05,CUST-013,Bottle,blow molding,FR-001-HDPE-300,WO-1219,2548331010121922,ISBM-001,4531,0.1975,894.87
SO-10168,2025-11-29,CUST-010,Bottle,Blow Molding,FR-001-HDPE-300,WO-1220,2548411010122023,ISBM-001,6620,0.3047,2017.11
SO-10169,2025-12-04,CUST-005,Bottle,Blow Molding,FR-001-HDPE-300,WO-1221,2548511010122124,ISBM-001,3378,0.1659,560.41
SO-10170,2025-12-02,CUST-005,Bottle,Blow Molding,FR-001-HDPE-300,WO-1223,2548631010122326,ISBM-001,2748,0.1332,366.03
SO-10171,2025-12-10,CUST-006,Bottle,Blow Molding,FR-001-rPET-300,WO-1224,2548721010122427,ISBM-001,6303,0.3416,2153.1
SO-10172,2025-12-05,CUST-002,Bottle,Blow Molding,FR-001-rPET-300,WO-1225,2549111010122528,ISBM-001,4083,0.1013,413.61
SO-10173,2025-12-07,CUST-011,Bottle,Blow Molding,FR-007-PVC-350,WO-1226,2549231010122629,ISBM-001,5767,0.2582,1489.04
SO-10174,2025-12-11,CUST-013,Bottle,Blow Molding,FR-007-PVC-350,WO-1227,2549221010122730,ISBM-001,3551,0.12,426.12
SO-10175,2025-12-09,CUST-012,Bottle,Blow Molding,FR-007-PVC-350,WO-1228,2549321010122831,ISBM-001,5635,0.1242,699.87
SO-10176,2025-12-09,CUST-004,Bottle,Blow Molding,FR-001-HDPE-300,WO-1229,2549411010122932,ISBM-001,6698,0.221,1480.26
SO-10177,2025-12-15,CUST-005,Bottle,Blow Molding,FR-001-HDPE-300,WO-1230,2549531010123033,ISBM-001,5750,0.1635,940.12
SO-10178,2025-12-09,CUST-012,Bottle,Blow Molding,FR-007-rPET-350,WO-1231,2549521010123134,ISBM-001,5009,0.123,616.11
SO-10179,2025-12-18,CUST-006,Bottle,Blow Molding,FR-007-rPET-350,WO-1232,2549621010123235,ISBM-001,3459,0.0871,301.28
SO-10180,2025-12-15,CUST-002,Bottle,Blow Molding,FR-007-PVC-350,WO-1236,2550221010123639,ISBM-001,9007,0.3042,2739.93
SO-10181,2025-12-22,CUST-006,Bottle,Blow Molding,FR-007-PVC-350,WO-1237,2550311010123740,ISBM-001,4841,0.3234,1565.58
SO-10182,2025-12-20,CUST-014,Bottle,Blow Molding,FR-001-HDPE-PCR-300,WO-1239,2550421010123942,ISBM-001,5384,0.2079,1119.33
SO-10183,2025-12-22,CUST-011,Bottle,Blow Molding,FR-007-PP-350,WO-1240,2550511010124043,ISBM-001,8977,0.2807,2519.84
SO-10184,2025-12-25,CUST-010,Bottle,BLOW MOLDING,FR-001-HDPE-PCR-300,WO-1242,2550731010124245,ISBM-001,4031,0.2997,1208.09
SO-10185,2025-12-18,CUST-005,Bottle,Blow Molding,FR-001-HDPE-300,WO-1243,2550711010124346,ISBM-001,5358,0.1998,1070.53
SO-10186,2025-12-20,CUST-004,Bottle,Blow Molding,FR-007-PVC-350,WO-1244,2551131010124447,ISBM-001,5176,0.2758,1427.54
SO-10187,2025-12-17,CUST-008,Bottle,Blow Molding,FR-001-rPET-300,WO-1245,2551121010124548,ISBM-001,3743,0.1346,503.81
SO-10188,2025-12-27,CUST-004,Bottle,Blow Molding,FR-001-rPET-300,WO-1246,2551231010124649,ISBM-001,4114,0.1717,706.37
SO-10189,2025-12-22,CUST-012,Bottle,Blow Molding,FR-001-rPET-300,WO-1247,2551221010124750,ISBM-001,4995,0.3063,1529.97
SO-10190,2025-12-18,CUST-011,Bottle,Blow Molding,FR-007-PVC-350,WO-1248,2551311010124851,ISBM-001,4111,0.2116,869.89
SO-10191,2025-12-22,CUST-002,Bottle,Blow Molding,FR-007-PVC-350,WO-1249,2551331010124952,ISBM-001,6349,0.2303,1462.17
SO-10192,2025-12-29,CUST-008,Bottle,Blow Molding,FR-007-PP-PCR-350,WO-1250,2551411010125053,ISBM-001,6890,0.3242,2233.74
SO-10193,2025-12-27,CUST-014,Bottle,Blow Molding,FR-007-PP-PCR-350,WO-1251,2551511010125154,ISBM-001,3291,0.1756,577.9
SO-10194,2025-12-31,CUST-012,Bottle,Blow Molding,FR-007-PP-PCR-350,WO-1252,2551521010125255,ISBM-001,10670,0.2553,2724.05
SO-10195,2025-12-27,CUST-011,Bottle,Blow Molding,FR-007-PP-PCR-350,WO-1255,2552111010125558,ISBM-001,6631,0.3217,2133.19
SO-10196,2025-12-29,CUST-008,Bottle,Blow Molding,FR-007-PP-PCR-350,WO-1256,2552131010125659,ISBM-001,4835,0.1228,593.74
SO-10197,2025-12-27,CUST-013,Bottle,BLOW MOLDING,FR-001-HDPE-PCR-300,WO-1257,2552221010125760,ISBM-001,4486,0.1491,668.86
SO-10198,2026-01-01,CUST-009,Bottle,Blow Molding,FR-001-HDPE-PCR-300,WO-1259,2552321010125962,ISBM-001,9181,0.2747,2522.02
SO-10199,2026-01-04,CUST-011,Bottle,Blow Molding,FR-001-HDPE-300,WO-1260,2552411010126063,ISBM-001,7531,0.1969,1482.85
SO-10200,2026-01-02,CUST-014,Bottle,Blow Molding,FR-001-HDPE-PCR-300,WO-1261,2552511010126164,ISBM-001,7489,0.0832,623.08
SO-10201,2025-12-28,CUST-013,Bottle,Blow Molding,FR-001-HDPE-PCR-300,WO-1262,2552631010126265,ISBM-001,4247,0.3246,1378.58
SO-10202,2025-12-30,CUST-005,Bottle,Blow Molding,FR-007-PVC-350,WO-1263,2552621010126366,ISBM-001,5731,0.0954,546.74
SO-10203,2026-01-03,CUST-002,Bottle,Blow Molding,FR-001-rPET-300,WO-1265,2501111010126568,ISBM-001,2708,0.2981,807.25
SO-10204,2026-01-11,CUST-013,Bottle,Blow Molding,FR-001-rPET-300,WO-1267,2501221010126770,ISBM-001,5884,0.1071,630.18
SO-10205,2026-01-11,CUST-001,Bottle,BLOW MOLDING,FR-001-HDPE-300,WO-1268,2501311010126871,ISBM-001,3156,0.1227,387.24
SO-10206,2026-01-07,CUST-006,Bottle,blow molding,FR-007-PVC-350,WO-1270,2601511010127073,ISBM-001,2950,0.2695,795.03
SO-10207,2026-01-04,CUST-009,Bottle,Blow Molding,FR-007-PVC-350,WO-1271,2601521010127174,ISBM-001,4340,0.1479,641.89
SO-10208,2026-01-14,CUST-010,Bottle,Blow Molding,FR-007-HDPE-PCR-350,WO-1275,2602131010127578,ISBM-001,3789,0.1197,453.54
SO-10209,2026-01-09,CUST-012,Bottle,Blow Molding,FR-001-HDPE-300,WO-1278,2602331010127881,ISBM-001,7404,0.1758,1301.62
SO-10210,2026-01-17,CUST-006,Bottle,Blow Molding,FR-001-HDPE-300,WO-1279,2602431010127982,ISBM-001,7202,0.1395,1004.68
SO-10211,2026-01-12,CUST-003,Bottle,Blow Molding,FR-001-HDPE-300,WO-1280,2602431010128083,ISBM-001,8919,0.2292,2044.23
SO-10212,2026-01-15,CUST-010,Bottle,Blow Molding,FR-001-HDPE-300,WO-1281,2602521010128184,ISBM-001,4671,0.1489,695.51
SO-10213,2026-01-14,CUST-007,Bottle,BLOW MOLDING,FR-007-PP-PCR-350,WO-1284,2603111010128487,ISBM-001,3779,0.2637,996.52
SO-10214,2026-01-19,CUST-013,Bottle,Blow Molding,FR-007-PP-PCR-350,WO-1285,2603231010128588,ISBM-001,5424,0.2077,1126.56
SO-10215,2026-01-19,CUST-002,Bottle,Blow Molding,FR-001-HDPE-300,WO-1286,2603221010128689,ISBM-001,5253,0.3347,1758.18
SO-10216,2026-01-15,CUST-003,Bottle,Blow Molding,FR-001-HDPE-300,WO-1287,2603311010128790,ISBM-001,2852,0.3214,916.63
SO-10217,2026-01-20,CUST-002,Bottle,Blow Molding,FR-001-HDPE-300,WO-1288,2603321010128891,ISBM-001,6315,0.2261,1427.82
SO-10218,2026-01-19,CUST-014,Bottle,Blow Molding,FR-007-PP-350,WO-1289,2603421010128992,ISBM-001,2548,0.2969,756.5
SO-10219,2026-01-23,CUST-008,Bottle,Blow Molding,FR-001-rPET-300,WO-1295,2604121010129598,ISBM-001,7325,0.1203,881.2
SO-10220,2026-01-28,CUST-002,Bottle,Blow Molding,FR-001-HDPE-PCR-300,WO-1296,2604221010129699,ISBM-001,6799,0.3224,2192.0
SO-10221,2026-01-26,CUST-005,Bottle,Blow Molding,FR-001-HDPE-PCR-300,WO-1298,2604431010129802,ISBM-001,5438,0.2715,1476.42
SO-10222,2026-01-30,CUST-010,Bottle,Blow Molding,FR-007-PP-PCR-350,WO-1300,2604521010130004,ISBM-001,2309,0.1668,385.14
SO-10223,2026-01-27,CUST-006,Bottle,Blow Molding,FR-007-PP-PCR-350,WO-1301,2604611010130105,ISBM-001,4958,0.1759,872.11
SO-10224,2026-01-29,CUST-005,Bottle,Blow Molding,FR-001-rPET-300,WO-1302,2604711010130206,ISBM-001,3168,0.207,655.78
SO-10225,2026-01-30,CUST-008,Bottle,Blow Molding,FR-001-rPET-300,WO-1303,2605131010130307,ISBM-001,5333,0.2616,1395.11
SO-10226,2026-02-02,CUST-009,Bottle,Blow Molding,FR-001-rPET-300,WO-1304,2605121010130408,ISBM-001,5277,0.2544,1342.47
SO-10227,2026-02-07,CUST-005,Bottle,Blow Molding,FR-007-HDPE-PCR-350,WO-1305,2605211010130509,ISBM-001,5387,0.3292,1773.4
SO-10228,2026-01-31,CUST-002,Bottle,Blow Molding,FR-001-HDPE-PCR-300,WO-1306,2605331010130610,ISBM-001,3752,0.2018,757.15
SO-10229,2026-01-30,CUST-002,Bottle,Blow Molding,FR-001-HDPE-PCR-300,WO-1307,2605331010130711,ISBM-001,9600,0.0883,847.68
SO-10230,2026-02-07,CUST-005,Bottle,Blow Molding,FR-001-HDPE-PCR-300,WO-1308,2605421010130812,ISBM-001,6194,0.3279,2031.01
SO-10231,2026-02-12,CUST-012,Bottle,Blow Molding,FR-007-rPET-350,WO-1311,2605711010131115,ISBM-001,6701,0.1334,893.91
SO-10232,2026-02-12,CUST-006,Bottle,Blow Molding,FR-007-PETG-350,WO-1312,2606131010131216,ISBM-001,5174,0.3165,1637.57
SO-10233,2026-02-13,CUST-010,Bottle,Blow Molding,FR-007-PETG-350,WO-1314,2606211010131418,ISBM-001,3104,0.1748,542.58
SO-10234,2026-02-06,CUST-006,Bottle,Blow Molding,FR-007-PVC-350,WO-1315,2606231010131519,ISBM-001,4551,0.3015,1372.13
SO-10235,2026-02-11,CUST-012,Bottle,BLOW MOLDING,FR-007-PVC-350,WO-1316,2606321010131620,ISBM-001,5890,0.3204,1887.16
SO-10236,2026-02-08,CUST-006,Bottle,Blow Molding,FR-007-PVC-350,WO-1317,2606431010131721,ISBM-001,10827,0.1722,1864.41
SO-10237,2026-02-16,CUST-013,Bottle,Blow Molding,FR-007-HDPE-350,WO-1318,2606531010131822,ISBM-001,3432,0.1218,418.02
SO-10238,2026-02-11,CUST-003,Bottle,blow molding,FR-007-HDPE-350,WO-1319,2606521010131923,ISBM-001,3301,0.2816,929.56
SO-10239,2026-02-10,CUST-013,Bottle,Blow Molding,FR-001-rPET-300,WO-1320,2606611010132024,ISBM-001,4617,0.3169,1463.13
SO-10240,2026-02-10,CUST-009,Bottle,blow molding,FR-001-HDPE-PCR-300,WO-1322,2606721010132226,ISBM-001,7013,0.1928,1352.11
SO-10241,2026-02-19,CUST-003,Bottle,BLOW MOLDING,FR-007-PVC-350,WO-1323,2607111010132327,ISBM-001,4041,0.2498,1009.44
SO-10242,2026-02-14,CUST-001,Bottle,Blow Molding,FR-007-PVC-350,WO-1324,2607121010132428,ISBM-001,1595,0.319,508.81
SO-10243,2026-02-22,CUST-009,Bottle,Blow Molding,FR-007-PVC-350,WO-1325,2607211010132529,ISBM-001,2560,0.2991,765.7
SO-10244,2026-02-18,CUST-013,Bottle,Blow Molding,FR-001-HDPE-300,WO-1326,2607311010132630,ISBM-001,5620,0.3372,1895.06
SO-10245,2026-02-18,CUST-014,Bottle,Blow Molding,FR-007-PP-PCR-350,WO-1327,2607431010132731,ISBM-001,3710,0.3026,1122.65
SO-10246,2026-02-15,CUST-013,Bottle,Blow Molding,FR-007-PP-PCR-350,WO-1328,2607421010132832,ISBM-001,6128,0.1764,1080.98
SO-10247,2026-02-16,CUST-006,Bottle,Blow Molding,FR-001-HDPE-PCR-300,WO-1330,2607631010133034,ISBM-001,5229,0.3264,1706.75
SO-10248,2026-02-17,CUST-005,Bottle,  Blow Molding  ,FR-007-PP-PCR-350,WO-1331,2607621010133135,ISBM-001,7766,0.0984,764.17
SO-10249,2026-02-26,CUST-010,Bottle,Blow Molding,FR-007-PP-PCR-350,WO-1332,2607711010133236,ISBM-001,6577,0.1281,842.51
SO-10250,2026-02-26,CUST-013,Bottle,Blow Molding,FR-007-PP-PCR-350,WO-1333,2608131010133337,ISBM-001,4074,0.29,1181.46
SO-10251,2026-02-24,CUST-012,Bottle,blow molding,FR-007-PP-PCR-350,WO-1334,2608121010133438,ISBM-001,5438,0.1278,694.98
SO-10252,2026-02-28,CUST-012,Bottle,Blow Molding,FR-007-PP-PCR-350,WO-1335,2608211010133539,ISBM-001,4628,0.2611,1208.37
SO-10253,2026-02-23,CUST-014,Bottle,Blow Molding,FR-007-PETG-350,WO-1336,2608331010133640,ISBM-001,5000,0.2096,1048.0
SO-10254,2026-03-01,CUST-011,Bottle,Blow Molding,FR-007-PETG-350,WO-1337,2608321010133741,ISBM-001,2759,0.1676,462.41
SO-10255,2026-03-02,CUST-006,Bottle,Blow Molding,FR-007-PETG-350,WO-1338,2608411010133842,ISBM-001,6192,0.2037,1261.31
SO-10256,2026-02-25,CUST-001,Bottle,Blow Molding,FR-001-HDPE-300,WO-1339,2608431010133943,ISBM-001,5490,0.2817,1546.53
SO-10257,2026-02-27,CUST-011,Bottle,Blow Molding,FR-001-HDPE-300,WO-1340,2608521010134044,ISBM-001,4072,0.119,484.57
SO-10258,2026-02-25,CUST-011,Bottle,Blow Molding,FR-007-HDPE-350,WO-1341,2608621010134145,ISBM-001,2769,0.2453,679.24
SO-10259,2026-03-02,CUST-013,Bottle,Blow Molding,FR-001-HDPE-300,WO-1342,2608731010134246,ISBM-001,6917,0.2858,1976.88
SO-10260,2026-02-27,CUST-002,Bottle,Blow Molding,FR-001-rPET-300,WO-1343,2608721010134347,ISBM-001,3787,0.2424,917.97
SO-10261,2026-03-03,CUST-008,Bottle,Blow Molding,FR-001-rPET-300,WO-1344,2609111010134448,ISBM-001,5691,0.0846,481.46
SO-10262,2026-03-05,CUST-014,Bottle,blow molding,FR-001-rPET-300,WO-1345,2609131010134549,ISBM-001,3477,0.1155,401.59
SO-10263,2026-02-26,CUST-004,Bottle,Blow Molding,FR-001-rPET-300,WO-1346,2609221010134650,ISBM-001,8778,0.1012,888.33
SO-10264,2026-03-03,CUST-008,Bottle,Blow Molding,FR-001-HDPE-PCR-300,WO-1347,2609311010134751,ISBM-001,8206,0.1591,1305.57
SO-10265,2026-02-27,CUST-006,Bottle,  Blow Molding  ,FR-001-HDPE-PCR-300,WO-1348,2609411010134852,ISBM-001,5748,0.2799,1608.87
SO-10266,2026-03-03,CUST-004,Bottle,Blow Molding,FR-001-HDPE-PCR-300,WO-1349,2609421010134953,ISBM-001,1582,0.3347,529.5
SO-10267,2026-03-02,CUST-004,Bottle,Blow Molding,FR-007-PETG-350,WO-1350,2609521010135054,ISBM-001,1944,0.1607,312.4
SO-10268,2026-03-11,CUST-013,Bottle,blow molding,FR-007-PETG-350,WO-1351,2609611010135155,ISBM-001,6437,0.2007,1291.91
SO-10269,2026-03-07,CUST-010,Bottle,Blow Molding,FR-007-PETG-350,WO-1352,2609711010135256,ISBM-001,7776,0.3084,2398.12
SO-10270,2026-03-06,CUST-001,Bottle,Blow Molding,FR-007-PP-350,WO-1353,2609731010135357,ISBM-001,3003,0.2879,864.56
SO-10271,2026-03-12,CUST-011,Bottle,Blow Molding,FR-007-PP-350,WO-1354,2610121010135458,ISBM-001,3100,0.1097,340.07
SO-10272,2026-03-06,CUST-001,Bottle,Blow Molding,FR-007-PP-350,WO-1355,2610231010135559,ISBM-001,5220,0.2362,1232.96
SO-10273,2026-03-07,CUST-006,Bottle,Blow Molding,FR-007-rPET-350,WO-1356,2610221010135660,ISBM-001,4311,0.0946,407.82
SO-10274,2026-03-13,CUST-008,Bottle,Blow Molding,FR-007-rPET-350,WO-1357,2610311010135761,ISBM-001,3517,0.0882,310.2
SO-10275,2026-03-11,CUST-014,Bottle,Blow Molding,FR-001-rPET-300,WO-1358,2610431010135862,ISBM-001,5648,0.3317,1873.44
SO-10276,2026-03-08,CUST-009,Bottle,Blow Molding,FR-001-rPET-300,WO-1359,2610421010135963,ISBM-001,3523,0.2108,742.65
SO-10277,2026-03-15,CUST-011,Bottle,Blow Molding,FR-001-rPET-300,WO-1360,2610531010136064,ISBM-001,1863,0.0941,175.31
SO-10278,2026-03-14,CUST-010,Bottle,Blow Molding,FR-001-HDPE-PCR-300,WO-1361,2610631010136165,ISBM-001,3065,0.1995,611.47
SO-10279,2026-03-11,CUST-002,Bottle,blow molding,FR-001-HDPE-PCR-300,WO-1362,2610621010136266,ISBM-001,5335,0.3266,1742.41
SO-10280,2026-03-17,CUST-005,Bottle,Blow Molding,FR-001-HDPE-PCR-300,WO-1363,2610721010136367,ISBM-001,2245,0.2124,476.84
SO-10281,2026-03-19,CUST-005,Bottle,Blow Molding,FR-001-rPET-300,WO-1364,2611131010136468,ISBM-001,3234,0.3005,971.82
SO-10282,2026-03-11,CUST-001,Bottle,Blow Molding,FR-001-rPET-300,WO-1365,2611121010136569,ISBM-001,3500,0.1196,418.6
SO-10283,2026-03-19,CUST-009,Bottle,Blow Molding,FR-007-PETG-350,WO-1367,2611311010136771,ISBM-001,6702,0.2218,1486.5
SO-10284,2026-03-22,CUST-001,Bottle,Blow Molding,FR-007-PETG-350,WO-1368,2611431010136872,ISBM-001,4821,0.1936,933.35
SO-10285,2026-03-15,CUST-005,Bottle,Blow Molding,FR-007-PETG-350,WO-1369,2611531010136973,ISBM-001,2903,0.171,496.41
SO-10286,2026-03-20,CUST-008,Bottle,Blow Molding,FR-007-HDPE-350,WO-1370,2611511010137074,ISBM-001,2652,0.2482,658.23
SO-10287,2026-03-16,CUST-012,Bottle,Blow Molding,FR-001-HDPE-300,WO-1371,2611631010137175,ISBM-001,6925,0.1273,881.55
SO-10288,2026-03-23,CUST-006,Bottle,Blow Molding,FR-001-HDPE-PCR-300,WO-1372,2611621010137276,ISBM-001,3453,0.1322,456.49
SO-10289,2026-03-18,CUST-006,Bottle,Blow Molding,FR-007-PETG-350,WO-1375,2612121010137579,ISBM-001,10263,0.1952,2003.34
SO-10290,2026-03-23,CUST-007,Bottle,  Blow Molding  ,FR-007-HDPE-PCR-350,WO-1376,2612211010137680,ISBM-001,5855,0.1314,769.35
SO-10291,2026-03-30,CUST-014,Bottle,Blow Molding,FR-007-HDPE-PCR-350,WO-1377,2612331010137781,ISBM-001,9088,0.1851,1682.19
SO-10292,2026-03-23,CUST-003,Bottle,Blow Molding,FR-001-HDPE-PCR-300,WO-1379,2612421010137983,ISBM-001,5583,0.2895,1616.28
SO-10293,2026-03-25,CUST-011,Bottle,Blow Molding,FR-001-HDPE-PCR-300,WO-1380,2612521010138084,ISBM-001,9094,0.2802,2548.14
SO-10294,2026-04-01,CUST-008,Bottle,Blow Molding,FR-007-PETG-350,WO-1381,2612611010138185,ISBM-001,5051,0.3052,1541.57
SO-10295,2026-04-02,CUST-014,Bottle,blow molding,FR-001-HDPE-300,WO-1382,2612731010138286,ISBM-001,9713,0.3478,3378.18
SO-10296,2026-03-25,CUST-007,Bottle,Blow Molding,FR-001-HDPE-PCR-300,WO-1384,2613111010138488,ISBM-001,6848,0.1635,1119.65
SO-10297,2026-03-31,CUST-006,Bottle,Blow Molding,FR-001-HDPE-PCR-300,WO-1385,2613131010138589,ISBM-001,4869,0.1428,695.29
SO-10298,2026-03-28,CUST-011,Bottle,Blow Molding,FR-001-rPET-300,WO-1386,2613221010138690,ISBM-001,5176,0.0902,466.88
SO-10299,2026-04-05,CUST-002,Bottle,Blow Molding,FR-001-rPET-300,WO-1387,2613311010138791,ISBM-001,2684,0.0994,266.79
SO-10300,2026-04-03,CUST-008,Bottle,Blow Molding,FR-001-rPET-300,WO-1388,2613321010138892,ISBM-001,5557,0.2369,1316.45
SO-10301,2026-04-02,CUST-013,Bottle,Blow Molding,FR-001-rPET-300,WO-1390,2613421010139094,ISBM-001,6132,0.2106,1291.4
SO-10302,2026-03-30,CUST-013,Bottle,Blow Molding,FR-001-rPET-300,WO-1391,2613521010139195,ISBM-001,3331,0.1646,548.28
SO-10303,2026-04-01,CUST-005,Bottle,  Blow Molding  ,FR-001-rPET-300,WO-1393,2613731010139397,ISBM-001,6143,0.0852,523.38
SO-10304,2026-04-05,CUST-011,Bottle,Blow Molding,FR-007-HDPE-PCR-350,WO-1394,2613721010139498,ISBM-001,6920,0.3062,2118.9
SO-10305,2026-04-06,CUST-009,Bottle,Blow Molding,FR-007-HDPE-PCR-350,WO-1395,2614111010139599,ISBM-001,9492,0.1791,1700.02
SO-10306,2026-04-06,CUST-001,Bottle,Blow Molding,FR-007-rPET-350,WO-1399,2614411010139904,ISBM-001,6600,0.093,613.8
SO-10307,2026-04-10,CUST-014,Bottle,Blow Molding,FR-007-rPET-350,WO-1400,2614531010140005,ISBM-001,3427,0.1076,368.75
SO-10308,2026-04-16,CUST-009,Bottle,Blow Molding,FR-007-HDPE-PCR-350,WO-1402,2614611010140207,ISBM-001,3591,0.2256,810.13
SO-10309,2026-04-17,CUST-014,Bottle,blow molding,FR-007-HDPE-PCR-350,WO-1404,2614731010140409,ISBM-001,8470,0.1332,1128.2
SO-10310,2026-04-15,CUST-012,Bottle,Blow Molding,FR-007-PETG-350,WO-1405,2615121010140510,ISBM-001,7280,0.2219,1615.43
SO-10311,2026-04-19,CUST-008,Bottle,Blow Molding,FR-001-HDPE-300,WO-1406,2615211010140611,ISBM-001,10594,0.1883,1994.85
SO-10312,2026-04-10,CUST-004,Bottle,Blow Molding,FR-001-rPET-300,WO-1407,2615311010140712,ISBM-001,4092,0.1209,494.72
SO-10313,2026-04-10,CUST-001,Bottle,Blow Molding,FR-001-rPET-300,WO-1408,2615321010140813,ISBM-001,1090,0.2974,324.17
SO-10314,2026-04-15,CUST-011,Bottle,Blow Molding,FR-001-HDPE-PCR-300,WO-1409,2615411010140914,ISBM-001,3039,0.2098,637.58
SO-10315,2026-04-12,CUST-003,Bottle,Blow Molding,FR-001-HDPE-PCR-300,WO-1410,2615431010141015,ISBM-001,4151,0.0948,393.51
SO-10316,2026-04-17,CUST-011,Bottle,BLOW MOLDING,FR-001-HDPE-PCR-300,WO-1411,2615511010141116,ISBM-001,2577,0.2235,575.96
SO-10317,2026-04-22,CUST-013,Bottle,Blow Molding,FR-001-HDPE-PCR-300,WO-1412,2615631010141217,ISBM-001,3390,0.1964,665.8
SO-10318,2026-04-21,CUST-001,Bottle,Blow Molding,FR-001-HDPE-300,WO-1413,2615621010141318,ISBM-001,2126,0.3405,723.9
SO-10319,2026-04-23,CUST-003,Bottle,BLOW MOLDING,FR-001-HDPE-300,WO-1414,2615711010141419,ISBM-001,4060,0.0875,355.25
SO-10320,2026-04-21,CUST-007,Bottle,Blow Molding,FR-001-HDPE-300,WO-1418,2616311010141823,ISBM-001,3023,0.2527,763.91
SO-10321,2026-04-20,CUST-012,Bottle,Blow Molding,FR-007-HDPE-350,WO-1419,2616431010141924,ISBM-001,6510,0.3373,2195.82
SO-10322,2026-04-19,CUST-008,Bottle,Blow Molding,FR-007-HDPE-350,WO-1420,2616421010142025,ISBM-001,4611,0.263,1212.69
SO-10323,2026-04-23,CUST-010,Bottle,Blow Molding,FR-001-rPET-300,WO-1421,2616521010142126,ISBM-001,784,0.295,231.28
SO-10324,2026-04-27,CUST-009,Bottle,Blow Molding,FR-001-rPET-300,WO-1422,2616621010142227,ISBM-001,6478,0.1022,662.05
SO-10325,2026-04-28,CUST-007,Bottle,  Blow Molding  ,FR-001-HDPE-PCR-300,WO-1423,2616731010142328,ISBM-001,4124,0.1657,683.35
SO-10326,2026-04-30,CUST-014,Bottle,Blow Molding,FR-001-HDPE-300,WO-1424,2617131010142429,ISBM-001,2051,0.1653,339.03
SO-10327,2026-04-24,CUST-009,Bottle,BLOW MOLDING,FR-007-PP-350,WO-1428,2617431010142833,ISBM-001,5660,0.1034,585.24
SO-10328,2026-04-26,CUST-009,Bottle,Blow Molding,FR-001-HDPE-300,WO-1429,2617431010142934,ISBM-001,1299,0.3307,429.58
SO-10329,2026-05-05,CUST-005,Bottle,Blow Molding,FR-001-HDPE-300,WO-1430,2617531010143035,ISBM-001,6076,0.2933,1782.09
SO-10330,2026-05-03,CUST-005,Bottle,BLOW MOLDING,FR-007-rPET-350,WO-1432,2617731010143237,ISBM-001,2363,0.3,708.9
SO-10331,2026-05-05,CUST-013,Bottle,Blow Molding,FR-007-rPET-350,WO-1434,2618121010143439,ISBM-001,5120,0.1069,547.33
SO-10332,2026-05-01,CUST-014,Bottle,Blow Molding,FR-001-HDPE-PCR-300,WO-1435,2618211010143540,ISBM-001,4307,0.2076,894.13
SO-10333,2026-05-09,CUST-011,Bottle,Blow Molding,FR-007-HDPE-PCR-350,WO-1437,2618431010143742,ISBM-001,3098,0.2019,625.49
SO-10334,2026-05-08,CUST-006,Bottle,Blow Molding,FR-007-rPET-350,WO-1438,2618411010143843,ISBM-001,3244,0.3314,1075.06
SO-10335,2026-05-09,CUST-001,Bottle,Blow Molding,FR-007-rPET-350,WO-1439,2618531010143944,ISBM-001,6593,0.3136,2067.56
SO-10336,2026-05-03,CUST-001,Bottle,Blow Molding,FR-007-rPET-350,WO-1440,2618521010144045,ISBM-001,5662,0.2396,1356.62
SO-10337,2026-05-04,CUST-001,Bottle,Blow Molding,FR-001-HDPE-PCR-300,WO-1441,2618611010144146,ISBM-001,2949,0.2052,605.13
SO-10338,2026-05-13,CUST-005,Bottle,Blow Molding,FR-007-PETG-350,WO-1442,2618731010144247,ISBM-001,5356,0.3101,1660.9
SO-10339,2026-05-14,CUST-004,Bottle,Blow Molding,FR-001-HDPE-PCR-300,WO-1443,2618731010144348,ISBM-001,4395,0.1148,504.55
SO-10340,2026-05-13,CUST-013,Bottle,Blow Molding,FR-001-HDPE-PCR-300,WO-1445,2619231010144550,ISBM-001,5008,0.1068,534.85
SO-10341,2026-05-14,CUST-002,Bottle,Blow Molding,FR-001-HDPE-PCR-300,WO-1446,2619231010144651,ISBM-001,5979,0.3144,1879.8
SO-10342,2026-05-17,CUST-001,Bottle,Blow Molding,FR-001-HDPE-PCR-300,WO-1447,2619311010144752,ISBM-001,6812,0.0803,547.0
SO-10343,2026-05-18,CUST-002,Bottle,Blow Molding,FR-001-HDPE-PCR-300,WO-1448,2619431010144853,ISBM-001,3046,0.1897,577.83
SO-10344,2026-05-18,CUST-005,Bottle,Blow Molding,FR-007-rPET-350,WO-1450,2619511010145055,ISBM-001,2300,0.1082,248.86
SO-10345,2026-05-10,CUST-008,Bottle,Blow Molding,FR-007-PETG-350,WO-1451,2619631010145156,ISBM-001,5025,0.3148,1581.87
SO-10346,2026-05-20,CUST-009,Bottle,Blow Molding,FR-007-PETG-350,WO-1452,2619621010145257,ISBM-001,1882,0.3394,638.75
SO-10347,2026-05-13,CUST-013,Bottle,Blow Molding,FR-007-PETG-350,WO-1453,2619731010145358,ISBM-001,3119,0.2036,635.03
SO-10348,2026-05-21,CUST-011,Bottle,Blow Molding,FR-007-PETG-350,WO-1454,2619731010145459,ISBM-001,4619,0.1878,867.45
SO-10349,2026-05-24,CUST-009,Bottle,Blow Molding,FR-001-HDPE-300,WO-1456,2620211010145661,ISBM-001,8815,0.1312,1156.53
SO-10350,2026-05-25,CUST-014,Bottle,Blow Molding,FR-001-HDPE-300,WO-1457,2620311010145762,ISBM-001,6904,0.1223,844.36
SO-10351,2026-05-17,CUST-009,Bottle,Blow Molding,FR-001-HDPE-300,WO-1458,2620431010145863,ISBM-001,6163,0.3243,1998.66
SO-10352,2026-05-21,CUST-002,Bottle,Blow Molding,FR-001-HDPE-300,WO-1460,2620511010146065,ISBM-001,5893,0.2418,1424.93
SO-10353,2026-05-21,CUST-006,Bottle,  Blow Molding  ,FR-007-HDPE-350,WO-1461,2620631010146166,ISBM-001,3040,0.2407,731.73
SO-10354,2026-05-23,CUST-002,Bottle,Blow Molding,FR-001-rPET-300,WO-1463,2620731010146368,ISBM-001,2547,0.2507,638.53
SO-10355,2026-05-21,CUST-005,Bottle,Blow Molding,FR-001-rPET-300,WO-1464,2620721010146469,ISBM-001,6361,0.246,1564.81
SO-10356,2026-05-27,CUST-011,Bottle,Blow Molding,FR-001-HDPE-300,WO-1467,2621311010146772,ISBM-001,6220,0.2199,1367.78
SO-10357,2026-05-23,CUST-001,Bottle,Blow Molding,FR-001-HDPE-300,WO-1468,2621431010146873,ISBM-001,5182,0.197,1020.85
SO-10358,2026-05-28,CUST-013,Bottle,Blow Molding,FR-001-HDPE-300,WO-1469,2621421010146974,ISBM-001,3641,0.1281,466.41
SO-10359,2026-05-31,CUST-007,Bottle,Blow Molding,FR-007-PP-PCR-350,WO-1470,2621511010147075,ISBM-001,4551,0.1036,471.48
SO-10360,2026-06-02,CUST-008,Bottle,Blow Molding,FR-001-HDPE-300,WO-1472,2621711010147277,ISBM-001,5875,0.1719,1009.91
SO-10361,2026-06-05,CUST-006,Bottle,Blow Molding,FR-001-HDPE-300,WO-1473,2621721010147378,ISBM-001,8601,0.1806,1553.34
SO-10362,2026-05-29,CUST-005,Bottle,Blow Molding,FR-007-rPET-350,WO-1474,2622121010147479,ISBM-001,3724,0.1868,695.64
SO-10363,2026-06-02,CUST-001,Bottle,Blow Molding,FR-007-rPET-350,WO-1475,2622211010147580,ISBM-001,7950,0.2357,1873.82
SO-10364,2026-06-05,CUST-008,Bottle,Blow Molding,FR-007-HDPE-350,WO-1476,2622331010147681,ISBM-001,6838,0.3492,2387.83
SO-10365,2026-05-31,CUST-006,Bottle,Blow Molding,FR-007-HDPE-350,WO-1477,2622321010147782,ISBM-001,5414,0.3303,1788.24
SO-10366,2026-06-02,CUST-006,Bottle,Blow Molding,FR-007-HDPE-PCR-350,WO-1478,2622411010147883,ISBM-001,6823,0.1905,1299.78
SO-10367,2026-06-04,CUST-007,Bottle,Blow Molding,FR-007-HDPE-350,WO-1479,2622531010147984,ISBM-001,8481,0.2189,1856.49
SO-10368,2026-06-03,CUST-007,Bottle,Blow Molding,FR-001-HDPE-300,WO-1482,2622631010148287,ISBM-001,5859,0.123,720.66
SO-10369,2026-06-08,CUST-003,Bottle,Blow Molding,FR-001-HDPE-PCR-300,WO-1484,2623111010148489,ISBM-001,2827,0.16,452.32
SO-10370,2026-06-13,CUST-006,Bottle,Blow Molding,FR-007-PETG-350,WO-1486,2623221010148691,ISBM-001,7498,0.3025,2268.14
SO-10371,2026-06-12,CUST-013,Bottle,Blow Molding,FR-007-HDPE-350,WO-1487,2623311010148792,ISBM-001,8707,0.2791,2430.12
SO-10372,2026-06-13,CUST-001,Bottle,Blow Molding,FR-007-HDPE-350,WO-1488,2623431010148893,ISBM-001,3376,0.1902,642.12
SO-10373,2026-06-16,CUST-003,Bottle,Blow Molding,FR-001-rPET-300,WO-1489,2623421010148994,ISBM-001,3198,0.22,703.56
SO-10374,2026-06-11,CUST-006,Bottle,Blow Molding,FR-001-rPET-300,WO-1491,2623521010149196,ISBM-001,9657,0.1074,1037.16
SO-10375,2026-06-15,CUST-003,Bottle,blow molding,FR-007-PVC-350,WO-1492,2623621010149297,ISBM-001,3393,0.229,777.0
SO-10376,2026-06-09,CUST-007,Bottle,Blow Molding,FR-001-HDPE-300,WO-1493,2623711010149398,ISBM-001,6603,0.3416,2255.58
SO-10377,2026-06-13,CUST-008,Bottle,Blow Molding,FR-001-HDPE-PCR-300,WO-1494,2623731010149499,ISBM-001,4636,0.3369,1561.87
SO-10378,2026-06-15,CUST-007,Bottle,Blow Molding,FR-001-HDPE-PCR-300,WO-1495,2624121010149501,ISBM-001,5528,0.2761,1526.28
SO-10379,2026-06-18,CUST-013,Bottle,Blow Molding,FR-001-HDPE-PCR-300,WO-1496,2624211010149602,ISBM-001,6844,0.2351,1609.02
SO-10380,2026-06-15,CUST-009,Bottle,Blow Molding,FR-001-HDPE-PCR-300,WO-1497,2624331010149703,ISBM-001,2573,0.08,205.84
SO-10381,2026-06-17,CUST-014,Bottle,Blow Molding,FR-001-HDPE-PCR-300,WO-1498,2624311010149804,ISBM-001,3960,0.1716,679.54
SO-10382,2026-06-17,CUST-005,Bottle,Blow Molding,FR-007-PP-350,WO-1499,2624411010149905,ISBM-001,4306,0.1073,462.03
SO-10383,2026-06-20,CUST-009,Bottle,Blow Molding,FR-001-HDPE-300,WO-1501,2624521010150107,ISBM-001,5945,0.2226,1323.36
SO-10384,2026-06-15,CUST-003,Bottle,Blow Molding,FR-001-HDPE-300,WO-1502,2624611010150208,ISBM-001,3858,0.1348,520.06
SO-10385,2026-06-18,CUST-013,Bottle,Blow Molding,FR-001-HDPE-PCR-300,WO-1503,2624711010150309,ISBM-001,6437,0.2812,1810.08
SO-10386,2026-06-25,CUST-003,Bottle,Blow Molding,FR-007-PP-PCR-350,WO-1505,2625111010150511,ISBM-001,3944,0.1486,586.08
SO-10387,2026-06-18,CUST-013,Bottle,Blow Molding,FR-001-HDPE-300,WO-1506,2625231010150612,ISBM-001,2224,0.1085,241.3
SO-10388,2026-06-18,CUST-004,Bottle,Blow Molding,FR-007-PVC-350,WO-1507,2625211010150713,ISBM-001,7917,0.3052,2416.27
SO-10389,2026-06-28,CUST-010,Bottle,Blow Molding,FR-001-HDPE-300,WO-1508,2625311010150814,ISBM-001,4932,0.1065,525.26
SO-10390,2026-06-19,CUST-012,Bottle,Blow Molding,FR-001-HDPE-300,WO-1509,2625331010150915,ISBM-001,7288,0.2585,1883.95
SO-10391,2026-06-23,CUST-004,Bottle,Blow Molding,FR-007-PP-PCR-350,WO-1510,2625421010151016,ISBM-001,6785,0.1377,934.29
SO-10392,2026-06-26,CUST-010,Bottle,Blow Molding,FR-001-HDPE-300,WO-1511,2625511010151117,ISBM-001,3858,0.2822,1088.73
SO-10393,2026-06-24,CUST-012,Bottle,Blow Molding,FR-007-rPET-350,WO-1512,2625521010151218,ISBM-001,3657,0.2755,1007.5
SO-10394,2026-06-25,CUST-014,Bottle,Blow Molding,FR-007-rPET-350,WO-1513,2625631010151319,ISBM-001,2877,0.2164,622.58
SO-10395,2026-06-26,CUST-006,Bottle,Blow Molding,FR-007-PVC-350,WO-1515,2626131010151521,ISBM-001,2540,0.2696,684.78
SO-10396,2026-06-28,CUST-006,Bottle,Blow Molding,FR-001-HDPE-300,WO-1516,2626121010151622,ISBM-001,5460,0.3459,1888.61
SO-10397,2026-06-28,CUST-012,Bottle,Blow Molding,FR-001-HDPE-300,WO-1517,2626211010151723,ISBM-001,4098,0.3291,1348.65
SO-10398,2026-07-03,CUST-006,Bottle,Blow Molding,FR-001-HDPE-300,WO-1518,2626221010151824,ISBM-001,4383,0.1401,614.06
SO-10399,2026-06-28,CUST-011,Bottle,Blow Molding,FR-001-HDPE-300,WO-1519,2626331010151925,ISBM-001,2737,0.3109,850.93
SO-10400,2026-06-28,CUST-002,Bottle,blow molding,FR-007-PP-PCR-350,WO-1522,2626421010152228,ISBM-001,8861,0.3456,3062.36
SO-10401,2026-07-02,CUST-006,Bottle,Blow Molding,FR-007-PP-PCR-350,WO-1523,2626521010152329,ISBM-001,8154,0.1006,820.29
SO-10402,2026-07-04,CUST-007,Bottle,Blow Molding,FR-001-HDPE-PCR-300,WO-1524,2626621010152430,ISBM-001,4726,0.1499,708.43
SO-10403,2026-07-01,CUST-004,Bottle,Blow Molding,FR-001-HDPE-PCR-300,WO-1525,2626731010152531,ISBM-001,3221,0.2522,812.34
SO-10404,2026-07-07,CUST-014,Bottle,blow molding,FR-007-PETG-350,WO-1528,2627231010152834,ISBM-001,11525,0.33,3803.25
SO-10405,2026-07-06,CUST-007,Bottle,Blow Molding,FR-001-HDPE-PCR-300,WO-1529,2627331010152935,ISBM-001,5567,0.0965,537.22
SO-10406,2026-07-09,CUST-005,Bottle,Blow Molding,FR-007-PP-350,WO-1530,2627321010153036,ISBM-001,3577,0.0855,305.83
SO-10407,2026-07-06,CUST-003,Bottle,Blow Molding,FR-001-HDPE-300,WO-1532,2627531010153238,ISBM-001,5482,0.3115,1707.64
SO-10408,2026-07-05,CUST-004,Bottle,Blow Molding,FR-001-rPET-300,WO-1533,2627521010153339,ISBM-001,4768,0.2243,1069.46
SO-10409,2026-07-10,CUST-002,Bottle,Blow Molding,FR-001-rPET-300,WO-1534,2627631010153440,ISBM-001,4248,0.2106,894.63
SO-10410,2026-07-12,CUST-001,Bottle,Blow Molding,FR-001-rPET-300,WO-1535,2627621010153541,ISBM-001,6016,0.1457,876.53
SO-10411,2026-07-08,CUST-012,Bottle,Blow Molding,FR-007-rPET-350,WO-1536,2627711010153642,ISBM-001,3086,0.2721,839.7
SO-10412,2026-07-07,CUST-003,Bottle,Blow Molding,FR-007-rPET-350,WO-1537,2628131010153743,ISBM-001,5746,0.2193,1260.1
SO-10413,2026-07-10,CUST-005,Bottle,Blow Molding,FR-007-HDPE-PCR-350,WO-1538,2628121010153844,ISBM-001,4503,0.1521,684.91
SO-10414,2026-07-10,CUST-005,Bottle,Blow Molding,FR-007-PP-350,WO-1542,2628431010154248,ISBM-001,3026,0.3032,917.48
SO-10415,2026-07-11,CUST-009,Bottle,Blow Molding,FR-007-PP-350,WO-1543,2628421010154349,ISBM-001,5397,0.0836,451.19
SO-10416,2026-07-22,CUST-014,Bottle,Blow Molding,FR-001-rPET-300,WO-1549,2629111010154955,ISBM-001,6147,0.1369,841.52
SO-10417,2026-07-16,CUST-009,Bottle,Blow Molding,FR-001-HDPE-PCR-300,WO-1550,2629231010155056,ISBM-001,5384,0.1008,542.71
SO-10418,2026-07-26,CUST-004,Bottle,Blow Molding,FR-001-HDPE-PCR-300,WO-1551,2629231010155157,ISBM-001,4508,0.1687,760.5
SO-10419,2026-07-23,CUST-011,Bottle,Blow Molding,FR-001-HDPE-PCR-300,WO-1552,2629321010155258,ISBM-001,5389,0.1946,1048.7
SO-10420,2026-07-22,CUST-011,Bottle,Blow Molding,FR-007-HDPE-PCR-350,WO-1553,2629411010155359,ISBM-001,5441,0.3471,1888.57
SO-10421,2026-07-26,CUST-008,Bottle,  Blow Molding  ,FR-007-HDPE-PCR-350,WO-1554,2629421010155460,ISBM-001,4065,0.1684,684.55
SO-10422,2026-07-24,CUST-010,Bottle,Blow Molding,FR-001-rPET-300,WO-1555,2629521010155561,ISBM-001,2407,0.2132,513.17
SO-10423,2026-07-21,CUST-006,Bottle,Blow Molding,FR-001-rPET-300,WO-1556,2629631010155662,ISBM-001,6568,0.2845,1868.6
SO-10424,2026-07-30,CUST-008,Bottle,Blow Molding,FR-007-PETG-350,WO-1557,2629621010155763,ISBM-001,3672,0.2705,993.28
SO-10425,2026-07-22,CUST-004,Bottle,Blow Molding,FR-007-HDPE-PCR-350,WO-1558,2629711010155864,ISBM-001,6961,0.1198,833.93
SO-10426,2026-07-22,CUST-007,Bottle,Blow Molding,FR-007-HDPE-PCR-350,WO-1559,2629721010155965,ISBM-001,2198,0.2196,482.68
SO-10427,2026-07-25,CUST-005,Bottle,Blow Molding,FR-007-HDPE-PCR-350,WO-1560,2630131010156066,ISBM-001,5264,0.2976,1566.57
SO-10428,2026-08-01,CUST-006,Bottle,Blow Molding,FR-007-HDPE-PCR-350,WO-1562,2630211010156268,ISBM-001,5217,0.3247,1693.96
SO-10429,2026-08-02,CUST-012,Bottle,Blow Molding,FR-007-HDPE-PCR-350,WO-1563,2630311010156369,ISBM-001,8216,0.0892,732.87
SO-10430,2026-07-31,CUST-001,Bottle,blow molding,FR-007-HDPE-PCR-350,WO-1564,2630431010156470,ISBM-001,5806,0.2379,1381.25
SO-10431,2026-07-25,CUST-002,Bottle,Blow Molding,FR-007-PP-350,WO-1565,2630431010156571,ISBM-001,6416,0.2821,1809.95
SO-10432,2026-07-31,CUST-002,Bottle,  Blow Molding  ,FR-001-HDPE-300,WO-1566,2630511010156672,ISBM-001,4103,0.1519,623.25
SO-10433,2026-07-31,CUST-004,Bottle,Blow Molding,FR-001-HDPE-300,WO-1567,2630631010156773,ISBM-001,2152,0.245,527.24
SO-10434,2026-08-02,CUST-012,Bottle,Blow Molding,FR-007-PETG-350,WO-1568,2630621010156874,ISBM-001,4504,0.3272,1473.71
SO-10435,2026-07-30,CUST-003,Bottle,Blow Molding,FR-007-HDPE-350,WO-1569,2630711010156975,ISBM-001,5878,0.2501,1470.09
SO-10436,2026-08-06,CUST-014,Bottle,Blow Molding,FR-007-PETG-350,WO-1570,2631111010157076,ISBM-001,6555,0.1223,801.68
SO-10437,2026-08-08,CUST-008,Bottle,Blow Molding,FR-007-PETG-350,WO-1571,2631231010157177,ISBM-001,5750,0.3128,1798.6
SO-10438,2026-08-06,CUST-002,Bottle,Blow Molding,FR-007-PETG-350,WO-1572,2631221010157278,ISBM-001,3503,0.253,886.26
SO-10439,2026-07-31,CUST-012,Bottle,Blow Molding,FR-007-PETG-350,WO-1573,2631331010157379,ISBM-001,8902,0.0801,713.05
SO-10440,2026-08-07,CUST-012,Bottle,Blow Molding,FR-007-PETG-350,WO-1574,2631431010157480,ISBM-001,2622,0.345,904.59
SO-10441,2026-08-11,CUST-014,Bottle,Blow Molding,FR-007-PVC-350,WO-1576,2631531010157682,ISBM-001,6792,0.1268,861.23
SO-10442,2026-08-10,CUST-006,Bottle,Blow Molding,FR-007-PVC-350,WO-1577,2631511010157783,ISBM-001,4671,0.1019,475.97
SO-10443,2026-08-06,CUST-014,Bottle,Blow Molding,FR-001-HDPE-PCR-300,WO-1580,2631711010158086,ISBM-001,6025,0.1635,985.09
SO-10444,2026-08-11,CUST-012,Bottle,Blow Molding,FR-001-HDPE-PCR-300,WO-1581,2632131010158187,ISBM-001,3667,0.0884,324.16
SO-10445,2026-08-12,CUST-004,Bottle,Blow Molding,FR-001-rPET-300,WO-1587,2632431010158793,ISBM-001,3254,0.1326,431.48
SO-10446,2026-08-18,CUST-010,Bottle,Blow Molding,FR-001-rPET-300,WO-1588,2632511010158894,ISBM-001,5962,0.2965,1767.73
SO-10447,2026-08-19,CUST-014,Bottle,Blow Molding,FR-001-HDPE-300,WO-1589,2632611010158995,ISBM-001,4814,0.1704,820.31
SO-10448,2026-08-11,CUST-002,Bottle,Blow Molding,FR-001-HDPE-PCR-300,WO-1590,2632731010159096,ISBM-001,4508,0.2967,1337.52
SO-10449,2026-08-20,CUST-003,Bottle,Blow Molding,FR-001-HDPE-PCR-300,WO-1591,2632721010159197,ISBM-001,8104,0.086,696.94
SO-10450,2026-08-16,CUST-011,Bottle,Blow Molding,FR-001-HDPE-300,WO-1592,2633121010159298,ISBM-001,3019,0.2842,858.0
SO-10451,2026-08-18,CUST-012,Bottle,Blow Molding,FR-001-HDPE-300,WO-1593,2633131010159399,ISBM-001,7082,0.3001,2125.31
SO-10452,2026-08-20,CUST-013,Bottle,Blow Molding,FR-007-PP-350,WO-1596,2633431010159603,ISBM-001,2976,0.2224,661.86
SO-10453,2026-08-25,CUST-011,Bottle,Blow Molding,FR-007-PVC-350,WO-1598,2633511010159805,ISBM-001,5682,0.1188,675.02
SO-10454,2026-08-26,CUST-007,Bottle,Blow Molding,FR-001-HDPE-PCR-300,WO-1599,2633631010159906,ISBM-001,5218,0.3343,1744.38
SO-10455,2026-08-21,CUST-009,Bottle,Blow Molding,FR-007-HDPE-350,WO-1600,2633621010160007,ISBM-001,3768,0.3321,1251.35
SO-10456,2026-08-23,CUST-012,Bottle,Blow Molding,FR-007-HDPE-350,WO-1601,2633721010160108,ISBM-001,4220,0.1022,431.28
SO-10457,2026-08-25,CUST-006,Bottle,Blow Molding,FR-007-HDPE-350,WO-1602,2634111010160209,ISBM-001,3192,0.2987,953.45
SO-10458,2026-08-27,CUST-003,Bottle,  Blow Molding  ,FR-001-HDPE-PCR-300,WO-1603,2634121010160310,ISBM-001,9775,0.1151,1125.1
SO-10459,2026-08-29,CUST-011,Bottle,blow molding,FR-001-HDPE-PCR-300,WO-1604,2634221010160411,ISBM-001,4254,0.324,1378.3
SO-10460,2026-08-28,CUST-009,Bottle,Blow Molding,FR-007-PP-PCR-350,WO-1605,2634311010160512,ISBM-001,8706,0.2738,2383.7
SO-10461,2026-08-27,CUST-011,Bottle,Blow Molding,FR-007-PVC-350,WO-1606,2634431010160613,ISBM-001,6333,0.0864,547.17
SO-10462,2026-08-26,CUST-009,Bottle,Blow Molding,FR-007-PVC-350,WO-1607,2634421010160714,ISBM-001,5627,0.2069,1164.23
SO-10463,2026-08-27,CUST-012,Bottle,Blow Molding,FR-007-HDPE-PCR-350,WO-1609,2634631010160916,ISBM-001,3331,0.0854,284.47
SO-10464,2026-08-30,CUST-006,Bottle,Blow Molding,FR-007-rPET-350,WO-1610,2634621010161017,ISBM-001,6438,0.308,1982.9
SO-10465,2026-09-03,CUST-004,Bottle,Blow Molding,FR-007-PETG-350,WO-1611,2634721010161118,ISBM-001,5545,0.3241,1797.13
SO-10466,2026-08-29,CUST-009,Bottle,Blow Molding,FR-007-PETG-350,WO-1612,2635111010161219,ISBM-001,5880,0.2732,1606.42
SO-10467,2026-08-26,CUST-005,Bottle,Blow Molding,FR-001-rPET-300,WO-1613,2635231010161320,ISBM-001,3953,0.2096,828.55
SO-10468,2026-09-05,CUST-002,Bottle,Blow Molding,FR-001-rPET-300,WO-1614,2635221010161421,ISBM-001,2382,0.2677,637.66
SO-10469,2026-09-05,CUST-001,Bottle,Blow Molding,FR-001-HDPE-300,WO-1615,2635331010161522,ISBM-001,1905,0.2432,463.3
SO-10470,2026-08-30,CUST-002,Bottle,Blow Molding,FR-007-rPET-350,WO-1616,2635321010161623,ISBM-001,7902,0.1162,918.21
SO-10471,2026-08-29,CUST-001,Bottle,Blow Molding,FR-007-rPET-350,WO-1617,2635421010161724,ISBM-001,7316,0.1588,1161.78
SO-10472,2026-09-03,CUST-014,Bottle,Blow Molding,FR-007-PP-350,WO-1618,2635511010161825,ISBM-001,3196,0.0932,297.87
SO-10473,2026-08-31,CUST-004,Bottle,Blow Molding,FR-007-PP-350,WO-1619,2635521010161926,ISBM-001,4989,0.3412,1702.25
SO-10474,2026-09-09,CUST-002,Bottle,Blow Molding,FR-007-PVC-350,WO-1620,2635611010162027,ISBM-001,6411,0.2725,1747.0
SO-10475,2026-09-02,CUST-008,Bottle,Blow Molding,FR-007-HDPE-PCR-350,WO-1623,2636121010162330,ISBM-001,2663,0.2224,592.25
SO-10476,2026-09-05,CUST-001,Bottle,Blow Molding,FR-007-HDPE-PCR-350,WO-1624,2636211010162431,ISBM-001,10918,0.228,2489.3
SO-10477,2026-09-05,CUST-014,Bottle,Blow Molding,FR-001-HDPE-300,WO-1627,2636431010162734,ISBM-001,3627,0.1821,660.48
SO-10478,2026-09-10,CUST-001,Bottle,  Blow Molding  ,FR-007-PVC-350,WO-1629,2636521010162936,ISBM-001,7153,0.3205,2292.54
SO-10479,2026-09-08,CUST-012,Bottle,Blow Molding,FR-001-HDPE-PCR-300,WO-1632,2636721010163239,ISBM-001,2706,0.2508,678.66
SO-10480,2026-09-12,CUST-011,Bottle,Blow Molding,FR-007-PVC-350,WO-1633,2637111010163340,ISBM-001,6903,0.2417,1668.46
SO-10481,2026-09-13,CUST-010,Bottle,BLOW MOLDING,FR-007-PP-PCR-350,WO-1634,2637231010163441,ISBM-001,6090,0.1918,1168.06
SO-10482,2026-09-13,CUST-010,Bottle,Blow Molding,FR-001-rPET-300,WO-1635,2637221010163542,ISBM-001,8993,0.1168,1050.38
SO-10483,2026-09-19,CUST-006,Bottle,blow molding,FR-001-rPET-300,WO-1637,2637431010163744,ISBM-001,5965,0.3081,1837.82
SO-10484,2026-09-20,CUST-003,Bottle,Blow Molding,FR-001-HDPE-PCR-300,WO-1638,2637421010163845,ISBM-001,6905,0.1814,1252.57
SO-10485,2026-09-15,CUST-014,Bottle,Blow Molding,FR-001-HDPE-PCR-300,WO-1639,2637511010163946,ISBM-001,5358,0.2475,1326.11
SO-10486,2026-09-20,CUST-003,Bottle,Blow Molding,FR-001-HDPE-PCR-300,WO-1640,2637531010164047,ISBM-001,4370,0.2794,1220.98
SO-10487,2026-09-19,CUST-004,Bottle,Blow Molding,FR-007-rPET-350,WO-1642,2637711010164249,ISBM-001,6980,0.2429,1695.44
SO-10488,2026-09-23,CUST-002,Bottle,Blow Molding,FR-007-rPET-350,WO-1643,2637721010164350,ISBM-001,3343,0.3017,1008.58
SO-10489,2026-09-19,CUST-011,Bottle,Blow Molding,FR-007-PP-PCR-350,WO-1644,2638111010164451,ISBM-001,4596,0.1514,695.83
SO-10490,2026-09-16,CUST-003,Bottle,Blow Molding,FR-007-PP-PCR-350,WO-1645,2638121010164552,ISBM-001,3880,0.3486,1352.57
SO-10491,2026-09-24,CUST-005,Bottle,Blow Molding,FR-001-HDPE-PCR-300,WO-1646,2638211010164653,ISBM-001,5375,0.3429,1843.09
SO-10492,2026-09-19,CUST-008,Bottle,Blow Molding,FR-001-HDPE-PCR-300,WO-1647,2638331010164754,ISBM-001,3671,0.1605,589.2
SO-10493,2026-09-23,CUST-007,Bottle,Blow Molding,FR-007-HDPE-350,WO-1648,2638321010164855,ISBM-001,6027,0.1546,931.77
SO-10494,2026-09-20,CUST-008,Bottle,Blow Molding,FR-001-HDPE-PCR-300,WO-1649,2638411010164956,ISBM-001,8323,0.3082,2565.15
SO-10495,2026-09-22,CUST-010,Bottle,Blow Molding,FR-001-HDPE-PCR-300,WO-1650,2638511010165057,ISBM-001,7814,0.2058,1608.12
SO-10496,2026-09-30,CUST-003,Bottle,Blow Molding,FR-007-PETG-350,WO-1653,2638711010165360,ISBM-001,7459,0.2969,2214.58
SO-10497,2026-09-25,CUST-007,Bottle,Blow Molding,FR-007-PETG-350,WO-1654,2638731010165461,ISBM-001,6300,0.0992,624.96
SO-10498,2026-10-02,CUST-005,Bottle,  Blow Molding  ,FR-001-HDPE-PCR-300,WO-1655,2639131010165562,ISBM-001,5101,0.1349,688.12
SO-10499,2026-09-29,CUST-011,Bottle,Blow Molding,FR-001-HDPE-PCR-300,WO-1656,2639221010165663,ISBM-001,3508,0.2333,818.42
SO-10500,2026-09-25,CUST-012,Bottle,  Blow Molding  ,FR-001-HDPE-PCR-300,WO-1657,2639311010165764,ISBM-001,5194,0.2427,1260.58
SO-10501,2026-09-30,CUST-010,Bottle,Blow Molding,FR-007-rPET-350,WO-1658,2639431010165865,ISBM-001,5654,0.1087,614.59
SO-10502,2026-10-05,CUST-001,Bottle,Blow Molding,FR-007-rPET-350,WO-1659,2639531010165966,ISBM-001,3382,0.2926,989.57
SO-10503,2026-10-04,CUST-004,Bottle,Blow Molding,FR-007-rPET-350,WO-1660,2639511010166067,ISBM-001,5346,0.1967,1051.56
SO-10504,2026-10-04,CUST-014,Bottle,  Blow Molding  ,FR-007-HDPE-350,WO-1661,2639631010166168,ISBM-001,3653,0.3443,1257.73
SO-10505,2026-09-30,CUST-012,Bottle,Blow Molding,FR-007-PP-PCR-350,WO-1662,2639621010166269,ISBM-001,3047,0.2261,688.93
SO-10506,2026-10-03,CUST-006,Bottle,Blow Molding,FR-007-PP-PCR-350,WO-1663,2639711010166370,ISBM-001,5395,0.1373,740.73
SO-10507,2026-09-29,CUST-013,Bottle,Blow Molding,FR-007-PP-PCR-350,WO-1664,2640131010166471,ISBM-001,4663,0.2581,1203.52
SO-10508,2026-10-08,CUST-010,Bottle,Blow Molding,FR-007-PP-PCR-350,WO-1665,2640121010166572,ISBM-001,3471,0.1829,634.85
SO-10509,2026-10-08,CUST-012,Bottle,Blow Molding,FR-007-PP-PCR-350,WO-1666,2640211010166673,ISBM-001,8320,0.1243,1034.18
SO-10510,2026-10-11,CUST-001,Bottle,Blow Molding,FR-007-PP-PCR-350,WO-1667,2640311010166774,ISBM-001,6814,0.3195,2177.07
SO-10511,2026-10-07,CUST-006,Bottle,Blow Molding,FR-007-HDPE-350,WO-1668,2640331010166875,ISBM-001,8292,0.2064,1711.47
SO-10512,2026-10-09,CUST-012,Bottle,Blow Molding,FR-001-rPET-300,WO-1669,2640421010166976,ISBM-001,7285,0.2079,1514.55
SO-10513,2026-10-03,CUST-011,Bottle,Blow Molding,FR-001-rPET-300,WO-1670,2640531010167077,ISBM-001,4100,0.228,934.8
SO-10514,2026-10-10,CUST-014,Bottle,Blow Molding,FR-001-rPET-300,WO-1671,2640531010167178,ISBM-001,5052,0.1273,643.12
SO-10515,2026-10-10,CUST-008,Bottle,Blow Molding,FR-001-HDPE-300,WO-1672,2640621010167279,ISBM-001,1352,0.1428,193.07
SO-10516,2026-10-11,CUST-009,Bottle,Blow Molding,FR-001-HDPE-300,WO-1673,2640731010167380,ISBM-001,10629,0.1384,1471.05
SO-10517,2026-10-09,CUST-010,Bottle,Blow Molding,FR-001-HDPE-300,WO-1674,2640721010167481,ISBM-001,6604,0.1869,1234.29
SO-10518,2026-10-09,CUST-005,Bottle,Blow Molding,FR-001-HDPE-PCR-300,WO-1675,2641121010167582,ISBM-001,4999,0.1269,634.37
SO-10519,2026-10-10,CUST-014,Bottle,Blow Molding,FR-001-HDPE-300,WO-1676,2641211010167683,ISBM-001,5398,0.1496,807.54
SO-10520,2026-10-11,CUST-007,Bottle,Blow Molding,FR-001-HDPE-300,WO-1677,2641231010167784,ISBM-001,5029,0.1595,802.13
SO-10521,2026-10-12,CUST-013,Bottle,Blow Molding,FR-001-HDPE-300,WO-1678,2641321010167885,ISBM-001,4536,0.1208,547.95
SO-10522,2026-10-20,CUST-013,Bottle,Blow Molding,FR-007-PVC-350,WO-1679,2641411010167986,ISBM-001,5324,0.2092,1113.78
SO-10523,2026-10-19,CUST-011,Bottle,Blow Molding,FR-007-PVC-350,WO-1680,2641511010168087,ISBM-001,5867,0.3033,1779.46
SO-10524,2026-10-21,CUST-003,Bottle,Blow Molding,FR-001-rPET-300,WO-1681,2641611010168188,ISBM-001,7407,0.1584,1173.27
SO-10525,2026-10-19,CUST-008,Bottle,Blow Molding,FR-001-rPET-300,WO-1682,2641731010168289,ISBM-001,5806,0.2556,1484.01
SO-10526,2026-10-16,CUST-007,Bottle,Blow Molding,FR-007-PETG-350,WO-1683,2641721010168390,ISBM-001,4893,0.1078,527.47
SO-10527,2026-10-20,CUST-002,Bottle,Blow Molding,FR-007-PP-350,WO-1684,2642111010168491,ISBM-001,8434,0.2182,1840.3
SO-10528,2026-10-22,CUST-001,Bottle,Blow Molding,FR-007-PP-350,WO-1685,2642121010168592,ISBM-001,6338,0.3205,2031.33
SO-10529,2026-10-17,CUST-013,Bottle,Blow Molding,FR-001-rPET-300,WO-1687,2642311010168794,ISBM-001,3656,0.2437,890.97
SO-10530,2026-10-18,CUST-005,Bottle,Blow Molding,FR-001-rPET-300,WO-1688,2642431010168895,ISBM-001,7263,0.1342,974.69
SO-10531,2026-10-20,CUST-014,Bottle,Blow Molding,FR-001-rPET-300,WO-1689,2642421010168996,ISBM-001,10462,0.2414,2525.53
SO-10532,2026-10-19,CUST-005,Bottle,Blow Molding,FR-007-PETG-350,WO-1690,2642521010169097,ISBM-001,2796,0.0821,229.55
SO-10533,2026-10-21,CUST-007,Bottle,Blow Molding,FR-007-PETG-350,WO-1691,2642611010169198,ISBM-001,4231,0.2327,984.55
SO-10534,2026-10-29,CUST-012,Bottle,Blow Molding,FR-001-HDPE-PCR-300,WO-1693,2643131010169301,ISBM-001,1888,0.0993,187.48
SO-10535,2026-10-24,CUST-001,Bottle,Blow Molding,FR-001-HDPE-PCR-300,WO-1694,2643121010169402,ISBM-001,3665,0.1991,729.7
SO-10536,2026-10-29,CUST-004,Bottle,Blow Molding,FR-001-HDPE-300,WO-1695,2643231010169503,ISBM-001,5445,0.1096,596.77
SO-10537,2026-11-01,CUST-013,Bottle,Blow Molding,FR-001-HDPE-300,WO-1696,2643221010169604,ISBM-001,4368,0.1473,643.41
SO-10538,2026-10-25,CUST-002,Bottle,Blow Molding,FR-007-HDPE-PCR-350,WO-1697,2643311010169705,ISBM-001,7375,0.2777,2048.04
SO-10539,2026-10-25,CUST-012,Bottle,Blow Molding,FR-007-HDPE-PCR-350,WO-1698,2643431010169806,ISBM-001,3290,0.1995,656.36
SO-10540,2026-10-30,CUST-003,Bottle,Blow Molding,FR-001-HDPE-PCR-300,WO-1699,2643421010169907,ISBM-001,4745,0.1842,874.03
SO-10541,2026-10-27,CUST-013,Bottle,Blow Molding,FR-001-HDPE-PCR-300,WO-1700,2643511010170008,ISBM-001,6457,0.3499,2259.3
SO-10542,2026-10-28,CUST-002,Bottle,Blow Molding,FR-001-HDPE-PCR-300,WO-1701,2643521010170109,ISBM-001,9258,0.1517,1404.44
SO-10543,2026-10-27,CUST-013,Bottle,Blow Molding,FR-001-HDPE-300,WO-1702,2643621010170210,ISBM-001,3736,0.1476,551.43
SO-10544,2026-11-04,CUST-012,Bottle,Blow Molding,FR-001-HDPE-300,WO-1703,2643711010170311,ISBM-001,6217,0.281,1746.98
SO-10545,2026-10-29,CUST-003,Bottle,Blow Molding,FR-001-HDPE-300,WO-1704,2644131010170412,ISBM-001,8643,0.1328,1147.79
SO-10546,2026-11-05,CUST-006,Bottle,Blow Molding,FR-007-PP-PCR-350,WO-1705,2644131010170513,ISBM-001,3787,0.3371,1276.6
SO-10547,2026-11-08,CUST-005,Bottle,BLOW MOLDING,FR-007-PP-PCR-350,WO-1706,2644221010170614,ISBM-001,2249,0.3397,763.99
SO-10548,2026-10-31,CUST-014,Bottle,Blow Molding,FR-007-rPET-350,WO-1709,2644421010170917,ISBM-001,6441,0.1863,1199.96
SO-10549,2026-11-09,CUST-009,Bottle,Blow Molding,FR-001-HDPE-PCR-300,WO-1711,2644631010171119,ISBM-001,4715,0.284,1339.06
SO-10550,2026-11-06,CUST-003,Bottle,Blow Molding,FR-007-PETG-350,WO-1712,2644621010171220,ISBM-001,4556,0.1476,672.47
SO-10551,2026-11-12,CUST-003,Bottle,Blow Molding,FR-007-PETG-350,WO-1713,2644721010171321,ISBM-001,3697,0.0966,357.13
SO-10552,2026-11-13,CUST-011,Bottle,Blow Molding,FR-007-PETG-350,WO-1714,2645131010171422,ISBM-001,2036,0.1837,374.01
SO-10553,2026-11-11,CUST-001,Bottle,Blow Molding,FR-001-HDPE-PCR-300,WO-1715,2645121010171523,ISBM-001,5811,0.0824,478.83
SO-10554,2026-11-14,CUST-009,Bottle,Blow Molding,FR-001-HDPE-PCR-300,WO-1716,2645211010171624,ISBM-001,3367,0.2624,883.5
SO-10555,2026-11-12,CUST-012,Bottle,Blow Molding,FR-001-HDPE-PCR-300,WO-1717,2645331010171725,ISBM-001,2613,0.3382,883.72
SO-10556,2026-11-07,CUST-005,Bottle,Blow Molding,FR-007-HDPE-350,WO-1718,2645321010171826,ISBM-001,3970,0.1386,550.24
SO-10557,2026-11-06,CUST-011,Bottle,Blow Molding,FR-007-HDPE-350,WO-1719,2645411010171927,ISBM-001,3681,0.2204,811.29
SO-10558,2026-11-14,CUST-003,Bottle,Blow Molding,FR-007-HDPE-350,WO-1720,2645431010172028,ISBM-001,6384,0.1112,709.9
SO-10559,2026-11-15,CUST-003,Bottle,Blow Molding,FR-001-HDPE-PCR-300,WO-1721,2645521010172129,ISBM-001,3316,0.3128,1037.24
SO-10560,2026-11-09,CUST-013,Bottle,Blow Molding,FR-001-HDPE-PCR-300,WO-1722,2645531010172230,ISBM-001,3951,0.1228,485.18
SO-10561,2026-11-19,CUST-006,Bottle,Blow Molding,FR-001-HDPE-PCR-300,WO-1723,2645611010172331,ISBM-001,2736,0.2619,716.56
SO-10562,2026-11-11,CUST-001,Bottle,Blow Molding,FR-007-HDPE-PCR-350,WO-1724,2645731010172432,ISBM-001,4526,0.3353,1517.57
SO-10563,2026-11-17,CUST-012,Bottle,  Blow Molding  ,FR-007-HDPE-PCR-350,WO-1725,2645721010172533,ISBM-001,4148,0.204,846.19
SO-10564,2026-11-18,CUST-014,Bottle,Blow Molding,FR-007-HDPE-PCR-350,WO-1726,2646131010172634,ISBM-001,6547,0.2577,1687.16
SO-10565,2026-11-14,CUST-002,Bottle,  Blow Molding  ,FR-001-HDPE-PCR-300,WO-1729,2646311010172937,ISBM-001,6014,0.1992,1197.99
SO-10566,2026-11-14,CUST-008,Bottle,Blow Molding,FR-001-HDPE-PCR-300,WO-1730,2646431010173038,ISBM-001,4519,0.1836,829.69
SO-10567,2026-11-17,CUST-002,Bottle,Blow Molding,FR-007-PP-PCR-350,WO-1732,2646511010173240,ISBM-001,2001,0.1953,390.8
SO-10568,2026-11-20,CUST-012,Bottle,Blow Molding,FR-007-rPET-350,WO-1735,2646711010173543,ISBM-001,5981,0.3346,2001.24
SO-10569,2026-11-19,CUST-013,Bottle,Blow Molding,FR-007-rPET-350,WO-1736,2647131010173644,ISBM-001,6728,0.2981,2005.62
SO-10570,2026-11-21,CUST-012,Bottle,Blow Molding,FR-001-HDPE-PCR-300,WO-1737,2647121010173745,ISBM-001,3253,0.3347,1088.78
SO-10571,2026-11-24,CUST-010,Bottle,Blow Molding,FR-001-HDPE-300,WO-1739,2647331010173947,ISBM-001,5590,0.2811,1571.35
SO-10572,2026-11-26,CUST-003,Bottle,Blow Molding,FR-001-HDPE-300,WO-1740,2647321010174048,ISBM-001,3442,0.1242,427.5
SO-10573,2026-11-21,CUST-003,Bottle,Blow Molding,FR-007-rPET-350,WO-1742,2647421010174250,ISBM-001,3837,0.1823,699.49
SO-10574,2026-12-01,CUST-009,Bottle,Blow Molding,FR-001-HDPE-PCR-300,WO-1743,2647511010174351,ISBM-001,3332,0.1865,621.42
SO-10575,2026-11-30,CUST-005,Bottle,Blow Molding,FR-001-rPET-300,WO-1744,2647631010174452,ISBM-001,1305,0.1403,183.09
SO-10576,2026-12-03,CUST-014,Bottle,Blow Molding,FR-001-rPET-300,WO-1745,2647631010174553,ISBM-001,2663,0.2686,715.28
SO-10577,2026-12-01,CUST-012,Bottle,blow molding,FR-001-rPET-300,WO-1746,2647711010174654,ISBM-001,6039,0.238,1437.28
SO-10578,2026-12-05,CUST-009,Bottle,Blow Molding,FR-007-PP-PCR-350,WO-1747,2648131010174755,ISBM-001,3816,0.309,1179.14
SO-10579,2026-11-27,CUST-013,Bottle,Blow Molding,FR-007-PP-PCR-350,WO-1748,2648231010174856,ISBM-001,2189,0.1425,311.93
SO-10580,2026-12-04,CUST-009,Bottle,Blow Molding,FR-007-PETG-350,WO-1749,2648211010174957,ISBM-001,2924,0.178,520.47
SO-10581,2026-11-28,CUST-006,Bottle,Blow Molding,FR-001-rPET-300,WO-1750,2648231010175058,ISBM-001,8404,0.1891,1589.2
SO-10582,2026-11-29,CUST-008,Bottle,Blow Molding,FR-001-rPET-300,WO-1751,2648321010175159,ISBM-001,4226,0.2021,854.07
SO-10583,2026-12-03,CUST-006,Bottle,Blow Molding,FR-001-rPET-300,WO-1752,2648421010175260,ISBM-001,3160,0.1868,590.29
SO-10584,2026-12-08,CUST-013,Bottle,Blow Molding,FR-001-HDPE-300,WO-1753,2648531010175361,ISBM-001,3017,0.3311,998.93
SO-10585,2026-11-30,CUST-012,Bottle,blow molding,FR-001-HDPE-300,WO-1754,2648521010175462,ISBM-001,4735,0.2326,1101.36
SO-10586,2026-12-03,CUST-005,Bottle,Blow Molding,FR-001-HDPE-PCR-300,WO-1756,2648731010175664,ISBM-001,5834,0.1165,679.66
SO-10587,2026-12-08,CUST-011,Bottle,Blow Molding,FR-001-HDPE-PCR-300,WO-1760,2649331010176068,ISBM-001,4746,0.1576,747.97
SO-10588,2026-12-14,CUST-006,Bottle,Blow Molding,FR-001-HDPE-PCR-300,WO-1761,2649321010176169,ISBM-001,5536,0.3128,1731.66
SO-10589,2026-12-10,CUST-010,Bottle,Blow Molding,FR-001-rPET-300,WO-1764,2649511010176472,ISBM-001,3143,0.1705,535.88
SO-10590,2026-12-10,CUST-005,Bottle,Blow Molding,FR-001-rPET-300,WO-1765,2649521010176573,ISBM-001,4304,0.2224,957.21
SO-10591,2026-12-17,CUST-011,Bottle,Blow Molding,FR-007-PVC-350,WO-1767,2649711010176775,ISBM-001,6280,0.3259,2046.65
SO-10592,2026-12-09,CUST-004,Bottle,Blow Molding,FR-007-PVC-350,WO-1768,2650131010176876,ISBM-001,3036,0.1527,463.6
SO-10593,2026-12-10,CUST-009,Bottle,Blow Molding,FR-007-PVC-350,WO-1769,2650131010176977,ISBM-001,7738,0.252,1949.98
SO-10594,2026-12-12,CUST-002,Bottle,Blow Molding,FR-001-HDPE-PCR-300,WO-1770,2650221010177078,ISBM-001,1354,0.259,350.69
SO-10595,2026-12-20,CUST-005,Bottle,Blow Molding,FR-007-PP-350,WO-1771,2650311010177179,ISBM-001,3191,0.2834,904.33
SO-10596,2026-12-11,CUST-011,Bottle,Blow Molding,FR-007-PP-350,WO-1772,2650321010177280,ISBM-001,6415,0.2638,1692.28
SO-10597,2026-12-16,CUST-005,Bottle,Blow Molding,FR-007-PP-350,WO-1773,2650411010177381,ISBM-001,4565,0.1193,544.6
SO-10598,2026-12-15,CUST-010,Bottle,Blow Molding,FR-001-rPET-300,WO-1774,2650531010177482,ISBM-001,1879,0.3454,649.01
SO-10599,2026-12-15,CUST-004,Bottle,BLOW MOLDING,FR-001-rPET-300,WO-1775,2650521010177583,ISBM-001,4332,0.1996,864.67
SO-10600,2026-12-13,CUST-013,Bottle,BLOW MOLDING,FR-001-rPET-300,WO-1776,2650611010177684,ISBM-001,3784,0.1465,554.36
SO-10601,2026-12-15,CUST-010,Bottle,Blow Molding,FR-001-rPET-300,WO-1777,2650621010177785,ISBM-001,4527,0.3488,1579.02
SO-10602,2026-12-24,CUST-013,Bottle,Blow Molding,FR-001-rPET-300,WO-1778,2650711010177886,ISBM-001,4481,0.2576,1154.31
SO-10603,2026-12-24,CUST-006,Bottle,Blow Molding,FR-007-HDPE-PCR-350,WO-1781,2651211010178189,ISBM-001,7823,0.3485,2726.32
SO-10604,2026-12-23,CUST-003,Bottle,Blow Molding,FR-001-rPET-300,WO-1782,2651311010178290,ISBM-001,2918,0.2481,723.96
SO-10605,2026-12-20,CUST-002,Bottle,Blow Molding,FR-001-rPET-300,WO-1785,2651531010178593,ISBM-001,7554,0.3273,2472.42
SO-10606,2026-12-29,CUST-012,Bottle,Blow Molding,FR-001-HDPE-300,WO-1786,2651531010178694,ISBM-001,4945,0.185,914.83
SO-10607,2026-12-27,CUST-003,Bottle,Blow Molding,FR-001-HDPE-300,WO-1787,2651621010178795,ISBM-001,6760,0.0824,557.02
SO-10608,2026-12-26,CUST-002,Bottle,Blow Molding,FR-001-HDPE-300,WO-1789,2652131010178997,ISBM-001,2744,0.1374,377.03
SO-10609,2026-12-29,CUST-013,Bottle,Blow Molding,FR-007-rPET-350,WO-1790,2652111010179098,ISBM-001,6493,0.1853,1203.15
SO-10610,2026-12-27,CUST-001,Bottle,Blow Molding,FR-001-HDPE-PCR-300,WO-1791,2652211010179199,ISBM-001,3864,0.1288,497.68
SO-10611,2026-12-25,CUST-011,Bottle,Blow Molding,FR-001-HDPE-300,WO-1793,2652321010179302,ISBM-001,2029,0.3302,669.98
SO-10612,2025-07-09,CUST-011,Bottle,Blow Molding,FR-008-HDPE-PCR-350,WO-1805,2527231020180501,ISBM-002,5699,0.2789,1589.45
SO-10613,2025-07-12,CUST-005,Bottle,Blow Molding,FR-008-HDPE-PCR-350,WO-1806,2527211020180602,ISBM-002,5742,0.2179,1251.18
SO-10614,2025-07-09,CUST-005,Bottle,Blow Molding,FR-002-HDPE-PCR-300,WO-1810,2527511020181006,ISBM-002,1982,0.1586,314.35
SO-10615,2025-07-07,CUST-012,Bottle,Blow Molding,FR-002-HDPE-PCR-300,WO-1811,2527521020181107,ISBM-002,3662,0.2458,900.12
SO-10616,2025-07-10,CUST-009,Bottle,Blow Molding,FR-005-rPET-330,WO-1812,2527611020181208,ISBM-002,5521,0.343,1893.7
SO-10617,2025-07-09,CUST-009,Bottle,Blow Molding,FR-005-rPET-330,WO-1813,2527631020181309,ISBM-002,7663,0.2617,2005.41
SO-10618,2025-07-11,CUST-002,Bottle,Blow Molding,FR-008-PP-350,WO-1814,2527721020181410,ISBM-002,8050,0.2942,2368.31
SO-10619,2025-07-12,CUST-014,Bottle,Blow Molding,FR-008-PP-350,WO-1815,2528111020181511,ISBM-002,3391,0.2136,724.32
SO-10620,2025-07-18,CUST-006,Bottle,Blow Molding,FR-008-PP-350,WO-1816,2528131020181612,ISBM-002,7559,0.1833,1385.56
SO-10621,2025-07-16,CUST-014,Bottle,Blow Molding,FR-002-HDPE-PCR-300,WO-1817,2528221020181713,ISBM-002,2241,0.2761,618.74
SO-10622,2025-07-21,CUST-014,Bottle,Blow Molding,FR-002-HDPE-PCR-300,WO-1818,2528311020181814,ISBM-002,6644,0.0836,555.44
SO-10623,2025-07-18,CUST-008,Bottle,Blow Molding,FR-002-HDPE-PCR-300,WO-1819,2528431020181915,ISBM-002,6001,0.3168,1901.12
SO-10624,2025-07-16,CUST-005,Bottle,Blow Molding,FR-005-rPET-330,WO-1820,2528421020182016,ISBM-002,3510,0.2042,716.74
SO-10625,2025-07-17,CUST-010,Bottle,Blow Molding,FR-005-rPET-330,WO-1821,2528511020182117,ISBM-002,8667,0.2577,2233.49
SO-10626,2025-07-15,CUST-012,Bottle,Blow Molding,FR-002-HDPE-PCR-300,WO-1822,2528631020182218,ISBM-002,4681,0.3404,1593.41
SO-10627,2025-07-17,CUST-002,Bottle,Blow Molding,FR-002-HDPE-PCR-300,WO-1823,2528621020182319,ISBM-002,7000,0.2485,1739.5
SO-10628,2025-07-15,CUST-014,Bottle,Blow Molding,FR-002-HDPE-PCR-300,WO-1825,2529131020182521,ISBM-002,2404,0.1851,444.98
SO-10629,2025-07-26,CUST-003,Bottle,  Blow Molding  ,FR-002-HDPE-PCR-300,WO-1826,2529111020182622,ISBM-002,4992,0.2588,1291.93
SO-10630,2025-07-22,CUST-010,Bottle,Blow Molding,FR-002-HDPE-PCR-300,WO-1827,2529231020182723,ISBM-002,4881,0.1611,786.33
SO-10631,2025-07-17,CUST-008,Bottle,  Blow Molding  ,FR-002-HDPE-PCR-300,WO-1828,2529221020182824,ISBM-002,9224,0.2609,2406.54
SO-10632,2025-07-20,CUST-006,Bottle,Blow Molding,FR-005-rPET-330,WO-1829,2529311020182925,ISBM-002,3528,0.3383,1193.52
SO-10633,2025-07-19,CUST-006,Bottle,Blow Molding,FR-005-rPET-330,WO-1830,2529331020183026,ISBM-002,1487,0.1183,175.91
SO-10634,2025-07-19,CUST-013,Bottle,Blow Molding,FR-005-rPET-330,WO-1831,2529411020183127,ISBM-002,3483,0.241,839.4
SO-10635,2025-07-27,CUST-005,Bottle,Blow Molding,FR-005-rPET-330,WO-1832,2529431020183228,ISBM-002,5876,0.3317,1949.07
SO-10636,2025-07-26,CUST-002,Bottle,Blow Molding,FR-005-rPET-330,WO-1833,2529511020183329,ISBM-002,2184,0.1305,285.01
SO-10637,2025-07-31,CUST-009,Bottle,Blow Molding,FR-005-rPET-330,WO-1834,2529631020183430,ISBM-002,2247,0.2258,507.37
SO-10638,2025-07-29,CUST-013,Bottle,  Blow Molding  ,FR-005-rPET-330,WO-1836,2529721020183632,ISBM-002,5079,0.3322,1687.24
SO-10639,2025-08-02,CUST-004,Bottle,Blow Molding,FR-002-HDPE-PCR-300,WO-1837,2530111020183733,ISBM-002,9302,0.2205,2051.09
SO-10640,2025-08-02,CUST-007,Bottle,Blow Molding,FR-002-HDPE-PCR-300,WO-1838,2530211020183834,ISBM-002,2557,0.3367,860.94
SO-10641,2025-08-02,CUST-002,Bottle,Blow Molding,FR-002-HDPE-PCR-300,WO-1839,2530331020183935,ISBM-002,2796,0.1739,486.22
SO-10642,2025-07-25,CUST-007,Bottle,Blow Molding,FR-002-HDPE-PCR-300,WO-1840,2530321020184036,ISBM-002,4238,0.2599,1101.46
SO-10643,2025-08-03,CUST-003,Bottle,Blow Molding,FR-005-rPET-330,WO-1842,2530421020184238,ISBM-002,8080,0.2204,1780.83
SO-10644,2025-08-05,CUST-013,Bottle,Blow Molding,FR-002-HDPE-PCR-300,WO-1843,2530521020184339,ISBM-002,1892,0.0915,173.12
SO-10645,2025-08-06,CUST-001,Bottle,Blow Molding,FR-005-rPET-330,WO-1844,2530621020184440,ISBM-002,4984,0.1917,955.43
SO-10646,2025-07-31,CUST-002,Bottle,Blow Molding,FR-005-rPET-330,WO-1847,2531111020184743,ISBM-002,1154,0.2197,253.53
SO-10647,2025-08-09,CUST-005,Bottle,Blow Molding,FR-005-rPET-330,WO-1848,2531231020184844,ISBM-002,9235,0.084,775.74
SO-10648,2025-08-08,CUST-006,Bottle,Blow Molding,FR-002-HDPE-PCR-300,WO-1849,2531231020184945,ISBM-002,5629,0.0912,513.36
SO-10649,2025-08-08,CUST-004,Bottle,Blow Molding,FR-002-HDPE-PCR-300,WO-1850,2531311020185046,ISBM-002,7280,0.2565,1867.32
SO-10650,2025-08-04,CUST-014,Bottle,Blow Molding,FR-005-rPET-330,WO-1853,2531521020185349,ISBM-002,7735,0.2682,2074.53
SO-10651,2025-08-08,CUST-003,Bottle,Blow Molding,FR-005-rPET-330,WO-1854,2531621020185450,ISBM-002,3693,0.2249,830.56
SO-10652,2025-08-13,CUST-004,Bottle,Blow Molding,FR-005-rPET-330,WO-1855,2531731020185551,ISBM-002,3742,0.1147,429.21
SO-10653,2025-08-06,CUST-013,Bottle,Blow Molding,FR-008-PP-PCR-350,WO-1857,2532111020185753,ISBM-002,7417,0.1105,819.58
SO-10654,2025-08-07,CUST-014,Bottle,Blow Molding,FR-002-HDPE-PCR-300,WO-1858,2532211020185854,ISBM-002,5443,0.2214,1205.08
SO-10655,2025-08-10,CUST-013,Bottle,Blow Molding,FR-002-HDPE-PCR-300,WO-1859,2532221020185955,ISBM-002,3156,0.3443,1086.61
SO-10656,2025-08-11,CUST-006,Bottle,Blow Molding,FR-002-HDPE-PCR-300,WO-1860,2532311020186056,ISBM-002,3988,0.1811,722.23
SO-10657,2025-08-08,CUST-005,Bottle,Blow Molding,FR-002-HDPE-PCR-300,WO-1861,2532331020186157,ISBM-002,147,0.2709,39.82
SO-10658,2025-08-19,CUST-013,Bottle,Blow Molding,FR-005-rPET-330,WO-1863,2532511020186359,ISBM-002,3772,0.2368,893.21
SO-10659,2025-08-12,CUST-005,Bottle,Blow Molding,FR-002-HDPE-PCR-300,WO-1864,2532631020186460,ISBM-002,1531,0.1723,263.79
SO-10660,2025-08-17,CUST-004,Bottle,Blow Molding,FR-002-HDPE-PCR-300,WO-1865,2532621020186561,ISBM-002,5956,0.2523,1502.7
SO-10661,2025-08-15,CUST-013,Bottle,Blow Molding,FR-002-HDPE-PCR-300,WO-1866,2532721020186662,ISBM-002,4936,0.1057,521.74
SO-10662,2025-08-16,CUST-013,Bottle,Blow Molding,FR-002-HDPE-PCR-300,WO-1867,2533131020186763,ISBM-002,8972,0.0986,884.64
SO-10663,2025-08-14,CUST-001,Bottle,Blow Molding,FR-008-rPET-350,WO-1868,2533231020186864,ISBM-002,8792,0.154,1353.97
SO-10664,2025-08-22,CUST-010,Bottle,Blow Molding,FR-008-rPET-350,WO-1869,2533231020186965,ISBM-002,3943,0.2321,915.17
SO-10665,2025-08-21,CUST-001,Bottle,Blow Molding,FR-002-HDPE-PCR-300,WO-1870,2533321020187066,ISBM-002,6827,0.1245,849.96
SO-10666,2025-08-22,CUST-012,Bottle,Blow Molding,FR-005-rPET-330,WO-1871,2533411020187167,ISBM-002,5738,0.3102,1779.93
SO-10667,2025-08-26,CUST-006,Bottle,Blow Molding,FR-005-rPET-330,WO-1872,2533511020187268,ISBM-002,6577,0.2477,1629.12
SO-10668,2025-08-26,CUST-006,Bottle,Blow Molding,FR-008-PET-350,WO-1873,2533631020187369,ISBM-002,3314,0.2482,822.53
SO-10669,2025-08-21,CUST-014,Bottle,Blow Molding,FR-005-rPET-330,WO-1874,2533731020187470,ISBM-002,4311,0.3332,1436.43
SO-10670,2025-08-22,CUST-009,Bottle,Blow Molding,FR-008-LDPE-350,WO-1876,2534111020187672,ISBM-002,2570,0.1278,328.45
SO-10671,2025-08-22,CUST-006,Bottle,Blow Molding,FR-008-LDPE-350,WO-1877,2534231020187773,ISBM-002,2316,0.1778,411.78
SO-10672,2025-08-21,CUST-003,Bottle,Blow Molding,FR-002-HDPE-PCR-300,WO-1878,2534221020187874,ISBM-002,3612,0.2427,876.63
SO-10673,2025-08-31,CUST-010,Bottle,Blow Molding,FR-002-HDPE-PCR-300,WO-1879,2534311020187975,ISBM-002,2916,0.3472,1012.44
SO-10674,2025-08-29,CUST-002,Bottle,Blow Molding,FR-002-HDPE-PCR-300,WO-1880,2534321020188076,ISBM-002,7064,0.2626,1855.01
SO-10675,2025-08-30,CUST-003,Bottle,Blow Molding,FR-005-rPET-330,WO-1881,2534421020188177,ISBM-002,5735,0.1462,838.46
SO-10676,2025-09-04,CUST-003,Bottle,Blow Molding,FR-008-PET-350,WO-1884,2534621020188480,ISBM-002,2290,0.1781,407.85
SO-10677,2025-09-02,CUST-005,Bottle,Blow Molding,FR-008-PET-350,WO-1885,2534711020188581,ISBM-002,4532,0.2054,930.87
SO-10678,2025-08-29,CUST-014,Bottle,Blow Molding,FR-008-PET-350,WO-1886,2535131020188682,ISBM-002,6151,0.0841,517.3
SO-10679,2025-08-28,CUST-014,Bottle,Blow Molding,FR-002-HDPE-PCR-300,WO-1887,2535231020188783,ISBM-002,2585,0.2086,539.23
SO-10680,2025-09-01,CUST-010,Bottle,Blow Molding,FR-005-rPET-330,WO-1888,2535211020188884,ISBM-002,6366,0.1476,939.62
SO-10681,2025-09-01,CUST-008,Bottle,Blow Molding,FR-005-rPET-330,WO-1889,2535331020188985,ISBM-002,3702,0.1699,628.97
SO-10682,2025-09-03,CUST-011,Bottle,Blow Molding,FR-002-HDPE-PCR-300,WO-1890,2535331020189086,ISBM-002,4800,0.306,1468.8
SO-10683,2025-09-05,CUST-013,Bottle,Blow Molding,FR-005-rPET-330,WO-1891,2535411020189187,ISBM-002,7020,0.3067,2153.03
SO-10684,2025-09-06,CUST-002,Bottle,Blow Molding,FR-005-rPET-330,WO-1892,2535531020189288,ISBM-002,7547,0.1322,997.71
SO-10685,2025-09-09,CUST-003,Bottle,blow molding,FR-008-PP-PCR-350,WO-1893,2535521020189389,ISBM-002,6889,0.2849,1962.68
SO-10686,2025-09-06,CUST-001,Bottle,Blow Molding,FR-008-PP-PCR-350,WO-1894,2535621020189490,ISBM-002,2039,0.348,709.57
SO-10687,2025-09-05,CUST-012,Bottle,Blow Molding,FR-005-rPET-330,WO-1898,2536211020189894,ISBM-002,3594,0.2782,999.85
SO-10688,2025-09-10,CUST-013,Bottle,Blow Molding,FR-005-rPET-330,WO-1899,2536331020189995,ISBM-002,4718,0.1365,644.01
SO-10689,2025-09-11,CUST-002,Bottle,Blow Molding,FR-005-rPET-330,WO-1900,2536311020190096,ISBM-002,5416,0.134,725.74
SO-10690,2025-09-13,CUST-013,Bottle,Blow Molding,FR-008-rPET-350,WO-1903,2536511020190399,ISBM-002,5453,0.2569,1400.88
SO-10691,2025-09-13,CUST-012,Bottle,Blow Molding,FR-008-rPET-350,WO-1904,2536631020190401,ISBM-002,5424,0.1037,562.47
SO-10692,2025-09-14,CUST-009,Bottle,Blow Molding,FR-005-rPET-330,WO-1905,2536631020190502,ISBM-002,9054,0.0806,729.75
SO-10693,2025-09-16,CUST-003,Bottle,Blow Molding,FR-008-HDPE-350,WO-1906,2536731020190603,ISBM-002,3518,0.2858,1005.44
SO-10694,2025-09-20,CUST-003,Bottle,Blow Molding,FR-005-rPET-330,WO-1907,2537111020190704,ISBM-002,6962,0.2201,1532.34
SO-10695,2025-09-17,CUST-008,Bottle,BLOW MOLDING,FR-008-PET-350,WO-1908,2537231020190805,ISBM-002,4294,0.0893,383.45
SO-10696,2025-09-19,CUST-003,Bottle,Blow Molding,FR-008-PET-350,WO-1909,2537221020190906,ISBM-002,3011,0.1378,414.92
SO-10697,2025-09-16,CUST-001,Bottle,Blow Molding,FR-002-HDPE-PCR-300,WO-1911,2537431020191108,ISBM-002,5332,0.2618,1395.92
SO-10698,2025-09-21,CUST-011,Bottle,Blow Molding,FR-005-rPET-330,WO-1912,2537421020191209,ISBM-002,7469,0.3189,2381.86
SO-10699,2025-09-22,CUST-013,Bottle,Blow Molding,FR-008-PP-350,WO-1913,2537521020191310,ISBM-002,5896,0.3356,1978.7
SO-10700,2025-09-18,CUST-007,Bottle,Blow Molding,FR-008-PP-350,WO-1914,2537611020191411,ISBM-002,5815,0.1787,1039.14
SO-10701,2025-09-20,CUST-004,Bottle,Blow Molding,FR-008-PP-350,WO-1915,2537621020191512,ISBM-002,6663,0.1065,709.61
SO-10702,2025-09-24,CUST-014,Bottle,Blow Molding,FR-008-PP-350,WO-1916,2537711020191613,ISBM-002,6821,0.3446,2350.52
SO-10703,2025-09-20,CUST-005,Bottle,Blow Molding,FR-008-PP-350,WO-1917,2538131020191714,ISBM-002,3351,0.258,864.56
SO-10704,2025-09-17,CUST-007,Bottle,Blow Molding,FR-002-HDPE-PCR-300,WO-1918,2538121020191815,ISBM-002,6033,0.2969,1791.2
SO-10705,2025-09-24,CUST-008,Bottle,Blow Molding,FR-002-HDPE-PCR-300,WO-1919,2538211020191916,ISBM-002,3809,0.137,521.83
SO-10706,2025-09-18,CUST-002,Bottle,Blow Molding,FR-005-rPET-330,WO-1920,2538221020192017,ISBM-002,3494,0.0815,284.76
SO-10707,2025-09-26,CUST-001,Bottle,Blow Molding,FR-008-HDPE-PCR-350,WO-1921,2538321020192118,ISBM-002,4553,0.2086,949.76
SO-10708,2025-09-23,CUST-009,Bottle,Blow Molding,FR-008-HDPE-PCR-350,WO-1922,2538411020192219,ISBM-002,2346,0.2243,526.21
SO-10709,2025-09-30,CUST-003,Bottle,Blow Molding,FR-008-PP-350,WO-1923,2538421020192320,ISBM-002,5347,0.2852,1524.96
SO-10710,2025-09-25,CUST-006,Bottle,Blow Molding,FR-002-HDPE-PCR-300,WO-1924,2538511020192421,ISBM-002,5008,0.3006,1505.4
SO-10711,2025-09-29,CUST-005,Bottle,Blow Molding,FR-002-HDPE-PCR-300,WO-1925,2538531020192522,ISBM-002,4552,0.156,710.11
SO-10712,2025-09-28,CUST-006,Bottle,Blow Molding,FR-002-HDPE-PCR-300,WO-1926,2538611020192623,ISBM-002,4970,0.3232,1606.3
SO-10713,2025-10-01,CUST-014,Bottle,Blow Molding,FR-002-HDPE-PCR-300,WO-1927,2538731020192724,ISBM-002,4988,0.1026,511.77
SO-10714,2025-09-25,CUST-011,Bottle,Blow Molding,FR-008-PP-350,WO-1928,2538721020192825,ISBM-002,2422,0.3029,733.62
SO-10715,2025-09-29,CUST-005,Bottle,Blow Molding,FR-002-HDPE-PCR-300,WO-1930,2539121020193027,ISBM-002,5401,0.2726,1472.31
SO-10716,2025-09-28,CUST-012,Bottle,BLOW MOLDING,FR-002-HDPE-PCR-300,WO-1931,2539231020193128,ISBM-002,5262,0.1829,962.42
SO-10717,2025-10-03,CUST-013,Bottle,Blow Molding,FR-005-rPET-330,WO-1932,2539221020193229,ISBM-002,7327,0.2693,1973.16
SO-10718,2025-10-02,CUST-004,Bottle,Blow Molding,FR-005-rPET-330,WO-1933,2539311020193330,ISBM-002,4881,0.2776,1354.97
SO-10719,2025-10-02,CUST-002,Bottle,Blow Molding,FR-002-HDPE-PCR-300,WO-1934,2539431020193431,ISBM-002,4460,0.2685,1197.51
SO-10720,2025-10-02,CUST-007,Bottle,Blow Molding,FR-002-HDPE-PCR-300,WO-1935,2539421020193532,ISBM-002,4589,0.3338,1531.81
SO-10721,2025-10-02,CUST-007,Bottle,Blow Molding,FR-008-PP-350,WO-1936,2539511020193633,ISBM-002,7585,0.2497,1893.97
SO-10722,2025-10-02,CUST-005,Bottle,Blow Molding,FR-008-PP-350,WO-1937,2539631020193734,ISBM-002,5487,0.1441,790.68
SO-10723,2025-09-30,CUST-002,Bottle,Blow Molding,FR-008-PP-350,WO-1938,2539631020193835,ISBM-002,4032,0.2678,1079.77
SO-10724,2025-10-02,CUST-007,Bottle,Blow Molding,FR-005-rPET-330,WO-1939,2539721020193936,ISBM-002,3277,0.2168,710.45
SO-10725,2025-10-03,CUST-003,Bottle,Blow Molding,FR-008-LDPE-350,WO-1940,2540111020194037,ISBM-002,6538,0.1234,806.79
SO-10726,2025-10-08,CUST-006,Bottle,Blow Molding,FR-002-HDPE-PCR-300,WO-1941,2540231020194138,ISBM-002,7179,0.1506,1081.16
SO-10727,2025-10-06,CUST-002,Bottle,Blow Molding,FR-008-LDPE-350,WO-1942,2540331020194239,ISBM-002,2818,0.1456,410.3
SO-10728,2025-10-05,CUST-003,Bottle,Blow Molding,FR-008-HDPE-350,WO-1944,2540431020194441,ISBM-002,7820,0.1962,1534.28
SO-10729,2025-10-07,CUST-011,Bottle,Blow Molding,FR-002-HDPE-PCR-300,WO-1945,2540531020194542,ISBM-002,5244,0.1205,631.9
SO-10730,2025-10-09,CUST-007,Bottle,Blow Molding,FR-005-rPET-330,WO-1946,2540521020194643,ISBM-002,5278,0.2654,1400.78
SO-10731,2025-10-12,CUST-014,Bottle,Blow Molding,FR-005-rPET-330,WO-1947,2540611020194744,ISBM-002,3323,0.2348,780.24
SO-10732,2025-10-07,CUST-005,Bottle,BLOW MOLDING,FR-008-PP-350,WO-1948,2540731020194845,ISBM-002,2447,0.2756,674.39
SO-10733,2025-10-07,CUST-008,Bottle,  Blow Molding  ,FR-008-PP-350,WO-1949,2540721020194946,ISBM-002,2817,0.2683,755.8
SO-10734,2025-10-16,CUST-004,Bottle,Blow Molding,FR-008-PP-350,WO-1950,2541131020195047,ISBM-002,4278,0.2477,1059.66
SO-10735,2025-10-09,CUST-005,Bottle,Blow Molding,FR-002-HDPE-PCR-300,WO-1951,2541121020195148,ISBM-002,4828,0.29,1400.12
SO-10736,2025-10-15,CUST-008,Bottle,Blow Molding,FR-008-PET-350,WO-1952,2541221020195249,ISBM-002,7169,0.1645,1179.3
SO-10737,2025-10-18,CUST-012,Bottle,Blow Molding,FR-008-PET-350,WO-1953,2541311020195350,ISBM-002,7626,0.3087,2354.15
SO-10738,2025-10-11,CUST-008,Bottle,Blow Molding,FR-005-rPET-330,WO-1954,2541411020195451,ISBM-002,3662,0.2293,839.7
SO-10739,2025-10-15,CUST-003,Bottle,Blow Molding,FR-008-PP-350,WO-1956,2541511020195653,ISBM-002,7005,0.3232,2264.02
SO-10740,2025-10-15,CUST-004,Bottle,Blow Molding,FR-008-PP-350,WO-1957,2541611020195754,ISBM-002,7190,0.268,1926.92
SO-10741,2025-10-14,CUST-004,Bottle,blow molding,FR-005-rPET-330,WO-1960,2542131020196057,ISBM-002,5566,0.1224,681.28
SO-10742,2025-10-25,CUST-014,Bottle,Blow Molding,FR-005-rPET-330,WO-1961,2542121020196158,ISBM-002,4707,0.1328,625.09
SO-10743,2025-10-18,CUST-007,Bottle,Blow Molding,FR-005-rPET-330,WO-1962,2542211020196259,ISBM-002,2576,0.2509,646.32
SO-10744,2025-10-21,CUST-013,Bottle,Blow Molding,FR-002-HDPE-PCR-300,WO-1963,2542331020196360,ISBM-002,3306,0.1957,646.98
SO-10745,2025-10-22,CUST-005,Bottle,Blow Molding,FR-002-HDPE-PCR-300,WO-1964,2542321020196461,ISBM-002,3225,0.2123,684.67
SO-10746,2025-10-18,CUST-002,Bottle,Blow Molding,FR-008-LDPE-350,WO-1965,2542411020196562,ISBM-002,5199,0.2939,1527.99
SO-10747,2025-10-22,CUST-013,Bottle,Blow Molding,FR-008-LDPE-350,WO-1966,2542421020196663,ISBM-002,5103,0.2764,1410.47
SO-10748,2025-10-24,CUST-010,Bottle,Blow Molding,FR-008-PETG-350,WO-1967,2542521020196764,ISBM-002,7611,0.2654,2019.96
SO-10749,2025-10-26,CUST-008,Bottle,Blow Molding,FR-002-HDPE-PCR-300,WO-1970,2542731020197067,ISBM-002,5958,0.1882,1121.3
SO-10750,2025-10-22,CUST-011,Bottle,Blow Molding,FR-002-HDPE-PCR-300,WO-1972,2543211020197269,ISBM-002,2849,0.345,982.9
SO-10751,2025-10-27,CUST-014,Bottle,Blow Molding,FR-005-rPET-330,WO-1974,2543321020197471,ISBM-002,6766,0.3154,2134.0
SO-10752,2025-11-05,CUST-002,Bottle,Blow Molding,FR-002-HDPE-PCR-300,WO-1976,2543511020197673,ISBM-002,8857,0.3008,2664.19
SO-10753,2025-11-02,CUST-003,Bottle,Blow Molding,FR-008-PET-350,WO-1977,2543611020197774,ISBM-002,3925,0.2261,887.44
SO-10754,2025-10-28,CUST-010,Bottle,Blow Molding,FR-008-PET-350,WO-1978,2543731020197875,ISBM-002,6081,0.2777,1688.69
SO-10755,2025-11-03,CUST-001,Bottle,  Blow Molding  ,FR-002-HDPE-PCR-300,WO-1979,2543721020197976,ISBM-002,3432,0.3278,1125.01
SO-10756,2025-11-02,CUST-014,Bottle,Blow Molding,FR-002-HDPE-PCR-300,WO-1980,2544111020198077,ISBM-002,3638,0.1076,391.45
SO-10757,2025-10-31,CUST-004,Bottle,Blow Molding,FR-002-HDPE-PCR-300,WO-1981,2544131020198178,ISBM-002,6887,0.2508,1727.26
SO-10758,2025-11-03,CUST-003,Bottle,Blow Molding,FR-002-HDPE-PCR-300,WO-1984,2544431020198481,ISBM-002,3969,0.0858,340.54
SO-10759,2025-11-04,CUST-006,Bottle,Blow Molding,FR-008-HDPE-PCR-350,WO-1985,2544531020198582,ISBM-002,4770,0.1446,689.74
SO-10760,2025-11-02,CUST-014,Bottle,Blow Molding,FR-008-HDPE-PCR-350,WO-1986,2544521020198683,ISBM-002,5884,0.1748,1028.52
SO-10761,2025-11-09,CUST-001,Bottle,Blow Molding,FR-008-HDPE-350,WO-1987,2544611020198784,ISBM-002,5025,0.1163,584.41
SO-10762,2025-11-08,CUST-008,Bottle,Blow Molding,FR-008-HDPE-PCR-350,WO-1988,2544621020198885,ISBM-002,3381,0.1941,656.25
SO-10763,2025-11-05,CUST-005,Bottle,Blow Molding,FR-005-rPET-330,WO-1990,2545111020199087,ISBM-002,5080,0.1088,552.7
SO-10764,2025-11-05,CUST-001,Bottle,Blow Molding,FR-008-PP-PCR-350,WO-1991,2545231020199188,ISBM-002,2274,0.289,657.19
SO-10765,2025-11-15,CUST-001,Bottle,Blow Molding,FR-002-HDPE-PCR-300,WO-1992,2545221020199289,ISBM-002,4643,0.0867,402.55
SO-10766,2025-11-10,CUST-006,Bottle,blow molding,FR-002-HDPE-PCR-300,WO-1993,2545311020199390,ISBM-002,2637,0.3167,835.14
SO-10767,2025-11-16,CUST-013,Bottle,Blow Molding,FR-002-HDPE-PCR-300,WO-1994,2545321020199491,ISBM-002,3424,0.1685,576.94
SO-10768,2025-11-13,CUST-002,Bottle,Blow Molding,FR-002-HDPE-PCR-300,WO-1995,2545411020199592,ISBM-002,8944,0.1535,1372.9
SO-10769,2025-11-16,CUST-003,Bottle,Blow Molding,FR-005-rPET-330,WO-1996,2545531020199693,ISBM-002,4394,0.1444,634.49
SO-10770,2025-11-19,CUST-007,Bottle,Blow Molding,FR-005-rPET-330,WO-1997,2545521020199794,ISBM-002,10205,0.2417,2466.55
SO-10771,2025-11-14,CUST-011,Bottle,Blow Molding,FR-005-rPET-330,WO-1998,2545621020199895,ISBM-002,6942,0.2767,1920.85
SO-10772,2025-11-17,CUST-006,Bottle,Blow Molding,FR-005-rPET-330,WO-1999,2545711020199996,ISBM-002,4273,0.3003,1283.18
SO-10773,2025-11-12,CUST-003,Bottle,Blow Molding,FR-005-rPET-330,WO-2000,2546111020200097,ISBM-002,4573,0.1315,601.35
SO-10774,2025-11-19,CUST-002,Bottle,Blow Molding,FR-005-rPET-330,WO-2001,2546131020200198,ISBM-002,2746,0.1054,289.43
SO-10775,2025-11-18,CUST-002,Bottle,Blow Molding,FR-002-HDPE-PCR-300,WO-2002,2546211020200299,ISBM-002,5136,0.3105,1594.73
SO-10776,2025-11-20,CUST-009,Bottle,Blow Molding,FR-002-HDPE-PCR-300,WO-2003,2546331020200301,ISBM-002,3343,0.1915,640.18
SO-10777,2025-11-20,CUST-012,Bottle,Blow Molding,FR-002-HDPE-PCR-300,WO-2004,2546311020200402,ISBM-002,1966,0.0972,191.1
SO-10778,2025-11-18,CUST-004,Bottle,Blow Molding,FR-005-rPET-330,WO-2005,2546321020200503,ISBM-002,2346,0.1205,282.69
SO-10779,2025-11-19,CUST-007,Bottle,Blow Molding,FR-005-rPET-330,WO-2006,2546411020200604,ISBM-002,6696,0.1584,1060.65
SO-10780,2025-11-17,CUST-002,Bottle,Blow Molding,FR-002-HDPE-PCR-300,WO-2007,2546421020200705,ISBM-002,5363,0.2178,1168.06
SO-10781,2025-11-19,CUST-013,Bottle,Blow Molding,FR-008-HDPE-350,WO-2008,2546521020200806,ISBM-002,4566,0.2919,1332.82
SO-10782,2025-11-24,CUST-011,Bottle,Blow Molding,FR-008-LDPE-350,WO-2009,2546611020200907,ISBM-002,5936,0.237,1406.83
SO-10783,2025-11-24,CUST-008,Bottle,Blow Molding,FR-008-LDPE-350,WO-2010,2546731020201008,ISBM-002,5742,0.108,620.14
SO-10784,2025-11-27,CUST-014,Bottle,Blow Molding,FR-008-LDPE-350,WO-2011,2546721020201109,ISBM-002,4025,0.1865,750.66
SO-10785,2025-11-28,CUST-005,Bottle,Blow Molding,FR-002-HDPE-PCR-300,WO-2012,2547111020201210,ISBM-002,3371,0.2772,934.44
SO-10786,2025-11-29,CUST-010,Bottle,Blow Molding,FR-002-HDPE-PCR-300,WO-2013,2547231020201311,ISBM-002,4362,0.3244,1415.03
SO-10787,2025-11-29,CUST-001,Bottle,Blow Molding,FR-002-HDPE-PCR-300,WO-2014,2547331020201412,ISBM-002,6228,0.2469,1537.69
SO-10788,2025-11-23,CUST-005,Bottle,BLOW MOLDING,FR-002-HDPE-PCR-300,WO-2017,2547511020201715,ISBM-002,3527,0.2958,1043.29
SO-10789,2025-11-26,CUST-013,Bottle,Blow Molding,FR-002-HDPE-PCR-300,WO-2018,2547521020201816,ISBM-002,3500,0.2593,907.55
SO-10790,2025-11-26,CUST-003,Bottle,Blow Molding,FR-008-PP-PCR-350,WO-2019,2547611020201917,ISBM-002,3659,0.1878,687.16
SO-10791,2025-11-24,CUST-001,Bottle,Blow Molding,FR-008-PP-PCR-350,WO-2020,2547631020202018,ISBM-002,3984,0.3149,1254.56
SO-10792,2025-12-03,CUST-013,Bottle,Blow Molding,FR-008-PP-PCR-350,WO-2021,2547721020202119,ISBM-002,3990,0.3106,1239.29
SO-10793,2025-11-29,CUST-013,Bottle,Blow Molding,FR-008-PP-PCR-350,WO-2022,2548121020202220,ISBM-002,6026,0.3287,1980.75
SO-10794,2025-12-06,CUST-003,Bottle,Blow Molding,FR-008-rPET-350,WO-2024,2548331020202422,ISBM-002,727,0.1503,109.27
SO-10795,2025-11-28,CUST-001,Bottle,Blow Molding,FR-005-rPET-330,WO-2025,2548321020202523,ISBM-002,5973,0.1815,1084.1
SO-10796,2025-11-29,CUST-010,Bottle,Blow Molding,FR-005-rPET-330,WO-2026,2548411020202624,ISBM-002,1548,0.2539,393.04
SO-10797,2025-12-08,CUST-012,Bottle,Blow Molding,FR-005-rPET-330,WO-2027,2548511020202725,ISBM-002,5107,0.1667,851.34
SO-10798,2025-12-05,CUST-012,Bottle,Blow Molding,FR-005-rPET-330,WO-2028,2548631020202826,ISBM-002,3382,0.1331,450.14
SO-10799,2025-12-11,CUST-009,Bottle,Blow Molding,FR-005-rPET-330,WO-2029,2548621020202927,ISBM-002,7175,0.2333,1673.93
SO-10800,2025-12-05,CUST-001,Bottle,BLOW MOLDING,FR-005-rPET-330,WO-2030,2548711020203028,ISBM-002,5243,0.2411,1264.09
SO-10801,2025-12-05,CUST-005,Bottle,Blow Molding,FR-005-rPET-330,WO-2033,2549221020203331,ISBM-002,6162,0.1337,823.86
SO-10802,2025-12-15,CUST-001,Bottle,Blow Molding,FR-005-rPET-330,WO-2034,2549321020203432,ISBM-002,6786,0.1215,824.5
SO-10803,2025-12-12,CUST-010,Bottle,blow molding,FR-008-HDPE-PCR-350,WO-2035,2549421020203533,ISBM-002,6822,0.3303,2253.31
SO-10804,2025-12-11,CUST-012,Bottle,Blow Molding,FR-002-HDPE-PCR-300,WO-2036,2549511020203634,ISBM-002,5579,0.1456,812.3
SO-10805,2025-12-09,CUST-003,Bottle,Blow Molding,FR-008-PETG-350,WO-2037,2549531020203735,ISBM-002,7852,0.1823,1431.42
SO-10806,2025-12-09,CUST-013,Bottle,Blow Molding,FR-008-PETG-350,WO-2038,2549621020203836,ISBM-002,4617,0.2945,1359.71
SO-10807,2025-12-16,CUST-004,Bottle,Blow Molding,FR-002-HDPE-PCR-300,WO-2039,2549721020203937,ISBM-002,5819,0.2432,1415.18
SO-10808,2025-12-14,CUST-010,Bottle,Blow Molding,FR-002-HDPE-PCR-300,WO-2040,2550111020204038,ISBM-002,5528,0.3224,1782.23
SO-10809,2025-12-12,CUST-007,Bottle,Blow Molding,FR-008-rPET-350,WO-2041,2550231020204139,ISBM-002,4943,0.322,1591.65
SO-10810,2025-12-17,CUST-014,Bottle,Blow Molding,FR-008-rPET-350,WO-2042,2550231020204240,ISBM-002,4528,0.1435,649.77
SO-10811,2025-12-13,CUST-011,Bottle,Blow Molding,FR-008-rPET-350,WO-2043,2550311020204341,ISBM-002,5814,0.285,1656.99
SO-10812,2025-12-14,CUST-006,Bottle,Blow Molding,FR-008-PET-350,WO-2044,2550431020204442,ISBM-002,7587,0.3364,2552.27
SO-10813,2025-12-22,CUST-011,Bottle,Blow Molding,FR-008-HDPE-350,WO-2045,2550421020204543,ISBM-002,6709,0.3091,2073.75
SO-10814,2025-12-19,CUST-002,Bottle,blow molding,FR-002-HDPE-PCR-300,WO-2046,2550521020204644,ISBM-002,3566,0.2244,800.21
SO-10815,2025-12-14,CUST-003,Bottle,Blow Molding,FR-002-HDPE-PCR-300,WO-2047,2550631020204745,ISBM-002,3823,0.2972,1136.2
SO-10816,2025-12-16,CUST-013,Bottle,Blow Molding,FR-002-HDPE-PCR-300,WO-2048,2550611020204846,ISBM-002,8127,0.114,926.48
SO-10817,2025-12-25,CUST-014,Bottle,Blow Molding,FR-002-HDPE-PCR-300,WO-2050,2550711020205048,ISBM-002,4012,0.1536,616.24
SO-10818,2025-12-25,CUST-007,Bottle,blow molding,FR-002-HDPE-PCR-300,WO-2051,2551131020205149,ISBM-002,1087,0.2381,258.81
SO-10819,2025-12-23,CUST-014,Bottle,Blow Molding,FR-002-HDPE-PCR-300,WO-2053,2551211020205351,ISBM-002,2384,0.2177,519.0
SO-10820,2025-12-29,CUST-013,Bottle,  Blow Molding  ,FR-008-PP-350,WO-2055,2551321020205553,ISBM-002,7340,0.2425,1779.95
SO-10821,2025-12-22,CUST-007,Bottle,Blow Molding,FR-005-rPET-330,WO-2056,2551421020205654,ISBM-002,2674,0.1335,356.98
SO-10822,2025-12-21,CUST-005,Bottle,Blow Molding,FR-005-rPET-330,WO-2057,2551531020205755,ISBM-002,4171,0.2236,932.64
SO-10823,2025-12-25,CUST-005,Bottle,Blow Molding,FR-005-rPET-330,WO-2058,2551521020205856,ISBM-002,5671,0.0823,466.72
SO-10824,2025-12-28,CUST-002,Bottle,Blow Molding,FR-002-HDPE-PCR-300,WO-2059,2551611020205957,ISBM-002,7136,0.0941,671.5
SO-10825,2025-12-30,CUST-013,Bottle,Blow Molding,FR-008-LDPE-350,WO-2061,2551731020206159,ISBM-002,2981,0.1097,327.02
SO-10826,2025-12-27,CUST-003,Bottle,Blow Molding,FR-005-rPET-330,WO-2062,2552121020206260,ISBM-002,1740,0.292,508.08
SO-10827,2025-12-25,CUST-006,Bottle,Blow Molding,FR-005-rPET-330,WO-2063,2552231020206361,ISBM-002,3309,0.2933,970.53
SO-10828,2025-12-29,CUST-002,Bottle,Blow Molding,FR-005-rPET-330,WO-2064,2552231020206462,ISBM-002,2639,0.244,643.92
SO-10829,2026-01-04,CUST-014,Bottle,Blow Molding,FR-005-rPET-330,WO-2065,2552321020206563,ISBM-002,6042,0.3476,2100.2
SO-10830,2025-12-29,CUST-014,Bottle,Blow Molding,FR-002-HDPE-PCR-300,WO-2069,2552621020206967,ISBM-002,3308,0.1594,527.3
SO-10831,2025-12-31,CUST-009,Bottle,Blow Molding,FR-002-HDPE-PCR-300,WO-2070,2552731020207068,ISBM-002,2669,0.3056,815.65
SO-10832,2026-01-04,CUST-009,Bottle,Blow Molding,FR-002-HDPE-PCR-300,WO-2071,2552731020207169,ISBM-002,4935,0.2122,1047.21
SO-10833,2026-01-02,CUST-006,Bottle,Blow Molding,FR-002-HDPE-PCR-300,WO-2072,2501111020207270,ISBM-002,4550,0.245,1114.75
SO-10834,2026-01-07,CUST-004,Bottle,Blow Molding,FR-002-HDPE-PCR-300,WO-2073,2501131020207371,ISBM-002,5742,0.2906,1668.63
SO-10835,2026-01-08,CUST-004,Bottle,  Blow Molding  ,FR-005-rPET-330,WO-2076,2501321020207674,ISBM-002,4548,0.3492,1588.16
SO-10836,2026-01-04,CUST-003,Bottle,Blow Molding,FR-005-rPET-330,WO-2077,2601411020207775,ISBM-002,5060,0.0815,412.39
SO-10837,2026-01-14,CUST-004,Bottle,Blow Molding,FR-008-PP-350,WO-2078,2601531020207876,ISBM-002,2177,0.0863,187.88
SO-10838,2026-01-10,CUST-002,Bottle,Blow Molding,FR-008-PET-350,WO-2080,2601731020208078,ISBM-002,4670,0.2502,1168.43
SO-10839,2026-01-12,CUST-013,Bottle,Blow Molding,FR-002-HDPE-PCR-300,WO-2081,2601721020208179,ISBM-002,2393,0.1116,267.06
SO-10840,2026-01-11,CUST-011,Bottle,Blow Molding,FR-008-HDPE-350,WO-2082,2602111020208280,ISBM-002,5487,0.1151,631.55
SO-10841,2026-01-11,CUST-013,Bottle,Blow Molding,FR-008-HDPE-350,WO-2083,2602211020208381,ISBM-002,6952,0.1124,781.4
SO-10842,2026-01-19,CUST-006,Bottle,Blow Molding,FR-008-HDPE-350,WO-2084,2602311020208482,ISBM-002,7139,0.0825,588.97
SO-10843,2026-01-16,CUST-009,Bottle,Blow Molding,FR-002-HDPE-PCR-300,WO-2085,2602411020208583,ISBM-002,4741,0.2259,1070.99
SO-10844,2026-01-19,CUST-012,Bottle,Blow Molding,FR-008-HDPE-350,WO-2086,2602511020208684,ISBM-002,3568,0.2812,1003.32
SO-10845,2026-01-17,CUST-010,Bottle,Blow Molding,FR-008-LDPE-350,WO-2087,2602631020208785,ISBM-002,4669,0.1623,757.78
SO-10846,2026-01-22,CUST-004,Bottle,Blow Molding,FR-002-HDPE-PCR-300,WO-2088,2602621020208886,ISBM-002,3312,0.3183,1054.21
SO-10847,2026-01-14,CUST-013,Bottle,Blow Molding,FR-005-rPET-330,WO-2089,2602711020208987,ISBM-002,9371,0.2163,2026.95
SO-10848,2026-01-21,CUST-001,Bottle,BLOW MOLDING,FR-002-HDPE-PCR-300,WO-2092,2603211020209290,ISBM-002,2474,0.3066,758.53
SO-10849,2026-01-25,CUST-007,Bottle,  Blow Molding  ,FR-002-HDPE-PCR-300,WO-2093,2603231020209391,ISBM-002,4793,0.2229,1068.36
SO-10850,2026-01-26,CUST-003,Bottle,Blow Molding,FR-008-rPET-350,WO-2095,2603411020209593,ISBM-002,8833,0.2615,2309.83
SO-10851,2026-01-18,CUST-001,Bottle,Blow Molding,FR-008-rPET-350,WO-2096,2603531020209694,ISBM-002,4039,0.3394,1370.84
SO-10852,2026-01-20,CUST-002,Bottle,Blow Molding,FR-005-rPET-330,WO-2097,2603521020209795,ISBM-002,3619,0.3419,1237.34
SO-10853,2026-01-28,CUST-014,Bottle,Blow Molding,FR-002-HDPE-PCR-300,WO-2098,2603611020209896,ISBM-002,2817,0.1404,395.51
SO-10854,2026-01-26,CUST-008,Bottle,Blow Molding,FR-002-HDPE-PCR-300,WO-2099,2603731020209997,ISBM-002,6147,0.267,1641.25
SO-10855,2026-01-25,CUST-005,Bottle,Blow Molding,FR-002-HDPE-PCR-300,WO-2100,2603711020210098,ISBM-002,3957,0.1857,734.81
SO-10856,2026-01-22,CUST-008,Bottle,Blow Molding,FR-002-HDPE-PCR-300,WO-2101,2604111020210199,ISBM-002,4977,0.2345,1167.11
SO-10857,2026-01-25,CUST-006,Bottle,Blow Molding,FR-002-HDPE-PCR-300,WO-2102,2604231020210201,ISBM-002,2704,0.2583,698.44
SO-10858,2026-01-24,CUST-005,Bottle,Blow Molding,FR-008-PETG-350,WO-2105,2604431020210504,ISBM-002,5981,0.2378,1422.28
SO-10859,2026-01-31,CUST-012,Bottle,Blow Molding,FR-002-HDPE-PCR-300,WO-2106,2604531020210605,ISBM-002,3680,0.1869,687.79
SO-10860,2026-01-29,CUST-004,Bottle,Blow Molding,FR-005-rPET-330,WO-2109,2604711020210908,ISBM-002,6464,0.236,1525.5
SO-10861,2026-02-02,CUST-013,Bottle,Blow Molding,FR-005-rPET-330,WO-2110,2604721020211009,ISBM-002,3912,0.2495,976.04
SO-10862,2026-02-10,CUST-007,Bottle,Blow Molding,FR-008-LDPE-350,WO-2115,2605411020211514,ISBM-002,7190,0.3426,2463.29
SO-10863,2026-02-06,CUST-009,Bottle,Blow Molding,FR-005-rPET-330,WO-2116,2605531020211615,ISBM-002,4097,0.1848,757.13
SO-10864,2026-02-03,CUST-005,Bottle,  Blow Molding  ,FR-005-rPET-330,WO-2117,2605521020211716,ISBM-002,7453,0.1461,1088.88
SO-10865,2026-02-05,CUST-011,Bottle,Blow Molding,FR-008-rPET-350,WO-2119,2605731020211918,ISBM-002,5257,0.1779,935.22
SO-10866,2026-02-06,CUST-010,Bottle,Blow Molding,FR-002-HDPE-PCR-300,WO-2120,2605721020212019,ISBM-002,5051,0.1912,965.75
SO-10867,2026-02-14,CUST-012,Bottle,Blow Molding,FR-002-HDPE-PCR-300,WO-2121,2606121020212120,ISBM-002,6767,0.2577,1743.86
SO-10868,2026-02-08,CUST-014,Bottle,Blow Molding,FR-002-HDPE-PCR-300,WO-2122,2606211020212221,ISBM-002,8660,0.1482,1283.41
SO-10869,2026-02-07,CUST-014,Bottle,Blow Molding,FR-002-HDPE-PCR-300,WO-2123,2606331020212322,ISBM-002,5348,0.178,951.94
SO-10870,2026-02-14,CUST-004,Bottle,Blow Molding,FR-002-HDPE-PCR-300,WO-2124,2606321020212423,ISBM-002,5020,0.1466,735.93
SO-10871,2026-02-14,CUST-002,Bottle,Blow Molding,FR-002-HDPE-PCR-300,WO-2125,2606411020212524,ISBM-002,7584,0.1516,1149.73
SO-10872,2026-02-13,CUST-012,Bottle,Blow Molding,FR-005-rPET-330,WO-2126,2606511020212625,ISBM-002,7159,0.1045,748.12
SO-10873,2026-02-09,CUST-012,Bottle,Blow Molding,FR-005-rPET-330,WO-2127,2606631020212726,ISBM-002,3088,0.0882,272.36
SO-10874,2026-02-10,CUST-008,Bottle,Blow Molding,FR-005-rPET-330,WO-2128,2606611020212827,ISBM-002,4159,0.1071,445.43
SO-10875,2026-02-15,CUST-003,Bottle,Blow Molding,FR-005-rPET-330,WO-2129,2606621020212928,ISBM-002,5877,0.2186,1284.71
SO-10876,2026-02-12,CUST-009,Bottle,Blow Molding,FR-008-PET-350,WO-2130,2606711020213029,ISBM-002,4289,0.2083,893.4
SO-10877,2026-02-10,CUST-008,Bottle,Blow Molding,FR-008-PET-350,WO-2131,2607111020213130,ISBM-002,2521,0.2034,512.77
SO-10878,2026-02-17,CUST-009,Bottle,Blow Molding,FR-008-PET-350,WO-2132,2607131020213231,ISBM-002,4963,0.3211,1593.62
SO-10879,2026-02-18,CUST-001,Bottle,Blow Molding,FR-008-PETG-350,WO-2133,2607211020213332,ISBM-002,4964,0.2751,1365.6
SO-10880,2026-02-17,CUST-002,Bottle,Blow Molding,FR-008-PETG-350,WO-2134,2607311020213433,ISBM-002,4656,0.1576,733.79
SO-10881,2026-02-19,CUST-009,Bottle,Blow Molding,FR-005-rPET-330,WO-2135,2607331020213534,ISBM-002,6100,0.2115,1290.15
SO-10882,2026-02-23,CUST-012,Bottle,BLOW MOLDING,FR-005-rPET-330,WO-2136,2607421020213635,ISBM-002,6508,0.3239,2107.94
SO-10883,2026-02-15,CUST-014,Bottle,Blow Molding,FR-005-rPET-330,WO-2137,2607511020213736,ISBM-002,6866,0.1769,1214.6
SO-10884,2026-02-19,CUST-014,Bottle,Blow Molding,FR-008-LDPE-350,WO-2138,2607631020213837,ISBM-002,3785,0.2074,785.01
SO-10885,2026-02-19,CUST-006,Bottle,Blow Molding,FR-002-HDPE-PCR-300,WO-2140,2607711020214039,ISBM-002,7272,0.1321,960.63
SO-10886,2026-02-26,CUST-007,Bottle,Blow Molding,FR-005-rPET-330,WO-2141,2608131020214140,ISBM-002,5523,0.2141,1182.47
SO-10887,2026-02-27,CUST-008,Bottle,Blow Molding,FR-005-rPET-330,WO-2142,2608231020214241,ISBM-002,6009,0.1559,936.8
SO-10888,2026-02-20,CUST-002,Bottle,Blow Molding,FR-002-HDPE-PCR-300,WO-2145,2608431020214544,ISBM-002,4656,0.1234,574.55
SO-10889,2026-02-24,CUST-008,Bottle,Blow Molding,FR-002-HDPE-PCR-300,WO-2146,2608411020214645,ISBM-002,5299,0.2474,1310.97
SO-10890,2026-02-21,CUST-002,Bottle,Blow Molding,FR-002-HDPE-PCR-300,WO-2147,2608531020214746,ISBM-002,3591,0.3238,1162.77
SO-10891,2026-02-22,CUST-003,Bottle,Blow Molding,FR-008-PP-PCR-350,WO-2148,2608521020214847,ISBM-002,3716,0.165,613.14
SO-10892,2026-02-24,CUST-003,Bottle,Blow Molding,FR-008-PP-PCR-350,WO-2149,2608611020214948,ISBM-002,5675,0.2132,1209.91
SO-10893,2026-02-26,CUST-003,Bottle,Blow Molding,FR-008-PP-PCR-350,WO-2150,2608621020215049,ISBM-002,5641,0.3004,1694.56
SO-10894,2026-02-27,CUST-005,Bottle,Blow Molding,FR-008-HDPE-PCR-350,WO-2151,2608711020215150,ISBM-002,5460,0.2459,1342.61
SO-10895,2026-02-24,CUST-002,Bottle,Blow Molding,FR-008-HDPE-PCR-350,WO-2152,2609111020215251,ISBM-002,4991,0.2901,1447.89
SO-10896,2026-02-26,CUST-010,Bottle,  Blow Molding  ,FR-002-HDPE-PCR-300,WO-2154,2609221020215453,ISBM-002,5812,0.295,1714.54
SO-10897,2026-03-06,CUST-011,Bottle,Blow Molding,FR-002-HDPE-PCR-300,WO-2155,2609321020215554,ISBM-002,4578,0.2656,1215.92
SO-10898,2026-02-28,CUST-009,Bottle,Blow Molding,FR-002-HDPE-PCR-300,WO-2156,2609411020215655,ISBM-002,3966,0.2113,838.02
SO-10899,2026-03-04,CUST-003,Bottle,Blow Molding,FR-008-HDPE-350,WO-2158,2609511020215857,ISBM-002,9383,0.1975,1853.14
SO-10900,2026-03-04,CUST-002,Bottle,Blow Molding,FR-008-HDPE-350,WO-2159,2609611020215958,ISBM-002,5405,0.2097,1133.43
SO-10901,2026-03-12,CUST-003,Bottle,BLOW MOLDING,FR-008-HDPE-350,WO-2160,2609731020216059,ISBM-002,1221,0.2192,267.64
SO-10902,2026-03-10,CUST-003,Bottle,Blow Molding,FR-005-rPET-330,WO-2161,2609721020216160,ISBM-002,2785,0.1693,471.5
SO-10903,2026-03-06,CUST-004,Bottle,Blow Molding,FR-005-rPET-330,WO-2162,2610111020216261,ISBM-002,2657,0.3396,902.32
SO-10904,2026-03-08,CUST-009,Bottle,Blow Molding,FR-008-PP-PCR-350,WO-2164,2610221020216463,ISBM-002,1673,0.12,200.76
SO-10905,2026-03-16,CUST-012,Bottle,Blow Molding,FR-008-PP-PCR-350,WO-2165,2610311020216564,ISBM-002,7186,0.2373,1705.24
SO-10906,2026-03-17,CUST-007,Bottle,Blow Molding,FR-005-rPET-330,WO-2167,2610531020216766,ISBM-002,7805,0.1187,926.45
SO-10907,2026-03-08,CUST-001,Bottle,BLOW MOLDING,FR-005-rPET-330,WO-2168,2610531020216867,ISBM-002,6964,0.3342,2327.37
SO-10908,2026-03-19,CUST-011,Bottle,BLOW MOLDING,FR-005-rPET-330,WO-2169,2610621020216968,ISBM-002,4646,0.1061,492.94
SO-10909,2026-03-12,CUST-010,Bottle,Blow Molding,FR-008-PET-350,WO-2170,2610711020217069,ISBM-002,6403,0.1362,872.09
SO-10910,2026-03-13,CUST-009,Bottle,Blow Molding,FR-005-rPET-330,WO-2172,2611121020217271,ISBM-002,3864,0.0884,341.58
SO-10911,2026-03-21,CUST-014,Bottle,Blow Molding,FR-005-rPET-330,WO-2173,2611211020217372,ISBM-002,3180,0.3019,960.04
SO-10912,2026-03-22,CUST-003,Bottle,Blow Molding,FR-005-rPET-330,WO-2175,2611331020217574,ISBM-002,2447,0.2298,562.32
SO-10913,2026-03-18,CUST-009,Bottle,Blow Molding,FR-008-PET-350,WO-2176,2611321020217675,ISBM-002,5063,0.1595,807.55
SO-10914,2026-03-14,CUST-008,Bottle,Blow Molding,FR-002-HDPE-PCR-300,WO-2177,2611421020217776,ISBM-002,4332,0.2971,1287.04
SO-10915,2026-03-14,CUST-009,Bottle,Blow Molding,FR-002-HDPE-PCR-300,WO-2178,2611511020217877,ISBM-002,4950,0.11,544.5
SO-10916,2026-03-18,CUST-002,Bottle,Blow Molding,FR-002-HDPE-PCR-300,WO-2179,2611521020217978,ISBM-002,4235,0.2384,1009.62
SO-10917,2026-03-17,CUST-001,Bottle,Blow Molding,FR-002-HDPE-PCR-300,WO-2180,2611621020218079,ISBM-002,3960,0.1151,455.8
SO-10918,2026-03-16,CUST-008,Bottle,Blow Molding,FR-002-HDPE-PCR-300,WO-2181,2611731020218180,ISBM-002,3054,0.3054,932.69
SO-10919,2026-03-18,CUST-002,Bottle,Blow Molding,FR-002-HDPE-PCR-300,WO-2182,2611721020218281,ISBM-002,8652,0.2997,2593.0
SO-10920,2026-03-23,CUST-009,Bottle,Blow Molding,FR-002-HDPE-PCR-300,WO-2183,2612121020218382,ISBM-002,2509,0.2144,537.93
SO-10921,2026-03-27,CUST-007,Bottle,Blow Molding,FR-002-HDPE-PCR-300,WO-2184,2612221020218483,ISBM-002,6979,0.1212,845.85
SO-10922,2026-03-25,CUST-004,Bottle,Blow Molding,FR-002-HDPE-PCR-300,WO-2185,2612311020218584,ISBM-002,4251,0.1191,506.29
SO-10923,2026-03-26,CUST-011,Bottle,Blow Molding,FR-002-HDPE-PCR-300,WO-2187,2612421020218786,ISBM-002,6778,0.2264,1534.54
SO-10924,2026-03-29,CUST-009,Bottle,Blow Molding,FR-008-LDPE-350,WO-2188,2612511020218887,ISBM-002,2351,0.332,780.53
SO-10925,2026-04-01,CUST-008,Bottle,Blow Molding,FR-002-HDPE-PCR-300,WO-2189,2612521020218988,ISBM-002,4397,0.3215,1413.64
SO-10926,2026-03-28,CUST-012,Bottle,Blow Molding,FR-005-rPET-330,WO-2190,2612611020219089,ISBM-002,1301,0.3094,402.53
SO-10927,2026-03-31,CUST-006,Bottle,Blow Molding,FR-005-rPET-330,WO-2191,2612711020219190,ISBM-002,1532,0.1283,196.56
SO-10928,2026-03-28,CUST-003,Bottle,Blow Molding,FR-005-rPET-330,WO-2192,2612721020219291,ISBM-002,5449,0.3415,1860.83
SO-10929,2026-03-25,CUST-014,Bottle,Blow Molding,FR-005-rPET-330,WO-2193,2613111020219392,ISBM-002,5043,0.1041,524.98
SO-10930,2026-03-26,CUST-001,Bottle,Blow Molding,FR-005-rPET-330,WO-2194,2613231020219493,ISBM-002,3511,0.1859,652.69
SO-10931,2026-03-28,CUST-012,Bottle,Blow Molding,FR-008-PET-350,WO-2196,2613321020219695,ISBM-002,7061,0.3488,2462.88
SO-10932,2026-04-02,CUST-007,Bottle,Blow Molding,FR-008-PET-350,WO-2197,2613421020219796,ISBM-002,3428,0.0906,310.58
SO-10933,2026-04-02,CUST-010,Bottle,Blow Molding,FR-008-PET-350,WO-2198,2613531020219897,ISBM-002,2778,0.3043,845.35
SO-10934,2026-04-04,CUST-001,Bottle,BLOW MOLDING,FR-002-HDPE-PCR-300,WO-2199,2613521020219998,ISBM-002,4457,0.2196,978.76
SO-10935,2026-04-08,CUST-004,Bottle,Blow Molding,FR-002-HDPE-PCR-300,WO-2200,2613611020220099,ISBM-002,4530,0.1048,474.74
SO-10936,2026-04-03,CUST-008,Bottle,Blow Molding,FR-002-HDPE-PCR-300,WO-2201,2613621020220101,ISBM-002,3431,0.1634,560.63
SO-10937,2026-04-07,CUST-001,Bottle,Blow Molding,FR-005-rPET-330,WO-2202,2613711020220202,ISBM-002,2283,0.168,383.54
SO-10938,2026-04-08,CUST-007,Bottle,Blow Molding,FR-005-rPET-330,WO-2203,2613721020220303,ISBM-002,6419,0.1654,1061.7
SO-10939,2026-04-03,CUST-014,Bottle,Blow Molding,FR-005-rPET-330,WO-2205,2614221020220505,ISBM-002,4056,0.2752,1116.21
SO-10940,2026-04-06,CUST-008,Bottle,Blow Molding,FR-005-rPET-330,WO-2206,2614311020220606,ISBM-002,5065,0.3044,1541.79
SO-10941,2026-04-11,CUST-014,Bottle,blow molding,FR-002-HDPE-PCR-300,WO-2207,2614431020220707,ISBM-002,4800,0.1126,540.48
SO-10942,2026-04-08,CUST-003,Bottle,Blow Molding,FR-002-HDPE-PCR-300,WO-2208,2614421020220808,ISBM-002,4564,0.0913,416.69
SO-10943,2026-04-05,CUST-003,Bottle,Blow Molding,FR-005-rPET-330,WO-2209,2614511020220909,ISBM-002,5523,0.1376,759.96
SO-10944,2026-04-15,CUST-014,Bottle,Blow Molding,FR-005-rPET-330,WO-2210,2614611020221010,ISBM-002,2990,0.2679,801.02
SO-10945,2026-04-06,CUST-002,Bottle,blow molding,FR-005-rPET-330,WO-2211,2614631020221111,ISBM-002,3229,0.2182,704.57
SO-10946,2026-04-17,CUST-006,Bottle,Blow Molding,FR-005-rPET-330,WO-2212,2614721020221212,ISBM-002,2499,0.1376,343.86
SO-10947,2026-04-17,CUST-010,Bottle,Blow Molding,FR-002-HDPE-PCR-300,WO-2213,2615131020221313,ISBM-002,9416,0.1494,1406.75
SO-10948,2026-04-15,CUST-008,Bottle,blow molding,FR-002-HDPE-PCR-300,WO-2214,2615121020221414,ISBM-002,3822,0.1958,748.35
SO-10949,2026-04-13,CUST-003,Bottle,Blow Molding,FR-002-HDPE-PCR-300,WO-2215,2615221020221515,ISBM-002,5752,0.0925,532.06
SO-10950,2026-04-18,CUST-004,Bottle,  Blow Molding  ,FR-005-rPET-330,WO-2216,2615311020221616,ISBM-002,5116,0.2585,1322.49
SO-10951,2026-04-20,CUST-004,Bottle,Blow Molding,FR-005-rPET-330,WO-2217,2615411020221717,ISBM-002,2733,0.2765,755.67
SO-10952,2026-04-14,CUST-006,Bottle,Blow Molding,FR-008-PP-PCR-350,WO-2218,2615531020221818,ISBM-002,6416,0.2552,1637.36
SO-10953,2026-04-14,CUST-014,Bottle,Blow Molding,FR-008-HDPE-PCR-350,WO-2221,2615711020222121,ISBM-002,4703,0.1923,904.39
SO-10954,2026-04-22,CUST-008,Bottle,Blow Molding,FR-008-HDPE-PCR-350,WO-2222,2616131020222222,ISBM-002,9438,0.2012,1898.93
SO-10955,2026-04-22,CUST-002,Bottle,Blow Molding,FR-008-PETG-350,WO-2223,2616121020222323,ISBM-002,6388,0.348,2223.02
SO-10956,2026-04-22,CUST-012,Bottle,Blow Molding,FR-002-HDPE-PCR-300,WO-2224,2616221020222424,ISBM-002,3303,0.1825,602.8
SO-10957,2026-04-24,CUST-010,Bottle,Blow Molding,FR-002-HDPE-PCR-300,WO-2226,2616321020222626,ISBM-002,9752,0.295,2876.84
SO-10958,2026-04-28,CUST-005,Bottle,Blow Molding,FR-002-HDPE-PCR-300,WO-2227,2616411020222727,ISBM-002,5425,0.0976,529.48
SO-10959,2026-04-26,CUST-009,Bottle,Blow Molding,FR-002-HDPE-PCR-300,WO-2228,2616531020222828,ISBM-002,3228,0.2666,860.58
SO-10960,2026-04-20,CUST-008,Bottle,Blow Molding,FR-005-rPET-330,WO-2229,2616521020222929,ISBM-002,5301,0.2182,1156.68
SO-10961,2026-04-25,CUST-006,Bottle,Blow Molding,FR-008-PP-PCR-350,WO-2230,2616631020223030,ISBM-002,2652,0.328,869.86
SO-10962,2026-04-28,CUST-002,Bottle,Blow Molding,FR-002-HDPE-PCR-300,WO-2231,2616621020223131,ISBM-002,2741,0.2021,553.96
SO-10963,2026-04-26,CUST-003,Bottle,Blow Molding,FR-005-rPET-330,WO-2232,2616711020223232,ISBM-002,7984,0.157,1253.49
SO-10964,2026-04-30,CUST-014,Bottle,Blow Molding,FR-008-rPET-350,WO-2234,2617231020223434,ISBM-002,3708,0.2196,814.28
SO-10965,2026-05-01,CUST-002,Bottle,Blow Molding,FR-008-rPET-350,WO-2236,2617331020223636,ISBM-002,2593,0.0834,216.26
SO-10966,2026-05-03,CUST-006,Bottle,blow molding,FR-008-rPET-350,WO-2237,2617331020223737,ISBM-002,4192,0.0993,416.27
SO-10967,2026-05-02,CUST-003,Bottle,Blow Molding,FR-002-HDPE-PCR-300,WO-2241,2617611020224141,ISBM-002,2128,0.1806,384.32
SO-10968,2026-05-01,CUST-003,Bottle,Blow Molding,FR-002-HDPE-PCR-300,WO-2242,2617631020224242,ISBM-002,4312,0.2508,1081.45
SO-10969,2026-05-02,CUST-011,Bottle,Blow Molding,FR-002-HDPE-PCR-300,WO-2243,2617711020224343,ISBM-002,3525,0.2527,890.77
SO-10970,2026-05-09,CUST-009,Bottle,Blow Molding,FR-002-HDPE-PCR-300,WO-2245,2618131020224545,ISBM-002,2841,0.3443,978.16
SO-10971,2026-05-10,CUST-013,Bottle,  Blow Molding  ,FR-002-HDPE-PCR-300,WO-2246,2618221020224646,ISBM-002,2007,0.252,505.76
SO-10972,2026-05-06,CUST-010,Bottle,Blow Molding,FR-008-HDPE-350,WO-2247,2618331020224747,ISBM-002,4191,0.1625,681.04
SO-10973,2026-05-06,CUST-003,Bottle,blow molding,FR-008-HDPE-PCR-350,WO-2248,2618321020224848,ISBM-002,6284,0.3388,2129.02
SO-10974,2026-05-04,CUST-001,Bottle,Blow Molding,FR-005-rPET-330,WO-2249,2618411020224949,ISBM-002,4999,0.3094,1546.69
SO-10975,2026-05-12,CUST-013,Bottle,Blow Molding,FR-005-rPET-330,WO-2250,2618531020225050,ISBM-002,4765,0.331,1577.22
SO-10976,2026-05-10,CUST-010,Bottle,Blow Molding,FR-002-HDPE-PCR-300,WO-2252,2618631020225252,ISBM-002,7325,0.2737,2004.85
SO-10977,2026-05-12,CUST-014,Bottle,Blow Molding,FR-005-rPET-330,WO-2253,2618731020225353,ISBM-002,6576,0.3005,1976.09
SO-10978,2026-05-14,CUST-005,Bottle,Blow Molding,FR-005-rPET-330,WO-2254,2618721020225454,ISBM-002,3517,0.2268,797.66
SO-10979,2026-05-10,CUST-013,Bottle,Blow Molding,FR-005-rPET-330,WO-2257,2619221020225757,ISBM-002,4329,0.2971,1286.15
SO-10980,2026-05-11,CUST-014,Bottle,  Blow Molding  ,FR-005-rPET-330,WO-2259,2619411020225959,ISBM-002,7598,0.3345,2541.53
SO-10981,2026-05-13,CUST-004,Bottle,Blow Molding,FR-002-HDPE-PCR-300,WO-2261,2619521020226161,ISBM-002,3126,0.3137,980.63
SO-10982,2026-05-18,CUST-012,Bottle,Blow Molding,FR-002-HDPE-PCR-300,WO-2262,2619621020226262,ISBM-002,3682,0.2516,926.39
SO-10983,2026-05-11,CUST-002,Bottle,Blow Molding,FR-005-rPET-330,WO-2263,2619731020226363,ISBM-002,4820,0.2225,1072.45
SO-10984,2026-05-15,CUST-008,Bottle,Blow Molding,FR-005-rPET-330,WO-2264,2619731020226464,ISBM-002,2888,0.1876,541.79
SO-10985,2026-05-18,CUST-006,Bottle,Blow Molding,FR-002-HDPE-PCR-300,WO-2265,2620121020226565,ISBM-002,1559,0.2748,428.41
SO-10986,2026-05-15,CUST-014,Bottle,Blow Molding,FR-002-HDPE-PCR-300,WO-2267,2620331020226767,ISBM-002,6192,0.2573,1593.2
SO-10987,2026-05-25,CUST-001,Bottle,  Blow Molding  ,FR-005-rPET-330,WO-2268,2620321020226868,ISBM-002,8673,0.3256,2823.93
SO-10988,2026-05-23,CUST-013,Bottle,BLOW MOLDING,FR-008-HDPE-PCR-350,WO-2269,2620421020226969,ISBM-002,8496,0.2385,2026.3
SO-10989,2026-05-27,CUST-009,Bottle,Blow Molding,FR-005-rPET-330,WO-2272,2620611020227272,ISBM-002,10037,0.197,1977.29
SO-10990,2026-05-25,CUST-007,Bottle,Blow Molding,FR-002-HDPE-PCR-300,WO-2273,2620721020227373,ISBM-002,4303,0.3021,1299.94
SO-10991,2026-05-23,CUST-002,Bottle,blow molding,FR-002-HDPE-PCR-300,WO-2274,2621111020227474,ISBM-002,3117,0.1679,523.34
SO-10992,2026-05-23,CUST-012,Bottle,Blow Molding,FR-005-rPET-330,WO-2275,2621231020227575,ISBM-002,6905,0.1365,942.53
SO-10993,2026-05-28,CUST-005,Bottle,Blow Molding,FR-005-rPET-330,WO-2277,2621311020227777,ISBM-002,1260,0.2233,281.36
SO-10994,2026-05-28,CUST-012,Bottle,Blow Molding,FR-005-rPET-330,WO-2278,2621331020227878,ISBM-002,4755,0.2673,1271.01
SO-10995,2026-05-25,CUST-008,Bottle,Blow Molding,FR-002-HDPE-PCR-300,WO-2279,2621421020227979,ISBM-002,5934,0.2866,1700.68
SO-10996,2026-05-25,CUST-005,Bottle,Blow Molding,FR-005-rPET-330,WO-2280,2621511020228080,ISBM-002,3514,0.2883,1013.09
SO-10997,2026-05-25,CUST-004,Bottle,Blow Molding,FR-005-rPET-330,WO-2281,2621631020228181,ISBM-002,7141,0.2885,2060.18
SO-10998,2026-06-01,CUST-013,Bottle,Blow Molding,FR-005-rPET-330,WO-2282,2621621020228282,ISBM-002,7168,0.3231,2315.98
SO-10999,2026-05-29,CUST-001,Bottle,  Blow Molding  ,FR-008-HDPE-350,WO-2283,2621721020228383,ISBM-002,6372,0.3405,2169.67
SO-11000,2026-05-27,CUST-007,Bottle,Blow Molding,FR-008-PP-PCR-350,WO-2285,2622231020228585,ISBM-002,1757,0.2264,397.78
SO-11001,2026-06-07,CUST-013,Bottle,Blow Molding,FR-008-PP-PCR-350,WO-2286,2622221020228686,ISBM-002,3480,0.2613,909.32
SO-11002,2026-06-03,CUST-006,Bottle,Blow Molding,FR-008-PP-PCR-350,WO-2287,2622331020228787,ISBM-002,7527,0.11,827.97
SO-11003,2026-06-06,CUST-010,Bottle,Blow Molding,FR-002-HDPE-PCR-300,WO-2288,2622321020228888,ISBM-002,3357,0.0813,272.92
SO-11004,2026-06-06,CUST-014,Bottle,Blow Molding,FR-008-PETG-350,WO-2289,2622411020228989,ISBM-002,4765,0.1539,733.33
SO-11005,2026-06-02,CUST-001,Bottle,Blow Molding,FR-008-PETG-350,WO-2290,2622421020229090,ISBM-002,5426,0.1936,1050.47
SO-11006,2026-06-05,CUST-006,Bottle,Blow Molding,FR-008-PP-PCR-350,WO-2291,2622521020229191,ISBM-002,3300,0.2261,746.13
SO-11007,2026-06-01,CUST-008,Bottle,Blow Molding,FR-002-HDPE-PCR-300,WO-2292,2622631020229292,ISBM-002,3677,0.3299,1213.04
SO-11008,2026-06-11,CUST-008,Bottle,Blow Molding,FR-008-PP-350,WO-2293,2622621020229393,ISBM-002,4069,0.1321,537.51
SO-11009,2026-06-03,CUST-005,Bottle,Blow Molding,FR-008-PP-350,WO-2294,2622711020229494,ISBM-002,5363,0.1072,574.91
SO-11010,2026-06-12,CUST-011,Bottle,Blow Molding,FR-008-PP-350,WO-2295,2623131020229595,ISBM-002,3495,0.1057,369.42
SO-11011,2026-06-13,CUST-011,Bottle,Blow Molding,FR-005-rPET-330,WO-2296,2623121020229696,ISBM-002,7776,0.3299,2565.3
SO-11012,2026-06-12,CUST-011,Bottle,Blow Molding,FR-008-rPET-350,WO-2297,2623211020229797,ISBM-002,5991,0.185,1108.34
SO-11013,2026-06-12,CUST-003,Bottle,Blow Molding,FR-008-rPET-350,WO-2299,2623311020229999,ISBM-002,7705,0.092,708.86
SO-11014,2026-06-12,CUST-014,Bottle,Blow Molding,FR-002-HDPE-PCR-300,WO-2300,2623411020230001,ISBM-002,6845,0.2603,1781.75
SO-11015,2026-06-08,CUST-005,Bottle,Blow Molding,FR-002-HDPE-PCR-300,WO-2301,2623421020230102,ISBM-002,2887,0.1104,318.72
SO-11016,2026-06-09,CUST-013,Bottle,Blow Molding,FR-005-rPET-330,WO-2302,2623511020230203,ISBM-002,7110,0.1164,827.6
SO-11017,2026-06-15,CUST-002,Bottle,Blow Molding,FR-008-PET-350,WO-2304,2623621020230405,ISBM-002,5407,0.2353,1272.27
SO-11018,2026-06-18,CUST-007,Bottle,blow molding,FR-008-PET-350,WO-2306,2623721020230607,ISBM-002,8143,0.2302,1874.52
SO-11019,2026-06-10,CUST-013,Bottle,Blow Molding,FR-005-rPET-330,WO-2307,2624121020230708,ISBM-002,5164,0.3265,1686.05
SO-11020,2026-06-10,CUST-002,Bottle,Blow Molding,FR-005-rPET-330,WO-2308,2624231020230809,ISBM-002,3869,0.2243,867.82
SO-11021,2026-06-20,CUST-009,Bottle,blow molding,FR-002-HDPE-PCR-300,WO-2309,2624231020230910,ISBM-002,5278,0.2448,1292.05
SO-11022,2026-06-18,CUST-006,Bottle,Blow Molding,FR-008-PP-350,WO-2310,2624311020231011,ISBM-002,5222,0.2427,1267.38
SO-11023,2026-06-16,CUST-013,Bottle,Blow Molding,FR-008-PP-350,WO-2311,2624431020231112,ISBM-002,2302,0.2352,541.43
SO-11024,2026-06-15,CUST-006,Bottle,Blow Molding,FR-008-PP-350,WO-2312,2624411020231213,ISBM-002,4253,0.1562,664.32
SO-11025,2026-06-19,CUST-004,Bottle,Blow Molding,FR-005-rPET-330,WO-2313,2624511020231314,ISBM-002,1894,0.3116,590.17
SO-11026,2026-06-20,CUST-013,Bottle,Blow Molding,FR-002-HDPE-PCR-300,WO-2314,2624531020231415,ISBM-002,3697,0.1318,487.26
SO-11027,2026-06-20,CUST-009,Bottle,Blow Molding,FR-005-rPET-330,WO-2318,2625111020231819,ISBM-002,8700,0.3485,3031.95
SO-11028,2026-06-24,CUST-001,Bottle,Blow Molding,FR-005-rPET-330,WO-2319,2625211020231920,ISBM-002,4334,0.0958,415.2
SO-11029,2026-06-28,CUST-010,Bottle,Blow Molding,FR-005-rPET-330,WO-2320,2625221020232021,ISBM-002,2087,0.168,350.62
SO-11030,2026-06-18,CUST-006,Bottle,Blow Molding,FR-008-PET-350,WO-2321,2625311020232122,ISBM-002,2990,0.2129,636.57
SO-11031,2026-06-22,CUST-003,Bottle,Blow Molding,FR-008-PET-350,WO-2322,2625331020232223,ISBM-002,5999,0.3368,2020.46
SO-11032,2026-06-22,CUST-006,Bottle,Blow Molding,FR-008-PET-350,WO-2323,2625411020232324,ISBM-002,4861,0.3499,1700.86
SO-11033,2026-06-20,CUST-008,Bottle,blow molding,FR-005-rPET-330,WO-2324,2625531020232425,ISBM-002,3806,0.2329,886.42
SO-11034,2026-06-26,CUST-002,Bottle,Blow Molding,FR-005-rPET-330,WO-2325,2625521020232526,ISBM-002,3137,0.1569,492.2
SO-11035,2026-06-28,CUST-004,Bottle,Blow Molding,FR-005-rPET-330,WO-2326,2625611020232627,ISBM-002,2612,0.2115,552.44
SO-11036,2026-07-01,CUST-004,Bottle,Blow Molding,FR-002-HDPE-PCR-300,WO-2328,2625711020232829,ISBM-002,2528,0.228,576.38
SO-11037,2026-06-25,CUST-009,Bottle,Blow Molding,FR-002-HDPE-PCR-300,WO-2329,2626131020232930,ISBM-002,3715,0.1938,719.97
SO-11038,2026-07-01,CUST-011,Bottle,Blow Molding,FR-002-HDPE-PCR-300,WO-2330,2626121020233031,ISBM-002,2862,0.1603,458.78
SO-11039,2026-07-03,CUST-002,Bottle,Blow Molding,FR-002-HDPE-PCR-300,WO-2331,2626221020233132,ISBM-002,6332,0.2188,1385.44
SO-11040,2026-06-29,CUST-010,Bottle,Blow Molding,FR-002-HDPE-PCR-300,WO-2332,2626331020233233,ISBM-002,5333,0.2713,1446.84
SO-11041,2026-07-06,CUST-013,Bottle,Blow Molding,FR-002-HDPE-PCR-300,WO-2333,2626321020233334,ISBM-002,2667,0.25,666.75
SO-11042,2026-06-27,CUST-011,Bottle,Blow Molding,FR-002-HDPE-PCR-300,WO-2334,2626411020233435,ISBM-002,2004,0.1959,392.58
SO-11043,2026-07-08,CUST-009,Bottle,Blow Molding,FR-005-rPET-330,WO-2336,2626521020233637,ISBM-002,5624,0.331,1861.54
SO-11044,2026-07-03,CUST-004,Bottle,Blow Molding,FR-005-rPET-330,WO-2337,2626621020233738,ISBM-002,6460,0.3391,2190.59
SO-11045,2026-07-03,CUST-002,Bottle,Blow Molding,FR-005-rPET-330,WO-2338,2626711020233839,ISBM-002,4389,0.2058,903.26
SO-11046,2026-07-06,CUST-012,Bottle,Blow Molding,FR-005-rPET-330,WO-2341,2627231020234142,ISBM-002,9493,0.0876,831.59
SO-11047,2026-07-10,CUST-003,Bottle,Blow Molding,FR-005-rPET-330,WO-2342,2627331020234243,ISBM-002,5974,0.1924,1149.4
SO-11048,2026-07-13,CUST-005,Bottle,Blow Molding,FR-005-rPET-330,WO-2343,2627321020234344,ISBM-002,3049,0.2705,824.75
SO-11049,2026-07-08,CUST-005,Bottle,Blow Molding,FR-005-rPET-330,WO-2344,2627411020234445,ISBM-002,3881,0.2414,936.87
SO-11050,2026-07-12,CUST-002,Bottle,Blow Molding,FR-008-LDPE-350,WO-2346,2627521020234647,ISBM-002,1560,0.2651,413.56
SO-11051,2026-07-12,CUST-011,Bottle,Blow Molding,FR-005-rPET-330,WO-2348,2627631020234849,ISBM-002,4326,0.2218,959.51
SO-11052,2026-07-10,CUST-004,Bottle,Blow Molding,FR-005-rPET-330,WO-2349,2627711020234950,ISBM-002,2667,0.2695,718.76
SO-11053,2026-07-10,CUST-012,Bottle,Blow Molding,FR-008-HDPE-350,WO-2350,2628111020235051,ISBM-002,3299,0.2817,929.33
SO-11054,2026-07-14,CUST-009,Bottle,  Blow Molding  ,FR-005-rPET-330,WO-2351,2628121020235152,ISBM-002,7791,0.2261,1761.55
SO-11055,2026-07-17,CUST-003,Bottle,Blow Molding,FR-005-rPET-330,WO-2352,2628211020235253,ISBM-002,1956,0.126,246.46
SO-11056,2026-07-11,CUST-008,Bottle,Blow Molding,FR-002-HDPE-PCR-300,WO-2353,2628221020235354,ISBM-002,5042,0.3119,1572.6
SO-11057,2026-07-18,CUST-008,Bottle,Blow Molding,FR-002-HDPE-PCR-300,WO-2354,2628331020235455,ISBM-002,1657,0.1675,277.55
SO-11058,2026-07-11,CUST-001,Bottle,BLOW MOLDING,FR-008-PP-PCR-350,WO-2355,2628421020235556,ISBM-002,7526,0.3164,2381.23
SO-11059,2026-07-22,CUST-012,Bottle,Blow Molding,FR-002-HDPE-PCR-300,WO-2357,2628631020235758,ISBM-002,3474,0.3443,1196.1
SO-11060,2026-07-23,CUST-002,Bottle,Blow Molding,FR-002-HDPE-PCR-300,WO-2358,2628621020235859,ISBM-002,3845,0.1632,627.5
SO-11061,2026-07-22,CUST-007,Bottle,  Blow Molding  ,FR-002-HDPE-PCR-300,WO-2359,2628711020235960,ISBM-002,3608,0.1915,690.93
SO-11062,2026-07-19,CUST-002,Bottle,Blow Molding,FR-005-rPET-330,WO-2363,2629231020236364,ISBM-002,10434,0.2875,2999.77
SO-11063,2026-07-18,CUST-013,Bottle,  Blow Molding  ,FR-005-rPET-330,WO-2364,2629321020236465,ISBM-002,3470,0.1187,411.89
SO-11064,2026-07-18,CUST-008,Bottle,Blow Molding,FR-005-rPET-330,WO-2365,2629411020236566,ISBM-002,6976,0.1692,1180.34
SO-11065,2026-07-19,CUST-009,Bottle,Blow Molding,FR-008-HDPE-350,WO-2367,2629631020236768,ISBM-002,5017,0.0884,443.5
SO-11066,2026-07-24,CUST-013,Bottle,Blow Molding,FR-008-HDPE-350,WO-2368,2629621020236869,ISBM-002,6809,0.2612,1778.51
SO-11067,2026-07-26,CUST-009,Bottle,Blow Molding,FR-008-HDPE-PCR-350,WO-2369,2629711020236970,ISBM-002,5133,0.3163,1623.57
SO-11068,2026-07-29,CUST-014,Bottle,Blow Molding,FR-008-HDPE-PCR-350,WO-2370,2630111020237071,ISBM-002,8100,0.197,1595.7
SO-11069,2026-07-31,CUST-005,Bottle,Blow Molding,FR-008-HDPE-PCR-350,WO-2371,2630231020237172,ISBM-002,2923,0.2511,733.97
SO-11070,2026-07-23,CUST-003,Bottle,  Blow Molding  ,FR-002-HDPE-PCR-300,WO-2372,2630231020237273,ISBM-002,10591,0.2743,2905.11
SO-11071,2026-07-31,CUST-008,Bottle,Blow Molding,FR-002-HDPE-PCR-300,WO-2373,2630321020237374,ISBM-002,5302,0.1804,956.48
SO-11072,2026-07-30,CUST-013,Bottle,Blow Molding,FR-002-HDPE-PCR-300,WO-2374,2630411020237475,ISBM-002,2418,0.2347,567.5
SO-11073,2026-07-27,CUST-001,Bottle,Blow Molding,FR-002-HDPE-PCR-300,WO-2375,2630531020237576,ISBM-002,5885,0.235,1382.97
SO-11074,2026-07-29,CUST-011,Bottle,Blow Molding,FR-002-HDPE-PCR-300,WO-2377,2630621020237778,ISBM-002,4707,0.3369,1585.79
SO-11075,2026-07-31,CUST-009,Bottle,Blow Molding,FR-002-HDPE-PCR-300,WO-2382,2631331020238283,ISBM-002,3287,0.2667,876.64
SO-11076,2026-08-02,CUST-002,Bottle,Blow Molding,FR-002-HDPE-PCR-300,WO-2383,2631311020238384,ISBM-002,4837,0.3012,1456.9
SO-11077,2026-08-03,CUST-006,Bottle,Blow Molding,FR-002-HDPE-PCR-300,WO-2385,2631421020238586,ISBM-002,4918,0.2842,1397.7
SO-11078,2026-08-09,CUST-014,Bottle,Blow Molding,FR-005-rPET-330,WO-2386,2631511020238687,ISBM-002,5547,0.1564,867.55
SO-11079,2026-08-03,CUST-008,Bottle,Blow Molding,FR-005-rPET-330,WO-2387,2631611020238788,ISBM-002,4556,0.1454,662.44
SO-11080,2026-08-07,CUST-005,Bottle,Blow Molding,FR-008-HDPE-350,WO-2388,2631731020238889,ISBM-002,367,0.1422,52.19
SO-11081,2026-08-12,CUST-013,Bottle,BLOW MOLDING,FR-008-HDPE-350,WO-2389,2631721020238990,ISBM-002,7766,0.1005,780.48
SO-11082,2026-08-09,CUST-006,Bottle,Blow Molding,FR-002-HDPE-PCR-300,WO-2391,2632211020239192,ISBM-002,7209,0.1663,1198.86
SO-11083,2026-08-12,CUST-012,Bottle,Blow Molding,FR-008-PP-PCR-350,WO-2393,2632321020239394,ISBM-002,6120,0.1248,763.78
SO-11084,2026-08-11,CUST-012,Bottle,Blow Molding,FR-005-rPET-330,WO-2394,2632421020239495,ISBM-002,4233,0.0876,370.81
SO-11085,2026-08-18,CUST-008,Bottle,Blow Molding,FR-002-HDPE-PCR-300,WO-2397,2632731020239798,ISBM-002,4587,0.2534,1162.35
SO-11086,2026-08-20,CUST-004,Bottle,Blow Molding,FR-002-HDPE-PCR-300,WO-2398,2632721020239899,ISBM-002,4175,0.3373,1408.23
SO-11087,2026-08-22,CUST-013,Bottle,Blow Molding,FR-002-HDPE-PCR-300,WO-2400,2633121020240002,ISBM-002,5876,0.301,1768.68
SO-11088,2026-08-14,CUST-001,Bottle,Blow Molding,FR-008-HDPE-PCR-350,WO-2401,2633221020240103,ISBM-002,8639,0.2921,2523.45
SO-11089,2026-08-15,CUST-001,Bottle,Blow Molding,FR-008-HDPE-PCR-350,WO-2402,2633311020240204,ISBM-002,1134,0.2144,243.13
SO-11090,2026-08-17,CUST-009,Bottle,Blow Molding,FR-008-HDPE-PCR-350,WO-2403,2633431020240305,ISBM-002,9524,0.1013,964.78
SO-11091,2026-08-25,CUST-012,Bottle,Blow Molding,FR-002-HDPE-PCR-300,WO-2404,2633531020240406,ISBM-002,5012,0.1838,921.21
SO-11092,2026-08-19,CUST-001,Bottle,Blow Molding,FR-005-rPET-330,WO-2405,2633521020240507,ISBM-002,6689,0.0922,616.73
SO-11093,2026-08-18,CUST-004,Bottle,  Blow Molding  ,FR-005-rPET-330,WO-2406,2633611020240608,ISBM-002,4605,0.192,884.16
SO-11094,2026-08-26,CUST-011,Bottle,Blow Molding,FR-005-rPET-330,WO-2407,2633711020240709,ISBM-002,5409,0.1188,642.59
SO-11095,2026-08-27,CUST-013,Bottle,Blow Molding,FR-008-HDPE-PCR-350,WO-2408,2634131020240810,ISBM-002,4062,0.2423,984.22
SO-11096,2026-08-28,CUST-003,Bottle,blow molding,FR-008-HDPE-PCR-350,WO-2409,2634121020240911,ISBM-002,5862,0.2433,1426.22
SO-11097,2026-08-22,CUST-009,Bottle,Blow Molding,FR-008-HDPE-PCR-350,WO-2410,2634211020241012,ISBM-002,3832,0.2703,1035.79
SO-11098,2026-09-01,CUST-012,Bottle,Blow Molding,FR-008-PETG-350,WO-2414,2634511020241416,ISBM-002,7509,0.2734,2052.96
SO-11099,2026-08-28,CUST-013,Bottle,Blow Molding,FR-008-PETG-350,WO-2415,2634611020241517,ISBM-002,2889,0.3031,875.66
SO-11100,2026-08-27,CUST-004,Bottle,Blow Molding,FR-008-PETG-350,WO-2416,2634631020241618,ISBM-002,4002,0.2156,862.83
SO-11101,2026-09-01,CUST-013,Bottle,Blow Molding,FR-002-HDPE-PCR-300,WO-2417,2634721020241719,ISBM-002,4638,0.1393,646.07
SO-11102,2026-09-01,CUST-006,Bottle,Blow Molding,FR-002-HDPE-PCR-300,WO-2418,2635111020241820,ISBM-002,1522,0.2946,448.38
SO-11103,2026-09-06,CUST-010,Bottle,Blow Molding,FR-002-HDPE-PCR-300,WO-2419,2635231020241921,ISBM-002,7523,0.1518,1141.99
SO-11104,2026-08-28,CUST-009,Bottle,Blow Molding,FR-002-HDPE-PCR-300,WO-2421,2635321020242123,ISBM-002,5249,0.2738,1437.18
SO-11105,2026-09-05,CUST-006,Bottle,Blow Molding,FR-002-HDPE-PCR-300,WO-2422,2635421020242224,ISBM-002,4784,0.2743,1312.25
SO-11106,2026-09-08,CUST-004,Bottle,Blow Molding,FR-002-HDPE-PCR-300,WO-2423,2635511020242325,ISBM-002,3365,0.2863,963.4
SO-11107,2026-09-02,CUST-010,Bottle,Blow Molding,FR-002-HDPE-PCR-300,WO-2424,2635631020242426,ISBM-002,1927,0.2669,514.32
SO-11108,2026-09-05,CUST-007,Bottle,Blow Molding,FR-008-rPET-350,WO-2425,2635621020242527,ISBM-002,5449,0.3217,1752.94
SO-11109,2026-09-07,CUST-002,Bottle,Blow Molding,FR-008-rPET-350,WO-2426,2635711020242628,ISBM-002,6370,0.3096,1972.15
SO-11110,2026-09-10,CUST-004,Bottle,Blow Molding,FR-008-rPET-350,WO-2427,2635731020242729,ISBM-002,3931,0.2444,960.74
SO-11111,2026-09-07,CUST-013,Bottle,Blow Molding,FR-002-HDPE-PCR-300,WO-2429,2636221020242931,ISBM-002,7077,0.108,764.32
SO-11112,2026-09-10,CUST-003,Bottle,Blow Molding,FR-002-HDPE-PCR-300,WO-2430,2636311020243032,ISBM-002,3675,0.2982,1095.88
SO-11113,2026-09-05,CUST-006,Bottle,Blow Molding,FR-002-HDPE-PCR-300,WO-2431,2636431020243133,ISBM-002,3343,0.2422,809.67
SO-11114,2026-09-14,CUST-013,Bottle,  Blow Molding  ,FR-002-HDPE-PCR-300,WO-2432,2636421020243234,ISBM-002,8744,0.171,1495.22
SO-11115,2026-09-06,CUST-012,Bottle,Blow Molding,FR-008-LDPE-350,WO-2433,2636521020243335,ISBM-002,8110,0.081,656.91
SO-11116,2026-09-07,CUST-012,Bottle,Blow Molding,FR-008-PETG-350,WO-2434,2636611020243436,ISBM-002,6182,0.2616,1617.21
SO-11117,2026-09-15,CUST-003,Bottle,  Blow Molding  ,FR-002-HDPE-PCR-300,WO-2435,2636731020243537,ISBM-002,5534,0.1461,808.52
SO-11118,2026-09-10,CUST-006,Bottle,Blow Molding,FR-005-rPET-330,WO-2436,2636731020243638,ISBM-002,4866,0.3162,1538.63
SO-11119,2026-09-09,CUST-005,Bottle,Blow Molding,FR-005-rPET-330,WO-2437,2637121020243739,ISBM-002,3724,0.2105,783.9
SO-11120,2026-09-19,CUST-014,Bottle,Blow Molding,FR-002-HDPE-PCR-300,WO-2438,2637211020243840,ISBM-002,3941,0.1186,467.4
SO-11121,2026-09-18,CUST-002,Bottle,  Blow Molding  ,FR-002-HDPE-PCR-300,WO-2439,2637331020243941,ISBM-002,4087,0.2205,901.18
SO-11122,2026-09-15,CUST-010,Bottle,Blow Molding,FR-002-HDPE-PCR-300,WO-2440,2637321020244042,ISBM-002,1444,0.1948,281.29
SO-11123,2026-09-18,CUST-007,Bottle,Blow Molding,FR-005-rPET-330,WO-2441,2637411020244143,ISBM-002,5714,0.1873,1070.23
SO-11124,2026-09-14,CUST-001,Bottle,Blow Molding,FR-005-rPET-330,WO-2442,2637531020244244,ISBM-002,3367,0.1273,428.62
SO-11125,2026-09-21,CUST-012,Bottle,Blow Molding,FR-008-LDPE-350,WO-2444,2637631020244446,ISBM-002,4273,0.1238,529.0
SO-11126,2026-09-20,CUST-014,Bottle,Blow Molding,FR-008-PP-350,WO-2445,2637621020244547,ISBM-002,1840,0.2178,400.75
SO-11127,2026-09-17,CUST-009,Bottle,Blow Molding,FR-008-rPET-350,WO-2446,2637631020244648,ISBM-002,4174,0.2258,942.49
SO-11128,2026-09-21,CUST-008,Bottle,Blow Molding,FR-005-rPET-330,WO-2448,2638131020244850,ISBM-002,3841,0.1779,683.31
SO-11129,2026-09-18,CUST-009,Bottle,Blow Molding,FR-005-rPET-330,WO-2449,2638111020244951,ISBM-002,3873,0.243,941.14
SO-11130,2026-09-25,CUST-007,Bottle,Blow Molding,FR-008-LDPE-350,WO-2451,2638311020245153,ISBM-002,4602,0.1924,885.42
SO-11131,2026-09-18,CUST-013,Bottle,Blow Molding,FR-005-rPET-330,WO-2452,2638321020245254,ISBM-002,2066,0.2895,598.11
SO-11132,2026-09-20,CUST-013,Bottle,Blow Molding,FR-002-HDPE-PCR-300,WO-2453,2638411020245355,ISBM-002,3430,0.1095,375.58
SO-11133,2026-09-25,CUST-011,Bottle,Blow Molding,FR-002-HDPE-PCR-300,WO-2454,2638421020245456,ISBM-002,3493,0.3449,1204.74
SO-11134,2026-09-23,CUST-012,Bottle,blow molding,FR-002-HDPE-PCR-300,WO-2455,2638511020245557,ISBM-002,4920,0.3051,1501.09
SO-11135,2026-09-24,CUST-008,Bottle,Blow Molding,FR-008-LDPE-350,WO-2456,2638631020245658,ISBM-002,4316,0.2209,953.4
SO-11136,2026-09-27,CUST-013,Bottle,Blow Molding,FR-005-rPET-330,WO-2457,2638621020245759,ISBM-002,3345,0.0915,306.07
SO-11137,2026-09-28,CUST-009,Bottle,Blow Molding,FR-005-rPET-330,WO-2458,2638711020245860,ISBM-002,2405,0.0944,227.03
SO-11138,2026-09-22,CUST-010,Bottle,blow molding,FR-008-PP-PCR-350,WO-2460,2639131020246062,ISBM-002,2880,0.1059,304.99
SO-11139,2026-09-29,CUST-012,Bottle,Blow Molding,FR-005-rPET-330,WO-2461,2639131020246163,ISBM-002,1834,0.2581,473.36
SO-11140,2026-10-01,CUST-014,Bottle,Blow Molding,FR-005-rPET-330,WO-2462,2639221020246264,ISBM-002,7594,0.1106,839.9
SO-11141,2026-10-01,CUST-012,Bottle,Blow Molding,FR-005-rPET-330,WO-2463,2639321020246365,ISBM-002,5801,0.1804,1046.5
SO-11142,2026-10-05,CUST-013,Bottle,Blow Molding,FR-002-HDPE-PCR-300,WO-2464,2639411020246466,ISBM-002,4264,0.1318,562.0
SO-11143,2026-10-03,CUST-014,Bottle,Blow Molding,FR-008-rPET-350,WO-2465,2639511020246567,ISBM-002,5202,0.1229,639.33
SO-11144,2026-10-05,CUST-002,Bottle,Blow Molding,FR-008-rPET-350,WO-2466,2639631020246668,ISBM-002,3601,0.2397,863.16
SO-11145,2026-10-02,CUST-012,Bottle,Blow Molding,FR-008-HDPE-PCR-350,WO-2467,2639621020246769,ISBM-002,5149,0.117,602.43
SO-11146,2026-10-06,CUST-008,Bottle,Blow Molding,FR-005-rPET-330,WO-2468,2639731020246870,ISBM-002,4747,0.1194,566.79
SO-11147,2026-10-04,CUST-013,Bottle,Blow Molding,FR-005-rPET-330,WO-2469,2639721020246971,ISBM-002,6248,0.3224,2014.36
SO-11148,2026-10-01,CUST-003,Bottle,Blow Molding,FR-005-rPET-330,WO-2470,2640111020247072,ISBM-002,3617,0.3095,1119.46
SO-11149,2026-10-07,CUST-010,Bottle,blow molding,FR-005-rPET-330,WO-2471,2640221020247173,ISBM-002,4337,0.336,1457.23
SO-11150,2026-10-01,CUST-002,Bottle,Blow Molding,FR-002-HDPE-PCR-300,WO-2472,2640311020247274,ISBM-002,5218,0.1847,963.76
SO-11151,2026-10-05,CUST-010,Bottle,Blow Molding,FR-008-PETG-350,WO-2474,2640411020247476,ISBM-002,4807,0.2464,1184.44
SO-11152,2026-10-04,CUST-007,Bottle,Blow Molding,FR-002-HDPE-PCR-300,WO-2475,2640511020247577,ISBM-002,4574,0.2413,1103.71
SO-11153,2026-10-14,CUST-013,Bottle,Blow Molding,FR-008-HDPE-PCR-350,WO-2477,2640621020247779,ISBM-002,6111,0.2955,1805.8
SO-11154,2026-10-09,CUST-005,Bottle,Blow Molding,FR-002-HDPE-PCR-300,WO-2478,2640711020247880,ISBM-002,6650,0.1651,1097.91
SO-11155,2026-10-11,CUST-011,Bottle,Blow Molding,FR-005-rPET-330,WO-2479,2641111020247981,ISBM-002,5597,0.3122,1747.38
SO-11156,2026-10-11,CUST-005,Bottle,Blow Molding,FR-005-rPET-330,WO-2480,2641231020248082,ISBM-002,3454,0.1244,429.68
SO-11157,2026-10-11,CUST-011,Bottle,Blow Molding,FR-005-rPET-330,WO-2481,2641221020248183,ISBM-002,753,0.1195,89.98
SO-11158,2026-10-13,CUST-007,Bottle,Blow Molding,FR-005-rPET-330,WO-2483,2641321020248385,ISBM-002,4826,0.2498,1205.53
SO-11159,2026-10-20,CUST-003,Bottle,Blow Molding,FR-005-rPET-330,WO-2484,2641411020248486,ISBM-002,4517,0.1766,797.7
SO-11160,2026-10-16,CUST-013,Bottle,Blow Molding,FR-005-rPET-330,WO-2485,2641531020248587,ISBM-002,2964,0.2654,786.65
SO-11161,2026-10-11,CUST-012,Bottle,blow molding,FR-002-HDPE-PCR-300,WO-2486,2641511020248688,ISBM-002,10310,0.0908,936.15
SO-11162,2026-10-12,CUST-011,Bottle,Blow Molding,FR-002-HDPE-PCR-300,WO-2487,2641611020248789,ISBM-002,5879,0.1688,992.38
SO-11163,2026-10-21,CUST-011,Bottle,Blow Molding,FR-002-HDPE-PCR-300,WO-2488,2641731020248890,ISBM-002,1856,0.2541,471.61
SO-11164,2026-10-23,CUST-012,Bottle,Blow Molding,FR-005-rPET-330,WO-2489,2641711020248991,ISBM-002,5213,0.1509,786.64
SO-11165,2026-10-22,CUST-001,Bottle,Blow Molding,FR-005-rPET-330,WO-2490,2642111020249092,ISBM-002,4355,0.3417,1488.1
SO-11166,2026-10-20,CUST-005,Bottle,Blow Molding,FR-008-PET-350,WO-2491,2642121020249193,ISBM-002,4437,0.1057,468.99
SO-11167,2026-10-15,CUST-009,Bottle,Blow Molding,FR-005-rPET-330,WO-2492,2642211020249294,ISBM-002,4962,0.132,654.98
SO-11168,2026-10-20,CUST-002,Bottle,Blow Molding,FR-005-rPET-330,WO-2493,2642311020249395,ISBM-002,6987,0.0933,651.89
SO-11169,2026-10-25,CUST-013,Bottle,Blow Molding,FR-005-rPET-330,WO-2494,2642431020249496,ISBM-002,4759,0.1736,826.16
SO-11170,2026-10-25,CUST-003,Bottle,Blow Molding,FR-005-rPET-330,WO-2495,2642421020249597,ISBM-002,9415,0.3291,3098.48
SO-11171,2026-10-19,CUST-007,Bottle,Blow Molding,FR-002-HDPE-PCR-300,WO-2496,2642521020249698,ISBM-002,2562,0.2257,578.24
SO-11172,2026-10-25,CUST-008,Bottle,Blow Molding,FR-002-HDPE-PCR-300,WO-2497,2642631020249799,ISBM-002,4069,0.1242,505.37
SO-11173,2026-10-25,CUST-012,Bottle,Blow Molding,FR-008-rPET-350,WO-2499,2642731020249902,ISBM-002,4427,0.3194,1413.98
SO-11174,2026-10-30,CUST-005,Bottle,Blow Molding,FR-008-rPET-350,WO-2500,2643111020250003,ISBM-002,5605,0.1124,630.0
SO-11175,2026-10-27,CUST-010,Bottle,Blow Molding,FR-008-rPET-350,WO-2501,2643231020250104,ISBM-002,1231,0.2245,276.36
SO-11176,2026-10-23,CUST-010,Bottle,Blow Molding,FR-008-PETG-350,WO-2502,2643221020250205,ISBM-002,5714,0.3474,1985.04
SO-11177,2026-11-02,CUST-004,Bottle,Blow Molding,FR-008-PETG-350,WO-2503,2643321020250306,ISBM-002,3913,0.129,504.78
SO-11178,2026-10-27,CUST-005,Bottle,Blow Molding,FR-008-LDPE-350,WO-2505,2643421020250508,ISBM-002,3103,0.2016,625.56
SO-11179,2026-10-29,CUST-006,Bottle,Blow Molding,FR-002-HDPE-PCR-300,WO-2506,2643521020250609,ISBM-002,7090,0.1286,911.77
SO-11180,2026-10-27,CUST-009,Bottle,Blow Molding,FR-002-HDPE-PCR-300,WO-2507,2643611020250710,ISBM-002,5058,0.275,1390.95
SO-11181,2026-10-31,CUST-003,Bottle,Blow Molding,FR-005-rPET-330,WO-2508,2643731020250811,ISBM-002,7276,0.1862,1354.79
SO-11182,2026-11-04,CUST-012,Bottle,Blow Molding,FR-008-LDPE-350,WO-2510,2644111020251013,ISBM-002,7179,0.3283,2356.87
SO-11183,2026-11-07,CUST-004,Bottle,Blow Molding,FR-008-LDPE-350,WO-2511,2644211020251114,ISBM-002,5973,0.2384,1423.96
SO-11184,2026-11-02,CUST-007,Bottle,Blow Molding,FR-005-rPET-330,WO-2512,2644221020251215,ISBM-002,3666,0.1794,657.68
SO-11185,2026-11-08,CUST-014,Bottle,Blow Molding,FR-005-rPET-330,WO-2513,2644311020251316,ISBM-002,2560,0.2448,626.69
SO-11186,2026-11-05,CUST-003,Bottle,Blow Molding,FR-002-HDPE-PCR-300,WO-2517,2644611020251720,ISBM-002,7703,0.343,2642.13
SO-11187,2026-11-08,CUST-008,Bottle,Blow Molding,FR-002-HDPE-PCR-300,WO-2519,2644711020251922,ISBM-002,2503,0.2053,513.87
SO-11188,2026-11-12,CUST-001,Bottle,Blow Molding,FR-002-HDPE-PCR-300,WO-2522,2645221020252225,ISBM-002,4079,0.3125,1274.69
SO-11189,2026-11-15,CUST-009,Bottle,Blow Molding,FR-002-HDPE-PCR-300,WO-2523,2645311020252326,ISBM-002,8331,0.3378,2814.21
SO-11190,2026-11-09,CUST-005,Bottle,BLOW MOLDING,FR-008-HDPE-350,WO-2524,2645431020252427,ISBM-002,4924,0.1851,911.43
SO-11191,2026-11-13,CUST-001,Bottle,Blow Molding,FR-008-HDPE-350,WO-2525,2645421020252528,ISBM-002,6303,0.3397,2141.13
SO-11192,2026-11-12,CUST-011,Bottle,Blow Molding,FR-008-HDPE-350,WO-2526,2645511020252629,ISBM-002,622,0.217,134.97
SO-11193,2026-11-14,CUST-013,Bottle,Blow Molding,FR-002-HDPE-PCR-300,WO-2527,2645631020252730,ISBM-002,4057,0.3394,1376.95
SO-11194,2026-11-09,CUST-005,Bottle,Blow Molding,FR-008-rPET-350,WO-2528,2645621020252831,ISBM-002,2599,0.0955,248.2
SO-11195,2026-11-14,CUST-012,Bottle,Blow Molding,FR-008-rPET-350,WO-2529,2645731020252932,ISBM-002,7233,0.2024,1463.96
SO-11196,2026-11-20,CUST-003,Bottle,Blow Molding,FR-005-rPET-330,WO-2531,2646131020253134,ISBM-002,3519,0.0892,313.89
SO-11197,2026-11-18,CUST-005,Bottle,BLOW MOLDING,FR-005-rPET-330,WO-2532,2646211020253235,ISBM-002,7254,0.1448,1050.38
SO-11198,2026-11-21,CUST-010,Bottle,Blow Molding,FR-002-HDPE-PCR-300,WO-2533,2646331020253336,ISBM-002,2648,0.3314,877.55
SO-11199,2026-11-20,CUST-014,Bottle,Blow Molding,FR-002-HDPE-PCR-300,WO-2535,2646431020253538,ISBM-002,4710,0.3219,1516.15
SO-11200,2026-11-19,CUST-003,Bottle,Blow Molding,FR-002-HDPE-PCR-300,WO-2536,2646421020253639,ISBM-002,3562,0.2604,927.54
SO-11201,2026-11-18,CUST-014,Bottle,Blow Molding,FR-002-HDPE-PCR-300,WO-2537,2646521020253740,ISBM-002,3593,0.1255,450.92
SO-11202,2026-11-22,CUST-002,Bottle,Blow Molding,FR-002-HDPE-PCR-300,WO-2538,2646611020253841,ISBM-002,4991,0.1406,701.73
SO-11203,2026-11-24,CUST-008,Bottle,Blow Molding,FR-002-HDPE-PCR-300,WO-2540,2647131020254043,ISBM-002,5411,0.1796,971.82
SO-11204,2026-11-19,CUST-005,Bottle,Blow Molding,FR-002-HDPE-PCR-300,WO-2541,2647121020254144,ISBM-002,5625,0.2859,1608.19
SO-11205,2026-11-19,CUST-004,Bottle,Blow Molding,FR-002-HDPE-PCR-300,WO-2542,2647211020254245,ISBM-002,4792,0.1893,907.13
SO-11206,2026-11-19,CUST-012,Bottle,Blow Molding,FR-002-HDPE-PCR-300,WO-2543,2647231020254346,ISBM-002,7339,0.1235,906.37
SO-11207,2026-12-01,CUST-006,Bottle,Blow Molding,FR-005-rPET-330,WO-2545,2647411020254548,ISBM-002,5684,0.142,807.13
SO-11208,2026-11-27,CUST-008,Bottle,Blow Molding,FR-002-HDPE-PCR-300,WO-2548,2647621020254851,ISBM-002,10352,0.2238,2316.78
SO-11209,2026-11-25,CUST-005,Bottle,Blow Molding,FR-008-PET-350,WO-2550,2648121020255053,ISBM-002,5815,0.1992,1158.35
SO-11210,2026-12-02,CUST-008,Bottle,Blow Molding,FR-008-PET-350,WO-2551,2648231020255154,ISBM-002,5580,0.2567,1432.39
SO-11211,2026-11-29,CUST-002,Bottle,Blow Molding,FR-008-PET-350,WO-2552,2648221020255255,ISBM-002,3635,0.2429,882.94
SO-11212,2026-11-27,CUST-002,Bottle,Blow Molding,FR-002-HDPE-PCR-300,WO-2553,2648311020255356,ISBM-002,5732,0.1572,901.07
SO-11213,2026-12-07,CUST-007,Bottle,Blow Molding,FR-002-HDPE-PCR-300,WO-2555,2648421020255558,ISBM-002,4565,0.1573,718.07
SO-11214,2026-11-30,CUST-009,Bottle,Blow Molding,FR-002-HDPE-PCR-300,WO-2556,2648531020255659,ISBM-002,5784,0.082,474.29
SO-11215,2026-12-07,CUST-009,Bottle,Blow Molding,FR-005-rPET-330,WO-2557,2648521020255760,ISBM-002,5840,0.3234,1888.66
SO-11216,2026-12-09,CUST-014,Bottle,Blow Molding,FR-005-rPET-330,WO-2558,2648611020255861,ISBM-002,6224,0.1308,814.1
SO-11217,2026-12-03,CUST-013,Bottle,Blow Molding,FR-005-rPET-330,WO-2559,2648711020255962,ISBM-002,5794,0.0929,538.26
SO-11218,2026-12-07,CUST-005,Bottle,Blow Molding,FR-008-PET-350,WO-2560,2649111020256063,ISBM-002,3989,0.2206,879.97
SO-11219,2026-12-05,CUST-012,Bottle,Blow Molding,FR-008-PET-350,WO-2561,2649211020256164,ISBM-002,7633,0.3324,2537.21
SO-11220,2026-12-08,CUST-014,Bottle,Blow Molding,FR-005-rPET-330,WO-2562,2649221020256265,ISBM-002,7137,0.2164,1544.45
SO-11221,2026-12-12,CUST-002,Bottle,Blow Molding,FR-005-rPET-330,WO-2563,2649311020256366,ISBM-002,6053,0.2321,1404.9
SO-11222,2026-12-16,CUST-009,Bottle,Blow Molding,FR-002-HDPE-PCR-300,WO-2565,2649531020256568,ISBM-002,5349,0.2625,1404.11
SO-11223,2026-12-06,CUST-002,Bottle,Blow Molding,FR-008-PET-350,WO-2566,2649631020256669,ISBM-002,7201,0.2952,2125.74
SO-11224,2026-12-13,CUST-005,Bottle,Blow Molding,FR-002-HDPE-PCR-300,WO-2567,2649621020256770,ISBM-002,5799,0.1208,700.52
SO-11225,2026-12-17,CUST-011,Bottle,Blow Molding,FR-002-HDPE-PCR-300,WO-2568,2649711020256871,ISBM-002,3612,0.0885,319.66
SO-11226,2026-12-15,CUST-006,Bottle,Blow Molding,FR-008-HDPE-PCR-350,WO-2569,2649721020256972,ISBM-002,5882,0.3283,1931.06
SO-11227,2026-12-11,CUST-001,Bottle,Blow Molding,FR-002-HDPE-PCR-300,WO-2571,2650131020257174,ISBM-002,8040,0.1194,959.98
SO-11228,2026-12-12,CUST-007,Bottle,Blow Molding,FR-005-rPET-330,WO-2573,2650311020257376,ISBM-002,2826,0.2589,731.65
SO-11229,2026-12-19,CUST-011,Bottle,Blow Molding,FR-005-rPET-330,WO-2574,2650321020257477,ISBM-002,820,0.1615,132.43
SO-11230,2026-12-13,CUST-008,Bottle,Blow Molding,FR-002-HDPE-PCR-300,WO-2575,2650411020257578,ISBM-002,7484,0.2671,1998.98
SO-11231,2026-12-21,CUST-006,Bottle,Blow Molding,FR-002-HDPE-PCR-300,WO-2576,2650531020257679,ISBM-002,6212,0.228,1416.34
SO-11232,2026-12-22,CUST-005,Bottle,Blow Molding,FR-005-rPET-330,WO-2577,2650531020257780,ISBM-002,4449,0.2895,1287.99
SO-11233,2026-12-17,CUST-001,Bottle,Blow Molding,FR-005-rPET-330,WO-2578,2650611020257881,ISBM-002,5059,0.2446,1237.43
SO-11234,2026-12-19,CUST-013,Bottle,Blow Molding,FR-008-LDPE-350,WO-2580,2650721020258083,ISBM-002,5165,0.242,1249.93
SO-11235,2026-12-22,CUST-007,Bottle,Blow Molding,FR-008-LDPE-350,WO-2581,2651111020258184,ISBM-002,4229,0.1522,643.65
SO-11236,2026-12-19,CUST-012,Bottle,Blow Molding,FR-005-rPET-330,WO-2582,2651211020258285,ISBM-002,3949,0.1622,640.53
SO-11237,2026-12-23,CUST-011,Bottle,Blow Molding,FR-008-PET-350,WO-2583,2651221020258386,ISBM-002,3200,0.2172,695.04
SO-11238,2026-12-25,CUST-007,Bottle,Blow Molding,FR-008-PET-350,WO-2585,2651431020258588,ISBM-002,2481,0.1576,391.01
SO-11239,2026-12-24,CUST-007,Bottle,Blow Molding,FR-005-rPET-330,WO-2586,2651411020258689,ISBM-002,3758,0.292,1097.34
SO-11240,2026-12-25,CUST-007,Bottle,  Blow Molding  ,FR-008-HDPE-PCR-350,WO-2587,2651531020258790,ISBM-002,4122,0.2321,956.72
SO-11241,2026-12-22,CUST-009,Bottle,blow molding,FR-005-rPET-330,WO-2589,2651611020258992,ISBM-002,4700,0.2816,1323.52
SO-11242,2026-12-30,CUST-006,Bottle,BLOW MOLDING,FR-005-rPET-330,WO-2590,2651731020259093,ISBM-002,9138,0.2178,1990.26
SO-11243,2026-12-29,CUST-003,Bottle,Blow Molding,FR-008-HDPE-350,WO-2591,2652131020259194,ISBM-002,5326,0.3174,1690.47
SO-11244,2026-12-30,CUST-006,Bottle,Blow Molding,FR-005-rPET-330,WO-2592,2652111020259295,ISBM-002,5605,0.1378,772.37
SO-11245,2026-12-24,CUST-002,Bottle,Blow Molding,FR-005-rPET-330,WO-2593,2652231020259396,ISBM-002,3332,0.2445,814.67
SO-11246,2026-12-26,CUST-001,Bottle,Blow Molding,FR-005-rPET-330,WO-2597,2652421020259701,ISBM-002,6390,0.2954,1887.61
SO-11247,2026-12-28,CUST-007,Bottle,Blow Molding,FR-008-LDPE-350,WO-2599,2652631020259903,ISBM-002,3078,0.092,283.18
SO-11248,2025-07-05,CUST-011,Bottle,Blow Molding,FR-006-rPET-330,WO-2607,2527231030260701,ISBM-003,5101,0.1805,920.73
SO-11249,2025-07-08,CUST-008,Bottle,Blow Molding,FR-021-HDPE-750,WO-2609,2527321030260903,ISBM-003,3034,0.2489,755.16
SO-11250,2025-07-07,CUST-006,Bottle,Blow Molding,FR-021-HDPE-750,WO-2610,2527411030261004,ISBM-003,4461,0.0858,382.75
SO-11251,2025-07-10,CUST-003,Bottle,Blow Molding,FR-021-rPET-750,WO-2611,2527431030261105,ISBM-003,1968,0.1755,345.38
SO-11252,2025-07-13,CUST-008,Bottle,Blow Molding,FR-021-rPET-750,WO-2612,2527511030261206,ISBM-003,4464,0.0898,400.87
SO-11253,2025-07-07,CUST-001,Bottle,  Blow Molding  ,FR-021-rPET-750,WO-2613,2527631030261307,ISBM-003,2233,0.2554,570.31
SO-11254,2025-07-08,CUST-002,Bottle,BLOW MOLDING,FR-003-rPET-300,WO-2614,2527621030261408,ISBM-003,5180,0.1256,650.61
SO-11255,2025-07-18,CUST-001,Bottle,Blow Molding,FR-025-PET-1000,WO-2615,2527711030261509,ISBM-003,2613,0.1411,368.69
SO-11256,2025-07-12,CUST-004,Bottle,Blow Molding,FR-009-PETG-350,WO-2616,2528131030261610,ISBM-003,2491,0.2139,532.82
SO-11257,2025-07-10,CUST-003,Bottle,Blow Molding,FR-009-PETG-350,WO-2617,2528121030261711,ISBM-003,3321,0.2278,756.52
SO-11258,2025-07-15,CUST-008,Bottle,Blow Molding,FR-003-rPET-300,WO-2621,2528411030262115,ISBM-003,5251,0.157,824.41
SO-11259,2025-07-21,CUST-014,Bottle,Blow Molding,FR-025-PET-1000,WO-2624,2528731030262418,ISBM-003,2356,0.2445,576.04
SO-11260,2025-07-22,CUST-011,Bottle,Blow Molding,FR-025-PET-1000,WO-2625,2528711030262519,ISBM-003,2010,0.3154,633.95
SO-11261,2025-07-26,CUST-011,Bottle,Blow Molding,FR-006-rPET-330,WO-2627,2529121030262721,ISBM-003,6281,0.2744,1723.51
SO-11262,2025-07-25,CUST-011,Bottle,Blow Molding,FR-021-HDPE-750,WO-2628,2529211030262822,ISBM-003,3691,0.2173,802.05
SO-11263,2025-07-25,CUST-002,Bottle,Blow Molding,FR-021-HDPE-750,WO-2629,2529311030262923,ISBM-003,1501,0.2724,408.87
SO-11264,2025-07-19,CUST-001,Bottle,Blow Molding,FR-006-rPET-330,WO-2630,2529431030263024,ISBM-003,2222,0.2204,489.73
SO-11265,2025-07-27,CUST-010,Bottle,Blow Molding,FR-006-rPET-330,WO-2631,2529421030263125,ISBM-003,3666,0.3365,1233.61
SO-11266,2025-07-20,CUST-008,Bottle,Blow Molding,FR-006-rPET-330,WO-2632,2529531030263226,ISBM-003,3830,0.1022,391.43
SO-11267,2025-07-20,CUST-005,Bottle,Blow Molding,FR-009-PETG-350,WO-2633,2529631030263327,ISBM-003,5858,0.3275,1918.5
SO-11268,2025-07-29,CUST-004,Bottle,Blow Molding,FR-021-rPET-750,WO-2634,2529621030263428,ISBM-003,3688,0.3007,1108.98
SO-11269,2025-07-30,CUST-002,Bottle,Blow Molding,FR-021-rPET-750,WO-2635,2529731030263529,ISBM-003,4314,0.1303,562.11
SO-11270,2025-07-25,CUST-003,Bottle,Blow Molding,FR-003-rPET-300,WO-2637,2530111030263731,ISBM-003,3522,0.1102,388.12
SO-11271,2025-08-02,CUST-008,Bottle,Blow Molding,FR-003-rPET-300,WO-2638,2530231030263832,ISBM-003,4354,0.3353,1459.9
SO-11272,2025-07-30,CUST-013,Bottle,Blow Molding,FR-003-rPET-300,WO-2639,2530221030263933,ISBM-003,1735,0.3314,574.98
SO-11273,2025-07-30,CUST-012,Bottle,Blow Molding,FR-003-rPET-300,WO-2640,2530331030264034,ISBM-003,4552,0.2058,936.8
SO-11274,2025-08-01,CUST-010,Bottle,Blow Molding,FR-009-rPET-350,WO-2641,2530321030264135,ISBM-003,2071,0.0861,178.31
SO-11275,2025-07-26,CUST-007,Bottle,Blow Molding,FR-009-rPET-350,WO-2642,2530431030264236,ISBM-003,6634,0.2738,1816.39
SO-11276,2025-08-02,CUST-003,Bottle,Blow Molding,FR-009-rPET-350,WO-2643,2530531030264337,ISBM-003,3878,0.2437,945.07
SO-11277,2025-08-04,CUST-010,Bottle,  Blow Molding  ,FR-006-rPET-330,WO-2644,2530521030264438,ISBM-003,2540,0.2178,553.21
SO-11278,2025-07-28,CUST-006,Bottle,Blow Molding,FR-003-rPET-300,WO-2645,2530631030264539,ISBM-003,3760,0.3427,1288.55
SO-11279,2025-08-03,CUST-004,Bottle,Blow Molding,FR-021-rPET-750,WO-2646,2530621030264640,ISBM-003,3673,0.1179,433.05
SO-11280,2025-08-03,CUST-009,Bottle,Blow Molding,FR-003-rPET-300,WO-2648,2531131030264842,ISBM-003,3639,0.1841,669.94
SO-11281,2025-07-31,CUST-004,Bottle,Blow Molding,FR-009-rPET-350,WO-2650,2531211030265044,ISBM-003,6786,0.173,1173.98
SO-11282,2025-08-05,CUST-010,Bottle,Blow Molding,FR-003-rPET-300,WO-2651,2531331030265145,ISBM-003,1672,0.2495,417.16
SO-11283,2025-08-07,CUST-003,Bottle,BLOW MOLDING,FR-006-rPET-330,WO-2653,2531411030265347,ISBM-003,2070,0.2031,420.42
SO-11284,2025-08-10,CUST-011,Bottle,Blow Molding,FR-006-rPET-330,WO-2654,2531531030265448,ISBM-003,4223,0.2221,937.93
SO-11285,2025-08-09,CUST-014,Bottle,Blow Molding,FR-006-rPET-330,WO-2655,2531521030265549,ISBM-003,1878,0.1051,197.38
SO-11286,2025-08-08,CUST-004,Bottle,Blow Molding,FR-006-rPET-330,WO-2656,2531631030265650,ISBM-003,2807,0.1357,380.91
SO-11287,2025-08-07,CUST-005,Bottle,Blow Molding,FR-006-rPET-330,WO-2657,2531621030265751,ISBM-003,5911,0.2153,1272.64
SO-11288,2025-08-13,CUST-008,Bottle,Blow Molding,FR-009-rPET-350,WO-2658,2531721030265852,ISBM-003,2825,0.2146,606.25
SO-11289,2025-08-10,CUST-013,Bottle,Blow Molding,FR-009-rPET-350,WO-2659,2532111030265953,ISBM-003,3708,0.3243,1202.5
SO-11290,2025-08-10,CUST-010,Bottle,Blow Molding,FR-006-rPET-330,WO-2660,2532211030266054,ISBM-003,4223,0.1932,815.88
SO-11291,2025-08-09,CUST-008,Bottle,Blow Molding,FR-006-rPET-330,WO-2661,2532331030266155,ISBM-003,2244,0.3393,761.39
SO-11292,2025-08-16,CUST-013,Bottle,Blow Molding,FR-006-rPET-330,WO-2662,2532311030266256,ISBM-003,2860,0.2549,729.01
SO-11293,2025-08-15,CUST-012,Bottle,Blow Molding,FR-021-rPET-750,WO-2663,2532411030266357,ISBM-003,3535,0.1521,537.67
SO-11294,2025-08-10,CUST-007,Bottle,Blow Molding,FR-021-HDPE-750,WO-2664,2532531030266458,ISBM-003,5745,0.2323,1334.56
SO-11295,2025-08-17,CUST-008,Bottle,Blow Molding,FR-021-HDPE-750,WO-2665,2532631030266559,ISBM-003,4963,0.3309,1642.26
SO-11296,2025-08-19,CUST-008,Bottle,Blow Molding,FR-003-rPET-300,WO-2666,2532731030266660,ISBM-003,5641,0.1955,1102.82
SO-11297,2025-08-17,CUST-013,Bottle,  Blow Molding  ,FR-003-rPET-300,WO-2667,2532721030266761,ISBM-003,1537,0.1882,289.26
SO-11298,2025-08-14,CUST-004,Bottle,Blow Molding,FR-025-PET-1000,WO-2668,2533111030266862,ISBM-003,1981,0.1066,211.17
SO-11299,2025-08-21,CUST-005,Bottle,Blow Molding,FR-006-rPET-330,WO-2672,2533321030267266,ISBM-003,3422,0.1365,467.1
SO-11300,2025-08-16,CUST-001,Bottle,Blow Molding,FR-006-rPET-330,WO-2673,2533431030267367,ISBM-003,1364,0.2836,386.83
SO-11301,2025-08-25,CUST-004,Bottle,Blow Molding,FR-025-PET-1000,WO-2674,2533421030267468,ISBM-003,3381,0.3322,1123.17
SO-11302,2025-08-19,CUST-012,Bottle,  Blow Molding  ,FR-006-rPET-330,WO-2676,2533611030267670,ISBM-003,2663,0.1672,445.25
SO-11303,2025-08-19,CUST-012,Bottle,Blow Molding,FR-025-PET-1000,WO-2677,2533621030267771,ISBM-003,1848,0.2533,468.1
SO-11304,2025-08-22,CUST-013,Bottle,Blow Molding,FR-003-rPET-300,WO-2679,2533731030267973,ISBM-003,2422,0.277,670.89
SO-11305,2025-08-23,CUST-005,Bottle,Blow Molding,FR-009-PETG-350,WO-2680,2534121030268074,ISBM-003,5065,0.216,1094.04
SO-11306,2025-08-21,CUST-002,Bottle,Blow Molding,FR-006-rPET-330,WO-2681,2534211030268175,ISBM-003,3332,0.2583,860.66
SO-11307,2025-08-27,CUST-006,Bottle,Blow Molding,FR-006-rPET-330,WO-2682,2534221030268276,ISBM-003,3642,0.1524,555.04
SO-11308,2025-08-29,CUST-013,Bottle,BLOW MOLDING,FR-021-HDPE-750,WO-2684,2534331030268478,ISBM-003,3636,0.2448,890.09
SO-11309,2025-08-31,CUST-005,Bottle,Blow Molding,FR-025-PET-1000,WO-2685,2534421030268579,ISBM-003,2297,0.3258,748.36
SO-11310,2025-08-25,CUST-004,Bottle,BLOW MOLDING,FR-003-rPET-300,WO-2686,2534511030268680,ISBM-003,2216,0.1406,311.57
SO-11311,2025-08-31,CUST-005,Bottle,Blow Molding,FR-003-rPET-300,WO-2688,2534621030268882,ISBM-003,5174,0.2881,1490.63
SO-11312,2025-08-26,CUST-014,Bottle,  Blow Molding  ,FR-003-rPET-300,WO-2689,2534721030268983,ISBM-003,1306,0.239,312.13
SO-11313,2025-09-02,CUST-014,Bottle,Blow Molding,FR-009-PETG-350,WO-2692,2535211030269286,ISBM-003,4537,0.1182,536.27
SO-11314,2025-08-29,CUST-005,Bottle,Blow Molding,FR-025-PET-1000,WO-2693,2535311030269387,ISBM-003,3087,0.2016,622.34
SO-11315,2025-08-31,CUST-008,Bottle,Blow Molding,FR-025-PET-1000,WO-2694,2535431030269488,ISBM-003,3149,0.0986,310.49
SO-11316,2025-09-01,CUST-004,Bottle,Blow Molding,FR-025-PET-1000,WO-2695,2535421030269589,ISBM-003,2543,0.1278,325.0
SO-11317,2025-09-03,CUST-005,Bottle,Blow Molding,FR-009-rPET-350,WO-2697,2535631030269791,ISBM-003,2154,0.0877,188.91
SO-11318,2025-09-01,CUST-013,Bottle,Blow Molding,FR-009-rPET-350,WO-2698,2535621030269892,ISBM-003,3290,0.3069,1009.7
SO-11319,2025-09-02,CUST-004,Bottle,Blow Molding,FR-003-rPET-300,WO-2699,2535711030269993,ISBM-003,2254,0.2681,604.3
SO-11320,2025-09-11,CUST-012,Bottle,blow molding,FR-003-rPET-300,WO-2700,2536131030270094,ISBM-003,3303,0.2544,840.28
SO-11321,2025-09-12,CUST-013,Bottle,Blow Molding,FR-003-rPET-300,WO-2701,2536121030270195,ISBM-003,4849,0.1362,660.43
SO-11322,2025-09-11,CUST-011,Bottle,BLOW MOLDING,FR-003-rPET-300,WO-2702,2536211030270296,ISBM-003,3386,0.1289,436.46
SO-11323,2025-09-06,CUST-014,Bottle,Blow Molding,FR-003-rPET-300,WO-2703,2536231030270397,ISBM-003,4438,0.0897,398.09
SO-11324,2025-09-06,CUST-005,Bottle,Blow Molding,FR-003-rPET-300,WO-2704,2536321030270498,ISBM-003,6792,0.1466,995.71
SO-11325,2025-09-16,CUST-011,Bottle,Blow Molding,FR-003-rPET-300,WO-2706,2536511030270601,ISBM-003,1865,0.2509,467.93
SO-11326,2025-09-13,CUST-012,Bottle,Blow Molding,FR-003-rPET-300,WO-2707,2536631030270702,ISBM-003,4321,0.3275,1415.13
SO-11327,2025-09-09,CUST-013,Bottle,Blow Molding,FR-025-PET-1000,WO-2708,2536621030270803,ISBM-003,3535,0.3371,1191.65
SO-11328,2025-09-20,CUST-001,Bottle,Blow Molding,FR-003-rPET-300,WO-2710,2537111030271005,ISBM-003,4927,0.3467,1708.19
SO-11329,2025-09-15,CUST-003,Bottle,Blow Molding,FR-009-HDPE-350,WO-2714,2537311030271409,ISBM-003,1525,0.1961,299.05
SO-11330,2025-09-12,CUST-005,Bottle,Blow Molding,FR-009-HDPE-350,WO-2715,2537321030271510,ISBM-003,5988,0.0856,512.57
SO-11331,2025-09-16,CUST-008,Bottle,Blow Molding,FR-009-HDPE-350,WO-2716,2537421030271611,ISBM-003,2068,0.2089,432.01
SO-11332,2025-09-23,CUST-011,Bottle,Blow Molding,FR-025-PET-1000,WO-2720,2537721030272015,ISBM-003,2028,0.308,624.62
SO-11333,2025-09-18,CUST-012,Bottle,Blow Molding,FR-025-PET-1000,WO-2721,2538121030272116,ISBM-003,1229,0.3354,412.21
SO-11334,2025-09-17,CUST-014,Bottle,Blow Molding,FR-009-HDPE-PCR-350,WO-2722,2538231030272217,ISBM-003,5701,0.2225,1268.47
SO-11335,2025-09-26,CUST-012,Bottle,Blow Molding,FR-009-HDPE-PCR-350,WO-2723,2538221030272318,ISBM-003,3601,0.2303,829.31
SO-11336,2025-09-26,CUST-011,Bottle,blow molding,FR-009-HDPE-PCR-350,WO-2724,2538311030272419,ISBM-003,5756,0.0992,571.0
SO-11337,2025-09-19,CUST-004,Bottle,Blow Molding,FR-003-rPET-300,WO-2725,2538411030272520,ISBM-003,3283,0.2063,677.28
SO-11338,2025-09-30,CUST-010,Bottle,Blow Molding,FR-025-PET-1000,WO-2726,2538421030272621,ISBM-003,1753,0.1082,189.67
SO-11339,2025-09-23,CUST-005,Bottle,Blow Molding,FR-025-PET-1000,WO-2727,2538511030272722,ISBM-003,2890,0.2424,700.54
SO-11340,2025-09-22,CUST-004,Bottle,Blow Molding,FR-025-PET-1000,WO-2728,2538611030272823,ISBM-003,3523,0.3089,1088.25
SO-11341,2025-09-24,CUST-010,Bottle,Blow Molding,FR-003-rPET-300,WO-2729,2538631030272924,ISBM-003,1444,0.2993,432.19
SO-11342,2025-09-26,CUST-014,Bottle,Blow Molding,FR-003-rPET-300,WO-2730,2538711030273025,ISBM-003,3045,0.1044,317.9
SO-11343,2025-09-24,CUST-014,Bottle,Blow Molding,FR-003-rPET-300,WO-2731,2538731030273126,ISBM-003,3123,0.0877,273.89
SO-11344,2025-09-25,CUST-001,Bottle,Blow Molding,FR-003-rPET-300,WO-2732,2539121030273227,ISBM-003,4179,0.3131,1308.44
SO-11345,2025-10-02,CUST-010,Bottle,Blow Molding,FR-006-rPET-330,WO-2733,2539211030273328,ISBM-003,3191,0.1536,490.14
SO-11346,2025-10-01,CUST-001,Bottle,Blow Molding,FR-021-rPET-750,WO-2734,2539311030273429,ISBM-003,2672,0.3429,916.23
SO-11347,2025-10-03,CUST-002,Bottle,Blow Molding,FR-025-PET-1000,WO-2735,2539321030273530,ISBM-003,2061,0.1631,336.15
SO-11348,2025-10-06,CUST-003,Bottle,Blow Molding,FR-003-rPET-300,WO-2736,2539421030273631,ISBM-003,3506,0.2133,747.83
SO-11349,2025-10-03,CUST-009,Bottle,Blow Molding,FR-003-rPET-300,WO-2737,2539511030273732,ISBM-003,3879,0.2492,966.65
SO-11350,2025-09-28,CUST-007,Bottle,Blow Molding,FR-006-rPET-330,WO-2738,2539631030273833,ISBM-003,3578,0.1083,387.5
SO-11351,2025-09-29,CUST-007,Bottle,Blow Molding,FR-006-rPET-330,WO-2739,2539621030273934,ISBM-003,2576,0.1348,347.24
SO-11352,2025-10-06,CUST-008,Bottle,Blow Molding,FR-025-PET-1000,WO-2740,2539721030274035,ISBM-003,2668,0.3438,917.26
SO-11353,2025-10-03,CUST-001,Bottle,BLOW MOLDING,FR-021-rPET-750,WO-2741,2540111030274136,ISBM-003,1251,0.328,410.33
SO-11354,2025-10-06,CUST-008,Bottle,Blow Molding,FR-025-PET-1000,WO-2742,2540211030274237,ISBM-003,4188,0.2588,1083.85
SO-11355,2025-10-08,CUST-008,Bottle,Blow Molding,FR-009-HDPE-350,WO-2744,2540331030274439,ISBM-003,3655,0.295,1078.22
SO-11356,2025-10-10,CUST-003,Bottle,Blow Molding,FR-009-PET-350,WO-2745,2540411030274540,ISBM-003,2621,0.3246,850.78
SO-11357,2025-10-10,CUST-007,Bottle,Blow Molding,FR-021-HDPE-750,WO-2746,2540511030274641,ISBM-003,5444,0.1777,967.4
SO-11358,2025-10-14,CUST-005,Bottle,BLOW MOLDING,FR-021-HDPE-750,WO-2747,2540631030274742,ISBM-003,3296,0.1469,484.18
SO-11359,2025-10-10,CUST-014,Bottle,Blow Molding,FR-021-HDPE-750,WO-2748,2540611030274843,ISBM-003,3410,0.2614,891.37
SO-11360,2025-10-07,CUST-005,Bottle,Blow Molding,FR-025-PET-1000,WO-2749,2540731030274944,ISBM-003,3211,0.235,754.58
SO-11361,2025-10-11,CUST-010,Bottle,Blow Molding,FR-021-rPET-750,WO-2750,2541131030275045,ISBM-003,2928,0.2122,621.32
SO-11362,2025-10-12,CUST-002,Bottle,  Blow Molding  ,FR-021-rPET-750,WO-2751,2541121030275146,ISBM-003,4169,0.1976,823.79
SO-11363,2025-10-14,CUST-007,Bottle,Blow Molding,FR-021-rPET-750,WO-2752,2541231030275247,ISBM-003,2818,0.3438,968.83
SO-11364,2025-10-15,CUST-008,Bottle,Blow Molding,FR-009-PETG-350,WO-2753,2541331030275348,ISBM-003,3146,0.2071,651.54
SO-11365,2025-10-11,CUST-011,Bottle,Blow Molding,FR-009-PETG-350,WO-2754,2541321030275449,ISBM-003,1362,0.1319,179.65
SO-11366,2025-10-18,CUST-011,Bottle,Blow Molding,FR-009-PET-350,WO-2755,2541411030275550,ISBM-003,3125,0.2113,660.31
SO-11367,2025-10-18,CUST-013,Bottle,Blow Molding,FR-009-PET-350,WO-2756,2541511030275651,ISBM-003,2232,0.2946,657.55
SO-11368,2025-10-13,CUST-004,Bottle,Blow Molding,FR-021-rPET-750,WO-2757,2541521030275752,ISBM-003,5124,0.3409,1746.77
SO-11369,2025-10-17,CUST-001,Bottle,Blow Molding,FR-021-rPET-750,WO-2758,2541621030275853,ISBM-003,3814,0.096,366.14
SO-11370,2025-10-20,CUST-002,Bottle,Blow Molding,FR-021-HDPE-750,WO-2760,2541731030276055,ISBM-003,4216,0.2555,1077.19
SO-11371,2025-10-24,CUST-003,Bottle,Blow Molding,FR-021-rPET-750,WO-2761,2542111030276156,ISBM-003,2427,0.1966,477.15
SO-11372,2025-10-24,CUST-004,Bottle,Blow Molding,FR-009-PET-350,WO-2762,2542231030276257,ISBM-003,3946,0.2621,1034.25
SO-11373,2025-10-26,CUST-006,Bottle,  Blow Molding  ,FR-025-PET-1000,WO-2764,2542311030276459,ISBM-003,3258,0.26,847.08
SO-11374,2025-10-25,CUST-003,Bottle,Blow Molding,FR-025-PET-1000,WO-2765,2542431030276560,ISBM-003,1988,0.1181,234.78
SO-11375,2025-10-20,CUST-009,Bottle,Blow Molding,FR-021-rPET-750,WO-2767,2542521030276762,ISBM-003,4166,0.3298,1373.95
SO-11376,2025-10-22,CUST-009,Bottle,Blow Molding,FR-006-rPET-330,WO-2768,2542611030276863,ISBM-003,1484,0.1972,292.64
SO-11377,2025-10-27,CUST-008,Bottle,Blow Molding,FR-006-rPET-330,WO-2769,2542621030276964,ISBM-003,2938,0.2175,639.01
SO-11378,2025-10-24,CUST-012,Bottle,Blow Molding,FR-021-rPET-750,WO-2771,2543131030277166,ISBM-003,3074,0.2194,674.44
SO-11379,2025-11-01,CUST-009,Bottle,BLOW MOLDING,FR-021-rPET-750,WO-2772,2543131030277267,ISBM-003,1864,0.2182,406.72
SO-11380,2025-10-23,CUST-008,Bottle,Blow Molding,FR-006-rPET-330,WO-2773,2543231030277368,ISBM-003,3270,0.2992,978.38
SO-11381,2025-11-01,CUST-005,Bottle,Blow Molding,FR-021-rPET-750,WO-2777,2543511030277772,ISBM-003,3391,0.261,885.05
SO-11382,2025-11-05,CUST-014,Bottle,blow molding,FR-021-rPET-750,WO-2778,2543611030277873,ISBM-003,3241,0.2536,821.92
SO-11383,2025-11-02,CUST-001,Bottle,Blow Molding,FR-021-rPET-750,WO-2779,2543711030277974,ISBM-003,3216,0.1276,410.36
SO-11384,2025-11-03,CUST-008,Bottle,Blow Molding,FR-021-rPET-750,WO-2780,2544131030278075,ISBM-003,3851,0.0849,326.95
SO-11385,2025-10-29,CUST-006,Bottle,BLOW MOLDING,FR-021-rPET-750,WO-2781,2544111030278176,ISBM-003,1782,0.236,420.55
SO-11386,2025-11-05,CUST-004,Bottle,Blow Molding,FR-003-rPET-300,WO-2782,2544211030278277,ISBM-003,3324,0.1096,364.31
SO-11387,2025-10-31,CUST-010,Bottle,Blow Molding,FR-003-rPET-300,WO-2783,2544331030278378,ISBM-003,3064,0.1791,548.76
SO-11388,2025-11-10,CUST-005,Bottle,Blow Molding,FR-021-HDPE-750,WO-2784,2544321030278479,ISBM-003,5722,0.1483,848.57
SO-11389,2025-11-06,CUST-002,Bottle,Blow Molding,FR-009-HDPE-PCR-350,WO-2785,2544421030278580,ISBM-003,4720,0.0993,468.7
SO-11390,2025-11-03,CUST-003,Bottle,Blow Molding,FR-009-HDPE-PCR-350,WO-2786,2544511030278681,ISBM-003,4323,0.2177,941.12
SO-11391,2025-11-10,CUST-003,Bottle,Blow Molding,FR-021-HDPE-750,WO-2788,2544621030278883,ISBM-003,1978,0.1499,296.5
SO-11392,2025-11-11,CUST-014,Bottle,Blow Molding,FR-025-PET-1000,WO-2793,2545311030279388,ISBM-003,2184,0.2619,571.99
SO-11393,2025-11-09,CUST-014,Bottle,Blow Molding,FR-025-PET-1000,WO-2794,2545321030279489,ISBM-003,3737,0.3398,1269.83
SO-11394,2025-11-15,CUST-007,Bottle,Blow Molding,FR-006-rPET-330,WO-2796,2545511030279691,ISBM-003,3422,0.0883,302.16
SO-11395,2025-11-17,CUST-013,Bottle,Blow Molding,FR-025-PET-1000,WO-2797,2545631030279792,ISBM-003,1057,0.244,257.91
SO-11396,2025-11-19,CUST-010,Bottle,Blow Molding,FR-021-rPET-750,WO-2798,2545621030279893,ISBM-003,4192,0.2995,1255.5
SO-11397,2025-11-17,CUST-012,Bottle,Blow Molding,FR-021-rPET-750,WO-2799,2545731030279994,ISBM-003,3227,0.1326,427.9
SO-11398,2025-11-20,CUST-008,Bottle,Blow Molding,FR-025-PET-1000,WO-2800,2546131030280095,ISBM-003,2526,0.1336,337.47
SO-11399,2025-11-13,CUST-003,Bottle,  Blow Molding  ,FR-021-rPET-750,WO-2801,2546111030280196,ISBM-003,7398,0.1603,1185.9
SO-11400,2025-11-21,CUST-009,Bottle,Blow Molding,FR-006-rPET-330,WO-2802,2546221030280297,ISBM-003,3774,0.3175,1198.25
SO-11401,2025-11-23,CUST-009,Bottle,Blow Molding,FR-006-rPET-330,WO-2803,2546311030280398,ISBM-003,4190,0.2238,937.72
SO-11402,2025-11-17,CUST-007,Bottle,Blow Molding,FR-006-rPET-330,WO-2807,2546611030280703,ISBM-003,1656,0.2083,344.94
SO-11403,2025-11-26,CUST-010,Bottle,Blow Molding,FR-025-PET-1000,WO-2808,2546711030280804,ISBM-003,943,0.2357,222.27
SO-11404,2025-11-21,CUST-013,Bottle,Blow Molding,FR-025-PET-1000,WO-2809,2547131030280905,ISBM-003,1197,0.238,284.89
SO-11405,2025-11-25,CUST-013,Bottle,  Blow Molding  ,FR-025-PET-1000,WO-2811,2547211030281107,ISBM-003,3200,0.3134,1002.88
SO-11406,2025-11-28,CUST-005,Bottle,Blow Molding,FR-003-rPET-300,WO-2813,2547431030281309,ISBM-003,3869,0.2347,908.05
SO-11407,2025-11-30,CUST-010,Bottle,Blow Molding,FR-025-PET-1000,WO-2814,2547421030281410,ISBM-003,1707,0.0832,142.02
SO-11408,2025-12-03,CUST-013,Bottle,  Blow Molding  ,FR-025-PET-1000,WO-2816,2547611030281612,ISBM-003,1105,0.1013,111.94
SO-11409,2025-12-01,CUST-014,Bottle,Blow Molding,FR-025-PET-1000,WO-2817,2547631030281713,ISBM-003,4733,0.3375,1597.39
SO-11410,2025-11-28,CUST-012,Bottle,BLOW MOLDING,FR-025-PET-1000,WO-2818,2547721030281814,ISBM-003,1929,0.1183,228.2
SO-11411,2025-12-05,CUST-006,Bottle,Blow Molding,FR-021-HDPE-750,WO-2821,2548221030282117,ISBM-003,3951,0.2015,796.13
SO-11412,2025-12-08,CUST-011,Bottle,BLOW MOLDING,FR-021-HDPE-750,WO-2822,2548311030282218,ISBM-003,5176,0.1574,814.7
SO-11413,2025-12-05,CUST-014,Bottle,Blow Molding,FR-006-rPET-330,WO-2823,2548431030282319,ISBM-003,2909,0.1839,534.97
SO-11414,2025-12-05,CUST-002,Bottle,Blow Molding,FR-006-rPET-330,WO-2824,2548531030282420,ISBM-003,3423,0.156,533.99
SO-11415,2025-12-08,CUST-007,Bottle,Blow Molding,FR-009-PETG-350,WO-2827,2548621030282723,ISBM-003,2697,0.1413,381.09
SO-11416,2025-12-11,CUST-007,Bottle,Blow Molding,FR-006-rPET-330,WO-2828,2548711030282824,ISBM-003,3932,0.19,747.08
SO-11417,2025-12-09,CUST-013,Bottle,Blow Molding,FR-025-PET-1000,WO-2833,2549321030283329,ISBM-003,2988,0.2254,673.5
SO-11418,2025-12-12,CUST-004,Bottle,Blow Molding,FR-025-PET-1000,WO-2834,2549411030283430,ISBM-003,3668,0.1458,534.79
SO-11419,2025-12-13,CUST-001,Bottle,Blow Molding,FR-025-PET-1000,WO-2835,2549511030283531,ISBM-003,1326,0.2691,356.83
SO-11420,2025-12-16,CUST-007,Bottle,Blow Molding,FR-009-PET-350,WO-2837,2549611030283733,ISBM-003,2213,0.3252,719.67
SO-11421,2025-12-09,CUST-001,Bottle,Blow Molding,FR-009-PET-350,WO-2838,2549711030283834,ISBM-003,1839,0.1223,224.91
SO-11422,2025-12-10,CUST-010,Bottle,Blow Molding,FR-009-PET-350,WO-2839,2549721030283935,ISBM-003,1954,0.2411,471.11
SO-11423,2025-12-17,CUST-012,Bottle,blow molding,FR-003-rPET-300,WO-2840,2550111030284036,ISBM-003,1340,0.1607,215.34
SO-11424,2025-12-10,CUST-013,Bottle,Blow Molding,FR-003-rPET-300,WO-2841,2550211030284137,ISBM-003,2733,0.1691,462.15
SO-11425,2025-12-13,CUST-012,Bottle,Blow Molding,FR-003-rPET-300,WO-2842,2550231030284238,ISBM-003,7049,0.0946,666.84
SO-11426,2025-12-20,CUST-012,Bottle,Blow Molding,FR-009-HDPE-PCR-350,WO-2843,2550331030284339,ISBM-003,4497,0.1858,835.54
SO-11427,2025-12-17,CUST-001,Bottle,Blow Molding,FR-009-HDPE-PCR-350,WO-2844,2550411030284440,ISBM-003,1158,0.2177,252.1
SO-11428,2025-12-22,CUST-010,Bottle,Blow Molding,FR-021-HDPE-750,WO-2847,2550611030284743,ISBM-003,5213,0.2491,1298.56
SO-11429,2025-12-15,CUST-010,Bottle,Blow Molding,FR-025-PET-1000,WO-2848,2550731030284844,ISBM-003,1979,0.2907,575.3
SO-11430,2025-12-17,CUST-009,Bottle,Blow Molding,FR-021-HDPE-750,WO-2849,2550721030284945,ISBM-003,2542,0.1231,312.92
SO-11431,2025-12-22,CUST-011,Bottle,Blow Molding,FR-021-HDPE-750,WO-2851,2551121030285147,ISBM-003,2826,0.1855,524.22
SO-11432,2025-12-24,CUST-011,Bottle,Blow Molding,FR-006-rPET-330,WO-2852,2551211030285248,ISBM-003,2707,0.2112,571.72
SO-11433,2025-12-27,CUST-009,Bottle,Blow Molding,FR-025-PET-1000,WO-2853,2551331030285349,ISBM-003,1686,0.0936,157.81
SO-11434,2025-12-29,CUST-005,Bottle,Blow Molding,FR-025-PET-1000,WO-2854,2551321030285450,ISBM-003,2100,0.1676,351.96
SO-11435,2025-12-23,CUST-009,Bottle,Blow Molding,FR-025-PET-1000,WO-2855,2551411030285551,ISBM-003,2895,0.2949,853.74
SO-11436,2025-12-23,CUST-011,Bottle,BLOW MOLDING,FR-006-rPET-330,WO-2856,2551531030285652,ISBM-003,6513,0.2733,1780.0
SO-11437,2025-12-22,CUST-012,Bottle,Blow Molding,FR-021-HDPE-750,WO-2857,2551631030285753,ISBM-003,2838,0.1615,458.34
SO-11438,2025-12-26,CUST-012,Bottle,Blow Molding,FR-021-HDPE-750,WO-2858,2551611030285854,ISBM-003,3820,0.2024,773.17
SO-11439,2025-12-27,CUST-010,Bottle,Blow Molding,FR-021-rPET-750,WO-2859,2551731030285955,ISBM-003,511,0.2451,125.25
SO-11440,2025-12-28,CUST-009,Bottle,Blow Molding,FR-003-rPET-300,WO-2860,2551731030286056,ISBM-003,4154,0.1858,771.81
SO-11441,2025-12-31,CUST-005,Bottle,Blow Molding,FR-009-HDPE-350,WO-2861,2552121030286157,ISBM-003,2389,0.1398,333.98
SO-11442,2025-12-28,CUST-008,Bottle,Blow Molding,FR-009-HDPE-350,WO-2862,2552211030286258,ISBM-003,3704,0.1055,390.77
SO-11443,2026-01-05,CUST-001,Bottle,Blow Molding,FR-025-PET-1000,WO-2864,2552431030286460,ISBM-003,2982,0.1089,324.74
SO-11444,2026-01-03,CUST-002,Bottle,BLOW MOLDING,FR-006-rPET-330,WO-2865,2552431030286561,ISBM-003,2386,0.303,722.96
SO-11445,2025-12-29,CUST-008,Bottle,Blow Molding,FR-006-rPET-330,WO-2868,2552621030286864,ISBM-003,8245,0.3104,2559.25
SO-11446,2025-12-31,CUST-005,Bottle,Blow Molding,FR-006-rPET-330,WO-2870,2501111030287066,ISBM-003,4175,0.1083,452.15
SO-11447,2025-12-31,CUST-013,Bottle,blow molding,FR-021-rPET-750,WO-2871,2501231030287167,ISBM-003,1765,0.1573,277.63
SO-11448,2026-01-08,CUST-002,Bottle,Blow Molding,FR-021-rPET-750,WO-2872,2501211030287268,ISBM-003,3370,0.1887,635.92
SO-11449,2026-01-09,CUST-004,Bottle,Blow Molding,FR-021-rPET-750,WO-2873,2501331030287369,ISBM-003,2805,0.1799,504.62
SO-11450,2026-01-05,CUST-004,Bottle,blow molding,FR-003-rPET-300,WO-2875,2601431030287571,ISBM-003,3350,0.2281,764.13
SO-11451,2026-01-13,CUST-003,Bottle,Blow Molding,FR-025-PET-1000,WO-2876,2601531030287672,ISBM-003,1662,0.1879,312.29
SO-11452,2026-01-13,CUST-013,Bottle,Blow Molding,FR-025-PET-1000,WO-2878,2601521030287874,ISBM-003,1816,0.2839,515.56
SO-11453,2026-01-05,CUST-004,Bottle,Blow Molding,FR-021-HDPE-750,WO-2879,2601611030287975,ISBM-003,2441,0.1662,405.69
SO-11454,2026-01-15,CUST-003,Bottle,Blow Molding,FR-025-PET-1000,WO-2880,2601731030288076,ISBM-003,1990,0.1354,269.45
SO-11455,2026-01-13,CUST-004,Bottle,Blow Molding,FR-025-PET-1000,WO-2881,2602131030288177,ISBM-003,1891,0.1893,357.97
SO-11456,2026-01-08,CUST-013,Bottle,Blow Molding,FR-009-HDPE-350,WO-2882,2602121030288278,ISBM-003,1424,0.193,274.83
SO-11457,2026-01-07,CUST-010,Bottle,Blow Molding,FR-025-PET-1000,WO-2883,2602231030288379,ISBM-003,1468,0.2223,326.34
SO-11458,2026-01-13,CUST-005,Bottle,Blow Molding,FR-025-PET-1000,WO-2884,2602221030288480,ISBM-003,1081,0.289,312.41
SO-11459,2026-01-09,CUST-003,Bottle,Blow Molding,FR-009-HDPE-PCR-350,WO-2886,2602331030288682,ISBM-003,2311,0.1466,338.79
SO-11460,2026-01-19,CUST-011,Bottle,blow molding,FR-009-HDPE-PCR-350,WO-2888,2602511030288884,ISBM-003,3448,0.3194,1101.29
SO-11461,2026-01-20,CUST-003,Bottle,Blow Molding,FR-021-HDPE-750,WO-2890,2602631030289086,ISBM-003,5510,0.3344,1842.54
SO-11462,2026-01-21,CUST-011,Bottle,Blow Molding,FR-021-HDPE-750,WO-2891,2602721030289187,ISBM-003,3465,0.0963,333.68
SO-11463,2026-01-23,CUST-003,Bottle,Blow Molding,FR-021-HDPE-750,WO-2892,2603111030289288,ISBM-003,4399,0.2818,1239.64
SO-11464,2026-01-17,CUST-004,Bottle,blow molding,FR-009-HDPE-PCR-350,WO-2893,2603131030289389,ISBM-003,4038,0.2044,825.37
SO-11465,2026-01-19,CUST-002,Bottle,Blow Molding,FR-009-HDPE-PCR-350,WO-2894,2603221030289490,ISBM-003,1950,0.348,678.6
SO-11466,2026-01-24,CUST-008,Bottle,Blow Molding,FR-006-rPET-330,WO-2895,2603311030289591,ISBM-003,3400,0.2971,1010.14
SO-11467,2026-01-25,CUST-012,Bottle,Blow Molding,FR-025-PET-1000,WO-2897,2603421030289793,ISBM-003,2210,0.1298,286.86
SO-11468,2026-01-22,CUST-004,Bottle,Blow Molding,FR-025-PET-1000,WO-2899,2603631030289995,ISBM-003,3555,0.2914,1035.93
SO-11469,2026-01-28,CUST-011,Bottle,Blow Molding,FR-006-rPET-330,WO-2900,2603621030290096,ISBM-003,4331,0.1015,439.6
SO-11470,2026-01-25,CUST-007,Bottle,Blow Molding,FR-006-rPET-330,WO-2901,2603711030290197,ISBM-003,6710,0.3369,2260.6
SO-11471,2026-01-31,CUST-001,Bottle,Blow Molding,FR-003-rPET-300,WO-2904,2604211030290401,ISBM-003,2477,0.1675,414.9
SO-11472,2026-01-31,CUST-007,Bottle,Blow Molding,FR-006-rPET-330,WO-2905,2604331030290502,ISBM-003,2421,0.1269,307.22
SO-11473,2026-01-29,CUST-010,Bottle,BLOW MOLDING,FR-006-rPET-330,WO-2906,2604431030290603,ISBM-003,2957,0.1718,508.01
SO-11474,2026-01-29,CUST-005,Bottle,Blow Molding,FR-025-PET-1000,WO-2907,2604421030290704,ISBM-003,2216,0.2069,458.49
SO-11475,2026-01-29,CUST-009,Bottle,  Blow Molding  ,FR-025-PET-1000,WO-2908,2604531030290805,ISBM-003,2760,0.1342,370.39
SO-11476,2026-02-01,CUST-003,Bottle,Blow Molding,FR-025-PET-1000,WO-2909,2604631030290906,ISBM-003,3524,0.3092,1089.62
SO-11477,2026-01-31,CUST-005,Bottle,BLOW MOLDING,FR-006-rPET-330,WO-2910,2604621030291007,ISBM-003,2626,0.321,842.95
SO-11478,2026-02-05,CUST-008,Bottle,Blow Molding,FR-006-rPET-330,WO-2911,2604711030291108,ISBM-003,3253,0.2878,936.21
SO-11479,2026-02-01,CUST-012,Bottle,Blow Molding,FR-025-PET-1000,WO-2914,2605211030291411,ISBM-003,2053,0.1632,335.05
SO-11480,2026-01-30,CUST-012,Bottle,BLOW MOLDING,FR-025-PET-1000,WO-2915,2605221030291512,ISBM-003,3524,0.2291,807.35
SO-11481,2026-02-01,CUST-008,Bottle,Blow Molding,FR-025-PET-1000,WO-2916,2605321030291613,ISBM-003,2869,0.1647,472.52
SO-11482,2026-02-10,CUST-005,Bottle,Blow Molding,FR-009-HDPE-350,WO-2917,2605411030291714,ISBM-003,5969,0.1356,809.4
SO-11483,2026-02-05,CUST-004,Bottle,Blow Molding,FR-021-HDPE-750,WO-2918,2605511030291815,ISBM-003,2765,0.2397,662.77
SO-11484,2026-02-02,CUST-001,Bottle,Blow Molding,FR-021-HDPE-750,WO-2919,2605521030291916,ISBM-003,5771,0.3179,1834.6
SO-11485,2026-02-07,CUST-012,Bottle,Blow Molding,FR-021-HDPE-750,WO-2920,2605621030292017,ISBM-003,2872,0.2461,706.8
SO-11486,2026-02-11,CUST-003,Bottle,Blow Molding,FR-003-rPET-300,WO-2921,2605731030292118,ISBM-003,3619,0.3247,1175.09
SO-11487,2026-02-06,CUST-001,Bottle,Blow Molding,FR-003-rPET-300,WO-2922,2605721030292219,ISBM-003,3391,0.29,983.39
SO-11488,2026-02-11,CUST-010,Bottle,Blow Molding,FR-025-PET-1000,WO-2925,2606231030292522,ISBM-003,1554,0.2064,320.75
SO-11489,2026-02-11,CUST-008,Bottle,Blow Molding,FR-003-rPET-300,WO-2929,2606511030292926,ISBM-003,3934,0.2457,966.58
SO-11490,2026-02-12,CUST-007,Bottle,Blow Molding,FR-006-rPET-330,WO-2931,2606621030293128,ISBM-003,4932,0.3485,1718.8
SO-11491,2026-02-19,CUST-013,Bottle,Blow Molding,FR-021-HDPE-750,WO-2932,2606711030293229,ISBM-003,4730,0.2915,1378.79
SO-11492,2026-02-16,CUST-011,Bottle,blow molding,FR-009-PET-350,WO-2933,2607131030293330,ISBM-003,3807,0.1193,454.18
SO-11493,2026-02-13,CUST-006,Bottle,Blow Molding,FR-009-PET-350,WO-2934,2607231030293431,ISBM-003,2525,0.1642,414.61
SO-11494,2026-02-23,CUST-006,Bottle,  Blow Molding  ,FR-003-rPET-300,WO-2938,2607421030293835,ISBM-003,2541,0.231,586.97
SO-11495,2026-02-15,CUST-007,Bottle,Blow Molding,FR-003-rPET-300,WO-2939,2607511030293936,ISBM-003,2678,0.3099,829.91
SO-11496,2026-02-24,CUST-001,Bottle,Blow Molding,FR-025-PET-1000,WO-2941,2607621030294138,ISBM-003,4667,0.1166,544.17
SO-11497,2026-02-18,CUST-010,Bottle,Blow Molding,FR-025-PET-1000,WO-2942,2607721030294239,ISBM-003,2698,0.3421,922.99
SO-11498,2026-02-20,CUST-002,Bottle,Blow Molding,FR-003-rPET-300,WO-2943,2608111030294340,ISBM-003,4635,0.2441,1131.4
SO-11499,2026-02-25,CUST-002,Bottle,Blow Molding,FR-021-HDPE-750,WO-2944,2608231030294441,ISBM-003,3958,0.1445,571.93
SO-11500,2026-02-28,CUST-013,Bottle,Blow Molding,FR-006-rPET-330,WO-2945,2608221030294542,ISBM-003,5329,0.1135,604.84
SO-11501,2026-03-01,CUST-009,Bottle,blow molding,FR-009-rPET-350,WO-2947,2608321030294744,ISBM-003,2345,0.1188,278.59
SO-11502,2026-02-21,CUST-007,Bottle,Blow Molding,FR-009-rPET-350,WO-2948,2608411030294845,ISBM-003,3117,0.2809,875.57
SO-11503,2026-03-02,CUST-006,Bottle,Blow Molding,FR-003-rPET-300,WO-2949,2608431030294946,ISBM-003,1584,0.0956,151.43
SO-11504,2026-03-03,CUST-013,Bottle,Blow Molding,FR-006-rPET-330,WO-2952,2608711030295249,ISBM-003,2989,0.2677,800.16
SO-11505,2026-02-25,CUST-001,Bottle,Blow Molding,FR-006-rPET-330,WO-2953,2609131030295350,ISBM-003,2759,0.3005,829.08
SO-11506,2026-03-09,CUST-014,Bottle,Blow Molding,FR-009-PET-350,WO-2957,2609321030295754,ISBM-003,2171,0.1725,374.5
SO-11507,2026-03-07,CUST-001,Bottle,Blow Molding,FR-009-PET-350,WO-2958,2609431030295855,ISBM-003,5889,0.2955,1740.2
SO-11508,2026-03-04,CUST-004,Bottle,Blow Molding,FR-009-PET-350,WO-2959,2609431030295956,ISBM-003,1512,0.0915,138.35
SO-11509,2026-03-10,CUST-006,Bottle,Blow Molding,FR-003-rPET-300,WO-2960,2609521030296057,ISBM-003,3564,0.3195,1138.7
SO-11510,2026-03-07,CUST-003,Bottle,Blow Molding,FR-003-rPET-300,WO-2961,2609631030296158,ISBM-003,4102,0.1567,642.78
SO-11511,2026-03-03,CUST-014,Bottle,Blow Molding,FR-003-rPET-300,WO-2962,2609631030296259,ISBM-003,1540,0.2366,364.36
SO-11512,2026-03-11,CUST-001,Bottle,Blow Molding,FR-025-PET-1000,WO-2965,2610121030296562,ISBM-003,3414,0.1,341.4
SO-11513,2026-03-09,CUST-010,Bottle,blow molding,FR-006-rPET-330,WO-2966,2610221030296663,ISBM-003,4812,0.1339,644.33
SO-11514,2026-03-06,CUST-005,Bottle,Blow Molding,FR-006-rPET-330,WO-2967,2610321030296764,ISBM-003,3039,0.2379,722.98
SO-11515,2026-03-09,CUST-004,Bottle,Blow Molding,FR-003-rPET-300,WO-2968,2610411030296865,ISBM-003,2218,0.3128,693.79
SO-11516,2026-03-12,CUST-006,Bottle,blow molding,FR-009-HDPE-350,WO-2969,2610531030296966,ISBM-003,4615,0.2747,1267.74
SO-11517,2026-03-08,CUST-008,Bottle,Blow Molding,FR-009-HDPE-350,WO-2970,2610521030297067,ISBM-003,3241,0.1318,427.16
SO-11518,2026-03-17,CUST-003,Bottle,Blow Molding,FR-021-HDPE-750,WO-2971,2610611030297168,ISBM-003,6298,0.1304,821.26
SO-11519,2026-03-13,CUST-005,Bottle,Blow Molding,FR-003-rPET-300,WO-2976,2611321030297673,ISBM-003,8837,0.3222,2847.28
SO-11520,2026-03-19,CUST-008,Bottle,BLOW MOLDING,FR-009-HDPE-350,WO-2977,2611421030297774,ISBM-003,3891,0.1888,734.62
SO-11521,2026-03-25,CUST-005,Bottle,Blow Molding,FR-009-HDPE-350,WO-2979,2611521030297976,ISBM-003,4605,0.1768,814.16
SO-11522,2026-03-18,CUST-014,Bottle,Blow Molding,FR-009-HDPE-350,WO-2980,2611611030298077,ISBM-003,4328,0.2608,1128.74
SO-11523,2026-03-16,CUST-007,Bottle,Blow Molding,FR-021-rPET-750,WO-2981,2611731030298178,ISBM-003,2056,0.253,520.17
SO-11524,2026-03-26,CUST-011,Bottle,Blow Molding,FR-021-rPET-750,WO-2982,2611721030298279,ISBM-003,4565,0.3136,1431.58
SO-11525,2026-03-25,CUST-007,Bottle,Blow Molding,FR-021-rPET-750,WO-2983,2612121030298380,ISBM-003,4174,0.2276,950.0
SO-11526,2026-03-19,CUST-002,Bottle,Blow Molding,FR-003-rPET-300,WO-2985,2612231030298582,ISBM-003,5699,0.1881,1071.98
SO-11527,2026-03-25,CUST-012,Bottle,Blow Molding,FR-009-PET-350,WO-2990,2612531030299087,ISBM-003,4365,0.1274,556.1
SO-11528,2026-03-26,CUST-001,Bottle,Blow Molding,FR-021-rPET-750,WO-2993,2613121030299390,ISBM-003,4649,0.1906,886.1
SO-11529,2026-03-31,CUST-005,Bottle,Blow Molding,FR-021-rPET-750,WO-2994,2613211030299491,ISBM-003,1275,0.3201,408.13
SO-11530,2026-03-27,CUST-008,Bottle,Blow Molding,FR-009-PETG-350,WO-2995,2613331030299592,ISBM-003,4579,0.2104,963.42
SO-11531,2026-04-04,CUST-008,Bottle,Blow Molding,FR-009-PET-350,WO-2996,2613431030299693,ISBM-003,4101,0.3076,1261.47
SO-11532,2026-03-28,CUST-013,Bottle,Blow Molding,FR-009-PET-350,WO-2997,2613421030299794,ISBM-003,3030,0.218,660.54
SO-11533,2026-03-29,CUST-012,Bottle,Blow Molding,FR-021-HDPE-750,WO-2998,2613511030299895,ISBM-003,1979,0.2718,537.89
SO-11534,2026-03-29,CUST-013,Bottle,Blow Molding,FR-021-HDPE-750,WO-2999,2613611030299996,ISBM-003,1712,0.3309,566.5
SO-11535,2026-04-03,CUST-010,Bottle,Blow Molding,FR-006-rPET-330,WO-3000,2613631030300097,ISBM-003,4038,0.1015,409.86
SO-11536,2026-04-09,CUST-014,Bottle,Blow Molding,FR-021-HDPE-750,WO-3002,2614111030300299,ISBM-003,4563,0.2755,1257.11
SO-11537,2026-04-11,CUST-002,Bottle,Blow Molding,FR-021-HDPE-750,WO-3003,2614231030300301,ISBM-003,5620,0.3291,1849.54
SO-11538,2026-04-10,CUST-006,Bottle,Blow Molding,FR-025-PET-1000,WO-3009,2614631030300907,ISBM-003,3066,0.2652,813.1
SO-11539,2026-04-06,CUST-011,Bottle,Blow Molding,FR-003-rPET-300,WO-3010,2614621030301008,ISBM-003,3881,0.3035,1177.88
SO-11540,2026-04-10,CUST-013,Bottle,Blow Molding,FR-003-rPET-300,WO-3011,2614711030301109,ISBM-003,2549,0.1784,454.74
SO-11541,2026-04-08,CUST-001,Bottle,Blow Molding,FR-009-HDPE-350,WO-3013,2615211030301311,ISBM-003,6383,0.2588,1651.92
SO-11542,2026-04-16,CUST-007,Bottle,Blow Molding,FR-025-PET-1000,WO-3014,2615331030301412,ISBM-003,2938,0.1111,326.41
SO-11543,2026-04-19,CUST-002,Bottle,Blow Molding,FR-003-rPET-300,WO-3015,2615321030301513,ISBM-003,5646,0.2915,1645.81
SO-11544,2026-04-21,CUST-014,Bottle,Blow Molding,FR-006-rPET-330,WO-3016,2615411030301614,ISBM-003,3642,0.3044,1108.62
SO-11545,2026-04-21,CUST-006,Bottle,Blow Molding,FR-003-rPET-300,WO-3017,2615511030301715,ISBM-003,3882,0.2207,856.76
SO-11546,2026-04-14,CUST-010,Bottle,Blow Molding,FR-003-rPET-300,WO-3018,2615611030301816,ISBM-003,2722,0.1974,537.32
SO-11547,2026-04-16,CUST-010,Bottle,Blow Molding,FR-025-PET-1000,WO-3019,2615731030301917,ISBM-003,1150,0.3149,362.13
SO-11548,2026-04-15,CUST-005,Bottle,Blow Molding,FR-021-HDPE-750,WO-3020,2615721030302018,ISBM-003,5318,0.2624,1395.44
SO-11549,2026-04-21,CUST-014,Bottle,Blow Molding,FR-021-HDPE-750,WO-3021,2616111030302119,ISBM-003,2364,0.2482,586.74
SO-11550,2026-04-15,CUST-009,Bottle,Blow Molding,FR-021-HDPE-750,WO-3022,2616231030302220,ISBM-003,1046,0.0918,96.02
SO-11551,2026-04-16,CUST-008,Bottle,  Blow Molding  ,FR-006-rPET-330,WO-3023,2616221030302321,ISBM-003,3720,0.3185,1184.82
SO-11552,2026-04-27,CUST-001,Bottle,Blow Molding,FR-006-rPET-330,WO-3024,2616321030302422,ISBM-003,3891,0.2075,807.38
SO-11553,2026-04-18,CUST-010,Bottle,Blow Molding,FR-006-rPET-330,WO-3025,2616431030302523,ISBM-003,2231,0.3423,763.67
SO-11554,2026-04-25,CUST-007,Bottle,Blow Molding,FR-003-rPET-300,WO-3026,2616421030302624,ISBM-003,2163,0.3179,687.62
SO-11555,2026-04-26,CUST-010,Bottle,Blow Molding,FR-003-rPET-300,WO-3027,2616511030302725,ISBM-003,3268,0.244,797.39
SO-11556,2026-04-22,CUST-014,Bottle,Blow Molding,FR-025-PET-1000,WO-3028,2616531030302826,ISBM-003,326,0.2385,77.75
SO-11557,2026-04-30,CUST-013,Bottle,Blow Molding,FR-025-PET-1000,WO-3029,2616611030302927,ISBM-003,1551,0.2784,431.8
SO-11558,2026-04-29,CUST-005,Bottle,Blow Molding,FR-025-PET-1000,WO-3030,2616711030303028,ISBM-003,1340,0.1262,169.11
SO-11559,2026-04-29,CUST-014,Bottle,Blow Molding,FR-021-rPET-750,WO-3031,2616721030303129,ISBM-003,4212,0.2567,1081.22
SO-11560,2026-04-28,CUST-011,Bottle,Blow Molding,FR-021-rPET-750,WO-3032,2617131030303230,ISBM-003,3921,0.1231,482.68
SO-11561,2026-05-02,CUST-005,Bottle,Blow Molding,FR-021-rPET-750,WO-3033,2617211030303331,ISBM-003,5930,0.1124,666.53
SO-11562,2026-04-29,CUST-007,Bottle,Blow Molding,FR-003-rPET-300,WO-3042,2618211030304240,ISBM-003,1538,0.1645,253.0
SO-11563,2026-05-05,CUST-005,Bottle,Blow Molding,FR-003-rPET-300,WO-3043,2618231030304341,ISBM-003,4644,0.1336,620.44
SO-11564,2026-05-08,CUST-003,Bottle,Blow Molding,FR-025-PET-1000,WO-3044,2618321030304442,ISBM-003,2316,0.2858,661.91
SO-11565,2026-05-04,CUST-003,Bottle,Blow Molding,FR-025-PET-1000,WO-3045,2618411030304543,ISBM-003,2418,0.0878,212.3
SO-11566,2026-05-02,CUST-012,Bottle,Blow Molding,FR-006-rPET-330,WO-3046,2618531030304644,ISBM-003,3552,0.3433,1219.4
SO-11567,2026-05-04,CUST-007,Bottle,Blow Molding,FR-006-rPET-330,WO-3047,2618521030304745,ISBM-003,3558,0.2463,876.34
SO-11568,2026-05-10,CUST-011,Bottle,Blow Molding,FR-021-HDPE-750,WO-3048,2618611030304846,ISBM-003,4240,0.1395,591.48
SO-11569,2026-05-12,CUST-003,Bottle,Blow Molding,FR-021-HDPE-750,WO-3049,2618631030304947,ISBM-003,2285,0.0814,186.0
SO-11570,2026-05-12,CUST-006,Bottle,Blow Molding,FR-021-HDPE-750,WO-3050,2618711030305048,ISBM-003,4026,0.1686,678.78
SO-11571,2026-05-08,CUST-014,Bottle,Blow Molding,FR-009-PET-350,WO-3051,2619111030305149,ISBM-003,5362,0.2136,1145.32
SO-11572,2026-05-13,CUST-005,Bottle,Blow Molding,FR-025-PET-1000,WO-3056,2619431030305654,ISBM-003,1000,0.1546,154.6
SO-11573,2026-05-11,CUST-010,Bottle,Blow Molding,FR-009-HDPE-PCR-350,WO-3057,2619531030305755,ISBM-003,2673,0.2686,717.97
SO-11574,2026-05-14,CUST-004,Bottle,Blow Molding,FR-009-HDPE-PCR-350,WO-3058,2619611030305856,ISBM-003,2035,0.1972,401.3
SO-11575,2026-05-12,CUST-004,Bottle,Blow Molding,FR-003-rPET-300,WO-3059,2619731030305957,ISBM-003,3560,0.1013,360.63
SO-11576,2026-05-22,CUST-012,Bottle,Blow Molding,FR-003-rPET-300,WO-3060,2619721030306058,ISBM-003,5499,0.2523,1387.4
SO-11577,2026-05-19,CUST-002,Bottle,Blow Molding,FR-003-rPET-300,WO-3061,2620111030306159,ISBM-003,3479,0.209,727.11
SO-11578,2026-05-18,CUST-005,Bottle,Blow Molding,FR-006-rPET-330,WO-3062,2620121030306260,ISBM-003,4573,0.1208,552.42
SO-11579,2026-05-17,CUST-008,Bottle,Blow Molding,FR-009-PET-350,WO-3065,2620431030306563,ISBM-003,3957,0.0936,370.38
SO-11580,2026-05-25,CUST-010,Bottle,Blow Molding,FR-009-rPET-350,WO-3066,2620531030306664,ISBM-003,3086,0.1632,503.64
SO-11581,2026-05-19,CUST-014,Bottle,Blow Molding,FR-009-rPET-350,WO-3067,2620511030306765,ISBM-003,4701,0.1278,600.79
SO-11582,2026-05-23,CUST-005,Bottle,Blow Molding,FR-025-PET-1000,WO-3071,2621121030307169,ISBM-003,1511,0.1222,184.64
SO-11583,2026-05-27,CUST-003,Bottle,Blow Molding,FR-025-PET-1000,WO-3072,2621211030307270,ISBM-003,3047,0.142,432.67
SO-11584,2026-05-28,CUST-006,Bottle,Blow Molding,FR-025-PET-1000,WO-3073,2621331030307371,ISBM-003,1708,0.3438,587.21
SO-11585,2026-06-04,CUST-014,Bottle,Blow Molding,FR-003-rPET-300,WO-3078,2621611030307876,ISBM-003,708,0.1414,100.11
SO-11586,2026-05-28,CUST-010,Bottle,Blow Molding,FR-025-PET-1000,WO-3079,2621731030307977,ISBM-003,2750,0.1429,392.98
SO-11587,2026-05-27,CUST-001,Bottle,Blow Molding,FR-025-PET-1000,WO-3081,2622111030308179,ISBM-003,1904,0.2934,558.63
SO-11588,2026-06-03,CUST-002,Bottle,Blow Molding,FR-025-PET-1000,WO-3082,2622131030308280,ISBM-003,709,0.1192,84.51
SO-11589,2026-06-02,CUST-012,Bottle,Blow Molding,FR-009-PETG-350,WO-3084,2622311030308482,ISBM-003,3327,0.0863,287.12
SO-11590,2026-05-30,CUST-007,Bottle,Blow Molding,FR-021-rPET-750,WO-3085,2622431030308583,ISBM-003,5251,0.0842,442.13
SO-11591,2026-06-06,CUST-013,Bottle,Blow Molding,FR-021-rPET-750,WO-3086,2622431030308684,ISBM-003,2854,0.1154,329.35
SO-11592,2026-05-31,CUST-006,Bottle,BLOW MOLDING,FR-021-rPET-750,WO-3087,2622511030308785,ISBM-003,4465,0.2295,1024.72
SO-11593,2026-06-09,CUST-007,Bottle,Blow Molding,FR-025-PET-1000,WO-3089,2622621030308987,ISBM-003,3472,0.1738,603.43
SO-11594,2026-06-06,CUST-003,Bottle,Blow Molding,FR-006-rPET-330,WO-3090,2622721030309088,ISBM-003,2025,0.0966,195.62
SO-11595,2026-06-09,CUST-001,Bottle,Blow Molding,FR-006-rPET-330,WO-3091,2623111030309189,ISBM-003,1995,0.1374,274.11
SO-11596,2026-06-13,CUST-003,Bottle,Blow Molding,FR-006-rPET-330,WO-3092,2623131030309290,ISBM-003,540,0.1612,87.05
SO-11597,2026-06-09,CUST-008,Bottle,Blow Molding,FR-006-rPET-330,WO-3093,2623211030309391,ISBM-003,2510,0.2611,655.36
SO-11598,2026-06-06,CUST-003,Bottle,Blow Molding,FR-006-rPET-330,WO-3094,2623331030309492,ISBM-003,3605,0.3453,1244.81
SO-11599,2026-06-11,CUST-005,Bottle,blow molding,FR-009-PETG-350,WO-3101,2623731030310199,ISBM-003,3827,0.1119,428.24
SO-11600,2026-06-20,CUST-013,Bottle,Blow Molding,FR-009-PETG-350,WO-3102,2624121030310201,ISBM-003,1992,0.3403,677.88
SO-11601,2026-06-14,CUST-007,Bottle,Blow Molding,FR-003-rPET-300,WO-3103,2624211030310302,ISBM-003,2090,0.3002,627.42
SO-11602,2026-06-15,CUST-011,Bottle,Blow Molding,FR-006-rPET-330,WO-3104,2624331030310403,ISBM-003,5329,0.1665,887.28
SO-11603,2026-06-22,CUST-014,Bottle,Blow Molding,FR-009-rPET-350,WO-3105,2624431030310504,ISBM-003,1418,0.1576,223.48
SO-11604,2026-06-19,CUST-008,Bottle,Blow Molding,FR-006-rPET-330,WO-3106,2624431030310605,ISBM-003,2020,0.1376,277.95
SO-11605,2026-06-18,CUST-006,Bottle,Blow Molding,FR-021-rPET-750,WO-3110,2624721030311009,ISBM-003,3495,0.275,961.13
SO-11606,2026-06-23,CUST-003,Bottle,Blow Molding,FR-009-HDPE-PCR-350,WO-3113,2625211030311312,ISBM-003,4765,0.1914,912.02
SO-11607,2026-06-25,CUST-006,Bottle,Blow Molding,FR-025-PET-1000,WO-3117,2625511030311716,ISBM-003,3522,0.1886,664.25
SO-11608,2026-06-24,CUST-009,Bottle,Blow Molding,FR-025-PET-1000,WO-3118,2625531030311817,ISBM-003,3025,0.2691,814.03
SO-11609,2026-06-29,CUST-010,Bottle,Blow Molding,FR-006-rPET-330,WO-3119,2625611030311918,ISBM-003,2931,0.095,278.44
SO-11610,2026-06-28,CUST-012,Bottle,Blow Molding,FR-003-rPET-300,WO-3120,2625711030312019,ISBM-003,5297,0.1585,839.57
SO-11611,2026-06-30,CUST-012,Bottle,Blow Molding,FR-003-rPET-300,WO-3121,2626131030312120,ISBM-003,3093,0.1836,567.87
SO-11612,2026-06-28,CUST-005,Bottle,Blow Molding,FR-003-rPET-300,WO-3122,2626131030312221,ISBM-003,5175,0.1639,848.18
SO-11613,2026-06-28,CUST-004,Bottle,Blow Molding,FR-006-rPET-330,WO-3123,2626221030312322,ISBM-003,2312,0.1353,312.81
SO-11614,2026-06-29,CUST-013,Bottle,Blow Molding,FR-006-rPET-330,WO-3125,2626411030312524,ISBM-003,3056,0.0953,291.24
SO-11615,2026-06-30,CUST-008,Bottle,Blow Molding,FR-006-rPET-330,WO-3126,2626421030312625,ISBM-003,3564,0.1554,553.85
SO-11616,2026-07-08,CUST-011,Bottle,Blow Molding,FR-003-rPET-300,WO-3128,2626631030312827,ISBM-003,4335,0.3493,1514.22
SO-11617,2026-06-30,CUST-014,Bottle,Blow Molding,FR-006-rPET-330,WO-3129,2626631030312928,ISBM-003,2745,0.1127,309.36
SO-11618,2026-07-02,CUST-004,Bottle,Blow Molding,FR-006-rPET-330,WO-3131,2627111030313130,ISBM-003,3949,0.1061,418.99
SO-11619,2026-07-05,CUST-010,Bottle,Blow Molding,FR-025-PET-1000,WO-3132,2627131030313231,ISBM-003,2872,0.2685,771.13
SO-11620,2026-07-02,CUST-014,Bottle,Blow Molding,FR-025-PET-1000,WO-3133,2627221030313332,ISBM-003,1034,0.2997,309.89
SO-11621,2026-07-03,CUST-007,Bottle,Blow Molding,FR-025-PET-1000,WO-3134,2627331030313433,ISBM-003,3281,0.1995,654.56
SO-11622,2026-07-04,CUST-007,Bottle,Blow Molding,FR-003-rPET-300,WO-3137,2627421030313736,ISBM-003,3355,0.3348,1123.25
SO-11623,2026-07-07,CUST-003,Bottle,Blow Molding,FR-009-PETG-350,WO-3141,2627731030314140,ISBM-003,2309,0.1868,431.32
SO-11624,2026-07-15,CUST-009,Bottle,Blow Molding,FR-006-rPET-330,WO-3147,2628411030314746,ISBM-003,4010,0.2014,807.61
SO-11625,2026-07-13,CUST-008,Bottle,Blow Molding,FR-006-rPET-330,WO-3148,2628431030314847,ISBM-003,3820,0.2034,776.99
SO-11626,2026-07-20,CUST-009,Bottle,Blow Molding,FR-006-rPET-330,WO-3149,2628531030314948,ISBM-003,4586,0.1619,742.47
SO-11627,2026-07-21,CUST-010,Bottle,Blow Molding,FR-003-rPET-300,WO-3150,2628621030315049,ISBM-003,3534,0.246,869.36
SO-11628,2026-07-18,CUST-008,Bottle,Blow Molding,FR-006-rPET-330,WO-3151,2628721030315150,ISBM-003,1313,0.1583,207.85
SO-11629,2026-07-22,CUST-004,Bottle,Blow Molding,FR-006-rPET-330,WO-3152,2629131030315251,ISBM-003,2622,0.2927,767.46
SO-11630,2026-07-21,CUST-011,Bottle,Blow Molding,FR-006-rPET-330,WO-3153,2629231030315352,ISBM-003,2246,0.3389,761.17
SO-11631,2026-07-21,CUST-003,Bottle,Blow Molding,FR-021-HDPE-750,WO-3154,2629211030315453,ISBM-003,3167,0.2486,787.32
SO-11632,2026-07-23,CUST-012,Bottle,Blow Molding,FR-021-rPET-750,WO-3155,2629331030315554,ISBM-003,3635,0.1335,485.27
SO-11633,2026-07-24,CUST-001,Bottle,Blow Molding,FR-021-rPET-750,WO-3156,2629331030315655,ISBM-003,7392,0.2215,1637.33
SO-11634,2026-07-24,CUST-004,Bottle,Blow Molding,FR-006-rPET-330,WO-3157,2629431030315756,ISBM-003,4484,0.0927,415.67
SO-11635,2026-07-27,CUST-012,Bottle,Blow Molding,FR-006-rPET-330,WO-3158,2629511030315857,ISBM-003,4342,0.2978,1293.05
SO-11636,2026-07-19,CUST-005,Bottle,Blow Molding,FR-006-rPET-330,WO-3159,2629611030315958,ISBM-003,3996,0.1105,441.56
SO-11637,2026-07-24,CUST-012,Bottle,Blow Molding,FR-006-rPET-330,WO-3160,2629631030316059,ISBM-003,3353,0.2027,679.65
SO-11638,2026-07-21,CUST-012,Bottle,Blow Molding,FR-025-PET-1000,WO-3161,2629711030316160,ISBM-003,1992,0.2224,443.02
SO-11639,2026-07-24,CUST-003,Bottle,Blow Molding,FR-025-PET-1000,WO-3162,2630131030316261,ISBM-003,3507,0.1834,643.18
SO-11640,2026-07-28,CUST-011,Bottle,Blow Molding,FR-003-rPET-300,WO-3163,2630231030316362,ISBM-003,5277,0.2966,1565.16
SO-11641,2026-07-28,CUST-009,Bottle,Blow Molding,FR-003-rPET-300,WO-3165,2630321030316564,ISBM-003,4433,0.0995,441.08
SO-11642,2026-07-27,CUST-013,Bottle,Blow Molding,FR-009-rPET-350,WO-3166,2630421030316665,ISBM-003,2952,0.345,1018.44
SO-11643,2026-07-30,CUST-009,Bottle,Blow Molding,FR-003-rPET-300,WO-3167,2630531030316766,ISBM-003,5625,0.1258,707.62
SO-11644,2026-08-03,CUST-003,Bottle,Blow Molding,FR-003-rPET-300,WO-3168,2630521030316867,ISBM-003,3227,0.1558,502.77
SO-11645,2026-08-03,CUST-003,Bottle,Blow Molding,FR-003-rPET-300,WO-3169,2630611030316968,ISBM-003,3144,0.189,594.22
SO-11646,2026-07-28,CUST-007,Bottle,Blow Molding,FR-025-PET-1000,WO-3170,2630731030317069,ISBM-003,2052,0.3301,677.37
SO-11647,2026-08-02,CUST-002,Bottle,Blow Molding,FR-025-PET-1000,WO-3171,2630721030317170,ISBM-003,1924,0.3354,645.31
SO-11648,2026-07-29,CUST-013,Bottle,Blow Molding,FR-025-PET-1000,WO-3172,2631111030317271,ISBM-003,1493,0.1555,232.16
SO-11649,2026-08-09,CUST-001,Bottle,Blow Molding,FR-025-PET-1000,WO-3173,2631211030317372,ISBM-003,5127,0.3269,1676.02
SO-11650,2026-08-07,CUST-011,Bottle,Blow Molding,FR-003-rPET-300,WO-3174,2631331030317473,ISBM-003,3315,0.1625,538.69
SO-11651,2026-08-05,CUST-003,Bottle,Blow Molding,FR-003-rPET-300,WO-3175,2631311030317574,ISBM-003,4677,0.3188,1491.03
SO-11652,2026-08-10,CUST-012,Bottle,  Blow Molding  ,FR-003-rPET-300,WO-3176,2631411030317675,ISBM-003,2133,0.1842,392.9
SO-11653,2026-08-09,CUST-006,Bottle,Blow Molding,FR-021-HDPE-750,WO-3177,2631531030317776,ISBM-003,1939,0.2109,408.94
SO-11654,2026-08-04,CUST-001,Bottle,Blow Molding,FR-021-HDPE-750,WO-3178,2631521030317877,ISBM-003,2726,0.109,297.13
SO-11655,2026-08-10,CUST-007,Bottle,Blow Molding,FR-025-PET-1000,WO-3179,2631611030317978,ISBM-003,1969,0.1456,286.69
SO-11656,2026-08-11,CUST-004,Bottle,Blow Molding,FR-003-rPET-300,WO-3181,2631721030318180,ISBM-003,1945,0.2394,465.63
SO-11657,2026-08-08,CUST-005,Bottle,Blow Molding,FR-003-rPET-300,WO-3182,2632131030318281,ISBM-003,2356,0.2732,643.66
SO-11658,2026-08-13,CUST-012,Bottle,Blow Molding,FR-021-rPET-750,WO-3183,2632131030318382,ISBM-003,1815,0.1611,292.4
SO-11659,2026-08-16,CUST-006,Bottle,blow molding,FR-006-rPET-330,WO-3184,2632221030318483,ISBM-003,4248,0.279,1185.19
SO-11660,2026-08-10,CUST-014,Bottle,blow molding,FR-006-rPET-330,WO-3185,2632311030318584,ISBM-003,5166,0.2,1033.2
SO-11661,2026-08-08,CUST-010,Bottle,Blow Molding,FR-009-HDPE-350,WO-3187,2632421030318786,ISBM-003,3336,0.1261,420.67
SO-11662,2026-08-12,CUST-001,Bottle,  Blow Molding  ,FR-009-PET-350,WO-3189,2632611030318988,ISBM-003,6138,0.2689,1650.51
SO-11663,2026-08-13,CUST-013,Bottle,Blow Molding,FR-009-PET-350,WO-3191,2632721030319190,ISBM-003,2793,0.3207,895.72
SO-11664,2026-08-19,CUST-006,Bottle,Blow Molding,FR-009-rPET-350,WO-3197,2633421030319796,ISBM-003,4436,0.1734,769.2
SO-11665,2026-08-24,CUST-008,Bottle,Blow Molding,FR-025-PET-1000,WO-3199,2633631030319998,ISBM-003,3959,0.3047,1206.31
SO-11666,2026-08-17,CUST-004,Bottle,Blow Molding,FR-009-PETG-350,WO-3200,2633621030320099,ISBM-003,3244,0.3114,1010.18
SO-11667,2026-08-17,CUST-011,Bottle,Blow Molding,FR-025-PET-1000,WO-3201,2633711030320101,ISBM-003,2137,0.2814,601.35
SO-11668,2026-08-24,CUST-003,Bottle,Blow Molding,FR-009-HDPE-350,WO-3202,2633731030320202,ISBM-003,3595,0.2434,875.02
SO-11669,2026-08-25,CUST-002,Bottle,Blow Molding,FR-009-HDPE-350,WO-3203,2634111030320303,ISBM-003,1437,0.1375,197.59
SO-11670,2026-08-21,CUST-012,Bottle,Blow Molding,FR-006-rPET-330,WO-3204,2634131030320404,ISBM-003,2248,0.1419,318.99
SO-11671,2026-08-23,CUST-007,Bottle,Blow Molding,FR-003-rPET-300,WO-3205,2634211030320505,ISBM-003,5872,0.1134,665.88
SO-11672,2026-08-21,CUST-004,Bottle,Blow Molding,FR-021-rPET-750,WO-3206,2634311030320606,ISBM-003,4926,0.1534,755.65
SO-11673,2026-08-30,CUST-006,Bottle,Blow Molding,FR-021-rPET-750,WO-3207,2634431030320707,ISBM-003,2595,0.1373,356.29
SO-11674,2026-08-29,CUST-003,Bottle,Blow Molding,FR-003-rPET-300,WO-3208,2634421030320808,ISBM-003,4984,0.2986,1488.22
SO-11675,2026-09-01,CUST-010,Bottle,Blow Molding,FR-003-rPET-300,WO-3210,2634631030321010,ISBM-003,5082,0.2159,1097.2
SO-11676,2026-09-01,CUST-005,Bottle,Blow Molding,FR-009-HDPE-350,WO-3211,2634621030321111,ISBM-003,2295,0.1433,328.87
SO-11677,2026-08-29,CUST-002,Bottle,Blow Molding,FR-021-rPET-750,WO-3213,2635131030321313,ISBM-003,4257,0.1402,596.83
SO-11678,2026-09-03,CUST-009,Bottle,Blow Molding,FR-021-rPET-750,WO-3214,2635121030321414,ISBM-003,2783,0.3465,964.31
SO-11679,2026-08-31,CUST-001,Bottle,Blow Molding,FR-021-rPET-750,WO-3215,2635211030321515,ISBM-003,1724,0.1367,235.67
SO-11680,2026-08-27,CUST-013,Bottle,Blow Molding,FR-009-HDPE-PCR-350,WO-3216,2635221030321616,ISBM-003,4008,0.3496,1401.2
SO-11681,2026-08-30,CUST-006,Bottle,Blow Molding,FR-006-rPET-330,WO-3220,2635511030322020,ISBM-003,6203,0.3146,1951.46
SO-11682,2026-09-10,CUST-002,Bottle,Blow Molding,FR-003-rPET-300,WO-3222,2635621030322222,ISBM-003,2379,0.2718,646.61
SO-11683,2026-09-01,CUST-010,Bottle,Blow Molding,FR-003-rPET-300,WO-3224,2636131030322424,ISBM-003,4834,0.3371,1629.54
SO-11684,2026-09-08,CUST-002,Bottle,Blow Molding,FR-025-PET-1000,WO-3225,2636121030322525,ISBM-003,1746,0.1096,191.36
SO-11685,2026-09-17,CUST-001,Bottle,Blow Molding,FR-025-PET-1000,WO-3239,2637431030323939,ISBM-003,1324,0.3076,407.26
SO-11686,2026-09-12,CUST-006,Bottle,  Blow Molding  ,FR-025-PET-1000,WO-3240,2637531030324040,ISBM-003,951,0.3302,314.02
SO-11687,2026-09-14,CUST-007,Bottle,BLOW MOLDING,FR-025-PET-1000,WO-3241,2637531030324141,ISBM-003,1175,0.215,252.62
SO-11688,2026-09-20,CUST-008,Bottle,Blow Molding,FR-025-PET-1000,WO-3242,2637611030324242,ISBM-003,1750,0.1807,316.23
SO-11689,2026-09-20,CUST-004,Bottle,Blow Molding,FR-025-PET-1000,WO-3244,2637721030324444,ISBM-003,2355,0.3142,739.94
SO-11690,2026-09-26,CUST-003,Bottle,Blow Molding,FR-021-rPET-750,WO-3245,2638121030324545,ISBM-003,2688,0.1322,355.35
SO-11691,2026-09-23,CUST-013,Bottle,Blow Molding,FR-021-rPET-750,WO-3246,2638211030324646,ISBM-003,1700,0.1788,303.96
SO-11692,2026-09-21,CUST-003,Bottle,Blow Molding,FR-003-rPET-300,WO-3247,2638331030324747,ISBM-003,781,0.1042,81.38
SO-11693,2026-09-28,CUST-011,Bottle,Blow Molding,FR-003-rPET-300,WO-3248,2638431030324848,ISBM-003,2470,0.2746,678.26
SO-11694,2026-10-02,CUST-009,Bottle,Blow Molding,FR-021-HDPE-750,WO-3255,2639121030325555,ISBM-003,4774,0.0993,474.06
SO-11695,2026-10-01,CUST-005,Bottle,Blow Molding,FR-021-HDPE-750,WO-3256,2639211030325656,ISBM-003,3183,0.3448,1097.5
SO-11696,2026-09-30,CUST-014,Bottle,Blow Molding,FR-021-HDPE-750,WO-3257,2639311030325757,ISBM-003,5952,0.1213,721.98
SO-11697,2026-09-29,CUST-001,Bottle,  Blow Molding  ,FR-003-rPET-300,WO-3258,2639431030325858,ISBM-003,3799,0.1278,485.51
SO-11698,2026-10-06,CUST-014,Bottle,Blow Molding,FR-021-HDPE-750,WO-3259,2639421030325959,ISBM-003,3371,0.213,718.02
SO-11699,2026-10-07,CUST-007,Bottle,Blow Molding,FR-025-PET-1000,WO-3260,2639511030326060,ISBM-003,967,0.2365,228.7
SO-11700,2026-10-01,CUST-011,Bottle,Blow Molding,FR-025-PET-1000,WO-3261,2639631030326161,ISBM-003,1672,0.2647,442.58
SO-11701,2026-10-09,CUST-003,Bottle,Blow Molding,FR-006-rPET-330,WO-3266,2640231030326666,ISBM-003,2473,0.2781,687.74
SO-11702,2026-10-07,CUST-008,Bottle,Blow Molding,FR-006-rPET-330,WO-3271,2640421030327171,ISBM-003,2536,0.1792,454.45
SO-11703,2026-10-13,CUST-007,Bottle,Blow Molding,FR-006-rPET-330,WO-3272,2640511030327272,ISBM-003,3042,0.2053,624.52
SO-11704,2026-10-09,CUST-001,Bottle,Blow Molding,FR-006-rPET-330,WO-3273,2640531030327373,ISBM-003,4544,0.2386,1084.2
SO-11705,2026-10-10,CUST-010,Bottle,Blow Molding,FR-025-PET-1000,WO-3282,2641531030328282,ISBM-003,3246,0.3021,980.62
SO-11706,2026-10-11,CUST-009,Bottle,Blow Molding,FR-025-PET-1000,WO-3283,2641521030328383,ISBM-003,4023,0.1005,404.31
SO-11707,2026-10-17,CUST-003,Bottle,Blow Molding,FR-009-HDPE-350,WO-3285,2641731030328585,ISBM-003,3134,0.1099,344.43
SO-11708,2026-10-19,CUST-011,Bottle,Blow Molding,FR-009-HDPE-350,WO-3286,2641731030328686,ISBM-003,1491,0.3194,476.23
SO-11709,2026-10-15,CUST-003,Bottle,Blow Molding,FR-009-HDPE-350,WO-3287,2642111030328787,ISBM-003,4187,0.1528,639.77
SO-11710,2026-10-20,CUST-011,Bottle,Blow Molding,FR-021-HDPE-750,WO-3288,2642121030328888,ISBM-003,1242,0.2069,256.97
SO-11711,2026-10-15,CUST-002,Bottle,Blow Molding,FR-009-PET-350,WO-3289,2642231030328989,ISBM-003,3231,0.3368,1088.2
SO-11712,2026-10-25,CUST-005,Bottle,Blow Molding,FR-003-rPET-300,WO-3290,2642331030329090,ISBM-003,3474,0.2802,973.41
SO-11713,2026-10-23,CUST-013,Bottle,Blow Molding,FR-003-rPET-300,WO-3291,2642331030329191,ISBM-003,2839,0.0947,268.85
SO-11714,2026-10-23,CUST-009,Bottle,Blow Molding,FR-021-HDPE-750,WO-3294,2642521030329494,ISBM-003,1801,0.2511,452.23
SO-11715,2026-10-24,CUST-006,Bottle,Blow Molding,FR-009-rPET-350,WO-3295,2642611030329595,ISBM-003,3794,0.1423,539.89
SO-11716,2026-10-26,CUST-002,Bottle,Blow Molding,FR-006-rPET-330,WO-3297,2642711030329797,ISBM-003,5110,0.3056,1561.62
SO-11717,2026-10-28,CUST-011,Bottle,  Blow Molding  ,FR-009-HDPE-PCR-350,WO-3301,2643311030330102,ISBM-003,2719,0.3017,820.32
SO-11718,2026-10-28,CUST-008,Bottle,Blow Molding,FR-009-HDPE-PCR-350,WO-3302,2643321030330203,ISBM-003,2841,0.1286,365.35
SO-11719,2026-10-25,CUST-009,Bottle,Blow Molding,FR-006-rPET-330,WO-3303,2643411030330304,ISBM-003,4285,0.3036,1300.93
SO-11720,2026-11-03,CUST-002,Bottle,Blow Molding,FR-009-HDPE-350,WO-3305,2643631030330506,ISBM-003,4132,0.2749,1135.89
SO-11721,2026-11-02,CUST-008,Bottle,Blow Molding,FR-009-rPET-350,WO-3306,2643631030330607,ISBM-003,3931,0.1049,412.36
SO-11722,2026-11-02,CUST-010,Bottle,Blow Molding,FR-006-rPET-330,WO-3308,2644121030330809,ISBM-003,4662,0.3294,1535.66
SO-11723,2026-10-31,CUST-004,Bottle,Blow Molding,FR-021-HDPE-750,WO-3309,2644211030330910,ISBM-003,2643,0.3357,887.26
SO-11724,2026-11-05,CUST-006,Bottle,Blow Molding,FR-006-rPET-330,WO-3310,2644331030331011,ISBM-003,3095,0.3113,963.47
SO-11725,2026-11-03,CUST-003,Bottle,Blow Molding,FR-009-HDPE-350,WO-3311,2644311030331112,ISBM-003,3741,0.2763,1033.64
SO-11726,2026-11-01,CUST-005,Bottle,  Blow Molding  ,FR-009-HDPE-350,WO-3312,2644431030331213,ISBM-003,3233,0.1596,515.99
SO-11727,2026-11-05,CUST-009,Bottle,Blow Molding,FR-009-HDPE-350,WO-3313,2644421030331314,ISBM-003,5619,0.324,1820.56
SO-11728,2026-11-01,CUST-002,Bottle,Blow Molding,FR-009-PET-350,WO-3314,2644521030331415,ISBM-003,3016,0.3052,920.48
SO-11729,2026-11-12,CUST-009,Bottle,Blow Molding,FR-009-rPET-350,WO-3315,2644621030331516,ISBM-003,2980,0.1103,328.69
SO-11730,2026-11-09,CUST-011,Bottle,Blow Molding,FR-009-rPET-350,WO-3316,2644731030331617,ISBM-003,3454,0.1922,663.86
SO-11731,2026-11-12,CUST-013,Bottle,Blow Molding,FR-021-HDPE-750,WO-3317,2644731030331718,ISBM-003,2590,0.3289,851.85
SO-11732,2026-11-06,CUST-002,Bottle,Blow Molding,FR-003-rPET-300,WO-3318,2645121030331819,ISBM-003,2676,0.2608,697.9
SO-11733,2026-11-11,CUST-014,Bottle,Blow Molding,FR-003-rPET-300,WO-3319,2645231030331920,ISBM-003,3497,0.0832,290.95
SO-11734,2026-11-07,CUST-007,Bottle,Blow Molding,FR-003-rPET-300,WO-3320,2645221030332021,ISBM-003,2291,0.1974,452.24
SO-11735,2026-11-16,CUST-002,Bottle,Blow Molding,FR-021-HDPE-750,WO-3321,2645311030332122,ISBM-003,1769,0.2883,510.0
SO-11736,2026-11-10,CUST-010,Bottle,Blow Molding,FR-021-HDPE-750,WO-3322,2645431030332223,ISBM-003,3623,0.1567,567.72
SO-11737,2026-11-11,CUST-004,Bottle,blow molding,FR-021-HDPE-750,WO-3323,2645421030332324,ISBM-003,6803,0.2066,1405.5
SO-11738,2026-11-07,CUST-001,Bottle,Blow Molding,FR-025-PET-1000,WO-3324,2645511030332425,ISBM-003,2160,0.3221,695.74
SO-11739,2026-11-19,CUST-013,Bottle,Blow Molding,FR-021-HDPE-750,WO-3326,2645611030332627,ISBM-003,6324,0.2218,1402.66
SO-11740,2026-11-13,CUST-009,Bottle,Blow Molding,FR-021-HDPE-750,WO-3327,2645731030332728,ISBM-003,3259,0.2503,815.73
SO-11741,2026-11-19,CUST-007,Bottle,Blow Molding,FR-021-HDPE-750,WO-3328,2645721030332829,ISBM-003,5639,0.2093,1180.24
SO-11742,2026-11-13,CUST-001,Bottle,Blow Molding,FR-021-HDPE-750,WO-3331,2646311030333132,ISBM-003,2148,0.1016,218.24
SO-11743,2026-11-21,CUST-014,Bottle,Blow Molding,FR-009-rPET-350,WO-3333,2646421030333334,ISBM-003,3789,0.1813,686.95
SO-11744,2026-11-23,CUST-005,Bottle,Blow Molding,FR-009-rPET-350,WO-3334,2646521030333435,ISBM-003,1785,0.1022,182.43
SO-11745,2026-11-26,CUST-002,Bottle,Blow Molding,FR-006-rPET-330,WO-3335,2646621030333536,ISBM-003,3108,0.1778,552.6
SO-11746,2026-11-18,CUST-002,Bottle,Blow Molding,FR-006-rPET-330,WO-3336,2646711030333637,ISBM-003,3348,0.1872,626.75
SO-11747,2026-11-27,CUST-014,Bottle,Blow Molding,FR-003-rPET-300,WO-3337,2646731030333738,ISBM-003,4579,0.0814,372.73
SO-11748,2026-11-23,CUST-010,Bottle,Blow Molding,FR-003-rPET-300,WO-3338,2647121030333839,ISBM-003,3980,0.3279,1305.04
SO-11749,2026-11-28,CUST-012,Bottle,Blow Molding,FR-009-PETG-350,WO-3343,2647521030334344,ISBM-003,5885,0.2011,1183.47
SO-11750,2026-11-28,CUST-007,Bottle,Blow Molding,FR-025-PET-1000,WO-3344,2647611030334445,ISBM-003,4307,0.2215,954.0
SO-11751,2026-11-25,CUST-011,Bottle,Blow Molding,FR-006-rPET-330,WO-3347,2648111030334748,ISBM-003,4898,0.1971,965.4
SO-11752,2026-12-03,CUST-003,Bottle,Blow Molding,FR-006-rPET-330,WO-3348,2648231030334849,ISBM-003,3286,0.2212,726.86
SO-11753,2026-11-28,CUST-004,Bottle,BLOW MOLDING,FR-006-rPET-330,WO-3349,2648231030334950,ISBM-003,1755,0.3359,589.5
SO-11754,2026-11-29,CUST-003,Bottle,Blow Molding,FR-025-PET-1000,WO-3350,2648321030335051,ISBM-003,1848,0.2914,538.51
SO-11755,2026-11-28,CUST-006,Bottle,Blow Molding,FR-003-rPET-300,WO-3351,2648411030335152,ISBM-003,3544,0.105,372.12
SO-11756,2026-11-28,CUST-011,Bottle,Blow Molding,FR-003-rPET-300,WO-3352,2648531030335253,ISBM-003,4982,0.3489,1738.22
SO-11757,2026-12-03,CUST-002,Bottle,Blow Molding,FR-021-rPET-750,WO-3354,2648621030335455,ISBM-003,4285,0.0881,377.51
SO-11758,2026-12-08,CUST-011,Bottle,Blow Molding,FR-009-PET-350,WO-3358,2649211030335859,ISBM-003,3328,0.0895,297.86
SO-11759,2026-12-10,CUST-013,Bottle,BLOW MOLDING,FR-009-PET-350,WO-3360,2649321030336061,ISBM-003,2759,0.1393,384.33
SO-11760,2026-12-13,CUST-010,Bottle,Blow Molding,FR-025-PET-1000,WO-3361,2649411030336162,ISBM-003,2829,0.1641,464.24
SO-11761,2026-12-14,CUST-010,Bottle,  Blow Molding  ,FR-021-HDPE-750,WO-3362,2649421030336263,ISBM-003,3136,0.2478,777.1
SO-11762,2026-12-15,CUST-002,Bottle,Blow Molding,FR-006-rPET-330,WO-3364,2649531030336465,ISBM-003,4259,0.1545,658.02
SO-11763,2026-12-09,CUST-013,Bottle,Blow Molding,FR-006-rPET-330,WO-3365,2649621030336566,ISBM-003,3163,0.094,297.32
SO-11764,2026-12-12,CUST-003,Bottle,Blow Molding,FR-006-rPET-330,WO-3366,2649711030336667,ISBM-003,2199,0.3383,743.92
SO-11765,2026-12-19,CUST-010,Bottle,Blow Molding,FR-009-HDPE-350,WO-3377,2651121030337778,ISBM-003,1256,0.2598,326.31
SO-11766,2026-12-26,CUST-011,Bottle,Blow Molding,FR-006-rPET-330,WO-3378,2651211030337879,ISBM-003,2422,0.0839,203.21
SO-11767,2026-12-21,CUST-013,Bottle,Blow Molding,FR-006-rPET-330,WO-3379,2651221030337980,ISBM-003,5691,0.2238,1273.65
SO-11768,2026-12-19,CUST-006,Bottle,Blow Molding,FR-009-PET-350,WO-3380,2651321030338081,ISBM-003,3588,0.2452,879.78
SO-11769,2026-12-26,CUST-013,Bottle,Blow Molding,FR-009-PET-350,WO-3381,2651411030338182,ISBM-003,2500,0.1749,437.25
SO-11770,2026-12-20,CUST-009,Bottle,Blow Molding,FR-009-PET-350,WO-3382,2651531030338283,ISBM-003,3711,0.1335,495.42
SO-11771,2026-12-25,CUST-013,Bottle,Blow Molding,FR-006-rPET-330,WO-3383,2651521030338384,ISBM-003,4490,0.2335,1048.41
SO-11772,2026-12-28,CUST-007,Bottle,Blow Molding,FR-021-HDPE-750,WO-3384,2651611030338485,ISBM-003,4415,0.3074,1357.17
SO-11773,2026-12-25,CUST-011,Bottle,Blow Molding,FR-006-rPET-330,WO-3385,2651711030338586,ISBM-003,2705,0.2039,551.55
SO-11774,2026-12-26,CUST-004,Bottle,BLOW MOLDING,FR-006-rPET-330,WO-3386,2651721030338687,ISBM-003,2455,0.1716,421.28
SO-11775,2026-12-30,CUST-001,Bottle,Blow Molding,FR-021-HDPE-750,WO-3387,2652111030338788,ISBM-003,2883,0.272,784.18
SO-11776,2026-12-30,CUST-001,Bottle,Blow Molding,FR-021-rPET-750,WO-3391,2652421030339192,ISBM-003,3913,0.2702,1057.29
SO-11777,2026-12-29,CUST-010,Bottle,Blow Molding,FR-025-PET-1000,WO-3392,2652521030339293,ISBM-003,1285,0.2439,313.41
SO-11778,2025-07-06,CUST-001,Bottle,Blow Molding,FR-029-MDPE-5000,WO-3401,2527231040340101,ISBM-004,346,0.312,107.95
SO-11779,2025-07-03,CUST-014,Bottle,Blow Molding,FR-026-HDPE-4000,WO-3402,2527221040340202,ISBM-004,1373,0.088,120.82
SO-11780,2025-07-05,CUST-002,Bottle,Blow Molding,FR-004-rPET-330,WO-3403,2527331040340303,ISBM-004,2738,0.1102,301.73
SO-11781,2025-07-10,CUST-012,Bottle,Blow Molding,FR-004-rPET-330,WO-3404,2527331040340404,ISBM-004,5776,0.203,1172.53
SO-11782,2025-07-12,CUST-007,Bottle,Blow Molding,FR-004-rPET-330,WO-3406,2527521040340606,ISBM-004,8146,0.1539,1253.67
SO-11783,2025-07-08,CUST-014,Bottle,  Blow Molding  ,FR-004-rPET-330,WO-3407,2527611040340707,ISBM-004,7511,0.1548,1162.7
SO-11784,2025-07-14,CUST-003,Bottle,Blow Molding,FR-026-HDPE-4000,WO-3408,2527711040340808,ISBM-004,857,0.1324,113.47
SO-11785,2025-07-11,CUST-006,Bottle,Blow Molding,FR-029-MDPE-5000,WO-3409,2527731040340909,ISBM-004,370,0.1844,68.23
SO-11786,2025-07-15,CUST-003,Bottle,Blow Molding,FR-029-MDPE-5000,WO-3410,2528111040341010,ISBM-004,1008,0.2892,291.51
SO-11787,2025-07-10,CUST-008,Bottle,Blow Molding,FR-012-PET-400,WO-3411,2528231040341111,ISBM-004,4478,0.2213,990.98
SO-11788,2025-07-12,CUST-008,Bottle,Blow Molding,FR-004-rPET-330,WO-3412,2528211040341212,ISBM-004,6919,0.2793,1932.48
SO-11789,2025-07-13,CUST-012,Bottle,Blow Molding,FR-004-rPET-330,WO-3413,2528331040341313,ISBM-004,4380,0.2078,910.16
SO-11790,2025-07-12,CUST-003,Bottle,Blow Molding,FR-004-rPET-330,WO-3414,2528311040341414,ISBM-004,5091,0.1994,1015.15
SO-11791,2025-07-14,CUST-009,Bottle,Blow Molding,FR-004-rPET-330,WO-3415,2528431040341515,ISBM-004,4945,0.295,1458.77
SO-11792,2025-07-18,CUST-013,Bottle,Blow Molding,FR-004-rPET-330,WO-3416,2528411040341616,ISBM-004,6156,0.3441,2118.28
SO-11793,2025-07-15,CUST-009,Bottle,Blow Molding,FR-029-MDPE-5000,WO-3418,2528631040341818,ISBM-004,655,0.1165,76.31
SO-11794,2025-07-24,CUST-012,Bottle,Blow Molding,FR-004-rPET-330,WO-3419,2528621040341919,ISBM-004,5744,0.2011,1155.12
SO-11795,2025-07-22,CUST-002,Bottle,Blow Molding,FR-026-HDPE-4000,WO-3422,2529231040342222,ISBM-004,2357,0.3033,714.88
SO-11796,2025-07-20,CUST-008,Bottle,Blow Molding,FR-026-HDPE-4000,WO-3423,2529221040342323,ISBM-004,1814,0.2265,410.87
SO-11797,2025-07-18,CUST-002,Bottle,Blow Molding,FR-004-rPET-330,WO-3424,2529311040342424,ISBM-004,7982,0.1847,1474.28
SO-11798,2025-07-28,CUST-003,Bottle,Blow Molding,FR-004-rPET-330,WO-3425,2529431040342525,ISBM-004,4719,0.3168,1494.98
SO-11799,2025-07-28,CUST-001,Bottle,Blow Molding,FR-004-rPET-330,WO-3426,2529421040342626,ISBM-004,5315,0.2164,1150.17
SO-11800,2025-07-30,CUST-008,Bottle,Blow Molding,FR-004-rPET-330,WO-3427,2529511040342727,ISBM-004,11584,0.1514,1753.82
SO-11801,2025-07-21,CUST-001,Bottle,Blow Molding,FR-012-PET-400,WO-3428,2529611040342828,ISBM-004,7221,0.1419,1024.66
SO-11802,2025-07-27,CUST-007,Bottle,Blow Molding,FR-026-HDPE-4000,WO-3433,2530311040343333,ISBM-004,665,0.2252,149.76
SO-11803,2025-07-28,CUST-003,Bottle,Blow Molding,FR-029-MDPE-5000,WO-3434,2530431040343434,ISBM-004,711,0.3448,245.15
SO-11804,2025-07-27,CUST-012,Bottle,Blow Molding,FR-012-PET-400,WO-3435,2530421040343535,ISBM-004,6766,0.1437,972.27
SO-11805,2025-08-07,CUST-013,Bottle,Blow Molding,FR-004-rPET-330,WO-3438,2530631040343838,ISBM-004,4112,0.2926,1203.17
SO-11806,2025-08-07,CUST-007,Bottle,Blow Molding,FR-004-rPET-330,WO-3439,2530721040343939,ISBM-004,3975,0.1124,446.79
SO-11807,2025-07-29,CUST-004,Bottle,Blow Molding,FR-004-rPET-330,WO-3440,2531131040344040,ISBM-004,5096,0.0868,442.33
SO-11808,2025-08-02,CUST-003,Bottle,Blow Molding,FR-026-HDPE-4000,WO-3441,2531131040344141,ISBM-004,2076,0.1589,329.88
SO-11809,2025-08-06,CUST-007,Bottle,  Blow Molding  ,FR-026-HDPE-4000,WO-3442,2531221040344242,ISBM-004,3040,0.2093,636.27
SO-11810,2025-08-07,CUST-006,Bottle,Blow Molding,FR-026-HDPE-4000,WO-3443,2531311040344343,ISBM-004,1544,0.2696,416.26
SO-11811,2025-08-07,CUST-013,Bottle,Blow Molding,FR-012-PET-400,WO-3444,2531431040344444,ISBM-004,5296,0.3029,1604.16
SO-11812,2025-08-08,CUST-001,Bottle,Blow Molding,FR-029-MDPE-5000,WO-3445,2531431040344545,ISBM-004,564,0.1371,77.32
SO-11813,2025-08-04,CUST-010,Bottle,Blow Molding,FR-029-MDPE-5000,WO-3446,2531511040344646,ISBM-004,332,0.1662,55.18
SO-11814,2025-08-09,CUST-014,Bottle,Blow Molding,FR-026-HDPE-4000,WO-3448,2531621040344848,ISBM-004,1820,0.163,296.66
SO-11815,2025-08-14,CUST-006,Bottle,BLOW MOLDING,FR-026-HDPE-4000,WO-3451,2532111040345151,ISBM-004,2736,0.2726,745.83
SO-11816,2025-08-16,CUST-011,Bottle,Blow Molding,FR-026-HDPE-4000,WO-3452,2532231040345252,ISBM-004,1001,0.1445,144.64
SO-11817,2025-08-09,CUST-013,Bottle,Blow Molding,FR-012-PET-400,WO-3453,2532221040345353,ISBM-004,4494,0.2213,994.52
SO-11818,2025-08-10,CUST-002,Bottle,Blow Molding,FR-012-PET-400,WO-3455,2532331040345555,ISBM-004,173,0.0897,15.52
SO-11819,2025-08-17,CUST-012,Bottle,Blow Molding,FR-012-PET-400,WO-3456,2532421040345656,ISBM-004,5409,0.1357,734.0
SO-11820,2025-08-20,CUST-010,Bottle,  Blow Molding  ,FR-012-PET-400,WO-3457,2532511040345757,ISBM-004,4122,0.2685,1106.76
SO-11821,2025-08-15,CUST-008,Bottle,Blow Molding,FR-012-PET-400,WO-3459,2532631040345959,ISBM-004,8479,0.2987,2532.68
SO-11822,2025-08-19,CUST-004,Bottle,Blow Molding,FR-012-PET-400,WO-3460,2532721040346060,ISBM-004,3376,0.0946,319.37
SO-11823,2025-08-21,CUST-013,Bottle,Blow Molding,FR-012-PET-400,WO-3461,2533131040346161,ISBM-004,4820,0.235,1132.7
SO-11824,2025-08-22,CUST-007,Bottle,Blow Molding,FR-026-HDPE-4000,WO-3464,2533331040346464,ISBM-004,578,0.218,126.0
SO-11825,2025-08-20,CUST-014,Bottle,Blow Molding,FR-026-HDPE-4000,WO-3465,2533431040346565,ISBM-004,1841,0.1791,329.72
SO-11826,2025-08-17,CUST-001,Bottle,Blow Molding,FR-004-rPET-330,WO-3466,2533421040346666,ISBM-004,7621,0.0858,653.88
SO-11827,2025-08-22,CUST-007,Bottle,BLOW MOLDING,FR-012-PET-400,WO-3467,2533511040346767,ISBM-004,4286,0.3312,1419.52
SO-11828,2025-08-25,CUST-004,Bottle,Blow Molding,FR-012-PET-400,WO-3468,2533521040346868,ISBM-004,6752,0.3333,2250.44
SO-11829,2025-08-25,CUST-008,Bottle,Blow Molding,FR-012-PET-400,WO-3469,2533621040346969,ISBM-004,5134,0.2343,1202.9
SO-11830,2025-08-27,CUST-004,Bottle,blow molding,FR-012-PET-400,WO-3470,2533711040347070,ISBM-004,4411,0.279,1230.67
SO-11831,2025-08-21,CUST-011,Bottle,Blow Molding,FR-004-rPET-330,WO-3473,2534211040347373,ISBM-004,5931,0.2639,1565.19
SO-11832,2025-08-26,CUST-003,Bottle,Blow Molding,FR-004-rPET-330,WO-3474,2534331040347474,ISBM-004,4997,0.15,749.55
SO-11833,2025-08-27,CUST-003,Bottle,Blow Molding,FR-004-rPET-330,WO-3476,2534411040347676,ISBM-004,5192,0.1826,948.06
SO-11834,2025-08-28,CUST-012,Bottle,Blow Molding,FR-026-HDPE-4000,WO-3479,2534611040347979,ISBM-004,718,0.1743,125.15
SO-11835,2025-09-02,CUST-009,Bottle,Blow Molding,FR-026-HDPE-4000,WO-3480,2534631040348080,ISBM-004,1050,0.2569,269.75
SO-11836,2025-08-27,CUST-007,Bottle,Blow Molding,FR-026-HDPE-4000,WO-3481,2534731040348181,ISBM-004,2055,0.2024,415.93
SO-11837,2025-08-30,CUST-001,Bottle,Blow Molding,FR-012-PET-400,WO-3482,2535121040348282,ISBM-004,7796,0.3169,2470.55
SO-11838,2025-08-28,CUST-011,Bottle,Blow Molding,FR-012-PET-400,WO-3483,2535211040348383,ISBM-004,6358,0.2054,1305.93
SO-11839,2025-09-05,CUST-008,Bottle,Blow Molding,FR-012-PET-400,WO-3484,2535331040348484,ISBM-004,6414,0.2842,1822.86
SO-11840,2025-09-08,CUST-001,Bottle,Blow Molding,FR-012-PET-400,WO-3486,2535421040348686,ISBM-004,2992,0.3424,1024.46
SO-11841,2025-09-03,CUST-003,Bottle,Blow Molding,FR-012-PET-400,WO-3487,2535511040348787,ISBM-004,2416,0.1384,334.37
SO-11842,2025-09-05,CUST-011,Bottle,Blow Molding,FR-004-rPET-330,WO-3489,2535621040348989,ISBM-004,8201,0.1038,851.26
SO-11843,2025-09-10,CUST-012,Bottle,  Blow Molding  ,FR-004-rPET-330,WO-3490,2535711040349090,ISBM-004,6193,0.2015,1247.89
SO-11844,2025-09-11,CUST-007,Bottle,Blow Molding,FR-026-HDPE-4000,WO-3491,2536131040349191,ISBM-004,2137,0.2327,497.28
SO-11845,2025-09-06,CUST-008,Bottle,Blow Molding,FR-026-HDPE-4000,WO-3492,2536121040349292,ISBM-004,1243,0.1711,212.68
SO-11846,2025-09-07,CUST-013,Bottle,Blow Molding,FR-026-HDPE-4000,WO-3493,2536211040349393,ISBM-004,1440,0.2676,385.34
SO-11847,2025-09-07,CUST-007,Bottle,Blow Molding,FR-012-PET-400,WO-3494,2536221040349494,ISBM-004,3690,0.2122,783.02
SO-11848,2025-09-10,CUST-001,Bottle,Blow Molding,FR-012-PET-400,WO-3495,2536311040349595,ISBM-004,4152,0.1594,661.83
SO-11849,2025-09-09,CUST-010,Bottle,Blow Molding,FR-012-PET-400,WO-3496,2536411040349696,ISBM-004,3563,0.2178,776.02
SO-11850,2025-09-10,CUST-007,Bottle,blow molding,FR-004-rPET-330,WO-3497,2536531040349797,ISBM-004,848,0.2432,206.23
SO-11851,2025-09-13,CUST-012,Bottle,Blow Molding,FR-004-rPET-330,WO-3498,2536521040349898,ISBM-004,4253,0.228,969.68
SO-11852,2025-09-13,CUST-007,Bottle,Blow Molding,FR-012-PET-400,WO-3499,2536611040349999,ISBM-004,2558,0.203,519.27
SO-11853,2025-09-11,CUST-004,Bottle,Blow Molding,FR-012-PET-400,WO-3501,2536721040350102,ISBM-004,3205,0.2287,732.98
SO-11854,2025-09-11,CUST-014,Bottle,Blow Molding,FR-004-rPET-330,WO-3502,2536731040350203,ISBM-004,4495,0.2126,955.64
SO-11855,2025-09-18,CUST-001,Bottle,Blow Molding,FR-004-rPET-330,WO-3504,2537231040350405,ISBM-004,4059,0.2032,824.79
SO-11856,2025-09-15,CUST-004,Bottle,  Blow Molding  ,FR-004-rPET-330,WO-3505,2537231040350506,ISBM-004,6039,0.2873,1735.0
SO-11857,2025-09-21,CUST-003,Bottle,Blow Molding,FR-004-rPET-330,WO-3506,2537321040350607,ISBM-004,3035,0.3428,1040.4
SO-11858,2025-09-23,CUST-014,Bottle,Blow Molding,FR-004-rPET-330,WO-3507,2537421040350708,ISBM-004,4423,0.3013,1332.65
SO-11859,2025-09-22,CUST-011,Bottle,Blow Molding,FR-012-PET-400,WO-3508,2537511040350809,ISBM-004,6839,0.1155,789.9
SO-11860,2025-09-20,CUST-005,Bottle,Blow Molding,FR-004-rPET-330,WO-3509,2537611040350910,ISBM-004,6929,0.2858,1980.31
SO-11861,2025-09-20,CUST-012,Bottle,Blow Molding,FR-012-PET-400,WO-3510,2537631040351011,ISBM-004,3569,0.1804,643.85
SO-11862,2025-09-25,CUST-013,Bottle,Blow Molding,FR-029-MDPE-5000,WO-3513,2538231040351314,ISBM-004,615,0.2589,159.22
SO-11863,2025-09-18,CUST-005,Bottle,BLOW MOLDING,FR-029-MDPE-5000,WO-3514,2538231040351415,ISBM-004,887,0.2159,191.5
SO-11864,2025-09-24,CUST-005,Bottle,BLOW MOLDING,FR-026-HDPE-4000,WO-3515,2538311040351516,ISBM-004,1422,0.2449,348.25
SO-11865,2025-09-25,CUST-007,Bottle,Blow Molding,FR-026-HDPE-4000,WO-3516,2538411040351617,ISBM-004,1421,0.297,422.04
SO-11866,2025-09-21,CUST-001,Bottle,Blow Molding,FR-026-HDPE-4000,WO-3517,2538431040351718,ISBM-004,1060,0.2342,248.25
SO-11867,2025-09-29,CUST-006,Bottle,Blow Molding,FR-012-PET-400,WO-3518,2538521040351819,ISBM-004,3328,0.1059,352.44
SO-11868,2025-10-02,CUST-003,Bottle,Blow Molding,FR-029-MDPE-5000,WO-3520,2538631040352021,ISBM-004,712,0.1048,74.62
SO-11869,2025-09-24,CUST-007,Bottle,Blow Molding,FR-029-MDPE-5000,WO-3523,2539111040352324,ISBM-004,1294,0.1565,202.51
SO-11870,2025-10-01,CUST-007,Bottle,Blow Molding,FR-004-rPET-330,WO-3524,2539211040352425,ISBM-004,1962,0.2383,467.54
SO-11871,2025-09-27,CUST-014,Bottle,Blow Molding,FR-004-rPET-330,WO-3525,2539311040352526,ISBM-004,3869,0.2167,838.41
SO-11872,2025-10-01,CUST-004,Bottle,Blow Molding,FR-004-rPET-330,WO-3527,2539421040352728,ISBM-004,1415,0.3361,475.58
SO-11873,2025-09-29,CUST-003,Bottle,Blow Molding,FR-004-rPET-330,WO-3528,2539531040352829,ISBM-004,7427,0.0997,740.47
SO-11874,2025-10-01,CUST-002,Bottle,Blow Molding,FR-012-PET-400,WO-3529,2539521040352930,ISBM-004,2234,0.2395,535.04
SO-11875,2025-10-01,CUST-009,Bottle,Blow Molding,FR-012-PET-400,WO-3530,2539631040353031,ISBM-004,5270,0.2956,1557.81
SO-11876,2025-09-29,CUST-005,Bottle,Blow Molding,FR-012-PET-400,WO-3531,2539621040353132,ISBM-004,2377,0.2609,620.16
SO-11877,2025-10-03,CUST-004,Bottle,Blow Molding,FR-012-PET-400,WO-3532,2539711040353233,ISBM-004,3917,0.112,438.7
SO-11878,2025-10-01,CUST-003,Bottle,Blow Molding,FR-012-PET-400,WO-3533,2539721040353334,ISBM-004,4280,0.2866,1226.65
SO-11879,2025-10-05,CUST-004,Bottle,Blow Molding,FR-012-PET-400,WO-3534,2540111040353435,ISBM-004,3757,0.3148,1182.7
SO-11880,2025-10-03,CUST-014,Bottle,Blow Molding,FR-029-MDPE-5000,WO-3537,2540331040353738,ISBM-004,777,0.2341,181.9
SO-11881,2025-10-13,CUST-014,Bottle,Blow Molding,FR-004-rPET-330,WO-3541,2540531040354142,ISBM-004,3564,0.1212,431.96
SO-11882,2025-10-06,CUST-001,Bottle,Blow Molding,FR-004-rPET-330,WO-3542,2540621040354243,ISBM-004,6563,0.2389,1567.9
SO-11883,2025-10-08,CUST-006,Bottle,Blow Molding,FR-012-PET-400,WO-3543,2540711040354344,ISBM-004,4302,0.2085,896.97
SO-11884,2025-10-08,CUST-011,Bottle,Blow Molding,FR-026-HDPE-4000,WO-3544,2541111040354445,ISBM-004,1436,0.1948,279.73
SO-11885,2025-10-08,CUST-011,Bottle,Blow Molding,FR-004-rPET-330,WO-3545,2541231040354546,ISBM-004,4133,0.2555,1055.98
SO-11886,2025-10-10,CUST-013,Bottle,Blow Molding,FR-004-rPET-330,WO-3546,2541221040354647,ISBM-004,2468,0.2503,617.74
SO-11887,2025-10-11,CUST-004,Bottle,Blow Molding,FR-004-rPET-330,WO-3547,2541311040354748,ISBM-004,4009,0.1429,572.89
SO-11888,2025-10-14,CUST-002,Bottle,Blow Molding,FR-029-MDPE-5000,WO-3550,2541511040355051,ISBM-004,611,0.23,140.53
SO-11889,2025-10-16,CUST-005,Bottle,Blow Molding,FR-004-rPET-330,WO-3551,2541631040355152,ISBM-004,3337,0.124,413.79
SO-11890,2025-10-21,CUST-005,Bottle,Blow Molding,FR-004-rPET-330,WO-3552,2541621040355253,ISBM-004,9704,0.2436,2363.89
SO-11891,2025-10-19,CUST-004,Bottle,Blow Molding,FR-012-PET-400,WO-3553,2541721040355354,ISBM-004,3213,0.268,861.08
SO-11892,2025-10-21,CUST-009,Bottle,Blow Molding,FR-012-PET-400,WO-3554,2542111040355455,ISBM-004,5071,0.2788,1413.79
SO-11893,2025-10-23,CUST-003,Bottle,Blow Molding,FR-029-MDPE-5000,WO-3555,2542231040355556,ISBM-004,392,0.2845,111.52
SO-11894,2025-10-18,CUST-014,Bottle,Blow Molding,FR-029-MDPE-5000,WO-3556,2542221040355657,ISBM-004,1061,0.3198,339.31
SO-11895,2025-10-20,CUST-006,Bottle,Blow Molding,FR-029-MDPE-5000,WO-3557,2542331040355758,ISBM-004,921,0.2622,241.49
SO-11896,2025-10-21,CUST-009,Bottle,  Blow Molding  ,FR-004-rPET-330,WO-3558,2542321040355859,ISBM-004,4122,0.3221,1327.7
SO-11897,2025-10-19,CUST-006,Bottle,Blow Molding,FR-004-rPET-330,WO-3559,2542411040355960,ISBM-004,5490,0.306,1679.94
SO-11898,2025-10-28,CUST-012,Bottle,Blow Molding,FR-029-MDPE-5000,WO-3560,2542531040356061,ISBM-004,627,0.3309,207.47
SO-11899,2025-10-23,CUST-009,Bottle,Blow Molding,FR-026-HDPE-4000,WO-3561,2542521040356162,ISBM-004,1101,0.3186,350.78
SO-11900,2025-10-25,CUST-002,Bottle,Blow Molding,FR-026-HDPE-4000,WO-3562,2542631040356263,ISBM-004,2243,0.0943,211.51
SO-11901,2025-10-30,CUST-010,Bottle,BLOW MOLDING,FR-026-HDPE-4000,WO-3563,2542621040356364,ISBM-004,1650,0.1844,304.26
SO-11902,2025-10-30,CUST-003,Bottle,Blow Molding,FR-026-HDPE-4000,WO-3564,2542711040356465,ISBM-004,2523,0.2955,745.55
SO-11903,2025-10-28,CUST-002,Bottle,Blow Molding,FR-026-HDPE-4000,WO-3565,2543131040356566,ISBM-004,1754,0.158,277.13
SO-11904,2025-10-31,CUST-010,Bottle,Blow Molding,FR-026-HDPE-4000,WO-3566,2543121040356667,ISBM-004,1603,0.165,264.5
SO-11905,2025-10-31,CUST-002,Bottle,Blow Molding,FR-004-rPET-330,WO-3571,2543511040357172,ISBM-004,11808,0.2027,2393.48
SO-11906,2025-10-31,CUST-013,Bottle,Blow Molding,FR-026-HDPE-4000,WO-3572,2543631040357273,ISBM-004,1075,0.2903,312.07
SO-11907,2025-11-05,CUST-003,Bottle,Blow Molding,FR-026-HDPE-4000,WO-3573,2543621040357374,ISBM-004,1866,0.1025,191.26
SO-11908,2025-10-29,CUST-003,Bottle,Blow Molding,FR-012-PET-400,WO-3575,2544131040357576,ISBM-004,4567,0.2488,1136.27
SO-11909,2025-11-07,CUST-009,Bottle,Blow Molding,FR-012-PET-400,WO-3576,2544121040357677,ISBM-004,3065,0.2629,805.79
SO-11910,2025-11-01,CUST-006,Bottle,Blow Molding,FR-012-PET-400,WO-3578,2544221040357879,ISBM-004,3374,0.2454,827.98
SO-11911,2025-11-03,CUST-007,Bottle,Blow Molding,FR-004-rPET-330,WO-3579,2544311040357980,ISBM-004,10804,0.2739,2959.22
SO-11912,2025-11-06,CUST-002,Bottle,Blow Molding,FR-004-rPET-330,WO-3580,2544431040358081,ISBM-004,5485,0.3192,1750.81
SO-11913,2025-11-06,CUST-012,Bottle,Blow Molding,FR-029-MDPE-5000,WO-3581,2544531040358182,ISBM-004,613,0.0891,54.62
SO-11914,2025-11-06,CUST-009,Bottle,Blow Molding,FR-029-MDPE-5000,WO-3582,2544521040358283,ISBM-004,451,0.3243,146.26
SO-11915,2025-11-04,CUST-007,Bottle,Blow Molding,FR-029-MDPE-5000,WO-3583,2544631040358384,ISBM-004,820,0.2758,226.16
SO-11916,2025-11-13,CUST-010,Bottle,Blow Molding,FR-029-MDPE-5000,WO-3584,2544731040358485,ISBM-004,547,0.1266,69.25
SO-11917,2025-11-07,CUST-003,Bottle,Blow Molding,FR-029-MDPE-5000,WO-3585,2544711040358586,ISBM-004,637,0.1062,67.65
SO-11918,2025-11-11,CUST-003,Bottle,Blow Molding,FR-029-MDPE-5000,WO-3586,2545131040358687,ISBM-004,701,0.1029,72.13
SO-11919,2025-11-09,CUST-012,Bottle,BLOW MOLDING,FR-029-MDPE-5000,WO-3587,2545121040358788,ISBM-004,1026,0.2743,281.43
SO-11920,2025-11-05,CUST-005,Bottle,Blow Molding,FR-004-rPET-330,WO-3588,2545211040358889,ISBM-004,2825,0.1176,332.22
SO-11921,2025-11-14,CUST-009,Bottle,Blow Molding,FR-004-rPET-330,WO-3589,2545231040358990,ISBM-004,5887,0.256,1507.07
SO-11922,2025-11-15,CUST-010,Bottle,Blow Molding,FR-004-rPET-330,WO-3590,2545331040359091,ISBM-004,2927,0.1841,538.86
SO-11923,2025-11-18,CUST-011,Bottle,blow molding,FR-026-HDPE-4000,WO-3591,2545411040359192,ISBM-004,1821,0.2236,407.18
SO-11924,2025-11-14,CUST-013,Bottle,Blow Molding,FR-026-HDPE-4000,WO-3592,2545511040359293,ISBM-004,2946,0.146,430.12
SO-11925,2025-11-17,CUST-006,Bottle,Blow Molding,FR-012-PET-400,WO-3593,2545631040359394,ISBM-004,4916,0.2646,1300.77
SO-11926,2025-11-16,CUST-007,Bottle,Blow Molding,FR-026-HDPE-4000,WO-3594,2545621040359495,ISBM-004,1159,0.3371,390.7
SO-11927,2025-11-19,CUST-008,Bottle,Blow Molding,FR-026-HDPE-4000,WO-3595,2545721040359596,ISBM-004,1676,0.2194,367.71
SO-11928,2025-11-14,CUST-006,Bottle,Blow Molding,FR-026-HDPE-4000,WO-3596,2546131040359697,ISBM-004,3435,0.23,790.05
SO-11929,2025-11-17,CUST-002,Bottle,Blow Molding,FR-029-MDPE-5000,WO-3597,2546131040359798,ISBM-004,260,0.3202,83.25
SO-11930,2025-11-14,CUST-004,Bottle,Blow Molding,FR-029-MDPE-5000,WO-3598,2546211040359899,ISBM-004,1115,0.1409,157.1
SO-11931,2025-11-21,CUST-009,Bottle,Blow Molding,FR-026-HDPE-4000,WO-3599,2546331040359901,ISBM-004,2594,0.2067,536.18
SO-11932,2025-11-14,CUST-009,Bottle,  Blow Molding  ,FR-029-MDPE-5000,WO-3600,2546331040360002,ISBM-004,831,0.108,89.75
SO-11933,2025-11-25,CUST-011,Bottle,Blow Molding,FR-029-MDPE-5000,WO-3601,2546421040360103,ISBM-004,586,0.2976,174.39
SO-11934,2025-11-21,CUST-014,Bottle,Blow Molding,FR-029-MDPE-5000,WO-3602,2546531040360204,ISBM-004,853,0.1222,104.24
SO-11935,2025-11-16,CUST-013,Bottle,Blow Molding,FR-004-rPET-330,WO-3603,2546631040360305,ISBM-004,3065,0.3125,957.81
SO-11936,2025-11-20,CUST-003,Bottle,Blow Molding,FR-004-rPET-330,WO-3604,2546621040360406,ISBM-004,2629,0.2489,654.36
SO-11937,2025-11-27,CUST-001,Bottle,Blow Molding,FR-004-rPET-330,WO-3606,2546711040360608,ISBM-004,4244,0.2071,878.93
SO-11938,2025-11-21,CUST-002,Bottle,Blow Molding,FR-004-rPET-330,WO-3607,2547131040360709,ISBM-004,5982,0.2511,1502.08
SO-11939,2025-11-27,CUST-007,Bottle,Blow Molding,FR-012-PET-400,WO-3608,2547131040360810,ISBM-004,3497,0.1775,620.72
SO-11940,2025-11-28,CUST-011,Bottle,Blow Molding,FR-012-PET-400,WO-3609,2547211040360911,ISBM-004,4467,0.3266,1458.92
SO-11941,2025-11-24,CUST-007,Bottle,Blow Molding,FR-012-PET-400,WO-3611,2547321040361113,ISBM-004,3521,0.2959,1041.86
SO-11942,2025-11-28,CUST-004,Bottle,Blow Molding,FR-029-MDPE-5000,WO-3612,2547411040361214,ISBM-004,801,0.2888,231.33
SO-11943,2025-11-24,CUST-003,Bottle,Blow Molding,FR-029-MDPE-5000,WO-3614,2547511040361416,ISBM-004,226,0.3073,69.45
SO-11944,2025-11-26,CUST-011,Bottle,Blow Molding,FR-029-MDPE-5000,WO-3615,2547531040361517,ISBM-004,216,0.2642,57.07
SO-11945,2025-11-27,CUST-012,Bottle,Blow Molding,FR-012-PET-400,WO-3616,2547611040361618,ISBM-004,4325,0.3329,1439.79
SO-11946,2025-11-30,CUST-006,Bottle,Blow Molding,FR-012-PET-400,WO-3617,2547731040361719,ISBM-004,6208,0.1217,755.51
SO-11947,2025-11-29,CUST-003,Bottle,Blow Molding,FR-012-PET-400,WO-3618,2547721040361820,ISBM-004,7526,0.1812,1363.71
SO-11948,2025-11-28,CUST-006,Bottle,  Blow Molding  ,FR-004-rPET-330,WO-3619,2548111040361921,ISBM-004,3827,0.117,447.76
SO-11949,2025-12-05,CUST-010,Bottle,  Blow Molding  ,FR-012-PET-400,WO-3620,2548231040362022,ISBM-004,2900,0.1345,390.05
SO-11950,2025-12-01,CUST-008,Bottle,Blow Molding,FR-012-PET-400,WO-3623,2548411040362325,ISBM-004,4695,0.2702,1268.59
SO-11951,2025-12-03,CUST-008,Bottle,Blow Molding,FR-012-PET-400,WO-3625,2548521040362527,ISBM-004,3465,0.0905,313.58
SO-11952,2025-12-09,CUST-001,Bottle,Blow Molding,FR-026-HDPE-4000,WO-3627,2548731040362729,ISBM-004,1120,0.136,152.32
SO-11953,2025-12-11,CUST-007,Bottle,Blow Molding,FR-026-HDPE-4000,WO-3628,2548721040362830,ISBM-004,1423,0.3001,427.04
SO-11954,2025-12-11,CUST-010,Bottle,Blow Molding,FR-004-rPET-330,WO-3631,2549211040363133,ISBM-004,4430,0.1267,561.28
SO-11955,2025-12-06,CUST-001,Bottle,Blow Molding,FR-004-rPET-330,WO-3632,2549221040363234,ISBM-004,4639,0.2302,1067.9
SO-11956,2025-12-07,CUST-011,Bottle,Blow Molding,FR-004-rPET-330,WO-3633,2549321040363335,ISBM-004,2350,0.1906,447.91
SO-11957,2025-12-06,CUST-013,Bottle,Blow Molding,FR-004-rPET-330,WO-3634,2549431040363436,ISBM-004,6012,0.2387,1435.06
SO-11958,2025-12-07,CUST-003,Bottle,Blow Molding,FR-004-rPET-330,WO-3635,2549421040363537,ISBM-004,8450,0.271,2289.95
SO-11959,2025-12-10,CUST-008,Bottle,Blow Molding,FR-012-PET-400,WO-3637,2549611040363739,ISBM-004,9275,0.2811,2607.2
SO-11960,2025-12-15,CUST-003,Bottle,Blow Molding,FR-026-HDPE-4000,WO-3638,2549731040363840,ISBM-004,1636,0.2091,342.09
SO-11961,2025-12-19,CUST-011,Bottle,Blow Molding,FR-026-HDPE-4000,WO-3639,2550131040363941,ISBM-004,1205,0.242,291.61
SO-11962,2025-12-12,CUST-006,Bottle,Blow Molding,FR-026-HDPE-4000,WO-3640,2550111040364042,ISBM-004,1671,0.1464,244.63
SO-11963,2025-12-14,CUST-013,Bottle,Blow Molding,FR-029-MDPE-5000,WO-3642,2550211040364244,ISBM-004,551,0.2195,120.94
SO-11964,2025-12-20,CUST-011,Bottle,Blow Molding,FR-004-rPET-330,WO-3643,2550331040364345,ISBM-004,3548,0.1421,504.17
SO-11965,2025-12-21,CUST-014,Bottle,Blow Molding,FR-029-MDPE-5000,WO-3644,2550321040364446,ISBM-004,509,0.2999,152.65
SO-11966,2025-12-23,CUST-012,Bottle,Blow Molding,FR-004-rPET-330,WO-3645,2550421040364547,ISBM-004,2849,0.3337,950.71
SO-11967,2025-12-20,CUST-001,Bottle,Blow Molding,FR-004-rPET-330,WO-3646,2550511040364648,ISBM-004,3926,0.1727,678.02
SO-11968,2025-12-15,CUST-006,Bottle,Blow Molding,FR-004-rPET-330,WO-3647,2550531040364749,ISBM-004,3950,0.2117,836.22
SO-11969,2025-12-16,CUST-005,Bottle,Blow Molding,FR-004-rPET-330,WO-3648,2550611040364850,ISBM-004,6354,0.332,2109.53
SO-11970,2025-12-24,CUST-006,Bottle,Blow Molding,FR-004-rPET-330,WO-3649,2550711040364951,ISBM-004,5826,0.3037,1769.36
SO-11971,2025-12-16,CUST-008,Bottle,Blow Molding,FR-026-HDPE-4000,WO-3650,2550731040365052,ISBM-004,2322,0.2964,688.24
SO-11972,2025-12-27,CUST-013,Bottle,Blow Molding,FR-026-HDPE-4000,WO-3651,2551121040365153,ISBM-004,1792,0.1414,253.39
SO-11973,2025-12-20,CUST-008,Bottle,Blow Molding,FR-026-HDPE-4000,WO-3652,2551231040365254,ISBM-004,1274,0.3199,407.55
SO-11974,2025-12-18,CUST-011,Bottle,BLOW MOLDING,FR-029-MDPE-5000,WO-3653,2551211040365355,ISBM-004,764,0.1266,96.72
SO-11975,2025-12-19,CUST-001,Bottle,Blow Molding,FR-029-MDPE-5000,WO-3654,2551231040365456,ISBM-004,482,0.3361,162.0
SO-11976,2025-12-21,CUST-005,Bottle,Blow Molding,FR-029-MDPE-5000,WO-3655,2551321040365557,ISBM-004,519,0.1639,85.06
SO-11977,2025-12-30,CUST-007,Bottle,Blow Molding,FR-004-rPET-330,WO-3657,2551531040365759,ISBM-004,3298,0.2954,974.23
SO-11978,2025-12-21,CUST-014,Bottle,Blow Molding,FR-029-MDPE-5000,WO-3658,2551521040365860,ISBM-004,332,0.1192,39.57
SO-11979,2025-12-28,CUST-008,Bottle,Blow Molding,FR-029-MDPE-5000,WO-3659,2551611040365961,ISBM-004,365,0.1518,55.41
SO-11980,2025-12-22,CUST-009,Bottle,Blow Molding,FR-029-MDPE-5000,WO-3660,2551731040366062,ISBM-004,972,0.1865,181.28
SO-11981,2025-12-26,CUST-002,Bottle,Blow Molding,FR-004-rPET-330,WO-3661,2551721040366163,ISBM-004,5147,0.1975,1016.53
SO-11982,2026-01-03,CUST-008,Bottle,Blow Molding,FR-029-MDPE-5000,WO-3664,2552221040366466,ISBM-004,571,0.343,195.85
SO-11983,2025-12-30,CUST-002,Bottle,Blow Molding,FR-029-MDPE-5000,WO-3665,2552311040366567,ISBM-004,546,0.1112,60.72
SO-11984,2025-12-30,CUST-005,Bottle,Blow Molding,FR-029-MDPE-5000,WO-3667,2552411040366769,ISBM-004,1132,0.2389,270.43
SO-11985,2025-12-30,CUST-005,Bottle,Blow Molding,FR-004-rPET-330,WO-3669,2552531040366971,ISBM-004,4365,0.1109,484.08
SO-11986,2026-01-03,CUST-013,Bottle,Blow Molding,FR-004-rPET-330,WO-3670,2552611040367072,ISBM-004,6874,0.2405,1653.2
SO-11987,2026-01-02,CUST-003,Bottle,Blow Molding,FR-029-MDPE-5000,WO-3671,2552711040367173,ISBM-004,740,0.3218,238.13
SO-11988,2026-01-03,CUST-004,Bottle,blow molding,FR-029-MDPE-5000,WO-3672,2501111040367274,ISBM-004,1361,0.1731,235.59
SO-11989,2026-01-05,CUST-003,Bottle,Blow Molding,FR-029-MDPE-5000,WO-3673,2501231040367375,ISBM-004,334,0.0919,30.69
SO-11990,2026-01-06,CUST-006,Bottle,Blow Molding,FR-012-PET-400,WO-3674,2501221040367476,ISBM-004,5437,0.1531,832.4
SO-11991,2026-01-02,CUST-006,Bottle,Blow Molding,FR-026-HDPE-4000,WO-3676,2601431040367678,ISBM-004,1372,0.3237,444.12
SO-11992,2026-01-11,CUST-007,Bottle,Blow Molding,FR-029-MDPE-5000,WO-3677,2601531040367779,ISBM-004,233,0.2098,48.88
SO-11993,2026-01-04,CUST-007,Bottle,Blow Molding,FR-029-MDPE-5000,WO-3678,2601521040367880,ISBM-004,573,0.3196,183.13
SO-11994,2026-01-04,CUST-014,Bottle,Blow Molding,FR-029-MDPE-5000,WO-3679,2601631040367981,ISBM-004,724,0.137,99.19
SO-11995,2026-01-11,CUST-014,Bottle,Blow Molding,FR-026-HDPE-4000,WO-3680,2601621040368082,ISBM-004,2131,0.0994,211.82
SO-11996,2026-01-12,CUST-010,Bottle,Blow Molding,FR-026-HDPE-4000,WO-3681,2601711040368183,ISBM-004,1325,0.3496,463.22
SO-11997,2026-01-13,CUST-009,Bottle,Blow Molding,FR-026-HDPE-4000,WO-3682,2601731040368284,ISBM-004,1395,0.0956,133.36
SO-11998,2026-01-17,CUST-002,Bottle,Blow Molding,FR-026-HDPE-4000,WO-3683,2602121040368385,ISBM-004,646,0.1547,99.94
SO-11999,2026-01-07,CUST-003,Bottle,blow molding,FR-012-PET-400,WO-3684,2602231040368486,ISBM-004,3524,0.2384,840.12
SO-12000,2026-01-16,CUST-005,Bottle,Blow Molding,FR-012-PET-400,WO-3685,2602221040368587,ISBM-004,4207,0.1818,764.83
SO-12001,2026-01-10,CUST-011,Bottle,Blow Molding,FR-012-PET-400,WO-3686,2602321040368688,ISBM-004,8080,0.1257,1015.66
SO-12002,2026-01-16,CUST-013,Bottle,Blow Molding,FR-012-PET-400,WO-3687,2602411040368789,ISBM-004,5479,0.2229,1221.27
SO-12003,2026-01-15,CUST-002,Bottle,Blow Molding,FR-026-HDPE-4000,WO-3689,2602521040368991,ISBM-004,2186,0.2531,553.28
SO-12004,2026-01-15,CUST-008,Bottle,Blow Molding,FR-012-PET-400,WO-3690,2602611040369092,ISBM-004,6505,0.1938,1260.67
SO-12005,2026-01-13,CUST-005,Bottle,Blow Molding,FR-012-PET-400,WO-3691,2602631040369193,ISBM-004,5066,0.2852,1444.82
SO-12006,2026-01-17,CUST-013,Bottle,Blow Molding,FR-026-HDPE-4000,WO-3693,2603111040369395,ISBM-004,2184,0.1812,395.74
SO-12007,2026-01-18,CUST-010,Bottle,Blow Molding,FR-026-HDPE-4000,WO-3694,2603231040369496,ISBM-004,863,0.1717,148.18
SO-12008,2026-01-15,CUST-007,Bottle,Blow Molding,FR-026-HDPE-4000,WO-3695,2603221040369597,ISBM-004,1525,0.1163,177.36
SO-12009,2026-01-22,CUST-005,Bottle,blow molding,FR-026-HDPE-4000,WO-3696,2603331040369698,ISBM-004,1815,0.1236,224.33
SO-12010,2026-01-24,CUST-012,Bottle,Blow Molding,FR-026-HDPE-4000,WO-3697,2603331040369799,ISBM-004,685,0.2307,158.03
SO-12011,2026-01-19,CUST-001,Bottle,Blow Molding,FR-029-MDPE-5000,WO-3699,2603531040369902,ISBM-004,733,0.1136,83.27
SO-12012,2026-01-23,CUST-004,Bottle,Blow Molding,FR-026-HDPE-4000,WO-3700,2603631040370003,ISBM-004,1887,0.205,386.83
SO-12013,2026-01-20,CUST-010,Bottle,Blow Molding,FR-026-HDPE-4000,WO-3701,2603621040370104,ISBM-004,641,0.1811,116.09
SO-12014,2026-01-22,CUST-006,Bottle,Blow Molding,FR-029-MDPE-5000,WO-3702,2603711040370205,ISBM-004,1024,0.2461,252.01
SO-12015,2026-01-20,CUST-004,Bottle,blow molding,FR-012-PET-400,WO-3703,2604111040370306,ISBM-004,3124,0.1017,317.71
SO-12016,2026-01-29,CUST-013,Bottle,blow molding,FR-012-PET-400,WO-3704,2604121040370407,ISBM-004,8640,0.1919,1658.02
SO-12017,2026-01-30,CUST-010,Bottle,Blow Molding,FR-004-rPET-330,WO-3707,2604321040370710,ISBM-004,3654,0.2772,1012.89
SO-12018,2026-01-31,CUST-002,Bottle,Blow Molding,FR-004-rPET-330,WO-3708,2604421040370811,ISBM-004,6912,0.2207,1525.48
SO-12019,2026-02-01,CUST-014,Bottle,Blow Molding,FR-004-rPET-330,WO-3709,2604531040370912,ISBM-004,4130,0.1097,453.06
SO-12020,2026-01-29,CUST-006,Bottle,Blow Molding,FR-026-HDPE-4000,WO-3710,2604531040371013,ISBM-004,2408,0.1653,398.04
SO-12021,2026-01-26,CUST-006,Bottle,Blow Molding,FR-029-MDPE-5000,WO-3711,2604621040371114,ISBM-004,794,0.3356,266.47
SO-12022,2026-02-06,CUST-010,Bottle,Blow Molding,FR-029-MDPE-5000,WO-3713,2605111040371316,ISBM-004,957,0.3168,303.18
SO-12023,2026-02-05,CUST-008,Bottle,Blow Molding,FR-004-rPET-330,WO-3714,2605211040371417,ISBM-004,4884,0.288,1406.59
SO-12024,2026-02-02,CUST-010,Bottle,  Blow Molding  ,FR-004-rPET-330,WO-3715,2605331040371518,ISBM-004,7115,0.1116,794.03
SO-12025,2026-01-31,CUST-002,Bottle,Blow Molding,FR-004-rPET-330,WO-3716,2605321040371619,ISBM-004,6503,0.2866,1863.76
SO-12026,2026-02-09,CUST-012,Bottle,Blow Molding,FR-029-MDPE-5000,WO-3717,2605411040371720,ISBM-004,1224,0.2858,349.82
SO-12027,2026-02-04,CUST-012,Bottle,Blow Molding,FR-026-HDPE-4000,WO-3718,2605531040371821,ISBM-004,1845,0.2346,432.84
SO-12028,2026-02-07,CUST-002,Bottle,Blow Molding,FR-026-HDPE-4000,WO-3719,2605631040371922,ISBM-004,1171,0.2494,292.05
SO-12029,2026-02-03,CUST-014,Bottle,Blow Molding,FR-012-PET-400,WO-3720,2605621040372023,ISBM-004,2197,0.1457,320.1
SO-12030,2026-02-11,CUST-005,Bottle,Blow Molding,FR-012-PET-400,WO-3721,2605731040372124,ISBM-004,3916,0.1731,677.86
SO-12031,2026-02-06,CUST-013,Bottle,Blow Molding,FR-012-PET-400,WO-3722,2605731040372225,ISBM-004,2765,0.3435,949.78
SO-12032,2026-02-13,CUST-005,Bottle,Blow Molding,FR-026-HDPE-4000,WO-3724,2606231040372427,ISBM-004,1374,0.1277,175.46
SO-12033,2026-02-08,CUST-008,Bottle,blow molding,FR-026-HDPE-4000,WO-3725,2606331040372528,ISBM-004,1556,0.1078,167.74
SO-12034,2026-02-11,CUST-004,Bottle,Blow Molding,FR-004-rPET-330,WO-3726,2606321040372629,ISBM-004,3886,0.1444,561.14
SO-12035,2026-02-13,CUST-004,Bottle,Blow Molding,FR-004-rPET-330,WO-3727,2606411040372730,ISBM-004,1806,0.3065,553.54
SO-12036,2026-02-12,CUST-010,Bottle,Blow Molding,FR-004-rPET-330,WO-3728,2606511040372831,ISBM-004,4501,0.2096,943.41
SO-12037,2026-02-14,CUST-008,Bottle,Blow Molding,FR-004-rPET-330,WO-3729,2606631040372932,ISBM-004,3772,0.2974,1121.79
SO-12038,2026-02-19,CUST-003,Bottle,Blow Molding,FR-004-rPET-330,WO-3730,2606621040373033,ISBM-004,5019,0.2344,1176.45
SO-12039,2026-02-13,CUST-010,Bottle,Blow Molding,FR-004-rPET-330,WO-3731,2606711040373134,ISBM-004,11387,0.1039,1183.11
SO-12040,2026-02-21,CUST-001,Bottle,Blow Molding,FR-004-rPET-330,WO-3732,2607111040373235,ISBM-004,4688,0.1156,541.93
SO-12041,2026-02-21,CUST-014,Bottle,Blow Molding,FR-004-rPET-330,WO-3733,2607231040373336,ISBM-004,4616,0.0996,459.75
SO-12042,2026-02-16,CUST-010,Bottle,Blow Molding,FR-012-PET-400,WO-3734,2607221040373437,ISBM-004,10111,0.2922,2954.43
SO-12043,2026-02-21,CUST-005,Bottle,Blow Molding,FR-012-PET-400,WO-3735,2607311040373538,ISBM-004,7173,0.327,2345.57
SO-12044,2026-02-19,CUST-014,Bottle,Blow Molding,FR-012-PET-400,WO-3736,2607431040373639,ISBM-004,6227,0.3407,2121.54
SO-12045,2026-02-23,CUST-012,Bottle,Blow Molding,FR-004-rPET-330,WO-3737,2607421040373740,ISBM-004,2311,0.3396,784.82
SO-12046,2026-02-20,CUST-013,Bottle,Blow Molding,FR-004-rPET-330,WO-3738,2607531040373841,ISBM-004,2572,0.2379,611.88
SO-12047,2026-02-16,CUST-009,Bottle,  Blow Molding  ,FR-012-PET-400,WO-3739,2607511040373942,ISBM-004,4030,0.1671,673.41
SO-12048,2026-02-25,CUST-006,Bottle,Blow Molding,FR-012-PET-400,WO-3740,2607531040374043,ISBM-004,3174,0.1916,608.14
SO-12049,2026-02-16,CUST-002,Bottle,BLOW MOLDING,FR-012-PET-400,WO-3741,2607611040374144,ISBM-004,4478,0.3429,1535.51
SO-12050,2026-02-17,CUST-006,Bottle,  Blow Molding  ,FR-026-HDPE-4000,WO-3743,2607721040374346,ISBM-004,1843,0.3291,606.53
SO-12051,2026-02-24,CUST-010,Bottle,Blow Molding,FR-026-HDPE-4000,WO-3744,2608111040374447,ISBM-004,1772,0.2477,438.92
SO-12052,2026-02-22,CUST-009,Bottle,Blow Molding,FR-026-HDPE-4000,WO-3745,2608231040374548,ISBM-004,2150,0.162,348.3
SO-12053,2026-02-26,CUST-011,Bottle,Blow Molding,FR-026-HDPE-4000,WO-3746,2608221040374649,ISBM-004,1912,0.2147,410.51
SO-12054,2026-02-21,CUST-006,Bottle,BLOW MOLDING,FR-026-HDPE-4000,WO-3747,2608331040374750,ISBM-004,2230,0.1956,436.19
SO-12055,2026-02-27,CUST-003,Bottle,Blow Molding,FR-026-HDPE-4000,WO-3748,2608431040374851,ISBM-004,2789,0.1293,360.62
SO-12056,2026-03-02,CUST-009,Bottle,Blow Molding,FR-012-PET-400,WO-3749,2608531040374952,ISBM-004,4856,0.2808,1363.56
SO-12057,2026-02-25,CUST-014,Bottle,Blow Molding,FR-012-PET-400,WO-3750,2608521040375053,ISBM-004,2439,0.2372,578.53
SO-12058,2026-03-04,CUST-005,Bottle,Blow Molding,FR-029-MDPE-5000,WO-3751,2608631040375154,ISBM-004,301,0.0837,25.19
SO-12059,2026-03-03,CUST-008,Bottle,Blow Molding,FR-029-MDPE-5000,WO-3752,2608631040375255,ISBM-004,492,0.2149,105.73
SO-12060,2026-02-28,CUST-010,Bottle,Blow Molding,FR-029-MDPE-5000,WO-3753,2608731040375356,ISBM-004,770,0.1157,89.09
SO-12061,2026-02-25,CUST-009,Bottle,Blow Molding,FR-012-PET-400,WO-3754,2609111040375457,ISBM-004,4803,0.1176,564.83
SO-12062,2026-03-03,CUST-013,Bottle,Blow Molding,FR-012-PET-400,WO-3755,2609231040375558,ISBM-004,5730,0.2657,1522.46
SO-12063,2026-03-06,CUST-008,Bottle,Blow Molding,FR-026-HDPE-4000,WO-3757,2609311040375760,ISBM-004,2231,0.3253,725.74
SO-12064,2026-03-08,CUST-014,Bottle,Blow Molding,FR-026-HDPE-4000,WO-3758,2609431040375861,ISBM-004,1632,0.0879,143.45
SO-12065,2026-03-06,CUST-013,Bottle,Blow Molding,FR-026-HDPE-4000,WO-3759,2609421040375962,ISBM-004,1239,0.2243,277.91
SO-12066,2026-03-07,CUST-006,Bottle,Blow Molding,FR-004-rPET-330,WO-3760,2609511040376063,ISBM-004,3076,0.2395,736.7
SO-12067,2026-03-08,CUST-012,Bottle,Blow Molding,FR-012-PET-400,WO-3762,2609731040376265,ISBM-004,5157,0.1666,859.16
SO-12068,2026-03-06,CUST-003,Bottle,Blow Molding,FR-004-rPET-330,WO-3763,2609721040376366,ISBM-004,3151,0.2347,739.54
SO-12069,2026-03-11,CUST-013,Bottle,Blow Molding,FR-004-rPET-330,WO-3764,2610111040376467,ISBM-004,3861,0.2455,947.88
SO-12070,2026-03-05,CUST-005,Bottle,  Blow Molding  ,FR-029-MDPE-5000,WO-3765,2610231040376568,ISBM-004,824,0.0985,81.16
SO-12071,2026-03-06,CUST-004,Bottle,Blow Molding,FR-029-MDPE-5000,WO-3766,2610331040376669,ISBM-004,956,0.1629,155.73
SO-12072,2026-03-11,CUST-009,Bottle,Blow Molding,FR-029-MDPE-5000,WO-3767,2610321040376770,ISBM-004,552,0.3432,189.45
SO-12073,2026-03-17,CUST-004,Bottle,Blow Molding,FR-029-MDPE-5000,WO-3768,2610421040376871,ISBM-004,1045,0.1221,127.59
SO-12074,2026-03-13,CUST-010,Bottle,Blow Molding,FR-026-HDPE-4000,WO-3769,2610511040376972,ISBM-004,2110,0.231,487.41
SO-12075,2026-03-14,CUST-002,Bottle,Blow Molding,FR-012-PET-400,WO-3773,2611131040377376,ISBM-004,2921,0.2264,661.31
SO-12076,2026-03-20,CUST-002,Bottle,Blow Molding,FR-012-PET-400,WO-3774,2611111040377477,ISBM-004,2884,0.1148,331.08
SO-12077,2026-03-12,CUST-004,Bottle,Blow Molding,FR-004-rPET-330,WO-3776,2611221040377679,ISBM-004,5894,0.1552,914.75
SO-12078,2026-03-23,CUST-006,Bottle,Blow Molding,FR-029-MDPE-5000,WO-3777,2611321040377780,ISBM-004,1333,0.1053,140.36
SO-12079,2026-03-14,CUST-007,Bottle,Blow Molding,FR-026-HDPE-4000,WO-3778,2611411040377881,ISBM-004,1303,0.1146,149.32
SO-12080,2026-03-16,CUST-005,Bottle,Blow Molding,FR-029-MDPE-5000,WO-3779,2611531040377982,ISBM-004,548,0.1636,89.65
SO-12081,2026-03-24,CUST-006,Bottle,Blow Molding,FR-029-MDPE-5000,WO-3780,2611521040378083,ISBM-004,685,0.2422,165.91
SO-12082,2026-03-21,CUST-001,Bottle,Blow Molding,FR-029-MDPE-5000,WO-3781,2611631040378184,ISBM-004,646,0.3053,197.22
SO-12083,2026-03-24,CUST-013,Bottle,BLOW MOLDING,FR-012-PET-400,WO-3782,2611621040378285,ISBM-004,5102,0.3492,1781.62
SO-12084,2026-03-22,CUST-007,Bottle,Blow Molding,FR-012-PET-400,WO-3783,2611711040378386,ISBM-004,4754,0.2076,986.93
SO-12085,2026-03-19,CUST-013,Bottle,Blow Molding,FR-012-PET-400,WO-3784,2611731040378487,ISBM-004,2263,0.2048,463.46
SO-12086,2026-03-22,CUST-008,Bottle,blow molding,FR-026-HDPE-4000,WO-3785,2612121040378588,ISBM-004,2336,0.3148,735.37
SO-12087,2026-03-24,CUST-003,Bottle,Blow Molding,FR-026-HDPE-4000,WO-3786,2612231040378689,ISBM-004,2432,0.2297,558.63
SO-12088,2026-03-27,CUST-005,Bottle,Blow Molding,FR-029-MDPE-5000,WO-3788,2612311040378891,ISBM-004,447,0.2038,91.1
SO-12089,2026-03-25,CUST-011,Bottle,Blow Molding,FR-029-MDPE-5000,WO-3789,2612331040378992,ISBM-004,336,0.1628,54.7
SO-12090,2026-03-25,CUST-011,Bottle,Blow Molding,FR-026-HDPE-4000,WO-3790,2612411040379093,ISBM-004,1570,0.1998,313.69
SO-12091,2026-03-25,CUST-006,Bottle,Blow Molding,FR-026-HDPE-4000,WO-3791,2612531040379194,ISBM-004,1658,0.137,227.15
SO-12092,2026-03-26,CUST-012,Bottle,  Blow Molding  ,FR-012-PET-400,WO-3792,2612521040379295,ISBM-004,6011,0.0838,503.72
SO-12093,2026-04-02,CUST-011,Bottle,  Blow Molding  ,FR-012-PET-400,WO-3793,2612611040379396,ISBM-004,8888,0.3147,2797.05
SO-12094,2026-03-24,CUST-013,Bottle,Blow Molding,FR-012-PET-400,WO-3794,2612711040379497,ISBM-004,2811,0.2776,780.33
SO-12095,2026-03-24,CUST-014,Bottle,Blow Molding,FR-004-rPET-330,WO-3795,2612721040379598,ISBM-004,5570,0.1929,1074.45
SO-12096,2026-04-04,CUST-008,Bottle,Blow Molding,FR-004-rPET-330,WO-3796,2613111040379699,ISBM-004,5495,0.1526,838.54
SO-12097,2026-04-04,CUST-014,Bottle,Blow Molding,FR-012-PET-400,WO-3797,2613231040379701,ISBM-004,7949,0.0944,750.39
SO-12098,2026-03-30,CUST-007,Bottle,Blow Molding,FR-012-PET-400,WO-3798,2613221040379802,ISBM-004,5345,0.2302,1230.42
SO-12099,2026-04-06,CUST-009,Bottle,blow molding,FR-004-rPET-330,WO-3801,2613431040380105,ISBM-004,2376,0.1737,412.71
SO-12100,2026-04-05,CUST-002,Bottle,Blow Molding,FR-004-rPET-330,WO-3802,2613511040380206,ISBM-004,6300,0.2663,1677.69
SO-12101,2026-03-30,CUST-002,Bottle,Blow Molding,FR-029-MDPE-5000,WO-3803,2613611040380307,ISBM-004,814,0.1216,98.98
SO-12102,2026-04-09,CUST-006,Bottle,Blow Molding,FR-026-HDPE-4000,WO-3804,2613731040380408,ISBM-004,2505,0.2134,534.57
SO-12103,2026-04-01,CUST-005,Bottle,Blow Molding,FR-026-HDPE-4000,WO-3805,2613721040380509,ISBM-004,2408,0.2176,523.98
SO-12104,2026-04-03,CUST-012,Bottle,Blow Molding,FR-026-HDPE-4000,WO-3806,2614121040380610,ISBM-004,2486,0.1136,282.41
SO-12105,2026-04-10,CUST-011,Bottle,Blow Molding,FR-029-MDPE-5000,WO-3808,2614231040380812,ISBM-004,974,0.22,214.28
SO-12106,2026-04-14,CUST-011,Bottle,Blow Molding,FR-029-MDPE-5000,WO-3810,2614411040381014,ISBM-004,661,0.2577,170.34
SO-12107,2026-04-07,CUST-003,Bottle,Blow Molding,FR-026-HDPE-4000,WO-3811,2614531040381115,ISBM-004,1461,0.2669,389.94
SO-12108,2026-04-11,CUST-014,Bottle,BLOW MOLDING,FR-029-MDPE-5000,WO-3813,2614631040381317,ISBM-004,446,0.1799,80.24
SO-12109,2026-04-06,CUST-006,Bottle,Blow Molding,FR-029-MDPE-5000,WO-3814,2614621040381418,ISBM-004,897,0.1881,168.73
SO-12110,2026-04-16,CUST-013,Bottle,Blow Molding,FR-026-HDPE-4000,WO-3815,2614711040381519,ISBM-004,1443,0.1673,241.41
SO-12111,2026-04-14,CUST-006,Bottle,Blow Molding,FR-026-HDPE-4000,WO-3816,2615111040381620,ISBM-004,2419,0.2521,609.83
SO-12112,2026-04-09,CUST-014,Bottle,Blow Molding,FR-026-HDPE-4000,WO-3817,2615231040381721,ISBM-004,914,0.3317,303.17
SO-12113,2026-04-17,CUST-007,Bottle,Blow Molding,FR-004-rPET-330,WO-3821,2615431040382125,ISBM-004,4958,0.2738,1357.5
SO-12114,2026-04-21,CUST-010,Bottle,Blow Molding,FR-004-rPET-330,WO-3822,2615521040382226,ISBM-004,8334,0.1877,1564.29
SO-12115,2026-04-21,CUST-001,Bottle,Blow Molding,FR-004-rPET-330,WO-3823,2615611040382327,ISBM-004,4706,0.1822,857.43
SO-12116,2026-04-14,CUST-011,Bottle,Blow Molding,FR-012-PET-400,WO-3825,2616131040382529,ISBM-004,313,0.141,44.13
SO-12117,2026-04-20,CUST-004,Bottle,  Blow Molding  ,FR-012-PET-400,WO-3826,2616111040382630,ISBM-004,1637,0.1641,268.63
SO-12118,2026-04-19,CUST-003,Bottle,Blow Molding,FR-029-MDPE-5000,WO-3828,2616221040382832,ISBM-004,1223,0.224,273.95
SO-12119,2026-04-22,CUST-013,Bottle,Blow Molding,FR-029-MDPE-5000,WO-3829,2616321040382933,ISBM-004,780,0.1939,151.24
SO-12120,2026-04-19,CUST-004,Bottle,  Blow Molding  ,FR-004-rPET-330,WO-3830,2616411040383034,ISBM-004,7002,0.2399,1679.78
SO-12121,2026-04-19,CUST-004,Bottle,blow molding,FR-004-rPET-330,WO-3832,2616531040383236,ISBM-004,3224,0.1618,521.64
SO-12122,2026-04-26,CUST-010,Bottle,Blow Molding,FR-026-HDPE-4000,WO-3833,2616621040383337,ISBM-004,1007,0.1923,193.65
SO-12123,2026-04-27,CUST-002,Bottle,Blow Molding,FR-026-HDPE-4000,WO-3834,2616711040383438,ISBM-004,1916,0.111,212.68
SO-12124,2026-04-30,CUST-008,Bottle,Blow Molding,FR-026-HDPE-4000,WO-3835,2617131040383539,ISBM-004,1209,0.198,239.38
SO-12125,2026-05-02,CUST-005,Bottle,Blow Molding,FR-026-HDPE-4000,WO-3836,2617121040383640,ISBM-004,688,0.1565,107.67
SO-12126,2026-04-30,CUST-013,Bottle,Blow Molding,FR-026-HDPE-4000,WO-3837,2617211040383741,ISBM-004,713,0.2655,189.3
SO-12127,2026-04-26,CUST-011,Bottle,Blow Molding,FR-004-rPET-330,WO-3838,2617311040383842,ISBM-004,4084,0.1616,659.97
SO-12128,2026-04-26,CUST-012,Bottle,Blow Molding,FR-004-rPET-330,WO-3839,2617431040383943,ISBM-004,6971,0.2235,1558.02
SO-12129,2026-04-29,CUST-012,Bottle,Blow Molding,FR-012-PET-400,WO-3840,2617421040384044,ISBM-004,4263,0.1875,799.31
SO-12130,2026-04-30,CUST-005,Bottle,  Blow Molding  ,FR-029-MDPE-5000,WO-3841,2617511040384145,ISBM-004,493,0.2849,140.46
SO-12131,2026-04-26,CUST-013,Bottle,Blow Molding,FR-029-MDPE-5000,WO-3842,2617631040384246,ISBM-004,505,0.2042,103.12
SO-12132,2026-05-03,CUST-002,Bottle,Blow Molding,FR-012-PET-400,WO-3843,2617621040384347,ISBM-004,7627,0.1417,1080.75
SO-12133,2026-05-08,CUST-007,Bottle,Blow Molding,FR-026-HDPE-4000,WO-3844,2617711040384448,ISBM-004,2401,0.2441,586.08
SO-12134,2026-05-01,CUST-001,Bottle,Blow Molding,FR-026-HDPE-4000,WO-3846,2618131040384650,ISBM-004,2197,0.3096,680.19
SO-12135,2026-05-07,CUST-011,Bottle,Blow Molding,FR-004-rPET-330,WO-3848,2618311040384852,ISBM-004,3005,0.174,522.87
SO-12136,2026-05-06,CUST-014,Bottle,Blow Molding,FR-004-rPET-330,WO-3849,2618431040384953,ISBM-004,2686,0.3123,838.84
SO-12137,2026-05-10,CUST-014,Bottle,blow molding,FR-026-HDPE-4000,WO-3850,2618431040385054,ISBM-004,1994,0.089,177.47
SO-12138,2026-05-08,CUST-007,Bottle,Blow Molding,FR-012-PET-400,WO-3851,2618521040385155,ISBM-004,260,0.2008,52.21
SO-12139,2026-05-07,CUST-008,Bottle,Blow Molding,FR-012-PET-400,WO-3852,2618611040385256,ISBM-004,4747,0.1878,891.49
SO-12140,2026-05-06,CUST-014,Bottle,Blow Molding,FR-012-PET-400,WO-3853,2618631040385357,ISBM-004,6512,0.2447,1593.49
SO-12141,2026-05-10,CUST-005,Bottle,BLOW MOLDING,FR-029-MDPE-5000,WO-3854,2618731040385458,ISBM-004,408,0.1496,61.04
SO-12142,2026-05-07,CUST-012,Bottle,Blow Molding,FR-029-MDPE-5000,WO-3855,2619111040385559,ISBM-004,1053,0.106,111.62
SO-12143,2026-05-07,CUST-005,Bottle,Blow Molding,FR-029-MDPE-5000,WO-3856,2619231040385660,ISBM-004,792,0.1198,94.88
SO-12144,2026-05-12,CUST-007,Bottle,Blow Molding,FR-029-MDPE-5000,WO-3858,2619311040385862,ISBM-004,450,0.1606,72.27
SO-12145,2026-05-16,CUST-012,Bottle,Blow Molding,FR-012-PET-400,WO-3860,2619421040386064,ISBM-004,6912,0.0801,553.65
SO-12146,2026-05-19,CUST-008,Bottle,Blow Molding,FR-012-PET-400,WO-3861,2619531040386165,ISBM-004,7625,0.1032,786.9
SO-12147,2026-05-19,CUST-011,Bottle,Blow Molding,FR-012-PET-400,WO-3862,2619631040386266,ISBM-004,2715,0.2269,616.03
SO-12148,2026-05-19,CUST-001,Bottle,BLOW MOLDING,FR-029-MDPE-5000,WO-3865,2619721040386569,ISBM-004,890,0.319,283.91
SO-12149,2026-05-18,CUST-004,Bottle,Blow Molding,FR-026-HDPE-4000,WO-3867,2620121040386771,ISBM-004,2490,0.2629,654.62
SO-12150,2026-05-19,CUST-002,Bottle,BLOW MOLDING,FR-029-MDPE-5000,WO-3868,2620211040386872,ISBM-004,606,0.3476,210.65
SO-12151,2026-05-19,CUST-005,Bottle,Blow Molding,FR-012-PET-400,WO-3869,2620221040386973,ISBM-004,7081,0.2392,1693.78
SO-12152,2026-05-20,CUST-013,Bottle,Blow Molding,FR-026-HDPE-4000,WO-3871,2620421040387175,ISBM-004,918,0.1058,97.12
SO-12153,2026-05-24,CUST-005,Bottle,Blow Molding,FR-026-HDPE-4000,WO-3872,2620511040387276,ISBM-004,1043,0.2209,230.4
SO-12154,2026-05-21,CUST-013,Bottle,  Blow Molding  ,FR-026-HDPE-4000,WO-3873,2620521040387377,ISBM-004,1244,0.1021,127.01
SO-12155,2026-05-20,CUST-011,Bottle,Blow Molding,FR-026-HDPE-4000,WO-3875,2620731040387579,ISBM-004,1128,0.1338,150.93
SO-12156,2026-05-22,CUST-013,Bottle,Blow Molding,FR-012-PET-400,WO-3876,2620711040387680,ISBM-004,4156,0.2479,1030.27
SO-12157,2026-05-24,CUST-003,Bottle,Blow Molding,FR-029-MDPE-5000,WO-3877,2621131040387781,ISBM-004,1032,0.0952,98.25
SO-12158,2026-05-20,CUST-005,Bottle,Blow Molding,FR-029-MDPE-5000,WO-3878,2621121040387882,ISBM-004,765,0.2547,194.85
SO-12159,2026-05-29,CUST-006,Bottle,Blow Molding,FR-029-MDPE-5000,WO-3879,2621221040387983,ISBM-004,452,0.1393,62.96
SO-12160,2026-05-25,CUST-012,Bottle,Blow Molding,FR-029-MDPE-5000,WO-3880,2621311040388084,ISBM-004,1173,0.2328,273.07
SO-12161,2026-05-31,CUST-011,Bottle,Blow Molding,FR-029-MDPE-5000,WO-3881,2621331040388185,ISBM-004,864,0.2879,248.75
SO-12162,2026-05-23,CUST-007,Bottle,Blow Molding,FR-029-MDPE-5000,WO-3882,2621421040388286,ISBM-004,704,0.23,161.92
SO-12163,2026-06-01,CUST-008,Bottle,Blow Molding,FR-012-PET-400,WO-3883,2621521040388387,ISBM-004,6668,0.1724,1149.56
SO-12164,2026-06-02,CUST-014,Bottle,blow molding,FR-012-PET-400,WO-3884,2621611040388488,ISBM-004,2438,0.3191,777.97
SO-12165,2026-05-26,CUST-012,Bottle,Blow Molding,FR-012-PET-400,WO-3885,2621621040388589,ISBM-004,6222,0.3245,2019.04
SO-12166,2026-05-25,CUST-008,Bottle,Blow Molding,FR-029-MDPE-5000,WO-3886,2621711040388690,ISBM-004,667,0.2149,143.34
SO-12167,2026-05-26,CUST-009,Bottle,Blow Molding,FR-029-MDPE-5000,WO-3887,2621721040388791,ISBM-004,439,0.3445,151.24
SO-12168,2026-06-01,CUST-006,Bottle,Blow Molding,FR-029-MDPE-5000,WO-3888,2622111040388892,ISBM-004,709,0.1723,122.16
SO-12169,2026-06-01,CUST-005,Bottle,Blow Molding,FR-026-HDPE-4000,WO-3889,2622231040388993,ISBM-004,1765,0.2789,492.26
SO-12170,2026-05-31,CUST-012,Bottle,Blow Molding,FR-026-HDPE-4000,WO-3890,2622221040389094,ISBM-004,3302,0.2735,903.1
SO-12171,2026-06-02,CUST-012,Bottle,Blow Molding,FR-004-rPET-330,WO-3893,2622521040389397,ISBM-004,7115,0.1423,1012.46
SO-12172,2026-06-11,CUST-008,Bottle,Blow Molding,FR-012-PET-400,WO-3895,2622711040389599,ISBM-004,3723,0.195,725.99
SO-12173,2026-06-07,CUST-009,Bottle,Blow Molding,FR-012-PET-400,WO-3896,2623131040389601,ISBM-004,7118,0.2619,1864.2
SO-12174,2026-06-04,CUST-006,Bottle,Blow Molding,FR-004-rPET-330,WO-3897,2623121040389702,ISBM-004,689,0.2865,197.4
SO-12175,2026-06-08,CUST-006,Bottle,Blow Molding,FR-004-rPET-330,WO-3898,2623211040389803,ISBM-004,8214,0.1433,1177.07
SO-12176,2026-06-07,CUST-010,Bottle,Blow Molding,FR-004-rPET-330,WO-3899,2623311040389904,ISBM-004,4655,0.1958,911.45
SO-12177,2026-06-13,CUST-007,Bottle,blow molding,FR-029-MDPE-5000,WO-3902,2623531040390207,ISBM-004,655,0.1378,90.26
SO-12178,2026-06-10,CUST-012,Bottle,Blow Molding,FR-029-MDPE-5000,WO-3903,2623521040390308,ISBM-004,913,0.0883,80.62
SO-12179,2026-06-14,CUST-002,Bottle,Blow Molding,FR-029-MDPE-5000,WO-3904,2623621040390409,ISBM-004,1410,0.254,358.14
SO-12180,2026-06-11,CUST-010,Bottle,Blow Molding,FR-004-rPET-330,WO-3905,2623721040390510,ISBM-004,7033,0.2831,1991.04
SO-12181,2026-06-20,CUST-012,Bottle,Blow Molding,FR-004-rPET-330,WO-3906,2624121040390611,ISBM-004,5522,0.1958,1081.21
SO-12182,2026-06-18,CUST-007,Bottle,blow molding,FR-004-rPET-330,WO-3907,2624211040390712,ISBM-004,2786,0.1797,500.64
SO-12183,2026-06-20,CUST-002,Bottle,Blow Molding,FR-012-PET-400,WO-3908,2624221040390813,ISBM-004,5070,0.1354,686.48
SO-12184,2026-06-21,CUST-003,Bottle,Blow Molding,FR-026-HDPE-4000,WO-3909,2624321040390914,ISBM-004,1296,0.0859,111.33
SO-12185,2026-06-19,CUST-014,Bottle,Blow Molding,FR-004-rPET-330,WO-3910,2624411040391015,ISBM-004,5574,0.1799,1002.76
SO-12186,2026-06-17,CUST-011,Bottle,Blow Molding,FR-004-rPET-330,WO-3912,2624521040391217,ISBM-004,10169,0.1823,1853.81
SO-12187,2026-06-21,CUST-009,Bottle,Blow Molding,FR-026-HDPE-4000,WO-3914,2624731040391419,ISBM-004,1206,0.1047,126.27
SO-12188,2026-06-23,CUST-002,Bottle,Blow Molding,FR-026-HDPE-4000,WO-3915,2624721040391520,ISBM-004,1706,0.2956,504.29
SO-12189,2026-06-23,CUST-007,Bottle,Blow Molding,FR-004-rPET-330,WO-3916,2625111040391621,ISBM-004,4700,0.1345,632.15
SO-12190,2026-06-17,CUST-007,Bottle,Blow Molding,FR-004-rPET-330,WO-3917,2625231040391722,ISBM-004,5240,0.245,1283.8
SO-12191,2026-06-22,CUST-001,Bottle,Blow Molding,FR-004-rPET-330,WO-3918,2625231040391823,ISBM-004,4707,0.2396,1127.8
SO-12192,2026-06-23,CUST-003,Bottle,Blow Molding,FR-012-PET-400,WO-3919,2625321040391924,ISBM-004,5058,0.1568,793.09
SO-12193,2026-06-24,CUST-002,Bottle,Blow Molding,FR-012-PET-400,WO-3920,2625411040392025,ISBM-004,1988,0.3115,619.26
SO-12194,2026-06-23,CUST-010,Bottle,Blow Molding,FR-012-PET-400,WO-3921,2625421040392126,ISBM-004,4426,0.1651,730.73
SO-12195,2026-06-28,CUST-005,Bottle,Blow Molding,FR-026-HDPE-4000,WO-3922,2625511040392227,ISBM-004,2744,0.2529,693.96
SO-12196,2026-06-27,CUST-001,Bottle,Blow Molding,FR-026-HDPE-4000,WO-3923,2625611040392328,ISBM-004,1623,0.289,469.05
SO-12197,2026-06-25,CUST-001,Bottle,Blow Molding,FR-029-MDPE-5000,WO-3924,2625731040392429,ISBM-004,684,0.1868,127.77
SO-12198,2026-06-29,CUST-001,Bottle,Blow Molding,FR-029-MDPE-5000,WO-3925,2625721040392530,ISBM-004,403,0.3006,121.14
SO-12199,2026-06-25,CUST-002,Bottle,BLOW MOLDING,FR-029-MDPE-5000,WO-3926,2626111040392631,ISBM-004,846,0.188,159.05
SO-12200,2026-06-29,CUST-005,Bottle,Blow Molding,FR-029-MDPE-5000,WO-3927,2626231040392732,ISBM-004,889,0.3242,288.21
SO-12201,2026-07-04,CUST-010,Bottle,Blow Molding,FR-029-MDPE-5000,WO-3928,2626221040392833,ISBM-004,683,0.2574,175.8
SO-12202,2026-07-04,CUST-007,Bottle,Blow Molding,FR-004-rPET-330,WO-3930,2626331040393035,ISBM-004,3696,0.2781,1027.86
SO-12203,2026-07-06,CUST-007,Bottle,Blow Molding,FR-004-rPET-330,WO-3931,2626411040393136,ISBM-004,7452,0.2877,2143.94
SO-12204,2026-06-30,CUST-014,Bottle,Blow Molding,FR-026-HDPE-4000,WO-3932,2626511040393237,ISBM-004,1709,0.3226,551.32
SO-12205,2026-07-07,CUST-009,Bottle,Blow Molding,FR-004-rPET-330,WO-3933,2626531040393338,ISBM-004,2585,0.2241,579.3
SO-12206,2026-06-28,CUST-008,Bottle,Blow Molding,FR-004-rPET-330,WO-3934,2626611040393439,ISBM-004,5188,0.1505,780.79
SO-12207,2026-07-10,CUST-001,Bottle,Blow Molding,FR-026-HDPE-4000,WO-3935,2626731040393540,ISBM-004,176,0.2812,49.49
SO-12208,2026-07-09,CUST-013,Bottle,Blow Molding,FR-026-HDPE-4000,WO-3936,2627131040393641,ISBM-004,755,0.1746,131.82
SO-12209,2026-07-01,CUST-011,Bottle,BLOW MOLDING,FR-026-HDPE-4000,WO-3937,2627121040393742,ISBM-004,984,0.1913,188.24
SO-12210,2026-07-07,CUST-005,Bottle,Blow Molding,FR-026-HDPE-4000,WO-3938,2627231040393843,ISBM-004,1879,0.1101,206.88
SO-12211,2026-07-12,CUST-008,Bottle,Blow Molding,FR-012-PET-400,WO-3939,2627221040393944,ISBM-004,3005,0.2394,719.4
SO-12212,2026-07-06,CUST-003,Bottle,Blow Molding,FR-012-PET-400,WO-3940,2627311040394045,ISBM-004,6782,0.216,1464.91
SO-12213,2026-07-05,CUST-008,Bottle,Blow Molding,FR-012-PET-400,WO-3941,2627431040394146,ISBM-004,3117,0.2417,753.38
SO-12214,2026-07-12,CUST-006,Bottle,Blow Molding,FR-026-HDPE-4000,WO-3943,2627531040394348,ISBM-004,786,0.3117,245.0
SO-12215,2026-07-12,CUST-004,Bottle,BLOW MOLDING,FR-026-HDPE-4000,WO-3944,2627631040394449,ISBM-004,1813,0.2007,363.87
SO-12216,2026-07-10,CUST-008,Bottle,Blow Molding,FR-026-HDPE-4000,WO-3945,2627621040394550,ISBM-004,3197,0.2308,737.87
SO-12217,2026-07-12,CUST-004,Bottle,Blow Molding,FR-026-HDPE-4000,WO-3946,2627721040394651,ISBM-004,1647,0.2519,414.88
SO-12218,2026-07-10,CUST-007,Bottle,Blow Molding,FR-012-PET-400,WO-3948,2628231040394853,ISBM-004,6250,0.3445,2153.12
SO-12219,2026-07-14,CUST-012,Bottle,Blow Molding,FR-029-MDPE-5000,WO-3950,2628321040395055,ISBM-004,574,0.2642,151.65
SO-12220,2026-07-17,CUST-007,Bottle,Blow Molding,FR-029-MDPE-5000,WO-3951,2628431040395156,ISBM-004,612,0.2408,147.37
SO-12221,2026-07-20,CUST-008,Bottle,Blow Molding,FR-026-HDPE-4000,WO-3952,2628531040395257,ISBM-004,1448,0.1193,172.75
SO-12222,2026-07-19,CUST-011,Bottle,Blow Molding,FR-026-HDPE-4000,WO-3953,2628531040395358,ISBM-004,2018,0.2857,576.54
SO-12223,2026-07-20,CUST-001,Bottle,Blow Molding,FR-026-HDPE-4000,WO-3954,2628621040395459,ISBM-004,2278,0.0998,227.34
SO-12224,2026-07-15,CUST-001,Bottle,Blow Molding,FR-026-HDPE-4000,WO-3955,2628721040395560,ISBM-004,1891,0.1663,314.47
SO-12225,2026-07-17,CUST-012,Bottle,Blow Molding,FR-004-rPET-330,WO-3956,2629131040395661,ISBM-004,2049,0.3373,691.13
SO-12226,2026-07-25,CUST-011,Bottle,Blow Molding,FR-026-HDPE-4000,WO-3957,2629121040395762,ISBM-004,3128,0.2179,681.59
SO-12227,2026-07-23,CUST-011,Bottle,Blow Molding,FR-029-MDPE-5000,WO-3958,2629211040395863,ISBM-004,371,0.2041,75.72
SO-12228,2026-07-17,CUST-002,Bottle,Blow Molding,FR-029-MDPE-5000,WO-3959,2629331040395964,ISBM-004,920,0.3189,293.39
SO-12229,2026-07-24,CUST-011,Bottle,Blow Molding,FR-029-MDPE-5000,WO-3960,2629321040396065,ISBM-004,1152,0.1265,145.73
SO-12230,2026-07-27,CUST-010,Bottle,Blow Molding,FR-029-MDPE-5000,WO-3961,2629411040396166,ISBM-004,941,0.1074,101.06
SO-12231,2026-07-23,CUST-002,Bottle,Blow Molding,FR-029-MDPE-5000,WO-3962,2629531040396267,ISBM-004,377,0.332,125.16
SO-12232,2026-07-24,CUST-013,Bottle,Blow Molding,FR-029-MDPE-5000,WO-3964,2629631040396469,ISBM-004,462,0.2222,102.66
SO-12233,2026-07-22,CUST-011,Bottle,  Blow Molding  ,FR-029-MDPE-5000,WO-3965,2629621040396570,ISBM-004,1215,0.0863,104.85
SO-12234,2026-07-29,CUST-009,Bottle,Blow Molding,FR-029-MDPE-5000,WO-3966,2629721040396671,ISBM-004,287,0.2408,69.11
SO-12235,2026-07-29,CUST-001,Bottle,Blow Molding,FR-026-HDPE-4000,WO-3967,2630131040396772,ISBM-004,2470,0.1199,296.15
SO-12236,2026-07-22,CUST-003,Bottle,Blow Molding,FR-012-PET-400,WO-3968,2630231040396873,ISBM-004,5861,0.1628,954.17
SO-12237,2026-08-01,CUST-012,Bottle,Blow Molding,FR-029-MDPE-5000,WO-3969,2630231040396974,ISBM-004,435,0.3262,141.9
SO-12238,2026-07-27,CUST-008,Bottle,Blow Molding,FR-004-rPET-330,WO-3970,2630311040397075,ISBM-004,5095,0.1054,537.01
SO-12239,2026-08-04,CUST-008,Bottle,Blow Molding,FR-004-rPET-330,WO-3971,2630431040397176,ISBM-004,3991,0.1924,767.87
SO-12240,2026-08-03,CUST-008,Bottle,Blow Molding,FR-012-PET-400,WO-3972,2630531040397277,ISBM-004,5002,0.2771,1386.05
SO-12241,2026-08-05,CUST-009,Bottle,Blow Molding,FR-004-rPET-330,WO-3975,2630621040397580,ISBM-004,5884,0.3057,1798.74
SO-12242,2026-07-28,CUST-005,Bottle,Blow Molding,FR-004-rPET-330,WO-3976,2630721040397681,ISBM-004,5879,0.2412,1418.01
SO-12243,2026-07-30,CUST-012,Bottle,Blow Molding,FR-004-rPET-330,WO-3977,2631111040397782,ISBM-004,4475,0.138,617.55
SO-12244,2026-08-09,CUST-004,Bottle,Blow Molding,FR-004-rPET-330,WO-3979,2631221040397984,ISBM-004,1151,0.2854,328.5
SO-12245,2026-08-01,CUST-010,Bottle,Blow Molding,FR-004-rPET-330,WO-3980,2631331040398085,ISBM-004,5210,0.0901,469.42
SO-12246,2026-08-05,CUST-014,Bottle,Blow Molding,FR-004-rPET-330,WO-3981,2631331040398186,ISBM-004,633,0.132,83.56
SO-12247,2026-08-01,CUST-002,Bottle,Blow Molding,FR-004-rPET-330,WO-3982,2631411040398287,ISBM-004,6654,0.3484,2318.25
SO-12248,2026-08-13,CUST-005,Bottle,BLOW MOLDING,FR-004-rPET-330,WO-3986,2631711040398691,ISBM-004,4401,0.2268,998.15
SO-12249,2026-08-07,CUST-002,Bottle,Blow Molding,FR-004-rPET-330,WO-3987,2631721040398792,ISBM-004,4021,0.2297,923.62
SO-12250,2026-08-08,CUST-014,Bottle,Blow Molding,FR-004-rPET-330,WO-3988,2632121040398893,ISBM-004,2312,0.2182,504.48
SO-12251,2026-08-15,CUST-012,Bottle,Blow Molding,FR-004-rPET-330,WO-3989,2632211040398994,ISBM-004,3997,0.2495,997.25
SO-12252,2026-08-11,CUST-011,Bottle,Blow Molding,FR-004-rPET-330,WO-3990,2632331040399095,ISBM-004,3250,0.1192,387.4
SO-12253,2026-08-17,CUST-002,Bottle,Blow Molding,FR-004-rPET-330,WO-3992,2632411040399297,ISBM-004,4991,0.2858,1426.43
SO-12254,2026-08-13,CUST-001,Bottle,Blow Molding,FR-026-HDPE-4000,WO-3993,2632531040399398,ISBM-004,1387,0.1604,222.47
SO-12255,2026-08-17,CUST-008,Bottle,Blow Molding,FR-026-HDPE-4000,WO-3995,2632631040399501,ISBM-004,2287,0.2538,580.44
SO-12256,2026-08-12,CUST-008,Bottle,Blow Molding,FR-012-PET-400,WO-3997,2632721040399703,ISBM-004,3143,0.2337,734.52
SO-12257,2026-08-15,CUST-006,Bottle,Blow Molding,FR-012-PET-400,WO-3998,2633111040399804,ISBM-004,4031,0.2938,1184.31
SO-12258,2026-08-20,CUST-008,Bottle,  Blow Molding  ,FR-029-MDPE-5000,WO-3999,2633211040399905,ISBM-004,816,0.2655,216.65
SO-12259,2026-08-13,CUST-002,Bottle,  Blow Molding  ,FR-029-MDPE-5000,WO-4000,2633231040400006,ISBM-004,675,0.1273,85.93
SO-12260,2026-08-24,CUST-001,Bottle,Blow Molding,FR-029-MDPE-5000,WO-4001,2633321040400107,ISBM-004,1052,0.2374,249.74
SO-12261,2026-08-23,CUST-010,Bottle,Blow Molding,FR-029-MDPE-5000,WO-4002,2633431040400208,ISBM-004,890,0.2175,193.57
SO-12262,2026-08-18,CUST-008,Bottle,BLOW MOLDING,FR-012-PET-400,WO-4006,2633731040400612,ISBM-004,3756,0.0922,346.3
SO-12263,2026-08-22,CUST-012,Bottle,Blow Molding,FR-012-PET-400,WO-4007,2633711040400713,ISBM-004,2397,0.1863,446.56
SO-12264,2026-08-23,CUST-014,Bottle,Blow Molding,FR-012-PET-400,WO-4008,2633721040400814,ISBM-004,5804,0.0841,488.12
SO-12265,2026-08-24,CUST-001,Bottle,Blow Molding,FR-012-PET-400,WO-4009,2634121040400915,ISBM-004,4818,0.3405,1640.53
SO-12266,2026-08-24,CUST-002,Bottle,Blow Molding,FR-029-MDPE-5000,WO-4010,2634211040401016,ISBM-004,439,0.2416,106.06
SO-12267,2026-08-25,CUST-002,Bottle,Blow Molding,FR-029-MDPE-5000,WO-4011,2634221040401117,ISBM-004,620,0.2742,170.0
SO-12268,2026-08-29,CUST-014,Bottle,  Blow Molding  ,FR-004-rPET-330,WO-4013,2634411040401319,ISBM-004,3369,0.2131,717.93
SO-12269,2026-08-26,CUST-004,Bottle,Blow Molding,FR-004-rPET-330,WO-4014,2634431040401420,ISBM-004,5913,0.3319,1962.52
SO-12270,2026-08-25,CUST-012,Bottle,Blow Molding,FR-012-PET-400,WO-4015,2634521040401521,ISBM-004,2195,0.1178,258.57
SO-12271,2026-08-25,CUST-012,Bottle,Blow Molding,FR-026-HDPE-4000,WO-4017,2634731040401723,ISBM-004,1241,0.197,244.48
SO-12272,2026-08-25,CUST-004,Bottle,Blow Molding,FR-004-rPET-330,WO-4018,2634721040401824,ISBM-004,3088,0.335,1034.48
SO-12273,2026-08-30,CUST-008,Bottle,Blow Molding,FR-029-MDPE-5000,WO-4019,2635111040401925,ISBM-004,820,0.1966,161.21
SO-12274,2026-09-05,CUST-009,Bottle,Blow Molding,FR-012-PET-400,WO-4020,2635231040402026,ISBM-004,6549,0.1232,806.84
SO-12275,2026-09-02,CUST-005,Bottle,Blow Molding,FR-012-PET-400,WO-4022,2635321040402228,ISBM-004,7354,0.3103,2281.95
SO-12276,2026-08-31,CUST-007,Bottle,  Blow Molding  ,FR-029-MDPE-5000,WO-4023,2635411040402329,ISBM-004,311,0.3246,100.95
SO-12277,2026-09-07,CUST-009,Bottle,Blow Molding,FR-012-PET-400,WO-4025,2635531040402531,ISBM-004,4024,0.1707,686.9
SO-12278,2026-09-01,CUST-007,Bottle,Blow Molding,FR-012-PET-400,WO-4026,2635621040402632,ISBM-004,4841,0.3044,1473.6
SO-12279,2026-09-08,CUST-001,Bottle,Blow Molding,FR-004-rPET-330,WO-4027,2635711040402733,ISBM-004,9924,0.1018,1010.26
SO-12280,2026-09-11,CUST-009,Bottle,Blow Molding,FR-004-rPET-330,WO-4028,2636111040402834,ISBM-004,9820,0.349,3427.18
SO-12281,2026-09-12,CUST-004,Bottle,Blow Molding,FR-004-rPET-330,WO-4029,2636231040402935,ISBM-004,5966,0.0926,552.45
SO-12282,2026-09-09,CUST-007,Bottle,Blow Molding,FR-026-HDPE-4000,WO-4030,2636221040403036,ISBM-004,2531,0.3337,844.59
SO-12283,2026-09-04,CUST-007,Bottle,Blow Molding,FR-026-HDPE-4000,WO-4031,2636311040403137,ISBM-004,962,0.2502,240.69
SO-12284,2026-09-10,CUST-001,Bottle,Blow Molding,FR-004-rPET-330,WO-4034,2636511040403440,ISBM-004,1773,0.1626,288.29
SO-12285,2026-09-11,CUST-014,Bottle,Blow Molding,FR-029-MDPE-5000,WO-4035,2636531040403541,ISBM-004,605,0.1776,107.45
SO-12286,2026-09-07,CUST-006,Bottle,Blow Molding,FR-029-MDPE-5000,WO-4036,2636621040403642,ISBM-004,353,0.3281,115.82
SO-12287,2026-09-14,CUST-003,Bottle,Blow Molding,FR-029-MDPE-5000,WO-4037,2636631040403743,ISBM-004,286,0.2977,85.14
SO-12288,2026-09-14,CUST-009,Bottle,Blow Molding,FR-012-PET-400,WO-4038,2636711040403844,ISBM-004,6094,0.2582,1573.47
SO-12289,2026-09-11,CUST-012,Bottle,Blow Molding,FR-012-PET-400,WO-4039,2637111040403945,ISBM-004,5785,0.3097,1791.61
SO-12290,2026-09-10,CUST-009,Bottle,Blow Molding,FR-012-PET-400,WO-4040,2637231040404046,ISBM-004,4225,0.308,1301.3
SO-12291,2026-09-13,CUST-004,Bottle,Blow Molding,FR-004-rPET-330,WO-4041,2637221040404147,ISBM-004,9465,0.2162,2046.33
SO-12292,2026-09-17,CUST-013,Bottle,Blow Molding,FR-004-rPET-330,WO-4042,2637321040404248,ISBM-004,2352,0.1685,396.31
SO-12293,2026-09-17,CUST-013,Bottle,BLOW MOLDING,FR-004-rPET-330,WO-4043,2637411040404349,ISBM-004,5878,0.3068,1803.37
SO-12294,2026-09-17,CUST-014,Bottle,Blow Molding,FR-026-HDPE-4000,WO-4045,2637511040404551,ISBM-004,1246,0.2225,277.24
SO-12295,2026-09-16,CUST-014,Bottle,Blow Molding,FR-026-HDPE-4000,WO-4048,2637721040404854,ISBM-004,1623,0.3282,532.67
SO-12296,2026-09-16,CUST-006,Bottle,blow molding,FR-026-HDPE-4000,WO-4049,2638111040404955,ISBM-004,1531,0.3148,481.96
SO-12297,2026-09-19,CUST-011,Bottle,Blow Molding,FR-026-HDPE-4000,WO-4050,2638211040405056,ISBM-004,2279,0.187,426.17
SO-12298,2026-09-24,CUST-014,Bottle,Blow Molding,FR-012-PET-400,WO-4051,2638311040405157,ISBM-004,3031,0.1667,505.27
SO-12299,2026-09-27,CUST-008,Bottle,Blow Molding,FR-012-PET-400,WO-4052,2638321040405258,ISBM-004,3900,0.3088,1204.32
SO-12300,2026-09-24,CUST-010,Bottle,Blow Molding,FR-029-MDPE-5000,WO-4053,2638411040405359,ISBM-004,997,0.3281,327.12
SO-12301,2026-09-24,CUST-003,Bottle,Blow Molding,FR-026-HDPE-4000,WO-4054,2638511040405460,ISBM-004,2684,0.1801,483.39
SO-12302,2026-09-30,CUST-012,Bottle,Blow Molding,FR-026-HDPE-4000,WO-4055,2638611040405561,ISBM-004,1327,0.1165,154.6
SO-12303,2026-09-25,CUST-008,Bottle,Blow Molding,FR-029-MDPE-5000,WO-4056,2638631040405662,ISBM-004,812,0.1395,113.27
SO-12304,2026-09-30,CUST-003,Bottle,Blow Molding,FR-004-rPET-330,WO-4057,2638721040405763,ISBM-004,2968,0.1668,495.06
SO-12305,2026-10-02,CUST-013,Bottle,Blow Molding,FR-004-rPET-330,WO-4058,2639111040405864,ISBM-004,3174,0.1098,348.51
SO-12306,2026-10-01,CUST-002,Bottle,Blow Molding,FR-004-rPET-330,WO-4059,2639131040405965,ISBM-004,3690,0.1264,466.42
SO-12307,2026-09-24,CUST-007,Bottle,Blow Molding,FR-029-MDPE-5000,WO-4060,2639211040406066,ISBM-004,548,0.2737,149.99
SO-12308,2026-10-01,CUST-005,Bottle,Blow Molding,FR-012-PET-400,WO-4061,2639331040406167,ISBM-004,7850,0.0872,684.52
SO-12309,2026-09-27,CUST-014,Bottle,Blow Molding,FR-012-PET-400,WO-4062,2639321040406268,ISBM-004,1262,0.2364,298.34
SO-12310,2026-10-02,CUST-008,Bottle,Blow Molding,FR-012-PET-400,WO-4063,2639411040406369,ISBM-004,3973,0.3181,1263.81
SO-12311,2026-09-28,CUST-006,Bottle,BLOW MOLDING,FR-026-HDPE-4000,WO-4064,2639431040406470,ISBM-004,2482,0.1042,258.62
SO-12312,2026-09-30,CUST-007,Bottle,Blow Molding,FR-004-rPET-330,WO-4066,2639631040406672,ISBM-004,6529,0.2474,1615.27
SO-12313,2026-09-28,CUST-001,Bottle,BLOW MOLDING,FR-029-MDPE-5000,WO-4067,2639631040406773,ISBM-004,873,0.2063,180.1
SO-12314,2026-10-01,CUST-010,Bottle,Blow Molding,FR-029-MDPE-5000,WO-4068,2639721040406874,ISBM-004,506,0.1481,74.94
SO-12315,2026-10-10,CUST-009,Bottle,Blow Molding,FR-029-MDPE-5000,WO-4071,2640231040407177,ISBM-004,611,0.3431,209.63
SO-12316,2026-10-11,CUST-006,Bottle,Blow Molding,FR-004-rPET-330,WO-4072,2640321040407278,ISBM-004,5211,0.1305,680.04
SO-12317,2026-10-04,CUST-014,Bottle,Blow Molding,FR-004-rPET-330,WO-4073,2640421040407379,ISBM-004,5628,0.228,1283.18
SO-12318,2026-10-09,CUST-011,Bottle,Blow Molding,FR-004-rPET-330,WO-4074,2640531040407480,ISBM-004,5899,0.1328,783.39
SO-12319,2026-10-08,CUST-009,Bottle,Blow Molding,FR-026-HDPE-4000,WO-4075,2640521040407581,ISBM-004,1654,0.1006,166.39
SO-12320,2026-10-14,CUST-005,Bottle,Blow Molding,FR-029-MDPE-5000,WO-4076,2640611040407682,ISBM-004,945,0.3125,295.31
SO-12321,2026-10-06,CUST-004,Bottle,Blow Molding,FR-012-PET-400,WO-4077,2640711040407783,ISBM-004,5254,0.2653,1393.89
SO-12322,2026-10-16,CUST-002,Bottle,Blow Molding,FR-012-PET-400,WO-4078,2640731040407884,ISBM-004,3643,0.2667,971.59
SO-12323,2026-10-17,CUST-010,Bottle,Blow Molding,FR-012-PET-400,WO-4079,2641111040407985,ISBM-004,8588,0.2018,1733.06
SO-12324,2026-10-09,CUST-008,Bottle,Blow Molding,FR-012-PET-400,WO-4080,2641211040408086,ISBM-004,11206,0.1037,1162.06
SO-12325,2026-10-11,CUST-002,Bottle,Blow Molding,FR-012-PET-400,WO-4081,2641331040408187,ISBM-004,4292,0.1482,636.07
SO-12326,2026-10-13,CUST-005,Bottle,Blow Molding,FR-029-MDPE-5000,WO-4082,2641411040408288,ISBM-004,586,0.1142,66.92
SO-12327,2026-10-11,CUST-005,Bottle,Blow Molding,FR-029-MDPE-5000,WO-4083,2641421040408389,ISBM-004,215,0.2183,46.93
SO-12328,2026-10-19,CUST-002,Bottle,Blow Molding,FR-012-PET-400,WO-4084,2641511040408490,ISBM-004,1717,0.2584,443.67
SO-12329,2026-10-18,CUST-002,Bottle,Blow Molding,FR-026-HDPE-4000,WO-4085,2641631040408591,ISBM-004,1575,0.3268,514.71
SO-12330,2026-10-21,CUST-009,Bottle,Blow Molding,FR-026-HDPE-4000,WO-4087,2641711040408793,ISBM-004,1567,0.3057,479.03
SO-12331,2026-10-14,CUST-007,Bottle,Blow Molding,FR-026-HDPE-4000,WO-4088,2641721040408894,ISBM-004,903,0.1907,172.2
SO-12332,2026-10-22,CUST-005,Bottle,Blow Molding,FR-026-HDPE-4000,WO-4089,2642111040408995,ISBM-004,3396,0.2987,1014.39
SO-12333,2026-10-17,CUST-003,Bottle,Blow Molding,FR-026-HDPE-4000,WO-4090,2642211040409096,ISBM-004,459,0.239,109.7
SO-12334,2026-10-17,CUST-010,Bottle,Blow Molding,FR-012-PET-400,WO-4091,2642311040409197,ISBM-004,1678,0.1706,286.27
SO-12335,2026-10-26,CUST-006,Bottle,Blow Molding,FR-012-PET-400,WO-4092,2642411040409298,ISBM-004,1926,0.2059,396.56
SO-12336,2026-10-22,CUST-012,Bottle,Blow Molding,FR-029-MDPE-5000,WO-4093,2642421040409399,ISBM-004,1202,0.1069,128.49
SO-12337,2026-10-18,CUST-007,Bottle,Blow Molding,FR-029-MDPE-5000,WO-4094,2642521040409401,ISBM-004,615,0.3254,200.12
SO-12338,2026-10-21,CUST-004,Bottle,Blow Molding,FR-029-MDPE-5000,WO-4095,2642631040409502,ISBM-004,852,0.2417,205.93
SO-12339,2026-10-21,CUST-008,Bottle,Blow Molding,FR-012-PET-400,WO-4096,2642731040409603,ISBM-004,2754,0.1726,475.34
SO-12340,2026-10-29,CUST-001,Bottle,Blow Molding,FR-026-HDPE-4000,WO-4097,2642721040409704,ISBM-004,1408,0.3369,474.36
SO-12341,2026-10-27,CUST-010,Bottle,Blow Molding,FR-012-PET-400,WO-4098,2643111040409805,ISBM-004,6746,0.1464,987.61
SO-12342,2026-10-27,CUST-001,Bottle,Blow Molding,FR-012-PET-400,WO-4099,2643231040409906,ISBM-004,5210,0.2625,1367.62
SO-12343,2026-10-31,CUST-007,Bottle,Blow Molding,FR-012-PET-400,WO-4100,2643221040410007,ISBM-004,3419,0.1884,644.14
SO-12344,2026-10-22,CUST-013,Bottle,Blow Molding,FR-029-MDPE-5000,WO-4101,2643311040410108,ISBM-004,1211,0.2578,312.2
SO-12345,2026-11-01,CUST-001,Bottle,Blow Molding,FR-029-MDPE-5000,WO-4102,2643331040410209,ISBM-004,572,0.3345,191.33
SO-12346,2026-10-26,CUST-007,Bottle,Blow Molding,FR-029-MDPE-5000,WO-4103,2643421040410310,ISBM-004,1145,0.3183,364.45
SO-12347,2026-10-30,CUST-011,Bottle,Blow Molding,FR-026-HDPE-4000,WO-4104,2643511040410411,ISBM-004,2788,0.3313,923.66
SO-12348,2026-10-26,CUST-002,Bottle,Blow Molding,FR-029-MDPE-5000,WO-4105,2643611040410512,ISBM-004,389,0.3227,125.53
SO-12349,2026-10-30,CUST-007,Bottle,Blow Molding,FR-012-PET-400,WO-4106,2643621040410613,ISBM-004,2717,0.2441,663.22
SO-12350,2026-11-03,CUST-004,Bottle,Blow Molding,FR-029-MDPE-5000,WO-4107,2643721040410714,ISBM-004,614,0.2675,164.25
SO-12351,2026-10-29,CUST-011,Bottle,Blow Molding,FR-026-HDPE-4000,WO-4108,2644111040410815,ISBM-004,965,0.2786,268.85
SO-12352,2026-11-04,CUST-003,Bottle,Blow Molding,FR-029-MDPE-5000,WO-4109,2644211040410916,ISBM-004,1186,0.2545,301.84
SO-12353,2026-10-30,CUST-011,Bottle,Blow Molding,FR-029-MDPE-5000,WO-4110,2644221040411017,ISBM-004,686,0.1694,116.21
SO-12354,2026-11-01,CUST-005,Bottle,  Blow Molding  ,FR-012-PET-400,WO-4111,2644311040411118,ISBM-004,7261,0.2172,1577.09
SO-12355,2026-11-01,CUST-014,Bottle,Blow Molding,FR-012-PET-400,WO-4112,2644431040411219,ISBM-004,5547,0.3258,1807.21
SO-12356,2026-11-01,CUST-010,Bottle,Blow Molding,FR-012-PET-400,WO-4113,2644431040411320,ISBM-004,7529,0.2822,2124.68
SO-12357,2026-11-04,CUST-002,Bottle,Blow Molding,FR-012-PET-400,WO-4115,2644611040411522,ISBM-004,7253,0.2027,1470.18
SO-12358,2026-11-11,CUST-012,Bottle,BLOW MOLDING,FR-012-PET-400,WO-4116,2644731040411623,ISBM-004,5689,0.2601,1479.71
SO-12359,2026-11-14,CUST-012,Bottle,Blow Molding,FR-029-MDPE-5000,WO-4118,2645111040411825,ISBM-004,448,0.1266,56.72
SO-12360,2026-11-09,CUST-010,Bottle,Blow Molding,FR-029-MDPE-5000,WO-4119,2645211040411926,ISBM-004,525,0.1594,83.68
SO-12361,2026-11-08,CUST-002,Bottle,Blow Molding,FR-026-HDPE-4000,WO-4121,2645321040412128,ISBM-004,4002,0.1294,517.86
SO-12362,2026-11-15,CUST-013,Bottle,Blow Molding,FR-004-rPET-330,WO-4122,2645421040412229,ISBM-004,9277,0.2629,2438.92
SO-12363,2026-11-16,CUST-013,Bottle,Blow Molding,FR-004-rPET-330,WO-4123,2645511040412330,ISBM-004,8272,0.0858,709.74
SO-12364,2026-11-10,CUST-013,Bottle,Blow Molding,FR-004-rPET-330,WO-4124,2645631040412431,ISBM-004,4985,0.3255,1622.62
SO-12365,2026-11-19,CUST-013,Bottle,Blow Molding,FR-026-HDPE-4000,WO-4125,2645621040412532,ISBM-004,2060,0.0982,202.29
SO-12366,2026-11-13,CUST-013,Bottle,Blow Molding,FR-026-HDPE-4000,WO-4126,2645711040412633,ISBM-004,3417,0.3174,1084.56
SO-12367,2026-11-18,CUST-001,Bottle,Blow Molding,FR-012-PET-400,WO-4128,2646121040412835,ISBM-004,1116,0.2137,238.49
SO-12368,2026-11-14,CUST-013,Bottle,Blow Molding,FR-012-PET-400,WO-4129,2646221040412936,ISBM-004,5520,0.1099,606.65
SO-12369,2026-11-13,CUST-012,Bottle,Blow Molding,FR-012-PET-400,WO-4130,2646321040413037,ISBM-004,4917,0.1046,514.32
SO-12370,2026-11-17,CUST-006,Bottle,Blow Molding,FR-012-PET-400,WO-4131,2646411040413138,ISBM-004,4330,0.3302,1429.77
SO-12371,2026-11-14,CUST-001,Bottle,Blow Molding,FR-012-PET-400,WO-4132,2646421040413239,ISBM-004,5774,0.242,1397.31
SO-12372,2026-11-18,CUST-001,Bottle,Blow Molding,FR-029-MDPE-5000,WO-4133,2646521040413340,ISBM-004,836,0.1069,89.37
SO-12373,2026-11-16,CUST-003,Bottle,Blow Molding,FR-029-MDPE-5000,WO-4134,2646611040413441,ISBM-004,773,0.1068,82.56
SO-12374,2026-11-16,CUST-012,Bottle,Blow Molding,FR-029-MDPE-5000,WO-4135,2646711040413542,ISBM-004,524,0.2665,139.65
SO-12375,2026-11-17,CUST-001,Bottle,BLOW MOLDING,FR-004-rPET-330,WO-4136,2646721040413643,ISBM-004,8257,0.1971,1627.45
SO-12376,2026-11-27,CUST-014,Bottle,Blow Molding,FR-004-rPET-330,WO-4137,2647121040413744,ISBM-004,4849,0.1782,864.09
SO-12377,2026-11-21,CUST-002,Bottle,Blow Molding,FR-012-PET-400,WO-4138,2647231040413845,ISBM-004,4347,0.1892,822.45
SO-12378,2026-11-20,CUST-006,Bottle,  Blow Molding  ,FR-012-PET-400,WO-4139,2647221040413946,ISBM-004,4034,0.11,443.74
SO-12379,2026-11-25,CUST-004,Bottle,Blow Molding,FR-012-PET-400,WO-4142,2647431040414249,ISBM-004,10650,0.0989,1053.29
SO-12380,2026-11-23,CUST-010,Bottle,Blow Molding,FR-012-PET-400,WO-4143,2647431040414350,ISBM-004,5316,0.1435,762.85
SO-12381,2026-11-26,CUST-014,Bottle,Blow Molding,FR-012-PET-400,WO-4144,2647521040414451,ISBM-004,6151,0.1141,701.83
SO-12382,2026-11-25,CUST-005,Bottle,Blow Molding,FR-026-HDPE-4000,WO-4145,2647611040414552,ISBM-004,1899,0.3448,654.78
SO-12383,2026-11-28,CUST-008,Bottle,Blow Molding,FR-026-HDPE-4000,WO-4146,2647711040414653,ISBM-004,1817,0.1511,274.55
SO-12384,2026-11-27,CUST-012,Bottle,Blow Molding,FR-029-MDPE-5000,WO-4148,2648231040414855,ISBM-004,573,0.0983,56.33
SO-12385,2026-12-05,CUST-005,Bottle,BLOW MOLDING,FR-004-rPET-330,WO-4149,2648221040414956,ISBM-004,4825,0.1447,698.18
SO-12386,2026-12-05,CUST-004,Bottle,BLOW MOLDING,FR-029-MDPE-5000,WO-4151,2648321040415158,ISBM-004,662,0.3347,221.57
SO-12387,2026-12-01,CUST-008,Bottle,Blow Molding,FR-004-rPET-330,WO-4153,2648531040415360,ISBM-004,5989,0.0897,537.21
SO-12388,2026-12-02,CUST-002,Bottle,blow molding,FR-004-rPET-330,WO-4154,2648521040415461,ISBM-004,6122,0.3223,1973.12
SO-12389,2026-12-05,CUST-011,Bottle,Blow Molding,FR-029-MDPE-5000,WO-4155,2648621040415562,ISBM-004,833,0.2972,247.57
SO-12390,2026-12-07,CUST-008,Bottle,Blow Molding,FR-026-HDPE-4000,WO-4156,2648721040415663,ISBM-004,2842,0.3368,957.19
SO-12391,2026-12-07,CUST-012,Bottle,Blow Molding,FR-026-HDPE-4000,WO-4157,2649111040415764,ISBM-004,2099,0.119,249.78
SO-12392,2026-12-07,CUST-009,Bottle,Blow Molding,FR-026-HDPE-4000,WO-4158,2649231040415865,ISBM-004,838,0.1774,148.66
SO-12393,2026-12-04,CUST-002,Bottle,Blow Molding,FR-004-rPET-330,WO-4159,2649221040415966,ISBM-004,4326,0.1662,718.98
SO-12394,2026-12-10,CUST-013,Bottle,Blow Molding,FR-026-HDPE-4000,WO-4163,2649531040416370,ISBM-004,3015,0.1376,414.86
SO-12395,2026-12-09,CUST-001,Bottle,Blow Molding,FR-026-HDPE-4000,WO-4164,2649621040416471,ISBM-004,1887,0.1732,326.83
SO-12396,2026-12-11,CUST-009,Bottle,blow molding,FR-026-HDPE-4000,WO-4165,2649711040416572,ISBM-004,931,0.1871,174.19
SO-12397,2026-12-20,CUST-005,Bottle,Blow Molding,FR-026-HDPE-4000,WO-4168,2650211040416875,ISBM-004,1831,0.1326,242.79
SO-12398,2026-12-17,CUST-009,Bottle,Blow Molding,FR-004-rPET-330,WO-4170,2650321040417077,ISBM-004,3764,0.2956,1112.64
SO-12399,2026-12-18,CUST-007,Bottle,Blow Molding,FR-004-rPET-330,WO-4171,2650411040417178,ISBM-004,7925,0.186,1474.05
SO-12400,2026-12-22,CUST-012,Bottle,Blow Molding,FR-004-rPET-330,WO-4172,2650511040417279,ISBM-004,5258,0.2671,1404.41
SO-12401,2026-12-17,CUST-012,Bottle,Blow Molding,FR-026-HDPE-4000,WO-4174,2650621040417481,ISBM-004,1157,0.2529,292.61
SO-12402,2026-12-15,CUST-002,Bottle,Blow Molding,FR-004-rPET-330,WO-4175,2650711040417582,ISBM-004,2345,0.2841,666.21
SO-12403,2026-12-16,CUST-002,Bottle,Blow Molding,FR-029-MDPE-5000,WO-4177,2651111040417784,ISBM-004,1397,0.2277,318.1
SO-12404,2026-12-24,CUST-010,Bottle,Blow Molding,FR-029-MDPE-5000,WO-4178,2651231040417885,ISBM-004,694,0.1921,133.32
SO-12405,2026-12-22,CUST-007,Bottle,Blow Molding,FR-026-HDPE-4000,WO-4179,2651221040417986,ISBM-004,1836,0.2853,523.81
SO-12406,2026-12-18,CUST-008,Bottle,Blow Molding,FR-012-PET-400,WO-4180,2651311040418087,ISBM-004,4267,0.1877,800.92
SO-12407,2026-12-27,CUST-001,Bottle,Blow Molding,FR-012-PET-400,WO-4181,2651411040418188,ISBM-004,6445,0.3417,2202.26
SO-12408,2026-12-23,CUST-005,Bottle,Blow Molding,FR-029-MDPE-5000,WO-4182,2651511040418289,ISBM-004,998,0.3433,342.61
SO-12409,2026-12-20,CUST-003,Bottle,Blow Molding,FR-029-MDPE-5000,WO-4183,2651531040418390,ISBM-004,836,0.2794,233.58
SO-12410,2026-12-29,CUST-002,Bottle,Blow Molding,FR-004-rPET-330,WO-4186,2652131040418693,ISBM-004,5124,0.2181,1117.54
SO-12411,2026-12-27,CUST-012,Bottle,  Blow Molding  ,FR-004-rPET-330,WO-4189,2652331040418996,ISBM-004,5299,0.1289,683.04
SO-12412,2026-12-29,CUST-013,Bottle,Blow Molding,FR-012-PET-400,WO-4191,2652411040419198,ISBM-004,4610,0.1924,886.96
SO-12413,2026-12-30,CUST-003,Bottle,Blow Molding,FR-026-HDPE-4000,WO-4196,2652721040419604,ISBM-004,1238,0.3009,372.51
SO-12414,2025-07-07,CUST-013,Bottle,Blow Molding,FR-010-PET-400,WO-4202,2527231050420201,ISBM-005,4360,0.1197,521.89
SO-12415,2025-07-05,CUST-014,Bottle,Blow Molding,FR-023-HDPE-1000,WO-4203,2527221050420302,ISBM-005,1939,0.2867,555.91
SO-12416,2025-07-04,CUST-007,Bottle,Blow Molding,FR-023-HDPE-1000,WO-4204,2527311050420403,ISBM-005,2747,0.1123,308.49
SO-12417,2025-07-08,CUST-009,Bottle,Blow Molding,FR-013-LDPE-500,WO-4206,2527531050420605,ISBM-005,3454,0.2991,1033.09
SO-12418,2025-07-06,CUST-006,Bottle,Blow Molding,FR-027-HDPE-5000,WO-4207,2527531050420706,ISBM-005,1245,0.2221,276.51
SO-12419,2025-07-12,CUST-012,Bottle,blow molding,FR-027-HDPE-5000,WO-4208,2527621050420807,ISBM-005,453,0.1407,63.74
SO-12420,2025-07-15,CUST-003,Bottle,Blow Molding,FR-027-HDPE-5000,WO-4209,2527731050420908,ISBM-005,546,0.2914,159.1
SO-12421,2025-07-18,CUST-003,Bottle,  Blow Molding  ,FR-027-HDPE-5000,WO-4210,2527721050421009,ISBM-005,1520,0.2264,344.13
SO-12422,2025-07-12,CUST-013,Bottle,blow molding,FR-027-HDPE-5000,WO-4211,2528121050421110,ISBM-005,449,0.2255,101.25
SO-12423,2025-07-11,CUST-003,Bottle,Blow Molding,FR-010-PET-400,WO-4213,2528221050421312,ISBM-005,6174,0.1115,688.4
SO-12424,2025-07-15,CUST-012,Bottle,Blow Molding,FR-010-PET-400,WO-4214,2528321050421413,ISBM-005,2445,0.1134,277.26
SO-12425,2025-07-13,CUST-013,Bottle,Blow Molding,FR-013-rPET-500,WO-4216,2528421050421615,ISBM-005,5616,0.306,1718.5
SO-12426,2025-07-23,CUST-003,Bottle,Blow Molding,FR-013-rPET-500,WO-4217,2528521050421716,ISBM-005,8770,0.3089,2709.05
SO-12427,2025-07-17,CUST-012,Bottle,Blow Molding,FR-013-HDPE-PCR-500,WO-4218,2528611050421817,ISBM-005,4195,0.1915,803.34
SO-12428,2025-07-21,CUST-004,Bottle,Blow Molding,FR-010-PET-400,WO-4219,2528711050421918,ISBM-005,5650,0.1513,854.84
SO-12429,2025-07-25,CUST-003,Bottle,Blow Molding,FR-010-PET-400,WO-4221,2529211050422120,ISBM-005,2646,0.0963,254.81
SO-12430,2025-07-23,CUST-003,Bottle,BLOW MOLDING,FR-023-HDPE-1000,WO-4222,2529221050422221,ISBM-005,2476,0.0912,225.81
SO-12431,2025-07-28,CUST-014,Bottle,Blow Molding,FR-023-HDPE-1000,WO-4223,2529311050422322,ISBM-005,2190,0.2869,628.31
SO-12432,2025-07-19,CUST-003,Bottle,Blow Molding,FR-027-HDPE-5000,WO-4225,2529431050422524,ISBM-005,855,0.1673,143.04
SO-12433,2025-07-29,CUST-011,Bottle,Blow Molding,FR-027-HDPE-5000,WO-4226,2529511050422625,ISBM-005,866,0.2086,180.65
SO-12434,2025-07-31,CUST-008,Bottle,Blow Molding,FR-027-HDPE-5000,WO-4227,2529611050422726,ISBM-005,709,0.1736,123.08
SO-12435,2025-07-24,CUST-010,Bottle,Blow Molding,FR-027-HDPE-5000,WO-4228,2529731050422827,ISBM-005,995,0.2434,242.18
SO-12436,2025-07-26,CUST-011,Bottle,Blow Molding,FR-013-HDPE-500,WO-4230,2530111050423029,ISBM-005,8279,0.1108,917.31
SO-12437,2025-07-31,CUST-013,Bottle,Blow Molding,FR-013-PP-PCR-500,WO-4231,2530231050423130,ISBM-005,2987,0.2996,894.91
SO-12438,2025-08-03,CUST-001,Bottle,Blow Molding,FR-013-PP-PCR-500,WO-4232,2530331050423231,ISBM-005,5797,0.2823,1636.49
SO-12439,2025-08-02,CUST-011,Bottle,Blow Molding,FR-013-PP-PCR-500,WO-4233,2530431050423332,ISBM-005,3697,0.2228,823.69
SO-12440,2025-08-04,CUST-013,Bottle,Blow Molding,FR-023-HDPE-1000,WO-4234,2530411050423433,ISBM-005,1906,0.1958,373.19
SO-12441,2025-08-02,CUST-011,Bottle,Blow Molding,FR-023-HDPE-1000,WO-4235,2530531050423534,ISBM-005,3632,0.1649,598.92
SO-12442,2025-08-06,CUST-014,Bottle,Blow Molding,FR-027-HDPE-5000,WO-4236,2530631050423635,ISBM-005,349,0.3386,118.17
SO-12443,2025-07-29,CUST-014,Bottle,Blow Molding,FR-027-HDPE-5000,WO-4237,2530621050423736,ISBM-005,371,0.2541,94.27
SO-12444,2025-08-08,CUST-011,Bottle,Blow Molding,FR-027-HDPE-5000,WO-4238,2530711050423837,ISBM-005,1303,0.3183,414.74
SO-12445,2025-08-02,CUST-004,Bottle,Blow Molding,FR-023-rPET-1000,WO-4240,2531121050424039,ISBM-005,4546,0.3227,1466.99
SO-12446,2025-08-05,CUST-005,Bottle,Blow Molding,FR-023-rPET-1000,WO-4241,2531221050424140,ISBM-005,2740,0.2379,651.85
SO-12447,2025-08-04,CUST-010,Bottle,Blow Molding,FR-010-PET-400,WO-4242,2531311050424241,ISBM-005,5698,0.3402,1938.46
SO-12448,2025-08-12,CUST-007,Bottle,Blow Molding,FR-010-PET-400,WO-4243,2531431050424342,ISBM-005,2220,0.1319,292.82
SO-12449,2025-08-06,CUST-013,Bottle,Blow Molding,FR-010-PET-400,WO-4244,2531531050424443,ISBM-005,3323,0.3382,1123.84
SO-12450,2025-08-08,CUST-014,Bottle,  Blow Molding  ,FR-010-PET-400,WO-4245,2531631050424544,ISBM-005,4489,0.1307,586.71
SO-12451,2025-08-04,CUST-010,Bottle,Blow Molding,FR-010-PET-400,WO-4246,2531611050424645,ISBM-005,5281,0.1171,618.41
SO-12452,2025-08-15,CUST-011,Bottle,Blow Molding,FR-013-LDPE-500,WO-4247,2531731050424746,ISBM-005,6164,0.2203,1357.93
SO-12453,2025-08-15,CUST-004,Bottle,Blow Molding,FR-013-LDPE-500,WO-4248,2532131050424847,ISBM-005,6918,0.2277,1575.23
SO-12454,2025-08-16,CUST-007,Bottle,Blow Molding,FR-023-HDPE-1000,WO-4249,2532121050424948,ISBM-005,400,0.2037,81.48
SO-12455,2025-08-10,CUST-008,Bottle,Blow Molding,FR-023-HDPE-1000,WO-4250,2532221050425049,ISBM-005,3499,0.3493,1222.2
SO-12456,2025-08-17,CUST-009,Bottle,Blow Molding,FR-010-PET-400,WO-4253,2532411050425352,ISBM-005,3318,0.0885,293.64
SO-12457,2025-08-16,CUST-003,Bottle,Blow Molding,FR-010-PET-400,WO-4254,2532511050425453,ISBM-005,3288,0.3156,1037.69
SO-12458,2025-08-14,CUST-001,Bottle,Blow Molding,FR-010-PET-400,WO-4255,2532631050425554,ISBM-005,6055,0.2642,1599.73
SO-12459,2025-08-19,CUST-014,Bottle,Blow Molding,FR-027-HDPE-5000,WO-4256,2532731050425655,ISBM-005,732,0.3033,222.02
SO-12460,2025-08-12,CUST-007,Bottle,Blow Molding,FR-027-HDPE-5000,WO-4257,2533131050425756,ISBM-005,1204,0.3251,391.42
SO-12461,2025-08-16,CUST-009,Bottle,Blow Molding,FR-027-HDPE-5000,WO-4258,2533121050425857,ISBM-005,979,0.2685,262.86
SO-12462,2025-08-17,CUST-005,Bottle,Blow Molding,FR-010-PET-400,WO-4259,2533221050425958,ISBM-005,3835,0.2413,925.39
SO-12463,2025-08-21,CUST-008,Bottle,blow molding,FR-010-PET-400,WO-4260,2533311050426059,ISBM-005,4330,0.2002,866.87
SO-12464,2025-08-23,CUST-005,Bottle,Blow Molding,FR-013-MDPE-500,WO-4261,2533411050426160,ISBM-005,5672,0.3004,1703.87
SO-12465,2025-08-16,CUST-003,Bottle,Blow Molding,FR-023-HDPE-1000,WO-4262,2533531050426261,ISBM-005,2415,0.343,828.35
SO-12466,2025-08-25,CUST-012,Bottle,Blow Molding,FR-023-HDPE-1000,WO-4263,2533521050426362,ISBM-005,2247,0.3415,767.35
SO-12467,2025-08-20,CUST-012,Bottle,Blow Molding,FR-023-rPET-1000,WO-4264,2533611050426463,ISBM-005,1754,0.2844,498.84
SO-12468,2025-08-19,CUST-006,Bottle,Blow Molding,FR-023-HDPE-1000,WO-4265,2533731050426564,ISBM-005,2513,0.3101,779.28
SO-12469,2025-08-22,CUST-002,Bottle,Blow Molding,FR-023-HDPE-1000,WO-4266,2533721050426665,ISBM-005,2683,0.2391,641.51
SO-12470,2025-08-25,CUST-004,Bottle,Blow Molding,FR-023-HDPE-1000,WO-4267,2534121050426766,ISBM-005,1555,0.2318,360.45
SO-12471,2025-08-26,CUST-003,Bottle,Blow Molding,FR-027-HDPE-5000,WO-4268,2534211050426867,ISBM-005,1030,0.2006,206.62
SO-12472,2025-08-24,CUST-006,Bottle,Blow Molding,FR-023-HDPE-1000,WO-4269,2534331050426968,ISBM-005,851,0.3314,282.02
SO-12473,2025-08-28,CUST-005,Bottle,Blow Molding,FR-010-PET-400,WO-4270,2534321050427069,ISBM-005,6189,0.3226,1996.57
SO-12474,2025-09-01,CUST-012,Bottle,Blow Molding,FR-013-PET-500,WO-4272,2534511050427271,ISBM-005,4134,0.0865,357.59
SO-12475,2025-08-29,CUST-005,Bottle,Blow Molding,FR-013-PET-500,WO-4273,2534531050427372,ISBM-005,3914,0.2798,1095.14
SO-12476,2025-09-02,CUST-007,Bottle,Blow Molding,FR-023-HDPE-1000,WO-4274,2534621050427473,ISBM-005,1525,0.087,132.67
SO-12477,2025-08-27,CUST-012,Bottle,Blow Molding,FR-023-HDPE-1000,WO-4275,2534721050427574,ISBM-005,1084,0.0833,90.3
SO-12478,2025-08-27,CUST-004,Bottle,Blow Molding,FR-027-HDPE-5000,WO-4276,2535111050427675,ISBM-005,298,0.098,29.2
SO-12479,2025-09-07,CUST-009,Bottle,Blow Molding,FR-027-HDPE-5000,WO-4278,2535211050427877,ISBM-005,262,0.1043,27.33
SO-12480,2025-09-03,CUST-014,Bottle,Blow Molding,FR-023-HDPE-1000,WO-4279,2535311050427978,ISBM-005,1384,0.3212,444.54
SO-12481,2025-09-08,CUST-011,Bottle,Blow Molding,FR-013-HDPE-500,WO-4282,2535511050428281,ISBM-005,2484,0.2123,527.35
SO-12482,2025-09-07,CUST-012,Bottle,Blow Molding,FR-013-HDPE-500,WO-4283,2535631050428382,ISBM-005,10027,0.2337,2343.31
SO-12483,2025-09-04,CUST-006,Bottle,Blow Molding,FR-027-HDPE-5000,WO-4284,2535731050428483,ISBM-005,703,0.2585,181.73
SO-12484,2025-09-03,CUST-011,Bottle,Blow Molding,FR-027-HDPE-5000,WO-4285,2536131050428584,ISBM-005,350,0.1469,51.41
SO-12485,2025-09-10,CUST-003,Bottle,Blow Molding,FR-027-HDPE-5000,WO-4286,2536111050428685,ISBM-005,618,0.174,107.53
SO-12486,2025-09-08,CUST-005,Bottle,Blow Molding,FR-027-HDPE-5000,WO-4287,2536231050428786,ISBM-005,341,0.2159,73.62
SO-12487,2025-09-07,CUST-004,Bottle,Blow Molding,FR-023-HDPE-1000,WO-4288,2536311050428887,ISBM-005,2008,0.2558,513.65
SO-12488,2025-09-05,CUST-009,Bottle,Blow Molding,FR-027-HDPE-5000,WO-4289,2536321050428988,ISBM-005,941,0.2092,196.86
SO-12489,2025-09-14,CUST-013,Bottle,blow molding,FR-027-HDPE-5000,WO-4290,2536411050429089,ISBM-005,417,0.2108,87.9
SO-12490,2025-09-06,CUST-008,Bottle,Blow Molding,FR-023-rPET-1000,WO-4291,2536531050429190,ISBM-005,3662,0.3448,1262.66
SO-12491,2025-09-16,CUST-006,Bottle,Blow Molding,FR-010-PET-400,WO-4292,2536631050429291,ISBM-005,5219,0.1193,622.63
SO-12492,2025-09-11,CUST-010,Bottle,Blow Molding,FR-010-PET-400,WO-4293,2536631050429392,ISBM-005,1789,0.3222,576.42
SO-12493,2025-09-09,CUST-004,Bottle,Blow Molding,FR-013-rPET-500,WO-4294,2536721050429493,ISBM-005,3131,0.1093,342.22
SO-12494,2025-09-20,CUST-010,Bottle,Blow Molding,FR-013-rPET-500,WO-4295,2537111050429594,ISBM-005,9302,0.3179,2957.11
SO-12495,2025-09-13,CUST-005,Bottle,Blow Molding,FR-027-HDPE-5000,WO-4296,2537211050429695,ISBM-005,617,0.0992,61.21
SO-12496,2025-09-15,CUST-006,Bottle,Blow Molding,FR-013-PP-500,WO-4297,2537221050429796,ISBM-005,2578,0.1083,279.2
SO-12497,2025-09-16,CUST-013,Bottle,Blow Molding,FR-027-HDPE-5000,WO-4298,2537321050429897,ISBM-005,692,0.3237,224.0
SO-12498,2025-09-16,CUST-010,Bottle,Blow Molding,FR-027-HDPE-5000,WO-4299,2537411050429998,ISBM-005,256,0.2849,72.93
SO-12499,2025-09-24,CUST-013,Bottle,Blow Molding,FR-010-PET-400,WO-4300,2537511050430099,ISBM-005,6739,0.3175,2139.63
SO-12500,2025-09-21,CUST-012,Bottle,Blow Molding,FR-027-HDPE-5000,WO-4302,2537621050430202,ISBM-005,585,0.1996,116.77
SO-12501,2025-09-19,CUST-013,Bottle,Blow Molding,FR-027-HDPE-5000,WO-4303,2537711050430303,ISBM-005,500,0.3094,154.7
SO-12502,2025-09-24,CUST-003,Bottle,blow molding,FR-027-HDPE-5000,WO-4305,2538121050430505,ISBM-005,513,0.324,166.21
SO-12503,2025-09-19,CUST-003,Bottle,Blow Molding,FR-023-HDPE-1000,WO-4307,2538331050430707,ISBM-005,3619,0.1405,508.47
SO-12504,2025-09-25,CUST-006,Bottle,Blow Molding,FR-023-HDPE-1000,WO-4308,2538431050430808,ISBM-005,1923,0.1981,380.95
SO-12505,2025-09-21,CUST-005,Bottle,Blow Molding,FR-027-HDPE-5000,WO-4310,2538531050431010,ISBM-005,881,0.2778,244.74
SO-12506,2025-09-27,CUST-013,Bottle,Blow Molding,FR-027-HDPE-5000,WO-4311,2538521050431111,ISBM-005,332,0.288,95.62
SO-12507,2025-09-27,CUST-013,Bottle,Blow Molding,FR-023-HDPE-1000,WO-4312,2538621050431212,ISBM-005,4262,0.1537,655.07
SO-12508,2025-10-02,CUST-011,Bottle,Blow Molding,FR-023-rPET-1000,WO-4314,2539131050431414,ISBM-005,2046,0.3025,618.91
SO-12509,2025-10-01,CUST-008,Bottle,Blow Molding,FR-023-rPET-1000,WO-4315,2539131050431515,ISBM-005,2032,0.1382,280.82
SO-12510,2025-09-29,CUST-004,Bottle,Blow Molding,FR-023-rPET-1000,WO-4316,2539211050431616,ISBM-005,2110,0.1788,377.27
SO-12511,2025-09-28,CUST-014,Bottle,Blow Molding,FR-023-rPET-1000,WO-4317,2539331050431717,ISBM-005,1820,0.2824,513.97
SO-12512,2025-10-06,CUST-001,Bottle,Blow Molding,FR-023-rPET-1000,WO-4318,2539321050431818,ISBM-005,1161,0.1442,167.42
SO-12513,2025-10-06,CUST-013,Bottle,Blow Molding,FR-027-HDPE-5000,WO-4322,2539621050432222,ISBM-005,674,0.1719,115.86
SO-12514,2025-10-08,CUST-014,Bottle,blow molding,FR-027-HDPE-5000,WO-4324,2540131050432424,ISBM-005,586,0.1489,87.26
SO-12515,2025-10-08,CUST-006,Bottle,Blow Molding,FR-027-HDPE-5000,WO-4325,2540121050432525,ISBM-005,657,0.1389,91.26
SO-12516,2025-10-10,CUST-009,Bottle,Blow Molding,FR-027-HDPE-5000,WO-4326,2540211050432626,ISBM-005,748,0.2004,149.9
SO-12517,2025-10-06,CUST-012,Bottle,BLOW MOLDING,FR-027-HDPE-5000,WO-4327,2540221050432727,ISBM-005,622,0.157,97.65
SO-12518,2025-10-07,CUST-008,Bottle,Blow Molding,FR-027-HDPE-5000,WO-4328,2540321050432828,ISBM-005,874,0.2799,244.63
SO-12519,2025-10-10,CUST-011,Bottle,Blow Molding,FR-027-HDPE-5000,WO-4329,2540421050432929,ISBM-005,778,0.2226,173.18
SO-12520,2025-10-08,CUST-009,Bottle,Blow Molding,FR-027-HDPE-5000,WO-4330,2540531050433030,ISBM-005,582,0.238,138.52
SO-12521,2025-10-15,CUST-007,Bottle,Blow Molding,FR-027-HDPE-5000,WO-4334,2541131050433434,ISBM-005,955,0.1197,114.31
SO-12522,2025-10-11,CUST-004,Bottle,Blow Molding,FR-027-HDPE-5000,WO-4335,2541111050433535,ISBM-005,1024,0.2906,297.57
SO-12523,2025-10-12,CUST-002,Bottle,Blow Molding,FR-010-PET-400,WO-4336,2541211050433636,ISBM-005,3255,0.1977,643.51
SO-12524,2025-10-10,CUST-002,Bottle,  Blow Molding  ,FR-010-PET-400,WO-4337,2541221050433737,ISBM-005,4275,0.1783,762.23
SO-12525,2025-10-14,CUST-007,Bottle,Blow Molding,FR-023-HDPE-1000,WO-4338,2541311050433838,ISBM-005,2032,0.1569,318.82
SO-12526,2025-10-14,CUST-003,Bottle,Blow Molding,FR-023-HDPE-1000,WO-4339,2541431050433939,ISBM-005,1028,0.2065,212.28
SO-12527,2025-10-11,CUST-014,Bottle,Blow Molding,FR-023-HDPE-1000,WO-4340,2541421050434040,ISBM-005,2057,0.1674,344.34
SO-12528,2025-10-14,CUST-014,Bottle,  Blow Molding  ,FR-023-HDPE-1000,WO-4341,2541511050434141,ISBM-005,1901,0.2315,440.08
SO-12529,2025-10-17,CUST-009,Bottle,Blow Molding,FR-010-PET-400,WO-4343,2541621050434343,ISBM-005,7723,0.2069,1597.89
SO-12530,2025-10-23,CUST-003,Bottle,Blow Molding,FR-027-HDPE-5000,WO-4345,2542121050434545,ISBM-005,1125,0.2579,290.14
SO-12531,2025-10-23,CUST-009,Bottle,Blow Molding,FR-013-HDPE-500,WO-4346,2542221050434646,ISBM-005,7718,0.1352,1043.47
SO-12532,2025-10-20,CUST-003,Bottle,Blow Molding,FR-023-rPET-1000,WO-4349,2542531050434949,ISBM-005,1769,0.3293,582.53
SO-12533,2025-10-20,CUST-013,Bottle,Blow Molding,FR-023-HDPE-1000,WO-4350,2542521050435050,ISBM-005,1704,0.3469,591.12
SO-12534,2025-10-19,CUST-009,Bottle,Blow Molding,FR-023-HDPE-1000,WO-4351,2542631050435151,ISBM-005,1268,0.1346,170.67
SO-12535,2025-10-30,CUST-008,Bottle,Blow Molding,FR-023-HDPE-1000,WO-4352,2542631050435252,ISBM-005,2559,0.175,447.82
SO-12536,2025-10-31,CUST-003,Bottle,Blow Molding,FR-027-HDPE-5000,WO-4353,2542721050435353,ISBM-005,1026,0.2418,248.09
SO-12537,2025-10-23,CUST-007,Bottle,Blow Molding,FR-010-PET-400,WO-4354,2543111050435454,ISBM-005,1977,0.1825,360.8
SO-12538,2025-10-30,CUST-001,Bottle,Blow Molding,FR-010-PET-400,WO-4355,2543211050435555,ISBM-005,6628,0.2323,1539.68
SO-12539,2025-10-26,CUST-005,Bottle,Blow Molding,FR-027-HDPE-5000,WO-4357,2543321050435757,ISBM-005,162,0.2404,38.94
SO-12540,2025-11-03,CUST-009,Bottle,Blow Molding,FR-027-HDPE-5000,WO-4358,2543431050435858,ISBM-005,168,0.1566,26.31
SO-12541,2025-10-31,CUST-003,Bottle,Blow Molding,FR-023-HDPE-1000,WO-4359,2543421050435959,ISBM-005,2079,0.324,673.6
SO-12542,2025-10-30,CUST-006,Bottle,Blow Molding,FR-027-HDPE-5000,WO-4363,2544131050436363,ISBM-005,460,0.1513,69.6
SO-12543,2025-11-06,CUST-013,Bottle,BLOW MOLDING,FR-023-HDPE-1000,WO-4364,2544111050436464,ISBM-005,1793,0.1193,213.9
SO-12544,2025-11-05,CUST-008,Bottle,Blow Molding,FR-023-HDPE-1000,WO-4365,2544211050436565,ISBM-005,2393,0.2665,637.73
SO-12545,2025-11-09,CUST-013,Bottle,Blow Molding,FR-013-HDPE-500,WO-4367,2544411050436767,ISBM-005,4227,0.1823,770.58
SO-12546,2025-11-05,CUST-008,Bottle,Blow Molding,FR-013-PP-500,WO-4368,2544421050436868,ISBM-005,6449,0.146,941.55
SO-12547,2025-11-04,CUST-008,Bottle,Blow Molding,FR-023-rPET-1000,WO-4369,2544521050436969,ISBM-005,1767,0.308,544.24
SO-12548,2025-11-05,CUST-001,Bottle,Blow Molding,FR-013-PET-500,WO-4370,2544611050437070,ISBM-005,104,0.2807,29.19
SO-12549,2025-11-12,CUST-013,Bottle,Blow Molding,FR-013-PET-500,WO-4371,2544711050437171,ISBM-005,3292,0.0957,315.04
SO-12550,2025-11-09,CUST-012,Bottle,Blow Molding,FR-013-PET-500,WO-4372,2545131050437272,ISBM-005,6018,0.3055,1838.5
SO-12551,2025-11-15,CUST-004,Bottle,Blow Molding,FR-023-HDPE-1000,WO-4373,2545121050437373,ISBM-005,1099,0.1098,120.67
SO-12552,2025-11-16,CUST-005,Bottle,Blow Molding,FR-023-rPET-1000,WO-4375,2545331050437575,ISBM-005,2538,0.1385,351.51
SO-12553,2025-11-08,CUST-005,Bottle,Blow Molding,FR-023-rPET-1000,WO-4376,2545431050437676,ISBM-005,4075,0.2815,1147.11
SO-12554,2025-11-18,CUST-008,Bottle,Blow Molding,FR-027-HDPE-5000,WO-4378,2545521050437878,ISBM-005,791,0.1993,157.65
SO-12555,2025-11-12,CUST-011,Bottle,Blow Molding,FR-013-PP-PCR-500,WO-4379,2545621050437979,ISBM-005,6231,0.1788,1114.1
SO-12556,2025-11-11,CUST-001,Bottle,Blow Molding,FR-013-PP-PCR-500,WO-4380,2545711050438080,ISBM-005,4851,0.2881,1397.57
SO-12557,2025-11-11,CUST-010,Bottle,Blow Molding,FR-027-HDPE-5000,WO-4381,2545731050438181,ISBM-005,532,0.2307,122.73
SO-12558,2025-11-22,CUST-003,Bottle,Blow Molding,FR-027-HDPE-5000,WO-4382,2546121050438282,ISBM-005,387,0.3263,126.28
SO-12559,2025-11-18,CUST-011,Bottle,Blow Molding,FR-013-PP-500,WO-4383,2546211050438383,ISBM-005,6547,0.1451,949.97
SO-12560,2025-11-13,CUST-003,Bottle,Blow Molding,FR-013-PP-500,WO-4384,2546331050438484,ISBM-005,3346,0.2837,949.26
SO-12561,2025-11-20,CUST-010,Bottle,Blow Molding,FR-010-PET-400,WO-4385,2546321050438585,ISBM-005,8795,0.1429,1256.81
SO-12562,2025-11-23,CUST-010,Bottle,Blow Molding,FR-010-PET-400,WO-4386,2546411050438686,ISBM-005,5497,0.283,1555.65
SO-12563,2025-11-23,CUST-011,Bottle,  Blow Molding  ,FR-023-HDPE-1000,WO-4387,2546531050438787,ISBM-005,3051,0.0914,278.86
SO-12564,2025-11-17,CUST-014,Bottle,Blow Molding,FR-023-HDPE-1000,WO-4388,2546521050438888,ISBM-005,1327,0.141,187.11
SO-12565,2025-11-26,CUST-012,Bottle,Blow Molding,FR-023-HDPE-1000,WO-4389,2546611050438989,ISBM-005,3380,0.1641,554.66
SO-12566,2025-11-21,CUST-013,Bottle,Blow Molding,FR-023-HDPE-1000,WO-4390,2546631050439090,ISBM-005,1153,0.2539,292.75
SO-12567,2025-11-28,CUST-010,Bottle,Blow Molding,FR-027-HDPE-5000,WO-4394,2547211050439494,ISBM-005,738,0.2564,189.22
SO-12568,2025-11-29,CUST-013,Bottle,Blow Molding,FR-027-HDPE-5000,WO-4395,2547331050439595,ISBM-005,590,0.0842,49.68
SO-12569,2025-11-28,CUST-011,Bottle,  Blow Molding  ,FR-023-rPET-1000,WO-4396,2547321050439696,ISBM-005,1547,0.3002,464.41
SO-12570,2025-11-22,CUST-007,Bottle,Blow Molding,FR-023-rPET-1000,WO-4397,2547411050439797,ISBM-005,2579,0.1108,285.75
SO-12571,2025-11-25,CUST-009,Bottle,Blow Molding,FR-013-PET-500,WO-4398,2547511050439898,ISBM-005,1934,0.3392,656.01
SO-12572,2025-11-29,CUST-002,Bottle,Blow Molding,FR-027-HDPE-5000,WO-4400,2547621050440001,ISBM-005,411,0.2534,104.15
SO-12573,2025-12-04,CUST-014,Bottle,  Blow Molding  ,FR-027-HDPE-5000,WO-4401,2547711050440102,ISBM-005,701,0.1022,71.64
SO-12574,2025-12-05,CUST-007,Bottle,Blow Molding,FR-023-rPET-1000,WO-4402,2548131050440203,ISBM-005,3937,0.0807,317.72
SO-12575,2025-11-29,CUST-006,Bottle,Blow Molding,FR-023-rPET-1000,WO-4404,2548221050440405,ISBM-005,3718,0.1947,723.89
SO-12576,2025-12-06,CUST-011,Bottle,Blow Molding,FR-013-rPET-500,WO-4405,2548321050440506,ISBM-005,6455,0.2719,1755.11
SO-12577,2025-12-02,CUST-013,Bottle,Blow Molding,FR-023-HDPE-1000,WO-4407,2548511050440708,ISBM-005,1511,0.2795,422.32
SO-12578,2025-12-04,CUST-001,Bottle,Blow Molding,FR-013-PP-500,WO-4408,2548611050440809,ISBM-005,4890,0.1724,843.04
SO-12579,2025-12-11,CUST-005,Bottle,Blow Molding,FR-013-PP-500,WO-4409,2548621050440910,ISBM-005,3623,0.1049,380.05
SO-12580,2025-12-04,CUST-007,Bottle,BLOW MOLDING,FR-027-HDPE-5000,WO-4410,2548711050441011,ISBM-005,850,0.2113,179.6
SO-12581,2025-12-02,CUST-013,Bottle,Blow Molding,FR-027-HDPE-5000,WO-4411,2549131050441112,ISBM-005,306,0.3309,101.26
SO-12582,2025-12-05,CUST-012,Bottle,Blow Molding,FR-023-rPET-1000,WO-4412,2549111050441213,ISBM-005,2322,0.2185,507.36
SO-12583,2025-12-13,CUST-009,Bottle,Blow Molding,FR-013-HDPE-500,WO-4413,2549231050441314,ISBM-005,4885,0.2211,1080.07
SO-12584,2025-12-13,CUST-009,Bottle,blow molding,FR-013-HDPE-500,WO-4414,2549231050441415,ISBM-005,6274,0.0986,618.62
SO-12585,2025-12-09,CUST-013,Bottle,Blow Molding,FR-013-PVC-500,WO-4415,2549321050441516,ISBM-005,2760,0.1223,337.55
SO-12586,2025-12-07,CUST-003,Bottle,Blow Molding,FR-013-MDPE-500,WO-4416,2549411050441617,ISBM-005,3134,0.0998,312.77
SO-12587,2025-12-07,CUST-010,Bottle,Blow Molding,FR-013-MDPE-500,WO-4417,2549431050441718,ISBM-005,1516,0.1603,243.01
SO-12588,2025-12-08,CUST-014,Bottle,Blow Molding,FR-013-MDPE-500,WO-4418,2549511050441819,ISBM-005,5517,0.2517,1388.63
SO-12589,2025-12-11,CUST-007,Bottle,Blow Molding,FR-010-PET-400,WO-4419,2549631050441920,ISBM-005,4467,0.2296,1025.62
SO-12590,2025-12-09,CUST-005,Bottle,Blow Molding,FR-013-PP-500,WO-4420,2549731050442021,ISBM-005,1845,0.2921,538.92
SO-12591,2025-12-13,CUST-002,Bottle,Blow Molding,FR-013-PP-500,WO-4421,2549721050442122,ISBM-005,4307,0.1512,651.22
SO-12592,2025-12-19,CUST-014,Bottle,Blow Molding,FR-013-PP-500,WO-4422,2550111050442223,ISBM-005,4747,0.345,1637.71
SO-12593,2025-12-18,CUST-008,Bottle,Blow Molding,FR-010-PET-400,WO-4423,2550211050442324,ISBM-005,11803,0.3077,3631.78
SO-12594,2025-12-20,CUST-008,Bottle,Blow Molding,FR-010-PET-400,WO-4425,2550321050442526,ISBM-005,3662,0.1778,651.1
SO-12595,2025-12-16,CUST-014,Bottle,Blow Molding,FR-027-HDPE-5000,WO-4428,2550621050442829,ISBM-005,1283,0.1043,133.82
SO-12596,2025-12-25,CUST-003,Bottle,Blow Molding,FR-027-HDPE-5000,WO-4429,2550721050442930,ISBM-005,456,0.3054,139.26
SO-12597,2025-12-20,CUST-009,Bottle,Blow Molding,FR-010-PET-400,WO-4432,2551331050443233,ISBM-005,5434,0.2002,1087.89
SO-12598,2025-12-20,CUST-012,Bottle,Blow Molding,FR-010-PET-400,WO-4433,2551321050443334,ISBM-005,5007,0.2778,1390.94
SO-12599,2025-12-21,CUST-002,Bottle,Blow Molding,FR-027-HDPE-5000,WO-4434,2551421050443435,ISBM-005,573,0.2103,120.5
SO-12600,2025-12-30,CUST-005,Bottle,Blow Molding,FR-027-HDPE-5000,WO-4435,2551521050443536,ISBM-005,527,0.259,136.49
SO-12601,2025-12-24,CUST-005,Bottle,Blow Molding,FR-010-PET-400,WO-4438,2552131050443839,ISBM-005,7693,0.2501,1924.02
SO-12602,2025-12-25,CUST-013,Bottle,Blow Molding,FR-013-PVC-500,WO-4439,2552231050443940,ISBM-005,4695,0.173,812.23
SO-12603,2026-01-03,CUST-008,Bottle,Blow Molding,FR-023-rPET-1000,WO-4441,2552321050444142,ISBM-005,992,0.2767,274.49
SO-12604,2026-01-06,CUST-011,Bottle,Blow Molding,FR-013-PVC-500,WO-4443,2552411050444344,ISBM-005,4493,0.119,534.67
SO-12605,2026-01-03,CUST-001,Bottle,Blow Molding,FR-013-PET-500,WO-4445,2552531050444546,ISBM-005,4958,0.0829,411.02
SO-12606,2026-01-05,CUST-003,Bottle,Blow Molding,FR-027-HDPE-5000,WO-4446,2552621050444647,ISBM-005,597,0.1449,86.51
SO-12607,2026-01-08,CUST-013,Bottle,Blow Molding,FR-027-HDPE-5000,WO-4447,2552711050444748,ISBM-005,513,0.2412,123.74
SO-12608,2025-12-31,CUST-010,Bottle,Blow Molding,FR-027-HDPE-5000,WO-4448,2552731050444849,ISBM-005,369,0.2427,89.56
SO-12609,2026-01-05,CUST-006,Bottle,Blow Molding,FR-027-HDPE-5000,WO-4449,2501111050444950,ISBM-005,464,0.3006,139.48
SO-12610,2026-01-09,CUST-010,Bottle,Blow Molding,FR-023-rPET-1000,WO-4450,2501231050445051,ISBM-005,476,0.3369,160.36
SO-12611,2026-01-05,CUST-014,Bottle,Blow Molding,FR-010-PET-400,WO-4451,2501221050445152,ISBM-005,4593,0.3117,1431.64
SO-12612,2026-01-10,CUST-001,Bottle,Blow Molding,FR-023-rPET-1000,WO-4452,2501311050445253,ISBM-005,2223,0.325,722.48
SO-12613,2026-01-06,CUST-008,Bottle,Blow Molding,FR-010-PET-400,WO-4453,2601411050445354,ISBM-005,4963,0.2896,1437.28
SO-12614,2026-01-09,CUST-006,Bottle,Blow Molding,FR-013-HDPE-500,WO-4455,2601631050445556,ISBM-005,1278,0.0876,111.95
SO-12615,2026-01-05,CUST-010,Bottle,Blow Molding,FR-023-rPET-1000,WO-4456,2601621050445657,ISBM-005,2174,0.2472,537.41
SO-12616,2026-01-07,CUST-011,Bottle,Blow Molding,FR-023-rPET-1000,WO-4458,2602131050445859,ISBM-005,3032,0.2498,757.39
SO-12617,2026-01-16,CUST-002,Bottle,Blow Molding,FR-027-HDPE-5000,WO-4459,2602121050445960,ISBM-005,385,0.2632,101.33
SO-12618,2026-01-16,CUST-011,Bottle,Blow Molding,FR-013-HDPE-PCR-500,WO-4460,2602221050446061,ISBM-005,3685,0.279,1028.12
SO-12619,2026-01-15,CUST-010,Bottle,BLOW MOLDING,FR-013-HDPE-PCR-500,WO-4461,2602321050446162,ISBM-005,10224,0.2228,2277.91
SO-12620,2026-01-17,CUST-014,Bottle,Blow Molding,FR-010-PET-400,WO-4464,2602531050446465,ISBM-005,5709,0.2673,1526.02
SO-12621,2026-01-22,CUST-001,Bottle,Blow Molding,FR-010-PET-400,WO-4465,2602621050446566,ISBM-005,3557,0.1161,412.97
SO-12622,2026-01-22,CUST-009,Bottle,Blow Molding,FR-027-HDPE-5000,WO-4467,2603131050446768,ISBM-005,312,0.1237,38.59
SO-12623,2026-01-23,CUST-006,Bottle,Blow Molding,FR-023-HDPE-1000,WO-4469,2603331050446970,ISBM-005,2076,0.1495,310.36
SO-12624,2026-01-24,CUST-007,Bottle,BLOW MOLDING,FR-023-HDPE-1000,WO-4470,2603321050447071,ISBM-005,1295,0.1502,194.51
SO-12625,2026-01-23,CUST-004,Bottle,Blow Molding,FR-023-HDPE-1000,WO-4471,2603411050447172,ISBM-005,1430,0.2446,349.78
SO-12626,2026-01-25,CUST-006,Bottle,Blow Molding,FR-023-HDPE-1000,WO-4472,2603421050447273,ISBM-005,4941,0.0978,483.23
SO-12627,2026-01-25,CUST-006,Bottle,Blow Molding,FR-023-HDPE-1000,WO-4473,2603521050447374,ISBM-005,377,0.1691,63.75
SO-12628,2026-01-20,CUST-012,Bottle,BLOW MOLDING,FR-010-PET-400,WO-4474,2603621050447475,ISBM-005,4980,0.1435,714.63
SO-12629,2026-01-24,CUST-007,Bottle,Blow Molding,FR-010-PET-400,WO-4475,2603711050447576,ISBM-005,8304,0.2163,1796.16
SO-12630,2026-01-21,CUST-012,Bottle,  Blow Molding  ,FR-023-HDPE-1000,WO-4477,2604121050447778,ISBM-005,983,0.275,270.33
SO-12631,2026-01-25,CUST-008,Bottle,Blow Molding,FR-013-rPET-500,WO-4478,2604221050447879,ISBM-005,2855,0.2063,588.99
SO-12632,2026-01-23,CUST-009,Bottle,  Blow Molding  ,FR-013-rPET-500,WO-4479,2604331050447980,ISBM-005,3073,0.2429,746.43
SO-12633,2026-01-27,CUST-002,Bottle,  Blow Molding  ,FR-027-HDPE-5000,WO-4480,2604321050448081,ISBM-005,609,0.1398,85.14
SO-12634,2026-01-26,CUST-008,Bottle,Blow Molding,FR-027-HDPE-5000,WO-4481,2604421050448182,ISBM-005,640,0.3451,220.86
SO-12635,2026-01-25,CUST-010,Bottle,Blow Molding,FR-027-HDPE-5000,WO-4482,2604511050448283,ISBM-005,1172,0.347,406.68
SO-12636,2026-01-31,CUST-001,Bottle,Blow Molding,FR-013-LDPE-500,WO-4483,2604611050448384,ISBM-005,5213,0.3283,1711.43
SO-12637,2026-01-31,CUST-003,Bottle,Blow Molding,FR-027-HDPE-5000,WO-4485,2604711050448586,ISBM-005,938,0.2991,280.56
SO-12638,2026-02-05,CUST-003,Bottle,Blow Molding,FR-027-HDPE-5000,WO-4486,2605131050448687,ISBM-005,678,0.2324,157.57
SO-12639,2026-01-28,CUST-006,Bottle,Blow Molding,FR-027-HDPE-5000,WO-4487,2605121050448788,ISBM-005,428,0.2561,109.61
SO-12640,2026-02-01,CUST-005,Bottle,Blow Molding,FR-027-HDPE-5000,WO-4488,2605211050448889,ISBM-005,492,0.1794,88.26
SO-12641,2026-02-05,CUST-001,Bottle,Blow Molding,FR-013-PVC-500,WO-4489,2605221050448990,ISBM-005,3757,0.1587,596.24
SO-12642,2026-02-07,CUST-012,Bottle,Blow Molding,FR-013-PVC-500,WO-4490,2605321050449091,ISBM-005,6898,0.0982,677.38
SO-12643,2026-01-30,CUST-003,Bottle,  Blow Molding  ,FR-013-PVC-500,WO-4491,2605411050449192,ISBM-005,5224,0.2785,1454.88
SO-12644,2026-02-03,CUST-012,Bottle,Blow Molding,FR-027-HDPE-5000,WO-4495,2605721050449596,ISBM-005,416,0.2613,108.7
SO-12645,2026-02-11,CUST-014,Bottle,Blow Molding,FR-027-HDPE-5000,WO-4496,2606111050449697,ISBM-005,417,0.337,140.53
SO-12646,2026-02-14,CUST-006,Bottle,Blow Molding,FR-013-HDPE-PCR-500,WO-4499,2606311050449901,ISBM-005,7681,0.3439,2641.5
SO-12647,2026-02-16,CUST-011,Bottle,Blow Molding,FR-013-HDPE-PCR-500,WO-4500,2606411050450002,ISBM-005,4898,0.2501,1224.99
SO-12648,2026-02-14,CUST-002,Bottle,Blow Molding,FR-027-HDPE-5000,WO-4501,2606531050450103,ISBM-005,1558,0.2807,437.33
SO-12649,2026-02-16,CUST-002,Bottle,Blow Molding,FR-027-HDPE-5000,WO-4502,2606531050450204,ISBM-005,736,0.2811,206.89
SO-12650,2026-02-18,CUST-008,Bottle,Blow Molding,FR-010-PET-400,WO-4506,2607211050450608,ISBM-005,5851,0.1499,877.06
SO-12651,2026-02-21,CUST-004,Bottle,  Blow Molding  ,FR-023-rPET-1000,WO-4508,2607321050450810,ISBM-005,759,0.2788,211.61
SO-12652,2026-02-24,CUST-005,Bottle,Blow Molding,FR-010-PET-400,WO-4509,2607411050450911,ISBM-005,3321,0.2391,794.05
SO-12653,2026-02-20,CUST-007,Bottle,  Blow Molding  ,FR-010-PET-400,WO-4511,2607631050451113,ISBM-005,5579,0.3296,1838.84
SO-12654,2026-02-20,CUST-012,Bottle,Blow Molding,FR-010-PET-400,WO-4512,2607731050451214,ISBM-005,5254,0.2592,1361.84
SO-12655,2026-02-18,CUST-011,Bottle,Blow Molding,FR-010-PET-400,WO-4513,2607721050451315,ISBM-005,8072,0.1426,1151.07
SO-12656,2026-02-20,CUST-010,Bottle,Blow Molding,FR-027-HDPE-5000,WO-4514,2608111050451416,ISBM-005,636,0.1416,90.06
SO-12657,2026-02-27,CUST-007,Bottle,Blow Molding,FR-027-HDPE-5000,WO-4517,2608321050451719,ISBM-005,582,0.3152,183.45
SO-12658,2026-02-23,CUST-013,Bottle,Blow Molding,FR-023-rPET-1000,WO-4518,2608411050451820,ISBM-005,865,0.2392,206.91
SO-12659,2026-03-02,CUST-012,Bottle,Blow Molding,FR-013-HDPE-500,WO-4519,2608531050451921,ISBM-005,4471,0.1584,708.21
SO-12660,2026-03-02,CUST-007,Bottle,Blow Molding,FR-013-PET-500,WO-4522,2608731050452224,ISBM-005,2382,0.3085,734.85
SO-12661,2026-03-06,CUST-005,Bottle,Blow Molding,FR-010-PET-400,WO-4523,2608721050452325,ISBM-005,9089,0.1628,1479.69
SO-12662,2026-03-07,CUST-003,Bottle,Blow Molding,FR-027-HDPE-5000,WO-4524,2609121050452426,ISBM-005,596,0.2831,168.73
SO-12663,2026-03-02,CUST-010,Bottle,Blow Molding,FR-010-PET-400,WO-4525,2609211050452527,ISBM-005,6020,0.1911,1150.42
SO-12664,2026-03-06,CUST-012,Bottle,Blow Molding,FR-010-PET-400,WO-4526,2609331050452628,ISBM-005,7271,0.1972,1433.84
SO-12665,2026-03-04,CUST-010,Bottle,Blow Molding,FR-013-rPET-500,WO-4527,2609321050452729,ISBM-005,3436,0.2679,920.5
SO-12666,2026-03-07,CUST-005,Bottle,Blow Molding,FR-010-PET-400,WO-4528,2609411050452830,ISBM-005,3585,0.2639,946.08
SO-12667,2026-03-04,CUST-008,Bottle,Blow Molding,FR-010-PET-400,WO-4529,2609511050452931,ISBM-005,1153,0.1221,140.78
SO-12668,2026-03-11,CUST-001,Bottle,Blow Molding,FR-013-rPET-500,WO-4530,2609521050453032,ISBM-005,5220,0.2479,1294.04
SO-12669,2026-03-07,CUST-009,Bottle,Blow Molding,FR-013-rPET-500,WO-4531,2609611050453133,ISBM-005,3904,0.1301,507.91
SO-12670,2026-03-08,CUST-005,Bottle,Blow Molding,FR-010-PET-400,WO-4532,2609711050453234,ISBM-005,3429,0.1632,559.61
SO-12671,2026-03-05,CUST-010,Bottle,Blow Molding,FR-023-rPET-1000,WO-4533,2609721050453335,ISBM-005,2165,0.3187,689.99
SO-12672,2026-03-04,CUST-005,Bottle,BLOW MOLDING,FR-013-PP-500,WO-4535,2610211050453537,ISBM-005,2779,0.1166,324.03
SO-12673,2026-03-11,CUST-011,Bottle,Blow Molding,FR-013-PP-500,WO-4536,2610331050453638,ISBM-005,4970,0.3138,1559.59
SO-12674,2026-03-15,CUST-012,Bottle,Blow Molding,FR-010-PET-400,WO-4537,2610431050453739,ISBM-005,3681,0.1993,733.62
SO-12675,2026-03-12,CUST-010,Bottle,Blow Molding,FR-027-HDPE-5000,WO-4538,2610421050453840,ISBM-005,757,0.1251,94.7
SO-12676,2026-03-11,CUST-001,Bottle,Blow Molding,FR-027-HDPE-5000,WO-4539,2610511050453941,ISBM-005,206,0.1142,23.53
SO-12677,2026-03-17,CUST-003,Bottle,Blow Molding,FR-027-HDPE-5000,WO-4540,2610631050454042,ISBM-005,725,0.2386,172.99
SO-12678,2026-03-12,CUST-003,Bottle,Blow Molding,FR-023-rPET-1000,WO-4541,2610621050454143,ISBM-005,1407,0.1817,255.65
SO-12679,2026-03-11,CUST-005,Bottle,BLOW MOLDING,FR-023-rPET-1000,WO-4542,2610711050454244,ISBM-005,1510,0.1921,290.07
SO-12680,2026-03-13,CUST-001,Bottle,Blow Molding,FR-023-rPET-1000,WO-4543,2611131050454345,ISBM-005,1326,0.2657,352.32
SO-12681,2026-03-18,CUST-004,Bottle,Blow Molding,FR-027-HDPE-5000,WO-4544,2611121050454446,ISBM-005,857,0.116,99.41
SO-12682,2026-03-18,CUST-004,Bottle,Blow Molding,FR-010-PET-400,WO-4546,2611311050454648,ISBM-005,5418,0.1508,817.03
SO-12683,2026-03-23,CUST-012,Bottle,Blow Molding,FR-027-HDPE-5000,WO-4547,2611431050454749,ISBM-005,501,0.2502,125.35
SO-12684,2026-03-23,CUST-007,Bottle,Blow Molding,FR-027-HDPE-5000,WO-4548,2611431050454850,ISBM-005,1355,0.2346,317.88
SO-12685,2026-03-22,CUST-013,Bottle,BLOW MOLDING,FR-013-LDPE-500,WO-4549,2611521050454951,ISBM-005,5489,0.1708,937.52
SO-12686,2026-03-17,CUST-008,Bottle,Blow Molding,FR-013-LDPE-500,WO-4550,2611611050455052,ISBM-005,5516,0.233,1285.23
SO-12687,2026-03-18,CUST-013,Bottle,Blow Molding,FR-013-LDPE-500,WO-4551,2611731050455153,ISBM-005,9204,0.1346,1238.86
SO-12688,2026-03-19,CUST-011,Bottle,Blow Molding,FR-013-PP-500,WO-4552,2611721050455254,ISBM-005,4141,0.2657,1100.26
SO-12689,2026-03-22,CUST-012,Bottle,Blow Molding,FR-013-HDPE-500,WO-4553,2612111050455355,ISBM-005,6590,0.2108,1389.17
SO-12690,2026-03-21,CUST-010,Bottle,  Blow Molding  ,FR-013-HDPE-500,WO-4554,2612231050455456,ISBM-005,5858,0.0908,531.91
SO-12691,2026-03-24,CUST-001,Bottle,Blow Molding,FR-013-MDPE-500,WO-4555,2612231050455557,ISBM-005,6562,0.1281,840.59
SO-12692,2026-03-26,CUST-002,Bottle,Blow Molding,FR-013-MDPE-500,WO-4556,2612331050455658,ISBM-005,5899,0.2236,1319.02
SO-12693,2026-03-24,CUST-010,Bottle,Blow Molding,FR-013-HDPE-500,WO-4557,2612421050455759,ISBM-005,1612,0.3313,534.06
SO-12694,2026-03-24,CUST-014,Bottle,Blow Molding,FR-013-HDPE-500,WO-4558,2612531050455860,ISBM-005,3784,0.2441,923.67
SO-12695,2026-03-26,CUST-002,Bottle,Blow Molding,FR-010-PET-400,WO-4559,2612531050455961,ISBM-005,3290,0.083,273.07
SO-12696,2026-04-01,CUST-007,Bottle,Blow Molding,FR-013-PP-PCR-500,WO-4560,2612611050456062,ISBM-005,8358,0.2232,1865.51
SO-12697,2026-03-25,CUST-010,Bottle,Blow Molding,FR-013-PP-PCR-500,WO-4561,2612711050456163,ISBM-005,3844,0.3261,1253.53
SO-12698,2026-03-30,CUST-006,Bottle,Blow Molding,FR-023-HDPE-1000,WO-4562,2612731050456264,ISBM-005,2144,0.1124,240.99
SO-12699,2026-03-27,CUST-014,Bottle,Blow Molding,FR-023-rPET-1000,WO-4565,2613311050456567,ISBM-005,1748,0.1387,242.45
SO-12700,2026-04-01,CUST-005,Bottle,Blow Molding,FR-023-rPET-1000,WO-4566,2613431050456668,ISBM-005,1690,0.3135,529.82
SO-12701,2026-04-02,CUST-013,Bottle,Blow Molding,FR-013-PP-PCR-500,WO-4567,2613421050456769,ISBM-005,3226,0.0811,261.63
SO-12702,2026-03-31,CUST-011,Bottle,Blow Molding,FR-013-PP-PCR-500,WO-4568,2613511050456870,ISBM-005,2484,0.2758,685.09
SO-12703,2026-04-04,CUST-002,Bottle,Blow Molding,FR-013-PP-PCR-500,WO-4569,2613521050456971,ISBM-005,5652,0.3455,1952.77
SO-12704,2026-04-09,CUST-006,Bottle,Blow Molding,FR-023-HDPE-1000,WO-4571,2613731050457173,ISBM-005,2293,0.1724,395.31
SO-12705,2026-04-09,CUST-002,Bottle,Blow Molding,FR-023-HDPE-1000,WO-4572,2613731050457274,ISBM-005,2683,0.1819,488.04
SO-12706,2026-04-09,CUST-013,Bottle,Blow Molding,FR-023-HDPE-1000,WO-4573,2614111050457375,ISBM-005,1161,0.3008,349.23
SO-12707,2026-04-11,CUST-001,Bottle,Blow Molding,FR-027-HDPE-5000,WO-4574,2614211050457476,ISBM-005,542,0.1953,105.85
SO-12708,2026-04-09,CUST-014,Bottle,Blow Molding,FR-027-HDPE-5000,WO-4575,2614221050457577,ISBM-005,1453,0.1897,275.63
SO-12709,2026-04-12,CUST-001,Bottle,Blow Molding,FR-027-HDPE-5000,WO-4576,2614321050457678,ISBM-005,248,0.1785,44.27
SO-12710,2026-04-11,CUST-003,Bottle,Blow Molding,FR-027-HDPE-5000,WO-4577,2614411050457779,ISBM-005,317,0.3064,97.13
SO-12711,2026-04-12,CUST-009,Bottle,Blow Molding,FR-023-rPET-1000,WO-4578,2614511050457880,ISBM-005,3418,0.2209,755.04
SO-12712,2026-04-07,CUST-009,Bottle,Blow Molding,FR-023-rPET-1000,WO-4579,2614631050457981,ISBM-005,1707,0.1082,184.7
SO-12713,2026-04-08,CUST-007,Bottle,BLOW MOLDING,FR-023-rPET-1000,WO-4580,2614621050458082,ISBM-005,926,0.2033,188.26
SO-12714,2026-04-15,CUST-008,Bottle,Blow Molding,FR-023-HDPE-1000,WO-4581,2614711050458183,ISBM-005,1453,0.1728,251.08
SO-12715,2026-04-10,CUST-014,Bottle,Blow Molding,FR-023-HDPE-1000,WO-4582,2615131050458284,ISBM-005,1022,0.2535,259.08
SO-12716,2026-04-07,CUST-011,Bottle,Blow Molding,FR-023-HDPE-1000,WO-4583,2615111050458385,ISBM-005,2515,0.1498,376.75
SO-12717,2026-04-18,CUST-003,Bottle,Blow Molding,FR-013-PP-PCR-500,WO-4585,2615211050458587,ISBM-005,2359,0.3322,783.66
SO-12718,2026-04-12,CUST-014,Bottle,Blow Molding,FR-027-HDPE-5000,WO-4586,2615311050458688,ISBM-005,487,0.3085,150.24
SO-12719,2026-04-11,CUST-013,Bottle,Blow Molding,FR-013-PP-PCR-500,WO-4588,2615411050458890,ISBM-005,2720,0.3406,926.43
SO-12720,2026-04-21,CUST-001,Bottle,Blow Molding,FR-027-HDPE-5000,WO-4589,2615531050458991,ISBM-005,1253,0.2561,320.89
SO-12721,2026-04-15,CUST-002,Bottle,Blow Molding,FR-027-HDPE-5000,WO-4590,2615631050459092,ISBM-005,494,0.2547,125.82
SO-12722,2026-04-14,CUST-014,Bottle,Blow Molding,FR-027-HDPE-5000,WO-4591,2615631050459193,ISBM-005,885,0.1844,163.19
SO-12723,2026-04-19,CUST-002,Bottle,Blow Molding,FR-027-HDPE-5000,WO-4592,2615721050459294,ISBM-005,877,0.303,265.73
SO-12724,2026-04-23,CUST-013,Bottle,Blow Molding,FR-010-PET-400,WO-4594,2616211050459496,ISBM-005,4201,0.3189,1339.7
SO-12725,2026-04-21,CUST-002,Bottle,Blow Molding,FR-013-HDPE-PCR-500,WO-4596,2616321050459698,ISBM-005,5974,0.0981,586.05
SO-12726,2026-04-25,CUST-014,Bottle,blow molding,FR-010-PET-400,WO-4597,2616411050459799,ISBM-005,5382,0.1271,684.05
SO-12727,2026-04-20,CUST-008,Bottle,Blow Molding,FR-010-PET-400,WO-4598,2616531050459801,ISBM-005,8217,0.1076,884.15
SO-12728,2026-04-28,CUST-012,Bottle,Blow Molding,FR-027-HDPE-5000,WO-4599,2616631050459902,ISBM-005,345,0.1483,51.16
SO-12729,2026-04-28,CUST-013,Bottle,Blow Molding,FR-027-HDPE-5000,WO-4600,2616731050460003,ISBM-005,965,0.0872,84.15
SO-12730,2026-05-01,CUST-012,Bottle,blow molding,FR-027-HDPE-5000,WO-4601,2616721050460104,ISBM-005,915,0.1245,113.92
SO-12731,2026-04-22,CUST-012,Bottle,Blow Molding,FR-027-HDPE-5000,WO-4602,2617111050460205,ISBM-005,711,0.3283,233.42
SO-12732,2026-04-22,CUST-008,Bottle,Blow Molding,FR-013-LDPE-500,WO-4603,2617231050460306,ISBM-005,10310,0.0921,949.55
SO-12733,2026-04-29,CUST-008,Bottle,Blow Molding,FR-013-LDPE-500,WO-4604,2617331050460407,ISBM-005,1826,0.2321,423.81
SO-12734,2026-04-28,CUST-003,Bottle,Blow Molding,FR-010-PET-400,WO-4605,2617321050460508,ISBM-005,2292,0.1287,294.98
SO-12735,2026-04-27,CUST-007,Bottle,Blow Molding,FR-013-PET-500,WO-4606,2617411050460609,ISBM-005,4799,0.3367,1615.82
SO-12736,2026-05-04,CUST-013,Bottle,Blow Molding,FR-013-PET-500,WO-4607,2617531050460710,ISBM-005,3788,0.2807,1063.29
SO-12737,2026-05-04,CUST-002,Bottle,Blow Molding,FR-027-HDPE-5000,WO-4609,2617611050460912,ISBM-005,763,0.1256,95.83
SO-12738,2026-05-08,CUST-010,Bottle,Blow Molding,FR-027-HDPE-5000,WO-4610,2617711050461013,ISBM-005,160,0.1339,21.42
SO-12739,2026-05-03,CUST-005,Bottle,  Blow Molding  ,FR-010-PET-400,WO-4611,2618131050461114,ISBM-005,9811,0.2623,2573.43
SO-12740,2026-05-03,CUST-007,Bottle,Blow Molding,FR-010-PET-400,WO-4613,2618221050461316,ISBM-005,3600,0.1552,558.72
SO-12741,2026-05-11,CUST-008,Bottle,Blow Molding,FR-013-PVC-500,WO-4614,2618311050461417,ISBM-005,3981,0.1046,416.41
SO-12742,2026-05-10,CUST-006,Bottle,Blow Molding,FR-013-PVC-500,WO-4615,2618411050461518,ISBM-005,1607,0.2907,467.15
SO-12743,2026-05-10,CUST-010,Bottle,Blow Molding,FR-013-MDPE-500,WO-4616,2618421050461619,ISBM-005,1612,0.272,438.46
SO-12744,2026-05-10,CUST-014,Bottle,Blow Molding,FR-013-MDPE-500,WO-4617,2618511050461720,ISBM-005,2619,0.1559,408.3
SO-12745,2026-05-10,CUST-009,Bottle,Blow Molding,FR-023-HDPE-1000,WO-4618,2618631050461821,ISBM-005,2743,0.1878,515.14
SO-12746,2026-05-10,CUST-014,Bottle,blow molding,FR-010-PET-400,WO-4622,2619111050462225,ISBM-005,3210,0.2726,875.05
SO-12747,2026-05-17,CUST-014,Bottle,Blow Molding,FR-027-HDPE-5000,WO-4624,2619221050462427,ISBM-005,1117,0.1926,215.13
SO-12748,2026-05-11,CUST-012,Bottle,Blow Molding,FR-027-HDPE-5000,WO-4625,2619311050462528,ISBM-005,1240,0.2726,338.02
SO-12749,2026-05-10,CUST-006,Bottle,Blow Molding,FR-027-HDPE-5000,WO-4626,2619411050462629,ISBM-005,530,0.1015,53.8
SO-12750,2026-05-20,CUST-010,Bottle,Blow Molding,FR-023-HDPE-1000,WO-4627,2619511050462730,ISBM-005,3099,0.0927,287.28
SO-12751,2026-05-20,CUST-013,Bottle,blow molding,FR-023-HDPE-1000,WO-4628,2619631050462831,ISBM-005,955,0.1828,174.57
SO-12752,2026-05-21,CUST-013,Bottle,Blow Molding,FR-023-rPET-1000,WO-4629,2619631050462932,ISBM-005,3008,0.1787,537.53
SO-12753,2026-05-14,CUST-006,Bottle,Blow Molding,FR-023-rPET-1000,WO-4630,2619721050463033,ISBM-005,2044,0.3082,629.96
SO-12754,2026-05-16,CUST-013,Bottle,Blow Molding,FR-023-rPET-1000,WO-4632,2620231050463235,ISBM-005,4334,0.2891,1252.96
SO-12755,2026-05-19,CUST-013,Bottle,Blow Molding,FR-023-rPET-1000,WO-4633,2620221050463336,ISBM-005,2554,0.1594,407.11
SO-12756,2026-05-18,CUST-009,Bottle,Blow Molding,FR-010-PET-400,WO-4634,2620321050463437,ISBM-005,5533,0.1048,579.86
SO-12757,2026-05-18,CUST-001,Bottle,Blow Molding,FR-023-HDPE-1000,WO-4635,2620421050463538,ISBM-005,2583,0.109,281.55
SO-12758,2026-05-23,CUST-014,Bottle,Blow Molding,FR-027-HDPE-5000,WO-4636,2620511050463639,ISBM-005,714,0.1754,125.24
SO-12759,2026-05-25,CUST-005,Bottle,blow molding,FR-027-HDPE-5000,WO-4637,2620631050463740,ISBM-005,1090,0.3241,353.27
SO-12760,2026-05-27,CUST-003,Bottle,Blow Molding,FR-027-HDPE-5000,WO-4638,2620631050463841,ISBM-005,987,0.2666,263.13
SO-12761,2026-05-29,CUST-006,Bottle,Blow Molding,FR-027-HDPE-5000,WO-4639,2620721050463942,ISBM-005,1263,0.1229,155.22
SO-12762,2026-05-28,CUST-003,Bottle,Blow Molding,FR-027-HDPE-5000,WO-4640,2621111050464043,ISBM-005,800,0.2187,174.96
SO-12763,2026-05-23,CUST-009,Bottle,Blow Molding,FR-027-HDPE-5000,WO-4642,2621221050464245,ISBM-005,310,0.2965,91.91
SO-12764,2026-05-29,CUST-007,Bottle,  Blow Molding  ,FR-027-HDPE-5000,WO-4643,2621331050464346,ISBM-005,775,0.3465,268.54
SO-12765,2026-05-25,CUST-014,Bottle,Blow Molding,FR-027-HDPE-5000,WO-4644,2621321050464447,ISBM-005,808,0.1084,87.59
SO-12766,2026-06-02,CUST-007,Bottle,Blow Molding,FR-027-HDPE-5000,WO-4645,2621421050464548,ISBM-005,578,0.1641,94.85
SO-12767,2026-06-01,CUST-014,Bottle,Blow Molding,FR-013-PET-500,WO-4647,2621521050464750,ISBM-005,5524,0.3354,1852.75
SO-12768,2026-06-02,CUST-010,Bottle,Blow Molding,FR-013-PET-500,WO-4648,2621631050464851,ISBM-005,3102,0.3389,1051.27
SO-12769,2026-05-29,CUST-006,Bottle,Blow Molding,FR-013-PET-500,WO-4649,2621621050464952,ISBM-005,6271,0.1925,1207.17
SO-12770,2026-06-03,CUST-003,Bottle,Blow Molding,FR-013-PET-500,WO-4650,2621711050465053,ISBM-005,3384,0.3495,1182.71
SO-12771,2026-05-30,CUST-001,Bottle,Blow Molding,FR-013-MDPE-500,WO-4651,2621731050465154,ISBM-005,8755,0.247,2162.49
SO-12772,2026-06-06,CUST-009,Bottle,Blow Molding,FR-013-MDPE-500,WO-4652,2622121050465255,ISBM-005,2913,0.2172,632.7
SO-12773,2026-05-31,CUST-006,Bottle,Blow Molding,FR-013-PP-PCR-500,WO-4653,2622231050465356,ISBM-005,5330,0.1373,731.81
SO-12774,2026-06-01,CUST-001,Bottle,Blow Molding,FR-013-PP-PCR-500,WO-4654,2622221050465457,ISBM-005,7221,0.219,1581.4
SO-12775,2026-06-08,CUST-007,Bottle,Blow Molding,FR-027-HDPE-5000,WO-4655,2622311050465558,ISBM-005,909,0.2161,196.43
SO-12776,2026-06-07,CUST-011,Bottle,Blow Molding,FR-027-HDPE-5000,WO-4656,2622431050465659,ISBM-005,1151,0.32,368.32
SO-12777,2026-06-05,CUST-011,Bottle,Blow Molding,FR-023-rPET-1000,WO-4657,2622431050465760,ISBM-005,1021,0.2469,252.08
SO-12778,2026-06-02,CUST-003,Bottle,Blow Molding,FR-010-PET-400,WO-4658,2622511050465861,ISBM-005,6748,0.1065,718.66
SO-12779,2026-06-11,CUST-008,Bottle,Blow Molding,FR-027-HDPE-5000,WO-4659,2622631050465962,ISBM-005,768,0.1569,120.5
SO-12780,2026-06-01,CUST-007,Bottle,Blow Molding,FR-010-PET-400,WO-4660,2622731050466063,ISBM-005,4476,0.3272,1464.55
SO-12781,2026-06-07,CUST-014,Bottle,Blow Molding,FR-027-HDPE-5000,WO-4661,2622731050466164,ISBM-005,1060,0.3423,362.84
SO-12782,2026-06-13,CUST-004,Bottle,Blow Molding,FR-023-HDPE-1000,WO-4664,2623311050466467,ISBM-005,1852,0.1727,319.84
SO-12783,2026-06-05,CUST-011,Bottle,Blow Molding,FR-027-HDPE-5000,WO-4665,2623321050466568,ISBM-005,720,0.2241,161.35
SO-12784,2026-06-15,CUST-009,Bottle,Blow Molding,FR-027-HDPE-5000,WO-4666,2623421050466669,ISBM-005,1372,0.0943,129.38
SO-12785,2026-06-13,CUST-007,Bottle,Blow Molding,FR-013-PP-PCR-500,WO-4668,2623631050466871,ISBM-005,1013,0.1166,118.12
SO-12786,2026-06-10,CUST-008,Bottle,blow molding,FR-013-PET-500,WO-4669,2623731050466972,ISBM-005,6690,0.1524,1019.56
SO-12787,2026-06-10,CUST-005,Bottle,Blow Molding,FR-023-rPET-1000,WO-4670,2624131050467073,ISBM-005,3209,0.2796,897.24
SO-12788,2026-06-10,CUST-003,Bottle,Blow Molding,FR-023-rPET-1000,WO-4671,2624121050467174,ISBM-005,1270,0.148,187.96
SO-12789,2026-06-19,CUST-010,Bottle,Blow Molding,FR-013-PP-500,WO-4672,2624211050467275,ISBM-005,6640,0.2061,1368.5
SO-12790,2026-06-18,CUST-003,Bottle,Blow Molding,FR-013-HDPE-500,WO-4673,2624311050467376,ISBM-005,6193,0.3346,2072.18
SO-12791,2026-06-13,CUST-009,Bottle,Blow Molding,FR-023-rPET-1000,WO-4674,2624411050467477,ISBM-005,62,0.132,8.18
SO-12792,2026-06-21,CUST-006,Bottle,Blow Molding,FR-023-rPET-1000,WO-4675,2624531050467578,ISBM-005,1808,0.1722,311.34
SO-12793,2026-06-22,CUST-006,Bottle,Blow Molding,FR-010-PET-400,WO-4676,2624521050467679,ISBM-005,5852,0.2496,1460.66
SO-12794,2026-06-22,CUST-006,Bottle,Blow Molding,FR-010-PET-400,WO-4677,2624611050467780,ISBM-005,8949,0.3442,3080.25
SO-12795,2026-06-24,CUST-011,Bottle,Blow Molding,FR-010-PET-400,WO-4678,2624711050467881,ISBM-005,3517,0.2492,876.44
SO-12796,2026-06-17,CUST-004,Bottle,Blow Molding,FR-023-rPET-1000,WO-4680,2625231050468083,ISBM-005,1687,0.2638,445.03
SO-12797,2026-06-28,CUST-009,Bottle,Blow Molding,FR-023-HDPE-1000,WO-4686,2625611050468689,ISBM-005,4152,0.1045,433.88
SO-12798,2026-07-02,CUST-014,Bottle,blow molding,FR-027-HDPE-5000,WO-4687,2625731050468790,ISBM-005,407,0.3106,126.41
SO-12799,2026-06-28,CUST-002,Bottle,Blow Molding,FR-010-PET-400,WO-4688,2625731050468891,ISBM-005,6027,0.306,1844.26
SO-12800,2026-07-03,CUST-002,Bottle,Blow Molding,FR-010-PET-400,WO-4689,2626121050468992,ISBM-005,832,0.1788,148.76
SO-12801,2026-07-03,CUST-011,Bottle,Blow Molding,FR-027-HDPE-5000,WO-4690,2626211050469093,ISBM-005,336,0.1494,50.2
SO-12802,2026-06-27,CUST-007,Bottle,Blow Molding,FR-010-PET-400,WO-4691,2626231050469194,ISBM-005,10394,0.2648,2752.33
SO-12803,2026-07-02,CUST-003,Bottle,Blow Molding,FR-010-PET-400,WO-4692,2626321050469295,ISBM-005,4443,0.2295,1019.67
SO-12804,2026-07-02,CUST-013,Bottle,Blow Molding,FR-010-PET-400,WO-4693,2626421050469396,ISBM-005,2175,0.3282,713.84
SO-12805,2026-07-01,CUST-005,Bottle,Blow Molding,FR-013-PVC-500,WO-4694,2626531050469497,ISBM-005,5780,0.1462,845.04
SO-12806,2026-06-28,CUST-007,Bottle,Blow Molding,FR-013-PVC-500,WO-4695,2626631050469598,ISBM-005,6850,0.1511,1035.04
SO-12807,2026-07-07,CUST-004,Bottle,Blow Molding,FR-023-HDPE-1000,WO-4696,2626731050469699,ISBM-005,1701,0.1587,269.95
SO-12808,2026-07-10,CUST-002,Bottle,Blow Molding,FR-023-HDPE-1000,WO-4697,2626721050469701,ISBM-005,2126,0.2159,459.0
SO-12809,2026-07-08,CUST-006,Bottle,Blow Molding,FR-010-PET-400,WO-4698,2627111050469802,ISBM-005,2105,0.3219,677.6
SO-12810,2026-07-09,CUST-006,Bottle,Blow Molding,FR-010-PET-400,WO-4699,2627131050469903,ISBM-005,2788,0.1941,541.15
SO-12811,2026-07-09,CUST-014,Bottle,Blow Molding,FR-010-PET-400,WO-4700,2627211050470004,ISBM-005,2468,0.3298,813.95
SO-12812,2026-07-05,CUST-003,Bottle,BLOW MOLDING,FR-027-HDPE-5000,WO-4701,2627331050470105,ISBM-005,934,0.2379,222.2
SO-12813,2026-07-07,CUST-003,Bottle,Blow Molding,FR-027-HDPE-5000,WO-4703,2627421050470307,ISBM-005,595,0.3212,191.11
SO-12814,2026-07-04,CUST-001,Bottle,Blow Molding,FR-027-HDPE-5000,WO-4704,2627511050470408,ISBM-005,736,0.2896,213.15
SO-12815,2026-07-10,CUST-002,Bottle,BLOW MOLDING,FR-027-HDPE-5000,WO-4705,2627521050470509,ISBM-005,399,0.1238,49.4
SO-12816,2026-07-07,CUST-005,Bottle,Blow Molding,FR-013-PVC-500,WO-4706,2627611050470610,ISBM-005,5319,0.2325,1236.67
SO-12817,2026-07-08,CUST-011,Bottle,Blow Molding,FR-027-HDPE-5000,WO-4707,2627711050470711,ISBM-005,927,0.1447,134.14
SO-12818,2026-07-09,CUST-007,Bottle,Blow Molding,FR-027-HDPE-5000,WO-4708,2628131050470812,ISBM-005,854,0.3279,280.03
SO-12819,2026-07-17,CUST-010,Bottle,blow molding,FR-027-HDPE-5000,WO-4709,2628231050470913,ISBM-005,494,0.1314,64.91
SO-12820,2026-07-15,CUST-013,Bottle,Blow Molding,FR-027-HDPE-5000,WO-4710,2628221050471014,ISBM-005,270,0.3364,90.83
SO-12821,2026-07-18,CUST-007,Bottle,Blow Molding,FR-023-HDPE-1000,WO-4711,2628311050471115,ISBM-005,2230,0.2258,503.53
SO-12822,2026-07-10,CUST-012,Bottle,Blow Molding,FR-023-HDPE-1000,WO-4712,2628431050471216,ISBM-005,1421,0.1476,209.74
SO-12823,2026-07-14,CUST-014,Bottle,Blow Molding,FR-010-PET-400,WO-4713,2628421050471317,ISBM-005,5120,0.345,1766.4
SO-12824,2026-07-16,CUST-011,Bottle,Blow Molding,FR-010-PET-400,WO-4714,2628521050471418,ISBM-005,6013,0.1769,1063.7
SO-12825,2026-07-17,CUST-004,Bottle,Blow Molding,FR-013-PP-500,WO-4715,2628611050471519,ISBM-005,10740,0.1283,1377.94
SO-12826,2026-07-21,CUST-007,Bottle,Blow Molding,FR-013-PP-500,WO-4716,2628711050471620,ISBM-005,5719,0.3219,1840.95
SO-12827,2026-07-24,CUST-004,Bottle,Blow Molding,FR-027-HDPE-5000,WO-4718,2629121050471822,ISBM-005,766,0.3459,264.96
SO-12828,2026-07-20,CUST-003,Bottle,BLOW MOLDING,FR-027-HDPE-5000,WO-4719,2629231050471923,ISBM-005,606,0.1324,80.23
SO-12829,2026-07-22,CUST-003,Bottle,Blow Molding,FR-013-PVC-500,WO-4721,2629331050472125,ISBM-005,2671,0.1791,478.38
SO-12830,2026-07-24,CUST-007,Bottle,Blow Molding,FR-023-rPET-1000,WO-4722,2629421050472226,ISBM-005,2000,0.117,234.0
SO-12831,2026-07-21,CUST-013,Bottle,Blow Molding,FR-023-rPET-1000,WO-4723,2629511050472327,ISBM-005,2464,0.347,855.01
SO-12832,2026-07-20,CUST-013,Bottle,Blow Molding,FR-010-PET-400,WO-4724,2629611050472428,ISBM-005,3584,0.1081,387.43
SO-12833,2026-07-26,CUST-007,Bottle,blow molding,FR-010-PET-400,WO-4725,2629731050472529,ISBM-005,4030,0.2565,1033.69
SO-12834,2026-07-27,CUST-008,Bottle,Blow Molding,FR-010-PET-400,WO-4726,2629711050472630,ISBM-005,4266,0.2883,1229.89
SO-12835,2026-07-21,CUST-002,Bottle,Blow Molding,FR-010-PET-400,WO-4727,2630131050472731,ISBM-005,3711,0.1924,714.0
SO-12836,2026-07-26,CUST-003,Bottle,Blow Molding,FR-013-PP-PCR-500,WO-4728,2630121050472832,ISBM-005,5979,0.3193,1909.09
SO-12837,2026-07-29,CUST-006,Bottle,Blow Molding,FR-027-HDPE-5000,WO-4729,2630221050472933,ISBM-005,794,0.1919,152.37
SO-12838,2026-08-01,CUST-010,Bottle,Blow Molding,FR-013-HDPE-500,WO-4730,2630311050473034,ISBM-005,4815,0.1777,855.63
SO-12839,2026-08-03,CUST-010,Bottle,Blow Molding,FR-013-HDPE-500,WO-4731,2630411050473135,ISBM-005,3184,0.1755,558.79
SO-12840,2026-08-01,CUST-010,Bottle,Blow Molding,FR-027-HDPE-5000,WO-4732,2630511050473236,ISBM-005,1424,0.2129,303.17
SO-12841,2026-08-04,CUST-001,Bottle,Blow Molding,FR-013-HDPE-500,WO-4733,2630611050473337,ISBM-005,3791,0.2261,857.15
SO-12842,2026-07-29,CUST-009,Bottle,Blow Molding,FR-013-HDPE-500,WO-4734,2630711050473438,ISBM-005,4453,0.2904,1293.15
SO-12843,2026-08-04,CUST-001,Bottle,Blow Molding,FR-027-HDPE-5000,WO-4735,2630731050473539,ISBM-005,1380,0.3498,482.72
SO-12844,2026-08-06,CUST-013,Bottle,Blow Molding,FR-010-PET-400,WO-4736,2631121050473640,ISBM-005,92,0.2809,25.84
SO-12845,2026-08-08,CUST-013,Bottle,Blow Molding,FR-010-PET-400,WO-4738,2631331050473842,ISBM-005,6872,0.3024,2078.09
SO-12846,2026-08-02,CUST-001,Bottle,Blow Molding,FR-023-HDPE-1000,WO-4739,2631431050473943,ISBM-005,1249,0.313,390.94
SO-12847,2026-08-07,CUST-014,Bottle,Blow Molding,FR-023-rPET-1000,WO-4740,2631421050474044,ISBM-005,1515,0.146,221.19
SO-12848,2026-08-08,CUST-013,Bottle,Blow Molding,FR-027-HDPE-5000,WO-4741,2631521050474145,ISBM-005,433,0.2954,127.91
SO-12849,2026-08-03,CUST-013,Bottle,Blow Molding,FR-013-PP-500,WO-4742,2631631050474246,ISBM-005,3441,0.3441,1184.05
SO-12850,2026-08-06,CUST-003,Bottle,Blow Molding,FR-010-PET-400,WO-4743,2631731050474347,ISBM-005,7441,0.0852,633.97
SO-12851,2026-08-06,CUST-010,Bottle,Blow Molding,FR-010-PET-400,WO-4744,2632131050474448,ISBM-005,5420,0.2015,1092.13
SO-12852,2026-08-07,CUST-007,Bottle,Blow Molding,FR-023-HDPE-1000,WO-4745,2632121050474549,ISBM-005,4525,0.3457,1564.29
SO-12853,2026-08-06,CUST-004,Bottle,Blow Molding,FR-023-HDPE-1000,WO-4746,2632221050474650,ISBM-005,2658,0.1397,371.32
SO-12854,2026-08-07,CUST-005,Bottle,Blow Molding,FR-023-rPET-1000,WO-4747,2632311050474751,ISBM-005,1964,0.1678,329.56
SO-12855,2026-08-12,CUST-006,Bottle,Blow Molding,FR-023-rPET-1000,WO-4748,2632431050474852,ISBM-005,2108,0.2723,574.01
SO-12856,2026-08-12,CUST-006,Bottle,Blow Molding,FR-023-rPET-1000,WO-4749,2632531050474953,ISBM-005,3235,0.1223,395.64
SO-12857,2026-08-10,CUST-011,Bottle,Blow Molding,FR-027-HDPE-5000,WO-4751,2632611050475155,ISBM-005,479,0.0979,46.89
SO-12858,2026-08-10,CUST-005,Bottle,Blow Molding,FR-027-HDPE-5000,WO-4752,2632711050475256,ISBM-005,360,0.3251,117.04
SO-12859,2026-08-13,CUST-005,Bottle,Blow Molding,FR-027-HDPE-5000,WO-4753,2632721050475357,ISBM-005,873,0.2472,215.81
SO-12860,2026-08-22,CUST-007,Bottle,Blow Molding,FR-027-HDPE-5000,WO-4754,2633111050475458,ISBM-005,821,0.2061,169.21
SO-12861,2026-08-22,CUST-010,Bottle,Blow Molding,FR-023-HDPE-1000,WO-4756,2633221050475660,ISBM-005,1618,0.3018,488.31
SO-12862,2026-08-23,CUST-013,Bottle,Blow Molding,FR-023-HDPE-1000,WO-4759,2633431050475963,ISBM-005,1236,0.3297,407.51
SO-12863,2026-08-26,CUST-008,Bottle,Blow Molding,FR-023-HDPE-1000,WO-4760,2633531050476064,ISBM-005,1379,0.1384,190.85
SO-12864,2026-08-18,CUST-008,Bottle,Blow Molding,FR-023-rPET-1000,WO-4761,2633611050476165,ISBM-005,1916,0.1024,196.2
SO-12865,2026-08-21,CUST-014,Bottle,Blow Molding,FR-023-rPET-1000,WO-4762,2633711050476266,ISBM-005,2145,0.1897,406.91
SO-12866,2026-08-19,CUST-008,Bottle,Blow Molding,FR-010-PET-400,WO-4763,2634131050476367,ISBM-005,4226,0.3073,1298.65
SO-12867,2026-08-21,CUST-010,Bottle,Blow Molding,FR-027-HDPE-5000,WO-4766,2634331050476670,ISBM-005,657,0.0862,56.63
SO-12868,2026-08-27,CUST-001,Bottle,Blow Molding,FR-023-HDPE-1000,WO-4767,2634321050476771,ISBM-005,2946,0.2348,691.72
SO-12869,2026-08-23,CUST-010,Bottle,Blow Molding,FR-023-HDPE-1000,WO-4768,2634411050476872,ISBM-005,1344,0.3372,453.2
SO-12870,2026-08-23,CUST-004,Bottle,Blow Molding,FR-013-HDPE-PCR-500,WO-4769,2634531050476973,ISBM-005,5342,0.1118,597.24
SO-12871,2026-09-02,CUST-001,Bottle,Blow Molding,FR-013-HDPE-PCR-500,WO-4770,2634521050477074,ISBM-005,5276,0.0992,523.38
SO-12872,2026-09-03,CUST-010,Bottle,Blow Molding,FR-010-PET-400,WO-4771,2634621050477175,ISBM-005,3204,0.2866,918.27
SO-12873,2026-09-01,CUST-008,Bottle,Blow Molding,FR-010-PET-400,WO-4772,2634731050477276,ISBM-005,1475,0.3416,503.86
SO-12874,2026-08-31,CUST-005,Bottle,Blow Molding,FR-010-PET-400,WO-4773,2635131050477377,ISBM-005,3687,0.2739,1009.87
SO-12875,2026-08-31,CUST-011,Bottle,Blow Molding,FR-013-HDPE-500,WO-4774,2635121050477478,ISBM-005,7769,0.2452,1904.96
SO-12876,2026-09-05,CUST-012,Bottle,Blow Molding,FR-013-PP-500,WO-4778,2635531050477882,ISBM-005,5513,0.3425,1888.2
SO-12877,2026-09-07,CUST-009,Bottle,Blow Molding,FR-013-PP-500,WO-4779,2635521050477983,ISBM-005,5959,0.2995,1784.72
SO-12878,2026-09-10,CUST-007,Bottle,Blow Molding,FR-023-HDPE-1000,WO-4780,2635611050478084,ISBM-005,1360,0.2601,353.74
SO-12879,2026-09-07,CUST-006,Bottle,Blow Molding,FR-010-PET-400,WO-4781,2635731050478185,ISBM-005,3672,0.2991,1098.3
SO-12880,2026-09-05,CUST-005,Bottle,Blow Molding,FR-010-PET-400,WO-4782,2635721050478286,ISBM-005,5518,0.1528,843.15
SO-12881,2026-09-10,CUST-013,Bottle,Blow Molding,FR-010-PET-400,WO-4783,2636111050478387,ISBM-005,5558,0.2727,1515.67
SO-12882,2026-09-03,CUST-006,Bottle,Blow Molding,FR-010-PET-400,WO-4784,2636231050478488,ISBM-005,1912,0.1314,251.24
SO-12883,2026-09-06,CUST-001,Bottle,Blow Molding,FR-023-rPET-1000,WO-4785,2636331050478589,ISBM-005,1427,0.1499,213.91
SO-12884,2026-09-10,CUST-006,Bottle,Blow Molding,FR-023-rPET-1000,WO-4786,2636321050478690,ISBM-005,2581,0.1813,467.94
SO-12885,2026-09-11,CUST-014,Bottle,Blow Molding,FR-027-HDPE-5000,WO-4788,2636431050478892,ISBM-005,574,0.299,171.63
SO-12886,2026-09-16,CUST-006,Bottle,Blow Molding,FR-027-HDPE-5000,WO-4789,2636521050478993,ISBM-005,930,0.2829,263.1
SO-12887,2026-09-17,CUST-005,Bottle,Blow Molding,FR-010-PET-400,WO-4790,2636611050479094,ISBM-005,6805,0.1406,956.78
SO-12888,2026-09-09,CUST-011,Bottle,Blow Molding,FR-010-PET-400,WO-4791,2636731050479195,ISBM-005,4431,0.2918,1292.97
SO-12889,2026-09-17,CUST-010,Bottle,Blow Molding,FR-010-PET-400,WO-4792,2636721050479296,ISBM-005,6800,0.1222,830.96
SO-12890,2026-09-15,CUST-004,Bottle,Blow Molding,FR-023-rPET-1000,WO-4793,2637121050479397,ISBM-005,1462,0.2743,401.03
SO-12891,2026-09-12,CUST-003,Bottle,Blow Molding,FR-023-rPET-1000,WO-4794,2637231050479498,ISBM-005,1516,0.2307,349.74
SO-12892,2026-09-19,CUST-013,Bottle,Blow Molding,FR-013-HDPE-500,WO-4795,2637231050479599,ISBM-005,3404,0.3134,1066.81
SO-12893,2026-09-15,CUST-010,Bottle,Blow Molding,FR-013-HDPE-500,WO-4796,2637311050479601,ISBM-005,5005,0.2921,1461.96
SO-12894,2026-09-14,CUST-006,Bottle,blow molding,FR-010-PET-400,WO-4797,2637431050479702,ISBM-005,895,0.2424,216.95
SO-12895,2026-09-19,CUST-006,Bottle,Blow Molding,FR-010-PET-400,WO-4798,2637531050479803,ISBM-005,3203,0.2058,659.18
SO-12896,2026-09-21,CUST-003,Bottle,Blow Molding,FR-013-PP-PCR-500,WO-4799,2637521050479904,ISBM-005,7662,0.2551,1954.58
SO-12897,2026-09-19,CUST-004,Bottle,Blow Molding,FR-013-PP-PCR-500,WO-4800,2637611050480005,ISBM-005,2447,0.3127,765.18
SO-12898,2026-09-20,CUST-001,Bottle,Blow Molding,FR-013-HDPE-PCR-500,WO-4801,2637711050480106,ISBM-005,2655,0.2973,789.33
SO-12899,2026-09-23,CUST-006,Bottle,Blow Molding,FR-027-HDPE-5000,WO-4802,2638131050480207,ISBM-005,307,0.2082,63.92
SO-12900,2026-09-20,CUST-006,Bottle,Blow Molding,FR-023-HDPE-1000,WO-4803,2638111050480308,ISBM-005,1081,0.2988,323.0
SO-12901,2026-09-21,CUST-007,Bottle,Blow Molding,FR-023-HDPE-1000,WO-4804,2638231050480409,ISBM-005,3358,0.2942,987.92
SO-12902,2026-09-25,CUST-002,Bottle,Blow Molding,FR-027-HDPE-5000,WO-4805,2638221050480510,ISBM-005,698,0.3085,215.33
SO-12903,2026-09-23,CUST-008,Bottle,Blow Molding,FR-027-HDPE-5000,WO-4806,2638321050480611,ISBM-005,850,0.1068,90.78
SO-12904,2026-09-20,CUST-003,Bottle,Blow Molding,FR-010-PET-400,WO-4807,2638411050480712,ISBM-005,7627,0.2353,1794.63
SO-12905,2026-09-22,CUST-014,Bottle,Blow Molding,FR-010-PET-400,WO-4808,2638531050480813,ISBM-005,4753,0.1789,850.31
SO-12906,2026-09-26,CUST-002,Bottle,Blow Molding,FR-010-PET-400,WO-4809,2638531050480914,ISBM-005,2409,0.2407,579.85
SO-12907,2026-09-27,CUST-001,Bottle,Blow Molding,FR-013-PVC-500,WO-4810,2638611050481015,ISBM-005,5051,0.121,611.17
SO-12908,2026-09-23,CUST-008,Bottle,Blow Molding,FR-013-PVC-500,WO-4811,2638731050481116,ISBM-005,1053,0.2428,255.67
SO-12909,2026-09-29,CUST-013,Bottle,Blow Molding,FR-010-PET-400,WO-4812,2638721050481217,ISBM-005,5475,0.327,1790.33
SO-12910,2026-09-28,CUST-011,Bottle,Blow Molding,FR-010-PET-400,WO-4813,2639111050481318,ISBM-005,5187,0.1223,634.37
SO-12911,2026-09-25,CUST-008,Bottle,Blow Molding,FR-010-PET-400,WO-4814,2639211050481419,ISBM-005,2383,0.202,481.37
SO-12912,2026-09-24,CUST-013,Bottle,Blow Molding,FR-010-PET-400,WO-4815,2639231050481520,ISBM-005,4698,0.2893,1359.13
SO-12913,2026-09-30,CUST-013,Bottle,Blow Molding,FR-013-HDPE-500,WO-4816,2639321050481621,ISBM-005,9006,0.0925,833.05
SO-12914,2026-10-06,CUST-008,Bottle,blow molding,FR-013-HDPE-500,WO-4818,2639531050481823,ISBM-005,3884,0.281,1091.4
SO-12915,2026-10-05,CUST-004,Bottle,Blow Molding,FR-013-HDPE-500,WO-4819,2639521050481924,ISBM-005,3193,0.186,593.9
SO-12916,2026-10-07,CUST-006,Bottle,Blow Molding,FR-013-HDPE-500,WO-4820,2639631050482025,ISBM-005,6109,0.1149,701.92
SO-12917,2026-10-04,CUST-007,Bottle,Blow Molding,FR-013-HDPE-500,WO-4822,2639711050482227,ISBM-005,2475,0.2309,571.48
SO-12918,2026-10-08,CUST-006,Bottle,Blow Molding,FR-013-HDPE-500,WO-4823,2639721050482328,ISBM-005,5390,0.2011,1083.93
SO-12919,2026-10-05,CUST-009,Bottle,Blow Molding,FR-013-PVC-500,WO-4824,2640121050482429,ISBM-005,5966,0.2448,1460.48
SO-12920,2026-10-08,CUST-003,Bottle,Blow Molding,FR-013-PVC-500,WO-4825,2640211050482530,ISBM-005,1785,0.1721,307.2
SO-12921,2026-10-02,CUST-003,Bottle,Blow Molding,FR-023-HDPE-1000,WO-4826,2640311050482631,ISBM-005,2257,0.2028,457.72
SO-12922,2026-10-04,CUST-012,Bottle,Blow Molding,FR-023-HDPE-1000,WO-4827,2640431050482732,ISBM-005,1214,0.1951,236.85
SO-12923,2026-10-09,CUST-001,Bottle,Blow Molding,FR-013-HDPE-PCR-500,WO-4829,2640511050482934,ISBM-005,6008,0.1146,688.52
SO-12924,2026-10-11,CUST-005,Bottle,Blow Molding,FR-023-HDPE-1000,WO-4830,2640631050483035,ISBM-005,1001,0.124,124.12
SO-12925,2026-10-12,CUST-004,Bottle,Blow Molding,FR-010-PET-400,WO-4833,2641111050483338,ISBM-005,9254,0.2204,2039.58
SO-12926,2026-10-18,CUST-001,Bottle,Blow Molding,FR-010-PET-400,WO-4834,2641231050483439,ISBM-005,9967,0.3405,3393.76
SO-12927,2026-10-15,CUST-004,Bottle,Blow Molding,FR-010-PET-400,WO-4835,2641331050483540,ISBM-005,6989,0.1232,861.04
SO-12928,2026-10-16,CUST-009,Bottle,Blow Molding,FR-010-PET-400,WO-4836,2641431050483641,ISBM-005,7198,0.1518,1092.66
SO-12929,2026-10-12,CUST-012,Bottle,Blow Molding,FR-023-HDPE-1000,WO-4837,2641421050483742,ISBM-005,1428,0.1747,249.47
SO-12930,2026-10-15,CUST-010,Bottle,Blow Molding,FR-027-HDPE-5000,WO-4838,2641511050483843,ISBM-005,847,0.2854,241.73
SO-12931,2026-10-13,CUST-002,Bottle,Blow Molding,FR-027-HDPE-5000,WO-4839,2641631050483944,ISBM-005,638,0.1913,122.05
SO-12932,2026-10-16,CUST-002,Bottle,Blow Molding,FR-023-HDPE-1000,WO-4840,2641621050484045,ISBM-005,1447,0.3132,453.2
SO-12933,2026-10-18,CUST-011,Bottle,Blow Molding,FR-023-HDPE-1000,WO-4841,2641711050484146,ISBM-005,690,0.2175,150.07
SO-12934,2026-10-19,CUST-009,Bottle,Blow Molding,FR-010-PET-400,WO-4842,2641731050484247,ISBM-005,4751,0.1774,842.83
SO-12935,2026-10-24,CUST-011,Bottle,Blow Molding,FR-013-PP-PCR-500,WO-4843,2642121050484348,ISBM-005,3783,0.3185,1204.89
SO-12936,2026-10-18,CUST-007,Bottle,BLOW MOLDING,FR-023-rPET-1000,WO-4844,2642211050484449,ISBM-005,1725,0.3006,518.53
SO-12937,2026-10-20,CUST-012,Bottle,Blow Molding,FR-010-PET-400,WO-4845,2642221050484550,ISBM-005,7302,0.0914,667.4
SO-12938,2026-10-24,CUST-005,Bottle,Blow Molding,FR-023-HDPE-1000,WO-4846,2642311050484651,ISBM-005,2876,0.1464,421.05
SO-12939,2026-10-23,CUST-001,Bottle,Blow Molding,FR-023-HDPE-1000,WO-4847,2642431050484752,ISBM-005,4534,0.1508,683.73
SO-12940,2026-10-22,CUST-005,Bottle,Blow Molding,FR-023-HDPE-1000,WO-4848,2642421050484853,ISBM-005,1201,0.2156,258.94
SO-12941,2026-10-25,CUST-003,Bottle,Blow Molding,FR-027-HDPE-5000,WO-4850,2642611050485055,ISBM-005,513,0.2718,139.43
SO-12942,2026-10-22,CUST-014,Bottle,BLOW MOLDING,FR-023-rPET-1000,WO-4852,2643111050485257,ISBM-005,1293,0.2178,281.62
SO-12943,2026-10-23,CUST-013,Bottle,Blow Molding,FR-023-rPET-1000,WO-4853,2643211050485358,ISBM-005,2478,0.2735,677.73
SO-12944,2026-10-22,CUST-006,Bottle,blow molding,FR-023-rPET-1000,WO-4854,2643331050485459,ISBM-005,2928,0.0804,235.41
SO-12945,2026-10-25,CUST-007,Bottle,  Blow Molding  ,FR-010-PET-400,WO-4855,2643321050485560,ISBM-005,3023,0.1346,406.9
SO-12946,2026-10-31,CUST-014,Bottle,Blow Molding,FR-023-rPET-1000,WO-4857,2643511050485762,ISBM-005,2451,0.2834,694.61
SO-12947,2026-11-05,CUST-013,Bottle,Blow Molding,FR-013-MDPE-500,WO-4860,2643721050486065,ISBM-005,4525,0.3243,1467.46
SO-12948,2026-10-31,CUST-014,Bottle,Blow Molding,FR-010-PET-400,WO-4861,2644111050486166,ISBM-005,4479,0.3287,1472.25
SO-12949,2026-10-31,CUST-006,Bottle,blow molding,FR-027-HDPE-5000,WO-4862,2644231050486267,ISBM-005,856,0.2114,180.96
SO-12950,2026-11-08,CUST-003,Bottle,Blow Molding,FR-010-PET-400,WO-4864,2644321050486469,ISBM-005,1392,0.1171,163.0
SO-12951,2026-11-07,CUST-011,Bottle,Blow Molding,FR-023-HDPE-1000,WO-4865,2644411050486570,ISBM-005,1706,0.1594,271.94
SO-12952,2026-11-09,CUST-002,Bottle,Blow Molding,FR-023-HDPE-1000,WO-4866,2644431050486671,ISBM-005,2491,0.26,647.66
SO-12953,2026-11-04,CUST-002,Bottle,Blow Molding,FR-023-HDPE-1000,WO-4867,2644511050486772,ISBM-005,3361,0.1521,511.21
SO-12954,2026-11-08,CUST-007,Bottle,Blow Molding,FR-010-PET-400,WO-4868,2644611050486873,ISBM-005,7100,0.2971,2109.41
SO-12955,2026-11-08,CUST-012,Bottle,Blow Molding,FR-027-HDPE-5000,WO-4869,2644731050486974,ISBM-005,1267,0.083,105.16
SO-12956,2026-11-08,CUST-002,Bottle,Blow Molding,FR-027-HDPE-5000,WO-4870,2645131050487075,ISBM-005,1109,0.1538,170.56
SO-12957,2026-11-06,CUST-006,Bottle,Blow Molding,FR-013-PP-PCR-500,WO-4871,2645131050487176,ISBM-005,3071,0.2544,781.26
SO-12958,2026-11-15,CUST-010,Bottle,Blow Molding,FR-013-PP-PCR-500,WO-4872,2645221050487277,ISBM-005,4812,0.1294,622.67
SO-12959,2026-11-12,CUST-001,Bottle,Blow Molding,FR-013-PP-PCR-500,WO-4873,2645321050487378,ISBM-005,3251,0.3318,1078.68
SO-12960,2026-11-16,CUST-013,Bottle,  Blow Molding  ,FR-023-rPET-1000,WO-4875,2645521050487580,ISBM-005,782,0.2147,167.9
SO-12961,2026-11-14,CUST-010,Bottle,Blow Molding,FR-027-HDPE-5000,WO-4876,2645621050487681,ISBM-005,570,0.2238,127.57
SO-12962,2026-11-11,CUST-006,Bottle,Blow Molding,FR-027-HDPE-5000,WO-4877,2645721050487782,ISBM-005,970,0.2654,257.44
SO-12963,2026-11-11,CUST-002,Bottle,Blow Molding,FR-013-PP-PCR-500,WO-4878,2646131050487883,ISBM-005,8936,0.2505,2238.47
SO-12964,2026-11-12,CUST-006,Bottle,Blow Molding,FR-023-rPET-1000,WO-4879,2646121050487984,ISBM-005,1175,0.1257,147.7
SO-12965,2026-11-21,CUST-012,Bottle,Blow Molding,FR-010-PET-400,WO-4881,2646231050488186,ISBM-005,4745,0.3484,1653.16
SO-12966,2026-11-21,CUST-008,Bottle,Blow Molding,FR-010-PET-400,WO-4882,2646321050488287,ISBM-005,3932,0.095,373.54
SO-12967,2026-11-17,CUST-002,Bottle,Blow Molding,FR-010-PET-400,WO-4884,2646511050488489,ISBM-005,3983,0.1998,795.8
SO-12968,2026-11-16,CUST-009,Bottle,Blow Molding,FR-010-PET-400,WO-4885,2646631050488590,ISBM-005,7925,0.2423,1920.23
SO-12969,2026-11-24,CUST-005,Bottle,Blow Molding,FR-010-PET-400,WO-4886,2646731050488691,ISBM-005,4058,0.099,401.74
SO-12970,2026-11-24,CUST-003,Bottle,Blow Molding,FR-010-PET-400,WO-4887,2646721050488792,ISBM-005,3040,0.2377,722.61
SO-12971,2026-11-27,CUST-009,Bottle,Blow Molding,FR-013-HDPE-500,WO-4888,2647111050488893,ISBM-005,3224,0.2988,963.33
SO-12972,2026-11-21,CUST-013,Bottle,Blow Molding,FR-013-HDPE-500,WO-4889,2647231050488994,ISBM-005,2177,0.2396,521.61
SO-12973,2026-11-26,CUST-010,Bottle,Blow Molding,FR-013-PET-500,WO-4890,2647221050489095,ISBM-005,6754,0.0929,627.45
SO-12974,2026-11-20,CUST-013,Bottle,Blow Molding,FR-013-PET-500,WO-4891,2647321050489196,ISBM-005,2503,0.1919,480.33
SO-12975,2026-11-21,CUST-007,Bottle,Blow Molding,FR-023-rPET-1000,WO-4892,2647411050489297,ISBM-005,1615,0.2566,414.41
SO-12976,2026-11-29,CUST-005,Bottle,Blow Molding,FR-023-rPET-1000,WO-4893,2647421050489398,ISBM-005,2219,0.2607,578.49
SO-12977,2026-11-22,CUST-014,Bottle,Blow Molding,FR-010-PET-400,WO-4894,2647521050489499,ISBM-005,9029,0.3156,2849.55
SO-12978,2026-11-29,CUST-012,Bottle,Blow Molding,FR-010-PET-400,WO-4896,2647711050489602,ISBM-005,4260,0.2616,1114.42
SO-12979,2026-11-24,CUST-004,Bottle,Blow Molding,FR-027-HDPE-5000,WO-4897,2648131050489703,ISBM-005,501,0.108,54.11
SO-12980,2026-11-28,CUST-010,Bottle,Blow Molding,FR-027-HDPE-5000,WO-4898,2648121050489804,ISBM-005,759,0.255,193.55
SO-12981,2026-12-04,CUST-003,Bottle,Blow Molding,FR-027-HDPE-5000,WO-4899,2648211050489905,ISBM-005,892,0.1331,118.73
SO-12982,2026-11-30,CUST-006,Bottle,Blow Molding,FR-027-HDPE-5000,WO-4900,2648331050490006,ISBM-005,801,0.1123,89.95
SO-12983,2026-12-07,CUST-004,Bottle,Blow Molding,FR-013-PVC-500,WO-4902,2648421050490208,ISBM-005,1949,0.1632,318.08
SO-12984,2026-11-29,CUST-002,Bottle,Blow Molding,FR-013-PVC-500,WO-4903,2648531050490309,ISBM-005,6197,0.1015,629.0
SO-12985,2026-12-04,CUST-005,Bottle,Blow Molding,FR-010-PET-400,WO-4905,2648621050490511,ISBM-005,5096,0.3492,1779.52
SO-12986,2026-12-05,CUST-003,Bottle,Blow Molding,FR-010-PET-400,WO-4906,2648731050490612,ISBM-005,3583,0.3222,1154.44
SO-12987,2026-12-07,CUST-002,Bottle,Blow Molding,FR-010-PET-400,WO-4907,2648721050490713,ISBM-005,4943,0.2994,1479.93
SO-12988,2026-12-07,CUST-005,Bottle,Blow Molding,FR-013-LDPE-500,WO-4908,2649111050490814,ISBM-005,5618,0.0999,561.24
SO-12989,2026-12-12,CUST-008,Bottle,Blow Molding,FR-013-MDPE-500,WO-4909,2649231050490915,ISBM-005,5195,0.161,836.39
SO-12990,2026-12-03,CUST-012,Bottle,Blow Molding,FR-023-HDPE-1000,WO-4910,2649231050491016,ISBM-005,1249,0.1298,162.12
SO-12991,2026-12-11,CUST-009,Bottle,Blow Molding,FR-023-HDPE-1000,WO-4911,2649311050491117,ISBM-005,2574,0.1698,437.07
SO-12992,2026-12-11,CUST-010,Bottle,Blow Molding,FR-023-HDPE-1000,WO-4912,2649431050491218,ISBM-005,1016,0.0871,88.49
SO-12993,2026-12-15,CUST-009,Bottle,Blow Molding,FR-010-PET-400,WO-4914,2649631050491420,ISBM-005,3557,0.2064,734.16
SO-12994,2026-12-09,CUST-009,Bottle,Blow Molding,FR-013-HDPE-500,WO-4915,2649621050491521,ISBM-005,4624,0.1057,488.76
SO-12995,2026-12-18,CUST-011,Bottle,Blow Molding,FR-027-HDPE-5000,WO-4917,2650111050491723,ISBM-005,559,0.081,45.28
SO-12996,2026-12-14,CUST-010,Bottle,Blow Molding,FR-027-HDPE-5000,WO-4918,2650231050491824,ISBM-005,556,0.303,168.47
SO-12997,2026-12-14,CUST-001,Bottle,Blow Molding,FR-023-rPET-1000,WO-4919,2650221050491925,ISBM-005,1335,0.1846,246.44
SO-12998,2026-12-21,CUST-002,Bottle,Blow Molding,FR-013-HDPE-PCR-500,WO-4920,2650321050492026,ISBM-005,4346,0.3492,1517.62
SO-12999,2026-12-15,CUST-002,Bottle,Blow Molding,FR-013-HDPE-PCR-500,WO-4921,2650411050492127,ISBM-005,6582,0.1208,795.11
SO-13000,2026-12-12,CUST-013,Bottle,Blow Molding,FR-013-HDPE-PCR-500,WO-4922,2650511050492228,ISBM-005,4831,0.3456,1669.59
SO-13001,2026-12-15,CUST-001,Bottle,Blow Molding,FR-027-HDPE-5000,WO-4923,2650521050492329,ISBM-005,1088,0.1219,132.63
SO-13002,2026-12-19,CUST-001,Bottle,Blow Molding,FR-027-HDPE-5000,WO-4924,2650621050492430,ISBM-005,546,0.2542,138.79
SO-13003,2026-12-16,CUST-010,Bottle,Blow Molding,FR-023-rPET-1000,WO-4926,2651111050492632,ISBM-005,2399,0.2741,657.57
SO-13004,2026-12-27,CUST-011,Bottle,Blow Molding,FR-023-rPET-1000,WO-4930,2651331050493036,ISBM-005,1168,0.2921,341.17
SO-13005,2026-12-26,CUST-005,Bottle,Blow Molding,FR-010-PET-400,WO-4931,2651411050493137,ISBM-005,6193,0.3485,2158.26
SO-13006,2026-12-22,CUST-014,Bottle,Blow Molding,FR-010-PET-400,WO-4932,2651511050493238,ISBM-005,3149,0.1824,574.38
SO-13007,2026-12-30,CUST-003,Bottle,Blow Molding,FR-010-PET-400,WO-4933,2651631050493339,ISBM-005,5901,0.2699,1592.68
SO-13008,2026-12-28,CUST-001,Bottle,Blow Molding,FR-013-HDPE-500,WO-4934,2651631050493440,ISBM-005,4721,0.1362,643.0
SO-13009,2026-12-27,CUST-008,Bottle,blow molding,FR-013-HDPE-500,WO-4935,2651721050493541,ISBM-005,4410,0.1828,806.15
SO-13010,2026-12-26,CUST-004,Bottle,Blow Molding,FR-013-HDPE-500,WO-4936,2652121050493642,ISBM-005,2118,0.2051,434.4
SO-13011,2026-12-24,CUST-008,Bottle,Blow Molding,FR-013-PET-500,WO-4938,2652331050493844,ISBM-005,8563,0.0879,752.69
SO-13012,2026-12-29,CUST-009,Bottle,Blow Molding,FR-010-PET-400,WO-4942,2652611050494248,ISBM-005,6338,0.2309,1463.44
SO-13013,2025-07-05,CUST-007,Bottle,Blow Molding,FR-011-PET-400,WO-4949,2527231060494901,ISBM-006,4606,0.3092,1424.18
SO-13014,2025-07-11,CUST-012,Bottle,Blow Molding,FR-024-PET-1000,WO-4950,2527221060495002,ISBM-006,1802,0.2781,501.14
SO-13015,2025-07-06,CUST-001,Bottle,Blow Molding,FR-024-PET-1000,WO-4951,2527311060495103,ISBM-006,2698,0.2622,707.42
SO-13016,2025-07-13,CUST-004,Bottle,Blow Molding,FR-018-PETG-600,WO-4952,2527331060495204,ISBM-006,9420,0.2987,2813.75
SO-13017,2025-07-08,CUST-008,Bottle,Blow Molding,FR-024-PET-1000,WO-4953,2527431060495305,ISBM-006,1793,0.1399,250.84
SO-13018,2025-07-12,CUST-002,Bottle,BLOW MOLDING,FR-028-HDPE-5000,WO-4954,2527521060495406,ISBM-006,1078,0.2854,307.66
SO-13019,2025-07-11,CUST-007,Bottle,Blow Molding,FR-028-HDPE-5000,WO-4955,2527611060495507,ISBM-006,738,0.3123,230.48
SO-13020,2025-07-07,CUST-005,Bottle,Blow Molding,FR-024-PET-1000,WO-4956,2527731060495608,ISBM-006,2772,0.1268,351.49
SO-13021,2025-07-18,CUST-003,Bottle,Blow Molding,FR-024-PET-1000,WO-4957,2527721060495709,ISBM-006,1930,0.1969,380.02
SO-13022,2025-07-16,CUST-012,Bottle,Blow Molding,FR-011-PET-400,WO-4960,2528311060496012,ISBM-006,4088,0.1852,757.1
SO-13023,2025-07-13,CUST-005,Bottle,Blow Molding,FR-024-PET-1000,WO-4961,2528321060496113,ISBM-006,1773,0.2634,467.01
SO-13024,2025-07-13,CUST-004,Bottle,Blow Molding,FR-018-rPET-600,WO-4962,2528411060496214,ISBM-006,3663,0.3156,1156.04
SO-13025,2025-07-12,CUST-001,Bottle,Blow Molding,FR-018-rPET-600,WO-4963,2528431060496315,ISBM-006,6219,0.3218,2001.27
SO-13026,2025-07-13,CUST-003,Bottle,Blow Molding,FR-011-PET-400,WO-4964,2528531060496416,ISBM-006,4992,0.2311,1153.65
SO-13027,2025-07-14,CUST-009,Bottle,Blow Molding,FR-011-PET-400,WO-4965,2528621060496517,ISBM-006,4566,0.2358,1076.66
SO-13028,2025-07-19,CUST-005,Bottle,Blow Molding,FR-011-PET-400,WO-4966,2528711060496618,ISBM-006,2533,0.2977,754.07
SO-13029,2025-07-19,CUST-012,Bottle,BLOW MOLDING,FR-011-PET-400,WO-4967,2528721060496719,ISBM-006,387,0.2824,109.29
SO-13030,2025-07-26,CUST-006,Bottle,Blow Molding,FR-024-PET-1000,WO-4968,2529111060496820,ISBM-006,2551,0.1484,378.57
SO-13031,2025-07-23,CUST-014,Bottle,Blow Molding,FR-024-PET-1000,WO-4969,2529211060496921,ISBM-006,1972,0.1267,249.85
SO-13032,2025-07-19,CUST-006,Bottle,  Blow Molding  ,FR-024-PET-1000,WO-4970,2529231060497022,ISBM-006,4770,0.1353,645.38
SO-13033,2025-07-24,CUST-007,Bottle,Blow Molding,FR-014-rPET-500,WO-4972,2529411060497224,ISBM-006,4275,0.1944,831.06
SO-13034,2025-07-28,CUST-004,Bottle,Blow Molding,FR-014-rPET-500,WO-4973,2529531060497325,ISBM-006,7189,0.2143,1540.6
SO-13035,2025-07-28,CUST-004,Bottle,Blow Molding,FR-018-PP-600,WO-4974,2529521060497426,ISBM-006,4827,0.1881,907.96
SO-13036,2025-07-29,CUST-012,Bottle,Blow Molding,FR-011-PET-400,WO-4975,2529611060497527,ISBM-006,5918,0.254,1503.17
SO-13037,2025-07-29,CUST-007,Bottle,Blow Molding,FR-011-PET-400,WO-4976,2529731060497628,ISBM-006,9988,0.2374,2371.15
SO-13038,2025-07-30,CUST-005,Bottle,Blow Molding,FR-024-PET-1000,WO-4977,2530131060497729,ISBM-006,5754,0.3329,1915.51
SO-13039,2025-07-28,CUST-013,Bottle,Blow Molding,FR-024-PET-1000,WO-4978,2530131060497830,ISBM-006,3030,0.2082,630.85
SO-13040,2025-07-24,CUST-001,Bottle,Blow Molding,FR-024-PET-1000,WO-4979,2530221060497931,ISBM-006,1996,0.0897,179.04
SO-13041,2025-07-25,CUST-006,Bottle,Blow Molding,FR-011-PET-400,WO-4981,2530321060498133,ISBM-006,3725,0.2987,1112.66
SO-13042,2025-07-31,CUST-009,Bottle,  Blow Molding  ,FR-011-PET-400,WO-4982,2530431060498234,ISBM-006,6955,0.3388,2356.35
SO-13043,2025-07-31,CUST-004,Bottle,Blow Molding,FR-011-PET-400,WO-4983,2530531060498335,ISBM-006,6932,0.246,1705.27
SO-13044,2025-08-04,CUST-013,Bottle,Blow Molding,FR-011-PET-400,WO-4984,2530521060498436,ISBM-006,4382,0.1232,539.86
SO-13045,2025-07-30,CUST-010,Bottle,Blow Molding,FR-028-HDPE-5000,WO-4986,2530711060498638,ISBM-006,966,0.1838,177.55
SO-13046,2025-08-07,CUST-002,Bottle,  Blow Molding  ,FR-028-HDPE-5000,WO-4987,2531111060498739,ISBM-006,770,0.1587,122.2
SO-13047,2025-07-31,CUST-004,Bottle,Blow Molding,FR-028-HDPE-5000,WO-4988,2531121060498840,ISBM-006,697,0.1857,129.43
SO-13048,2025-08-02,CUST-010,Bottle,Blow Molding,FR-028-HDPE-5000,WO-4989,2531221060498941,ISBM-006,539,0.144,77.62
SO-13049,2025-08-10,CUST-005,Bottle,Blow Molding,FR-018-PETG-600,WO-4990,2531331060499042,ISBM-006,4262,0.2989,1273.91
SO-13050,2025-08-05,CUST-008,Bottle,Blow Molding,FR-018-PETG-600,WO-4991,2531321060499143,ISBM-006,5465,0.3279,1791.97
SO-13051,2025-08-02,CUST-014,Bottle,Blow Molding,FR-018-PETG-600,WO-4992,2531421060499244,ISBM-006,5979,0.1145,684.6
SO-13052,2025-08-12,CUST-001,Bottle,Blow Molding,FR-018-PETG-600,WO-4993,2531511060499345,ISBM-006,2213,0.1718,380.19
SO-13053,2025-08-05,CUST-005,Bottle,  Blow Molding  ,FR-018-PETG-600,WO-4995,2531621060499547,ISBM-006,3035,0.1537,466.48
SO-13054,2025-08-14,CUST-001,Bottle,Blow Molding,FR-018-rPET-600,WO-4996,2531711060499648,ISBM-006,4210,0.1857,781.8
SO-13055,2025-08-13,CUST-008,Bottle,BLOW MOLDING,FR-024-PET-1000,WO-4999,2532211060499951,ISBM-006,3115,0.1909,594.65
SO-13056,2025-08-18,CUST-014,Bottle,Blow Molding,FR-014-HDPE-PCR-500,WO-5001,2532431060500153,ISBM-006,6521,0.2124,1385.06
SO-13057,2025-08-13,CUST-014,Bottle,Blow Molding,FR-014-HDPE-PCR-500,WO-5003,2532511060500355,ISBM-006,6471,0.2192,1418.44
SO-13058,2025-08-13,CUST-009,Bottle,Blow Molding,FR-024-PET-1000,WO-5004,2532611060500456,ISBM-006,2798,0.0937,262.17
SO-13059,2025-08-15,CUST-014,Bottle,Blow Molding,FR-024-PET-1000,WO-5005,2532621060500557,ISBM-006,992,0.1754,174.0
SO-13060,2025-08-19,CUST-002,Bottle,Blow Molding,FR-014-PP-PCR-500,WO-5006,2532711060500658,ISBM-006,2645,0.2691,711.77
SO-13061,2025-08-15,CUST-009,Bottle,Blow Molding,FR-014-PP-PCR-500,WO-5007,2533131060500759,ISBM-006,6662,0.2258,1504.28
SO-13062,2025-08-18,CUST-013,Bottle,Blow Molding,FR-018-MDPE-600,WO-5008,2533131060500860,ISBM-006,5070,0.2959,1500.21
SO-13063,2025-08-14,CUST-005,Bottle,Blow Molding,FR-018-MDPE-600,WO-5009,2533221060500961,ISBM-006,3652,0.2684,980.2
SO-13064,2025-08-25,CUST-001,Bottle,Blow Molding,FR-018-MDPE-600,WO-5010,2533311060501062,ISBM-006,9846,0.1637,1611.79
SO-13065,2025-08-18,CUST-001,Bottle,Blow Molding,FR-018-PP-600,WO-5011,2533411060501163,ISBM-006,6510,0.1067,694.62
SO-13066,2025-08-23,CUST-002,Bottle,Blow Molding,FR-018-PP-600,WO-5012,2533531060501264,ISBM-006,4220,0.2932,1237.3
SO-13067,2025-08-18,CUST-009,Bottle,Blow Molding,FR-011-PET-400,WO-5014,2533621060501466,ISBM-006,3293,0.3463,1140.37
SO-13068,2025-08-18,CUST-004,Bottle,Blow Molding,FR-011-PET-400,WO-5015,2533731060501567,ISBM-006,8374,0.1166,976.41
SO-13069,2025-08-28,CUST-008,Bottle,Blow Molding,FR-011-PET-400,WO-5016,2533721060501668,ISBM-006,2196,0.3205,703.82
SO-13070,2025-08-21,CUST-011,Bottle,Blow Molding,FR-011-PET-400,WO-5017,2534111060501769,ISBM-006,2303,0.2696,620.89
SO-13071,2025-08-21,CUST-014,Bottle,  Blow Molding  ,FR-024-PET-1000,WO-5018,2534121060501870,ISBM-006,957,0.2644,253.03
SO-13072,2025-08-25,CUST-013,Bottle,Blow Molding,FR-011-PET-400,WO-5019,2534221060501971,ISBM-006,2732,0.1873,511.7
SO-13073,2025-08-31,CUST-007,Bottle,Blow Molding,FR-014-PETG-500,WO-5020,2534311060502072,ISBM-006,3662,0.2607,954.68
SO-13074,2025-08-27,CUST-014,Bottle,Blow Molding,FR-014-PETG-500,WO-5022,2534421060502274,ISBM-006,4311,0.154,663.89
SO-13075,2025-09-01,CUST-008,Bottle,Blow Molding,FR-028-HDPE-5000,WO-5023,2534521060502375,ISBM-006,767,0.1217,93.34
SO-13076,2025-09-03,CUST-008,Bottle,Blow Molding,FR-028-HDPE-5000,WO-5024,2534611060502476,ISBM-006,322,0.0923,29.72
SO-13077,2025-09-03,CUST-006,Bottle,Blow Molding,FR-028-HDPE-5000,WO-5025,2534621060502577,ISBM-006,371,0.1085,40.25
SO-13078,2025-08-30,CUST-007,Bottle,Blow Molding,FR-028-HDPE-5000,WO-5026,2534711060502678,ISBM-006,513,0.147,75.41
SO-13079,2025-08-28,CUST-014,Bottle,Blow Molding,FR-014-PETG-500,WO-5027,2534731060502779,ISBM-006,10983,0.2136,2345.97
SO-13080,2025-08-28,CUST-013,Bottle,Blow Molding,FR-014-PETG-500,WO-5028,2535121060502880,ISBM-006,3246,0.2992,971.2
SO-13081,2025-08-31,CUST-001,Bottle,Blow Molding,FR-014-PETG-500,WO-5029,2535211060502981,ISBM-006,5066,0.1884,954.43
SO-13082,2025-09-02,CUST-010,Bottle,Blow Molding,FR-028-HDPE-5000,WO-5030,2535221060503082,ISBM-006,1360,0.2409,327.62
SO-13083,2025-09-05,CUST-014,Bottle,Blow Molding,FR-011-PET-400,WO-5031,2535321060503183,ISBM-006,5665,0.2775,1572.04
SO-13084,2025-08-31,CUST-012,Bottle,Blow Molding,FR-011-PET-400,WO-5032,2535411060503284,ISBM-006,6400,0.1881,1203.84
SO-13085,2025-09-06,CUST-008,Bottle,Blow Molding,FR-011-PET-400,WO-5033,2535531060503385,ISBM-006,6500,0.209,1358.5
SO-13086,2025-09-03,CUST-003,Bottle,Blow Molding,FR-028-HDPE-5000,WO-5034,2535521060503486,ISBM-006,973,0.2495,242.76
SO-13087,2025-09-05,CUST-009,Bottle,Blow Molding,FR-028-HDPE-5000,WO-5035,2535611060503587,ISBM-006,849,0.1253,106.38
SO-13088,2025-09-11,CUST-009,Bottle,Blow Molding,FR-028-HDPE-5000,WO-5036,2535711060503688,ISBM-006,940,0.3056,287.26
SO-13089,2025-09-08,CUST-002,Bottle,Blow Molding,FR-011-PET-400,WO-5037,2535731060503789,ISBM-006,4478,0.1199,536.91
SO-13090,2025-09-08,CUST-012,Bottle,blow molding,FR-011-PET-400,WO-5038,2536121060503890,ISBM-006,4863,0.2277,1107.31
SO-13091,2025-09-07,CUST-004,Bottle,Blow Molding,FR-011-PET-400,WO-5039,2536211060503991,ISBM-006,5122,0.1889,967.55
SO-13092,2025-09-04,CUST-013,Bottle,  Blow Molding  ,FR-018-LDPE-600,WO-5040,2536231060504092,ISBM-006,4923,0.3293,1621.14
SO-13093,2025-09-09,CUST-010,Bottle,Blow Molding,FR-014-PP-PCR-500,WO-5041,2536321060504193,ISBM-006,3068,0.0998,306.19
SO-13094,2025-09-06,CUST-004,Bottle,Blow Molding,FR-018-PP-600,WO-5042,2536421060504294,ISBM-006,4674,0.3192,1491.94
SO-13095,2025-09-06,CUST-001,Bottle,Blow Molding,FR-018-PP-600,WO-5043,2536531060504395,ISBM-006,2485,0.2646,657.53
SO-13096,2025-09-15,CUST-011,Bottle,Blow Molding,FR-018-rPET-600,WO-5044,2536511060504496,ISBM-006,3560,0.1012,360.27
SO-13097,2025-09-08,CUST-002,Bottle,Blow Molding,FR-018-rPET-600,WO-5045,2536631060504597,ISBM-006,6614,0.2103,1390.92
SO-13098,2025-09-15,CUST-007,Bottle,Blow Molding,FR-018-rPET-600,WO-5046,2536631060504698,ISBM-006,2534,0.2933,743.22
SO-13099,2025-09-12,CUST-013,Bottle,Blow Molding,FR-018-PP-600,WO-5047,2536711060504799,ISBM-006,5389,0.1632,879.48
SO-13100,2025-09-15,CUST-006,Bottle,Blow Molding,FR-018-PP-600,WO-5048,2537131060504801,ISBM-006,6137,0.279,1712.22
SO-13101,2025-09-12,CUST-003,Bottle,Blow Molding,FR-024-PET-1000,WO-5049,2537231060504902,ISBM-006,1326,0.1429,189.49
SO-13102,2025-09-13,CUST-013,Bottle,Blow Molding,FR-024-PET-1000,WO-5050,2537211060505003,ISBM-006,2803,0.3436,963.11
SO-13103,2025-09-20,CUST-006,Bottle,Blow Molding,FR-014-rPET-500,WO-5051,2537311060505104,ISBM-006,7757,0.2078,1611.9
SO-13104,2025-09-23,CUST-003,Bottle,Blow Molding,FR-028-HDPE-5000,WO-5052,2537431060505205,ISBM-006,376,0.1583,59.52
SO-13105,2025-09-19,CUST-002,Bottle,Blow Molding,FR-014-PP-PCR-500,WO-5056,2537621060505609,ISBM-006,3375,0.2595,875.81
SO-13106,2025-09-20,CUST-002,Bottle,Blow Molding,FR-024-PET-1000,WO-5058,2538131060505811,ISBM-006,741,0.2572,190.59
SO-13107,2025-09-22,CUST-011,Bottle,Blow Molding,FR-018-LDPE-600,WO-5059,2538121060505912,ISBM-006,2435,0.2896,705.18
SO-13108,2025-09-21,CUST-013,Bottle,Blow Molding,FR-018-LDPE-600,WO-5060,2538211060506013,ISBM-006,4833,0.2661,1286.06
SO-13109,2025-09-20,CUST-012,Bottle,Blow Molding,FR-024-PET-1000,WO-5061,2538311060506114,ISBM-006,996,0.3162,314.94
SO-13110,2025-09-19,CUST-012,Bottle,Blow Molding,FR-014-HDPE-PCR-500,WO-5063,2538411060506316,ISBM-006,5558,0.2071,1151.06
SO-13111,2025-09-20,CUST-009,Bottle,Blow Molding,FR-011-PET-400,WO-5064,2538531060506417,ISBM-006,9400,0.2622,2464.68
SO-13112,2025-09-22,CUST-013,Bottle,Blow Molding,FR-014-PP-PCR-500,WO-5065,2538521060506518,ISBM-006,2680,0.1115,298.82
SO-13113,2025-09-30,CUST-001,Bottle,Blow Molding,FR-024-PET-1000,WO-5067,2538711060506720,ISBM-006,3117,0.3436,1071.0
SO-13114,2025-10-02,CUST-012,Bottle,Blow Molding,FR-024-PET-1000,WO-5068,2539131060506821,ISBM-006,2250,0.0959,215.78
SO-13115,2025-09-29,CUST-002,Bottle,Blow Molding,FR-024-PET-1000,WO-5069,2539111060506922,ISBM-006,2510,0.2391,600.14
SO-13116,2025-09-29,CUST-003,Bottle,Blow Molding,FR-028-HDPE-5000,WO-5070,2539221060507023,ISBM-006,448,0.281,125.89
SO-13117,2025-09-28,CUST-007,Bottle,Blow Molding,FR-028-HDPE-5000,WO-5071,2539311060507124,ISBM-006,544,0.3253,176.96
SO-13118,2025-10-06,CUST-014,Bottle,Blow Molding,FR-014-PP-500,WO-5072,2539321060507225,ISBM-006,7503,0.0903,677.52
SO-13119,2025-10-02,CUST-005,Bottle,Blow Molding,FR-014-PP-500,WO-5073,2539421060507326,ISBM-006,5792,0.1138,659.13
SO-13120,2025-10-04,CUST-003,Bottle,Blow Molding,FR-014-PP-500,WO-5074,2539531060507427,ISBM-006,7854,0.1892,1485.98
SO-13121,2025-09-29,CUST-008,Bottle,Blow Molding,FR-014-HDPE-500,WO-5075,2539521060507528,ISBM-006,4880,0.2407,1174.62
SO-13122,2025-10-02,CUST-008,Bottle,Blow Molding,FR-011-PET-400,WO-5077,2539731060507730,ISBM-006,4437,0.2672,1185.57
SO-13123,2025-10-09,CUST-014,Bottle,Blow Molding,FR-011-PET-400,WO-5078,2539721060507831,ISBM-006,4349,0.157,682.79
SO-13124,2025-10-06,CUST-005,Bottle,Blow Molding,FR-028-HDPE-5000,WO-5079,2540111060507932,ISBM-006,407,0.2773,112.86
SO-13125,2025-10-10,CUST-005,Bottle,Blow Molding,FR-018-rPET-600,WO-5080,2540211060508033,ISBM-006,6920,0.1738,1202.7
SO-13126,2025-10-03,CUST-012,Bottle,blow molding,FR-018-LDPE-600,WO-5081,2540231060508134,ISBM-006,2869,0.3031,869.59
SO-13127,2025-10-06,CUST-006,Bottle,Blow Molding,FR-024-PET-1000,WO-5082,2540311060508235,ISBM-006,1621,0.3042,493.11
SO-13128,2025-10-05,CUST-014,Bottle,Blow Molding,FR-014-HDPE-500,WO-5085,2540521060508538,ISBM-006,5408,0.2234,1208.15
SO-13129,2025-10-11,CUST-006,Bottle,Blow Molding,FR-011-PET-400,WO-5086,2540631060508639,ISBM-006,5364,0.0873,468.28
SO-13130,2025-10-09,CUST-008,Bottle,Blow Molding,FR-011-PET-400,WO-5087,2540731060508740,ISBM-006,2571,0.3291,846.12
SO-13131,2025-10-12,CUST-013,Bottle,Blow Molding,FR-011-PET-400,WO-5090,2541231060509043,ISBM-006,10953,0.1307,1431.56
SO-13132,2025-10-11,CUST-014,Bottle,Blow Molding,FR-018-HDPE-600,WO-5091,2541331060509144,ISBM-006,6447,0.3047,1964.4
SO-13133,2025-10-18,CUST-006,Bottle,Blow Molding,FR-028-HDPE-5000,WO-5094,2541531060509447,ISBM-006,992,0.1436,142.45
SO-13134,2025-10-16,CUST-014,Bottle,Blow Molding,FR-028-HDPE-5000,WO-5097,2541631060509750,ISBM-006,1002,0.1279,128.16
SO-13135,2025-10-16,CUST-001,Bottle,Blow Molding,FR-028-HDPE-5000,WO-5098,2541711060509851,ISBM-006,915,0.1103,100.92
SO-13136,2025-10-18,CUST-013,Bottle,blow molding,FR-028-HDPE-5000,WO-5099,2542111060509952,ISBM-006,573,0.0914,52.37
SO-13137,2025-10-20,CUST-003,Bottle,Blow Molding,FR-024-PET-1000,WO-5100,2542211060510053,ISBM-006,2123,0.1856,394.03
SO-13138,2025-10-22,CUST-002,Bottle,Blow Molding,FR-028-HDPE-5000,WO-5102,2542321060510255,ISBM-006,563,0.2315,130.33
SO-13139,2025-10-25,CUST-012,Bottle,Blow Molding,FR-028-HDPE-5000,WO-5103,2542431060510356,ISBM-006,744,0.2849,211.97
SO-13140,2025-10-25,CUST-007,Bottle,Blow Molding,FR-018-rPET-600,WO-5105,2542521060510558,ISBM-006,2879,0.2896,833.76
SO-13141,2025-10-20,CUST-011,Bottle,Blow Molding,FR-018-rPET-600,WO-5106,2542631060510659,ISBM-006,4144,0.1241,514.27
SO-13142,2025-10-23,CUST-014,Bottle,Blow Molding,FR-011-PET-400,WO-5107,2542621060510760,ISBM-006,3449,0.1774,611.85
SO-13143,2025-10-29,CUST-003,Bottle,Blow Molding,FR-018-HDPE-600,WO-5108,2542711060510861,ISBM-006,5476,0.2453,1343.26
SO-13144,2025-10-31,CUST-005,Bottle,Blow Molding,FR-014-PP-500,WO-5109,2542721060510962,ISBM-006,7836,0.1067,836.1
SO-13145,2025-10-24,CUST-014,Bottle,Blow Molding,FR-014-PP-500,WO-5110,2543121060511063,ISBM-006,6616,0.0992,656.31
SO-13146,2025-10-24,CUST-008,Bottle,Blow Molding,FR-024-PET-1000,WO-5111,2543221060511164,ISBM-006,1034,0.3405,352.08
SO-13147,2025-11-01,CUST-006,Bottle,Blow Molding,FR-014-rPET-500,WO-5112,2543331060511265,ISBM-006,7905,0.1576,1245.83
SO-13148,2025-10-27,CUST-001,Bottle,Blow Molding,FR-014-rPET-500,WO-5113,2543331060511366,ISBM-006,4770,0.2871,1369.47
SO-13149,2025-10-31,CUST-013,Bottle,Blow Molding,FR-014-rPET-500,WO-5114,2543421060511467,ISBM-006,4998,0.1653,826.17
SO-13150,2025-11-01,CUST-006,Bottle,Blow Molding,FR-011-PET-400,WO-5115,2543511060511568,ISBM-006,7198,0.3089,2223.46
SO-13151,2025-11-05,CUST-007,Bottle,Blow Molding,FR-018-PETG-600,WO-5117,2543731060511770,ISBM-006,2316,0.2435,563.95
SO-13152,2025-10-31,CUST-007,Bottle,Blow Molding,FR-018-PETG-600,WO-5118,2544131060511871,ISBM-006,8153,0.3098,2525.8
SO-13153,2025-11-01,CUST-007,Bottle,blow molding,FR-024-PET-1000,WO-5119,2544121060511972,ISBM-006,835,0.2134,178.19
SO-13154,2025-11-04,CUST-004,Bottle,Blow Molding,FR-024-PET-1000,WO-5120,2544231060512073,ISBM-006,1411,0.3368,475.22
SO-13155,2025-11-08,CUST-006,Bottle,Blow Molding,FR-024-PET-1000,WO-5121,2544221060512174,ISBM-006,3601,0.2743,987.75
SO-13156,2025-11-02,CUST-013,Bottle,Blow Molding,FR-011-PET-400,WO-5122,2544311060512275,ISBM-006,7235,0.1342,970.94
SO-13157,2025-11-09,CUST-010,Bottle,blow molding,FR-011-PET-400,WO-5123,2544411060512376,ISBM-006,5475,0.1051,575.42
SO-13158,2025-11-02,CUST-006,Bottle,Blow Molding,FR-011-PET-400,WO-5124,2544531060512477,ISBM-006,3441,0.2813,967.95
SO-13159,2025-11-12,CUST-011,Bottle,Blow Molding,FR-014-PP-PCR-500,WO-5125,2544511060512578,ISBM-006,4880,0.162,790.56
SO-13160,2025-11-10,CUST-007,Bottle,  Blow Molding  ,FR-014-PP-PCR-500,WO-5127,2544621060512780,ISBM-006,3403,0.2344,797.66
SO-13161,2025-11-06,CUST-007,Bottle,Blow Molding,FR-024-PET-1000,WO-5128,2544721060512881,ISBM-006,2214,0.1159,256.6
SO-13162,2025-11-13,CUST-003,Bottle,Blow Molding,FR-024-PET-1000,WO-5129,2545111060512982,ISBM-006,3873,0.2955,1144.47
SO-13163,2025-11-14,CUST-006,Bottle,Blow Molding,FR-018-PET-600,WO-5130,2545211060513083,ISBM-006,4405,0.198,872.19
SO-13164,2025-11-11,CUST-010,Bottle,Blow Molding,FR-018-PET-600,WO-5131,2545221060513184,ISBM-006,2053,0.2391,490.87
SO-13165,2025-11-09,CUST-008,Bottle,Blow Molding,FR-014-PETG-500,WO-5133,2545411060513386,ISBM-006,3715,0.2708,1006.02
SO-13166,2025-11-15,CUST-007,Bottle,Blow Molding,FR-024-PET-1000,WO-5136,2545611060513689,ISBM-006,3689,0.0987,364.1
SO-13167,2025-11-17,CUST-001,Bottle,Blow Molding,FR-024-PET-1000,WO-5137,2545631060513790,ISBM-006,3738,0.3161,1181.58
SO-13168,2025-11-21,CUST-004,Bottle,Blow Molding,FR-024-PET-1000,WO-5138,2545721060513891,ISBM-006,1769,0.2884,510.18
SO-13169,2025-11-19,CUST-010,Bottle,Blow Molding,FR-024-PET-1000,WO-5139,2546111060513992,ISBM-006,2597,0.1538,399.42
SO-13170,2025-11-18,CUST-005,Bottle,Blow Molding,FR-028-HDPE-5000,WO-5140,2546231060514093,ISBM-006,1148,0.1277,146.6
SO-13171,2025-11-23,CUST-001,Bottle,Blow Molding,FR-018-LDPE-600,WO-5141,2546331060514194,ISBM-006,404,0.2836,114.57
SO-13172,2025-11-18,CUST-008,Bottle,Blow Molding,FR-024-PET-1000,WO-5142,2546321060514295,ISBM-006,2563,0.199,510.04
SO-13173,2025-11-22,CUST-003,Bottle,Blow Molding,FR-014-PETG-500,WO-5143,2546411060514396,ISBM-006,5726,0.1622,928.76
SO-13174,2025-11-20,CUST-009,Bottle,Blow Molding,FR-011-PET-400,WO-5145,2546521060514598,ISBM-006,8206,0.2629,2157.36
SO-13175,2025-11-19,CUST-007,Bottle,Blow Molding,FR-011-PET-400,WO-5146,2546621060514699,ISBM-006,3548,0.2185,775.24
SO-13176,2025-11-23,CUST-004,Bottle,Blow Molding,FR-018-HDPE-PCR-600,WO-5147,2546711060514701,ISBM-006,4540,0.1149,521.65
SO-13177,2025-11-27,CUST-002,Bottle,Blow Molding,FR-018-HDPE-PCR-600,WO-5148,2547111060514802,ISBM-006,5083,0.2858,1452.72
SO-13178,2025-11-21,CUST-007,Bottle,Blow Molding,FR-018-rPET-600,WO-5149,2547121060514903,ISBM-006,5638,0.2686,1514.37
SO-13179,2025-11-20,CUST-002,Bottle,Blow Molding,FR-018-rPET-600,WO-5150,2547211060515004,ISBM-006,6246,0.3404,2126.14
SO-13180,2025-11-23,CUST-002,Bottle,Blow Molding,FR-014-PETG-500,WO-5151,2547231060515105,ISBM-006,5912,0.3002,1774.78
SO-13181,2025-11-24,CUST-004,Bottle,Blow Molding,FR-014-PETG-500,WO-5152,2547321060515206,ISBM-006,2675,0.2617,700.05
SO-13182,2025-11-29,CUST-008,Bottle,Blow Molding,FR-011-PET-400,WO-5153,2547411060515307,ISBM-006,3447,0.1985,684.23
SO-13183,2025-11-29,CUST-009,Bottle,  Blow Molding  ,FR-011-PET-400,WO-5154,2547421060515408,ISBM-006,5501,0.2968,1632.7
SO-13184,2025-11-28,CUST-006,Bottle,Blow Molding,FR-011-PET-400,WO-5156,2547631060515610,ISBM-006,9854,0.3348,3299.12
SO-13185,2025-12-04,CUST-005,Bottle,Blow Molding,FR-024-PET-1000,WO-5157,2547731060515711,ISBM-006,1258,0.348,437.78
SO-13186,2025-12-03,CUST-003,Bottle,Blow Molding,FR-024-PET-1000,WO-5158,2547711060515812,ISBM-006,3517,0.2961,1041.38
SO-13187,2025-12-03,CUST-011,Bottle,Blow Molding,FR-024-PET-1000,WO-5159,2548131060515913,ISBM-006,1668,0.2894,482.72
SO-13188,2025-12-04,CUST-008,Bottle,Blow Molding,FR-028-HDPE-5000,WO-5160,2548121060516014,ISBM-006,464,0.3126,145.05
SO-13189,2025-12-02,CUST-001,Bottle,Blow Molding,FR-028-HDPE-5000,WO-5161,2548231060516115,ISBM-006,755,0.1849,139.6
SO-13190,2025-12-02,CUST-007,Bottle,Blow Molding,FR-024-PET-1000,WO-5162,2548331060516216,ISBM-006,2202,0.3444,758.37
SO-13191,2025-12-04,CUST-003,Bottle,Blow Molding,FR-024-PET-1000,WO-5163,2548321060516317,ISBM-006,2555,0.1497,382.48
SO-13192,2025-12-01,CUST-004,Bottle,Blow Molding,FR-024-PET-1000,WO-5164,2548411060516418,ISBM-006,2014,0.2202,443.48
SO-13193,2025-12-03,CUST-012,Bottle,Blow Molding,FR-024-PET-1000,WO-5168,2548621060516822,ISBM-006,1585,0.3214,509.42
SO-13194,2025-12-01,CUST-012,Bottle,Blow Molding,FR-014-HDPE-500,WO-5169,2548711060516923,ISBM-006,2326,0.1459,339.36
SO-13195,2025-12-03,CUST-012,Bottle,Blow Molding,FR-014-HDPE-500,WO-5170,2548721060517024,ISBM-006,5069,0.1723,873.39
SO-13196,2025-12-12,CUST-010,Bottle,Blow Molding,FR-024-PET-1000,WO-5171,2549121060517125,ISBM-006,2780,0.152,422.56
SO-13197,2025-12-09,CUST-011,Bottle,Blow Molding,FR-024-PET-1000,WO-5172,2549221060517226,ISBM-006,1369,0.2333,319.39
SO-13198,2025-12-05,CUST-012,Bottle,Blow Molding,FR-028-HDPE-5000,WO-5173,2549311060517327,ISBM-006,1138,0.309,351.64
SO-13199,2025-12-08,CUST-007,Bottle,Blow Molding,FR-018-PP-600,WO-5174,2549431060517428,ISBM-006,2882,0.2043,588.79
SO-13200,2025-12-12,CUST-014,Bottle,Blow Molding,FR-024-PET-1000,WO-5175,2549421060517529,ISBM-006,3164,0.1538,486.62
SO-13201,2025-12-08,CUST-001,Bottle,Blow Molding,FR-014-HDPE-500,WO-5176,2549531060517630,ISBM-006,6651,0.2349,1562.32
SO-13202,2025-12-17,CUST-002,Bottle,Blow Molding,FR-014-PP-PCR-500,WO-5178,2549621060517832,ISBM-006,8124,0.1187,964.32
SO-13203,2025-12-19,CUST-001,Bottle,Blow Molding,FR-024-PET-1000,WO-5179,2549721060517933,ISBM-006,2331,0.1728,402.8
SO-13204,2025-12-11,CUST-009,Bottle,Blow Molding,FR-024-PET-1000,WO-5180,2550111060518034,ISBM-006,3107,0.234,727.04
SO-13205,2025-12-11,CUST-009,Bottle,Blow Molding,FR-024-PET-1000,WO-5181,2550231060518135,ISBM-006,5165,0.1994,1029.9
SO-13206,2025-12-21,CUST-013,Bottle,Blow Molding,FR-011-PET-400,WO-5182,2550221060518236,ISBM-006,6438,0.1089,701.1
SO-13207,2025-12-17,CUST-006,Bottle,Blow Molding,FR-011-PET-400,WO-5183,2550321060518337,ISBM-006,6135,0.1146,703.07
SO-13208,2025-12-20,CUST-003,Bottle,Blow Molding,FR-011-PET-400,WO-5184,2550421060518438,ISBM-006,3048,0.132,402.34
SO-13209,2025-12-22,CUST-007,Bottle,Blow Molding,FR-024-PET-1000,WO-5185,2550511060518539,ISBM-006,4004,0.2438,976.18
SO-13210,2025-12-16,CUST-005,Bottle,Blow Molding,FR-028-HDPE-5000,WO-5186,2550631060518640,ISBM-006,588,0.2625,154.35
SO-13211,2025-12-15,CUST-008,Bottle,Blow Molding,FR-011-PET-400,WO-5187,2550621060518741,ISBM-006,3962,0.101,400.16
SO-13212,2025-12-24,CUST-014,Bottle,Blow Molding,FR-011-PET-400,WO-5188,2550721060518842,ISBM-006,7177,0.2415,1733.25
SO-13213,2025-12-25,CUST-002,Bottle,Blow Molding,FR-011-PET-400,WO-5189,2551111060518943,ISBM-006,3700,0.2832,1047.84
SO-13214,2025-12-29,CUST-009,Bottle,Blow Molding,FR-018-PP-PCR-600,WO-5193,2551411060519347,ISBM-006,3403,0.0935,318.18
SO-13215,2025-12-26,CUST-014,Bottle,Blow Molding,FR-014-PP-PCR-500,WO-5196,2551611060519650,ISBM-006,2190,0.3244,710.44
SO-13216,2025-12-24,CUST-004,Bottle,Blow Molding,FR-018-LDPE-600,WO-5197,2551731060519751,ISBM-006,9567,0.1426,1364.25
SO-13217,2025-12-30,CUST-010,Bottle,Blow Molding,FR-014-HDPE-500,WO-5198,2551721060519852,ISBM-006,6601,0.1799,1187.52
SO-13218,2025-12-27,CUST-003,Bottle,Blow Molding,FR-014-HDPE-500,WO-5199,2552111060519953,ISBM-006,4402,0.3373,1484.79
SO-13219,2025-12-31,CUST-010,Bottle,BLOW MOLDING,FR-018-HDPE-600,WO-5200,2552231060520054,ISBM-006,4772,0.322,1536.58
SO-13220,2025-12-27,CUST-011,Bottle,Blow Molding,FR-014-PP-500,WO-5201,2552331060520155,ISBM-006,3020,0.171,516.42
SO-13221,2026-01-04,CUST-007,Bottle,Blow Molding,FR-018-PP-600,WO-5202,2552321060520256,ISBM-006,3231,0.3003,970.27
SO-13222,2025-12-31,CUST-011,Bottle,Blow Molding,FR-018-PP-600,WO-5203,2552411060520357,ISBM-006,3520,0.2251,792.35
SO-13223,2025-12-30,CUST-006,Bottle,Blow Molding,FR-011-PET-400,WO-5204,2552531060520458,ISBM-006,3062,0.2978,911.86
SO-13224,2025-12-29,CUST-008,Bottle,Blow Molding,FR-011-PET-400,WO-5205,2552521060520559,ISBM-006,3852,0.246,947.59
SO-13225,2026-01-05,CUST-012,Bottle,Blow Molding,FR-024-PET-1000,WO-5206,2552611060520660,ISBM-006,2813,0.3441,967.95
SO-13226,2026-01-03,CUST-008,Bottle,Blow Molding,FR-018-MDPE-600,WO-5208,2552721060520862,ISBM-006,6195,0.1501,929.87
SO-13227,2026-01-01,CUST-002,Bottle,Blow Molding,FR-018-MDPE-600,WO-5210,2501231060521064,ISBM-006,7607,0.2779,2113.99
SO-13228,2026-01-06,CUST-002,Bottle,Blow Molding,FR-014-PP-500,WO-5211,2501221060521165,ISBM-006,7098,0.1809,1284.03
SO-13229,2026-01-11,CUST-012,Bottle,Blow Molding,FR-014-PP-500,WO-5212,2501311060521266,ISBM-006,3410,0.1476,503.32
SO-13230,2026-01-05,CUST-006,Bottle,Blow Molding,FR-014-PP-500,WO-5213,2601431060521367,ISBM-006,7309,0.1591,1162.86
SO-13231,2026-01-06,CUST-001,Bottle,Blow Molding,FR-018-PP-600,WO-5214,2601531060521468,ISBM-006,4491,0.0833,374.1
SO-13232,2026-01-10,CUST-012,Bottle,Blow Molding,FR-018-rPET-600,WO-5215,2601521060521569,ISBM-006,4784,0.1207,577.43
SO-13233,2026-01-05,CUST-007,Bottle,Blow Molding,FR-018-rPET-600,WO-5216,2601631060521670,ISBM-006,6273,0.2949,1849.91
SO-13234,2026-01-07,CUST-007,Bottle,Blow Molding,FR-018-rPET-600,WO-5217,2601621060521771,ISBM-006,4595,0.2839,1304.52
SO-13235,2026-01-10,CUST-005,Bottle,  Blow Molding  ,FR-018-rPET-600,WO-5218,2601731060521872,ISBM-006,12139,0.2147,2606.24
SO-13236,2026-01-09,CUST-013,Bottle,Blow Molding,FR-018-PETG-600,WO-5219,2602131060521973,ISBM-006,6990,0.2984,2085.82
SO-13237,2026-01-14,CUST-010,Bottle,Blow Molding,FR-018-MDPE-600,WO-5222,2602331060522276,ISBM-006,7909,0.1563,1236.18
SO-13238,2026-01-15,CUST-007,Bottle,Blow Molding,FR-024-PET-1000,WO-5223,2602321060522377,ISBM-006,2228,0.2956,658.6
SO-13239,2026-01-16,CUST-010,Bottle,Blow Molding,FR-024-PET-1000,WO-5224,2602411060522478,ISBM-006,3995,0.093,371.54
SO-13240,2026-01-15,CUST-012,Bottle,Blow Molding,FR-018-PP-PCR-600,WO-5225,2602511060522579,ISBM-006,3463,0.3339,1156.3
SO-13241,2026-01-12,CUST-001,Bottle,Blow Molding,FR-018-PP-PCR-600,WO-5226,2602631060522680,ISBM-006,6104,0.1115,680.6
SO-13242,2026-01-22,CUST-011,Bottle,Blow Molding,FR-011-PET-400,WO-5227,2602631060522781,ISBM-006,1026,0.2406,246.86
SO-13243,2026-01-18,CUST-014,Bottle,Blow Molding,FR-024-PET-1000,WO-5229,2603111060522983,ISBM-006,3315,0.264,875.16
SO-13244,2026-01-15,CUST-002,Bottle,Blow Molding,FR-024-PET-1000,WO-5230,2603231060523084,ISBM-006,3150,0.1367,430.6
SO-13245,2026-01-21,CUST-006,Bottle,Blow Molding,FR-011-PET-400,WO-5231,2603221060523185,ISBM-006,3581,0.2055,735.9
SO-13246,2026-01-18,CUST-014,Bottle,Blow Molding,FR-011-PET-400,WO-5232,2603311060523286,ISBM-006,8502,0.2291,1947.81
SO-13247,2026-01-17,CUST-002,Bottle,Blow Molding,FR-018-LDPE-600,WO-5233,2603431060523387,ISBM-006,7371,0.2574,1897.3
SO-13248,2026-01-22,CUST-014,Bottle,  Blow Molding  ,FR-018-LDPE-600,WO-5234,2603421060523488,ISBM-006,4276,0.1634,698.7
SO-13249,2026-01-20,CUST-003,Bottle,Blow Molding,FR-018-HDPE-PCR-600,WO-5235,2603511060523589,ISBM-006,2432,0.2107,512.42
SO-13250,2026-01-19,CUST-012,Bottle,Blow Molding,FR-018-HDPE-PCR-600,WO-5236,2603521060523690,ISBM-006,5113,0.1234,630.94
SO-13251,2026-01-24,CUST-005,Bottle,Blow Molding,FR-018-HDPE-PCR-600,WO-5237,2603631060523791,ISBM-006,5162,0.101,521.36
SO-13252,2026-01-23,CUST-001,Bottle,Blow Molding,FR-011-PET-400,WO-5238,2603621060523892,ISBM-006,3765,0.3158,1188.99
SO-13253,2026-01-30,CUST-011,Bottle,Blow Molding,FR-011-PET-400,WO-5239,2603711060523993,ISBM-006,3073,0.2514,772.55
SO-13254,2026-01-22,CUST-006,Bottle,Blow Molding,FR-018-PP-600,WO-5240,2604131060524094,ISBM-006,9876,0.255,2518.38
SO-13255,2026-01-24,CUST-004,Bottle,Blow Molding,FR-018-PP-600,WO-5242,2604211060524296,ISBM-006,5075,0.2767,1404.25
SO-13256,2026-01-24,CUST-012,Bottle,Blow Molding,FR-018-HDPE-PCR-600,WO-5246,2604531060524601,ISBM-006,6295,0.1502,945.51
SO-13257,2026-02-03,CUST-003,Bottle,Blow Molding,FR-028-HDPE-5000,WO-5248,2604611060524803,ISBM-006,689,0.3185,219.45
SO-13258,2026-01-31,CUST-014,Bottle,Blow Molding,FR-028-HDPE-5000,WO-5249,2604631060524904,ISBM-006,994,0.202,200.79
SO-13259,2026-02-06,CUST-013,Bottle,blow molding,FR-028-HDPE-5000,WO-5250,2604711060525005,ISBM-006,788,0.2153,169.66
SO-13260,2026-01-31,CUST-014,Bottle,Blow Molding,FR-028-HDPE-5000,WO-5251,2605131060525106,ISBM-006,619,0.1279,79.17
SO-13261,2026-02-03,CUST-005,Bottle,Blow Molding,FR-018-HDPE-PCR-600,WO-5252,2605121060525207,ISBM-006,4512,0.326,1470.91
SO-13262,2026-01-29,CUST-009,Bottle,Blow Molding,FR-028-HDPE-5000,WO-5253,2605211060525308,ISBM-006,839,0.1837,154.12
SO-13263,2026-02-08,CUST-008,Bottle,Blow Molding,FR-028-HDPE-5000,WO-5254,2605331060525409,ISBM-006,602,0.1754,105.59
SO-13264,2026-02-09,CUST-009,Bottle,Blow Molding,FR-028-HDPE-5000,WO-5255,2605321060525510,ISBM-006,782,0.1227,95.95
SO-13265,2026-02-01,CUST-007,Bottle,Blow Molding,FR-018-LDPE-600,WO-5257,2605531060525712,ISBM-006,5932,0.3355,1990.19
SO-13266,2026-02-04,CUST-012,Bottle,Blow Molding,FR-018-LDPE-600,WO-5258,2605521060525813,ISBM-006,795,0.2567,204.08
SO-13267,2026-02-07,CUST-007,Bottle,BLOW MOLDING,FR-018-PP-PCR-600,WO-5259,2605611060525914,ISBM-006,3867,0.2932,1133.8
SO-13268,2026-02-05,CUST-013,Bottle,Blow Molding,FR-018-HDPE-PCR-600,WO-5260,2605631060526015,ISBM-006,2333,0.2756,642.97
SO-13269,2026-02-11,CUST-005,Bottle,Blow Molding,FR-018-PET-600,WO-5261,2605711060526116,ISBM-006,6311,0.2113,1333.51
SO-13270,2026-02-04,CUST-008,Bottle,Blow Molding,FR-018-PET-600,WO-5262,2606111060526217,ISBM-006,3581,0.2458,880.21
SO-13271,2026-02-12,CUST-001,Bottle,Blow Molding,FR-018-PET-600,WO-5263,2606131060526318,ISBM-006,3083,0.2934,904.55
SO-13272,2026-02-06,CUST-012,Bottle,Blow Molding,FR-011-PET-400,WO-5265,2606331060526520,ISBM-006,5114,0.202,1033.03
SO-13273,2026-02-09,CUST-006,Bottle,Blow Molding,FR-011-PET-400,WO-5266,2606321060526621,ISBM-006,4997,0.1884,941.43
SO-13274,2026-02-08,CUST-002,Bottle,Blow Molding,FR-028-HDPE-5000,WO-5267,2606411060526722,ISBM-006,899,0.1401,125.95
SO-13275,2026-02-11,CUST-004,Bottle,Blow Molding,FR-028-HDPE-5000,WO-5268,2606511060526823,ISBM-006,415,0.1896,78.68
SO-13276,2026-02-14,CUST-002,Bottle,Blow Molding,FR-014-PP-PCR-500,WO-5269,2606521060526924,ISBM-006,2841,0.252,715.93
SO-13277,2026-02-12,CUST-011,Bottle,Blow Molding,FR-014-PP-PCR-500,WO-5270,2606611060527025,ISBM-006,4274,0.1211,517.58
SO-13278,2026-02-09,CUST-009,Bottle,Blow Molding,FR-014-PP-PCR-500,WO-5271,2606631060527126,ISBM-006,4181,0.1602,669.8
SO-13279,2026-02-19,CUST-012,Bottle,Blow Molding,FR-014-PP-PCR-500,WO-5272,2606711060527227,ISBM-006,3178,0.3317,1054.14
SO-13280,2026-02-16,CUST-014,Bottle,  Blow Molding  ,FR-024-PET-1000,WO-5273,2606721060527328,ISBM-006,2655,0.1549,411.26
SO-13281,2026-02-21,CUST-004,Bottle,Blow Molding,FR-024-PET-1000,WO-5274,2607121060527429,ISBM-006,2115,0.3431,725.66
SO-13282,2026-02-11,CUST-001,Bottle,Blow Molding,FR-028-HDPE-5000,WO-5275,2607211060527530,ISBM-006,516,0.1801,92.93
SO-13283,2026-02-19,CUST-007,Bottle,Blow Molding,FR-024-PET-1000,WO-5276,2607331060527631,ISBM-006,2396,0.1885,451.65
SO-13284,2026-02-22,CUST-005,Bottle,Blow Molding,FR-024-PET-1000,WO-5277,2607321060527732,ISBM-006,1482,0.3262,483.43
SO-13285,2026-02-17,CUST-004,Bottle,Blow Molding,FR-024-PET-1000,WO-5278,2607421060527833,ISBM-006,1929,0.1125,217.01
SO-13286,2026-02-21,CUST-004,Bottle,Blow Molding,FR-018-PP-PCR-600,WO-5279,2607511060527934,ISBM-006,5917,0.1294,765.66
SO-13287,2026-02-24,CUST-004,Bottle,Blow Molding,FR-018-PP-PCR-600,WO-5280,2607531060528035,ISBM-006,4455,0.2119,944.01
SO-13288,2026-02-18,CUST-012,Bottle,Blow Molding,FR-011-PET-400,WO-5281,2607611060528136,ISBM-006,7248,0.3399,2463.6
SO-13289,2026-02-16,CUST-001,Bottle,Blow Molding,FR-011-PET-400,WO-5282,2607731060528237,ISBM-006,4904,0.1651,809.65
SO-13290,2026-02-25,CUST-008,Bottle,Blow Molding,FR-024-PET-1000,WO-5283,2607721060528338,ISBM-006,2891,0.3358,970.8
SO-13291,2026-02-19,CUST-008,Bottle,Blow Molding,FR-024-PET-1000,WO-5284,2608111060528439,ISBM-006,4215,0.0874,368.39
SO-13292,2026-02-24,CUST-004,Bottle,Blow Molding,FR-014-rPET-500,WO-5285,2608211060528540,ISBM-006,4757,0.2626,1249.19
SO-13293,2026-02-21,CUST-004,Bottle,Blow Molding,FR-024-PET-1000,WO-5286,2608331060528641,ISBM-006,4291,0.1464,628.2
SO-13294,2026-03-03,CUST-002,Bottle,Blow Molding,FR-011-PET-400,WO-5288,2608411060528843,ISBM-006,2259,0.1943,438.92
SO-13295,2026-02-27,CUST-014,Bottle,Blow Molding,FR-011-PET-400,WO-5289,2608531060528944,ISBM-006,4342,0.1871,812.39
SO-13296,2026-03-03,CUST-006,Bottle,Blow Molding,FR-011-PET-400,WO-5290,2608521060529045,ISBM-006,6499,0.1904,1237.41
SO-13297,2026-03-01,CUST-014,Bottle,BLOW MOLDING,FR-014-HDPE-500,WO-5291,2608611060529146,ISBM-006,3052,0.2409,735.23
SO-13298,2026-03-02,CUST-004,Bottle,Blow Molding,FR-014-HDPE-500,WO-5292,2608731060529247,ISBM-006,4194,0.1024,429.47
SO-13299,2026-02-24,CUST-013,Bottle,Blow Molding,FR-028-HDPE-5000,WO-5293,2609131060529348,ISBM-006,846,0.3116,263.61
SO-13300,2026-02-28,CUST-005,Bottle,  Blow Molding  ,FR-028-HDPE-5000,WO-5294,2609121060529449,ISBM-006,911,0.1445,131.64
SO-13301,2026-03-04,CUST-011,Bottle,Blow Molding,FR-018-HDPE-600,WO-5301,2609631060530156,ISBM-006,5184,0.2418,1253.49
SO-13302,2026-03-08,CUST-004,Bottle,Blow Molding,FR-018-HDPE-600,WO-5302,2609721060530257,ISBM-006,6108,0.1345,821.53
SO-13303,2026-03-03,CUST-006,Bottle,Blow Molding,FR-018-HDPE-600,WO-5303,2610131060530358,ISBM-006,1485,0.2985,443.27
SO-13304,2026-03-05,CUST-009,Bottle,Blow Molding,FR-024-PET-1000,WO-5306,2610311060530661,ISBM-006,3193,0.1269,405.19
SO-13305,2026-03-15,CUST-005,Bottle,Blow Molding,FR-024-PET-1000,WO-5307,2610331060530762,ISBM-006,2149,0.3393,729.16
SO-13306,2026-03-17,CUST-014,Bottle,Blow Molding,FR-024-PET-1000,WO-5308,2610411060530863,ISBM-006,2735,0.307,839.64
SO-13307,2026-03-08,CUST-012,Bottle,Blow Molding,FR-014-PP-PCR-500,WO-5310,2610631060531065,ISBM-006,7065,0.1284,907.15
SO-13308,2026-03-10,CUST-002,Bottle,Blow Molding,FR-024-PET-1000,WO-5311,2610631060531166,ISBM-006,3098,0.3351,1038.14
SO-13309,2026-03-20,CUST-012,Bottle,Blow Molding,FR-018-HDPE-PCR-600,WO-5315,2611211060531570,ISBM-006,6787,0.333,2260.07
SO-13310,2026-03-19,CUST-008,Bottle,  Blow Molding  ,FR-018-HDPE-PCR-600,WO-5317,2611331060531772,ISBM-006,3691,0.1459,538.52
SO-13311,2026-03-20,CUST-013,Bottle,  Blow Molding  ,FR-028-HDPE-5000,WO-5318,2611421060531873,ISBM-006,667,0.2428,161.95
SO-13312,2026-03-16,CUST-003,Bottle,Blow Molding,FR-014-HDPE-PCR-500,WO-5319,2611511060531974,ISBM-006,4626,0.1751,810.01
SO-13313,2026-03-24,CUST-012,Bottle,Blow Molding,FR-014-HDPE-PCR-500,WO-5320,2611631060532075,ISBM-006,6780,0.2553,1730.93
SO-13314,2026-03-19,CUST-006,Bottle,Blow Molding,FR-014-HDPE-PCR-500,WO-5321,2611621060532176,ISBM-006,6814,0.139,947.15
SO-13315,2026-03-23,CUST-003,Bottle,Blow Molding,FR-018-HDPE-600,WO-5322,2611731060532277,ISBM-006,3632,0.2042,741.65
SO-13316,2026-03-24,CUST-012,Bottle,Blow Molding,FR-028-HDPE-5000,WO-5324,2612111060532479,ISBM-006,724,0.3238,234.43
SO-13317,2026-03-25,CUST-004,Bottle,Blow Molding,FR-028-HDPE-5000,WO-5325,2612231060532580,ISBM-006,999,0.1341,133.97
SO-13318,2026-03-25,CUST-002,Bottle,Blow Molding,FR-028-HDPE-5000,WO-5326,2612221060532681,ISBM-006,585,0.2835,165.85
SO-13319,2026-03-21,CUST-012,Bottle,Blow Molding,FR-014-PETG-500,WO-5327,2612321060532782,ISBM-006,5297,0.0825,437.0
SO-13320,2026-03-21,CUST-004,Bottle,Blow Molding,FR-024-PET-1000,WO-5329,2612531060532984,ISBM-006,1541,0.1339,206.34
SO-13321,2026-03-24,CUST-003,Bottle,Blow Molding,FR-028-HDPE-5000,WO-5330,2612521060533085,ISBM-006,1178,0.1085,127.81
SO-13322,2026-04-02,CUST-011,Bottle,Blow Molding,FR-028-HDPE-5000,WO-5331,2612611060533186,ISBM-006,649,0.172,111.63
SO-13323,2026-03-27,CUST-008,Bottle,Blow Molding,FR-011-PET-400,WO-5333,2612721060533388,ISBM-006,6702,0.1165,780.78
SO-13324,2026-03-28,CUST-012,Bottle,Blow Molding,FR-011-PET-400,WO-5334,2613121060533489,ISBM-006,7950,0.2186,1737.87
SO-13325,2026-04-05,CUST-009,Bottle,Blow Molding,FR-011-PET-400,WO-5335,2613221060533590,ISBM-006,7587,0.1798,1364.14
SO-13326,2026-03-29,CUST-013,Bottle,Blow Molding,FR-024-PET-1000,WO-5336,2613311060533691,ISBM-006,1519,0.2933,445.52
SO-13327,2026-04-03,CUST-005,Bottle,Blow Molding,FR-014-HDPE-PCR-500,WO-5337,2613331060533792,ISBM-006,4628,0.2943,1362.02
SO-13328,2026-03-30,CUST-013,Bottle,Blow Molding,FR-014-HDPE-PCR-500,WO-5338,2613421060533893,ISBM-006,4885,0.1682,821.66
SO-13329,2026-03-30,CUST-014,Bottle,Blow Molding,FR-014-HDPE-PCR-500,WO-5339,2613511060533994,ISBM-006,4480,0.1538,689.02
SO-13330,2026-04-08,CUST-005,Bottle,Blow Molding,FR-011-PET-400,WO-5340,2613631060534095,ISBM-006,5051,0.2177,1099.6
SO-13331,2026-04-06,CUST-007,Bottle,Blow Molding,FR-028-HDPE-5000,WO-5341,2613611060534196,ISBM-006,1847,0.2514,464.34
SO-13332,2026-04-09,CUST-012,Bottle,Blow Molding,FR-028-HDPE-5000,WO-5342,2613711060534297,ISBM-006,582,0.329,191.48
SO-13333,2026-04-07,CUST-001,Bottle,Blow Molding,FR-018-PETG-600,WO-5343,2614131060534398,ISBM-006,7007,0.1098,769.37
SO-13334,2026-04-10,CUST-001,Bottle,Blow Molding,FR-014-HDPE-500,WO-5344,2614231060534499,ISBM-006,3799,0.2773,1053.46
SO-13335,2026-04-04,CUST-013,Bottle,Blow Molding,FR-011-PET-400,WO-5345,2614221060534501,ISBM-006,8451,0.3295,2784.6
SO-13336,2026-04-05,CUST-002,Bottle,BLOW MOLDING,FR-024-PET-1000,WO-5346,2614321060534602,ISBM-006,2811,0.3376,948.99
SO-13337,2026-04-08,CUST-014,Bottle,Blow Molding,FR-024-PET-1000,WO-5347,2614411060534703,ISBM-006,1593,0.1301,207.25
SO-13338,2026-04-06,CUST-013,Bottle,Blow Molding,FR-018-MDPE-600,WO-5348,2614421060534804,ISBM-006,3516,0.1873,658.55
SO-13339,2026-04-04,CUST-009,Bottle,Blow Molding,FR-018-MDPE-600,WO-5349,2614531060534905,ISBM-006,6010,0.1023,614.82
SO-13340,2026-04-08,CUST-013,Bottle,Blow Molding,FR-028-HDPE-5000,WO-5350,2614631060535006,ISBM-006,1162,0.2435,282.95
SO-13341,2026-04-10,CUST-007,Bottle,Blow Molding,FR-011-PET-400,WO-5351,2614621060535107,ISBM-006,4716,0.3485,1643.53
SO-13342,2026-04-11,CUST-005,Bottle,Blow Molding,FR-028-HDPE-5000,WO-5352,2614711060535208,ISBM-006,938,0.1452,136.2
SO-13343,2026-04-18,CUST-010,Bottle,Blow Molding,FR-014-PP-500,WO-5356,2615311060535612,ISBM-006,7927,0.253,2005.53
SO-13344,2026-04-14,CUST-014,Bottle,Blow Molding,FR-014-PP-500,WO-5357,2615431060535713,ISBM-006,5430,0.1933,1049.62
SO-13345,2026-04-11,CUST-005,Bottle,Blow Molding,FR-014-PP-500,WO-5358,2615531060535814,ISBM-006,6544,0.1494,977.67
SO-13346,2026-04-15,CUST-014,Bottle,Blow Molding,FR-018-HDPE-PCR-600,WO-5359,2615521060535915,ISBM-006,6379,0.2679,1708.93
SO-13347,2026-04-12,CUST-007,Bottle,Blow Molding,FR-018-HDPE-PCR-600,WO-5360,2615611060536016,ISBM-006,6233,0.2423,1510.26
SO-13348,2026-04-22,CUST-006,Bottle,Blow Molding,FR-011-PET-400,WO-5361,2615621060536117,ISBM-006,4713,0.2177,1026.02
SO-13349,2026-04-17,CUST-001,Bottle,Blow Molding,FR-024-PET-1000,WO-5362,2615711060536218,ISBM-006,4213,0.1004,422.99
SO-13350,2026-04-15,CUST-011,Bottle,Blow Molding,FR-014-rPET-500,WO-5363,2616111060536319,ISBM-006,5829,0.3314,1931.73
SO-13351,2026-04-16,CUST-012,Bottle,Blow Molding,FR-028-HDPE-5000,WO-5364,2616231060536420,ISBM-006,1449,0.3073,445.28
SO-13352,2026-04-23,CUST-004,Bottle,Blow Molding,FR-028-HDPE-5000,WO-5365,2616331060536521,ISBM-006,651,0.2168,141.14
SO-13353,2026-04-18,CUST-014,Bottle,Blow Molding,FR-024-PET-1000,WO-5366,2616331060536622,ISBM-006,3044,0.1621,493.43
SO-13354,2026-04-25,CUST-007,Bottle,Blow Molding,FR-011-PET-400,WO-5367,2616421060536723,ISBM-006,3040,0.258,784.32
SO-13355,2026-04-27,CUST-010,Bottle,Blow Molding,FR-018-HDPE-PCR-600,WO-5369,2616521060536925,ISBM-006,5170,0.1917,991.09
SO-13356,2026-04-24,CUST-010,Bottle,Blow Molding,FR-018-HDPE-PCR-600,WO-5370,2616611060537026,ISBM-006,5140,0.3426,1760.96
SO-13357,2026-04-25,CUST-008,Bottle,Blow Molding,FR-011-PET-400,WO-5372,2616711060537228,ISBM-006,5703,0.3158,1801.01
SO-13358,2026-04-30,CUST-012,Bottle,Blow Molding,FR-028-HDPE-5000,WO-5374,2617121060537430,ISBM-006,233,0.1914,44.6
SO-13359,2026-04-29,CUST-013,Bottle,Blow Molding,FR-028-HDPE-5000,WO-5375,2617231060537531,ISBM-006,687,0.2192,150.59
SO-13360,2026-05-03,CUST-007,Bottle,Blow Molding,FR-018-PP-600,WO-5377,2617321060537733,ISBM-006,1469,0.1715,251.93
SO-13361,2026-04-29,CUST-014,Bottle,BLOW MOLDING,FR-024-PET-1000,WO-5378,2617411060537834,ISBM-006,1172,0.2474,289.95
SO-13362,2026-05-05,CUST-002,Bottle,Blow Molding,FR-024-PET-1000,WO-5380,2617511060538036,ISBM-006,3914,0.2573,1007.07
SO-13363,2026-05-06,CUST-006,Bottle,BLOW MOLDING,FR-014-PP-500,WO-5381,2617631060538137,ISBM-006,6674,0.2944,1964.83
SO-13364,2026-05-05,CUST-012,Bottle,Blow Molding,FR-028-HDPE-5000,WO-5382,2617621060538238,ISBM-006,849,0.2124,180.33
SO-13365,2026-05-05,CUST-010,Bottle,Blow Molding,FR-028-HDPE-5000,WO-5383,2617711060538339,ISBM-006,974,0.2375,231.32
SO-13366,2026-05-04,CUST-006,Bottle,Blow Molding,FR-011-PET-400,WO-5385,2618121060538541,ISBM-006,1253,0.191,239.32
SO-13367,2026-05-10,CUST-006,Bottle,Blow Molding,FR-011-PET-400,WO-5387,2618311060538743,ISBM-006,6860,0.0808,554.29
SO-13368,2026-05-10,CUST-012,Bottle,Blow Molding,FR-028-HDPE-5000,WO-5389,2618411060538945,ISBM-006,417,0.1037,43.24
SO-13369,2026-05-06,CUST-006,Bottle,Blow Molding,FR-028-HDPE-5000,WO-5390,2618431060539046,ISBM-006,1209,0.0845,102.16
SO-13370,2026-05-10,CUST-011,Bottle,Blow Molding,FR-018-HDPE-600,WO-5392,2618611060539248,ISBM-006,2254,0.274,617.6
SO-13371,2026-05-07,CUST-005,Bottle,  Blow Molding  ,FR-018-HDPE-600,WO-5393,2618621060539349,ISBM-006,3464,0.1041,360.6
SO-13372,2026-05-09,CUST-003,Bottle,Blow Molding,FR-011-PET-400,WO-5395,2618731060539551,ISBM-006,4754,0.1701,808.66
SO-13373,2026-05-09,CUST-014,Bottle,Blow Molding,FR-011-PET-400,WO-5396,2619121060539652,ISBM-006,7620,0.2265,1725.93
SO-13374,2026-05-09,CUST-003,Bottle,Blow Molding,FR-011-PET-400,WO-5397,2619211060539753,ISBM-006,3405,0.1559,530.84
SO-13375,2026-05-16,CUST-004,Bottle,Blow Molding,FR-011-PET-400,WO-5398,2619331060539854,ISBM-006,4477,0.1362,609.77
SO-13376,2026-05-18,CUST-009,Bottle,Blow Molding,FR-011-PET-400,WO-5399,2619331060539955,ISBM-006,4373,0.164,717.17
SO-13377,2026-05-13,CUST-014,Bottle,Blow Molding,FR-024-PET-1000,WO-5400,2619411060540056,ISBM-006,2970,0.1547,459.46
SO-13378,2026-05-18,CUST-009,Bottle,Blow Molding,FR-024-PET-1000,WO-5401,2619511060540157,ISBM-006,4432,0.0991,439.21
SO-13379,2026-05-20,CUST-012,Bottle,Blow Molding,FR-014-PP-500,WO-5402,2619631060540258,ISBM-006,10709,0.2115,2264.95
SO-13380,2026-05-21,CUST-009,Bottle,Blow Molding,FR-014-PP-500,WO-5403,2619621060540359,ISBM-006,3468,0.2133,739.72
SO-13381,2026-05-16,CUST-009,Bottle,Blow Molding,FR-018-PET-600,WO-5407,2620221060540763,ISBM-006,2865,0.1198,343.23
SO-13382,2026-05-25,CUST-002,Bottle,Blow Molding,FR-024-PET-1000,WO-5410,2620411060541066,ISBM-006,1756,0.199,349.44
SO-13383,2026-05-24,CUST-014,Bottle,Blow Molding,FR-024-PET-1000,WO-5411,2620531060541167,ISBM-006,1696,0.2239,379.73
SO-13384,2026-05-21,CUST-001,Bottle,Blow Molding,FR-024-PET-1000,WO-5412,2620521060541268,ISBM-006,2577,0.266,685.48
SO-13385,2026-05-25,CUST-009,Bottle,Blow Molding,FR-018-rPET-600,WO-5414,2620621060541470,ISBM-006,2862,0.3403,973.94
SO-13386,2026-05-22,CUST-008,Bottle,blow molding,FR-024-PET-1000,WO-5415,2620711060541571,ISBM-006,2738,0.2417,661.77
SO-13387,2026-05-25,CUST-014,Bottle,blow molding,FR-018-PETG-600,WO-5416,2620731060541672,ISBM-006,1946,0.2638,513.35
SO-13388,2026-05-21,CUST-009,Bottle,  Blow Molding  ,FR-024-PET-1000,WO-5418,2621121060541874,ISBM-006,1326,0.3333,441.96
SO-13389,2026-05-21,CUST-003,Bottle,Blow Molding,FR-014-HDPE-PCR-500,WO-5421,2621311060542177,ISBM-006,3048,0.1585,483.11
SO-13390,2026-05-27,CUST-008,Bottle,Blow Molding,FR-014-HDPE-PCR-500,WO-5422,2621331060542278,ISBM-006,3811,0.1739,662.73
SO-13391,2026-05-26,CUST-002,Bottle,Blow Molding,FR-014-HDPE-PCR-500,WO-5423,2621411060542379,ISBM-006,6871,0.2904,1995.34
SO-13392,2026-05-29,CUST-008,Bottle,Blow Molding,FR-024-PET-1000,WO-5424,2621531060542480,ISBM-006,1891,0.181,342.27
SO-13393,2026-05-28,CUST-007,Bottle,Blow Molding,FR-024-PET-1000,WO-5425,2621521060542581,ISBM-006,4777,0.1858,887.57
SO-13394,2026-06-02,CUST-002,Bottle,Blow Molding,FR-024-PET-1000,WO-5426,2621611060542682,ISBM-006,3417,0.3119,1065.76
SO-13395,2026-05-31,CUST-009,Bottle,Blow Molding,FR-028-HDPE-5000,WO-5427,2621711060542783,ISBM-006,936,0.1782,166.8
SO-13396,2026-06-03,CUST-009,Bottle,  Blow Molding  ,FR-028-HDPE-5000,WO-5428,2622131060542884,ISBM-006,146,0.1619,23.64
SO-13397,2026-05-29,CUST-002,Bottle,Blow Molding,FR-018-PETG-600,WO-5430,2622221060543086,ISBM-006,4443,0.3309,1470.19
SO-13398,2026-05-31,CUST-010,Bottle,Blow Molding,FR-018-PETG-600,WO-5431,2622311060543187,ISBM-006,5838,0.2916,1702.36
SO-13399,2026-06-02,CUST-003,Bottle,Blow Molding,FR-018-PETG-600,WO-5432,2622331060543288,ISBM-006,9380,0.281,2635.78
SO-13400,2026-05-30,CUST-014,Bottle,Blow Molding,FR-024-PET-1000,WO-5433,2622421060543389,ISBM-006,1798,0.0992,178.36
SO-13401,2026-06-02,CUST-014,Bottle,Blow Molding,FR-024-PET-1000,WO-5434,2622531060543490,ISBM-006,1694,0.2553,432.48
SO-13402,2026-06-05,CUST-010,Bottle,Blow Molding,FR-018-PET-600,WO-5435,2622631060543591,ISBM-006,4163,0.2519,1048.66
SO-13403,2026-06-07,CUST-008,Bottle,Blow Molding,FR-018-PET-600,WO-5436,2622611060543692,ISBM-006,5158,0.0882,454.94
SO-13404,2026-06-05,CUST-005,Bottle,Blow Molding,FR-024-PET-1000,WO-5437,2622711060543793,ISBM-006,5223,0.3372,1761.2
SO-13405,2026-06-06,CUST-003,Bottle,Blow Molding,FR-024-PET-1000,WO-5438,2623131060543894,ISBM-006,3032,0.1537,466.02
SO-13406,2026-06-09,CUST-003,Bottle,Blow Molding,FR-024-PET-1000,WO-5439,2623111060543995,ISBM-006,3141,0.233,731.85
SO-13407,2026-06-10,CUST-009,Bottle,Blow Molding,FR-014-PP-PCR-500,WO-5440,2623211060544096,ISBM-006,3743,0.1036,387.77
SO-13408,2026-06-14,CUST-003,Bottle,Blow Molding,FR-014-PP-PCR-500,WO-5441,2623231060544197,ISBM-006,4711,0.1882,886.61
SO-13409,2026-06-06,CUST-001,Bottle,Blow Molding,FR-014-HDPE-500,WO-5442,2623311060544298,ISBM-006,7340,0.2098,1539.93
SO-13410,2026-06-08,CUST-009,Bottle,Blow Molding,FR-024-PET-1000,WO-5443,2623411060544399,ISBM-006,1156,0.2177,251.66
SO-13411,2026-06-09,CUST-014,Bottle,Blow Molding,FR-028-HDPE-5000,WO-5446,2623621060544603,ISBM-006,1510,0.2822,426.12
SO-13412,2026-06-18,CUST-004,Bottle,blow molding,FR-011-PET-400,WO-5447,2623711060544704,ISBM-006,9006,0.1665,1499.5
SO-13413,2026-06-17,CUST-002,Bottle,Blow Molding,FR-011-PET-400,WO-5449,2624231060544906,ISBM-006,4319,0.328,1416.63
SO-13414,2026-06-12,CUST-011,Bottle,Blow Molding,FR-011-PET-400,WO-5450,2624221060545007,ISBM-006,5473,0.1545,845.58
SO-13415,2026-06-12,CUST-010,Bottle,Blow Molding,FR-018-rPET-600,WO-5451,2624311060545108,ISBM-006,7426,0.3073,2282.01
SO-13416,2026-06-21,CUST-002,Bottle,Blow Molding,FR-018-HDPE-600,WO-5452,2624431060545209,ISBM-006,5281,0.1013,534.97
SO-13417,2026-06-19,CUST-014,Bottle,BLOW MOLDING,FR-018-HDPE-600,WO-5453,2624421060545310,ISBM-006,2511,0.2887,724.93
SO-13418,2026-06-21,CUST-002,Bottle,Blow Molding,FR-018-HDPE-600,WO-5454,2624531060545411,ISBM-006,7184,0.3339,2398.74
SO-13419,2026-06-21,CUST-001,Bottle,Blow Molding,FR-024-PET-1000,WO-5455,2624521060545512,ISBM-006,1864,0.1896,353.41
SO-13420,2026-06-18,CUST-006,Bottle,Blow Molding,FR-024-PET-1000,WO-5456,2624611060545613,ISBM-006,4051,0.3412,1382.2
SO-13421,2026-06-23,CUST-011,Bottle,Blow Molding,FR-028-HDPE-5000,WO-5458,2624721060545815,ISBM-006,911,0.1789,162.98
SO-13422,2026-06-17,CUST-012,Bottle,Blow Molding,FR-014-HDPE-PCR-500,WO-5459,2625111060545916,ISBM-006,4450,0.1843,820.13
SO-13423,2026-06-19,CUST-001,Bottle,Blow Molding,FR-014-HDPE-PCR-500,WO-5461,2625221060546118,ISBM-006,4469,0.1467,655.6
SO-13424,2026-06-22,CUST-013,Bottle,Blow Molding,FR-028-HDPE-5000,WO-5462,2625321060546219,ISBM-006,770,0.223,171.71
SO-13425,2026-06-26,CUST-014,Bottle,Blow Molding,FR-028-HDPE-5000,WO-5463,2625411060546320,ISBM-006,855,0.1491,127.48
SO-13426,2026-06-23,CUST-012,Bottle,Blow Molding,FR-028-HDPE-5000,WO-5464,2625511060546421,ISBM-006,534,0.1916,102.31
SO-13427,2026-06-21,CUST-006,Bottle,Blow Molding,FR-018-LDPE-600,WO-5465,2625521060546522,ISBM-006,9116,0.2888,2632.7
SO-13428,2026-06-22,CUST-003,Bottle,blow molding,FR-018-LDPE-600,WO-5466,2625621060546623,ISBM-006,4630,0.338,1564.94
SO-13429,2026-07-01,CUST-009,Bottle,Blow Molding,FR-011-PET-400,WO-5467,2625711060546724,ISBM-006,3890,0.3226,1254.91
SO-13430,2026-06-24,CUST-001,Bottle,Blow Molding,FR-011-PET-400,WO-5468,2625731060546825,ISBM-006,2215,0.2112,467.81
SO-13431,2026-07-02,CUST-013,Bottle,Blow Molding,FR-028-HDPE-5000,WO-5469,2626111060546926,ISBM-006,644,0.2622,168.86
SO-13432,2026-07-05,CUST-012,Bottle,Blow Molding,FR-028-HDPE-5000,WO-5471,2626231060547128,ISBM-006,1100,0.129,141.9
SO-13433,2026-06-29,CUST-010,Bottle,Blow Molding,FR-018-PET-600,WO-5472,2626331060547229,ISBM-006,4098,0.2709,1110.15
SO-13434,2026-07-02,CUST-006,Bottle,Blow Molding,FR-018-PET-600,WO-5473,2626421060547330,ISBM-006,5164,0.3224,1664.87
SO-13435,2026-07-05,CUST-013,Bottle,blow molding,FR-014-PP-500,WO-5474,2626531060547431,ISBM-006,4326,0.2351,1017.04
SO-13436,2026-07-02,CUST-011,Bottle,Blow Molding,FR-014-PP-500,WO-5476,2626611060547633,ISBM-006,5630,0.3121,1757.12
SO-13437,2026-07-09,CUST-011,Bottle,Blow Molding,FR-014-HDPE-500,WO-5477,2626731060547734,ISBM-006,4631,0.2955,1368.46
SO-13438,2026-06-30,CUST-012,Bottle,Blow Molding,FR-018-HDPE-PCR-600,WO-5478,2626711060547835,ISBM-006,3881,0.2574,998.97
SO-13439,2026-07-02,CUST-007,Bottle,Blow Molding,FR-018-HDPE-PCR-600,WO-5479,2627131060547936,ISBM-006,5130,0.1892,970.6
SO-13440,2026-07-11,CUST-014,Bottle,Blow Molding,FR-018-HDPE-PCR-600,WO-5480,2627121060548037,ISBM-006,9537,0.1833,1748.13
SO-13441,2026-07-10,CUST-004,Bottle,BLOW MOLDING,FR-011-PET-400,WO-5483,2627431060548340,ISBM-006,3602,0.2784,1002.8
SO-13442,2026-07-04,CUST-002,Bottle,Blow Molding,FR-011-PET-400,WO-5484,2627411060548441,ISBM-006,5017,0.1292,648.2
SO-13443,2026-07-07,CUST-013,Bottle,Blow Molding,FR-011-PET-400,WO-5485,2627531060548542,ISBM-006,6352,0.1446,918.5
SO-13444,2026-07-07,CUST-014,Bottle,Blow Molding,FR-014-HDPE-500,WO-5487,2627611060548744,ISBM-006,3336,0.235,783.96
SO-13445,2026-07-14,CUST-008,Bottle,Blow Molding,FR-014-HDPE-500,WO-5488,2627731060548845,ISBM-006,4218,0.2977,1255.7
SO-13446,2026-07-17,CUST-014,Bottle,Blow Molding,FR-028-HDPE-5000,WO-5491,2628121060549148,ISBM-006,865,0.244,211.06
SO-13447,2026-07-13,CUST-010,Bottle,Blow Molding,FR-011-PET-400,WO-5492,2628231060549249,ISBM-006,5868,0.1512,887.24
SO-13448,2026-07-16,CUST-003,Bottle,Blow Molding,FR-011-PET-400,WO-5493,2628221060549350,ISBM-006,4088,0.2462,1006.47
SO-13449,2026-07-16,CUST-011,Bottle,Blow Molding,FR-018-HDPE-PCR-600,WO-5494,2628321060549451,ISBM-006,6725,0.3355,2256.24
SO-13450,2026-07-12,CUST-002,Bottle,blow molding,FR-024-PET-1000,WO-5495,2628431060549552,ISBM-006,2109,0.1241,261.73
SO-13451,2026-07-20,CUST-008,Bottle,blow molding,FR-024-PET-1000,WO-5496,2628421060549653,ISBM-006,3604,0.2088,752.52
SO-13452,2026-07-19,CUST-008,Bottle,Blow Molding,FR-014-HDPE-500,WO-5497,2628521060549754,ISBM-006,5775,0.3343,1930.58
SO-13453,2026-07-17,CUST-005,Bottle,Blow Molding,FR-014-HDPE-500,WO-5498,2628611060549855,ISBM-006,6190,0.2869,1775.91
SO-13454,2026-07-16,CUST-004,Bottle,Blow Molding,FR-014-HDPE-500,WO-5499,2628731060549956,ISBM-006,3789,0.1318,499.39
SO-13455,2026-07-17,CUST-007,Bottle,Blow Molding,FR-014-PP-500,WO-5500,2628721060550057,ISBM-006,3501,0.2166,758.32
SO-13456,2026-07-15,CUST-002,Bottle,Blow Molding,FR-014-PP-500,WO-5501,2629111060550158,ISBM-006,1678,0.1179,197.84
SO-13457,2026-07-19,CUST-010,Bottle,Blow Molding,FR-028-HDPE-5000,WO-5502,2629121060550259,ISBM-006,402,0.1798,72.28
SO-13458,2026-07-23,CUST-009,Bottle,Blow Molding,FR-028-HDPE-5000,WO-5503,2629211060550360,ISBM-006,522,0.1639,85.56
SO-13459,2026-07-20,CUST-005,Bottle,Blow Molding,FR-028-HDPE-5000,WO-5504,2629331060550461,ISBM-006,196,0.1397,27.38
SO-13460,2026-07-19,CUST-010,Bottle,Blow Molding,FR-028-HDPE-5000,WO-5505,2629311060550562,ISBM-006,626,0.1902,119.07
SO-13461,2026-07-27,CUST-003,Bottle,Blow Molding,FR-028-HDPE-5000,WO-5506,2629431060550663,ISBM-006,419,0.2452,102.74
SO-13462,2026-07-27,CUST-010,Bottle,Blow Molding,FR-028-HDPE-5000,WO-5507,2629421060550764,ISBM-006,1608,0.1323,212.74
SO-13463,2026-07-26,CUST-012,Bottle,Blow Molding,FR-024-PET-1000,WO-5511,2630131060551168,ISBM-006,1612,0.1887,304.18
SO-13464,2026-07-23,CUST-006,Bottle,Blow Molding,FR-024-PET-1000,WO-5512,2630121060551269,ISBM-006,3645,0.2655,967.75
SO-13465,2026-07-25,CUST-001,Bottle,blow molding,FR-018-PET-600,WO-5514,2630231060551471,ISBM-006,1680,0.2979,500.47
SO-13466,2026-08-02,CUST-012,Bottle,  Blow Molding  ,FR-028-HDPE-5000,WO-5515,2630321060551572,ISBM-006,1129,0.2715,306.52
SO-13467,2026-07-24,CUST-003,Bottle,Blow Molding,FR-028-HDPE-5000,WO-5516,2630411060551673,ISBM-006,317,0.3179,100.77
SO-13468,2026-08-01,CUST-004,Bottle,Blow Molding,FR-028-HDPE-5000,WO-5517,2630531060551774,ISBM-006,274,0.118,32.33
SO-13469,2026-08-03,CUST-002,Bottle,Blow Molding,FR-028-HDPE-5000,WO-5518,2630521060551875,ISBM-006,573,0.084,48.13
SO-13470,2026-08-01,CUST-012,Bottle,Blow Molding,FR-028-HDPE-5000,WO-5519,2630621060551976,ISBM-006,965,0.1721,166.08
SO-13471,2026-08-04,CUST-007,Bottle,Blow Molding,FR-028-HDPE-5000,WO-5520,2630711060552077,ISBM-006,805,0.2065,166.23
SO-13472,2026-08-03,CUST-010,Bottle,Blow Molding,FR-018-MDPE-600,WO-5521,2631131060552178,ISBM-006,5159,0.3226,1664.29
SO-13473,2026-08-01,CUST-008,Bottle,Blow Molding,FR-028-HDPE-5000,WO-5522,2631111060552279,ISBM-006,590,0.2406,141.95
SO-13474,2026-08-03,CUST-003,Bottle,Blow Molding,FR-028-HDPE-5000,WO-5524,2631221060552481,ISBM-006,680,0.3023,205.56
SO-13475,2026-08-09,CUST-013,Bottle,Blow Molding,FR-028-HDPE-5000,WO-5525,2631311060552582,ISBM-006,1144,0.2045,233.95
SO-13476,2026-08-05,CUST-013,Bottle,Blow Molding,FR-028-HDPE-5000,WO-5526,2631411060552683,ISBM-006,744,0.0895,66.59
SO-13477,2026-08-07,CUST-014,Bottle,Blow Molding,FR-018-PP-600,WO-5528,2631611060552885,ISBM-006,5593,0.0896,501.13
SO-13478,2026-08-09,CUST-001,Bottle,Blow Molding,FR-014-PP-500,WO-5529,2631731060552986,ISBM-006,4899,0.3254,1594.13
SO-13479,2026-08-09,CUST-004,Bottle,Blow Molding,FR-014-PP-500,WO-5530,2631731060553087,ISBM-006,3745,0.2707,1013.77
SO-13480,2026-08-12,CUST-006,Bottle,Blow Molding,FR-024-PET-1000,WO-5531,2632121060553188,ISBM-006,3748,0.1713,642.03
SO-13481,2026-08-08,CUST-014,Bottle,Blow Molding,FR-011-PET-400,WO-5532,2632211060553289,ISBM-006,4053,0.2139,866.94
SO-13482,2026-08-17,CUST-011,Bottle,Blow Molding,FR-028-HDPE-5000,WO-5533,2632311060553390,ISBM-006,811,0.1203,97.56
SO-13483,2026-08-12,CUST-009,Bottle,Blow Molding,FR-028-HDPE-5000,WO-5534,2632411060553491,ISBM-006,954,0.1946,185.65
SO-13484,2026-08-16,CUST-008,Bottle,Blow Molding,FR-011-PET-400,WO-5535,2632421060553592,ISBM-006,5767,0.1653,953.29
SO-13485,2026-08-18,CUST-005,Bottle,Blow Molding,FR-011-PET-400,WO-5539,2632721060553996,ISBM-006,6969,0.178,1240.48
SO-13486,2026-08-19,CUST-010,Bottle,Blow Molding,FR-014-HDPE-500,WO-5540,2633111060554097,ISBM-006,5958,0.1899,1131.42
SO-13487,2026-08-19,CUST-001,Bottle,Blow Molding,FR-024-PET-1000,WO-5541,2633231060554198,ISBM-006,2660,0.2032,540.51
SO-13488,2026-08-19,CUST-011,Bottle,Blow Molding,FR-028-HDPE-5000,WO-5542,2633211060554299,ISBM-006,382,0.1416,54.09
SO-13489,2026-08-18,CUST-011,Bottle,Blow Molding,FR-028-HDPE-5000,WO-5543,2633331060554301,ISBM-006,958,0.1564,149.83
SO-13490,2026-08-17,CUST-007,Bottle,Blow Molding,FR-028-HDPE-5000,WO-5544,2633321060554402,ISBM-006,1474,0.1524,224.64
SO-13491,2026-08-17,CUST-009,Bottle,Blow Molding,FR-024-PET-1000,WO-5545,2633421060554503,ISBM-006,1032,0.3175,327.66
SO-13492,2026-08-16,CUST-001,Bottle,Blow Molding,FR-024-PET-1000,WO-5546,2633531060554604,ISBM-006,3739,0.1346,503.27
SO-13493,2026-08-18,CUST-012,Bottle,Blow Molding,FR-024-PET-1000,WO-5547,2633521060554705,ISBM-006,3274,0.2273,744.18
SO-13494,2026-08-21,CUST-011,Bottle,Blow Molding,FR-024-PET-1000,WO-5548,2633611060554806,ISBM-006,3696,0.3397,1255.53
SO-13495,2026-08-24,CUST-001,Bottle,Blow Molding,FR-024-PET-1000,WO-5549,2633731060554907,ISBM-006,3485,0.0893,311.21
SO-13496,2026-08-23,CUST-008,Bottle,Blow Molding,FR-014-PP-500,WO-5550,2633721060555008,ISBM-006,3052,0.3178,969.93
SO-13497,2026-08-26,CUST-004,Bottle,Blow Molding,FR-014-PP-500,WO-5551,2634111060555109,ISBM-006,4130,0.1184,488.99
SO-13498,2026-08-29,CUST-004,Bottle,Blow Molding,FR-028-HDPE-5000,WO-5552,2634121060555210,ISBM-006,544,0.3478,189.2
SO-13499,2026-08-30,CUST-006,Bottle,Blow Molding,FR-028-HDPE-5000,WO-5553,2634211060555311,ISBM-006,869,0.2234,194.13
SO-13500,2026-08-20,CUST-001,Bottle,Blow Molding,FR-028-HDPE-5000,WO-5554,2634331060555412,ISBM-006,772,0.2522,194.7
SO-13501,2026-08-24,CUST-003,Bottle,Blow Molding,FR-024-PET-1000,WO-5555,2634321060555513,ISBM-006,989,0.3251,321.52
SO-13502,2026-08-25,CUST-002,Bottle,Blow Molding,FR-028-HDPE-5000,WO-5556,2634411060555614,ISBM-006,987,0.2023,199.67
SO-13503,2026-08-23,CUST-012,Bottle,Blow Molding,FR-028-HDPE-5000,WO-5557,2634421060555715,ISBM-006,477,0.3298,157.31
SO-13504,2026-09-01,CUST-004,Bottle,Blow Molding,FR-028-HDPE-5000,WO-5558,2634511060555816,ISBM-006,649,0.2814,182.63
SO-13505,2026-08-28,CUST-012,Bottle,Blow Molding,FR-018-PETG-600,WO-5559,2634611060555917,ISBM-006,5857,0.1712,1002.72
SO-13506,2026-08-29,CUST-002,Bottle,Blow Molding,FR-028-HDPE-5000,WO-5560,2634711060556018,ISBM-006,1000,0.103,103.0
SO-13507,2026-08-31,CUST-001,Bottle,Blow Molding,FR-011-PET-400,WO-5561,2635131060556119,ISBM-006,4169,0.2436,1015.57
SO-13508,2026-08-26,CUST-006,Bottle,Blow Molding,FR-011-PET-400,WO-5562,2635121060556220,ISBM-006,5589,0.1803,1007.7
SO-13509,2026-09-02,CUST-010,Bottle,Blow Molding,FR-011-PET-400,WO-5563,2635211060556321,ISBM-006,6647,0.081,538.41
SO-13510,2026-09-04,CUST-007,Bottle,Blow Molding,FR-011-PET-400,WO-5565,2635321060556523,ISBM-006,5963,0.3369,2008.93
SO-13511,2026-08-31,CUST-003,Bottle,Blow Molding,FR-011-PET-400,WO-5566,2635411060556624,ISBM-006,3150,0.3301,1039.82
SO-13512,2026-09-01,CUST-003,Bottle,blow molding,FR-018-PP-PCR-600,WO-5567,2635421060556725,ISBM-006,4290,0.1836,787.64
SO-13513,2026-09-03,CUST-005,Bottle,Blow Molding,FR-028-HDPE-5000,WO-5569,2635631060556927,ISBM-006,837,0.1206,100.94
SO-13514,2026-09-02,CUST-003,Bottle,Blow Molding,FR-011-PET-400,WO-5570,2635731060557028,ISBM-006,4983,0.0916,456.44
SO-13515,2026-09-12,CUST-012,Bottle,Blow Molding,FR-014-HDPE-500,WO-5574,2636331060557432,ISBM-006,4634,0.1628,754.42
SO-13516,2026-09-06,CUST-003,Bottle,Blow Molding,FR-028-HDPE-5000,WO-5576,2636411060557634,ISBM-006,803,0.145,116.43
SO-13517,2026-09-09,CUST-013,Bottle,Blow Molding,FR-028-HDPE-5000,WO-5577,2636511060557735,ISBM-006,431,0.2386,102.84
SO-13518,2026-09-11,CUST-007,Bottle,Blow Molding,FR-024-PET-1000,WO-5578,2636521060557836,ISBM-006,1258,0.1589,199.9
SO-13519,2026-09-11,CUST-011,Bottle,Blow Molding,FR-018-rPET-600,WO-5579,2636611060557937,ISBM-006,6487,0.346,2244.5
SO-13520,2026-09-12,CUST-012,Bottle,Blow Molding,FR-028-HDPE-5000,WO-5580,2636731060558038,ISBM-006,647,0.2476,160.2
SO-13521,2026-09-17,CUST-004,Bottle,Blow Molding,FR-028-HDPE-5000,WO-5581,2637131060558139,ISBM-006,544,0.1452,78.99
SO-13522,2026-09-10,CUST-008,Bottle,Blow Molding,FR-011-PET-400,WO-5582,2637121060558240,ISBM-006,5923,0.1946,1152.62
SO-13523,2026-09-10,CUST-005,Bottle,Blow Molding,FR-014-PETG-500,WO-5583,2637231060558341,ISBM-006,3057,0.2162,660.92
SO-13524,2026-09-15,CUST-010,Bottle,Blow Molding,FR-014-PETG-500,WO-5584,2637221060558442,ISBM-006,4293,0.2696,1157.39
SO-13525,2026-09-16,CUST-006,Bottle,Blow Molding,FR-014-PETG-500,WO-5585,2637311060558543,ISBM-006,7977,0.2128,1697.51
SO-13526,2026-09-18,CUST-001,Bottle,blow molding,FR-024-PET-1000,WO-5586,2637411060558644,ISBM-006,2195,0.1308,287.11
SO-13527,2026-09-15,CUST-003,Bottle,Blow Molding,FR-011-PET-400,WO-5589,2637611060558947,ISBM-006,3828,0.2729,1044.66
SO-13528,2026-09-23,CUST-008,Bottle,Blow Molding,FR-011-PET-400,WO-5590,2637631060559048,ISBM-006,2673,0.1935,517.23
SO-13529,2026-09-18,CUST-006,Bottle,Blow Molding,FR-011-PET-400,WO-5591,2637721060559149,ISBM-006,4240,0.2438,1033.71
SO-13530,2026-09-24,CUST-001,Bottle,Blow Molding,FR-011-PET-400,WO-5592,2638111060559250,ISBM-006,3662,0.1922,703.84
SO-13531,2026-09-21,CUST-009,Bottle,Blow Molding,FR-011-PET-400,WO-5593,2638131060559351,ISBM-006,10346,0.3423,3541.44
SO-13532,2026-09-18,CUST-012,Bottle,Blow Molding,FR-011-PET-400,WO-5594,2638221060559452,ISBM-006,3275,0.1692,554.13
SO-13533,2026-09-26,CUST-009,Bottle,Blow Molding,FR-024-PET-1000,WO-5595,2638311060559553,ISBM-006,4081,0.1824,744.37
SO-13534,2026-09-20,CUST-006,Bottle,Blow Molding,FR-028-HDPE-5000,WO-5597,2638421060559755,ISBM-006,1154,0.266,306.96
SO-13535,2026-09-26,CUST-003,Bottle,Blow Molding,FR-028-HDPE-5000,WO-5598,2638511060559856,ISBM-006,168,0.2666,44.79
SO-13536,2026-09-24,CUST-010,Bottle,Blow Molding,FR-028-HDPE-5000,WO-5599,2638631060559957,ISBM-006,801,0.1938,155.23
SO-13537,2026-09-22,CUST-010,Bottle,Blow Molding,FR-024-PET-1000,WO-5600,2638621060560058,ISBM-006,318,0.2324,73.9
SO-13538,2026-10-02,CUST-002,Bottle,Blow Molding,FR-028-HDPE-5000,WO-5603,2639231060560361,ISBM-006,714,0.3,214.2
SO-13539,2026-09-27,CUST-012,Bottle,Blow Molding,FR-028-HDPE-5000,WO-5604,2639211060560462,ISBM-006,658,0.1624,106.86
SO-13540,2026-10-04,CUST-008,Bottle,Blow Molding,FR-011-PET-400,WO-5605,2639311060560563,ISBM-006,8892,0.1114,990.57
SO-13541,2026-09-27,CUST-013,Bottle,Blow Molding,FR-011-PET-400,WO-5607,2639411060560765,ISBM-006,9031,0.1501,1355.55
SO-13542,2026-09-27,CUST-006,Bottle,Blow Molding,FR-024-PET-1000,WO-5608,2639511060560866,ISBM-006,2127,0.313,665.75
SO-13543,2026-09-28,CUST-014,Bottle,  Blow Molding  ,FR-024-PET-1000,WO-5609,2639631060560967,ISBM-006,2216,0.2877,637.54
SO-13544,2026-10-06,CUST-011,Bottle,Blow Molding,FR-011-PET-400,WO-5610,2639621060561068,ISBM-006,5126,0.1357,695.6
SO-13545,2026-09-30,CUST-002,Bottle,Blow Molding,FR-011-PET-400,WO-5611,2639711060561169,ISBM-006,2807,0.1271,356.77
SO-13546,2026-10-03,CUST-014,Bottle,Blow Molding,FR-018-rPET-600,WO-5612,2640131060561270,ISBM-006,3110,0.2002,622.62
SO-13547,2026-10-01,CUST-011,Bottle,  Blow Molding  ,FR-018-rPET-600,WO-5613,2640121060561371,ISBM-006,5934,0.3411,2024.09
SO-13548,2026-10-05,CUST-008,Bottle,Blow Molding,FR-018-rPET-600,WO-5614,2640211060561472,ISBM-006,3909,0.1661,649.28
SO-13549,2026-10-08,CUST-006,Bottle,Blow Molding,FR-011-PET-400,WO-5615,2640231060561573,ISBM-006,3541,0.2691,952.88
SO-13550,2026-10-02,CUST-006,Bottle,Blow Molding,FR-018-LDPE-600,WO-5616,2640321060561674,ISBM-006,6300,0.2116,1333.08
SO-13551,2026-10-10,CUST-003,Bottle,Blow Molding,FR-018-LDPE-600,WO-5617,2640431060561775,ISBM-006,8206,0.1712,1404.87
SO-13552,2026-10-07,CUST-012,Bottle,Blow Molding,FR-014-rPET-500,WO-5618,2640431060561876,ISBM-006,5377,0.1987,1068.41
SO-13553,2026-10-14,CUST-013,Bottle,Blow Molding,FR-014-rPET-500,WO-5619,2640521060561977,ISBM-006,4758,0.3122,1485.45
SO-13554,2026-10-10,CUST-005,Bottle,Blow Molding,FR-014-rPET-500,WO-5620,2640611060562078,ISBM-006,2029,0.1883,382.06
SO-13555,2026-10-07,CUST-006,Bottle,Blow Molding,FR-024-PET-1000,WO-5621,2640621060562179,ISBM-006,2420,0.0963,233.05
SO-13556,2026-10-14,CUST-004,Bottle,Blow Molding,FR-024-PET-1000,WO-5622,2640711060562280,ISBM-006,3758,0.1855,697.11
SO-13557,2026-10-16,CUST-013,Bottle,Blow Molding,FR-024-PET-1000,WO-5623,2641131060562381,ISBM-006,1306,0.2499,326.37
SO-13558,2026-10-15,CUST-008,Bottle,Blow Molding,FR-014-PP-PCR-500,WO-5624,2641121060562482,ISBM-006,5024,0.1949,979.18
SO-13559,2026-10-15,CUST-007,Bottle,Blow Molding,FR-014-PP-PCR-500,WO-5625,2641211060562583,ISBM-006,5400,0.3441,1858.14
SO-13560,2026-10-15,CUST-004,Bottle,Blow Molding,FR-014-PP-PCR-500,WO-5626,2641331060562684,ISBM-006,4191,0.1642,688.16
SO-13561,2026-10-14,CUST-007,Bottle,Blow Molding,FR-014-HDPE-PCR-500,WO-5631,2641621060563189,ISBM-006,1942,0.2208,428.79
SO-13562,2026-10-13,CUST-007,Bottle,Blow Molding,FR-014-HDPE-PCR-500,WO-5632,2641711060563290,ISBM-006,4186,0.2267,948.97
SO-13563,2026-10-23,CUST-001,Bottle,Blow Molding,FR-014-HDPE-PCR-500,WO-5633,2642131060563391,ISBM-006,5109,0.3128,1598.1
SO-13564,2026-10-15,CUST-004,Bottle,Blow Molding,FR-014-PP-PCR-500,WO-5634,2642111060563492,ISBM-006,2133,0.1019,217.35
SO-13565,2026-10-20,CUST-006,Bottle,Blow Molding,FR-011-PET-400,WO-5635,2642131060563593,ISBM-006,4704,0.2406,1131.78
SO-13566,2026-10-19,CUST-010,Bottle,Blow Molding,FR-011-PET-400,WO-5636,2642211060563694,ISBM-006,3634,0.1774,644.67
SO-13567,2026-10-24,CUST-005,Bottle,Blow Molding,FR-014-HDPE-PCR-500,WO-5637,2642311060563795,ISBM-006,5928,0.2195,1301.2
SO-13568,2026-10-16,CUST-003,Bottle,Blow Molding,FR-014-HDPE-PCR-500,WO-5638,2642331060563896,ISBM-006,8170,0.3046,2488.58
SO-13569,2026-10-27,CUST-006,Bottle,Blow Molding,FR-028-HDPE-5000,WO-5639,2642421060563997,ISBM-006,367,0.1996,73.25
SO-13570,2026-10-27,CUST-014,Bottle,Blow Molding,FR-028-HDPE-5000,WO-5640,2642521060564098,ISBM-006,669,0.2987,199.83
SO-13571,2026-10-23,CUST-012,Bottle,Blow Molding,FR-028-HDPE-5000,WO-5641,2642611060564199,ISBM-006,829,0.233,193.16
SO-13572,2026-10-24,CUST-006,Bottle,Blow Molding,FR-024-PET-1000,WO-5643,2642721060564302,ISBM-006,2182,0.2006,437.71
SO-13573,2026-10-28,CUST-005,Bottle,Blow Molding,FR-024-PET-1000,WO-5644,2643111060564403,ISBM-006,2823,0.2544,718.17
SO-13574,2026-10-21,CUST-013,Bottle,Blow Molding,FR-024-PET-1000,WO-5645,2643121060564504,ISBM-006,2813,0.1961,551.63
SO-13575,2026-10-29,CUST-013,Bottle,Blow Molding,FR-018-HDPE-600,WO-5646,2643221060564605,ISBM-006,4754,0.3191,1517.0
SO-13576,2026-10-26,CUST-008,Bottle,Blow Molding,FR-018-HDPE-600,WO-5647,2643311060564706,ISBM-006,4652,0.1295,602.43
SO-13577,2026-10-30,CUST-009,Bottle,Blow Molding,FR-014-HDPE-500,WO-5648,2643411060564807,ISBM-006,6121,0.1394,853.27
SO-13578,2026-11-02,CUST-008,Bottle,Blow Molding,FR-028-HDPE-5000,WO-5649,2643531060564908,ISBM-006,497,0.2158,107.25
SO-13579,2026-10-27,CUST-008,Bottle,Blow Molding,FR-028-HDPE-5000,WO-5650,2643511060565009,ISBM-006,728,0.0966,70.32
SO-13580,2026-10-30,CUST-010,Bottle,Blow Molding,FR-018-rPET-600,WO-5651,2643631060565110,ISBM-006,3095,0.3446,1066.54
SO-13581,2026-10-29,CUST-014,Bottle,Blow Molding,FR-018-rPET-600,WO-5652,2643611060565211,ISBM-006,3597,0.1886,678.39
SO-13582,2026-11-01,CUST-005,Bottle,Blow Molding,FR-018-rPET-600,WO-5653,2643731060565312,ISBM-006,5700,0.2831,1613.67
SO-13583,2026-10-28,CUST-002,Bottle,Blow Molding,FR-011-PET-400,WO-5654,2643731060565413,ISBM-006,4077,0.2901,1182.74
SO-13584,2026-11-05,CUST-010,Bottle,Blow Molding,FR-011-PET-400,WO-5655,2644111060565514,ISBM-006,3280,0.0907,297.5
SO-13585,2026-11-05,CUST-001,Bottle,Blow Molding,FR-011-PET-400,WO-5656,2644131060565615,ISBM-006,5089,0.1693,861.57
SO-13586,2026-10-30,CUST-004,Bottle,Blow Molding,FR-011-PET-400,WO-5657,2644211060565716,ISBM-006,3652,0.295,1077.34
SO-13587,2026-11-08,CUST-002,Bottle,Blow Molding,FR-011-PET-400,WO-5658,2644231060565817,ISBM-006,5068,0.0982,497.68
SO-13588,2026-11-08,CUST-008,Bottle,Blow Molding,FR-018-PP-600,WO-5659,2644321060565918,ISBM-006,5924,0.2431,1440.12
SO-13589,2026-10-31,CUST-003,Bottle,Blow Molding,FR-018-PP-600,WO-5660,2644421060566019,ISBM-006,2492,0.2895,721.43
SO-13590,2026-11-09,CUST-003,Bottle,Blow Molding,FR-011-PET-400,WO-5663,2644621060566322,ISBM-006,3280,0.159,521.52
SO-13591,2026-11-11,CUST-011,Bottle,Blow Molding,FR-028-HDPE-5000,WO-5667,2645211060566726,ISBM-006,408,0.1197,48.84
SO-13592,2026-11-14,CUST-011,Bottle,Blow Molding,FR-028-HDPE-5000,WO-5668,2645331060566827,ISBM-006,562,0.2593,145.73
SO-13593,2026-11-14,CUST-004,Bottle,blow molding,FR-014-rPET-500,WO-5671,2645431060567130,ISBM-006,5920,0.2242,1327.26
SO-13594,2026-11-17,CUST-009,Bottle,Blow Molding,FR-014-rPET-500,WO-5672,2645521060567231,ISBM-006,3051,0.2582,787.77
SO-13595,2026-11-11,CUST-012,Bottle,Blow Molding,FR-011-PET-400,WO-5673,2645621060567332,ISBM-006,2217,0.3025,670.64
SO-13596,2026-11-15,CUST-003,Bottle,Blow Molding,FR-011-PET-400,WO-5675,2646131060567534,ISBM-006,5098,0.2895,1475.87
SO-13597,2026-11-21,CUST-014,Bottle,Blow Molding,FR-024-PET-1000,WO-5678,2646331060567837,ISBM-006,3618,0.3343,1209.5
SO-13598,2026-11-23,CUST-005,Bottle,Blow Molding,FR-024-PET-1000,WO-5679,2646321060567938,ISBM-006,1793,0.2385,427.63
SO-13599,2026-11-17,CUST-014,Bottle,Blow Molding,FR-011-PET-400,WO-5680,2646411060568039,ISBM-006,5973,0.3369,2012.3
SO-13600,2026-11-24,CUST-008,Bottle,Blow Molding,FR-011-PET-400,WO-5681,2646421060568140,ISBM-006,4458,0.1039,463.19
SO-13601,2026-11-23,CUST-007,Bottle,Blow Molding,FR-014-HDPE-PCR-500,WO-5682,2646511060568241,ISBM-006,3828,0.2777,1063.04
SO-13602,2026-11-16,CUST-001,Bottle,Blow Molding,FR-018-HDPE-600,WO-5684,2646621060568443,ISBM-006,2600,0.2568,667.68
SO-13603,2026-11-23,CUST-004,Bottle,Blow Molding,FR-018-HDPE-600,WO-5685,2646731060568544,ISBM-006,5760,0.266,1532.16
SO-13604,2026-11-22,CUST-013,Bottle,Blow Molding,FR-024-PET-1000,WO-5686,2646721060568645,ISBM-006,1416,0.2841,402.29
SO-13605,2026-11-27,CUST-001,Bottle,Blow Molding,FR-014-HDPE-PCR-500,WO-5687,2647121060568746,ISBM-006,2045,0.0932,190.59
SO-13606,2026-11-18,CUST-009,Bottle,Blow Molding,FR-024-PET-1000,WO-5688,2647231060568847,ISBM-006,1934,0.2055,397.44
SO-13607,2026-11-25,CUST-009,Bottle,blow molding,FR-024-PET-1000,WO-5689,2647221060568948,ISBM-006,2705,0.3125,845.31
SO-13608,2026-11-26,CUST-011,Bottle,Blow Molding,FR-024-PET-1000,WO-5690,2647311060569049,ISBM-006,1557,0.2668,415.41
SO-13609,2026-11-29,CUST-009,Bottle,Blow Molding,FR-011-PET-400,WO-5691,2647431060569150,ISBM-006,7538,0.2911,2194.31
SO-13610,2026-11-30,CUST-006,Bottle,Blow Molding,FR-011-PET-400,WO-5692,2647531060569251,ISBM-006,8011,0.1116,894.03
SO-13611,2026-12-02,CUST-014,Bottle,Blow Molding,FR-028-HDPE-5000,WO-5693,2647631060569352,ISBM-006,1059,0.3461,366.52
SO-13612,2026-11-30,CUST-006,Bottle,Blow Molding,FR-014-HDPE-PCR-500,WO-5694,2647731060569453,ISBM-006,3684,0.2468,909.21
SO-13613,2026-11-27,CUST-013,Bottle,Blow Molding,FR-014-PETG-500,WO-5695,2648131060569554,ISBM-006,5785,0.0899,520.07
SO-13614,2026-11-30,CUST-005,Bottle,Blow Molding,FR-028-HDPE-5000,WO-5696,2648121060569655,ISBM-006,516,0.1301,67.13
SO-13615,2026-11-26,CUST-008,Bottle,Blow Molding,FR-014-HDPE-500,WO-5697,2648211060569756,ISBM-006,4084,0.0818,334.07
SO-13616,2026-12-01,CUST-011,Bottle,Blow Molding,FR-024-PET-1000,WO-5698,2648331060569857,ISBM-006,2387,0.0859,205.04
SO-13617,2026-12-06,CUST-006,Bottle,Blow Molding,FR-024-PET-1000,WO-5699,2648321060569958,ISBM-006,3986,0.2129,848.62
SO-13618,2026-12-05,CUST-014,Bottle,Blow Molding,FR-014-PETG-500,WO-5700,2648421060570059,ISBM-006,3311,0.1994,660.21
SO-13619,2026-11-28,CUST-002,Bottle,Blow Molding,FR-028-HDPE-5000,WO-5701,2648531060570160,ISBM-006,603,0.1324,79.84
SO-13620,2026-12-10,CUST-011,Bottle,Blow Molding,FR-011-PET-400,WO-5703,2648621060570362,ISBM-006,5858,0.2036,1192.69
SO-13621,2026-12-06,CUST-004,Bottle,Blow Molding,FR-011-PET-400,WO-5704,2648721060570463,ISBM-006,4935,0.1419,700.28
SO-13622,2026-12-01,CUST-006,Bottle,BLOW MOLDING,FR-011-PET-400,WO-5705,2649131060570564,ISBM-006,8069,0.3125,2521.56
SO-13623,2026-12-03,CUST-014,Bottle,Blow Molding,FR-011-PET-400,WO-5706,2649121060570665,ISBM-006,4338,0.2609,1131.78
SO-13624,2026-12-09,CUST-005,Bottle,Blow Molding,FR-011-PET-400,WO-5707,2649211060570766,ISBM-006,3389,0.2927,991.96
SO-13625,2026-12-08,CUST-007,Bottle,Blow Molding,FR-011-PET-400,WO-5708,2649331060570867,ISBM-006,8179,0.1998,1634.16
SO-13626,2026-12-11,CUST-008,Bottle,Blow Molding,FR-024-PET-1000,WO-5709,2649331060570968,ISBM-006,2514,0.0959,241.09
SO-13627,2026-12-08,CUST-009,Bottle,Blow Molding,FR-011-PET-400,WO-5710,2649421060571069,ISBM-006,5509,0.0824,453.94
SO-13628,2026-12-15,CUST-008,Bottle,Blow Molding,FR-011-PET-400,WO-5711,2649511060571170,ISBM-006,5570,0.162,902.34
SO-13629,2026-12-07,CUST-009,Bottle,Blow Molding,FR-011-PET-400,WO-5712,2649611060571271,ISBM-006,3858,0.2238,863.42
SO-13630,2026-12-16,CUST-012,Bottle,blow molding,FR-014-PP-PCR-500,WO-5715,2650111060571574,ISBM-006,3594,0.0917,329.57
SO-13631,2026-12-20,CUST-003,Bottle,Blow Molding,FR-014-PP-PCR-500,WO-5717,2650211060571776,ISBM-006,4211,0.2927,1232.56
SO-13632,2026-12-21,CUST-005,Bottle,Blow Molding,FR-014-PP-500,WO-5719,2650321060571978,ISBM-006,6192,0.1048,648.92
SO-13633,2026-12-17,CUST-010,Bottle,Blow Molding,FR-018-PETG-600,WO-5720,2650431060572079,ISBM-006,6572,0.296,1945.31
SO-13634,2026-12-18,CUST-007,Bottle,Blow Molding,FR-018-PETG-600,WO-5721,2650531060572180,ISBM-006,5049,0.2455,1239.53
SO-13635,2026-12-16,CUST-013,Bottle,Blow Molding,FR-018-PETG-600,WO-5722,2650511060572281,ISBM-006,4171,0.3348,1396.45
SO-13636,2026-12-28,CUST-001,Bottle,Blow Molding,FR-011-PET-400,WO-5728,2651311060572887,ISBM-006,8230,0.1258,1035.33
SO-13637,2026-12-22,CUST-013,Bottle,BLOW MOLDING,FR-028-HDPE-5000,WO-5729,2651411060572988,ISBM-006,1053,0.1756,184.91
SO-13638,2026-12-26,CUST-007,Bottle,Blow Molding,FR-028-HDPE-5000,WO-5730,2651431060573089,ISBM-006,404,0.1645,66.46
SO-13639,2026-12-20,CUST-001,Bottle,blow molding,FR-028-HDPE-5000,WO-5731,2651511060573190,ISBM-006,694,0.163,113.12
SO-13640,2026-12-30,CUST-003,Bottle,Blow Molding,FR-024-PET-1000,WO-5732,2651611060573291,ISBM-006,3703,0.2047,758.0
SO-13641,2026-12-22,CUST-014,Bottle,Blow Molding,FR-011-PET-400,WO-5733,2651731060573392,ISBM-006,3725,0.2553,950.99
SO-13642,2026-12-25,CUST-013,Bottle,Blow Molding,FR-018-LDPE-600,WO-5736,2652231060573695,ISBM-006,6037,0.2523,1523.14
SO-13643,2026-12-24,CUST-009,Bottle,Blow Molding,FR-028-HDPE-5000,WO-5737,2652221060573796,ISBM-006,1103,0.27,297.81
SO-13644,2026-12-30,CUST-009,Bottle,Blow Molding,FR-028-HDPE-5000,WO-5738,2652321060573897,ISBM-006,1047,0.3117,326.35
SO-13645,2026-12-26,CUST-012,Bottle,Blow Molding,FR-011-PET-400,WO-5740,2652531060574099,ISBM-006,6489,0.2801,1817.57
SO-13646,2025-07-10,CUST-008,Bottle,Blow Molding,FR-015-PETG-500,WO-5748,2527231070574801,ISBM-007,5227,0.3023,1580.12
SO-13647,2025-07-04,CUST-009,Bottle,Blow Molding,FR-015-PETG-500,WO-5749,2527221070574902,ISBM-007,2252,0.1466,330.14
SO-13648,2025-07-08,CUST-004,Bottle,Blow Molding,FR-015-PETG-500,WO-5750,2527311070575003,ISBM-007,4222,0.2945,1243.38
SO-13649,2025-07-11,CUST-008,Bottle,Blow Molding,FR-002-HDPE-PCR-300,WO-5751,2527411070575104,ISBM-007,4779,0.3416,1632.51
SO-13650,2025-07-14,CUST-003,Bottle,Blow Molding,FR-002-HDPE-PCR-300,WO-5752,2527421070575205,ISBM-007,6052,0.2377,1438.56
SO-13651,2025-07-15,CUST-003,Bottle,Blow Molding,FR-017-HDPE-PCR-600,WO-5753,2527511070575306,ISBM-007,5391,0.2013,1085.21
SO-13652,2025-07-07,CUST-011,Bottle,Blow Molding,FR-020-HDPE-750,WO-5754,2527631070575407,ISBM-007,2146,0.3023,648.74
SO-13653,2025-07-11,CUST-002,Bottle,Blow Molding,FR-020-HDPE-750,WO-5755,2527611070575508,ISBM-007,1279,0.0877,112.17
SO-13654,2025-07-10,CUST-004,Bottle,Blow Molding,FR-002-HDPE-PCR-300,WO-5756,2527711070575609,ISBM-007,4676,0.0919,429.72
SO-13655,2025-07-14,CUST-003,Bottle,Blow Molding,FR-017-HDPE-PCR-600,WO-5758,2528121070575811,ISBM-007,6052,0.3091,1870.67
SO-13656,2025-07-14,CUST-013,Bottle,Blow Molding,FR-002-HDPE-PCR-300,WO-5760,2528331070576013,ISBM-007,3068,0.1649,505.91
SO-13657,2025-07-19,CUST-002,Bottle,Blow Molding,FR-002-HDPE-PCR-300,WO-5761,2528321070576114,ISBM-007,4957,0.3245,1608.55
SO-13658,2025-07-21,CUST-001,Bottle,Blow Molding,FR-002-HDPE-PCR-300,WO-5762,2528411070576215,ISBM-007,7806,0.3375,2634.53
SO-13659,2025-07-16,CUST-001,Bottle,Blow Molding,FR-015-HDPE-PCR-500,WO-5763,2528511070576316,ISBM-007,4716,0.0917,432.46
SO-13660,2025-07-21,CUST-013,Bottle,Blow Molding,FR-015-HDPE-PCR-500,WO-5764,2528631070576417,ISBM-007,3186,0.2126,677.34
SO-13661,2025-07-18,CUST-010,Bottle,Blow Molding,FR-017-PP-600,WO-5766,2528721070576619,ISBM-007,6153,0.172,1058.32
SO-13662,2025-07-23,CUST-013,Bottle,Blow Molding,FR-015-HDPE-PCR-500,WO-5769,2529221070576922,ISBM-007,2286,0.213,486.92
SO-13663,2025-07-25,CUST-004,Bottle,Blow Molding,FR-015-HDPE-PCR-500,WO-5770,2529311070577023,ISBM-007,1606,0.2603,418.04
SO-13664,2025-07-28,CUST-014,Bottle,Blow Molding,FR-017-rPET-600,WO-5771,2529321070577124,ISBM-007,1788,0.3317,593.08
SO-13665,2025-07-26,CUST-002,Bottle,Blow Molding,FR-017-HDPE-600,WO-5772,2529411070577225,ISBM-007,4432,0.2417,1071.21
SO-13666,2025-07-22,CUST-009,Bottle,blow molding,FR-017-HDPE-600,WO-5773,2529511070577326,ISBM-007,10280,0.1912,1965.54
SO-13667,2025-07-28,CUST-014,Bottle,Blow Molding,FR-017-HDPE-600,WO-5774,2529631070577427,ISBM-007,7418,0.0828,614.21
SO-13668,2025-07-24,CUST-003,Bottle,Blow Molding,FR-015-HDPE-PCR-500,WO-5776,2529711070577629,ISBM-007,3920,0.1883,738.14
SO-13669,2025-08-03,CUST-013,Bottle,Blow Molding,FR-015-HDPE-500,WO-5780,2530331070578033,ISBM-007,2439,0.1954,476.58
SO-13670,2025-07-31,CUST-006,Bottle,  Blow Molding  ,FR-020-rPET-750,WO-5781,2530321070578134,ISBM-007,4772,0.16,763.52
SO-13671,2025-07-28,CUST-002,Bottle,blow molding,FR-020-rPET-750,WO-5783,2530531070578336,ISBM-007,2630,0.1917,504.17
SO-13672,2025-07-27,CUST-006,Bottle,Blow Molding,FR-002-HDPE-PCR-300,WO-5784,2530631070578437,ISBM-007,5736,0.2686,1540.69
SO-13673,2025-08-01,CUST-010,Bottle,  Blow Molding  ,FR-020-PP-750,WO-5785,2530621070578538,ISBM-007,2926,0.1753,512.93
SO-13674,2025-07-30,CUST-006,Bottle,  Blow Molding  ,FR-020-rPET-750,WO-5786,2530711070578639,ISBM-007,3810,0.2427,924.69
SO-13675,2025-08-06,CUST-009,Bottle,Blow Molding,FR-020-rPET-750,WO-5787,2531131070578740,ISBM-007,3286,0.1851,608.24
SO-13676,2025-08-07,CUST-011,Bottle,Blow Molding,FR-015-HDPE-500,WO-5788,2531121070578841,ISBM-007,2909,0.167,485.8
SO-13677,2025-07-31,CUST-003,Bottle,Blow Molding,FR-015-HDPE-500,WO-5789,2531211070578942,ISBM-007,2951,0.1935,571.02
SO-13678,2025-08-08,CUST-008,Bottle,Blow Molding,FR-002-HDPE-PCR-300,WO-5790,2531331070579043,ISBM-007,2638,0.1848,487.5
SO-13679,2025-08-08,CUST-012,Bottle,Blow Molding,FR-017-rPET-600,WO-5791,2531321070579144,ISBM-007,6786,0.289,1961.15
SO-13680,2025-08-11,CUST-008,Bottle,blow molding,FR-020-PP-PCR-750,WO-5793,2531511070579346,ISBM-007,4241,0.2597,1101.39
SO-13681,2025-08-11,CUST-008,Bottle,Blow Molding,FR-020-HDPE-750,WO-5795,2531621070579548,ISBM-007,5844,0.1002,585.57
SO-13682,2025-08-10,CUST-009,Bottle,Blow Molding,FR-020-PP-750,WO-5798,2532211070579851,ISBM-007,4802,0.1071,514.29
SO-13683,2025-08-11,CUST-004,Bottle,Blow Molding,FR-020-PP-750,WO-5799,2532311070579952,ISBM-007,4751,0.3295,1565.45
SO-13684,2025-08-12,CUST-006,Bottle,Blow Molding,FR-002-HDPE-PCR-300,WO-5800,2532331070580053,ISBM-007,2887,0.2424,699.81
SO-13685,2025-08-12,CUST-005,Bottle,Blow Molding,FR-002-HDPE-PCR-300,WO-5801,2532411070580154,ISBM-007,3117,0.1843,574.46
SO-13686,2025-08-15,CUST-005,Bottle,Blow Molding,FR-002-HDPE-PCR-300,WO-5802,2532531070580255,ISBM-007,2707,0.1977,535.17
SO-13687,2025-08-16,CUST-003,Bottle,Blow Molding,FR-015-PETG-500,WO-5803,2532521070580356,ISBM-007,2241,0.2048,458.96
SO-13688,2025-08-17,CUST-007,Bottle,Blow Molding,FR-020-HDPE-PCR-750,WO-5804,2532611070580457,ISBM-007,5900,0.1195,705.05
SO-13689,2025-08-20,CUST-014,Bottle,Blow Molding,FR-020-HDPE-PCR-750,WO-5806,2532731070580659,ISBM-007,7521,0.1408,1058.96
SO-13690,2025-08-20,CUST-010,Bottle,Blow Molding,FR-020-PP-750,WO-5807,2533121070580760,ISBM-007,2856,0.11,314.16
SO-13691,2025-08-17,CUST-009,Bottle,Blow Molding,FR-020-PP-750,WO-5808,2533231070580861,ISBM-007,2807,0.1713,480.84
SO-13692,2025-08-19,CUST-012,Bottle,Blow Molding,FR-017-rPET-600,WO-5810,2533331070581063,ISBM-007,7015,0.0991,695.19
SO-13693,2025-08-19,CUST-004,Bottle,Blow Molding,FR-015-HDPE-500,WO-5811,2533331070581164,ISBM-007,6073,0.1182,717.83
SO-13694,2025-08-21,CUST-009,Bottle,Blow Molding,FR-015-HDPE-500,WO-5812,2533421070581265,ISBM-007,5192,0.2362,1226.35
SO-13695,2025-08-22,CUST-010,Bottle,Blow Molding,FR-015-HDPE-500,WO-5813,2533511070581366,ISBM-007,6562,0.1012,664.07
SO-13696,2025-08-20,CUST-009,Bottle,Blow Molding,FR-020-PET-750,WO-5814,2533631070581467,ISBM-007,1601,0.2242,358.94
SO-13697,2025-08-18,CUST-008,Bottle,Blow Molding,FR-020-PET-750,WO-5815,2533621070581568,ISBM-007,4733,0.2026,958.91
SO-13698,2025-08-22,CUST-014,Bottle,Blow Molding,FR-017-HDPE-600,WO-5817,2534131070581770,ISBM-007,3312,0.3387,1121.77
SO-13699,2025-08-25,CUST-002,Bottle,Blow Molding,FR-017-HDPE-600,WO-5818,2534121070581871,ISBM-007,3634,0.2151,781.67
SO-13700,2025-08-28,CUST-010,Bottle,Blow Molding,FR-017-HDPE-600,WO-5820,2534331070582073,ISBM-007,6528,0.2117,1381.98
SO-13701,2025-08-25,CUST-013,Bottle,Blow Molding,FR-020-HDPE-PCR-750,WO-5821,2534321070582174,ISBM-007,3203,0.2946,943.6
SO-13702,2025-08-27,CUST-010,Bottle,Blow Molding,FR-020-HDPE-PCR-750,WO-5822,2534411070582275,ISBM-007,5854,0.2299,1345.83
SO-13703,2025-08-25,CUST-003,Bottle,Blow Molding,FR-020-HDPE-PCR-750,WO-5823,2534531070582376,ISBM-007,1231,0.1207,148.58
SO-13704,2025-08-25,CUST-013,Bottle,Blow Molding,FR-020-PP-PCR-750,WO-5824,2534521070582477,ISBM-007,1880,0.1652,310.58
SO-13705,2025-09-04,CUST-007,Bottle,BLOW MOLDING,FR-002-HDPE-PCR-300,WO-5825,2534611070582578,ISBM-007,3657,0.2744,1003.48
SO-13706,2025-09-05,CUST-001,Bottle,  Blow Molding  ,FR-002-HDPE-PCR-300,WO-5826,2534711070582679,ISBM-007,6153,0.3374,2076.02
SO-13707,2025-08-27,CUST-005,Bottle,Blow Molding,FR-002-HDPE-PCR-300,WO-5827,2535131070582780,ISBM-007,5560,0.0977,543.21
SO-13708,2025-08-27,CUST-002,Bottle,Blow Molding,FR-002-HDPE-PCR-300,WO-5828,2535111070582881,ISBM-007,2870,0.1708,490.2
SO-13709,2025-09-04,CUST-005,Bottle,Blow Molding,FR-017-HDPE-600,WO-5829,2535231070582982,ISBM-007,6192,0.2621,1622.92
SO-13710,2025-08-29,CUST-009,Bottle,Blow Molding,FR-002-HDPE-PCR-300,WO-5831,2535311070583184,ISBM-007,10082,0.2162,2179.73
SO-13711,2025-09-02,CUST-003,Bottle,Blow Molding,FR-002-HDPE-PCR-300,WO-5832,2535431070583285,ISBM-007,2296,0.246,564.82
SO-13712,2025-09-06,CUST-010,Bottle,Blow Molding,FR-002-HDPE-PCR-300,WO-5833,2535531070583386,ISBM-007,3569,0.2047,730.57
SO-13713,2025-09-07,CUST-003,Bottle,BLOW MOLDING,FR-002-HDPE-PCR-300,WO-5835,2535631070583588,ISBM-007,2904,0.2071,601.42
SO-13714,2025-09-07,CUST-003,Bottle,Blow Molding,FR-015-rPET-500,WO-5836,2535621070583689,ISBM-007,4783,0.252,1205.32
SO-13715,2025-09-11,CUST-014,Bottle,Blow Molding,FR-017-rPET-600,WO-5837,2535721070583790,ISBM-007,7464,0.114,850.9
SO-13716,2025-09-04,CUST-003,Bottle,Blow Molding,FR-017-rPET-600,WO-5838,2536111070583891,ISBM-007,2430,0.1209,293.79
SO-13717,2025-09-04,CUST-010,Bottle,Blow Molding,FR-002-HDPE-PCR-300,WO-5839,2536211070583992,ISBM-007,4729,0.312,1475.45
SO-13718,2025-09-07,CUST-004,Bottle,Blow Molding,FR-002-HDPE-PCR-300,WO-5840,2536331070584093,ISBM-007,2747,0.2453,673.84
SO-13719,2025-09-10,CUST-004,Bottle,Blow Molding,FR-015-HDPE-PCR-500,WO-5842,2536411070584295,ISBM-007,3742,0.1675,626.79
SO-13720,2025-09-15,CUST-013,Bottle,Blow Molding,FR-015-HDPE-PCR-500,WO-5843,2536531070584396,ISBM-007,4382,0.1552,680.09
SO-13721,2025-09-16,CUST-003,Bottle,Blow Molding,FR-017-PP-PCR-600,WO-5844,2536631070584497,ISBM-007,1603,0.1418,227.31
SO-13722,2025-09-12,CUST-002,Bottle,Blow Molding,FR-017-PP-PCR-600,WO-5846,2536711070584699,ISBM-007,2811,0.2592,728.61
SO-13723,2025-09-16,CUST-007,Bottle,Blow Molding,FR-002-HDPE-PCR-300,WO-5847,2536721070584701,ISBM-007,2710,0.2052,556.09
SO-13724,2025-09-17,CUST-004,Bottle,Blow Molding,FR-002-HDPE-PCR-300,WO-5848,2537111070584802,ISBM-007,5237,0.134,701.76
SO-13725,2025-09-11,CUST-003,Bottle,Blow Molding,FR-020-HDPE-750,WO-5850,2537221070585004,ISBM-007,1485,0.2589,384.47
SO-13726,2025-09-22,CUST-001,Bottle,Blow Molding,FR-020-HDPE-750,WO-5851,2537311070585105,ISBM-007,5118,0.3344,1711.46
SO-13727,2025-09-13,CUST-005,Bottle,Blow Molding,FR-020-HDPE-750,WO-5852,2537411070585206,ISBM-007,4720,0.3102,1464.14
SO-13728,2025-09-23,CUST-007,Bottle,Blow Molding,FR-002-HDPE-PCR-300,WO-5853,2537431070585307,ISBM-007,6922,0.2796,1935.39
SO-13729,2025-09-23,CUST-002,Bottle,Blow Molding,FR-017-rPET-600,WO-5854,2537521070585408,ISBM-007,2705,0.2942,795.81
SO-13730,2025-09-21,CUST-003,Bottle,Blow Molding,FR-015-rPET-500,WO-5856,2537621070585610,ISBM-007,2496,0.1662,414.84
SO-13731,2025-09-19,CUST-001,Bottle,  Blow Molding  ,FR-015-rPET-500,WO-5857,2537711070585711,ISBM-007,5409,0.2436,1317.63
SO-13732,2025-09-21,CUST-006,Bottle,Blow Molding,FR-017-rPET-600,WO-5858,2538131070585812,ISBM-007,5856,0.2945,1724.59
SO-13733,2025-09-23,CUST-002,Bottle,Blow Molding,FR-017-rPET-600,WO-5859,2538121070585913,ISBM-007,2628,0.1616,424.68
SO-13734,2025-09-27,CUST-009,Bottle,Blow Molding,FR-015-PETG-500,WO-5860,2538231070586014,ISBM-007,5656,0.1321,747.16
SO-13735,2025-09-18,CUST-010,Bottle,Blow Molding,FR-015-PETG-500,WO-5861,2538221070586115,ISBM-007,5697,0.2491,1419.12
SO-13736,2025-09-29,CUST-008,Bottle,Blow Molding,FR-015-PETG-500,WO-5862,2538311070586216,ISBM-007,4223,0.248,1047.3
SO-13737,2025-09-28,CUST-005,Bottle,Blow Molding,FR-015-HDPE-500,WO-5863,2538431070586317,ISBM-007,2050,0.3021,619.3
SO-13738,2025-09-23,CUST-011,Bottle,Blow Molding,FR-015-HDPE-500,WO-5864,2538421070586418,ISBM-007,4098,0.2853,1169.16
SO-13739,2025-10-01,CUST-010,Bottle,Blow Molding,FR-017-HDPE-PCR-600,WO-5866,2538521070586620,ISBM-007,1490,0.1686,251.21
SO-13740,2025-09-22,CUST-011,Bottle,Blow Molding,FR-015-PETG-500,WO-5867,2538621070586721,ISBM-007,3189,0.3431,1094.15
SO-13741,2025-10-01,CUST-005,Bottle,Blow Molding,FR-015-PETG-500,WO-5868,2538731070586822,ISBM-007,3999,0.2194,877.38
SO-13742,2025-09-25,CUST-014,Bottle,Blow Molding,FR-015-PETG-500,WO-5869,2539131070586923,ISBM-007,3042,0.1856,564.6
SO-13743,2025-09-30,CUST-004,Bottle,Blow Molding,FR-017-PP-600,WO-5870,2539121070587024,ISBM-007,3225,0.1224,394.74
SO-13744,2025-09-30,CUST-003,Bottle,Blow Molding,FR-017-PP-600,WO-5872,2539311070587226,ISBM-007,5604,0.0873,489.23
SO-13745,2025-10-04,CUST-008,Bottle,Blow Molding,FR-017-HDPE-PCR-600,WO-5873,2539431070587327,ISBM-007,6909,0.3381,2335.93
SO-13746,2025-10-02,CUST-012,Bottle,Blow Molding,FR-017-HDPE-PCR-600,WO-5874,2539531070587428,ISBM-007,4132,0.0849,350.81
SO-13747,2025-10-08,CUST-014,Bottle,Blow Molding,FR-017-HDPE-PCR-600,WO-5875,2539521070587529,ISBM-007,7696,0.2344,1803.94
SO-13748,2025-10-09,CUST-011,Bottle,Blow Molding,FR-015-HDPE-PCR-500,WO-5876,2539611070587630,ISBM-007,3657,0.3081,1126.72
SO-13749,2025-10-09,CUST-006,Bottle,Blow Molding,FR-015-HDPE-PCR-500,WO-5877,2539731070587731,ISBM-007,3200,0.2575,824.0
SO-13750,2025-10-02,CUST-001,Bottle,Blow Molding,FR-002-HDPE-PCR-300,WO-5878,2539731070587832,ISBM-007,7296,0.1484,1082.73
SO-13751,2025-10-06,CUST-014,Bottle,Blow Molding,FR-015-HDPE-PCR-500,WO-5879,2540121070587933,ISBM-007,5202,0.1028,534.77
SO-13752,2025-10-08,CUST-009,Bottle,Blow Molding,FR-020-HDPE-750,WO-5881,2540331070588135,ISBM-007,3524,0.167,588.51
SO-13753,2025-10-12,CUST-003,Bottle,Blow Molding,FR-020-HDPE-750,WO-5882,2540321070588236,ISBM-007,4376,0.2174,951.34
SO-13754,2025-10-11,CUST-009,Bottle,Blow Molding,FR-017-HDPE-600,WO-5883,2540411070588337,ISBM-007,3739,0.2459,919.42
SO-13755,2025-10-12,CUST-001,Bottle,Blow Molding,FR-017-HDPE-600,WO-5884,2540531070588438,ISBM-007,7158,0.1371,981.36
SO-13756,2025-10-09,CUST-002,Bottle,Blow Molding,FR-015-rPET-500,WO-5885,2540521070588539,ISBM-007,5170,0.09,465.3
SO-13757,2025-10-06,CUST-009,Bottle,Blow Molding,FR-015-rPET-500,WO-5886,2540621070588640,ISBM-007,1934,0.1312,253.74
SO-13758,2025-10-10,CUST-011,Bottle,Blow Molding,FR-015-rPET-500,WO-5887,2540711070588741,ISBM-007,1560,0.2266,353.5
SO-13759,2025-10-13,CUST-011,Bottle,Blow Molding,FR-020-rPET-750,WO-5888,2540721070588842,ISBM-007,3298,0.2708,893.1
SO-13760,2025-10-16,CUST-001,Bottle,Blow Molding,FR-015-PETG-500,WO-5889,2541121070588943,ISBM-007,4154,0.3313,1376.22
SO-13761,2025-10-13,CUST-009,Bottle,Blow Molding,FR-015-PETG-500,WO-5890,2541211070589044,ISBM-007,3539,0.1705,603.4
SO-13762,2025-10-19,CUST-004,Bottle,Blow Molding,FR-015-HDPE-500,WO-5893,2541431070589347,ISBM-007,8476,0.1813,1536.7
SO-13763,2025-10-18,CUST-005,Bottle,Blow Molding,FR-015-HDPE-500,WO-5894,2541531070589448,ISBM-007,4371,0.3363,1469.97
SO-13764,2025-10-12,CUST-007,Bottle,Blow Molding,FR-015-HDPE-500,WO-5895,2541521070589549,ISBM-007,4460,0.2962,1321.05
SO-13765,2025-10-23,CUST-009,Bottle,Blow Molding,FR-017-PP-600,WO-5896,2541611070589650,ISBM-007,2687,0.2895,777.89
SO-13766,2025-10-14,CUST-004,Bottle,Blow Molding,FR-020-rPET-750,WO-5897,2541711070589751,ISBM-007,1617,0.1887,305.13
SO-13767,2025-10-22,CUST-005,Bottle,Blow Molding,FR-020-rPET-750,WO-5898,2541721070589852,ISBM-007,4818,0.1995,961.19
SO-13768,2025-10-23,CUST-005,Bottle,Blow Molding,FR-020-rPET-750,WO-5899,2542121070589953,ISBM-007,2348,0.1747,410.2
SO-13769,2025-10-22,CUST-002,Bottle,Blow Molding,FR-020-rPET-750,WO-5900,2542231070590054,ISBM-007,3060,0.3083,943.4
SO-13770,2025-10-16,CUST-001,Bottle,Blow Molding,FR-020-rPET-750,WO-5901,2542331070590155,ISBM-007,4650,0.1598,743.07
SO-13771,2025-10-27,CUST-004,Bottle,Blow Molding,FR-015-rPET-500,WO-5902,2542321070590256,ISBM-007,2654,0.2518,668.28
SO-13772,2025-10-22,CUST-005,Bottle,Blow Molding,FR-015-PETG-500,WO-5904,2542421070590458,ISBM-007,3248,0.1318,428.09
SO-13773,2025-10-26,CUST-006,Bottle,Blow Molding,FR-015-PETG-500,WO-5905,2542521070590559,ISBM-007,2764,0.0943,260.65
SO-13774,2025-10-26,CUST-012,Bottle,Blow Molding,FR-015-PETG-500,WO-5906,2542631070590660,ISBM-007,4145,0.1575,652.84
SO-13775,2025-10-26,CUST-001,Bottle,Blow Molding,FR-017-PP-600,WO-5907,2542621070590761,ISBM-007,3713,0.1115,414.0
SO-13776,2025-10-21,CUST-009,Bottle,Blow Molding,FR-017-PP-600,WO-5908,2542731070590862,ISBM-007,7655,0.2771,2121.2
SO-13777,2025-10-22,CUST-007,Bottle,Blow Molding,FR-020-HDPE-PCR-750,WO-5909,2542721070590963,ISBM-007,3105,0.2425,752.96
SO-13778,2025-10-28,CUST-004,Bottle,Blow Molding,FR-020-HDPE-PCR-750,WO-5910,2543111070591064,ISBM-007,5632,0.2134,1201.87
SO-13779,2025-10-28,CUST-010,Bottle,Blow Molding,FR-017-HDPE-PCR-600,WO-5911,2543211070591165,ISBM-007,3450,0.1168,402.96
SO-13780,2025-11-02,CUST-010,Bottle,Blow Molding,FR-017-HDPE-PCR-600,WO-5912,2543221070591266,ISBM-007,6154,0.1492,918.18
SO-13781,2025-11-02,CUST-013,Bottle,Blow Molding,FR-017-HDPE-600,WO-5913,2543311070591367,ISBM-007,3663,0.3183,1165.93
SO-13782,2025-11-03,CUST-002,Bottle,Blow Molding,FR-017-HDPE-600,WO-5914,2543431070591468,ISBM-007,1745,0.2947,514.25
SO-13783,2025-10-28,CUST-012,Bottle,Blow Molding,FR-017-HDPE-600,WO-5915,2543411070591569,ISBM-007,6012,0.3455,2077.15
SO-13784,2025-11-01,CUST-011,Bottle,Blow Molding,FR-020-PP-750,WO-5916,2543511070591670,ISBM-007,2354,0.1607,378.29
SO-13785,2025-10-30,CUST-012,Bottle,Blow Molding,FR-002-HDPE-PCR-300,WO-5917,2543631070591771,ISBM-007,5579,0.1486,829.04
SO-13786,2025-10-28,CUST-006,Bottle,Blow Molding,FR-017-rPET-600,WO-5918,2543621070591872,ISBM-007,619,0.1423,88.08
SO-13787,2025-10-31,CUST-012,Bottle,Blow Molding,FR-017-rPET-600,WO-5919,2543711070591973,ISBM-007,3616,0.1433,518.17
SO-13788,2025-10-31,CUST-012,Bottle,  Blow Molding  ,FR-017-HDPE-600,WO-5920,2543721070592074,ISBM-007,3867,0.1522,588.56
SO-13789,2025-11-07,CUST-003,Bottle,Blow Molding,FR-017-HDPE-600,WO-5921,2544111070592175,ISBM-007,8958,0.1666,1492.4
SO-13790,2025-11-07,CUST-004,Bottle,BLOW MOLDING,FR-017-HDPE-600,WO-5922,2544231070592276,ISBM-007,4956,0.1165,577.37
SO-13791,2025-11-02,CUST-012,Bottle,Blow Molding,FR-017-HDPE-600,WO-5923,2544211070592377,ISBM-007,2582,0.2093,540.41
SO-13792,2025-11-01,CUST-004,Bottle,Blow Molding,FR-017-HDPE-600,WO-5924,2544221070592478,ISBM-007,2938,0.3119,916.36
SO-13793,2025-11-01,CUST-014,Bottle,Blow Molding,FR-017-PP-PCR-600,WO-5926,2544431070592680,ISBM-007,5408,0.331,1790.05
SO-13794,2025-11-04,CUST-009,Bottle,Blow Molding,FR-017-PP-PCR-600,WO-5927,2544421070592781,ISBM-007,5416,0.0876,474.44
SO-13795,2025-11-01,CUST-004,Bottle,Blow Molding,FR-017-rPET-600,WO-5928,2544511070592882,ISBM-007,4627,0.1491,689.89
SO-13796,2025-11-06,CUST-007,Bottle,Blow Molding,FR-015-HDPE-500,WO-5929,2544531070592983,ISBM-007,6452,0.2795,1803.33
SO-13797,2025-11-05,CUST-002,Bottle,BLOW MOLDING,FR-015-HDPE-500,WO-5930,2544621070593084,ISBM-007,4456,0.2754,1227.18
SO-13798,2025-11-14,CUST-007,Bottle,Blow Molding,FR-015-rPET-500,WO-5932,2545111070593286,ISBM-007,2017,0.0973,196.25
SO-13799,2025-11-13,CUST-007,Bottle,Blow Molding,FR-015-rPET-500,WO-5933,2545131070593387,ISBM-007,3604,0.2066,744.59
SO-13800,2025-11-12,CUST-007,Bottle,Blow Molding,FR-020-PP-750,WO-5934,2545221070593488,ISBM-007,3080,0.1748,538.38
SO-13801,2025-11-14,CUST-011,Bottle,Blow Molding,FR-015-HDPE-PCR-500,WO-5935,2545331070593589,ISBM-007,2907,0.131,380.82
SO-13802,2025-11-11,CUST-011,Bottle,  Blow Molding  ,FR-002-HDPE-PCR-300,WO-5937,2545411070593791,ISBM-007,7245,0.2298,1664.9
SO-13803,2025-11-14,CUST-008,Bottle,Blow Molding,FR-017-HDPE-600,WO-5938,2545531070593892,ISBM-007,8615,0.1416,1219.88
SO-13804,2025-11-12,CUST-012,Bottle,Blow Molding,FR-017-HDPE-600,WO-5939,2545521070593993,ISBM-007,6047,0.3121,1887.27
SO-13805,2025-11-14,CUST-006,Bottle,Blow Molding,FR-017-HDPE-600,WO-5940,2545611070594094,ISBM-007,2702,0.2148,580.39
SO-13806,2025-11-11,CUST-002,Bottle,Blow Molding,FR-020-HDPE-750,WO-5941,2545621070594195,ISBM-007,3707,0.2516,932.68
SO-13807,2025-11-11,CUST-005,Bottle,Blow Molding,FR-002-HDPE-PCR-300,WO-5942,2545721070594296,ISBM-007,3923,0.2309,905.82
SO-13808,2025-11-20,CUST-007,Bottle,Blow Molding,FR-017-PP-PCR-600,WO-5943,2546131070594397,ISBM-007,9233,0.3142,2901.01
SO-13809,2025-11-21,CUST-006,Bottle,Blow Molding,FR-017-PP-PCR-600,WO-5944,2546121070594498,ISBM-007,3229,0.1571,507.28
SO-13810,2025-11-22,CUST-008,Bottle,Blow Molding,FR-017-PP-600,WO-5945,2546211070594599,ISBM-007,7246,0.3055,2213.65
SO-13811,2025-11-23,CUST-011,Bottle,Blow Molding,FR-017-PP-600,WO-5946,2546331070594601,ISBM-007,5852,0.1064,622.65
SO-13812,2025-11-19,CUST-012,Bottle,Blow Molding,FR-017-HDPE-PCR-600,WO-5947,2546321070594702,ISBM-007,6781,0.1599,1084.28
SO-13813,2025-11-20,CUST-005,Bottle,  Blow Molding  ,FR-017-HDPE-PCR-600,WO-5948,2546421070594803,ISBM-007,4737,0.2434,1152.99
SO-13814,2025-11-24,CUST-007,Bottle,BLOW MOLDING,FR-017-HDPE-PCR-600,WO-5949,2546531070594904,ISBM-007,4387,0.2918,1280.13
SO-13815,2025-11-16,CUST-012,Bottle,Blow Molding,FR-020-PP-750,WO-5950,2546521070595005,ISBM-007,1166,0.1995,232.62
SO-13816,2025-11-24,CUST-005,Bottle,Blow Molding,FR-002-HDPE-PCR-300,WO-5951,2546611070595106,ISBM-007,3360,0.1175,394.8
SO-13817,2025-11-20,CUST-007,Bottle,Blow Molding,FR-002-HDPE-PCR-300,WO-5952,2546631070595207,ISBM-007,2528,0.3234,817.56
SO-13818,2025-11-22,CUST-004,Bottle,Blow Molding,FR-020-HDPE-PCR-750,WO-5955,2547231070595510,ISBM-007,2633,0.132,347.56
SO-13819,2025-11-28,CUST-006,Bottle,Blow Molding,FR-020-HDPE-PCR-750,WO-5956,2547221070595611,ISBM-007,2556,0.3286,839.9
SO-13820,2025-11-21,CUST-008,Bottle,BLOW MOLDING,FR-015-HDPE-500,WO-5957,2547311070595712,ISBM-007,2289,0.0965,220.89
SO-13821,2025-11-26,CUST-010,Bottle,Blow Molding,FR-002-HDPE-PCR-300,WO-5958,2547321070595813,ISBM-007,3424,0.2865,980.98
SO-13822,2025-12-02,CUST-014,Bottle,Blow Molding,FR-002-HDPE-PCR-300,WO-5959,2547421070595914,ISBM-007,3020,0.3374,1018.95
SO-13823,2025-11-30,CUST-011,Bottle,Blow Molding,FR-002-HDPE-PCR-300,WO-5960,2547511070596015,ISBM-007,2877,0.3202,921.22
SO-13824,2025-11-23,CUST-006,Bottle,Blow Molding,FR-020-PP-PCR-750,WO-5961,2547631070596116,ISBM-007,2045,0.1811,370.35
SO-13825,2025-11-30,CUST-001,Bottle,Blow Molding,FR-015-PETG-500,WO-5962,2547621070596217,ISBM-007,3459,0.2112,730.54
SO-13826,2025-11-28,CUST-005,Bottle,Blow Molding,FR-015-PETG-500,WO-5963,2547731070596318,ISBM-007,2741,0.1963,538.06
SO-13827,2025-11-27,CUST-008,Bottle,Blow Molding,FR-020-HDPE-PCR-750,WO-5964,2547721070596419,ISBM-007,6054,0.3306,2001.45
SO-13828,2025-12-05,CUST-001,Bottle,Blow Molding,FR-020-HDPE-PCR-750,WO-5966,2548231070596621,ISBM-007,2619,0.1551,406.21
SO-13829,2025-12-07,CUST-013,Bottle,Blow Molding,FR-015-HDPE-PCR-500,WO-5967,2548221070596722,ISBM-007,3778,0.2395,904.83
SO-13830,2025-12-03,CUST-005,Bottle,Blow Molding,FR-015-HDPE-PCR-500,WO-5968,2548311070596823,ISBM-007,4821,0.309,1489.69
SO-13831,2025-11-29,CUST-005,Bottle,Blow Molding,FR-015-HDPE-PCR-500,WO-5969,2548411070596924,ISBM-007,2589,0.1893,490.1
SO-13832,2025-12-07,CUST-004,Bottle,Blow Molding,FR-017-HDPE-600,WO-5970,2548531070597025,ISBM-007,3492,0.1075,375.39
SO-13833,2025-12-10,CUST-003,Bottle,Blow Molding,FR-017-HDPE-600,WO-5971,2548631070597126,ISBM-007,5592,0.3334,1864.37
SO-13834,2025-12-08,CUST-008,Bottle,Blow Molding,FR-015-rPET-500,WO-5973,2548721070597328,ISBM-007,3012,0.2527,761.13
SO-13835,2025-12-03,CUST-007,Bottle,Blow Molding,FR-020-HDPE-750,WO-5974,2549111070597429,ISBM-007,776,0.2048,158.92
SO-13836,2025-12-10,CUST-005,Bottle,Blow Molding,FR-020-HDPE-750,WO-5975,2549211070597530,ISBM-007,5390,0.2875,1549.62
SO-13837,2025-12-05,CUST-008,Bottle,Blow Molding,FR-020-HDPE-750,WO-5976,2549331070597631,ISBM-007,4361,0.2402,1047.51
SO-13838,2025-12-07,CUST-002,Bottle,Blow Molding,FR-015-rPET-500,WO-5977,2549321070597732,ISBM-007,4739,0.2217,1050.64
SO-13839,2025-12-14,CUST-014,Bottle,Blow Molding,FR-002-HDPE-PCR-300,WO-5979,2549531070597934,ISBM-007,2926,0.1742,509.71
SO-13840,2025-12-09,CUST-007,Bottle,Blow Molding,FR-015-HDPE-500,WO-5982,2549731070598237,ISBM-007,2506,0.2117,530.52
SO-13841,2025-12-17,CUST-009,Bottle,Blow Molding,FR-015-HDPE-500,WO-5983,2549731070598338,ISBM-007,3849,0.1118,430.32
SO-13842,2025-12-20,CUST-004,Bottle,Blow Molding,FR-002-HDPE-PCR-300,WO-5986,2550221070598641,ISBM-007,4412,0.1158,510.91
SO-13843,2025-12-14,CUST-010,Bottle,Blow Molding,FR-020-rPET-750,WO-5989,2550531070598944,ISBM-007,2226,0.0867,192.99
SO-13844,2025-12-20,CUST-008,Bottle,Blow Molding,FR-020-rPET-750,WO-5990,2550521070599045,ISBM-007,2439,0.237,578.04
SO-13845,2025-12-18,CUST-014,Bottle,Blow Molding,FR-002-HDPE-PCR-300,WO-5991,2550631070599146,ISBM-007,3050,0.2697,822.59
SO-13846,2025-12-25,CUST-001,Bottle,Blow Molding,FR-002-HDPE-PCR-300,WO-5992,2550621070599247,ISBM-007,6201,0.3492,2165.39
SO-13847,2025-12-20,CUST-009,Bottle,Blow Molding,FR-017-PP-600,WO-5994,2551131070599449,ISBM-007,4531,0.3044,1379.24
SO-13848,2025-12-23,CUST-001,Bottle,Blow Molding,FR-015-HDPE-500,WO-5995,2551121070599550,ISBM-007,3114,0.331,1030.73
SO-13849,2025-12-20,CUST-008,Bottle,Blow Molding,FR-017-PP-PCR-600,WO-5997,2551331070599752,ISBM-007,6415,0.1082,694.1
SO-13850,2025-12-29,CUST-014,Bottle,blow molding,FR-020-PET-750,WO-5998,2551321070599853,ISBM-007,4054,0.1623,657.96
SO-13851,2025-12-20,CUST-014,Bottle,Blow Molding,FR-020-PET-750,WO-5999,2551411070599954,ISBM-007,2358,0.1142,269.28
SO-13852,2025-12-27,CUST-013,Bottle,Blow Molding,FR-020-PET-750,WO-6000,2551531070600055,ISBM-007,2022,0.1184,239.4
SO-13853,2025-12-28,CUST-004,Bottle,Blow Molding,FR-002-HDPE-PCR-300,WO-6001,2551521070600156,ISBM-007,5617,0.1281,719.54
SO-13854,2025-12-26,CUST-008,Bottle,  Blow Molding  ,FR-002-HDPE-PCR-300,WO-6002,2551611070600257,ISBM-007,167,0.1285,21.46
SO-13855,2025-12-25,CUST-010,Bottle,Blow Molding,FR-020-HDPE-750,WO-6003,2551711070600358,ISBM-007,4743,0.1348,639.36
SO-13856,2025-12-24,CUST-007,Bottle,BLOW MOLDING,FR-020-HDPE-750,WO-6004,2551731070600459,ISBM-007,3955,0.2225,879.99
SO-13857,2025-12-28,CUST-012,Bottle,Blow Molding,FR-020-PP-750,WO-6006,2552231070600661,ISBM-007,5330,0.226,1204.58
SO-13858,2026-01-05,CUST-003,Bottle,Blow Molding,FR-017-rPET-600,WO-6009,2552431070600964,ISBM-007,3449,0.1169,403.19
SO-13859,2026-01-05,CUST-011,Bottle,Blow Molding,FR-015-PETG-500,WO-6010,2552421070601065,ISBM-007,6770,0.2943,1992.41
SO-13860,2026-01-07,CUST-007,Bottle,Blow Molding,FR-015-PETG-500,WO-6011,2552511070601166,ISBM-007,1633,0.1595,260.46
SO-13861,2026-01-02,CUST-009,Bottle,Blow Molding,FR-015-PETG-500,WO-6012,2552631070601267,ISBM-007,6014,0.0962,578.55
SO-13862,2025-12-30,CUST-004,Bottle,Blow Molding,FR-002-HDPE-PCR-300,WO-6015,2501131070601570,ISBM-007,6529,0.3226,2106.26
SO-13863,2026-01-05,CUST-004,Bottle,Blow Molding,FR-002-HDPE-PCR-300,WO-6016,2501121070601671,ISBM-007,6909,0.1429,987.3
SO-13864,2026-01-05,CUST-008,Bottle,Blow Molding,FR-002-HDPE-PCR-300,WO-6017,2501221070601772,ISBM-007,5927,0.1607,952.47
SO-13865,2026-01-09,CUST-012,Bottle,Blow Molding,FR-002-HDPE-PCR-300,WO-6018,2501311070601873,ISBM-007,3117,0.0868,270.56
SO-13866,2026-01-10,CUST-008,Bottle,  Blow Molding  ,FR-017-HDPE-600,WO-6019,2501321070601974,ISBM-007,5251,0.1956,1027.1
SO-13867,2026-01-06,CUST-013,Bottle,Blow Molding,FR-020-HDPE-750,WO-6020,2601421070602075,ISBM-007,4543,0.1302,591.5
SO-13868,2026-01-14,CUST-013,Bottle,Blow Molding,FR-015-HDPE-PCR-500,WO-6021,2601511070602176,ISBM-007,4102,0.1718,704.72
SO-13869,2026-01-14,CUST-010,Bottle,Blow Molding,FR-015-HDPE-PCR-500,WO-6022,2601631070602277,ISBM-007,3301,0.0844,278.6
SO-13870,2026-01-16,CUST-012,Bottle,Blow Molding,FR-017-PP-PCR-600,WO-6024,2601721070602479,ISBM-007,5560,0.2072,1152.03
SO-13871,2026-01-06,CUST-001,Bottle,Blow Molding,FR-017-PP-PCR-600,WO-6025,2602131070602580,ISBM-007,3884,0.1134,440.45
SO-13872,2026-01-15,CUST-013,Bottle,Blow Molding,FR-015-HDPE-PCR-500,WO-6026,2602121070602681,ISBM-007,1352,0.3431,463.87
SO-13873,2026-01-16,CUST-003,Bottle,Blow Molding,FR-002-HDPE-PCR-300,WO-6027,2602211070602782,ISBM-007,2779,0.2039,566.64
SO-13874,2026-01-12,CUST-007,Bottle,Blow Molding,FR-002-HDPE-PCR-300,WO-6028,2602311070602883,ISBM-007,2119,0.1359,287.97
SO-13875,2026-01-19,CUST-010,Bottle,Blow Molding,FR-002-HDPE-PCR-300,WO-6029,2602321070602984,ISBM-007,2143,0.2992,641.19
SO-13876,2026-01-18,CUST-013,Bottle,Blow Molding,FR-017-PP-PCR-600,WO-6030,2602411070603085,ISBM-007,3646,0.1001,364.96
SO-13877,2026-01-15,CUST-007,Bottle,Blow Molding,FR-017-PP-PCR-600,WO-6032,2602511070603287,ISBM-007,2783,0.3458,962.36
SO-13878,2026-01-18,CUST-001,Bottle,Blow Molding,FR-017-rPET-600,WO-6033,2602631070603388,ISBM-007,6489,0.1143,741.69
SO-13879,2026-01-20,CUST-010,Bottle,Blow Molding,FR-017-rPET-600,WO-6034,2602731070603489,ISBM-007,1560,0.3194,498.26
SO-13880,2026-01-16,CUST-013,Bottle,Blow Molding,FR-020-HDPE-PCR-750,WO-6036,2603111070603691,ISBM-007,3380,0.3006,1016.03
SO-13881,2026-01-23,CUST-013,Bottle,Blow Molding,FR-020-HDPE-PCR-750,WO-6037,2603211070603792,ISBM-007,3230,0.2932,947.04
SO-13882,2026-01-17,CUST-009,Bottle,Blow Molding,FR-017-PP-PCR-600,WO-6038,2603311070603893,ISBM-007,3401,0.1659,564.23
SO-13883,2026-01-24,CUST-014,Bottle,Blow Molding,FR-002-HDPE-PCR-300,WO-6039,2603321070603994,ISBM-007,4762,0.1174,559.06
SO-13884,2026-01-20,CUST-012,Bottle,  Blow Molding  ,FR-002-HDPE-PCR-300,WO-6041,2603531070604196,ISBM-007,2981,0.2825,842.13
SO-13885,2026-01-26,CUST-004,Bottle,Blow Molding,FR-002-HDPE-PCR-300,WO-6042,2603521070604297,ISBM-007,6478,0.0972,629.66
SO-13886,2026-01-20,CUST-013,Bottle,Blow Molding,FR-002-HDPE-PCR-300,WO-6043,2603611070604398,ISBM-007,2700,0.1775,479.25
SO-13887,2026-01-19,CUST-005,Bottle,Blow Molding,FR-002-HDPE-PCR-300,WO-6044,2603621070604499,ISBM-007,1887,0.3265,616.11
SO-13888,2026-01-25,CUST-002,Bottle,Blow Molding,FR-017-HDPE-PCR-600,WO-6045,2603711070604501,ISBM-007,7232,0.2179,1575.85
SO-13889,2026-01-28,CUST-009,Bottle,Blow Molding,FR-017-HDPE-PCR-600,WO-6046,2604131070604602,ISBM-007,5712,0.1785,1019.59
SO-13890,2026-01-23,CUST-007,Bottle,Blow Molding,FR-020-PET-750,WO-6047,2604121070604703,ISBM-007,3668,0.2932,1075.46
SO-13891,2026-01-24,CUST-007,Bottle,Blow Molding,FR-020-PP-PCR-750,WO-6048,2604211070604804,ISBM-007,1419,0.1433,203.34
SO-13892,2026-01-29,CUST-010,Bottle,Blow Molding,FR-020-PP-PCR-750,WO-6049,2604331070604905,ISBM-007,3389,0.1567,531.06
SO-13893,2026-01-31,CUST-009,Bottle,Blow Molding,FR-017-PP-PCR-600,WO-6052,2604421070605208,ISBM-007,7142,0.218,1556.96
SO-13894,2026-02-02,CUST-006,Bottle,Blow Molding,FR-017-PP-PCR-600,WO-6053,2604511070605309,ISBM-007,8727,0.3154,2752.5
SO-13895,2026-01-31,CUST-002,Bottle,Blow Molding,FR-017-PP-PCR-600,WO-6054,2604611070605410,ISBM-007,3835,0.2098,804.58
SO-13896,2026-01-27,CUST-002,Bottle,Blow Molding,FR-017-PP-PCR-600,WO-6055,2604621070605511,ISBM-007,3645,0.2551,929.84
SO-13897,2026-01-29,CUST-006,Bottle,Blow Molding,FR-017-PP-PCR-600,WO-6056,2604711070605612,ISBM-007,5812,0.1281,744.52
SO-13898,2026-01-31,CUST-012,Bottle,blow molding,FR-017-PP-PCR-600,WO-6057,2605111070605713,ISBM-007,7842,0.1749,1371.57
SO-13899,2026-02-04,CUST-005,Bottle,Blow Molding,FR-015-rPET-500,WO-6058,2605231070605814,ISBM-007,3793,0.3095,1173.93
SO-13900,2026-01-30,CUST-003,Bottle,Blow Molding,FR-015-rPET-500,WO-6059,2605221070605915,ISBM-007,6667,0.2981,1987.43
SO-13901,2026-01-31,CUST-004,Bottle,Blow Molding,FR-002-HDPE-PCR-300,WO-6060,2605311070606016,ISBM-007,5137,0.2995,1538.53
SO-13902,2026-01-31,CUST-013,Bottle,Blow Molding,FR-015-HDPE-500,WO-6061,2605331070606117,ISBM-007,2866,0.3478,996.79
SO-13903,2026-02-06,CUST-011,Bottle,BLOW MOLDING,FR-015-HDPE-500,WO-6062,2605421070606218,ISBM-007,5034,0.1378,693.69
SO-13904,2026-02-01,CUST-002,Bottle,Blow Molding,FR-020-PP-750,WO-6063,2605511070606319,ISBM-007,4194,0.2271,952.46
SO-13905,2026-02-08,CUST-009,Bottle,Blow Molding,FR-002-HDPE-PCR-300,WO-6065,2605611070606521,ISBM-007,4448,0.2755,1225.42
SO-13906,2026-02-12,CUST-003,Bottle,Blow Molding,FR-020-HDPE-750,WO-6066,2605731070606622,ISBM-007,1603,0.1966,315.15
SO-13907,2026-02-09,CUST-004,Bottle,BLOW MOLDING,FR-020-HDPE-750,WO-6067,2606131070606723,ISBM-007,6437,0.2695,1734.77
SO-13908,2026-02-04,CUST-002,Bottle,Blow Molding,FR-002-HDPE-PCR-300,WO-6068,2606121070606824,ISBM-007,7792,0.1534,1195.29
SO-13909,2026-02-07,CUST-001,Bottle,Blow Molding,FR-002-HDPE-PCR-300,WO-6069,2606221070606925,ISBM-007,3514,0.2051,720.72
SO-13910,2026-02-16,CUST-007,Bottle,Blow Molding,FR-017-PP-600,WO-6070,2606311070607026,ISBM-007,7875,0.3154,2483.78
SO-13911,2026-02-08,CUST-002,Bottle,Blow Molding,FR-015-HDPE-PCR-500,WO-6071,2606431070607127,ISBM-007,2907,0.2778,807.56
SO-13912,2026-02-11,CUST-009,Bottle,Blow Molding,FR-020-PP-750,WO-6073,2606521070607329,ISBM-007,7159,0.2214,1585.0
SO-13913,2026-02-09,CUST-007,Bottle,Blow Molding,FR-020-PP-750,WO-6074,2606611070607430,ISBM-007,2885,0.2101,606.14
SO-13914,2026-02-14,CUST-004,Bottle,blow molding,FR-020-PP-750,WO-6075,2606731070607531,ISBM-007,4969,0.1942,964.98
SO-13915,2026-02-16,CUST-013,Bottle,Blow Molding,FR-015-HDPE-PCR-500,WO-6076,2606731070607632,ISBM-007,6968,0.2739,1908.54
SO-13916,2026-02-21,CUST-009,Bottle,Blow Molding,FR-015-HDPE-PCR-500,WO-6077,2607121070607733,ISBM-007,3770,0.1201,452.78
SO-13917,2026-02-13,CUST-014,Bottle,Blow Molding,FR-015-HDPE-PCR-500,WO-6078,2607211070607834,ISBM-007,4673,0.3492,1631.81
SO-13918,2026-02-14,CUST-013,Bottle,Blow Molding,FR-002-HDPE-PCR-300,WO-6079,2607331070607935,ISBM-007,5899,0.1013,597.57
SO-13919,2026-02-19,CUST-007,Bottle,Blow Molding,FR-002-HDPE-PCR-300,WO-6080,2607321070608036,ISBM-007,1778,0.1976,351.33
SO-13920,2026-02-21,CUST-012,Bottle,Blow Molding,FR-015-PETG-500,WO-6081,2607411070608137,ISBM-007,3215,0.1944,625.0
SO-13921,2026-02-19,CUST-003,Bottle,blow molding,FR-020-HDPE-PCR-750,WO-6082,2607531070608238,ISBM-007,3465,0.2935,1016.98
SO-13922,2026-02-19,CUST-010,Bottle,Blow Molding,FR-020-PET-750,WO-6083,2607631070608339,ISBM-007,4572,0.2889,1320.85
SO-13923,2026-02-25,CUST-009,Bottle,Blow Molding,FR-020-PET-750,WO-6084,2607621070608440,ISBM-007,2326,0.1155,268.65
SO-13924,2026-02-24,CUST-013,Bottle,Blow Molding,FR-020-PET-750,WO-6085,2607731070608541,ISBM-007,1634,0.0829,135.46
SO-13925,2026-02-22,CUST-007,Bottle,Blow Molding,FR-015-HDPE-500,WO-6086,2607721070608642,ISBM-007,3158,0.262,827.4
SO-13926,2026-02-19,CUST-005,Bottle,Blow Molding,FR-002-HDPE-PCR-300,WO-6087,2608111070608743,ISBM-007,7441,0.1388,1032.81
SO-13927,2026-02-19,CUST-001,Bottle,Blow Molding,FR-002-HDPE-PCR-300,WO-6088,2608231070608844,ISBM-007,3106,0.1317,409.06
SO-13928,2026-02-26,CUST-007,Bottle,blow molding,FR-020-PP-PCR-750,WO-6089,2608331070608945,ISBM-007,3629,0.1215,440.92
SO-13929,2026-02-28,CUST-004,Bottle,Blow Molding,FR-020-PET-750,WO-6090,2608321070609046,ISBM-007,2284,0.1904,434.87
SO-13930,2026-02-24,CUST-007,Bottle,Blow Molding,FR-002-HDPE-PCR-300,WO-6091,2608411070609147,ISBM-007,5454,0.3402,1855.45
SO-13931,2026-03-02,CUST-008,Bottle,Blow Molding,FR-002-HDPE-PCR-300,WO-6092,2608531070609248,ISBM-007,4244,0.1941,823.76
SO-13932,2026-03-01,CUST-003,Bottle,Blow Molding,FR-002-HDPE-PCR-300,WO-6093,2608521070609349,ISBM-007,5994,0.2093,1254.54
SO-13933,2026-03-05,CUST-007,Bottle,Blow Molding,FR-017-rPET-600,WO-6094,2608621070609450,ISBM-007,4462,0.1477,659.04
SO-13934,2026-02-28,CUST-002,Bottle,Blow Molding,FR-017-rPET-600,WO-6095,2608711070609551,ISBM-007,4018,0.085,341.53
SO-13935,2026-03-03,CUST-007,Bottle,Blow Molding,FR-017-PP-PCR-600,WO-6097,2609121070609753,ISBM-007,4677,0.101,472.38
SO-13936,2026-02-26,CUST-013,Bottle,Blow Molding,FR-002-HDPE-PCR-300,WO-6098,2609221070609854,ISBM-007,5576,0.2813,1568.53
SO-13937,2026-02-28,CUST-012,Bottle,Blow Molding,FR-002-HDPE-PCR-300,WO-6099,2609311070609955,ISBM-007,2696,0.1277,344.28
SO-13938,2026-03-08,CUST-013,Bottle,Blow Molding,FR-017-PP-PCR-600,WO-6100,2609321070610056,ISBM-007,8924,0.2702,2411.26
SO-13939,2026-03-01,CUST-012,Bottle,Blow Molding,FR-020-HDPE-PCR-750,WO-6101,2609421070610157,ISBM-007,2575,0.2446,629.85
SO-13940,2026-03-09,CUST-004,Bottle,Blow Molding,FR-020-HDPE-PCR-750,WO-6102,2609511070610258,ISBM-007,3932,0.0974,382.98
SO-13941,2026-03-04,CUST-001,Bottle,Blow Molding,FR-020-PET-750,WO-6103,2609631070610359,ISBM-007,6032,0.2607,1572.54
SO-13942,2026-03-05,CUST-003,Bottle,Blow Molding,FR-002-HDPE-PCR-300,WO-6104,2609731070610460,ISBM-007,3812,0.121,461.25
SO-13943,2026-03-07,CUST-010,Bottle,Blow Molding,FR-020-HDPE-750,WO-6105,2609721070610561,ISBM-007,1841,0.3266,601.27
SO-13944,2026-03-06,CUST-005,Bottle,Blow Molding,FR-020-HDPE-750,WO-6106,2610111070610662,ISBM-007,7564,0.0836,632.35
SO-13945,2026-03-08,CUST-002,Bottle,Blow Molding,FR-020-HDPE-750,WO-6107,2610211070610763,ISBM-007,2971,0.2564,761.76
SO-13946,2026-03-08,CUST-005,Bottle,Blow Molding,FR-015-HDPE-500,WO-6108,2610231070610864,ISBM-007,2914,0.2796,814.75
SO-13947,2026-03-15,CUST-007,Bottle,Blow Molding,FR-015-HDPE-500,WO-6109,2610311070610965,ISBM-007,2529,0.1197,302.72
SO-13948,2026-03-12,CUST-006,Bottle,blow molding,FR-015-HDPE-500,WO-6110,2610431070611066,ISBM-007,2062,0.1756,362.09
SO-13949,2026-03-12,CUST-010,Bottle,Blow Molding,FR-015-HDPE-500,WO-6111,2610411070611167,ISBM-007,6974,0.3295,2297.93
SO-13950,2026-03-14,CUST-014,Bottle,Blow Molding,FR-017-HDPE-600,WO-6113,2610531070611369,ISBM-007,5260,0.2958,1555.91
SO-13951,2026-03-17,CUST-012,Bottle,blow molding,FR-017-HDPE-600,WO-6114,2610611070611470,ISBM-007,4437,0.1549,687.29
SO-13952,2026-03-14,CUST-013,Bottle,Blow Molding,FR-020-rPET-750,WO-6116,2611131070611672,ISBM-007,2757,0.2612,720.13
SO-13953,2026-03-11,CUST-008,Bottle,Blow Molding,FR-020-rPET-750,WO-6117,2611131070611773,ISBM-007,4556,0.1326,604.13
SO-13954,2026-03-12,CUST-013,Bottle,Blow Molding,FR-015-PETG-500,WO-6118,2611221070611874,ISBM-007,2871,0.2647,759.95
SO-13955,2026-03-12,CUST-012,Bottle,Blow Molding,FR-015-rPET-500,WO-6119,2611311070611975,ISBM-007,5137,0.1496,768.5
SO-13956,2026-03-13,CUST-001,Bottle,Blow Molding,FR-015-rPET-500,WO-6120,2611321070612076,ISBM-007,5694,0.26,1480.44
SO-13957,2026-03-23,CUST-008,Bottle,Blow Molding,FR-002-HDPE-PCR-300,WO-6121,2611411070612177,ISBM-007,5476,0.2056,1125.87
SO-13958,2026-03-16,CUST-008,Bottle,Blow Molding,FR-002-HDPE-PCR-300,WO-6122,2611531070612278,ISBM-007,3544,0.2094,742.11
SO-13959,2026-03-22,CUST-010,Bottle,Blow Molding,FR-002-HDPE-PCR-300,WO-6123,2611521070612379,ISBM-007,4662,0.181,843.82
SO-13960,2026-03-18,CUST-012,Bottle,Blow Molding,FR-002-HDPE-PCR-300,WO-6124,2611611070612480,ISBM-007,5691,0.0972,553.17
SO-13961,2026-03-23,CUST-012,Bottle,Blow Molding,FR-002-HDPE-PCR-300,WO-6125,2611631070612581,ISBM-007,2987,0.1735,518.24
SO-13962,2026-03-20,CUST-006,Bottle,Blow Molding,FR-002-HDPE-PCR-300,WO-6127,2612111070612783,ISBM-007,1747,0.2702,472.04
SO-13963,2026-03-26,CUST-006,Bottle,Blow Molding,FR-002-HDPE-PCR-300,WO-6128,2612121070612884,ISBM-007,5260,0.1019,535.99
SO-13964,2026-03-26,CUST-012,Bottle,Blow Molding,FR-020-HDPE-PCR-750,WO-6129,2612221070612985,ISBM-007,617,0.3175,195.9
SO-13965,2026-03-29,CUST-006,Bottle,Blow Molding,FR-020-rPET-750,WO-6131,2612431070613187,ISBM-007,6459,0.3418,2207.69
SO-13966,2026-03-31,CUST-002,Bottle,Blow Molding,FR-020-rPET-750,WO-6132,2612431070613288,ISBM-007,1466,0.2196,321.93
SO-13967,2026-03-26,CUST-011,Bottle,Blow Molding,FR-017-HDPE-PCR-600,WO-6134,2612631070613490,ISBM-007,1749,0.0948,165.81
SO-13968,2026-03-30,CUST-012,Bottle,Blow Molding,FR-017-HDPE-PCR-600,WO-6135,2612611070613591,ISBM-007,8333,0.2282,1901.59
SO-13969,2026-04-01,CUST-001,Bottle,Blow Molding,FR-015-HDPE-PCR-500,WO-6136,2612711070613692,ISBM-007,2881,0.1836,528.95
SO-13970,2026-03-28,CUST-012,Bottle,Blow Molding,FR-017-HDPE-PCR-600,WO-6138,2613121070613894,ISBM-007,4747,0.0891,422.96
SO-13971,2026-03-26,CUST-004,Bottle,Blow Molding,FR-017-HDPE-PCR-600,WO-6139,2613211070613995,ISBM-007,3898,0.1807,704.37
SO-13972,2026-04-02,CUST-007,Bottle,Blow Molding,FR-017-PP-600,WO-6140,2613331070614096,ISBM-007,2625,0.2723,714.79
SO-13973,2026-03-30,CUST-004,Bottle,  Blow Molding  ,FR-017-PP-600,WO-6141,2613311070614197,ISBM-007,5519,0.1113,614.26
SO-13974,2026-03-27,CUST-005,Bottle,Blow Molding,FR-017-PP-600,WO-6142,2613411070614298,ISBM-007,4584,0.0932,427.23
SO-13975,2026-03-28,CUST-009,Bottle,Blow Molding,FR-017-HDPE-600,WO-6143,2613431070614399,ISBM-007,6024,0.086,518.06
SO-13976,2026-04-07,CUST-004,Bottle,Blow Molding,FR-017-HDPE-600,WO-6144,2613521070614401,ISBM-007,4576,0.3303,1511.45
SO-13977,2026-04-03,CUST-011,Bottle,Blow Molding,FR-020-PP-750,WO-6145,2613611070614502,ISBM-007,3094,0.0824,254.95
SO-13978,2026-04-03,CUST-002,Bottle,Blow Molding,FR-020-PET-750,WO-6147,2613721070614704,ISBM-007,6757,0.1946,1314.91
SO-13979,2026-04-05,CUST-002,Bottle,Blow Molding,FR-020-PET-750,WO-6148,2614111070614805,ISBM-007,4682,0.2524,1181.74
SO-13980,2026-04-03,CUST-007,Bottle,  Blow Molding  ,FR-015-HDPE-PCR-500,WO-6149,2614121070614906,ISBM-007,5213,0.175,912.27
SO-13981,2026-04-10,CUST-008,Bottle,Blow Molding,FR-015-HDPE-PCR-500,WO-6150,2614221070615007,ISBM-007,2511,0.1827,458.76
SO-13982,2026-04-11,CUST-005,Bottle,Blow Molding,FR-015-HDPE-PCR-500,WO-6151,2614321070615108,ISBM-007,2419,0.2204,533.15
SO-13983,2026-04-04,CUST-012,Bottle,Blow Molding,FR-002-HDPE-PCR-300,WO-6152,2614411070615209,ISBM-007,5657,0.2542,1438.01
SO-13984,2026-04-07,CUST-009,Bottle,Blow Molding,FR-015-rPET-500,WO-6154,2614531070615411,ISBM-007,4196,0.3488,1463.56
SO-13985,2026-04-10,CUST-006,Bottle,Blow Molding,FR-015-rPET-500,WO-6155,2614621070615512,ISBM-007,2846,0.1981,563.79
SO-13986,2026-04-06,CUST-007,Bottle,Blow Molding,FR-015-rPET-500,WO-6156,2614711070615613,ISBM-007,2441,0.1804,440.36
SO-13987,2026-04-13,CUST-010,Bottle,Blow Molding,FR-017-PP-PCR-600,WO-6157,2615131070615714,ISBM-007,8180,0.3194,2612.69
SO-13988,2026-04-16,CUST-010,Bottle,blow molding,FR-017-PP-PCR-600,WO-6159,2615221070615916,ISBM-007,2114,0.3277,692.76
SO-13989,2026-04-09,CUST-009,Bottle,Blow Molding,FR-002-HDPE-PCR-300,WO-6160,2615311070616017,ISBM-007,2790,0.1171,326.71
SO-13990,2026-04-19,CUST-001,Bottle,Blow Molding,FR-002-HDPE-PCR-300,WO-6161,2615321070616118,ISBM-007,4358,0.2387,1040.25
SO-13991,2026-04-21,CUST-010,Bottle,Blow Molding,FR-017-PP-600,WO-6162,2615421070616219,ISBM-007,2269,0.1966,446.09
SO-13992,2026-04-14,CUST-001,Bottle,Blow Molding,FR-017-rPET-600,WO-6163,2615511070616320,ISBM-007,4218,0.157,662.23
SO-13993,2026-04-12,CUST-010,Bottle,Blow Molding,FR-002-HDPE-PCR-300,WO-6164,2615631070616421,ISBM-007,4085,0.3023,1234.9
SO-13994,2026-04-23,CUST-012,Bottle,Blow Molding,FR-002-HDPE-PCR-300,WO-6165,2615621070616522,ISBM-007,4900,0.3116,1526.84
SO-13995,2026-04-17,CUST-002,Bottle,Blow Molding,FR-002-HDPE-PCR-300,WO-6166,2615711070616623,ISBM-007,6354,0.2108,1339.42
SO-13996,2026-04-17,CUST-007,Bottle,Blow Molding,FR-015-PETG-500,WO-6168,2616121070616825,ISBM-007,776,0.1069,82.95
SO-13997,2026-04-26,CUST-002,Bottle,Blow Molding,FR-015-PETG-500,WO-6169,2616211070616926,ISBM-007,3392,0.3007,1019.97
SO-13998,2026-04-23,CUST-003,Bottle,Blow Molding,FR-015-PETG-500,WO-6170,2616331070617027,ISBM-007,3466,0.125,433.25
SO-13999,2026-04-18,CUST-013,Bottle,Blow Molding,FR-017-PP-600,WO-6171,2616321070617128,ISBM-007,3738,0.2481,927.4
SO-14000,2026-04-26,CUST-011,Bottle,Blow Molding,FR-017-PP-600,WO-6172,2616411070617229,ISBM-007,8000,0.333,2664.0
SO-14001,2026-04-25,CUST-004,Bottle,Blow Molding,FR-017-PP-600,WO-6176,2616621070617633,ISBM-007,4755,0.2053,976.2
SO-14002,2026-05-01,CUST-011,Bottle,Blow Molding,FR-017-PP-600,WO-6177,2616711070617734,ISBM-007,4415,0.143,631.34
SO-14003,2026-04-28,CUST-013,Bottle,  Blow Molding  ,FR-020-HDPE-750,WO-6178,2617131070617835,ISBM-007,4186,0.3174,1328.64
SO-14004,2026-04-28,CUST-003,Bottle,Blow Molding,FR-020-rPET-750,WO-6179,2617121070617936,ISBM-007,3194,0.2786,889.85
SO-14005,2026-04-28,CUST-001,Bottle,Blow Molding,FR-015-HDPE-500,WO-6180,2617231070618037,ISBM-007,3769,0.2431,916.24
SO-14006,2026-05-01,CUST-014,Bottle,Blow Molding,FR-015-HDPE-500,WO-6181,2617331070618138,ISBM-007,4272,0.263,1123.54
SO-14007,2026-05-02,CUST-005,Bottle,Blow Molding,FR-015-PETG-500,WO-6183,2617411070618340,ISBM-007,2158,0.1555,335.57
SO-14008,2026-05-03,CUST-002,Bottle,Blow Molding,FR-020-HDPE-750,WO-6184,2617531070618441,ISBM-007,1796,0.1613,289.69
SO-14009,2026-05-01,CUST-008,Bottle,Blow Molding,FR-020-PP-PCR-750,WO-6185,2617521070618542,ISBM-007,2923,0.3015,881.28
SO-14010,2026-05-03,CUST-004,Bottle,Blow Molding,FR-015-rPET-500,WO-6186,2617611070618643,ISBM-007,7114,0.2139,1521.68
SO-14011,2026-05-03,CUST-004,Bottle,Blow Molding,FR-015-rPET-500,WO-6187,2617731070618744,ISBM-007,3561,0.1682,598.96
SO-14012,2026-04-30,CUST-001,Bottle,Blow Molding,FR-020-PET-750,WO-6189,2618121070618946,ISBM-007,3455,0.2077,717.6
SO-14013,2026-05-03,CUST-003,Bottle,Blow Molding,FR-017-PP-PCR-600,WO-6190,2618221070619047,ISBM-007,4367,0.2942,1284.77
SO-14014,2026-05-04,CUST-010,Bottle,Blow Molding,FR-015-HDPE-PCR-500,WO-6192,2618321070619249,ISBM-007,2960,0.1654,489.58
SO-14015,2026-05-07,CUST-008,Bottle,Blow Molding,FR-017-rPET-600,WO-6194,2618431070619451,ISBM-007,8859,0.3001,2658.59
SO-14016,2026-05-06,CUST-008,Bottle,blow molding,FR-017-rPET-600,WO-6195,2618521070619552,ISBM-007,5729,0.1053,603.26
SO-14017,2026-05-06,CUST-004,Bottle,Blow Molding,FR-017-rPET-600,WO-6196,2618611070619653,ISBM-007,1752,0.0866,151.72
SO-14018,2026-05-06,CUST-002,Bottle,Blow Molding,FR-017-HDPE-PCR-600,WO-6197,2618621070619754,ISBM-007,3969,0.1029,408.41
SO-14019,2026-05-08,CUST-005,Bottle,Blow Molding,FR-017-HDPE-PCR-600,WO-6198,2618731070619855,ISBM-007,3751,0.2383,893.86
SO-14020,2026-05-13,CUST-010,Bottle,  Blow Molding  ,FR-017-HDPE-600,WO-6200,2619111070620057,ISBM-007,1475,0.1756,259.01
SO-14021,2026-05-13,CUST-006,Bottle,Blow Molding,FR-020-PET-750,WO-6203,2619311070620360,ISBM-007,4442,0.2351,1044.31
SO-14022,2026-05-15,CUST-007,Bottle,Blow Molding,FR-017-PP-PCR-600,WO-6204,2619431070620461,ISBM-007,5227,0.2344,1225.21
SO-14023,2026-05-14,CUST-010,Bottle,Blow Molding,FR-020-rPET-750,WO-6205,2619421070620562,ISBM-007,2983,0.3474,1036.29
SO-14024,2026-05-18,CUST-002,Bottle,Blow Molding,FR-020-rPET-750,WO-6206,2619511070620663,ISBM-007,4140,0.3159,1307.83
SO-14025,2026-05-16,CUST-014,Bottle,Blow Molding,FR-002-HDPE-PCR-300,WO-6207,2619631070620764,ISBM-007,2717,0.1233,335.01
SO-14026,2026-05-16,CUST-001,Bottle,Blow Molding,FR-002-HDPE-PCR-300,WO-6208,2619621070620865,ISBM-007,10148,0.1271,1289.81
SO-14027,2026-05-14,CUST-013,Bottle,Blow Molding,FR-002-HDPE-PCR-300,WO-6209,2619711070620966,ISBM-007,3441,0.1938,666.87
SO-14028,2026-05-13,CUST-005,Bottle,Blow Molding,FR-015-PETG-500,WO-6210,2619721070621067,ISBM-007,961,0.1229,118.11
SO-14029,2026-05-13,CUST-009,Bottle,Blow Molding,FR-015-PETG-500,WO-6212,2620211070621269,ISBM-007,1812,0.2496,452.28
SO-14030,2026-05-18,CUST-001,Bottle,Blow Molding,FR-015-PETG-500,WO-6213,2620211070621370,ISBM-007,2030,0.1336,271.21
SO-14031,2026-05-23,CUST-013,Bottle,Blow Molding,FR-015-PETG-500,WO-6214,2620311070621471,ISBM-007,3839,0.2857,1096.8
SO-14032,2026-05-21,CUST-002,Bottle,Blow Molding,FR-020-HDPE-PCR-750,WO-6216,2620531070621673,ISBM-007,2430,0.1364,331.45
SO-14033,2026-05-28,CUST-012,Bottle,Blow Molding,FR-015-HDPE-PCR-500,WO-6219,2620621070621976,ISBM-007,3299,0.126,415.67
SO-14034,2026-05-23,CUST-007,Bottle,Blow Molding,FR-015-PETG-500,WO-6220,2620731070622077,ISBM-007,3708,0.182,674.86
SO-14035,2026-05-21,CUST-004,Bottle,Blow Molding,FR-015-PETG-500,WO-6221,2620721070622178,ISBM-007,1817,0.1298,235.85
SO-14036,2026-05-23,CUST-003,Bottle,Blow Molding,FR-015-PETG-500,WO-6222,2621111070622279,ISBM-007,1543,0.1638,252.74
SO-14037,2026-05-26,CUST-003,Bottle,Blow Molding,FR-017-rPET-600,WO-6223,2621121070622380,ISBM-007,4959,0.2298,1139.58
SO-14038,2026-05-22,CUST-012,Bottle,blow molding,FR-015-PETG-500,WO-6224,2621211070622481,ISBM-007,762,0.2508,191.11
SO-14039,2026-05-25,CUST-007,Bottle,Blow Molding,FR-002-HDPE-PCR-300,WO-6228,2621511070622885,ISBM-007,3648,0.1502,547.93
SO-14040,2026-05-24,CUST-005,Bottle,BLOW MOLDING,FR-002-HDPE-PCR-300,WO-6229,2621521070622986,ISBM-007,2691,0.0881,237.08
SO-14041,2026-05-31,CUST-008,Bottle,Blow Molding,FR-020-rPET-750,WO-6231,2621711070623188,ISBM-007,2568,0.1743,447.6
SO-14042,2026-06-05,CUST-002,Bottle,blow molding,FR-020-rPET-750,WO-6232,2621721070623289,ISBM-007,413,0.2578,106.47
SO-14043,2026-06-05,CUST-009,Bottle,Blow Molding,FR-017-HDPE-PCR-600,WO-6233,2622111070623390,ISBM-007,7758,0.1128,875.1
SO-14044,2026-05-29,CUST-011,Bottle,blow molding,FR-017-HDPE-PCR-600,WO-6234,2622231070623491,ISBM-007,6832,0.1469,1003.62
SO-14045,2026-06-07,CUST-010,Bottle,Blow Molding,FR-015-HDPE-500,WO-6235,2622221070623592,ISBM-007,1643,0.1476,242.51
SO-14046,2026-06-01,CUST-001,Bottle,Blow Molding,FR-015-HDPE-500,WO-6236,2622311070623693,ISBM-007,1137,0.3474,394.99
SO-14047,2026-05-31,CUST-004,Bottle,Blow Molding,FR-015-HDPE-500,WO-6237,2622321070623794,ISBM-007,5083,0.3197,1625.04
SO-14048,2026-05-30,CUST-012,Bottle,Blow Molding,FR-020-PET-750,WO-6238,2622411070623895,ISBM-007,3491,0.0925,322.92
SO-14049,2026-06-02,CUST-012,Bottle,Blow Molding,FR-002-HDPE-PCR-300,WO-6239,2622511070623996,ISBM-007,5515,0.1217,671.18
SO-14050,2026-06-07,CUST-011,Bottle,Blow Molding,FR-002-HDPE-PCR-300,WO-6240,2622531070624097,ISBM-007,8186,0.268,2193.85
SO-14051,2026-06-02,CUST-006,Bottle,blow molding,FR-002-HDPE-PCR-300,WO-6241,2622621070624198,ISBM-007,6069,0.2005,1216.83
SO-14052,2026-06-03,CUST-012,Bottle,Blow Molding,FR-002-HDPE-PCR-300,WO-6242,2622711070624299,ISBM-007,3828,0.1057,404.62
SO-14053,2026-06-05,CUST-003,Bottle,BLOW MOLDING,FR-015-PETG-500,WO-6243,2623111070624301,ISBM-007,3653,0.1039,379.55
SO-14054,2026-06-12,CUST-004,Bottle,Blow Molding,FR-002-HDPE-PCR-300,WO-6244,2623231070624402,ISBM-007,3689,0.1546,570.32
SO-14055,2026-06-04,CUST-014,Bottle,Blow Molding,FR-002-HDPE-PCR-300,WO-6245,2623221070624503,ISBM-007,6619,0.163,1078.9
SO-14056,2026-06-12,CUST-004,Bottle,Blow Molding,FR-017-PP-600,WO-6246,2623311070624604,ISBM-007,8550,0.094,803.7
SO-14057,2026-06-13,CUST-012,Bottle,Blow Molding,FR-017-HDPE-PCR-600,WO-6247,2623411070624705,ISBM-007,5340,0.2124,1134.22
SO-14058,2026-06-13,CUST-010,Bottle,Blow Molding,FR-017-HDPE-PCR-600,WO-6248,2623421070624806,ISBM-007,4847,0.0973,471.61
SO-14059,2026-06-15,CUST-013,Bottle,Blow Molding,FR-020-PET-750,WO-6249,2623511070624907,ISBM-007,2995,0.1379,413.01
SO-14060,2026-06-16,CUST-013,Bottle,Blow Molding,FR-020-PET-750,WO-6250,2623611070625008,ISBM-007,5657,0.3077,1740.66
SO-14061,2026-06-13,CUST-013,Bottle,Blow Molding,FR-020-PET-750,WO-6251,2623731070625109,ISBM-007,1689,0.1612,272.27
SO-14062,2026-06-18,CUST-014,Bottle,Blow Molding,FR-017-HDPE-PCR-600,WO-6252,2623721070625210,ISBM-007,2868,0.0806,231.16
SO-14063,2026-06-14,CUST-012,Bottle,Blow Molding,FR-017-HDPE-PCR-600,WO-6253,2624131070625311,ISBM-007,7531,0.2681,2019.06
SO-14064,2026-06-10,CUST-010,Bottle,Blow Molding,FR-017-HDPE-PCR-600,WO-6254,2624121070625412,ISBM-007,2153,0.3126,673.03
SO-14065,2026-06-21,CUST-007,Bottle,Blow Molding,FR-020-PET-750,WO-6255,2624221070625513,ISBM-007,4569,0.3089,1411.36
SO-14066,2026-06-21,CUST-010,Bottle,Blow Molding,FR-020-rPET-750,WO-6256,2624311070625614,ISBM-007,3348,0.2888,966.9
SO-14067,2026-06-20,CUST-010,Bottle,Blow Molding,FR-017-PP-600,WO-6257,2624431070625715,ISBM-007,2644,0.3433,907.69
SO-14068,2026-06-20,CUST-012,Bottle,Blow Molding,FR-017-PP-600,WO-6258,2624421070625816,ISBM-007,5355,0.1084,580.48
SO-14069,2026-06-21,CUST-004,Bottle,Blow Molding,FR-017-PP-PCR-600,WO-6259,2624511070625917,ISBM-007,7821,0.2807,2195.35
SO-14070,2026-06-15,CUST-004,Bottle,Blow Molding,FR-002-HDPE-PCR-300,WO-6260,2624631070626018,ISBM-007,3824,0.1633,624.46
SO-14071,2026-06-21,CUST-012,Bottle,BLOW MOLDING,FR-015-rPET-500,WO-6261,2624621070626119,ISBM-007,2900,0.2268,657.72
SO-14072,2026-06-24,CUST-010,Bottle,Blow Molding,FR-015-rPET-500,WO-6262,2624711070626220,ISBM-007,1691,0.2457,415.48
SO-14073,2026-06-25,CUST-003,Bottle,Blow Molding,FR-015-HDPE-PCR-500,WO-6263,2625131070626321,ISBM-007,4177,0.3065,1280.25
SO-14074,2026-06-18,CUST-007,Bottle,Blow Molding,FR-015-HDPE-PCR-500,WO-6264,2625121070626422,ISBM-007,2559,0.2914,745.69
SO-14075,2026-06-28,CUST-001,Bottle,Blow Molding,FR-020-PP-PCR-750,WO-6266,2625311070626624,ISBM-007,6729,0.1128,759.03
SO-14076,2026-06-26,CUST-007,Bottle,Blow Molding,FR-020-PP-PCR-750,WO-6267,2625411070626725,ISBM-007,1120,0.2083,233.3
SO-14077,2026-06-22,CUST-005,Bottle,Blow Molding,FR-020-rPET-750,WO-6268,2625421070626826,ISBM-007,3240,0.2519,816.16
SO-14078,2026-06-27,CUST-013,Bottle,Blow Molding,FR-020-HDPE-PCR-750,WO-6269,2625511070626927,ISBM-007,5650,0.273,1542.45
SO-14079,2026-06-22,CUST-003,Bottle,  Blow Molding  ,FR-020-PP-750,WO-6270,2625631070627028,ISBM-007,4250,0.1693,719.52
SO-14080,2026-06-29,CUST-014,Bottle,blow molding,FR-002-HDPE-PCR-300,WO-6272,2625721070627230,ISBM-007,3991,0.1034,412.67
SO-14081,2026-07-02,CUST-003,Bottle,Blow Molding,FR-002-HDPE-PCR-300,WO-6273,2626131070627331,ISBM-007,5615,0.1363,765.32
SO-14082,2026-06-30,CUST-006,Bottle,Blow Molding,FR-002-HDPE-PCR-300,WO-6274,2626121070627432,ISBM-007,3986,0.1781,709.91
SO-14083,2026-06-26,CUST-008,Bottle,Blow Molding,FR-015-HDPE-500,WO-6275,2626211070627533,ISBM-007,2827,0.1308,369.77
SO-14084,2026-06-30,CUST-009,Bottle,Blow Molding,FR-015-HDPE-500,WO-6276,2626221070627634,ISBM-007,4176,0.2961,1236.51
SO-14085,2026-06-30,CUST-002,Bottle,Blow Molding,FR-015-PETG-500,WO-6277,2626311070627735,ISBM-007,4418,0.2333,1030.72
SO-14086,2026-07-07,CUST-011,Bottle,Blow Molding,FR-002-HDPE-PCR-300,WO-6279,2626411070627937,ISBM-007,2230,0.3355,748.17
SO-14087,2026-06-29,CUST-003,Bottle,Blow Molding,FR-017-HDPE-600,WO-6283,2626731070628341,ISBM-007,1852,0.2811,520.6
SO-14088,2026-07-08,CUST-001,Bottle,Blow Molding,FR-002-HDPE-PCR-300,WO-6285,2627131070628543,ISBM-007,3369,0.0896,301.86
SO-14089,2026-07-06,CUST-006,Bottle,Blow Molding,FR-015-rPET-500,WO-6287,2627211070628745,ISBM-007,4541,0.3022,1372.29
SO-14090,2026-07-07,CUST-009,Bottle,Blow Molding,FR-002-HDPE-PCR-300,WO-6288,2627331070628846,ISBM-007,2583,0.2883,744.68
SO-14091,2026-07-06,CUST-013,Bottle,Blow Molding,FR-002-HDPE-PCR-300,WO-6289,2627311070628947,ISBM-007,5449,0.2198,1197.69
SO-14092,2026-07-08,CUST-012,Bottle,Blow Molding,FR-002-HDPE-PCR-300,WO-6290,2627411070629048,ISBM-007,4359,0.3459,1507.78
SO-14093,2026-07-14,CUST-008,Bottle,Blow Molding,FR-017-HDPE-PCR-600,WO-6291,2627421070629149,ISBM-007,5537,0.1866,1033.2
SO-14094,2026-07-12,CUST-004,Bottle,Blow Molding,FR-017-HDPE-PCR-600,WO-6292,2627511070629250,ISBM-007,4253,0.2045,869.74
SO-14095,2026-07-09,CUST-011,Bottle,BLOW MOLDING,FR-020-HDPE-750,WO-6293,2627631070629351,ISBM-007,824,0.2635,217.12
SO-14096,2026-07-13,CUST-013,Bottle,Blow Molding,FR-020-HDPE-750,WO-6294,2627631070629452,ISBM-007,3295,0.1848,608.92
SO-14097,2026-07-13,CUST-008,Bottle,  Blow Molding  ,FR-020-HDPE-750,WO-6295,2627711070629553,ISBM-007,2208,0.1806,398.76
SO-14098,2026-07-13,CUST-012,Bottle,Blow Molding,FR-017-PP-600,WO-6296,2628131070629654,ISBM-007,4115,0.2331,959.21
SO-14099,2026-07-14,CUST-002,Bottle,blow molding,FR-002-HDPE-PCR-300,WO-6297,2628121070629755,ISBM-007,7001,0.1159,811.42
SO-14100,2026-07-18,CUST-005,Bottle,Blow Molding,FR-002-HDPE-PCR-300,WO-6298,2628211070629856,ISBM-007,6166,0.0852,525.34
SO-14101,2026-07-13,CUST-012,Bottle,Blow Molding,FR-002-HDPE-PCR-300,WO-6300,2628431070630058,ISBM-007,6342,0.3052,1935.58
SO-14102,2026-07-19,CUST-011,Bottle,Blow Molding,FR-020-HDPE-750,WO-6302,2628521070630260,ISBM-007,4773,0.1068,509.76
SO-14103,2026-07-18,CUST-010,Bottle,Blow Molding,FR-020-rPET-750,WO-6303,2628621070630361,ISBM-007,4193,0.3078,1290.61
SO-14104,2026-07-23,CUST-005,Bottle,Blow Molding,FR-020-rPET-750,WO-6304,2628731070630462,ISBM-007,3300,0.1852,611.16
SO-14105,2026-07-20,CUST-010,Bottle,Blow Molding,FR-020-rPET-750,WO-6305,2628721070630563,ISBM-007,3879,0.1526,591.94
SO-14106,2026-07-18,CUST-010,Bottle,Blow Molding,FR-002-HDPE-PCR-300,WO-6306,2629111070630664,ISBM-007,5761,0.1392,801.93
SO-14107,2026-07-19,CUST-011,Bottle,Blow Molding,FR-002-HDPE-PCR-300,WO-6307,2629231070630765,ISBM-007,6849,0.1187,812.98
SO-14108,2026-07-22,CUST-004,Bottle,Blow Molding,FR-015-rPET-500,WO-6309,2629321070630967,ISBM-007,2774,0.0986,273.52
SO-14109,2026-07-21,CUST-006,Bottle,Blow Molding,FR-015-rPET-500,WO-6310,2629431070631068,ISBM-007,5911,0.1692,1000.14
SO-14110,2026-07-25,CUST-001,Bottle,Blow Molding,FR-002-HDPE-PCR-300,WO-6312,2629521070631270,ISBM-007,6263,0.1122,702.71
SO-14111,2026-07-28,CUST-011,Bottle,Blow Molding,FR-002-HDPE-PCR-300,WO-6313,2629621070631371,ISBM-007,3025,0.2492,753.83
SO-14112,2026-07-25,CUST-012,Bottle,Blow Molding,FR-002-HDPE-PCR-300,WO-6314,2629711070631472,ISBM-007,5497,0.2601,1429.77
SO-14113,2026-07-26,CUST-013,Bottle,Blow Molding,FR-020-rPET-750,WO-6317,2630211070631775,ISBM-007,5016,0.3064,1536.9
SO-14114,2026-07-30,CUST-011,Bottle,Blow Molding,FR-020-PET-750,WO-6321,2630431070632179,ISBM-007,3623,0.1564,566.64
SO-14115,2026-07-25,CUST-010,Bottle,Blow Molding,FR-002-HDPE-PCR-300,WO-6322,2630511070632280,ISBM-007,4475,0.1157,517.76
SO-14116,2026-08-02,CUST-002,Bottle,  Blow Molding  ,FR-017-PP-PCR-600,WO-6324,2630611070632482,ISBM-007,8948,0.1913,1711.75
SO-14117,2026-07-28,CUST-009,Bottle,Blow Molding,FR-017-PP-PCR-600,WO-6325,2630731070632583,ISBM-007,4059,0.2042,828.85
SO-14118,2026-08-04,CUST-008,Bottle,Blow Molding,FR-015-HDPE-500,WO-6327,2631111070632785,ISBM-007,4546,0.3036,1380.17
SO-14119,2026-08-02,CUST-003,Bottle,Blow Molding,FR-017-PP-600,WO-6328,2631231070632886,ISBM-007,6388,0.2794,1784.81
SO-14120,2026-08-07,CUST-008,Bottle,Blow Molding,FR-017-PP-600,WO-6329,2631231070632987,ISBM-007,2738,0.1295,354.57
SO-14121,2026-08-10,CUST-002,Bottle,Blow Molding,FR-017-HDPE-PCR-600,WO-6331,2631411070633189,ISBM-007,3457,0.1489,514.75
SO-14122,2026-08-04,CUST-009,Bottle,Blow Molding,FR-017-HDPE-PCR-600,WO-6332,2631531070633290,ISBM-007,3133,0.2587,810.51
SO-14123,2026-08-08,CUST-009,Bottle,Blow Molding,FR-020-HDPE-750,WO-6333,2631511070633391,ISBM-007,3557,0.3188,1133.97
SO-14124,2026-08-11,CUST-008,Bottle,Blow Molding,FR-020-HDPE-750,WO-6334,2631611070633492,ISBM-007,7539,0.3087,2327.29
SO-14125,2026-08-07,CUST-001,Bottle,Blow Molding,FR-020-HDPE-750,WO-6335,2631731070633593,ISBM-007,1938,0.1422,275.58
SO-14126,2026-08-13,CUST-014,Bottle,Blow Molding,FR-020-HDPE-PCR-750,WO-6337,2632111070633795,ISBM-007,4792,0.1206,577.92
SO-14127,2026-08-06,CUST-005,Bottle,Blow Molding,FR-020-PET-750,WO-6338,2632131070633896,ISBM-007,3631,0.309,1121.98
SO-14128,2026-08-13,CUST-008,Bottle,Blow Molding,FR-020-PET-750,WO-6339,2632211070633997,ISBM-007,2422,0.3002,727.08
SO-14129,2026-08-06,CUST-003,Bottle,Blow Molding,FR-020-HDPE-750,WO-6340,2632231070634098,ISBM-007,4301,0.2879,1238.26
SO-14130,2026-08-09,CUST-002,Bottle,Blow Molding,FR-020-PET-750,WO-6341,2632311070634199,ISBM-007,2600,0.1738,451.88
SO-14131,2026-08-13,CUST-005,Bottle,Blow Molding,FR-020-rPET-750,WO-6342,2632431070634201,ISBM-007,3815,0.3129,1193.71
SO-14132,2026-08-15,CUST-013,Bottle,Blow Molding,FR-015-HDPE-500,WO-6343,2632421070634302,ISBM-007,2013,0.1269,255.45
SO-14133,2026-08-12,CUST-011,Bottle,Blow Molding,FR-002-HDPE-PCR-300,WO-6344,2632511070634403,ISBM-007,3484,0.156,543.5
SO-14134,2026-08-21,CUST-014,Bottle,Blow Molding,FR-020-HDPE-750,WO-6347,2632711070634706,ISBM-007,2896,0.1177,340.86
SO-14135,2026-08-20,CUST-011,Bottle,blow molding,FR-015-rPET-500,WO-6348,2633111070634807,ISBM-007,1910,0.1962,374.74
SO-14136,2026-08-13,CUST-003,Bottle,Blow Molding,FR-002-HDPE-PCR-300,WO-6349,2633131070634908,ISBM-007,4744,0.1412,669.85
SO-14137,2026-08-20,CUST-013,Bottle,Blow Molding,FR-017-PP-600,WO-6350,2633221070635009,ISBM-007,8768,0.2736,2398.92
SO-14138,2026-08-16,CUST-012,Bottle,Blow Molding,FR-020-PET-750,WO-6351,2633311070635110,ISBM-007,4280,0.1932,826.9
SO-14139,2026-08-20,CUST-012,Bottle,Blow Molding,FR-020-PET-750,WO-6352,2633331070635211,ISBM-007,4214,0.2882,1214.47
SO-14140,2026-08-22,CUST-010,Bottle,Blow Molding,FR-015-rPET-500,WO-6353,2633421070635312,ISBM-007,4943,0.1325,654.95
SO-14141,2026-08-16,CUST-014,Bottle,Blow Molding,FR-015-rPET-500,WO-6354,2633511070635413,ISBM-007,3121,0.1755,547.74
SO-14142,2026-08-24,CUST-014,Bottle,Blow Molding,FR-002-HDPE-PCR-300,WO-6355,2633611070635514,ISBM-007,5359,0.2469,1323.14
SO-14143,2026-08-20,CUST-005,Bottle,Blow Molding,FR-002-HDPE-PCR-300,WO-6356,2633631070635615,ISBM-007,4881,0.2023,987.43
SO-14144,2026-08-25,CUST-003,Bottle,Blow Molding,FR-002-HDPE-PCR-300,WO-6357,2633721070635716,ISBM-007,2408,0.1309,315.21
SO-14145,2026-08-29,CUST-001,Bottle,Blow Molding,FR-002-HDPE-PCR-300,WO-6358,2634111070635817,ISBM-007,5081,0.2086,1059.9
SO-14146,2026-08-25,CUST-010,Bottle,Blow Molding,FR-002-HDPE-PCR-300,WO-6359,2634231070635918,ISBM-007,3439,0.2898,996.62
SO-14147,2026-08-29,CUST-010,Bottle,Blow Molding,FR-002-HDPE-PCR-300,WO-6360,2634211070636019,ISBM-007,5622,0.3412,1918.23
SO-14148,2026-08-25,CUST-009,Bottle,Blow Molding,FR-002-HDPE-PCR-300,WO-6361,2634311070636120,ISBM-007,7095,0.1641,1164.29
SO-14149,2026-08-30,CUST-012,Bottle,Blow Molding,FR-015-PETG-500,WO-6363,2634421070636322,ISBM-007,3166,0.2692,852.29
SO-14150,2026-09-01,CUST-008,Bottle,Blow Molding,FR-017-PP-PCR-600,WO-6364,2634511070636423,ISBM-007,6761,0.0804,543.58
SO-14151,2026-09-02,CUST-014,Bottle,Blow Molding,FR-017-HDPE-600,WO-6365,2634611070636524,ISBM-007,3194,0.127,405.64
SO-14152,2026-08-26,CUST-007,Bottle,Blow Molding,FR-017-HDPE-600,WO-6366,2634631070636625,ISBM-007,4924,0.0959,472.21
SO-14153,2026-08-29,CUST-010,Bottle,Blow Molding,FR-017-HDPE-600,WO-6367,2634711070636726,ISBM-007,5997,0.3255,1952.02
SO-14154,2026-09-04,CUST-007,Bottle,BLOW MOLDING,FR-015-PETG-500,WO-6369,2635121070636928,ISBM-007,3453,0.2877,993.43
SO-14155,2026-08-31,CUST-014,Bottle,Blow Molding,FR-002-HDPE-PCR-300,WO-6370,2635221070637029,ISBM-007,4656,0.1443,671.86
SO-14156,2026-09-07,CUST-002,Bottle,Blow Molding,FR-002-HDPE-PCR-300,WO-6371,2635311070637130,ISBM-007,3018,0.0811,244.76
SO-14157,2026-09-05,CUST-003,Bottle,Blow Molding,FR-002-HDPE-PCR-300,WO-6372,2635431070637231,ISBM-007,3883,0.3325,1291.1
SO-14158,2026-08-30,CUST-003,Bottle,Blow Molding,FR-002-HDPE-PCR-300,WO-6373,2635421070637332,ISBM-007,4171,0.1889,787.9
SO-14159,2026-09-09,CUST-011,Bottle,Blow Molding,FR-002-HDPE-PCR-300,WO-6374,2635511070637433,ISBM-007,7569,0.0925,700.13
SO-14160,2026-09-04,CUST-005,Bottle,Blow Molding,FR-017-HDPE-600,WO-6375,2635631070637534,ISBM-007,10836,0.2163,2343.83
SO-14161,2026-09-06,CUST-003,Bottle,Blow Molding,FR-017-HDPE-600,WO-6376,2635731070637635,ISBM-007,1953,0.3203,625.55
SO-14162,2026-09-09,CUST-014,Bottle,Blow Molding,FR-017-HDPE-600,WO-6377,2635711070637736,ISBM-007,4652,0.2793,1299.3
SO-14163,2026-09-04,CUST-008,Bottle,Blow Molding,FR-020-HDPE-750,WO-6378,2636111070637837,ISBM-007,2978,0.2659,791.85
SO-14164,2026-09-05,CUST-005,Bottle,Blow Molding,FR-020-HDPE-750,WO-6379,2636211070637938,ISBM-007,3174,0.2566,814.45
SO-14165,2026-09-03,CUST-014,Bottle,Blow Molding,FR-020-HDPE-750,WO-6380,2636221070638039,ISBM-007,3973,0.2919,1159.72
SO-14166,2026-09-05,CUST-003,Bottle,  Blow Molding  ,FR-017-PP-600,WO-6381,2636311070638140,ISBM-007,3804,0.2975,1131.69
SO-14167,2026-09-10,CUST-009,Bottle,Blow Molding,FR-017-PP-600,WO-6382,2636431070638241,ISBM-007,2894,0.1044,302.13
SO-14168,2026-09-15,CUST-003,Bottle,Blow Molding,FR-017-PP-600,WO-6383,2636421070638342,ISBM-007,5119,0.1163,595.34
SO-14169,2026-09-09,CUST-013,Bottle,Blow Molding,FR-020-PP-750,WO-6384,2636511070638443,ISBM-007,5284,0.0832,439.63
SO-14170,2026-09-07,CUST-012,Bottle,Blow Molding,FR-017-rPET-600,WO-6385,2636631070638544,ISBM-007,3212,0.1073,344.65
SO-14171,2026-09-15,CUST-001,Bottle,Blow Molding,FR-020-PP-750,WO-6386,2636611070638645,ISBM-007,1963,0.211,414.19
SO-14172,2026-09-13,CUST-005,Bottle,BLOW MOLDING,FR-020-PP-750,WO-6387,2636731070638746,ISBM-007,3361,0.0846,284.34
SO-14173,2026-09-14,CUST-005,Bottle,  Blow Molding  ,FR-002-HDPE-PCR-300,WO-6388,2636721070638847,ISBM-007,2948,0.3229,951.91
SO-14174,2026-09-18,CUST-002,Bottle,Blow Molding,FR-015-HDPE-500,WO-6389,2637111070638948,ISBM-007,4616,0.1936,893.66
SO-14175,2026-09-13,CUST-012,Bottle,Blow Molding,FR-015-HDPE-500,WO-6390,2637231070639049,ISBM-007,2458,0.2857,702.25
SO-14176,2026-09-17,CUST-013,Bottle,Blow Molding,FR-015-HDPE-500,WO-6391,2637221070639150,ISBM-007,2448,0.2102,514.57
SO-14177,2026-09-14,CUST-014,Bottle,Blow Molding,FR-015-HDPE-500,WO-6392,2637311070639251,ISBM-007,5320,0.1678,892.7
SO-14178,2026-09-14,CUST-011,Bottle,Blow Molding,FR-015-HDPE-500,WO-6393,2637431070639352,ISBM-007,5726,0.2424,1387.98
SO-14179,2026-09-18,CUST-012,Bottle,Blow Molding,FR-015-HDPE-500,WO-6394,2637421070639453,ISBM-007,3617,0.2862,1035.19
SO-14180,2026-09-23,CUST-001,Bottle,Blow Molding,FR-017-PP-600,WO-6396,2637611070639655,ISBM-007,6898,0.3145,2169.42
SO-14181,2026-09-17,CUST-005,Bottle,Blow Molding,FR-002-HDPE-PCR-300,WO-6397,2637731070639756,ISBM-007,2450,0.3228,790.86
SO-14182,2026-09-16,CUST-004,Bottle,Blow Molding,FR-015-PETG-500,WO-6398,2637721070639857,ISBM-007,2882,0.2967,855.09
SO-14183,2026-09-16,CUST-009,Bottle,Blow Molding,FR-017-PP-PCR-600,WO-6399,2638111070639958,ISBM-007,8985,0.3361,3019.86
SO-14184,2026-09-19,CUST-001,Bottle,Blow Molding,FR-017-PP-PCR-600,WO-6400,2638231070640059,ISBM-007,4155,0.1459,606.21
SO-14185,2026-09-23,CUST-002,Bottle,Blow Molding,FR-015-HDPE-500,WO-6403,2638321070640362,ISBM-007,2108,0.1532,322.95
SO-14186,2026-09-22,CUST-005,Bottle,Blow Molding,FR-015-HDPE-500,WO-6404,2638431070640463,ISBM-007,6670,0.2066,1378.02
SO-14187,2026-09-26,CUST-005,Bottle,Blow Molding,FR-015-HDPE-500,WO-6405,2638431070640564,ISBM-007,3867,0.192,742.46
SO-14188,2026-09-20,CUST-012,Bottle,Blow Molding,FR-017-rPET-600,WO-6406,2638521070640665,ISBM-007,6554,0.0839,549.88
SO-14189,2026-09-30,CUST-006,Bottle,Blow Molding,FR-017-HDPE-600,WO-6407,2638611070640766,ISBM-007,3055,0.3113,951.02
SO-14190,2026-09-27,CUST-002,Bottle,Blow Molding,FR-017-HDPE-600,WO-6408,2638621070640867,ISBM-007,8692,0.1066,926.57
SO-14191,2026-10-02,CUST-013,Bottle,Blow Molding,FR-017-rPET-600,WO-6409,2638721070640968,ISBM-007,6719,0.3204,2152.77
SO-14192,2026-09-25,CUST-012,Bottle,Blow Molding,FR-017-HDPE-600,WO-6411,2639231070641170,ISBM-007,4312,0.3046,1313.44
SO-14193,2026-09-24,CUST-004,Bottle,Blow Molding,FR-017-PP-600,WO-6412,2639221070641271,ISBM-007,5453,0.2595,1415.05
SO-14194,2026-09-28,CUST-005,Bottle,blow molding,FR-017-PP-600,WO-6414,2639411070641473,ISBM-007,3519,0.1423,500.75
SO-14195,2026-10-03,CUST-007,Bottle,Blow Molding,FR-002-HDPE-PCR-300,WO-6415,2639421070641574,ISBM-007,4972,0.0801,398.26
SO-14196,2026-10-01,CUST-014,Bottle,  Blow Molding  ,FR-002-HDPE-PCR-300,WO-6416,2639511070641675,ISBM-007,3344,0.324,1083.46
SO-14197,2026-09-27,CUST-013,Bottle,Blow Molding,FR-002-HDPE-PCR-300,WO-6417,2639631070641776,ISBM-007,2197,0.189,415.23
SO-14198,2026-10-05,CUST-010,Bottle,Blow Molding,FR-002-HDPE-PCR-300,WO-6418,2639621070641877,ISBM-007,4687,0.262,1227.99
SO-14199,2026-10-07,CUST-014,Bottle,Blow Molding,FR-002-HDPE-PCR-300,WO-6419,2639711070641978,ISBM-007,2277,0.1509,343.6
SO-14200,2026-10-06,CUST-008,Bottle,Blow Molding,FR-002-HDPE-PCR-300,WO-6420,2640131070642079,ISBM-007,4930,0.1779,877.05
SO-14201,2026-10-03,CUST-009,Bottle,  Blow Molding  ,FR-002-HDPE-PCR-300,WO-6421,2640121070642180,ISBM-007,2403,0.2441,586.57
SO-14202,2026-10-05,CUST-004,Bottle,BLOW MOLDING,FR-002-HDPE-PCR-300,WO-6422,2640231070642281,ISBM-007,3960,0.2229,882.68
SO-14203,2026-10-04,CUST-014,Bottle,Blow Molding,FR-002-HDPE-PCR-300,WO-6423,2640211070642382,ISBM-007,1731,0.2471,427.73
SO-14204,2026-10-04,CUST-004,Bottle,Blow Molding,FR-002-HDPE-PCR-300,WO-6424,2640331070642483,ISBM-007,6641,0.0973,646.17
SO-14205,2026-10-10,CUST-004,Bottle,Blow Molding,FR-017-rPET-600,WO-6425,2640321070642584,ISBM-007,3151,0.2133,672.11
SO-14206,2026-10-04,CUST-004,Bottle,Blow Molding,FR-017-rPET-600,WO-6426,2640411070642685,ISBM-007,2691,0.1633,439.44
SO-14207,2026-10-06,CUST-005,Bottle,Blow Molding,FR-017-rPET-600,WO-6427,2640431070642786,ISBM-007,3134,0.2657,832.7
SO-14208,2026-10-12,CUST-014,Bottle,Blow Molding,FR-017-HDPE-600,WO-6428,2640521070642887,ISBM-007,5878,0.1704,1001.61
SO-14209,2026-10-10,CUST-009,Bottle,Blow Molding,FR-020-PP-750,WO-6431,2641131070643190,ISBM-007,5852,0.1572,919.93
SO-14210,2026-10-17,CUST-004,Bottle,Blow Molding,FR-002-HDPE-PCR-300,WO-6432,2641121070643291,ISBM-007,3228,0.2871,926.76
SO-14211,2026-10-15,CUST-007,Bottle,blow molding,FR-002-HDPE-PCR-300,WO-6433,2641211070643392,ISBM-007,6720,0.0817,549.02
SO-14212,2026-10-12,CUST-003,Bottle,Blow Molding,FR-020-HDPE-PCR-750,WO-6436,2641411070643695,ISBM-007,3800,0.3439,1306.82
SO-14213,2026-10-19,CUST-013,Bottle,Blow Molding,FR-017-HDPE-600,WO-6437,2641531070643796,ISBM-007,7258,0.3332,2418.37
SO-14214,2026-10-16,CUST-004,Bottle,Blow Molding,FR-020-rPET-750,WO-6439,2641611070643998,ISBM-007,2794,0.164,458.22
SO-14215,2026-10-15,CUST-006,Bottle,Blow Molding,FR-020-rPET-750,WO-6440,2641621070644099,ISBM-007,5536,0.3046,1686.27
SO-14216,2026-10-15,CUST-006,Bottle,Blow Molding,FR-017-PP-600,WO-6441,2641711070644101,ISBM-007,10348,0.0815,843.36
SO-14217,2026-10-15,CUST-002,Bottle,blow molding,FR-017-PP-600,WO-6442,2642111070644202,ISBM-007,5376,0.1315,706.94
SO-14218,2026-10-14,CUST-012,Bottle,Blow Molding,FR-002-HDPE-PCR-300,WO-6443,2642231070644303,ISBM-007,7647,0.0858,656.11
SO-14219,2026-10-24,CUST-006,Bottle,Blow Molding,FR-002-HDPE-PCR-300,WO-6444,2642221070644404,ISBM-007,4216,0.0926,390.4
SO-14220,2026-10-25,CUST-010,Bottle,Blow Molding,FR-015-rPET-500,WO-6445,2642331070644505,ISBM-007,2644,0.1226,324.15
SO-14221,2026-10-27,CUST-014,Bottle,Blow Molding,FR-015-HDPE-500,WO-6447,2642431070644707,ISBM-007,7939,0.3323,2638.13
SO-14222,2026-10-19,CUST-009,Bottle,Blow Molding,FR-017-PP-PCR-600,WO-6448,2642531070644808,ISBM-007,5580,0.2912,1624.9
SO-14223,2026-10-28,CUST-010,Bottle,Blow Molding,FR-017-PP-PCR-600,WO-6449,2642511070644909,ISBM-007,6402,0.3157,2021.11
SO-14224,2026-10-19,CUST-009,Bottle,Blow Molding,FR-017-PP-PCR-600,WO-6450,2642631070645010,ISBM-007,3618,0.1139,412.09
SO-14225,2026-10-26,CUST-012,Bottle,Blow Molding,FR-017-PP-PCR-600,WO-6451,2642731070645111,ISBM-007,5003,0.332,1661.0
SO-14226,2026-10-28,CUST-002,Bottle,BLOW MOLDING,FR-017-PP-PCR-600,WO-6452,2642721070645212,ISBM-007,5565,0.2603,1448.57
SO-14227,2026-10-20,CUST-002,Bottle,Blow Molding,FR-015-HDPE-500,WO-6453,2643111070645313,ISBM-007,1473,0.2126,313.16
SO-14228,2026-10-23,CUST-013,Bottle,Blow Molding,FR-020-HDPE-750,WO-6454,2643121070645414,ISBM-007,3396,0.2258,766.82
SO-14229,2026-10-24,CUST-010,Bottle,Blow Molding,FR-020-HDPE-750,WO-6455,2643221070645515,ISBM-007,3882,0.235,912.27
SO-14230,2026-10-29,CUST-014,Bottle,Blow Molding,FR-002-HDPE-PCR-300,WO-6456,2643311070645616,ISBM-007,1492,0.2213,330.18
SO-14231,2026-10-28,CUST-003,Bottle,Blow Molding,FR-015-rPET-500,WO-6458,2643531070645818,ISBM-007,4765,0.233,1110.25
SO-14232,2026-11-03,CUST-006,Bottle,  Blow Molding  ,FR-015-rPET-500,WO-6459,2643521070645919,ISBM-007,4373,0.1322,578.11
SO-14233,2026-10-29,CUST-005,Bottle,blow molding,FR-017-HDPE-PCR-600,WO-6460,2643621070646020,ISBM-007,4145,0.1449,600.61
SO-14234,2026-11-04,CUST-006,Bottle,Blow Molding,FR-017-HDPE-PCR-600,WO-6461,2643731070646121,ISBM-007,6300,0.0819,515.97
SO-14235,2026-11-07,CUST-007,Bottle,Blow Molding,FR-002-HDPE-PCR-300,WO-6463,2644131070646323,ISBM-007,3168,0.1286,407.4
SO-14236,2026-11-08,CUST-009,Bottle,Blow Molding,FR-002-HDPE-PCR-300,WO-6465,2644311070646525,ISBM-007,4396,0.2755,1211.1
SO-14237,2026-11-08,CUST-005,Bottle,Blow Molding,FR-017-PP-PCR-600,WO-6466,2644431070646626,ISBM-007,3901,0.1308,510.25
SO-14238,2026-11-09,CUST-003,Bottle,Blow Molding,FR-017-PP-600,WO-6468,2644511070646828,ISBM-007,2098,0.3148,660.45
SO-14239,2026-11-11,CUST-011,Bottle,Blow Molding,FR-017-PP-600,WO-6469,2644521070646929,ISBM-007,7197,0.0916,659.25
SO-14240,2026-11-06,CUST-001,Bottle,Blow Molding,FR-020-rPET-750,WO-6470,2644611070647030,ISBM-007,5877,0.2477,1455.73
SO-14241,2026-11-07,CUST-012,Bottle,Blow Molding,FR-020-rPET-750,WO-6471,2644731070647131,ISBM-007,4231,0.2853,1207.1
SO-14242,2026-11-06,CUST-003,Bottle,  Blow Molding  ,FR-020-PET-750,WO-6472,2644731070647232,ISBM-007,2862,0.1698,485.97
SO-14243,2026-11-09,CUST-010,Bottle,Blow Molding,FR-002-HDPE-PCR-300,WO-6473,2645231070647333,ISBM-007,2198,0.1994,438.28
SO-14244,2026-11-07,CUST-010,Bottle,Blow Molding,FR-002-HDPE-PCR-300,WO-6474,2645211070647434,ISBM-007,1584,0.1405,222.55
SO-14245,2026-11-10,CUST-010,Bottle,Blow Molding,FR-015-HDPE-PCR-500,WO-6475,2645231070647535,ISBM-007,3264,0.3157,1030.44
SO-14246,2026-11-15,CUST-008,Bottle,Blow Molding,FR-015-HDPE-PCR-500,WO-6476,2645321070647636,ISBM-007,1900,0.1692,321.48
SO-14247,2026-11-11,CUST-006,Bottle,Blow Molding,FR-015-HDPE-PCR-500,WO-6477,2645431070647737,ISBM-007,3012,0.1403,422.58
SO-14248,2026-11-06,CUST-007,Bottle,Blow Molding,FR-015-rPET-500,WO-6478,2645411070647838,ISBM-007,1983,0.2943,583.6
SO-14249,2026-11-10,CUST-013,Bottle,Blow Molding,FR-017-rPET-600,WO-6479,2645531070647939,ISBM-007,5863,0.0972,569.88
SO-14250,2026-11-18,CUST-003,Bottle,Blow Molding,FR-017-PP-PCR-600,WO-6483,2645711070648343,ISBM-007,5256,0.3448,1812.27
SO-14251,2026-11-12,CUST-012,Bottle,Blow Molding,FR-015-HDPE-500,WO-6484,2646131070648444,ISBM-007,1165,0.2812,327.6
SO-14252,2026-11-17,CUST-005,Bottle,Blow Molding,FR-015-HDPE-500,WO-6485,2646121070648545,ISBM-007,2459,0.1095,269.26
SO-14253,2026-11-15,CUST-001,Bottle,  Blow Molding  ,FR-002-HDPE-PCR-300,WO-6486,2646211070648646,ISBM-007,4731,0.2818,1333.2
SO-14254,2026-11-14,CUST-003,Bottle,Blow Molding,FR-002-HDPE-PCR-300,WO-6487,2646331070648747,ISBM-007,4657,0.2579,1201.04
SO-14255,2026-11-13,CUST-008,Bottle,Blow Molding,FR-002-HDPE-PCR-300,WO-6488,2646321070648848,ISBM-007,3583,0.3142,1125.78
SO-14256,2026-11-15,CUST-010,Bottle,Blow Molding,FR-017-HDPE-600,WO-6489,2646431070648949,ISBM-007,2767,0.2697,746.26
SO-14257,2026-11-23,CUST-009,Bottle,Blow Molding,FR-017-HDPE-600,WO-6490,2646531070649050,ISBM-007,4006,0.1133,453.88
SO-14258,2026-11-18,CUST-010,Bottle,Blow Molding,FR-020-PET-750,WO-6491,2646521070649151,ISBM-007,2724,0.1591,433.39
SO-14259,2026-11-21,CUST-012,Bottle,Blow Molding,FR-020-PET-750,WO-6492,2646611070649252,ISBM-007,2550,0.1222,311.61
SO-14260,2026-11-23,CUST-013,Bottle,Blow Molding,FR-020-PET-750,WO-6493,2646621070649353,ISBM-007,3612,0.199,718.79
SO-14261,2026-11-20,CUST-001,Bottle,Blow Molding,FR-015-PETG-500,WO-6494,2646711070649454,ISBM-007,2374,0.2319,550.53
SO-14262,2026-11-17,CUST-005,Bottle,Blow Molding,FR-015-PETG-500,WO-6495,2647131070649555,ISBM-007,3324,0.1351,449.07
SO-14263,2026-11-26,CUST-006,Bottle,Blow Molding,FR-002-HDPE-PCR-300,WO-6496,2647121070649656,ISBM-007,5692,0.3277,1865.27
SO-14264,2026-11-27,CUST-006,Bottle,  Blow Molding  ,FR-002-HDPE-PCR-300,WO-6497,2647211070649757,ISBM-007,4151,0.2312,959.71
SO-14265,2026-11-19,CUST-002,Bottle,Blow Molding,FR-002-HDPE-PCR-300,WO-6498,2647331070649858,ISBM-007,5814,0.2754,1601.18
SO-14266,2026-11-25,CUST-013,Bottle,Blow Molding,FR-020-HDPE-PCR-750,WO-6499,2647321070649959,ISBM-007,2547,0.3138,799.25
SO-14267,2026-11-22,CUST-008,Bottle,Blow Molding,FR-017-rPET-600,WO-6500,2647411070650060,ISBM-007,4843,0.1851,896.44
SO-14268,2026-11-21,CUST-013,Bottle,Blow Molding,FR-020-HDPE-750,WO-6501,2647531070650161,ISBM-007,4899,0.3218,1576.5
SO-14269,2026-11-23,CUST-004,Bottle,Blow Molding,FR-020-PET-750,WO-6502,2647531070650262,ISBM-007,1604,0.3426,549.53
SO-14270,2026-11-26,CUST-013,Bottle,Blow Molding,FR-020-PP-PCR-750,WO-6503,2647611070650363,ISBM-007,4594,0.1527,701.5
SO-14271,2026-11-24,CUST-009,Bottle,Blow Molding,FR-020-PP-PCR-750,WO-6504,2647711070650464,ISBM-007,1738,0.2135,371.06
SO-14272,2026-11-27,CUST-004,Bottle,Blow Molding,FR-015-HDPE-PCR-500,WO-6509,2648311070650969,ISBM-007,2188,0.2425,530.59
SO-14273,2026-12-01,CUST-012,Bottle,Blow Molding,FR-015-HDPE-PCR-500,WO-6512,2648511070651272,ISBM-007,5978,0.349,2086.32
SO-14274,2026-12-09,CUST-005,Bottle,Blow Molding,FR-020-PP-750,WO-6513,2648611070651373,ISBM-007,3753,0.1669,626.38
SO-14275,2026-12-09,CUST-011,Bottle,Blow Molding,FR-020-PP-750,WO-6514,2648631070651474,ISBM-007,1799,0.1072,192.85
SO-14276,2026-12-05,CUST-010,Bottle,Blow Molding,FR-017-HDPE-600,WO-6515,2648711070651575,ISBM-007,2491,0.1989,495.46
SO-14277,2026-12-02,CUST-005,Bottle,Blow Molding,FR-017-HDPE-600,WO-6516,2649131070651676,ISBM-007,3409,0.3318,1131.11
SO-14278,2026-12-08,CUST-011,Bottle,Blow Molding,FR-002-HDPE-PCR-300,WO-6517,2649121070651777,ISBM-007,2116,0.1992,421.51
SO-14279,2026-12-07,CUST-005,Bottle,Blow Molding,FR-002-HDPE-PCR-300,WO-6518,2649131070651878,ISBM-007,3392,0.3072,1042.02
SO-14280,2026-12-13,CUST-005,Bottle,Blow Molding,FR-017-rPET-600,WO-6519,2649221070651979,ISBM-007,7312,0.15,1096.8
SO-14281,2026-12-10,CUST-007,Bottle,Blow Molding,FR-017-rPET-600,WO-6520,2649311070652080,ISBM-007,3621,0.1941,702.84
SO-14282,2026-12-14,CUST-009,Bottle,Blow Molding,FR-020-rPET-750,WO-6521,2649411070652181,ISBM-007,2499,0.1731,432.58
SO-14283,2026-12-09,CUST-008,Bottle,  Blow Molding  ,FR-020-rPET-750,WO-6523,2649521070652383,ISBM-007,5105,0.2864,1462.07
SO-14284,2026-12-12,CUST-003,Bottle,Blow Molding,FR-002-HDPE-PCR-300,WO-6524,2649611070652484,ISBM-007,5247,0.2556,1341.13
SO-14285,2026-12-07,CUST-014,Bottle,Blow Molding,FR-002-HDPE-PCR-300,WO-6525,2649621070652585,ISBM-007,4512,0.2692,1214.63
SO-14286,2026-12-09,CUST-009,Bottle,blow molding,FR-002-HDPE-PCR-300,WO-6527,2650111070652787,ISBM-007,6380,0.2343,1494.83
SO-14287,2026-12-17,CUST-014,Bottle,blow molding,FR-020-HDPE-PCR-750,WO-6531,2650331070653191,ISBM-007,1568,0.2821,442.33
SO-14288,2026-12-19,CUST-011,Bottle,Blow Molding,FR-020-HDPE-PCR-750,WO-6532,2650431070653292,ISBM-007,3940,0.327,1288.38
SO-14289,2026-12-16,CUST-008,Bottle,Blow Molding,FR-002-HDPE-PCR-300,WO-6533,2650511070653393,ISBM-007,3402,0.1582,538.2
SO-14290,2026-12-20,CUST-009,Bottle,BLOW MOLDING,FR-002-HDPE-PCR-300,WO-6534,2650631070653494,ISBM-007,4290,0.1542,661.52
SO-14291,2026-12-20,CUST-005,Bottle,Blow Molding,FR-002-HDPE-PCR-300,WO-6535,2650621070653595,ISBM-007,2695,0.2533,682.64
SO-14292,2026-12-16,CUST-011,Bottle,Blow Molding,FR-002-HDPE-PCR-300,WO-6536,2650731070653696,ISBM-007,2419,0.2239,541.61
SO-14293,2026-12-23,CUST-006,Bottle,Blow Molding,FR-020-PP-PCR-750,WO-6537,2650711070653797,ISBM-007,3785,0.1864,705.52
SO-14294,2026-12-18,CUST-012,Bottle,Blow Molding,FR-002-HDPE-PCR-300,WO-6538,2651131070653898,ISBM-007,1600,0.2588,414.08
SO-14295,2026-12-21,CUST-005,Bottle,Blow Molding,FR-017-HDPE-PCR-600,WO-6540,2651221070654001,ISBM-007,4066,0.2527,1027.48
SO-14296,2026-12-22,CUST-008,Bottle,blow molding,FR-002-HDPE-PCR-300,WO-6542,2651411070654203,ISBM-007,5505,0.1566,862.08
SO-14297,2026-12-30,CUST-009,Bottle,Blow Molding,FR-015-HDPE-500,WO-6544,2651521070654405,ISBM-007,4904,0.3156,1547.7
SO-14298,2026-12-27,CUST-004,Bottle,Blow Molding,FR-020-HDPE-750,WO-6546,2651731070654607,ISBM-007,7608,0.1307,994.37
SO-14299,2026-12-27,CUST-007,Bottle,Blow Molding,FR-002-HDPE-PCR-300,WO-6547,2652131070654708,ISBM-007,2833,0.2686,760.94
SO-14300,2026-12-26,CUST-004,Bottle,Blow Molding,FR-002-HDPE-PCR-300,WO-6548,2652111070654809,ISBM-007,4897,0.1301,637.1
SO-14301,2026-12-28,CUST-009,Bottle,Blow Molding,FR-020-PET-750,WO-6552,2652321070655213,ISBM-007,3599,0.1081,389.05
SO-14302,2026-12-28,CUST-003,Bottle,Blow Molding,FR-015-rPET-500,WO-6555,2652631070655516,ISBM-007,4367,0.2785,1216.21
SO-14303,2025-07-04,CUST-005,Bottle,Blow Molding,FR-016-HDPE-600,WO-6564,2527231080656401,ISBM-008,3227,0.2235,721.23
SO-14304,2025-07-11,CUST-002,Bottle,Blow Molding,FR-022-PP-PCR-1000,WO-6565,2527221080656502,ISBM-008,3092,0.1071,331.15
SO-14305,2025-07-07,CUST-002,Bottle,Blow Molding,FR-022-HDPE-PCR-1000,WO-6566,2527311080656603,ISBM-008,5833,0.1784,1040.61
SO-14306,2025-07-10,CUST-006,Bottle,Blow Molding,FR-022-PETG-1000,WO-6569,2527511080656906,ISBM-008,2807,0.2998,841.54
SO-14307,2025-07-14,CUST-011,Bottle,Blow Molding,FR-022-PETG-1000,WO-6570,2527631080657007,ISBM-008,6125,0.2989,1830.76
SO-14308,2025-07-08,CUST-005,Bottle,Blow Molding,FR-016-HDPE-600,WO-6571,2527731080657108,ISBM-008,2682,0.0865,231.99
SO-14309,2025-07-09,CUST-009,Bottle,Blow Molding,FR-016-HDPE-600,WO-6572,2527711080657209,ISBM-008,2177,0.2328,506.81
SO-14310,2025-07-18,CUST-010,Bottle,Blow Molding,FR-022-rPET-1000,WO-6573,2528131080657310,ISBM-008,5321,0.3454,1837.87
SO-14311,2025-07-19,CUST-014,Bottle,Blow Molding,FR-022-rPET-1000,WO-6574,2528121080657411,ISBM-008,5415,0.2238,1211.88
SO-14312,2025-07-14,CUST-005,Bottle,Blow Molding,FR-022-rPET-1000,WO-6575,2528211080657512,ISBM-008,4458,0.1143,509.55
SO-14313,2025-07-13,CUST-003,Bottle,Blow Molding,FR-019-PVC-750,WO-6576,2528331080657613,ISBM-008,5433,0.3305,1795.61
SO-14314,2025-07-14,CUST-008,Bottle,Blow Molding,FR-019-HDPE-600,WO-6581,2528611080658118,ISBM-008,1495,0.3049,455.83
SO-14315,2025-07-17,CUST-014,Bottle,Blow Molding,FR-019-HDPE-600,WO-6582,2528731080658219,ISBM-008,4042,0.35,1414.7
SO-14316,2025-07-22,CUST-007,Bottle,Blow Molding,FR-016-HDPE-600,WO-6583,2528731080658320,ISBM-008,6943,0.1424,988.68
SO-14317,2025-07-20,CUST-007,Bottle,Blow Molding,FR-019-rPET-600,WO-6584,2529131080658421,ISBM-008,6153,0.3263,2007.72
SO-14318,2025-07-18,CUST-003,Bottle,Blow Molding,FR-019-rPET-600,WO-6585,2529211080658522,ISBM-008,5802,0.1229,713.07
SO-14319,2025-07-27,CUST-001,Bottle,Blow Molding,FR-022-MDPE-1000,WO-6586,2529311080658623,ISBM-008,5591,0.19,1062.29
SO-14320,2025-07-22,CUST-008,Bottle,Blow Molding,FR-022-MDPE-1000,WO-6587,2529431080658724,ISBM-008,5097,0.0873,444.97
SO-14321,2025-07-26,CUST-009,Bottle,blow molding,FR-022-MDPE-1000,WO-6588,2529421080658825,ISBM-008,8315,0.1298,1079.29
SO-14322,2025-07-25,CUST-001,Bottle,BLOW MOLDING,FR-022-HDPE-PCR-1000,WO-6589,2529521080658926,ISBM-008,5153,0.174,896.62
SO-14323,2025-07-23,CUST-005,Bottle,Blow Molding,FR-022-HDPE-PCR-1000,WO-6590,2529611080659027,ISBM-008,5229,0.2785,1456.28
SO-14324,2025-07-30,CUST-001,Bottle,Blow Molding,FR-019-PET-750,WO-6591,2529711080659128,ISBM-008,1724,0.167,287.91
SO-14325,2025-07-27,CUST-010,Bottle,Blow Molding,FR-022-PETG-1000,WO-6592,2529721080659229,ISBM-008,3442,0.2286,786.84
SO-14326,2025-07-25,CUST-013,Bottle,Blow Molding,FR-022-PETG-1000,WO-6594,2530111080659431,ISBM-008,4309,0.2745,1182.82
SO-14327,2025-08-01,CUST-001,Bottle,Blow Molding,FR-019-PVC-750,WO-6595,2530211080659532,ISBM-008,3019,0.1746,527.12
SO-14328,2025-07-28,CUST-009,Bottle,Blow Molding,FR-016-HDPE-600,WO-6596,2530331080659633,ISBM-008,3564,0.2225,792.99
SO-14329,2025-07-29,CUST-007,Bottle,Blow Molding,FR-016-HDPE-600,WO-6597,2530431080659734,ISBM-008,3331,0.3013,1003.63
SO-14330,2025-08-01,CUST-007,Bottle,Blow Molding,FR-022-HDPE-PCR-1000,WO-6598,2530421080659835,ISBM-008,2602,0.2618,681.2
SO-14331,2025-07-31,CUST-005,Bottle,Blow Molding,FR-022-HDPE-PCR-1000,WO-6599,2530531080659936,ISBM-008,3723,0.1123,418.09
SO-14332,2025-08-01,CUST-012,Bottle,Blow Molding,FR-019-PETG-750,WO-6600,2530521080660037,ISBM-008,4611,0.2115,975.23
SO-14333,2025-07-29,CUST-007,Bottle,Blow Molding,FR-019-PETG-750,WO-6601,2530611080660138,ISBM-008,8860,0.3012,2668.63
SO-14334,2025-08-08,CUST-012,Bottle,Blow Molding,FR-019-PET-750,WO-6603,2530731080660340,ISBM-008,2499,0.2492,622.75
SO-14335,2025-08-01,CUST-009,Bottle,Blow Molding,FR-019-PET-750,WO-6604,2531121080660441,ISBM-008,7285,0.2984,2173.84
SO-14336,2025-08-03,CUST-011,Bottle,Blow Molding,FR-019-PET-750,WO-6605,2531211080660542,ISBM-008,6013,0.1122,674.66
SO-14337,2025-08-09,CUST-011,Bottle,Blow Molding,FR-019-PETG-750,WO-6606,2531221080660643,ISBM-008,7057,0.3041,2146.03
SO-14338,2025-08-06,CUST-011,Bottle,Blow Molding,FR-019-PETG-750,WO-6607,2531321080660744,ISBM-008,6066,0.1025,621.76
SO-14339,2025-08-08,CUST-006,Bottle,Blow Molding,FR-019-HDPE-600,WO-6609,2531421080660946,ISBM-008,7146,0.3316,2369.61
SO-14340,2025-08-11,CUST-006,Bottle,Blow Molding,FR-016-HDPE-600,WO-6610,2531521080661047,ISBM-008,3586,0.1422,509.93
SO-14341,2025-08-09,CUST-004,Bottle,Blow Molding,FR-016-HDPE-600,WO-6611,2531611080661148,ISBM-008,3702,0.3155,1167.98
SO-14342,2025-08-08,CUST-010,Bottle,Blow Molding,FR-016-HDPE-600,WO-6612,2531711080661249,ISBM-008,9788,0.1519,1486.8
SO-14343,2025-08-13,CUST-003,Bottle,Blow Molding,FR-019-PP-750,WO-6613,2532111080661350,ISBM-008,3848,0.1669,642.23
SO-14344,2025-08-12,CUST-010,Bottle,Blow Molding,FR-016-HDPE-600,WO-6615,2532221080661552,ISBM-008,3967,0.3476,1378.93
SO-14345,2025-08-14,CUST-005,Bottle,Blow Molding,FR-016-HDPE-600,WO-6616,2532311080661653,ISBM-008,2914,0.2181,635.54
SO-14346,2025-08-14,CUST-011,Bottle,Blow Molding,FR-019-HDPE-PCR-750,WO-6617,2532411080661754,ISBM-008,4192,0.2681,1123.88
SO-14347,2025-08-12,CUST-012,Bottle,Blow Molding,FR-019-HDPE-PCR-750,WO-6618,2532421080661855,ISBM-008,3649,0.2667,973.19
SO-14348,2025-08-15,CUST-007,Bottle,Blow Molding,FR-022-HDPE-PCR-1000,WO-6619,2532521080661956,ISBM-008,1387,0.2392,331.77
SO-14349,2025-08-21,CUST-011,Bottle,Blow Molding,FR-022-HDPE-PCR-1000,WO-6620,2532621080662057,ISBM-008,4520,0.1242,561.38
SO-14350,2025-08-17,CUST-003,Bottle,Blow Molding,FR-019-MDPE-750,WO-6621,2532711080662158,ISBM-008,3904,0.1216,474.73
SO-14351,2025-08-19,CUST-009,Bottle,Blow Molding,FR-022-PVC-1000,WO-6623,2533121080662360,ISBM-008,3222,0.111,357.64
SO-14352,2025-08-14,CUST-002,Bottle,BLOW MOLDING,FR-022-PVC-1000,WO-6624,2533211080662461,ISBM-008,3746,0.2078,778.42
SO-14353,2025-08-23,CUST-007,Bottle,Blow Molding,FR-019-PET-750,WO-6625,2533311080662562,ISBM-008,7256,0.1577,1144.27
SO-14354,2025-08-16,CUST-014,Bottle,Blow Molding,FR-019-PET-750,WO-6626,2533431080662663,ISBM-008,5725,0.1683,963.52
SO-14355,2025-08-17,CUST-010,Bottle,Blow Molding,FR-016-HDPE-600,WO-6628,2533511080662865,ISBM-008,6487,0.2545,1650.94
SO-14356,2025-08-19,CUST-012,Bottle,Blow Molding,FR-016-HDPE-600,WO-6629,2533631080662966,ISBM-008,2323,0.1052,244.38
SO-14357,2025-08-28,CUST-005,Bottle,Blow Molding,FR-016-HDPE-600,WO-6632,2533721080663269,ISBM-008,5221,0.1217,635.4
SO-14358,2025-08-19,CUST-006,Bottle,Blow Molding,FR-016-HDPE-600,WO-6633,2534111080663370,ISBM-008,6515,0.1166,759.65
SO-14359,2025-08-28,CUST-005,Bottle,Blow Molding,FR-016-HDPE-600,WO-6634,2534131080663471,ISBM-008,2623,0.3288,862.44
SO-14360,2025-08-26,CUST-014,Bottle,Blow Molding,FR-022-PETG-1000,WO-6635,2534221080663572,ISBM-008,5371,0.2241,1203.64
SO-14361,2025-08-31,CUST-013,Bottle,Blow Molding,FR-019-HDPE-PCR-750,WO-6636,2534311080663673,ISBM-008,5191,0.2142,1111.91
SO-14362,2025-08-29,CUST-014,Bottle,  Blow Molding  ,FR-019-rPET-600,WO-6637,2534431080663774,ISBM-008,3822,0.3139,1199.73
SO-14363,2025-08-25,CUST-014,Bottle,Blow Molding,FR-019-PVC-750,WO-6638,2534421080663875,ISBM-008,5711,0.111,633.92
SO-14364,2025-08-24,CUST-011,Bottle,Blow Molding,FR-016-HDPE-600,WO-6639,2534511080663976,ISBM-008,4777,0.1266,604.77
SO-14365,2025-09-03,CUST-006,Bottle,Blow Molding,FR-022-PP-1000,WO-6640,2534631080664077,ISBM-008,7745,0.1555,1204.35
SO-14366,2025-08-30,CUST-014,Bottle,Blow Molding,FR-016-HDPE-600,WO-6641,2534731080664178,ISBM-008,7339,0.2504,1837.69
SO-14367,2025-09-01,CUST-003,Bottle,Blow Molding,FR-022-PVC-1000,WO-6642,2534721080664279,ISBM-008,1944,0.223,433.51
SO-14368,2025-09-05,CUST-012,Bottle,Blow Molding,FR-019-PP-750,WO-6643,2535111080664380,ISBM-008,2964,0.2498,740.41
SO-14369,2025-09-07,CUST-012,Bottle,Blow Molding,FR-022-HDPE-1000,WO-6644,2535211080664481,ISBM-008,3633,0.1506,547.13
SO-14370,2025-09-06,CUST-012,Bottle,Blow Molding,FR-019-rPET-750,WO-6645,2535331080664582,ISBM-008,5426,0.0844,457.95
SO-14371,2025-08-30,CUST-011,Bottle,Blow Molding,FR-019-rPET-750,WO-6646,2535321080664683,ISBM-008,5884,0.2982,1754.61
SO-14372,2025-09-07,CUST-004,Bottle,Blow Molding,FR-019-rPET-750,WO-6647,2535421080664784,ISBM-008,5053,0.3073,1552.79
SO-14373,2025-08-31,CUST-002,Bottle,Blow Molding,FR-016-HDPE-600,WO-6648,2535511080664885,ISBM-008,4274,0.1644,702.65
SO-14374,2025-09-08,CUST-002,Bottle,Blow Molding,FR-022-PP-1000,WO-6652,2536111080665289,ISBM-008,3592,0.2211,794.19
SO-14375,2025-09-12,CUST-002,Bottle,Blow Molding,FR-016-HDPE-600,WO-6653,2536131080665390,ISBM-008,4696,0.1545,725.53
SO-14376,2025-09-09,CUST-001,Bottle,Blow Molding,FR-022-PP-1000,WO-6654,2536221080665491,ISBM-008,4734,0.3029,1433.93
SO-14377,2025-09-10,CUST-002,Bottle,Blow Molding,FR-016-HDPE-600,WO-6655,2536321080665592,ISBM-008,8083,0.2996,2421.67
SO-14378,2025-09-13,CUST-005,Bottle,Blow Molding,FR-016-HDPE-600,WO-6656,2536411080665693,ISBM-008,4379,0.3088,1352.24
SO-14379,2025-09-10,CUST-009,Bottle,Blow Molding,FR-022-PP-PCR-1000,WO-6657,2536431080665794,ISBM-008,2895,0.2477,717.09
SO-14380,2025-09-17,CUST-004,Bottle,Blow Molding,FR-022-HDPE-PCR-1000,WO-6658,2536521080665895,ISBM-008,2798,0.2169,606.89
SO-14381,2025-09-17,CUST-004,Bottle,Blow Molding,FR-022-HDPE-PCR-1000,WO-6659,2536611080665996,ISBM-008,1565,0.2282,357.13
SO-14382,2025-09-10,CUST-013,Bottle,Blow Molding,FR-016-HDPE-600,WO-6660,2536711080666097,ISBM-008,5332,0.1819,969.89
SO-14383,2025-09-19,CUST-009,Bottle,Blow Molding,FR-016-HDPE-600,WO-6661,2537131080666198,ISBM-008,1609,0.291,468.22
SO-14384,2025-09-19,CUST-007,Bottle,Blow Molding,FR-022-HDPE-PCR-1000,WO-6662,2537121080666299,ISBM-008,1622,0.1048,169.99
SO-14385,2025-09-18,CUST-007,Bottle,blow molding,FR-019-MDPE-750,WO-6663,2537211080666301,ISBM-008,5683,0.2318,1317.32
SO-14386,2025-09-15,CUST-009,Bottle,Blow Molding,FR-019-PET-600,WO-6664,2537231080666402,ISBM-008,4995,0.2181,1089.41
SO-14387,2025-09-22,CUST-004,Bottle,Blow Molding,FR-019-PETG-750,WO-6666,2537431080666604,ISBM-008,2471,0.2832,699.79
SO-14388,2025-09-14,CUST-012,Bottle,Blow Molding,FR-019-PVC-750,WO-6668,2537511080666806,ISBM-008,2632,0.3282,863.82
SO-14389,2025-09-14,CUST-003,Bottle,Blow Molding,FR-019-PVC-750,WO-6669,2537521080666907,ISBM-008,3222,0.0853,274.84
SO-14390,2025-09-21,CUST-003,Bottle,Blow Molding,FR-016-HDPE-600,WO-6673,2538121080667311,ISBM-008,6905,0.1144,789.93
SO-14391,2025-09-25,CUST-004,Bottle,Blow Molding,FR-019-PET-750,WO-6676,2538411080667614,ISBM-008,3567,0.1583,564.66
SO-14392,2025-09-21,CUST-007,Bottle,Blow Molding,FR-016-HDPE-600,WO-6677,2538531080667715,ISBM-008,4120,0.1917,789.8
SO-14393,2025-09-22,CUST-011,Bottle,Blow Molding,FR-016-HDPE-600,WO-6678,2538521080667816,ISBM-008,3955,0.3317,1311.87
SO-14394,2025-09-30,CUST-007,Bottle,Blow Molding,FR-016-HDPE-600,WO-6679,2538611080667917,ISBM-008,7024,0.2829,1987.09
SO-14395,2025-09-26,CUST-007,Bottle,Blow Molding,FR-022-PP-1000,WO-6680,2538731080668018,ISBM-008,1031,0.2838,292.6
SO-14396,2025-09-24,CUST-008,Bottle,  Blow Molding  ,FR-022-PP-1000,WO-6681,2538721080668119,ISBM-008,6680,0.1315,878.42
SO-14397,2025-10-01,CUST-011,Bottle,Blow Molding,FR-022-PETG-1000,WO-6683,2539211080668321,ISBM-008,2826,0.2479,700.57
SO-14398,2025-10-06,CUST-005,Bottle,Blow Molding,FR-022-PETG-1000,WO-6684,2539331080668422,ISBM-008,1577,0.264,416.33
SO-14399,2025-09-28,CUST-009,Bottle,Blow Molding,FR-019-PET-600,WO-6685,2539431080668523,ISBM-008,7039,0.3202,2253.89
SO-14400,2025-09-29,CUST-008,Bottle,Blow Molding,FR-016-HDPE-600,WO-6688,2539611080668826,ISBM-008,2064,0.3196,659.65
SO-14401,2025-10-03,CUST-006,Bottle,Blow Molding,FR-016-HDPE-600,WO-6689,2539621080668927,ISBM-008,7919,0.2327,1842.75
SO-14402,2025-10-07,CUST-001,Bottle,  Blow Molding  ,FR-016-HDPE-600,WO-6690,2539721080669028,ISBM-008,4176,0.096,400.9
SO-14403,2025-10-09,CUST-004,Bottle,  Blow Molding  ,FR-019-PETG-750,WO-6691,2540111080669129,ISBM-008,6706,0.2217,1486.72
SO-14404,2025-10-11,CUST-004,Bottle,Blow Molding,FR-019-PETG-750,WO-6692,2540231080669230,ISBM-008,9387,0.1281,1202.47
SO-14405,2025-10-09,CUST-002,Bottle,Blow Molding,FR-019-PETG-750,WO-6693,2540221080669331,ISBM-008,5915,0.1716,1015.01
SO-14406,2025-10-14,CUST-007,Bottle,Blow Molding,FR-016-HDPE-600,WO-6697,2540421080669735,ISBM-008,5241,0.3455,1810.77
SO-14407,2025-10-08,CUST-010,Bottle,Blow Molding,FR-022-HDPE-PCR-1000,WO-6698,2540531080669836,ISBM-008,3176,0.2478,787.01
SO-14408,2025-10-06,CUST-008,Bottle,Blow Molding,FR-022-HDPE-PCR-1000,WO-6699,2540521080669937,ISBM-008,4082,0.1188,484.94
SO-14409,2025-10-13,CUST-008,Bottle,Blow Molding,FR-022-HDPE-PCR-1000,WO-6700,2540621080670038,ISBM-008,5044,0.1551,782.32
SO-14410,2025-10-08,CUST-006,Bottle,Blow Molding,FR-022-PP-PCR-1000,WO-6701,2540731080670139,ISBM-008,4275,0.3492,1492.83
SO-14411,2025-10-08,CUST-007,Bottle,Blow Molding,FR-022-PET-1000,WO-6703,2541111080670341,ISBM-008,1789,0.218,390.0
SO-14412,2025-10-15,CUST-011,Bottle,Blow Molding,FR-019-HDPE-750,WO-6704,2541231080670442,ISBM-008,6826,0.2137,1458.72
SO-14413,2025-10-09,CUST-008,Bottle,Blow Molding,FR-019-HDPE-750,WO-6705,2541221080670543,ISBM-008,3277,0.3421,1121.06
SO-14414,2025-10-20,CUST-010,Bottle,Blow Molding,FR-022-PET-1000,WO-6706,2541311080670644,ISBM-008,5016,0.1544,774.47
SO-14415,2025-10-17,CUST-002,Bottle,Blow Molding,FR-016-HDPE-600,WO-6707,2541411080670745,ISBM-008,6679,0.0954,637.18
SO-14416,2025-10-16,CUST-003,Bottle,Blow Molding,FR-019-MDPE-750,WO-6710,2541611080671048,ISBM-008,3333,0.2076,691.93
SO-14417,2025-10-17,CUST-008,Bottle,Blow Molding,FR-016-HDPE-600,WO-6711,2541631080671149,ISBM-008,2482,0.1407,349.22
SO-14418,2025-10-22,CUST-005,Bottle,Blow Molding,FR-019-HDPE-PCR-750,WO-6712,2541711080671250,ISBM-008,7597,0.211,1602.97
SO-14419,2025-10-18,CUST-002,Bottle,  Blow Molding  ,FR-019-HDPE-PCR-750,WO-6713,2542111080671351,ISBM-008,3199,0.2966,948.82
SO-14420,2025-10-24,CUST-002,Bottle,Blow Molding,FR-016-HDPE-600,WO-6714,2542131080671452,ISBM-008,3682,0.1547,569.61
SO-14421,2025-10-18,CUST-011,Bottle,Blow Molding,FR-016-HDPE-600,WO-6715,2542221080671553,ISBM-008,7867,0.3127,2460.01
SO-14422,2025-10-26,CUST-009,Bottle,Blow Molding,FR-022-PP-PCR-1000,WO-6716,2542311080671654,ISBM-008,2603,0.331,861.59
SO-14423,2025-10-26,CUST-013,Bottle,Blow Molding,FR-019-HDPE-PCR-750,WO-6717,2542431080671755,ISBM-008,5037,0.1408,709.21
SO-14424,2025-10-28,CUST-001,Bottle,Blow Molding,FR-022-HDPE-PCR-1000,WO-6718,2542431080671856,ISBM-008,3114,0.0951,296.14
SO-14425,2025-10-25,CUST-006,Bottle,Blow Molding,FR-019-rPET-600,WO-6719,2542511080671957,ISBM-008,4237,0.1612,683.0
SO-14426,2025-10-29,CUST-010,Bottle,Blow Molding,FR-019-rPET-600,WO-6721,2542611080672159,ISBM-008,8273,0.1193,986.97
SO-14427,2025-10-26,CUST-009,Bottle,Blow Molding,FR-022-MDPE-1000,WO-6722,2542711080672260,ISBM-008,2991,0.1151,344.26
SO-14428,2025-10-26,CUST-012,Bottle,Blow Molding,FR-022-MDPE-1000,WO-6723,2542721080672361,ISBM-008,4032,0.1924,775.76
SO-14429,2025-10-27,CUST-011,Bottle,Blow Molding,FR-019-MDPE-750,WO-6724,2543111080672462,ISBM-008,1756,0.1854,325.56
SO-14430,2025-10-27,CUST-005,Bottle,Blow Molding,FR-019-PP-750,WO-6725,2543211080672563,ISBM-008,3049,0.3386,1032.39
SO-14431,2025-10-23,CUST-008,Bottle,Blow Molding,FR-019-PP-750,WO-6726,2543231080672664,ISBM-008,5271,0.2264,1193.35
SO-14432,2025-10-26,CUST-004,Bottle,Blow Molding,FR-022-PETG-1000,WO-6728,2543411080672866,ISBM-008,2573,0.1808,465.2
SO-14433,2025-10-27,CUST-002,Bottle,Blow Molding,FR-022-PETG-1000,WO-6729,2543511080672967,ISBM-008,3732,0.2007,749.01
SO-14434,2025-11-03,CUST-002,Bottle,Blow Molding,FR-019-PET-600,WO-6730,2543521080673068,ISBM-008,7923,0.1652,1308.88
SO-14435,2025-10-28,CUST-008,Bottle,Blow Molding,FR-019-PET-600,WO-6731,2543611080673169,ISBM-008,8942,0.2824,2525.22
SO-14436,2025-11-02,CUST-014,Bottle,Blow Molding,FR-019-MDPE-750,WO-6732,2543711080673270,ISBM-008,9247,0.3374,3119.94
SO-14437,2025-11-07,CUST-005,Bottle,Blow Molding,FR-019-MDPE-750,WO-6733,2544131080673371,ISBM-008,5538,0.117,647.95
SO-14438,2025-11-01,CUST-013,Bottle,Blow Molding,FR-016-HDPE-600,WO-6735,2544221080673573,ISBM-008,3289,0.1122,369.03
SO-14439,2025-11-08,CUST-007,Bottle,Blow Molding,FR-016-HDPE-600,WO-6736,2544311080673674,ISBM-008,3135,0.0833,261.15
SO-14440,2025-11-06,CUST-005,Bottle,Blow Molding,FR-022-PETG-1000,WO-6737,2544431080673775,ISBM-008,5234,0.1986,1039.47
SO-14441,2025-11-02,CUST-014,Bottle,Blow Molding,FR-022-PETG-1000,WO-6738,2544421080673876,ISBM-008,5266,0.2002,1054.25
SO-14442,2025-11-02,CUST-011,Bottle,Blow Molding,FR-019-PETG-750,WO-6739,2544511080673977,ISBM-008,5872,0.1311,769.82
SO-14443,2025-11-06,CUST-003,Bottle,Blow Molding,FR-019-PETG-750,WO-6740,2544631080674078,ISBM-008,4492,0.2376,1067.3
SO-14444,2025-11-12,CUST-010,Bottle,Blow Molding,FR-016-HDPE-600,WO-6741,2544621080674179,ISBM-008,3403,0.2825,961.35
SO-14445,2025-11-11,CUST-013,Bottle,Blow Molding,FR-016-HDPE-600,WO-6742,2544711080674280,ISBM-008,4406,0.2708,1193.14
SO-14446,2025-11-09,CUST-001,Bottle,Blow Molding,FR-022-PP-PCR-1000,WO-6744,2545131080674482,ISBM-008,5567,0.0956,532.21
SO-14447,2025-11-10,CUST-001,Bottle,Blow Molding,FR-022-PP-PCR-1000,WO-6746,2545311080674684,ISBM-008,7717,0.1995,1539.54
SO-14448,2025-11-12,CUST-013,Bottle,Blow Molding,FR-022-PET-1000,WO-6748,2545421080674886,ISBM-008,4213,0.0814,342.94
SO-14449,2025-11-11,CUST-014,Bottle,Blow Molding,FR-022-PET-1000,WO-6749,2545511080674987,ISBM-008,3396,0.3111,1056.5
SO-14450,2025-11-16,CUST-004,Bottle,Blow Molding,FR-022-PP-PCR-1000,WO-6750,2545631080675088,ISBM-008,8362,0.123,1028.53
SO-14451,2025-11-18,CUST-009,Bottle,Blow Molding,FR-016-HDPE-600,WO-6751,2545631080675189,ISBM-008,4836,0.2218,1072.62
SO-14452,2025-11-12,CUST-010,Bottle,Blow Molding,FR-016-HDPE-600,WO-6752,2545711080675290,ISBM-008,2717,0.1763,479.01
SO-14453,2025-11-15,CUST-008,Bottle,Blow Molding,FR-016-HDPE-600,WO-6753,2546111080675391,ISBM-008,4768,0.243,1158.62
SO-14454,2025-11-21,CUST-011,Bottle,BLOW MOLDING,FR-019-MDPE-750,WO-6754,2546231080675492,ISBM-008,4075,0.2282,929.91
SO-14455,2025-11-23,CUST-012,Bottle,Blow Molding,FR-019-MDPE-750,WO-6755,2546211080675593,ISBM-008,7793,0.3164,2465.71
SO-14456,2025-11-14,CUST-002,Bottle,  Blow Molding  ,FR-016-HDPE-600,WO-6756,2546331080675694,ISBM-008,4844,0.0934,452.43
SO-14457,2025-11-16,CUST-008,Bottle,Blow Molding,FR-019-PET-600,WO-6757,2546321080675795,ISBM-008,6307,0.1058,667.28
SO-14458,2025-11-22,CUST-011,Bottle,Blow Molding,FR-016-HDPE-600,WO-6759,2546511080675997,ISBM-008,5528,0.1984,1096.76
SO-14459,2025-11-19,CUST-001,Bottle,Blow Molding,FR-019-rPET-750,WO-6760,2546611080676098,ISBM-008,3146,0.323,1016.16
SO-14460,2025-11-18,CUST-003,Bottle,Blow Molding,FR-019-rPET-750,WO-6761,2546621080676199,ISBM-008,5415,0.2165,1172.35
SO-14461,2025-11-20,CUST-014,Bottle,Blow Molding,FR-016-HDPE-600,WO-6762,2546721080676201,ISBM-008,4449,0.2251,1001.47
SO-14462,2025-11-22,CUST-004,Bottle,Blow Molding,FR-016-HDPE-600,WO-6763,2547111080676302,ISBM-008,4765,0.1297,618.02
SO-14463,2025-11-19,CUST-014,Bottle,Blow Molding,FR-016-HDPE-600,WO-6764,2547231080676403,ISBM-008,5504,0.2751,1514.15
SO-14464,2025-11-23,CUST-009,Bottle,Blow Molding,FR-016-HDPE-600,WO-6765,2547221080676504,ISBM-008,8081,0.3169,2560.87
SO-14465,2025-11-20,CUST-014,Bottle,Blow Molding,FR-022-MDPE-1000,WO-6766,2547311080676605,ISBM-008,1152,0.2512,289.38
SO-14466,2025-11-23,CUST-014,Bottle,Blow Molding,FR-019-HDPE-PCR-750,WO-6767,2547431080676706,ISBM-008,7319,0.2658,1945.39
SO-14467,2025-11-30,CUST-007,Bottle,Blow Molding,FR-019-HDPE-600,WO-6768,2547421080676807,ISBM-008,5840,0.3262,1905.01
SO-14468,2025-11-25,CUST-014,Bottle,Blow Molding,FR-019-HDPE-600,WO-6769,2547511080676908,ISBM-008,7918,0.1228,972.33
SO-14469,2025-11-26,CUST-014,Bottle,Blow Molding,FR-022-MDPE-1000,WO-6771,2547621080677110,ISBM-008,4417,0.2313,1021.65
SO-14470,2025-11-24,CUST-006,Bottle,Blow Molding,FR-022-MDPE-1000,WO-6772,2547711080677211,ISBM-008,4069,0.2538,1032.71
SO-14471,2025-11-30,CUST-001,Bottle,BLOW MOLDING,FR-019-PET-600,WO-6774,2548121080677413,ISBM-008,10229,0.2064,2111.27
SO-14472,2025-12-05,CUST-006,Bottle,Blow Molding,FR-022-MDPE-1000,WO-6775,2548211080677514,ISBM-008,1386,0.3352,464.59
SO-14473,2025-12-01,CUST-005,Bottle,Blow Molding,FR-016-HDPE-600,WO-6776,2548311080677615,ISBM-008,7345,0.105,771.23
SO-14474,2025-12-02,CUST-009,Bottle,Blow Molding,FR-016-HDPE-600,WO-6777,2548431080677716,ISBM-008,3097,0.3118,965.64
SO-14475,2025-12-06,CUST-008,Bottle,BLOW MOLDING,FR-016-HDPE-600,WO-6778,2548421080677817,ISBM-008,5468,0.1695,926.83
SO-14476,2025-12-01,CUST-006,Bottle,Blow Molding,FR-016-HDPE-600,WO-6779,2548511080677918,ISBM-008,1420,0.3428,486.78
SO-14477,2025-12-07,CUST-002,Bottle,Blow Molding,FR-016-HDPE-600,WO-6780,2548631080678019,ISBM-008,2727,0.2487,678.2
SO-14478,2025-12-04,CUST-005,Bottle,Blow Molding,FR-019-rPET-750,WO-6781,2548631080678120,ISBM-008,7985,0.1296,1034.86
SO-14479,2025-12-12,CUST-012,Bottle,Blow Molding,FR-016-HDPE-600,WO-6782,2548721080678221,ISBM-008,3720,0.3262,1213.46
SO-14480,2025-12-09,CUST-008,Bottle,Blow Molding,FR-016-HDPE-600,WO-6783,2549111080678322,ISBM-008,6184,0.2003,1238.66
SO-14481,2025-12-09,CUST-001,Bottle,Blow Molding,FR-016-HDPE-600,WO-6784,2549211080678423,ISBM-008,4621,0.1888,872.44
SO-14482,2025-12-15,CUST-002,Bottle,Blow Molding,FR-016-HDPE-600,WO-6788,2549421080678827,ISBM-008,4532,0.175,793.1
SO-14483,2025-12-07,CUST-005,Bottle,Blow Molding,FR-016-HDPE-600,WO-6789,2549511080678928,ISBM-008,5694,0.1505,856.95
SO-14484,2025-12-11,CUST-014,Bottle,Blow Molding,FR-019-PP-750,WO-6791,2549631080679130,ISBM-008,4317,0.338,1459.15
SO-14485,2025-12-17,CUST-005,Bottle,BLOW MOLDING,FR-019-PP-750,WO-6792,2549721080679231,ISBM-008,5718,0.1421,812.53
SO-14486,2025-12-10,CUST-004,Bottle,Blow Molding,FR-022-PVC-1000,WO-6793,2550121080679332,ISBM-008,3776,0.3214,1213.61
SO-14487,2025-12-11,CUST-007,Bottle,Blow Molding,FR-022-PVC-1000,WO-6794,2550231080679433,ISBM-008,4954,0.2449,1213.23
SO-14488,2025-12-12,CUST-002,Bottle,Blow Molding,FR-022-PVC-1000,WO-6795,2550331080679534,ISBM-008,2614,0.2574,672.84
SO-14489,2025-12-15,CUST-011,Bottle,BLOW MOLDING,FR-016-HDPE-600,WO-6796,2550331080679635,ISBM-008,5877,0.0878,516.0
SO-14490,2025-12-22,CUST-008,Bottle,Blow Molding,FR-016-HDPE-600,WO-6797,2550411080679736,ISBM-008,3496,0.1263,441.54
SO-14491,2025-12-13,CUST-011,Bottle,Blow Molding,FR-016-HDPE-600,WO-6798,2550531080679837,ISBM-008,4037,0.163,658.03
SO-14492,2025-12-23,CUST-006,Bottle,Blow Molding,FR-019-PET-750,WO-6800,2550611080680039,ISBM-008,4763,0.3238,1542.26
SO-14493,2025-12-19,CUST-012,Bottle,Blow Molding,FR-022-rPET-1000,WO-6802,2550721080680241,ISBM-008,6105,0.3098,1891.33
SO-14494,2025-12-19,CUST-013,Bottle,Blow Molding,FR-022-PETG-1000,WO-6803,2551111080680342,ISBM-008,2490,0.2619,652.13
SO-14495,2025-12-17,CUST-009,Bottle,Blow Molding,FR-022-PETG-1000,WO-6804,2551131080680443,ISBM-008,3613,0.1034,373.58
SO-14496,2025-12-26,CUST-001,Bottle,Blow Molding,FR-019-PET-600,WO-6805,2551211080680544,ISBM-008,5941,0.347,2061.53
SO-14497,2025-12-27,CUST-009,Bottle,Blow Molding,FR-019-rPET-600,WO-6806,2551331080680645,ISBM-008,3933,0.1677,659.56
SO-14498,2025-12-22,CUST-007,Bottle,Blow Molding,FR-022-PETG-1000,WO-6808,2551421080680847,ISBM-008,3191,0.2224,709.68
SO-14499,2025-12-27,CUST-009,Bottle,Blow Molding,FR-019-PP-750,WO-6809,2551531080680948,ISBM-008,4576,0.0944,431.97
SO-14500,2025-12-24,CUST-010,Bottle,Blow Molding,FR-019-PP-750,WO-6810,2551521080681049,ISBM-008,5547,0.0858,475.93
SO-14501,2026-01-01,CUST-001,Bottle,Blow Molding,FR-022-PET-1000,WO-6811,2551621080681150,ISBM-008,3339,0.3232,1079.16
SO-14502,2025-12-23,CUST-011,Bottle,Blow Molding,FR-016-HDPE-600,WO-6813,2551731080681352,ISBM-008,4840,0.1721,832.96
SO-14503,2025-12-27,CUST-002,Bottle,BLOW MOLDING,FR-022-rPET-1000,WO-6815,2552211080681554,ISBM-008,4455,0.1491,664.24
SO-14504,2025-12-29,CUST-009,Bottle,Blow Molding,FR-022-rPET-1000,WO-6816,2552221080681655,ISBM-008,3700,0.2941,1088.17
SO-14505,2026-01-03,CUST-010,Bottle,Blow Molding,FR-019-PP-750,WO-6817,2552311080681756,ISBM-008,2599,0.2242,582.7
SO-14506,2026-01-03,CUST-004,Bottle,Blow Molding,FR-019-PVC-750,WO-6819,2552421080681958,ISBM-008,4509,0.2986,1346.39
SO-14507,2025-12-30,CUST-005,Bottle,Blow Molding,FR-019-PVC-750,WO-6820,2552511080682059,ISBM-008,3343,0.3416,1141.97
SO-14508,2026-01-02,CUST-008,Bottle,BLOW MOLDING,FR-022-HDPE-PCR-1000,WO-6821,2552631080682160,ISBM-008,2643,0.1272,336.19
SO-14509,2025-12-30,CUST-007,Bottle,Blow Molding,FR-019-PET-750,WO-6823,2552711080682362,ISBM-008,4783,0.2504,1197.66
SO-14510,2026-01-07,CUST-002,Bottle,Blow Molding,FR-022-PP-1000,WO-6830,2601531080683069,ISBM-008,3345,0.1084,362.6
SO-14511,2026-01-04,CUST-004,Bottle,Blow Molding,FR-016-HDPE-600,WO-6831,2601531080683170,ISBM-008,5302,0.1553,823.4
SO-14512,2026-01-08,CUST-001,Bottle,Blow Molding,FR-016-HDPE-600,WO-6832,2601621080683271,ISBM-008,5782,0.1568,906.62
SO-14513,2026-01-07,CUST-010,Bottle,Blow Molding,FR-022-PVC-1000,WO-6833,2601711080683372,ISBM-008,2945,0.092,270.94
SO-14514,2026-01-15,CUST-010,Bottle,  Blow Molding  ,FR-022-PVC-1000,WO-6834,2601721080683473,ISBM-008,287,0.2964,85.07
SO-14515,2026-01-17,CUST-005,Bottle,Blow Molding,FR-019-PVC-750,WO-6836,2602211080683675,ISBM-008,8378,0.2574,2156.5
SO-14516,2026-01-10,CUST-007,Bottle,Blow Molding,FR-019-PVC-750,WO-6837,2602311080683776,ISBM-008,6930,0.2335,1618.16
SO-14517,2026-01-16,CUST-007,Bottle,Blow Molding,FR-022-HDPE-1000,WO-6838,2602431080683877,ISBM-008,2223,0.2592,576.2
SO-14518,2026-01-10,CUST-012,Bottle,Blow Molding,FR-016-HDPE-600,WO-6839,2602531080683978,ISBM-008,7731,0.1227,948.59
SO-14519,2026-01-20,CUST-003,Bottle,Blow Molding,FR-016-HDPE-600,WO-6840,2602521080684079,ISBM-008,3378,0.2031,686.07
SO-14520,2026-01-21,CUST-006,Bottle,Blow Molding,FR-019-HDPE-600,WO-6841,2602621080684180,ISBM-008,5068,0.2605,1320.21
SO-14521,2026-01-18,CUST-002,Bottle,Blow Molding,FR-019-MDPE-750,WO-6842,2602711080684281,ISBM-008,5202,0.1903,989.94
SO-14522,2026-01-13,CUST-004,Bottle,Blow Molding,FR-019-MDPE-750,WO-6844,2603111080684483,ISBM-008,4139,0.2105,871.26
SO-14523,2026-01-21,CUST-006,Bottle,blow molding,FR-019-PETG-750,WO-6846,2603221080684685,ISBM-008,6004,0.3391,2035.96
SO-14524,2026-01-25,CUST-006,Bottle,Blow Molding,FR-022-HDPE-1000,WO-6848,2603331080684887,ISBM-008,1754,0.2436,427.27
SO-14525,2026-01-19,CUST-002,Bottle,Blow Molding,FR-022-HDPE-1000,WO-6849,2603421080684988,ISBM-008,1814,0.1854,336.32
SO-14526,2026-01-20,CUST-007,Bottle,Blow Molding,FR-016-HDPE-600,WO-6851,2603611080685190,ISBM-008,4848,0.3013,1460.7
SO-14527,2026-01-22,CUST-013,Bottle,Blow Molding,FR-016-HDPE-600,WO-6852,2603731080685291,ISBM-008,4759,0.3301,1570.95
SO-14528,2026-01-28,CUST-002,Bottle,Blow Molding,FR-019-PETG-750,WO-6853,2603721080685392,ISBM-008,1329,0.2027,269.39
SO-14529,2026-01-25,CUST-007,Bottle,Blow Molding,FR-019-PETG-750,WO-6854,2604131080685493,ISBM-008,3195,0.2953,943.48
SO-14530,2026-01-26,CUST-003,Bottle,Blow Molding,FR-019-PETG-750,WO-6856,2604211080685695,ISBM-008,2178,0.3377,735.51
SO-14531,2026-01-30,CUST-013,Bottle,Blow Molding,FR-019-PETG-750,WO-6857,2604311080685796,ISBM-008,5802,0.2537,1471.97
SO-14532,2026-01-26,CUST-012,Bottle,Blow Molding,FR-022-MDPE-1000,WO-6858,2604411080685897,ISBM-008,4223,0.2812,1187.51
SO-14533,2026-02-01,CUST-012,Bottle,Blow Molding,FR-016-HDPE-600,WO-6860,2604521080686099,ISBM-008,4936,0.2811,1387.51
SO-14534,2026-01-28,CUST-009,Bottle,Blow Molding,FR-016-HDPE-600,WO-6861,2604631080686101,ISBM-008,4220,0.1241,523.7
SO-14535,2026-01-28,CUST-010,Bottle,Blow Molding,FR-022-rPET-1000,WO-6863,2604721080686303,ISBM-008,3089,0.2371,732.4
SO-14536,2026-01-30,CUST-004,Bottle,blow molding,FR-022-rPET-1000,WO-6864,2605111080686404,ISBM-008,4004,0.2548,1020.22
SO-14537,2026-02-09,CUST-006,Bottle,Blow Molding,FR-016-HDPE-600,WO-6867,2605321080686707,ISBM-008,4542,0.2777,1261.31
SO-14538,2026-02-07,CUST-013,Bottle,Blow Molding,FR-022-PVC-1000,WO-6868,2605421080686808,ISBM-008,1001,0.1623,162.46
SO-14539,2026-02-05,CUST-003,Bottle,Blow Molding,FR-016-HDPE-600,WO-6869,2605511080686909,ISBM-008,3063,0.1848,566.04
SO-14540,2026-02-09,CUST-001,Bottle,Blow Molding,FR-016-HDPE-600,WO-6870,2605531080687010,ISBM-008,3903,0.2732,1066.3
SO-14541,2026-02-07,CUST-011,Bottle,Blow Molding,FR-019-PET-600,WO-6871,2605621080687111,ISBM-008,8665,0.1246,1079.66
SO-14542,2026-02-10,CUST-013,Bottle,Blow Molding,FR-019-PET-600,WO-6872,2605711080687212,ISBM-008,8779,0.1339,1175.51
SO-14543,2026-02-08,CUST-004,Bottle,Blow Molding,FR-019-PET-600,WO-6873,2606131080687313,ISBM-008,8201,0.3425,2808.84
SO-14544,2026-02-15,CUST-011,Bottle,Blow Molding,FR-022-MDPE-1000,WO-6874,2606231080687414,ISBM-008,2497,0.2388,596.28
SO-14545,2026-02-07,CUST-008,Bottle,Blow Molding,FR-022-PETG-1000,WO-6875,2606331080687515,ISBM-008,2607,0.2009,523.75
SO-14546,2026-02-10,CUST-005,Bottle,Blow Molding,FR-016-HDPE-600,WO-6878,2606421080687818,ISBM-008,4477,0.1442,645.58
SO-14547,2026-02-10,CUST-005,Bottle,Blow Molding,FR-016-HDPE-600,WO-6879,2606531080687919,ISBM-008,9057,0.1124,1018.01
SO-14548,2026-02-17,CUST-005,Bottle,Blow Molding,FR-019-rPET-750,WO-6880,2606531080688020,ISBM-008,5304,0.1486,788.17
SO-14549,2026-02-14,CUST-001,Bottle,Blow Molding,FR-019-rPET-750,WO-6881,2606621080688121,ISBM-008,2203,0.3176,699.67
SO-14550,2026-02-13,CUST-012,Bottle,Blow Molding,FR-022-PVC-1000,WO-6882,2606731080688222,ISBM-008,3425,0.225,770.62
SO-14551,2026-02-11,CUST-014,Bottle,Blow Molding,FR-022-PVC-1000,WO-6883,2606711080688323,ISBM-008,3809,0.341,1298.87
SO-14552,2026-02-11,CUST-009,Bottle,Blow Molding,FR-016-HDPE-600,WO-6885,2607231080688525,ISBM-008,7086,0.2074,1469.64
SO-14553,2026-02-15,CUST-009,Bottle,Blow Molding,FR-016-HDPE-600,WO-6886,2607231080688626,ISBM-008,3121,0.2574,803.35
SO-14554,2026-02-19,CUST-014,Bottle,BLOW MOLDING,FR-022-HDPE-PCR-1000,WO-6887,2607311080688727,ISBM-008,2290,0.2654,607.77
SO-14555,2026-02-21,CUST-012,Bottle,Blow Molding,FR-019-rPET-750,WO-6888,2607431080688828,ISBM-008,3417,0.3078,1051.75
SO-14556,2026-02-23,CUST-012,Bottle,Blow Molding,FR-019-rPET-750,WO-6889,2607411080688929,ISBM-008,3312,0.2998,992.94
SO-14557,2026-02-24,CUST-001,Bottle,Blow Molding,FR-019-PET-750,WO-6890,2607431080689030,ISBM-008,4231,0.2167,916.86
SO-14558,2026-02-24,CUST-012,Bottle,Blow Molding,FR-022-MDPE-1000,WO-6891,2607511080689131,ISBM-008,2355,0.3225,759.49
SO-14559,2026-02-24,CUST-013,Bottle,Blow Molding,FR-022-MDPE-1000,WO-6892,2607631080689232,ISBM-008,4754,0.1705,810.56
SO-14560,2026-02-16,CUST-010,Bottle,Blow Molding,FR-019-PET-750,WO-6893,2607631080689333,ISBM-008,4510,0.326,1470.26
SO-14561,2026-02-19,CUST-005,Bottle,  Blow Molding  ,FR-022-PP-1000,WO-6895,2608111080689535,ISBM-008,4824,0.2731,1317.43
SO-14562,2026-02-26,CUST-002,Bottle,Blow Molding,FR-022-PET-1000,WO-6896,2608231080689636,ISBM-008,2783,0.2266,630.63
SO-14563,2026-02-25,CUST-003,Bottle,Blow Molding,FR-022-PP-1000,WO-6897,2608221080689737,ISBM-008,3251,0.2939,955.47
SO-14564,2026-02-21,CUST-011,Bottle,Blow Molding,FR-022-PP-1000,WO-6898,2608311080689838,ISBM-008,3396,0.2165,735.23
SO-14565,2026-03-02,CUST-012,Bottle,Blow Molding,FR-022-HDPE-1000,WO-6901,2608531080690141,ISBM-008,5305,0.0968,513.52
SO-14566,2026-02-26,CUST-011,Bottle,Blow Molding,FR-022-PETG-1000,WO-6905,2609111080690545,ISBM-008,1984,0.1667,330.73
SO-14567,2026-03-04,CUST-007,Bottle,Blow Molding,FR-022-PETG-1000,WO-6907,2609221080690747,ISBM-008,5217,0.1458,760.64
SO-14568,2026-03-02,CUST-007,Bottle,Blow Molding,FR-022-rPET-1000,WO-6908,2609311080690848,ISBM-008,2535,0.1955,495.59
SO-14569,2026-03-02,CUST-012,Bottle,Blow Molding,FR-022-rPET-1000,WO-6909,2609321080690949,ISBM-008,2466,0.1879,463.36
SO-14570,2026-03-04,CUST-014,Bottle,Blow Molding,FR-016-HDPE-600,WO-6910,2609411080691050,ISBM-008,2676,0.2697,721.72
SO-14571,2026-03-08,CUST-010,Bottle,Blow Molding,FR-016-HDPE-600,WO-6912,2609511080691252,ISBM-008,6512,0.2169,1412.45
SO-14572,2026-03-08,CUST-009,Bottle,Blow Molding,FR-022-HDPE-PCR-1000,WO-6913,2609631080691353,ISBM-008,5441,0.3085,1678.55
SO-14573,2026-03-12,CUST-006,Bottle,Blow Molding,FR-022-PVC-1000,WO-6914,2609621080691454,ISBM-008,7883,0.2244,1768.95
SO-14574,2026-03-04,CUST-008,Bottle,Blow Molding,FR-022-PVC-1000,WO-6915,2609711080691555,ISBM-008,2557,0.2926,748.18
SO-14575,2026-03-14,CUST-005,Bottle,Blow Molding,FR-022-PETG-1000,WO-6916,2610111080691656,ISBM-008,2805,0.2648,742.76
SO-14576,2026-03-08,CUST-013,Bottle,Blow Molding,FR-022-PETG-1000,WO-6917,2610231080691757,ISBM-008,3118,0.1003,312.74
SO-14577,2026-03-09,CUST-009,Bottle,Blow Molding,FR-022-PETG-1000,WO-6918,2610221080691858,ISBM-008,6290,0.2951,1856.18
SO-14578,2026-03-14,CUST-006,Bottle,Blow Molding,FR-022-PETG-1000,WO-6919,2610311080691959,ISBM-008,3093,0.0831,257.03
SO-14579,2026-03-15,CUST-006,Bottle,Blow Molding,FR-022-PETG-1000,WO-6920,2610321080692060,ISBM-008,2403,0.1727,415.0
SO-14580,2026-03-13,CUST-012,Bottle,Blow Molding,FR-022-PP-1000,WO-6923,2610521080692363,ISBM-008,2684,0.1633,438.3
SO-14581,2026-03-13,CUST-014,Bottle,Blow Molding,FR-022-PP-1000,WO-6925,2610621080692565,ISBM-008,4443,0.3368,1496.4
SO-14582,2026-03-18,CUST-006,Bottle,Blow Molding,FR-022-PP-1000,WO-6926,2610711080692666,ISBM-008,2190,0.2323,508.74
SO-14583,2026-03-18,CUST-004,Bottle,BLOW MOLDING,FR-022-PP-1000,WO-6927,2610731080692767,ISBM-008,2826,0.1859,525.35
SO-14584,2026-03-13,CUST-014,Bottle,BLOW MOLDING,FR-019-PP-750,WO-6928,2611121080692868,ISBM-008,3302,0.1972,651.15
SO-14585,2026-03-15,CUST-002,Bottle,Blow Molding,FR-019-PP-750,WO-6930,2611331080693070,ISBM-008,9133,0.1896,1731.62
SO-14586,2026-03-14,CUST-009,Bottle,Blow Molding,FR-019-PETG-750,WO-6931,2611431080693171,ISBM-008,3475,0.3433,1192.97
SO-14587,2026-03-22,CUST-011,Bottle,Blow Molding,FR-016-HDPE-600,WO-6932,2611421080693272,ISBM-008,4305,0.141,607.0
SO-14588,2026-03-15,CUST-002,Bottle,Blow Molding,FR-016-HDPE-600,WO-6933,2611531080693373,ISBM-008,4829,0.233,1125.16
SO-14589,2026-03-15,CUST-001,Bottle,Blow Molding,FR-016-HDPE-600,WO-6934,2611521080693474,ISBM-008,5520,0.3424,1890.05
SO-14590,2026-03-18,CUST-012,Bottle,Blow Molding,FR-019-MDPE-750,WO-6935,2611611080693575,ISBM-008,5876,0.2135,1254.53
SO-14591,2026-03-19,CUST-006,Bottle,Blow Molding,FR-016-HDPE-600,WO-6938,2612121080693878,ISBM-008,2639,0.1975,521.2
SO-14592,2026-03-23,CUST-007,Bottle,Blow Molding,FR-022-PVC-1000,WO-6939,2612211080693979,ISBM-008,3957,0.1398,553.19
SO-14593,2026-03-21,CUST-013,Bottle,Blow Molding,FR-022-PVC-1000,WO-6940,2612311080694080,ISBM-008,1839,0.2201,404.76
SO-14594,2026-04-01,CUST-001,Bottle,Blow Molding,FR-019-PP-750,WO-6944,2612631080694484,ISBM-008,4040,0.1928,778.91
SO-14595,2026-03-27,CUST-006,Bottle,Blow Molding,FR-019-PP-750,WO-6945,2612621080694585,ISBM-008,5862,0.1102,645.99
SO-14596,2026-03-29,CUST-012,Bottle,Blow Molding,FR-019-PP-750,WO-6946,2612711080694686,ISBM-008,4531,0.3341,1513.81
SO-14597,2026-04-01,CUST-002,Bottle,Blow Molding,FR-022-HDPE-PCR-1000,WO-6947,2613131080694787,ISBM-008,3788,0.1073,406.45
SO-14598,2026-03-26,CUST-010,Bottle,Blow Molding,FR-022-HDPE-PCR-1000,WO-6948,2613231080694888,ISBM-008,2213,0.2533,560.55
SO-14599,2026-04-05,CUST-008,Bottle,Blow Molding,FR-022-HDPE-PCR-1000,WO-6949,2613211080694989,ISBM-008,7628,0.2462,1878.01
SO-14600,2026-04-03,CUST-002,Bottle,Blow Molding,FR-016-HDPE-600,WO-6950,2613311080695090,ISBM-008,9854,0.3458,3407.51
SO-14601,2026-03-29,CUST-005,Bottle,Blow Molding,FR-016-HDPE-600,WO-6951,2613411080695191,ISBM-008,3916,0.1892,740.91
SO-14602,2026-04-01,CUST-007,Bottle,Blow Molding,FR-016-HDPE-600,WO-6952,2613421080695292,ISBM-008,3346,0.346,1157.72
SO-14603,2026-04-07,CUST-014,Bottle,Blow Molding,FR-022-PET-1000,WO-6953,2613511080695393,ISBM-008,4017,0.3442,1382.65
SO-14604,2026-04-06,CUST-003,Bottle,Blow Molding,FR-022-PET-1000,WO-6954,2613611080695494,ISBM-008,2248,0.0874,196.48
SO-14605,2026-04-01,CUST-012,Bottle,Blow Molding,FR-016-HDPE-600,WO-6955,2613731080695595,ISBM-008,4506,0.1075,484.39
SO-14606,2026-04-07,CUST-014,Bottle,Blow Molding,FR-022-HDPE-1000,WO-6956,2613721080695696,ISBM-008,2465,0.3431,845.74
SO-14607,2026-04-01,CUST-013,Bottle,Blow Molding,FR-022-HDPE-1000,WO-6957,2614111080695797,ISBM-008,3080,0.1026,316.01
SO-14608,2026-04-05,CUST-004,Bottle,BLOW MOLDING,FR-019-PP-750,WO-6958,2614231080695898,ISBM-008,6458,0.1325,855.69
SO-14609,2026-04-08,CUST-006,Bottle,Blow Molding,FR-019-PP-750,WO-6959,2614221080695999,ISBM-008,1639,0.1003,164.39
SO-14610,2026-04-09,CUST-002,Bottle,Blow Molding,FR-019-PET-600,WO-6960,2614331080696001,ISBM-008,6454,0.321,2071.73
SO-14611,2026-04-13,CUST-006,Bottle,Blow Molding,FR-019-PET-600,WO-6961,2614431080696102,ISBM-008,5728,0.1582,906.17
SO-14612,2026-04-13,CUST-006,Bottle,Blow Molding,FR-016-HDPE-600,WO-6962,2614411080696203,ISBM-008,5357,0.241,1291.04
SO-14613,2026-04-09,CUST-002,Bottle,Blow Molding,FR-016-HDPE-600,WO-6963,2614511080696304,ISBM-008,4792,0.2892,1385.85
SO-14614,2026-04-14,CUST-008,Bottle,Blow Molding,FR-016-HDPE-600,WO-6964,2614521080696405,ISBM-008,6443,0.2297,1479.96
SO-14615,2026-04-08,CUST-002,Bottle,Blow Molding,FR-019-PETG-750,WO-6965,2614611080696506,ISBM-008,9351,0.1747,1633.62
SO-14616,2026-04-08,CUST-007,Bottle,Blow Molding,FR-019-PETG-750,WO-6966,2614711080696607,ISBM-008,4931,0.263,1296.85
SO-14617,2026-04-13,CUST-012,Bottle,Blow Molding,FR-022-HDPE-1000,WO-6968,2615111080696809,ISBM-008,3107,0.1037,322.2
SO-14618,2026-04-11,CUST-010,Bottle,  Blow Molding  ,FR-022-PVC-1000,WO-6970,2615221080697011,ISBM-008,2760,0.0944,260.54
SO-14619,2026-04-19,CUST-004,Bottle,Blow Molding,FR-022-PVC-1000,WO-6971,2615311080697112,ISBM-008,1909,0.1155,220.49
SO-14620,2026-04-11,CUST-002,Bottle,Blow Molding,FR-019-rPET-600,WO-6973,2615421080697314,ISBM-008,8708,0.3232,2814.43
SO-14621,2026-04-22,CUST-013,Bottle,Blow Molding,FR-019-rPET-600,WO-6974,2615511080697415,ISBM-008,2345,0.1545,362.3
SO-14622,2026-04-14,CUST-003,Bottle,Blow Molding,FR-016-HDPE-600,WO-6975,2615611080697516,ISBM-008,4159,0.3406,1416.56
SO-14623,2026-04-16,CUST-006,Bottle,Blow Molding,FR-022-HDPE-1000,WO-6976,2615621080697617,ISBM-008,962,0.0817,78.6
SO-14624,2026-04-15,CUST-008,Bottle,Blow Molding,FR-022-HDPE-1000,WO-6977,2615711080697718,ISBM-008,2534,0.1039,263.28
SO-14625,2026-04-18,CUST-003,Bottle,Blow Molding,FR-022-HDPE-1000,WO-6978,2616131080697819,ISBM-008,3277,0.1173,384.39
SO-14626,2026-04-15,CUST-005,Bottle,Blow Molding,FR-022-PET-1000,WO-6979,2616121080697920,ISBM-008,4534,0.2116,959.39
SO-14627,2026-04-25,CUST-003,Bottle,Blow Molding,FR-019-PET-750,WO-6980,2616231080698021,ISBM-008,4959,0.0823,408.13
SO-14628,2026-04-20,CUST-001,Bottle,Blow Molding,FR-019-HDPE-600,WO-6984,2616421080698425,ISBM-008,2252,0.226,508.95
SO-14629,2026-04-19,CUST-010,Bottle,Blow Molding,FR-016-HDPE-600,WO-6985,2616511080698526,ISBM-008,4226,0.1878,793.64
SO-14630,2026-04-19,CUST-013,Bottle,Blow Molding,FR-016-HDPE-600,WO-6986,2616611080698627,ISBM-008,4203,0.2366,994.43
SO-14631,2026-04-22,CUST-001,Bottle,Blow Molding,FR-022-PET-1000,WO-6987,2616621080698728,ISBM-008,2894,0.2877,832.6
SO-14632,2026-04-22,CUST-014,Bottle,Blow Molding,FR-022-PET-1000,WO-6988,2616711080698829,ISBM-008,3424,0.1108,379.38
SO-14633,2026-05-02,CUST-001,Bottle,BLOW MOLDING,FR-016-HDPE-600,WO-6991,2617231080699132,ISBM-008,2972,0.2753,818.19
SO-14634,2026-04-26,CUST-013,Bottle,Blow Molding,FR-019-rPET-600,WO-6992,2617221080699233,ISBM-008,2355,0.1301,306.39
SO-14635,2026-05-02,CUST-003,Bottle,Blow Molding,FR-022-PET-1000,WO-6993,2617331080699334,ISBM-008,3827,0.1231,471.1
SO-14636,2026-04-25,CUST-014,Bottle,Blow Molding,FR-022-PET-1000,WO-6994,2617431080699435,ISBM-008,3262,0.1549,505.28
SO-14637,2026-04-25,CUST-003,Bottle,BLOW MOLDING,FR-022-PET-1000,WO-6995,2617421080699536,ISBM-008,1008,0.3323,334.96
SO-14638,2026-05-05,CUST-013,Bottle,Blow Molding,FR-016-HDPE-600,WO-6996,2617511080699637,ISBM-008,4721,0.186,878.11
SO-14639,2026-04-30,CUST-014,Bottle,Blow Molding,FR-016-HDPE-600,WO-6998,2617611080699839,ISBM-008,5186,0.2082,1079.73
SO-14640,2026-05-04,CUST-010,Bottle,Blow Molding,FR-016-HDPE-600,WO-6999,2617731080699940,ISBM-008,6367,0.3109,1979.5
SO-14641,2026-05-04,CUST-012,Bottle,Blow Molding,FR-016-HDPE-600,WO-7000,2617731080700041,ISBM-008,7831,0.2674,2094.01
SO-14642,2026-05-04,CUST-011,Bottle,Blow Molding,FR-016-HDPE-600,WO-7001,2618121080700142,ISBM-008,4295,0.2979,1279.48
SO-14643,2026-05-02,CUST-010,Bottle,Blow Molding,FR-022-PETG-1000,WO-7002,2618211080700243,ISBM-008,4465,0.2821,1259.58
SO-14644,2026-05-09,CUST-014,Bottle,Blow Molding,FR-022-PETG-1000,WO-7003,2618231080700344,ISBM-008,6699,0.3268,2189.23
SO-14645,2026-05-03,CUST-012,Bottle,Blow Molding,FR-022-rPET-1000,WO-7004,2618321080700445,ISBM-008,4488,0.3159,1417.76
SO-14646,2026-05-08,CUST-014,Bottle,Blow Molding,FR-022-rPET-1000,WO-7005,2618411080700546,ISBM-008,1825,0.2004,365.73
SO-14647,2026-05-05,CUST-005,Bottle,Blow Molding,FR-022-rPET-1000,WO-7006,2618431080700647,ISBM-008,4865,0.1863,906.35
SO-14648,2026-05-10,CUST-001,Bottle,blow molding,FR-019-HDPE-600,WO-7009,2618731080700950,ISBM-008,2677,0.1827,489.09
SO-14649,2026-05-15,CUST-006,Bottle,Blow Molding,FR-019-PET-600,WO-7010,2618711080701051,ISBM-008,5007,0.1116,558.78
SO-14650,2026-05-06,CUST-010,Bottle,Blow Molding,FR-019-PET-600,WO-7011,2619131080701152,ISBM-008,2623,0.2039,534.83
SO-14651,2026-05-15,CUST-003,Bottle,Blow Molding,FR-019-PET-600,WO-7012,2619131080701253,ISBM-008,4651,0.1218,566.49
SO-14652,2026-05-14,CUST-002,Bottle,Blow Molding,FR-019-HDPE-600,WO-7014,2619311080701455,ISBM-008,6664,0.2581,1719.98
SO-14653,2026-05-08,CUST-010,Bottle,BLOW MOLDING,FR-016-HDPE-600,WO-7015,2619431080701556,ISBM-008,2434,0.1338,325.67
SO-14654,2026-05-14,CUST-013,Bottle,Blow Molding,FR-016-HDPE-600,WO-7016,2619421080701657,ISBM-008,2802,0.1752,490.91
SO-14655,2026-05-14,CUST-009,Bottle,Blow Molding,FR-016-HDPE-600,WO-7017,2619531080701758,ISBM-008,6129,0.2485,1523.06
SO-14656,2026-05-20,CUST-011,Bottle,Blow Molding,FR-022-PET-1000,WO-7018,2619631080701859,ISBM-008,4268,0.2381,1016.21
SO-14657,2026-05-12,CUST-013,Bottle,Blow Molding,FR-019-PP-750,WO-7019,2619621080701960,ISBM-008,3945,0.3075,1213.09
SO-14658,2026-05-13,CUST-005,Bottle,Blow Molding,FR-019-PP-750,WO-7020,2619731080702061,ISBM-008,5200,0.2545,1323.4
SO-14659,2026-05-15,CUST-005,Bottle,Blow Molding,FR-019-PP-750,WO-7021,2619721080702162,ISBM-008,3975,0.344,1367.4
SO-14660,2026-05-17,CUST-006,Bottle,Blow Molding,FR-019-MDPE-750,WO-7025,2620331080702566,ISBM-008,7023,0.1088,764.1
SO-14661,2026-05-17,CUST-007,Bottle,Blow Molding,FR-019-MDPE-750,WO-7026,2620421080702667,ISBM-008,6942,0.3357,2330.43
SO-14662,2026-05-25,CUST-013,Bottle,Blow Molding,FR-022-HDPE-1000,WO-7028,2620631080702869,ISBM-008,3460,0.1762,609.65
SO-14663,2026-05-25,CUST-011,Bottle,Blow Molding,FR-016-HDPE-600,WO-7029,2620731080702970,ISBM-008,2594,0.2797,725.54
SO-14664,2026-05-24,CUST-004,Bottle,Blow Molding,FR-016-HDPE-600,WO-7030,2620711080703071,ISBM-008,7009,0.2314,1621.88
SO-14665,2026-05-20,CUST-010,Bottle,Blow Molding,FR-016-HDPE-600,WO-7031,2621111080703172,ISBM-008,3127,0.1135,354.91
SO-14666,2026-05-25,CUST-012,Bottle,Blow Molding,FR-022-PET-1000,WO-7032,2621131080703273,ISBM-008,2489,0.0856,213.06
SO-14667,2026-05-26,CUST-007,Bottle,Blow Molding,FR-022-PET-1000,WO-7033,2621211080703374,ISBM-008,2242,0.209,468.58
SO-14668,2026-05-21,CUST-006,Bottle,Blow Molding,FR-022-HDPE-1000,WO-7035,2621311080703576,ISBM-008,2844,0.3117,886.47
SO-14669,2026-05-29,CUST-004,Bottle,BLOW MOLDING,FR-022-PETG-1000,WO-7036,2621321080703677,ISBM-008,5034,0.3275,1648.63
SO-14670,2026-05-30,CUST-006,Bottle,Blow Molding,FR-022-PETG-1000,WO-7037,2621411080703778,ISBM-008,3297,0.1131,372.89
SO-14671,2026-06-03,CUST-012,Bottle,Blow Molding,FR-016-HDPE-600,WO-7039,2621521080703980,ISBM-008,4504,0.2629,1184.1
SO-14672,2026-05-31,CUST-014,Bottle,Blow Molding,FR-016-HDPE-600,WO-7040,2621611080704081,ISBM-008,2561,0.0845,216.4
SO-14673,2026-06-01,CUST-011,Bottle,Blow Molding,FR-016-HDPE-600,WO-7041,2621621080704182,ISBM-008,6711,0.0993,666.4
SO-14674,2026-06-03,CUST-011,Bottle,  Blow Molding  ,FR-022-PETG-1000,WO-7042,2621711080704283,ISBM-008,3516,0.3088,1085.74
SO-14675,2026-06-04,CUST-008,Bottle,Blow Molding,FR-022-PETG-1000,WO-7043,2622111080704384,ISBM-008,7366,0.2451,1805.41
SO-14676,2026-06-06,CUST-007,Bottle,Blow Molding,FR-016-HDPE-600,WO-7044,2622231080704485,ISBM-008,4288,0.2627,1126.46
SO-14677,2026-06-04,CUST-010,Bottle,Blow Molding,FR-019-HDPE-750,WO-7047,2622431080704788,ISBM-008,2223,0.1344,298.77
SO-14678,2026-06-09,CUST-002,Bottle,Blow Molding,FR-019-HDPE-750,WO-7048,2622411080704889,ISBM-008,6417,0.2292,1470.78
SO-14679,2026-05-30,CUST-008,Bottle,Blow Molding,FR-022-PP-PCR-1000,WO-7049,2622511080704990,ISBM-008,3583,0.2082,745.98
SO-14680,2026-06-02,CUST-005,Bottle,Blow Molding,FR-016-HDPE-600,WO-7050,2622521080705091,ISBM-008,4716,0.0813,383.41
SO-14681,2026-06-05,CUST-004,Bottle,Blow Molding,FR-016-HDPE-600,WO-7051,2622621080705192,ISBM-008,5295,0.2577,1364.52
SO-14682,2026-06-10,CUST-005,Bottle,Blow Molding,FR-016-HDPE-600,WO-7052,2622721080705293,ISBM-008,5420,0.2132,1155.54
SO-14683,2026-06-07,CUST-008,Bottle,Blow Molding,FR-022-PP-PCR-1000,WO-7053,2623131080705394,ISBM-008,2838,0.1086,308.21
SO-14684,2026-06-12,CUST-014,Bottle,Blow Molding,FR-022-PP-PCR-1000,WO-7054,2623111080705495,ISBM-008,7145,0.3336,2383.57
SO-14685,2026-06-06,CUST-014,Bottle,BLOW MOLDING,FR-016-HDPE-600,WO-7055,2623211080705596,ISBM-008,3111,0.3484,1083.87
SO-14686,2026-06-04,CUST-008,Bottle,Blow Molding,FR-019-rPET-750,WO-7056,2623221080705697,ISBM-008,10065,0.0897,902.83
SO-14687,2026-06-11,CUST-014,Bottle,Blow Molding,FR-019-rPET-750,WO-7057,2623321080705798,ISBM-008,1458,0.3038,442.94
SO-14688,2026-06-14,CUST-001,Bottle,Blow Molding,FR-019-HDPE-600,WO-7058,2623411080705899,ISBM-008,3084,0.1717,529.52
SO-14689,2026-06-06,CUST-007,Bottle,  Blow Molding  ,FR-019-rPET-750,WO-7059,2623421080705901,ISBM-008,3388,0.1962,664.73
SO-14690,2026-06-12,CUST-012,Bottle,Blow Molding,FR-019-rPET-750,WO-7060,2623511080706002,ISBM-008,7515,0.171,1285.07
SO-14691,2026-06-18,CUST-005,Bottle,Blow Molding,FR-019-HDPE-750,WO-7062,2623611080706204,ISBM-008,4053,0.3366,1364.24
SO-14692,2026-06-15,CUST-011,Bottle,Blow Molding,FR-019-HDPE-750,WO-7063,2623731080706305,ISBM-008,6846,0.3426,2345.44
SO-14693,2026-06-12,CUST-005,Bottle,Blow Molding,FR-019-HDPE-750,WO-7064,2623731080706406,ISBM-008,4699,0.2689,1263.56
SO-14694,2026-06-10,CUST-008,Bottle,Blow Molding,FR-022-PET-1000,WO-7065,2624111080706507,ISBM-008,4386,0.1113,488.16
SO-14695,2026-06-20,CUST-002,Bottle,Blow Molding,FR-022-PET-1000,WO-7066,2624211080706608,ISBM-008,1117,0.1755,196.03
SO-14696,2026-06-15,CUST-010,Bottle,Blow Molding,FR-022-rPET-1000,WO-7068,2624321080706810,ISBM-008,2282,0.1263,288.22
SO-14697,2026-06-15,CUST-001,Bottle,Blow Molding,FR-022-rPET-1000,WO-7069,2624411080706911,ISBM-008,2724,0.2192,597.1
SO-14698,2026-06-17,CUST-012,Bottle,Blow Molding,FR-022-rPET-1000,WO-7070,2624421080707012,ISBM-008,3668,0.0843,309.21
SO-14699,2026-06-14,CUST-011,Bottle,Blow Molding,FR-022-PETG-1000,WO-7071,2624521080707113,ISBM-008,3089,0.2739,846.08
SO-14700,2026-06-22,CUST-008,Bottle,Blow Molding,FR-016-HDPE-600,WO-7072,2624611080707214,ISBM-008,5708,0.2594,1480.66
SO-14701,2026-06-26,CUST-013,Bottle,Blow Molding,FR-016-HDPE-600,WO-7074,2624721080707416,ISBM-008,2228,0.3101,690.9
SO-14702,2026-06-25,CUST-002,Bottle,Blow Molding,FR-019-rPET-750,WO-7076,2625231080707618,ISBM-008,6526,0.1606,1048.08
SO-14703,2026-06-26,CUST-012,Bottle,Blow Molding,FR-019-rPET-750,WO-7077,2625221080707719,ISBM-008,3460,0.1268,438.73
SO-14704,2026-06-24,CUST-012,Bottle,Blow Molding,FR-019-rPET-750,WO-7078,2625321080707820,ISBM-008,4374,0.0805,352.11
SO-14705,2026-06-21,CUST-010,Bottle,Blow Molding,FR-019-HDPE-PCR-750,WO-7079,2625411080707921,ISBM-008,6276,0.1734,1088.26
SO-14706,2026-06-25,CUST-005,Bottle,Blow Molding,FR-019-HDPE-PCR-750,WO-7080,2625531080708022,ISBM-008,4523,0.1739,786.55
SO-14707,2026-06-25,CUST-003,Bottle,Blow Molding,FR-019-HDPE-PCR-750,WO-7081,2625521080708123,ISBM-008,8456,0.2769,2341.47
SO-14708,2026-06-26,CUST-007,Bottle,Blow Molding,FR-019-MDPE-750,WO-7082,2625611080708224,ISBM-008,5488,0.239,1311.63
SO-14709,2026-06-28,CUST-001,Bottle,Blow Molding,FR-019-PET-750,WO-7083,2625731080708325,ISBM-008,5146,0.2007,1032.8
SO-14710,2026-06-25,CUST-004,Bottle,blow molding,FR-019-HDPE-600,WO-7085,2626131080708527,ISBM-008,5634,0.2212,1246.24
SO-14711,2026-07-01,CUST-014,Bottle,Blow Molding,FR-019-HDPE-600,WO-7086,2626121080708628,ISBM-008,4479,0.2972,1331.16
SO-14712,2026-07-04,CUST-005,Bottle,Blow Molding,FR-019-HDPE-750,WO-7087,2626221080708729,ISBM-008,5893,0.1696,999.45
SO-14713,2026-07-06,CUST-001,Bottle,Blow Molding,FR-019-HDPE-750,WO-7088,2626311080708830,ISBM-008,5226,0.3345,1748.1
SO-14714,2026-06-27,CUST-004,Bottle,Blow Molding,FR-019-HDPE-750,WO-7089,2626411080708931,ISBM-008,4815,0.195,938.93
SO-14715,2026-07-06,CUST-006,Bottle,Blow Molding,FR-019-HDPE-600,WO-7090,2626421080709032,ISBM-008,5397,0.3236,1746.47
SO-14716,2026-07-04,CUST-003,Bottle,Blow Molding,FR-019-HDPE-600,WO-7091,2626521080709133,ISBM-008,2091,0.2013,420.92
SO-14717,2026-07-05,CUST-007,Bottle,Blow Molding,FR-019-rPET-600,WO-7092,2626631080709234,ISBM-008,2529,0.2406,608.48
SO-14718,2026-06-29,CUST-006,Bottle,Blow Molding,FR-016-HDPE-600,WO-7093,2626621080709335,ISBM-008,5434,0.2365,1285.14
SO-14719,2026-07-04,CUST-011,Bottle,BLOW MOLDING,FR-022-PETG-1000,WO-7095,2627131080709537,ISBM-008,2333,0.1514,353.22
SO-14720,2026-07-07,CUST-005,Bottle,blow molding,FR-022-PETG-1000,WO-7096,2627231080709638,ISBM-008,2749,0.3051,838.72
SO-14721,2026-07-05,CUST-004,Bottle,Blow Molding,FR-022-PETG-1000,WO-7097,2627211080709739,ISBM-008,6545,0.3043,1991.64
SO-14722,2026-07-09,CUST-003,Bottle,Blow Molding,FR-019-PET-600,WO-7098,2627311080709840,ISBM-008,4043,0.0975,394.19
SO-14723,2026-07-04,CUST-005,Bottle,Blow Molding,FR-016-HDPE-600,WO-7100,2627421080710042,ISBM-008,5993,0.3426,2053.2
SO-14724,2026-07-09,CUST-011,Bottle,Blow Molding,FR-016-HDPE-600,WO-7101,2627521080710143,ISBM-008,2095,0.3155,660.97
SO-14725,2026-07-12,CUST-002,Bottle,Blow Molding,FR-019-rPET-600,WO-7102,2627611080710244,ISBM-008,3772,0.3127,1179.5
SO-14726,2026-07-15,CUST-013,Bottle,Blow Molding,FR-016-HDPE-600,WO-7105,2628111080710547,ISBM-008,3141,0.1746,548.42
SO-14727,2026-07-10,CUST-004,Bottle,Blow Molding,FR-016-HDPE-600,WO-7106,2628131080710648,ISBM-008,4460,0.2495,1112.77
SO-14728,2026-07-10,CUST-002,Bottle,Blow Molding,FR-016-HDPE-600,WO-7107,2628231080710749,ISBM-008,4500,0.1931,868.95
SO-14729,2026-07-12,CUST-004,Bottle,Blow Molding,FR-022-rPET-1000,WO-7108,2628431080710850,ISBM-008,2610,0.28,730.8
SO-14730,2026-07-18,CUST-005,Bottle,Blow Molding,FR-022-rPET-1000,WO-7109,2628421080710951,ISBM-008,1639,0.1023,167.67
SO-14731,2026-07-24,CUST-010,Bottle,Blow Molding,FR-019-PET-750,WO-7113,2628711080711355,ISBM-008,6598,0.2664,1757.71
SO-14732,2026-07-17,CUST-002,Bottle,Blow Molding,FR-019-PET-750,WO-7115,2629121080711557,ISBM-008,4719,0.179,844.7
SO-14733,2026-07-17,CUST-012,Bottle,Blow Molding,FR-022-HDPE-1000,WO-7116,2629221080711658,ISBM-008,6289,0.2457,1545.21
SO-14734,2026-07-26,CUST-013,Bottle,Blow Molding,FR-022-MDPE-1000,WO-7117,2629311080711759,ISBM-008,8889,0.2824,2510.25
SO-14735,2026-07-21,CUST-014,Bottle,Blow Molding,FR-016-HDPE-600,WO-7118,2629411080711860,ISBM-008,2740,0.1838,503.61
SO-14736,2026-07-26,CUST-005,Bottle,Blow Molding,FR-016-HDPE-600,WO-7119,2629431080711961,ISBM-008,9051,0.2202,1993.03
SO-14737,2026-07-20,CUST-012,Bottle,Blow Molding,FR-022-HDPE-PCR-1000,WO-7122,2629621080712264,ISBM-008,1211,0.1842,223.07
SO-14738,2026-07-24,CUST-006,Bottle,Blow Molding,FR-019-PET-750,WO-7123,2629711080712365,ISBM-008,5591,0.3015,1685.69
SO-14739,2026-07-30,CUST-005,Bottle,Blow Molding,FR-019-PET-750,WO-7124,2629721080712466,ISBM-008,3993,0.2474,987.87
SO-14740,2026-07-27,CUST-006,Bottle,Blow Molding,FR-019-rPET-600,WO-7125,2630111080712567,ISBM-008,7221,0.1713,1236.96
SO-14741,2026-07-27,CUST-003,Bottle,Blow Molding,FR-016-HDPE-600,WO-7126,2630211080712668,ISBM-008,4506,0.2127,958.43
SO-14742,2026-07-29,CUST-005,Bottle,blow molding,FR-016-HDPE-600,WO-7127,2630331080712769,ISBM-008,3388,0.0803,272.06
SO-14743,2026-07-26,CUST-012,Bottle,Blow Molding,FR-019-rPET-750,WO-7128,2630321080712870,ISBM-008,3608,0.1327,478.78
SO-14744,2026-07-24,CUST-009,Bottle,Blow Molding,FR-019-HDPE-750,WO-7129,2630411080712971,ISBM-008,3932,0.2533,995.98
SO-14745,2026-08-01,CUST-014,Bottle,Blow Molding,FR-016-HDPE-600,WO-7130,2630421080713072,ISBM-008,3108,0.2454,762.7
SO-14746,2026-07-29,CUST-013,Bottle,Blow Molding,FR-016-HDPE-600,WO-7131,2630511080713173,ISBM-008,6563,0.3426,2248.48
SO-14747,2026-07-28,CUST-009,Bottle,Blow Molding,FR-016-HDPE-600,WO-7132,2630631080713274,ISBM-008,2152,0.1608,346.04
SO-14748,2026-07-31,CUST-001,Bottle,Blow Molding,FR-022-PP-1000,WO-7133,2630621080713375,ISBM-008,6348,0.1979,1256.27
SO-14749,2026-08-03,CUST-003,Bottle,BLOW MOLDING,FR-022-PP-1000,WO-7134,2630711080713476,ISBM-008,5769,0.0881,508.25
SO-14750,2026-08-04,CUST-013,Bottle,blow molding,FR-016-HDPE-600,WO-7135,2631111080713577,ISBM-008,5547,0.0954,529.18
SO-14751,2026-08-05,CUST-013,Bottle,Blow Molding,FR-016-HDPE-600,WO-7136,2631231080713678,ISBM-008,1694,0.201,340.49
SO-14752,2026-07-30,CUST-006,Bottle,Blow Molding,FR-022-MDPE-1000,WO-7137,2631211080713779,ISBM-008,2258,0.2146,484.57
SO-14753,2026-08-08,CUST-012,Bottle,Blow Molding,FR-022-rPET-1000,WO-7138,2631331080713880,ISBM-008,3681,0.1353,498.04
SO-14754,2026-08-09,CUST-011,Bottle,  Blow Molding  ,FR-016-HDPE-600,WO-7139,2631321080713981,ISBM-008,2512,0.0934,234.62
SO-14755,2026-08-02,CUST-009,Bottle,Blow Molding,FR-019-PVC-750,WO-7141,2631421080714183,ISBM-008,7997,0.1929,1542.62
SO-14756,2026-08-06,CUST-002,Bottle,Blow Molding,FR-019-PVC-750,WO-7142,2631511080714284,ISBM-008,7862,0.153,1202.89
SO-14757,2026-08-13,CUST-007,Bottle,Blow Molding,FR-019-PVC-750,WO-7143,2631611080714385,ISBM-008,9481,0.3134,2971.35
SO-14758,2026-08-13,CUST-013,Bottle,blow molding,FR-019-rPET-600,WO-7144,2631731080714486,ISBM-008,8534,0.3297,2813.66
SO-14759,2026-08-05,CUST-002,Bottle,Blow Molding,FR-019-rPET-600,WO-7145,2631721080714587,ISBM-008,5972,0.3123,1865.06
SO-14760,2026-08-12,CUST-014,Bottle,Blow Molding,FR-019-PVC-750,WO-7146,2632121080714688,ISBM-008,7576,0.2158,1634.9
SO-14761,2026-08-13,CUST-007,Bottle,Blow Molding,FR-022-HDPE-1000,WO-7150,2632421080715092,ISBM-008,4063,0.1537,624.48
SO-14762,2026-08-14,CUST-002,Bottle,Blow Molding,FR-019-HDPE-PCR-750,WO-7151,2632511080715193,ISBM-008,5373,0.0842,452.41
SO-14763,2026-08-17,CUST-011,Bottle,Blow Molding,FR-022-rPET-1000,WO-7152,2632521080715294,ISBM-008,2602,0.2634,685.37
SO-14764,2026-08-11,CUST-008,Bottle,Blow Molding,FR-022-rPET-1000,WO-7153,2632611080715395,ISBM-008,4358,0.329,1433.78
SO-14765,2026-08-19,CUST-006,Bottle,blow molding,FR-019-HDPE-PCR-750,WO-7154,2632711080715496,ISBM-008,4110,0.3371,1385.48
SO-14766,2026-08-11,CUST-013,Bottle,Blow Molding,FR-019-HDPE-PCR-750,WO-7155,2632721080715597,ISBM-008,1578,0.1587,250.43
SO-14767,2026-08-22,CUST-011,Bottle,Blow Molding,FR-016-HDPE-600,WO-7157,2633231080715799,ISBM-008,3447,0.3356,1156.81
SO-14768,2026-08-15,CUST-013,Bottle,Blow Molding,FR-022-PVC-1000,WO-7159,2633321080715902,ISBM-008,5515,0.3093,1705.79
SO-14769,2026-08-25,CUST-010,Bottle,Blow Molding,FR-022-PVC-1000,WO-7160,2633421080716003,ISBM-008,3432,0.1196,410.47
SO-14770,2026-08-18,CUST-002,Bottle,Blow Molding,FR-016-HDPE-600,WO-7164,2633731080716407,ISBM-008,6508,0.1609,1047.14
SO-14771,2026-08-28,CUST-009,Bottle,Blow Molding,FR-016-HDPE-600,WO-7165,2633721080716508,ISBM-008,2998,0.2127,637.67
SO-14772,2026-08-23,CUST-014,Bottle,Blow Molding,FR-016-HDPE-600,WO-7166,2634111080716609,ISBM-008,2778,0.1519,421.98
SO-14773,2026-08-22,CUST-009,Bottle,Blow Molding,FR-016-HDPE-600,WO-7167,2634211080716710,ISBM-008,7263,0.1521,1104.7
SO-14774,2026-08-25,CUST-011,Bottle,Blow Molding,FR-019-PP-750,WO-7168,2634311080716811,ISBM-008,6769,0.1986,1344.32
SO-14775,2026-08-25,CUST-009,Bottle,Blow Molding,FR-019-PP-750,WO-7169,2634431080716912,ISBM-008,6957,0.0871,605.95
SO-14776,2026-09-02,CUST-014,Bottle,Blow Molding,FR-022-PET-1000,WO-7177,2635221080717720,ISBM-008,2554,0.3328,849.97
SO-14777,2026-08-28,CUST-005,Bottle,Blow Molding,FR-022-rPET-1000,WO-7178,2635311080717821,ISBM-008,5780,0.1885,1089.53
SO-14778,2026-09-08,CUST-007,Bottle,Blow Molding,FR-022-rPET-1000,WO-7179,2635411080717922,ISBM-008,3571,0.2063,736.7
SO-14779,2026-09-02,CUST-011,Bottle,Blow Molding,FR-016-HDPE-600,WO-7182,2635611080718225,ISBM-008,3064,0.2224,681.43
SO-14780,2026-09-09,CUST-010,Bottle,Blow Molding,FR-022-rPET-1000,WO-7183,2635711080718326,ISBM-008,2586,0.2473,639.52
SO-14781,2026-09-05,CUST-008,Bottle,Blow Molding,FR-022-rPET-1000,WO-7184,2635721080718427,ISBM-008,5505,0.3201,1762.15
SO-14782,2026-09-09,CUST-011,Bottle,Blow Molding,FR-016-HDPE-600,WO-7185,2636111080718528,ISBM-008,5060,0.342,1730.52
SO-14783,2026-09-04,CUST-003,Bottle,Blow Molding,FR-016-HDPE-600,WO-7186,2636231080718629,ISBM-008,3822,0.3106,1187.11
SO-14784,2026-09-06,CUST-014,Bottle,Blow Molding,FR-022-HDPE-1000,WO-7187,2636231080718730,ISBM-008,2323,0.1789,415.58
SO-14785,2026-09-13,CUST-008,Bottle,Blow Molding,FR-022-HDPE-1000,WO-7189,2636411080718932,ISBM-008,1870,0.1383,258.62
SO-14786,2026-09-15,CUST-011,Bottle,Blow Molding,FR-022-PP-PCR-1000,WO-7190,2636431080719033,ISBM-008,1440,0.2859,411.7
SO-14787,2026-09-09,CUST-008,Bottle,  Blow Molding  ,FR-019-PET-750,WO-7191,2636521080719134,ISBM-008,2884,0.1661,479.03
SO-14788,2026-09-07,CUST-011,Bottle,Blow Molding,FR-019-PET-750,WO-7193,2636611080719336,ISBM-008,2127,0.2447,520.48
SO-14789,2026-09-17,CUST-001,Bottle,blow molding,FR-016-HDPE-600,WO-7194,2636731080719437,ISBM-008,4470,0.1213,542.21
SO-14790,2026-09-09,CUST-011,Bottle,Blow Molding,FR-022-PP-PCR-1000,WO-7197,2637131080719740,ISBM-008,4522,0.2471,1117.39
SO-14791,2026-09-13,CUST-013,Bottle,Blow Molding,FR-016-HDPE-600,WO-7198,2637211080719841,ISBM-008,2951,0.3067,905.07
SO-14792,2026-09-17,CUST-008,Bottle,Blow Molding,FR-016-HDPE-600,WO-7199,2637311080719942,ISBM-008,5703,0.2744,1564.9
SO-14793,2026-09-13,CUST-011,Bottle,Blow Molding,FR-016-HDPE-600,WO-7200,2637431080720043,ISBM-008,3383,0.1606,543.31
SO-14794,2026-09-14,CUST-012,Bottle,Blow Molding,FR-016-HDPE-600,WO-7203,2637631080720346,ISBM-008,2566,0.0829,212.72
SO-14795,2026-09-15,CUST-003,Bottle,Blow Molding,FR-016-HDPE-600,WO-7204,2637611080720447,ISBM-008,1721,0.2654,456.75
SO-14796,2026-09-18,CUST-010,Bottle,  Blow Molding  ,FR-016-HDPE-600,WO-7205,2637731080720548,ISBM-008,2186,0.1591,347.79
SO-14797,2026-09-16,CUST-014,Bottle,Blow Molding,FR-016-HDPE-600,WO-7207,2638111080720750,ISBM-008,7747,0.3071,2379.1
SO-14798,2026-09-21,CUST-009,Bottle,Blow Molding,FR-019-PP-750,WO-7212,2638421080721255,ISBM-008,4022,0.2093,841.8
SO-14799,2026-09-21,CUST-005,Bottle,Blow Molding,FR-019-PP-750,WO-7213,2638511080721356,ISBM-008,7314,0.1541,1127.09
SO-14800,2026-09-23,CUST-014,Bottle,Blow Molding,FR-016-HDPE-600,WO-7214,2638631080721457,ISBM-008,6641,0.1827,1213.31
SO-14801,2026-09-24,CUST-012,Bottle,BLOW MOLDING,FR-019-PET-600,WO-7215,2638731080721558,ISBM-008,5051,0.133,671.78
SO-14802,2026-09-22,CUST-011,Bottle,Blow Molding,FR-019-PET-600,WO-7216,2638721080721659,ISBM-008,7628,0.2829,2157.96
SO-14803,2026-10-02,CUST-006,Bottle,Blow Molding,FR-019-PET-600,WO-7217,2639111080721760,ISBM-008,7236,0.0891,644.73
SO-14804,2026-09-24,CUST-002,Bottle,Blow Molding,FR-016-HDPE-600,WO-7218,2639211080721861,ISBM-008,160,0.3488,55.81
SO-14805,2026-09-30,CUST-012,Bottle,Blow Molding,FR-016-HDPE-600,WO-7219,2639311080721962,ISBM-008,5225,0.1348,704.33
SO-14806,2026-10-02,CUST-011,Bottle,Blow Molding,FR-016-HDPE-600,WO-7220,2639431080722063,ISBM-008,4001,0.3323,1329.53
SO-14807,2026-09-29,CUST-004,Bottle,Blow Molding,FR-022-PVC-1000,WO-7221,2639421080722164,ISBM-008,2018,0.0997,201.19
SO-14808,2026-09-30,CUST-011,Bottle,Blow Molding,FR-022-PVC-1000,WO-7223,2639631080722366,ISBM-008,3008,0.0908,273.13
SO-14809,2026-10-01,CUST-006,Bottle,Blow Molding,FR-022-MDPE-1000,WO-7224,2639611080722467,ISBM-008,2942,0.1496,440.12
SO-14810,2026-10-07,CUST-012,Bottle,Blow Molding,FR-022-HDPE-PCR-1000,WO-7227,2640111080722770,ISBM-008,6458,0.2959,1910.92
SO-14811,2026-10-05,CUST-008,Bottle,Blow Molding,FR-019-PP-750,WO-7229,2640221080722972,ISBM-008,3613,0.1426,515.21
SO-14812,2026-10-05,CUST-011,Bottle,Blow Molding,FR-019-PP-750,WO-7230,2640311080723073,ISBM-008,6575,0.3492,2295.99
SO-14813,2026-10-12,CUST-008,Bottle,Blow Molding,FR-019-PET-600,WO-7231,2640431080723174,ISBM-008,8640,0.0892,770.69
SO-14814,2026-10-09,CUST-004,Bottle,Blow Molding,FR-019-PET-750,WO-7232,2640421080723275,ISBM-008,5615,0.103,578.34
SO-14815,2026-10-08,CUST-006,Bottle,Blow Molding,FR-019-MDPE-750,WO-7233,2640511080723376,ISBM-008,3804,0.3456,1314.66
SO-14816,2026-10-13,CUST-002,Bottle,Blow Molding,FR-019-MDPE-750,WO-7234,2640611080723477,ISBM-008,5277,0.1441,760.42
SO-14817,2026-10-06,CUST-011,Bottle,Blow Molding,FR-019-MDPE-750,WO-7235,2640711080723578,ISBM-008,7410,0.3181,2357.12
SO-14818,2026-10-09,CUST-005,Bottle,Blow Molding,FR-016-HDPE-600,WO-7236,2641131080723679,ISBM-008,4403,0.2225,979.67
SO-14819,2026-10-07,CUST-009,Bottle,Blow Molding,FR-016-HDPE-600,WO-7237,2641121080723780,ISBM-008,4115,0.1239,509.85
SO-14820,2026-10-14,CUST-013,Bottle,Blow Molding,FR-019-PET-750,WO-7238,2641211080723881,ISBM-008,7173,0.2266,1625.4
SO-14821,2026-10-14,CUST-012,Bottle,Blow Molding,FR-019-PET-750,WO-7239,2641331080723982,ISBM-008,2473,0.1698,419.92
SO-14822,2026-10-13,CUST-009,Bottle,Blow Molding,FR-019-PET-750,WO-7240,2641311080724083,ISBM-008,3536,0.3337,1179.96
SO-14823,2026-10-10,CUST-005,Bottle,Blow Molding,FR-022-PP-1000,WO-7241,2641431080724184,ISBM-008,3066,0.2428,744.42
SO-14824,2026-10-10,CUST-006,Bottle,Blow Molding,FR-022-PP-1000,WO-7242,2641421080724285,ISBM-008,2517,0.2345,590.24
SO-14825,2026-10-14,CUST-009,Bottle,Blow Molding,FR-019-HDPE-750,WO-7243,2641521080724386,ISBM-008,6787,0.1542,1046.56
SO-14826,2026-10-22,CUST-013,Bottle,Blow Molding,FR-016-HDPE-600,WO-7244,2641621080724487,ISBM-008,6073,0.1757,1067.03
SO-14827,2026-10-19,CUST-006,Bottle,Blow Molding,FR-019-rPET-600,WO-7246,2641721080724689,ISBM-008,2372,0.1685,399.68
SO-14828,2026-10-17,CUST-009,Bottle,Blow Molding,FR-019-rPET-600,WO-7247,2642111080724790,ISBM-008,3981,0.1287,512.35
SO-14829,2026-10-20,CUST-014,Bottle,Blow Molding,FR-019-PP-750,WO-7248,2642121080724891,ISBM-008,7042,0.2802,1973.17
SO-14830,2026-10-18,CUST-010,Bottle,Blow Molding,FR-022-HDPE-PCR-1000,WO-7251,2642321080725194,ISBM-008,3975,0.3475,1381.31
SO-14831,2026-10-24,CUST-007,Bottle,Blow Molding,FR-016-HDPE-600,WO-7252,2642411080725295,ISBM-008,7018,0.331,2322.96
SO-14832,2026-10-23,CUST-010,Bottle,Blow Molding,FR-016-HDPE-600,WO-7253,2642511080725396,ISBM-008,2980,0.2203,656.49
SO-14833,2026-10-28,CUST-007,Bottle,Blow Molding,FR-019-HDPE-600,WO-7255,2642631080725598,ISBM-008,5217,0.2682,1399.2
SO-14834,2026-10-27,CUST-006,Bottle,Blow Molding,FR-019-HDPE-600,WO-7256,2642721080725699,ISBM-008,4090,0.094,384.46
SO-14835,2026-10-20,CUST-005,Bottle,  Blow Molding  ,FR-016-HDPE-600,WO-7257,2643111080725701,ISBM-008,5631,0.1495,841.83
SO-14836,2026-10-26,CUST-005,Bottle,Blow Molding,FR-016-HDPE-600,WO-7258,2643121080725802,ISBM-008,3324,0.1798,597.66
SO-14837,2026-11-01,CUST-009,Bottle,Blow Molding,FR-022-PP-1000,WO-7261,2643321080726105,ISBM-008,3653,0.1091,398.54
SO-14838,2026-11-02,CUST-003,Bottle,Blow Molding,FR-022-rPET-1000,WO-7263,2643511080726307,ISBM-008,3495,0.3366,1176.42
SO-14839,2026-11-04,CUST-006,Bottle,Blow Molding,FR-016-HDPE-600,WO-7264,2643631080726408,ISBM-008,2088,0.1023,213.6
SO-14840,2026-11-05,CUST-012,Bottle,Blow Molding,FR-022-PP-1000,WO-7265,2643621080726509,ISBM-008,2289,0.2567,587.59
SO-14841,2026-11-03,CUST-011,Bottle,Blow Molding,FR-016-HDPE-600,WO-7267,2644111080726711,ISBM-008,3538,0.0819,289.76
SO-14842,2026-10-31,CUST-011,Bottle,Blow Molding,FR-016-HDPE-600,WO-7268,2644231080726812,ISBM-008,4388,0.2569,1127.28
SO-14843,2026-11-02,CUST-005,Bottle,Blow Molding,FR-016-HDPE-600,WO-7269,2644221080726913,ISBM-008,5388,0.1918,1033.42
SO-14844,2026-11-09,CUST-010,Bottle,Blow Molding,FR-016-HDPE-600,WO-7270,2644321080727014,ISBM-008,2366,0.2786,659.17
SO-14845,2026-11-10,CUST-014,Bottle,Blow Molding,FR-016-HDPE-600,WO-7271,2644431080727115,ISBM-008,4472,0.2032,908.71
SO-14846,2026-11-07,CUST-014,Bottle,Blow Molding,FR-016-HDPE-600,WO-7272,2644531080727216,ISBM-008,3075,0.2124,653.13
SO-14847,2026-11-11,CUST-007,Bottle,Blow Molding,FR-019-rPET-750,WO-7273,2644521080727317,ISBM-008,2375,0.2761,655.74
SO-14848,2026-11-05,CUST-001,Bottle,blow molding,FR-016-HDPE-600,WO-7275,2644711080727519,ISBM-008,7498,0.1969,1476.36
SO-14849,2026-11-14,CUST-010,Bottle,BLOW MOLDING,FR-019-rPET-750,WO-7277,2645231080727721,ISBM-008,8894,0.1032,917.86
SO-14850,2026-11-15,CUST-004,Bottle,Blow Molding,FR-019-HDPE-PCR-750,WO-7278,2645221080727822,ISBM-008,4112,0.2475,1017.72
SO-14851,2026-11-16,CUST-008,Bottle,Blow Molding,FR-016-HDPE-600,WO-7279,2645311080727923,ISBM-008,9541,0.2539,2422.46
SO-14852,2026-11-17,CUST-013,Bottle,Blow Molding,FR-016-HDPE-600,WO-7280,2645411080728024,ISBM-008,5552,0.2495,1385.22
SO-14853,2026-11-16,CUST-007,Bottle,Blow Molding,FR-022-rPET-1000,WO-7281,2645531080728125,ISBM-008,6791,0.2185,1483.83
SO-14854,2026-11-18,CUST-008,Bottle,Blow Molding,FR-022-rPET-1000,WO-7282,2645631080728226,ISBM-008,5868,0.1754,1029.25
SO-14855,2026-11-12,CUST-001,Bottle,Blow Molding,FR-022-rPET-1000,WO-7283,2645621080728327,ISBM-008,4863,0.2025,984.76
SO-14856,2026-11-11,CUST-007,Bottle,Blow Molding,FR-016-HDPE-600,WO-7284,2645721080728428,ISBM-008,8588,0.3154,2708.66
SO-14857,2026-11-17,CUST-011,Bottle,Blow Molding,FR-019-PET-750,WO-7286,2646231080728630,ISBM-008,2879,0.3461,996.42
SO-14858,2026-11-21,CUST-014,Bottle,Blow Molding,FR-019-PET-750,WO-7287,2646221080728731,ISBM-008,3814,0.3141,1197.98
SO-14859,2026-11-21,CUST-009,Bottle,Blow Molding,FR-019-PET-750,WO-7288,2646311080728832,ISBM-008,4518,0.1413,638.39
SO-14860,2026-11-20,CUST-001,Bottle,Blow Molding,FR-019-HDPE-600,WO-7289,2646411080728933,ISBM-008,1430,0.1704,243.67
SO-14861,2026-11-22,CUST-004,Bottle,Blow Molding,FR-019-PET-600,WO-7290,2646421080729034,ISBM-008,5366,0.2114,1134.37
SO-14862,2026-11-21,CUST-007,Bottle,Blow Molding,FR-019-PET-600,WO-7291,2646511080729135,ISBM-008,2943,0.1474,433.8
SO-14863,2026-11-16,CUST-013,Bottle,Blow Molding,FR-019-PET-600,WO-7292,2646531080729236,ISBM-008,3345,0.0892,298.37
SO-14864,2026-11-24,CUST-007,Bottle,Blow Molding,FR-019-MDPE-750,WO-7293,2646611080729337,ISBM-008,5926,0.2583,1530.69
SO-14865,2026-11-25,CUST-006,Bottle,Blow Molding,FR-019-rPET-750,WO-7294,2646631080729438,ISBM-008,3448,0.1442,497.2
SO-14866,2026-11-19,CUST-012,Bottle,Blow Molding,FR-019-rPET-750,WO-7295,2646711080729539,ISBM-008,6411,0.1243,796.89
SO-14867,2026-11-26,CUST-005,Bottle,Blow Molding,FR-019-MDPE-750,WO-7296,2647131080729640,ISBM-008,3420,0.3398,1162.12
SO-14868,2026-11-22,CUST-014,Bottle,Blow Molding,FR-016-HDPE-600,WO-7297,2647121080729741,ISBM-008,2606,0.2736,713.0
SO-14869,2026-11-28,CUST-012,Bottle,Blow Molding,FR-016-HDPE-600,WO-7298,2647211080729842,ISBM-008,2884,0.1401,404.05
SO-14870,2026-11-27,CUST-003,Bottle,Blow Molding,FR-022-PETG-1000,WO-7299,2647231080729943,ISBM-008,2611,0.217,566.59
SO-14871,2026-11-20,CUST-006,Bottle,  Blow Molding  ,FR-016-HDPE-600,WO-7300,2647311080730044,ISBM-008,7590,0.1359,1031.48
SO-14872,2026-11-30,CUST-010,Bottle,Blow Molding,FR-019-HDPE-750,WO-7301,2647411080730145,ISBM-008,9313,0.2425,2258.4
SO-14873,2026-11-27,CUST-013,Bottle,Blow Molding,FR-016-HDPE-600,WO-7302,2647531080730246,ISBM-008,5596,0.1217,681.03
SO-14874,2026-11-26,CUST-014,Bottle,  Blow Molding  ,FR-016-HDPE-600,WO-7303,2647631080730347,ISBM-008,4817,0.2013,969.66
SO-14875,2026-11-24,CUST-005,Bottle,Blow Molding,FR-016-HDPE-600,WO-7305,2647721080730549,ISBM-008,2931,0.2916,854.68
SO-14876,2026-11-25,CUST-013,Bottle,Blow Molding,FR-019-rPET-600,WO-7306,2648111080730650,ISBM-008,4097,0.1603,656.75
SO-14877,2026-11-29,CUST-008,Bottle,Blow Molding,FR-022-PP-PCR-1000,WO-7307,2648231080730751,ISBM-008,3689,0.1269,468.13
SO-14878,2026-12-06,CUST-003,Bottle,Blow Molding,FR-019-PETG-750,WO-7308,2648231080730852,ISBM-008,5183,0.2283,1183.28
SO-14879,2026-12-07,CUST-001,Bottle,Blow Molding,FR-019-rPET-600,WO-7310,2648431080731054,ISBM-008,5628,0.3419,1924.21
SO-14880,2026-12-06,CUST-010,Bottle,Blow Molding,FR-016-HDPE-600,WO-7311,2648531080731155,ISBM-008,5521,0.3119,1722.0
SO-14881,2026-12-06,CUST-003,Bottle,blow molding,FR-016-HDPE-600,WO-7312,2648531080731256,ISBM-008,5141,0.2991,1537.67
SO-14882,2026-11-30,CUST-004,Bottle,Blow Molding,FR-016-HDPE-600,WO-7313,2648621080731357,ISBM-008,9537,0.2643,2520.63
SO-14883,2026-12-03,CUST-006,Bottle,Blow Molding,FR-016-HDPE-600,WO-7314,2648721080731458,ISBM-008,6093,0.2507,1527.52
SO-14884,2026-12-08,CUST-013,Bottle,Blow Molding,FR-016-HDPE-600,WO-7315,2649111080731559,ISBM-008,5216,0.2159,1126.13
SO-14885,2026-12-12,CUST-011,Bottle,Blow Molding,FR-022-HDPE-1000,WO-7316,2649231080731660,ISBM-008,9459,0.3431,3245.38
SO-14886,2026-12-10,CUST-009,Bottle,Blow Molding,FR-016-HDPE-600,WO-7321,2649511080732165,ISBM-008,3924,0.2662,1044.57
SO-14887,2026-12-13,CUST-001,Bottle,Blow Molding,FR-016-HDPE-600,WO-7322,2649611080732266,ISBM-008,4143,0.3109,1288.06
SO-14888,2026-12-12,CUST-007,Bottle,Blow Molding,FR-016-HDPE-600,WO-7323,2649731080732367,ISBM-008,7632,0.2919,2227.78
SO-14889,2026-12-08,CUST-008,Bottle,Blow Molding,FR-019-PET-600,WO-7324,2650131080732468,ISBM-008,5720,0.1612,922.06
SO-14890,2026-12-19,CUST-011,Bottle,Blow Molding,FR-022-rPET-1000,WO-7325,2650121080732569,ISBM-008,2750,0.3234,889.35
SO-14891,2026-12-15,CUST-014,Bottle,Blow Molding,FR-022-rPET-1000,WO-7326,2650231080732670,ISBM-008,1984,0.2362,468.62
SO-14892,2026-12-10,CUST-012,Bottle,BLOW MOLDING,FR-022-rPET-1000,WO-7327,2650221080732771,ISBM-008,4499,0.1556,700.04
SO-14893,2026-12-20,CUST-009,Bottle,Blow Molding,FR-016-HDPE-600,WO-7328,2650331080732872,ISBM-008,2149,0.1875,402.94
SO-14894,2026-12-20,CUST-006,Bottle,Blow Molding,FR-016-HDPE-600,WO-7330,2650521080733074,ISBM-008,4136,0.1513,625.78
SO-14895,2026-12-16,CUST-005,Bottle,Blow Molding,FR-022-HDPE-1000,WO-7331,2650611080733175,ISBM-008,2146,0.2551,547.44
SO-14896,2026-12-22,CUST-010,Bottle,Blow Molding,FR-016-HDPE-600,WO-7332,2650711080733276,ISBM-008,5558,0.217,1206.09
SO-14897,2026-12-16,CUST-004,Bottle,Blow Molding,FR-022-PETG-1000,WO-7334,2651121080733478,ISBM-008,4135,0.3153,1303.77
SO-14898,2026-12-25,CUST-004,Bottle,Blow Molding,FR-019-rPET-600,WO-7335,2651211080733579,ISBM-008,6996,0.1446,1011.62
SO-14899,2026-12-25,CUST-013,Bottle,Blow Molding,FR-022-MDPE-1000,WO-7336,2651231080733680,ISBM-008,3002,0.3453,1036.59
SO-14900,2026-12-25,CUST-014,Bottle,Blow Molding,FR-022-MDPE-1000,WO-7337,2651311080733781,ISBM-008,4215,0.288,1213.92
SO-14901,2026-12-18,CUST-009,Bottle,Blow Molding,FR-022-PETG-1000,WO-7338,2651331080733882,ISBM-008,3140,0.1526,479.16
SO-14902,2026-12-20,CUST-011,Bottle,Blow Molding,FR-022-PETG-1000,WO-7339,2651411080733983,ISBM-008,2571,0.2038,523.97
SO-14903,2026-12-21,CUST-004,Bottle,blow molding,FR-022-PETG-1000,WO-7340,2651431080734084,ISBM-008,3271,0.2686,878.59
SO-14904,2026-12-30,CUST-007,Bottle,  Blow Molding  ,FR-016-HDPE-600,WO-7341,2651521080734185,ISBM-008,5145,0.1762,906.55
SO-14905,2026-12-27,CUST-003,Bottle,Blow Molding,FR-022-PETG-1000,WO-7342,2651611080734286,ISBM-008,2754,0.3417,941.04
SO-14906,2026-12-23,CUST-008,Bottle,Blow Molding,FR-022-PETG-1000,WO-7343,2651631080734387,ISBM-008,2386,0.3382,806.95
SO-14907,2026-12-23,CUST-001,Bottle,Blow Molding,FR-019-PET-750,WO-7345,2652131080734589,ISBM-008,4895,0.2915,1426.89
SO-14908,2026-12-24,CUST-006,Bottle,Blow Molding,FR-019-PET-750,WO-7346,2652121080734690,ISBM-008,5606,0.3226,1808.5
SO-14909,2026-12-30,CUST-001,Bottle,Blow Molding,FR-019-HDPE-600,WO-7348,2652311080734892,ISBM-008,1687,0.2228,375.86
SO-14910,2026-12-30,CUST-004,Bottle,Blow Molding,FR-019-HDPE-PCR-750,WO-7352,2652521080735296,ISBM-008,6907,0.2261,1561.67
SO-14911,2025-07-05,CUST-004,Bottle,Blow Molding,FR-021-rPET-750,WO-16087,2527431031608703,ISBM-003,2532,0.2275,576.03
SO-14912,2026-02-10,CUST-012,Bottle,blow molding,FR-020-HDPE-750,WO-16088,2606211071608825,ISBM-007,4668,0.1442,673.13
SO-14913,2026-01-10,CUST-008,Bottle,Blow Molding,FR-007-PVC-350,WO-16089,2501121011608914,ISBM-001,18400,0.1276,2347.84
SO-14914,2025-07-12,CUST-004,Cap,INJECTION MOLDING,TR-001-PP-PCR-24410,WO-7361,2527232010736101,IM-001,12176,0.075,913.2
SO-14915,2025-07-05,CUST-010,Cap,Injection Molding,TR-001-PP-PCR-24410,WO-7362,2527222010736202,IM-001,12999,0.0477,620.05
SO-14916,2025-07-06,CUST-009,Cap,INJECTION MOLDING,TR-001-PP-PCR-24410,WO-7363,2527312010736303,IM-001,15424,0.0701,1081.22
SO-14917,2025-07-06,CUST-009,Cap,  Injection Molding  ,TR-001-PETG-24410,WO-7365,2527422010736505,IM-001,3527,0.0794,280.04
SO-14918,2025-07-11,CUST-009,Cap,Injection Molding,TR-001-PETG-24410,WO-7366,2527512010736606,IM-001,7602,0.0363,275.95
SO-14919,2025-07-16,CUST-010,Cap,Injection Molding,TR-001-PETG-24410,WO-7367,2527632010736707,IM-001,8895,0.0837,744.51
SO-14920,2025-07-08,CUST-005,Cap,Injection Molding,TR-001-PETG-24410,WO-7368,2527622010736808,IM-001,11707,0.047,550.23
SO-14921,2025-07-14,CUST-005,Cap,Injection Molding,TR-001-HDPE-24410,WO-7369,2527712010736909,IM-001,12953,0.0262,339.37
SO-14922,2025-07-15,CUST-010,Cap,Injection Molding,TR-001-PP-PCR-24410,WO-7370,2528132010737010,IM-001,6706,0.0561,376.21
SO-14923,2025-07-10,CUST-013,Cap,Injection Molding,TR-001-PP-PCR-24410,WO-7371,2528112010737111,IM-001,9851,0.0223,219.68
SO-14924,2025-07-16,CUST-004,Cap,Injection Molding,TR-001-PP-PCR-24410,WO-7372,2528212010737212,IM-001,13079,0.0885,1157.49
SO-14925,2025-07-15,CUST-006,Cap,INJECTION MOLDING,TR-001-HDPE-24410,WO-7374,2528322010737414,IM-001,4576,0.0873,399.48
SO-14926,2025-07-14,CUST-001,Cap,Injection Molding,TR-001-HDPE-24410,WO-7375,2528412010737515,IM-001,5973,0.0366,218.61
SO-14927,2025-07-18,CUST-011,Cap,Injection Molding,TR-001-PP-24410,WO-7376,2528432010737616,IM-001,11080,0.0879,973.93
SO-14928,2025-07-22,CUST-001,Cap,injection molding,TR-001-PP-PCR-24410,WO-7382,2529232010738222,IM-001,8301,0.0838,695.62
SO-14929,2025-07-20,CUST-006,Cap,Injection Molding,TR-001-PP-PCR-24410,WO-7383,2529232010738323,IM-001,11998,0.0615,737.88
SO-14930,2025-07-19,CUST-012,Cap,Injection Molding,TR-001-PP-PCR-24410,WO-7384,2529332010738424,IM-001,7429,0.0845,627.75
SO-14931,2025-07-24,CUST-001,Cap,Injection Molding,TR-001-PP-24410,WO-7385,2529422010738525,IM-001,6251,0.0555,346.93
SO-14932,2025-07-19,CUST-003,Cap,Injection Molding,TR-001-PP-24410,WO-7386,2529532010738626,IM-001,11527,0.0513,591.34
SO-14933,2025-07-30,CUST-002,Cap,  Injection Molding  ,TR-001-HDPE-24410,WO-7388,2529622010738828,IM-001,12761,0.041,523.2
SO-14934,2025-07-31,CUST-003,Cap,Injection Molding,TR-001-HDPE-24410,WO-7389,2529722010738929,IM-001,8582,0.0435,373.32
SO-14935,2025-07-23,CUST-004,Cap,injection molding,TR-001-HDPE-24410,WO-7390,2530132010739030,IM-001,9564,0.035,334.74
SO-14936,2025-07-23,CUST-008,Cap,Injection Molding,TR-001-HDPE-24410,WO-7391,2530232010739131,IM-001,9277,0.0847,785.76
SO-14937,2025-07-28,CUST-005,Cap,Injection Molding,TR-001-HDPE-24410,WO-7392,2530222010739232,IM-001,3459,0.077,266.34
SO-14938,2025-08-03,CUST-012,Cap,Injection Molding,TR-001-PP-PCR-24410,WO-7393,2530312010739333,IM-001,12220,0.0341,416.7
SO-14939,2025-08-01,CUST-005,Cap,injection molding,TR-001-PP-PCR-24410,WO-7394,2530322010739434,IM-001,12110,0.0357,432.33
SO-14940,2025-08-05,CUST-014,Cap,Injection Molding,TR-001-PETG-24410,WO-7395,2530422010739535,IM-001,9966,0.0456,454.45
SO-14941,2025-07-30,CUST-013,Cap,Injection Molding,TR-001-PETG-24410,WO-7396,2530522010739636,IM-001,12274,0.0594,729.08
SO-14942,2025-08-03,CUST-013,Cap,Injection Molding,TR-001-PETG-24410,WO-7397,2530612010739737,IM-001,1481,0.0522,77.31
SO-14943,2025-07-31,CUST-004,Cap,Injection Molding,TR-001-HDPE-24410,WO-7398,2530732010739838,IM-001,12897,0.0302,389.49
SO-14944,2025-08-02,CUST-014,Cap,Injection Molding,TR-001-HDPE-24410,WO-7399,2531132010739939,IM-001,9922,0.0744,738.2
SO-14945,2025-08-07,CUST-010,Cap,Injection Molding,TR-001-PETG-24410,WO-7405,2531512010740545,IM-001,11074,0.0493,545.95
SO-14946,2025-08-08,CUST-007,Cap,Injection Molding,TR-001-PP-24410,WO-7407,2531622010740747,IM-001,7287,0.0752,547.98
SO-14947,2025-08-15,CUST-012,Cap,Injection Molding,TR-001-PP-PCR-24410,WO-7411,2532222010741151,IM-001,10608,0.0783,830.61
SO-14948,2025-08-15,CUST-005,Cap,Injection Molding,TR-001-PP-PCR-24410,WO-7412,2532312010741252,IM-001,6158,0.0289,177.97
SO-14949,2025-08-15,CUST-013,Cap,Injection Molding,TR-001-PP-PCR-24410,WO-7413,2532332010741353,IM-001,13030,0.0537,699.71
SO-14950,2025-08-14,CUST-001,Cap,Injection Molding,TR-001-HDPE-24410,WO-7414,2532422010741454,IM-001,2311,0.039,90.13
SO-14951,2025-08-16,CUST-012,Cap,Injection Molding,TR-001-PP-24410,WO-7416,2532512010741656,IM-001,15390,0.0396,609.44
SO-14952,2025-08-16,CUST-008,Cap,Injection Molding,TR-001-PP-PCR-24410,WO-7420,2533122010742060,IM-001,7541,0.0607,457.74
SO-14953,2025-08-23,CUST-010,Cap,Injection Molding,TR-001-PP-PCR-24410,WO-7421,2533212010742161,IM-001,7184,0.0409,293.83
SO-14954,2025-08-23,CUST-006,Cap,Injection Molding,TR-001-PP-PCR-24410,WO-7423,2533322010742363,IM-001,6699,0.0718,480.99
SO-14955,2025-08-21,CUST-012,Cap,Injection Molding,TR-001-PP-PCR-24410,WO-7424,2533412010742464,IM-001,5352,0.0348,186.25
SO-14956,2025-08-21,CUST-012,Cap,Injection Molding,TR-001-PP-PCR-24410,WO-7425,2533532010742565,IM-001,14314,0.0829,1186.63
SO-14957,2025-08-26,CUST-014,Cap,Injection Molding,TR-001-HDPE-24410,WO-7426,2533522010742666,IM-001,12913,0.0691,892.29
SO-14958,2025-08-25,CUST-010,Cap,Injection Molding,TR-001-HDPE-24410,WO-7427,2533612010742767,IM-001,6832,0.0444,303.34
SO-14959,2025-08-21,CUST-004,Cap,  Injection Molding  ,TR-001-HDPE-24410,WO-7428,2533632010742868,IM-001,7848,0.0453,355.51
SO-14960,2025-08-26,CUST-004,Cap,Injection Molding,TR-001-HDPE-24410,WO-7429,2533712010742969,IM-001,5791,0.0696,403.05
SO-14961,2025-08-28,CUST-013,Cap,Injection Molding,TR-001-HDPE-24410,WO-7430,2534132010743070,IM-001,7354,0.0275,202.24
SO-14962,2025-08-20,CUST-013,Cap,Injection Molding,TR-001-HDPE-24410,WO-7431,2534122010743171,IM-001,8291,0.0304,252.05
SO-14963,2025-08-28,CUST-008,Cap,Injection Molding,TR-001-PP-PCR-24410,WO-7432,2534212010743272,IM-001,14005,0.0289,404.74
SO-14964,2025-08-22,CUST-008,Cap,Injection Molding,TR-001-PP-PCR-24410,WO-7433,2534312010743373,IM-001,5857,0.0414,242.48
SO-14965,2025-08-27,CUST-010,Cap,Injection Molding,TR-001-PP-PCR-24410,WO-7434,2534322010743474,IM-001,8180,0.0499,408.18
SO-14966,2025-08-28,CUST-006,Cap,Injection Molding,TR-001-PETG-24410,WO-7435,2534332010743575,IM-001,11049,0.0828,914.86
SO-14967,2025-08-31,CUST-007,Cap,Injection Molding,TR-001-PETG-24410,WO-7436,2534422010743676,IM-001,6867,0.0601,412.71
SO-14968,2025-08-28,CUST-014,Cap,Injection Molding,TR-001-PETG-24410,WO-7440,2534732010744080,IM-001,7982,0.086,686.45
SO-14969,2025-08-28,CUST-006,Cap,Injection Molding,TR-001-PP-24410,WO-7441,2534712010744181,IM-001,8498,0.0614,521.78
SO-14970,2025-08-31,CUST-003,Cap,Injection Molding,TR-001-PP-24410,WO-7442,2535132010744282,IM-001,3333,0.0283,94.32
SO-14971,2025-09-01,CUST-001,Cap,Injection Molding,TR-001-HDPE-24410,WO-7443,2535122010744383,IM-001,5175,0.0461,238.57
SO-14972,2025-09-04,CUST-005,Cap,Injection Molding,TR-001-PP-PCR-24410,WO-7444,2535232010744484,IM-001,16902,0.0721,1218.63
SO-14973,2025-09-05,CUST-011,Cap,Injection Molding,TR-001-PP-PCR-24410,WO-7446,2535322010744686,IM-001,19240,0.0664,1277.54
SO-14974,2025-09-01,CUST-010,Cap,Injection Molding,TR-001-PP-PCR-24410,WO-7447,2535412010744787,IM-001,6581,0.0342,225.07
SO-14975,2025-09-01,CUST-008,Cap,Injection Molding,TR-001-PP-24410,WO-7450,2535732010745090,IM-001,14618,0.034,497.01
SO-14976,2025-09-10,CUST-011,Cap,INJECTION MOLDING,TR-001-PP-PCR-24410,WO-7451,2535732010745191,IM-001,6632,0.088,583.62
SO-14977,2025-09-09,CUST-001,Cap,Injection Molding,TR-001-PP-PCR-24410,WO-7452,2536112010745292,IM-001,11399,0.0232,264.46
SO-14978,2025-09-10,CUST-010,Cap,Injection Molding,TR-001-HDPE-24410,WO-7455,2536332010745595,IM-001,6140,0.051,313.14
SO-14979,2025-09-11,CUST-012,Cap,injection molding,TR-001-HDPE-24410,WO-7456,2536312010745696,IM-001,7880,0.0396,312.05
SO-14980,2025-09-13,CUST-006,Cap,Injection Molding,TR-001-HDPE-24410,WO-7457,2536412010745797,IM-001,5053,0.0792,400.2
SO-14981,2025-09-12,CUST-004,Cap,Injection Molding,TR-001-PP-PCR-24410,WO-7458,2536422010745898,IM-001,12431,0.0459,570.58
SO-14982,2025-09-10,CUST-007,Cap,Injection Molding,TR-001-HDPE-24410,WO-7460,2536612010746001,IM-001,6538,0.0295,192.87
SO-14983,2025-09-08,CUST-005,Cap,Injection Molding,TR-001-HDPE-24410,WO-7461,2536622010746102,IM-001,17343,0.0329,570.58
SO-14984,2025-09-15,CUST-005,Cap,INJECTION MOLDING,TR-001-PP-PCR-24410,WO-7464,2537112010746405,IM-001,9354,0.0573,535.98
SO-14985,2025-09-13,CUST-012,Cap,injection molding,TR-001-PP-24410,WO-7465,2537132010746506,IM-001,9060,0.076,688.56
SO-14986,2025-09-13,CUST-014,Cap,Injection Molding,TR-001-PP-24410,WO-7466,2537222010746607,IM-001,13446,0.0464,623.89
SO-14987,2025-09-19,CUST-003,Cap,Injection Molding,TR-001-PP-24410,WO-7467,2537312010746708,IM-001,9552,0.0661,631.39
SO-14988,2025-09-15,CUST-014,Cap,Injection Molding,TR-001-PP-24410,WO-7468,2537432010746809,IM-001,5098,0.0315,160.59
SO-14989,2025-09-20,CUST-008,Cap,Injection Molding,TR-001-PETG-24410,WO-7469,2537422010746910,IM-001,5475,0.0615,336.71
SO-14990,2025-09-14,CUST-006,Cap,Injection Molding,TR-001-PETG-24410,WO-7470,2537532010747011,IM-001,14647,0.0447,654.72
SO-14991,2025-09-18,CUST-001,Cap,Injection Molding,TR-001-PETG-24410,WO-7471,2537522010747112,IM-001,10060,0.0664,667.98
SO-14992,2025-09-22,CUST-011,Cap,Injection Molding,TR-001-PETG-24410,WO-7472,2537612010747213,IM-001,9704,0.0825,800.58
SO-14993,2025-09-15,CUST-009,Cap,Injection Molding,TR-001-PETG-24410,WO-7473,2537732010747314,IM-001,9874,0.089,878.79
SO-14994,2025-09-26,CUST-003,Cap,Injection Molding,TR-001-PETG-24410,WO-7474,2537722010747415,IM-001,4453,0.0369,164.32
SO-14995,2025-09-27,CUST-014,Cap,injection molding,TR-001-PETG-24410,WO-7476,2538212010747617,IM-001,5807,0.0286,166.08
SO-14996,2025-09-21,CUST-003,Cap,Injection Molding,TR-001-PP-24410,WO-7477,2538232010747718,IM-001,14635,0.0575,841.51
SO-14997,2025-09-24,CUST-010,Cap,Injection Molding,TR-001-PP-24410,WO-7478,2538322010747819,IM-001,10190,0.02,203.8
SO-14998,2025-09-26,CUST-011,Cap,Injection Molding,TR-001-PP-24410,WO-7479,2538432010747920,IM-001,12105,0.0537,650.04
SO-14999,2025-10-01,CUST-003,Cap,Injection Molding,TR-001-PP-PCR-24410,WO-7481,2538512010748122,IM-001,8319,0.0288,239.59
SO-15000,2025-09-22,CUST-003,Cap,Injection Molding,TR-001-PETG-24410,WO-7482,2538632010748223,IM-001,9862,0.0324,319.53
SO-15001,2025-09-23,CUST-014,Cap,Injection Molding,TR-001-PETG-24410,WO-7483,2538732010748324,IM-001,6222,0.0865,538.2
SO-15002,2025-09-28,CUST-009,Cap,Injection Molding,TR-001-PETG-24410,WO-7485,2539112010748526,IM-001,7274,0.0352,256.04
SO-15003,2025-10-03,CUST-013,Cap,Injection Molding,TR-001-HDPE-24410,WO-7486,2539212010748627,IM-001,10690,0.0686,733.33
SO-15004,2025-09-27,CUST-013,Cap,INJECTION MOLDING,TR-001-HDPE-24410,WO-7487,2539332010748728,IM-001,11011,0.057,627.63
SO-15005,2025-10-02,CUST-005,Cap,Injection Molding,TR-001-PP-24410,WO-7489,2539412010748930,IM-001,5271,0.0742,391.11
SO-15006,2025-10-03,CUST-006,Cap,Injection Molding,TR-001-PP-24410,WO-7490,2539512010749031,IM-001,12666,0.0462,585.17
SO-15007,2025-10-01,CUST-011,Cap,Injection Molding,TR-001-PETG-24410,WO-7491,2539632010749132,IM-001,11149,0.0574,639.95
SO-15008,2025-10-03,CUST-008,Cap,injection molding,TR-001-PP-24410,WO-7494,2540112010749435,IM-001,12743,0.0369,470.22
SO-15009,2025-10-01,CUST-013,Cap,Injection Molding,TR-001-PP-PCR-24410,WO-7495,2540232010749536,IM-001,3634,0.0765,278.0
SO-15010,2025-10-10,CUST-003,Cap,Injection Molding,TR-001-PP-24410,WO-7496,2540212010749637,IM-001,5617,0.0827,464.53
SO-15011,2025-10-09,CUST-003,Cap,Injection Molding,TR-001-HDPE-24410,WO-7497,2540332010749738,IM-001,10210,0.0707,721.85
SO-15012,2025-10-06,CUST-002,Cap,Injection Molding,TR-001-PETG-24410,WO-7498,2540322010749839,IM-001,12043,0.0418,503.4
SO-15013,2025-10-05,CUST-003,Cap,Injection Molding,TR-001-HDPE-24410,WO-7499,2540412010749940,IM-001,5269,0.0414,218.14
SO-15014,2025-10-13,CUST-005,Cap,Injection Molding,TR-001-HDPE-24410,WO-7500,2540532010750041,IM-001,6094,0.0749,456.44
SO-15015,2025-10-04,CUST-002,Cap,Injection Molding,TR-001-PP-PCR-24410,WO-7501,2540512010750142,IM-001,6418,0.0893,573.13
SO-15016,2025-10-08,CUST-010,Cap,Injection Molding,TR-001-PP-PCR-24410,WO-7502,2540532010750243,IM-001,10466,0.085,889.61
SO-15017,2025-10-11,CUST-002,Cap,Injection Molding,TR-001-PP-PCR-24410,WO-7503,2540622010750344,IM-001,7834,0.0308,241.29
SO-15018,2025-10-07,CUST-011,Cap,Injection Molding,TR-001-PETG-24410,WO-7504,2540712010750445,IM-001,8611,0.0794,683.71
SO-15019,2025-10-14,CUST-003,Cap,Injection Molding,TR-001-PETG-24410,WO-7505,2541132010750546,IM-001,5524,0.0577,318.73
SO-15020,2025-10-17,CUST-002,Cap,Injection Molding,TR-001-PETG-24410,WO-7506,2541122010750647,IM-001,12311,0.0578,711.58
SO-15021,2025-10-16,CUST-005,Cap,Injection Molding,TR-001-PETG-24410,WO-7508,2541332010750849,IM-001,10492,0.0575,603.29
SO-15022,2025-10-12,CUST-004,Cap,Injection Molding,TR-001-PETG-24410,WO-7509,2541322010750950,IM-001,2766,0.0502,138.85
SO-15023,2025-10-15,CUST-008,Cap,Injection Molding,TR-001-PETG-24410,WO-7510,2541422010751051,IM-001,7152,0.0358,256.04
SO-15024,2025-10-19,CUST-009,Cap,Injection Molding,TR-001-PETG-24410,WO-7511,2541512010751152,IM-001,2919,0.0385,112.38
SO-15025,2025-10-17,CUST-011,Cap,Injection Molding,TR-001-PP-24410,WO-7514,2541732010751455,IM-001,4993,0.074,369.48
SO-15026,2025-10-14,CUST-007,Cap,Injection Molding,TR-001-PP-24410,WO-7515,2541712010751556,IM-001,11074,0.035,387.59
SO-15027,2025-10-22,CUST-005,Cap,  Injection Molding  ,TR-001-PP-PCR-24410,WO-7516,2542112010751657,IM-001,10443,0.0875,913.76
SO-15028,2025-10-20,CUST-004,Cap,Injection Molding,TR-001-PP-PCR-24410,WO-7517,2542212010751758,IM-001,10165,0.0347,352.73
SO-15029,2025-10-26,CUST-013,Cap,Injection Molding,TR-001-PP-24410,WO-7518,2542232010751859,IM-001,6901,0.0234,161.48
SO-15030,2025-10-26,CUST-003,Cap,Injection Molding,TR-001-PP-PCR-24410,WO-7519,2542312010751960,IM-001,8484,0.0396,335.97
SO-15031,2025-10-23,CUST-007,Cap,Injection Molding,TR-001-PP-PCR-24410,WO-7520,2542332010752061,IM-001,12809,0.0745,954.27
SO-15032,2025-10-28,CUST-006,Cap,Injection Molding,TR-001-PP-24410,WO-7524,2542622010752465,IM-001,8863,0.0787,697.52
SO-15033,2025-10-31,CUST-005,Cap,Injection Molding,TR-001-PP-24410,WO-7525,2542712010752566,IM-001,7770,0.0247,191.92
SO-15034,2025-10-25,CUST-009,Cap,Injection Molding,TR-001-PETG-24410,WO-7527,2543232010752768,IM-001,4492,0.0608,273.11
SO-15035,2025-10-29,CUST-006,Cap,Injection Molding,TR-001-HDPE-24410,WO-7528,2543212010752869,IM-001,7431,0.0414,307.64
SO-15036,2025-10-30,CUST-014,Cap,Injection Molding,TR-001-PP-PCR-24410,WO-7529,2543332010752970,IM-001,8350,0.0773,645.45
SO-15037,2025-11-01,CUST-007,Cap,injection molding,TR-001-PP-PCR-24410,WO-7530,2543322010753071,IM-001,12840,0.0481,617.6
SO-15038,2025-10-27,CUST-012,Cap,Injection Molding,TR-001-HDPE-24410,WO-7531,2543412010753172,IM-001,6562,0.0764,501.34
SO-15039,2025-11-02,CUST-013,Cap,Injection Molding,TR-001-HDPE-24410,WO-7532,2543512010753273,IM-001,7529,0.0794,597.8
SO-15040,2025-10-30,CUST-009,Cap,Injection Molding,TR-001-PP-PCR-24410,WO-7535,2543712010753576,IM-001,7771,0.0441,342.7
SO-15041,2025-11-03,CUST-002,Cap,Injection Molding,TR-001-PP-24410,WO-7536,2544112010753677,IM-001,20664,0.0465,960.88
SO-15042,2025-10-31,CUST-014,Cap,Injection Molding,TR-001-PP-24410,WO-7537,2544132010753778,IM-001,17793,0.0572,1017.76
SO-15043,2025-11-02,CUST-006,Cap,Injection Molding,TR-001-PETG-24410,WO-7538,2544232010753879,IM-001,6930,0.0285,197.5
SO-15044,2025-11-08,CUST-004,Cap,Injection Molding,TR-001-PETG-24410,WO-7539,2544322010753980,IM-001,7016,0.0832,583.73
SO-15045,2025-10-31,CUST-001,Cap,Injection Molding,TR-001-PP-24410,WO-7540,2544432010754081,IM-001,10207,0.0741,756.34
SO-15046,2025-11-12,CUST-002,Cap,Injection Molding,TR-001-PETG-24410,WO-7543,2544632010754384,IM-001,5581,0.0541,301.93
SO-15047,2025-11-04,CUST-008,Cap,injection molding,TR-001-PETG-24410,WO-7544,2544612010754485,IM-001,11340,0.0606,687.2
SO-15048,2025-11-06,CUST-002,Cap,  Injection Molding  ,TR-001-PP-24410,WO-7547,2545122010754788,IM-001,1041,0.0248,25.82
SO-15049,2025-11-18,CUST-006,Cap,Injection Molding,TR-001-HDPE-24410,WO-7550,2545412010755091,IM-001,5651,0.0646,365.05
SO-15050,2025-11-16,CUST-009,Cap,Injection Molding,TR-001-HDPE-24410,WO-7551,2545532010755192,IM-001,7953,0.0431,342.77
SO-15051,2025-11-13,CUST-001,Cap,Injection Molding,TR-001-HDPE-24410,WO-7552,2545522010755293,IM-001,8142,0.054,439.67
SO-15052,2025-11-17,CUST-005,Cap,Injection Molding,TR-001-PP-PCR-24410,WO-7553,2545632010755394,IM-001,20103,0.0892,1793.19
SO-15053,2025-11-20,CUST-011,Cap,Injection Molding,TR-001-PP-PCR-24410,WO-7554,2545632010755495,IM-001,9525,0.0342,325.75
SO-15054,2025-11-21,CUST-006,Cap,Injection Molding,TR-001-PP-PCR-24410,WO-7555,2545722010755596,IM-001,13370,0.0372,497.36
SO-15055,2025-11-17,CUST-009,Cap,INJECTION MOLDING,TR-001-HDPE-24410,WO-7556,2546112010755697,IM-001,11680,0.045,525.6
SO-15056,2025-11-15,CUST-002,Cap,  Injection Molding  ,TR-001-PETG-24410,WO-7557,2546212010755798,IM-001,5332,0.0572,304.99
SO-15057,2025-11-23,CUST-007,Cap,Injection Molding,TR-001-PETG-24410,WO-7558,2546222010755899,IM-001,9363,0.0593,555.23
SO-15058,2025-11-21,CUST-003,Cap,Injection Molding,TR-001-PETG-24410,WO-7559,2546312010755901,IM-001,10184,0.0612,623.26
SO-15059,2025-11-19,CUST-010,Cap,Injection Molding,TR-001-PETG-24410,WO-7560,2546412010756002,IM-001,8958,0.0638,571.52
SO-15060,2025-11-20,CUST-013,Cap,Injection Molding,TR-001-HDPE-24410,WO-7561,2546432010756103,IM-001,10475,0.0617,646.31
SO-15061,2025-11-21,CUST-004,Cap,Injection Molding,TR-001-HDPE-24410,WO-7562,2546512010756204,IM-001,16688,0.0212,353.79
SO-15062,2025-11-18,CUST-002,Cap,Injection Molding,TR-001-PETG-24410,WO-7563,2546612010756305,IM-001,14446,0.0738,1066.11
SO-15063,2025-11-21,CUST-007,Cap,Injection Molding,TR-001-PETG-24410,WO-7564,2546732010756406,IM-001,8298,0.0698,579.2
SO-15064,2025-11-19,CUST-014,Cap,Injection Molding,TR-001-PETG-24410,WO-7565,2546712010756507,IM-001,6065,0.0585,354.8
SO-15065,2025-11-19,CUST-005,Cap,Injection Molding,TR-001-PP-PCR-24410,WO-7566,2547132010756608,IM-001,6562,0.0747,490.18
SO-15066,2025-11-22,CUST-002,Cap,INJECTION MOLDING,TR-001-HDPE-24410,WO-7567,2547122010756709,IM-001,9252,0.0858,793.82
SO-15067,2025-11-19,CUST-004,Cap,Injection Molding,TR-001-HDPE-24410,WO-7568,2547212010756810,IM-001,10585,0.0385,407.52
SO-15068,2025-11-27,CUST-010,Cap,Injection Molding,TR-001-PP-PCR-24410,WO-7569,2547222010756911,IM-001,11958,0.0265,316.89
SO-15069,2025-11-25,CUST-009,Cap,Injection Molding,TR-001-PP-PCR-24410,WO-7570,2547322010757012,IM-001,15902,0.0413,656.75
SO-15070,2025-12-03,CUST-002,Cap,Injection Molding,TR-001-PETG-24410,WO-7573,2547532010757315,IM-001,8102,0.0897,726.75
SO-15071,2025-11-25,CUST-002,Cap,Injection Molding,TR-001-PETG-24410,WO-7574,2547622010757416,IM-001,8771,0.0509,446.44
SO-15072,2025-11-25,CUST-008,Cap,Injection Molding,TR-001-PP-PCR-24410,WO-7575,2547712010757517,IM-001,12009,0.037,444.33
SO-15073,2025-12-04,CUST-004,Cap,Injection Molding,TR-001-PP-PCR-24410,WO-7576,2547722010757618,IM-001,7317,0.0582,425.85
SO-15074,2025-12-04,CUST-005,Cap,Injection Molding,TR-001-HDPE-24410,WO-7577,2548112010757719,IM-001,7806,0.0762,594.82
SO-15075,2025-11-29,CUST-009,Cap,injection molding,TR-001-HDPE-24410,WO-7579,2548312010757921,IM-001,9197,0.0372,342.13
SO-15076,2025-11-29,CUST-011,Cap,Injection Molding,TR-001-PP-PCR-24410,WO-7580,2548432010758022,IM-001,14064,0.0648,911.35
SO-15077,2025-12-03,CUST-009,Cap,Injection Molding,TR-001-PP-PCR-24410,WO-7581,2548432010758123,IM-001,4477,0.0526,235.49
SO-15078,2025-11-30,CUST-010,Cap,Injection Molding,TR-001-PP-PCR-24410,WO-7582,2548512010758224,IM-001,11274,0.0776,874.86
SO-15079,2025-11-30,CUST-007,Cap,Injection Molding,TR-001-PP-PCR-24410,WO-7583,2548532010758325,IM-001,6423,0.0663,425.84
SO-15080,2025-12-04,CUST-012,Cap,Injection Molding,TR-001-PETG-24410,WO-7584,2548612010758426,IM-001,14797,0.077,1139.37
SO-15081,2025-12-10,CUST-008,Cap,Injection Molding,TR-001-HDPE-24410,WO-7585,2548712010758527,IM-001,11236,0.0775,870.79
SO-15082,2025-12-05,CUST-002,Cap,Injection Molding,TR-001-HDPE-24410,WO-7586,2549132010758628,IM-001,7122,0.0823,586.14
SO-15083,2025-12-12,CUST-006,Cap,Injection Molding,TR-001-HDPE-24410,WO-7587,2549122010758729,IM-001,9829,0.0202,198.55
SO-15084,2025-12-18,CUST-008,Cap,Injection Molding,TR-001-PP-24410,WO-7594,2549622010759436,IM-001,10403,0.0401,417.16
SO-15085,2025-12-09,CUST-006,Cap,Injection Molding,TR-001-HDPE-24410,WO-7595,2549732010759537,IM-001,13860,0.0627,869.02
SO-15086,2025-12-19,CUST-006,Cap,Injection Molding,TR-001-HDPE-24410,WO-7596,2550132010759638,IM-001,5232,0.0303,158.53
SO-15087,2025-12-12,CUST-005,Cap,Injection Molding,TR-001-PETG-24410,WO-7597,2550122010759739,IM-001,5114,0.0493,252.12
SO-15088,2025-12-15,CUST-004,Cap,Injection Molding,TR-001-HDPE-24410,WO-7598,2550212010759840,IM-001,7331,0.0475,348.22
SO-15089,2025-12-18,CUST-012,Cap,  Injection Molding  ,TR-001-HDPE-24410,WO-7599,2550222010759941,IM-001,15699,0.0391,613.83
SO-15090,2025-12-18,CUST-003,Cap,Injection Molding,TR-001-PP-24410,WO-7600,2550312010760042,IM-001,12870,0.0524,674.39
SO-15091,2025-12-22,CUST-014,Cap,Injection Molding,TR-001-PETG-24410,WO-7602,2550532010760244,IM-001,16722,0.066,1103.65
SO-15092,2025-12-19,CUST-001,Cap,Injection Molding,TR-001-PETG-24410,WO-7603,2550522010760345,IM-001,7159,0.0344,246.27
SO-15093,2025-12-19,CUST-002,Cap,Injection Molding,TR-001-PP-PCR-24410,WO-7606,2550722010760648,IM-001,21429,0.0771,1652.18
SO-15094,2025-12-26,CUST-014,Cap,Injection Molding,TR-001-PP-24410,WO-7607,2551112010760749,IM-001,6351,0.0306,194.34
SO-15095,2025-12-21,CUST-001,Cap,Injection Molding,TR-001-PP-24410,WO-7608,2551232010760850,IM-001,10186,0.0451,459.39
SO-15096,2025-12-24,CUST-009,Cap,Injection Molding,TR-001-PP-24410,WO-7609,2551222010760951,IM-001,6088,0.0731,445.03
SO-15097,2025-12-27,CUST-009,Cap,Injection Molding,TR-001-PP-24410,WO-7610,2551322010761052,IM-001,14842,0.0823,1221.5
SO-15098,2025-12-25,CUST-004,Cap,Injection Molding,TR-001-HDPE-24410,WO-7612,2551532010761254,IM-001,9696,0.0696,674.84
SO-15099,2025-12-31,CUST-002,Cap,Injection Molding,TR-001-HDPE-24410,WO-7613,2551522010761355,IM-001,5400,0.0669,361.26
SO-15100,2025-12-29,CUST-007,Cap,  Injection Molding  ,TR-001-PP-PCR-24410,WO-7615,2551612010761557,IM-001,7573,0.0249,188.57
SO-15101,2025-12-28,CUST-008,Cap,Injection Molding,TR-001-PP-PCR-24410,WO-7616,2551712010761658,IM-001,7579,0.0691,523.71
SO-15102,2025-12-23,CUST-012,Cap,Injection Molding,TR-001-PETG-24410,WO-7617,2551732010761759,IM-001,18153,0.0886,1608.36
SO-15103,2025-12-30,CUST-001,Cap,Injection Molding,TR-001-PETG-24410,WO-7620,2552212010762062,IM-001,13514,0.0807,1090.58
SO-15104,2026-01-02,CUST-007,Cap,Injection Molding,TR-001-PETG-24410,WO-7621,2552312010762163,IM-001,7283,0.0521,379.44
SO-15105,2026-01-03,CUST-005,Cap,Injection Molding,TR-001-PP-PCR-24410,WO-7622,2552332010762264,IM-001,9211,0.0812,747.93
SO-15106,2026-01-04,CUST-014,Cap,Injection Molding,TR-001-PETG-24410,WO-7623,2552422010762365,IM-001,4133,0.042,173.59
SO-15107,2026-01-05,CUST-003,Cap,INJECTION MOLDING,TR-001-PP-PCR-24410,WO-7626,2552622010762668,IM-001,19221,0.0391,751.54
SO-15108,2026-01-01,CUST-006,Cap,Injection Molding,TR-001-PP-PCR-24410,WO-7627,2552722010762769,IM-001,4649,0.0562,261.27
SO-15109,2026-01-05,CUST-011,Cap,Injection Molding,TR-001-PP-PCR-24410,WO-7628,2501112010762870,IM-001,7571,0.024,181.7
SO-15110,2026-01-04,CUST-002,Cap,Injection Molding,TR-001-PETG-24410,WO-7629,2501232010762971,IM-001,9313,0.0843,785.09
SO-15111,2026-01-06,CUST-007,Cap,  Injection Molding  ,TR-001-PETG-24410,WO-7630,2501222010763072,IM-001,9779,0.0645,630.75
SO-15112,2026-01-01,CUST-012,Cap,  Injection Molding  ,TR-001-PETG-24410,WO-7631,2501312010763173,IM-001,18218,0.0234,426.3
SO-15113,2026-01-05,CUST-012,Cap,Injection Molding,TR-001-PETG-24410,WO-7632,2501332010763274,IM-001,4984,0.0495,246.71
SO-15114,2026-01-08,CUST-012,Cap,Injection Molding,TR-001-PP-24410,WO-7633,2601412010763375,IM-001,9838,0.0304,299.08
SO-15115,2026-01-13,CUST-011,Cap,Injection Molding,TR-001-HDPE-24410,WO-7634,2601422010763476,IM-001,6605,0.0497,328.27
SO-15116,2026-01-07,CUST-009,Cap,Injection Molding,TR-001-HDPE-24410,WO-7635,2601512010763577,IM-001,8466,0.0393,332.71
SO-15117,2026-01-08,CUST-004,Cap,Injection Molding,TR-001-HDPE-24410,WO-7636,2601612010763678,IM-001,9018,0.0333,300.3
SO-15118,2026-01-06,CUST-007,Cap,Injection Molding,TR-001-HDPE-24410,WO-7638,2601712010763880,IM-001,8572,0.0846,725.19
SO-15119,2026-01-15,CUST-009,Cap,Injection Molding,TR-001-HDPE-24410,WO-7639,2602132010763981,IM-001,12077,0.048,579.7
SO-15120,2026-01-11,CUST-002,Cap,Injection Molding,TR-001-PP-PCR-24410,WO-7640,2602122010764082,IM-001,11661,0.0215,250.71
SO-15121,2026-01-14,CUST-001,Cap,Injection Molding,TR-001-PP-PCR-24410,WO-7641,2602212010764183,IM-001,12411,0.0817,1013.98
SO-15122,2026-01-18,CUST-009,Cap,Injection Molding,TR-001-HDPE-24410,WO-7642,2602332010764284,IM-001,8894,0.0887,788.9
SO-15123,2026-01-19,CUST-001,Cap,Injection Molding,TR-001-HDPE-24410,WO-7643,2602322010764385,IM-001,10062,0.0777,781.82
SO-15124,2026-01-18,CUST-006,Cap,Injection Molding,TR-001-PP-PCR-24410,WO-7644,2602432010764486,IM-001,11538,0.0813,938.04
SO-15125,2026-01-20,CUST-011,Cap,Injection Molding,TR-001-HDPE-24410,WO-7646,2602522010764688,IM-001,7924,0.0876,694.14
SO-15126,2026-01-13,CUST-004,Cap,Injection Molding,TR-001-HDPE-24410,WO-7647,2602612010764789,IM-001,8165,0.033,269.44
SO-15127,2026-01-17,CUST-011,Cap,Injection Molding,TR-001-PETG-24410,WO-7648,2602622010764890,IM-001,5072,0.0802,406.77
SO-15128,2026-01-19,CUST-009,Cap,Injection Molding,TR-001-HDPE-24410,WO-7649,2602732010764991,IM-001,9938,0.0712,707.59
SO-15129,2026-01-13,CUST-012,Cap,  Injection Molding  ,TR-001-PETG-24410,WO-7650,2602722010765092,IM-001,9276,0.0257,238.39
SO-15130,2026-01-14,CUST-013,Cap,Injection Molding,TR-001-PETG-24410,WO-7651,2603122010765193,IM-001,11454,0.0541,619.66
SO-15131,2026-01-25,CUST-006,Cap,Injection Molding,TR-001-HDPE-24410,WO-7652,2603222010765294,IM-001,12109,0.0484,586.08
SO-15132,2026-01-16,CUST-009,Cap,Injection Molding,TR-001-PETG-24410,WO-7655,2603412010765597,IM-001,5883,0.0747,439.46
SO-15133,2026-01-23,CUST-013,Cap,Injection Molding,TR-001-PETG-24410,WO-7657,2603512010765799,IM-001,14740,0.08,1179.2
SO-15134,2026-01-23,CUST-001,Cap,Injection Molding,TR-001-PETG-24410,WO-7658,2603632010765801,IM-001,17824,0.0671,1195.99
SO-15135,2026-01-25,CUST-010,Cap,Injection Molding,TR-001-PETG-24410,WO-7662,2604232010766205,IM-001,12091,0.0694,839.12
SO-15136,2026-01-23,CUST-005,Cap,Injection Molding,TR-001-HDPE-24410,WO-7664,2604322010766407,IM-001,12125,0.0337,408.61
SO-15137,2026-01-28,CUST-001,Cap,Injection Molding,TR-001-HDPE-24410,WO-7665,2604412010766508,IM-001,15341,0.0625,958.81
SO-15138,2026-02-07,CUST-001,Cap,Injection Molding,TR-001-HDPE-24410,WO-7674,2605212010767417,IM-001,3896,0.0495,192.85
SO-15139,2026-02-03,CUST-005,Cap,Injection Molding,TR-001-PP-PCR-24410,WO-7676,2605322010767619,IM-001,11015,0.0338,372.31
SO-15140,2026-01-31,CUST-002,Cap,Injection Molding,TR-001-HDPE-24410,WO-7678,2605532010767821,IM-001,15164,0.0749,1135.78
SO-15141,2026-02-09,CUST-013,Cap,Injection Molding,TR-001-HDPE-24410,WO-7679,2605522010767922,IM-001,12497,0.0332,414.9
SO-15142,2026-02-03,CUST-002,Cap,Injection Molding,TR-001-PETG-24410,WO-7680,2605622010768023,IM-001,9037,0.0579,523.24
SO-15143,2026-02-13,CUST-007,Cap,injection molding,TR-001-PETG-24410,WO-7681,2605712010768124,IM-001,8030,0.0631,506.69
SO-15144,2026-02-04,CUST-012,Cap,Injection Molding,TR-001-PETG-24410,WO-7682,2606132010768225,IM-001,5268,0.0698,367.71
SO-15145,2026-02-05,CUST-013,Cap,Injection Molding,TR-001-PETG-24410,WO-7683,2606122010768326,IM-001,6637,0.0883,586.05
SO-15146,2026-02-12,CUST-013,Cap,Injection Molding,TR-001-PP-PCR-24410,WO-7684,2606212010768427,IM-001,12870,0.0779,1002.57
SO-15147,2026-02-10,CUST-006,Cap,Injection Molding,TR-001-PETG-24410,WO-7687,2606432010768730,IM-001,9499,0.083,788.42
SO-15148,2026-02-17,CUST-012,Cap,Injection Molding,TR-001-HDPE-24410,WO-7688,2606532010768831,IM-001,11741,0.0703,825.39
SO-15149,2026-02-15,CUST-004,Cap,Injection Molding,TR-001-HDPE-24410,WO-7689,2606522010768932,IM-001,5353,0.0605,323.86
SO-15150,2026-02-12,CUST-008,Cap,Injection Molding,TR-001-PETG-24410,WO-7690,2606632010769033,IM-001,9164,0.0764,700.13
SO-15151,2026-02-11,CUST-012,Cap,Injection Molding,TR-001-PETG-24410,WO-7691,2606622010769134,IM-001,14405,0.0824,1186.97
SO-15152,2026-02-19,CUST-003,Cap,Injection Molding,TR-001-PP-24410,WO-7692,2606722010769235,IM-001,11665,0.0577,673.07
SO-15153,2026-02-18,CUST-007,Cap,Injection Molding,TR-001-PP-24410,WO-7693,2607132010769336,IM-001,6933,0.0594,411.82
SO-15154,2026-02-11,CUST-014,Cap,Injection Molding,TR-001-PP-24410,WO-7694,2607122010769437,IM-001,5130,0.0863,442.72
SO-15155,2026-02-20,CUST-005,Cap,Injection Molding,TR-001-PP-24410,WO-7695,2607232010769538,IM-001,11286,0.0313,353.25
SO-15156,2026-02-16,CUST-001,Cap,Injection Molding,TR-001-PP-24410,WO-7696,2607222010769639,IM-001,15708,0.0388,609.47
SO-15157,2026-02-13,CUST-008,Cap,Injection Molding,TR-001-PP-24410,WO-7697,2607312010769740,IM-001,2152,0.0868,186.79
SO-15158,2026-02-19,CUST-002,Cap,Injection Molding,TR-001-PP-PCR-24410,WO-7699,2607422010769942,IM-001,11765,0.0507,596.49
SO-15159,2026-02-22,CUST-013,Cap,Injection Molding,TR-001-PP-PCR-24410,WO-7700,2607522010770043,IM-001,13911,0.048,667.73
SO-15160,2026-02-22,CUST-014,Cap,Injection Molding,TR-001-PP-PCR-24410,WO-7701,2607622010770144,IM-001,10870,0.0687,746.77
SO-15161,2026-02-20,CUST-010,Cap,Injection Molding,TR-001-PETG-24410,WO-7702,2607712010770245,IM-001,4599,0.067,308.13
SO-15162,2026-02-24,CUST-005,Cap,Injection Molding,TR-001-PETG-24410,WO-7703,2607722010770346,IM-001,5901,0.0733,432.54
SO-15163,2026-02-23,CUST-005,Cap,INJECTION MOLDING,TR-001-PETG-24410,WO-7704,2608112010770447,IM-001,10106,0.0314,317.33
SO-15164,2026-02-20,CUST-002,Cap,Injection Molding,TR-001-PP-24410,WO-7706,2608222010770649,IM-001,12346,0.0467,576.56
SO-15165,2026-02-21,CUST-009,Cap,Injection Molding,TR-001-PP-24410,WO-7707,2608312010770750,IM-001,10521,0.0392,412.42
SO-15166,2026-02-25,CUST-009,Cap,Injection Molding,TR-001-PP-24410,WO-7708,2608432010770851,IM-001,14424,0.0484,698.12
SO-15167,2026-03-01,CUST-003,Cap,  Injection Molding  ,TR-001-HDPE-24410,WO-7709,2608532010770952,IM-001,7120,0.0593,422.22
SO-15168,2026-02-24,CUST-007,Cap,Injection Molding,TR-001-HDPE-24410,WO-7710,2608512010771053,IM-001,11679,0.079,922.64
SO-15169,2026-02-23,CUST-009,Cap,Injection Molding,TR-001-HDPE-24410,WO-7711,2608612010771154,IM-001,9363,0.0854,799.6
SO-15170,2026-03-05,CUST-012,Cap,Injection Molding,TR-001-HDPE-24410,WO-7712,2608632010771255,IM-001,11713,0.0728,852.71
SO-15171,2026-02-24,CUST-014,Cap,Injection Molding,TR-001-PP-PCR-24410,WO-7713,2608722010771356,IM-001,6984,0.08,558.72
SO-15172,2026-02-28,CUST-010,Cap,Injection Molding,TR-001-PETG-24410,WO-7719,2609422010771962,IM-001,9519,0.0747,711.07
SO-15173,2026-03-09,CUST-009,Cap,injection molding,TR-001-PETG-24410,WO-7720,2609512010772063,IM-001,4822,0.0661,318.73
SO-15174,2026-03-11,CUST-001,Cap,Injection Molding,TR-001-HDPE-24410,WO-7722,2609622010772265,IM-001,11666,0.0222,258.99
SO-15175,2026-03-07,CUST-013,Cap,injection molding,TR-001-HDPE-24410,WO-7724,2610132010772467,IM-001,2764,0.0402,111.11
SO-15176,2026-03-06,CUST-005,Cap,Injection Molding,TR-001-PETG-24410,WO-7725,2610122010772568,IM-001,12849,0.0841,1080.6
SO-15177,2026-03-09,CUST-006,Cap,Injection Molding,TR-001-PETG-24410,WO-7726,2610212010772669,IM-001,10347,0.0432,446.99
SO-15178,2026-03-14,CUST-003,Cap,Injection Molding,TR-001-PETG-24410,WO-7730,2610412010773073,IM-001,8390,0.0282,236.6
SO-15179,2026-03-08,CUST-013,Cap,Injection Molding,TR-001-PETG-24410,WO-7731,2610532010773174,IM-001,8875,0.0512,454.4
SO-15180,2026-03-11,CUST-006,Cap,Injection Molding,TR-001-PETG-24410,WO-7732,2610532010773275,IM-001,10079,0.0658,663.2
SO-15181,2026-03-10,CUST-012,Cap,INJECTION MOLDING,TR-001-PP-24410,WO-7734,2610732010773477,IM-001,9611,0.0665,639.13
SO-15182,2026-03-21,CUST-007,Cap,Injection Molding,TR-001-PP-PCR-24410,WO-7737,2611122010773780,IM-001,20171,0.0345,695.9
SO-15183,2026-03-21,CUST-010,Cap,Injection Molding,TR-001-PP-PCR-24410,WO-7738,2611222010773881,IM-001,6640,0.0308,204.51
SO-15184,2026-03-19,CUST-004,Cap,Injection Molding,TR-001-PETG-24410,WO-7741,2611532010774184,IM-001,10266,0.0427,438.36
SO-15185,2026-03-16,CUST-005,Cap,INJECTION MOLDING,TR-001-PETG-24410,WO-7742,2611512010774285,IM-001,8019,0.0551,441.85
SO-15186,2026-03-20,CUST-005,Cap,Injection Molding,TR-001-HDPE-24410,WO-7743,2611632010774386,IM-001,9237,0.0798,737.11
SO-15187,2026-03-20,CUST-008,Cap,Injection Molding,TR-001-HDPE-24410,WO-7744,2611622010774487,IM-001,13974,0.0725,1013.11
SO-15188,2026-03-25,CUST-013,Cap,Injection Molding,TR-001-PP-PCR-24410,WO-7745,2611712010774588,IM-001,16550,0.0357,590.84
SO-15189,2026-03-17,CUST-003,Cap,Injection Molding,TR-001-PP-PCR-24410,WO-7746,2612132010774689,IM-001,10704,0.0881,943.02
SO-15190,2026-03-19,CUST-009,Cap,Injection Molding,TR-001-PP-PCR-24410,WO-7747,2612122010774790,IM-001,7797,0.0799,622.98
SO-15191,2026-03-19,CUST-011,Cap,Injection Molding,TR-001-PP-24410,WO-7748,2612212010774891,IM-001,3147,0.0407,128.08
SO-15192,2026-03-25,CUST-002,Cap,Injection Molding,TR-001-PETG-24410,WO-7758,2613122010775802,IM-001,7466,0.0679,506.94
SO-15193,2026-03-31,CUST-005,Cap,Injection Molding,TR-001-PETG-24410,WO-7759,2613212010775903,IM-001,7456,0.0621,463.02
SO-15194,2026-03-29,CUST-013,Cap,Injection Molding,TR-001-PETG-24410,WO-7760,2613332010776004,IM-001,8583,0.0878,753.59
SO-15195,2026-04-02,CUST-001,Cap,Injection Molding,TR-001-PETG-24410,WO-7761,2613312010776105,IM-001,15490,0.0891,1380.16
SO-15196,2026-04-07,CUST-012,Cap,Injection Molding,TR-001-PP-PCR-24410,WO-7762,2613412010776206,IM-001,18029,0.0859,1548.69
SO-15197,2026-03-30,CUST-002,Cap,Injection Molding,TR-001-HDPE-24410,WO-7764,2613632010776408,IM-001,15233,0.081,1233.87
SO-15198,2026-04-06,CUST-004,Cap,Injection Molding,TR-001-HDPE-24410,WO-7765,2613622010776509,IM-001,15637,0.0617,964.8
SO-15199,2026-03-31,CUST-014,Cap,Injection Molding,TR-001-PETG-24410,WO-7767,2613722010776711,IM-001,6164,0.0588,362.44
SO-15200,2026-04-10,CUST-012,Cap,Injection Molding,TR-001-PP-24410,WO-7768,2614112010776812,IM-001,6418,0.0724,464.66
SO-15201,2026-04-07,CUST-013,Cap,Injection Molding,TR-001-PP-PCR-24410,WO-7769,2614232010776913,IM-001,6682,0.0645,430.99
SO-15202,2026-04-04,CUST-012,Cap,Injection Molding,TR-001-HDPE-24410,WO-7771,2614312010777115,IM-001,15150,0.0364,551.46
SO-15203,2026-04-11,CUST-006,Cap,Injection Molding,TR-001-HDPE-24410,WO-7772,2614432010777216,IM-001,10217,0.0424,433.2
SO-15204,2026-04-10,CUST-014,Cap,Injection Molding,TR-001-HDPE-24410,WO-7773,2614532010777317,IM-001,11437,0.0721,824.61
SO-15205,2026-04-07,CUST-006,Cap,Injection Molding,TR-001-PP-PCR-24410,WO-7774,2614512010777418,IM-001,2555,0.0714,182.43
SO-15206,2026-04-15,CUST-012,Cap,Injection Molding,TR-001-PP-PCR-24410,WO-7775,2614632010777519,IM-001,4548,0.0505,229.67
SO-15207,2026-04-15,CUST-012,Cap,Injection Molding,TR-001-PETG-24410,WO-7776,2614732010777620,IM-001,8291,0.0542,449.37
SO-15208,2026-04-15,CUST-009,Cap,Injection Molding,TR-001-PETG-24410,WO-7777,2614712010777721,IM-001,12885,0.0698,899.37
SO-15209,2026-04-15,CUST-014,Cap,Injection Molding,TR-001-PETG-24410,WO-7778,2615132010777822,IM-001,13541,0.0773,1046.72
SO-15210,2026-04-08,CUST-006,Cap,Injection Molding,TR-001-PETG-24410,WO-7779,2615122010777923,IM-001,12893,0.0359,462.86
SO-15211,2026-04-17,CUST-008,Cap,Injection Molding,TR-001-PETG-24410,WO-7780,2615222010778024,IM-001,12543,0.0863,1082.46
SO-15212,2026-04-19,CUST-010,Cap,injection molding,TR-001-HDPE-24410,WO-7781,2615312010778125,IM-001,9382,0.0207,194.21
SO-15213,2026-04-15,CUST-013,Cap,Injection Molding,TR-001-HDPE-24410,WO-7783,2615422010778327,IM-001,6745,0.076,512.62
SO-15214,2026-04-12,CUST-009,Cap,Injection Molding,TR-001-PP-PCR-24410,WO-7784,2615512010778428,IM-001,5845,0.0287,167.75
SO-15215,2026-04-21,CUST-010,Cap,Injection Molding,TR-001-PETG-24410,WO-7787,2615622010778731,IM-001,5713,0.038,217.09
SO-15216,2026-04-18,CUST-014,Cap,Injection Molding,TR-001-PETG-24410,WO-7788,2615712010778832,IM-001,9516,0.0839,798.39
SO-15217,2026-04-14,CUST-006,Cap,Injection Molding,TR-001-PP-24410,WO-7789,2615732010778933,IM-001,9602,0.0465,446.49
SO-15218,2026-04-19,CUST-006,Cap,Injection Molding,TR-001-PP-24410,WO-7790,2616122010779034,IM-001,8215,0.0264,216.88
SO-15219,2026-04-25,CUST-011,Cap,Injection Molding,TR-001-PP-24410,WO-7791,2616222010779135,IM-001,11099,0.0516,572.71
SO-15220,2026-04-18,CUST-006,Cap,Injection Molding,TR-001-PP-24410,WO-7792,2616332010779236,IM-001,11181,0.055,614.96
SO-15221,2026-04-19,CUST-005,Cap,Injection Molding,TR-001-HDPE-24410,WO-7793,2616332010779337,IM-001,11619,0.0375,435.71
SO-15222,2026-04-20,CUST-004,Cap,Injection Molding,TR-001-HDPE-24410,WO-7794,2616422010779438,IM-001,5943,0.0816,484.95
SO-15223,2026-04-28,CUST-008,Cap,Injection Molding,TR-001-PP-24410,WO-7795,2616532010779539,IM-001,6073,0.0736,446.97
SO-15224,2026-04-24,CUST-001,Cap,Injection Molding,TR-001-PETG-24410,WO-7797,2616522010779741,IM-001,16832,0.0775,1304.48
SO-15225,2026-04-29,CUST-007,Cap,Injection Molding,TR-001-PP-PCR-24410,WO-7798,2616622010779842,IM-001,9140,0.0219,200.17
SO-15226,2026-04-26,CUST-006,Cap,Injection Molding,TR-001-PP-PCR-24410,WO-7799,2616732010779943,IM-001,10572,0.0705,745.33
SO-15227,2026-04-27,CUST-001,Cap,Injection Molding,TR-001-PP-24410,WO-7800,2616722010780044,IM-001,13907,0.0874,1215.47
SO-15228,2026-04-30,CUST-008,Cap,Injection Molding,TR-001-PP-24410,WO-7801,2617122010780145,IM-001,4632,0.035,162.12
SO-15229,2026-04-29,CUST-008,Cap,Injection Molding,TR-001-PP-24410,WO-7802,2617132010780246,IM-001,10267,0.0337,346.0
SO-15230,2026-04-25,CUST-006,Cap,Injection Molding,TR-001-PP-24410,WO-7803,2617222010780347,IM-001,8999,0.0861,774.81
SO-15231,2026-04-27,CUST-010,Cap,Injection Molding,TR-001-HDPE-24410,WO-7804,2617312010780448,IM-001,5099,0.0836,426.28
SO-15232,2026-05-04,CUST-006,Cap,Injection Molding,TR-001-HDPE-24410,WO-7805,2617432010780549,IM-001,9248,0.0878,811.97
SO-15233,2026-04-30,CUST-001,Cap,Injection Molding,TR-001-PETG-24410,WO-7806,2617412010780650,IM-001,11502,0.0354,407.17
SO-15234,2026-05-01,CUST-004,Cap,Injection Molding,TR-001-PETG-24410,WO-7808,2617512010780852,IM-001,11391,0.0337,383.88
SO-15235,2026-04-27,CUST-004,Cap,Injection Molding,TR-001-PETG-24410,WO-7810,2617622010781054,IM-001,3645,0.0366,133.41
SO-15236,2026-04-30,CUST-013,Cap,Injection Molding,TR-001-HDPE-24410,WO-7812,2617732010781256,IM-001,11053,0.0598,660.97
SO-15237,2026-05-06,CUST-005,Cap,Injection Molding,TR-001-HDPE-24410,WO-7813,2618122010781357,IM-001,7313,0.0571,417.57
SO-15238,2026-05-04,CUST-011,Cap,INJECTION MOLDING,TR-001-HDPE-24410,WO-7814,2618212010781458,IM-001,13190,0.089,1173.91
SO-15239,2026-05-03,CUST-010,Cap,Injection Molding,TR-001-PP-24410,WO-7815,2618222010781559,IM-001,8875,0.0789,700.24
SO-15240,2026-05-01,CUST-002,Cap,Injection Molding,TR-001-PP-24410,WO-7816,2618312010781660,IM-001,7754,0.0381,295.43
SO-15241,2026-05-05,CUST-014,Cap,Injection Molding,TR-001-PP-24410,WO-7817,2618432010781761,IM-001,3116,0.0213,66.37
SO-15242,2026-05-12,CUST-004,Cap,Injection Molding,TR-001-PP-24410,WO-7818,2618422010781862,IM-001,6492,0.0292,189.57
SO-15243,2026-05-04,CUST-004,Cap,Injection Molding,TR-001-PETG-24410,WO-7819,2618532010781963,IM-001,5846,0.0755,441.37
SO-15244,2026-05-07,CUST-011,Cap,Injection Molding,TR-001-PP-24410,WO-7821,2618612010782165,IM-001,11462,0.0806,923.84
SO-15245,2026-05-09,CUST-005,Cap,Injection Molding,TR-001-PP-24410,WO-7823,2618712010782367,IM-001,9931,0.0329,326.73
SO-15246,2026-05-14,CUST-006,Cap,Injection Molding,TR-001-PETG-24410,WO-7827,2619222010782771,IM-001,15845,0.0354,560.91
SO-15247,2026-05-13,CUST-003,Cap,Injection Molding,TR-001-HDPE-24410,WO-7834,2619622010783478,IM-001,7003,0.0733,513.32
SO-15248,2026-05-14,CUST-005,Cap,Injection Molding,TR-001-HDPE-24410,WO-7835,2619712010783579,IM-001,6691,0.0593,396.78
SO-15249,2026-05-15,CUST-008,Cap,Injection Molding,TR-001-HDPE-24410,WO-7836,2619722010783680,IM-001,14375,0.0711,1022.06
SO-15250,2026-05-19,CUST-011,Cap,Injection Molding,TR-001-HDPE-24410,WO-7837,2620112010783781,IM-001,10618,0.053,562.75
SO-15251,2026-05-18,CUST-014,Cap,Injection Molding,TR-001-HDPE-24410,WO-7838,2620212010783882,IM-001,5635,0.0534,300.91
SO-15252,2026-05-17,CUST-014,Cap,Injection Molding,TR-001-HDPE-24410,WO-7839,2620222010783983,IM-001,9438,0.0598,564.39
SO-15253,2026-05-21,CUST-009,Cap,Injection Molding,TR-001-HDPE-24410,WO-7840,2620312010784084,IM-001,15311,0.0515,788.52
SO-15254,2026-05-22,CUST-014,Cap,Injection Molding,TR-001-HDPE-24410,WO-7846,2621122010784690,IM-001,14629,0.0456,667.08
SO-15255,2026-05-26,CUST-006,Cap,INJECTION MOLDING,TR-001-HDPE-24410,WO-7847,2621212010784791,IM-001,12498,0.0894,1117.32
SO-15256,2026-05-26,CUST-005,Cap,Injection Molding,TR-001-PP-24410,WO-7848,2621232010784892,IM-001,17032,0.0601,1023.62
SO-15257,2026-05-28,CUST-010,Cap,Injection Molding,TR-001-PP-24410,WO-7850,2621412010785094,IM-001,9287,0.0841,781.04
SO-15258,2026-06-02,CUST-008,Cap,Injection Molding,TR-001-PP-24410,WO-7851,2621512010785195,IM-001,11955,0.0412,492.55
SO-15259,2026-05-26,CUST-001,Cap,Injection Molding,TR-001-PP-24410,WO-7852,2621632010785296,IM-001,9320,0.0412,383.98
SO-15260,2026-05-27,CUST-009,Cap,Injection Molding,TR-001-PP-24410,WO-7853,2621622010785397,IM-001,7168,0.0571,409.29
SO-15261,2026-05-28,CUST-002,Cap,Injection Molding,TR-001-PP-PCR-24410,WO-7855,2622132010785599,IM-001,8024,0.0482,386.76
SO-15262,2026-05-31,CUST-014,Cap,Injection Molding,TR-001-HDPE-24410,WO-7856,2622122010785601,IM-001,5810,0.0725,421.22
SO-15263,2026-05-29,CUST-002,Cap,Injection Molding,TR-001-HDPE-24410,WO-7857,2622212010785702,IM-001,9089,0.0403,366.29
SO-15264,2026-06-04,CUST-010,Cap,  Injection Molding  ,TR-001-HDPE-24410,WO-7858,2622312010785803,IM-001,8514,0.072,613.01
SO-15265,2026-06-08,CUST-014,Cap,Injection Molding,TR-001-PP-PCR-24410,WO-7861,2622512010786106,IM-001,3732,0.0492,183.61
SO-15266,2026-06-01,CUST-008,Cap,Injection Molding,TR-001-PP-PCR-24410,WO-7862,2622612010786207,IM-001,4237,0.0864,366.08
SO-15267,2026-06-06,CUST-008,Cap,Injection Molding,TR-001-PP-PCR-24410,WO-7863,2622622010786308,IM-001,3639,0.0709,258.01
SO-15268,2026-06-04,CUST-012,Cap,Injection Molding,TR-001-HDPE-24410,WO-7864,2622712010786409,IM-001,9095,0.0524,476.58
SO-15269,2026-06-09,CUST-002,Cap,Injection Molding,TR-001-HDPE-24410,WO-7865,2622722010786510,IM-001,10418,0.0797,830.31
SO-15270,2026-06-05,CUST-008,Cap,Injection Molding,TR-001-HDPE-24410,WO-7866,2623112010786611,IM-001,5701,0.0363,206.95
SO-15271,2026-06-03,CUST-004,Cap,Injection Molding,TR-001-PP-PCR-24410,WO-7867,2623232010786712,IM-001,8334,0.0361,300.86
SO-15272,2026-06-05,CUST-012,Cap,Injection Molding,TR-001-PP-PCR-24410,WO-7868,2623222010786813,IM-001,18750,0.0692,1297.5
SO-15273,2026-06-10,CUST-006,Cap,Injection Molding,TR-001-PP-24410,WO-7869,2623322010786914,IM-001,10554,0.0472,498.15
SO-15274,2026-06-08,CUST-014,Cap,Injection Molding,TR-001-PP-24410,WO-7870,2623412010787015,IM-001,5619,0.0537,301.74
SO-15275,2026-06-11,CUST-002,Cap,Injection Molding,TR-001-PP-24410,WO-7871,2623532010787116,IM-001,6974,0.0296,206.43
SO-15276,2026-06-16,CUST-004,Cap,Injection Molding,TR-001-PP-24410,WO-7872,2623512010787217,IM-001,10579,0.0326,344.88
SO-15277,2026-06-08,CUST-001,Cap,Injection Molding,TR-001-PP-24410,WO-7873,2623532010787318,IM-001,14217,0.0753,1070.54
SO-15278,2026-06-15,CUST-012,Cap,Injection Molding,TR-001-HDPE-24410,WO-7874,2623612010787419,IM-001,12054,0.0754,908.87
SO-15279,2026-06-12,CUST-011,Cap,Injection Molding,TR-001-HDPE-24410,WO-7875,2623732010787520,IM-001,7124,0.0644,458.79
SO-15280,2026-06-19,CUST-004,Cap,Injection Molding,TR-001-HDPE-24410,WO-7877,2624112010787722,IM-001,2788,0.0468,130.48
SO-15281,2026-06-18,CUST-014,Cap,Injection Molding,TR-001-HDPE-24410,WO-7878,2624122010787823,IM-001,3879,0.0515,199.77
SO-15282,2026-06-20,CUST-012,Cap,Injection Molding,TR-001-HDPE-24410,WO-7879,2624232010787924,IM-001,10279,0.0595,611.6
SO-15283,2026-06-16,CUST-006,Cap,Injection Molding,TR-001-HDPE-24410,WO-7880,2624222010788025,IM-001,5420,0.0736,398.91
SO-15284,2026-06-20,CUST-011,Cap,Injection Molding,TR-001-HDPE-24410,WO-7881,2624312010788126,IM-001,450,0.0269,12.11
SO-15285,2026-06-15,CUST-010,Cap,Injection Molding,TR-001-PP-24410,WO-7882,2624432010788227,IM-001,5701,0.0325,185.28
SO-15286,2026-06-18,CUST-006,Cap,Injection Molding,TR-001-PP-PCR-24410,WO-7884,2624512010788429,IM-001,16639,0.0572,951.75
SO-15287,2026-06-22,CUST-005,Cap,Injection Molding,TR-001-PP-PCR-24410,WO-7885,2624612010788530,IM-001,7366,0.0357,262.97
SO-15288,2026-06-22,CUST-004,Cap,Injection Molding,TR-001-PP-PCR-24410,WO-7886,2624712010788631,IM-001,17463,0.0309,539.61
SO-15289,2026-06-26,CUST-003,Cap,injection molding,TR-001-HDPE-24410,WO-7887,2625132010788732,IM-001,15119,0.0684,1034.14
SO-15290,2026-06-22,CUST-008,Cap,injection molding,TR-001-HDPE-24410,WO-7888,2625122010788833,IM-001,10107,0.0817,825.74
SO-15291,2026-06-21,CUST-013,Cap,Injection Molding,TR-001-HDPE-24410,WO-7889,2625212010788934,IM-001,9499,0.0744,706.73
SO-15292,2026-06-27,CUST-003,Cap,Injection Molding,TR-001-PP-24410,WO-7890,2625332010789035,IM-001,8104,0.0552,447.34
SO-15293,2026-06-21,CUST-005,Cap,Injection Molding,TR-001-HDPE-24410,WO-7891,2625332010789136,IM-001,12731,0.0231,294.09
SO-15294,2026-06-20,CUST-007,Cap,Injection Molding,TR-001-PETG-24410,WO-7892,2625422010789237,IM-001,6684,0.0858,573.49
SO-15295,2026-06-22,CUST-003,Cap,Injection Molding,TR-001-PETG-24410,WO-7893,2625532010789338,IM-001,4758,0.041,195.08
SO-15296,2026-06-25,CUST-006,Cap,Injection Molding,TR-001-HDPE-24410,WO-7894,2625512010789439,IM-001,7411,0.079,585.47
SO-15297,2026-06-29,CUST-012,Cap,Injection Molding,TR-001-HDPE-24410,WO-7895,2625632010789540,IM-001,9278,0.0801,743.17
SO-15298,2026-06-23,CUST-011,Cap,Injection Molding,TR-001-PP-24410,WO-7896,2625622010789641,IM-001,10737,0.0264,283.46
SO-15299,2026-06-24,CUST-003,Cap,Injection Molding,TR-001-PP-24410,WO-7897,2625712010789742,IM-001,7113,0.026,184.94
SO-15300,2026-06-29,CUST-004,Cap,Injection Molding,TR-001-PP-24410,WO-7898,2625732010789843,IM-001,8357,0.0445,371.89
SO-15301,2026-06-29,CUST-010,Cap,Injection Molding,TR-001-PP-24410,WO-7899,2626122010789944,IM-001,9019,0.0459,413.97
SO-15302,2026-07-02,CUST-001,Cap,Injection Molding,TR-001-PP-24410,WO-7900,2626232010790045,IM-001,7224,0.0308,222.5
SO-15303,2026-07-05,CUST-010,Cap,Injection Molding,TR-001-PETG-24410,WO-7901,2626222010790146,IM-001,3933,0.0825,324.47
SO-15304,2026-06-27,CUST-007,Cap,injection molding,TR-001-PETG-24410,WO-7902,2626312010790247,IM-001,7347,0.0706,518.7
SO-15305,2026-07-05,CUST-009,Cap,Injection Molding,TR-001-PP-PCR-24410,WO-7903,2626432010790348,IM-001,11672,0.0473,552.09
SO-15306,2026-07-05,CUST-009,Cap,Injection Molding,TR-001-PP-PCR-24410,WO-7904,2626422010790449,IM-001,9651,0.0266,256.72
SO-15307,2026-07-08,CUST-001,Cap,Injection Molding,TR-001-PP-PCR-24410,WO-7906,2626632010790651,IM-001,9462,0.074,700.19
SO-15308,2026-07-07,CUST-014,Cap,Injection Molding,TR-001-PP-PCR-24410,WO-7907,2626622010790752,IM-001,12223,0.0831,1015.73
SO-15309,2026-07-05,CUST-007,Cap,Injection Molding,TR-001-PP-PCR-24410,WO-7908,2626722010790853,IM-001,5334,0.0243,129.62
SO-15310,2026-07-09,CUST-011,Cap,Injection Molding,TR-001-PP-PCR-24410,WO-7909,2627132010790954,IM-001,6213,0.0512,318.11
SO-15311,2026-07-04,CUST-008,Cap,Injection Molding,TR-001-PETG-24410,WO-7913,2627332010791358,IM-001,14781,0.0875,1293.34
SO-15312,2026-07-15,CUST-005,Cap,  Injection Molding  ,TR-001-HDPE-24410,WO-7917,2627522010791762,IM-001,4869,0.051,248.32
SO-15313,2026-07-14,CUST-001,Cap,injection molding,TR-001-HDPE-24410,WO-7918,2627622010791863,IM-001,12279,0.0449,551.33
SO-15314,2026-07-16,CUST-014,Cap,Injection Molding,TR-001-HDPE-24410,WO-7919,2627712010791964,IM-001,13540,0.0617,835.42
SO-15315,2026-07-17,CUST-010,Cap,Injection Molding,TR-001-PP-PCR-24410,WO-7924,2628322010792469,IM-001,9501,0.0236,224.22
SO-15316,2026-07-17,CUST-010,Cap,Injection Molding,TR-001-PP-PCR-24410,WO-7925,2628412010792570,IM-001,10962,0.0828,907.65
SO-15317,2026-07-16,CUST-008,Cap,Injection Molding,TR-001-PP-PCR-24410,WO-7927,2628512010792772,IM-001,4184,0.0865,361.92
SO-15318,2026-07-18,CUST-006,Cap,Injection Molding,TR-001-PP-PCR-24410,WO-7928,2628522010792873,IM-001,10655,0.0898,956.82
SO-15319,2026-07-15,CUST-004,Cap,Injection Molding,TR-001-PETG-24410,WO-7930,2628732010793075,IM-001,8121,0.0276,224.14
SO-15320,2026-07-24,CUST-001,Cap,Injection Molding,TR-001-PP-PCR-24410,WO-7931,2628722010793176,IM-001,14763,0.0577,851.83
SO-15321,2026-07-17,CUST-013,Cap,Injection Molding,TR-001-PP-24410,WO-7933,2629232010793378,IM-001,7621,0.0807,615.01
SO-15322,2026-07-23,CUST-003,Cap,Injection Molding,TR-001-HDPE-24410,WO-7935,2629332010793580,IM-001,2721,0.0706,192.1
SO-15323,2026-07-23,CUST-011,Cap,Injection Molding,TR-001-HDPE-24410,WO-7936,2629332010793681,IM-001,10384,0.0503,522.32
SO-15324,2026-07-18,CUST-005,Cap,Injection Molding,TR-001-HDPE-24410,WO-7937,2629422010793782,IM-001,11228,0.066,741.05
SO-15325,2026-07-19,CUST-008,Cap,Injection Molding,TR-001-PETG-24410,WO-7938,2629512010793883,IM-001,15371,0.022,338.16
SO-15326,2026-07-24,CUST-008,Cap,Injection Molding,TR-001-PETG-24410,WO-7939,2629632010793984,IM-001,7752,0.0552,427.91
SO-15327,2026-07-25,CUST-013,Cap,Injection Molding,TR-001-PETG-24410,WO-7942,2630112010794287,IM-001,7950,0.0598,475.41
SO-15328,2026-07-24,CUST-006,Cap,Injection Molding,TR-001-PP-PCR-24410,WO-7943,2630132010794388,IM-001,9100,0.0778,707.98
SO-15329,2026-07-25,CUST-007,Cap,Injection Molding,TR-001-PP-PCR-24410,WO-7944,2630212010794489,IM-001,5942,0.0486,288.78
SO-15330,2026-08-06,CUST-003,Cap,Injection Molding,TR-001-PP-PCR-24410,WO-7951,2630712010795196,IM-001,7092,0.0216,153.19
SO-15331,2026-08-07,CUST-001,Cap,Injection Molding,TR-001-PP-PCR-24410,WO-7952,2631132010795297,IM-001,8440,0.0833,703.05
SO-15332,2026-08-02,CUST-007,Cap,Injection Molding,TR-001-PP-PCR-24410,WO-7953,2631232010795398,IM-001,7281,0.0704,512.58
SO-15333,2026-08-03,CUST-002,Cap,Injection Molding,TR-001-PP-24410,WO-7954,2631212010795499,IM-001,15016,0.0524,786.84
SO-15334,2026-08-09,CUST-011,Cap,Injection Molding,TR-001-PP-24410,WO-7955,2631312010795501,IM-001,20873,0.0497,1037.39
SO-15335,2026-08-01,CUST-013,Cap,Injection Molding,TR-001-PP-24410,WO-7956,2631432010795602,IM-001,8827,0.0529,466.95
SO-15336,2026-08-11,CUST-009,Cap,Injection Molding,TR-001-PP-PCR-24410,WO-7958,2631512010795804,IM-001,5003,0.0299,149.59
SO-15337,2026-08-12,CUST-010,Cap,Injection Molding,TR-001-PP-PCR-24410,WO-7959,2631522010795905,IM-001,6349,0.0322,204.44
SO-15338,2026-08-09,CUST-011,Cap,Injection Molding,TR-001-PP-PCR-24410,WO-7960,2631612010796006,IM-001,6781,0.0474,321.42
SO-15339,2026-08-04,CUST-013,Cap,Injection Molding,TR-001-HDPE-24410,WO-7962,2631732010796208,IM-001,6774,0.0372,251.99
SO-15340,2026-08-10,CUST-006,Cap,Injection Molding,TR-001-HDPE-24410,WO-7963,2632112010796309,IM-001,4147,0.0794,329.27
SO-15341,2026-08-17,CUST-007,Cap,Injection Molding,TR-001-PP-24410,WO-7966,2632322010796612,IM-001,4625,0.0234,108.23
SO-15342,2026-08-09,CUST-001,Cap,Injection Molding,TR-001-PP-PCR-24410,WO-7967,2632432010796713,IM-001,6810,0.044,299.64
SO-15343,2026-08-17,CUST-011,Cap,injection molding,TR-001-PP-PCR-24410,WO-7968,2632422010796814,IM-001,8529,0.0748,637.97
SO-15344,2026-08-18,CUST-005,Cap,Injection Molding,TR-001-PP-24410,WO-7971,2632622010797117,IM-001,14266,0.0533,760.38
SO-15345,2026-08-13,CUST-013,Cap,Injection Molding,TR-001-PETG-24410,WO-7972,2632722010797218,IM-001,16548,0.0306,506.37
SO-15346,2026-08-13,CUST-002,Cap,Injection Molding,TR-001-PETG-24410,WO-7973,2633112010797319,IM-001,8949,0.0292,261.31
SO-15347,2026-08-18,CUST-012,Cap,Injection Molding,TR-001-PP-PCR-24410,WO-7975,2633332010797521,IM-001,9040,0.0824,744.9
SO-15348,2026-08-17,CUST-009,Cap,Injection Molding,TR-001-HDPE-24410,WO-7976,2633322010797622,IM-001,11680,0.0295,344.56
SO-15349,2026-08-21,CUST-001,Cap,INJECTION MOLDING,TR-001-PP-PCR-24410,WO-7977,2633412010797723,IM-001,17764,0.034,603.98
SO-15350,2026-08-15,CUST-007,Cap,Injection Molding,TR-001-PP-PCR-24410,WO-7978,2633532010797824,IM-001,7435,0.032,237.92
SO-15351,2026-08-20,CUST-008,Cap,INJECTION MOLDING,TR-001-PP-PCR-24410,WO-7979,2633522010797925,IM-001,4561,0.0439,200.23
SO-15352,2026-08-17,CUST-003,Cap,Injection Molding,TR-001-PP-24410,WO-7980,2633632010798026,IM-001,6127,0.0388,237.73
SO-15353,2026-08-21,CUST-001,Cap,Injection Molding,TR-001-PP-24410,WO-7981,2633612010798127,IM-001,12967,0.0768,995.87
SO-15354,2026-08-24,CUST-012,Cap,Injection Molding,TR-001-PP-24410,WO-7982,2633732010798228,IM-001,8631,0.0412,355.6
SO-15355,2026-08-18,CUST-010,Cap,Injection Molding,TR-001-PP-24410,WO-7983,2633732010798329,IM-001,13521,0.0419,566.53
SO-15356,2026-08-22,CUST-014,Cap,Injection Molding,TR-001-PP-24410,WO-7984,2634122010798430,IM-001,2067,0.0888,183.55
SO-15357,2026-08-27,CUST-006,Cap,Injection Molding,TR-001-PP-PCR-24410,WO-7985,2634222010798531,IM-001,8688,0.0872,757.59
SO-15358,2026-08-25,CUST-002,Cap,Injection Molding,TR-001-PP-PCR-24410,WO-7986,2634332010798632,IM-001,3348,0.0414,138.61
SO-15359,2026-08-24,CUST-001,Cap,Injection Molding,TR-001-PP-PCR-24410,WO-7989,2634532010798935,IM-001,15422,0.0579,892.93
SO-15360,2026-08-31,CUST-004,Cap,injection molding,TR-001-PP-PCR-24410,WO-7990,2634522010799036,IM-001,5685,0.0459,260.94
SO-15361,2026-08-24,CUST-002,Cap,injection molding,TR-001-PP-PCR-24410,WO-7992,2634622010799238,IM-001,6628,0.0613,406.3
SO-15362,2026-08-27,CUST-004,Cap,Injection Molding,TR-001-PP-PCR-24410,WO-7997,2635232010799743,IM-001,5293,0.0271,143.44
SO-15363,2026-09-03,CUST-007,Cap,Injection Molding,TR-001-HDPE-24410,WO-8002,2635612010800248,IM-001,11041,0.055,607.25
SO-15364,2026-08-31,CUST-014,Cap,Injection Molding,TR-001-PP-24410,WO-8003,2635732010800349,IM-001,21678,0.0313,678.52
SO-15365,2026-09-04,CUST-004,Cap,injection molding,TR-001-HDPE-24410,WO-8008,2636312010800854,IM-001,10800,0.0682,736.56
SO-15366,2026-09-11,CUST-003,Cap,Injection Molding,TR-001-HDPE-24410,WO-8009,2636432010800955,IM-001,16844,0.0434,731.03
SO-15367,2026-09-06,CUST-002,Cap,Injection Molding,TR-001-PETG-24410,WO-8010,2636422010801056,IM-001,4784,0.0598,286.08
SO-15368,2026-09-09,CUST-002,Cap,Injection Molding,TR-001-PETG-24410,WO-8011,2636512010801157,IM-001,9477,0.0262,248.3
SO-15369,2026-09-18,CUST-010,Cap,INJECTION MOLDING,TR-001-PETG-24410,WO-8014,2636722010801460,IM-001,4258,0.0446,189.91
SO-15370,2026-09-13,CUST-004,Cap,Injection Molding,TR-001-PP-24410,WO-8015,2637132010801561,IM-001,5036,0.0218,109.78
SO-15371,2026-09-13,CUST-003,Cap,Injection Molding,TR-001-PP-24410,WO-8016,2637122010801662,IM-001,12797,0.0378,483.73
SO-15372,2026-09-16,CUST-009,Cap,Injection Molding,TR-001-PP-PCR-24410,WO-8019,2637322010801965,IM-001,7610,0.0302,229.82
SO-15373,2026-09-12,CUST-006,Cap,Injection Molding,TR-001-HDPE-24410,WO-8020,2637422010802066,IM-001,4146,0.0861,356.97
SO-15374,2026-09-14,CUST-009,Cap,Injection Molding,TR-001-PP-24410,WO-8022,2637532010802268,IM-001,11914,0.0256,305.0
SO-15375,2026-09-23,CUST-011,Cap,Injection Molding,TR-001-PP-24410,WO-8023,2637622010802369,IM-001,13228,0.025,330.7
SO-15376,2026-09-24,CUST-014,Cap,Injection Molding,TR-001-PETG-24410,WO-8024,2637712010802470,IM-001,8207,0.0503,412.81
SO-15377,2026-09-16,CUST-009,Cap,Injection Molding,TR-001-PETG-24410,WO-8025,2638132010802571,IM-001,8530,0.0745,635.49
SO-15378,2026-09-19,CUST-008,Cap,Injection Molding,TR-001-PETG-24410,WO-8026,2638122010802672,IM-001,3519,0.0611,215.01
SO-15379,2026-09-16,CUST-003,Cap,Injection Molding,TR-001-PETG-24410,WO-8027,2638232010802773,IM-001,10854,0.0544,590.46
SO-15380,2026-09-17,CUST-004,Cap,Injection Molding,TR-001-PETG-24410,WO-8028,2638222010802874,IM-001,7107,0.0693,492.52
SO-15381,2026-09-20,CUST-002,Cap,Injection Molding,TR-001-PETG-24410,WO-8029,2638312010802975,IM-001,13807,0.0631,871.22
SO-15382,2026-09-26,CUST-008,Cap,Injection Molding,TR-001-PP-24410,WO-8030,2638332010803076,IM-001,6665,0.073,486.54
SO-15383,2026-09-29,CUST-003,Cap,Injection Molding,TR-001-PP-24410,WO-8031,2638422010803177,IM-001,8161,0.0705,575.35
SO-15384,2026-09-24,CUST-008,Cap,Injection Molding,TR-001-PP-24410,WO-8032,2638532010803278,IM-001,4829,0.0443,213.92
SO-15385,2026-09-24,CUST-007,Cap,Injection Molding,TR-001-PP-24410,WO-8033,2638522010803379,IM-001,10753,0.0473,508.62
SO-15386,2026-09-30,CUST-013,Cap,Injection Molding,TR-001-PETG-24410,WO-8034,2638612010803480,IM-001,6024,0.0316,190.36
SO-15387,2026-10-01,CUST-011,Cap,Injection Molding,TR-001-PETG-24410,WO-8035,2638622010803581,IM-001,10310,0.0602,620.66
SO-15388,2026-09-29,CUST-007,Cap,Injection Molding,TR-001-PETG-24410,WO-8036,2638732010803682,IM-001,15234,0.0826,1258.33
SO-15389,2026-09-23,CUST-008,Cap,Injection Molding,TR-001-HDPE-24410,WO-8037,2638722010803783,IM-001,8237,0.0803,661.43
SO-15390,2026-10-01,CUST-002,Cap,Injection Molding,TR-001-HDPE-24410,WO-8038,2639112010803884,IM-001,17755,0.022,390.61
SO-15391,2026-10-03,CUST-004,Cap,  Injection Molding  ,TR-001-PETG-24410,WO-8039,2639212010803985,IM-001,8263,0.0571,471.82
SO-15392,2026-10-02,CUST-007,Cap,Injection Molding,TR-001-PP-24410,WO-8044,2639612010804490,IM-001,4699,0.0663,311.54
SO-15393,2026-10-04,CUST-002,Cap,Injection Molding,TR-001-PP-24410,WO-8045,2639622010804591,IM-001,11593,0.0269,311.85
SO-15394,2026-09-30,CUST-013,Cap,Injection Molding,TR-001-PP-24410,WO-8046,2639712010804692,IM-001,6154,0.0305,187.7
SO-15395,2026-10-04,CUST-001,Cap,Injection Molding,TR-001-PP-PCR-24410,WO-8050,2640232010805096,IM-001,4690,0.0695,325.96
SO-15396,2026-10-03,CUST-010,Cap,Injection Molding,TR-001-HDPE-24410,WO-8051,2640222010805197,IM-001,11555,0.0895,1034.17
SO-15397,2026-10-09,CUST-007,Cap,Injection Molding,TR-001-HDPE-24410,WO-8052,2640312010805298,IM-001,8771,0.071,622.74
SO-15398,2026-10-04,CUST-009,Cap,injection molding,TR-001-HDPE-24410,WO-8053,2640412010805399,IM-001,2318,0.0594,137.69
SO-15399,2026-10-08,CUST-007,Cap,Injection Molding,TR-001-PP-PCR-24410,WO-8055,2640512010805502,IM-001,5765,0.0569,328.03
SO-15400,2026-10-04,CUST-011,Cap,INJECTION MOLDING,TR-001-PP-24410,WO-8056,2640632010805603,IM-001,9283,0.0676,627.53
SO-15401,2026-10-14,CUST-006,Cap,Injection Molding,TR-001-PP-24410,WO-8057,2640622010805704,IM-001,6068,0.0232,140.78
SO-15402,2026-10-11,CUST-009,Cap,Injection Molding,TR-001-PP-24410,WO-8058,2640712010805805,IM-001,10521,0.02,210.42
SO-15403,2026-10-08,CUST-009,Cap,Injection Molding,TR-001-PETG-24410,WO-8059,2640732010805906,IM-001,10280,0.0427,438.96
SO-15404,2026-10-12,CUST-013,Cap,Injection Molding,TR-001-PETG-24410,WO-8060,2641122010806007,IM-001,12538,0.0853,1069.49
SO-15405,2026-10-10,CUST-002,Cap,Injection Molding,TR-001-PP-24410,WO-8065,2641532010806512,IM-001,18039,0.032,577.25
SO-15406,2026-10-13,CUST-014,Cap,Injection Molding,TR-001-PP-24410,WO-8066,2641532010806613,IM-001,15898,0.0407,647.05
SO-15407,2026-10-22,CUST-001,Cap,Injection Molding,TR-001-PP-PCR-24410,WO-8067,2641622010806714,IM-001,9761,0.0356,347.49
SO-15408,2026-10-18,CUST-013,Cap,  Injection Molding  ,TR-001-PP-PCR-24410,WO-8068,2641712010806815,IM-001,5688,0.0457,259.94
SO-15409,2026-10-19,CUST-012,Cap,Injection Molding,TR-001-HDPE-24410,WO-8069,2642132010806916,IM-001,8973,0.0444,398.4
SO-15410,2026-10-17,CUST-009,Cap,Injection Molding,TR-001-HDPE-24410,WO-8070,2642122010807017,IM-001,6654,0.0224,149.05
SO-15411,2026-10-17,CUST-003,Cap,Injection Molding,TR-001-PETG-24410,WO-8071,2642212010807118,IM-001,10321,0.0772,796.78
SO-15412,2026-10-22,CUST-008,Cap,Injection Molding,TR-001-HDPE-24410,WO-8072,2642222010807219,IM-001,1440,0.0244,35.14
SO-15413,2026-10-20,CUST-001,Cap,Injection Molding,TR-001-HDPE-24410,WO-8073,2642312010807320,IM-001,8434,0.0496,418.33
SO-15414,2026-10-20,CUST-007,Cap,Injection Molding,TR-001-HDPE-24410,WO-8074,2642432010807421,IM-001,5786,0.0278,160.85
SO-15415,2026-10-23,CUST-010,Cap,Injection Molding,TR-001-HDPE-24410,WO-8075,2642422010807522,IM-001,8673,0.0898,778.84
SO-15416,2026-10-22,CUST-007,Cap,Injection Molding,TR-001-HDPE-24410,WO-8076,2642512010807623,IM-001,6526,0.0863,563.19
SO-15417,2026-10-22,CUST-010,Cap,Injection Molding,TR-001-HDPE-24410,WO-8077,2642522010807724,IM-001,13495,0.0883,1191.61
SO-15418,2026-10-20,CUST-013,Cap,INJECTION MOLDING,TR-001-HDPE-24410,WO-8078,2642622010807825,IM-001,3633,0.0454,164.94
SO-15419,2026-10-23,CUST-012,Cap,Injection Molding,TR-001-PETG-24410,WO-8079,2642732010807926,IM-001,7154,0.0505,361.28
SO-15420,2026-10-30,CUST-010,Cap,Injection Molding,TR-001-PETG-24410,WO-8081,2643122010808128,IM-001,13878,0.089,1235.14
SO-15421,2026-10-22,CUST-007,Cap,INJECTION MOLDING,TR-001-HDPE-24410,WO-8082,2643212010808229,IM-001,7525,0.0839,631.35
SO-15422,2026-10-25,CUST-001,Cap,injection molding,TR-001-PP-PCR-24410,WO-8084,2643312010808431,IM-001,8828,0.0862,760.97
SO-15423,2026-10-23,CUST-001,Cap,Injection Molding,TR-001-PP-PCR-24410,WO-8085,2643432010808532,IM-001,14257,0.0282,402.05
SO-15424,2026-10-30,CUST-013,Cap,Injection Molding,TR-001-HDPE-24410,WO-8086,2643422010808633,IM-001,8281,0.0674,558.14
SO-15425,2026-10-26,CUST-012,Cap,Injection Molding,TR-001-PP-24410,WO-8088,2643632010808835,IM-001,9140,0.0834,762.28
SO-15426,2026-11-01,CUST-007,Cap,Injection Molding,TR-001-PP-24410,WO-8089,2643622010808936,IM-001,4043,0.0887,358.61
SO-15427,2026-11-02,CUST-013,Cap,Injection Molding,TR-001-PP-24410,WO-8091,2643732010809138,IM-001,5414,0.0847,458.57
SO-15428,2026-10-31,CUST-005,Cap,Injection Molding,TR-001-HDPE-24410,WO-8092,2644132010809239,IM-001,6604,0.0459,303.12
SO-15429,2026-11-03,CUST-009,Cap,Injection Molding,TR-001-PETG-24410,WO-8093,2644212010809340,IM-001,7034,0.0656,461.43
SO-15430,2026-11-04,CUST-005,Cap,Injection Molding,TR-001-PP-24410,WO-8095,2644322010809542,IM-001,9082,0.0502,455.92
SO-15431,2026-11-05,CUST-011,Cap,Injection Molding,TR-001-PP-24410,WO-8096,2644412010809643,IM-001,5555,0.0687,381.63
SO-15432,2026-11-07,CUST-001,Cap,Injection Molding,TR-001-PP-24410,WO-8097,2644532010809744,IM-001,9237,0.0882,814.7
SO-15433,2026-11-11,CUST-008,Cap,Injection Molding,TR-001-PP-PCR-24410,WO-8098,2644522010809845,IM-001,15315,0.0829,1269.61
SO-15434,2026-11-02,CUST-003,Cap,Injection Molding,TR-001-PP-PCR-24410,WO-8099,2644612010809946,IM-001,6825,0.0705,481.16
SO-15435,2026-11-13,CUST-002,Cap,Injection Molding,TR-001-PP-24410,WO-8102,2645122010810249,IM-001,13336,0.0239,318.73
SO-15436,2026-11-04,CUST-006,Cap,Injection Molding,TR-001-PP-24410,WO-8103,2645212010810350,IM-001,14351,0.0682,978.74
SO-15437,2026-11-05,CUST-006,Cap,Injection Molding,TR-001-PP-PCR-24410,WO-8104,2645232010810451,IM-001,7549,0.0559,421.99
SO-15438,2026-11-12,CUST-008,Cap,Injection Molding,TR-001-PP-24410,WO-8106,2645412010810653,IM-001,8123,0.0728,591.35
SO-15439,2026-11-18,CUST-001,Cap,Injection Molding,TR-001-PP-24410,WO-8108,2645532010810855,IM-001,15994,0.0313,500.61
SO-15440,2026-11-20,CUST-005,Cap,Injection Molding,TR-001-HDPE-24410,WO-8113,2646212010811360,IM-001,10535,0.0351,369.78
SO-15441,2026-11-12,CUST-012,Cap,Injection Molding,TR-001-HDPE-24410,WO-8114,2646332010811461,IM-001,9884,0.027,266.87
SO-15442,2026-11-23,CUST-012,Cap,Injection Molding,TR-001-PP-PCR-24410,WO-8115,2646322010811562,IM-001,9882,0.0487,481.25
SO-15443,2026-11-20,CUST-008,Cap,Injection Molding,TR-001-PP-PCR-24410,WO-8116,2646412010811663,IM-001,11070,0.0473,523.61
SO-15444,2026-11-24,CUST-013,Cap,Injection Molding,TR-001-PP-PCR-24410,WO-8117,2646532010811764,IM-001,8162,0.062,506.04
SO-15445,2026-11-18,CUST-005,Cap,Injection Molding,TR-001-HDPE-24410,WO-8118,2646522010811865,IM-001,7521,0.0549,412.9
SO-15446,2026-11-18,CUST-006,Cap,Injection Molding,TR-001-HDPE-24410,WO-8119,2646622010811966,IM-001,6468,0.0708,457.93
SO-15447,2026-11-27,CUST-003,Cap,Injection Molding,TR-001-HDPE-24410,WO-8125,2647322010812572,IM-001,9678,0.0462,447.12
SO-15448,2026-11-21,CUST-002,Cap,Injection Molding,TR-001-PP-24410,WO-8126,2647332010812673,IM-001,9374,0.0537,503.38
SO-15449,2026-11-24,CUST-008,Cap,Injection Molding,TR-001-PP-PCR-24410,WO-8127,2647422010812774,IM-001,9391,0.06,563.46
SO-15450,2026-11-23,CUST-003,Cap,Injection Molding,TR-001-PETG-24410,WO-8128,2647532010812875,IM-001,11663,0.0547,637.97
SO-15451,2026-11-30,CUST-001,Cap,Injection Molding,TR-001-PETG-24410,WO-8129,2647522010812976,IM-001,9791,0.0415,406.33
SO-15452,2026-11-24,CUST-008,Cap,Injection Molding,TR-001-PETG-24410,WO-8130,2647632010813077,IM-001,6647,0.0866,575.63
SO-15453,2026-11-25,CUST-004,Cap,Injection Molding,TR-001-PETG-24410,WO-8131,2647622010813178,IM-001,14262,0.062,884.24
SO-15454,2026-12-04,CUST-009,Cap,Injection Molding,TR-001-PP-24410,WO-8132,2647722010813279,IM-001,7291,0.0727,530.06
SO-15455,2026-12-02,CUST-011,Cap,Injection Molding,TR-001-PETG-24410,WO-8135,2648232010813582,IM-001,3045,0.0612,186.35
SO-15456,2026-11-29,CUST-008,Cap,Injection Molding,TR-001-PETG-24410,WO-8137,2648322010813784,IM-001,12381,0.0553,684.67
SO-15457,2026-12-01,CUST-013,Cap,Injection Molding,TR-001-HDPE-24410,WO-8138,2648412010813885,IM-001,7153,0.0289,206.72
SO-15458,2026-12-03,CUST-012,Cap,Injection Molding,TR-001-HDPE-24410,WO-8139,2648532010813986,IM-001,14454,0.0337,487.1
SO-15459,2026-12-09,CUST-014,Cap,Injection Molding,TR-001-PP-24410,WO-8140,2648522010814087,IM-001,12681,0.056,710.14
SO-15460,2026-12-07,CUST-002,Cap,Injection Molding,TR-001-PP-24410,WO-8141,2648612010814188,IM-001,6425,0.0827,531.35
SO-15461,2026-12-05,CUST-006,Cap,Injection Molding,TR-001-PP-24410,WO-8142,2648732010814289,IM-001,6628,0.0656,434.8
SO-15462,2026-12-04,CUST-001,Cap,Injection Molding,TR-001-PP-PCR-24410,WO-8143,2648722010814390,IM-001,15043,0.0293,440.76
SO-15463,2026-12-06,CUST-001,Cap,Injection Molding,TR-001-PP-PCR-24410,WO-8144,2649112010814491,IM-001,18079,0.0587,1061.24
SO-15464,2026-12-07,CUST-009,Cap,Injection Molding,TR-001-PP-PCR-24410,WO-8145,2649232010814592,IM-001,12181,0.0666,811.25
SO-15465,2026-12-14,CUST-014,Cap,Injection Molding,TR-001-PP-PCR-24410,WO-8147,2649312010814794,IM-001,6288,0.0807,507.44
SO-15466,2026-12-06,CUST-003,Cap,Injection Molding,TR-001-PP-PCR-24410,WO-8148,2649432010814895,IM-001,5467,0.031,169.48
SO-15467,2026-12-05,CUST-009,Cap,Injection Molding,TR-001-PP-PCR-24410,WO-8149,2649422010814996,IM-001,6229,0.0683,425.44
SO-15468,2026-12-07,CUST-002,Cap,Injection Molding,TR-001-PP-PCR-24410,WO-8150,2649512010815097,IM-001,9736,0.0694,675.68
SO-15469,2026-12-11,CUST-001,Cap,Injection Molding,TR-001-PETG-24410,WO-8151,2649522010815198,IM-001,10019,0.0795,796.51
SO-15470,2026-12-17,CUST-010,Cap,Injection Molding,TR-001-PETG-24410,WO-8152,2649622010815299,IM-001,10532,0.0444,467.62
SO-15471,2026-12-10,CUST-004,Cap,Injection Molding,TR-001-PETG-24410,WO-8153,2649732010815301,IM-001,8220,0.0577,474.29
SO-15472,2026-12-09,CUST-002,Cap,Injection Molding,TR-001-HDPE-24410,WO-8154,2649722010815402,IM-001,7122,0.0225,160.25
SO-15473,2026-12-17,CUST-010,Cap,INJECTION MOLDING,TR-001-HDPE-24410,WO-8155,2650112010815503,IM-001,10202,0.0443,451.95
SO-15474,2026-12-12,CUST-010,Cap,Injection Molding,TR-001-HDPE-24410,WO-8156,2650232010815604,IM-001,20423,0.0293,598.39
SO-15475,2026-12-12,CUST-014,Cap,Injection Molding,TR-001-PP-PCR-24410,WO-8157,2650222010815705,IM-001,4752,0.0839,398.69
SO-15476,2026-12-21,CUST-002,Cap,Injection Molding,TR-001-PP-PCR-24410,WO-8158,2650322010815806,IM-001,8467,0.0787,666.35
SO-15477,2026-12-12,CUST-009,Cap,Injection Molding,TR-001-PP-PCR-24410,WO-8159,2650432010815907,IM-001,7180,0.0671,481.78
SO-15478,2026-12-22,CUST-001,Cap,Injection Molding,TR-001-PP-PCR-24410,WO-8162,2650622010816210,IM-001,15164,0.0397,602.01
SO-15479,2026-12-23,CUST-010,Cap,Injection Molding,TR-001-PP-24410,WO-8163,2650712010816311,IM-001,6420,0.0341,218.92
SO-15480,2026-12-17,CUST-011,Cap,Injection Molding,TR-001-PP-PCR-24410,WO-8165,2651122010816513,IM-001,11133,0.0337,375.18
SO-15481,2026-12-24,CUST-005,Cap,Injection Molding,TR-001-PP-24410,WO-8166,2651212010816614,IM-001,14071,0.0821,1155.23
SO-15482,2026-12-27,CUST-007,Cap,Injection Molding,TR-001-PP-24410,WO-8167,2651312010816715,IM-001,16432,0.0624,1025.36
SO-15483,2026-12-23,CUST-009,Cap,Injection Molding,TR-001-PP-24410,WO-8168,2651332010816816,IM-001,9619,0.073,702.19
SO-15484,2026-12-19,CUST-005,Cap,Injection Molding,TR-001-HDPE-24410,WO-8169,2651412010816917,IM-001,2902,0.0645,187.18
SO-15485,2026-12-25,CUST-005,Cap,Injection Molding,TR-001-HDPE-24410,WO-8170,2651512010817018,IM-001,11281,0.0643,725.37
SO-15486,2026-12-29,CUST-009,Cap,  Injection Molding  ,TR-001-PP-PCR-24410,WO-8172,2651622010817220,IM-001,10457,0.0502,524.94
SO-15487,2026-12-26,CUST-014,Cap,  Injection Molding  ,TR-001-PP-PCR-24410,WO-8173,2651712010817321,IM-001,3681,0.0555,204.3
SO-15488,2026-12-27,CUST-013,Cap,Injection Molding,TR-001-HDPE-24410,WO-8174,2651722010817422,IM-001,15726,0.0412,647.91
SO-15489,2026-12-27,CUST-013,Cap,Injection Molding,TR-001-HDPE-24410,WO-8175,2652112010817523,IM-001,4542,0.0484,219.83
SO-15490,2026-12-26,CUST-009,Cap,Injection Molding,TR-001-HDPE-24410,WO-8176,2652232010817624,IM-001,9764,0.0892,870.95
SO-15491,2025-07-06,CUST-008,Cap,Injection Molding,TR-002-PP-PCR-24410,WO-8189,2527232020818901,IM-002,7024,0.0667,468.5
SO-15492,2025-07-04,CUST-008,Cap,Injection Molding,TR-002-PP-PCR-24410,WO-8190,2527222020819002,IM-002,9122,0.039,355.76
SO-15493,2025-07-08,CUST-004,Cap,Injection Molding,TR-002-PETG-24410,WO-8191,2527322020819103,IM-002,6900,0.0691,476.79
SO-15494,2025-07-04,CUST-005,Cap,Injection Molding,TR-002-PETG-24410,WO-8192,2527432020819204,IM-002,2123,0.0816,173.24
SO-15495,2025-07-09,CUST-010,Cap,Injection Molding,TR-002-PETG-24410,WO-8193,2527422020819305,IM-002,12789,0.0361,461.68
SO-15496,2025-07-07,CUST-008,Cap,Injection Molding,TR-002-HDPE-24410,WO-8195,2527612020819507,IM-002,4802,0.0871,418.25
SO-15497,2025-07-11,CUST-009,Cap,Injection Molding,TR-002-PP-PCR-24410,WO-8198,2528112020819810,IM-002,4254,0.034,144.64
SO-15498,2025-07-12,CUST-013,Cap,Injection Molding,TR-002-PP-PCR-24410,WO-8199,2528122020819911,IM-002,11124,0.0415,461.65
SO-15499,2025-07-15,CUST-006,Cap,Injection Molding,TR-002-PP-24410,WO-8200,2528222020820012,IM-002,4543,0.0571,259.41
SO-15500,2025-07-11,CUST-013,Cap,Injection Molding,TR-002-PP-24410,WO-8201,2528232020820113,IM-002,8341,0.0457,381.18
SO-15501,2025-07-12,CUST-001,Cap,Injection Molding,TR-002-PP-PCR-24410,WO-8202,2528312020820214,IM-002,6152,0.0789,485.39
SO-15502,2025-07-17,CUST-001,Cap,Injection Molding,TR-002-PP-PCR-24410,WO-8203,2528332020820315,IM-002,10087,0.0468,472.07
SO-15503,2025-07-25,CUST-014,Cap,Injection Molding,TR-002-PP-PCR-24410,WO-8209,2528722020820921,IM-002,4414,0.0732,323.1
SO-15504,2025-07-24,CUST-001,Cap,Injection Molding,TR-002-PP-PCR-24410,WO-8210,2529112020821022,IM-002,4117,0.0567,233.43
SO-15505,2025-07-22,CUST-004,Cap,Injection Molding,TR-002-PP-24410,WO-8211,2529232020821123,IM-002,4274,0.066,282.08
SO-15506,2025-07-23,CUST-010,Cap,Injection Molding,TR-002-PP-24410,WO-8212,2529212020821224,IM-002,5937,0.055,326.54
SO-15507,2025-07-19,CUST-011,Cap,Injection Molding,TR-002-PETG-24410,WO-8213,2529332020821325,IM-002,5248,0.0304,159.54
SO-15508,2025-07-24,CUST-005,Cap,  Injection Molding  ,TR-002-PETG-24410,WO-8214,2529322020821426,IM-002,5252,0.0742,389.7
SO-15509,2025-07-20,CUST-001,Cap,Injection Molding,TR-002-PETG-24410,WO-8215,2529412020821527,IM-002,14654,0.0747,1094.65
SO-15510,2025-07-29,CUST-008,Cap,Injection Molding,TR-002-PETG-24410,WO-8216,2529512020821628,IM-002,3646,0.0287,104.64
SO-15511,2025-07-23,CUST-004,Cap,Injection Molding,TR-002-PETG-24410,WO-8217,2529632020821729,IM-002,8869,0.0663,588.01
SO-15512,2025-07-25,CUST-003,Cap,Injection Molding,TR-002-HDPE-24410,WO-8218,2529632020821830,IM-002,5970,0.0508,303.28
SO-15513,2025-07-27,CUST-005,Cap,Injection Molding,TR-002-HDPE-24410,WO-8219,2529722020821931,IM-002,10038,0.0731,733.78
SO-15514,2025-07-24,CUST-014,Cap,Injection Molding,TR-002-HDPE-24410,WO-8220,2530112020822032,IM-002,13302,0.0777,1033.57
SO-15515,2025-07-24,CUST-006,Cap,Injection Molding,TR-002-PP-24410,WO-8221,2530212020822133,IM-002,11135,0.0589,655.85
SO-15516,2025-07-30,CUST-009,Cap,Injection Molding,TR-002-PP-24410,WO-8222,2530332020822234,IM-002,5189,0.064,332.1
SO-15517,2025-07-25,CUST-007,Cap,Injection Molding,TR-002-HDPE-24410,WO-8223,2530312020822335,IM-002,4123,0.081,333.96
SO-15518,2025-07-28,CUST-004,Cap,Injection Molding,TR-002-HDPE-24410,WO-8225,2530532020822537,IM-002,2006,0.0262,52.56
SO-15519,2025-08-06,CUST-005,Cap,Injection Molding,TR-002-HDPE-24410,WO-8226,2530532020822638,IM-002,3704,0.0604,223.72
SO-15520,2025-08-01,CUST-003,Cap,Injection Molding,TR-002-HDPE-24410,WO-8227,2530612020822739,IM-002,7018,0.0662,464.59
SO-15521,2025-07-31,CUST-002,Cap,Injection Molding,TR-002-HDPE-24410,WO-8228,2530712020822840,IM-002,8140,0.0623,507.12
SO-15522,2025-08-06,CUST-008,Cap,Injection Molding,TR-002-PP-24410,WO-8229,2531132020822941,IM-002,2621,0.0721,188.97
SO-15523,2025-07-31,CUST-014,Cap,Injection Molding,TR-002-PP-24410,WO-8230,2531122020823042,IM-002,8664,0.0733,635.07
SO-15524,2025-08-04,CUST-006,Cap,Injection Molding,TR-002-PP-PCR-24410,WO-8231,2531212020823143,IM-002,11589,0.0446,516.87
SO-15525,2025-08-09,CUST-001,Cap,Injection Molding,TR-002-HDPE-24410,WO-8233,2531332020823345,IM-002,6245,0.0676,422.16
SO-15526,2025-08-06,CUST-002,Cap,Injection Molding,TR-002-HDPE-24410,WO-8234,2531412020823446,IM-002,10139,0.0261,264.63
SO-15527,2025-08-10,CUST-013,Cap,Injection Molding,TR-002-PP-PCR-24410,WO-8238,2531712020823850,IM-002,16520,0.0743,1227.44
SO-15528,2025-08-12,CUST-002,Cap,Injection Molding,TR-002-PETG-24410,WO-8244,2532532020824456,IM-002,7687,0.0609,468.14
SO-15529,2025-08-17,CUST-002,Cap,Injection Molding,TR-002-PETG-24410,WO-8245,2532522020824557,IM-002,7119,0.0762,542.47
SO-15530,2025-08-14,CUST-005,Cap,Injection Molding,TR-002-PP-PCR-24410,WO-8246,2532612020824658,IM-002,8688,0.062,538.66
SO-15531,2025-08-19,CUST-001,Cap,INJECTION MOLDING,TR-002-PP-PCR-24410,WO-8247,2532712020824759,IM-002,4559,0.0577,263.05
SO-15532,2025-08-15,CUST-005,Cap,Injection Molding,TR-002-PP-24410,WO-8250,2533232020825062,IM-002,8083,0.0247,199.65
SO-15533,2025-08-15,CUST-006,Cap,Injection Molding,TR-002-PP-24410,WO-8251,2533222020825163,IM-002,8657,0.0398,344.55
SO-15534,2025-08-16,CUST-005,Cap,Injection Molding,TR-002-PETG-24410,WO-8252,2533312020825264,IM-002,5779,0.0429,247.92
SO-15535,2025-08-16,CUST-012,Cap,Injection Molding,TR-002-PETG-24410,WO-8253,2533332020825365,IM-002,6596,0.0709,467.66
SO-15536,2025-08-21,CUST-014,Cap,Injection Molding,TR-002-PP-PCR-24410,WO-8254,2533412020825466,IM-002,5120,0.0453,231.94
SO-15537,2025-08-27,CUST-010,Cap,Injection Molding,TR-002-PP-PCR-24410,WO-8255,2533532020825567,IM-002,9397,0.0548,514.96
SO-15538,2025-08-27,CUST-011,Cap,Injection Molding,TR-002-PETG-24410,WO-8256,2533632020825668,IM-002,6122,0.0354,216.72
SO-15539,2025-08-19,CUST-013,Cap,Injection Molding,TR-002-HDPE-24410,WO-8257,2533612020825769,IM-002,2143,0.055,117.86
SO-15540,2025-08-21,CUST-009,Cap,Injection Molding,TR-002-HDPE-24410,WO-8258,2533712020825870,IM-002,8536,0.0416,355.1
SO-15541,2025-08-27,CUST-003,Cap,Injection Molding,TR-002-HDPE-24410,WO-8261,2534212020826173,IM-002,3430,0.0411,140.97
SO-15542,2025-08-30,CUST-003,Cap,Injection Molding,TR-002-PP-24410,WO-8262,2534332020826274,IM-002,5203,0.0311,161.81
SO-15543,2025-09-03,CUST-001,Cap,Injection Molding,TR-002-PP-24410,WO-8268,2534622020826880,IM-002,8908,0.0322,286.84
SO-15544,2025-08-31,CUST-005,Cap,Injection Molding,TR-002-PP-24410,WO-8269,2534712020826981,IM-002,5409,0.0296,160.11
SO-15545,2025-08-31,CUST-007,Cap,INJECTION MOLDING,TR-002-PP-24410,WO-8270,2534732020827082,IM-002,11204,0.0743,832.46
SO-15546,2025-09-01,CUST-004,Cap,Injection Molding,TR-002-PP-PCR-24410,WO-8271,2535122020827183,IM-002,3216,0.0635,204.22
SO-15547,2025-09-01,CUST-005,Cap,Injection Molding,TR-002-PP-PCR-24410,WO-8272,2535212020827284,IM-002,11949,0.0402,480.35
SO-15548,2025-09-03,CUST-010,Cap,Injection Molding,TR-002-PP-24410,WO-8274,2535312020827486,IM-002,7014,0.0538,377.35
SO-15549,2025-09-02,CUST-011,Cap,Injection Molding,TR-002-PP-24410,WO-8275,2535432020827587,IM-002,4977,0.0627,312.06
SO-15550,2025-09-03,CUST-014,Cap,Injection Molding,TR-002-PP-PCR-24410,WO-8276,2535422020827688,IM-002,5658,0.035,198.03
SO-15551,2025-09-10,CUST-011,Cap,Injection Molding,TR-002-PP-PCR-24410,WO-8277,2535512020827789,IM-002,8700,0.0289,251.43
SO-15552,2025-09-02,CUST-003,Cap,Injection Molding,TR-002-HDPE-24410,WO-8278,2535612020827890,IM-002,4773,0.0239,114.07
SO-15553,2025-09-07,CUST-007,Cap,Injection Molding,TR-002-HDPE-24410,WO-8279,2535622020827991,IM-002,3304,0.0277,91.52
SO-15554,2025-09-10,CUST-009,Cap,Injection Molding,TR-002-HDPE-24410,WO-8280,2535712020828092,IM-002,7087,0.0376,266.47
SO-15555,2025-09-18,CUST-003,Cap,Injection Molding,TR-002-PP-PCR-24410,WO-8291,2537132020829104,IM-002,4331,0.024,103.94
SO-15556,2025-09-19,CUST-013,Cap,Injection Molding,TR-002-PP-24410,WO-8292,2537122020829205,IM-002,6059,0.0665,402.92
SO-15557,2025-09-18,CUST-007,Cap,Injection Molding,TR-002-PP-24410,WO-8293,2537212020829306,IM-002,5577,0.0437,243.71
SO-15558,2025-09-21,CUST-003,Cap,Injection Molding,TR-002-PP-PCR-24410,WO-8295,2537322020829508,IM-002,4064,0.064,260.1
SO-15559,2025-09-22,CUST-005,Cap,Injection Molding,TR-002-PETG-24410,WO-8296,2537412020829609,IM-002,7770,0.0433,336.44
SO-15560,2025-09-19,CUST-012,Cap,Injection Molding,TR-002-PP-24410,WO-8299,2537612020829912,IM-002,6393,0.0589,376.55
SO-15561,2025-09-18,CUST-010,Cap,Injection Molding,TR-002-PP-24410,WO-8300,2537622020830013,IM-002,2111,0.0477,100.69
SO-15562,2025-09-20,CUST-014,Cap,Injection Molding,TR-002-HDPE-24410,WO-8303,2538122020830316,IM-002,3475,0.0652,226.57
SO-15563,2025-09-22,CUST-011,Cap,Injection Molding,TR-002-HDPE-24410,WO-8304,2538232020830417,IM-002,2768,0.066,182.69
SO-15564,2025-09-26,CUST-011,Cap,Injection Molding,TR-002-PP-PCR-24410,WO-8305,2538222020830518,IM-002,4094,0.0754,308.69
SO-15565,2025-09-29,CUST-005,Cap,Injection Molding,TR-002-PP-PCR-24410,WO-8306,2538322020830619,IM-002,3971,0.038,150.9
SO-15566,2025-09-26,CUST-009,Cap,INJECTION MOLDING,TR-002-PP-PCR-24410,WO-8307,2538432020830720,IM-002,3422,0.043,147.15
SO-15567,2025-09-23,CUST-006,Cap,Injection Molding,TR-002-PP-PCR-24410,WO-8308,2538422020830821,IM-002,4556,0.025,113.9
SO-15568,2025-09-24,CUST-009,Cap,Injection Molding,TR-002-PP-PCR-24410,WO-8309,2538532020830922,IM-002,9376,0.0537,503.49
SO-15569,2025-09-29,CUST-003,Cap,Injection Molding,TR-002-PP-PCR-24410,WO-8310,2538532020831023,IM-002,3361,0.0709,238.29
SO-15570,2025-09-30,CUST-012,Cap,Injection Molding,TR-002-PP-24410,WO-8311,2538612020831124,IM-002,5288,0.0814,430.44
SO-15571,2025-09-25,CUST-014,Cap,Injection Molding,TR-002-PP-24410,WO-8312,2538732020831225,IM-002,4064,0.0772,313.74
SO-15572,2025-09-28,CUST-002,Cap,Injection Molding,TR-002-PETG-24410,WO-8314,2539122020831427,IM-002,6541,0.0741,484.69
SO-15573,2025-09-27,CUST-001,Cap,Injection Molding,TR-002-PETG-24410,WO-8315,2539212020831528,IM-002,8396,0.0648,544.06
SO-15574,2025-09-28,CUST-012,Cap,  Injection Molding  ,TR-002-PETG-24410,WO-8316,2539312020831629,IM-002,7826,0.0824,644.86
SO-15575,2025-10-05,CUST-009,Cap,Injection Molding,TR-002-HDPE-24410,WO-8322,2539622020832235,IM-002,9035,0.0268,242.14
SO-15576,2025-10-07,CUST-013,Cap,Injection Molding,TR-002-HDPE-24410,WO-8323,2539712020832336,IM-002,8414,0.0822,691.63
SO-15577,2025-10-08,CUST-005,Cap,Injection Molding,TR-002-PP-PCR-24410,WO-8324,2540132020832437,IM-002,8389,0.049,411.06
SO-15578,2025-10-11,CUST-003,Cap,Injection Molding,TR-002-PP-PCR-24410,WO-8325,2540122020832538,IM-002,4213,0.028,117.96
SO-15579,2025-10-04,CUST-010,Cap,Injection Molding,TR-002-PP-PCR-24410,WO-8326,2540212020832639,IM-002,13996,0.0517,723.59
SO-15580,2025-10-07,CUST-014,Cap,Injection Molding,TR-002-HDPE-24410,WO-8327,2540332020832740,IM-002,6596,0.0326,215.03
SO-15581,2025-10-07,CUST-011,Cap,Injection Molding,TR-002-HDPE-24410,WO-8328,2540332020832841,IM-002,10315,0.0809,834.48
SO-15582,2025-10-07,CUST-011,Cap,  Injection Molding  ,TR-002-PP-24410,WO-8330,2540512020833043,IM-002,4910,0.0553,271.52
SO-15583,2025-10-07,CUST-008,Cap,Injection Molding,TR-002-PP-24410,WO-8331,2540522020833144,IM-002,3272,0.0552,180.61
SO-15584,2025-10-11,CUST-008,Cap,Injection Molding,TR-002-PP-24410,WO-8332,2540612020833245,IM-002,3981,0.0433,172.38
SO-15585,2025-10-12,CUST-009,Cap,Injection Molding,TR-002-HDPE-24410,WO-8336,2541232020833649,IM-002,5939,0.0607,360.5
SO-15586,2025-10-14,CUST-001,Cap,Injection Molding,TR-002-HDPE-24410,WO-8337,2541222020833750,IM-002,2651,0.0711,188.49
SO-15587,2025-10-10,CUST-002,Cap,Injection Molding,TR-002-HDPE-24410,WO-8339,2541322020833952,IM-002,6367,0.0825,525.28
SO-15588,2025-10-12,CUST-007,Cap,Injection Molding,TR-002-PETG-24410,WO-8340,2541412020834053,IM-002,3701,0.0283,104.74
SO-15589,2025-10-21,CUST-005,Cap,Injection Molding,TR-002-PP-24410,WO-8342,2541512020834255,IM-002,4220,0.0494,208.47
SO-15590,2025-10-14,CUST-003,Cap,Injection Molding,TR-002-PP-24410,WO-8343,2541532020834356,IM-002,5230,0.0566,296.02
SO-15591,2025-10-15,CUST-013,Cap,Injection Molding,TR-002-PETG-24410,WO-8344,2541612020834457,IM-002,4914,0.0411,201.97
SO-15592,2025-10-23,CUST-005,Cap,Injection Molding,TR-002-PP-24410,WO-8345,2541732020834558,IM-002,7065,0.0662,467.7
SO-15593,2025-10-25,CUST-009,Cap,Injection Molding,TR-002-PETG-24410,WO-8348,2542232020834861,IM-002,6650,0.0496,329.84
SO-15594,2025-10-25,CUST-008,Cap,Injection Molding,TR-002-PETG-24410,WO-8350,2542312020835063,IM-002,5097,0.0778,396.55
SO-15595,2025-10-23,CUST-008,Cap,Injection Molding,TR-002-PETG-24410,WO-8351,2542432020835164,IM-002,6117,0.0489,299.12
SO-15596,2025-10-25,CUST-005,Cap,Injection Molding,TR-002-PETG-24410,WO-8352,2542412020835265,IM-002,10011,0.077,770.85
SO-15597,2025-10-27,CUST-009,Cap,Injection Molding,TR-002-HDPE-24410,WO-8353,2542512020835366,IM-002,6118,0.0272,166.41
SO-15598,2025-10-27,CUST-010,Cap,Injection Molding,TR-002-PP-PCR-24410,WO-8355,2542612020835568,IM-002,4189,0.0591,247.57
SO-15599,2025-10-23,CUST-014,Cap,Injection Molding,TR-002-PETG-24410,WO-8356,2542732020835669,IM-002,2584,0.0629,162.53
SO-15600,2025-10-28,CUST-007,Cap,Injection Molding,TR-002-PETG-24410,WO-8357,2542712020835770,IM-002,1324,0.0579,76.66
SO-15601,2025-10-24,CUST-007,Cap,Injection Molding,TR-002-PP-PCR-24410,WO-8358,2542732020835871,IM-002,4102,0.0626,256.79
SO-15602,2025-10-24,CUST-005,Cap,Injection Molding,TR-002-PP-PCR-24410,WO-8359,2543112020835972,IM-002,3229,0.041,132.39
SO-15603,2025-10-24,CUST-004,Cap,Injection Molding,TR-002-PP-PCR-24410,WO-8360,2543122020836073,IM-002,8876,0.023,204.15
SO-15604,2025-11-01,CUST-012,Cap,Injection Molding,TR-002-PP-24410,WO-8367,2543622020836780,IM-002,7050,0.0319,224.89
SO-15605,2025-11-03,CUST-012,Cap,Injection Molding,TR-002-PP-24410,WO-8368,2543722020836881,IM-002,6624,0.0761,504.09
SO-15606,2025-11-08,CUST-009,Cap,  Injection Molding  ,TR-002-HDPE-24410,WO-8370,2544132020837083,IM-002,6726,0.0407,273.75
SO-15607,2025-11-02,CUST-002,Cap,Injection Molding,TR-002-HDPE-24410,WO-8371,2544222020837184,IM-002,5861,0.0883,517.53
SO-15608,2025-11-02,CUST-011,Cap,Injection Molding,TR-002-PETG-24410,WO-8376,2544522020837689,IM-002,6172,0.047,290.08
SO-15609,2025-11-11,CUST-011,Cap,Injection Molding,TR-002-PP-PCR-24410,WO-8377,2544612020837790,IM-002,3663,0.0569,208.42
SO-15610,2025-11-13,CUST-012,Cap,Injection Molding,TR-002-PP-24410,WO-8378,2544622020837891,IM-002,3882,0.0868,336.96
SO-15611,2025-11-12,CUST-003,Cap,Injection Molding,TR-002-PP-24410,WO-8382,2545122020838295,IM-002,3579,0.0734,262.7
SO-15612,2025-11-07,CUST-008,Cap,Injection Molding,TR-002-PP-24410,WO-8383,2545232020838396,IM-002,5649,0.0658,371.7
SO-15613,2025-11-10,CUST-012,Cap,Injection Molding,TR-002-PP-PCR-24410,WO-8384,2545222020838497,IM-002,7436,0.0291,216.39
SO-15614,2025-11-12,CUST-004,Cap,Injection Molding,TR-002-PETG-24410,WO-8388,2545432020838802,IM-002,3143,0.0873,274.38
SO-15615,2025-11-17,CUST-012,Cap,Injection Molding,TR-002-PETG-24410,WO-8389,2545522020838903,IM-002,1236,0.0574,70.95
SO-15616,2025-11-18,CUST-008,Cap,Injection Molding,TR-002-PETG-24410,WO-8390,2545612020839004,IM-002,4694,0.0871,408.85
SO-15617,2025-11-19,CUST-014,Cap,Injection Molding,TR-002-PETG-24410,WO-8391,2545632020839105,IM-002,7628,0.0563,429.46
SO-15618,2025-11-12,CUST-001,Cap,Injection Molding,TR-002-PP-24410,WO-8392,2545722020839206,IM-002,5795,0.0806,467.08
SO-15619,2025-11-15,CUST-002,Cap,Injection Molding,TR-002-PP-PCR-24410,WO-8393,2546132020839307,IM-002,2800,0.0544,152.32
SO-15620,2025-11-13,CUST-008,Cap,Injection Molding,TR-002-PP-24410,WO-8395,2546212020839509,IM-002,3362,0.0372,125.07
SO-15621,2025-11-20,CUST-009,Cap,Injection Molding,TR-002-PP-24410,WO-8396,2546222020839610,IM-002,8228,0.07,575.96
SO-15622,2025-11-24,CUST-008,Cap,Injection Molding,TR-002-HDPE-24410,WO-8398,2546432020839812,IM-002,2931,0.0382,111.96
SO-15623,2025-11-17,CUST-013,Cap,Injection Molding,TR-002-HDPE-24410,WO-8399,2546422020839913,IM-002,5367,0.0355,190.53
SO-15624,2025-11-16,CUST-008,Cap,Injection Molding,TR-002-HDPE-24410,WO-8400,2546532020840014,IM-002,3228,0.0833,268.89
SO-15625,2025-11-25,CUST-002,Cap,Injection Molding,TR-002-PETG-24410,WO-8404,2546722020840418,IM-002,6987,0.0583,407.34
SO-15626,2025-11-24,CUST-014,Cap,Injection Molding,TR-002-PETG-24410,WO-8405,2547112020840519,IM-002,4336,0.0577,250.19
SO-15627,2025-11-22,CUST-007,Cap,Injection Molding,TR-002-PP-24410,WO-8406,2547132020840620,IM-002,8443,0.0589,497.29
SO-15628,2025-11-30,CUST-006,Cap,Injection Molding,TR-002-PP-24410,WO-8407,2547222020840721,IM-002,6521,0.0789,514.51
SO-15629,2025-11-29,CUST-012,Cap,Injection Molding,TR-002-PP-24410,WO-8408,2547322020840822,IM-002,7953,0.0716,569.43
SO-15630,2025-11-21,CUST-010,Cap,Injection Molding,TR-002-PETG-24410,WO-8409,2547432020840923,IM-002,9377,0.0219,205.36
SO-15631,2025-11-28,CUST-001,Cap,Injection Molding,TR-002-PETG-24410,WO-8410,2547422020841024,IM-002,7154,0.0297,212.47
SO-15632,2025-11-30,CUST-009,Cap,Injection Molding,TR-002-PETG-24410,WO-8411,2547512020841125,IM-002,6006,0.0594,356.76
SO-15633,2025-11-25,CUST-010,Cap,Injection Molding,TR-002-PP-24410,WO-8412,2547612020841226,IM-002,5936,0.0221,131.19
SO-15634,2025-11-26,CUST-010,Cap,injection molding,TR-002-PP-24410,WO-8413,2547622020841327,IM-002,8896,0.0662,588.92
SO-15635,2025-12-02,CUST-014,Cap,Injection Molding,TR-002-PP-24410,WO-8414,2547712020841428,IM-002,10616,0.0276,293.0
SO-15636,2025-12-05,CUST-012,Cap,Injection Molding,TR-002-PP-PCR-24410,WO-8416,2548122020841630,IM-002,2224,0.0295,65.61
SO-15637,2025-12-06,CUST-006,Cap,Injection Molding,TR-002-PETG-24410,WO-8417,2548212020841731,IM-002,3270,0.0771,252.12
SO-15638,2025-12-05,CUST-003,Cap,Injection Molding,TR-002-PETG-24410,WO-8418,2548222020841832,IM-002,7171,0.076,545.0
SO-15639,2025-11-27,CUST-005,Cap,Injection Molding,TR-002-PETG-24410,WO-8419,2548312020841933,IM-002,2712,0.0635,172.21
SO-15640,2025-12-02,CUST-007,Cap,Injection Molding,TR-002-PETG-24410,WO-8420,2548432020842034,IM-002,1346,0.0375,50.48
SO-15641,2025-12-06,CUST-001,Cap,Injection Molding,TR-002-PETG-24410,WO-8421,2548422020842135,IM-002,14154,0.0455,644.01
SO-15642,2025-12-04,CUST-011,Cap,Injection Molding,TR-002-PETG-24410,WO-8422,2548522020842236,IM-002,7847,0.0252,197.74
SO-15643,2025-12-11,CUST-003,Cap,injection molding,TR-002-PETG-24410,WO-8423,2548612020842337,IM-002,9883,0.086,849.94
SO-15644,2025-12-02,CUST-014,Cap,Injection Molding,TR-002-PETG-24410,WO-8424,2548732020842438,IM-002,12993,0.0882,1145.98
SO-15645,2025-12-08,CUST-002,Cap,Injection Molding,TR-002-PETG-24410,WO-8425,2549132020842539,IM-002,2706,0.0594,160.74
SO-15646,2025-12-05,CUST-012,Cap,Injection Molding,TR-002-PETG-24410,WO-8426,2549122020842640,IM-002,6885,0.0822,565.95
SO-15647,2025-12-12,CUST-013,Cap,Injection Molding,TR-002-PP-24410,WO-8427,2549212020842741,IM-002,5971,0.0388,231.67
SO-15648,2025-12-05,CUST-006,Cap,Injection Molding,TR-002-HDPE-24410,WO-8428,2549232020842842,IM-002,5266,0.052,273.83
SO-15649,2025-12-13,CUST-008,Cap,Injection Molding,TR-002-PP-PCR-24410,WO-8429,2549312020842943,IM-002,5231,0.0896,468.7
SO-15650,2025-12-06,CUST-006,Cap,Injection Molding,TR-002-PP-PCR-24410,WO-8430,2549432020843044,IM-002,15717,0.0877,1378.38
SO-15651,2025-12-06,CUST-007,Cap,Injection Molding,TR-002-PETG-24410,WO-8431,2549532020843145,IM-002,4782,0.0866,414.12
SO-15652,2025-12-11,CUST-001,Cap,Injection Molding,TR-002-PETG-24410,WO-8432,2549522020843246,IM-002,3506,0.0359,125.87
SO-15653,2025-12-16,CUST-002,Cap,Injection Molding,TR-002-HDPE-24410,WO-8433,2549622020843347,IM-002,8163,0.0583,475.9
SO-15654,2025-12-18,CUST-011,Cap,Injection Molding,TR-002-PP-PCR-24410,WO-8435,2550132020843549,IM-002,4713,0.0264,124.42
SO-15655,2025-12-19,CUST-013,Cap,Injection Molding,TR-002-HDPE-24410,WO-8442,2550632020844256,IM-002,6841,0.0617,422.09
SO-15656,2025-12-22,CUST-002,Cap,Injection Molding,TR-002-PETG-24410,WO-8444,2550712020844458,IM-002,6914,0.0453,313.2
SO-15657,2025-12-18,CUST-002,Cap,Injection Molding,TR-002-PETG-24410,WO-8445,2551112020844559,IM-002,3087,0.0389,120.08
SO-15658,2025-12-27,CUST-011,Cap,Injection Molding,TR-002-HDPE-24410,WO-8446,2551232020844660,IM-002,4197,0.0667,279.94
SO-15659,2025-12-19,CUST-007,Cap,Injection Molding,TR-002-HDPE-24410,WO-8447,2551222020844761,IM-002,3580,0.0666,238.43
SO-15660,2025-12-24,CUST-008,Cap,Injection Molding,TR-002-PP-24410,WO-8448,2551312020844862,IM-002,5391,0.0256,138.01
SO-15661,2025-12-27,CUST-012,Cap,Injection Molding,TR-002-PP-24410,WO-8449,2551322020844963,IM-002,4304,0.0554,238.44
SO-15662,2025-12-22,CUST-013,Cap,Injection Molding,TR-002-PP-24410,WO-8450,2551412020845064,IM-002,4600,0.0243,111.78
SO-15663,2025-12-29,CUST-001,Cap,Injection Molding,TR-002-PP-24410,WO-8451,2551532020845165,IM-002,7362,0.0253,186.26
SO-15664,2025-12-27,CUST-012,Cap,Injection Molding,TR-002-PETG-24410,WO-8452,2551522020845266,IM-002,8012,0.0357,286.03
SO-15665,2025-12-24,CUST-003,Cap,Injection Molding,TR-002-PETG-24410,WO-8453,2551622020845367,IM-002,3311,0.0653,216.21
SO-15666,2025-12-23,CUST-005,Cap,Injection Molding,TR-002-PETG-24410,WO-8454,2551732020845468,IM-002,8500,0.0317,269.45
SO-15667,2025-12-28,CUST-011,Cap,Injection Molding,TR-002-PETG-24410,WO-8455,2551722020845569,IM-002,4124,0.0714,294.45
SO-15668,2025-12-28,CUST-014,Cap,Injection Molding,TR-002-PP-PCR-24410,WO-8456,2552132020845670,IM-002,5980,0.0326,194.95
SO-15669,2025-12-30,CUST-012,Cap,Injection Molding,TR-002-PP-PCR-24410,WO-8457,2552122020845771,IM-002,6381,0.0276,176.12
SO-15670,2025-12-24,CUST-010,Cap,Injection Molding,TR-002-PETG-24410,WO-8458,2552212020845872,IM-002,4425,0.0746,330.11
SO-15671,2025-12-27,CUST-007,Cap,Injection Molding,TR-002-PETG-24410,WO-8459,2552232020845973,IM-002,4535,0.0829,375.95
SO-15672,2025-12-30,CUST-008,Cap,Injection Molding,TR-002-PETG-24410,WO-8460,2552312020846074,IM-002,5628,0.0686,386.08
SO-15673,2025-12-27,CUST-011,Cap,Injection Molding,TR-002-HDPE-24410,WO-8461,2552322020846175,IM-002,9146,0.0747,683.21
SO-15674,2026-01-03,CUST-014,Cap,Injection Molding,TR-002-PP-24410,WO-8462,2552422020846276,IM-002,7982,0.0735,586.68
SO-15675,2026-01-06,CUST-003,Cap,Injection Molding,TR-002-PP-24410,WO-8463,2552522020846377,IM-002,6466,0.0571,369.21
SO-15676,2026-01-07,CUST-001,Cap,Injection Molding,TR-002-PP-24410,WO-8464,2552632020846478,IM-002,9437,0.0838,790.82
SO-15677,2025-12-31,CUST-008,Cap,Injection Molding,TR-002-HDPE-24410,WO-8465,2552622020846579,IM-002,6205,0.0876,543.56
SO-15678,2026-01-04,CUST-011,Cap,Injection Molding,TR-002-PP-24410,WO-8466,2552722020846680,IM-002,5706,0.0459,261.91
SO-15679,2026-01-01,CUST-006,Cap,Injection Molding,TR-002-PP-24410,WO-8467,2501132020846781,IM-002,6168,0.0866,534.15
SO-15680,2026-01-10,CUST-004,Cap,Injection Molding,TR-002-PP-24410,WO-8468,2501122020846882,IM-002,6552,0.0212,138.9
SO-15681,2025-12-31,CUST-003,Cap,Injection Molding,TR-002-PP-PCR-24410,WO-8469,2501212020846983,IM-002,9783,0.0526,514.59
SO-15682,2026-01-09,CUST-011,Cap,INJECTION MOLDING,TR-002-PP-PCR-24410,WO-8470,2501332020847084,IM-002,4335,0.0613,265.74
SO-15683,2026-01-05,CUST-003,Cap,Injection Molding,TR-002-PP-PCR-24410,WO-8471,2501322020847185,IM-002,5196,0.0368,191.21
SO-15684,2026-01-08,CUST-009,Cap,Injection Molding,TR-002-PETG-24410,WO-8472,2601412020847286,IM-002,3814,0.0308,117.47
SO-15685,2026-01-08,CUST-001,Cap,Injection Molding,TR-002-PP-PCR-24410,WO-8476,2601732020847690,IM-002,4562,0.0532,242.7
SO-15686,2026-01-09,CUST-010,Cap,Injection Molding,TR-002-PP-24410,WO-8477,2601712020847791,IM-002,9047,0.0863,780.76
SO-15687,2026-01-09,CUST-003,Cap,Injection Molding,TR-002-PP-24410,WO-8478,2602132020847892,IM-002,6474,0.0558,361.25
SO-15688,2026-01-16,CUST-012,Cap,INJECTION MOLDING,TR-002-HDPE-24410,WO-8480,2602212020848094,IM-002,5535,0.0455,251.84
SO-15689,2026-01-16,CUST-002,Cap,Injection Molding,TR-002-HDPE-24410,WO-8481,2602332020848195,IM-002,7173,0.0636,456.2
SO-15690,2026-01-13,CUST-013,Cap,Injection Molding,TR-002-PP-PCR-24410,WO-8482,2602322020848296,IM-002,4204,0.0621,261.07
SO-15691,2026-01-13,CUST-012,Cap,Injection Molding,TR-002-PP-PCR-24410,WO-8483,2602412020848397,IM-002,6396,0.0439,280.78
SO-15692,2026-01-15,CUST-012,Cap,injection molding,TR-002-HDPE-24410,WO-8487,2602712020848702,IM-002,3558,0.0507,180.39
SO-15693,2026-01-16,CUST-014,Cap,Injection Molding,TR-002-PETG-24410,WO-8490,2603212020849005,IM-002,3540,0.0235,83.19
SO-15694,2026-01-23,CUST-005,Cap,  Injection Molding  ,TR-002-PETG-24410,WO-8491,2603332020849106,IM-002,4535,0.0832,377.31
SO-15695,2026-01-20,CUST-011,Cap,Injection Molding,TR-002-HDPE-24410,WO-8492,2603332020849207,IM-002,10017,0.025,250.43
SO-15696,2026-01-22,CUST-008,Cap,Injection Molding,TR-002-HDPE-24410,WO-8493,2603412020849308,IM-002,6876,0.0512,352.05
SO-15697,2026-01-20,CUST-003,Cap,Injection Molding,TR-002-PP-PCR-24410,WO-8496,2603612020849611,IM-002,8928,0.0852,760.67
SO-15698,2026-01-20,CUST-005,Cap,Injection Molding,TR-002-PP-PCR-24410,WO-8497,2603712020849712,IM-002,4525,0.025,113.12
SO-15699,2026-01-25,CUST-007,Cap,Injection Molding,TR-002-PETG-24410,WO-8498,2603732020849813,IM-002,15301,0.0656,1003.75
SO-15700,2026-01-26,CUST-011,Cap,Injection Molding,TR-002-PETG-24410,WO-8499,2604122020849914,IM-002,755,0.0352,26.58
SO-15701,2026-01-24,CUST-013,Cap,Injection Molding,TR-002-PETG-24410,WO-8502,2604332020850217,IM-002,6067,0.0426,258.45
SO-15702,2026-01-27,CUST-012,Cap,Injection Molding,TR-002-PETG-24410,WO-8503,2604412020850318,IM-002,9867,0.0377,371.99
SO-15703,2026-01-30,CUST-014,Cap,Injection Molding,TR-002-PETG-24410,WO-8504,2604532020850419,IM-002,4946,0.069,341.27
SO-15704,2026-02-01,CUST-001,Cap,  Injection Molding  ,TR-002-HDPE-24410,WO-8505,2604512020850520,IM-002,4552,0.0244,111.07
SO-15705,2026-02-01,CUST-001,Cap,Injection Molding,TR-002-HDPE-24410,WO-8506,2604632020850621,IM-002,5718,0.0891,509.47
SO-15706,2026-02-03,CUST-001,Cap,Injection Molding,TR-002-PP-24410,WO-8507,2604622020850722,IM-002,3872,0.025,96.8
SO-15707,2026-02-02,CUST-007,Cap,Injection Molding,TR-002-HDPE-24410,WO-8508,2604722020850823,IM-002,5175,0.0206,106.61
SO-15708,2026-01-30,CUST-009,Cap,injection molding,TR-002-HDPE-24410,WO-8509,2605132020850924,IM-002,3638,0.0373,135.7
SO-15709,2026-01-30,CUST-013,Cap,Injection Molding,TR-002-PETG-24410,WO-8511,2605212020851126,IM-002,7815,0.0874,683.03
SO-15710,2026-01-30,CUST-010,Cap,Injection Molding,TR-002-PETG-24410,WO-8512,2605322020851227,IM-002,7291,0.0245,178.63
SO-15711,2026-02-06,CUST-006,Cap,Injection Molding,TR-002-PP-PCR-24410,WO-8514,2605422020851429,IM-002,3019,0.0358,108.08
SO-15712,2026-02-10,CUST-001,Cap,Injection Molding,TR-002-PETG-24410,WO-8515,2605532020851530,IM-002,7716,0.0896,691.35
SO-15713,2026-02-02,CUST-006,Cap,Injection Molding,TR-002-PETG-24410,WO-8516,2605522020851631,IM-002,3199,0.0442,141.4
SO-15714,2026-02-05,CUST-011,Cap,  Injection Molding  ,TR-002-PP-24410,WO-8517,2605632020851732,IM-002,4180,0.0482,201.48
SO-15715,2026-02-07,CUST-011,Cap,Injection Molding,TR-002-PP-PCR-24410,WO-8520,2605732020852035,IM-002,10698,0.0663,709.28
SO-15716,2026-02-10,CUST-007,Cap,Injection Molding,TR-002-PETG-24410,WO-8524,2606322020852439,IM-002,5090,0.0218,110.96
SO-15717,2026-02-17,CUST-011,Cap,Injection Molding,TR-002-PETG-24410,WO-8525,2606412020852540,IM-002,9170,0.078,715.26
SO-15718,2026-02-08,CUST-001,Cap,Injection Molding,TR-002-PETG-24410,WO-8528,2606612020852843,IM-002,7095,0.0689,488.85
SO-15719,2026-02-18,CUST-014,Cap,Injection Molding,TR-002-PETG-24410,WO-8529,2606622020852944,IM-002,6298,0.0881,554.85
SO-15720,2026-02-11,CUST-010,Cap,Injection Molding,TR-002-PP-24410,WO-8530,2606712020853045,IM-002,6364,0.0479,304.84
SO-15721,2026-02-12,CUST-014,Cap,Injection Molding,TR-002-PP-24410,WO-8531,2606722020853146,IM-002,6280,0.0896,562.69
SO-15722,2026-02-17,CUST-010,Cap,Injection Molding,TR-002-PP-24410,WO-8532,2607112020853247,IM-002,6874,0.0278,191.1
SO-15723,2026-02-20,CUST-011,Cap,Injection Molding,TR-002-PP-24410,WO-8534,2607212020853449,IM-002,7860,0.0365,286.89
SO-15724,2026-02-18,CUST-008,Cap,Injection Molding,TR-002-HDPE-24410,WO-8535,2607312020853550,IM-002,2725,0.0474,129.16
SO-15725,2026-02-20,CUST-002,Cap,Injection Molding,TR-002-HDPE-24410,WO-8536,2607332020853651,IM-002,6478,0.0255,165.19
SO-15726,2026-02-16,CUST-004,Cap,Injection Molding,TR-002-PP-24410,WO-8537,2607412020853752,IM-002,10977,0.0847,929.75
SO-15727,2026-02-25,CUST-005,Cap,Injection Molding,TR-002-PP-PCR-24410,WO-8540,2607622020854055,IM-002,4568,0.086,392.85
SO-15728,2026-02-17,CUST-013,Cap,Injection Molding,TR-002-PP-PCR-24410,WO-8541,2607712020854156,IM-002,7167,0.0585,419.27
SO-15729,2026-02-24,CUST-007,Cap,Injection Molding,TR-002-HDPE-24410,WO-8542,2608112020854257,IM-002,5659,0.0828,468.57
SO-15730,2026-02-24,CUST-012,Cap,Injection Molding,TR-002-HDPE-24410,WO-8543,2608232020854358,IM-002,5891,0.0533,313.99
SO-15731,2026-03-01,CUST-013,Cap,  Injection Molding  ,TR-002-HDPE-24410,WO-8545,2608322020854560,IM-002,4038,0.0729,294.37
SO-15732,2026-02-27,CUST-004,Cap,Injection Molding,TR-002-PP-24410,WO-8546,2608412020854661,IM-002,8082,0.0348,281.25
SO-15733,2026-02-24,CUST-005,Cap,Injection Molding,TR-002-PP-24410,WO-8547,2608512020854762,IM-002,9480,0.0744,705.31
SO-15734,2026-03-03,CUST-003,Cap,Injection Molding,TR-002-PETG-24410,WO-8548,2608632020854863,IM-002,5964,0.049,292.24
SO-15735,2026-02-26,CUST-007,Cap,Injection Molding,TR-002-PP-24410,WO-8549,2608732020854964,IM-002,1641,0.0893,146.54
SO-15736,2026-02-28,CUST-013,Cap,Injection Molding,TR-002-PP-24410,WO-8552,2609122020855267,IM-002,7642,0.0875,668.67
SO-15737,2026-03-05,CUST-012,Cap,Injection Molding,TR-002-PP-24410,WO-8553,2609212020855368,IM-002,2209,0.0889,196.38
SO-15738,2026-02-27,CUST-012,Cap,Injection Molding,TR-002-PP-PCR-24410,WO-8555,2609322020855570,IM-002,8744,0.0339,296.42
SO-15739,2026-03-08,CUST-007,Cap,INJECTION MOLDING,TR-002-PP-PCR-24410,WO-8556,2609412020855671,IM-002,10407,0.0809,841.93
SO-15740,2026-03-08,CUST-007,Cap,INJECTION MOLDING,TR-002-PETG-24410,WO-8560,2609732020856075,IM-002,4055,0.0325,131.79
SO-15741,2026-03-10,CUST-003,Cap,Injection Molding,TR-002-PP-24410,WO-8564,2610222020856479,IM-002,8639,0.0388,335.19
SO-15742,2026-03-12,CUST-014,Cap,injection molding,TR-002-PP-24410,WO-8565,2610322020856580,IM-002,6471,0.0838,542.27
SO-15743,2026-03-13,CUST-003,Cap,Injection Molding,TR-002-PP-PCR-24410,WO-8566,2610432020856681,IM-002,11661,0.0212,247.21
SO-15744,2026-03-11,CUST-005,Cap,Injection Molding,TR-002-PP-PCR-24410,WO-8567,2610432020856782,IM-002,6674,0.0514,343.04
SO-15745,2026-03-17,CUST-005,Cap,Injection Molding,TR-002-HDPE-24410,WO-8569,2610622020856984,IM-002,3452,0.0878,303.09
SO-15746,2026-03-11,CUST-009,Cap,Injection Molding,TR-002-PP-24410,WO-8570,2610712020857085,IM-002,8280,0.0608,503.42
SO-15747,2026-03-16,CUST-008,Cap,Injection Molding,TR-002-PETG-24410,WO-8571,2611132020857186,IM-002,9363,0.0534,499.98
SO-15748,2026-03-12,CUST-012,Cap,Injection Molding,TR-002-PETG-24410,WO-8572,2611122020857287,IM-002,7044,0.06,422.64
SO-15749,2026-03-18,CUST-002,Cap,Injection Molding,TR-002-PP-24410,WO-8573,2611212020857388,IM-002,3497,0.0568,198.63
SO-15750,2026-03-13,CUST-013,Cap,INJECTION MOLDING,TR-002-PP-24410,WO-8574,2611332020857489,IM-002,4312,0.0681,293.65
SO-15751,2026-03-21,CUST-009,Cap,Injection Molding,TR-002-PP-24410,WO-8575,2611322020857590,IM-002,9375,0.0805,754.69
SO-15752,2026-03-24,CUST-009,Cap,Injection Molding,TR-002-PETG-24410,WO-8576,2611422020857691,IM-002,3564,0.0575,204.93
SO-15753,2026-03-23,CUST-010,Cap,Injection Molding,TR-002-PP-PCR-24410,WO-8578,2611532020857893,IM-002,4653,0.0794,369.45
SO-15754,2026-03-24,CUST-008,Cap,Injection Molding,TR-002-PETG-24410,WO-8579,2611622020857994,IM-002,9139,0.0735,671.72
SO-15755,2026-03-18,CUST-009,Cap,Injection Molding,TR-002-PETG-24410,WO-8580,2611712020858095,IM-002,6944,0.0352,244.43
SO-15756,2026-03-23,CUST-002,Cap,Injection Molding,TR-002-PP-24410,WO-8581,2612132020858196,IM-002,11330,0.0786,890.54
SO-15757,2026-03-20,CUST-012,Cap,Injection Molding,TR-002-PP-24410,WO-8582,2612232020858297,IM-002,5567,0.0366,203.75
SO-15758,2026-03-27,CUST-013,Cap,Injection Molding,TR-002-PP-24410,WO-8583,2612222020858398,IM-002,5871,0.0224,131.51
SO-15759,2026-03-21,CUST-008,Cap,Injection Molding,TR-002-PP-24410,WO-8584,2612312020858499,IM-002,10702,0.0274,293.23
SO-15760,2026-03-26,CUST-003,Cap,Injection Molding,TR-002-PP-PCR-24410,WO-8585,2612432020858501,IM-002,5894,0.0737,434.39
SO-15761,2026-03-30,CUST-008,Cap,Injection Molding,TR-002-PP-PCR-24410,WO-8586,2612532020858602,IM-002,2376,0.0784,186.28
SO-15762,2026-03-31,CUST-006,Cap,Injection Molding,TR-002-PP-PCR-24410,WO-8587,2612512020858703,IM-002,7364,0.053,390.29
SO-15763,2026-03-24,CUST-014,Cap,Injection Molding,TR-002-PP-PCR-24410,WO-8588,2612522020858804,IM-002,5656,0.0458,259.04
SO-15764,2026-03-28,CUST-005,Cap,Injection Molding,TR-002-PP-PCR-24410,WO-8589,2612612020858905,IM-002,5502,0.0241,132.6
SO-15765,2026-04-02,CUST-014,Cap,Injection Molding,TR-002-PP-PCR-24410,WO-8590,2612732020859006,IM-002,5798,0.0254,147.27
SO-15766,2026-03-29,CUST-007,Cap,Injection Molding,TR-002-PP-PCR-24410,WO-8592,2613112020859208,IM-002,2461,0.0269,66.2
SO-15767,2026-03-30,CUST-006,Cap,Injection Molding,TR-002-HDPE-24410,WO-8598,2613512020859814,IM-002,4531,0.0443,200.72
SO-15768,2026-04-11,CUST-009,Cap,Injection Molding,TR-002-HDPE-24410,WO-8603,2614212020860319,IM-002,7038,0.0849,597.53
SO-15769,2026-04-08,CUST-009,Cap,Injection Molding,TR-002-PETG-24410,WO-8604,2614232020860420,IM-002,8436,0.0797,672.35
SO-15770,2026-04-04,CUST-003,Cap,Injection Molding,TR-002-HDPE-24410,WO-8607,2614422020860723,IM-002,8067,0.0503,405.77
SO-15771,2026-04-10,CUST-013,Cap,Injection Molding,TR-002-PP-24410,WO-8608,2614512020860824,IM-002,6354,0.057,362.18
SO-15772,2026-04-08,CUST-009,Cap,Injection Molding,TR-002-PETG-24410,WO-8609,2614612020860925,IM-002,6043,0.0566,342.03
SO-15773,2026-04-10,CUST-008,Cap,Injection Molding,TR-002-PP-24410,WO-8610,2614622020861026,IM-002,2804,0.0432,121.13
SO-15774,2026-04-15,CUST-004,Cap,Injection Molding,TR-002-PP-24410,WO-8611,2614712020861127,IM-002,2729,0.0523,142.73
SO-15775,2026-04-16,CUST-013,Cap,Injection Molding,TR-002-PP-24410,WO-8612,2614722020861228,IM-002,5998,0.0392,235.12
SO-15776,2026-04-14,CUST-014,Cap,Injection Molding,TR-002-PP-PCR-24410,WO-8613,2615112020861329,IM-002,4714,0.0698,329.04
SO-15777,2026-04-18,CUST-001,Cap,INJECTION MOLDING,TR-002-HDPE-24410,WO-8615,2615222020861531,IM-002,3075,0.0208,63.96
SO-15778,2026-04-14,CUST-010,Cap,Injection Molding,TR-002-HDPE-24410,WO-8616,2615312020861632,IM-002,5255,0.0701,368.38
SO-15779,2026-04-12,CUST-006,Cap,Injection Molding,TR-002-HDPE-24410,WO-8617,2615332020861733,IM-002,6144,0.0326,200.29
SO-15780,2026-04-19,CUST-010,Cap,Injection Molding,TR-002-HDPE-24410,WO-8621,2615622020862137,IM-002,5259,0.0807,424.4
SO-15781,2026-04-24,CUST-002,Cap,Injection Molding,TR-002-HDPE-24410,WO-8622,2615732020862238,IM-002,9018,0.0808,728.65
SO-15782,2026-04-19,CUST-005,Cap,Injection Molding,TR-002-HDPE-24410,WO-8623,2616132020862339,IM-002,10472,0.0505,528.84
SO-15783,2026-04-21,CUST-007,Cap,Injection Molding,TR-002-PP-24410,WO-8624,2616122020862440,IM-002,3066,0.0449,137.66
SO-15784,2026-04-20,CUST-010,Cap,Injection Molding,TR-002-HDPE-24410,WO-8626,2616332020862642,IM-002,2781,0.0289,80.37
SO-15785,2026-04-20,CUST-009,Cap,Injection Molding,TR-002-HDPE-24410,WO-8627,2616322020862743,IM-002,2751,0.086,236.59
SO-15786,2026-04-25,CUST-014,Cap,Injection Molding,TR-002-HDPE-24410,WO-8628,2616412020862844,IM-002,5566,0.032,178.11
SO-15787,2026-04-21,CUST-007,Cap,Injection Molding,TR-002-HDPE-24410,WO-8629,2616532020862945,IM-002,11287,0.0678,765.26
SO-15788,2026-04-24,CUST-011,Cap,Injection Molding,TR-002-PETG-24410,WO-8630,2616522020863046,IM-002,6535,0.0731,477.71
SO-15789,2026-04-23,CUST-003,Cap,Injection Molding,TR-002-HDPE-24410,WO-8631,2616612020863147,IM-002,8587,0.05,429.35
SO-15790,2026-04-23,CUST-003,Cap,Injection Molding,TR-002-HDPE-24410,WO-8632,2616632020863248,IM-002,5352,0.0365,195.35
SO-15791,2026-04-30,CUST-002,Cap,Injection Molding,TR-002-HDPE-24410,WO-8633,2616722020863349,IM-002,7930,0.0871,690.7
SO-15792,2026-04-23,CUST-005,Cap,Injection Molding,TR-002-HDPE-24410,WO-8635,2617232020863551,IM-002,4775,0.0244,116.51
SO-15793,2026-04-29,CUST-004,Cap,Injection Molding,TR-002-PETG-24410,WO-8636,2617212020863652,IM-002,3295,0.0806,265.58
SO-15794,2026-04-27,CUST-008,Cap,Injection Molding,TR-002-HDPE-24410,WO-8637,2617332020863753,IM-002,4548,0.0856,389.31
SO-15795,2026-04-26,CUST-006,Cap,Injection Molding,TR-002-PETG-24410,WO-8641,2617512020864157,IM-002,7330,0.0487,356.97
SO-15796,2026-04-28,CUST-010,Cap,  Injection Molding  ,TR-002-HDPE-24410,WO-8642,2617532020864258,IM-002,3101,0.0716,222.03
SO-15797,2026-05-05,CUST-007,Cap,Injection Molding,TR-002-HDPE-24410,WO-8645,2617722020864561,IM-002,9302,0.0863,802.76
SO-15798,2026-04-29,CUST-004,Cap,Injection Molding,TR-002-HDPE-24410,WO-8647,2618232020864763,IM-002,6025,0.0281,169.3
SO-15799,2026-05-08,CUST-006,Cap,Injection Molding,TR-002-PETG-24410,WO-8648,2618212020864864,IM-002,5888,0.0544,320.31
SO-15800,2026-05-08,CUST-003,Cap,Injection Molding,TR-002-PETG-24410,WO-8649,2618332020864965,IM-002,6664,0.0395,263.23
SO-15801,2026-05-09,CUST-012,Cap,Injection Molding,TR-002-PETG-24410,WO-8650,2618322020865066,IM-002,4162,0.0422,175.64
SO-15802,2026-05-12,CUST-004,Cap,Injection Molding,TR-002-PP-24410,WO-8651,2618412020865167,IM-002,4184,0.0418,174.89
SO-15803,2026-05-09,CUST-012,Cap,Injection Molding,TR-002-PP-24410,WO-8652,2618512020865268,IM-002,8732,0.0647,564.96
SO-15804,2026-05-05,CUST-007,Cap,Injection Molding,TR-002-PP-24410,WO-8653,2618522020865369,IM-002,8400,0.0403,338.52
SO-15805,2026-05-09,CUST-005,Cap,Injection Molding,TR-002-HDPE-24410,WO-8654,2618612020865470,IM-002,14439,0.088,1270.63
SO-15806,2026-05-09,CUST-001,Cap,Injection Molding,TR-002-PP-PCR-24410,WO-8655,2618712020865571,IM-002,13274,0.022,292.03
SO-15807,2026-05-13,CUST-002,Cap,Injection Molding,TR-002-PP-PCR-24410,WO-8656,2619132020865672,IM-002,4171,0.0281,117.21
SO-15808,2026-05-11,CUST-004,Cap,Injection Molding,TR-002-PP-24410,WO-8658,2619222020865874,IM-002,6051,0.0293,177.29
SO-15809,2026-05-16,CUST-014,Cap,Injection Molding,TR-002-PETG-24410,WO-8659,2619332020865975,IM-002,7819,0.0669,523.09
SO-15810,2026-05-10,CUST-005,Cap,Injection Molding,TR-002-PETG-24410,WO-8660,2619432020866076,IM-002,6040,0.0773,466.89
SO-15811,2026-05-09,CUST-003,Cap,Injection Molding,TR-002-HDPE-24410,WO-8661,2619422020866177,IM-002,7188,0.023,165.32
SO-15812,2026-05-10,CUST-010,Cap,Injection Molding,TR-002-HDPE-24410,WO-8662,2619522020866278,IM-002,7527,0.04,301.08
SO-15813,2026-05-21,CUST-002,Cap,Injection Molding,TR-002-PP-PCR-24410,WO-8663,2619612020866379,IM-002,3327,0.0649,215.92
SO-15814,2026-05-11,CUST-012,Cap,Injection Molding,TR-002-PP-PCR-24410,WO-8664,2619732020866480,IM-002,10527,0.0702,739.0
SO-15815,2026-05-20,CUST-009,Cap,Injection Molding,TR-002-PP-PCR-24410,WO-8665,2619732020866581,IM-002,7834,0.0671,525.66
SO-15816,2026-05-16,CUST-009,Cap,Injection Molding,TR-002-HDPE-24410,WO-8666,2620122020866682,IM-002,8364,0.0225,188.19
SO-15817,2026-05-16,CUST-006,Cap,Injection Molding,TR-002-PETG-24410,WO-8669,2620322020866985,IM-002,10902,0.0454,494.95
SO-15818,2026-05-21,CUST-005,Cap,Injection Molding,TR-002-PETG-24410,WO-8670,2620422020867086,IM-002,4108,0.0579,237.85
SO-15819,2026-05-27,CUST-014,Cap,  Injection Molding  ,TR-002-PETG-24410,WO-8671,2620532020867187,IM-002,10662,0.0632,673.84
SO-15820,2026-05-23,CUST-008,Cap,Injection Molding,TR-002-PP-PCR-24410,WO-8672,2620632020867288,IM-002,12149,0.0381,462.88
SO-15821,2026-05-27,CUST-009,Cap,  Injection Molding  ,TR-002-PP-PCR-24410,WO-8673,2620622020867389,IM-002,5758,0.0779,448.55
SO-15822,2026-05-24,CUST-014,Cap,Injection Molding,TR-002-PP-PCR-24410,WO-8674,2620722020867490,IM-002,6723,0.0257,172.78
SO-15823,2026-05-19,CUST-007,Cap,Injection Molding,TR-002-PETG-24410,WO-8675,2621132020867591,IM-002,3652,0.0764,279.01
SO-15824,2026-05-20,CUST-014,Cap,Injection Molding,TR-002-PETG-24410,WO-8676,2621122020867692,IM-002,7521,0.027,203.07
SO-15825,2026-05-21,CUST-011,Cap,Injection Molding,TR-002-HDPE-24410,WO-8677,2621232020867793,IM-002,4988,0.059,294.29
SO-15826,2026-05-31,CUST-006,Cap,Injection Molding,TR-002-HDPE-24410,WO-8678,2621222020867894,IM-002,8116,0.0653,529.97
SO-15827,2026-05-27,CUST-007,Cap,Injection Molding,TR-002-PP-24410,WO-8679,2621312020867995,IM-002,6496,0.0473,307.26
SO-15828,2026-05-26,CUST-002,Cap,Injection Molding,TR-002-PP-24410,WO-8683,2621632020868399,IM-002,7231,0.0634,458.45
SO-15829,2026-06-06,CUST-013,Cap,Injection Molding,TR-002-HDPE-24410,WO-8687,2622132020868704,IM-002,6595,0.0594,391.74
SO-15830,2026-05-28,CUST-013,Cap,Injection Molding,TR-002-PETG-24410,WO-8689,2622312020868906,IM-002,5217,0.0387,201.9
SO-15831,2026-06-06,CUST-009,Cap,Injection Molding,TR-002-PETG-24410,WO-8690,2622332020869007,IM-002,7240,0.0704,509.7
SO-15832,2026-06-02,CUST-007,Cap,Injection Molding,TR-002-PETG-24410,WO-8692,2622512020869209,IM-002,8141,0.0624,508.0
SO-15833,2026-06-05,CUST-013,Cap,Injection Molding,TR-002-PP-24410,WO-8693,2622612020869310,IM-002,4352,0.0558,242.84
SO-15834,2026-06-11,CUST-001,Cap,Injection Molding,TR-002-PP-24410,WO-8694,2622732020869411,IM-002,5665,0.0572,324.04
SO-15835,2026-06-03,CUST-008,Cap,Injection Molding,TR-002-PETG-24410,WO-8698,2623212020869815,IM-002,6060,0.0401,243.01
SO-15836,2026-06-09,CUST-007,Cap,Injection Molding,TR-002-PP-PCR-24410,WO-8708,2624132020870825,IM-002,9670,0.0777,751.36
SO-15837,2026-06-17,CUST-009,Cap,Injection Molding,TR-002-PP-PCR-24410,WO-8709,2624132020870926,IM-002,8940,0.0639,571.27
SO-15838,2026-06-19,CUST-014,Cap,  Injection Molding  ,TR-002-PP-PCR-24410,WO-8710,2624222020871027,IM-002,5747,0.0717,412.06
SO-15839,2026-06-19,CUST-011,Cap,Injection Molding,TR-002-PETG-24410,WO-8711,2624312020871128,IM-002,9649,0.0351,338.68
SO-15840,2026-06-21,CUST-002,Cap,Injection Molding,TR-002-PETG-24410,WO-8713,2624422020871330,IM-002,8940,0.0351,313.79
SO-15841,2026-06-25,CUST-003,Cap,Injection Molding,TR-002-PP-24410,WO-8716,2624612020871633,IM-002,3621,0.0582,210.74
SO-15842,2026-06-26,CUST-010,Cap,Injection Molding,TR-002-PETG-24410,WO-8718,2625132020871835,IM-002,4088,0.0408,166.79
SO-15843,2026-06-27,CUST-009,Cap,Injection Molding,TR-002-HDPE-24410,WO-8728,2625712020872845,IM-002,3003,0.0793,238.14
SO-15844,2026-06-27,CUST-002,Cap,Injection Molding,TR-002-HDPE-24410,WO-8729,2626132020872946,IM-002,5751,0.0596,342.76
SO-15845,2026-07-03,CUST-004,Cap,Injection Molding,TR-002-HDPE-24410,WO-8730,2626232020873047,IM-002,3217,0.076,244.49
SO-15846,2026-06-27,CUST-003,Cap,  Injection Molding  ,TR-002-PP-24410,WO-8732,2626332020873249,IM-002,6007,0.0545,327.38
SO-15847,2026-06-28,CUST-001,Cap,Injection Molding,TR-002-HDPE-24410,WO-8734,2626432020873451,IM-002,6598,0.028,184.74
SO-15848,2026-07-04,CUST-013,Cap,injection molding,TR-002-HDPE-24410,WO-8735,2626512020873552,IM-002,4868,0.083,404.04
SO-15849,2026-07-03,CUST-002,Cap,Injection Molding,TR-002-PETG-24410,WO-8736,2626532020873653,IM-002,6497,0.0267,173.47
SO-15850,2026-07-06,CUST-004,Cap,Injection Molding,TR-002-PP-PCR-24410,WO-8737,2626622020873754,IM-002,5683,0.0844,479.65
SO-15851,2026-07-08,CUST-014,Cap,Injection Molding,TR-002-PP-PCR-24410,WO-8738,2626712020873855,IM-002,4097,0.0469,192.15
SO-15852,2026-07-04,CUST-003,Cap,Injection Molding,TR-002-HDPE-24410,WO-8739,2627132020873956,IM-002,5481,0.0692,379.29
SO-15853,2026-07-09,CUST-014,Cap,injection molding,TR-002-HDPE-24410,WO-8740,2627122020874057,IM-002,2793,0.0791,220.93
SO-15854,2026-07-06,CUST-012,Cap,Injection Molding,TR-002-PETG-24410,WO-8741,2627232020874158,IM-002,5247,0.0334,175.25
SO-15855,2026-07-09,CUST-011,Cap,Injection Molding,TR-002-PP-24410,WO-8742,2627232020874259,IM-002,4482,0.0684,306.57
SO-15856,2026-07-07,CUST-004,Cap,Injection Molding,TR-002-PP-24410,WO-8743,2627332020874360,IM-002,8705,0.0812,706.85
SO-15857,2026-07-06,CUST-011,Cap,Injection Molding,TR-002-PP-PCR-24410,WO-8744,2627412020874461,IM-002,9101,0.0227,206.59
SO-15858,2026-07-10,CUST-006,Cap,Injection Molding,TR-002-PP-24410,WO-8748,2627732020874865,IM-002,7918,0.085,673.03
SO-15859,2026-07-17,CUST-004,Cap,injection molding,TR-002-PP-24410,WO-8749,2627732020874966,IM-002,3288,0.0664,218.32
SO-15860,2026-07-08,CUST-007,Cap,Injection Molding,TR-002-PETG-24410,WO-8750,2628112020875067,IM-002,4376,0.0533,233.24
SO-15861,2026-07-11,CUST-011,Cap,Injection Molding,TR-002-PETG-24410,WO-8752,2628332020875269,IM-002,2027,0.0663,134.39
SO-15862,2026-07-12,CUST-007,Cap,INJECTION MOLDING,TR-002-PP-24410,WO-8753,2628312020875370,IM-002,3512,0.0327,114.84
SO-15863,2026-07-13,CUST-009,Cap,  Injection Molding  ,TR-002-PP-PCR-24410,WO-8754,2628322020875471,IM-002,7288,0.0817,595.43
SO-15864,2026-07-15,CUST-002,Cap,Injection Molding,TR-002-HDPE-24410,WO-8755,2628422020875572,IM-002,5107,0.0509,259.95
SO-15865,2026-07-14,CUST-003,Cap,Injection Molding,TR-002-PP-PCR-24410,WO-8760,2628722020876077,IM-002,3994,0.0536,214.08
SO-15866,2026-07-25,CUST-005,Cap,Injection Molding,TR-002-PETG-24410,WO-8762,2629132020876279,IM-002,3336,0.052,173.47
SO-15867,2026-07-18,CUST-002,Cap,Injection Molding,TR-002-HDPE-24410,WO-8764,2629222020876481,IM-002,8631,0.0504,435.0
SO-15868,2026-07-21,CUST-003,Cap,Injection Molding,TR-002-HDPE-24410,WO-8765,2629312020876582,IM-002,3302,0.0274,90.47
SO-15869,2026-07-24,CUST-003,Cap,Injection Molding,TR-002-HDPE-24410,WO-8766,2629322020876683,IM-002,3316,0.0472,156.52
SO-15870,2026-07-29,CUST-014,Cap,Injection Molding,TR-002-PETG-24410,WO-8769,2629612020876986,IM-002,6929,0.0728,504.43
SO-15871,2026-07-27,CUST-004,Cap,Injection Molding,TR-002-PETG-24410,WO-8770,2629732020877087,IM-002,3210,0.0364,116.84
SO-15872,2026-07-26,CUST-001,Cap,Injection Molding,TR-002-PP-PCR-24410,WO-8771,2629712020877188,IM-002,6236,0.0813,506.99
SO-15873,2026-07-31,CUST-013,Cap,INJECTION MOLDING,TR-002-PP-24410,WO-8772,2630112020877289,IM-002,10179,0.0492,500.81
SO-15874,2026-07-26,CUST-013,Cap,Injection Molding,TR-002-PETG-24410,WO-8773,2630232020877390,IM-002,3791,0.0205,77.72
SO-15875,2026-08-02,CUST-008,Cap,Injection Molding,TR-002-PETG-24410,WO-8774,2630222020877491,IM-002,8810,0.0658,579.7
SO-15876,2026-07-31,CUST-008,Cap,Injection Molding,TR-002-PP-PCR-24410,WO-8775,2630332020877592,IM-002,9642,0.0456,439.68
SO-15877,2026-07-26,CUST-005,Cap,Injection Molding,TR-002-PP-PCR-24410,WO-8776,2630322020877693,IM-002,6236,0.0643,400.97
SO-15878,2026-08-02,CUST-005,Cap,Injection Molding,TR-002-PP-PCR-24410,WO-8777,2630422020877794,IM-002,5173,0.0499,258.13
SO-15879,2026-07-25,CUST-007,Cap,Injection Molding,TR-002-PP-PCR-24410,WO-8778,2630532020877895,IM-002,5699,0.0241,137.35
SO-15880,2026-07-31,CUST-003,Cap,Injection Molding,TR-002-PP-PCR-24410,WO-8779,2630522020877996,IM-002,5486,0.0506,277.59
SO-15881,2026-07-28,CUST-006,Cap,Injection Molding,TR-002-PP-PCR-24410,WO-8780,2630612020878097,IM-002,4038,0.079,319.0
SO-15882,2026-07-29,CUST-008,Cap,Injection Molding,TR-002-HDPE-24410,WO-8781,2630732020878198,IM-002,5077,0.0342,173.63
SO-15883,2026-08-07,CUST-001,Cap,  Injection Molding  ,TR-002-PP-24410,WO-8783,2631112020878301,IM-002,2777,0.0692,192.17
SO-15884,2026-08-02,CUST-005,Cap,injection molding,TR-002-PP-24410,WO-8784,2631132020878402,IM-002,7416,0.0793,588.09
SO-15885,2026-08-05,CUST-010,Cap,Injection Molding,TR-002-PP-24410,WO-8785,2631222020878503,IM-002,11029,0.0696,767.62
SO-15886,2026-08-01,CUST-009,Cap,Injection Molding,TR-002-PETG-24410,WO-8786,2631312020878604,IM-002,5734,0.0643,368.7
SO-15887,2026-08-06,CUST-004,Cap,Injection Molding,TR-002-PP-PCR-24410,WO-8790,2631532020879008,IM-002,4008,0.0346,138.68
SO-15888,2026-08-04,CUST-011,Cap,Injection Molding,TR-002-PP-PCR-24410,WO-8791,2631612020879109,IM-002,5338,0.0531,283.45
SO-15889,2026-08-09,CUST-006,Cap,Injection Molding,TR-002-PP-24410,WO-8795,2632122020879513,IM-002,5244,0.0314,164.66
SO-15890,2026-08-08,CUST-011,Cap,Injection Molding,TR-002-PP-24410,WO-8796,2632212020879614,IM-002,9139,0.0744,679.94
SO-15891,2026-08-10,CUST-006,Cap,Injection Molding,TR-002-PP-PCR-24410,WO-8797,2632332020879715,IM-002,7196,0.0406,292.16
SO-15892,2026-08-14,CUST-004,Cap,Injection Molding,TR-002-PP-PCR-24410,WO-8798,2632322020879816,IM-002,5905,0.0702,414.53
SO-15893,2026-08-13,CUST-010,Cap,Injection Molding,TR-002-PP-24410,WO-8800,2632422020880018,IM-002,3091,0.039,120.55
SO-15894,2026-08-17,CUST-013,Cap,Injection Molding,TR-002-PP-PCR-24410,WO-8801,2632512020880119,IM-002,1718,0.0412,70.78
SO-15895,2026-08-15,CUST-014,Cap,Injection Molding,TR-002-PETG-24410,WO-8802,2632632020880220,IM-002,6969,0.0719,501.07
SO-15896,2026-08-23,CUST-001,Cap,Injection Molding,TR-002-PETG-24410,WO-8809,2633432020880927,IM-002,7002,0.0242,169.45
SO-15897,2026-08-23,CUST-005,Cap,Injection Molding,TR-002-PP-24410,WO-8812,2633612020881230,IM-002,10434,0.0819,854.54
SO-15898,2026-08-18,CUST-010,Cap,Injection Molding,TR-002-PP-24410,WO-8814,2633712020881432,IM-002,6164,0.0234,144.24
SO-15899,2026-08-23,CUST-010,Cap,Injection Molding,TR-002-PETG-24410,WO-8815,2634112020881533,IM-002,5254,0.0278,146.06
SO-15900,2026-08-28,CUST-014,Cap,Injection Molding,TR-002-PETG-24410,WO-8816,2634122020881634,IM-002,3596,0.0317,113.99
SO-15901,2026-08-30,CUST-008,Cap,Injection Molding,TR-002-PP-PCR-24410,WO-8820,2634412020882038,IM-002,6194,0.0284,175.91
SO-15902,2026-08-27,CUST-002,Cap,INJECTION MOLDING,TR-002-PETG-24410,WO-8821,2634512020882139,IM-002,8062,0.0857,690.91
SO-15903,2026-09-02,CUST-013,Cap,Injection Molding,TR-002-PETG-24410,WO-8822,2634632020882240,IM-002,7819,0.0697,544.98
SO-15904,2026-08-26,CUST-004,Cap,Injection Molding,TR-002-HDPE-24410,WO-8825,2635112020882543,IM-002,4868,0.0326,158.7
SO-15905,2026-08-28,CUST-001,Cap,Injection Molding,TR-002-PP-PCR-24410,WO-8827,2635332020882745,IM-002,4329,0.0244,105.63
SO-15906,2026-09-07,CUST-005,Cap,  Injection Molding  ,TR-002-HDPE-24410,WO-8830,2635422020883048,IM-002,4519,0.0667,301.42
SO-15907,2026-08-30,CUST-007,Cap,Injection Molding,TR-002-HDPE-24410,WO-8832,2635522020883250,IM-002,7817,0.0205,160.25
SO-15908,2026-09-01,CUST-010,Cap,Injection Molding,TR-002-PETG-24410,WO-8833,2635612020883351,IM-002,6492,0.0356,231.12
SO-15909,2026-09-02,CUST-011,Cap,Injection Molding,TR-002-HDPE-24410,WO-8834,2635622020883452,IM-002,5161,0.088,454.17
SO-15910,2026-09-12,CUST-007,Cap,Injection Molding,TR-002-PETG-24410,WO-8837,2636122020883755,IM-002,2335,0.0865,201.98
SO-15911,2026-09-10,CUST-001,Cap,Injection Molding,TR-002-PETG-24410,WO-8838,2636212020883856,IM-002,5243,0.0206,108.01
SO-15912,2026-09-12,CUST-004,Cap,Injection Molding,TR-002-HDPE-24410,WO-8839,2636222020883957,IM-002,1196,0.062,74.15
SO-15913,2026-09-06,CUST-014,Cap,  Injection Molding  ,TR-002-PP-PCR-24410,WO-8840,2636312020884058,IM-002,3980,0.0345,137.31
SO-15914,2026-09-05,CUST-005,Cap,Injection Molding,TR-002-PP-PCR-24410,WO-8841,2636432020884159,IM-002,5869,0.0747,438.41
SO-15915,2026-09-07,CUST-002,Cap,Injection Molding,TR-002-PETG-24410,WO-8843,2636522020884361,IM-002,2684,0.0745,199.96
SO-15916,2026-09-09,CUST-007,Cap,Injection Molding,TR-002-PETG-24410,WO-8844,2636612020884462,IM-002,4951,0.0696,344.59
SO-15917,2026-09-11,CUST-007,Cap,Injection Molding,TR-002-HDPE-24410,WO-8846,2636722020884664,IM-002,4239,0.06,254.34
SO-15918,2026-09-10,CUST-013,Cap,Injection Molding,TR-002-HDPE-24410,WO-8847,2637122020884765,IM-002,10920,0.0405,442.26
SO-15919,2026-09-16,CUST-006,Cap,Injection Molding,TR-002-PETG-24410,WO-8848,2637212020884866,IM-002,10203,0.0292,297.93
SO-15920,2026-09-19,CUST-014,Cap,Injection Molding,TR-002-PETG-24410,WO-8849,2637332020884967,IM-002,6222,0.0363,225.86
SO-15921,2026-09-16,CUST-014,Cap,Injection Molding,TR-002-PP-PCR-24410,WO-8850,2637322020885068,IM-002,5928,0.0685,406.07
SO-15922,2026-09-18,CUST-008,Cap,Injection Molding,TR-002-PP-PCR-24410,WO-8851,2637432020885169,IM-002,8899,0.0268,238.49
SO-15923,2026-09-21,CUST-011,Cap,Injection Molding,TR-002-HDPE-24410,WO-8856,2637732020885674,IM-002,7117,0.0882,627.72
SO-15924,2026-09-17,CUST-007,Cap,Injection Molding,TR-002-PP-24410,WO-8859,2638122020885977,IM-002,2342,0.0503,117.8
SO-15925,2026-09-17,CUST-012,Cap,Injection Molding,TR-002-PETG-24410,WO-8860,2638132020886078,IM-002,4340,0.0311,134.97
SO-15926,2026-09-24,CUST-002,Cap,Injection Molding,TR-002-PETG-24410,WO-8861,2638212020886179,IM-002,6327,0.0627,396.7
SO-15927,2026-09-24,CUST-004,Cap,Injection Molding,TR-002-PP-PCR-24410,WO-8862,2638312020886280,IM-002,7328,0.0644,471.92
SO-15928,2026-09-20,CUST-008,Cap,Injection Molding,TR-002-PP-PCR-24410,WO-8863,2638322020886381,IM-002,3124,0.0372,116.21
SO-15929,2026-09-19,CUST-009,Cap,injection molding,TR-002-HDPE-24410,WO-8864,2638412020886482,IM-002,3816,0.0449,171.34
SO-15930,2026-09-20,CUST-014,Cap,Injection Molding,TR-002-HDPE-24410,WO-8866,2638522020886684,IM-002,9368,0.0265,248.25
SO-15931,2026-09-26,CUST-001,Cap,Injection Molding,TR-002-PP-24410,WO-8868,2638732020886886,IM-002,9148,0.0219,200.34
SO-15932,2026-09-29,CUST-007,Cap,injection molding,TR-002-PP-24410,WO-8869,2638722020886987,IM-002,3719,0.0647,240.62
SO-15933,2026-09-28,CUST-007,Cap,Injection Molding,TR-002-PP-PCR-24410,WO-8870,2639132020887088,IM-002,5375,0.0855,459.56
SO-15934,2026-09-30,CUST-011,Cap,Injection Molding,TR-002-PP-PCR-24410,WO-8871,2639122020887189,IM-002,12708,0.0589,748.5
SO-15935,2026-10-04,CUST-011,Cap,Injection Molding,TR-002-HDPE-24410,WO-8873,2639312020887391,IM-002,4083,0.0257,104.93
SO-15936,2026-09-28,CUST-006,Cap,Injection Molding,TR-002-HDPE-24410,WO-8874,2639322020887492,IM-002,6977,0.0526,366.99
SO-15937,2026-09-30,CUST-010,Cap,Injection Molding,TR-002-HDPE-24410,WO-8875,2639422020887593,IM-002,9100,0.0701,637.91
SO-15938,2026-10-09,CUST-013,Cap,injection molding,TR-002-HDPE-24410,WO-8881,2640232020888199,IM-002,2155,0.0605,130.38
SO-15939,2026-10-09,CUST-003,Cap,Injection Molding,TR-002-HDPE-24410,WO-8882,2640222020888201,IM-002,5992,0.0495,296.6
SO-15940,2026-10-07,CUST-006,Cap,Injection Molding,TR-002-HDPE-24410,WO-8883,2640312020888302,IM-002,2924,0.0372,108.77
SO-15941,2026-10-08,CUST-010,Cap,Injection Molding,TR-002-PP-24410,WO-8885,2640532020888504,IM-002,6309,0.0235,148.26
SO-15942,2026-10-13,CUST-006,Cap,Injection Molding,TR-002-HDPE-24410,WO-8886,2640522020888605,IM-002,9978,0.0616,614.64
SO-15943,2026-10-08,CUST-001,Cap,Injection Molding,TR-002-HDPE-24410,WO-8887,2640612020888706,IM-002,4655,0.0563,262.08
SO-15944,2026-10-09,CUST-014,Cap,Injection Molding,TR-002-HDPE-24410,WO-8888,2640732020888807,IM-002,4511,0.0509,229.61
SO-15945,2026-10-14,CUST-008,Cap,Injection Molding,TR-002-PP-PCR-24410,WO-8889,2640722020888908,IM-002,10468,0.0762,797.66
SO-15946,2026-10-07,CUST-013,Cap,Injection Molding,TR-002-PP-24410,WO-8890,2641112020889009,IM-002,4060,0.0731,296.79
SO-15947,2026-10-11,CUST-012,Cap,Injection Molding,TR-002-PP-24410,WO-8891,2641132020889110,IM-002,2999,0.0818,245.32
SO-15948,2026-10-09,CUST-007,Cap,Injection Molding,TR-002-HDPE-24410,WO-8892,2641212020889211,IM-002,7277,0.0797,579.98
SO-15949,2026-10-17,CUST-010,Cap,INJECTION MOLDING,TR-002-PP-24410,WO-8893,2641222020889312,IM-002,4828,0.0876,422.93
SO-15950,2026-10-19,CUST-008,Cap,Injection Molding,TR-002-PETG-24410,WO-8896,2641412020889615,IM-002,2933,0.026,76.26
SO-15951,2026-10-13,CUST-008,Cap,Injection Molding,TR-002-PP-24410,WO-8897,2641532020889716,IM-002,5974,0.0225,134.41
SO-15952,2026-10-13,CUST-001,Cap,Injection Molding,TR-002-PP-24410,WO-8898,2641522020889817,IM-002,1966,0.0694,136.44
SO-15953,2026-10-13,CUST-014,Cap,Injection Molding,TR-002-HDPE-24410,WO-8899,2641612020889918,IM-002,6724,0.03,201.72
SO-15954,2026-10-15,CUST-006,Cap,Injection Molding,TR-002-HDPE-24410,WO-8900,2641732020890019,IM-002,7153,0.0779,557.22
SO-15955,2026-10-20,CUST-014,Cap,injection molding,TR-002-PETG-24410,WO-8901,2641722020890120,IM-002,3623,0.0653,236.58
SO-15956,2026-10-13,CUST-006,Cap,Injection Molding,TR-002-PP-PCR-24410,WO-8902,2642112020890221,IM-002,6900,0.0791,545.79
SO-15957,2026-10-22,CUST-006,Cap,Injection Molding,TR-002-PP-PCR-24410,WO-8909,2642522020890928,IM-002,6937,0.0821,569.53
SO-15958,2026-10-28,CUST-003,Cap,Injection Molding,TR-002-PP-PCR-24410,WO-8910,2642612020891029,IM-002,6304,0.0322,202.99
SO-15959,2026-10-24,CUST-011,Cap,Injection Molding,TR-002-PP-PCR-24410,WO-8911,2642712020891130,IM-002,8197,0.0439,359.85
SO-15960,2026-10-24,CUST-012,Cap,Injection Molding,TR-002-PETG-24410,WO-8912,2643132020891231,IM-002,5660,0.0787,445.44
SO-15961,2026-10-22,CUST-012,Cap,Injection Molding,TR-002-PETG-24410,WO-8913,2643122020891332,IM-002,5863,0.0592,347.09
SO-15962,2026-10-24,CUST-003,Cap,Injection Molding,TR-002-HDPE-24410,WO-8914,2643222020891433,IM-002,3254,0.0634,206.3
SO-15963,2026-10-23,CUST-001,Cap,Injection Molding,TR-002-HDPE-24410,WO-8915,2643322020891534,IM-002,3112,0.0873,271.68
SO-15964,2026-10-30,CUST-011,Cap,Injection Molding,TR-002-HDPE-24410,WO-8916,2643412020891635,IM-002,3029,0.0749,226.87
SO-15965,2026-10-31,CUST-006,Cap,Injection Molding,TR-002-PETG-24410,WO-8917,2643432020891736,IM-002,4409,0.0488,215.16
SO-15966,2026-10-29,CUST-014,Cap,Injection Molding,TR-002-PETG-24410,WO-8918,2643522020891837,IM-002,6649,0.029,192.82
SO-15967,2026-10-31,CUST-010,Cap,Injection Molding,TR-002-PETG-24410,WO-8919,2643632020891938,IM-002,4989,0.071,354.22
SO-15968,2026-10-27,CUST-001,Cap,Injection Molding,TR-002-HDPE-24410,WO-8920,2643622020892039,IM-002,10589,0.0236,249.9
SO-15969,2026-10-30,CUST-012,Cap,Injection Molding,TR-002-HDPE-24410,WO-8921,2643712020892140,IM-002,5936,0.0222,131.78
SO-15970,2026-10-30,CUST-005,Cap,Injection Molding,TR-002-PP-PCR-24410,WO-8926,2644312020892645,IM-002,6357,0.066,419.56
SO-15971,2026-11-10,CUST-011,Cap,Injection Molding,TR-002-HDPE-24410,WO-8928,2644412020892847,IM-002,8159,0.0507,413.66
SO-15972,2026-11-05,CUST-009,Cap,Injection Molding,TR-002-HDPE-24410,WO-8929,2644532020892948,IM-002,11990,0.0661,792.54
SO-15973,2026-11-10,CUST-010,Cap,Injection Molding,TR-002-PP-PCR-24410,WO-8931,2644622020893150,IM-002,3089,0.0502,155.07
SO-15974,2026-11-07,CUST-003,Cap,  Injection Molding  ,TR-002-PP-24410,WO-8934,2645122020893453,IM-002,3069,0.0392,120.3
SO-15975,2026-11-13,CUST-011,Cap,Injection Molding,TR-002-PETG-24410,WO-8939,2645532020893958,IM-002,4036,0.0435,175.57
SO-15976,2026-11-16,CUST-004,Cap,injection molding,TR-002-HDPE-24410,WO-8941,2645732020894160,IM-002,8502,0.0384,326.48
SO-15977,2026-11-13,CUST-005,Cap,Injection Molding,TR-002-PP-24410,WO-8947,2646432020894766,IM-002,3472,0.0736,255.54
SO-15978,2026-11-14,CUST-008,Cap,Injection Molding,TR-002-PETG-24410,WO-8948,2646422020894867,IM-002,5913,0.0875,517.39
SO-15979,2026-11-14,CUST-013,Cap,Injection Molding,TR-002-PETG-24410,WO-8949,2646512020894968,IM-002,5975,0.0514,307.12
SO-15980,2026-11-21,CUST-011,Cap,Injection Molding,TR-002-PETG-24410,WO-8950,2646532020895069,IM-002,3912,0.0768,300.44
SO-15981,2026-11-18,CUST-003,Cap,Injection Molding,TR-002-PETG-24410,WO-8951,2646612020895170,IM-002,2361,0.085,200.69
SO-15982,2026-11-27,CUST-014,Cap,Injection Molding,TR-002-PP-PCR-24410,WO-8954,2647112020895473,IM-002,5668,0.0811,459.67
SO-15983,2026-11-21,CUST-007,Cap,Injection Molding,TR-002-PP-PCR-24410,WO-8955,2647122020895574,IM-002,6424,0.0458,294.22
SO-15984,2026-11-25,CUST-005,Cap,INJECTION MOLDING,TR-002-PP-24410,WO-8958,2647322020895877,IM-002,3861,0.0435,167.95
SO-15985,2026-11-27,CUST-005,Cap,Injection Molding,TR-002-PP-24410,WO-8960,2647422020896079,IM-002,8343,0.0464,387.12
SO-15986,2026-11-22,CUST-006,Cap,Injection Molding,TR-002-PP-24410,WO-8961,2647512020896180,IM-002,8314,0.0741,616.07
SO-15987,2026-11-30,CUST-011,Cap,Injection Molding,TR-002-HDPE-24410,WO-8963,2647622020896382,IM-002,6681,0.0586,391.51
SO-15988,2026-11-30,CUST-002,Cap,Injection Molding,TR-002-HDPE-24410,WO-8964,2647712020896483,IM-002,8525,0.0344,293.26
SO-15989,2026-11-27,CUST-001,Cap,Injection Molding,TR-002-HDPE-24410,WO-8965,2648112020896584,IM-002,4905,0.0744,364.93
SO-15990,2026-11-29,CUST-010,Cap,Injection Molding,TR-002-HDPE-24410,WO-8966,2648132020896685,IM-002,9996,0.0723,722.71
SO-15991,2026-12-01,CUST-008,Cap,Injection Molding,TR-002-HDPE-24410,WO-8967,2648222020896786,IM-002,8105,0.0672,544.66
SO-15992,2026-12-06,CUST-008,Cap,Injection Molding,TR-002-HDPE-24410,WO-8968,2648332020896887,IM-002,13827,0.0678,937.47
SO-15993,2026-12-02,CUST-006,Cap,Injection Molding,TR-002-HDPE-24410,WO-8969,2648332020896988,IM-002,6782,0.0315,213.63
SO-15994,2026-12-02,CUST-001,Cap,Injection Molding,TR-002-PETG-24410,WO-8970,2648422020897089,IM-002,3029,0.0848,256.86
SO-15995,2026-12-08,CUST-011,Cap,Injection Molding,TR-002-PETG-24410,WO-8971,2648512020897190,IM-002,7193,0.0237,170.47
SO-15996,2026-12-08,CUST-004,Cap,Injection Molding,TR-002-PETG-24410,WO-8972,2648532020897291,IM-002,3711,0.0826,306.53
SO-15997,2026-11-30,CUST-009,Cap,Injection Molding,TR-002-PP-PCR-24410,WO-8974,2648622020897493,IM-002,6099,0.0778,474.5
SO-15998,2026-12-10,CUST-001,Cap,Injection Molding,TR-002-HDPE-24410,WO-8981,2649412020898101,IM-002,5907,0.0362,213.83
SO-15999,2026-12-05,CUST-005,Cap,Injection Molding,TR-002-HDPE-24410,WO-8982,2649422020898202,IM-002,10114,0.0491,496.6
SO-16000,2026-12-06,CUST-013,Cap,Injection Molding,TR-002-PETG-24410,WO-8983,2649512020898303,IM-002,3376,0.0529,178.59
SO-16001,2026-12-08,CUST-014,Cap,Injection Molding,TR-002-PETG-24410,WO-8984,2649522020898404,IM-002,3985,0.0292,116.36
SO-16002,2026-12-15,CUST-009,Cap,Injection Molding,TR-002-PP-PCR-24410,WO-8986,2649712020898606,IM-002,2458,0.0484,118.97
SO-16003,2026-12-12,CUST-006,Cap,Injection Molding,TR-002-PP-24410,WO-8987,2649722020898707,IM-002,6534,0.0423,276.39
SO-16004,2026-12-13,CUST-006,Cap,  Injection Molding  ,TR-002-PP-24410,WO-8988,2650122020898808,IM-002,2557,0.0541,138.33
SO-16005,2026-12-11,CUST-006,Cap,Injection Molding,TR-002-HDPE-24410,WO-8989,2650212020898909,IM-002,6947,0.0329,228.56
SO-16006,2026-12-18,CUST-012,Cap,  Injection Molding  ,TR-002-PP-PCR-24410,WO-8990,2650332020899010,IM-002,8063,0.03,241.89
SO-16007,2026-12-14,CUST-001,Cap,Injection Molding,TR-002-HDPE-24410,WO-8995,2650612020899515,IM-002,4197,0.0355,148.99
SO-16008,2026-12-23,CUST-010,Cap,Injection Molding,TR-002-PP-PCR-24410,WO-8996,2650712020899616,IM-002,3200,0.0533,170.56
SO-16009,2026-12-18,CUST-002,Cap,Injection Molding,TR-002-PP-PCR-24410,WO-8997,2651132020899717,IM-002,5924,0.0313,185.42
SO-16010,2026-12-24,CUST-012,Cap,Injection Molding,TR-002-PP-24410,WO-8998,2651122020899818,IM-002,6241,0.0674,420.64
SO-16011,2026-12-16,CUST-010,Cap,Injection Molding,TR-002-PP-24410,WO-8999,2651232020899919,IM-002,6169,0.0724,446.64
SO-16012,2026-12-22,CUST-009,Cap,Injection Molding,TR-002-HDPE-24410,WO-9000,2651222020900020,IM-002,10933,0.0408,446.07
SO-16013,2026-12-27,CUST-011,Cap,INJECTION MOLDING,TR-002-HDPE-24410,WO-9001,2651312020900121,IM-002,2968,0.0843,250.2
SO-16014,2026-12-24,CUST-007,Cap,Injection Molding,TR-002-PETG-24410,WO-9002,2651332020900222,IM-002,5282,0.0763,403.02
SO-16015,2026-12-24,CUST-011,Cap,Injection Molding,TR-002-PETG-24410,WO-9003,2651422020900323,IM-002,7812,0.0371,289.83
SO-16016,2026-12-20,CUST-008,Cap,Injection Molding,TR-002-PP-24410,WO-9004,2651532020900424,IM-002,3027,0.0795,240.65
SO-16017,2026-12-27,CUST-006,Cap,Injection Molding,TR-002-PP-24410,WO-9005,2651522020900525,IM-002,12135,0.0306,371.33
SO-16018,2026-12-24,CUST-012,Cap,Injection Molding,TR-002-HDPE-24410,WO-9006,2651612020900626,IM-002,6363,0.0654,416.14
SO-16019,2026-12-22,CUST-004,Cap,Injection Molding,TR-002-PP-24410,WO-9007,2651732020900727,IM-002,9903,0.0574,568.43
SO-16020,2026-12-27,CUST-006,Cap,Injection Molding,TR-002-PP-PCR-24410,WO-9008,2651722020900828,IM-002,8452,0.0506,427.67
SO-16021,2026-12-30,CUST-009,Cap,Injection Molding,TR-002-PP-24410,WO-9010,2652212020901030,IM-002,6303,0.0232,146.23
SO-16022,2026-12-28,CUST-005,Cap,Injection Molding,TR-002-PP-24410,WO-9014,2652532020901434,IM-002,3690,0.035,129.15
SO-16023,2026-12-30,CUST-012,Cap,Injection Molding,TR-002-PETG-24410,WO-9015,2652522020901535,IM-002,8373,0.0514,430.37
SO-16024,2025-07-05,CUST-009,Cap,Injection Molding,TR-001-HDPE-24410,WO-9023,2527232030902301,IM-003,6373,0.0724,461.41
SO-16025,2025-07-08,CUST-008,Cap,Injection Molding,TR-001-HDPE-24410,WO-9024,2527222030902402,IM-003,8988,0.0888,798.13
SO-16026,2025-07-14,CUST-010,Cap,Injection Molding,TR-001-HDPE-24410,WO-9025,2527312030902503,IM-003,10516,0.0441,463.76
SO-16027,2025-07-06,CUST-001,Cap,Injection Molding,TR-001-HDPE-24410,WO-9026,2527412030902604,IM-003,5904,0.0227,134.02
SO-16028,2025-07-07,CUST-002,Cap,Injection Molding,TR-001-PP-24410,WO-9027,2527432030902705,IM-003,8426,0.0288,242.67
SO-16029,2025-07-11,CUST-007,Cap,Injection Molding,TR-001-PP-24410,WO-9028,2527522030902806,IM-003,13760,0.0561,771.94
SO-16030,2025-07-14,CUST-011,Cap,Injection Molding,TR-001-PP-24410,WO-9029,2527622030902907,IM-003,9796,0.0703,688.66
SO-16031,2025-07-15,CUST-006,Cap,Injection Molding,TR-003-HDPE-24415,WO-9030,2527732030903008,IM-003,9791,0.0826,808.74
SO-16032,2025-07-08,CUST-013,Cap,Injection Molding,TR-003-PP-PCR-24415,WO-9032,2528112030903210,IM-003,18875,0.051,962.62
SO-16033,2025-07-10,CUST-012,Cap,INJECTION MOLDING,TR-001-HDPE-24410,WO-9034,2528222030903412,IM-003,5778,0.0598,345.52
SO-16034,2025-07-17,CUST-002,Cap,Injection Molding,TR-001-HDPE-24410,WO-9035,2528312030903513,IM-003,17865,0.0885,1581.05
SO-16035,2025-07-11,CUST-011,Cap,Injection Molding,TR-003-PP-PCR-24415,WO-9036,2528432030903614,IM-003,4644,0.0881,409.14
SO-16036,2025-07-18,CUST-002,Cap,Injection Molding,TR-001-PP-PCR-24410,WO-9037,2528422030903715,IM-003,11340,0.0271,307.31
SO-16037,2025-07-22,CUST-014,Cap,Injection Molding,TR-001-PETG-24410,WO-9038,2528532030903816,IM-003,9557,0.0854,816.17
SO-16038,2025-07-23,CUST-009,Cap,Injection Molding,TR-001-PETG-24410,WO-9039,2528522030903917,IM-003,10112,0.0494,499.53
SO-16039,2025-07-23,CUST-001,Cap,Injection Molding,TR-001-PP-PCR-24410,WO-9042,2528712030904220,IM-003,5521,0.043,237.4
SO-16040,2025-07-16,CUST-012,Cap,Injection Molding,TR-001-PP-PCR-24410,WO-9043,2529132030904321,IM-003,12491,0.0585,730.72
SO-16041,2025-07-20,CUST-012,Cap,Injection Molding,TR-003-PETG-24415,WO-9044,2529232030904422,IM-003,19723,0.0712,1404.28
SO-16042,2025-07-24,CUST-012,Cap,Injection Molding,TR-003-PETG-24415,WO-9046,2529312030904624,IM-003,15670,0.036,564.12
SO-16043,2025-07-25,CUST-005,Cap,injection molding,TR-003-PETG-24415,WO-9047,2529432030904725,IM-003,15705,0.0651,1022.4
SO-16044,2025-07-27,CUST-007,Cap,Injection Molding,TR-003-PP-24415,WO-9048,2529422030904826,IM-003,11598,0.0353,409.41
SO-16045,2025-07-25,CUST-007,Cap,Injection Molding,TR-001-PETG-24410,WO-9050,2529632030905028,IM-003,4094,0.0407,166.63
SO-16046,2025-07-23,CUST-010,Cap,Injection Molding,TR-003-HDPE-24415,WO-9051,2529622030905129,IM-003,6006,0.0812,487.69
SO-16047,2025-07-31,CUST-011,Cap,Injection Molding,TR-003-PP-24415,WO-9052,2529712030905230,IM-003,15214,0.0232,352.96
SO-16048,2025-08-02,CUST-006,Cap,Injection Molding,TR-003-HDPE-24415,WO-9053,2530112030905331,IM-003,6777,0.0443,300.22
SO-16049,2025-08-01,CUST-005,Cap,Injection Molding,TR-003-HDPE-24415,WO-9054,2530232030905432,IM-003,14756,0.0392,578.44
SO-16050,2025-07-28,CUST-006,Cap,Injection Molding,TR-001-HDPE-24410,WO-9055,2530332030905533,IM-003,10933,0.0324,354.23
SO-16051,2025-07-27,CUST-008,Cap,Injection Molding,TR-001-HDPE-24410,WO-9056,2530322030905634,IM-003,16230,0.0556,902.39
SO-16052,2025-07-28,CUST-002,Cap,Injection Molding,TR-001-HDPE-24410,WO-9057,2530412030905735,IM-003,23255,0.0604,1404.6
SO-16053,2025-08-05,CUST-014,Cap,Injection Molding,TR-001-HDPE-24410,WO-9058,2530512030905836,IM-003,20984,0.0366,768.01
SO-16054,2025-07-31,CUST-010,Cap,Injection Molding,TR-003-HDPE-24415,WO-9059,2530612030905937,IM-003,8675,0.0589,510.96
SO-16055,2025-08-04,CUST-005,Cap,Injection Molding,TR-003-HDPE-24415,WO-9060,2530622030906038,IM-003,21207,0.0217,460.19
SO-16056,2025-07-31,CUST-014,Cap,Injection Molding,TR-003-PP-24415,WO-9062,2531132030906240,IM-003,12717,0.0601,764.29
SO-16057,2025-07-31,CUST-005,Cap,Injection Molding,TR-001-PP-24410,WO-9065,2531232030906543,IM-003,2764,0.0432,119.4
SO-16058,2025-08-11,CUST-012,Cap,Injection Molding,TR-001-PP-24410,WO-9066,2531312030906644,IM-003,19222,0.0645,1239.82
SO-16059,2025-08-07,CUST-003,Cap,Injection Molding,TR-001-HDPE-24410,WO-9067,2531412030906745,IM-003,5320,0.0302,160.66
SO-16060,2025-08-07,CUST-014,Cap,Injection Molding,TR-003-PP-24415,WO-9068,2531432030906846,IM-003,12059,0.047,566.77
SO-16061,2025-08-07,CUST-007,Cap,Injection Molding,TR-003-PP-24415,WO-9069,2531522030906947,IM-003,22156,0.0508,1125.52
SO-16062,2025-08-03,CUST-013,Cap,Injection Molding,TR-003-PP-24415,WO-9070,2531612030907048,IM-003,13551,0.0758,1027.17
SO-16063,2025-08-11,CUST-006,Cap,Injection Molding,TR-003-PP-24415,WO-9071,2531632030907149,IM-003,25202,0.0511,1287.82
SO-16064,2025-08-07,CUST-006,Cap,Injection Molding,TR-001-PP-24410,WO-9073,2532112030907351,IM-003,11016,0.0438,482.5
SO-16065,2025-08-09,CUST-007,Cap,Injection Molding,TR-001-PP-24410,WO-9074,2532232030907452,IM-003,16165,0.0478,772.69
SO-16066,2025-08-15,CUST-009,Cap,Injection Molding,TR-001-PP-24410,WO-9075,2532232030907553,IM-003,9192,0.0746,685.72
SO-16067,2025-08-15,CUST-014,Cap,Injection Molding,TR-003-PP-PCR-24415,WO-9077,2532412030907755,IM-003,11645,0.0405,471.62
SO-16068,2025-08-13,CUST-010,Cap,Injection Molding,TR-003-PP-24415,WO-9082,2532722030908260,IM-003,19946,0.0339,676.17
SO-16069,2025-08-20,CUST-003,Cap,Injection Molding,TR-003-PP-24415,WO-9083,2533122030908361,IM-003,14572,0.0812,1183.25
SO-16070,2025-08-17,CUST-001,Cap,Injection Molding,TR-001-HDPE-24410,WO-9084,2533212030908462,IM-003,20010,0.0333,666.33
SO-16071,2025-08-15,CUST-003,Cap,Injection Molding,TR-001-HDPE-24410,WO-9085,2533332030908563,IM-003,6192,0.0271,167.8
SO-16072,2025-08-23,CUST-011,Cap,injection molding,TR-001-HDPE-24410,WO-9086,2533322030908664,IM-003,10956,0.0748,819.51
SO-16073,2025-08-22,CUST-005,Cap,injection molding,TR-001-PP-24410,WO-9087,2533412030908765,IM-003,21328,0.0635,1354.33
SO-16074,2025-08-17,CUST-006,Cap,Injection Molding,TR-001-PP-24410,WO-9088,2533532030908866,IM-003,7998,0.0802,641.44
SO-16075,2025-08-19,CUST-005,Cap,Injection Molding,TR-003-PETG-24415,WO-9092,2533722030909270,IM-003,10363,0.0867,898.47
SO-16076,2025-08-22,CUST-011,Cap,Injection Molding,TR-001-HDPE-24410,WO-9093,2534122030909371,IM-003,17243,0.0822,1417.37
SO-16077,2025-08-30,CUST-013,Cap,Injection Molding,TR-001-HDPE-24410,WO-9094,2534212030909472,IM-003,6408,0.0877,561.98
SO-16078,2025-08-21,CUST-011,Cap,Injection Molding,TR-001-HDPE-24410,WO-9095,2534222030909573,IM-003,19187,0.0462,886.44
SO-16079,2025-08-25,CUST-012,Cap,Injection Molding,TR-003-PP-24415,WO-9096,2534322030909674,IM-003,18217,0.0509,927.25
SO-16080,2025-08-23,CUST-011,Cap,Injection Molding,TR-003-HDPE-24415,WO-9097,2534412030909775,IM-003,602,0.082,49.36
SO-16081,2025-08-29,CUST-008,Cap,injection molding,TR-003-HDPE-24415,WO-9098,2534532030909876,IM-003,13759,0.0771,1060.82
SO-16082,2025-08-30,CUST-010,Cap,Injection Molding,TR-001-HDPE-24410,WO-9102,2534712030910280,IM-003,16819,0.0768,1291.7
SO-16083,2025-08-31,CUST-001,Cap,Injection Molding,TR-001-HDPE-24410,WO-9103,2535112030910381,IM-003,14663,0.0274,401.77
SO-16084,2025-08-31,CUST-007,Cap,Injection Molding,TR-003-PP-PCR-24415,WO-9106,2535312030910684,IM-003,20114,0.0356,716.06
SO-16085,2025-09-02,CUST-009,Cap,Injection Molding,TR-003-PP-PCR-24415,WO-9107,2535432030910785,IM-003,14562,0.076,1106.71
SO-16086,2025-09-06,CUST-012,Cap,Injection Molding,TR-003-PP-PCR-24415,WO-9108,2535432030910886,IM-003,15829,0.0539,853.18
SO-16087,2025-09-03,CUST-009,Cap,Injection Molding,TR-001-PP-24410,WO-9112,2535712030911290,IM-003,7438,0.0753,560.08
SO-16088,2025-09-11,CUST-013,Cap,Injection Molding,TR-001-PP-24410,WO-9113,2536132030911391,IM-003,12797,0.0866,1108.22
SO-16089,2025-09-03,CUST-010,Cap,Injection Molding,TR-003-HDPE-24415,WO-9114,2536122030911492,IM-003,12842,0.0248,318.48
SO-16090,2025-09-06,CUST-007,Cap,  Injection Molding  ,TR-003-HDPE-24415,WO-9115,2536212030911593,IM-003,6141,0.0431,264.68
SO-16091,2025-09-04,CUST-005,Cap,  Injection Molding  ,TR-001-PP-24410,WO-9116,2536332030911694,IM-003,12114,0.0451,546.34
SO-16092,2025-09-10,CUST-004,Cap,Injection Molding,TR-001-PP-24410,WO-9117,2536322030911795,IM-003,9295,0.0555,515.87
SO-16093,2025-09-11,CUST-010,Cap,Injection Molding,TR-001-PETG-24410,WO-9118,2536412030911896,IM-003,11561,0.0263,304.05
SO-16094,2025-09-09,CUST-011,Cap,Injection Molding,TR-001-PP-24410,WO-9119,2536532030911997,IM-003,7314,0.0547,400.08
SO-16095,2025-09-15,CUST-005,Cap,Injection Molding,TR-001-PP-24410,WO-9120,2536522030912098,IM-003,12535,0.07,877.45
SO-16096,2025-09-07,CUST-013,Cap,Injection Molding,TR-001-PP-24410,WO-9121,2536632030912199,IM-003,6912,0.0375,259.2
SO-16097,2025-09-14,CUST-014,Cap,INJECTION MOLDING,TR-003-PP-PCR-24415,WO-9125,2537122030912504,IM-003,10463,0.0481,503.27
SO-16098,2025-09-15,CUST-003,Cap,injection molding,TR-001-PETG-24410,WO-9128,2537312030912807,IM-003,12547,0.0242,303.64
SO-16099,2025-09-21,CUST-007,Cap,Injection Molding,TR-001-PETG-24410,WO-9129,2537412030912908,IM-003,26036,0.0324,843.57
SO-16100,2025-09-18,CUST-007,Cap,Injection Molding,TR-001-PP-24410,WO-9131,2537632030913110,IM-003,10275,0.0847,870.29
SO-16101,2025-09-25,CUST-011,Cap,Injection Molding,TR-001-PP-24410,WO-9133,2537732030913312,IM-003,9228,0.0265,244.54
SO-16102,2025-09-18,CUST-008,Cap,Injection Molding,TR-003-HDPE-24415,WO-9135,2538112030913514,IM-003,12584,0.034,427.86
SO-16103,2025-09-17,CUST-004,Cap,Injection Molding,TR-003-HDPE-24415,WO-9136,2538212030913615,IM-003,10892,0.0751,817.99
SO-16104,2025-09-23,CUST-014,Cap,Injection Molding,TR-003-PETG-24415,WO-9137,2538222030913716,IM-003,12080,0.0249,300.79
SO-16105,2025-09-25,CUST-006,Cap,Injection Molding,TR-003-HDPE-24415,WO-9138,2538322030913817,IM-003,21441,0.0203,435.25
SO-16106,2025-09-25,CUST-013,Cap,Injection Molding,TR-003-PP-PCR-24415,WO-9139,2538412030913918,IM-003,19212,0.0298,572.52
SO-16107,2025-09-22,CUST-012,Cap,Injection Molding,TR-003-PP-PCR-24415,WO-9140,2538532030914019,IM-003,15276,0.0539,823.38
SO-16108,2025-10-01,CUST-009,Cap,Injection Molding,TR-001-PP-24410,WO-9141,2538522030914120,IM-003,12609,0.0662,834.72
SO-16109,2025-09-25,CUST-007,Cap,Injection Molding,TR-001-PP-24410,WO-9142,2538622030914221,IM-003,17807,0.0612,1089.79
SO-16110,2025-09-25,CUST-009,Cap,Injection Molding,TR-003-PP-24415,WO-9143,2538712030914322,IM-003,12320,0.069,850.08
SO-16111,2025-09-28,CUST-002,Cap,Injection Molding,TR-003-PP-24415,WO-9144,2539132030914423,IM-003,19564,0.0433,847.12
SO-16112,2025-09-30,CUST-002,Cap,Injection Molding,TR-003-HDPE-24415,WO-9145,2539132030914524,IM-003,6230,0.0861,536.4
SO-16113,2025-10-03,CUST-006,Cap,Injection Molding,TR-003-PETG-24415,WO-9146,2539212030914625,IM-003,21081,0.0294,619.78
SO-16114,2025-09-25,CUST-009,Cap,Injection Molding,TR-003-HDPE-24415,WO-9147,2539222030914726,IM-003,8415,0.0214,180.08
SO-16115,2025-10-03,CUST-012,Cap,Injection Molding,TR-001-PP-24410,WO-9149,2539422030914928,IM-003,6638,0.0551,365.75
SO-16116,2025-09-30,CUST-003,Cap,Injection Molding,TR-001-PP-24410,WO-9152,2539632030915231,IM-003,8539,0.0417,356.08
SO-16117,2025-10-01,CUST-008,Cap,Injection Molding,TR-001-PP-24410,WO-9153,2539712030915332,IM-003,12173,0.071,864.28
SO-16118,2025-10-05,CUST-006,Cap,Injection Molding,TR-001-PETG-24410,WO-9154,2540132030915433,IM-003,9848,0.0359,353.54
SO-16119,2025-10-04,CUST-010,Cap,Injection Molding,TR-003-HDPE-24415,WO-9156,2540232030915635,IM-003,8026,0.0643,516.07
SO-16120,2025-10-06,CUST-006,Cap,injection molding,TR-001-PP-PCR-24410,WO-9157,2540222030915736,IM-003,5392,0.0549,296.02
SO-16121,2025-10-05,CUST-012,Cap,Injection Molding,TR-001-PETG-24410,WO-9158,2540312030915837,IM-003,14974,0.0867,1298.25
SO-16122,2025-10-07,CUST-002,Cap,Injection Molding,TR-001-HDPE-24410,WO-9159,2540332030915938,IM-003,8060,0.0421,339.33
SO-16123,2025-10-09,CUST-002,Cap,Injection Molding,TR-001-HDPE-24410,WO-9160,2540412030916039,IM-003,13810,0.0215,296.91
SO-16124,2025-10-12,CUST-011,Cap,Injection Molding,TR-001-HDPE-24410,WO-9161,2540532030916140,IM-003,10560,0.036,380.16
SO-16125,2025-10-12,CUST-014,Cap,Injection Molding,TR-003-PP-PCR-24415,WO-9163,2540622030916342,IM-003,12538,0.0864,1083.28
SO-16126,2025-10-14,CUST-007,Cap,Injection Molding,TR-001-HDPE-24410,WO-9164,2540712030916443,IM-003,17146,0.0803,1376.82
SO-16127,2025-10-18,CUST-010,Cap,Injection Molding,TR-003-PP-PCR-24415,WO-9169,2541312030916948,IM-003,12946,0.078,1009.79
SO-16128,2025-10-12,CUST-004,Cap,Injection Molding,TR-003-PP-PCR-24415,WO-9170,2541432030917049,IM-003,10089,0.0306,308.72
SO-16129,2025-10-11,CUST-001,Cap,Injection Molding,TR-003-PP-24415,WO-9171,2541412030917150,IM-003,24166,0.0565,1365.38
SO-16130,2025-10-21,CUST-010,Cap,Injection Molding,TR-001-HDPE-24410,WO-9173,2541632030917352,IM-003,7863,0.0346,272.06
SO-16131,2025-10-16,CUST-001,Cap,Injection Molding,TR-001-HDPE-24410,WO-9174,2541632030917453,IM-003,20477,0.0742,1519.39
SO-16132,2025-10-15,CUST-005,Cap,Injection Molding,TR-001-PETG-24410,WO-9175,2541722030917554,IM-003,21761,0.0513,1116.34
SO-16133,2025-10-18,CUST-013,Cap,Injection Molding,TR-001-PETG-24410,WO-9176,2542112030917655,IM-003,8662,0.0788,682.57
SO-16134,2025-10-22,CUST-013,Cap,Injection Molding,TR-001-HDPE-24410,WO-9177,2542212030917756,IM-003,16422,0.0861,1413.93
SO-16135,2025-10-23,CUST-013,Cap,Injection Molding,TR-003-PP-24415,WO-9178,2542222030917857,IM-003,10058,0.0709,713.11
SO-16136,2025-10-24,CUST-008,Cap,Injection Molding,TR-001-PETG-24410,WO-9181,2542412030918160,IM-003,8775,0.061,535.27
SO-16137,2025-10-19,CUST-014,Cap,Injection Molding,TR-003-PP-PCR-24415,WO-9182,2542532030918261,IM-003,5343,0.0536,286.38
SO-16138,2025-10-28,CUST-007,Cap,Injection Molding,TR-003-PP-PCR-24415,WO-9183,2542522030918362,IM-003,9291,0.0224,208.12
SO-16139,2025-10-24,CUST-006,Cap,Injection Molding,TR-003-PP-PCR-24415,WO-9184,2542632030918463,IM-003,11171,0.028,312.79
SO-16140,2025-10-27,CUST-002,Cap,Injection Molding,TR-003-PP-PCR-24415,WO-9185,2542622030918564,IM-003,8810,0.0531,467.81
SO-16141,2025-10-23,CUST-003,Cap,Injection Molding,TR-003-PP-PCR-24415,WO-9186,2542732030918665,IM-003,12714,0.0733,931.94
SO-16142,2025-10-21,CUST-001,Cap,Injection Molding,TR-001-PETG-24410,WO-9187,2542722030918766,IM-003,17588,0.0325,571.61
SO-16143,2025-11-02,CUST-010,Cap,Injection Molding,TR-001-PETG-24410,WO-9189,2543232030918968,IM-003,6428,0.0492,316.26
SO-16144,2025-10-28,CUST-003,Cap,Injection Molding,TR-003-HDPE-24415,WO-9190,2543332030919069,IM-003,7956,0.0649,516.34
SO-16145,2025-11-01,CUST-006,Cap,Injection Molding,TR-003-HDPE-24415,WO-9191,2543312030919170,IM-003,6117,0.0298,182.29
SO-16146,2025-10-30,CUST-014,Cap,Injection Molding,TR-003-PP-PCR-24415,WO-9192,2543332030919271,IM-003,12633,0.0234,295.61
SO-16147,2025-11-04,CUST-010,Cap,Injection Molding,TR-003-PP-PCR-24415,WO-9193,2543412030919372,IM-003,13761,0.0668,919.23
SO-16148,2025-10-30,CUST-008,Cap,Injection Molding,TR-003-PP-PCR-24415,WO-9195,2543522030919574,IM-003,15985,0.0535,855.2
SO-16149,2025-10-29,CUST-005,Cap,  Injection Molding  ,TR-003-PP-PCR-24415,WO-9196,2543612030919675,IM-003,13527,0.0599,810.27
SO-16150,2025-11-03,CUST-010,Cap,Injection Molding,TR-001-PP-PCR-24410,WO-9197,2543732030919776,IM-003,10887,0.0763,830.68
SO-16151,2025-11-06,CUST-006,Cap,Injection Molding,TR-001-PP-PCR-24410,WO-9198,2543722030919877,IM-003,8377,0.0252,211.1
SO-16152,2025-11-04,CUST-002,Cap,Injection Molding,TR-001-PP-PCR-24410,WO-9199,2544112030919978,IM-003,24114,0.0292,704.13
SO-16153,2025-11-04,CUST-004,Cap,Injection Molding,TR-001-PP-PCR-24410,WO-9201,2544222030920180,IM-003,10327,0.0209,215.83
SO-16154,2025-11-10,CUST-010,Cap,Injection Molding,TR-003-PP-PCR-24415,WO-9202,2544312030920281,IM-003,8976,0.0682,612.16
SO-16155,2025-11-04,CUST-014,Cap,Injection Molding,TR-001-PETG-24410,WO-9203,2544432030920382,IM-003,3024,0.0318,96.16
SO-16156,2025-11-10,CUST-013,Cap,Injection Molding,TR-001-HDPE-24410,WO-9204,2544422030920483,IM-003,4889,0.0838,409.7
SO-16157,2025-11-07,CUST-004,Cap,Injection Molding,TR-001-HDPE-24410,WO-9205,2544532030920584,IM-003,12657,0.0777,983.45
SO-16158,2025-11-08,CUST-010,Cap,Injection Molding,TR-001-PP-PCR-24410,WO-9209,2544722030920988,IM-003,4944,0.0282,139.42
SO-16159,2025-11-11,CUST-006,Cap,injection molding,TR-001-PP-PCR-24410,WO-9210,2545132030921089,IM-003,5598,0.0732,409.77
SO-16160,2025-11-08,CUST-004,Cap,Injection Molding,TR-001-PP-PCR-24410,WO-9211,2545112030921190,IM-003,15449,0.0699,1079.89
SO-16161,2025-11-09,CUST-011,Cap,Injection Molding,TR-001-PP-24410,WO-9212,2545212030921291,IM-003,7880,0.0625,492.5
SO-16162,2025-11-14,CUST-009,Cap,Injection Molding,TR-001-PETG-24410,WO-9214,2545312030921493,IM-003,8275,0.0723,598.28
SO-16163,2025-11-09,CUST-012,Cap,Injection Molding,TR-003-PETG-24415,WO-9215,2545432030921594,IM-003,17578,0.0404,710.15
SO-16164,2025-11-18,CUST-012,Cap,Injection Molding,TR-003-PP-PCR-24415,WO-9219,2545732030921998,IM-003,14553,0.0392,570.48
SO-16165,2025-11-12,CUST-008,Cap,Injection Molding,TR-003-PP-PCR-24415,WO-9220,2546132030922099,IM-003,10861,0.0465,505.04
SO-16166,2025-11-16,CUST-010,Cap,Injection Molding,TR-003-PETG-24415,WO-9224,2546432030922404,IM-003,24649,0.0382,941.59
SO-16167,2025-11-23,CUST-013,Cap,Injection Molding,TR-003-PP-24415,WO-9227,2546632030922707,IM-003,29230,0.077,2250.71
SO-16168,2025-11-23,CUST-007,Cap,Injection Molding,TR-003-PP-24415,WO-9228,2546732030922808,IM-003,6373,0.0816,520.04
SO-16169,2025-11-23,CUST-008,Cap,Injection Molding,TR-003-PP-PCR-24415,WO-9230,2546722030923010,IM-003,13439,0.0798,1072.43
SO-16170,2025-11-19,CUST-007,Cap,injection molding,TR-003-HDPE-24415,WO-9232,2547122030923212,IM-003,13896,0.0285,396.04
SO-16171,2025-11-30,CUST-009,Cap,Injection Molding,TR-001-HDPE-24410,WO-9233,2547212030923313,IM-003,18470,0.0349,644.6
SO-16172,2025-12-01,CUST-009,Cap,Injection Molding,TR-001-HDPE-24410,WO-9234,2547332030923414,IM-003,27042,0.0863,2333.72
SO-16173,2025-11-24,CUST-014,Cap,INJECTION MOLDING,TR-003-HDPE-24415,WO-9235,2547432030923515,IM-003,13122,0.075,984.15
SO-16174,2025-12-02,CUST-010,Cap,injection molding,TR-003-HDPE-24415,WO-9236,2547422030923616,IM-003,6539,0.0497,324.99
SO-16175,2025-12-01,CUST-014,Cap,Injection Molding,TR-003-HDPE-24415,WO-9237,2547532030923717,IM-003,11827,0.0503,594.9
SO-16176,2025-11-30,CUST-003,Cap,Injection Molding,TR-001-HDPE-24410,WO-9238,2547632030923818,IM-003,16549,0.0445,736.43
SO-16177,2025-12-03,CUST-014,Cap,Injection Molding,TR-003-PETG-24415,WO-9239,2547622030923919,IM-003,16131,0.0604,974.31
SO-16178,2025-12-01,CUST-008,Cap,Injection Molding,TR-003-PETG-24415,WO-9248,2548612030924828,IM-003,5074,0.0447,226.81
SO-16179,2025-12-07,CUST-008,Cap,INJECTION MOLDING,TR-001-HDPE-24410,WO-9249,2548732030924929,IM-003,10238,0.0716,733.04
SO-16180,2025-12-11,CUST-007,Cap,Injection Molding,TR-001-HDPE-24410,WO-9250,2548722030925030,IM-003,4832,0.0528,255.13
SO-16181,2025-12-08,CUST-006,Cap,Injection Molding,TR-001-PETG-24410,WO-9253,2549232030925333,IM-003,6475,0.0555,359.36
SO-16182,2025-12-13,CUST-002,Cap,Injection Molding,TR-001-PETG-24410,WO-9254,2549312030925434,IM-003,4129,0.054,222.97
SO-16183,2025-12-14,CUST-006,Cap,Injection Molding,TR-001-HDPE-24410,WO-9259,2549622030925939,IM-003,20706,0.0273,565.27
SO-16184,2025-12-12,CUST-014,Cap,Injection Molding,TR-001-HDPE-24410,WO-9260,2549712030926040,IM-003,13384,0.0859,1149.69
SO-16185,2025-12-11,CUST-007,Cap,Injection Molding,TR-003-PP-PCR-24415,WO-9261,2550132030926141,IM-003,9002,0.0382,343.88
SO-16186,2025-12-11,CUST-013,Cap,Injection Molding,TR-001-PP-PCR-24410,WO-9262,2550232030926242,IM-003,7321,0.0453,331.64
SO-16187,2025-12-10,CUST-012,Cap,Injection Molding,TR-001-PP-PCR-24410,WO-9263,2550212030926343,IM-003,11349,0.0301,341.6
SO-16188,2025-12-11,CUST-014,Cap,Injection Molding,TR-001-PP-PCR-24410,WO-9264,2550232030926444,IM-003,11027,0.0866,954.94
SO-16189,2025-12-22,CUST-011,Cap,Injection Molding,TR-001-PETG-24410,WO-9265,2550322030926545,IM-003,7957,0.0732,582.45
SO-16190,2025-12-23,CUST-013,Cap,Injection Molding,TR-003-PP-24415,WO-9266,2550412030926646,IM-003,12345,0.0231,285.17
SO-16191,2025-12-22,CUST-011,Cap,Injection Molding,TR-003-PP-24415,WO-9267,2550512030926747,IM-003,10520,0.0241,253.53
SO-16192,2025-12-21,CUST-012,Cap,Injection Molding,TR-003-PP-24415,WO-9268,2550522030926848,IM-003,14989,0.0612,917.33
SO-16193,2025-12-18,CUST-007,Cap,Injection Molding,TR-003-HDPE-24415,WO-9269,2550622030926949,IM-003,11326,0.0219,248.04
SO-16194,2025-12-20,CUST-010,Cap,Injection Molding,TR-003-HDPE-24415,WO-9270,2550712030927050,IM-003,17944,0.0852,1528.83
SO-16195,2025-12-21,CUST-006,Cap,  Injection Molding  ,TR-003-PP-PCR-24415,WO-9271,2550722030927151,IM-003,26962,0.028,754.94
SO-16196,2025-12-26,CUST-001,Cap,Injection Molding,TR-003-PP-24415,WO-9272,2551112030927252,IM-003,15652,0.0635,993.9
SO-16197,2025-12-19,CUST-001,Cap,Injection Molding,TR-003-PP-24415,WO-9273,2551232030927353,IM-003,9846,0.0347,341.66
SO-16198,2025-12-26,CUST-001,Cap,Injection Molding,TR-003-PP-24415,WO-9274,2551222030927454,IM-003,16832,0.0231,388.82
SO-16199,2025-12-20,CUST-008,Cap,Injection Molding,TR-001-HDPE-24410,WO-9275,2551312030927555,IM-003,16363,0.0872,1426.85
SO-16200,2025-12-22,CUST-001,Cap,Injection Molding,TR-001-PP-24410,WO-9276,2551412030927656,IM-003,25529,0.0395,1008.4
SO-16201,2025-12-22,CUST-007,Cap,Injection Molding,TR-001-PP-24410,WO-9277,2551532030927757,IM-003,12067,0.0337,406.66
SO-16202,2025-12-31,CUST-004,Cap,Injection Molding,TR-003-HDPE-24415,WO-9278,2551522030927858,IM-003,5449,0.0501,272.99
SO-16203,2025-12-28,CUST-005,Cap,Injection Molding,TR-003-PP-PCR-24415,WO-9279,2551622030927959,IM-003,2709,0.0421,114.05
SO-16204,2025-12-28,CUST-008,Cap,Injection Molding,TR-003-PP-PCR-24415,WO-9280,2551712030928060,IM-003,14880,0.0451,671.09
SO-16205,2026-01-02,CUST-007,Cap,Injection Molding,TR-001-PP-24410,WO-9282,2552122030928262,IM-003,4831,0.0673,325.13
SO-16206,2025-12-28,CUST-005,Cap,Injection Molding,TR-001-PP-24410,WO-9284,2552222030928464,IM-003,10443,0.055,574.37
SO-16207,2025-12-31,CUST-004,Cap,Injection Molding,TR-003-PP-24415,WO-9287,2552422030928767,IM-003,8698,0.0586,509.7
SO-16208,2026-01-04,CUST-009,Cap,Injection Molding,TR-003-PP-24415,WO-9288,2552522030928868,IM-003,17042,0.0695,1184.42
SO-16209,2026-01-08,CUST-013,Cap,Injection Molding,TR-003-PETG-24415,WO-9289,2552612030928969,IM-003,9154,0.0508,465.02
SO-16210,2026-01-07,CUST-005,Cap,Injection Molding,TR-003-PETG-24415,WO-9290,2552712030929070,IM-003,13430,0.0488,655.38
SO-16211,2026-01-03,CUST-005,Cap,Injection Molding,TR-003-PP-PCR-24415,WO-9292,2501122030929272,IM-003,7932,0.045,356.94
SO-16212,2026-01-11,CUST-005,Cap,Injection Molding,TR-003-PP-PCR-24415,WO-9293,2501212030929373,IM-003,17486,0.0414,723.92
SO-16213,2026-01-02,CUST-005,Cap,Injection Molding,TR-003-PP-PCR-24415,WO-9294,2501332030929474,IM-003,15569,0.0289,449.94
SO-16214,2026-01-06,CUST-012,Cap,Injection Molding,TR-001-PP-24410,WO-9295,2501322030929575,IM-003,24042,0.0563,1353.56
SO-16215,2026-01-03,CUST-009,Cap,Injection Molding,TR-001-PP-24410,WO-9296,2601412030929676,IM-003,20869,0.0784,1636.13
SO-16216,2026-01-11,CUST-001,Cap,Injection Molding,TR-001-PETG-24410,WO-9297,2601512030929777,IM-003,8197,0.0583,477.89
SO-16217,2026-01-09,CUST-008,Cap,Injection Molding,TR-003-PETG-24415,WO-9298,2601532030929878,IM-003,17173,0.075,1287.97
SO-16218,2026-01-09,CUST-007,Cap,Injection Molding,TR-001-PP-24410,WO-9300,2601712030930080,IM-003,7386,0.0347,256.29
SO-16219,2026-01-08,CUST-009,Cap,Injection Molding,TR-001-PP-24410,WO-9301,2601722030930181,IM-003,11181,0.0499,557.93
SO-16220,2026-01-13,CUST-009,Cap,Injection Molding,TR-001-PP-24410,WO-9302,2602112030930282,IM-003,1036,0.0837,86.71
SO-16221,2026-01-17,CUST-004,Cap,Injection Molding,TR-001-PETG-24410,WO-9305,2602312030930585,IM-003,13447,0.0228,306.59
SO-16222,2026-01-12,CUST-007,Cap,  Injection Molding  ,TR-001-HDPE-24410,WO-9306,2602412030930686,IM-003,12050,0.0548,660.34
SO-16223,2026-01-11,CUST-005,Cap,Injection Molding,TR-003-HDPE-24415,WO-9307,2602432030930787,IM-003,12764,0.0678,865.4
SO-16224,2026-01-16,CUST-014,Cap,Injection Molding,TR-003-HDPE-24415,WO-9308,2602522030930888,IM-003,22116,0.0659,1457.44
SO-16225,2026-01-18,CUST-001,Cap,Injection Molding,TR-003-HDPE-24415,WO-9309,2602612030930989,IM-003,19022,0.074,1407.63
SO-16226,2026-01-20,CUST-002,Cap,Injection Molding,TR-003-PP-PCR-24415,WO-9310,2602712030931090,IM-003,13129,0.0801,1051.63
SO-16227,2026-01-15,CUST-001,Cap,Injection Molding,TR-003-PP-PCR-24415,WO-9311,2603112030931191,IM-003,10653,0.0475,506.02
SO-16228,2026-01-18,CUST-011,Cap,Injection Molding,TR-003-PP-24415,WO-9312,2603232030931292,IM-003,15998,0.0353,564.73
SO-16229,2026-01-25,CUST-006,Cap,Injection Molding,TR-003-HDPE-24415,WO-9313,2603222030931393,IM-003,25109,0.0865,2171.93
SO-16230,2026-01-24,CUST-009,Cap,Injection Molding,TR-003-HDPE-24415,WO-9314,2603312030931494,IM-003,24451,0.0539,1317.91
SO-16231,2026-01-18,CUST-003,Cap,INJECTION MOLDING,TR-003-HDPE-24415,WO-9315,2603412030931595,IM-003,6850,0.0577,395.25
SO-16232,2026-01-17,CUST-012,Cap,Injection Molding,TR-003-PETG-24415,WO-9316,2603422030931696,IM-003,11925,0.0701,835.94
SO-16233,2026-01-20,CUST-011,Cap,Injection Molding,TR-003-PETG-24415,WO-9317,2603512030931797,IM-003,15284,0.059,901.76
SO-16234,2026-01-24,CUST-009,Cap,Injection Molding,TR-003-HDPE-24415,WO-9318,2603632030931898,IM-003,12867,0.0205,263.77
SO-16235,2026-01-21,CUST-002,Cap,Injection Molding,TR-003-HDPE-24415,WO-9320,2603712030932001,IM-003,15350,0.0549,842.71
SO-16236,2026-01-26,CUST-013,Cap,Injection Molding,TR-003-HDPE-24415,WO-9321,2604132030932102,IM-003,23322,0.0724,1688.51
SO-16237,2026-01-26,CUST-008,Cap,Injection Molding,TR-001-PETG-24410,WO-9322,2604132030932203,IM-003,12413,0.0533,661.61
SO-16238,2026-01-31,CUST-003,Cap,Injection Molding,TR-001-PETG-24410,WO-9323,2604212030932304,IM-003,10682,0.0261,278.8
SO-16239,2026-01-27,CUST-010,Cap,Injection Molding,TR-001-PP-24410,WO-9327,2604422030932708,IM-003,18063,0.0233,420.87
SO-16240,2026-02-02,CUST-001,Cap,Injection Molding,TR-001-HDPE-24410,WO-9328,2604512030932809,IM-003,12207,0.0509,621.34
SO-16241,2026-01-28,CUST-009,Cap,Injection Molding,TR-001-HDPE-24410,WO-9329,2604632030932910,IM-003,11839,0.022,260.46
SO-16242,2026-01-29,CUST-008,Cap,Injection Molding,TR-001-HDPE-24410,WO-9330,2604622030933011,IM-003,16518,0.0814,1344.57
SO-16243,2026-02-04,CUST-002,Cap,Injection Molding,TR-003-PP-24415,WO-9331,2604712030933112,IM-003,17210,0.0658,1132.42
SO-16244,2026-02-06,CUST-012,Cap,Injection Molding,TR-003-PP-24415,WO-9332,2605132030933213,IM-003,14703,0.0425,624.88
SO-16245,2026-01-31,CUST-012,Cap,Injection Molding,TR-003-PP-24415,WO-9333,2605122030933314,IM-003,9009,0.022,198.2
SO-16246,2026-02-01,CUST-008,Cap,Injection Molding,TR-003-PETG-24415,WO-9335,2605312030933516,IM-003,14152,0.04,566.08
SO-16247,2026-02-09,CUST-004,Cap,Injection Molding,TR-003-PETG-24415,WO-9336,2605432030933617,IM-003,10566,0.0254,268.38
SO-16248,2026-02-02,CUST-003,Cap,Injection Molding,TR-001-PETG-24410,WO-9337,2605422030933718,IM-003,4738,0.0354,167.73
SO-16249,2026-02-10,CUST-011,Cap,Injection Molding,TR-001-PETG-24410,WO-9338,2605512030933819,IM-003,8107,0.0299,242.4
SO-16250,2026-02-08,CUST-006,Cap,Injection Molding,TR-001-PP-24410,WO-9342,2605722030934223,IM-003,9279,0.0729,676.44
SO-16251,2026-02-04,CUST-002,Cap,Injection Molding,TR-001-PP-24410,WO-9343,2606112030934324,IM-003,6617,0.0606,400.99
SO-16252,2026-02-10,CUST-008,Cap,Injection Molding,TR-001-PP-24410,WO-9344,2606132030934425,IM-003,8646,0.0325,281.0
SO-16253,2026-02-07,CUST-003,Cap,Injection Molding,TR-001-PETG-24410,WO-9345,2606222030934526,IM-003,3832,0.0839,321.5
SO-16254,2026-02-12,CUST-003,Cap,Injection Molding,TR-003-HDPE-24415,WO-9346,2606332030934627,IM-003,18322,0.0761,1394.3
SO-16255,2026-02-09,CUST-007,Cap,Injection Molding,TR-003-HDPE-24415,WO-9349,2606512030934930,IM-003,13326,0.0819,1091.4
SO-16256,2026-02-17,CUST-007,Cap,Injection Molding,TR-001-PP-PCR-24410,WO-9350,2606612030935031,IM-003,18940,0.0862,1632.63
SO-16257,2026-02-16,CUST-002,Cap,Injection Molding,TR-001-PP-PCR-24410,WO-9351,2606632030935132,IM-003,19122,0.0498,952.28
SO-16258,2026-02-10,CUST-010,Cap,Injection Molding,TR-001-PETG-24410,WO-9352,2606722030935233,IM-003,8262,0.0846,698.97
SO-16259,2026-02-14,CUST-002,Cap,Injection Molding,TR-001-PP-24410,WO-9353,2607132030935334,IM-003,7737,0.0804,622.05
SO-16260,2026-02-21,CUST-014,Cap,Injection Molding,TR-003-PETG-24415,WO-9354,2607122030935435,IM-003,22834,0.0358,817.46
SO-16261,2026-02-22,CUST-013,Cap,Injection Molding,TR-001-PP-PCR-24410,WO-9359,2607512030935940,IM-003,20627,0.0679,1400.57
SO-16262,2026-02-17,CUST-014,Cap,injection molding,TR-001-PP-PCR-24410,WO-9360,2607532030936041,IM-003,8219,0.0342,281.09
SO-16263,2026-02-16,CUST-014,Cap,Injection Molding,TR-003-PP-24415,WO-9361,2607622030936142,IM-003,14987,0.0466,698.39
SO-16264,2026-02-19,CUST-012,Cap,Injection Molding,TR-003-PP-24415,WO-9362,2607712030936243,IM-003,15341,0.0523,802.33
SO-16265,2026-02-21,CUST-006,Cap,Injection Molding,TR-003-PP-24415,WO-9363,2608132030936344,IM-003,11147,0.0286,318.8
SO-16266,2026-02-18,CUST-005,Cap,Injection Molding,TR-001-PETG-24410,WO-9364,2608132030936445,IM-003,6882,0.0397,273.22
SO-16267,2026-02-21,CUST-008,Cap,Injection Molding,TR-001-PETG-24410,WO-9365,2608212030936546,IM-003,18673,0.0327,610.61
SO-16268,2026-02-20,CUST-008,Cap,Injection Molding,TR-003-PP-24415,WO-9366,2608332030936647,IM-003,19192,0.0622,1193.74
SO-16269,2026-03-01,CUST-001,Cap,Injection Molding,TR-001-HDPE-24410,WO-9367,2608322030936748,IM-003,10684,0.0675,721.17
SO-16270,2026-02-26,CUST-005,Cap,Injection Molding,TR-001-HDPE-24410,WO-9368,2608412030936849,IM-003,11144,0.0304,338.78
SO-16271,2026-02-24,CUST-009,Cap,Injection Molding,TR-003-PP-PCR-24415,WO-9370,2608522030937051,IM-003,4370,0.0678,296.29
SO-16272,2026-02-27,CUST-004,Cap,Injection Molding,TR-001-HDPE-24410,WO-9372,2608732030937253,IM-003,15617,0.0447,698.08
SO-16273,2026-02-24,CUST-009,Cap,Injection Molding,TR-001-HDPE-24410,WO-9373,2608722030937354,IM-003,7935,0.0333,264.24
SO-16274,2026-02-25,CUST-005,Cap,Injection Molding,TR-001-PETG-24410,WO-9375,2609232030937556,IM-003,13016,0.0897,1167.54
SO-16275,2026-02-28,CUST-007,Cap,Injection Molding,TR-001-PP-24410,WO-9379,2609422030937960,IM-003,15408,0.0237,365.17
SO-16276,2026-03-05,CUST-008,Cap,Injection Molding,TR-003-HDPE-24415,WO-9380,2609522030938061,IM-003,7453,0.0525,391.28
SO-16277,2026-03-05,CUST-009,Cap,Injection Molding,TR-003-PETG-24415,WO-9382,2609732030938263,IM-003,13756,0.0334,459.45
SO-16278,2026-03-07,CUST-010,Cap,Injection Molding,TR-003-PETG-24415,WO-9383,2609722030938364,IM-003,9328,0.0341,318.08
SO-16279,2026-03-04,CUST-010,Cap,Injection Molding,TR-001-HDPE-24410,WO-9385,2610122030938566,IM-003,6916,0.065,449.54
SO-16280,2026-03-06,CUST-002,Cap,Injection Molding,TR-001-HDPE-24410,WO-9386,2610212030938667,IM-003,14088,0.0437,615.65
SO-16281,2026-03-10,CUST-008,Cap,Injection Molding,TR-001-PETG-24410,WO-9387,2610232030938768,IM-003,6410,0.064,410.24
SO-16282,2026-03-10,CUST-003,Cap,Injection Molding,TR-003-HDPE-24415,WO-9392,2610632030939273,IM-003,25957,0.042,1090.19
SO-16283,2026-03-19,CUST-013,Cap,Injection Molding,TR-003-PP-24415,WO-9396,2611132030939677,IM-003,20668,0.0215,444.36
SO-16284,2026-03-17,CUST-009,Cap,Injection Molding,TR-003-PP-PCR-24415,WO-9398,2611312030939879,IM-003,4826,0.0372,179.53
SO-16285,2026-03-18,CUST-014,Cap,Injection Molding,TR-003-PP-PCR-24415,WO-9399,2611322030939980,IM-003,10493,0.0695,729.26
SO-16286,2026-03-22,CUST-005,Cap,Injection Molding,TR-001-PETG-24410,WO-9400,2611412030940081,IM-003,12308,0.0814,1001.87
SO-16287,2026-03-17,CUST-011,Cap,Injection Molding,TR-001-PETG-24410,WO-9401,2611532030940182,IM-003,6888,0.0657,452.54
SO-16288,2026-03-16,CUST-003,Cap,Injection Molding,TR-001-PETG-24410,WO-9402,2611522030940283,IM-003,6734,0.0735,494.95
SO-16289,2026-03-20,CUST-010,Cap,Injection Molding,TR-001-PETG-24410,WO-9406,2612132030940687,IM-003,9956,0.0468,465.94
SO-16290,2026-03-18,CUST-006,Cap,Injection Molding,TR-001-PETG-24410,WO-9407,2612122030940788,IM-003,10597,0.0495,524.55
SO-16291,2026-03-22,CUST-009,Cap,Injection Molding,TR-003-PETG-24415,WO-9408,2612212030940889,IM-003,19623,0.0284,557.29
SO-16292,2026-03-24,CUST-013,Cap,Injection Molding,TR-003-PETG-24415,WO-9409,2612332030940990,IM-003,22494,0.0535,1203.43
SO-16293,2026-03-29,CUST-005,Cap,Injection Molding,TR-003-PETG-24415,WO-9410,2612322030941091,IM-003,21464,0.078,1674.19
SO-16294,2026-03-26,CUST-010,Cap,Injection Molding,TR-003-PP-24415,WO-9411,2612422030941192,IM-003,8653,0.082,709.55
SO-16295,2026-03-30,CUST-006,Cap,Injection Molding,TR-001-PP-24410,WO-9413,2612532030941394,IM-003,6585,0.0706,464.9
SO-16296,2026-03-28,CUST-002,Cap,Injection Molding,TR-003-PETG-24415,WO-9415,2612712030941596,IM-003,9306,0.0555,516.48
SO-16297,2026-03-29,CUST-014,Cap,Injection Molding,TR-001-PETG-24410,WO-9417,2613122030941798,IM-003,17281,0.0505,872.69
SO-16298,2026-04-04,CUST-007,Cap,Injection Molding,TR-003-PP-24415,WO-9418,2613212030941899,IM-003,16925,0.0836,1414.93
SO-16299,2026-04-04,CUST-003,Cap,Injection Molding,TR-003-PETG-24415,WO-9419,2613332030941901,IM-003,12590,0.0653,822.13
SO-16300,2026-04-02,CUST-013,Cap,INJECTION MOLDING,TR-003-PETG-24415,WO-9421,2613412030942103,IM-003,22522,0.0786,1770.23
SO-16301,2026-04-03,CUST-007,Cap,Injection Molding,TR-003-PETG-24415,WO-9422,2613512030942204,IM-003,15059,0.0629,947.21
SO-16302,2026-03-29,CUST-007,Cap,Injection Molding,TR-003-PETG-24415,WO-9423,2613522030942305,IM-003,6860,0.0645,442.47
SO-16303,2026-04-04,CUST-014,Cap,Injection Molding,TR-001-PETG-24410,WO-9424,2613622030942406,IM-003,13346,0.0705,940.89
SO-16304,2026-04-02,CUST-006,Cap,Injection Molding,TR-001-PETG-24410,WO-9425,2613722030942507,IM-003,7121,0.0531,378.13
SO-16305,2026-04-11,CUST-008,Cap,Injection Molding,TR-001-PP-24410,WO-9428,2614222030942810,IM-003,7573,0.0205,155.25
SO-16306,2026-04-12,CUST-014,Cap,Injection Molding,TR-003-PP-24415,WO-9429,2614312030942911,IM-003,13947,0.0288,401.67
SO-16307,2026-04-11,CUST-003,Cap,INJECTION MOLDING,TR-001-PP-24410,WO-9431,2614422030943113,IM-003,13277,0.0327,434.16
SO-16308,2026-04-05,CUST-014,Cap,Injection Molding,TR-001-PP-24410,WO-9432,2614512030943214,IM-003,5889,0.0732,431.07
SO-16309,2026-04-13,CUST-014,Cap,Injection Molding,TR-003-HDPE-24415,WO-9434,2614622030943416,IM-003,14500,0.0334,484.3
SO-16310,2026-04-15,CUST-007,Cap,Injection Molding,TR-003-HDPE-24415,WO-9435,2614732030943517,IM-003,8802,0.032,281.66
SO-16311,2026-04-14,CUST-010,Cap,Injection Molding,TR-003-PP-PCR-24415,WO-9436,2614722030943618,IM-003,10169,0.0769,782.0
SO-16312,2026-04-15,CUST-002,Cap,Injection Molding,TR-003-PETG-24415,WO-9438,2615232030943820,IM-003,18116,0.0402,728.26
SO-16313,2026-04-16,CUST-003,Cap,Injection Molding,TR-003-PP-24415,WO-9439,2615222030943921,IM-003,9414,0.0476,448.11
SO-16314,2026-04-10,CUST-001,Cap,Injection Molding,TR-003-PP-24415,WO-9440,2615312030944022,IM-003,23174,0.0413,957.09
SO-16315,2026-04-15,CUST-013,Cap,Injection Molding,TR-003-PP-PCR-24415,WO-9441,2615432030944123,IM-003,9271,0.0615,570.17
SO-16316,2026-04-20,CUST-006,Cap,Injection Molding,TR-003-PP-PCR-24415,WO-9442,2615422030944224,IM-003,22892,0.0388,888.21
SO-16317,2026-04-17,CUST-013,Cap,Injection Molding,TR-003-PP-PCR-24415,WO-9443,2615522030944325,IM-003,17597,0.047,827.06
SO-16318,2026-04-23,CUST-008,Cap,INJECTION MOLDING,TR-003-PETG-24415,WO-9444,2615612030944426,IM-003,12564,0.0804,1010.15
SO-16319,2026-04-21,CUST-009,Cap,Injection Molding,TR-003-PETG-24415,WO-9445,2615732030944527,IM-003,7858,0.0608,477.77
SO-16320,2026-04-19,CUST-013,Cap,Injection Molding,TR-003-PETG-24415,WO-9446,2615712030944628,IM-003,14581,0.0565,823.83
SO-16321,2026-04-16,CUST-013,Cap,Injection Molding,TR-003-PP-24415,WO-9447,2616132030944729,IM-003,16808,0.0514,863.93
SO-16322,2026-04-17,CUST-011,Cap,Injection Molding,TR-003-PP-24415,WO-9448,2616132030944830,IM-003,7710,0.0417,321.51
SO-16323,2026-04-25,CUST-003,Cap,INJECTION MOLDING,TR-003-PP-24415,WO-9449,2616212030944931,IM-003,14698,0.0871,1280.2
SO-16324,2026-04-25,CUST-011,Cap,Injection Molding,TR-003-PP-24415,WO-9450,2616332030945032,IM-003,19150,0.0329,630.03
SO-16325,2026-04-19,CUST-001,Cap,Injection Molding,TR-003-HDPE-24415,WO-9451,2616322030945133,IM-003,16096,0.0572,920.69
SO-16326,2026-04-20,CUST-004,Cap,Injection Molding,TR-003-HDPE-24415,WO-9452,2616412030945234,IM-003,11321,0.0455,515.11
SO-16327,2026-04-24,CUST-004,Cap,Injection Molding,TR-003-PP-PCR-24415,WO-9453,2616532030945335,IM-003,13434,0.0234,314.36
SO-16328,2026-04-20,CUST-012,Cap,Injection Molding,TR-003-PP-PCR-24415,WO-9454,2616522030945436,IM-003,6498,0.0892,579.62
SO-16329,2026-04-27,CUST-010,Cap,Injection Molding,TR-003-PP-PCR-24415,WO-9455,2616632030945537,IM-003,8027,0.0821,659.02
SO-16330,2026-05-01,CUST-011,Cap,Injection Molding,TR-003-PP-PCR-24415,WO-9457,2616722030945739,IM-003,10622,0.0727,772.22
SO-16331,2026-04-24,CUST-013,Cap,Injection Molding,TR-003-PP-PCR-24415,WO-9458,2617132030945840,IM-003,8675,0.0719,623.73
SO-16332,2026-04-25,CUST-010,Cap,Injection Molding,TR-003-PP-PCR-24415,WO-9459,2617112030945941,IM-003,13545,0.051,690.79
SO-16333,2026-04-23,CUST-008,Cap,Injection Molding,TR-001-HDPE-24410,WO-9460,2617232030946042,IM-003,7203,0.0636,458.11
SO-16334,2026-05-02,CUST-004,Cap,Injection Molding,TR-003-PETG-24415,WO-9461,2617212030946143,IM-003,15525,0.0208,322.92
SO-16335,2026-04-26,CUST-003,Cap,Injection Molding,TR-003-PETG-24415,WO-9462,2617332030946244,IM-003,14157,0.0603,853.67
SO-16336,2026-04-25,CUST-008,Cap,Injection Molding,TR-003-PP-PCR-24415,WO-9463,2617322030946345,IM-003,18225,0.0358,652.45
SO-16337,2026-05-04,CUST-007,Cap,Injection Molding,TR-003-PP-PCR-24415,WO-9464,2617422030946446,IM-003,23045,0.0346,797.36
SO-16338,2026-05-04,CUST-010,Cap,Injection Molding,TR-003-PP-PCR-24415,WO-9465,2617522030946547,IM-003,8097,0.0892,722.25
SO-16339,2026-04-28,CUST-013,Cap,Injection Molding,TR-003-PETG-24415,WO-9466,2617622030946648,IM-003,11587,0.0798,924.64
SO-16340,2026-05-01,CUST-006,Cap,Injection Molding,TR-001-PETG-24410,WO-9467,2617722030946749,IM-003,6035,0.0658,397.1
SO-16341,2026-05-08,CUST-006,Cap,Injection Molding,TR-001-PETG-24410,WO-9468,2618112030946850,IM-003,14004,0.0621,869.65
SO-16342,2026-05-08,CUST-011,Cap,Injection Molding,TR-001-PETG-24410,WO-9469,2618132030946951,IM-003,2074,0.0692,143.52
SO-16343,2026-04-30,CUST-002,Cap,Injection Molding,TR-003-PP-24415,WO-9470,2618232030947052,IM-003,13252,0.0645,854.75
SO-16344,2026-05-03,CUST-012,Cap,Injection Molding,TR-003-PP-24415,WO-9471,2618322030947153,IM-003,12546,0.0701,879.47
SO-16345,2026-05-11,CUST-003,Cap,Injection Molding,TR-001-PP-24410,WO-9477,2618712030947759,IM-003,9260,0.0517,478.74
SO-16346,2026-05-14,CUST-005,Cap,Injection Molding,TR-003-PP-24415,WO-9478,2618722030947860,IM-003,11538,0.0412,475.37
SO-16347,2026-05-14,CUST-008,Cap,injection molding,TR-003-PP-24415,WO-9479,2619122030947961,IM-003,22564,0.0404,911.59
SO-16348,2026-05-17,CUST-002,Cap,Injection Molding,TR-001-PP-24410,WO-9482,2619312030948264,IM-003,11587,0.0367,425.24
SO-16349,2026-05-13,CUST-007,Cap,Injection Molding,TR-001-PP-24410,WO-9483,2619412030948365,IM-003,12351,0.0361,445.87
SO-16350,2026-05-11,CUST-012,Cap,Injection Molding,TR-001-PP-24410,WO-9484,2619422030948466,IM-003,5091,0.0824,419.5
SO-16351,2026-05-12,CUST-008,Cap,Injection Molding,TR-003-PP-24415,WO-9488,2619732030948870,IM-003,12313,0.0503,619.34
SO-16352,2026-05-18,CUST-002,Cap,Injection Molding,TR-003-PP-24415,WO-9489,2619722030948971,IM-003,18771,0.0476,893.5
SO-16353,2026-05-20,CUST-011,Cap,Injection Molding,TR-001-PP-24410,WO-9490,2620122030949072,IM-003,15018,0.0811,1217.96
SO-16354,2026-05-24,CUST-013,Cap,Injection Molding,TR-001-PP-24410,WO-9491,2620212030949173,IM-003,9674,0.0391,378.25
SO-16355,2026-05-22,CUST-013,Cap,Injection Molding,TR-001-PP-24410,WO-9492,2620332030949274,IM-003,7618,0.0879,669.62
SO-16356,2026-05-15,CUST-014,Cap,Injection Molding,TR-001-PP-24410,WO-9493,2620322030949375,IM-003,5903,0.0675,398.45
SO-16357,2026-05-19,CUST-004,Cap,  Injection Molding  ,TR-003-PP-PCR-24415,WO-9494,2620412030949476,IM-003,18219,0.0757,1379.18
SO-16358,2026-05-26,CUST-001,Cap,Injection Molding,TR-001-PETG-24410,WO-9495,2620532030949577,IM-003,13604,0.0626,851.61
SO-16359,2026-05-19,CUST-010,Cap,Injection Molding,TR-001-PETG-24410,WO-9496,2620532030949678,IM-003,15524,0.056,869.34
SO-16360,2026-05-23,CUST-007,Cap,Injection Molding,TR-001-PP-24410,WO-9497,2620612030949779,IM-003,13693,0.0611,836.64
SO-16361,2026-05-28,CUST-005,Cap,Injection Molding,TR-001-PP-24410,WO-9498,2620732030949880,IM-003,12046,0.0675,813.11
SO-16362,2026-05-29,CUST-007,Cap,Injection Molding,TR-003-PP-24415,WO-9499,2620722030949981,IM-003,8806,0.0526,463.2
SO-16363,2026-05-29,CUST-012,Cap,Injection Molding,TR-001-PP-PCR-24410,WO-9500,2621112030950082,IM-003,10037,0.0228,228.84
SO-16364,2026-05-30,CUST-007,Cap,Injection Molding,TR-001-PP-PCR-24410,WO-9501,2621232030950183,IM-003,15849,0.0518,820.98
SO-16365,2026-05-28,CUST-012,Cap,injection molding,TR-003-PP-24415,WO-9506,2621532030950688,IM-003,4419,0.082,362.36
SO-16366,2026-05-26,CUST-004,Cap,Injection Molding,TR-001-PETG-24410,WO-9510,2621722030951092,IM-003,11411,0.0827,943.69
SO-16367,2026-06-03,CUST-012,Cap,Injection Molding,TR-003-HDPE-24415,WO-9511,2622112030951193,IM-003,15309,0.0231,353.64
SO-16368,2026-06-01,CUST-002,Cap,Injection Molding,TR-003-HDPE-24415,WO-9512,2622232030951294,IM-003,11266,0.0726,817.91
SO-16369,2026-05-28,CUST-006,Cap,Injection Molding,TR-003-HDPE-24415,WO-9513,2622222030951395,IM-003,21555,0.075,1616.62
SO-16370,2026-06-02,CUST-009,Cap,Injection Molding,TR-001-PP-PCR-24410,WO-9516,2622532030951698,IM-003,16436,0.0509,836.59
SO-16371,2026-06-09,CUST-008,Cap,Injection Molding,TR-001-PP-PCR-24410,WO-9517,2622522030951799,IM-003,12183,0.0693,844.28
SO-16372,2026-06-08,CUST-011,Cap,Injection Molding,TR-003-PETG-24415,WO-9519,2622732030951902,IM-003,21241,0.0639,1357.3
SO-16373,2026-06-09,CUST-013,Cap,injection molding,TR-003-PP-24415,WO-9523,2623332030952306,IM-003,17189,0.0311,534.58
SO-16374,2026-06-11,CUST-007,Cap,Injection Molding,TR-003-PP-24415,WO-9524,2623322030952407,IM-003,11972,0.0853,1021.21
SO-16375,2026-06-13,CUST-006,Cap,Injection Molding,TR-003-PP-24415,WO-9525,2623412030952508,IM-003,16974,0.0558,947.15
SO-16376,2026-06-16,CUST-010,Cap,Injection Molding,TR-001-PP-PCR-24410,WO-9526,2623512030952609,IM-003,18445,0.0216,398.41
SO-16377,2026-06-11,CUST-009,Cap,injection molding,TR-001-PP-PCR-24410,WO-9527,2623632030952710,IM-003,14285,0.0207,295.7
SO-16378,2026-06-18,CUST-007,Cap,Injection Molding,TR-003-PP-PCR-24415,WO-9528,2623732030952811,IM-003,9944,0.0598,594.65
SO-16379,2026-06-13,CUST-006,Cap,Injection Molding,TR-003-PP-PCR-24415,WO-9529,2623712030952912,IM-003,10295,0.0258,265.61
SO-16380,2026-06-18,CUST-011,Cap,Injection Molding,TR-003-HDPE-24415,WO-9533,2624332030953316,IM-003,12226,0.0684,836.26
SO-16381,2026-06-23,CUST-009,Cap,Injection Molding,TR-003-PETG-24415,WO-9537,2624522030953720,IM-003,10224,0.0542,554.14
SO-16382,2026-06-21,CUST-014,Cap,Injection Molding,TR-001-PETG-24410,WO-9538,2624622030953821,IM-003,11237,0.0456,512.41
SO-16383,2026-06-21,CUST-007,Cap,Injection Molding,TR-001-PETG-24410,WO-9539,2624732030953922,IM-003,15028,0.0256,384.72
SO-16384,2026-06-26,CUST-001,Cap,Injection Molding,TR-001-HDPE-24410,WO-9540,2624732030954023,IM-003,10843,0.0763,827.32
SO-16385,2026-06-19,CUST-003,Cap,Injection Molding,TR-001-HDPE-24410,WO-9541,2625112030954124,IM-003,9307,0.0481,447.67
SO-16386,2026-06-22,CUST-008,Cap,Injection Molding,TR-001-HDPE-24410,WO-9542,2625232030954225,IM-003,5979,0.0573,342.6
SO-16387,2026-06-21,CUST-005,Cap,Injection Molding,TR-001-PP-24410,WO-9543,2625222030954326,IM-003,7044,0.0363,255.7
SO-16388,2026-06-24,CUST-004,Cap,Injection Molding,TR-001-PP-24410,WO-9544,2625332030954427,IM-003,4776,0.0447,213.49
SO-16389,2026-06-24,CUST-007,Cap,injection molding,TR-001-PP-24410,WO-9545,2625322030954528,IM-003,7580,0.0206,156.15
SO-16390,2026-06-22,CUST-013,Cap,Injection Molding,TR-003-PP-24415,WO-9546,2625412030954629,IM-003,13176,0.0895,1179.25
SO-16391,2026-06-28,CUST-014,Cap,Injection Molding,TR-001-PETG-24410,WO-9547,2625532030954730,IM-003,24162,0.0849,2051.35
SO-16392,2026-06-22,CUST-001,Cap,Injection Molding,TR-001-PETG-24410,WO-9548,2625522030954831,IM-003,9239,0.0541,499.83
SO-16393,2026-06-25,CUST-005,Cap,Injection Molding,TR-001-PETG-24410,WO-9549,2625612030954932,IM-003,16596,0.063,1045.55
SO-16394,2026-06-25,CUST-008,Cap,Injection Molding,TR-003-PETG-24415,WO-9550,2625632030955033,IM-003,17430,0.0263,458.41
SO-16395,2026-07-03,CUST-013,Cap,Injection Molding,TR-001-PP-24410,WO-9551,2625722030955134,IM-003,6570,0.0639,419.82
SO-16396,2026-06-30,CUST-011,Cap,Injection Molding,TR-003-PP-PCR-24415,WO-9554,2626212030955437,IM-003,6396,0.0246,157.34
SO-16397,2026-07-03,CUST-001,Cap,Injection Molding,TR-003-PP-PCR-24415,WO-9555,2626222030955538,IM-003,15096,0.0593,895.19
SO-16398,2026-06-28,CUST-001,Cap,Injection Molding,TR-003-PP-24415,WO-9557,2626432030955740,IM-003,10498,0.0767,805.2
SO-16399,2026-07-04,CUST-005,Cap,Injection Molding,TR-003-PP-PCR-24415,WO-9558,2626412030955841,IM-003,9358,0.0586,548.38
SO-16400,2026-07-03,CUST-011,Cap,Injection Molding,TR-003-PP-PCR-24415,WO-9559,2626432030955942,IM-003,24958,0.0544,1357.72
SO-16401,2026-07-05,CUST-011,Cap,Injection Molding,TR-001-PP-24410,WO-9560,2626522030956043,IM-003,8715,0.0332,289.34
SO-16402,2026-06-30,CUST-012,Cap,Injection Molding,TR-001-PP-24410,WO-9561,2626612030956144,IM-003,20314,0.0878,1783.57
SO-16403,2026-07-03,CUST-014,Cap,injection molding,TR-001-PP-24410,WO-9562,2626732030956245,IM-003,12900,0.0388,500.52
SO-16404,2026-07-08,CUST-005,Cap,Injection Molding,TR-001-HDPE-24410,WO-9563,2626722030956346,IM-003,23282,0.0596,1387.61
SO-16405,2026-07-04,CUST-001,Cap,Injection Molding,TR-001-HDPE-24410,WO-9564,2627122030956447,IM-003,11235,0.0301,338.17
SO-16406,2026-07-11,CUST-007,Cap,Injection Molding,TR-001-HDPE-24410,WO-9565,2627212030956548,IM-003,18219,0.0496,903.66
SO-16407,2026-07-08,CUST-008,Cap,Injection Molding,TR-003-HDPE-24415,WO-9566,2627332030956649,IM-003,11371,0.0352,400.26
SO-16408,2026-07-13,CUST-012,Cap,Injection Molding,TR-001-PP-24410,WO-9567,2627322030956750,IM-003,10359,0.0412,426.79
SO-16409,2026-07-05,CUST-005,Cap,Injection Molding,TR-001-PP-24410,WO-9568,2627432030956851,IM-003,8464,0.0464,392.73
SO-16410,2026-07-12,CUST-014,Cap,Injection Molding,TR-003-HDPE-24415,WO-9570,2627522030957053,IM-003,7654,0.038,290.85
SO-16411,2026-07-07,CUST-006,Cap,Injection Molding,TR-003-PETG-24415,WO-9571,2627632030957154,IM-003,6360,0.0578,367.61
SO-16412,2026-07-10,CUST-014,Cap,Injection Molding,TR-003-PETG-24415,WO-9572,2627622030957255,IM-003,9990,0.0776,775.22
SO-16413,2026-07-14,CUST-014,Cap,Injection Molding,TR-003-PP-PCR-24415,WO-9573,2627712030957356,IM-003,7211,0.0807,581.93
SO-16414,2026-07-08,CUST-009,Cap,Injection Molding,TR-003-PP-PCR-24415,WO-9574,2627732030957457,IM-003,10367,0.0468,485.18
SO-16415,2026-07-18,CUST-001,Cap,Injection Molding,TR-003-PP-PCR-24415,WO-9575,2628112030957558,IM-003,16573,0.0524,868.43
SO-16416,2026-07-16,CUST-012,Cap,Injection Molding,TR-001-PETG-24410,WO-9576,2628212030957659,IM-003,12029,0.0865,1040.51
SO-16417,2026-07-18,CUST-013,Cap,Injection Molding,TR-001-PETG-24410,WO-9577,2628222030957760,IM-003,7418,0.0407,301.91
SO-16418,2026-07-19,CUST-010,Cap,Injection Molding,TR-001-PP-24410,WO-9579,2628332030957962,IM-003,7927,0.0827,655.56
SO-16419,2026-07-22,CUST-012,Cap,Injection Molding,TR-001-PETG-24410,WO-9582,2628522030958265,IM-003,6106,0.0272,166.08
SO-16420,2026-07-21,CUST-002,Cap,Injection Molding,TR-001-PETG-24410,WO-9583,2628612030958366,IM-003,3665,0.0793,290.63
SO-16421,2026-07-20,CUST-011,Cap,Injection Molding,TR-003-PP-24415,WO-9584,2628632030958467,IM-003,14622,0.0545,796.9
SO-16422,2026-07-20,CUST-001,Cap,Injection Molding,TR-003-PP-24415,WO-9585,2628712030958568,IM-003,14559,0.039,567.8
SO-16423,2026-07-19,CUST-001,Cap,Injection Molding,TR-003-PP-24415,WO-9586,2629132030958669,IM-003,9313,0.0701,652.84
SO-16424,2026-07-21,CUST-007,Cap,Injection Molding,TR-001-PP-PCR-24410,WO-9588,2629212030958871,IM-003,9386,0.0365,342.59
SO-16425,2026-07-19,CUST-011,Cap,Injection Molding,TR-001-PP-PCR-24410,WO-9589,2629332030958972,IM-003,6542,0.0497,325.14
SO-16426,2026-07-26,CUST-010,Cap,injection molding,TR-003-PP-PCR-24415,WO-9592,2629532030959275,IM-003,9993,0.0608,607.57
SO-16427,2026-07-25,CUST-011,Cap,Injection Molding,TR-001-PETG-24410,WO-9593,2629532030959376,IM-003,8720,0.0755,658.36
SO-16428,2026-07-20,CUST-011,Cap,Injection Molding,TR-001-PETG-24410,WO-9594,2629612030959477,IM-003,12473,0.0829,1034.01
SO-16429,2026-07-21,CUST-008,Cap,  Injection Molding  ,TR-003-PP-PCR-24415,WO-9595,2629732030959578,IM-003,14025,0.0511,716.68
SO-16430,2026-07-22,CUST-012,Cap,Injection Molding,TR-003-PP-PCR-24415,WO-9596,2630132030959679,IM-003,13678,0.067,916.43
SO-16431,2026-07-27,CUST-014,Cap,INJECTION MOLDING,TR-001-HDPE-24410,WO-9597,2630122030959780,IM-003,8069,0.0877,707.65
SO-16432,2026-07-24,CUST-011,Cap,Injection Molding,TR-003-HDPE-24415,WO-9599,2630222030959982,IM-003,16116,0.0372,599.52
SO-16433,2026-08-02,CUST-007,Cap,Injection Molding,TR-001-PP-24410,WO-9600,2630312030960083,IM-003,10949,0.0842,921.91
SO-16434,2026-07-27,CUST-006,Cap,Injection Molding,TR-001-PP-24410,WO-9601,2630322030960184,IM-003,9892,0.0899,889.29
SO-16435,2026-08-01,CUST-007,Cap,Injection Molding,TR-001-PP-24410,WO-9602,2630422030960285,IM-003,10306,0.0553,569.92
SO-16436,2026-08-03,CUST-002,Cap,  Injection Molding  ,TR-001-PP-PCR-24410,WO-9604,2630522030960487,IM-003,3375,0.0805,271.69
SO-16437,2026-07-26,CUST-014,Cap,Injection Molding,TR-001-PP-PCR-24410,WO-9605,2630632030960588,IM-003,6261,0.0692,433.26
SO-16438,2026-08-01,CUST-004,Cap,Injection Molding,TR-003-PP-24415,WO-9606,2630622030960689,IM-003,11501,0.0645,741.81
SO-16439,2026-08-02,CUST-002,Cap,Injection Molding,TR-001-HDPE-24410,WO-9607,2630712030960790,IM-003,10218,0.0478,488.42
SO-16440,2026-08-04,CUST-009,Cap,Injection Molding,TR-003-PP-PCR-24415,WO-9608,2630722030960891,IM-003,13547,0.0358,484.98
SO-16441,2026-08-02,CUST-012,Cap,Injection Molding,TR-003-HDPE-24415,WO-9609,2631112030960992,IM-003,17802,0.0273,485.99
SO-16442,2026-07-31,CUST-005,Cap,injection molding,TR-003-HDPE-24415,WO-9610,2631212030961093,IM-003,12202,0.0757,923.69
SO-16443,2026-07-31,CUST-014,Cap,Injection Molding,TR-003-HDPE-24415,WO-9611,2631232030961194,IM-003,8535,0.0616,525.76
SO-16444,2026-08-02,CUST-011,Cap,Injection Molding,TR-003-PP-24415,WO-9612,2631312030961295,IM-003,9121,0.0656,598.34
SO-16445,2026-07-31,CUST-007,Cap,Injection Molding,TR-003-PP-24415,WO-9613,2631432030961396,IM-003,9156,0.081,741.64
SO-16446,2026-08-01,CUST-009,Cap,Injection Molding,TR-001-PP-24410,WO-9614,2631422030961497,IM-003,11127,0.0795,884.6
SO-16447,2026-08-02,CUST-002,Cap,injection molding,TR-003-HDPE-24415,WO-9615,2631512030961598,IM-003,16699,0.0898,1499.57
SO-16448,2026-08-07,CUST-004,Cap,Injection Molding,TR-003-HDPE-24415,WO-9616,2631612030961699,IM-003,14771,0.082,1211.22
SO-16449,2026-08-13,CUST-008,Cap,Injection Molding,TR-003-HDPE-24415,WO-9617,2631732030961701,IM-003,17621,0.0854,1504.83
SO-16450,2026-08-13,CUST-012,Cap,Injection Molding,TR-003-PP-24415,WO-9618,2632132030961802,IM-003,10986,0.0364,399.89
SO-16451,2026-08-08,CUST-014,Cap,Injection Molding,TR-003-PETG-24415,WO-9619,2632122030961903,IM-003,13495,0.0522,704.44
SO-16452,2026-08-10,CUST-003,Cap,injection molding,TR-003-PETG-24415,WO-9620,2632212030962004,IM-003,26185,0.0726,1901.03
SO-16453,2026-08-07,CUST-003,Cap,Injection Molding,TR-003-PETG-24415,WO-9622,2632432030962206,IM-003,9855,0.0245,241.45
SO-16454,2026-08-18,CUST-014,Cap,Injection Molding,TR-001-PP-24410,WO-9623,2632422030962307,IM-003,13143,0.0718,943.67
SO-16455,2026-08-17,CUST-009,Cap,Injection Molding,TR-001-PP-24410,WO-9624,2632512030962408,IM-003,9653,0.0493,475.89
SO-16456,2026-08-17,CUST-012,Cap,Injection Molding,TR-001-PP-24410,WO-9625,2632532030962509,IM-003,8380,0.0862,722.36
SO-16457,2026-08-12,CUST-014,Cap,Injection Molding,TR-003-HDPE-24415,WO-9626,2632612030962610,IM-003,4951,0.0394,195.07
SO-16458,2026-08-18,CUST-014,Cap,Injection Molding,TR-001-PETG-24410,WO-9627,2632622030962711,IM-003,15852,0.0359,569.09
SO-16459,2026-08-18,CUST-003,Cap,Injection Molding,TR-001-PP-PCR-24410,WO-9628,2632712030962812,IM-003,7895,0.0361,285.01
SO-16460,2026-08-15,CUST-005,Cap,Injection Molding,TR-003-PETG-24415,WO-9629,2633132030962913,IM-003,26167,0.0644,1685.15
SO-16461,2026-08-15,CUST-013,Cap,Injection Molding,TR-001-PP-24410,WO-9630,2633132030963014,IM-003,23639,0.0872,2061.32
SO-16462,2026-08-19,CUST-012,Cap,Injection Molding,TR-001-PP-24410,WO-9631,2633222030963115,IM-003,9992,0.0377,376.7
SO-16463,2026-08-20,CUST-002,Cap,Injection Molding,TR-003-HDPE-24415,WO-9632,2633312030963216,IM-003,21604,0.0301,650.28
SO-16464,2026-08-22,CUST-008,Cap,Injection Molding,TR-001-HDPE-24410,WO-9633,2633412030963317,IM-003,4859,0.0845,410.59
SO-16465,2026-08-17,CUST-002,Cap,Injection Molding,TR-001-HDPE-24410,WO-9634,2633422030963418,IM-003,11836,0.0204,241.45
SO-16466,2026-08-19,CUST-014,Cap,Injection Molding,TR-003-PETG-24415,WO-9638,2633722030963822,IM-003,16653,0.0494,822.66
SO-16467,2026-08-25,CUST-014,Cap,Injection Molding,TR-003-PETG-24415,WO-9639,2634112030963923,IM-003,13485,0.072,970.92
SO-16468,2026-08-25,CUST-008,Cap,Injection Molding,TR-003-HDPE-24415,WO-9640,2634232030964024,IM-003,11562,0.0851,983.93
SO-16469,2026-08-24,CUST-002,Cap,Injection Molding,TR-003-HDPE-24415,WO-9641,2634222030964125,IM-003,6933,0.0269,186.5
SO-16470,2026-08-20,CUST-008,Cap,Injection Molding,TR-003-HDPE-24415,WO-9642,2634312030964226,IM-003,7980,0.0782,624.04
SO-16471,2026-08-23,CUST-014,Cap,Injection Molding,TR-003-PETG-24415,WO-9643,2634322030964327,IM-003,19811,0.0625,1238.19
SO-16472,2026-08-27,CUST-010,Cap,Injection Molding,TR-003-PETG-24415,WO-9644,2634422030964428,IM-003,11391,0.0794,904.45
SO-16473,2026-09-02,CUST-011,Cap,Injection Molding,TR-003-PETG-24415,WO-9645,2634512030964529,IM-003,12248,0.0516,632.0
SO-16474,2026-09-03,CUST-014,Cap,Injection Molding,TR-003-PP-PCR-24415,WO-9649,2635112030964933,IM-003,8154,0.0711,579.75
SO-16475,2026-08-31,CUST-002,Cap,Injection Molding,TR-001-HDPE-24410,WO-9650,2635132030965034,IM-003,9780,0.0465,454.77
SO-16476,2026-09-01,CUST-008,Cap,Injection Molding,TR-001-HDPE-24410,WO-9651,2635222030965135,IM-003,13956,0.059,823.4
SO-16477,2026-09-10,CUST-005,Cap,Injection Molding,TR-003-HDPE-24415,WO-9657,2635612030965741,IM-003,6131,0.0888,544.43
SO-16478,2026-09-06,CUST-010,Cap,Injection Molding,TR-003-HDPE-24415,WO-9660,2636122030966044,IM-003,17826,0.0446,795.04
SO-16479,2026-09-09,CUST-003,Cap,  Injection Molding  ,TR-003-HDPE-24415,WO-9661,2636222030966145,IM-003,8191,0.0583,477.54
SO-16480,2026-09-10,CUST-014,Cap,Injection Molding,TR-003-HDPE-24415,WO-9662,2636332030966246,IM-003,12067,0.0477,575.6
SO-16481,2026-09-11,CUST-004,Cap,Injection Molding,TR-003-PP-PCR-24415,WO-9666,2636522030966650,IM-003,9279,0.0655,607.77
SO-16482,2026-09-16,CUST-013,Cap,Injection Molding,TR-003-PP-PCR-24415,WO-9667,2636612030966751,IM-003,12278,0.0561,688.8
SO-16483,2026-09-07,CUST-008,Cap,INJECTION MOLDING,TR-003-PP-PCR-24415,WO-9668,2636712030966852,IM-003,7537,0.0577,434.88
SO-16484,2026-09-16,CUST-012,Cap,Injection Molding,TR-001-PP-24410,WO-9672,2637222030967256,IM-003,12851,0.0705,906.0
SO-16485,2026-09-17,CUST-013,Cap,INJECTION MOLDING,TR-001-PP-24410,WO-9673,2637322030967357,IM-003,11720,0.064,750.08
SO-16486,2026-09-12,CUST-006,Cap,Injection Molding,TR-001-PP-24410,WO-9674,2637432030967458,IM-003,8378,0.0597,500.17
SO-16487,2026-09-15,CUST-005,Cap,injection molding,TR-001-PP-24410,WO-9675,2637412030967559,IM-003,10436,0.0222,231.68
SO-16488,2026-09-22,CUST-005,Cap,Injection Molding,TR-001-PP-24410,WO-9676,2637532030967660,IM-003,2757,0.0469,129.3
SO-16489,2026-09-19,CUST-005,Cap,Injection Molding,TR-003-HDPE-24415,WO-9680,2638112030968064,IM-003,12719,0.0877,1115.46
SO-16490,2026-09-23,CUST-008,Cap,Injection Molding,TR-001-HDPE-24410,WO-9682,2638222030968266,IM-003,18586,0.0617,1146.76
SO-16491,2026-09-20,CUST-004,Cap,Injection Molding,TR-001-HDPE-24410,WO-9683,2638312030968367,IM-003,11672,0.0255,297.64
SO-16492,2026-09-26,CUST-008,Cap,Injection Molding,TR-001-HDPE-24410,WO-9684,2638432030968468,IM-003,5263,0.0581,305.78
SO-16493,2026-09-19,CUST-013,Cap,Injection Molding,TR-003-PETG-24415,WO-9685,2638422030968569,IM-003,14120,0.0623,879.68
SO-16494,2026-09-20,CUST-012,Cap,Injection Molding,TR-003-HDPE-24415,WO-9686,2638512030968670,IM-003,16647,0.0424,705.83
SO-16495,2026-09-24,CUST-007,Cap,Injection Molding,TR-003-PP-PCR-24415,WO-9687,2638632030968771,IM-003,5603,0.0347,194.42
SO-16496,2026-09-23,CUST-008,Cap,injection molding,TR-003-PP-PCR-24415,WO-9691,2639232030969175,IM-003,14700,0.0571,839.37
SO-16497,2026-09-28,CUST-001,Cap,Injection Molding,TR-003-PP-PCR-24415,WO-9692,2639222030969276,IM-003,15321,0.048,735.41
SO-16498,2026-10-02,CUST-013,Cap,Injection Molding,TR-003-PP-PCR-24415,WO-9693,2639312030969377,IM-003,10003,0.0483,483.14
SO-16499,2026-10-03,CUST-004,Cap,  Injection Molding  ,TR-001-PETG-24410,WO-9694,2639432030969478,IM-003,9618,0.0898,863.7
SO-16500,2026-10-01,CUST-013,Cap,Injection Molding,TR-001-PP-24410,WO-9695,2639422030969579,IM-003,10893,0.0603,656.85
SO-16501,2026-10-06,CUST-012,Cap,Injection Molding,TR-001-PP-PCR-24410,WO-9698,2639612030969882,IM-003,20081,0.0292,586.37
SO-16502,2026-10-08,CUST-012,Cap,Injection Molding,TR-001-PP-PCR-24410,WO-9699,2639732030969983,IM-003,13825,0.0386,533.64
SO-16503,2026-10-04,CUST-001,Cap,Injection Molding,TR-001-PP-PCR-24410,WO-9700,2639722030970084,IM-003,6593,0.0334,220.21
SO-16504,2026-10-09,CUST-008,Cap,Injection Molding,TR-001-HDPE-24410,WO-9701,2640112030970185,IM-003,16681,0.0466,777.33
SO-16505,2026-10-03,CUST-012,Cap,Injection Molding,TR-001-HDPE-24410,WO-9702,2640232030970286,IM-003,9056,0.0361,326.92
SO-16506,2026-10-02,CUST-003,Cap,INJECTION MOLDING,TR-001-HDPE-24410,WO-9703,2640232030970387,IM-003,14162,0.072,1019.66
SO-16507,2026-10-05,CUST-006,Cap,Injection Molding,TR-003-PETG-24415,WO-9708,2640522030970892,IM-003,18595,0.048,892.56
SO-16508,2026-10-11,CUST-002,Cap,  Injection Molding  ,TR-003-PETG-24415,WO-9709,2640612030970993,IM-003,10137,0.07,709.59
SO-16509,2026-10-06,CUST-011,Cap,Injection Molding,TR-003-PETG-24415,WO-9710,2640712030971094,IM-003,10740,0.0886,951.56
SO-16510,2026-10-08,CUST-010,Cap,Injection Molding,TR-003-PETG-24415,WO-9711,2640732030971195,IM-003,9808,0.0673,660.08
SO-16511,2026-10-14,CUST-007,Cap,Injection Molding,TR-003-PP-24415,WO-9713,2641232030971397,IM-003,11252,0.0482,542.35
SO-16512,2026-10-13,CUST-009,Cap,Injection Molding,TR-001-PETG-24410,WO-9717,2641422030971702,IM-003,12510,0.0638,798.14
SO-16513,2026-10-14,CUST-012,Cap,Injection Molding,TR-001-PETG-24410,WO-9718,2641512030971803,IM-003,1310,0.0395,51.74
SO-16514,2026-10-16,CUST-008,Cap,Injection Molding,TR-001-PETG-24410,WO-9719,2641612030971904,IM-003,13374,0.0701,937.52
SO-16515,2026-10-16,CUST-004,Cap,INJECTION MOLDING,TR-001-PETG-24410,WO-9720,2641632030972005,IM-003,7515,0.0725,544.84
SO-16516,2026-10-23,CUST-004,Cap,Injection Molding,TR-001-PETG-24410,WO-9721,2641712030972106,IM-003,19556,0.0689,1347.41
SO-16517,2026-10-15,CUST-012,Cap,Injection Molding,TR-003-PETG-24415,WO-9722,2642112030972207,IM-003,20724,0.0668,1384.36
SO-16518,2026-10-18,CUST-002,Cap,Injection Molding,TR-003-PETG-24415,WO-9723,2642232030972308,IM-003,9650,0.0335,323.28
SO-16519,2026-10-22,CUST-013,Cap,Injection Molding,TR-001-HDPE-24410,WO-9724,2642222030972409,IM-003,14788,0.0228,337.17
SO-16520,2026-10-20,CUST-013,Cap,Injection Molding,TR-001-PETG-24410,WO-9725,2642312030972510,IM-003,6808,0.0655,445.92
SO-16521,2026-10-19,CUST-011,Cap,Injection Molding,TR-003-PP-PCR-24415,WO-9726,2642322030972611,IM-003,16787,0.0346,580.83
SO-16522,2026-10-20,CUST-008,Cap,Injection Molding,TR-001-HDPE-24410,WO-9727,2642422030972712,IM-003,6637,0.0567,376.32
SO-16523,2026-10-20,CUST-009,Cap,Injection Molding,TR-001-HDPE-24410,WO-9728,2642512030972813,IM-003,10300,0.0725,746.75
SO-16524,2026-10-22,CUST-004,Cap,Injection Molding,TR-001-HDPE-24410,WO-9729,2642522030972914,IM-003,8843,0.0541,478.41
SO-16525,2026-10-24,CUST-006,Cap,Injection Molding,TR-003-HDPE-24415,WO-9730,2642612030973015,IM-003,13028,0.0452,588.87
SO-16526,2026-10-23,CUST-005,Cap,Injection Molding,TR-001-HDPE-24410,WO-9731,2642712030973116,IM-003,16078,0.0887,1426.12
SO-16527,2026-10-23,CUST-005,Cap,Injection Molding,TR-001-HDPE-24410,WO-9732,2643132030973217,IM-003,13771,0.0691,951.58
SO-16528,2026-10-28,CUST-004,Cap,Injection Molding,TR-001-PP-24410,WO-9733,2643122030973318,IM-003,10162,0.0483,490.82
SO-16529,2026-10-28,CUST-008,Cap,Injection Molding,TR-001-HDPE-24410,WO-9735,2643312030973520,IM-003,8554,0.039,333.61
SO-16530,2026-10-29,CUST-012,Cap,Injection Molding,TR-003-HDPE-24415,WO-9736,2643332030973621,IM-003,9361,0.0705,659.95
SO-16531,2026-10-25,CUST-009,Cap,Injection Molding,TR-003-PP-PCR-24415,WO-9737,2643422030973722,IM-003,14670,0.0384,563.33
SO-16532,2026-11-03,CUST-003,Cap,Injection Molding,TR-003-PP-PCR-24415,WO-9738,2643532030973823,IM-003,17944,0.0244,437.83
SO-16533,2026-11-02,CUST-006,Cap,Injection Molding,TR-003-PP-24415,WO-9739,2643522030973924,IM-003,9475,0.0274,259.62
SO-16534,2026-10-28,CUST-001,Cap,Injection Molding,TR-003-PP-24415,WO-9740,2643632030974025,IM-003,20232,0.0245,495.68
SO-16535,2026-11-01,CUST-003,Cap,Injection Molding,TR-003-PP-24415,WO-9741,2643632030974126,IM-003,13961,0.0657,917.24
SO-16536,2026-10-27,CUST-002,Cap,Injection Molding,TR-003-PP-24415,WO-9742,2643722030974227,IM-003,10973,0.0802,880.03
SO-16537,2026-11-03,CUST-012,Cap,Injection Molding,TR-003-PP-24415,WO-9743,2644122030974328,IM-003,8041,0.0806,648.1
SO-16538,2026-11-03,CUST-012,Cap,Injection Molding,TR-003-PP-24415,WO-9744,2644232030974429,IM-003,14513,0.0771,1118.95
SO-16539,2026-10-29,CUST-002,Cap,Injection Molding,TR-003-PP-PCR-24415,WO-9745,2644222030974530,IM-003,9290,0.0801,744.13
SO-16540,2026-11-07,CUST-006,Cap,Injection Molding,TR-003-PP-PCR-24415,WO-9746,2644312030974631,IM-003,7795,0.0415,323.49
SO-16541,2026-11-09,CUST-011,Cap,Injection Molding,TR-003-PP-PCR-24415,WO-9747,2644322030974732,IM-003,15244,0.0353,538.11
SO-16542,2026-11-05,CUST-014,Cap,Injection Molding,TR-001-PP-24410,WO-9750,2644612030975035,IM-003,12977,0.0432,560.61
SO-16543,2026-11-04,CUST-001,Cap,Injection Molding,TR-003-PP-PCR-24415,WO-9752,2644722030975237,IM-003,8578,0.0443,380.01
SO-16544,2026-11-03,CUST-007,Cap,Injection Molding,TR-003-PP-PCR-24415,WO-9753,2645132030975338,IM-003,17157,0.0249,427.21
SO-16545,2026-11-15,CUST-011,Cap,Injection Molding,TR-003-PETG-24415,WO-9755,2645222030975540,IM-003,7857,0.055,432.13
SO-16546,2026-11-06,CUST-001,Cap,Injection Molding,TR-003-PETG-24415,WO-9756,2645312030975641,IM-003,9606,0.0588,564.83
SO-16547,2026-11-06,CUST-004,Cap,Injection Molding,TR-003-PP-PCR-24415,WO-9757,2645332030975742,IM-003,16702,0.0717,1197.53
SO-16548,2026-11-10,CUST-007,Cap,Injection Molding,TR-001-HDPE-24410,WO-9758,2645422030975843,IM-003,13305,0.0755,1004.53
SO-16549,2026-11-17,CUST-005,Cap,Injection Molding,TR-001-HDPE-24410,WO-9759,2645512030975944,IM-003,15080,0.0309,465.97
SO-16550,2026-11-13,CUST-010,Cap,Injection Molding,TR-001-PP-PCR-24410,WO-9762,2645722030976247,IM-003,21149,0.0555,1173.77
SO-16551,2026-11-16,CUST-013,Cap,Injection Molding,TR-003-PP-24415,WO-9763,2646122030976348,IM-003,11765,0.0369,434.13
SO-16552,2026-11-19,CUST-014,Cap,Injection Molding,TR-001-HDPE-24410,WO-9764,2646222030976449,IM-003,18908,0.0222,419.76
SO-16553,2026-11-20,CUST-013,Cap,Injection Molding,TR-001-HDPE-24410,WO-9765,2646312030976550,IM-003,13323,0.0571,760.74
SO-16554,2026-11-14,CUST-013,Cap,Injection Molding,TR-001-HDPE-24410,WO-9766,2646432030976651,IM-003,14166,0.0734,1039.78
SO-16555,2026-11-19,CUST-013,Cap,Injection Molding,TR-001-HDPE-24410,WO-9767,2646422030976752,IM-003,7059,0.04,282.36
SO-16556,2026-11-16,CUST-010,Cap,Injection Molding,TR-001-HDPE-24410,WO-9768,2646512030976853,IM-003,7849,0.0604,474.08
SO-16557,2026-11-22,CUST-004,Cap,Injection Molding,TR-001-PP-24410,WO-9769,2646522030976954,IM-003,12284,0.0429,526.98
SO-16558,2026-11-23,CUST-006,Cap,INJECTION MOLDING,TR-001-PP-24410,WO-9772,2646722030977257,IM-003,16013,0.0408,653.33
SO-16559,2026-11-26,CUST-012,Cap,Injection Molding,TR-001-PP-PCR-24410,WO-9773,2647112030977358,IM-003,20459,0.0225,460.33
SO-16560,2026-11-18,CUST-003,Cap,Injection Molding,TR-001-PP-PCR-24410,WO-9774,2647232030977459,IM-003,12871,0.0365,469.79
SO-16561,2026-11-22,CUST-004,Cap,Injection Molding,TR-001-PP-PCR-24410,WO-9775,2647222030977560,IM-003,6791,0.0702,476.73
SO-16562,2026-11-25,CUST-008,Cap,Injection Molding,TR-001-PP-PCR-24410,WO-9776,2647312030977661,IM-003,14710,0.0439,645.77
SO-16563,2026-11-20,CUST-004,Cap,Injection Molding,TR-001-PETG-24410,WO-9777,2647432030977762,IM-003,14275,0.0797,1137.72
SO-16564,2026-11-23,CUST-013,Cap,Injection Molding,TR-001-PETG-24410,WO-9778,2647422030977863,IM-003,14552,0.0757,1101.59
SO-16565,2026-11-29,CUST-002,Cap,Injection Molding,TR-001-PETG-24410,WO-9779,2647512030977964,IM-003,11661,0.0511,595.88
SO-16566,2026-11-25,CUST-002,Cap,Injection Molding,TR-003-HDPE-24415,WO-9780,2647632030978065,IM-003,7983,0.042,335.29
SO-16567,2026-11-26,CUST-001,Cap,Injection Molding,TR-001-HDPE-24410,WO-9782,2647732030978267,IM-003,15856,0.0242,383.72
SO-16568,2026-11-25,CUST-002,Cap,Injection Molding,TR-001-HDPE-24410,WO-9783,2648122030978368,IM-003,6175,0.0493,304.43
SO-16569,2026-11-29,CUST-004,Cap,Injection Molding,TR-001-HDPE-24410,WO-9784,2648212030978469,IM-003,9090,0.021,190.89
SO-16570,2026-12-06,CUST-011,Cap,Injection Molding,TR-003-HDPE-24415,WO-9787,2648412030978772,IM-003,12009,0.0599,719.34
SO-16571,2026-12-06,CUST-001,Cap,Injection Molding,TR-003-PETG-24415,WO-9789,2648522030978974,IM-003,19168,0.064,1226.75
SO-16572,2026-12-10,CUST-005,Cap,Injection Molding,TR-003-PETG-24415,WO-9790,2648622030979075,IM-003,16288,0.0572,931.67
SO-16573,2026-12-06,CUST-004,Cap,Injection Molding,TR-001-PP-PCR-24410,WO-9791,2648712030979176,IM-003,7907,0.0896,708.47
SO-16574,2026-12-06,CUST-011,Cap,Injection Molding,TR-003-PP-PCR-24415,WO-9793,2649122030979378,IM-003,9738,0.0399,388.55
SO-16575,2026-12-07,CUST-013,Cap,Injection Molding,TR-003-PP-PCR-24415,WO-9794,2649232030979479,IM-003,8168,0.0351,286.7
SO-16576,2026-12-09,CUST-012,Cap,Injection Molding,TR-003-PP-PCR-24415,WO-9795,2649332030979580,IM-003,14304,0.0263,376.2
SO-16577,2026-12-15,CUST-010,Cap,Injection Molding,TR-003-PP-PCR-24415,WO-9797,2649422030979782,IM-003,17943,0.0511,916.89
SO-16578,2026-12-12,CUST-003,Cap,Injection Molding,TR-003-PP-PCR-24415,WO-9798,2649522030979883,IM-003,7551,0.033,249.18
SO-16579,2026-12-11,CUST-011,Cap,Injection Molding,TR-001-PP-24410,WO-9800,2649712030980085,IM-003,9412,0.0741,697.43
SO-16580,2026-12-15,CUST-001,Cap,Injection Molding,TR-001-PP-24410,WO-9801,2650112030980186,IM-003,11983,0.0778,932.28
SO-16581,2026-12-09,CUST-009,Cap,Injection Molding,TR-001-PP-24410,WO-9802,2650232030980287,IM-003,10852,0.0209,226.81
SO-16582,2026-12-16,CUST-014,Cap,Injection Molding,TR-001-PP-24410,WO-9804,2650322030980489,IM-003,10925,0.0892,974.51
SO-16583,2026-12-15,CUST-005,Cap,Injection Molding,TR-001-PP-PCR-24410,WO-9805,2650432030980590,IM-003,7894,0.0697,550.21
SO-16584,2026-12-16,CUST-011,Cap,Injection Molding,TR-001-PP-PCR-24410,WO-9807,2650512030980792,IM-003,7816,0.0639,499.44
SO-16585,2026-12-16,CUST-003,Cap,Injection Molding,TR-003-HDPE-24415,WO-9808,2650632030980893,IM-003,16522,0.033,545.23
SO-16586,2026-12-15,CUST-004,Cap,Injection Molding,TR-003-HDPE-24415,WO-9809,2650622030980994,IM-003,10298,0.0893,919.61
SO-16587,2026-12-20,CUST-013,Cap,Injection Molding,TR-003-PETG-24415,WO-9815,2651232030981501,IM-003,8871,0.0366,324.68
SO-16588,2026-12-28,CUST-003,Cap,Injection Molding,TR-001-PP-24410,WO-9816,2651322030981602,IM-003,13042,0.031,404.3
SO-16589,2026-12-24,CUST-006,Cap,Injection Molding,TR-001-PP-24410,WO-9817,2651432030981703,IM-003,18081,0.069,1247.59
SO-16590,2026-12-22,CUST-005,Cap,Injection Molding,TR-003-PETG-24415,WO-9818,2651532030981804,IM-003,14017,0.0881,1234.9
SO-16591,2026-12-23,CUST-005,Cap,Injection Molding,TR-003-PP-24415,WO-9819,2651522030981905,IM-003,10990,0.071,780.29
SO-16592,2026-12-26,CUST-011,Cap,Injection Molding,TR-003-PP-24415,WO-9820,2651612030982006,IM-003,18654,0.0417,777.87
SO-16593,2026-12-30,CUST-010,Cap,Injection Molding,TR-003-PP-PCR-24415,WO-9821,2651712030982107,IM-003,6954,0.0485,337.27
SO-16594,2026-12-28,CUST-006,Cap,Injection Molding,TR-001-PETG-24410,WO-9824,2652212030982410,IM-003,6274,0.0208,130.5
SO-16595,2026-12-27,CUST-008,Cap,Injection Molding,TR-001-PETG-24410,WO-9825,2652312030982511,IM-003,8243,0.0457,376.71
SO-16596,2026-12-26,CUST-014,Cap,Injection Molding,TR-003-PETG-24415,WO-9826,2652322030982612,IM-003,29733,0.0829,2464.87
SO-16597,2026-12-29,CUST-008,Cap,Injection Molding,TR-001-PETG-24410,WO-9831,2652712030983117,IM-003,9080,0.0357,324.16
SO-16598,2025-07-15,CUST-002,Cap,Injection Molding,TR-004-HDPE-28410,WO-9853,2528612040985317,IM-004,5650,0.0782,441.83
SO-16599,2025-07-23,CUST-011,Cap,Injection Molding,TF-007-PP-28410,WO-9855,2528722040985519,IM-004,2231,0.0746,166.43
SO-16600,2025-07-24,CUST-004,Cap,Injection Molding,TF-007-PP-28410,WO-9856,2529112040985620,IM-004,5560,0.0518,288.01
SO-16601,2025-07-26,CUST-008,Cap,Injection Molding,TF-007-PP-28410,WO-9858,2529212040985822,IM-004,2568,0.0563,144.58
SO-16602,2025-07-20,CUST-001,Cap,Injection Molding,TF-007-PP-28410,WO-9859,2529232040985923,IM-004,7044,0.0407,286.69
SO-16603,2025-07-28,CUST-005,Cap,Injection Molding,TF-007-PP-28410,WO-9860,2529322040986024,IM-004,6621,0.0572,378.72
SO-16604,2025-07-29,CUST-001,Cap,Injection Molding,TF-007-PP-28410,WO-9862,2529422040986226,IM-004,5873,0.0352,206.73
SO-16605,2025-07-27,CUST-004,Cap,Injection Molding,TF-007-PP-28410,WO-9863,2529512040986327,IM-004,6312,0.0735,463.93
SO-16606,2025-07-23,CUST-003,Cap,Injection Molding,TR-004-PP-28410,WO-9865,2529622040986529,IM-004,13177,0.0652,859.14
SO-16607,2025-07-31,CUST-011,Cap,Injection Molding,TR-004-PP-28410,WO-9866,2529712040986630,IM-004,23873,0.0211,503.72
SO-16608,2025-07-28,CUST-014,Cap,Injection Molding,TR-004-PP-28410,WO-9867,2530112040986731,IM-004,12325,0.0375,462.19
SO-16609,2025-07-26,CUST-009,Cap,injection molding,TR-004-PP-28410,WO-9868,2530212040986832,IM-004,13241,0.0759,1004.99
SO-16610,2025-07-31,CUST-010,Cap,Injection Molding,TR-004-PP-28410,WO-9869,2530232040986933,IM-004,11917,0.0522,622.07
SO-16611,2025-08-10,CUST-008,Cap,Injection Molding,TF-007-HDPE-28410,WO-9880,2531222040988044,IM-004,4148,0.0239,99.14
SO-16612,2025-08-03,CUST-014,Cap,Injection Molding,TF-007-HDPE-28410,WO-9881,2531312040988145,IM-004,3241,0.0545,176.63
SO-16613,2025-08-03,CUST-003,Cap,Injection Molding,TF-007-HDPE-28410,WO-9882,2531432040988246,IM-004,8165,0.0272,222.09
SO-16614,2025-08-12,CUST-009,Cap,injection molding,TF-007-HDPE-28410,WO-9883,2531422040988347,IM-004,6239,0.0365,227.72
SO-16615,2025-08-09,CUST-012,Cap,Injection Molding,TF-007-HDPE-28410,WO-9884,2531512040988448,IM-004,9850,0.0308,303.38
SO-16616,2025-08-09,CUST-014,Cap,  Injection Molding  ,TF-007-HDPE-28410,WO-9885,2531612040988549,IM-004,3045,0.0823,250.6
SO-16617,2025-08-08,CUST-007,Cap,Injection Molding,TF-007-HDPE-28410,WO-9886,2531622040988650,IM-004,5040,0.0871,438.98
SO-16618,2025-08-04,CUST-002,Cap,Injection Molding,TR-004-HDPE-28410,WO-9887,2531712040988751,IM-004,7635,0.0799,610.04
SO-16619,2025-08-10,CUST-006,Cap,Injection Molding,TR-004-HDPE-28410,WO-9888,2531732040988852,IM-004,17683,0.0693,1225.43
SO-16620,2025-08-25,CUST-005,Cap,Injection Molding,TF-007-PP-28410,WO-9905,2533622040990569,IM-004,3648,0.0675,246.24
SO-16621,2025-08-28,CUST-004,Cap,Injection Molding,TF-007-PP-28410,WO-9906,2533632040990670,IM-004,8620,0.0825,711.15
SO-16622,2025-08-21,CUST-013,Cap,Injection Molding,TR-004-PP-PCR-28410,WO-9907,2533722040990771,IM-004,8366,0.0289,241.78
SO-16623,2025-08-25,CUST-007,Cap,Injection Molding,TR-004-PP-PCR-28410,WO-9908,2534112040990872,IM-004,8446,0.0754,636.83
SO-16624,2025-09-03,CUST-013,Cap,Injection Molding,TF-007-PP-PCR-28410,WO-9919,2535132040991983,IM-004,6117,0.0276,168.83
SO-16625,2025-09-04,CUST-004,Cap,Injection Molding,TF-007-PP-PCR-28410,WO-9920,2535212040992084,IM-004,8108,0.0367,297.56
SO-16626,2025-08-31,CUST-010,Cap,Injection Molding,TR-004-HDPE-28410,WO-9921,2535332040992185,IM-004,6061,0.0457,276.99
SO-16627,2025-09-05,CUST-014,Cap,  Injection Molding  ,TR-004-HDPE-28410,WO-9922,2535322040992286,IM-004,8892,0.0457,406.36
SO-16628,2025-09-02,CUST-011,Cap,  Injection Molding  ,TR-004-HDPE-28410,WO-9923,2535422040992387,IM-004,6597,0.0762,502.69
SO-16629,2025-09-02,CUST-012,Cap,Injection Molding,TR-004-HDPE-28410,WO-9924,2535512040992488,IM-004,6926,0.0875,606.02
SO-16630,2025-09-06,CUST-007,Cap,Injection Molding,TR-004-HDPE-28410,WO-9925,2535522040992589,IM-004,14607,0.0861,1257.66
SO-16631,2025-09-10,CUST-003,Cap,Injection Molding,TR-004-HDPE-28410,WO-9927,2535712040992791,IM-004,11945,0.0438,523.19
SO-16632,2025-09-03,CUST-005,Cap,Injection Molding,TR-004-HDPE-28410,WO-9928,2535722040992892,IM-004,11810,0.0568,670.81
SO-16633,2025-09-05,CUST-001,Cap,Injection Molding,TR-004-HDPE-28410,WO-9929,2536122040992993,IM-004,14258,0.0561,799.87
SO-16634,2025-09-10,CUST-005,Cap,Injection Molding,TR-004-HDPE-28410,WO-9930,2536222040993094,IM-004,4006,0.0482,193.09
SO-16635,2025-09-10,CUST-006,Cap,Injection Molding,TR-004-PETG-28410,WO-9936,2536632040993601,IM-004,10949,0.0705,771.9
SO-16636,2025-09-11,CUST-004,Cap,Injection Molding,TR-004-PETG-28410,WO-9937,2536622040993702,IM-004,7777,0.0367,285.42
SO-16637,2025-10-06,CUST-014,Cap,Injection Molding,TF-007-PP-28410,WO-9964,2539432040996429,IM-004,7008,0.0468,327.97
SO-16638,2025-10-02,CUST-012,Cap,Injection Molding,TF-007-PP-28410,WO-9965,2539422040996530,IM-004,8120,0.0574,466.09
SO-16639,2025-09-30,CUST-013,Cap,Injection Molding,TF-007-PP-28410,WO-9966,2539512040996631,IM-004,4005,0.0375,150.19
SO-16640,2025-10-04,CUST-014,Cap,Injection Molding,TF-007-PP-28410,WO-9967,2539522040996732,IM-004,8253,0.0542,447.31
SO-16641,2025-10-08,CUST-013,Cap,Injection Molding,TF-007-PP-28410,WO-9968,2539622040996833,IM-004,4444,0.0644,286.19
SO-16642,2025-10-03,CUST-007,Cap,Injection Molding,TR-004-PP-28410,WO-9969,2539712040996934,IM-004,8334,0.0605,504.21
SO-16643,2025-10-07,CUST-010,Cap,INJECTION MOLDING,TR-004-PP-28410,WO-9970,2540132040997035,IM-004,12469,0.0401,500.01
SO-16644,2025-10-13,CUST-004,Cap,Injection Molding,TR-004-PETG-28410,WO-9976,2540522040997641,IM-004,6704,0.0696,466.6
SO-16645,2025-10-08,CUST-002,Cap,Injection Molding,TR-004-PETG-28410,WO-9977,2540612040997742,IM-004,13038,0.0735,958.29
SO-16646,2025-10-06,CUST-013,Cap,Injection Molding,TR-004-PP-28410,WO-9978,2540632040997843,IM-004,10744,0.05,537.2
SO-16647,2025-10-08,CUST-008,Cap,INJECTION MOLDING,TR-004-PP-28410,WO-9979,2540712040997944,IM-004,3520,0.0489,172.13
SO-16648,2025-10-11,CUST-012,Cap,Injection Molding,TR-004-PP-28410,WO-9980,2541132040998045,IM-004,8881,0.0249,221.14
SO-16649,2025-10-17,CUST-007,Cap,Injection Molding,TR-004-PP-28410,WO-9981,2541122040998146,IM-004,4836,0.0376,181.83
SO-16650,2025-10-09,CUST-014,Cap,Injection Molding,TR-004-PP-28410,WO-9982,2541212040998247,IM-004,2524,0.0778,196.37
SO-16651,2025-10-18,CUST-014,Cap,  Injection Molding  ,TR-004-PP-28410,WO-9984,2541312040998449,IM-004,13294,0.0566,752.44
SO-16652,2025-10-17,CUST-003,Cap,Injection Molding,TR-004-PP-28410,WO-9985,2541432040998550,IM-004,6746,0.0585,394.64
SO-16653,2025-10-11,CUST-006,Cap,Injection Molding,TR-004-PP-28410,WO-9987,2541512040998752,IM-004,5613,0.0691,387.86
SO-16654,2025-10-17,CUST-005,Cap,Injection Molding,TF-007-PP-PCR-28410,WO-9988,2541532040998853,IM-004,2911,0.024,69.86
SO-16655,2025-10-17,CUST-007,Cap,Injection Molding,TF-007-PP-PCR-28410,WO-9989,2541622040998954,IM-004,3894,0.0617,240.26
SO-16656,2025-10-18,CUST-004,Cap,Injection Molding,TF-007-PP-PCR-28410,WO-9990,2541732040999055,IM-004,2628,0.0767,201.57
SO-16657,2025-10-20,CUST-005,Cap,Injection Molding,TF-007-PP-PCR-28410,WO-9991,2541722040999156,IM-004,3249,0.0202,65.63
SO-16658,2025-10-16,CUST-001,Cap,Injection Molding,TF-007-PP-PCR-28410,WO-9994,2542232040999459,IM-004,5761,0.0215,123.86
SO-16659,2025-10-26,CUST-008,Cap,Injection Molding,TF-007-PP-PCR-28410,WO-9995,2542222040999560,IM-004,2652,0.0888,235.5
SO-16660,2025-10-21,CUST-001,Cap,Injection Molding,TF-007-PP-PCR-28410,WO-9996,2542312040999661,IM-004,8157,0.0599,488.6
SO-16661,2025-10-19,CUST-011,Cap,Injection Molding,TF-007-PP-PCR-28410,WO-9997,2542412040999762,IM-004,4325,0.0557,240.9
SO-16662,2025-10-20,CUST-010,Cap,Injection Molding,TF-007-PP-PCR-28410,WO-9998,2542532040999863,IM-004,5064,0.0871,441.07
SO-16663,2025-10-28,CUST-002,Cap,Injection Molding,TF-007-PP-PCR-28410,WO-9999,2542632040999964,IM-004,5653,0.0434,245.34
SO-16664,2025-10-30,CUST-011,Cap,Injection Molding,TF-007-PP-PCR-28410,WO-10000,2542622041000065,IM-004,3737,0.086,321.38
SO-16665,2025-10-27,CUST-005,Cap,Injection Molding,TF-007-PP-PCR-28410,WO-10001,2542712041000166,IM-004,5354,0.0714,382.28
SO-16666,2025-10-31,CUST-014,Cap,Injection Molding,TF-007-PP-PCR-28410,WO-10002,2542732041000267,IM-004,6193,0.0533,330.09
SO-16667,2025-10-24,CUST-011,Cap,Injection Molding,TF-007-PP-PCR-28410,WO-10003,2543122041000368,IM-004,4590,0.0511,234.55
SO-16668,2025-10-24,CUST-001,Cap,Injection Molding,TF-007-HDPE-28410,WO-10004,2543212041000469,IM-004,879,0.0361,31.73
SO-16669,2025-10-27,CUST-003,Cap,Injection Molding,TF-007-HDPE-28410,WO-10005,2543332041000570,IM-004,3398,0.0381,129.46
SO-16670,2025-10-26,CUST-013,Cap,Injection Molding,TF-007-HDPE-28410,WO-10007,2543412041000772,IM-004,5196,0.0862,447.9
SO-16671,2025-11-04,CUST-002,Cap,Injection Molding,TF-007-HDPE-28410,WO-10008,2543512041000873,IM-004,2488,0.0308,76.63
SO-16672,2025-11-27,CUST-006,Cap,Injection Molding,TF-007-PP-PCR-28410,WO-10050,2547522041005016,IM-004,6320,0.0887,560.58
SO-16673,2025-12-01,CUST-002,Cap,Injection Molding,TF-007-PP-PCR-28410,WO-10051,2547612041005117,IM-004,2008,0.0649,130.32
SO-16674,2025-12-01,CUST-010,Cap,Injection Molding,TF-007-PP-PCR-28410,WO-10052,2547732041005218,IM-004,2964,0.0778,230.6
SO-16675,2025-11-28,CUST-004,Cap,Injection Molding,TF-007-PP-PCR-28410,WO-10053,2547722041005319,IM-004,6998,0.0313,219.04
SO-16676,2025-12-02,CUST-002,Cap,Injection Molding,TF-007-PP-PCR-28410,WO-10054,2548112041005420,IM-004,1748,0.0855,149.45
SO-16677,2025-12-01,CUST-012,Cap,Injection Molding,TF-007-PP-PCR-28410,WO-10055,2548232041005521,IM-004,6743,0.0845,569.78
SO-16678,2025-12-02,CUST-004,Cap,Injection Molding,TF-007-PP-PCR-28410,WO-10056,2548332041005622,IM-004,1589,0.0629,99.95
SO-16679,2025-12-04,CUST-006,Cap,Injection Molding,TF-007-PP-PCR-28410,WO-10057,2548312041005723,IM-004,4498,0.0583,262.23
SO-16680,2025-12-02,CUST-011,Cap,Injection Molding,TF-007-PP-PCR-28410,WO-10058,2548432041005824,IM-004,4386,0.0649,284.65
SO-16681,2025-11-29,CUST-014,Cap,Injection Molding,TF-007-PP-PCR-28410,WO-10059,2548422041005925,IM-004,2504,0.0877,219.6
SO-16682,2025-12-03,CUST-006,Cap,Injection Molding,TF-007-PP-PCR-28410,WO-10060,2548512041006026,IM-004,4796,0.0288,138.12
SO-16683,2025-12-10,CUST-003,Cap,Injection Molding,TF-007-PP-PCR-28410,WO-10062,2548622041006228,IM-004,7923,0.0635,503.11
SO-16684,2025-12-12,CUST-008,Cap,Injection Molding,TF-007-PP-PCR-28410,WO-10063,2548712041006329,IM-004,9524,0.0275,261.91
SO-16685,2025-12-13,CUST-006,Cap,Injection Molding,TF-007-PP-PCR-28410,WO-10064,2549112041006430,IM-004,2643,0.0764,201.93
SO-16686,2025-12-09,CUST-014,Cap,Injection Molding,TF-007-PP-PCR-28410,WO-10065,2549212041006531,IM-004,5991,0.0812,486.47
SO-16687,2025-12-12,CUST-002,Cap,Injection Molding,TF-007-PP-PCR-28410,WO-10066,2549332041006632,IM-004,6968,0.0367,255.73
SO-16688,2025-12-06,CUST-007,Cap,Injection Molding,TF-007-PP-PCR-28410,WO-10067,2549322041006733,IM-004,3374,0.0767,258.79
SO-16689,2025-12-22,CUST-014,Cap,Injection Molding,TF-007-PP-PCR-28410,WO-10085,2551112041008551,IM-004,3207,0.0607,194.66
SO-16690,2025-12-17,CUST-010,Cap,INJECTION MOLDING,TF-007-PP-PCR-28410,WO-10086,2551132041008652,IM-004,3477,0.0254,88.32
SO-16691,2025-12-18,CUST-008,Cap,Injection Molding,TF-007-PP-PCR-28410,WO-10087,2551222041008753,IM-004,7036,0.0311,218.82
SO-16692,2025-12-29,CUST-002,Cap,Injection Molding,TF-007-PP-PCR-28410,WO-10088,2551322041008854,IM-004,697,0.054,37.64
SO-16693,2025-12-30,CUST-014,Cap,Injection Molding,TF-007-PP-PCR-28410,WO-10089,2551422041008955,IM-004,2445,0.0552,134.96
SO-16694,2026-01-07,CUST-009,Cap,Injection Molding,TF-007-HDPE-28410,WO-10106,2501122041010672,IM-004,5012,0.0241,120.79
SO-16695,2026-01-05,CUST-010,Cap,Injection Molding,TF-007-HDPE-28410,WO-10107,2501212041010773,IM-004,3125,0.0719,224.69
SO-16696,2026-01-10,CUST-003,Cap,Injection Molding,TF-007-HDPE-28410,WO-10108,2501222041010874,IM-004,1354,0.0647,87.6
SO-16697,2026-01-10,CUST-005,Cap,Injection Molding,TF-007-HDPE-28410,WO-10109,2501312041010975,IM-004,5321,0.0851,452.82
SO-16698,2026-01-15,CUST-013,Cap,Injection Molding,TR-004-PP-PCR-28410,WO-10116,2601732041011682,IM-004,9988,0.0247,246.7
SO-16699,2026-01-17,CUST-012,Cap,Injection Molding,TR-004-PP-PCR-28410,WO-10117,2602112041011783,IM-004,9558,0.0312,298.21
SO-16700,2026-01-18,CUST-008,Cap,Injection Molding,TR-004-PP-PCR-28410,WO-10118,2602212041011884,IM-004,14094,0.0637,897.79
SO-16701,2026-01-13,CUST-008,Cap,Injection Molding,TR-004-PP-PCR-28410,WO-10119,2602332041011985,IM-004,11748,0.0875,1027.95
SO-16702,2026-01-16,CUST-007,Cap,Injection Molding,TR-004-PP-PCR-28410,WO-10120,2602322041012086,IM-004,5909,0.0401,236.95
SO-16703,2026-01-13,CUST-009,Cap,Injection Molding,TR-004-PP-PCR-28410,WO-10121,2602432041012187,IM-004,7784,0.0776,604.04
SO-16704,2026-01-15,CUST-009,Cap,Injection Molding,TR-004-PP-PCR-28410,WO-10122,2602422041012288,IM-004,10733,0.0611,655.79
SO-16705,2026-01-15,CUST-011,Cap,Injection Molding,TR-004-PP-PCR-28410,WO-10123,2602522041012389,IM-004,10082,0.0754,760.18
SO-16706,2026-01-17,CUST-001,Cap,Injection Molding,TR-004-PP-PCR-28410,WO-10124,2602622041012490,IM-004,6027,0.0601,362.22
SO-16707,2026-01-21,CUST-005,Cap,Injection Molding,TR-004-PP-PCR-28410,WO-10125,2602722041012591,IM-004,6143,0.0514,315.75
SO-16708,2026-01-13,CUST-001,Cap,Injection Molding,TF-007-HDPE-28410,WO-10126,2603112041012692,IM-004,3327,0.0487,162.02
SO-16709,2026-01-14,CUST-004,Cap,Injection Molding,TF-007-HDPE-28410,WO-10127,2603122041012793,IM-004,3669,0.0279,102.37
SO-16710,2026-01-16,CUST-009,Cap,injection molding,TF-007-HDPE-28410,WO-10128,2603212041012894,IM-004,2254,0.0796,179.42
SO-16711,2026-01-17,CUST-003,Cap,Injection Molding,TF-007-HDPE-28410,WO-10129,2603222041012995,IM-004,3151,0.0443,139.59
SO-16712,2026-01-25,CUST-008,Cap,Injection Molding,TF-007-HDPE-28410,WO-10130,2603312041013096,IM-004,4029,0.0618,248.99
SO-16713,2026-01-24,CUST-006,Cap,Injection Molding,TF-007-HDPE-28410,WO-10131,2603432041013197,IM-004,4132,0.0351,145.03
SO-16714,2026-01-27,CUST-010,Cap,injection molding,TF-007-HDPE-28410,WO-10132,2603422041013298,IM-004,4206,0.0313,131.65
SO-16715,2026-01-24,CUST-005,Cap,Injection Molding,TF-007-HDPE-28410,WO-10133,2603512041013399,IM-004,4406,0.082,361.29
SO-16716,2026-01-28,CUST-011,Cap,Injection Molding,TF-007-HDPE-28410,WO-10134,2603632041013401,IM-004,4513,0.0417,188.19
SO-16717,2026-01-29,CUST-002,Cap,Injection Molding,TF-007-HDPE-28410,WO-10136,2603722041013603,IM-004,4442,0.0361,160.36
SO-16718,2026-01-23,CUST-003,Cap,Injection Molding,TF-007-HDPE-28410,WO-10137,2604112041013704,IM-004,7325,0.0339,248.32
SO-16719,2026-01-30,CUST-004,Cap,INJECTION MOLDING,TF-007-PP-28410,WO-10148,2605212041014815,IM-004,4119,0.0636,261.97
SO-16720,2026-02-04,CUST-012,Cap,Injection Molding,TF-007-PP-28410,WO-10149,2605332041014916,IM-004,5599,0.0222,124.3
SO-16721,2026-02-01,CUST-013,Cap,Injection Molding,TF-007-PP-28410,WO-10150,2605322041015017,IM-004,1643,0.05,82.15
SO-16722,2026-03-14,CUST-009,Cap,Injection Molding,TR-004-PETG-28410,WO-10205,2610632041020572,IM-004,9640,0.0652,628.53
SO-16723,2026-03-09,CUST-008,Cap,Injection Molding,TR-004-PETG-28410,WO-10206,2610622041020673,IM-004,8802,0.0844,742.89
SO-16724,2026-03-18,CUST-003,Cap,Injection Molding,TR-004-PETG-28410,WO-10208,2610732041020875,IM-004,10451,0.028,292.63
SO-16725,2026-03-17,CUST-013,Cap,INJECTION MOLDING,TR-004-PETG-28410,WO-10209,2611122041020976,IM-004,12800,0.0568,727.04
SO-16726,2026-03-31,CUST-013,Cap,Injection Molding,TR-004-PP-PCR-28410,WO-10235,2613422041023503,IM-004,13671,0.0755,1032.16
SO-16727,2026-04-06,CUST-003,Cap,Injection Molding,TR-004-PP-PCR-28410,WO-10236,2613522041023604,IM-004,9880,0.0451,445.59
SO-16728,2026-04-02,CUST-003,Cap,Injection Molding,TR-004-PP-PCR-28410,WO-10237,2613632041023705,IM-004,7648,0.0465,355.63
SO-16729,2026-04-08,CUST-013,Cap,Injection Molding,TR-004-PP-PCR-28410,WO-10238,2613622041023806,IM-004,9931,0.0618,613.74
SO-16730,2026-04-07,CUST-005,Cap,Injection Molding,TR-004-PP-PCR-28410,WO-10239,2613722041023907,IM-004,10061,0.0595,598.63
SO-16731,2026-04-10,CUST-008,Cap,injection molding,TR-004-PETG-28410,WO-10240,2614132041024008,IM-004,7200,0.0593,426.96
SO-16732,2026-04-07,CUST-013,Cap,injection molding,TR-004-PETG-28410,WO-10241,2614122041024109,IM-004,7638,0.0437,333.78
SO-16733,2026-04-08,CUST-004,Cap,Injection Molding,TR-004-PETG-28410,WO-10243,2614232041024311,IM-004,9511,0.0856,814.14
SO-16734,2026-04-10,CUST-014,Cap,Injection Molding,TR-004-PETG-28410,WO-10244,2614312041024412,IM-004,3240,0.0239,77.44
SO-16735,2026-04-08,CUST-006,Cap,Injection Molding,TR-004-PETG-28410,WO-10245,2614432041024513,IM-004,7972,0.0839,668.85
SO-16736,2026-04-06,CUST-003,Cap,Injection Molding,TR-004-PETG-28410,WO-10246,2614422041024614,IM-004,10602,0.0876,928.74
SO-16737,2026-04-11,CUST-008,Cap,Injection Molding,TR-004-PETG-28410,WO-10247,2614512041024715,IM-004,15627,0.0377,589.14
SO-16738,2026-04-08,CUST-014,Cap,Injection Molding,TR-004-PETG-28410,WO-10248,2614532041024816,IM-004,18465,0.0779,1438.42
SO-16739,2026-04-14,CUST-011,Cap,Injection Molding,TR-004-PETG-28410,WO-10249,2614622041024917,IM-004,12275,0.0313,384.21
SO-16740,2026-05-14,CUST-012,Cap,Injection Molding,TR-004-PP-PCR-28410,WO-10294,2619132041029462,IM-004,6333,0.0228,144.39
SO-16741,2026-05-09,CUST-001,Cap,Injection Molding,TR-004-PP-PCR-28410,WO-10295,2619212041029563,IM-004,8162,0.0536,437.48
SO-16742,2026-05-12,CUST-004,Cap,INJECTION MOLDING,TR-004-PP-PCR-28410,WO-10296,2619312041029664,IM-004,12733,0.0289,367.98
SO-16743,2026-05-12,CUST-004,Cap,Injection Molding,TR-004-PP-PCR-28410,WO-10297,2619432041029765,IM-004,14551,0.041,596.59
SO-16744,2026-05-11,CUST-011,Cap,Injection Molding,TR-004-PP-PCR-28410,WO-10298,2619422041029866,IM-004,12158,0.0816,992.09
SO-16745,2026-05-12,CUST-009,Cap,Injection Molding,TR-004-HDPE-28410,WO-10299,2619512041029967,IM-004,14706,0.029,426.47
SO-16746,2026-05-17,CUST-014,Cap,Injection Molding,TR-004-HDPE-28410,WO-10301,2619622041030169,IM-004,8983,0.0784,704.27
SO-16747,2026-05-12,CUST-010,Cap,Injection Molding,TR-004-HDPE-28410,WO-10302,2619712041030270,IM-004,8413,0.0603,507.3
SO-16748,2026-05-22,CUST-011,Cap,injection molding,TR-004-HDPE-28410,WO-10303,2619732041030371,IM-004,7810,0.0397,310.06
SO-16749,2026-05-12,CUST-004,Cap,Injection Molding,TR-004-HDPE-28410,WO-10304,2620112041030472,IM-004,10756,0.0301,323.76
SO-16750,2026-05-20,CUST-014,Cap,Injection Molding,TR-004-HDPE-28410,WO-10305,2620132041030573,IM-004,8495,0.0681,578.51
SO-16751,2026-05-17,CUST-001,Cap,Injection Molding,TR-004-HDPE-28410,WO-10307,2620232041030775,IM-004,10082,0.0773,779.34
SO-16752,2026-05-20,CUST-008,Cap,Injection Molding,TR-004-HDPE-28410,WO-10308,2620322041030876,IM-004,6957,0.0478,332.54
SO-16753,2026-05-30,CUST-001,Cap,Injection Molding,TF-007-HDPE-28410,WO-10316,2621132041031684,IM-004,6542,0.0686,448.78
SO-16754,2026-05-30,CUST-007,Cap,Injection Molding,TF-007-HDPE-28410,WO-10317,2621222041031785,IM-004,6218,0.0816,507.39
SO-16755,2026-06-11,CUST-005,Cap,Injection Molding,TF-007-PP-28410,WO-10334,2623132041033403,IM-004,4006,0.0683,273.61
SO-16756,2026-06-12,CUST-009,Cap,Injection Molding,TF-007-PP-28410,WO-10335,2623122041033504,IM-004,6009,0.0343,206.11
SO-16757,2026-06-09,CUST-003,Cap,Injection Molding,TF-007-HDPE-28410,WO-10341,2623522041034110,IM-004,4162,0.0887,369.17
SO-16758,2026-06-17,CUST-009,Cap,Injection Molding,TR-004-PP-PCR-28410,WO-10343,2623732041034312,IM-004,5959,0.0814,485.06
SO-16759,2026-06-16,CUST-011,Cap,Injection Molding,TF-007-PP-28410,WO-10346,2624212041034615,IM-004,10529,0.0532,560.14
SO-16760,2026-06-16,CUST-004,Cap,Injection Molding,TF-007-PP-28410,WO-10347,2624332041034716,IM-004,3795,0.0674,255.78
SO-16761,2026-06-21,CUST-005,Cap,  Injection Molding  ,TF-007-PP-28410,WO-10348,2624322041034817,IM-004,5127,0.0759,389.14
SO-16762,2026-06-17,CUST-001,Cap,INJECTION MOLDING,TF-007-PP-28410,WO-10349,2624432041034918,IM-004,1520,0.0202,30.7
SO-16763,2026-06-22,CUST-008,Cap,Injection Molding,TF-007-PP-28410,WO-10350,2624422041035019,IM-004,4077,0.0809,329.83
SO-16764,2026-06-16,CUST-001,Cap,Injection Molding,TF-007-PP-28410,WO-10351,2624532041035120,IM-004,4986,0.049,244.31
SO-16765,2026-06-21,CUST-014,Cap,Injection Molding,TR-004-PP-28410,WO-10352,2624522041035221,IM-004,7217,0.0726,523.95
SO-16766,2026-06-14,CUST-002,Cap,Injection Molding,TR-004-PP-28410,WO-10353,2624612041035322,IM-004,8546,0.0601,513.61
SO-16767,2026-06-25,CUST-011,Cap,Injection Molding,TR-004-PP-28410,WO-10354,2624632041035423,IM-004,9605,0.0582,559.01
SO-16768,2026-06-18,CUST-002,Cap,Injection Molding,TR-004-PP-28410,WO-10355,2624722041035524,IM-004,14718,0.0295,434.18
SO-16769,2026-06-20,CUST-007,Cap,Injection Molding,TR-004-PP-28410,WO-10356,2625112041035625,IM-004,7051,0.022,155.12
SO-16770,2026-07-15,CUST-012,Cap,Injection Molding,TF-007-PP-28410,WO-10385,2627722041038554,IM-004,9596,0.0274,262.93
SO-16771,2026-07-16,CUST-011,Cap,Injection Molding,TF-007-PP-28410,WO-10386,2628122041038655,IM-004,3420,0.0471,161.08
SO-16772,2026-07-16,CUST-012,Cap,  Injection Molding  ,TR-004-PP-PCR-28410,WO-10388,2628332041038857,IM-004,3826,0.0226,86.47
SO-16773,2026-07-25,CUST-002,Cap,Injection Molding,TF-007-PP-PCR-28410,WO-10399,2629312041039968,IM-004,1895,0.0665,126.02
SO-16774,2026-07-23,CUST-004,Cap,Injection Molding,TF-007-PP-PCR-28410,WO-10400,2629322041040069,IM-004,5700,0.0487,277.59
SO-16775,2026-08-21,CUST-012,Cap,Injection Molding,TR-004-PETG-28410,WO-10445,2633632041044515,IM-004,20778,0.0365,758.4
SO-16776,2026-08-22,CUST-009,Cap,Injection Molding,TR-004-PETG-28410,WO-10446,2633632041044616,IM-004,7694,0.0331,254.67
SO-16777,2026-08-25,CUST-006,Cap,Injection Molding,TR-004-HDPE-28410,WO-10447,2633722041044717,IM-004,3786,0.0837,316.89
SO-16778,2026-08-18,CUST-002,Cap,Injection Molding,TR-004-HDPE-28410,WO-10448,2633732041044818,IM-004,17335,0.0778,1348.66
SO-16779,2026-08-28,CUST-005,Cap,injection molding,TR-004-HDPE-28410,WO-10449,2634132041044919,IM-004,8655,0.0691,598.06
SO-16780,2026-08-24,CUST-009,Cap,Injection Molding,TR-004-HDPE-28410,WO-10450,2634212041045020,IM-004,12129,0.0736,892.69
SO-16781,2026-08-28,CUST-010,Cap,Injection Molding,TR-004-HDPE-28410,WO-10451,2634332041045121,IM-004,9901,0.0559,553.47
SO-16782,2026-09-09,CUST-010,Cap,Injection Molding,TR-004-PP-28410,WO-10472,2636222041047242,IM-004,10994,0.0847,931.19
SO-16783,2026-09-08,CUST-005,Cap,Injection Molding,TR-004-PP-28410,WO-10473,2636312041047343,IM-004,14283,0.087,1242.62
SO-16784,2026-09-19,CUST-002,Cap,Injection Molding,TR-004-PP-PCR-28410,WO-10484,2637322041048454,IM-004,7806,0.0784,611.99
SO-16785,2026-09-13,CUST-013,Cap,Injection Molding,TR-004-PP-PCR-28410,WO-10485,2637422041048555,IM-004,8310,0.0778,646.52
SO-16786,2026-11-08,CUST-014,Cap,Injection Molding,TF-007-PP-28410,WO-10562,2644612041056233,IM-004,2595,0.0766,198.78
SO-16787,2026-11-09,CUST-002,Cap,Injection Molding,TF-007-PP-28410,WO-10563,2644622041056334,IM-004,3454,0.0382,131.94
SO-16788,2026-11-06,CUST-009,Cap,Injection Molding,TF-007-PP-28410,WO-10564,2644712041056435,IM-004,5723,0.0514,294.16
SO-16789,2026-11-07,CUST-010,Cap,Injection Molding,TF-007-PP-28410,WO-10566,2645112041056637,IM-004,4184,0.0508,212.55
SO-16790,2026-11-09,CUST-004,Cap,Injection Molding,TF-007-PP-PCR-28410,WO-10567,2645232041056738,IM-004,1795,0.0846,151.86
SO-16791,2026-11-15,CUST-012,Cap,Injection Molding,TF-007-PP-PCR-28410,WO-10568,2645222041056839,IM-004,4760,0.0216,102.82
SO-16792,2026-11-15,CUST-009,Cap,INJECTION MOLDING,TF-007-PP-PCR-28410,WO-10569,2645312041056940,IM-004,4302,0.0553,237.9
SO-16793,2026-11-11,CUST-012,Cap,Injection Molding,TF-007-PP-PCR-28410,WO-10570,2645412041057041,IM-004,5713,0.0711,406.19
SO-16794,2026-11-16,CUST-003,Cap,Injection Molding,TF-007-PP-PCR-28410,WO-10575,2645722041057546,IM-004,6233,0.0599,373.36
SO-16795,2026-11-16,CUST-007,Cap,Injection Molding,TF-007-PP-PCR-28410,WO-10576,2646112041057647,IM-004,2547,0.0356,90.67
SO-16796,2026-11-16,CUST-012,Cap,Injection Molding,TF-007-PP-PCR-28410,WO-10577,2646132041057748,IM-004,5308,0.0437,231.96
SO-16797,2026-11-21,CUST-001,Cap,Injection Molding,TF-007-PP-PCR-28410,WO-10579,2646232041057950,IM-004,5817,0.0467,271.65
SO-16798,2026-11-22,CUST-002,Cap,Injection Molding,TF-007-PP-PCR-28410,WO-10581,2646422041058152,IM-004,3549,0.0461,163.61
SO-16799,2026-11-21,CUST-001,Cap,Injection Molding,TF-007-PP-PCR-28410,WO-10582,2646532041058253,IM-004,2338,0.0292,68.27
SO-16800,2026-11-17,CUST-014,Cap,Injection Molding,TF-007-HDPE-28410,WO-10583,2646522041058354,IM-004,3759,0.0605,227.42
SO-16801,2026-11-16,CUST-014,Cap,Injection Molding,TF-007-HDPE-28410,WO-10584,2646632041058455,IM-004,2277,0.0779,177.38
SO-16802,2026-11-26,CUST-009,Cap,Injection Molding,TF-007-PP-28410,WO-10595,2647622041059566,IM-004,6093,0.0824,502.06
SO-16803,2026-11-29,CUST-004,Cap,Injection Molding,TF-007-PP-28410,WO-10596,2647722041059667,IM-004,4209,0.036,151.52
SO-16804,2026-12-02,CUST-012,Cap,Injection Molding,TF-007-PP-28410,WO-10597,2648112041059768,IM-004,11279,0.0325,366.57
SO-16805,2026-12-06,CUST-002,Cap,Injection Molding,TF-007-PP-28410,WO-10599,2648222041059970,IM-004,2280,0.0411,93.71
SO-16806,2026-11-30,CUST-001,Cap,Injection Molding,TF-007-PP-28410,WO-10600,2648332041060071,IM-004,3851,0.0244,93.96
SO-16807,2026-11-28,CUST-003,Cap,Injection Molding,TF-007-PP-28410,WO-10601,2648332041060172,IM-004,7372,0.0276,203.47
SO-16808,2026-12-01,CUST-006,Cap,Injection Molding,TF-007-PP-28410,WO-10602,2648422041060273,IM-004,2546,0.0803,204.44
SO-16809,2026-11-29,CUST-012,Cap,Injection Molding,TF-007-PP-28410,WO-10603,2648532041060374,IM-004,3506,0.0809,283.64
SO-16810,2026-12-08,CUST-007,Cap,Injection Molding,TF-007-PP-28410,WO-10604,2648522041060475,IM-004,7386,0.0431,318.34
SO-16811,2026-12-10,CUST-008,Cap,Injection Molding,TR-004-PP-28410,WO-10607,2648722041060778,IM-004,11449,0.0754,863.25
SO-16812,2026-12-02,CUST-004,Cap,Injection Molding,TR-004-PP-28410,WO-10608,2649112041060879,IM-004,5635,0.0428,241.18
SO-16813,2026-12-10,CUST-004,Cap,Injection Molding,TR-004-PP-28410,WO-10611,2649312041061182,IM-004,8741,0.0513,448.41
SO-16814,2026-12-09,CUST-007,Cap,Injection Molding,TR-004-PP-28410,WO-10612,2649432041061283,IM-004,7202,0.0665,478.93
SO-16815,2026-12-08,CUST-013,Cap,Injection Molding,TR-004-PP-28410,WO-10613,2649412041061384,IM-004,7745,0.0708,548.35
SO-16816,2026-12-11,CUST-009,Cap,Injection Molding,TR-004-PP-28410,WO-10614,2649532041061485,IM-004,5863,0.0577,338.3
SO-16817,2026-12-15,CUST-004,Cap,Injection Molding,TF-007-PP-28410,WO-10615,2649522041061586,IM-004,7222,0.0587,423.93
SO-16818,2026-12-09,CUST-014,Cap,Injection Molding,TF-007-PP-28410,WO-10616,2649612041061687,IM-004,3832,0.0847,324.57
SO-16819,2026-12-12,CUST-011,Cap,Injection Molding,TF-007-PP-28410,WO-10617,2649732041061788,IM-004,4571,0.0844,385.79
SO-16820,2026-12-14,CUST-013,Cap,Injection Molding,TF-007-PP-28410,WO-10618,2649732041061889,IM-004,2655,0.0839,222.75
SO-16821,2026-12-10,CUST-002,Cap,Injection Molding,TF-007-PP-28410,WO-10619,2650112041061990,IM-004,8339,0.0438,365.25
SO-16822,2026-12-16,CUST-008,Cap,Injection Molding,TF-007-PP-28410,WO-10621,2650332041062192,IM-004,9607,0.0561,538.95
SO-16823,2026-12-14,CUST-001,Cap,Injection Molding,TF-007-PP-28410,WO-10622,2650322041062293,IM-004,5874,0.0345,202.65
SO-16824,2026-12-18,CUST-011,Cap,Injection Molding,TF-007-PP-28410,WO-10623,2650412041062394,IM-004,6311,0.0492,310.5
SO-16825,2026-12-12,CUST-009,Cap,Injection Molding,TF-007-PP-28410,WO-10624,2650532041062495,IM-004,5434,0.0643,349.41
SO-16826,2026-12-18,CUST-010,Cap,Injection Molding,TR-004-HDPE-28410,WO-10626,2650612041062697,IM-004,8246,0.0238,196.25
SO-16827,2026-12-24,CUST-008,Cap,Injection Molding,TR-004-HDPE-28410,WO-10627,2650732041062798,IM-004,12987,0.0611,793.51
SO-16828,2026-12-25,CUST-013,Cap,Injection Molding,TR-004-HDPE-28410,WO-10628,2650722041062899,IM-004,7675,0.0468,359.19
SO-16829,2026-12-15,CUST-005,Cap,Injection Molding,TR-004-HDPE-28410,WO-10629,2651112041062901,IM-004,10566,0.0222,234.57
SO-16830,2026-12-24,CUST-012,Cap,Injection Molding,TF-007-PP-PCR-28410,WO-10635,2651512041063507,IM-004,5338,0.078,416.36
SO-16831,2026-12-23,CUST-009,Cap,Injection Molding,TR-004-HDPE-28410,WO-10637,2651622041063709,IM-004,11470,0.0715,820.1
SO-16832,2026-12-27,CUST-011,Cap,Injection Molding,TR-004-HDPE-28410,WO-10638,2651712041063810,IM-004,9119,0.0614,559.91
SO-16833,2026-12-29,CUST-002,Cap,Injection Molding,TR-004-HDPE-28410,WO-10639,2652132041063911,IM-004,11804,0.0282,332.87
SO-16834,2026-12-23,CUST-010,Cap,Injection Molding,TR-004-HDPE-28410,WO-10640,2652122041064012,IM-004,5341,0.0887,473.75
SO-16835,2026-12-24,CUST-003,Cap,Injection Molding,TR-004-HDPE-28410,WO-10642,2652332041064214,IM-004,14687,0.0672,986.97
SO-16836,2026-12-26,CUST-012,Cap,Injection Molding,TR-004-HDPE-28410,WO-10643,2652322041064315,IM-004,16655,0.0822,1369.04
SO-16837,2026-12-26,CUST-012,Cap,Injection Molding,TR-004-HDPE-28410,WO-10644,2652412041064416,IM-004,11920,0.0715,852.28
SO-16838,2026-12-28,CUST-009,Cap,Injection Molding,TR-004-HDPE-28410,WO-10645,2652512041064517,IM-004,8039,0.0419,336.83
SO-16839,2026-12-28,CUST-014,Cap,Injection Molding,TR-004-HDPE-28410,WO-10646,2652522041064618,IM-004,8265,0.0314,259.52
SO-16840,2026-12-27,CUST-001,Cap,Injection Molding,TF-007-PP-PCR-28410,WO-10647,2652612041064719,IM-004,6173,0.0285,175.93
SO-16841,2026-12-30,CUST-004,Cap,Injection Molding,TF-007-PP-PCR-28410,WO-10648,2652632041064820,IM-004,7525,0.081,609.52
SO-16842,2025-07-09,CUST-001,Cap,Injection Molding,TF-005-HDPE-24410,WO-10655,2527222051065502,IM-005,10305,0.0537,553.38
SO-16843,2025-07-07,CUST-009,Cap,Injection Molding,TF-008-PP-PCR-28410,WO-10656,2527312051065603,IM-005,5798,0.0586,339.76
SO-16844,2025-07-08,CUST-011,Cap,Injection Molding,TF-008-PP-PCR-28410,WO-10657,2527332051065704,IM-005,8682,0.0385,334.26
SO-16845,2025-07-15,CUST-003,Cap,Injection Molding,TF-008-PP-PCR-28410,WO-10658,2527422051065805,IM-005,5842,0.0701,409.52
SO-16846,2025-07-11,CUST-010,Cap,Injection Molding,TF-005-PP-PCR-24410,WO-10660,2527632051066007,IM-005,6160,0.0503,309.85
SO-16847,2025-07-09,CUST-009,Cap,Injection Molding,TF-005-PP-PCR-24410,WO-10661,2527622051066108,IM-005,4476,0.0769,344.2
SO-16848,2025-07-12,CUST-003,Cap,Injection Molding,TF-005-PP-24410,WO-10662,2527712051066209,IM-005,3890,0.0861,334.93
SO-16849,2025-07-14,CUST-002,Cap,Injection Molding,TF-005-PP-24410,WO-10663,2528132051066310,IM-005,5819,0.0832,484.14
SO-16850,2025-07-18,CUST-002,Cap,Injection Molding,TF-005-PP-24410,WO-10664,2528122051066411,IM-005,8279,0.088,728.55
SO-16851,2025-07-11,CUST-010,Cap,Injection Molding,TF-005-PP-24410,WO-10665,2528212051066512,IM-005,13553,0.086,1165.56
SO-16852,2025-07-13,CUST-012,Cap,Injection Molding,TF-005-PP-24410,WO-10666,2528332051066613,IM-005,6185,0.0727,449.65
SO-16853,2025-07-13,CUST-012,Cap,Injection Molding,TF-008-PP-28410,WO-10670,2528522051067017,IM-005,5290,0.0844,446.48
SO-16854,2025-07-13,CUST-002,Cap,Injection Molding,TF-008-PP-28410,WO-10671,2528622051067118,IM-005,2591,0.053,137.32
SO-16855,2025-07-22,CUST-012,Cap,Injection Molding,TF-005-HDPE-24410,WO-10673,2528722051067320,IM-005,3979,0.0312,124.14
SO-16856,2025-07-21,CUST-008,Cap,Injection Molding,TF-005-HDPE-24410,WO-10674,2529132051067421,IM-005,4484,0.0309,138.56
SO-16857,2025-07-19,CUST-013,Cap,Injection Molding,TF-005-HDPE-24410,WO-10675,2529122051067522,IM-005,3280,0.0405,132.84
SO-16858,2025-07-17,CUST-009,Cap,Injection Molding,TF-005-PP-PCR-24410,WO-10677,2529332051067724,IM-005,5578,0.0604,336.91
SO-16859,2025-07-26,CUST-002,Cap,Injection Molding,TF-005-PP-PCR-24410,WO-10678,2529312051067825,IM-005,5088,0.061,310.37
SO-16860,2025-07-20,CUST-001,Cap,Injection Molding,TF-005-PP-PCR-24410,WO-10679,2529412051067926,IM-005,5686,0.0577,328.08
SO-16861,2025-07-19,CUST-005,Cap,Injection Molding,TF-005-PP-PCR-24410,WO-10680,2529432051068027,IM-005,6362,0.0705,448.52
SO-16862,2025-07-23,CUST-013,Cap,  Injection Molding  ,TF-008-PP-PCR-28410,WO-10684,2529712051068431,IM-005,4468,0.0444,198.38
SO-16863,2025-07-26,CUST-013,Cap,Injection Molding,TF-008-PP-PCR-28410,WO-10685,2530112051068532,IM-005,7232,0.046,332.67
SO-16864,2025-07-30,CUST-014,Cap,Injection Molding,TF-008-PP-PCR-28410,WO-10686,2530232051068633,IM-005,7000,0.0664,464.8
SO-16865,2025-08-02,CUST-014,Cap,Injection Molding,TF-005-PP-24410,WO-10689,2530432051068936,IM-005,3789,0.0547,207.26
SO-16866,2025-08-03,CUST-006,Cap,Injection Molding,TF-008-HDPE-28410,WO-10691,2530512051069138,IM-005,4735,0.0711,336.66
SO-16867,2025-08-03,CUST-005,Cap,Injection Molding,TF-005-PP-24410,WO-10693,2530622051069340,IM-005,10237,0.0593,607.05
SO-16868,2025-08-08,CUST-011,Cap,Injection Molding,TF-008-PP-PCR-28410,WO-10694,2530722051069441,IM-005,6875,0.0207,142.31
SO-16869,2025-08-02,CUST-001,Cap,Injection Molding,TF-008-PP-PCR-28410,WO-10695,2531112051069542,IM-005,3312,0.0434,143.74
SO-16870,2025-08-09,CUST-001,Cap,Injection Molding,TF-005-PP-PCR-24410,WO-10696,2531232051069643,IM-005,4870,0.0829,403.72
SO-16871,2025-08-02,CUST-012,Cap,INJECTION MOLDING,TF-005-HDPE-24410,WO-10697,2531232051069744,IM-005,7471,0.0484,361.6
SO-16872,2025-08-04,CUST-010,Cap,Injection Molding,TF-005-HDPE-24410,WO-10698,2531312051069845,IM-005,8650,0.0275,237.88
SO-16873,2025-08-06,CUST-001,Cap,Injection Molding,TF-005-HDPE-24410,WO-10699,2531432051069946,IM-005,8248,0.0746,615.3
SO-16874,2025-08-07,CUST-013,Cap,Injection Molding,TF-005-HDPE-24410,WO-10700,2531412051070047,IM-005,5009,0.0784,392.71
SO-16875,2025-08-04,CUST-012,Cap,Injection Molding,TF-005-HDPE-24410,WO-10701,2531432051070148,IM-005,8198,0.0636,521.39
SO-16876,2025-08-05,CUST-008,Cap,Injection Molding,TF-005-PP-PCR-24410,WO-10703,2531612051070350,IM-005,6548,0.0204,133.58
SO-16877,2025-08-05,CUST-006,Cap,Injection Molding,TF-005-PP-24410,WO-10704,2531632051070451,IM-005,11888,0.0469,557.55
SO-16878,2025-08-11,CUST-008,Cap,Injection Molding,TF-005-PP-PCR-24410,WO-10706,2532112051070653,IM-005,8051,0.0849,683.53
SO-16879,2025-08-13,CUST-007,Cap,Injection Molding,TF-005-PP-PCR-24410,WO-10707,2532232051070754,IM-005,4576,0.0849,388.5
SO-16880,2025-08-08,CUST-009,Cap,Injection Molding,TF-005-PP-PCR-24410,WO-10708,2532232051070855,IM-005,8711,0.0791,689.04
SO-16881,2025-08-15,CUST-001,Cap,Injection Molding,TF-005-HDPE-24410,WO-10709,2532322051070956,IM-005,7317,0.0386,282.44
SO-16882,2025-08-12,CUST-001,Cap,Injection Molding,TF-008-HDPE-28410,WO-10711,2532532051071158,IM-005,5480,0.0688,377.02
SO-16883,2025-08-16,CUST-001,Cap,Injection Molding,TF-008-HDPE-28410,WO-10712,2532632051071259,IM-005,4400,0.0478,210.32
SO-16884,2025-08-20,CUST-010,Cap,Injection Molding,TF-005-HDPE-24410,WO-10713,2532612051071360,IM-005,4134,0.0888,367.1
SO-16885,2025-08-18,CUST-013,Cap,Injection Molding,TF-008-PP-28410,WO-10716,2533112051071663,IM-005,8682,0.0794,689.35
SO-16886,2025-08-24,CUST-006,Cap,INJECTION MOLDING,TF-008-PP-28410,WO-10717,2533232051071764,IM-005,9414,0.0487,458.46
SO-16887,2025-08-20,CUST-006,Cap,Injection Molding,TF-005-PP-24410,WO-10718,2533332051071865,IM-005,11022,0.0283,311.92
SO-16888,2025-08-17,CUST-008,Cap,Injection Molding,TF-005-HDPE-24410,WO-10720,2533412051072067,IM-005,2593,0.0558,144.69
SO-16889,2025-08-26,CUST-011,Cap,Injection Molding,TF-005-PP-PCR-24410,WO-10723,2533632051072370,IM-005,2183,0.0828,180.75
SO-16890,2025-08-20,CUST-001,Cap,Injection Molding,TF-008-PP-28410,WO-10724,2533622051072471,IM-005,5239,0.0519,271.9
SO-16891,2025-08-21,CUST-002,Cap,Injection Molding,TF-008-PP-28410,WO-10725,2533732051072572,IM-005,9395,0.0544,511.09
SO-16892,2025-08-23,CUST-007,Cap,Injection Molding,TF-008-HDPE-28410,WO-10728,2534232051072875,IM-005,7474,0.047,351.28
SO-16893,2025-08-31,CUST-003,Cap,INJECTION MOLDING,TF-005-PP-24410,WO-10732,2534412051073279,IM-005,7199,0.0599,431.22
SO-16894,2025-09-02,CUST-008,Cap,  Injection Molding  ,TF-005-PP-24410,WO-10733,2534432051073380,IM-005,9615,0.0334,321.14
SO-16895,2025-09-02,CUST-005,Cap,Injection Molding,TF-005-HDPE-24410,WO-10734,2534522051073481,IM-005,2317,0.0699,161.96
SO-16896,2025-08-26,CUST-004,Cap,Injection Molding,TF-005-HDPE-24410,WO-10735,2534612051073582,IM-005,5619,0.0217,121.93
SO-16897,2025-09-01,CUST-008,Cap,Injection Molding,TF-005-PP-24410,WO-10736,2534732051073683,IM-005,6517,0.082,534.39
SO-16898,2025-09-01,CUST-007,Cap,Injection Molding,TF-005-PP-24410,WO-10737,2534712051073784,IM-005,1021,0.0609,62.18
SO-16899,2025-09-02,CUST-006,Cap,Injection Molding,TF-008-PP-PCR-28410,WO-10738,2535132051073885,IM-005,7485,0.0576,431.14
SO-16900,2025-09-02,CUST-013,Cap,Injection Molding,TF-008-PP-28410,WO-10739,2535122051073986,IM-005,6046,0.0433,261.79
SO-16901,2025-09-04,CUST-014,Cap,Injection Molding,TF-005-HDPE-24410,WO-10740,2535232051074087,IM-005,3951,0.0366,144.61
SO-16902,2025-08-31,CUST-012,Cap,Injection Molding,TF-005-HDPE-24410,WO-10741,2535222051074188,IM-005,3645,0.0412,150.17
SO-16903,2025-09-07,CUST-010,Cap,Injection Molding,TF-005-PP-24410,WO-10743,2535412051074390,IM-005,11851,0.0884,1047.63
SO-16904,2025-09-03,CUST-003,Cap,  Injection Molding  ,TF-005-PP-PCR-24410,WO-10744,2535532051074491,IM-005,6103,0.0864,527.3
SO-16905,2025-08-31,CUST-013,Cap,Injection Molding,TF-005-PP-24410,WO-10745,2535532051074592,IM-005,5785,0.0266,153.88
SO-16906,2025-09-08,CUST-012,Cap,Injection Molding,TF-008-PP-28410,WO-10746,2535622051074693,IM-005,10748,0.0498,535.25
SO-16907,2025-09-11,CUST-009,Cap,Injection Molding,TF-008-HDPE-28410,WO-10748,2536112051074895,IM-005,5570,0.0732,407.72
SO-16908,2025-09-03,CUST-003,Cap,Injection Molding,TF-008-PP-PCR-28410,WO-10749,2536232051074996,IM-005,7025,0.0516,362.49
SO-16909,2025-09-06,CUST-014,Cap,Injection Molding,TF-005-HDPE-24410,WO-10750,2536222051075097,IM-005,7538,0.0728,548.77
SO-16910,2025-09-14,CUST-008,Cap,Injection Molding,TF-008-HDPE-28410,WO-10751,2536322051075198,IM-005,2684,0.0551,147.89
SO-16911,2025-09-10,CUST-012,Cap,Injection Molding,TF-008-PP-28410,WO-10753,2536422051075301,IM-005,5887,0.037,217.82
SO-16912,2025-09-10,CUST-001,Cap,Injection Molding,TF-005-PP-PCR-24410,WO-10754,2536512051075402,IM-005,8332,0.0431,359.11
SO-16913,2025-09-13,CUST-007,Cap,Injection Molding,TF-008-PP-PCR-28410,WO-10756,2536712051075604,IM-005,15475,0.0844,1306.09
SO-16914,2025-09-09,CUST-010,Cap,Injection Molding,TF-005-HDPE-24410,WO-10757,2537112051075705,IM-005,5407,0.0246,133.01
SO-16915,2025-09-19,CUST-011,Cap,Injection Molding,TF-005-HDPE-24410,WO-10758,2537132051075806,IM-005,3045,0.0776,236.29
SO-16916,2025-09-19,CUST-014,Cap,Injection Molding,TF-005-HDPE-24410,WO-10759,2537212051075907,IM-005,2559,0.0208,53.23
SO-16917,2025-09-23,CUST-003,Cap,Injection Molding,TF-005-PP-PCR-24410,WO-10763,2537412051076311,IM-005,6288,0.0778,489.21
SO-16918,2025-09-17,CUST-002,Cap,Injection Molding,TF-005-PP-PCR-24410,WO-10764,2537532051076412,IM-005,5935,0.0676,401.21
SO-16919,2025-09-24,CUST-003,Cap,Injection Molding,TF-005-PP-PCR-24410,WO-10765,2537522051076513,IM-005,7920,0.0854,676.37
SO-16920,2025-09-22,CUST-008,Cap,Injection Molding,TF-005-PP-PCR-24410,WO-10766,2537632051076614,IM-005,8674,0.0207,179.55
SO-16921,2025-09-17,CUST-011,Cap,Injection Molding,TF-005-HDPE-24410,WO-10767,2537622051076715,IM-005,8868,0.0451,399.95
SO-16922,2025-09-15,CUST-001,Cap,Injection Molding,TF-005-PP-24410,WO-10768,2537712051076816,IM-005,7148,0.0515,368.12
SO-16923,2025-09-20,CUST-012,Cap,Injection Molding,TF-008-PP-PCR-28410,WO-10772,2538312051077220,IM-005,5185,0.0775,401.84
SO-16924,2025-09-30,CUST-001,Cap,Injection Molding,TF-008-HDPE-28410,WO-10776,2538612051077624,IM-005,9786,0.0684,669.36
SO-16925,2025-09-27,CUST-007,Cap,Injection Molding,TF-008-HDPE-28410,WO-10777,2538732051077725,IM-005,3942,0.0838,330.34
SO-16926,2025-09-23,CUST-007,Cap,INJECTION MOLDING,TF-005-PP-PCR-24410,WO-10779,2539112051077927,IM-005,5972,0.0696,415.65
SO-16927,2025-10-01,CUST-004,Cap,Injection Molding,TF-008-PP-28410,WO-10780,2539132051078028,IM-005,4351,0.0547,238.0
SO-16928,2025-09-26,CUST-001,Cap,Injection Molding,TF-008-PP-28410,WO-10781,2539222051078129,IM-005,4497,0.0202,90.84
SO-16929,2025-10-04,CUST-010,Cap,Injection Molding,TF-008-PP-PCR-28410,WO-10782,2539312051078230,IM-005,7455,0.077,574.03
SO-16930,2025-10-05,CUST-006,Cap,  Injection Molding  ,TF-008-PP-PCR-28410,WO-10783,2539332051078331,IM-005,3708,0.0505,187.25
SO-16931,2025-10-01,CUST-012,Cap,injection molding,TF-005-HDPE-24410,WO-10784,2539412051078432,IM-005,7002,0.0585,409.62
SO-16932,2025-10-06,CUST-010,Cap,Injection Molding,TF-008-PP-PCR-28410,WO-10786,2539522051078634,IM-005,6443,0.0652,420.08
SO-16933,2025-09-30,CUST-006,Cap,Injection Molding,TF-008-PP-PCR-28410,WO-10787,2539612051078735,IM-005,2033,0.0254,51.64
SO-16934,2025-10-07,CUST-010,Cap,Injection Molding,TF-005-PP-24410,WO-10789,2539722051078937,IM-005,3074,0.0851,261.6
SO-16935,2025-10-06,CUST-011,Cap,Injection Molding,TF-008-PP-28410,WO-10790,2540132051079038,IM-005,6320,0.0326,206.03
SO-16936,2025-10-11,CUST-014,Cap,Injection Molding,TF-005-PP-PCR-24410,WO-10793,2540312051079341,IM-005,9468,0.0669,633.41
SO-16937,2025-10-07,CUST-007,Cap,Injection Molding,TF-005-PP-PCR-24410,WO-10794,2540432051079442,IM-005,3654,0.0633,231.3
SO-16938,2025-10-10,CUST-002,Cap,injection molding,TF-005-PP-24410,WO-10795,2540422051079543,IM-005,8238,0.0684,563.48
SO-16939,2025-10-12,CUST-013,Cap,Injection Molding,TF-008-HDPE-28410,WO-10796,2540512051079644,IM-005,10471,0.0792,829.3
SO-16940,2025-10-11,CUST-012,Cap,Injection Molding,TF-008-HDPE-28410,WO-10797,2540632051079745,IM-005,7312,0.0516,377.3
SO-16941,2025-10-08,CUST-013,Cap,Injection Molding,TF-008-PP-28410,WO-10799,2540712051079947,IM-005,10066,0.0509,512.36
SO-16942,2025-10-11,CUST-011,Cap,Injection Molding,TF-008-PP-28410,WO-10800,2541132051080048,IM-005,4917,0.0613,301.41
SO-16943,2025-10-08,CUST-012,Cap,Injection Molding,TF-005-PP-24410,WO-10801,2541122051080149,IM-005,3081,0.0395,121.7
SO-16944,2025-10-15,CUST-013,Cap,Injection Molding,TF-008-PP-28410,WO-10802,2541212051080250,IM-005,7154,0.0814,582.34
SO-16945,2025-10-13,CUST-010,Cap,Injection Molding,TF-008-PP-28410,WO-10803,2541332051080351,IM-005,4922,0.0625,307.62
SO-16946,2025-10-19,CUST-006,Cap,Injection Molding,TF-005-HDPE-24410,WO-10804,2541432051080452,IM-005,5895,0.0768,452.74
SO-16947,2025-10-19,CUST-009,Cap,Injection Molding,TF-005-HDPE-24410,WO-10808,2541622051080856,IM-005,5750,0.0596,342.7
SO-16948,2025-10-17,CUST-001,Cap,Injection Molding,TF-008-HDPE-28410,WO-10810,2542132051081058,IM-005,5887,0.0357,210.17
SO-16949,2025-10-15,CUST-005,Cap,Injection Molding,TF-005-HDPE-24410,WO-10811,2542122051081159,IM-005,2584,0.0669,172.87
SO-16950,2025-10-17,CUST-008,Cap,Injection Molding,TF-005-HDPE-24410,WO-10812,2542232051081260,IM-005,2844,0.0482,137.08
SO-16951,2025-10-19,CUST-005,Cap,Injection Molding,TF-005-HDPE-24410,WO-10813,2542222051081361,IM-005,7538,0.0235,177.14
SO-16952,2025-10-23,CUST-009,Cap,Injection Molding,TF-005-HDPE-24410,WO-10814,2542312051081462,IM-005,7230,0.0688,497.42
SO-16953,2025-10-23,CUST-011,Cap,Injection Molding,TF-005-PP-24410,WO-10815,2542412051081563,IM-005,7890,0.0863,680.91
SO-16954,2025-10-27,CUST-004,Cap,Injection Molding,TF-005-PP-24410,WO-10816,2542422051081664,IM-005,4676,0.0607,283.83
SO-16955,2025-10-24,CUST-012,Cap,Injection Molding,TF-005-PP-PCR-24410,WO-10820,2542632051082068,IM-005,8753,0.086,752.76
SO-16956,2025-10-24,CUST-001,Cap,Injection Molding,TF-005-PP-PCR-24410,WO-10821,2542712051082169,IM-005,5308,0.074,392.79
SO-16957,2025-10-28,CUST-014,Cap,Injection Molding,TF-005-PP-PCR-24410,WO-10822,2543132051082270,IM-005,5053,0.0243,122.79
SO-16958,2025-10-28,CUST-001,Cap,Injection Molding,TF-008-HDPE-28410,WO-10824,2543212051082472,IM-005,4083,0.032,130.66
SO-16959,2025-10-31,CUST-007,Cap,Injection Molding,TF-008-HDPE-28410,WO-10825,2543232051082573,IM-005,3678,0.0595,218.84
SO-16960,2025-10-26,CUST-012,Cap,Injection Molding,TF-005-HDPE-24410,WO-10829,2543512051082977,IM-005,5325,0.0252,134.19
SO-16961,2025-11-07,CUST-005,Cap,Injection Molding,TF-005-PP-PCR-24410,WO-10832,2543722051083280,IM-005,5198,0.0351,182.45
SO-16962,2025-10-28,CUST-004,Cap,Injection Molding,TF-005-PP-PCR-24410,WO-10833,2544132051083381,IM-005,3674,0.0689,253.14
SO-16963,2025-11-01,CUST-010,Cap,Injection Molding,TF-005-PP-24410,WO-10834,2544122051083482,IM-005,9483,0.0525,497.86
SO-16964,2025-11-02,CUST-009,Cap,Injection Molding,TF-008-HDPE-28410,WO-10835,2544212051083583,IM-005,7597,0.0619,470.25
SO-16965,2025-11-02,CUST-008,Cap,Injection Molding,TF-005-HDPE-24410,WO-10836,2544332051083684,IM-005,6309,0.0255,160.88
SO-16966,2025-11-10,CUST-001,Cap,Injection Molding,TF-005-HDPE-24410,WO-10837,2544322051083785,IM-005,7328,0.0805,589.9
SO-16967,2025-11-01,CUST-013,Cap,Injection Molding,TF-005-HDPE-24410,WO-10838,2544412051083886,IM-005,6863,0.0234,160.59
SO-16968,2025-11-05,CUST-005,Cap,Injection Molding,TF-008-HDPE-28410,WO-10839,2544532051083987,IM-005,8202,0.0871,714.39
SO-16969,2025-11-07,CUST-002,Cap,Injection Molding,TF-005-PP-PCR-24410,WO-10840,2544632051084088,IM-005,6391,0.0505,322.75
SO-16970,2025-11-07,CUST-003,Cap,Injection Molding,TF-008-PP-PCR-28410,WO-10842,2544732051084290,IM-005,5469,0.0832,455.02
SO-16971,2025-11-13,CUST-011,Cap,injection molding,TF-008-PP-PCR-28410,WO-10843,2544722051084391,IM-005,7919,0.0559,442.67
SO-16972,2025-11-12,CUST-001,Cap,Injection Molding,TF-005-PP-24410,WO-10844,2545122051084492,IM-005,2347,0.0536,125.8
SO-16973,2025-11-08,CUST-001,Cap,Injection Molding,TF-005-PP-24410,WO-10845,2545212051084593,IM-005,6921,0.0891,616.66
SO-16974,2025-11-09,CUST-004,Cap,Injection Molding,TF-008-PP-28410,WO-10846,2545332051084694,IM-005,7409,0.0572,423.79
SO-16975,2025-11-13,CUST-004,Cap,Injection Molding,TF-008-HDPE-28410,WO-10847,2545322051084795,IM-005,8759,0.0304,266.27
SO-16976,2025-11-15,CUST-009,Cap,Injection Molding,TF-005-HDPE-24410,WO-10848,2545412051084896,IM-005,10414,0.0488,508.2
SO-16977,2025-11-11,CUST-014,Cap,Injection Molding,TF-005-HDPE-24410,WO-10850,2545532051085098,IM-005,4166,0.0648,269.96
SO-16978,2025-11-17,CUST-011,Cap,Injection Molding,TF-008-PP-28410,WO-10851,2545622051085199,IM-005,8200,0.032,262.4
SO-16979,2025-11-13,CUST-013,Cap,Injection Molding,TF-008-PP-28410,WO-10852,2545712051085201,IM-005,10848,0.0753,816.85
SO-16980,2025-11-11,CUST-008,Cap,Injection Molding,TF-005-PP-PCR-24410,WO-10853,2546112051085302,IM-005,5399,0.0402,217.04
SO-16981,2025-11-16,CUST-008,Cap,Injection Molding,TF-008-HDPE-28410,WO-10854,2546232051085403,IM-005,8512,0.0858,730.33
SO-16982,2025-11-19,CUST-007,Cap,Injection Molding,TF-005-HDPE-24410,WO-10855,2546222051085504,IM-005,6414,0.028,179.59
SO-16983,2025-11-20,CUST-011,Cap,Injection Molding,TF-005-PP-24410,WO-10856,2546312051085605,IM-005,2970,0.0676,200.77
SO-16984,2025-11-21,CUST-011,Cap,Injection Molding,TF-008-PP-PCR-28410,WO-10857,2546322051085706,IM-005,6368,0.0489,311.4
SO-16985,2025-11-16,CUST-002,Cap,Injection Molding,TF-008-PP-PCR-28410,WO-10858,2546412051085807,IM-005,4202,0.0691,290.36
SO-16986,2025-11-26,CUST-014,Cap,Injection Molding,TF-005-PP-24410,WO-10864,2547112051086413,IM-005,2894,0.0584,169.01
SO-16987,2025-11-24,CUST-014,Cap,Injection Molding,TF-005-PP-24410,WO-10865,2547122051086514,IM-005,7001,0.0389,272.34
SO-16988,2025-11-26,CUST-014,Cap,injection molding,TF-008-PP-PCR-28410,WO-10867,2547312051086716,IM-005,5971,0.0497,296.76
SO-16989,2025-11-24,CUST-004,Cap,Injection Molding,TF-008-PP-PCR-28410,WO-10869,2547422051086918,IM-005,6982,0.0539,376.33
SO-16990,2025-11-29,CUST-008,Cap,Injection Molding,TF-008-PP-PCR-28410,WO-10870,2547512051087019,IM-005,8039,0.027,217.05
SO-16991,2025-11-25,CUST-009,Cap,Injection Molding,TF-005-HDPE-24410,WO-10871,2547632051087120,IM-005,4677,0.0339,158.55
SO-16992,2025-12-04,CUST-008,Cap,Injection Molding,TF-005-HDPE-24410,WO-10872,2547622051087221,IM-005,8314,0.05,415.7
SO-16993,2025-11-27,CUST-013,Cap,Injection Molding,TF-005-PP-PCR-24410,WO-10873,2547712051087322,IM-005,9261,0.0272,251.9
SO-16994,2025-12-01,CUST-014,Cap,Injection Molding,TF-005-HDPE-24410,WO-10874,2548132051087423,IM-005,3672,0.081,297.43
SO-16995,2025-12-06,CUST-011,Cap,INJECTION MOLDING,TF-005-HDPE-24410,WO-10875,2548122051087524,IM-005,5278,0.0338,178.4
SO-16996,2025-11-29,CUST-010,Cap,Injection Molding,TF-005-PP-24410,WO-10876,2548222051087625,IM-005,4280,0.0432,184.9
SO-16997,2025-12-06,CUST-010,Cap,  Injection Molding  ,TF-005-PP-24410,WO-10877,2548312051087726,IM-005,7343,0.0323,237.18
SO-16998,2025-12-02,CUST-006,Cap,Injection Molding,TF-008-HDPE-28410,WO-10879,2548532051087928,IM-005,3862,0.0677,261.46
SO-16999,2025-12-05,CUST-008,Cap,Injection Molding,TF-008-HDPE-28410,WO-10881,2548612051088130,IM-005,5445,0.0737,401.3
SO-17000,2025-12-02,CUST-006,Cap,Injection Molding,TF-005-HDPE-24410,WO-10882,2548732051088231,IM-005,7471,0.0477,356.37
SO-17001,2025-12-04,CUST-006,Cap,Injection Molding,TF-005-HDPE-24410,WO-10883,2549132051088332,IM-005,5394,0.0698,376.5
SO-17002,2025-12-08,CUST-011,Cap,Injection Molding,TF-005-HDPE-24410,WO-10884,2549122051088433,IM-005,14707,0.0504,741.23
SO-17003,2025-12-09,CUST-013,Cap,Injection Molding,TF-005-HDPE-24410,WO-10885,2549212051088534,IM-005,5326,0.0506,269.5
SO-17004,2025-12-08,CUST-006,Cap,Injection Molding,TF-005-HDPE-24410,WO-10886,2549312051088635,IM-005,7960,0.0874,695.7
SO-17005,2025-12-12,CUST-011,Cap,Injection Molding,TF-005-HDPE-24410,WO-10887,2549432051088736,IM-005,3392,0.0532,180.45
SO-17006,2025-12-13,CUST-007,Cap,Injection Molding,TF-008-HDPE-28410,WO-10888,2549422051088837,IM-005,12429,0.0601,746.98
SO-17007,2025-12-12,CUST-010,Cap,Injection Molding,TF-008-HDPE-28410,WO-10889,2549512051088938,IM-005,11672,0.0888,1036.47
SO-17008,2025-12-07,CUST-002,Cap,  Injection Molding  ,TF-008-PP-28410,WO-10890,2549632051089039,IM-005,6210,0.0519,322.3
SO-17009,2025-12-10,CUST-002,Cap,Injection Molding,TF-008-HDPE-28410,WO-10891,2549622051089140,IM-005,4266,0.0733,312.7
SO-17010,2025-12-13,CUST-012,Cap,Injection Molding,TF-005-PP-PCR-24410,WO-10892,2549712051089241,IM-005,6967,0.0392,273.11
SO-17011,2025-12-13,CUST-005,Cap,Injection Molding,TF-005-PP-PCR-24410,WO-10893,2550132051089342,IM-005,2879,0.0514,147.98
SO-17012,2025-12-10,CUST-003,Cap,Injection Molding,TF-005-PP-PCR-24410,WO-10894,2550122051089443,IM-005,2222,0.0204,45.33
SO-17013,2025-12-11,CUST-006,Cap,Injection Molding,TF-005-PP-PCR-24410,WO-10895,2550232051089544,IM-005,8099,0.0726,587.99
SO-17014,2025-12-19,CUST-012,Cap,Injection Molding,TF-008-PP-PCR-28410,WO-10896,2550222051089645,IM-005,7921,0.0846,670.12
SO-17015,2025-12-21,CUST-008,Cap,Injection Molding,TF-008-PP-PCR-28410,WO-10897,2550312051089746,IM-005,4056,0.0282,114.38
SO-17016,2025-12-17,CUST-008,Cap,injection molding,TF-008-PP-28410,WO-10898,2550432051089847,IM-005,5920,0.0722,427.42
SO-17017,2025-12-23,CUST-003,Cap,Injection Molding,TF-005-PP-24410,WO-10899,2550422051089948,IM-005,5275,0.0784,413.56
SO-17018,2025-12-15,CUST-002,Cap,Injection Molding,TF-008-HDPE-28410,WO-10900,2550512051090049,IM-005,11589,0.0789,914.37
SO-17019,2025-12-19,CUST-002,Cap,Injection Molding,TF-008-HDPE-28410,WO-10901,2550612051090150,IM-005,3233,0.0612,197.86
SO-17020,2025-12-25,CUST-012,Cap,Injection Molding,TF-008-PP-PCR-28410,WO-10902,2550732051090251,IM-005,6149,0.0745,458.1
SO-17021,2025-12-21,CUST-009,Cap,INJECTION MOLDING,TF-008-PP-PCR-28410,WO-10904,2551122051090453,IM-005,6971,0.0589,410.59
SO-17022,2025-12-23,CUST-006,Cap,Injection Molding,TF-008-PP-PCR-28410,WO-10906,2551222051090655,IM-005,8237,0.0894,736.39
SO-17023,2025-12-25,CUST-009,Cap,Injection Molding,TF-008-PP-PCR-28410,WO-10907,2551322051090756,IM-005,3692,0.0435,160.6
SO-17024,2025-12-25,CUST-001,Cap,Injection Molding,TF-008-PP-PCR-28410,WO-10908,2551432051090857,IM-005,5673,0.0643,364.77
SO-17025,2025-12-25,CUST-007,Cap,injection molding,TF-008-PP-PCR-28410,WO-10909,2551422051090958,IM-005,2470,0.056,138.32
SO-17026,2026-01-01,CUST-002,Cap,Injection Molding,TF-008-PP-PCR-28410,WO-10913,2551622051091362,IM-005,4494,0.0724,325.37
SO-17027,2025-12-23,CUST-007,Cap,Injection Molding,TF-008-PP-PCR-28410,WO-10914,2551722051091463,IM-005,6514,0.0852,554.99
SO-17028,2025-12-28,CUST-014,Cap,Injection Molding,TF-008-PP-PCR-28410,WO-10915,2552132051091564,IM-005,7498,0.0321,240.69
SO-17029,2025-12-24,CUST-012,Cap,Injection Molding,TF-008-PP-28410,WO-10916,2552122051091665,IM-005,6903,0.0586,404.52
SO-17030,2025-12-30,CUST-009,Cap,Injection Molding,TF-005-HDPE-24410,WO-10917,2552222051091766,IM-005,12534,0.0475,595.37
SO-17031,2025-12-29,CUST-004,Cap,Injection Molding,TF-008-HDPE-28410,WO-10918,2552322051091867,IM-005,3768,0.0778,293.15
SO-17032,2025-12-27,CUST-009,Cap,Injection Molding,TF-005-PP-24410,WO-10919,2552422051091968,IM-005,6231,0.0313,195.03
SO-17033,2025-12-31,CUST-002,Cap,Injection Molding,TF-005-PP-24410,WO-10920,2552512051092069,IM-005,8224,0.0255,209.71
SO-17034,2026-01-04,CUST-008,Cap,Injection Molding,TF-005-PP-24410,WO-10921,2552612051092170,IM-005,3626,0.0652,236.42
SO-17035,2025-12-29,CUST-009,Cap,Injection Molding,TF-008-PP-PCR-28410,WO-10922,2552622051092271,IM-005,7546,0.0348,262.6
SO-17036,2026-01-01,CUST-013,Cap,Injection Molding,TF-008-PP-PCR-28410,WO-10923,2552712051092372,IM-005,8001,0.0374,299.24
SO-17037,2026-01-10,CUST-011,Cap,Injection Molding,TF-005-PP-24410,WO-10925,2501232051092574,IM-005,4713,0.0625,294.56
SO-17038,2026-01-06,CUST-005,Cap,Injection Molding,TF-005-PP-24410,WO-10926,2501222051092675,IM-005,9727,0.0542,527.2
SO-17039,2026-01-08,CUST-007,Cap,Injection Molding,TF-005-HDPE-24410,WO-10927,2501312051092776,IM-005,4242,0.0626,265.55
SO-17040,2026-01-08,CUST-013,Cap,Injection Molding,TF-005-HDPE-24410,WO-10928,2601432051092877,IM-005,7080,0.0206,145.85
SO-17041,2026-01-11,CUST-006,Cap,Injection Molding,TF-005-HDPE-24410,WO-10929,2601422051092978,IM-005,5764,0.0547,315.29
SO-17042,2026-01-14,CUST-006,Cap,Injection Molding,TF-005-PP-24410,WO-10930,2601532051093079,IM-005,6511,0.0502,326.85
SO-17043,2026-01-14,CUST-001,Cap,Injection Molding,TF-008-PP-28410,WO-10931,2601612051093180,IM-005,8549,0.0648,553.98
SO-17044,2026-01-08,CUST-010,Cap,Injection Molding,TF-008-PP-28410,WO-10932,2601622051093281,IM-005,7252,0.0363,263.25
SO-17045,2026-01-12,CUST-012,Cap,Injection Molding,TF-008-HDPE-28410,WO-10933,2601712051093382,IM-005,10584,0.0613,648.8
SO-17046,2026-01-15,CUST-013,Cap,Injection Molding,TF-008-HDPE-28410,WO-10934,2602132051093483,IM-005,7333,0.0502,368.12
SO-17047,2026-01-09,CUST-007,Cap,Injection Molding,TF-008-HDPE-28410,WO-10935,2602122051093584,IM-005,6695,0.0562,376.26
SO-17048,2026-01-12,CUST-009,Cap,Injection Molding,TF-005-HDPE-24410,WO-10936,2602212051093685,IM-005,2673,0.0819,218.92
SO-17049,2026-01-08,CUST-008,Cap,Injection Molding,TF-005-HDPE-24410,WO-10937,2602222051093786,IM-005,7175,0.0381,273.37
SO-17050,2026-01-17,CUST-003,Cap,Injection Molding,TF-005-PP-24410,WO-10938,2602312051093887,IM-005,8638,0.0643,555.42
SO-17051,2026-01-15,CUST-002,Cap,Injection Molding,TF-008-HDPE-28410,WO-10939,2602412051093988,IM-005,13636,0.0678,924.52
SO-17052,2026-01-18,CUST-010,Cap,Injection Molding,TF-008-HDPE-28410,WO-10940,2602532051094089,IM-005,8424,0.0795,669.71
SO-17053,2026-01-18,CUST-012,Cap,  Injection Molding  ,TF-008-HDPE-28410,WO-10941,2602632051094190,IM-005,8751,0.0574,502.31
SO-17054,2026-01-19,CUST-012,Cap,Injection Molding,TF-008-PP-PCR-28410,WO-10942,2602622051094291,IM-005,9307,0.0596,554.7
SO-17055,2026-01-21,CUST-014,Cap,Injection Molding,TF-008-PP-PCR-28410,WO-10943,2602722051094392,IM-005,3320,0.062,205.84
SO-17056,2026-01-15,CUST-014,Cap,  Injection Molding  ,TF-008-PP-PCR-28410,WO-10944,2603132051094493,IM-005,3108,0.0899,279.41
SO-17057,2026-01-20,CUST-013,Cap,Injection Molding,TF-008-PP-PCR-28410,WO-10947,2603222051094796,IM-005,3867,0.0892,344.94
SO-17058,2026-01-20,CUST-010,Cap,INJECTION MOLDING,TF-008-HDPE-28410,WO-10948,2603312051094897,IM-005,6682,0.0472,315.39
SO-17059,2026-01-22,CUST-002,Cap,  Injection Molding  ,TF-008-HDPE-28410,WO-10949,2603332051094998,IM-005,9457,0.0447,422.73
SO-17060,2026-01-27,CUST-014,Cap,Injection Molding,TF-008-HDPE-28410,WO-10950,2603412051095099,IM-005,8879,0.0638,566.48
SO-17061,2026-01-24,CUST-005,Cap,Injection Molding,TF-008-PP-28410,WO-10951,2603532051095101,IM-005,5846,0.0599,350.18
SO-17062,2026-01-21,CUST-007,Cap,Injection Molding,TF-008-PP-28410,WO-10952,2603522051095202,IM-005,5858,0.0592,346.79
SO-17063,2026-01-20,CUST-014,Cap,Injection Molding,TF-008-PP-28410,WO-10953,2603612051095303,IM-005,6902,0.0786,542.5
SO-17064,2026-01-27,CUST-013,Cap,Injection Molding,TF-005-HDPE-24410,WO-10954,2603732051095404,IM-005,7437,0.0319,237.24
SO-17065,2026-01-24,CUST-013,Cap,Injection Molding,TF-005-PP-PCR-24410,WO-10955,2603722051095505,IM-005,1349,0.0868,117.09
SO-17066,2026-01-21,CUST-002,Cap,Injection Molding,TF-005-PP-PCR-24410,WO-10956,2604122051095606,IM-005,5909,0.053,313.18
SO-17067,2026-01-29,CUST-004,Cap,Injection Molding,TF-005-HDPE-24410,WO-10957,2604232051095707,IM-005,3592,0.0309,110.99
SO-17068,2026-01-27,CUST-009,Cap,Injection Molding,TF-005-HDPE-24410,WO-10958,2604222051095808,IM-005,9397,0.0638,599.53
SO-17069,2026-01-27,CUST-003,Cap,Injection Molding,TF-005-PP-PCR-24410,WO-10959,2604312051095909,IM-005,5139,0.0676,347.4
SO-17070,2026-01-23,CUST-013,Cap,Injection Molding,TF-005-PP-PCR-24410,WO-10960,2604412051096010,IM-005,6069,0.0538,326.51
SO-17071,2026-01-31,CUST-002,Cap,Injection Molding,TF-005-PP-PCR-24410,WO-10961,2604422051096111,IM-005,4023,0.0276,111.03
SO-17072,2026-01-27,CUST-010,Cap,Injection Molding,TF-008-HDPE-28410,WO-10962,2604512051096212,IM-005,5413,0.0643,348.06
SO-17073,2026-02-04,CUST-004,Cap,Injection Molding,TF-008-HDPE-28410,WO-10963,2604632051096313,IM-005,7314,0.0742,542.7
SO-17074,2026-02-04,CUST-013,Cap,Injection Molding,TF-005-PP-24410,WO-10967,2605122051096717,IM-005,5165,0.0855,441.61
SO-17075,2026-01-31,CUST-007,Cap,injection molding,TF-008-HDPE-28410,WO-10968,2605212051096818,IM-005,7501,0.0414,310.54
SO-17076,2026-02-01,CUST-010,Cap,Injection Molding,TF-008-PP-PCR-28410,WO-10969,2605332051096919,IM-005,5518,0.0618,341.01
SO-17077,2026-02-07,CUST-006,Cap,Injection Molding,TF-008-PP-PCR-28410,WO-10970,2605322051097020,IM-005,5492,0.0871,478.35
SO-17078,2026-02-01,CUST-013,Cap,Injection Molding,TF-005-HDPE-24410,WO-10971,2605422051097121,IM-005,6528,0.053,345.98
SO-17079,2026-02-03,CUST-004,Cap,Injection Molding,TF-005-HDPE-24410,WO-10972,2605532051097222,IM-005,5365,0.0864,463.54
SO-17080,2026-02-01,CUST-007,Cap,injection molding,TF-005-PP-24410,WO-10973,2605522051097323,IM-005,6781,0.0681,461.79
SO-17081,2026-02-08,CUST-009,Cap,Injection Molding,TF-005-PP-24410,WO-10974,2605612051097424,IM-005,8047,0.0204,164.16
SO-17082,2026-02-02,CUST-006,Cap,Injection Molding,TF-005-PP-24410,WO-10975,2605732051097525,IM-005,3076,0.0287,88.28
SO-17083,2026-02-08,CUST-009,Cap,Injection Molding,TF-005-HDPE-24410,WO-10976,2606132051097626,IM-005,7516,0.0418,314.17
SO-17084,2026-02-10,CUST-013,Cap,Injection Molding,TF-005-HDPE-24410,WO-10977,2606122051097727,IM-005,4335,0.0613,265.74
SO-17085,2026-02-11,CUST-013,Cap,Injection Molding,TF-005-HDPE-24410,WO-10978,2606212051097828,IM-005,3769,0.0213,80.28
SO-17086,2026-02-10,CUST-004,Cap,Injection Molding,TF-005-PP-24410,WO-10979,2606232051097929,IM-005,15353,0.0821,1260.48
SO-17087,2026-02-12,CUST-003,Cap,Injection Molding,TF-005-PP-24410,WO-10983,2606632051098333,IM-005,6332,0.076,481.23
SO-17088,2026-02-13,CUST-010,Cap,Injection Molding,TF-005-PP-PCR-24410,WO-10985,2606712051098535,IM-005,4354,0.0814,354.42
SO-17089,2026-02-19,CUST-009,Cap,Injection Molding,TF-005-PP-PCR-24410,WO-10986,2607112051098636,IM-005,11635,0.055,639.92
SO-17090,2026-02-16,CUST-013,Cap,Injection Molding,TF-005-PP-24410,WO-10987,2607232051098737,IM-005,3355,0.0243,81.53
SO-17091,2026-02-20,CUST-002,Cap,Injection Molding,TF-005-PP-24410,WO-10988,2607212051098838,IM-005,5553,0.0244,135.49
SO-17092,2026-02-15,CUST-008,Cap,Injection Molding,TF-005-HDPE-24410,WO-10989,2607312051098939,IM-005,5723,0.0753,430.94
SO-17093,2026-02-17,CUST-009,Cap,Injection Molding,TF-008-HDPE-28410,WO-10993,2607522051099343,IM-005,5843,0.067,391.48
SO-17094,2026-02-23,CUST-009,Cap,Injection Molding,TF-008-HDPE-28410,WO-10994,2607612051099444,IM-005,7631,0.0538,410.55
SO-17095,2026-02-20,CUST-005,Cap,Injection Molding,TF-005-HDPE-24410,WO-10995,2607732051099545,IM-005,5119,0.0817,418.22
SO-17096,2026-02-17,CUST-013,Cap,Injection Molding,TF-005-HDPE-24410,WO-10996,2607722051099646,IM-005,1965,0.0431,84.69
SO-17097,2026-02-25,CUST-012,Cap,Injection Molding,TF-005-HDPE-24410,WO-10997,2608132051099747,IM-005,7345,0.09,661.05
SO-17098,2026-02-25,CUST-004,Cap,Injection Molding,TF-005-HDPE-24410,WO-10998,2608122051099848,IM-005,6533,0.0223,145.69
SO-17099,2026-02-24,CUST-005,Cap,Injection Molding,TF-005-HDPE-24410,WO-11001,2608322051100151,IM-005,7952,0.0411,326.83
SO-17100,2026-02-28,CUST-009,Cap,Injection Molding,TF-005-HDPE-24410,WO-11003,2608532051100353,IM-005,3874,0.0618,239.41
SO-17101,2026-03-01,CUST-001,Cap,Injection Molding,TF-005-PP-24410,WO-11005,2608612051100555,IM-005,3332,0.0845,281.55
SO-17102,2026-03-02,CUST-013,Cap,Injection Molding,TF-005-PP-24410,WO-11006,2608732051100656,IM-005,5299,0.0372,197.12
SO-17103,2026-03-04,CUST-013,Cap,Injection Molding,TF-005-PP-PCR-24410,WO-11010,2609332051101060,IM-005,4521,0.0316,142.86
SO-17104,2026-03-01,CUST-010,Cap,Injection Molding,TF-005-PP-PCR-24410,WO-11011,2609322051101161,IM-005,10083,0.0769,775.38
SO-17105,2026-03-09,CUST-001,Cap,Injection Molding,TF-005-HDPE-24410,WO-11012,2609422051101262,IM-005,8883,0.0524,465.47
SO-17106,2026-03-04,CUST-005,Cap,INJECTION MOLDING,TF-008-HDPE-28410,WO-11014,2609632051101464,IM-005,7812,0.0289,225.77
SO-17107,2026-03-08,CUST-004,Cap,Injection Molding,TF-008-HDPE-28410,WO-11015,2609622051101565,IM-005,5130,0.0827,424.25
SO-17108,2026-03-11,CUST-012,Cap,Injection Molding,TF-008-HDPE-28410,WO-11016,2609712051101666,IM-005,10916,0.0847,924.59
SO-17109,2026-03-10,CUST-001,Cap,Injection Molding,TF-008-PP-PCR-28410,WO-11017,2610132051101767,IM-005,5745,0.0481,276.33
SO-17110,2026-03-15,CUST-010,Cap,Injection Molding,TF-008-PP-28410,WO-11019,2610212051101969,IM-005,9498,0.0757,719.0
SO-17111,2026-03-12,CUST-013,Cap,Injection Molding,TF-005-HDPE-24410,WO-11020,2610332051102070,IM-005,2731,0.0737,201.27
SO-17112,2026-03-16,CUST-004,Cap,Injection Molding,TF-008-HDPE-28410,WO-11021,2610322051102171,IM-005,4906,0.0211,103.52
SO-17113,2026-03-07,CUST-006,Cap,Injection Molding,TF-008-HDPE-28410,WO-11022,2610422051102272,IM-005,5594,0.0556,311.03
SO-17114,2026-03-13,CUST-004,Cap,Injection Molding,TF-008-PP-28410,WO-11023,2610512051102373,IM-005,7463,0.0251,187.32
SO-17115,2026-03-18,CUST-006,Cap,Injection Molding,TF-008-PP-28410,WO-11024,2610532051102474,IM-005,6585,0.0462,304.23
SO-17116,2026-03-10,CUST-012,Cap,Injection Molding,TF-008-PP-28410,WO-11025,2610612051102575,IM-005,8673,0.0351,304.42
SO-17117,2026-03-19,CUST-014,Cap,Injection Molding,TF-005-PP-PCR-24410,WO-11026,2610732051102676,IM-005,3728,0.0892,332.54
SO-17118,2026-03-11,CUST-007,Cap,Injection Molding,TF-005-PP-PCR-24410,WO-11027,2610722051102777,IM-005,4788,0.0746,357.18
SO-17119,2026-03-21,CUST-003,Cap,Injection Molding,TF-005-PP-PCR-24410,WO-11028,2611122051102878,IM-005,7244,0.0869,629.5
SO-17120,2026-03-16,CUST-008,Cap,Injection Molding,TF-008-HDPE-28410,WO-11029,2611212051102979,IM-005,7423,0.0859,637.64
SO-17121,2026-03-15,CUST-002,Cap,Injection Molding,TF-008-HDPE-28410,WO-11030,2611332051103080,IM-005,3751,0.0527,197.68
SO-17122,2026-03-23,CUST-004,Cap,Injection Molding,TF-005-PP-PCR-24410,WO-11032,2611412051103282,IM-005,4649,0.0515,239.42
SO-17123,2026-03-20,CUST-014,Cap,Injection Molding,TF-005-PP-PCR-24410,WO-11033,2611432051103383,IM-005,4008,0.0726,290.98
SO-17124,2026-03-21,CUST-001,Cap,injection molding,TF-005-PP-PCR-24410,WO-11037,2611722051103787,IM-005,8713,0.0748,651.73
SO-17125,2026-03-26,CUST-010,Cap,Injection Molding,TF-005-PP-PCR-24410,WO-11038,2612132051103888,IM-005,8650,0.0375,324.38
SO-17126,2026-03-27,CUST-014,Cap,Injection Molding,TF-008-PP-PCR-28410,WO-11039,2612122051103989,IM-005,7676,0.09,690.84
SO-17127,2026-03-23,CUST-010,Cap,Injection Molding,TF-008-PP-PCR-28410,WO-11040,2612212051104090,IM-005,6597,0.0594,391.86
SO-17128,2026-03-24,CUST-008,Cap,Injection Molding,TF-008-PP-PCR-28410,WO-11041,2612332051104191,IM-005,3481,0.0425,147.94
SO-17129,2026-03-24,CUST-002,Cap,Injection Molding,TF-005-PP-PCR-24410,WO-11044,2612532051104494,IM-005,2666,0.0299,79.71
SO-17130,2026-03-31,CUST-008,Cap,Injection Molding,TF-005-PP-PCR-24410,WO-11045,2612632051104595,IM-005,9256,0.0338,312.85
SO-17131,2026-03-30,CUST-002,Cap,Injection Molding,TF-005-PP-PCR-24410,WO-11046,2612622051104696,IM-005,5804,0.0579,336.05
SO-17132,2026-03-30,CUST-010,Cap,Injection Molding,TF-005-PP-PCR-24410,WO-11047,2612712051104797,IM-005,10888,0.0708,770.87
SO-17133,2026-03-28,CUST-005,Cap,Injection Molding,TF-005-PP-PCR-24410,WO-11048,2613112051104898,IM-005,6374,0.0875,557.72
SO-17134,2026-03-28,CUST-004,Cap,Injection Molding,TF-005-HDPE-24410,WO-11050,2613212051105001,IM-005,4287,0.0429,183.91
SO-17135,2026-04-01,CUST-001,Cap,Injection Molding,TF-005-HDPE-24410,WO-11051,2613332051105102,IM-005,9060,0.0262,237.37
SO-17136,2026-04-01,CUST-012,Cap,Injection Molding,TF-005-PP-PCR-24410,WO-11053,2613412051105304,IM-005,5440,0.0732,398.21
SO-17137,2026-03-29,CUST-007,Cap,Injection Molding,TF-005-PP-PCR-24410,WO-11054,2613432051105405,IM-005,12641,0.0897,1133.9
SO-17138,2026-04-07,CUST-005,Cap,Injection Molding,TF-008-HDPE-28410,WO-11055,2613522051105506,IM-005,6449,0.056,361.14
SO-17139,2026-04-04,CUST-003,Cap,Injection Molding,TF-005-PP-PCR-24410,WO-11058,2614112051105809,IM-005,5258,0.0828,435.36
SO-17140,2026-04-11,CUST-007,Cap,Injection Molding,TF-005-PP-PCR-24410,WO-11060,2614222051106011,IM-005,4486,0.0859,385.35
SO-17141,2026-04-09,CUST-003,Cap,Injection Molding,TF-005-PP-24410,WO-11061,2614312051106112,IM-005,2993,0.0254,76.02
SO-17142,2026-04-11,CUST-009,Cap,Injection Molding,TF-005-PP-24410,WO-11062,2614432051106213,IM-005,8792,0.0317,278.71
SO-17143,2026-04-12,CUST-010,Cap,Injection Molding,TF-005-PP-24410,WO-11063,2614422051106314,IM-005,9868,0.0604,596.03
SO-17144,2026-04-09,CUST-014,Cap,Injection Molding,TF-008-HDPE-28410,WO-11064,2614522051106415,IM-005,5696,0.0614,349.73
SO-17145,2026-04-08,CUST-003,Cap,Injection Molding,TF-008-HDPE-28410,WO-11065,2614612051106516,IM-005,7050,0.0358,252.39
SO-17146,2026-04-14,CUST-003,Cap,Injection Molding,TF-005-HDPE-24410,WO-11066,2614622051106617,IM-005,6274,0.0552,346.32
SO-17147,2026-04-09,CUST-010,Cap,Injection Molding,TF-008-HDPE-28410,WO-11068,2615132051106819,IM-005,4952,0.0515,255.03
SO-17148,2026-04-14,CUST-008,Cap,Injection Molding,TF-005-PP-24410,WO-11069,2615122051106920,IM-005,8116,0.0492,399.31
SO-17149,2026-04-18,CUST-003,Cap,Injection Molding,TF-005-PP-24410,WO-11070,2615212051107021,IM-005,6900,0.076,524.4
SO-17150,2026-04-13,CUST-009,Cap,Injection Molding,TF-005-PP-24410,WO-11071,2615332051107122,IM-005,4823,0.062,299.03
SO-17151,2026-04-20,CUST-005,Cap,Injection Molding,TF-008-HDPE-28410,WO-11072,2615322051107223,IM-005,10868,0.0847,920.52
SO-17152,2026-04-11,CUST-012,Cap,  Injection Molding  ,TF-008-HDPE-28410,WO-11073,2615412051107324,IM-005,7921,0.0873,691.5
SO-17153,2026-04-18,CUST-011,Cap,Injection Molding,TF-008-HDPE-28410,WO-11074,2615532051107425,IM-005,3863,0.0686,265.0
SO-17154,2026-04-16,CUST-001,Cap,Injection Molding,TF-005-PP-PCR-24410,WO-11075,2615522051107526,IM-005,7371,0.0332,244.72
SO-17155,2026-04-13,CUST-002,Cap,Injection Molding,TF-005-PP-PCR-24410,WO-11076,2615612051107627,IM-005,14072,0.0817,1149.68
SO-17156,2026-04-22,CUST-005,Cap,Injection Molding,TF-008-PP-PCR-28410,WO-11077,2615712051107728,IM-005,6542,0.0771,504.39
SO-17157,2026-04-21,CUST-005,Cap,Injection Molding,TF-005-HDPE-24410,WO-11078,2615722051107829,IM-005,6799,0.058,394.34
SO-17158,2026-04-15,CUST-014,Cap,Injection Molding,TF-005-HDPE-24410,WO-11079,2616122051107930,IM-005,6677,0.0643,429.33
SO-17159,2026-04-22,CUST-013,Cap,Injection Molding,TF-008-HDPE-28410,WO-11081,2616312051108132,IM-005,11311,0.0254,287.3
SO-17160,2026-04-26,CUST-007,Cap,Injection Molding,TF-008-HDPE-28410,WO-11082,2616432051108233,IM-005,6929,0.0258,178.77
SO-17161,2026-04-18,CUST-006,Cap,Injection Molding,TF-008-PP-28410,WO-11083,2616412051108334,IM-005,5369,0.0521,279.72
SO-17162,2026-04-22,CUST-002,Cap,Injection Molding,TF-005-HDPE-24410,WO-11084,2616512051108435,IM-005,10775,0.0879,947.12
SO-17163,2026-04-27,CUST-007,Cap,Injection Molding,TF-008-HDPE-28410,WO-11085,2616632051108536,IM-005,12722,0.0825,1049.57
SO-17164,2026-04-24,CUST-001,Cap,Injection Molding,TF-008-HDPE-28410,WO-11086,2616622051108637,IM-005,2232,0.0609,135.93
SO-17165,2026-04-26,CUST-010,Cap,Injection Molding,TF-008-PP-28410,WO-11088,2616722051108839,IM-005,4769,0.087,414.9
SO-17166,2026-05-02,CUST-014,Cap,Injection Molding,TF-005-HDPE-24410,WO-11093,2617332051109344,IM-005,5792,0.0475,275.12
SO-17167,2026-05-01,CUST-014,Cap,Injection Molding,TF-008-HDPE-28410,WO-11094,2617422051109445,IM-005,9074,0.0243,220.5
SO-17168,2026-04-26,CUST-010,Cap,Injection Molding,TF-008-HDPE-28410,WO-11095,2617512051109546,IM-005,5089,0.0336,170.99
SO-17169,2026-04-29,CUST-013,Cap,INJECTION MOLDING,TF-008-HDPE-28410,WO-11096,2617632051109647,IM-005,3952,0.0877,346.59
SO-17170,2026-05-03,CUST-013,Cap,injection molding,TF-005-PP-24410,WO-11097,2617622051109748,IM-005,5395,0.0733,395.45
SO-17171,2026-05-02,CUST-012,Cap,Injection Molding,TF-005-PP-24410,WO-11098,2617732051109849,IM-005,10344,0.0257,265.84
SO-17172,2026-05-03,CUST-007,Cap,Injection Molding,TF-008-PP-PCR-28410,WO-11099,2617722051109950,IM-005,1716,0.0653,112.05
SO-17173,2026-05-07,CUST-001,Cap,Injection Molding,TF-005-PP-PCR-24410,WO-11100,2618112051110051,IM-005,5218,0.0289,150.8
SO-17174,2026-05-06,CUST-008,Cap,  Injection Molding  ,TF-005-PP-PCR-24410,WO-11101,2618212051110152,IM-005,3220,0.0276,88.87
SO-17175,2026-05-02,CUST-003,Cap,INJECTION MOLDING,TF-008-PP-PCR-28410,WO-11102,2618222051110253,IM-005,4514,0.0365,164.76
SO-17176,2026-05-08,CUST-001,Cap,Injection Molding,TF-008-PP-PCR-28410,WO-11103,2618312051110354,IM-005,7172,0.0238,170.69
SO-17177,2026-05-07,CUST-012,Cap,Injection Molding,TF-008-PP-PCR-28410,WO-11104,2618432051110455,IM-005,3884,0.0383,148.76
SO-17178,2026-05-07,CUST-002,Cap,Injection Molding,TF-008-PP-28410,WO-11108,2618712051110859,IM-005,9719,0.022,213.82
SO-17179,2026-05-05,CUST-009,Cap,Injection Molding,TF-008-PP-28410,WO-11109,2619112051110960,IM-005,7619,0.0422,321.52
SO-17180,2026-05-10,CUST-008,Cap,Injection Molding,TF-008-PP-28410,WO-11110,2619232051111061,IM-005,14619,0.0581,849.36
SO-17181,2026-05-13,CUST-006,Cap,Injection Molding,TF-008-HDPE-28410,WO-11111,2619232051111162,IM-005,8104,0.0588,476.52
SO-17182,2026-05-18,CUST-006,Cap,Injection Molding,TF-008-HDPE-28410,WO-11112,2619322051111263,IM-005,7845,0.0453,355.38
SO-17183,2026-05-11,CUST-010,Cap,Injection Molding,TF-005-PP-24410,WO-11113,2619412051111364,IM-005,4874,0.0775,377.74
SO-17184,2026-05-16,CUST-007,Cap,Injection Molding,TF-005-PP-24410,WO-11114,2619532051111465,IM-005,6514,0.0411,267.73
SO-17185,2026-05-18,CUST-002,Cap,Injection Molding,TF-005-PP-24410,WO-11115,2619512051111566,IM-005,10722,0.0408,437.46
SO-17186,2026-05-12,CUST-008,Cap,Injection Molding,TF-008-HDPE-28410,WO-11116,2619612051111667,IM-005,4264,0.0548,233.67
SO-17187,2026-05-15,CUST-014,Cap,Injection Molding,TF-005-HDPE-24410,WO-11117,2619622051111768,IM-005,6126,0.0277,169.69
SO-17188,2026-05-16,CUST-010,Cap,Injection Molding,TF-008-PP-PCR-28410,WO-11118,2619722051111869,IM-005,4832,0.0469,226.62
SO-17189,2026-05-14,CUST-012,Cap,Injection Molding,TF-008-PP-PCR-28410,WO-11119,2620112051111970,IM-005,4022,0.054,217.19
SO-17190,2026-05-19,CUST-014,Cap,  Injection Molding  ,TF-008-PP-PCR-28410,WO-11120,2620232051112071,IM-005,4237,0.02,84.74
SO-17191,2026-05-22,CUST-009,Cap,Injection Molding,TF-008-HDPE-28410,WO-11121,2620222051112172,IM-005,4871,0.0608,296.16
SO-17192,2026-05-16,CUST-007,Cap,Injection Molding,TF-008-HDPE-28410,WO-11122,2620332051112273,IM-005,7513,0.0875,657.39
SO-17193,2026-05-16,CUST-013,Cap,Injection Molding,TF-008-HDPE-28410,WO-11123,2620312051112374,IM-005,2209,0.0306,67.6
SO-17194,2026-05-16,CUST-009,Cap,INJECTION MOLDING,TF-005-HDPE-24410,WO-11124,2620432051112475,IM-005,3102,0.0264,81.89
SO-17195,2026-05-18,CUST-002,Cap,  Injection Molding  ,TF-005-PP-24410,WO-11125,2620432051112576,IM-005,2884,0.0334,96.33
SO-17196,2026-05-19,CUST-004,Cap,Injection Molding,TF-005-PP-24410,WO-11126,2620522051112677,IM-005,9540,0.0357,340.58
SO-17197,2026-05-27,CUST-013,Cap,Injection Molding,TF-008-HDPE-28410,WO-11127,2620612051112778,IM-005,9285,0.05,464.25
SO-17198,2026-05-28,CUST-011,Cap,Injection Molding,TF-008-HDPE-28410,WO-11128,2620712051112879,IM-005,8456,0.033,279.05
SO-17199,2026-05-28,CUST-012,Cap,Injection Molding,TF-008-PP-PCR-28410,WO-11129,2620722051112980,IM-005,4079,0.0467,190.49
SO-17200,2026-05-24,CUST-005,Cap,Injection Molding,TF-008-PP-PCR-28410,WO-11130,2621112051113081,IM-005,5617,0.054,303.32
SO-17201,2026-05-21,CUST-013,Cap,Injection Molding,TF-008-PP-PCR-28410,WO-11131,2621132051113182,IM-005,6619,0.0823,544.74
SO-17202,2026-05-24,CUST-012,Cap,Injection Molding,TF-008-PP-28410,WO-11132,2621212051113283,IM-005,7540,0.0753,567.76
SO-17203,2026-05-27,CUST-008,Cap,Injection Molding,TF-008-PP-28410,WO-11133,2621332051113384,IM-005,5108,0.0701,358.07
SO-17204,2026-05-31,CUST-012,Cap,Injection Molding,TF-008-PP-28410,WO-11134,2621322051113485,IM-005,8079,0.0497,401.53
SO-17205,2026-05-26,CUST-006,Cap,Injection Molding,TF-005-PP-PCR-24410,WO-11135,2621412051113586,IM-005,14036,0.0206,289.14
SO-17206,2026-05-26,CUST-010,Cap,Injection Molding,TF-005-PP-PCR-24410,WO-11136,2621512051113687,IM-005,5060,0.0626,316.76
SO-17207,2026-05-25,CUST-004,Cap,Injection Molding,TF-005-PP-PCR-24410,WO-11137,2621522051113788,IM-005,8802,0.0572,503.47
SO-17208,2026-06-04,CUST-005,Cap,INJECTION MOLDING,TF-008-PP-28410,WO-11139,2621732051113990,IM-005,11424,0.0471,538.07
SO-17209,2026-05-31,CUST-012,Cap,Injection Molding,TF-008-PP-28410,WO-11140,2622132051114091,IM-005,10936,0.0351,383.85
SO-17210,2026-06-06,CUST-002,Cap,Injection Molding,TF-008-PP-PCR-28410,WO-11142,2622222051114293,IM-005,3378,0.0214,72.29
SO-17211,2026-06-05,CUST-003,Cap,INJECTION MOLDING,TF-005-HDPE-24410,WO-11144,2622322051114495,IM-005,6462,0.0226,146.04
SO-17212,2026-05-31,CUST-002,Cap,  Injection Molding  ,TF-005-PP-24410,WO-11145,2622422051114596,IM-005,9138,0.0806,736.52
SO-17213,2026-06-03,CUST-009,Cap,Injection Molding,TF-005-PP-24410,WO-11146,2622512051114697,IM-005,9165,0.0644,590.23
SO-17214,2026-06-10,CUST-006,Cap,Injection Molding,TF-005-PP-24410,WO-11147,2622532051114798,IM-005,3511,0.0538,188.89
SO-17215,2026-06-03,CUST-001,Cap,Injection Molding,TF-008-HDPE-28410,WO-11148,2622632051114899,IM-005,5625,0.069,388.13
SO-17216,2026-06-04,CUST-003,Cap,INJECTION MOLDING,TF-008-HDPE-28410,WO-11149,2622722051114901,IM-005,6572,0.0311,204.39
SO-17217,2026-06-08,CUST-013,Cap,Injection Molding,TF-008-HDPE-28410,WO-11150,2623112051115002,IM-005,6174,0.062,382.79
SO-17218,2026-06-17,CUST-008,Cap,Injection Molding,TF-005-PP-PCR-24410,WO-11156,2623512051115608,IM-005,2698,0.0289,77.97
SO-17219,2026-06-17,CUST-002,Cap,Injection Molding,TF-005-PP-PCR-24410,WO-11157,2623612051115709,IM-005,5378,0.0747,401.74
SO-17220,2026-06-16,CUST-001,Cap,Injection Molding,TF-008-HDPE-28410,WO-11158,2623622051115810,IM-005,3059,0.0373,114.1
SO-17221,2026-06-15,CUST-005,Cap,Injection Molding,TF-008-HDPE-28410,WO-11159,2623712051115911,IM-005,4367,0.0859,375.13
SO-17222,2026-06-14,CUST-009,Cap,Injection Molding,TF-008-PP-28410,WO-11163,2624232051116315,IM-005,5767,0.0866,499.42
SO-17223,2026-06-21,CUST-001,Cap,Injection Molding,TF-008-PP-28410,WO-11164,2624322051116416,IM-005,4950,0.0514,254.43
SO-17224,2026-06-14,CUST-006,Cap,Injection Molding,TF-008-PP-28410,WO-11165,2624412051116517,IM-005,7582,0.0522,395.78
SO-17225,2026-06-17,CUST-009,Cap,Injection Molding,TF-008-PP-28410,WO-11167,2624512051116719,IM-005,9242,0.0781,721.8
SO-17226,2026-06-25,CUST-002,Cap,INJECTION MOLDING,TF-005-PP-24410,WO-11168,2624632051116820,IM-005,7617,0.0624,475.3
SO-17227,2026-06-22,CUST-003,Cap,Injection Molding,TF-008-HDPE-28410,WO-11169,2624732051116921,IM-005,3539,0.0632,223.66
SO-17228,2026-06-24,CUST-001,Cap,Injection Molding,TF-008-HDPE-28410,WO-11170,2624722051117022,IM-005,2673,0.0502,134.18
SO-17229,2026-06-24,CUST-003,Cap,Injection Molding,TF-008-PP-28410,WO-11172,2625232051117224,IM-005,8992,0.0329,295.84
SO-17230,2026-06-27,CUST-014,Cap,Injection Molding,TF-008-PP-28410,WO-11173,2625222051117325,IM-005,6447,0.0299,192.77
SO-17231,2026-06-28,CUST-002,Cap,Injection Molding,TF-008-PP-28410,WO-11174,2625312051117426,IM-005,8005,0.0717,573.96
SO-17232,2026-06-27,CUST-007,Cap,Injection Molding,TF-005-PP-24410,WO-11177,2625532051117729,IM-005,9179,0.0214,196.43
SO-17233,2026-06-26,CUST-005,Cap,Injection Molding,TF-008-HDPE-28410,WO-11178,2625632051117830,IM-005,5763,0.0769,443.17
SO-17234,2026-06-22,CUST-007,Cap,Injection Molding,TF-008-HDPE-28410,WO-11179,2625622051117931,IM-005,4190,0.0727,304.61
SO-17235,2026-06-23,CUST-009,Cap,Injection Molding,TF-008-HDPE-28410,WO-11180,2625712051118032,IM-005,6008,0.0828,497.46
SO-17236,2026-06-23,CUST-006,Cap,Injection Molding,TF-005-HDPE-24410,WO-11181,2626132051118133,IM-005,6224,0.0865,538.38
SO-17237,2026-07-02,CUST-001,Cap,Injection Molding,TF-005-HDPE-24410,WO-11182,2626122051118234,IM-005,6502,0.0723,470.09
SO-17238,2026-07-03,CUST-010,Cap,Injection Molding,TF-005-HDPE-24410,WO-11183,2626232051118335,IM-005,6012,0.0707,425.05
SO-17239,2026-07-02,CUST-011,Cap,injection molding,TF-005-HDPE-24410,WO-11184,2626232051118436,IM-005,4561,0.0319,145.5
SO-17240,2026-06-29,CUST-001,Cap,Injection Molding,TF-005-HDPE-24410,WO-11185,2626322051118537,IM-005,7961,0.0632,503.14
SO-17241,2026-07-04,CUST-006,Cap,injection molding,TF-005-HDPE-24410,WO-11186,2626422051118638,IM-005,3564,0.0371,132.22
SO-17242,2026-06-29,CUST-012,Cap,Injection Molding,TF-005-PP-24410,WO-11187,2626532051118739,IM-005,7540,0.0263,198.3
SO-17243,2026-07-01,CUST-002,Cap,  Injection Molding  ,TF-005-PP-24410,WO-11188,2626532051118840,IM-005,3249,0.052,168.95
SO-17244,2026-07-06,CUST-001,Cap,Injection Molding,TF-005-PP-24410,WO-11189,2626622051118941,IM-005,11990,0.0292,350.11
SO-17245,2026-07-10,CUST-008,Cap,Injection Molding,TF-008-HDPE-28410,WO-11190,2626712051119042,IM-005,6736,0.0332,223.64
SO-17246,2026-06-30,CUST-006,Cap,Injection Molding,TF-005-PP-PCR-24410,WO-11191,2627132051119143,IM-005,7277,0.0466,339.11
SO-17247,2026-07-04,CUST-014,Cap,Injection Molding,TF-005-PP-PCR-24410,WO-11192,2627122051119244,IM-005,7108,0.0754,535.94
SO-17248,2026-07-02,CUST-013,Cap,Injection Molding,TF-005-PP-PCR-24410,WO-11193,2627222051119345,IM-005,6503,0.069,448.71
SO-17249,2026-07-05,CUST-014,Cap,Injection Molding,TF-008-PP-28410,WO-11194,2627312051119446,IM-005,2399,0.0584,140.1
SO-17250,2026-07-09,CUST-011,Cap,Injection Molding,TF-008-PP-28410,WO-11195,2627432051119547,IM-005,6488,0.0243,157.66
SO-17251,2026-07-12,CUST-004,Cap,  Injection Molding  ,TF-005-HDPE-24410,WO-11197,2627512051119749,IM-005,5886,0.0798,469.7
SO-17252,2026-07-05,CUST-013,Cap,Injection Molding,TF-005-HDPE-24410,WO-11198,2627632051119850,IM-005,7063,0.053,374.34
SO-17253,2026-07-11,CUST-001,Cap,Injection Molding,TF-005-PP-PCR-24410,WO-11199,2627622051119951,IM-005,3569,0.0526,187.73
SO-17254,2026-07-11,CUST-005,Cap,Injection Molding,TF-005-PP-PCR-24410,WO-11200,2627732051120052,IM-005,5568,0.0575,320.16
SO-17255,2026-07-07,CUST-011,Cap,Injection Molding,TF-005-HDPE-24410,WO-11201,2627722051120153,IM-005,11360,0.0371,421.46
SO-17256,2026-07-08,CUST-013,Cap,Injection Molding,TF-005-HDPE-24410,WO-11202,2628112051120254,IM-005,3208,0.0587,188.31
SO-17257,2026-07-14,CUST-006,Cap,Injection Molding,TF-008-PP-PCR-28410,WO-11205,2628332051120557,IM-005,3502,0.0701,245.49
SO-17258,2026-07-12,CUST-013,Cap,Injection Molding,TF-008-PP-PCR-28410,WO-11206,2628312051120658,IM-005,3087,0.0279,86.13
SO-17259,2026-07-17,CUST-004,Cap,Injection Molding,TF-005-HDPE-24410,WO-11207,2628412051120759,IM-005,12028,0.0246,295.89
SO-17260,2026-07-17,CUST-012,Cap,Injection Molding,TF-005-HDPE-24410,WO-11208,2628512051120860,IM-005,6152,0.0328,201.79
SO-17261,2026-07-16,CUST-006,Cap,Injection Molding,TF-005-HDPE-24410,WO-11209,2628632051120961,IM-005,8379,0.069,578.15
SO-17262,2026-07-17,CUST-010,Cap,Injection Molding,TF-008-PP-PCR-28410,WO-11211,2628712051121163,IM-005,11157,0.0678,756.44
SO-17263,2026-07-18,CUST-012,Cap,Injection Molding,TF-008-PP-PCR-28410,WO-11212,2629132051121264,IM-005,8912,0.0297,264.69
SO-17264,2026-07-16,CUST-014,Cap,Injection Molding,TF-008-PP-28410,WO-11213,2629122051121365,IM-005,16356,0.0482,788.36
SO-17265,2026-07-17,CUST-014,Cap,Injection Molding,TF-005-PP-24410,WO-11214,2629222051121466,IM-005,2606,0.0307,80.0
SO-17266,2026-07-19,CUST-011,Cap,Injection Molding,TF-005-PP-24410,WO-11215,2629332051121567,IM-005,3613,0.0408,147.41
SO-17267,2026-07-26,CUST-003,Cap,Injection Molding,TF-005-PP-24410,WO-11216,2629312051121668,IM-005,6194,0.0322,199.45
SO-17268,2026-07-27,CUST-002,Cap,Injection Molding,TF-008-PP-PCR-28410,WO-11217,2629432051121769,IM-005,6555,0.0289,189.44
SO-17269,2026-07-23,CUST-008,Cap,  Injection Molding  ,TF-008-PP-PCR-28410,WO-11218,2629422051121870,IM-005,9648,0.0464,447.67
SO-17270,2026-07-22,CUST-014,Cap,Injection Molding,TF-008-PP-PCR-28410,WO-11219,2629522051121971,IM-005,5003,0.0583,291.67
SO-17271,2026-07-19,CUST-008,Cap,Injection Molding,TF-008-PP-PCR-28410,WO-11220,2629632051122072,IM-005,8728,0.0718,626.67
SO-17272,2026-07-23,CUST-008,Cap,Injection Molding,TF-008-PP-PCR-28410,WO-11221,2629622051122173,IM-005,11933,0.0655,781.61
SO-17273,2026-07-27,CUST-012,Cap,Injection Molding,TF-008-PP-PCR-28410,WO-11222,2629712051122274,IM-005,6786,0.0469,318.26
SO-17274,2026-07-25,CUST-011,Cap,Injection Molding,TF-005-PP-24410,WO-11223,2629732051122375,IM-005,4656,0.0218,101.5
SO-17275,2026-07-24,CUST-004,Cap,Injection Molding,TF-005-PP-24410,WO-11225,2630232051122577,IM-005,7838,0.0306,239.84
SO-17276,2026-07-30,CUST-012,Cap,Injection Molding,TF-005-HDPE-24410,WO-11226,2630222051122678,IM-005,7776,0.0478,371.69
SO-17277,2026-07-31,CUST-004,Cap,Injection Molding,TF-005-HDPE-24410,WO-11227,2630312051122779,IM-005,6950,0.0467,324.56
SO-17278,2026-07-30,CUST-014,Cap,Injection Molding,TF-005-HDPE-24410,WO-11230,2630532051123082,IM-005,6535,0.0805,526.07
SO-17279,2026-08-01,CUST-002,Cap,Injection Molding,TF-005-HDPE-24410,WO-11231,2630522051123183,IM-005,7504,0.0888,666.36
SO-17280,2026-07-29,CUST-002,Cap,Injection Molding,TF-008-HDPE-28410,WO-11234,2630712051123486,IM-005,8982,0.0242,217.36
SO-17281,2026-07-31,CUST-003,Cap,Injection Molding,TF-008-HDPE-28410,WO-11235,2631112051123587,IM-005,9820,0.0606,595.09
SO-17282,2026-08-08,CUST-011,Cap,Injection Molding,TF-008-HDPE-28410,WO-11236,2631232051123688,IM-005,4762,0.0818,389.53
SO-17283,2026-08-05,CUST-011,Cap,Injection Molding,TF-008-HDPE-28410,WO-11237,2631332051123789,IM-005,5089,0.0596,303.3
SO-17284,2026-08-10,CUST-008,Cap,Injection Molding,TF-005-PP-PCR-24410,WO-11238,2631322051123890,IM-005,8069,0.0373,300.97
SO-17285,2026-07-31,CUST-014,Cap,Injection Molding,TF-005-PP-PCR-24410,WO-11239,2631432051123991,IM-005,5206,0.0778,405.03
SO-17286,2026-08-07,CUST-008,Cap,Injection Molding,TF-008-PP-PCR-28410,WO-11240,2631432051124092,IM-005,2532,0.0428,108.37
SO-17287,2026-08-04,CUST-013,Cap,Injection Molding,TF-008-HDPE-28410,WO-11241,2631512051124193,IM-005,7937,0.0244,193.66
SO-17288,2026-08-08,CUST-008,Cap,Injection Molding,TF-008-PP-28410,WO-11242,2631612051124294,IM-005,4076,0.0516,210.32
SO-17289,2026-08-12,CUST-010,Cap,Injection Molding,TF-008-PP-28410,WO-11243,2631632051124395,IM-005,5311,0.0655,347.87
SO-17290,2026-08-05,CUST-011,Cap,INJECTION MOLDING,TF-008-PP-PCR-28410,WO-11244,2631712051124496,IM-005,6157,0.0228,140.38
SO-17291,2026-08-12,CUST-007,Cap,Injection Molding,TF-005-PP-24410,WO-11246,2632132051124698,IM-005,11933,0.0865,1032.2
SO-17292,2026-08-10,CUST-006,Cap,Injection Molding,TF-005-PP-PCR-24410,WO-11248,2632312051124801,IM-005,5662,0.0615,348.21
SO-17293,2026-08-09,CUST-006,Cap,Injection Molding,TF-005-PP-PCR-24410,WO-11249,2632322051124902,IM-005,9224,0.0541,499.02
SO-17294,2026-08-16,CUST-007,Cap,Injection Molding,TF-008-HDPE-28410,WO-11251,2632512051125104,IM-005,4304,0.0527,226.82
SO-17295,2026-08-09,CUST-004,Cap,INJECTION MOLDING,TF-008-HDPE-28410,WO-11252,2632522051125205,IM-005,5661,0.0279,157.94
SO-17296,2026-08-15,CUST-001,Cap,injection molding,TF-008-PP-28410,WO-11253,2632622051125306,IM-005,5780,0.0882,509.8
SO-17297,2026-08-19,CUST-006,Cap,injection molding,TF-008-PP-28410,WO-11254,2632732051125407,IM-005,6318,0.0811,512.39
SO-17298,2026-08-22,CUST-002,Cap,Injection Molding,TF-005-PP-PCR-24410,WO-11258,2633222051125811,IM-005,6051,0.0324,196.05
SO-17299,2026-08-19,CUST-014,Cap,Injection Molding,TF-005-PP-PCR-24410,WO-11259,2633322051125912,IM-005,10770,0.0351,378.03
SO-17300,2026-08-23,CUST-004,Cap,INJECTION MOLDING,TF-005-PP-PCR-24410,WO-11260,2633412051126013,IM-005,5118,0.0556,284.56
SO-17301,2026-08-16,CUST-003,Cap,injection molding,TF-008-HDPE-28410,WO-11261,2633532051126114,IM-005,5693,0.0552,314.25
SO-17302,2026-08-26,CUST-010,Cap,Injection Molding,TF-008-HDPE-28410,WO-11262,2633522051126215,IM-005,7399,0.0864,639.27
SO-17303,2026-08-18,CUST-009,Cap,Injection Molding,TF-008-HDPE-28410,WO-11263,2633632051126316,IM-005,7121,0.0399,284.13
SO-17304,2026-08-17,CUST-004,Cap,Injection Molding,TF-008-PP-PCR-28410,WO-11264,2633732051126417,IM-005,3229,0.0758,244.76
SO-17305,2026-08-21,CUST-014,Cap,Injection Molding,TF-008-PP-PCR-28410,WO-11265,2633722051126518,IM-005,6948,0.0823,571.82
SO-17306,2026-08-26,CUST-010,Cap,Injection Molding,TF-008-PP-28410,WO-11267,2634122051126720,IM-005,6363,0.0527,335.33
SO-17307,2026-08-29,CUST-001,Cap,Injection Molding,TF-008-PP-PCR-28410,WO-11268,2634212051126821,IM-005,8224,0.0385,316.62
SO-17308,2026-08-28,CUST-009,Cap,injection molding,TF-008-PP-28410,WO-11269,2634332051126922,IM-005,11547,0.0888,1025.37
SO-17309,2026-08-23,CUST-009,Cap,Injection Molding,TF-008-PP-28410,WO-11270,2634332051127023,IM-005,6253,0.0372,232.61
SO-17310,2026-08-31,CUST-011,Cap,Injection Molding,TF-008-PP-28410,WO-11271,2634412051127124,IM-005,7441,0.0818,608.67
SO-17311,2026-08-30,CUST-002,Cap,Injection Molding,TF-008-HDPE-28410,WO-11272,2634532051127225,IM-005,2610,0.0595,155.29
SO-17312,2026-08-29,CUST-011,Cap,Injection Molding,TF-005-PP-24410,WO-11274,2634612051127427,IM-005,3458,0.0274,94.75
SO-17313,2026-08-26,CUST-009,Cap,Injection Molding,TF-008-PP-28410,WO-11275,2634622051127528,IM-005,3219,0.0745,239.82
SO-17314,2026-08-29,CUST-004,Cap,Injection Molding,TF-008-HDPE-28410,WO-11276,2634712051127629,IM-005,10552,0.0752,793.51
SO-17315,2026-08-28,CUST-004,Cap,Injection Molding,TF-008-HDPE-28410,WO-11277,2635112051127730,IM-005,6927,0.0561,388.6
SO-17316,2026-09-05,CUST-008,Cap,Injection Molding,TF-005-PP-PCR-24410,WO-11278,2635232051127831,IM-005,5413,0.0845,457.4
SO-17317,2026-09-01,CUST-010,Cap,injection molding,TF-005-PP-PCR-24410,WO-11280,2635312051128033,IM-005,4755,0.0462,219.68
SO-17318,2026-09-02,CUST-012,Cap,Injection Molding,TF-008-PP-28410,WO-11281,2635322051128134,IM-005,7089,0.0677,479.93
SO-17319,2026-09-07,CUST-006,Cap,Injection Molding,TF-008-PP-PCR-28410,WO-11285,2635632051128538,IM-005,4881,0.0577,281.63
SO-17320,2026-09-02,CUST-014,Cap,Injection Molding,TF-008-HDPE-28410,WO-11286,2635622051128639,IM-005,8094,0.0599,484.83
SO-17321,2026-09-06,CUST-006,Cap,Injection Molding,TF-008-HDPE-28410,WO-11287,2635712051128740,IM-005,10805,0.0474,512.16
SO-17322,2026-09-02,CUST-002,Cap,Injection Molding,TF-008-HDPE-28410,WO-11288,2636112051128841,IM-005,11815,0.0812,959.38
SO-17323,2026-09-05,CUST-003,Cap,Injection Molding,TF-008-PP-PCR-28410,WO-11290,2636312051129043,IM-005,7040,0.0771,542.78
SO-17324,2026-09-14,CUST-009,Cap,Injection Molding,TF-005-PP-24410,WO-11291,2636332051129144,IM-005,4799,0.0583,279.78
SO-17325,2026-09-13,CUST-008,Cap,Injection Molding,TF-005-PP-24410,WO-11292,2636412051129245,IM-005,3987,0.0481,191.77
SO-17326,2026-09-12,CUST-006,Cap,Injection Molding,TF-008-HDPE-28410,WO-11294,2636522051129447,IM-005,7854,0.0772,606.33
SO-17327,2026-09-09,CUST-013,Cap,Injection Molding,TF-005-HDPE-24410,WO-11295,2636622051129548,IM-005,2206,0.0269,59.34
SO-17328,2026-09-19,CUST-010,Cap,Injection Molding,TF-008-PP-28410,WO-11300,2637312051130053,IM-005,5668,0.0706,400.16
SO-17329,2026-09-19,CUST-005,Cap,Injection Molding,TF-008-PP-28410,WO-11301,2637322051130154,IM-005,6903,0.0453,312.71
SO-17330,2026-09-13,CUST-012,Cap,Injection Molding,TF-008-PP-28410,WO-11302,2637412051130255,IM-005,11887,0.047,558.69
SO-17331,2026-09-15,CUST-014,Cap,Injection Molding,TF-005-PP-PCR-24410,WO-11303,2637532051130356,IM-005,5264,0.0203,106.86
SO-17332,2026-09-21,CUST-004,Cap,Injection Molding,TF-008-HDPE-28410,WO-11304,2637522051130457,IM-005,1009,0.033,33.3
SO-17333,2026-09-22,CUST-013,Cap,  Injection Molding  ,TF-005-HDPE-24410,WO-11305,2637622051130558,IM-005,5552,0.0548,304.25
SO-17334,2026-09-19,CUST-005,Cap,Injection Molding,TF-008-PP-PCR-28410,WO-11306,2637722051130659,IM-005,5522,0.0588,324.69
SO-17335,2026-09-18,CUST-014,Cap,Injection Molding,TF-008-PP-PCR-28410,WO-11307,2638112051130760,IM-005,4110,0.0854,350.99
SO-17336,2026-09-26,CUST-007,Cap,Injection Molding,TF-008-HDPE-28410,WO-11308,2638232051130861,IM-005,5761,0.0804,463.18
SO-17337,2026-09-19,CUST-002,Cap,Injection Molding,TF-008-HDPE-28410,WO-11309,2638222051130962,IM-005,6301,0.0604,380.58
SO-17338,2026-09-28,CUST-001,Cap,Injection Molding,TF-008-HDPE-28410,WO-11310,2638312051131063,IM-005,9129,0.07,639.03
SO-17339,2026-09-25,CUST-009,Cap,Injection Molding,TF-008-HDPE-28410,WO-11312,2638432051131265,IM-005,8861,0.0249,220.64
SO-17340,2026-09-30,CUST-003,Cap,Injection Molding,TF-008-HDPE-28410,WO-11313,2638522051131366,IM-005,3770,0.0552,208.1
SO-17341,2026-09-21,CUST-009,Cap,Injection Molding,TF-008-PP-PCR-28410,WO-11314,2638622051131467,IM-005,6115,0.022,134.53
SO-17342,2026-09-25,CUST-006,Cap,Injection Molding,TF-005-HDPE-24410,WO-11315,2638712051131568,IM-005,11686,0.0362,423.03
SO-17343,2026-09-25,CUST-002,Cap,Injection Molding,TF-005-PP-PCR-24410,WO-11316,2639132051131669,IM-005,14051,0.0777,1091.76
SO-17344,2026-09-30,CUST-014,Cap,INJECTION MOLDING,TF-005-HDPE-24410,WO-11317,2639132051131770,IM-005,3468,0.0682,236.52
SO-17345,2026-10-04,CUST-005,Cap,Injection Molding,TF-005-HDPE-24410,WO-11318,2639222051131871,IM-005,8009,0.0794,635.91
SO-17346,2026-10-02,CUST-011,Cap,Injection Molding,TF-005-HDPE-24410,WO-11319,2639312051131972,IM-005,4248,0.0342,145.28
SO-17347,2026-10-04,CUST-005,Cap,Injection Molding,TF-005-PP-PCR-24410,WO-11320,2639322051132073,IM-005,5828,0.0357,208.06
SO-17348,2026-09-29,CUST-009,Cap,Injection Molding,TF-005-PP-PCR-24410,WO-11323,2639632051132376,IM-005,5467,0.0619,338.41
SO-17349,2026-10-07,CUST-002,Cap,Injection Molding,TF-005-HDPE-24410,WO-11325,2640132051132578,IM-005,8261,0.039,322.18
SO-17350,2026-10-09,CUST-006,Cap,Injection Molding,TF-008-PP-28410,WO-11327,2640222051132780,IM-005,3846,0.0892,343.06
SO-17351,2026-10-03,CUST-014,Cap,Injection Molding,TF-005-PP-PCR-24410,WO-11328,2640312051132881,IM-005,5880,0.0333,195.8
SO-17352,2026-10-12,CUST-009,Cap,  Injection Molding  ,TF-005-HDPE-24410,WO-11329,2640332051132982,IM-005,8223,0.077,633.17
SO-17353,2026-10-14,CUST-010,Cap,Injection Molding,TF-005-HDPE-24410,WO-11331,2640512051133184,IM-005,7886,0.0756,596.18
SO-17354,2026-10-11,CUST-006,Cap,Injection Molding,TF-008-PP-28410,WO-11332,2640612051133285,IM-005,12599,0.0751,946.18
SO-17355,2026-10-05,CUST-011,Cap,Injection Molding,TF-008-PP-28410,WO-11333,2640732051133386,IM-005,8184,0.0742,607.25
SO-17356,2026-10-07,CUST-003,Cap,injection molding,TF-005-PP-24410,WO-11334,2640722051133487,IM-005,3752,0.0369,138.45
SO-17357,2026-10-08,CUST-008,Cap,Injection Molding,TF-005-HDPE-24410,WO-11335,2641112051133588,IM-005,14392,0.0374,538.26
SO-17358,2026-10-11,CUST-011,Cap,Injection Molding,TF-005-HDPE-24410,WO-11336,2641232051133689,IM-005,5172,0.0673,348.08
SO-17359,2026-10-12,CUST-001,Cap,Injection Molding,TF-008-PP-PCR-28410,WO-11337,2641222051133790,IM-005,4421,0.0667,294.88
SO-17360,2026-10-16,CUST-014,Cap,Injection Molding,TF-008-HDPE-28410,WO-11339,2641432051133992,IM-005,6339,0.033,209.19
SO-17361,2026-10-11,CUST-009,Cap,Injection Molding,TF-008-PP-PCR-28410,WO-11340,2641432051134093,IM-005,5794,0.0572,331.42
SO-17362,2026-10-21,CUST-009,Cap,Injection Molding,TF-008-PP-PCR-28410,WO-11342,2641632051134295,IM-005,7670,0.0834,639.68
SO-17363,2026-10-15,CUST-014,Cap,Injection Molding,TF-008-PP-28410,WO-11343,2641622051134396,IM-005,4696,0.0866,406.67
SO-17364,2026-10-22,CUST-013,Cap,Injection Molding,TF-005-HDPE-24410,WO-11345,2642132051134598,IM-005,12323,0.0674,830.57
SO-17365,2026-10-15,CUST-006,Cap,Injection Molding,TF-005-HDPE-24410,WO-11346,2642132051134699,IM-005,9098,0.0837,761.5
SO-17366,2026-10-24,CUST-004,Cap,Injection Molding,TF-005-PP-PCR-24410,WO-11347,2642212051134701,IM-005,8718,0.0416,362.67
SO-17367,2026-10-17,CUST-011,Cap,Injection Molding,TF-005-PP-PCR-24410,WO-11348,2642332051134802,IM-005,8904,0.0599,533.35
SO-17368,2026-10-21,CUST-005,Cap,Injection Molding,TF-008-PP-28410,WO-11349,2642322051134903,IM-005,3618,0.0271,98.05
SO-17369,2026-10-27,CUST-006,Cap,Injection Molding,TF-008-PP-28410,WO-11350,2642412051135004,IM-005,7325,0.0328,240.26
SO-17370,2026-10-25,CUST-005,Cap,Injection Molding,TF-008-PP-28410,WO-11351,2642532051135105,IM-005,8635,0.0856,739.16
SO-17371,2026-10-25,CUST-002,Cap,Injection Molding,TF-008-HDPE-28410,WO-11353,2642632051135307,IM-005,2946,0.0218,64.22
SO-17372,2026-10-22,CUST-011,Cap,Injection Molding,TF-008-HDPE-28410,WO-11354,2642622051135408,IM-005,8418,0.0724,609.46
SO-17373,2026-10-24,CUST-004,Cap,Injection Molding,TF-008-HDPE-28410,WO-11356,2643112051135610,IM-005,3344,0.0251,83.93
SO-17374,2026-10-25,CUST-003,Cap,  Injection Molding  ,TF-008-HDPE-28410,WO-11357,2643122051135711,IM-005,7072,0.0874,618.09
SO-17375,2026-10-31,CUST-013,Cap,Injection Molding,TF-008-HDPE-28410,WO-11360,2643332051136014,IM-005,2709,0.0684,185.3
SO-17376,2026-10-30,CUST-010,Cap,Injection Molding,TF-008-HDPE-28410,WO-11361,2643412051136115,IM-005,5487,0.089,488.34
SO-17377,2026-11-03,CUST-010,Cap,Injection Molding,TF-008-HDPE-28410,WO-11362,2643422051136216,IM-005,12006,0.0299,358.98
SO-17378,2026-10-28,CUST-012,Cap,Injection Molding,TF-008-HDPE-28410,WO-11363,2643522051136317,IM-005,4972,0.0886,440.52
SO-17379,2026-10-28,CUST-003,Cap,Injection Molding,TF-008-HDPE-28410,WO-11364,2643632051136418,IM-005,6407,0.0347,222.32
SO-17380,2026-11-03,CUST-003,Cap,Injection Molding,TF-005-PP-24410,WO-11365,2643622051136519,IM-005,8878,0.0442,392.41
SO-17381,2026-10-27,CUST-006,Cap,Injection Molding,TF-005-PP-24410,WO-11366,2643722051136620,IM-005,7103,0.0204,144.9
SO-17382,2026-10-29,CUST-012,Cap,Injection Molding,TF-008-PP-28410,WO-11367,2644132051136721,IM-005,8440,0.0383,323.25
SO-17383,2026-11-04,CUST-008,Cap,Injection Molding,TF-008-PP-28410,WO-11368,2644122051136822,IM-005,9867,0.0433,427.24
SO-17384,2026-11-06,CUST-010,Cap,Injection Molding,TF-008-PP-28410,WO-11369,2644212051136923,IM-005,5058,0.0351,177.54
SO-17385,2026-11-03,CUST-011,Cap,Injection Molding,TF-005-PP-PCR-24410,WO-11370,2644332051137024,IM-005,8976,0.0661,593.31
SO-17386,2026-11-08,CUST-001,Cap,Injection Molding,TF-005-PP-24410,WO-11371,2644322051137125,IM-005,10453,0.0615,642.86
SO-17387,2026-11-10,CUST-006,Cap,Injection Molding,TF-008-PP-28410,WO-11372,2644412051137226,IM-005,9477,0.0653,618.85
SO-17388,2026-11-08,CUST-008,Cap,Injection Molding,TF-008-PP-28410,WO-11375,2644612051137529,IM-005,13740,0.0833,1144.54
SO-17389,2026-11-05,CUST-012,Cap,Injection Molding,TF-005-PP-PCR-24410,WO-11376,2644712051137630,IM-005,7191,0.0265,190.56
SO-17390,2026-11-10,CUST-004,Cap,Injection Molding,TF-008-PP-28410,WO-11382,2645422051138236,IM-005,7075,0.0521,368.61
SO-17391,2026-11-14,CUST-009,Cap,Injection Molding,TF-008-PP-28410,WO-11383,2645522051138337,IM-005,9411,0.0474,446.08
SO-17392,2026-11-08,CUST-001,Cap,Injection Molding,TF-008-PP-28410,WO-11384,2645612051138438,IM-005,5694,0.085,483.99
SO-17393,2026-11-13,CUST-004,Cap,Injection Molding,TF-008-PP-28410,WO-11385,2645632051138539,IM-005,6050,0.0488,295.24
SO-17394,2026-11-14,CUST-002,Cap,  Injection Molding  ,TF-008-PP-28410,WO-11386,2645722051138640,IM-005,7281,0.0341,248.28
SO-17395,2026-11-16,CUST-001,Cap,Injection Molding,TF-005-PP-24410,WO-11387,2646112051138741,IM-005,6782,0.0446,302.48
SO-17396,2026-11-20,CUST-004,Cap,injection molding,TF-005-PP-24410,WO-11388,2646232051138842,IM-005,4042,0.0262,105.9
SO-17397,2026-11-22,CUST-005,Cap,Injection Molding,TF-008-PP-PCR-28410,WO-11391,2646322051139145,IM-005,7696,0.0696,535.64
SO-17398,2026-11-20,CUST-014,Cap,Injection Molding,TF-008-HDPE-28410,WO-11395,2646612051139549,IM-005,3858,0.0582,224.54
SO-17399,2026-11-25,CUST-005,Cap,  Injection Molding  ,TF-005-HDPE-24410,WO-11396,2646632051139650,IM-005,6497,0.0579,376.18
SO-17400,2026-11-17,CUST-008,Cap,Injection Molding,TF-005-HDPE-24410,WO-11397,2646722051139751,IM-005,5382,0.0395,212.59
SO-17401,2026-11-23,CUST-014,Cap,  Injection Molding  ,TF-008-PP-PCR-28410,WO-11400,2647222051140054,IM-005,5855,0.0375,219.56
SO-17402,2026-11-28,CUST-012,Cap,Injection Molding,TF-005-PP-PCR-24410,WO-11401,2647312051140155,IM-005,5835,0.0304,177.38
SO-17403,2026-11-28,CUST-004,Cap,Injection Molding,TF-005-PP-PCR-24410,WO-11402,2647332051140256,IM-005,4054,0.0456,184.86
SO-17404,2026-11-23,CUST-004,Cap,Injection Molding,TF-005-PP-24410,WO-11404,2647422051140458,IM-005,5439,0.0585,318.18
SO-17405,2026-11-28,CUST-003,Cap,Injection Molding,TF-005-PP-24410,WO-11405,2647522051140559,IM-005,7030,0.0746,524.44
SO-17406,2026-11-24,CUST-008,Cap,injection molding,TF-008-HDPE-28410,WO-11407,2647622051140761,IM-005,8409,0.0486,408.68
SO-17407,2026-12-02,CUST-013,Cap,Injection Molding,TF-008-HDPE-28410,WO-11409,2648132051140963,IM-005,3865,0.0591,228.42
SO-17408,2026-11-28,CUST-011,Cap,Injection Molding,TF-008-PP-28410,WO-11410,2648112051141064,IM-005,6871,0.0582,399.89
SO-17409,2026-11-25,CUST-003,Cap,Injection Molding,TF-008-PP-28410,WO-11411,2648232051141165,IM-005,7513,0.0837,628.84
SO-17410,2026-12-02,CUST-001,Cap,Injection Molding,TF-005-PP-24410,WO-11419,2648722051141973,IM-005,4731,0.0844,399.3
SO-17411,2026-12-08,CUST-011,Cap,Injection Molding,TF-005-PP-24410,WO-11420,2649112051142074,IM-005,9333,0.0294,274.39
SO-17412,2026-12-03,CUST-002,Cap,Injection Molding,TF-005-PP-PCR-24410,WO-11421,2649232051142175,IM-005,6943,0.0511,354.79
SO-17413,2026-12-06,CUST-011,Cap,Injection Molding,TF-008-PP-28410,WO-11422,2649332051142276,IM-005,5505,0.0439,241.67
SO-17414,2026-12-05,CUST-010,Cap,Injection Molding,TF-005-HDPE-24410,WO-11423,2649322051142377,IM-005,6041,0.0209,126.26
SO-17415,2026-12-13,CUST-003,Cap,Injection Molding,TF-005-HDPE-24410,WO-11424,2649412051142478,IM-005,3300,0.0493,162.69
SO-17416,2026-12-18,CUST-014,Cap,Injection Molding,TF-005-HDPE-24410,WO-11429,2649732051142983,IM-005,7451,0.0749,558.08
SO-17417,2026-12-13,CUST-001,Cap,  Injection Molding  ,TF-005-HDPE-24410,WO-11430,2650122051143084,IM-005,4334,0.0237,102.72
SO-17418,2026-12-12,CUST-014,Cap,Injection Molding,TF-005-PP-PCR-24410,WO-11431,2650232051143185,IM-005,9423,0.0255,240.29
SO-17419,2026-12-19,CUST-012,Cap,Injection Molding,TF-005-HDPE-24410,WO-11432,2650222051143286,IM-005,2592,0.0738,191.29
SO-17420,2026-12-15,CUST-013,Cap,Injection Molding,TF-008-HDPE-28410,WO-11436,2650512051143690,IM-005,1556,0.0737,114.68
SO-17421,2026-12-16,CUST-011,Cap,Injection Molding,TF-008-HDPE-28410,WO-11437,2650522051143791,IM-005,4335,0.0864,374.54
SO-17422,2026-12-16,CUST-010,Cap,Injection Molding,TF-008-PP-PCR-28410,WO-11439,2650732051143993,IM-005,2812,0.0436,122.6
SO-17423,2026-12-15,CUST-010,Cap,Injection Molding,TF-008-PP-PCR-28410,WO-11440,2651132051144094,IM-005,3814,0.0227,86.58
SO-17424,2026-12-25,CUST-005,Cap,Injection Molding,TF-008-PP-PCR-28410,WO-11441,2651122051144195,IM-005,6048,0.0778,470.53
SO-17425,2026-12-21,CUST-001,Cap,Injection Molding,TF-005-PP-24410,WO-11443,2651332051144397,IM-005,7217,0.0557,401.99
SO-17426,2026-12-28,CUST-002,Cap,Injection Molding,TF-008-PP-PCR-28410,WO-11444,2651432051144498,IM-005,9290,0.04,371.6
SO-17427,2026-12-28,CUST-014,Cap,Injection Molding,TF-005-PP-24410,WO-11445,2651422051144599,IM-005,8096,0.0586,474.43
SO-17428,2026-12-24,CUST-009,Cap,Injection Molding,TF-005-PP-24410,WO-11446,2651512051144601,IM-005,1977,0.0591,116.84
SO-17429,2026-12-23,CUST-001,Cap,Injection Molding,TF-005-PP-24410,WO-11447,2651632051144702,IM-005,10831,0.0206,223.12
SO-17430,2026-12-27,CUST-012,Cap,Injection Molding,TF-008-HDPE-28410,WO-11448,2651622051144803,IM-005,2133,0.0554,118.17
SO-17431,2026-12-24,CUST-007,Cap,  Injection Molding  ,TF-005-HDPE-24410,WO-11450,2652112051145005,IM-005,11373,0.0418,475.39
SO-17432,2026-12-27,CUST-007,Cap,Injection Molding,TF-005-PP-24410,WO-11456,2652522051145611,IM-005,8218,0.0491,403.5
SO-17433,2026-12-30,CUST-002,Cap,Injection Molding,TF-005-PP-24410,WO-11458,2652632051145813,IM-005,4478,0.0513,229.72
SO-17434,2025-07-07,CUST-010,Cap,Injection Molding,TF-006-HDPE-24415,WO-11467,2527432061146704,IM-006,6163,0.0293,180.58
SO-17435,2025-07-14,CUST-007,Cap,Injection Molding,TF-006-PP-24415,WO-11472,2527722061147209,IM-006,1346,0.0734,98.8
SO-17436,2025-07-15,CUST-009,Cap,Injection Molding,TF-009-HDPE-28415,WO-11473,2528112061147310,IM-006,3638,0.0347,126.24
SO-17437,2025-07-19,CUST-005,Cap,Injection Molding,TF-009-HDPE-28415,WO-11475,2528222061147512,IM-006,9032,0.0535,483.21
SO-17438,2025-07-17,CUST-009,Cap,Injection Molding,TF-006-PP-24415,WO-11479,2528522061147916,IM-006,2921,0.0612,178.77
SO-17439,2025-07-19,CUST-008,Cap,Injection Molding,TF-006-PP-24415,WO-11480,2528612061148017,IM-006,3359,0.0738,247.89
SO-17440,2025-07-19,CUST-004,Cap,Injection Molding,TF-006-PP-24415,WO-11481,2528632061148118,IM-006,2929,0.0401,117.45
SO-17441,2025-07-15,CUST-007,Cap,Injection Molding,TF-009-HDPE-28415,WO-11482,2528722061148219,IM-006,5454,0.0553,301.61
SO-17442,2025-07-20,CUST-009,Cap,Injection Molding,TF-009-HDPE-28415,WO-11483,2529112061148320,IM-006,6871,0.0589,404.7
SO-17443,2025-07-21,CUST-012,Cap,Injection Molding,TF-009-PP-PCR-28415,WO-11484,2529122061148421,IM-006,6975,0.0225,156.94
SO-17444,2025-07-27,CUST-003,Cap,Injection Molding,TF-009-PP-PCR-28415,WO-11486,2529232061148623,IM-006,3346,0.075,250.95
SO-17445,2025-07-21,CUST-011,Cap,Injection Molding,TF-006-HDPE-24415,WO-11487,2529322061148724,IM-006,1900,0.0236,44.84
SO-17446,2025-07-21,CUST-003,Cap,Injection Molding,TF-006-HDPE-24415,WO-11489,2529532061148926,IM-006,1671,0.0527,88.06
SO-17447,2025-07-27,CUST-010,Cap,Injection Molding,TF-006-PP-PCR-24415,WO-11490,2529522061149027,IM-006,5462,0.0628,343.01
SO-17448,2025-07-23,CUST-008,Cap,Injection Molding,TF-006-PP-PCR-24415,WO-11491,2529612061149128,IM-006,757,0.0822,62.23
SO-17449,2025-07-28,CUST-013,Cap,Injection Molding,TF-006-PP-PCR-24415,WO-11492,2529622061149229,IM-006,5744,0.0616,353.83
SO-17450,2025-07-30,CUST-003,Cap,Injection Molding,TF-009-HDPE-28415,WO-11493,2529712061149330,IM-006,5836,0.072,420.19
SO-17451,2025-07-27,CUST-007,Cap,Injection Molding,TF-009-HDPE-28415,WO-11494,2529722061149431,IM-006,5869,0.037,217.15
SO-17452,2025-07-25,CUST-011,Cap,INJECTION MOLDING,TF-006-PP-24415,WO-11495,2530122061149532,IM-006,3636,0.0867,315.24
SO-17453,2025-07-23,CUST-013,Cap,Injection Molding,TF-006-PP-24415,WO-11496,2530212061149633,IM-006,1714,0.0443,75.93
SO-17454,2025-08-02,CUST-005,Cap,Injection Molding,TF-009-PP-28415,WO-11497,2530332061149734,IM-006,5628,0.0878,494.14
SO-17455,2025-08-02,CUST-003,Cap,Injection Molding,TF-006-HDPE-24415,WO-11498,2530322061149835,IM-006,1651,0.0666,109.96
SO-17456,2025-07-30,CUST-003,Cap,Injection Molding,TF-009-PP-28415,WO-11499,2530422061149936,IM-006,10433,0.058,605.11
SO-17457,2025-08-04,CUST-005,Cap,Injection Molding,TF-006-HDPE-24415,WO-11500,2530522061150037,IM-006,1927,0.0876,168.81
SO-17458,2025-08-07,CUST-006,Cap,Injection Molding,TF-009-PP-28415,WO-11501,2530622061150138,IM-006,5884,0.0483,284.2
SO-17459,2025-07-28,CUST-003,Cap,INJECTION MOLDING,TF-006-PP-24415,WO-11502,2530712061150239,IM-006,3486,0.0839,292.48
SO-17460,2025-08-04,CUST-011,Cap,Injection Molding,TF-006-HDPE-24415,WO-11503,2530732061150340,IM-006,7241,0.0743,538.01
SO-17461,2025-08-05,CUST-001,Cap,Injection Molding,TF-006-HDPE-24415,WO-11504,2531122061150441,IM-006,3055,0.0732,223.63
SO-17462,2025-07-30,CUST-003,Cap,Injection Molding,TF-009-PP-28415,WO-11505,2531212061150542,IM-006,3015,0.0497,149.85
SO-17463,2025-08-06,CUST-008,Cap,Injection Molding,TF-009-PP-28415,WO-11506,2531222061150643,IM-006,6784,0.0462,313.42
SO-17464,2025-08-08,CUST-004,Cap,Injection Molding,TF-009-PP-28415,WO-11507,2531312061150744,IM-006,2577,0.0868,223.68
SO-17465,2025-08-10,CUST-008,Cap,Injection Molding,TF-009-PP-PCR-28415,WO-11510,2531432061151047,IM-006,7639,0.0294,224.59
SO-17466,2025-08-16,CUST-003,Cap,Injection Molding,TF-006-HDPE-24415,WO-11518,2532432061151855,IM-006,1985,0.0865,171.7
SO-17467,2025-08-14,CUST-011,Cap,Injection Molding,TF-009-PP-PCR-28415,WO-11519,2532422061151956,IM-006,6252,0.0503,314.48
SO-17468,2025-08-17,CUST-001,Cap,Injection Molding,TF-009-PP-PCR-28415,WO-11520,2532512061152057,IM-006,6725,0.0339,227.98
SO-17469,2025-08-17,CUST-001,Cap,INJECTION MOLDING,TF-009-PP-28415,WO-11521,2532532061152158,IM-006,5800,0.0664,385.12
SO-17470,2025-08-12,CUST-001,Cap,Injection Molding,TF-009-PP-28415,WO-11523,2532632061152360,IM-006,2873,0.0244,70.1
SO-17471,2025-08-17,CUST-002,Cap,injection molding,TF-009-PP-PCR-28415,WO-11524,2532722061152461,IM-006,3192,0.0302,96.4
SO-17472,2025-08-18,CUST-012,Cap,Injection Molding,TF-009-HDPE-28415,WO-11525,2533132061152562,IM-006,3594,0.0819,294.35
SO-17473,2025-08-21,CUST-014,Cap,Injection Molding,TF-009-HDPE-28415,WO-11531,2533522061153168,IM-006,4437,0.0717,318.13
SO-17474,2025-08-23,CUST-003,Cap,Injection Molding,TF-006-PP-PCR-24415,WO-11532,2533632061153269,IM-006,4019,0.0294,118.16
SO-17475,2025-08-29,CUST-011,Cap,INJECTION MOLDING,TF-006-PP-PCR-24415,WO-11534,2533712061153471,IM-006,1687,0.0437,73.72
SO-17476,2025-08-23,CUST-013,Cap,Injection Molding,TF-006-PP-PCR-24415,WO-11535,2534112061153572,IM-006,3665,0.0264,96.76
SO-17477,2025-08-22,CUST-014,Cap,Injection Molding,TF-006-PP-PCR-24415,WO-11536,2534212061153673,IM-006,2130,0.0346,73.7
SO-17478,2025-08-23,CUST-012,Cap,Injection Molding,TF-009-PP-28415,WO-11537,2534222061153774,IM-006,6343,0.0747,473.82
SO-17479,2025-09-01,CUST-001,Cap,Injection Molding,TF-009-PP-28415,WO-11538,2534312061153875,IM-006,6788,0.0514,348.9
SO-17480,2025-08-25,CUST-008,Cap,Injection Molding,TF-009-PP-28415,WO-11539,2534432061153976,IM-006,3586,0.0347,124.43
SO-17481,2025-08-26,CUST-010,Cap,Injection Molding,TF-009-HDPE-28415,WO-11540,2534422061154077,IM-006,3617,0.0703,254.28
SO-17482,2025-08-25,CUST-014,Cap,Injection Molding,TF-009-HDPE-28415,WO-11541,2534532061154178,IM-006,3466,0.0436,151.12
SO-17483,2025-09-03,CUST-010,Cap,Injection Molding,TF-009-HDPE-28415,WO-11542,2534522061154279,IM-006,4892,0.0241,117.9
SO-17484,2025-08-30,CUST-007,Cap,Injection Molding,TF-009-PP-PCR-28415,WO-11543,2534612061154380,IM-006,6834,0.0481,328.72
SO-17485,2025-09-02,CUST-007,Cap,Injection Molding,TF-009-PP-PCR-28415,WO-11545,2534732061154582,IM-006,4377,0.0492,215.35
SO-17486,2025-08-29,CUST-010,Cap,Injection Molding,TF-006-PP-PCR-24415,WO-11546,2535122061154683,IM-006,2918,0.0527,153.78
SO-17487,2025-09-05,CUST-013,Cap,Injection Molding,TF-009-HDPE-28415,WO-11547,2535212061154784,IM-006,7959,0.0868,690.84
SO-17488,2025-08-29,CUST-013,Cap,Injection Molding,TF-009-HDPE-28415,WO-11548,2535222061154885,IM-006,6821,0.0304,207.36
SO-17489,2025-09-09,CUST-001,Cap,Injection Molding,TF-009-PP-PCR-28415,WO-11551,2535532061155188,IM-006,7215,0.0721,520.2
SO-17490,2025-09-10,CUST-012,Cap,Injection Molding,TF-009-PP-PCR-28415,WO-11552,2535522061155289,IM-006,4781,0.0801,382.96
SO-17491,2025-09-10,CUST-014,Cap,INJECTION MOLDING,TF-006-PP-24415,WO-11554,2535632061155491,IM-006,891,0.0886,78.94
SO-17492,2025-09-07,CUST-003,Cap,Injection Molding,TF-006-PP-24415,WO-11555,2535712061155592,IM-006,4222,0.077,325.09
SO-17493,2025-09-07,CUST-014,Cap,Injection Molding,TF-006-HDPE-24415,WO-11556,2536112061155693,IM-006,1695,0.0307,52.04
SO-17494,2025-09-07,CUST-013,Cap,Injection Molding,TF-006-PP-PCR-24415,WO-11558,2536212061155895,IM-006,4381,0.0227,99.45
SO-17495,2025-09-07,CUST-012,Cap,Injection Molding,TF-009-HDPE-28415,WO-11559,2536312061155996,IM-006,1706,0.0897,153.03
SO-17496,2025-09-08,CUST-013,Cap,Injection Molding,TF-009-PP-PCR-28415,WO-11560,2536322061156097,IM-006,3612,0.0827,298.71
SO-17497,2025-09-09,CUST-010,Cap,Injection Molding,TF-009-PP-PCR-28415,WO-11561,2536432061156198,IM-006,4756,0.0621,295.35
SO-17498,2025-09-10,CUST-006,Cap,Injection Molding,TF-009-PP-PCR-28415,WO-11563,2536522061156301,IM-006,7972,0.0674,537.31
SO-17499,2025-09-12,CUST-007,Cap,Injection Molding,TF-009-PP-PCR-28415,WO-11564,2536622061156402,IM-006,4197,0.0518,217.4
SO-17500,2025-09-09,CUST-006,Cap,Injection Molding,TF-006-PP-24415,WO-11565,2536732061156503,IM-006,3403,0.034,115.7
SO-17501,2025-09-18,CUST-007,Cap,  Injection Molding  ,TF-006-PP-24415,WO-11571,2537432061157109,IM-006,2112,0.0254,53.64
SO-17502,2025-09-13,CUST-009,Cap,Injection Molding,TF-006-PP-PCR-24415,WO-11572,2537422061157210,IM-006,2593,0.0405,105.02
SO-17503,2025-09-18,CUST-002,Cap,INJECTION MOLDING,TF-006-PP-PCR-24415,WO-11573,2537512061157311,IM-006,4683,0.0477,223.38
SO-17504,2025-09-23,CUST-006,Cap,INJECTION MOLDING,TF-009-PP-PCR-28415,WO-11575,2537622061157513,IM-006,6583,0.0204,134.29
SO-17505,2025-09-17,CUST-013,Cap,Injection Molding,TF-009-PP-28415,WO-11576,2537722061157614,IM-006,2976,0.0647,192.55
SO-17506,2025-09-19,CUST-010,Cap,Injection Molding,TF-006-PP-24415,WO-11577,2538112061157715,IM-006,1757,0.0315,55.35
SO-17507,2025-09-24,CUST-004,Cap,Injection Molding,TF-006-PP-24415,WO-11579,2538222061157917,IM-006,4118,0.0685,282.08
SO-17508,2025-09-28,CUST-009,Cap,Injection Molding,TF-006-HDPE-24415,WO-11580,2538322061158018,IM-006,6241,0.0302,188.48
SO-17509,2025-09-20,CUST-009,Cap,Injection Molding,TF-006-HDPE-24415,WO-11581,2538412061158119,IM-006,5140,0.0342,175.79
SO-17510,2025-09-27,CUST-004,Cap,Injection Molding,TF-006-HDPE-24415,WO-11582,2538512061158220,IM-006,5167,0.0756,390.63
SO-17511,2025-09-27,CUST-002,Cap,Injection Molding,TF-009-PP-28415,WO-11586,2539132061158624,IM-006,3328,0.0334,111.16
SO-17512,2025-09-26,CUST-011,Cap,Injection Molding,TF-009-PP-28415,WO-11587,2539122061158725,IM-006,3582,0.0836,299.46
SO-17513,2025-10-04,CUST-005,Cap,Injection Molding,TF-009-PP-28415,WO-11588,2539212061158826,IM-006,9985,0.0542,541.19
SO-17514,2025-10-05,CUST-008,Cap,Injection Molding,TF-009-HDPE-28415,WO-11589,2539332061158927,IM-006,5028,0.0753,378.61
SO-17515,2025-10-03,CUST-001,Cap,Injection Molding,TF-006-PP-PCR-24415,WO-11591,2539432061159129,IM-006,3473,0.072,250.06
SO-17516,2025-09-28,CUST-008,Cap,Injection Molding,TF-009-PP-28415,WO-11592,2539422061159230,IM-006,7309,0.0555,405.65
SO-17517,2025-10-06,CUST-013,Cap,  Injection Molding  ,TF-009-PP-28415,WO-11593,2539512061159331,IM-006,6997,0.0786,549.96
SO-17518,2025-10-03,CUST-006,Cap,Injection Molding,TF-009-PP-28415,WO-11594,2539532061159432,IM-006,5177,0.081,419.34
SO-17519,2025-10-01,CUST-011,Cap,Injection Molding,TF-009-PP-28415,WO-11595,2539622061159533,IM-006,5721,0.0479,274.04
SO-17520,2025-10-08,CUST-004,Cap,Injection Molding,TF-009-HDPE-28415,WO-11597,2539722061159735,IM-006,2516,0.032,80.51
SO-17521,2025-10-01,CUST-008,Cap,  Injection Molding  ,TF-009-HDPE-28415,WO-11598,2540112061159836,IM-006,3361,0.0556,186.87
SO-17522,2025-10-03,CUST-001,Cap,Injection Molding,TF-009-PP-PCR-28415,WO-11599,2540122061159937,IM-006,2778,0.0644,178.9
SO-17523,2025-10-08,CUST-007,Cap,Injection Molding,TF-009-PP-PCR-28415,WO-11600,2540212061160038,IM-006,4622,0.0278,128.49
SO-17524,2025-10-11,CUST-003,Cap,Injection Molding,TF-006-PP-PCR-24415,WO-11602,2540312061160240,IM-006,3174,0.0424,134.58
SO-17525,2025-10-10,CUST-008,Cap,Injection Molding,TF-009-PP-28415,WO-11604,2540412061160442,IM-006,1697,0.0563,95.54
SO-17526,2025-10-11,CUST-007,Cap,Injection Molding,TF-009-PP-28415,WO-11605,2540532061160543,IM-006,3165,0.0392,124.07
SO-17527,2025-10-11,CUST-013,Cap,INJECTION MOLDING,TF-009-HDPE-28415,WO-11607,2540632061160745,IM-006,3538,0.0288,101.89
SO-17528,2025-10-10,CUST-004,Cap,Injection Molding,TF-009-HDPE-28415,WO-11608,2540622061160846,IM-006,5813,0.0463,269.14
SO-17529,2025-10-15,CUST-008,Cap,Injection Molding,TF-006-PP-24415,WO-11609,2540722061160947,IM-006,3372,0.0453,152.75
SO-17530,2025-10-07,CUST-010,Cap,Injection Molding,TF-006-PP-24415,WO-11610,2541112061161048,IM-006,1462,0.0763,111.55
SO-17531,2025-10-18,CUST-013,Cap,Injection Molding,TF-006-PP-24415,WO-11611,2541122061161149,IM-006,3300,0.0855,282.15
SO-17532,2025-10-16,CUST-011,Cap,Injection Molding,TF-009-PP-PCR-28415,WO-11612,2541212061161250,IM-006,5226,0.0417,217.92
SO-17533,2025-10-17,CUST-007,Cap,Injection Molding,TF-006-HDPE-24415,WO-11614,2541322061161452,IM-006,2344,0.0754,176.74
SO-17534,2025-10-13,CUST-008,Cap,Injection Molding,TF-006-HDPE-24415,WO-11615,2541412061161553,IM-006,3209,0.0864,277.26
SO-17535,2025-10-11,CUST-011,Cap,Injection Molding,TF-009-HDPE-28415,WO-11616,2541532061161654,IM-006,3081,0.0217,66.86
SO-17536,2025-10-20,CUST-012,Cap,Injection Molding,TF-006-PP-PCR-24415,WO-11617,2541522061161755,IM-006,4589,0.0619,284.06
SO-17537,2025-10-22,CUST-012,Cap,Injection Molding,TF-006-PP-PCR-24415,WO-11618,2541612061161856,IM-006,3877,0.0478,185.32
SO-17538,2025-10-17,CUST-002,Cap,Injection Molding,TF-006-HDPE-24415,WO-11619,2541732061161957,IM-006,2910,0.0788,229.31
SO-17539,2025-10-19,CUST-007,Cap,Injection Molding,TF-009-PP-28415,WO-11620,2541722061162058,IM-006,7936,0.0717,569.01
SO-17540,2025-10-21,CUST-011,Cap,Injection Molding,TF-009-HDPE-28415,WO-11622,2542212061162260,IM-006,4299,0.0766,329.3
SO-17541,2025-10-21,CUST-001,Cap,Injection Molding,TF-009-HDPE-28415,WO-11623,2542312061162361,IM-006,7546,0.0642,484.45
SO-17542,2025-10-19,CUST-012,Cap,Injection Molding,TF-006-HDPE-24415,WO-11624,2542412061162462,IM-006,2450,0.0353,86.48
SO-17543,2025-10-29,CUST-009,Cap,Injection Molding,TF-006-PP-24415,WO-11627,2542632061162765,IM-006,3346,0.0227,75.95
SO-17544,2025-10-30,CUST-013,Cap,injection molding,TF-009-PP-PCR-28415,WO-11628,2542622061162866,IM-006,3744,0.0524,196.19
SO-17545,2025-10-28,CUST-007,Cap,Injection Molding,TF-009-HDPE-28415,WO-11629,2542712061162967,IM-006,7691,0.0262,201.5
SO-17546,2025-10-21,CUST-014,Cap,Injection Molding,TF-006-PP-24415,WO-11630,2543132061163068,IM-006,5851,0.0243,142.18
SO-17547,2025-10-30,CUST-007,Cap,Injection Molding,TF-006-PP-24415,WO-11631,2543132061163169,IM-006,2189,0.0612,133.97
SO-17548,2025-10-27,CUST-014,Cap,Injection Molding,TF-009-PP-PCR-28415,WO-11632,2543212061163270,IM-006,9660,0.0414,399.92
SO-17549,2025-10-30,CUST-008,Cap,Injection Molding,TF-009-PP-PCR-28415,WO-11634,2543322061163472,IM-006,6565,0.0544,357.14
SO-17550,2025-10-28,CUST-004,Cap,injection molding,TF-006-HDPE-24415,WO-11635,2543422061163573,IM-006,3466,0.0499,172.95
SO-17551,2025-10-25,CUST-006,Cap,Injection Molding,TF-006-PP-PCR-24415,WO-11636,2543512061163674,IM-006,1672,0.0316,52.84
SO-17552,2025-10-27,CUST-001,Cap,Injection Molding,TF-006-PP-PCR-24415,WO-11637,2543522061163775,IM-006,3865,0.0703,271.71
SO-17553,2025-11-03,CUST-014,Cap,Injection Molding,TF-006-HDPE-24415,WO-11640,2543732061164078,IM-006,3494,0.0648,226.41
SO-17554,2025-11-06,CUST-008,Cap,Injection Molding,TF-006-HDPE-24415,WO-11641,2544122061164179,IM-006,2203,0.0265,58.38
SO-17555,2025-11-04,CUST-011,Cap,Injection Molding,TF-006-HDPE-24415,WO-11642,2544212061164280,IM-006,1070,0.0379,40.55
SO-17556,2025-10-30,CUST-014,Cap,Injection Molding,TF-009-PP-PCR-28415,WO-11643,2544332061164381,IM-006,5999,0.021,125.98
SO-17557,2025-11-10,CUST-011,Cap,Injection Molding,TF-009-PP-PCR-28415,WO-11644,2544322061164482,IM-006,2468,0.0666,164.37
SO-17558,2025-11-09,CUST-014,Cap,Injection Molding,TF-009-PP-PCR-28415,WO-11645,2544412061164583,IM-006,5758,0.0585,336.84
SO-17559,2025-11-09,CUST-011,Cap,  Injection Molding  ,TF-006-PP-PCR-24415,WO-11646,2544532061164684,IM-006,5084,0.0381,193.7
SO-17560,2025-11-02,CUST-005,Cap,Injection Molding,TF-006-HDPE-24415,WO-11647,2544522061164785,IM-006,1995,0.077,153.62
SO-17561,2025-11-09,CUST-008,Cap,Injection Molding,TF-006-HDPE-24415,WO-11649,2544712061164987,IM-006,3156,0.0214,67.54
SO-17562,2025-11-11,CUST-010,Cap,Injection Molding,TF-006-PP-24415,WO-11650,2545132061165088,IM-006,2182,0.0359,78.33
SO-17563,2025-11-12,CUST-008,Cap,Injection Molding,TF-006-PP-PCR-24415,WO-11651,2545122061165189,IM-006,4158,0.0333,138.46
SO-17564,2025-11-07,CUST-008,Cap,Injection Molding,TF-006-PP-PCR-24415,WO-11653,2545332061165391,IM-006,4359,0.0389,169.57
SO-17565,2025-11-16,CUST-006,Cap,Injection Molding,TF-006-PP-PCR-24415,WO-11654,2545322061165492,IM-006,5709,0.0672,383.64
SO-17566,2025-11-14,CUST-009,Cap,Injection Molding,TF-006-HDPE-24415,WO-11655,2545412061165593,IM-006,1772,0.07,124.04
SO-17567,2025-11-09,CUST-005,Cap,Injection Molding,TF-006-HDPE-24415,WO-11656,2545422061165694,IM-006,2804,0.0894,250.68
SO-17568,2025-11-11,CUST-013,Cap,Injection Molding,TF-006-PP-PCR-24415,WO-11657,2545512061165795,IM-006,5589,0.0747,417.5
SO-17569,2025-11-14,CUST-013,Cap,Injection Molding,TF-009-PP-PCR-28415,WO-11659,2545732061165997,IM-006,5755,0.0357,205.45
SO-17570,2025-11-18,CUST-011,Cap,Injection Molding,TF-009-HDPE-28415,WO-11661,2546132061166199,IM-006,6451,0.0235,151.6
SO-17571,2025-11-18,CUST-005,Cap,injection molding,TF-009-HDPE-28415,WO-11662,2546122061166201,IM-006,6149,0.0801,492.53
SO-17572,2025-11-22,CUST-013,Cap,Injection Molding,TF-009-HDPE-28415,WO-11663,2546222061166302,IM-006,2176,0.0344,74.85
SO-17573,2025-11-22,CUST-010,Cap,Injection Molding,TF-006-HDPE-24415,WO-11664,2546332061166403,IM-006,2884,0.042,121.13
SO-17574,2025-11-17,CUST-008,Cap,Injection Molding,TF-006-HDPE-24415,WO-11665,2546322061166504,IM-006,4337,0.0358,155.26
SO-17575,2025-11-19,CUST-007,Cap,Injection Molding,TF-006-PP-24415,WO-11667,2546532061166706,IM-006,5127,0.0493,252.76
SO-17576,2025-11-19,CUST-003,Cap,Injection Molding,TF-006-PP-24415,WO-11668,2546522061166807,IM-006,2915,0.0403,117.47
SO-17577,2025-11-21,CUST-013,Cap,Injection Molding,TF-009-HDPE-28415,WO-11672,2547112061167211,IM-006,3599,0.0613,220.62
SO-17578,2025-11-20,CUST-012,Cap,Injection Molding,TF-009-HDPE-28415,WO-11674,2547222061167413,IM-006,5602,0.0486,272.26
SO-17579,2025-11-26,CUST-007,Cap,Injection Molding,TF-009-PP-28415,WO-11675,2547322061167514,IM-006,4359,0.0324,141.23
SO-17580,2025-11-23,CUST-011,Cap,Injection Molding,TF-009-PP-28415,WO-11676,2547422061167615,IM-006,6459,0.0675,435.98
SO-17581,2025-11-23,CUST-014,Cap,Injection Molding,TF-009-PP-28415,WO-11677,2547512061167716,IM-006,6905,0.0796,549.64
SO-17582,2025-12-02,CUST-004,Cap,Injection Molding,TF-009-PP-PCR-28415,WO-11678,2547632061167817,IM-006,2426,0.0434,105.29
SO-17583,2025-11-28,CUST-006,Cap,Injection Molding,TF-009-PP-PCR-28415,WO-11679,2547622061167918,IM-006,5159,0.0837,431.81
SO-17584,2025-11-26,CUST-014,Cap,Injection Molding,TF-006-PP-PCR-24415,WO-11680,2547722061168019,IM-006,2492,0.0498,124.1
SO-17585,2025-11-28,CUST-010,Cap,Injection Molding,TF-006-HDPE-24415,WO-11681,2548132061168120,IM-006,1967,0.0866,170.34
SO-17586,2025-11-29,CUST-009,Cap,Injection Molding,TF-006-HDPE-24415,WO-11682,2548122061168221,IM-006,3442,0.0779,268.13
SO-17587,2025-12-02,CUST-003,Cap,Injection Molding,TF-006-HDPE-24415,WO-11683,2548212061168322,IM-006,2893,0.047,135.97
SO-17588,2025-11-29,CUST-003,Cap,Injection Molding,TF-009-PP-28415,WO-11684,2548312061168423,IM-006,5273,0.0308,162.41
SO-17589,2025-11-29,CUST-005,Cap,Injection Molding,TF-009-PP-28415,WO-11685,2548332061168524,IM-006,1893,0.0818,154.85
SO-17590,2025-12-03,CUST-006,Cap,  Injection Molding  ,TF-009-PP-28415,WO-11688,2548532061168827,IM-006,6635,0.0774,513.55
SO-17591,2025-12-08,CUST-005,Cap,Injection Molding,TF-006-HDPE-24415,WO-11690,2548622061169029,IM-006,4223,0.0777,328.13
SO-17592,2025-12-07,CUST-010,Cap,Injection Molding,TF-006-HDPE-24415,WO-11691,2548732061169130,IM-006,5579,0.0595,331.95
SO-17593,2025-12-10,CUST-006,Cap,Injection Molding,TF-009-PP-28415,WO-11692,2549132061169231,IM-006,3763,0.0887,333.78
SO-17594,2025-12-03,CUST-011,Cap,Injection Molding,TF-009-PP-28415,WO-11693,2549122061169332,IM-006,7079,0.0791,559.95
SO-17595,2025-12-11,CUST-002,Cap,INJECTION MOLDING,TF-009-PP-28415,WO-11696,2549322061169635,IM-006,5534,0.0563,311.56
SO-17596,2025-12-16,CUST-009,Cap,Injection Molding,TF-006-HDPE-24415,WO-11697,2549412061169736,IM-006,2461,0.0537,132.16
SO-17597,2025-12-07,CUST-013,Cap,injection molding,TF-006-HDPE-24415,WO-11698,2549512061169837,IM-006,3714,0.0417,154.87
SO-17598,2025-12-09,CUST-005,Cap,Injection Molding,TF-006-PP-24415,WO-11700,2549622061170039,IM-006,3425,0.035,119.88
SO-17599,2025-12-16,CUST-013,Cap,Injection Molding,TF-009-PP-28415,WO-11702,2550122061170241,IM-006,4170,0.0323,134.69
SO-17600,2025-12-20,CUST-011,Cap,Injection Molding,TF-009-PP-28415,WO-11703,2550232061170342,IM-006,6173,0.0715,441.37
SO-17601,2025-12-12,CUST-003,Cap,Injection Molding,TF-006-PP-PCR-24415,WO-11705,2550312061170544,IM-006,3095,0.0743,229.96
SO-17602,2025-12-13,CUST-013,Cap,Injection Molding,TF-006-PP-PCR-24415,WO-11706,2550322061170645,IM-006,1353,0.0706,95.52
SO-17603,2025-12-16,CUST-001,Cap,Injection Molding,TF-006-PP-PCR-24415,WO-11707,2550412061170746,IM-006,1232,0.0663,81.68
SO-17604,2025-12-15,CUST-014,Cap,Injection Molding,TF-006-HDPE-24415,WO-11708,2550532061170847,IM-006,3638,0.0717,260.84
SO-17605,2025-12-15,CUST-014,Cap,Injection Molding,TF-006-HDPE-24415,WO-11709,2550522061170948,IM-006,4969,0.053,263.36
SO-17606,2025-12-22,CUST-008,Cap,Injection Molding,TF-006-HDPE-24415,WO-11710,2550612061171049,IM-006,2655,0.0695,184.52
SO-17607,2025-12-16,CUST-007,Cap,Injection Molding,TF-006-PP-24415,WO-11711,2550622061171150,IM-006,2162,0.0412,89.07
SO-17608,2025-12-24,CUST-013,Cap,Injection Molding,TF-006-PP-24415,WO-11712,2550712061171251,IM-006,3429,0.0361,123.79
SO-17609,2025-12-18,CUST-005,Cap,Injection Molding,TF-006-HDPE-24415,WO-11713,2551132061171352,IM-006,1439,0.0255,36.69
SO-17610,2025-12-27,CUST-006,Cap,INJECTION MOLDING,TF-006-HDPE-24415,WO-11714,2551132061171453,IM-006,4575,0.0416,190.32
SO-17611,2025-12-20,CUST-005,Cap,Injection Molding,TF-006-HDPE-24415,WO-11715,2551222061171554,IM-006,2012,0.0875,176.05
SO-17612,2025-12-24,CUST-011,Cap,Injection Molding,TF-006-HDPE-24415,WO-11716,2551332061171655,IM-006,1933,0.0248,47.94
SO-17613,2025-12-28,CUST-012,Cap,injection molding,TF-009-PP-PCR-28415,WO-11717,2551432061171756,IM-006,4994,0.0814,406.51
SO-17614,2025-12-22,CUST-012,Cap,Injection Molding,TF-009-PP-PCR-28415,WO-11718,2551422061171857,IM-006,3608,0.0228,82.26
SO-17615,2025-12-26,CUST-012,Cap,Injection Molding,TF-009-PP-28415,WO-11719,2551512061171958,IM-006,3280,0.0746,244.69
SO-17616,2025-12-27,CUST-008,Cap,Injection Molding,TF-009-PP-28415,WO-11720,2551522061172059,IM-006,7630,0.0862,657.71
SO-17617,2025-12-29,CUST-003,Cap,INJECTION MOLDING,TF-009-PP-28415,WO-11723,2552132061172362,IM-006,5118,0.0605,309.64
SO-17618,2026-01-03,CUST-011,Cap,Injection Molding,TF-006-HDPE-24415,WO-11724,2552122061172463,IM-006,5051,0.041,207.09
SO-17619,2025-12-27,CUST-013,Cap,Injection Molding,TF-006-HDPE-24415,WO-11725,2552212061172564,IM-006,2801,0.0318,89.07
SO-17620,2025-12-30,CUST-013,Cap,Injection Molding,TF-006-PP-PCR-24415,WO-11726,2552332061172665,IM-006,5086,0.0234,119.01
SO-17621,2026-01-04,CUST-001,Cap,Injection Molding,TF-006-PP-PCR-24415,WO-11727,2552332061172766,IM-006,3564,0.0222,79.12
SO-17622,2026-01-03,CUST-010,Cap,  Injection Molding  ,TF-006-PP-PCR-24415,WO-11728,2552412061172867,IM-006,4442,0.0496,220.32
SO-17623,2026-01-02,CUST-014,Cap,Injection Molding,TF-009-PP-28415,WO-11729,2552532061172968,IM-006,2847,0.0713,202.99
SO-17624,2026-01-02,CUST-010,Cap,Injection Molding,TF-009-PP-28415,WO-11730,2552522061173069,IM-006,2799,0.0755,211.32
SO-17625,2025-12-30,CUST-007,Cap,Injection Molding,TF-009-PP-28415,WO-11731,2552632061173170,IM-006,5321,0.0508,270.31
SO-17626,2026-01-03,CUST-007,Cap,injection molding,TF-009-HDPE-28415,WO-11732,2552632061173271,IM-006,5338,0.0808,431.31
SO-17627,2026-01-07,CUST-012,Cap,Injection Molding,TF-009-HDPE-28415,WO-11733,2552722061173372,IM-006,3214,0.031,99.63
SO-17628,2026-01-06,CUST-004,Cap,Injection Molding,TF-006-PP-24415,WO-11734,2501112061173473,IM-006,3915,0.058,227.07
SO-17629,2026-01-02,CUST-010,Cap,Injection Molding,TF-006-PP-PCR-24415,WO-11735,2501232061173574,IM-006,3189,0.0502,160.09
SO-17630,2026-01-04,CUST-004,Cap,Injection Molding,TF-006-PP-PCR-24415,WO-11736,2501332061173675,IM-006,3853,0.0613,236.19
SO-17631,2026-01-12,CUST-010,Cap,Injection Molding,TF-009-HDPE-28415,WO-11737,2501322061173776,IM-006,2533,0.0352,89.16
SO-17632,2026-01-05,CUST-002,Cap,INJECTION MOLDING,TF-009-HDPE-28415,WO-11738,2601422061173877,IM-006,4758,0.0585,278.34
SO-17633,2026-01-04,CUST-009,Cap,Injection Molding,TF-009-HDPE-28415,WO-11739,2601512061173978,IM-006,3576,0.0233,83.32
SO-17634,2026-01-14,CUST-007,Cap,Injection Molding,TF-009-PP-PCR-28415,WO-11740,2601522061174079,IM-006,6530,0.0835,545.25
SO-17635,2026-01-11,CUST-013,Cap,Injection Molding,TF-009-PP-PCR-28415,WO-11741,2601612061174180,IM-006,3537,0.0431,152.44
SO-17636,2026-01-10,CUST-013,Cap,Injection Molding,TF-009-PP-PCR-28415,WO-11742,2601732061174281,IM-006,4670,0.0316,147.57
SO-17637,2026-01-16,CUST-013,Cap,Injection Molding,TF-009-PP-28415,WO-11743,2601712061174382,IM-006,3274,0.0655,214.45
SO-17638,2026-01-15,CUST-012,Cap,Injection Molding,TF-009-PP-28415,WO-11744,2602112061174483,IM-006,4579,0.0755,345.71
SO-17639,2026-01-15,CUST-008,Cap,Injection Molding,TF-009-PP-28415,WO-11745,2602232061174584,IM-006,7839,0.0466,365.3
SO-17640,2026-01-15,CUST-013,Cap,Injection Molding,TF-006-PP-PCR-24415,WO-11748,2602432061174887,IM-006,2283,0.0369,84.24
SO-17641,2026-01-19,CUST-010,Cap,Injection Molding,TF-006-PP-PCR-24415,WO-11749,2602422061174988,IM-006,3368,0.0476,160.32
SO-17642,2026-01-18,CUST-003,Cap,Injection Molding,TF-006-HDPE-24415,WO-11751,2602522061175190,IM-006,2478,0.0628,155.62
SO-17643,2026-01-17,CUST-005,Cap,Injection Molding,TF-006-HDPE-24415,WO-11752,2602612061175291,IM-006,6683,0.0772,515.93
SO-17644,2026-01-17,CUST-013,Cap,Injection Molding,TF-009-HDPE-28415,WO-11753,2602712061175392,IM-006,3182,0.0432,137.46
SO-17645,2026-01-15,CUST-013,Cap,Injection Molding,TF-009-HDPE-28415,WO-11754,2602722061175493,IM-006,5300,0.0438,232.14
SO-17646,2026-01-20,CUST-014,Cap,Injection Molding,TF-006-PP-PCR-24415,WO-11755,2603122061175594,IM-006,4904,0.051,250.1
SO-17647,2026-01-24,CUST-007,Cap,Injection Molding,TF-006-PP-PCR-24415,WO-11756,2603212061175695,IM-006,2411,0.031,74.74
SO-17648,2026-01-22,CUST-014,Cap,Injection Molding,TF-009-PP-28415,WO-11757,2603232061175796,IM-006,6448,0.077,496.5
SO-17649,2026-01-24,CUST-006,Cap,Injection Molding,TF-009-PP-28415,WO-11759,2603412061175998,IM-006,3990,0.082,327.18
SO-17650,2026-01-21,CUST-006,Cap,Injection Molding,TF-009-PP-28415,WO-11760,2603422061176099,IM-006,3955,0.0614,242.84
SO-17651,2026-01-28,CUST-001,Cap,Injection Molding,TF-006-PP-PCR-24415,WO-11761,2603522061176101,IM-006,2810,0.0729,204.85
SO-17652,2026-01-24,CUST-012,Cap,Injection Molding,TF-006-PP-PCR-24415,WO-11763,2603732061176303,IM-006,3011,0.0342,102.98
SO-17653,2026-01-23,CUST-001,Cap,Injection Molding,TF-006-PP-PCR-24415,WO-11765,2604112061176505,IM-006,2587,0.0766,198.16
SO-17654,2026-01-23,CUST-011,Cap,Injection Molding,TF-006-PP-PCR-24415,WO-11766,2604232061176606,IM-006,3275,0.0478,156.55
SO-17655,2026-01-25,CUST-003,Cap,Injection Molding,TF-006-PP-24415,WO-11767,2604222061176707,IM-006,1811,0.0302,54.69
SO-17656,2026-01-23,CUST-010,Cap,Injection Molding,TF-006-PP-24415,WO-11768,2604312061176808,IM-006,4658,0.0479,223.12
SO-17657,2026-01-29,CUST-012,Cap,Injection Molding,TF-006-PP-24415,WO-11769,2604432061176909,IM-006,2556,0.0692,176.88
SO-17658,2026-01-27,CUST-002,Cap,Injection Molding,TF-006-HDPE-24415,WO-11771,2604512061177111,IM-006,2947,0.0371,109.33
SO-17659,2026-01-27,CUST-002,Cap,Injection Molding,TF-006-HDPE-24415,WO-11773,2604622061177313,IM-006,1701,0.0421,71.61
SO-17660,2026-01-28,CUST-010,Cap,Injection Molding,TF-006-HDPE-24415,WO-11774,2604732061177414,IM-006,3070,0.0249,76.44
SO-17661,2026-02-01,CUST-014,Cap,Injection Molding,TF-006-PP-PCR-24415,WO-11775,2605132061177515,IM-006,3735,0.0211,78.81
SO-17662,2026-02-03,CUST-006,Cap,Injection Molding,TF-006-PP-PCR-24415,WO-11776,2605122061177616,IM-006,4815,0.0265,127.6
SO-17663,2026-02-05,CUST-001,Cap,Injection Molding,TF-009-PP-PCR-28415,WO-11778,2605312061177818,IM-006,4362,0.0774,337.62
SO-17664,2026-02-06,CUST-011,Cap,Injection Molding,TF-006-HDPE-24415,WO-11779,2605322061177919,IM-006,2019,0.021,42.4
SO-17665,2026-02-09,CUST-008,Cap,injection molding,TF-006-HDPE-24415,WO-11780,2605422061178020,IM-006,1974,0.032,63.17
SO-17666,2026-02-07,CUST-007,Cap,Injection Molding,TF-006-HDPE-24415,WO-11781,2605532061178121,IM-006,3172,0.0567,179.85
SO-17667,2026-02-02,CUST-005,Cap,  Injection Molding  ,TF-009-PP-28415,WO-11782,2605522061178222,IM-006,6737,0.0474,319.33
SO-17668,2026-02-11,CUST-007,Cap,Injection Molding,TF-009-PP-28415,WO-11783,2605622061178323,IM-006,5501,0.0388,213.44
SO-17669,2026-02-06,CUST-007,Cap,Injection Molding,TF-009-PP-PCR-28415,WO-11785,2606132061178525,IM-006,4753,0.0636,302.29
SO-17670,2026-02-05,CUST-007,Cap,Injection Molding,TF-009-PP-PCR-28415,WO-11786,2606122061178626,IM-006,4878,0.0488,238.05
SO-17671,2026-02-15,CUST-008,Cap,Injection Molding,TF-006-PP-PCR-24415,WO-11790,2606412061179030,IM-006,5347,0.0573,306.38
SO-17672,2026-02-16,CUST-003,Cap,Injection Molding,TF-006-PP-PCR-24415,WO-11791,2606532061179131,IM-006,3961,0.083,328.76
SO-17673,2026-02-11,CUST-010,Cap,Injection Molding,TF-006-PP-PCR-24415,WO-11792,2606632061179232,IM-006,3473,0.0899,312.22
SO-17674,2026-02-17,CUST-004,Cap,Injection Molding,TF-006-PP-PCR-24415,WO-11794,2606732061179434,IM-006,1602,0.0229,36.69
SO-17675,2026-02-21,CUST-014,Cap,Injection Molding,TF-009-PP-PCR-28415,WO-11799,2607312061179939,IM-006,2998,0.024,71.95
SO-17676,2026-02-22,CUST-001,Cap,Injection Molding,TF-009-PP-PCR-28415,WO-11800,2607432061180040,IM-006,2739,0.0757,207.34
SO-17677,2026-02-19,CUST-007,Cap,  Injection Molding  ,TF-006-HDPE-24415,WO-11804,2607732061180444,IM-006,3132,0.0632,197.94
SO-17678,2026-02-17,CUST-001,Cap,Injection Molding,TF-006-HDPE-24415,WO-11805,2607722061180545,IM-006,1634,0.0887,144.94
SO-17679,2026-02-24,CUST-013,Cap,Injection Molding,TF-009-PP-28415,WO-11806,2608112061180646,IM-006,5971,0.0796,475.29
SO-17680,2026-02-19,CUST-011,Cap,Injection Molding,TF-009-PP-28415,WO-11807,2608232061180747,IM-006,8382,0.0672,563.27
SO-17681,2026-02-22,CUST-006,Cap,Injection Molding,TF-009-PP-28415,WO-11808,2608222061180848,IM-006,5402,0.0785,424.06
SO-17682,2026-02-25,CUST-003,Cap,Injection Molding,TF-009-PP-28415,WO-11809,2608322061180949,IM-006,2571,0.0805,206.97
SO-17683,2026-03-02,CUST-009,Cap,Injection Molding,TF-009-PP-28415,WO-11810,2608432061181050,IM-006,4657,0.0783,364.64
SO-17684,2026-02-23,CUST-006,Cap,Injection Molding,TF-006-HDPE-24415,WO-11814,2608622061181454,IM-006,1827,0.0571,104.32
SO-17685,2026-02-28,CUST-009,Cap,Injection Molding,TF-006-HDPE-24415,WO-11815,2608712061181555,IM-006,2732,0.0777,212.28
SO-17686,2026-03-06,CUST-013,Cap,Injection Molding,TF-006-PP-24415,WO-11817,2609122061181757,IM-006,2832,0.0866,245.25
SO-17687,2026-03-01,CUST-007,Cap,  Injection Molding  ,TF-006-PP-24415,WO-11818,2609232061181858,IM-006,6060,0.042,254.52
SO-17688,2026-03-02,CUST-014,Cap,Injection Molding,TF-009-PP-PCR-28415,WO-11823,2609632061182363,IM-006,4637,0.0436,202.17
SO-17689,2026-03-10,CUST-007,Cap,Injection Molding,TF-009-PP-PCR-28415,WO-11825,2609722061182565,IM-006,4933,0.0425,209.65
SO-17690,2026-03-10,CUST-014,Cap,Injection Molding,TF-009-PP-28415,WO-11826,2610112061182666,IM-006,3826,0.0787,301.11
SO-17691,2026-03-14,CUST-003,Cap,Injection Molding,TF-009-PP-28415,WO-11828,2610222061182868,IM-006,6726,0.0707,475.53
SO-17692,2026-03-06,CUST-005,Cap,Injection Molding,TF-006-PP-PCR-24415,WO-11829,2610312061182969,IM-006,2556,0.0775,198.09
SO-17693,2026-03-06,CUST-009,Cap,Injection Molding,TF-009-PP-PCR-28415,WO-11830,2610322061183070,IM-006,4240,0.0362,153.49
SO-17694,2026-03-14,CUST-002,Cap,injection molding,TF-009-PP-PCR-28415,WO-11831,2610412061183171,IM-006,9953,0.0528,525.52
SO-17695,2026-03-17,CUST-002,Cap,Injection Molding,TF-009-PP-28415,WO-11833,2610512061183373,IM-006,7450,0.021,156.45
SO-17696,2026-03-17,CUST-005,Cap,Injection Molding,TF-009-PP-28415,WO-11834,2610612061183474,IM-006,3542,0.0787,278.76
SO-17697,2026-03-09,CUST-010,Cap,Injection Molding,TF-009-PP-28415,WO-11835,2610732061183575,IM-006,5210,0.0831,432.95
SO-17698,2026-03-20,CUST-001,Cap,Injection Molding,TF-006-PP-24415,WO-11836,2610722061183676,IM-006,2922,0.0449,131.2
SO-17699,2026-03-19,CUST-009,Cap,Injection Molding,TF-006-PP-24415,WO-11837,2611112061183777,IM-006,5420,0.0722,391.32
SO-17700,2026-03-18,CUST-014,Cap,Injection Molding,TF-009-PP-PCR-28415,WO-11838,2611232061183878,IM-006,8926,0.0636,567.69
SO-17701,2026-03-17,CUST-003,Cap,  Injection Molding  ,TF-006-PP-24415,WO-11840,2611322061184080,IM-006,1445,0.0523,75.57
SO-17702,2026-03-17,CUST-012,Cap,Injection Molding,TF-009-PP-PCR-28415,WO-11841,2611412061184181,IM-006,3510,0.0793,278.34
SO-17703,2026-03-16,CUST-009,Cap,Injection Molding,TF-009-PP-PCR-28415,WO-11842,2611432061184282,IM-006,3886,0.0464,180.31
SO-17704,2026-03-15,CUST-008,Cap,Injection Molding,TF-006-PP-PCR-24415,WO-11843,2611532061184383,IM-006,4756,0.0433,205.93
SO-17705,2026-03-21,CUST-014,Cap,Injection Molding,TF-009-PP-28415,WO-11844,2611622061184484,IM-006,1973,0.057,112.46
SO-17706,2026-03-18,CUST-014,Cap,Injection Molding,TF-009-HDPE-28415,WO-11846,2612132061184686,IM-006,4693,0.0507,237.94
SO-17707,2026-03-29,CUST-013,Cap,Injection Molding,TF-009-PP-28415,WO-11849,2612222061184989,IM-006,4961,0.0834,413.75
SO-17708,2026-03-27,CUST-006,Cap,Injection Molding,TF-009-PP-28415,WO-11850,2612322061185090,IM-006,6360,0.0419,266.48
SO-17709,2026-04-01,CUST-013,Cap,Injection Molding,TF-009-PP-PCR-28415,WO-11854,2612622061185494,IM-006,2585,0.0232,59.97
SO-17710,2026-03-30,CUST-013,Cap,  Injection Molding  ,TF-009-PP-PCR-28415,WO-11855,2612732061185595,IM-006,5486,0.0445,244.13
SO-17711,2026-04-02,CUST-006,Cap,Injection Molding,TF-009-PP-28415,WO-11857,2613122061185797,IM-006,4475,0.0514,230.02
SO-17712,2026-04-01,CUST-004,Cap,Injection Molding,TF-009-PP-PCR-28415,WO-11858,2613212061185898,IM-006,7886,0.0859,677.41
SO-17713,2026-03-29,CUST-013,Cap,Injection Molding,TF-009-PP-PCR-28415,WO-11859,2613222061185999,IM-006,2682,0.063,168.97
SO-17714,2026-04-02,CUST-005,Cap,Injection Molding,TF-006-HDPE-24415,WO-11860,2613322061186001,IM-006,3141,0.0484,152.02
SO-17715,2026-04-07,CUST-013,Cap,Injection Molding,TF-006-HDPE-24415,WO-11861,2613422061186102,IM-006,3550,0.0627,222.59
SO-17716,2026-04-06,CUST-002,Cap,Injection Molding,TF-006-HDPE-24415,WO-11862,2613512061186203,IM-006,2907,0.0476,138.37
SO-17717,2026-04-09,CUST-001,Cap,Injection Molding,TF-006-PP-PCR-24415,WO-11863,2613632061186304,IM-006,3296,0.0783,258.08
SO-17718,2026-04-05,CUST-013,Cap,Injection Molding,TF-009-HDPE-28415,WO-11867,2614122061186708,IM-006,6267,0.0355,222.48
SO-17719,2026-04-08,CUST-004,Cap,Injection Molding,TF-009-HDPE-28415,WO-11868,2614222061186809,IM-006,3608,0.0291,104.99
SO-17720,2026-04-03,CUST-011,Cap,Injection Molding,TF-009-HDPE-28415,WO-11869,2614332061186910,IM-006,7591,0.0892,677.12
SO-17721,2026-04-12,CUST-014,Cap,Injection Molding,TF-009-HDPE-28415,WO-11870,2614322061187011,IM-006,2634,0.0408,107.47
SO-17722,2026-04-07,CUST-010,Cap,Injection Molding,TF-009-PP-PCR-28415,WO-11871,2614412061187112,IM-006,3453,0.0225,77.69
SO-17723,2026-04-07,CUST-013,Cap,INJECTION MOLDING,TF-009-PP-PCR-28415,WO-11872,2614432061187213,IM-006,3239,0.0224,72.55
SO-17724,2026-04-14,CUST-005,Cap,Injection Molding,TF-009-PP-PCR-28415,WO-11873,2614522061187314,IM-006,7013,0.0763,535.09
SO-17725,2026-04-14,CUST-003,Cap,Injection Molding,TF-009-PP-PCR-28415,WO-11874,2614612061187415,IM-006,4642,0.0468,217.25
SO-17726,2026-04-13,CUST-001,Cap,Injection Molding,TF-009-PP-28415,WO-11875,2614632061187516,IM-006,8799,0.0408,359.0
SO-17727,2026-04-15,CUST-005,Cap,Injection Molding,TF-009-PP-28415,WO-11876,2614722061187617,IM-006,3797,0.0865,328.44
SO-17728,2026-04-13,CUST-003,Cap,Injection Molding,TF-006-HDPE-24415,WO-11877,2615112061187718,IM-006,2818,0.0352,99.19
SO-17729,2026-04-08,CUST-004,Cap,Injection Molding,TF-009-HDPE-28415,WO-11878,2615132061187819,IM-006,3240,0.0292,94.61
SO-17730,2026-04-16,CUST-014,Cap,Injection Molding,TF-006-HDPE-24415,WO-11879,2615222061187920,IM-006,5530,0.0567,313.55
SO-17731,2026-04-15,CUST-006,Cap,Injection Molding,TF-006-HDPE-24415,WO-11880,2615312061188021,IM-006,4563,0.0558,254.62
SO-17732,2026-04-20,CUST-001,Cap,Injection Molding,TF-006-HDPE-24415,WO-11881,2615412061188122,IM-006,3684,0.0581,214.04
SO-17733,2026-04-13,CUST-004,Cap,Injection Molding,TF-009-HDPE-28415,WO-11882,2615432061188223,IM-006,5516,0.0894,493.13
SO-17734,2026-04-18,CUST-012,Cap,  Injection Molding  ,TF-009-HDPE-28415,WO-11883,2615522061188324,IM-006,5550,0.0627,347.99
SO-17735,2026-04-14,CUST-005,Cap,Injection Molding,TF-009-HDPE-28415,WO-11884,2615612061188425,IM-006,6418,0.0337,216.29
SO-17736,2026-04-15,CUST-001,Cap,Injection Molding,TF-006-PP-PCR-24415,WO-11885,2615712061188526,IM-006,2504,0.0852,213.34
SO-17737,2026-04-15,CUST-001,Cap,Injection Molding,TF-006-PP-PCR-24415,WO-11886,2615732061188627,IM-006,3936,0.044,173.18
SO-17738,2026-04-22,CUST-014,Cap,Injection Molding,TF-006-PP-PCR-24415,WO-11888,2616212061188829,IM-006,1567,0.0493,77.25
SO-17739,2026-04-22,CUST-008,Cap,Injection Molding,TF-009-HDPE-28415,WO-11889,2616332061188930,IM-006,3636,0.075,272.7
SO-17740,2026-04-22,CUST-010,Cap,Injection Molding,TF-009-HDPE-28415,WO-11890,2616322061189031,IM-006,2851,0.0232,66.14
SO-17741,2026-04-22,CUST-006,Cap,Injection Molding,TF-009-HDPE-28415,WO-11891,2616412061189132,IM-006,5500,0.0399,219.45
SO-17742,2026-04-24,CUST-012,Cap,Injection Molding,TF-009-HDPE-28415,WO-11892,2616512061189233,IM-006,2216,0.0409,90.63
SO-17743,2026-04-23,CUST-006,Cap,Injection Molding,TF-009-PP-28415,WO-11895,2616632061189536,IM-006,6471,0.0248,160.48
SO-17744,2026-04-26,CUST-005,Cap,Injection Molding,TF-009-PP-28415,WO-11896,2616722061189637,IM-006,2167,0.0239,51.79
SO-17745,2026-04-28,CUST-005,Cap,Injection Molding,TF-009-PP-28415,WO-11897,2617122061189738,IM-006,4326,0.0531,229.71
SO-17746,2026-04-29,CUST-011,Cap,Injection Molding,TF-009-PP-28415,WO-11898,2617232061189839,IM-006,5722,0.0572,327.3
SO-17747,2026-04-30,CUST-014,Cap,Injection Molding,TF-009-PP-28415,WO-11899,2617222061189940,IM-006,3199,0.0685,219.13
SO-17748,2026-04-30,CUST-009,Cap,  Injection Molding  ,TF-006-PP-PCR-24415,WO-11900,2617312061190041,IM-006,2270,0.0814,184.78
SO-17749,2026-04-26,CUST-012,Cap,Injection Molding,TF-006-PP-24415,WO-11901,2617412061190142,IM-006,2711,0.0296,80.25
SO-17750,2026-05-02,CUST-007,Cap,Injection Molding,TF-006-PP-24415,WO-11902,2617512061190243,IM-006,1634,0.0436,71.24
SO-17751,2026-05-07,CUST-001,Cap,Injection Molding,TF-006-PP-PCR-24415,WO-11906,2618112061190647,IM-006,3279,0.0438,143.62
SO-17752,2026-05-01,CUST-011,Cap,Injection Molding,TF-006-PP-PCR-24415,WO-11907,2618232061190748,IM-006,2128,0.0876,186.41
SO-17753,2026-05-05,CUST-013,Cap,Injection Molding,TF-006-PP-24415,WO-11911,2618422061191152,IM-006,3201,0.056,179.26
SO-17754,2026-05-10,CUST-011,Cap,Injection Molding,TF-006-HDPE-24415,WO-11913,2618632061191354,IM-006,2552,0.0393,100.29
SO-17755,2026-05-11,CUST-012,Cap,  Injection Molding  ,TF-006-HDPE-24415,WO-11914,2618622061191455,IM-006,1864,0.0568,105.88
SO-17756,2026-05-13,CUST-014,Cap,Injection Molding,TF-006-PP-PCR-24415,WO-11915,2618732061191556,IM-006,6483,0.0577,374.07
SO-17757,2026-05-07,CUST-006,Cap,Injection Molding,TF-009-PP-PCR-28415,WO-11918,2619212061191859,IM-006,6211,0.0625,388.19
SO-17758,2026-05-16,CUST-001,Cap,Injection Molding,TF-009-PP-PCR-28415,WO-11919,2619332061191960,IM-006,4415,0.0381,168.21
SO-17759,2026-05-14,CUST-012,Cap,Injection Molding,TF-009-PP-PCR-28415,WO-11920,2619322061192061,IM-006,6578,0.0766,503.87
SO-17760,2026-05-18,CUST-004,Cap,Injection Molding,TF-009-PP-PCR-28415,WO-11921,2619432061192162,IM-006,2724,0.0776,211.38
SO-17761,2026-05-15,CUST-011,Cap,Injection Molding,TF-009-PP-PCR-28415,WO-11924,2619522061192465,IM-006,4258,0.0249,106.02
SO-17762,2026-05-19,CUST-010,Cap,Injection Molding,TF-009-PP-PCR-28415,WO-11925,2619612061192566,IM-006,8329,0.045,374.81
SO-17763,2026-05-18,CUST-008,Cap,Injection Molding,TF-009-PP-PCR-28415,WO-11926,2619712061192667,IM-006,6868,0.0758,520.59
SO-17764,2026-05-18,CUST-009,Cap,Injection Molding,TF-009-PP-PCR-28415,WO-11927,2620132061192768,IM-006,6616,0.0817,540.53
SO-17765,2026-05-21,CUST-011,Cap,Injection Molding,TF-009-PP-PCR-28415,WO-11928,2620122061192869,IM-006,7208,0.0277,199.66
SO-17766,2026-05-23,CUST-006,Cap,  Injection Molding  ,TF-006-HDPE-24415,WO-11929,2620212061192970,IM-006,1942,0.0731,141.96
SO-17767,2026-05-15,CUST-011,Cap,Injection Molding,TF-006-HDPE-24415,WO-11930,2620222061193071,IM-006,2166,0.0516,111.77
SO-17768,2026-05-22,CUST-013,Cap,Injection Molding,TF-009-PP-28415,WO-11934,2620512061193475,IM-006,4624,0.0428,197.91
SO-17769,2026-05-24,CUST-010,Cap,Injection Molding,TF-009-PP-PCR-28415,WO-11935,2620632061193576,IM-006,3922,0.0471,184.73
SO-17770,2026-05-28,CUST-013,Cap,Injection Molding,TF-006-HDPE-24415,WO-11936,2620622061193677,IM-006,3863,0.047,181.56
SO-17771,2026-05-22,CUST-008,Cap,Injection Molding,TF-006-HDPE-24415,WO-11937,2620722061193778,IM-006,4082,0.0379,154.71
SO-17772,2026-05-20,CUST-013,Cap,Injection Molding,TF-006-PP-24415,WO-11938,2621112061193879,IM-006,2662,0.0256,68.15
SO-17773,2026-05-28,CUST-006,Cap,Injection Molding,TF-009-PP-PCR-28415,WO-11943,2621432061194384,IM-006,6996,0.0355,248.36
SO-17774,2026-05-28,CUST-004,Cap,Injection Molding,TF-009-PP-PCR-28415,WO-11944,2621522061194485,IM-006,6695,0.0544,364.21
SO-17775,2026-05-31,CUST-003,Cap,Injection Molding,TF-009-PP-PCR-28415,WO-11945,2621612061194586,IM-006,3642,0.072,262.22
SO-17776,2026-05-29,CUST-001,Cap,Injection Molding,TF-006-HDPE-24415,WO-11946,2621622061194687,IM-006,2277,0.0493,112.26
SO-17777,2026-06-02,CUST-009,Cap,Injection Molding,TF-006-HDPE-24415,WO-11947,2621712061194788,IM-006,4101,0.0417,171.01
SO-17778,2026-05-28,CUST-003,Cap,Injection Molding,TF-006-PP-24415,WO-11948,2622132061194889,IM-006,3388,0.0475,160.93
SO-17779,2026-05-27,CUST-007,Cap,Injection Molding,TF-006-PP-PCR-24415,WO-11949,2622232061194990,IM-006,5820,0.0881,512.74
SO-17780,2026-06-01,CUST-004,Cap,Injection Molding,TF-009-PP-PCR-28415,WO-11950,2622332061195091,IM-006,9254,0.0482,446.04
SO-17781,2026-06-03,CUST-013,Cap,Injection Molding,TF-009-PP-PCR-28415,WO-11951,2622322061195192,IM-006,6394,0.0809,517.27
SO-17782,2026-06-07,CUST-012,Cap,Injection Molding,TF-006-PP-24415,WO-11957,2623112061195798,IM-006,2909,0.047,136.72
SO-17783,2026-06-04,CUST-008,Cap,Injection Molding,TF-006-PP-24415,WO-11958,2623122061195899,IM-006,4384,0.0554,242.87
SO-17784,2026-06-09,CUST-007,Cap,Injection Molding,TF-006-HDPE-24415,WO-11959,2623212061195901,IM-006,5381,0.0761,409.49
SO-17785,2026-06-12,CUST-008,Cap,Injection Molding,TF-009-HDPE-28415,WO-11961,2623332061196103,IM-006,2239,0.0399,89.34
SO-17786,2026-06-10,CUST-013,Cap,Injection Molding,TF-009-HDPE-28415,WO-11962,2623412061196204,IM-006,4966,0.0659,327.26
SO-17787,2026-06-09,CUST-013,Cap,Injection Molding,TF-009-HDPE-28415,WO-11963,2623422061196305,IM-006,6218,0.0654,406.66
SO-17788,2026-06-08,CUST-003,Cap,Injection Molding,TF-006-PP-24415,WO-11965,2623632061196507,IM-006,1709,0.0679,116.04
SO-17789,2026-06-10,CUST-013,Cap,injection molding,TF-009-PP-28415,WO-11967,2623712061196709,IM-006,6462,0.0565,365.1
SO-17790,2026-06-13,CUST-001,Cap,Injection Molding,TF-009-PP-PCR-28415,WO-11968,2624132061196810,IM-006,5166,0.0737,380.73
SO-17791,2026-06-12,CUST-004,Cap,Injection Molding,TF-009-PP-PCR-28415,WO-11969,2624122061196911,IM-006,4511,0.0637,287.35
SO-17792,2026-06-19,CUST-002,Cap,Injection Molding,TF-006-PP-24415,WO-11970,2624212061197012,IM-006,2291,0.0475,108.82
SO-17793,2026-06-18,CUST-009,Cap,Injection Molding,TF-006-PP-24415,WO-11971,2624332061197113,IM-006,2254,0.0891,200.83
SO-17794,2026-06-16,CUST-001,Cap,Injection Molding,TF-006-PP-PCR-24415,WO-11973,2624432061197315,IM-006,1687,0.0448,75.58
SO-17795,2026-06-24,CUST-013,Cap,Injection Molding,TF-009-HDPE-28415,WO-11976,2624612061197618,IM-006,4926,0.0656,323.15
SO-17796,2026-06-19,CUST-013,Cap,Injection Molding,TF-009-HDPE-28415,WO-11977,2624732061197719,IM-006,4922,0.0548,269.73
SO-17797,2026-06-23,CUST-012,Cap,Injection Molding,TF-009-HDPE-28415,WO-11978,2624722061197820,IM-006,3541,0.0897,317.63
SO-17798,2026-06-26,CUST-009,Cap,Injection Molding,TF-009-PP-PCR-28415,WO-11980,2625132061198022,IM-006,4017,0.085,341.45
SO-17799,2026-06-20,CUST-013,Cap,Injection Molding,TF-006-HDPE-24415,WO-11981,2625212061198123,IM-006,4688,0.0854,400.36
SO-17800,2026-06-25,CUST-012,Cap,Injection Molding,TF-009-HDPE-28415,WO-11982,2625332061198224,IM-006,4025,0.0549,220.97
SO-17801,2026-06-28,CUST-009,Cap,Injection Molding,TF-009-HDPE-28415,WO-11983,2625312061198325,IM-006,4735,0.037,175.19
SO-17802,2026-06-27,CUST-002,Cap,Injection Molding,TF-009-HDPE-28415,WO-11984,2625332061198426,IM-006,4947,0.0656,324.52
SO-17803,2026-06-26,CUST-011,Cap,Injection Molding,TF-006-HDPE-24415,WO-11985,2625422061198527,IM-006,5584,0.0607,338.95
SO-17804,2026-06-22,CUST-005,Cap,injection molding,TF-006-HDPE-24415,WO-11986,2625512061198628,IM-006,2629,0.0533,140.13
SO-17805,2026-07-02,CUST-014,Cap,Injection Molding,TF-009-PP-PCR-28415,WO-11989,2625732061198931,IM-006,12108,0.0642,777.33
SO-17806,2026-06-25,CUST-008,Cap,Injection Molding,TF-009-HDPE-28415,WO-11990,2626122061199032,IM-006,5383,0.0308,165.8
SO-17807,2026-06-25,CUST-008,Cap,Injection Molding,TF-009-HDPE-28415,WO-11991,2626212061199133,IM-006,7926,0.0886,702.24
SO-17808,2026-07-02,CUST-007,Cap,INJECTION MOLDING,TF-006-HDPE-24415,WO-11992,2626312061199234,IM-006,1536,0.0408,62.67
SO-17809,2026-07-03,CUST-003,Cap,Injection Molding,TF-006-HDPE-24415,WO-11993,2626322061199335,IM-006,2550,0.0438,111.69
SO-17810,2026-07-06,CUST-013,Cap,Injection Molding,TF-009-PP-28415,WO-11995,2626422061199537,IM-006,4968,0.0394,195.74
SO-17811,2026-06-28,CUST-011,Cap,Injection Molding,TF-009-PP-PCR-28415,WO-11996,2626512061199638,IM-006,3646,0.0699,254.86
SO-17812,2026-07-01,CUST-004,Cap,Injection Molding,TF-009-PP-PCR-28415,WO-11997,2626522061199739,IM-006,4790,0.0312,149.45
SO-17813,2026-07-05,CUST-003,Cap,injection molding,TF-006-HDPE-24415,WO-11998,2626622061199840,IM-006,3097,0.0299,92.6
SO-17814,2026-07-04,CUST-006,Cap,Injection Molding,TF-006-HDPE-24415,WO-11999,2626732061199941,IM-006,3842,0.0734,282.0
SO-17815,2026-07-03,CUST-001,Cap,Injection Molding,TF-009-PP-28415,WO-12000,2626722061200042,IM-006,6001,0.0328,196.83
SO-17816,2026-07-06,CUST-003,Cap,injection molding,TF-009-PP-28415,WO-12001,2627132061200143,IM-006,7513,0.0547,410.96
SO-17817,2026-07-10,CUST-013,Cap,Injection Molding,TF-009-PP-28415,WO-12002,2627122061200244,IM-006,5266,0.0531,279.62
SO-17818,2026-07-09,CUST-011,Cap,Injection Molding,TF-006-PP-24415,WO-12003,2627212061200345,IM-006,3150,0.0801,252.32
SO-17819,2026-07-08,CUST-012,Cap,Injection Molding,TF-006-PP-24415,WO-12004,2627222061200446,IM-006,2234,0.0314,70.15
SO-17820,2026-07-03,CUST-008,Cap,Injection Molding,TF-006-PP-24415,WO-12005,2627322061200547,IM-006,2180,0.0629,137.12
SO-17821,2026-07-12,CUST-004,Cap,Injection Molding,TF-006-PP-24415,WO-12006,2627432061200648,IM-006,3610,0.0733,264.61
SO-17822,2026-07-08,CUST-006,Cap,Injection Molding,TF-009-PP-28415,WO-12008,2627512061200850,IM-006,3912,0.055,215.16
SO-17823,2026-07-10,CUST-004,Cap,Injection Molding,TF-009-HDPE-28415,WO-12011,2627712061201153,IM-006,3755,0.0446,167.47
SO-17824,2026-07-14,CUST-007,Cap,Injection Molding,TF-009-HDPE-28415,WO-12012,2627722061201254,IM-006,6332,0.0341,215.92
SO-17825,2026-07-12,CUST-005,Cap,Injection Molding,TF-006-PP-PCR-24415,WO-12013,2628112061201355,IM-006,4436,0.0306,135.74
SO-17826,2026-07-17,CUST-002,Cap,Injection Molding,TF-009-PP-28415,WO-12014,2628232061201456,IM-006,3149,0.0893,281.21
SO-17827,2026-07-18,CUST-003,Cap,  Injection Molding  ,TF-009-HDPE-28415,WO-12015,2628222061201557,IM-006,4676,0.0614,287.11
SO-17828,2026-07-10,CUST-014,Cap,Injection Molding,TF-009-HDPE-28415,WO-12016,2628332061201658,IM-006,3988,0.0805,321.03
SO-17829,2026-07-18,CUST-001,Cap,Injection Molding,TF-006-PP-PCR-24415,WO-12017,2628322061201759,IM-006,3482,0.0341,118.74
SO-17830,2026-07-15,CUST-012,Cap,Injection Molding,TF-006-PP-PCR-24415,WO-12018,2628412061201860,IM-006,2156,0.0826,178.09
SO-17831,2026-07-13,CUST-010,Cap,Injection Molding,TF-006-PP-24415,WO-12019,2628422061201961,IM-006,2443,0.0614,150.0
SO-17832,2026-07-22,CUST-013,Cap,Injection Molding,TF-006-PP-24415,WO-12020,2628522061202062,IM-006,1840,0.0359,66.06
SO-17833,2026-07-13,CUST-010,Cap,Injection Molding,TF-009-PP-28415,WO-12021,2628632061202163,IM-006,4351,0.0333,144.89
SO-17834,2026-07-15,CUST-001,Cap,Injection Molding,TF-009-PP-28415,WO-12022,2628732061202264,IM-006,3993,0.085,339.41
SO-17835,2026-07-20,CUST-011,Cap,Injection Molding,TF-009-PP-28415,WO-12023,2629132061202365,IM-006,5856,0.0478,279.92
SO-17836,2026-07-20,CUST-004,Cap,Injection Molding,TF-009-HDPE-28415,WO-12024,2629122061202466,IM-006,8296,0.0602,499.42
SO-17837,2026-07-21,CUST-010,Cap,Injection Molding,TF-009-HDPE-28415,WO-12025,2629222061202567,IM-006,6270,0.0686,430.12
SO-17838,2026-07-23,CUST-001,Cap,Injection Molding,TF-009-HDPE-28415,WO-12026,2629312061202668,IM-006,2386,0.0608,145.07
SO-17839,2026-07-19,CUST-001,Cap,Injection Molding,TF-006-PP-PCR-24415,WO-12027,2629432061202769,IM-006,1671,0.031,51.8
SO-17840,2026-07-22,CUST-003,Cap,Injection Molding,TF-006-HDPE-24415,WO-12028,2629412061202870,IM-006,5787,0.0854,494.21
SO-17841,2026-07-24,CUST-006,Cap,Injection Molding,TF-006-HDPE-24415,WO-12029,2629532061202971,IM-006,3154,0.0365,115.12
SO-17842,2026-07-28,CUST-014,Cap,Injection Molding,TF-006-PP-24415,WO-12030,2629522061203072,IM-006,3584,0.0813,291.38
SO-17843,2026-07-24,CUST-009,Cap,Injection Molding,TF-006-PP-24415,WO-12031,2629612061203173,IM-006,2748,0.0747,205.28
SO-17844,2026-07-21,CUST-005,Cap,Injection Molding,TF-006-PP-24415,WO-12032,2629622061203274,IM-006,3368,0.0848,285.61
SO-17845,2026-07-21,CUST-012,Cap,Injection Molding,TF-009-PP-PCR-28415,WO-12033,2629712061203375,IM-006,4361,0.0393,171.39
SO-17846,2026-07-30,CUST-012,Cap,Injection Molding,TF-009-PP-28415,WO-12034,2630132061203476,IM-006,5956,0.0801,477.08
SO-17847,2026-07-30,CUST-008,Cap,INJECTION MOLDING,TF-009-PP-28415,WO-12035,2630232061203577,IM-006,7891,0.0632,498.71
SO-17848,2026-07-28,CUST-005,Cap,Injection Molding,TF-006-PP-PCR-24415,WO-12036,2630222061203678,IM-006,2578,0.0438,112.92
SO-17849,2026-08-02,CUST-011,Cap,Injection Molding,TF-009-HDPE-28415,WO-12038,2630332061203880,IM-006,2378,0.0791,188.1
SO-17850,2026-07-29,CUST-010,Cap,Injection Molding,TF-006-PP-24415,WO-12040,2630512061204082,IM-006,6367,0.0885,563.48
SO-17851,2026-08-01,CUST-003,Cap,Injection Molding,TF-009-HDPE-28415,WO-12044,2631112061204486,IM-006,5324,0.063,335.41
SO-17852,2026-08-11,CUST-013,Cap,Injection Molding,TF-009-PP-28415,WO-12048,2631432061204890,IM-006,5359,0.0765,409.96
SO-17853,2026-08-11,CUST-007,Cap,Injection Molding,TF-009-PP-PCR-28415,WO-12049,2631532061204991,IM-006,3374,0.0378,127.54
SO-17854,2026-08-05,CUST-013,Cap,Injection Molding,TF-009-HDPE-28415,WO-12051,2631612061205193,IM-006,4841,0.0325,157.33
SO-17855,2026-08-10,CUST-009,Cap,Injection Molding,TF-009-HDPE-28415,WO-12052,2631622061205294,IM-006,1602,0.0759,121.59
SO-17856,2026-08-08,CUST-010,Cap,Injection Molding,TF-006-PP-24415,WO-12055,2632122061205597,IM-006,2746,0.036,98.86
SO-17857,2026-08-16,CUST-013,Cap,Injection Molding,TF-009-HDPE-28415,WO-12056,2632222061205698,IM-006,4419,0.0424,187.37
SO-17858,2026-08-12,CUST-004,Cap,Injection Molding,TF-009-HDPE-28415,WO-12057,2632312061205799,IM-006,6403,0.0481,307.98
SO-17859,2026-08-11,CUST-001,Cap,Injection Molding,TF-006-HDPE-24415,WO-12058,2632322061205801,IM-006,4465,0.0619,276.38
SO-17860,2026-08-16,CUST-002,Cap,injection molding,TF-006-HDPE-24415,WO-12059,2632422061205902,IM-006,2408,0.0346,83.32
SO-17861,2026-08-13,CUST-012,Cap,Injection Molding,TF-006-HDPE-24415,WO-12061,2632532061206104,IM-006,3100,0.0355,110.05
SO-17862,2026-08-21,CUST-001,Cap,Injection Molding,TF-006-PP-24415,WO-12064,2632722061206407,IM-006,4463,0.0286,127.64
SO-17863,2026-08-17,CUST-010,Cap,Injection Molding,TF-006-HDPE-24415,WO-12065,2633122061206508,IM-006,4037,0.047,189.74
SO-17864,2026-08-19,CUST-003,Cap,Injection Molding,TF-009-PP-28415,WO-12066,2633212061206609,IM-006,1765,0.0726,128.14
SO-17865,2026-08-16,CUST-010,Cap,Injection Molding,TF-009-PP-28415,WO-12067,2633332061206710,IM-006,6264,0.0821,514.27
SO-17866,2026-08-21,CUST-012,Cap,Injection Molding,TF-009-PP-28415,WO-12068,2633322061206811,IM-006,4764,0.0291,138.63
SO-17867,2026-08-19,CUST-011,Cap,Injection Molding,TF-006-PP-24415,WO-12072,2633622061207215,IM-006,1022,0.0457,46.71
SO-17868,2026-08-27,CUST-005,Cap,Injection Molding,TF-009-HDPE-28415,WO-12074,2633732061207417,IM-006,4968,0.0578,287.15
SO-17869,2026-08-31,CUST-008,Cap,Injection Molding,TF-006-PP-24415,WO-12078,2634322061207821,IM-006,2470,0.0789,194.88
SO-17870,2026-08-28,CUST-005,Cap,Injection Molding,TF-006-PP-24415,WO-12079,2634412061207922,IM-006,2257,0.0618,139.48
SO-17871,2026-08-24,CUST-009,Cap,Injection Molding,TF-009-PP-PCR-28415,WO-12082,2634632061208225,IM-006,4810,0.0453,217.89
SO-17872,2026-08-31,CUST-011,Cap,Injection Molding,TF-009-PP-PCR-28415,WO-12083,2634612061208326,IM-006,3843,0.0494,189.84
SO-17873,2026-08-30,CUST-004,Cap,Injection Molding,TF-009-PP-PCR-28415,WO-12084,2634732061208427,IM-006,9314,0.0758,706.0
SO-17874,2026-08-30,CUST-011,Cap,Injection Molding,TF-006-PP-PCR-24415,WO-12085,2634732061208528,IM-006,7166,0.0617,442.14
SO-17875,2026-08-30,CUST-010,Cap,Injection Molding,TF-006-PP-PCR-24415,WO-12086,2635122061208629,IM-006,4226,0.0621,262.43
SO-17876,2026-08-31,CUST-006,Cap,Injection Molding,TF-006-PP-24415,WO-12087,2635222061208730,IM-006,7015,0.0457,320.59
SO-17877,2026-09-06,CUST-013,Cap,Injection Molding,TF-009-HDPE-28415,WO-12088,2635322061208831,IM-006,3262,0.0592,193.11
SO-17878,2026-09-01,CUST-012,Cap,Injection Molding,TF-009-HDPE-28415,WO-12089,2635412061208932,IM-006,408,0.0878,35.82
SO-17879,2026-09-01,CUST-011,Cap,Injection Molding,TF-009-PP-PCR-28415,WO-12092,2635612061209235,IM-006,6245,0.0735,459.01
SO-17880,2026-09-10,CUST-002,Cap,Injection Molding,TF-009-PP-PCR-28415,WO-12094,2636132061209437,IM-006,2845,0.0474,134.85
SO-17881,2026-09-04,CUST-006,Cap,Injection Molding,TF-006-PP-PCR-24415,WO-12095,2636122061209538,IM-006,1892,0.0668,126.39
SO-17882,2026-09-13,CUST-004,Cap,Injection Molding,TF-006-PP-PCR-24415,WO-12097,2636232061209740,IM-006,3107,0.0485,150.69
SO-17883,2026-09-12,CUST-013,Cap,Injection Molding,TF-009-HDPE-28415,WO-12099,2636412061209942,IM-006,5458,0.0569,310.56
SO-17884,2026-09-06,CUST-008,Cap,Injection Molding,TF-009-PP-28415,WO-12100,2636422061210043,IM-006,3983,0.0561,223.45
SO-17885,2026-09-09,CUST-006,Cap,Injection Molding,TF-009-PP-28415,WO-12101,2636512061210144,IM-006,5872,0.022,129.18
SO-17886,2026-09-13,CUST-010,Cap,Injection Molding,TF-006-PP-PCR-24415,WO-12104,2636722061210447,IM-006,1620,0.0229,37.1
SO-17887,2026-09-09,CUST-003,Cap,Injection Molding,TF-006-PP-PCR-24415,WO-12105,2637132061210548,IM-006,2063,0.0612,126.26
SO-17888,2026-09-09,CUST-009,Cap,Injection Molding,TF-006-PP-PCR-24415,WO-12106,2637122061210649,IM-006,2506,0.0317,79.44
SO-17889,2026-09-20,CUST-013,Cap,Injection Molding,TF-006-PP-PCR-24415,WO-12107,2637212061210750,IM-006,3226,0.0572,184.53
SO-17890,2026-09-15,CUST-008,Cap,  Injection Molding  ,TF-006-PP-PCR-24415,WO-12108,2637312061210851,IM-006,1125,0.0635,71.44
SO-17891,2026-09-20,CUST-011,Cap,Injection Molding,TF-009-PP-PCR-28415,WO-12109,2637322061210952,IM-006,2577,0.0659,169.82
SO-17892,2026-09-15,CUST-005,Cap,Injection Molding,TF-009-PP-PCR-28415,WO-12110,2637432061211053,IM-006,2983,0.0575,171.52
SO-17893,2026-09-13,CUST-014,Cap,Injection Molding,TF-009-PP-PCR-28415,WO-12111,2637532061211154,IM-006,3874,0.0607,235.15
SO-17894,2026-09-21,CUST-004,Cap,Injection Molding,TF-009-PP-PCR-28415,WO-12112,2637512061211255,IM-006,3471,0.0472,163.83
SO-17895,2026-09-23,CUST-010,Cap,Injection Molding,TF-009-PP-PCR-28415,WO-12113,2637632061211356,IM-006,10359,0.0642,665.05
SO-17896,2026-09-14,CUST-011,Cap,Injection Molding,TF-009-PP-PCR-28415,WO-12114,2637732061211457,IM-006,5106,0.021,107.23
SO-17897,2026-09-16,CUST-008,Cap,Injection Molding,TF-006-HDPE-24415,WO-12115,2637722061211558,IM-006,2416,0.0864,208.74
SO-17898,2026-09-22,CUST-014,Cap,Injection Molding,TF-006-PP-24415,WO-12117,2638232061211760,IM-006,5796,0.0306,177.36
SO-17899,2026-09-17,CUST-002,Cap,Injection Molding,TF-006-PP-24415,WO-12118,2638222061211861,IM-006,1492,0.0656,97.88
SO-17900,2026-09-20,CUST-010,Cap,Injection Molding,TF-009-HDPE-28415,WO-12119,2638312061211962,IM-006,4009,0.0555,222.5
SO-17901,2026-09-23,CUST-010,Cap,Injection Molding,TF-009-HDPE-28415,WO-12120,2638412061212063,IM-006,7979,0.0512,408.52
SO-17902,2026-09-22,CUST-003,Cap,Injection Molding,TF-006-HDPE-24415,WO-12121,2638532061212164,IM-006,3355,0.0433,145.27
SO-17903,2026-09-27,CUST-007,Cap,Injection Molding,TF-009-PP-PCR-28415,WO-12122,2638522061212265,IM-006,2739,0.0313,85.73
SO-17904,2026-09-26,CUST-002,Cap,Injection Molding,TF-006-HDPE-24415,WO-12123,2638632061212366,IM-006,3313,0.09,298.17
SO-17905,2026-09-25,CUST-008,Cap,Injection Molding,TF-006-HDPE-24415,WO-12124,2638622061212467,IM-006,2468,0.0388,95.76
SO-17906,2026-09-26,CUST-010,Cap,Injection Molding,TF-009-HDPE-28415,WO-12126,2639132061212669,IM-006,4757,0.0768,365.34
SO-17907,2026-10-03,CUST-002,Cap,Injection Molding,TF-006-HDPE-24415,WO-12128,2639222061212871,IM-006,2530,0.025,63.25
SO-17908,2026-09-30,CUST-007,Cap,Injection Molding,TF-006-HDPE-24415,WO-12129,2639312061212972,IM-006,725,0.036,26.1
SO-17909,2026-09-25,CUST-010,Cap,Injection Molding,TF-006-PP-PCR-24415,WO-12130,2639322061213073,IM-006,1471,0.0617,90.76
SO-17910,2026-10-01,CUST-002,Cap,Injection Molding,TF-006-PP-PCR-24415,WO-12131,2639412061213174,IM-006,6028,0.0782,471.39
SO-17911,2026-10-01,CUST-004,Cap,Injection Molding,TF-006-HDPE-24415,WO-12132,2639532061213275,IM-006,2114,0.0381,80.54
SO-17912,2026-10-03,CUST-013,Cap,Injection Molding,TF-006-PP-PCR-24415,WO-12133,2639532061213376,IM-006,3672,0.0273,100.25
SO-17913,2026-10-03,CUST-007,Cap,INJECTION MOLDING,TF-006-PP-PCR-24415,WO-12134,2639622061213477,IM-006,4889,0.0297,145.2
SO-17914,2026-10-02,CUST-005,Cap,Injection Molding,TF-006-PP-PCR-24415,WO-12135,2639722061213578,IM-006,2442,0.0897,219.05
SO-17915,2026-10-05,CUST-011,Cap,Injection Molding,TF-006-PP-PCR-24415,WO-12139,2640322061213982,IM-006,4611,0.0719,331.53
SO-17916,2026-10-05,CUST-003,Cap,Injection Molding,TF-009-PP-PCR-28415,WO-12140,2640412061214083,IM-006,6074,0.0261,158.53
SO-17917,2026-10-03,CUST-001,Cap,Injection Molding,TF-006-PP-24415,WO-12141,2640512061214184,IM-006,3631,0.0888,322.43
SO-17918,2026-10-12,CUST-008,Cap,Injection Molding,TF-009-PP-PCR-28415,WO-12142,2640532061214285,IM-006,6841,0.0243,166.24
SO-17919,2026-10-08,CUST-006,Cap,  Injection Molding  ,TF-009-PP-PCR-28415,WO-12143,2640612061214386,IM-006,5764,0.0828,477.26
SO-17920,2026-10-14,CUST-003,Cap,Injection Molding,TF-006-HDPE-24415,WO-12144,2640732061214487,IM-006,468,0.0273,12.78
SO-17921,2026-10-08,CUST-011,Cap,Injection Molding,TF-009-PP-PCR-28415,WO-12145,2640722061214588,IM-006,7752,0.05,387.6
SO-17922,2026-10-17,CUST-006,Cap,Injection Molding,TF-009-PP-PCR-28415,WO-12146,2641112061214689,IM-006,6673,0.0373,248.9
SO-17923,2026-10-16,CUST-007,Cap,INJECTION MOLDING,TF-009-PP-PCR-28415,WO-12147,2641232061214790,IM-006,3965,0.0898,356.06
SO-17924,2026-10-15,CUST-005,Cap,Injection Molding,TF-006-PP-24415,WO-12148,2641222061214891,IM-006,1296,0.0346,44.84
SO-17925,2026-10-18,CUST-002,Cap,Injection Molding,TF-006-PP-PCR-24415,WO-12153,2641532061215396,IM-006,4755,0.0747,355.2
SO-17926,2026-10-19,CUST-008,Cap,Injection Molding,TF-006-PP-PCR-24415,WO-12154,2641612061215497,IM-006,5951,0.0368,219.0
SO-17927,2026-10-21,CUST-011,Cap,Injection Molding,TF-006-PP-PCR-24415,WO-12155,2641712061215598,IM-006,2484,0.0818,203.19
SO-17928,2026-10-22,CUST-005,Cap,Injection Molding,TF-006-PP-PCR-24415,WO-12156,2642132061215699,IM-006,1962,0.0641,125.76
SO-17929,2026-10-24,CUST-012,Cap,INJECTION MOLDING,TF-009-HDPE-28415,WO-12158,2642212061215802,IM-006,7491,0.0262,196.26
SO-17930,2026-10-19,CUST-004,Cap,Injection Molding,TF-009-HDPE-28415,WO-12159,2642332061215903,IM-006,5417,0.0445,241.06
SO-17931,2026-10-20,CUST-002,Cap,injection molding,TF-009-PP-28415,WO-12161,2642412061216105,IM-006,1803,0.086,155.06
SO-17932,2026-10-20,CUST-011,Cap,Injection Molding,TF-006-PP-PCR-24415,WO-12162,2642532061216206,IM-006,4189,0.0291,121.9
SO-17933,2026-10-20,CUST-006,Cap,Injection Molding,TF-006-PP-PCR-24415,WO-12163,2642522061216307,IM-006,1415,0.0365,51.65
SO-17934,2026-10-19,CUST-010,Cap,Injection Molding,TF-006-PP-PCR-24415,WO-12164,2642632061216408,IM-006,2711,0.0662,179.47
SO-17935,2026-10-29,CUST-011,Cap,Injection Molding,TF-006-HDPE-24415,WO-12165,2642632061216509,IM-006,3258,0.0641,208.84
SO-17936,2026-10-29,CUST-010,Cap,Injection Molding,TF-006-PP-24415,WO-12166,2642722061216610,IM-006,2534,0.0524,132.78
SO-17937,2026-10-20,CUST-001,Cap,Injection Molding,TF-009-PP-28415,WO-12167,2643112061216711,IM-006,4312,0.0515,222.07
SO-17938,2026-10-31,CUST-005,Cap,Injection Molding,TF-009-PP-28415,WO-12168,2643122061216812,IM-006,4314,0.0608,262.29
SO-17939,2026-10-30,CUST-009,Cap,Injection Molding,TF-009-PP-28415,WO-12169,2643212061216913,IM-006,2986,0.0732,218.58
SO-17940,2026-10-25,CUST-009,Cap,Injection Molding,TF-009-PP-28415,WO-12170,2643312061217014,IM-006,4457,0.0447,199.23
SO-17941,2026-11-01,CUST-002,Cap,INJECTION MOLDING,TF-006-PP-PCR-24415,WO-12171,2643332061217115,IM-006,1649,0.0528,87.07
SO-17942,2026-11-02,CUST-004,Cap,Injection Molding,TF-006-PP-PCR-24415,WO-12172,2643412061217216,IM-006,2190,0.0813,178.05
SO-17943,2026-10-28,CUST-005,Cap,Injection Molding,TF-006-PP-PCR-24415,WO-12173,2643422061217317,IM-006,2029,0.081,164.35
SO-17944,2026-10-27,CUST-013,Cap,Injection Molding,TF-009-PP-PCR-28415,WO-12175,2643632061217519,IM-006,7834,0.049,383.87
SO-17945,2026-11-01,CUST-001,Cap,Injection Molding,TF-009-PP-PCR-28415,WO-12176,2643632061217620,IM-006,7205,0.0331,238.49
SO-17946,2026-10-27,CUST-012,Cap,Injection Molding,TF-006-HDPE-24415,WO-12177,2643722061217721,IM-006,3137,0.0266,83.44
SO-17947,2026-11-02,CUST-014,Cap,Injection Molding,TF-006-PP-24415,WO-12178,2644122061217822,IM-006,1790,0.0523,93.62
SO-17948,2026-10-29,CUST-014,Cap,Injection Molding,TF-006-PP-PCR-24415,WO-12180,2644222061218024,IM-006,4777,0.0671,320.54
SO-17949,2026-10-31,CUST-004,Cap,Injection Molding,TF-006-HDPE-24415,WO-12181,2644312061218125,IM-006,4809,0.0335,161.1
SO-17950,2026-11-08,CUST-009,Cap,Injection Molding,TF-009-PP-PCR-28415,WO-12184,2644532061218428,IM-006,7479,0.0578,432.29
SO-17951,2026-11-09,CUST-008,Cap,Injection Molding,TF-009-PP-PCR-28415,WO-12185,2644532061218529,IM-006,2562,0.0784,200.86
SO-17952,2026-11-06,CUST-004,Cap,Injection Molding,TF-009-PP-PCR-28415,WO-12186,2644612061218630,IM-006,8491,0.0538,456.82
SO-17953,2026-11-11,CUST-002,Cap,Injection Molding,TF-009-PP-PCR-28415,WO-12187,2644732061218731,IM-006,5613,0.0832,467.0
SO-17954,2026-11-08,CUST-011,Cap,Injection Molding,TF-009-PP-PCR-28415,WO-12188,2644732061218832,IM-006,4936,0.0782,386.0
SO-17955,2026-11-07,CUST-003,Cap,Injection Molding,TF-009-PP-28415,WO-12189,2645122061218933,IM-006,3980,0.0272,108.26
SO-17956,2026-11-13,CUST-009,Cap,injection molding,TF-006-PP-24415,WO-12190,2645212061219034,IM-006,2628,0.0488,128.25
SO-17957,2026-11-08,CUST-012,Cap,Injection Molding,TF-009-PP-PCR-28415,WO-12191,2645332061219135,IM-006,10525,0.0361,379.95
SO-17958,2026-11-11,CUST-003,Cap,Injection Molding,TF-009-PP-PCR-28415,WO-12192,2645432061219236,IM-006,2363,0.0595,140.6
SO-17959,2026-11-15,CUST-011,Cap,Injection Molding,TF-006-HDPE-24415,WO-12193,2645422061219337,IM-006,4166,0.0442,184.14
SO-17960,2026-11-17,CUST-006,Cap,Injection Molding,TF-006-HDPE-24415,WO-12194,2645522061219438,IM-006,7405,0.0382,282.87
SO-17961,2026-11-10,CUST-010,Cap,Injection Molding,TF-006-PP-PCR-24415,WO-12195,2645612061219539,IM-006,4832,0.0724,349.84
SO-17962,2026-11-16,CUST-012,Cap,Injection Molding,TF-006-PP-PCR-24415,WO-12196,2645732061219640,IM-006,1225,0.0463,56.72
SO-17963,2026-11-13,CUST-008,Cap,INJECTION MOLDING,TF-006-HDPE-24415,WO-12198,2646112061219842,IM-006,4585,0.0629,288.4
SO-17964,2026-11-22,CUST-003,Cap,Injection Molding,TF-009-HDPE-28415,WO-12199,2646212061219943,IM-006,5234,0.0461,241.29
SO-17965,2026-11-17,CUST-013,Cap,Injection Molding,TF-009-HDPE-28415,WO-12200,2646332061220044,IM-006,5122,0.0473,242.27
SO-17966,2026-11-20,CUST-007,Cap,Injection Molding,TF-009-HDPE-28415,WO-12201,2646322061220145,IM-006,6720,0.087,584.64
SO-17967,2026-11-14,CUST-004,Cap,injection molding,TF-009-PP-PCR-28415,WO-12202,2646412061220246,IM-006,2817,0.0508,143.1
SO-17968,2026-11-15,CUST-002,Cap,Injection Molding,TF-009-PP-PCR-28415,WO-12204,2646522061220448,IM-006,3832,0.0378,144.85
SO-17969,2026-11-22,CUST-008,Cap,Injection Molding,TF-009-PP-28415,WO-12211,2647232061221155,IM-006,6584,0.047,309.45
SO-17970,2026-11-25,CUST-001,Cap,Injection Molding,TF-006-PP-PCR-24415,WO-12214,2647532061221458,IM-006,2975,0.0638,189.8
SO-17971,2026-11-23,CUST-013,Cap,Injection Molding,TF-009-PP-28415,WO-12216,2647632061221660,IM-006,6373,0.0233,148.49
SO-17972,2026-12-01,CUST-002,Cap,Injection Molding,TF-009-PP-28415,WO-12217,2647622061221761,IM-006,7659,0.0225,172.33
SO-17973,2026-12-03,CUST-003,Cap,Injection Molding,TF-006-PP-PCR-24415,WO-12218,2647722061221862,IM-006,2583,0.0743,191.92
SO-17974,2026-11-26,CUST-009,Cap,Injection Molding,TF-006-PP-PCR-24415,WO-12219,2648112061221963,IM-006,4408,0.0485,213.79
SO-17975,2026-12-04,CUST-011,Cap,Injection Molding,TF-006-HDPE-24415,WO-12222,2648312061222266,IM-006,2151,0.0258,55.5
SO-17976,2026-12-07,CUST-007,Cap,Injection Molding,TF-009-PP-28415,WO-12223,2648412061222367,IM-006,5006,0.0772,386.46
SO-17977,2026-12-05,CUST-010,Cap,Injection Molding,TF-009-PP-28415,WO-12224,2648422061222468,IM-006,4919,0.0892,438.77
SO-17978,2026-12-08,CUST-008,Cap,Injection Molding,TF-006-HDPE-24415,WO-12225,2648522061222569,IM-006,5349,0.0729,389.94
SO-17979,2026-12-10,CUST-012,Cap,Injection Molding,TF-009-HDPE-28415,WO-12229,2649132061222973,IM-006,7009,0.0786,550.91
SO-17980,2026-12-04,CUST-011,Cap,Injection Molding,TF-009-HDPE-28415,WO-12230,2649122061223074,IM-006,4138,0.0221,91.45
SO-17981,2026-12-02,CUST-014,Cap,Injection Molding,TF-009-HDPE-28415,WO-12231,2649212061223175,IM-006,7752,0.0296,229.46
SO-17982,2026-12-11,CUST-003,Cap,Injection Molding,TF-006-PP-24415,WO-12232,2649332061223276,IM-006,4053,0.0802,325.05
SO-17983,2026-12-12,CUST-010,Cap,Injection Molding,TF-006-PP-24415,WO-12233,2649322061223377,IM-006,3610,0.0714,257.75
SO-17984,2026-12-10,CUST-005,Cap,Injection Molding,TF-009-PP-PCR-28415,WO-12234,2649422061223478,IM-006,4872,0.0576,280.63
SO-17985,2026-12-12,CUST-006,Cap,Injection Molding,TF-006-HDPE-24415,WO-12235,2649512061223579,IM-006,3971,0.0633,251.36
SO-17986,2026-12-15,CUST-014,Cap,Injection Molding,TF-009-HDPE-28415,WO-12238,2649712061223882,IM-006,4040,0.0434,175.34
SO-17987,2026-12-18,CUST-010,Cap,Injection Molding,TF-009-PP-28415,WO-12241,2650212061224185,IM-006,6244,0.0466,290.97
SO-17988,2026-12-20,CUST-014,Cap,INJECTION MOLDING,TF-009-PP-28415,WO-12242,2650332061224286,IM-006,4995,0.0848,423.58
SO-17989,2026-12-20,CUST-001,Cap,Injection Molding,TF-006-HDPE-24415,WO-12243,2650312061224387,IM-006,5658,0.0881,498.47
SO-17990,2026-12-20,CUST-006,Cap,Injection Molding,TF-006-HDPE-24415,WO-12244,2650412061224488,IM-006,4404,0.0241,106.14
SO-17991,2026-12-17,CUST-001,Cap,Injection Molding,TF-006-PP-24415,WO-12245,2650532061224589,IM-006,1124,0.0595,66.88
SO-17992,2026-12-19,CUST-013,Cap,Injection Molding,TF-006-PP-PCR-24415,WO-12246,2650522061224690,IM-006,3844,0.0249,95.72
SO-17993,2026-12-22,CUST-003,Cap,Injection Molding,TF-006-HDPE-24415,WO-12247,2650612061224791,IM-006,1026,0.0263,26.98
SO-17994,2026-12-20,CUST-007,Cap,Injection Molding,TF-006-HDPE-24415,WO-12248,2650732061224892,IM-006,2859,0.0638,182.4
SO-17995,2026-12-16,CUST-005,Cap,injection molding,TF-006-HDPE-24415,WO-12249,2650722061224993,IM-006,3739,0.0592,221.35
SO-17996,2026-12-19,CUST-005,Cap,Injection Molding,TF-009-PP-28415,WO-12250,2651112061225094,IM-006,5633,0.0461,259.68
SO-17997,2026-12-22,CUST-007,Cap,Injection Molding,TF-006-HDPE-24415,WO-12251,2651232061225195,IM-006,4169,0.086,358.53
SO-17998,2026-12-25,CUST-013,Cap,Injection Molding,TF-006-HDPE-24415,WO-12252,2651222061225296,IM-006,4132,0.0558,230.57
SO-17999,2026-12-21,CUST-001,Cap,Injection Molding,TF-006-PP-24415,WO-12254,2651432061225498,IM-006,3823,0.0393,150.24
SO-18000,2026-12-20,CUST-006,Cap,Injection Molding,TF-006-PP-24415,WO-12255,2651422061225599,IM-006,2897,0.0316,91.55
SO-18001,2026-12-26,CUST-002,Cap,  Injection Molding  ,TF-006-PP-24415,WO-12256,2651512061225601,IM-006,1499,0.0265,39.72
SO-18002,2026-12-23,CUST-012,Cap,  Injection Molding  ,TF-006-PP-PCR-24415,WO-12257,2651632061225702,IM-006,1458,0.0255,37.18
SO-18003,2026-12-26,CUST-012,Cap,Injection Molding,TF-009-HDPE-28415,WO-12258,2651622061225803,IM-006,5620,0.0333,187.15
SO-18004,2026-12-24,CUST-001,Cap,Injection Molding,TF-009-HDPE-28415,WO-12259,2651732061225904,IM-006,4799,0.0716,343.61
SO-18005,2026-12-26,CUST-002,Cap,Injection Molding,TF-009-HDPE-28415,WO-12260,2651722061226005,IM-006,6156,0.0241,148.36
SO-18006,2026-12-26,CUST-009,Cap,injection molding,TF-006-PP-PCR-24415,WO-12265,2652432061226510,IM-006,3249,0.0527,171.22
