WorkOrder,Process,MachineId,MoldId,ProductionDate,BarrelTemperatureC,InjectionSpeedPct,CoolingTimeSec,PackingPressureBar,MoldTemperatureC,MoldHumidityPct
WO-7361,Injection Molding,IM-001,M-INJ-001,2025-07-01,221.5,74.0,11.4,59.3,40.2,
WO-7362,Injection Molding,IM-001,M-INJ-001,2025-07-01,224.9,69.2,10.5,54.4,49.5,
WO-7363,Injection Molding,IM-001,M-INJ-001,2025-07-02,226.2,69.2,12.3,64.0,42.4,
WO-7364,  Injection Molding  ,IM-001,M-INJ-001,2025-07-03,227.1,66.4,12.8,66.1,49.2,
WO-7365,Injection Molding,IM-001,M-INJ-001,2025-07-03,226.7,70.8,12.2,57.6,45.6,
WO-7366,Injection Molding,IM-001,M-INJ-001,2025-07-04,225.1,64.5,9.2,73.2,43.2,
WO-7367,Injection Molding,IM-001,M-INJ-001,2025-07-05,224.3,70.3,10.1,60.6,48.5,
WO-7368,Injection Molding,IM-001,M-INJ-001,2025-07-05,223.6,70.1,11.3,60.6,43.4,
WO-7369,Injection Molding,IM-001,M-INJ-001,2025-07-06,224.3,70.5,8.6,65.2,43.5,
WO-7370,Injection Molding,IM-001,M-INJ-001,2025-07-07,226.7,65.5,11.8,62.3,46.4,
WO-7371,INJECTION MOLDING,IM-001,M-INJ-001,2025-07-07,222.5,72.8,11.5,67.9,43.3,
WO-7372,Injection Molding,IM-001,M-INJ-001,2025-07-08,224.3,71.8,9.8,62.8,46.3,
WO-7373,Injection Molding,IM-001,M-INJ-001,2025-07-09,224.4,73.7,11.7,68.1,41.8,
WO-7374,Injection Molding,IM-001,M-INJ-001,2025-07-09,223.9,72.2,11.3,61.8,45.6,
WO-7375,Injection Molding,IM-001,M-INJ-001,2025-07-10,223.7,70.1,9.8,64.1,46.4,
WO-7376,Injection Molding,IM-001,M-INJ-001,2025-07-10,222.0,66.5,10.1,63.6,42.7,
WO-7377,Injection Molding,IM-001,M-INJ-001,2025-07-11,229.8,66.9,10.6,65.6,44.2,
WO-7378,Injection Molding,IM-001,M-INJ-001,2025-07-12,227.0,67.2,7.6,63.7,43.4,
WO-7379,Injection Molding,IM-001,M-INJ-001,2025-07-12,223.5,64.3,11.5,59.1,49.2,
WO-7380,injection molding,IM-001,M-INJ-001,2025-07-13,223.9,63.0,11.8,66.8,53.4,
WO-7381,Injection Molding,IM-001,M-INJ-001,2025-07-14,227.2,67.3,12.8,62.9,47.1,
WO-7382,Injection Molding,IM-001,M-INJ-001,2025-07-15,226.4,74.7,11.4,69.6,48.8,
WO-7383,Injection Molding,IM-001,M-INJ-001,2025-07-15,223.5,62.6,8.7,62.5,47.7,
WO-7384,Injection Molding,IM-001,M-INJ-001,2025-07-16,224.6,77.1,11.1,62.7,47.5,
WO-7385,Injection Molding,IM-001,M-INJ-001,2025-07-17,225.9,66.7,12.4,65.5,42.8,
WO-7386,INJECTION MOLDING,IM-001,M-INJ-001,2025-07-18,226.7,74.4,9.5,66.9,44.2,
WO-7387,Injection Molding,IM-001,M-INJ-001,2025-07-18,226.0,74.0,11.7,73.2,45.9,
WO-7388,Injection Molding,IM-001,M-INJ-001,2025-07-19,228.0,67.9,10.6,74.3,44.2,
WO-7389,injection molding,IM-001,M-INJ-001,2025-07-20,221.5,69.8,12.2,65.5,44.3,
WO-7390,Injection Molding,IM-001,M-INJ-001,2025-07-21,222.2,75.5,11.5,62.1,46.8,
WO-7391,Injection Molding,IM-001,M-INJ-001,2025-07-22,227.3,63.5,12.8,58.2,45.7,
WO-7392,Injection Molding,IM-001,M-INJ-001,2025-07-22,223.7,69.9,13.0,60.7,40.7,
WO-7393,Injection Molding,IM-001,M-INJ-001,2025-07-23,223.7,73.0,11.9,67.4,40.4,
WO-7394,Injection Molding,IM-001,M-INJ-001,2025-07-23,223.2,58.2,11.5,70.5,42.7,
WO-7395,Injection Molding,IM-001,M-INJ-001,2025-07-24,223.1,70.6,11.9,64.7,46.6,
WO-7396,Injection Molding,IM-001,M-INJ-001,2025-07-25,223.8,65.3,11.9,64.4,47.0,
WO-7397,Injection Molding,IM-001,M-INJ-001,2025-07-26,227.4,75.4,10.7,77.1,42.8,
WO-7398,Injection Molding,IM-001,M-INJ-001,2025-07-27,226.3,68.5,11.8,64.4,48.2,
WO-7399,Injection Molding,IM-001,M-INJ-001,2025-07-28,222.9,65.5,10.9,64.7,40.7,
WO-7400,Injection Molding,IM-001,M-INJ-001,2025-07-28,223.1,75.5,10.2,62.9,40.3,
WO-7401,  Injection Molding  ,IM-001,M-INJ-001,2025-07-29,227.5,67.0,11.2,68.7,44.0,
WO-7402,Injection Molding,IM-001,M-INJ-001,2025-07-30,227.7,73.0,11.0,67.6,47.1,
WO-7403,Injection Molding,IM-001,M-INJ-001,2025-07-31,227.3,62.4,11.4,65.1,46.5,
WO-7404,Injection Molding,IM-001,M-INJ-001,2025-07-31,225.9,70.3,8.8,77.1,43.6,
WO-7405,Injection Molding,IM-001,M-INJ-001,2025-08-01,222.8,71.0,12.5,56.2,41.3,
WO-7406,Injection Molding,IM-001,M-INJ-001,2025-08-02,226.5,67.3,12.2,68.4,53.5,
WO-7407,injection molding,IM-001,M-INJ-001,2025-08-02,227.9,67.7,12.5,60.4,43.8,
WO-7408,Injection Molding,IM-001,M-INJ-001,2025-08-03,226.9,66.7,10.0,60.0,42.9,
WO-7409,Injection Molding,IM-001,M-INJ-001,2025-08-04,226.8,77.9,11.7,67.5,42.7,
WO-7410,Injection Molding,IM-001,M-INJ-001,2025-08-04,220.7,69.3,8.5,68.6,43.2,
WO-7411,injection molding,IM-001,M-INJ-001,2025-08-05,220.2,73.8,11.5,58.8,45.3,
WO-7412,  Injection Molding  ,IM-001,M-INJ-001,2025-08-06,224.2,67.0,11.1,69.1,42.7,
WO-7413,Injection Molding,IM-001,M-INJ-001,2025-08-06,221.8,69.9,12.6,67.8,44.1,
WO-7414,Injection Molding,IM-001,M-INJ-001,2025-08-07,226.3,66.9,10.3,55.4,43.6,
WO-7415,Injection Molding,IM-001,M-INJ-001,2025-08-08,224.3,68.9,12.9,60.2,44.8,
WO-7416,Injection Molding,IM-001,M-INJ-001,2025-08-08,222.5,73.5,12.3,64.8,49.1,
WO-7417,Injection Molding,IM-001,M-INJ-001,2025-08-09,227.1,65.6,10.4,64.0,39.6,
WO-7418,INJECTION MOLDING,IM-001,M-INJ-001,2025-08-10,226.6,69.0,12.6,66.3,49.4,
WO-7419,Injection Molding,IM-001,M-INJ-001,2025-08-11,229.3,68.0,11.4,62.2,46.1,
WO-7420,Injection Molding,IM-001,M-INJ-001,2025-08-11,226.0,63.4,11.1,59.2,40.8,
WO-7421,Injection Molding,IM-001,M-INJ-001,2025-08-12,225.3,62.3,10.0,78.8,45.1,
WO-7422,Injection Molding,IM-001,M-INJ-001,2025-08-12,225.0,69.6,9.0,62.6,43.5,
WO-7423,Injection Molding,IM-001,M-INJ-001,2025-08-13,224.8,70.4,10.9,58.9,50.3,
WO-7424,Injection Molding,IM-001,M-INJ-001,2025-08-14,227.1,76.6,12.4,59.5,46.1,
WO-7425,Injection Molding,IM-001,M-INJ-001,2025-08-15,221.4,71.2,11.6,60.6,40.1,
WO-7426,Injection Molding,IM-001,M-INJ-001,2025-08-15,225.5,74.9,11.5,68.2,46.1,
WO-7427,  Injection Molding  ,IM-001,M-INJ-001,2025-08-16,225.0,73.6,10.2,61.4,51.8,
WO-7428,Injection Molding,IM-001,M-INJ-001,2025-08-16,224.2,74.0,12.1,62.8,41.3,
WO-7429,Injection Molding,IM-001,M-INJ-001,2025-08-17,226.9,63.5,10.7,68.6,44.0,
WO-7430,Injection Molding,IM-001,M-INJ-001,2025-08-18,225.9,77.7,11.1,66.1,46.5,
WO-7431,  Injection Molding  ,IM-001,M-INJ-001,2025-08-18,225.7,67.6,11.2,73.0,44.0,
WO-7432,Injection Molding,IM-001,M-INJ-001,2025-08-19,224.4,59.1,10.1,59.2,42.0,
WO-7433,Injection Molding,IM-001,M-INJ-001,2025-08-20,227.4,76.1,12.5,60.9,46.2,
WO-7434,Injection Molding,IM-001,M-INJ-001,2025-08-20,226.9,80.4,13.0,52.8,43.4,
WO-7435,Injection Molding,IM-001,M-INJ-001,2025-08-20,224.7,69.4,10.1,67.5,44.6,
WO-7436,Injection Molding,IM-001,M-INJ-001,2025-08-21,223.1,67.5,11.0,62.4,47.4,
WO-7437,Injection Molding,IM-001,M-INJ-001,2025-08-22,224.4,72.9,9.9,57.2,44.3,
WO-7438,Injection Molding,IM-001,M-INJ-001,2025-08-22,221.5,74.0,11.1,49.9,43.8,
WO-7439,Injection Molding,IM-001,M-INJ-001,2025-08-23,222.9,70.3,12.3,63.1,45.4,
WO-7440,Injection Molding,IM-001,M-INJ-001,2025-08-24,227.8,73.8,11.6,57.8,45.2,
WO-7441,INJECTION MOLDING,IM-001,M-INJ-001,2025-08-24,227.6,73.1,9.1,63.3,43.5,
WO-7442,Injection Molding,IM-001,M-INJ-001,2025-08-25,222.7,73.1,10.8,70.6,40.5,
WO-7443,Injection Molding,IM-001,M-INJ-001,2025-08-25,223.0,78.1,10.9,63.2,43.2,
WO-7444,Injection Molding,IM-001,M-INJ-001,2025-08-26,227.7,70.6,8.7,54.8,44.0,
WO-7445,Injection Molding,IM-001,M-INJ-001,2025-08-26,222.8,69.6,12.0,65.1,48.1,
WO-7446,Injection Molding,IM-001,M-INJ-001,2025-08-27,226.3,75.3,11.2,69.7,45.8,
WO-7447,Injection Molding,IM-001,M-INJ-001,2025-08-28,226.4,75.9,11.9,64.2,42.9,
WO-7448,Injection Molding,IM-001,M-INJ-001,2025-08-29,227.1,69.3,12.9,57.1,41.3,
WO-7449,Injection Molding,IM-001,M-INJ-001,2025-08-30,224.9,68.2,10.7,63.7,46.9,
WO-7450,Injection Molding,IM-001,M-INJ-001,2025-08-31,223.4,69.0,10.7,61.2,47.7,
WO-7451,  Injection Molding  ,IM-001,M-INJ-001,2025-08-31,225.1,73.8,12.7,67.5,48.3,
WO-7452,Injection Molding,IM-001,M-INJ-001,2025-09-01,225.7,77.5,8.4,68.8,45.9,
WO-7453,injection molding,IM-001,M-INJ-001,2025-09-02,221.9,64.7,9.8,69.1,44.4,
WO-7454,Injection Molding,IM-001,M-INJ-001,2025-09-02,226.6,74.6,12.2,64.9,42.2,
WO-7455,Injection Molding,IM-001,M-INJ-001,2025-09-03,224.8,77.8,11.7,65.9,45.9,
WO-7456,Injection Molding,IM-001,M-INJ-001,2025-09-03,224.2,66.2,11.6,72.3,50.6,
WO-7457,Injection Molding,IM-001,M-INJ-001,2025-09-04,226.5,71.9,15.1,63.9,45.8,
WO-7458,Injection Molding,IM-001,M-INJ-001,2025-09-04,222.8,70.1,9.7,66.0,45.0,
WO-7459,Injection Molding,IM-001,M-INJ-001,2025-09-05,223.5,74.3,10.0,56.6,46.5,
WO-7460,Injection Molding,IM-001,M-INJ-001,2025-09-06,224.1,72.8,13.4,66.9,42.7,
WO-7461,Injection Molding,IM-001,M-INJ-001,2025-09-06,226.3,71.9,9.9,67.4,43.7,
WO-7462,Injection Molding,IM-001,M-INJ-001,2025-09-07,227.0,70.0,10.9,75.7,43.9,
WO-7463,Injection Molding,IM-001,M-INJ-001,2025-09-07,224.7,69.4,10.4,63.0,43.8,
WO-7464,  Injection Molding  ,IM-001,M-INJ-001,2025-09-08,225.2,67.7,10.6,59.0,44.3,
WO-7465,injection molding,IM-001,M-INJ-001,2025-09-08,226.3,68.8,10.1,69.8,46.5,
WO-7466,Injection Molding,IM-001,M-INJ-001,2025-09-09,226.1,72.5,12.0,65.6,44.0,
WO-7467,Injection Molding,IM-001,M-INJ-001,2025-09-10,227.6,69.2,10.4,62.4,43.1,
WO-7468,Injection Molding,IM-001,M-INJ-001,2025-09-11,225.8,65.4,10.4,70.0,48.0,
WO-7469,Injection Molding,IM-001,M-INJ-001,2025-09-11,226.3,67.8,11.0,62.7,40.9,
WO-7470,Injection Molding,IM-001,M-INJ-001,2025-09-12,227.4,78.2,11.9,69.7,45.0,
WO-7471,Injection Molding,IM-001,M-INJ-001,2025-09-12,223.8,69.5,10.5,57.5,41.8,
WO-7472,Injection Molding,IM-001,M-INJ-001,2025-09-13,223.6,69.7,11.2,59.8,50.5,
WO-7473,Injection Molding,IM-001,M-INJ-001,2025-09-14,223.9,74.0,12.3,66.1,41.2,
WO-7474,Injection Molding,IM-001,M-INJ-001,2025-09-14,222.0,68.8,12.8,58.5,44.3,
WO-7475,Injection Molding,IM-001,M-INJ-001,2025-09-15,224.5,64.7,12.8,58.2,47.0,
WO-7476,Injection Molding,IM-001,M-INJ-001,2025-09-16,223.2,71.2,9.2,67.5,51.7,
WO-7477,Injection Molding,IM-001,M-INJ-001,2025-09-16,225.0,59.2,10.8,64.3,49.2,
WO-7478,Injection Molding,IM-001,M-INJ-001,2025-09-17,224.0,63.7,11.5,63.8,47.5,
WO-7479,Injection Molding,IM-001,M-INJ-001,2025-09-18,223.9,72.4,10.3,68.9,44.4,
WO-7480,Injection Molding,IM-001,M-INJ-001,2025-09-18,223.4,73.3,10.5,53.6,45.3,
WO-7481,Injection Molding,IM-001,M-INJ-001,2025-09-19,226.6,66.5,8.9,61.5,51.6,
WO-7482,Injection Molding,IM-001,M-INJ-001,2025-09-20,223.4,71.1,10.3,65.2,43.5,
WO-7483,Injection Molding,IM-001,M-INJ-001,2025-09-21,225.5,61.6,11.5,68.2,45.3,
WO-7484,Injection Molding,IM-001,M-INJ-001,2025-09-21,227.5,65.1,11.8,66.1,40.9,
WO-7485,Injection Molding,IM-001,M-INJ-001,2025-09-22,223.5,65.5,10.5,70.4,41.5,
WO-7486,Injection Molding,IM-001,M-INJ-001,2025-09-23,224.9,72.8,11.3,62.4,45.6,
WO-7487,Injection Molding,IM-001,M-INJ-001,2025-09-24,228.7,70.5,10.3,61.8,43.0,
WO-7488,Injection Molding,IM-001,M-INJ-001,2025-09-24,230.0,70.2,11.2,61.6,42.9,
WO-7489,Injection Molding,IM-001,M-INJ-001,2025-09-25,226.0,68.3,10.8,62.7,46.1,
WO-7490,Injection Molding,IM-001,M-INJ-001,2025-09-26,226.7,68.2,10.8,71.3,49.3,
WO-7491,Injection Molding,IM-001,M-INJ-001,2025-09-27,222.0,66.5,10.6,68.8,46.2,
WO-7492,  Injection Molding  ,IM-001,M-INJ-001,2025-09-27,224.2,67.9,9.4,56.4,47.1,
WO-7493,Injection Molding,IM-001,M-INJ-001,2025-09-28,224.9,68.7,9.3,61.8,45.8,
WO-7494,Injection Molding,IM-001,M-INJ-001,2025-09-29,224.0,70.1,12.9,72.1,43.1,
WO-7495,Injection Molding,IM-001,M-INJ-001,2025-09-30,227.6,71.6,11.9,59.1,44.8,
WO-7496,Injection Molding,IM-001,M-INJ-001,2025-09-30,224.8,77.1,9.8,69.9,45.0,
WO-7497,Injection Molding,IM-001,M-INJ-001,2025-10-01,225.9,66.8,11.9,71.8,40.0,
WO-7498,Injection Molding,IM-001,M-INJ-001,2025-10-01,224.2,70.2,10.7,65.4,44.8,
WO-7499,Injection Molding,IM-001,M-INJ-001,2025-10-02,223.6,68.0,12.5,61.3,48.3,
WO-7500,Injection Molding,IM-001,M-INJ-001,2025-10-03,223.9,70.7,9.7,56.2,47.4,
WO-7501,Injection Molding,IM-001,M-INJ-001,2025-10-03,227.3,76.3,12.1,60.2,51.2,
WO-7502,Injection Molding,IM-001,M-INJ-001,2025-10-03,224.1,66.0,10.8,64.8,36.3,
WO-7503,Injection Molding,IM-001,M-INJ-001,2025-10-04,225.6,67.6,11.5,69.2,47.0,
WO-7504,Injection Molding,IM-001,M-INJ-001,2025-10-05,230.5,66.8,10.1,62.6,47.6,
WO-7505,Injection Molding,IM-001,M-INJ-001,2025-10-06,222.5,67.4,10.4,70.3,45.9,
WO-7506,Injection Molding,IM-001,M-INJ-001,2025-10-06,223.8,76.0,13.3,65.0,47.8,
WO-7507,Injection Molding,IM-001,M-INJ-001,2025-10-07,225.4,74.6,10.8,70.0,47.1,
WO-7508,  Injection Molding  ,IM-001,M-INJ-001,2025-10-08,227.7,67.9,12.7,60.2,41.6,
WO-7509,injection molding,IM-001,M-INJ-001,2025-10-08,225.0,65.4,11.2,62.3,41.2,
WO-7510,Injection Molding,IM-001,M-INJ-001,2025-10-09,227.2,65.8,11.4,71.7,42.0,
WO-7511,Injection Molding,IM-001,M-INJ-001,2025-10-10,224.9,74.3,9.8,64.4,45.4,
WO-7512,Injection Molding,IM-001,M-INJ-001,2025-10-10,227.9,71.1,10.6,71.7,47.4,
WO-7513,Injection Molding,IM-001,M-INJ-001,2025-10-11,228.1,73.4,11.1,58.7,47.3,
WO-7514,Injection Molding,IM-001,M-INJ-001,2025-10-12,226.5,68.1,12.4,64.5,43.9,
WO-7515,Injection Molding,IM-001,M-INJ-001,2025-10-12,223.9,71.0,11.1,61.5,48.9,
WO-7516,Injection Molding,IM-001,M-INJ-001,2025-10-13,226.2,72.6,12.0,62.8,45.2,
WO-7517,  Injection Molding  ,IM-001,M-INJ-001,2025-10-14,224.6,65.6,9.3,73.3,44.4,
WO-7518,Injection Molding,IM-001,M-INJ-001,2025-10-14,227.0,64.8,11.3,62.6,50.2,
WO-7519,Injection Molding,IM-001,M-INJ-001,2025-10-15,225.8,69.1,12.0,59.8,45.7,
WO-7520,Injection Molding,IM-001,M-INJ-001,2025-10-15,223.4,69.4,11.3,57.8,41.8,
WO-7521,  Injection Molding  ,IM-001,M-INJ-001,2025-10-16,222.5,64.5,12.2,62.9,45.4,
WO-7522,Injection Molding,IM-001,M-INJ-001,2025-10-17,224.5,72.9,11.6,73.2,40.9,
WO-7523,  Injection Molding  ,IM-001,M-INJ-001,2025-10-17,223.6,66.8,8.5,61.5,45.9,
WO-7524,Injection Molding,IM-001,M-INJ-001,2025-10-18,229.2,71.4,10.3,67.5,42.9,
WO-7525,Injection Molding,IM-001,M-INJ-001,2025-10-19,226.2,69.9,9.0,71.1,47.3,
WO-7526,Injection Molding,IM-001,M-INJ-001,2025-10-20,228.1,72.4,12.3,69.8,43.5,
WO-7527,Injection Molding,IM-001,M-INJ-001,2025-10-21,227.3,72.6,11.1,69.6,41.6,
WO-7528,Injection Molding,IM-001,M-INJ-001,2025-10-21,224.8,79.2,10.9,68.1,47.0,
WO-7529,Injection Molding,IM-001,M-INJ-001,2025-10-22,224.0,68.7,12.0,68.6,47.1,
WO-7530,Injection Molding,IM-001,M-INJ-001,2025-10-22,226.1,71.6,10.4,62.3,40.0,
WO-7531,  Injection Molding  ,IM-001,M-INJ-001,2025-10-23,227.0,67.6,9.9,63.8,47.8,
WO-7532,Injection Molding,IM-001,M-INJ-001,2025-10-24,224.8,61.5,10.7,67.6,45.6,
WO-7533,Injection Molding,IM-001,M-INJ-001,2025-10-24,226.6,71.0,10.3,58.8,45.3,
WO-7534,Injection Molding,IM-001,M-INJ-001,2025-10-25,224.7,76.0,12.2,59.6,44.7,
WO-7535,Injection Molding,IM-001,M-INJ-001,2025-10-26,223.0,70.3,11.5,74.6,43.9,
WO-7536,Injection Molding,IM-001,M-INJ-001,2025-10-27,227.0,71.6,10.1,70.0,46.0,
WO-7537,Injection Molding,IM-001,M-INJ-001,2025-10-27,226.0,66.5,10.4,60.8,42.2,
WO-7538,Injection Molding,IM-001,M-INJ-001,2025-10-28,227.7,74.3,11.0,56.2,42.1,
WO-7539,Injection Molding,IM-001,M-INJ-001,2025-10-29,226.9,76.4,10.0,68.7,46.7,
WO-7540,Injection Molding,IM-001,M-INJ-001,2025-10-30,222.6,65.6,11.9,59.1,47.5,
WO-7541,Injection Molding,IM-001,M-INJ-001,2025-10-30,225.9,67.1,12.9,52.5,43.7,
WO-7542,Injection Molding,IM-001,M-INJ-001,2025-10-31,222.5,71.1,9.9,70.3,46.0,
WO-7543,Injection Molding,IM-001,M-INJ-001,2025-11-01,224.4,75.0,11.3,71.4,47.1,
WO-7544,Injection Molding,IM-001,M-INJ-001,2025-11-01,222.2,66.7,9.7,53.4,43.4,
WO-7545,Injection Molding,IM-001,M-INJ-001,2025-11-02,231.0,66.7,12.1,59.1,46.3,
WO-7546,Injection Molding,IM-001,M-INJ-001,2025-11-02,225.9,74.1,11.2,69.7,46.3,
WO-7547,Injection Molding,IM-001,M-INJ-001,2025-11-03,226.2,61.9,11.5,65.5,47.0,
WO-7548,Injection Molding,IM-001,M-INJ-001,2025-11-04,226.1,71.0,10.8,74.8,41.7,
WO-7549,Injection Molding,IM-001,M-INJ-001,2025-11-05,227.8,64.6,12.9,69.5,47.1,
WO-7550,Injection Molding,IM-001,M-INJ-001,2025-11-06,222.6,64.9,10.6,67.0,45.9,
WO-7551,injection molding,IM-001,M-INJ-001,2025-11-07,226.9,69.5,10.9,63.8,39.4,
WO-7552,Injection Molding,IM-001,M-INJ-001,2025-11-07,225.5,64.2,7.8,62.7,43.8,
WO-7553,Injection Molding,IM-001,M-INJ-001,2025-11-08,220.2,65.4,10.8,57.3,53.5,
WO-7554,Injection Molding,IM-001,M-INJ-001,2025-11-08,227.5,63.0,10.0,63.3,42.4,
WO-7555,Injection Molding,IM-001,M-INJ-001,2025-11-09,223.1,75.3,9.6,57.6,46.5,
WO-7556,Injection Molding,IM-001,M-INJ-001,2025-11-10,223.9,69.6,11.3,58.9,45.2,
WO-7557,Injection Molding,IM-001,M-INJ-001,2025-11-11,223.6,70.7,13.3,70.2,43.8,
WO-7558,  Injection Molding  ,IM-001,M-INJ-001,2025-11-11,226.7,74.7,13.3,67.5,45.1,
WO-7559,Injection Molding,IM-001,M-INJ-001,2025-11-12,222.8,72.5,10.6,68.5,38.3,
WO-7560,Injection Molding,IM-001,M-INJ-001,2025-11-13,223.4,74.9,9.8,66.3,42.4,
WO-7561,Injection Molding,IM-001,M-INJ-001,2025-11-13,227.9,66.1,9.9,62.8,41.4,
WO-7562,injection molding,IM-001,M-INJ-001,2025-11-14,225.5,70.3,12.0,64.1,48.1,
WO-7563,Injection Molding,IM-001,M-INJ-001,2025-11-15,224.8,68.7,11.6,68.8,44.8,
WO-7564,Injection Molding,IM-001,M-INJ-001,2025-11-16,222.4,69.9,8.8,67.0,48.8,
WO-7565,Injection Molding,IM-001,M-INJ-001,2025-11-16,223.6,67.8,12.1,58.9,46.7,
WO-7566,Injection Molding,IM-001,M-INJ-001,2025-11-17,223.4,68.6,10.8,61.7,42.8,
WO-7567,Injection Molding,IM-001,M-INJ-001,2025-11-17,225.8,71.4,12.1,60.2,46.5,
WO-7568,Injection Molding,IM-001,M-INJ-001,2025-11-18,222.3,76.9,13.0,64.7,46.5,
WO-7569,Injection Molding,IM-001,M-INJ-001,2025-11-18,225.5,71.4,10.3,66.5,47.7,
WO-7570,Injection Molding,IM-001,M-INJ-001,2025-11-19,224.3,69.1,11.3,64.8,49.0,
WO-7571,Injection Molding,IM-001,M-INJ-001,2025-11-20,223.7,62.1,11.4,55.1,40.2,
WO-7572,Injection Molding,IM-001,M-INJ-001,2025-11-21,225.7,73.5,11.1,68.7,40.7,
WO-7573,INJECTION MOLDING,IM-001,M-INJ-001,2025-11-21,221.2,70.4,11.2,60.2,46.3,
WO-7574,Injection Molding,IM-001,M-INJ-001,2025-11-22,224.3,70.0,10.2,58.6,45.5,
WO-7575,Injection Molding,IM-001,M-INJ-001,2025-11-23,222.3,75.0,11.4,61.7,42.0,
WO-7576,Injection Molding,IM-001,M-INJ-001,2025-11-23,223.2,70.3,12.2,51.0,44.6,
WO-7577,injection molding,IM-001,M-INJ-001,2025-11-24,224.8,67.7,10.5,57.9,46.5,
WO-7578,Injection Molding,IM-001,M-INJ-001,2025-11-25,224.7,71.4,11.1,61.8,48.4,
WO-7579,Injection Molding,IM-001,M-INJ-001,2025-11-26,226.7,74.4,10.3,65.2,43.3,
WO-7580,Injection Molding,IM-001,M-INJ-001,2025-11-27,223.9,70.0,9.6,65.6,49.3,
WO-7581,Injection Molding,IM-001,M-INJ-001,2025-11-27,220.6,76.0,11.3,65.5,40.8,
WO-7582,Injection Molding,IM-001,M-INJ-001,2025-11-28,223.7,78.2,12.7,64.4,42.4,
WO-7583,injection molding,IM-001,M-INJ-001,2025-11-28,221.4,71.6,11.7,64.7,48.1,
WO-7584,Injection Molding,IM-001,M-INJ-001,2025-11-29,225.6,76.2,11.8,55.5,47.6,
WO-7585,Injection Molding,IM-001,M-INJ-001,2025-11-30,228.9,64.1,10.1,53.1,46.9,
WO-7586,Injection Molding,IM-001,M-INJ-001,2025-12-01,225.9,80.3,10.2,56.0,46.9,
WO-7587,Injection Molding,IM-001,M-INJ-001,2025-12-01,220.9,66.1,11.6,65.4,45.7,
WO-7588,Injection Molding,IM-001,M-INJ-001,2025-12-02,225.7,65.5,9.3,69.4,45.7,
WO-7589,Injection Molding,IM-001,M-INJ-001,2025-12-03,225.4,67.7,10.4,70.3,41.1,
WO-7590,Injection Molding,IM-001,M-INJ-001,2025-12-03,227.4,70.7,10.0,70.3,48.6,
WO-7591,Injection Molding,IM-001,M-INJ-001,2025-12-04,227.5,70.4,12.5,64.5,47.6,
WO-7592,Injection Molding,IM-001,M-INJ-001,2025-12-05,226.9,65.5,11.5,56.5,41.2,
WO-7593,Injection Molding,IM-001,M-INJ-001,2025-12-05,228.7,73.2,10.2,66.1,49.5,
WO-7594,Injection Molding,IM-001,M-INJ-001,2025-12-06,227.4,66.2,10.0,59.4,48.8,
WO-7595,Injection Molding,IM-001,M-INJ-001,2025-12-07,223.9,67.2,13.8,68.7,43.2,
WO-7596,Injection Molding,IM-001,M-INJ-001,2025-12-08,223.6,64.2,11.6,56.2,42.1,
WO-7597,Injection Molding,IM-001,M-INJ-001,2025-12-08,224.2,69.4,9.3,65.9,42.5,
WO-7598,Injection Molding,IM-001,M-INJ-001,2025-12-09,222.9,70.9,10.2,61.3,44.7,
WO-7599,Injection Molding,IM-001,M-INJ-001,2025-12-09,225.7,74.1,11.6,61.1,44.8,
WO-7600,Injection Molding,IM-001,M-INJ-001,2025-12-10,224.2,69.3,12.1,64.1,48.1,
WO-7601,Injection Molding,IM-001,M-INJ-001,2025-12-11,223.6,69.5,10.3,61.3,46.0,
WO-7602,Injection Molding,IM-001,M-INJ-001,2025-12-12,224.0,63.2,12.7,64.1,43.6,
WO-7603,  Injection Molding  ,IM-001,M-INJ-001,2025-12-12,222.4,63.8,12.5,70.4,42.2,
WO-7604,Injection Molding,IM-001,M-INJ-001,2025-12-13,226.3,68.6,10.8,60.3,47.0,
WO-7605,  Injection Molding  ,IM-001,M-INJ-001,2025-12-14,227.1,68.3,10.8,59.0,47.9,
WO-7606,Injection Molding,IM-001,M-INJ-001,2025-12-14,225.1,68.3,10.7,60.3,44.4,
WO-7607,Injection Molding,IM-001,M-INJ-001,2025-12-15,222.6,68.1,12.8,67.8,44.7,
WO-7608,Injection Molding,IM-001,M-INJ-001,2025-12-16,227.1,74.0,11.8,65.8,41.2,
WO-7609,Injection Molding,IM-001,M-INJ-001,2025-12-16,225.0,69.6,7.7,61.9,40.3,
WO-7610,Injection Molding,IM-001,M-INJ-001,2025-12-17,223.3,65.5,9.1,63.8,45.3,
WO-7611,Injection Molding,IM-001,M-INJ-001,2025-12-18,222.6,71.7,10.8,60.6,49.9,
WO-7612,Injection Molding,IM-001,M-INJ-001,2025-12-19,226.4,73.0,10.8,58.6,46.4,
WO-7613,Injection Molding,IM-001,M-INJ-001,2025-12-19,226.0,70.9,11.6,66.0,48.2,
WO-7614,INJECTION MOLDING,IM-001,M-INJ-001,2025-12-20,222.1,70.3,10.8,66.2,41.5,
WO-7615,Injection Molding,IM-001,M-INJ-001,2025-12-20,227.2,76.3,11.0,68.6,46.1,
WO-7616,Injection Molding,IM-001,M-INJ-001,2025-12-21,224.0,68.8,13.4,66.1,45.3,
WO-7617,Injection Molding,IM-001,M-INJ-001,2025-12-21,225.8,67.3,10.4,75.3,43.4,
WO-7618,Injection Molding,IM-001,M-INJ-001,2025-12-22,226.2,74.1,12.3,65.8,43.6,
WO-7619,Injection Molding,IM-001,M-INJ-001,2025-12-23,222.0,71.2,13.4,66.2,43.8,
WO-7620,Injection Molding,IM-001,M-INJ-001,2025-12-23,224.8,65.0,10.6,65.8,43.1,
WO-7621,Injection Molding,IM-001,M-INJ-001,2025-12-24,222.8,66.6,10.2,68.9,47.4,
WO-7622,Injection Molding,IM-001,M-INJ-001,2025-12-24,225.9,66.3,10.3,69.6,50.2,
WO-7623,Injection Molding,IM-001,M-INJ-001,2025-12-25,225.6,62.4,10.9,56.3,47.0,
WO-7624,Injection Molding,IM-001,M-INJ-001,2025-12-26,227.1,66.1,12.3,71.0,42.6,
WO-7625,INJECTION MOLDING,IM-001,M-INJ-001,2025-12-27,229.2,79.0,10.1,67.3,45.1,
WO-7626,Injection Molding,IM-001,M-INJ-001,2025-12-27,226.0,73.0,11.4,59.7,47.2,
WO-7627,Injection Molding,IM-001,M-INJ-001,2025-12-28,222.7,70.1,10.9,62.6,44.1,
WO-7628,Injection Molding,IM-001,M-INJ-001,2025-12-29,223.5,70.7,10.7,66.3,40.1,
WO-7629,Injection Molding,IM-001,M-INJ-001,2025-12-30,226.5,68.8,10.3,63.7,48.6,
WO-7630,Injection Molding,IM-001,M-INJ-001,2025-12-30,229.7,60.7,9.3,65.7,46.4,
WO-7631,Injection Molding,IM-001,M-INJ-001,2025-12-31,223.3,71.7,10.5,63.4,49.8,
WO-7632,Injection Molding,IM-001,M-INJ-001,2025-12-31,224.7,66.4,10.0,62.4,42.0,
WO-7633,Injection Molding,IM-001,M-INJ-001,2026-01-01,222.9,70.5,10.6,64.5,48.1,
WO-7634,Injection Molding,IM-001,M-INJ-001,2026-01-01,227.6,73.9,9.6,68.7,45.7,
WO-7635,Injection Molding,IM-001,M-INJ-001,2026-01-02,224.9,67.5,13.4,59.9,41.3,
WO-7636,Injection Molding,IM-001,M-INJ-001,2026-01-03,224.8,67.8,8.6,58.7,45.3,
WO-7637,Injection Molding,IM-001,M-INJ-001,2026-01-03,224.8,70.3,9.8,65.5,49.6,
WO-7638,Injection Molding,IM-001,M-INJ-001,2026-01-04,224.2,73.8,10.5,65.4,44.0,
WO-7639,Injection Molding,IM-001,M-INJ-001,2026-01-05,222.4,75.1,12.4,60.8,43.9,
WO-7640,Injection Molding,IM-001,M-INJ-001,2026-01-05,226.3,70.9,10.2,56.9,48.9,
WO-7641,Injection Molding,IM-001,M-INJ-001,2026-01-06,225.6,80.9,12.8,60.1,41.7,
WO-7642,Injection Molding,IM-001,M-INJ-001,2026-01-07,227.7,73.1,12.6,73.6,44.1,
WO-7643,Injection Molding,IM-001,M-INJ-001,2026-01-07,227.1,70.1,11.4,70.6,49.6,
WO-7644,Injection Molding,IM-001,M-INJ-001,2026-01-08,227.6,70.3,11.5,66.1,46.5,
WO-7645,Injection Molding,IM-001,M-INJ-001,2026-01-08,227.6,75.6,10.4,53.1,46.0,
WO-7646,INJECTION MOLDING,IM-001,M-INJ-001,2026-01-09,224.8,67.2,11.1,56.7,46.9,
WO-7647,Injection Molding,IM-001,M-INJ-001,2026-01-10,223.5,75.9,13.3,65.7,44.2,
WO-7648,Injection Molding,IM-001,M-INJ-001,2026-01-10,228.8,74.7,11.8,71.7,43.8,
WO-7649,Injection Molding,IM-001,M-INJ-001,2026-01-11,223.4,68.1,13.3,74.3,40.3,
WO-7650,Injection Molding,IM-001,M-INJ-001,2026-01-11,225.6,70.0,11.4,65.3,45.2,
WO-7651,Injection Molding,IM-001,M-INJ-001,2026-01-12,221.8,72.4,11.0,67.1,43.3,
WO-7652,Injection Molding,IM-001,M-INJ-001,2026-01-13,225.1,69.6,11.4,54.8,44.7,
WO-7653,Injection Molding,IM-001,M-INJ-001,2026-01-14,221.8,73.9,11.8,64.8,42.1,
WO-7654,Injection Molding,IM-001,M-INJ-001,2026-01-14,223.0,68.1,10.7,71.8,53.8,
WO-7655,Injection Molding,IM-001,M-INJ-001,2026-01-15,223.6,79.2,11.5,60.6,45.3,
WO-7656,Injection Molding,IM-001,M-INJ-001,2026-01-15,224.7,68.8,9.5,67.6,49.4,
WO-7657,Injection Molding,IM-001,M-INJ-001,2026-01-16,224.9,78.2,13.8,60.6,47.5,
WO-7658,Injection Molding,IM-001,M-INJ-001,2026-01-17,224.7,63.9,10.9,68.9,44.1,
WO-7659,Injection Molding,IM-001,M-INJ-001,2026-01-18,225.0,71.7,13.4,59.2,43.3,
WO-7660,Injection Molding,IM-001,M-INJ-001,2026-01-18,225.9,76.3,12.3,71.0,44.6,
WO-7661,Injection Molding,IM-001,M-INJ-001,2026-01-19,223.5,65.8,10.3,57.8,45.2,
WO-7662,Injection Molding,IM-001,M-INJ-001,2026-01-20,225.1,71.3,9.6,59.8,39.7,
WO-7663,Injection Molding,IM-001,M-INJ-001,2026-01-20,227.8,69.1,12.4,73.9,46.4,
WO-7664,injection molding,IM-001,M-INJ-001,2026-01-21,226.5,70.4,9.7,63.3,46.8,
WO-7665,Injection Molding,IM-001,M-INJ-001,2026-01-22,223.4,71.5,11.5,54.8,43.6,
WO-7666,Injection Molding,IM-001,M-INJ-001,2026-01-22,228.3,73.1,10.7,69.4,46.6,
WO-7667,Injection Molding,IM-001,M-INJ-001,2026-01-23,224.9,65.9,9.0,68.0,44.5,
WO-7668,Injection Molding,IM-001,M-INJ-001,2026-01-24,225.6,65.8,12.0,67.2,42.5,
WO-7669,injection molding,IM-001,M-INJ-001,2026-01-24,222.0,66.8,11.2,66.1,41.4,
WO-7670,Injection Molding,IM-001,M-INJ-001,2026-01-25,222.8,71.2,10.2,63.9,41.6,
WO-7671,Injection Molding,IM-001,M-INJ-001,2026-01-25,224.0,67.1,13.3,71.7,39.8,
WO-7672,Injection Molding,IM-001,M-INJ-001,2026-01-26,224.1,68.0,12.3,62.7,42.7,
WO-7673,Injection Molding,IM-001,M-INJ-001,2026-01-26,222.4,74.7,11.0,67.8,46.5,
WO-7674,Injection Molding,IM-001,M-INJ-001,2026-01-27,226.4,71.9,11.8,67.6,45.7,
WO-7675,  Injection Molding  ,IM-001,M-INJ-001,2026-01-28,227.5,73.1,8.6,70.4,43.5,
WO-7676,Injection Molding,IM-001,M-INJ-001,2026-01-28,225.0,64.3,9.6,58.2,44.7,
WO-7677,Injection Molding,IM-001,M-INJ-001,2026-01-29,221.4,68.3,13.3,59.6,37.7,
WO-7678,Injection Molding,IM-001,M-INJ-001,2026-01-30,225.3,67.9,10.9,65.5,48.0,
WO-7679,Injection Molding,IM-001,M-INJ-001,2026-01-30,223.1,74.3,10.6,60.0,41.0,
WO-7680,Injection Molding,IM-001,M-INJ-001,2026-01-31,223.5,73.0,11.5,70.2,44.3,
WO-7681,Injection Molding,IM-001,M-INJ-001,2026-02-01,226.8,60.4,9.7,69.2,44.7,
WO-7682,Injection Molding,IM-001,M-INJ-001,2026-02-02,223.7,74.5,12.1,67.6,40.8,
WO-7683,Injection Molding,IM-001,M-INJ-001,2026-02-02,223.1,78.5,9.4,67.8,44.6,
WO-7684,Injection Molding,IM-001,M-INJ-001,2026-02-03,226.9,72.1,11.5,63.3,39.2,
WO-7685,Injection Molding,IM-001,M-INJ-001,2026-02-03,223.4,70.9,9.2,64.4,47.2,
WO-7686,INJECTION MOLDING,IM-001,M-INJ-001,2026-02-04,224.0,63.4,11.0,69.6,44.0,
WO-7687,Injection Molding,IM-001,M-INJ-001,2026-02-05,226.6,80.2,10.7,70.7,47.9,
WO-7688,Injection Molding,IM-001,M-INJ-001,2026-02-06,226.0,75.0,12.8,69.5,41.8,
WO-7689,Injection Molding,IM-001,M-INJ-001,2026-02-06,225.8,66.7,8.7,68.7,45.5,
WO-7690,Injection Molding,IM-001,M-INJ-001,2026-02-07,225.4,73.8,11.8,65.2,37.3,
WO-7691,Injection Molding,IM-001,M-INJ-001,2026-02-07,225.0,65.0,13.1,64.5,45.7,
WO-7692,Injection Molding,IM-001,M-INJ-001,2026-02-08,225.3,74.4,12.3,61.3,40.8,
WO-7693,Injection Molding,IM-001,M-INJ-001,2026-02-09,224.4,67.6,11.2,64.0,44.6,
WO-7694,Injection Molding,IM-001,M-INJ-001,2026-02-09,222.4,70.9,10.7,72.2,45.2,
WO-7695,Injection Molding,IM-001,M-INJ-001,2026-02-10,226.3,70.6,11.5,70.0,47.6,
WO-7696,INJECTION MOLDING,IM-001,M-INJ-001,2026-02-10,225.4,66.5,11.7,67.1,43.4,
WO-7697,Injection Molding,IM-001,M-INJ-001,2026-02-11,223.9,73.4,11.8,64.4,38.9,
WO-7698,Injection Molding,IM-001,M-INJ-001,2026-02-11,221.2,68.7,11.5,63.1,47.7,
WO-7699,INJECTION MOLDING,IM-001,M-INJ-001,2026-02-12,224.8,72.4,11.5,67.7,41.5,
WO-7700,Injection Molding,IM-001,M-INJ-001,2026-02-13,223.8,72.9,11.4,68.3,42.8,
WO-7701,Injection Molding,IM-001,M-INJ-001,2026-02-14,227.8,70.3,10.7,68.2,40.2,
WO-7702,  Injection Molding  ,IM-001,M-INJ-001,2026-02-15,226.0,66.9,7.9,66.4,46.5,
WO-7703,injection molding,IM-001,M-INJ-001,2026-02-15,226.9,78.8,11.3,64.0,39.1,
WO-7704,Injection Molding,IM-001,M-INJ-001,2026-02-16,220.9,69.7,11.9,62.1,45.4,
WO-7705,  Injection Molding  ,IM-001,M-INJ-001,2026-02-17,221.5,69.2,9.8,64.5,42.1,
WO-7706,Injection Molding,IM-001,M-INJ-001,2026-02-17,227.2,76.2,11.3,74.3,42.8,
WO-7707,Injection Molding,IM-001,M-INJ-001,2026-02-18,223.4,72.8,10.6,62.6,43.3,
WO-7708,Injection Molding,IM-001,M-INJ-001,2026-02-19,224.0,74.2,10.4,60.8,47.3,
WO-7709,Injection Molding,IM-001,M-INJ-001,2026-02-20,226.5,68.7,11.9,65.7,43.8,
WO-7710,Injection Molding,IM-001,M-INJ-001,2026-02-20,223.9,71.8,11.9,60.4,49.4,
WO-7711,Injection Molding,IM-001,M-INJ-001,2026-02-21,220.9,67.1,11.5,69.9,49.8,
WO-7712,Injection Molding,IM-001,M-INJ-001,2026-02-21,225.3,66.7,11.8,71.4,41.6,
WO-7713,Injection Molding,IM-001,M-INJ-001,2026-02-22,224.2,67.7,11.6,57.0,43.9,
WO-7714,Injection Molding,IM-001,M-INJ-001,2026-02-23,225.8,69.6,10.2,64.8,42.7,
WO-7715,Injection Molding,IM-001,M-INJ-001,2026-02-23,222.8,74.3,13.1,63.8,44.9,
WO-7716,Injection Molding,IM-001,M-INJ-001,2026-02-24,226.0,60.0,11.8,69.4,42.0,
WO-7717,Injection Molding,IM-001,M-INJ-001,2026-02-24,223.6,71.8,9.5,67.9,45.7,
WO-7718,Injection Molding,IM-001,M-INJ-001,2026-02-25,227.2,71.2,11.6,68.8,47.5,
WO-7719,Injection Molding,IM-001,M-INJ-001,2026-02-26,225.4,71.5,13.2,65.3,44.9,
WO-7720,Injection Molding,IM-001,M-INJ-001,2026-02-27,225.5,70.9,11.0,62.7,42.1,
WO-7721,Injection Molding,IM-001,M-INJ-001,2026-02-28,226.9,69.3,11.1,73.3,41.7,
WO-7722,Injection Molding,IM-001,M-INJ-001,2026-02-28,226.9,68.7,11.3,61.0,48.5,
WO-7723,Injection Molding,IM-001,M-INJ-001,2026-03-01,226.9,72.1,12.0,68.2,41.3,
WO-7724,Injection Molding,IM-001,M-INJ-001,2026-03-02,225.2,74.2,9.2,67.9,45.5,
WO-7725,Injection Molding,IM-001,M-INJ-001,2026-03-02,225.8,67.9,11.4,65.6,48.1,
WO-7726,Injection Molding,IM-001,M-INJ-001,2026-03-03,225.8,65.4,12.2,56.8,47.2,
WO-7727,Injection Molding,IM-001,M-INJ-001,2026-03-03,220.6,67.9,12.3,76.7,46.3,
WO-7728,Injection Molding,IM-001,M-INJ-001,2026-03-04,224.7,70.0,12.3,75.1,46.7,
WO-7729,Injection Molding,IM-001,M-INJ-001,2026-03-05,224.7,71.8,10.8,65.6,38.6,
WO-7730,INJECTION MOLDING,IM-001,M-INJ-001,2026-03-05,229.0,69.9,11.4,66.7,45.5,
WO-7731,Injection Molding,IM-001,M-INJ-001,2026-03-06,223.5,62.4,11.0,59.9,43.1,
WO-7732,Injection Molding,IM-001,M-INJ-001,2026-03-06,224.8,74.8,11.0,64.3,43.3,
WO-7733,Injection Molding,IM-001,M-INJ-001,2026-03-07,224.7,71.3,12.6,68.7,49.6,
WO-7734,injection molding,IM-001,M-INJ-001,2026-03-08,223.9,73.1,10.0,66.6,45.3,
WO-7735,Injection Molding,IM-001,M-INJ-001,2026-03-08,222.9,69.1,11.6,67.7,45.0,
WO-7736,Injection Molding,IM-001,M-INJ-001,2026-03-09,223.3,77.5,11.7,65.0,44.4,
WO-7737,Injection Molding,IM-001,M-INJ-001,2026-03-09,224.5,66.9,11.1,65.3,50.3,
WO-7738,Injection Molding,IM-001,M-INJ-001,2026-03-10,222.7,75.6,9.8,63.8,39.8,
WO-7739,Injection Molding,IM-001,M-INJ-001,2026-03-11,227.9,67.7,10.6,65.6,43.8,
WO-7740,Injection Molding,IM-001,M-INJ-001,2026-03-12,225.3,70.2,10.3,63.5,43.8,
WO-7741,Injection Molding,IM-001,M-INJ-001,2026-03-13,228.2,69.4,9.3,61.1,45.6,
WO-7742,  Injection Molding  ,IM-001,M-INJ-001,2026-03-13,221.1,71.3,12.8,73.0,46.5,
WO-7743,Injection Molding,IM-001,M-INJ-001,2026-03-14,220.2,70.0,10.1,68.4,49.2,
WO-7744,Injection Molding,IM-001,M-INJ-001,2026-03-14,227.0,69.2,10.3,62.5,50.1,
WO-7745,Injection Molding,IM-001,M-INJ-001,2026-03-15,225.8,70.0,11.0,65.3,43.2,
WO-7746,Injection Molding,IM-001,M-INJ-001,2026-03-16,221.3,66.3,12.3,65.7,46.1,
WO-7747,Injection Molding,IM-001,M-INJ-001,2026-03-16,221.3,70.5,11.5,63.0,45.5,
WO-7748,Injection Molding,IM-001,M-INJ-001,2026-03-17,227.0,73.0,11.1,65.9,46.1,
WO-7749,Injection Molding,IM-001,M-INJ-001,2026-03-18,224.4,69.3,8.7,59.1,47.5,
WO-7750,Injection Molding,IM-001,M-INJ-001,2026-03-18,225.7,73.0,13.7,72.3,45.2,
WO-7751,Injection Molding,IM-001,M-INJ-001,2026-03-19,223.5,71.1,9.4,69.9,43.2,
WO-7752,Injection Molding,IM-001,M-INJ-001,2026-03-19,223.9,66.0,10.8,63.8,44.2,
WO-7753,Injection Molding,IM-001,M-INJ-001,2026-03-20,222.4,73.4,10.9,67.0,48.6,
WO-7754,Injection Molding,IM-001,M-INJ-001,2026-03-20,227.5,71.2,9.0,66.0,46.5,
WO-7755,Injection Molding,IM-001,M-INJ-001,2026-03-21,223.3,69.4,9.7,66.2,48.4,
WO-7756,Injection Molding,IM-001,M-INJ-001,2026-03-22,227.4,66.4,11.8,62.4,43.7,
WO-7757,Injection Molding,IM-001,M-INJ-001,2026-03-23,222.3,69.4,9.9,62.4,49.0,
WO-7758,Injection Molding,IM-001,M-INJ-001,2026-03-23,224.9,67.0,10.0,69.3,50.0,
WO-7759,Injection Molding,IM-001,M-INJ-001,2026-03-24,225.3,74.1,11.8,70.1,40.6,
WO-7760,Injection Molding,IM-001,M-INJ-001,2026-03-25,226.5,72.9,10.3,64.1,44.9,
WO-7761,injection molding,IM-001,M-INJ-001,2026-03-25,223.9,69.6,11.4,64.3,44.1,
WO-7762,Injection Molding,IM-001,M-INJ-001,2026-03-26,225.9,67.7,11.2,53.3,46.7,
WO-7763,Injection Molding,IM-001,M-INJ-001,2026-03-27,225.9,68.5,10.2,68.8,41.4,
WO-7764,Injection Molding,IM-001,M-INJ-001,2026-03-28,226.7,76.1,9.2,68.7,46.7,
WO-7765,Injection Molding,IM-001,M-INJ-001,2026-03-28,225.9,70.4,12.3,64.7,54.1,
WO-7766,Injection Molding,IM-001,M-INJ-001,2026-03-29,226.5,71.8,9.9,65.6,47.6,
WO-7767,Injection Molding,IM-001,M-INJ-001,2026-03-29,222.4,74.5,11.5,68.2,43.5,
WO-7768,Injection Molding,IM-001,M-INJ-001,2026-03-30,227.2,72.7,9.7,61.7,45.8,
WO-7769,Injection Molding,IM-001,M-INJ-001,2026-03-31,226.4,71.1,11.2,66.0,45.5,
WO-7770,Injection Molding,IM-001,M-INJ-001,2026-03-31,224.7,69.2,9.9,63.5,49.9,
WO-7771,Injection Molding,IM-001,M-INJ-001,2026-04-01,224.4,70.3,11.5,70.6,46.8,
WO-7772,Injection Molding,IM-001,M-INJ-001,2026-04-02,229.6,73.1,10.2,60.5,44.0,
WO-7773,Injection Molding,IM-001,M-INJ-001,2026-04-03,225.7,72.0,10.4,68.2,45.8,
WO-7774,Injection Molding,IM-001,M-INJ-001,2026-04-03,224.6,66.0,11.4,72.0,46.4,
WO-7775,Injection Molding,IM-001,M-INJ-001,2026-04-04,228.9,71.8,10.6,64.1,48.5,
WO-7776,INJECTION MOLDING,IM-001,M-INJ-001,2026-04-05,225.7,67.4,10.8,58.6,39.4,
WO-7777,Injection Molding,IM-001,M-INJ-001,2026-04-05,225.9,68.3,12.5,61.2,37.4,
WO-7778,Injection Molding,IM-001,M-INJ-001,2026-04-06,223.9,65.4,8.0,57.6,48.0,
WO-7779,INJECTION MOLDING,IM-001,M-INJ-001,2026-04-06,229.6,68.4,10.8,65.7,42.0,
WO-7780,Injection Molding,IM-001,M-INJ-001,2026-04-07,224.2,69.0,9.7,61.9,50.3,
WO-7781,Injection Molding,IM-001,M-INJ-001,2026-04-08,226.4,70.7,10.4,65.6,44.6,
WO-7782,Injection Molding,IM-001,M-INJ-001,2026-04-09,224.5,68.2,8.7,71.2,43.2,
WO-7783,Injection Molding,IM-001,M-INJ-001,2026-04-09,223.8,69.0,11.4,57.3,49.3,
WO-7784,Injection Molding,IM-001,M-INJ-001,2026-04-10,222.1,67.0,12.5,64.0,45.0,
WO-7785,Injection Molding,IM-001,M-INJ-001,2026-04-10,223.0,68.1,8.7,65.8,43.7,
WO-7786,injection molding,IM-001,M-INJ-001,2026-04-11,225.5,65.0,11.0,56.2,40.9,
WO-7787,INJECTION MOLDING,IM-001,M-INJ-001,2026-04-11,225.2,65.7,11.6,64.4,43.4,
WO-7788,Injection Molding,IM-001,M-INJ-001,2026-04-12,224.3,71.6,13.0,72.3,42.8,
WO-7789,Injection Molding,IM-001,M-INJ-001,2026-04-12,227.4,69.3,10.4,60.7,44.7,
WO-7790,Injection Molding,IM-001,M-INJ-001,2026-04-13,223.3,67.8,11.2,62.0,40.4,
WO-7791,Injection Molding,IM-001,M-INJ-001,2026-04-14,223.2,64.8,9.6,71.0,40.6,
WO-7792,Injection Molding,IM-001,M-INJ-001,2026-04-15,226.0,73.0,10.3,71.4,48.1,
WO-7793,Injection Molding,IM-001,M-INJ-001,2026-04-15,227.7,67.4,9.9,74.3,40.9,
WO-7794,Injection Molding,IM-001,M-INJ-001,2026-04-16,222.2,66.1,10.9,67.2,44.8,
WO-7795,Injection Molding,IM-001,M-INJ-001,2026-04-17,223.6,69.8,11.9,65.5,51.1,
WO-7796,Injection Molding,IM-001,M-INJ-001,2026-04-17,227.1,62.4,12.1,64.7,44.2,
WO-7797,Injection Molding,IM-001,M-INJ-001,2026-04-17,224.0,74.7,11.5,65.3,45.8,
WO-7798,Injection Molding,IM-001,M-INJ-001,2026-04-18,224.7,69.2,11.6,67.0,45.3,
WO-7799,Injection Molding,IM-001,M-INJ-001,2026-04-19,225.0,69.0,11.0,54.1,46.1,
WO-7800,Injection Molding,IM-001,M-INJ-001,2026-04-19,224.0,69.0,9.0,55.4,45.5,
WO-7801,Injection Molding,IM-001,M-INJ-001,2026-04-20,224.3,70.8,10.4,67.7,48.1,
WO-7802,Injection Molding,IM-001,M-INJ-001,2026-04-20,224.2,72.8,11.1,64.5,41.9,
WO-7803,injection molding,IM-001,M-INJ-001,2026-04-21,226.4,80.6,10.9,69.5,44.8,
WO-7804,Injection Molding,IM-001,M-INJ-001,2026-04-22,222.9,66.4,12.0,64.5,46.6,
WO-7805,Injection Molding,IM-001,M-INJ-001,2026-04-23,225.5,72.9,10.6,68.4,46.2,
WO-7806,  Injection Molding  ,IM-001,M-INJ-001,2026-04-23,221.9,71.0,11.3,67.7,47.8,
WO-7807,Injection Molding,IM-001,M-INJ-001,2026-04-24,224.3,66.4,10.9,65.1,46.8,
WO-7808,Injection Molding,IM-001,M-INJ-001,2026-04-24,224.3,69.1,11.2,70.6,45.9,
WO-7809,Injection Molding,IM-001,M-INJ-001,2026-04-25,229.1,74.7,12.4,65.9,40.4,
WO-7810,Injection Molding,IM-001,M-INJ-001,2026-04-25,224.8,77.8,8.4,64.2,47.0,
WO-7811,Injection Molding,IM-001,M-INJ-001,2026-04-26,225.9,67.5,8.4,71.7,45.0,
WO-7812,Injection Molding,IM-001,M-INJ-001,2026-04-26,225.7,72.4,10.8,70.7,45.4,
WO-7813,INJECTION MOLDING,IM-001,M-INJ-001,2026-04-27,227.4,68.5,11.0,65.7,38.6,
WO-7814,Injection Molding,IM-001,M-INJ-001,2026-04-28,225.1,68.4,10.2,80.6,46.0,
WO-7815,Injection Molding,IM-001,M-INJ-001,2026-04-28,224.3,73.4,11.8,74.9,44.5,
WO-7816,Injection Molding,IM-001,M-INJ-001,2026-04-29,224.9,73.1,12.1,64.8,42.8,
WO-7817,Injection Molding,IM-001,M-INJ-001,2026-04-30,225.0,68.6,13.2,66.3,52.5,
WO-7818,Injection Molding,IM-001,M-INJ-001,2026-04-30,224.2,73.4,12.3,66.0,43.3,
WO-7819,Injection Molding,IM-001,M-INJ-001,2026-05-01,224.0,76.1,13.1,61.7,46.7,
WO-7820,Injection Molding,IM-001,M-INJ-001,2026-05-01,227.1,69.9,8.9,64.5,45.4,
WO-7821,Injection Molding,IM-001,M-INJ-001,2026-05-02,226.1,71.8,9.4,73.0,43.8,
WO-7822,Injection Molding,IM-001,M-INJ-001,2026-05-03,225.7,66.0,12.7,62.4,45.9,
WO-7823,Injection Molding,IM-001,M-INJ-001,2026-05-03,226.4,71.8,10.6,61.8,46.0,
WO-7824,Injection Molding,IM-001,M-INJ-001,2026-05-04,225.2,71.4,10.1,59.4,41.8,
WO-7825,Injection Molding,IM-001,M-INJ-001,2026-05-04,226.9,65.4,11.1,67.9,44.1,
WO-7826,Injection Molding,IM-001,M-INJ-001,2026-05-05,225.3,74.4,12.2,74.0,44.2,
WO-7827,Injection Molding,IM-001,M-INJ-001,2026-05-05,221.3,73.4,10.1,62.3,43.9,
WO-7828,Injection Molding,IM-001,M-INJ-001,2026-05-06,226.4,69.9,11.0,62.1,48.2,
WO-7829,Injection Molding,IM-001,M-INJ-001,2026-05-07,223.2,67.5,11.5,60.5,44.5,
WO-7830,Injection Molding,IM-001,M-INJ-001,2026-05-07,224.6,74.5,11.4,61.2,46.3,
WO-7831,Injection Molding,IM-001,M-INJ-001,2026-05-07,223.2,66.2,10.3,58.6,46.0,
WO-7832,Injection Molding,IM-001,M-INJ-001,2026-05-08,223.2,79.2,11.5,57.9,42.9,
WO-7833,Injection Molding,IM-001,M-INJ-001,2026-05-09,226.8,71.7,10.7,67.8,48.6,
WO-7834,Injection Molding,IM-001,M-INJ-001,2026-05-09,225.3,72.2,11.9,72.5,44.4,
WO-7835,Injection Molding,IM-001,M-INJ-001,2026-05-10,227.5,71.1,9.8,69.9,46.4,
WO-7836,Injection Molding,IM-001,M-INJ-001,2026-05-10,223.0,61.9,10.7,62.1,52.1,
WO-7837,Injection Molding,IM-001,M-INJ-001,2026-05-11,225.9,70.4,10.0,66.5,45.5,
WO-7838,injection molding,IM-001,M-INJ-001,2026-05-12,224.1,65.0,12.8,59.9,42.0,
WO-7839,Injection Molding,IM-001,M-INJ-001,2026-05-12,225.7,73.5,12.1,66.5,45.3,
WO-7840,Injection Molding,IM-001,M-INJ-001,2026-05-13,224.4,71.8,10.8,59.3,47.1,
WO-7841,Injection Molding,IM-001,M-INJ-001,2026-05-14,223.7,70.5,11.0,69.6,51.1,
WO-7842,Injection Molding,IM-001,M-INJ-001,2026-05-15,223.3,76.0,11.4,69.5,46.4,
WO-7843,Injection Molding,IM-001,M-INJ-001,2026-05-16,225.5,65.4,9.9,72.5,41.0,
WO-7844,Injection Molding,IM-001,M-INJ-001,2026-05-16,227.3,65.8,13.0,72.2,45.8,
WO-7845,Injection Molding,IM-001,M-INJ-001,2026-05-17,222.9,72.5,9.7,63.1,42.5,
WO-7846,Injection Molding,IM-001,M-INJ-001,2026-05-18,224.4,71.9,10.7,68.7,50.8,
WO-7847,Injection Molding,IM-001,M-INJ-001,2026-05-19,226.8,64.8,12.8,62.2,44.5,
WO-7848,INJECTION MOLDING,IM-001,M-INJ-001,2026-05-19,224.2,74.3,12.7,62.3,42.5,
WO-7849,INJECTION MOLDING,IM-001,M-INJ-001,2026-05-20,224.0,65.3,10.6,65.5,43.2,
WO-7850,Injection Molding,IM-001,M-INJ-001,2026-05-21,222.8,66.2,9.8,70.4,45.9,
WO-7851,Injection Molding,IM-001,M-INJ-001,2026-05-22,225.6,76.3,12.5,61.9,43.5,
WO-7852,Injection Molding,IM-001,M-INJ-001,2026-05-23,227.4,64.0,11.0,64.0,48.0,
WO-7853,Injection Molding,IM-001,M-INJ-001,2026-05-23,228.2,65.0,10.0,68.9,48.3,
WO-7854,Injection Molding,IM-001,M-INJ-001,2026-05-24,226.1,65.0,12.0,56.1,46.4,
WO-7855,Injection Molding,IM-001,M-INJ-001,2026-05-25,227.2,77.4,7.8,58.2,45.4,
WO-7856,Injection Molding,IM-001,M-INJ-001,2026-05-25,225.1,72.9,12.2,73.2,49.4,
WO-7857,Injection Molding,IM-001,M-INJ-001,2026-05-26,225.7,65.2,10.2,67.9,45.8,
WO-7858,Injection Molding,IM-001,M-INJ-001,2026-05-27,225.9,77.1,10.6,65.2,37.6,
WO-7859,Injection Molding,IM-001,M-INJ-001,2026-05-28,222.5,73.1,11.3,54.8,48.8,
WO-7860,Injection Molding,IM-001,M-INJ-001,2026-05-28,226.4,70.7,8.5,63.7,45.0,
WO-7861,injection molding,IM-001,M-INJ-001,2026-05-29,221.5,66.7,9.2,74.9,45.1,
WO-7862,Injection Molding,IM-001,M-INJ-001,2026-05-30,221.9,80.1,12.1,71.7,44.8,
WO-7863,Injection Molding,IM-001,M-INJ-001,2026-05-30,224.8,63.6,11.2,65.7,45.1,
WO-7864,Injection Molding,IM-001,M-INJ-001,2026-05-31,228.0,69.6,10.2,67.2,46.1,
WO-7865,Injection Molding,IM-001,M-INJ-001,2026-05-31,227.2,71.2,11.5,62.8,46.9,
WO-7866,Injection Molding,IM-001,M-INJ-001,2026-06-01,224.4,66.1,10.0,64.1,46.2,
WO-7867,Injection Molding,IM-001,M-INJ-001,2026-06-02,227.3,72.2,12.8,67.2,37.5,
WO-7868,Injection Molding,IM-001,M-INJ-001,2026-06-02,225.2,72.0,13.2,73.5,49.0,
WO-7869,Injection Molding,IM-001,M-INJ-001,2026-06-03,223.9,68.0,10.8,66.8,45.8,
WO-7870,Injection Molding,IM-001,M-INJ-001,2026-06-04,224.8,61.5,10.5,58.6,41.6,
WO-7871,Injection Molding,IM-001,M-INJ-001,2026-06-05,226.6,68.3,9.5,65.0,43.0,
WO-7872,Injection Molding,IM-001,M-INJ-001,2026-06-05,223.8,73.0,10.8,52.5,44.9,
WO-7873,Injection Molding,IM-001,M-INJ-001,2026-06-05,222.1,71.8,11.4,60.3,46.7,
WO-7874,Injection Molding,IM-001,M-INJ-001,2026-06-06,221.1,65.7,10.3,59.4,46.0,
WO-7875,Injection Molding,IM-001,M-INJ-001,2026-06-07,227.5,69.9,11.6,68.1,44.7,
WO-7876,Injection Molding,IM-001,M-INJ-001,2026-06-07,227.9,64.8,11.3,62.6,43.4,
WO-7877,Injection Molding,IM-001,M-INJ-001,2026-06-08,223.9,73.3,9.7,75.2,45.8,
WO-7878,Injection Molding,IM-001,M-INJ-001,2026-06-08,227.6,63.4,11.0,73.0,40.9,
WO-7879,Injection Molding,IM-001,M-INJ-001,2026-06-09,223.9,76.1,11.0,62.2,48.8,
WO-7880,Injection Molding,IM-001,M-INJ-001,2026-06-09,225.8,68.4,8.2,61.9,44.6,
WO-7881,Injection Molding,IM-001,M-INJ-001,2026-06-10,224.9,74.8,11.8,71.5,43.5,
WO-7882,Injection Molding,IM-001,M-INJ-001,2026-06-11,226.2,69.1,10.6,67.3,43.7,
WO-7883,Injection Molding,IM-001,M-INJ-001,2026-06-11,222.6,69.4,12.8,62.4,44.4,
WO-7884,Injection Molding,IM-001,M-INJ-001,2026-06-12,224.4,71.3,11.6,58.4,45.5,
WO-7885,Injection Molding,IM-001,M-INJ-001,2026-06-13,223.7,74.9,11.0,68.3,43.4,
WO-7886,Injection Molding,IM-001,M-INJ-001,2026-06-14,226.5,72.8,11.5,54.2,43.0,
WO-7887,Injection Molding,IM-001,M-INJ-001,2026-06-15,224.9,71.7,10.9,56.0,46.3,
WO-7888,Injection Molding,IM-001,M-INJ-001,2026-06-15,224.7,76.3,7.7,68.7,39.3,
WO-7889,Injection Molding,IM-001,M-INJ-001,2026-06-16,227.6,72.1,11.4,64.6,40.9,
WO-7890,Injection Molding,IM-001,M-INJ-001,2026-06-17,227.0,72.2,9.8,62.9,46.1,
WO-7891,Injection Molding,IM-001,M-INJ-001,2026-06-17,226.3,68.6,12.6,70.7,43.3,
WO-7892,Injection Molding,IM-001,M-INJ-001,2026-06-18,226.2,67.6,11.2,67.9,44.2,
WO-7893,Injection Molding,IM-001,M-INJ-001,2026-06-19,223.7,76.8,11.4,62.6,42.4,
WO-7894,Injection Molding,IM-001,M-INJ-001,2026-06-19,224.2,65.4,11.5,63.6,49.5,
WO-7895,Injection Molding,IM-001,M-INJ-001,2026-06-20,227.0,69.1,11.6,62.8,44.1,
WO-7896,  Injection Molding  ,IM-001,M-INJ-001,2026-06-20,228.3,74.9,11.7,64.2,45.0,
WO-7897,Injection Molding,IM-001,M-INJ-001,2026-06-21,224.1,64.6,11.2,70.5,41.0,
WO-7898,Injection Molding,IM-001,M-INJ-001,2026-06-21,225.7,66.4,10.1,68.5,41.4,
WO-7899,Injection Molding,IM-001,M-INJ-001,2026-06-22,229.0,77.1,10.2,66.4,45.5,
WO-7900,Injection Molding,IM-001,M-INJ-001,2026-06-23,228.1,76.2,12.3,62.5,50.3,
WO-7901,Injection Molding,IM-001,M-INJ-001,2026-06-23,225.4,76.2,11.0,78.5,52.3,
WO-7902,Injection Molding,IM-001,M-INJ-001,2026-06-24,225.1,65.6,10.0,65.9,45.9,
WO-7903,Injection Molding,IM-001,M-INJ-001,2026-06-25,227.5,71.6,10.1,62.6,41.7,
WO-7904,Injection Molding,IM-001,M-INJ-001,2026-06-25,226.3,68.4,12.5,76.4,49.9,
WO-7905,injection molding,IM-001,M-INJ-001,2026-06-26,227.1,70.0,10.3,63.7,44.4,
WO-7906,Injection Molding,IM-001,M-INJ-001,2026-06-27,223.4,66.2,11.8,65.7,46.6,
WO-7907,  Injection Molding  ,IM-001,M-INJ-001,2026-06-27,229.2,69.6,10.8,73.1,44.2,
WO-7908,Injection Molding,IM-001,M-INJ-001,2026-06-28,225.3,69.7,11.8,68.9,43.6,
WO-7909,Injection Molding,IM-001,M-INJ-001,2026-06-29,226.1,74.4,13.3,65.1,44.1,
WO-7910,Injection Molding,IM-001,M-INJ-001,2026-06-29,226.1,74.5,11.1,65.7,47.9,
WO-7911,Injection Molding,IM-001,M-INJ-001,2026-06-30,225.8,65.1,11.2,63.9,42.1,
WO-7912,Injection Molding,IM-001,M-INJ-001,2026-06-30,225.0,73.7,9.7,65.2,42.3,
WO-7913,Injection Molding,IM-001,M-INJ-001,2026-07-01,227.1,71.5,12.2,59.4,45.3,
WO-7914,Injection Molding,IM-001,M-INJ-001,2026-07-01,224.4,71.0,11.9,73.4,48.5,
WO-7915,Injection Molding,IM-001,M-INJ-001,2026-07-02,227.1,68.0,11.5,72.2,42.4,
WO-7916,Injection Molding,IM-001,M-INJ-001,2026-07-02,225.4,79.2,13.6,67.8,44.8,
WO-7917,Injection Molding,IM-001,M-INJ-001,2026-07-03,225.0,72.6,12.9,71.8,44.8,
WO-7918,Injection Molding,IM-001,M-INJ-001,2026-07-04,221.5,71.8,10.3,69.2,39.7,
WO-7919,Injection Molding,IM-001,M-INJ-001,2026-07-05,225.7,69.0,11.1,64.6,50.3,
WO-7920,injection molding,IM-001,M-INJ-001,2026-07-06,227.0,68.8,11.4,60.2,43.4,
WO-7921,Injection Molding,IM-001,M-INJ-001,2026-07-06,223.0,67.1,13.2,70.9,42.0,
WO-7922,Injection Molding,IM-001,M-INJ-001,2026-07-07,226.8,71.9,9.6,67.4,45.1,
WO-7923,Injection Molding,IM-001,M-INJ-001,2026-07-08,224.2,72.7,11.1,64.0,48.5,
WO-7924,Injection Molding,IM-001,M-INJ-001,2026-07-08,223.3,60.6,8.5,68.2,44.3,
WO-7925,Injection Molding,IM-001,M-INJ-001,2026-07-09,224.8,70.3,13.2,62.0,45.0,
WO-7926,Injection Molding,IM-001,M-INJ-001,2026-07-09,227.1,69.8,11.1,70.9,43.5,
WO-7927,Injection Molding,IM-001,M-INJ-001,2026-07-10,223.5,73.0,10.9,71.1,45.1,
WO-7928,Injection Molding,IM-001,M-INJ-001,2026-07-10,226.6,69.6,12.0,60.1,48.3,
WO-7929,Injection Molding,IM-001,M-INJ-001,2026-07-11,227.5,71.7,9.8,59.6,46.0,
WO-7930,Injection Molding,IM-001,M-INJ-001,2026-07-12,223.7,76.6,10.4,65.2,43.2,
WO-7931,  Injection Molding  ,IM-001,M-INJ-001,2026-07-12,225.9,72.3,11.1,59.0,45.4,
WO-7932,Injection Molding,IM-001,M-INJ-001,2026-07-13,228.1,60.3,11.3,57.3,44.6,
WO-7933,Injection Molding,IM-001,M-INJ-001,2026-07-14,228.0,71.8,11.9,75.0,38.6,
WO-7934,Injection Molding,IM-001,M-INJ-001,2026-07-14,227.2,75.2,10.5,72.3,44.9,
WO-7935,Injection Molding,IM-001,M-INJ-001,2026-07-15,226.0,70.6,9.8,59.8,45.8,
WO-7936,Injection Molding,IM-001,M-INJ-001,2026-07-15,223.6,70.3,11.9,67.0,45.0,
WO-7937,Injection Molding,IM-001,M-INJ-001,2026-07-16,225.2,67.5,11.7,61.9,47.2,
WO-7938,Injection Molding,IM-001,M-INJ-001,2026-07-17,225.5,70.3,11.3,60.1,44.6,
WO-7939,Injection Molding,IM-001,M-INJ-001,2026-07-18,227.1,72.7,9.8,73.0,44.3,
WO-7940,Injection Molding,IM-001,M-INJ-001,2026-07-18,222.2,75.3,12.2,67.3,43.8,
WO-7941,Injection Molding,IM-001,M-INJ-001,2026-07-19,228.7,70.9,11.5,66.5,51.4,
WO-7942,Injection Molding,IM-001,M-INJ-001,2026-07-20,226.1,59.3,8.7,65.1,51.6,
WO-7943,Injection Molding,IM-001,M-INJ-001,2026-07-20,225.9,72.7,11.0,70.5,45.8,
WO-7944,Injection Molding,IM-001,M-INJ-001,2026-07-21,225.0,67.2,9.8,74.3,46.8,
WO-7945,Injection Molding,IM-001,M-INJ-001,2026-07-22,222.3,67.9,10.4,57.3,46.1,
WO-7946,Injection Molding,IM-001,M-INJ-001,2026-07-22,225.3,68.7,13.5,65.0,47.0,
WO-7947,Injection Molding,IM-001,M-INJ-001,2026-07-23,224.2,71.1,10.7,63.9,42.7,
WO-7948,Injection Molding,IM-001,M-INJ-001,2026-07-24,225.9,64.6,9.8,70.3,47.7,
WO-7949,Injection Molding,IM-001,M-INJ-001,2026-07-24,227.7,63.0,12.3,70.8,45.3,
WO-7950,  Injection Molding  ,IM-001,M-INJ-001,2026-07-25,219.6,67.8,11.1,61.5,44.1,
WO-7951,Injection Molding,IM-001,M-INJ-001,2026-07-26,224.4,76.1,10.8,59.4,47.3,
WO-7952,Injection Molding,IM-001,M-INJ-001,2026-07-27,224.6,71.0,11.4,62.2,40.8,
WO-7953,Injection Molding,IM-001,M-INJ-001,2026-07-28,224.8,69.3,12.0,59.3,45.7,
WO-7954,Injection Molding,IM-001,M-INJ-001,2026-07-28,228.8,67.5,12.6,66.8,40.7,
WO-7955,Injection Molding,IM-001,M-INJ-001,2026-07-29,223.0,71.4,9.7,71.8,49.3,
WO-7956,Injection Molding,IM-001,M-INJ-001,2026-07-30,226.3,65.6,11.2,63.7,44.5,
WO-7957,Injection Molding,IM-001,M-INJ-001,2026-07-30,228.2,69.2,11.2,61.1,40.9,
WO-7958,Injection Molding,IM-001,M-INJ-001,2026-07-31,224.9,69.8,12.4,69.5,44.3,
WO-7959,Injection Molding,IM-001,M-INJ-001,2026-07-31,227.6,64.4,11.6,70.0,45.4,
WO-7960,injection molding,IM-001,M-INJ-001,2026-08-01,227.3,70.4,9.2,59.9,44.2,
WO-7961,Injection Molding,IM-001,M-INJ-001,2026-08-02,226.8,68.6,12.3,66.6,48.5,
WO-7962,Injection Molding,IM-001,M-INJ-001,2026-08-02,228.2,66.1,13.4,67.7,43.3,
WO-7963,injection molding,IM-001,M-INJ-001,2026-08-03,223.7,72.9,10.9,67.6,44.1,
WO-7964,Injection Molding,IM-001,M-INJ-001,2026-08-04,224.7,78.2,9.3,63.2,43.2,
WO-7965,Injection Molding,IM-001,M-INJ-001,2026-08-05,221.7,68.3,12.4,58.9,51.3,
WO-7966,Injection Molding,IM-001,M-INJ-001,2026-08-05,225.8,63.9,10.4,62.8,42.0,
WO-7967,injection molding,IM-001,M-INJ-001,2026-08-06,224.9,69.3,13.4,56.4,41.5,
WO-7968,Injection Molding,IM-001,M-INJ-001,2026-08-06,223.3,67.9,11.9,63.7,45.9,
WO-7969,Injection Molding,IM-001,M-INJ-001,2026-08-07,225.9,74.0,9.0,69.1,43.7,
WO-7970,Injection Molding,IM-001,M-INJ-001,2026-08-08,224.1,70.0,10.1,68.3,41.3,
WO-7971,Injection Molding,IM-001,M-INJ-001,2026-08-08,224.1,72.1,11.8,68.5,47.2,
WO-7972,Injection Molding,IM-001,M-INJ-001,2026-08-09,226.2,71.3,11.4,72.9,41.5,
WO-7973,Injection Molding,IM-001,M-INJ-001,2026-08-10,223.7,69.1,11.2,66.5,42.0,
WO-7974,Injection Molding,IM-001,M-INJ-001,2026-08-11,226.4,74.7,12.1,67.0,41.6,
WO-7975,Injection Molding,IM-001,M-INJ-001,2026-08-12,224.4,61.8,11.2,73.8,38.3,
WO-7976,Injection Molding,IM-001,M-INJ-001,2026-08-12,223.7,71.0,10.4,67.5,46.6,
WO-7977,Injection Molding,IM-001,M-INJ-001,2026-08-13,223.7,69.4,9.0,72.1,48.6,
WO-7978,Injection Molding,IM-001,M-INJ-001,2026-08-14,229.8,70.7,11.1,54.0,43.2,
WO-7979,Injection Molding,IM-001,M-INJ-001,2026-08-14,226.6,65.3,12.4,65.6,49.7,
WO-7980,Injection Molding,IM-001,M-INJ-001,2026-08-15,224.1,73.9,11.8,60.2,48.6,
WO-7981,INJECTION MOLDING,IM-001,M-INJ-001,2026-08-15,223.5,69.8,11.8,62.0,38.9,
WO-7982,Injection Molding,IM-001,M-INJ-001,2026-08-16,225.3,75.0,11.3,66.4,45.0,
WO-7983,Injection Molding,IM-001,M-INJ-001,2026-08-16,226.3,68.3,11.9,62.8,43.7,
WO-7984,Injection Molding,IM-001,M-INJ-001,2026-08-17,226.2,74.5,11.6,60.1,43.6,
WO-7985,Injection Molding,IM-001,M-INJ-001,2026-08-18,223.7,78.1,9.4,71.0,46.4,
WO-7986,Injection Molding,IM-001,M-INJ-001,2026-08-19,226.6,64.2,10.5,62.3,46.5,
WO-7987,Injection Molding,IM-001,M-INJ-001,2026-08-19,224.8,76.6,12.3,63.0,47.7,
WO-7988,Injection Molding,IM-001,M-INJ-001,2026-08-20,223.9,67.5,11.3,59.4,43.6,
WO-7989,Injection Molding,IM-001,M-INJ-001,2026-08-21,227.7,64.9,9.0,67.0,41.9,
WO-7990,Injection Molding,IM-001,M-INJ-001,2026-08-21,227.5,70.5,12.1,71.5,44.8,
WO-7991,Injection Molding,IM-001,M-INJ-001,2026-08-22,224.0,70.3,9.5,68.8,49.2,
WO-7992,Injection Molding,IM-001,M-INJ-001,2026-08-22,226.5,74.0,9.7,66.6,44.7,
WO-7993,Injection Molding,IM-001,M-INJ-001,2026-08-23,224.0,71.4,11.1,59.6,44.0,
WO-7994,Injection Molding,IM-001,M-INJ-001,2026-08-24,222.4,72.9,9.4,55.8,47.3,
WO-7995,Injection Molding,IM-001,M-INJ-001,2026-08-24,226.0,75.3,8.7,59.1,42.0,
WO-7996,Injection Molding,IM-001,M-INJ-001,2026-08-25,225.6,74.0,11.9,64.9,43.1,
WO-7997,Injection Molding,IM-001,M-INJ-001,2026-08-25,226.2,70.1,10.1,65.9,46.5,
WO-7998,Injection Molding,IM-001,M-INJ-001,2026-08-26,223.1,64.8,9.8,67.7,42.7,
WO-7999,Injection Molding,IM-001,M-INJ-001,2026-08-27,227.1,72.3,9.5,61.6,43.0,
WO-8000,Injection Molding,IM-001,M-INJ-001,2026-08-28,227.7,62.3,11.9,63.1,47.6,
WO-8001,Injection Molding,IM-001,M-INJ-001,2026-08-28,224.1,70.1,10.7,62.4,47.0,
WO-8002,Injection Molding,IM-001,M-INJ-001,2026-08-29,228.5,69.7,12.5,65.7,52.9,
WO-8003,Injection Molding,IM-001,M-INJ-001,2026-08-30,220.1,77.5,9.6,69.7,44.8,
WO-8004,Injection Molding,IM-001,M-INJ-001,2026-08-30,223.2,73.7,11.0,75.2,43.7,
WO-8005,Injection Molding,IM-001,M-INJ-001,2026-08-31,221.3,71.2,13.6,65.1,48.3,
WO-8006,Injection Molding,IM-001,M-INJ-001,2026-08-31,226.8,68.4,10.2,60.6,45.1,
WO-8007,injection molding,IM-001,M-INJ-001,2026-09-01,224.8,72.4,8.9,68.0,41.9,
WO-8008,Injection Molding,IM-001,M-INJ-001,2026-09-02,224.7,64.1,9.7,66.9,44.9,
WO-8009,INJECTION MOLDING,IM-001,M-INJ-001,2026-09-03,227.4,69.5,9.6,63.4,46.8,
WO-8010,Injection Molding,IM-001,M-INJ-001,2026-09-03,224.3,63.2,10.5,59.5,44.7,
WO-8011,Injection Molding,IM-001,M-INJ-001,2026-09-04,224.3,76.7,10.5,61.0,46.3,
WO-8012,Injection Molding,IM-001,M-INJ-001,2026-09-05,226.2,70.9,10.6,66.9,44.2,
WO-8013,Injection Molding,IM-001,M-INJ-001,2026-09-06,225.0,71.3,11.5,74.3,52.8,
WO-8014,injection molding,IM-001,M-INJ-001,2026-09-06,224.0,72.1,13.5,73.7,45.2,
WO-8015,Injection Molding,IM-001,M-INJ-001,2026-09-07,225.8,69.4,13.0,64.2,48.3,
WO-8016,Injection Molding,IM-001,M-INJ-001,2026-09-07,223.4,71.6,10.5,67.3,43.1,
WO-8017,Injection Molding,IM-001,M-INJ-001,2026-09-08,226.1,65.1,10.3,68.4,45.3,
WO-8018,Injection Molding,IM-001,M-INJ-001,2026-09-08,226.3,74.3,12.1,53.9,46.7,
WO-8019,Injection Molding,IM-001,M-INJ-001,2026-09-09,222.9,70.6,10.9,69.2,45.1,
WO-8020,Injection Molding,IM-001,M-INJ-001,2026-09-10,224.2,62.7,10.4,71.9,51.5,
WO-8021,Injection Molding,IM-001,M-INJ-001,2026-09-11,225.9,71.7,11.4,58.9,46.9,
WO-8022,Injection Molding,IM-001,M-INJ-001,2026-09-11,221.3,69.4,9.5,62.9,44.5,
WO-8023,Injection Molding,IM-001,M-INJ-001,2026-09-12,224.5,67.9,10.9,68.9,48.0,
WO-8024,Injection Molding,IM-001,M-INJ-001,2026-09-13,221.7,76.1,10.1,58.0,46.0,
WO-8025,INJECTION MOLDING,IM-001,M-INJ-001,2026-09-14,227.1,73.8,10.9,69.2,41.8,
WO-8026,Injection Molding,IM-001,M-INJ-001,2026-09-14,224.7,70.5,10.3,61.0,48.7,
WO-8027,Injection Molding,IM-001,M-INJ-001,2026-09-15,224.3,68.1,14.0,69.8,46.3,
WO-8028,Injection Molding,IM-001,M-INJ-001,2026-09-15,223.7,65.4,12.3,61.5,45.1,
WO-8029,  Injection Molding  ,IM-001,M-INJ-001,2026-09-16,227.5,72.2,10.1,60.0,44.9,
WO-8030,Injection Molding,IM-001,M-INJ-001,2026-09-16,222.0,77.4,9.1,73.8,44.4,
WO-8031,Injection Molding,IM-001,M-INJ-001,2026-09-17,227.2,79.5,12.9,68.0,43.0,
WO-8032,Injection Molding,IM-001,M-INJ-001,2026-09-18,225.0,73.0,10.9,65.8,46.5,
WO-8033,Injection Molding,IM-001,M-INJ-001,2026-09-18,220.3,71.3,10.4,61.8,42.6,
WO-8034,Injection Molding,IM-001,M-INJ-001,2026-09-19,225.1,67.4,12.8,65.6,42.4,
WO-8035,Injection Molding,IM-001,M-INJ-001,2026-09-19,227.2,72.6,10.3,70.0,42.8,
WO-8036,INJECTION MOLDING,IM-001,M-INJ-001,2026-09-20,222.6,71.6,11.5,69.4,39.5,
WO-8037,Injection Molding,IM-001,M-INJ-001,2026-09-20,222.3,72.4,13.1,62.0,44.0,
WO-8038,INJECTION MOLDING,IM-001,M-INJ-001,2026-09-21,225.3,70.4,9.3,66.6,44.9,
WO-8039,Injection Molding,IM-001,M-INJ-001,2026-09-22,222.9,73.9,12.5,69.8,43.6,
WO-8040,Injection Molding,IM-001,M-INJ-001,2026-09-23,229.6,75.1,9.0,63.5,49.5,
WO-8041,injection molding,IM-001,M-INJ-001,2026-09-23,227.4,71.3,9.7,75.6,44.4,
WO-8042,Injection Molding,IM-001,M-INJ-001,2026-09-24,227.0,69.7,11.0,53.5,44.3,
WO-8043,Injection Molding,IM-001,M-INJ-001,2026-09-25,230.2,71.5,11.6,64.2,49.5,
WO-8044,Injection Molding,IM-001,M-INJ-001,2026-09-26,221.7,67.4,10.4,63.7,45.3,
WO-8045,Injection Molding,IM-001,M-INJ-001,2026-09-26,222.4,71.1,10.6,56.4,47.5,
WO-8046,Injection Molding,IM-001,M-INJ-001,2026-09-27,223.3,75.8,12.5,67.1,38.8,
WO-8047,Injection Molding,IM-001,M-INJ-001,2026-09-27,222.4,68.8,11.3,60.5,50.6,
WO-8048,Injection Molding,IM-001,M-INJ-001,2026-09-28,228.7,73.4,9.6,64.5,44.2,
WO-8049,Injection Molding,IM-001,M-INJ-001,2026-09-28,223.4,69.6,13.2,62.1,45.8,
WO-8050,Injection Molding,IM-001,M-INJ-001,2026-09-29,225.2,66.8,11.7,70.5,44.3,
WO-8051,Injection Molding,IM-001,M-INJ-001,2026-09-29,227.7,64.8,12.5,62.0,42.7,
WO-8052,Injection Molding,IM-001,M-INJ-001,2026-09-30,226.1,68.3,12.0,60.1,41.1,
WO-8053,  Injection Molding  ,IM-001,M-INJ-001,2026-10-01,224.4,63.9,11.3,67.4,48.4,
WO-8054,Injection Molding,IM-001,M-INJ-001,2026-10-01,223.4,66.1,11.6,62.0,44.4,
WO-8055,Injection Molding,IM-001,M-INJ-001,2026-10-02,222.4,73.9,11.5,62.7,38.3,
WO-8056,Injection Molding,IM-001,M-INJ-001,2026-10-03,224.4,71.3,8.6,75.0,47.1,
WO-8057,Injection Molding,IM-001,M-INJ-001,2026-10-03,223.5,79.4,10.5,70.1,49.0,
WO-8058,Injection Molding,IM-001,M-INJ-001,2026-10-04,223.9,71.3,13.7,60.0,42.5,
WO-8059,Injection Molding,IM-001,M-INJ-001,2026-10-04,222.0,65.0,8.7,66.2,44.4,
WO-8060,Injection Molding,IM-001,M-INJ-001,2026-10-05,226.2,67.2,11.2,64.0,43.3,
WO-8061,Injection Molding,IM-001,M-INJ-001,2026-10-06,224.3,74.3,10.5,68.0,41.1,
WO-8062,Injection Molding,IM-001,M-INJ-001,2026-10-07,221.9,67.8,9.7,68.1,43.0,
WO-8063,Injection Molding,IM-001,M-INJ-001,2026-10-07,223.5,66.8,11.1,64.7,42.8,
WO-8064,Injection Molding,IM-001,M-INJ-001,2026-10-08,226.0,73.1,9.2,65.8,41.9,
WO-8065,  Injection Molding  ,IM-001,M-INJ-001,2026-10-09,226.4,68.0,9.0,58.5,42.4,
WO-8066,Injection Molding,IM-001,M-INJ-001,2026-10-09,224.8,71.9,11.4,68.6,49.8,
WO-8067,Injection Molding,IM-001,M-INJ-001,2026-10-10,225.7,62.5,13.3,64.7,45.3,
WO-8068,Injection Molding,IM-001,M-INJ-001,2026-10-11,221.2,75.2,11.6,66.7,45.5,
WO-8069,Injection Molding,IM-001,M-INJ-001,2026-10-12,224.4,71.6,10.7,64.0,44.4,
WO-8070,Injection Molding,IM-001,M-INJ-001,2026-10-12,224.0,64.3,12.5,67.0,45.7,
WO-8071,Injection Molding,IM-001,M-INJ-001,2026-10-13,225.2,69.1,10.7,66.4,45.9,
WO-8072,Injection Molding,IM-001,M-INJ-001,2026-10-13,224.0,65.5,9.3,74.2,47.4,
WO-8073,Injection Molding,IM-001,M-INJ-001,2026-10-14,225.8,65.9,10.7,61.8,44.0,
WO-8074,Injection Molding,IM-001,M-INJ-001,2026-10-15,223.5,68.3,11.6,62.0,41.1,
WO-8075,Injection Molding,IM-001,M-INJ-001,2026-10-15,222.8,77.4,11.9,70.9,37.8,
WO-8076,Injection Molding,IM-001,M-INJ-001,2026-10-16,226.1,70.9,12.3,69.7,50.0,
WO-8077,Injection Molding,IM-001,M-INJ-001,2026-10-16,227.7,72.3,10.2,64.4,47.8,
WO-8078,Injection Molding,IM-001,M-INJ-001,2026-10-17,225.6,72.4,10.2,66.0,40.9,
WO-8079,Injection Molding,IM-001,M-INJ-001,2026-10-18,223.8,66.1,13.1,72.1,44.2,
WO-8080,Injection Molding,IM-001,M-INJ-001,2026-10-18,228.6,73.0,12.2,68.7,41.8,
WO-8081,Injection Molding,IM-001,M-INJ-001,2026-10-19,222.6,69.8,9.7,59.4,41.8,
WO-8082,Injection Molding,IM-001,M-INJ-001,2026-10-20,223.1,73.5,8.5,62.9,46.0,
WO-8083,Injection Molding,IM-001,M-INJ-001,2026-10-21,226.4,73.4,10.3,58.6,39.0,
WO-8084,Injection Molding,IM-001,M-INJ-001,2026-10-21,225.0,73.5,10.7,62.2,41.6,
WO-8085,Injection Molding,IM-001,M-INJ-001,2026-10-22,223.4,68.2,11.5,66.2,46.0,
WO-8086,Injection Molding,IM-001,M-INJ-001,2026-10-22,228.4,73.3,11.4,66.1,50.5,
WO-8087,Injection Molding,IM-001,M-INJ-001,2026-10-23,228.0,74.3,12.3,71.0,38.6,
WO-8088,Injection Molding,IM-001,M-INJ-001,2026-10-24,220.6,74.9,9.2,59.8,42.7,
WO-8089,Injection Molding,IM-001,M-INJ-001,2026-10-24,224.6,70.8,9.7,64.0,54.6,
WO-8090,Injection Molding,IM-001,M-INJ-001,2026-10-25,227.6,72.2,11.4,62.1,47.1,
WO-8091,Injection Molding,IM-001,M-INJ-001,2026-10-25,221.8,71.0,11.9,58.3,43.8,
WO-8092,Injection Molding,IM-001,M-INJ-001,2026-10-26,226.3,72.2,11.1,65.6,41.9,
WO-8093,Injection Molding,IM-001,M-INJ-001,2026-10-27,222.3,73.6,11.2,70.3,50.3,
WO-8094,Injection Molding,IM-001,M-INJ-001,2026-10-28,225.1,72.4,11.8,68.8,45.8,
WO-8095,Injection Molding,IM-001,M-INJ-001,2026-10-28,222.0,70.6,12.4,61.1,49.5,
WO-8096,Injection Molding,IM-001,M-INJ-001,2026-10-29,224.8,69.9,11.3,69.0,44.6,
WO-8097,Injection Molding,IM-001,M-INJ-001,2026-10-30,227.3,70.8,9.0,68.7,42.8,
WO-8098,Injection Molding,IM-001,M-INJ-001,2026-10-30,225.6,70.8,9.9,60.9,44.0,
WO-8099,Injection Molding,IM-001,M-INJ-001,2026-10-31,225.6,66.7,12.4,59.3,41.6,
WO-8100,Injection Molding,IM-001,M-INJ-001,2026-11-01,220.4,64.6,10.8,60.1,51.3,
WO-8101,Injection Molding,IM-001,M-INJ-001,2026-11-01,227.7,63.6,10.7,60.1,45.7,
WO-8102,Injection Molding,IM-001,M-INJ-001,2026-11-02,224.0,72.0,13.3,57.8,46.7,
WO-8103,Injection Molding,IM-001,M-INJ-001,2026-11-03,225.7,67.7,10.4,62.6,48.2,
WO-8104,Injection Molding,IM-001,M-INJ-001,2026-11-03,228.1,69.2,11.3,66.5,44.1,
WO-8105,Injection Molding,IM-001,M-INJ-001,2026-11-04,227.5,68.9,10.9,74.0,45.3,
WO-8106,Injection Molding,IM-001,M-INJ-001,2026-11-05,227.3,76.6,11.2,68.7,46.2,
WO-8107,Injection Molding,IM-001,M-INJ-001,2026-11-05,228.7,74.2,9.6,74.7,46.8,
WO-8108,Injection Molding,IM-001,M-INJ-001,2026-11-06,225.9,68.7,9.9,62.3,43.5,
WO-8109,  Injection Molding  ,IM-001,M-INJ-001,2026-11-07,226.9,68.3,11.1,63.0,49.3,
WO-8110,Injection Molding,IM-001,M-INJ-001,2026-11-08,226.2,70.8,10.3,70.4,42.8,
WO-8111,Injection Molding,IM-001,M-INJ-001,2026-11-09,224.2,66.4,11.1,68.3,45.0,
WO-8112,Injection Molding,IM-001,M-INJ-001,2026-11-09,224.3,71.2,9.9,65.5,47.6,
WO-8113,Injection Molding,IM-001,M-INJ-001,2026-11-10,225.9,66.7,10.2,66.6,44.8,
WO-8114,Injection Molding,IM-001,M-INJ-001,2026-11-11,222.4,69.1,11.5,56.6,46.6,
WO-8115,Injection Molding,IM-001,M-INJ-001,2026-11-11,226.8,68.1,10.2,68.4,47.7,
WO-8116,Injection Molding,IM-001,M-INJ-001,2026-11-12,224.8,74.6,10.9,64.9,40.2,
WO-8117,Injection Molding,IM-001,M-INJ-001,2026-11-13,225.9,69.5,10.0,66.7,43.7,
WO-8118,Injection Molding,IM-001,M-INJ-001,2026-11-13,229.8,70.1,12.1,68.0,46.2,
WO-8119,Injection Molding,IM-001,M-INJ-001,2026-11-14,226.4,74.9,10.1,63.2,44.6,
WO-8120,Injection Molding,IM-001,M-INJ-001,2026-11-15,225.2,74.1,10.5,61.2,46.6,
WO-8121,INJECTION MOLDING,IM-001,M-INJ-001,2026-11-16,225.8,65.3,10.0,54.6,46.6,
WO-8122,Injection Molding,IM-001,M-INJ-001,2026-11-16,225.5,65.8,10.8,66.2,43.5,
WO-8123,Injection Molding,IM-001,M-INJ-001,2026-11-17,227.1,68.5,11.3,66.1,47.6,
WO-8124,Injection Molding,IM-001,M-INJ-001,2026-11-18,226.3,69.2,10.7,66.2,43.2,
WO-8125,Injection Molding,IM-001,M-INJ-001,2026-11-18,225.1,74.3,12.8,66.5,46.2,
WO-8126,Injection Molding,IM-001,M-INJ-001,2026-11-18,225.6,69.3,10.8,72.5,51.8,
WO-8127,Injection Molding,IM-001,M-INJ-001,2026-11-19,224.7,64.5,10.2,65.0,43.8,
WO-8128,Injection Molding,IM-001,M-INJ-001,2026-11-20,227.1,69.1,12.9,60.8,42.9,
WO-8129,injection molding,IM-001,M-INJ-001,2026-11-20,223.2,73.4,11.1,62.9,49.4,
WO-8130,Injection Molding,IM-001,M-INJ-001,2026-11-21,225.0,66.8,10.2,59.6,47.2,
WO-8131,Injection Molding,IM-001,M-INJ-001,2026-11-21,226.0,63.5,10.2,63.3,44.3,
WO-8132,Injection Molding,IM-001,M-INJ-001,2026-11-22,223.9,68.0,11.7,69.0,38.6,
WO-8133,INJECTION MOLDING,IM-001,M-INJ-001,2026-11-23,224.8,65.5,12.3,71.0,45.5,
WO-8134,Injection Molding,IM-001,M-INJ-001,2026-11-23,223.0,70.2,8.7,67.0,40.2,
WO-8135,Injection Molding,IM-001,M-INJ-001,2026-11-24,223.8,67.4,10.9,68.6,44.8,
WO-8136,Injection Molding,IM-001,M-INJ-001,2026-11-25,226.7,73.0,10.0,65.7,41.9,
WO-8137,Injection Molding,IM-001,M-INJ-001,2026-11-25,224.4,67.1,10.7,67.6,44.7,
WO-8138,Injection Molding,IM-001,M-INJ-001,2026-11-26,225.4,74.8,9.3,75.2,44.0,
WO-8139,Injection Molding,IM-001,M-INJ-001,2026-11-27,226.0,67.7,12.3,61.7,45.8,
WO-8140,Injection Molding,IM-001,M-INJ-001,2026-11-27,225.1,67.0,11.8,61.9,44.6,
WO-8141,Injection Molding,IM-001,M-INJ-001,2026-11-28,227.0,71.6,9.3,66.9,46.8,
WO-8142,Injection Molding,IM-001,M-INJ-001,2026-11-29,228.7,72.5,12.7,69.4,47.4,
WO-8143,Injection Molding,IM-001,M-INJ-001,2026-11-29,225.4,60.2,10.5,64.7,46.9,
WO-8144,Injection Molding,IM-001,M-INJ-001,2026-11-30,225.8,66.2,10.4,74.4,47.5,
WO-8145,Injection Molding,IM-001,M-INJ-001,2026-12-01,222.7,63.8,12.2,59.8,41.7,
WO-8146,Injection Molding,IM-001,M-INJ-001,2026-12-01,225.7,69.9,11.1,73.4,47.3,
WO-8147,Injection Molding,IM-001,M-INJ-001,2026-12-02,225.8,66.8,9.7,57.9,36.9,
WO-8148,Injection Molding,IM-001,M-INJ-001,2026-12-03,224.6,70.5,11.3,63.5,43.9,
WO-8149,Injection Molding,IM-001,M-INJ-001,2026-12-03,219.5,69.8,10.8,64.7,40.8,
WO-8150,Injection Molding,IM-001,M-INJ-001,2026-12-04,226.6,74.9,10.1,62.2,45.4,
WO-8151,Injection Molding,IM-001,M-INJ-001,2026-12-04,226.7,72.2,10.5,60.1,41.6,
WO-8152,Injection Molding,IM-001,M-INJ-001,2026-12-05,227.7,73.6,9.8,71.3,48.7,
WO-8153,Injection Molding,IM-001,M-INJ-001,2026-12-06,221.2,69.8,9.7,71.1,43.3,
WO-8154,Injection Molding,IM-001,M-INJ-001,2026-12-06,227.0,73.2,10.1,68.1,45.6,
WO-8155,INJECTION MOLDING,IM-001,M-INJ-001,2026-12-07,228.6,76.5,12.4,57.3,46.0,
WO-8156,Injection Molding,IM-001,M-INJ-001,2026-12-08,225.7,74.3,11.1,59.4,48.6,
WO-8157,Injection Molding,IM-001,M-INJ-001,2026-12-08,227.8,65.3,9.5,62.0,46.1,
WO-8158,Injection Molding,IM-001,M-INJ-001,2026-12-09,226.4,73.2,10.4,62.1,47.3,
WO-8159,Injection Molding,IM-001,M-INJ-001,2026-12-10,224.7,70.1,10.6,64.3,40.7,
WO-8160,injection molding,IM-001,M-INJ-001,2026-12-11,223.1,63.3,11.4,60.6,41.9,
WO-8161,Injection Molding,IM-001,M-INJ-001,2026-12-12,222.8,68.7,12.1,69.1,49.6,
WO-8162,Injection Molding,IM-001,M-INJ-001,2026-12-12,223.9,65.1,10.5,65.7,44.3,
WO-8163,Injection Molding,IM-001,M-INJ-001,2026-12-13,225.4,72.5,10.1,77.5,43.5,
WO-8164,Injection Molding,IM-001,M-INJ-001,2026-12-13,223.2,69.2,12.3,53.3,48.9,
WO-8165,Injection Molding,IM-001,M-INJ-001,2026-12-14,227.6,72.1,9.7,71.4,42.1,
WO-8166,  Injection Molding  ,IM-001,M-INJ-001,2026-12-15,224.0,75.1,9.1,66.9,38.6,
WO-8167,  Injection Molding  ,IM-001,M-INJ-001,2026-12-16,224.1,64.4,10.3,60.1,44.2,
WO-8168,Injection Molding,IM-001,M-INJ-001,2026-12-16,226.0,71.5,9.7,63.0,37.3,
WO-8169,Injection Molding,IM-001,M-INJ-001,2026-12-17,228.0,69.8,10.4,72.5,42.8,
WO-8170,Injection Molding,IM-001,M-INJ-001,2026-12-18,226.4,72.9,11.4,67.8,46.4,
WO-8171,  Injection Molding  ,IM-001,M-INJ-001,2026-12-18,227.6,64.9,7.5,59.6,42.8,
WO-8172,Injection Molding,IM-001,M-INJ-001,2026-12-19,225.6,75.4,10.9,59.7,46.5,
WO-8173,Injection Molding,IM-001,M-INJ-001,2026-12-20,224.8,68.6,9.8,69.2,48.4,
WO-8174,Injection Molding,IM-001,M-INJ-001,2026-12-20,221.9,64.0,9.9,62.5,46.3,
WO-8175,Injection Molding,IM-001,M-INJ-001,2026-12-21,223.2,69.8,9.3,66.6,47.8,
WO-8176,Injection Molding,IM-001,M-INJ-001,2026-12-22,227.0,70.6,10.1,60.1,50.5,
WO-8177,Injection Molding,IM-001,M-INJ-001,2026-12-23,226.1,68.8,10.2,57.3,44.3,
WO-8178,Injection Molding,IM-001,M-INJ-001,2026-12-23,224.1,74.5,8.1,68.5,46.4,
WO-8179,  Injection Molding  ,IM-001,M-INJ-001,2026-12-24,224.6,73.1,12.5,61.2,42.3,
WO-8180,Injection Molding,IM-001,M-INJ-001,2026-12-25,224.3,74.2,11.1,64.5,52.0,
WO-8181,Injection Molding,IM-001,M-INJ-001,2026-12-25,223.1,71.4,10.3,57.5,40.6,
WO-8182,Injection Molding,IM-001,M-INJ-001,2026-12-26,220.9,68.6,12.2,60.7,42.8,
WO-8183,Injection Molding,IM-001,M-INJ-001,2026-12-27,225.2,71.2,10.5,65.1,45.2,
WO-8184,Injection Molding,IM-001,M-INJ-001,2026-12-28,225.5,71.9,12.4,62.0,45.5,
WO-8185,Injection Molding,IM-001,M-INJ-001,2026-12-28,223.9,66.1,10.2,62.1,47.1,
WO-8186,Injection Molding,IM-001,M-INJ-001,2026-12-29,222.5,68.3,11.2,64.9,50.0,
WO-8187,Injection Molding,IM-001,M-INJ-001,2026-12-30,226.4,65.3,9.6,64.4,48.3,
WO-8188,injection molding,IM-001,M-INJ-001,2026-12-30,225.5,72.6,9.9,67.4,39.1,
WO-8189,Injection Molding,IM-002,M-INJ-002,2025-07-01,229.7,75.2,11.4,71.2,47.3,
WO-8190,Injection Molding,IM-002,M-INJ-002,2025-07-01,215.5,66.8,10.8,64.6,46.6,
WO-8191,Injection Molding,IM-002,M-INJ-002,2025-07-02,224.3,71.7,12.4,68.2,48.2,
WO-8192,Injection Molding,IM-002,M-INJ-002,2025-07-03,213.1,67.5,11.3,57.6,42.3,
WO-8193,Injection Molding,IM-002,M-INJ-002,2025-07-03,221.3,66.4,9.9,62.6,46.9,
WO-8194,Injection Molding,IM-002,M-INJ-002,2025-07-04,219.7,66.4,10.0,66.9,39.0,
WO-8195,Injection Molding,IM-002,M-INJ-002,2025-07-05,222.6,69.0,9.9,58.2,44.3,
WO-8196,Injection Molding,IM-002,M-INJ-002,2025-07-05,214.1,72.4,12.0,61.8,49.2,
WO-8197,Injection Molding,IM-002,M-INJ-002,2025-07-06,215.1,65.6,11.4,65.9,46.3,
WO-8198,Injection Molding,IM-002,M-INJ-002,2025-07-07,232.0,64.2,9.9,59.9,43.1,
WO-8199,Injection Molding,IM-002,M-INJ-002,2025-07-07,217.5,78.1,11.3,65.0,47.8,
WO-8200,  Injection Molding  ,IM-002,M-INJ-002,2025-07-08,215.8,75.9,12.5,63.0,47.4,
WO-8201,Injection Molding,IM-002,M-INJ-002,2025-07-08,217.1,68.2,10.8,59.6,52.0,
WO-8202,Injection Molding,IM-002,M-INJ-002,2025-07-09,215.6,74.2,11.8,66.6,46.3,
WO-8203,Injection Molding,IM-002,M-INJ-002,2025-07-09,221.8,72.6,10.2,59.6,44.8,
WO-8204,Injection Molding,IM-002,M-INJ-002,2025-07-10,214.3,73.8,13.2,71.2,48.7,
WO-8205,Injection Molding,IM-002,M-INJ-002,2025-07-11,218.9,61.2,12.1,67.8,46.2,
WO-8206,Injection Molding,IM-002,M-INJ-002,2025-07-11,220.0,74.5,12.8,66.4,48.6,
WO-8207,injection molding,IM-002,M-INJ-002,2025-07-12,218.4,65.2,10.9,74.3,45.7,
WO-8208,Injection Molding,IM-002,M-INJ-002,2025-07-13,220.9,77.8,11.9,61.4,54.9,
WO-8209,Injection Molding,IM-002,M-INJ-002,2025-07-13,219.0,67.5,12.0,60.3,47.5,
WO-8210,Injection Molding,IM-002,M-INJ-002,2025-07-14,224.2,69.9,9.5,71.9,42.7,
WO-8211,Injection Molding,IM-002,M-INJ-002,2025-07-15,217.2,69.4,10.1,62.1,43.4,
WO-8212,Injection Molding,IM-002,M-INJ-002,2025-07-15,221.1,61.4,10.2,63.6,39.5,
WO-8213,Injection Molding,IM-002,M-INJ-002,2025-07-16,211.4,69.4,11.0,65.2,42.1,
WO-8214,Injection Molding,IM-002,M-INJ-002,2025-07-16,215.9,64.7,9.8,66.6,49.3,
WO-8215,Injection Molding,IM-002,M-INJ-002,2025-07-17,218.8,70.0,12.5,66.8,47.1,
WO-8216,Injection Molding,IM-002,M-INJ-002,2025-07-18,222.2,73.5,11.4,68.4,43.0,
WO-8217,Injection Molding,IM-002,M-INJ-002,2025-07-19,215.7,69.3,12.2,72.5,43.7,
WO-8218,Injection Molding,IM-002,M-INJ-002,2025-07-19,225.1,63.6,11.0,67.5,48.8,
WO-8219,Injection Molding,IM-002,M-INJ-002,2025-07-20,218.6,68.8,12.6,66.3,46.3,
WO-8220,Injection Molding,IM-002,M-INJ-002,2025-07-21,214.1,73.6,11.5,67.6,44.8,
WO-8221,Injection Molding,IM-002,M-INJ-002,2025-07-22,225.1,68.6,11.1,70.2,45.0,
WO-8222,Injection Molding,IM-002,M-INJ-002,2025-07-23,221.0,66.4,11.4,67.0,47.6,
WO-8223,Injection Molding,IM-002,M-INJ-002,2025-07-23,225.6,67.1,10.7,72.5,45.7,
WO-8224,Injection Molding,IM-002,M-INJ-002,2025-07-24,220.3,66.1,12.1,67.6,43.7,
WO-8225,Injection Molding,IM-002,M-INJ-002,2025-07-25,220.7,66.6,11.4,69.5,43.3,
WO-8226,Injection Molding,IM-002,M-INJ-002,2025-07-25,221.5,62.6,10.8,58.0,46.3,
WO-8227,Injection Molding,IM-002,M-INJ-002,2025-07-26,226.3,71.7,9.8,62.4,50.1,
WO-8228,Injection Molding,IM-002,M-INJ-002,2025-07-27,226.7,70.8,12.6,62.9,42.7,
WO-8229,Injection Molding,IM-002,M-INJ-002,2025-07-28,221.3,66.1,9.8,54.0,41.7,
WO-8230,Injection Molding,IM-002,M-INJ-002,2025-07-28,222.6,66.8,10.3,59.9,47.7,
WO-8231,Injection Molding,IM-002,M-INJ-002,2025-07-29,213.4,66.9,13.1,68.8,46.2,
WO-8232,Injection Molding,IM-002,M-INJ-002,2025-07-30,221.4,72.9,13.1,73.2,42.2,
WO-8233,Injection Molding,IM-002,M-INJ-002,2025-07-30,227.6,70.1,11.4,60.3,46.2,
WO-8234,Injection Molding,IM-002,M-INJ-002,2025-07-31,218.6,71.1,11.4,64.3,43.9,
WO-8235,Injection Molding,IM-002,M-INJ-002,2025-08-01,222.2,68.0,9.8,68.7,52.2,
WO-8236,Injection Molding,IM-002,M-INJ-002,2025-08-01,216.5,70.8,11.8,66.4,48.4,
WO-8237,Injection Molding,IM-002,M-INJ-002,2025-08-02,223.0,66.7,10.3,66.4,45.7,
WO-8238,Injection Molding,IM-002,M-INJ-002,2025-08-03,220.9,69.6,10.9,71.3,46.1,
WO-8239,Injection Molding,IM-002,M-INJ-002,2025-08-04,219.9,64.4,11.1,62.3,48.3,
WO-8240,Injection Molding,IM-002,M-INJ-002,2025-08-05,213.1,79.9,10.0,61.3,48.0,
WO-8241,  Injection Molding  ,IM-002,M-INJ-002,2025-08-05,218.9,71.2,12.6,69.7,43.5,
WO-8242,Injection Molding,IM-002,M-INJ-002,2025-08-06,226.3,70.3,11.5,61.1,40.5,
WO-8243,Injection Molding,IM-002,M-INJ-002,2025-08-07,223.0,70.4,13.1,69.4,41.2,
WO-8244,Injection Molding,IM-002,M-INJ-002,2025-08-08,210.3,72.4,10.3,70.3,45.0,
WO-8245,INJECTION MOLDING,IM-002,M-INJ-002,2025-08-08,217.0,67.2,10.9,57.6,44.7,
WO-8246,injection molding,IM-002,M-INJ-002,2025-08-09,222.3,67.0,10.9,67.5,44.9,
WO-8247,Injection Molding,IM-002,M-INJ-002,2025-08-10,223.0,70.3,11.5,61.4,41.0,
WO-8248,Injection Molding,IM-002,M-INJ-002,2025-08-11,223.4,77.1,11.1,69.4,42.5,
WO-8249,injection molding,IM-002,M-INJ-002,2025-08-11,221.0,73.4,11.4,67.6,47.5,
WO-8250,Injection Molding,IM-002,M-INJ-002,2025-08-12,219.7,68.7,10.7,62.1,45.8,
WO-8251,Injection Molding,IM-002,M-INJ-002,2025-08-12,217.7,67.7,10.7,65.6,50.6,
WO-8252,Injection Molding,IM-002,M-INJ-002,2025-08-13,219.9,70.0,10.9,58.7,50.5,
WO-8253,injection molding,IM-002,M-INJ-002,2025-08-13,221.2,72.4,12.5,67.7,42.2,
WO-8254,Injection Molding,IM-002,M-INJ-002,2025-08-14,218.1,63.0,10.7,68.3,40.3,
WO-8255,Injection Molding,IM-002,M-INJ-002,2025-08-15,220.0,71.5,12.1,64.1,44.0,
WO-8256,INJECTION MOLDING,IM-002,M-INJ-002,2025-08-16,225.5,70.2,11.9,59.8,45.0,
WO-8257,Injection Molding,IM-002,M-INJ-002,2025-08-16,218.5,72.1,11.4,70.7,43.4,
WO-8258,Injection Molding,IM-002,M-INJ-002,2025-08-17,220.9,68.8,12.2,69.3,46.4,
WO-8259,Injection Molding,IM-002,M-INJ-002,2025-08-18,225.8,73.5,9.9,54.0,46.6,
WO-8260,Injection Molding,IM-002,M-INJ-002,2025-08-18,223.0,70.2,11.5,67.0,46.4,
WO-8261,Injection Molding,IM-002,M-INJ-002,2025-08-19,213.3,68.5,10.5,61.1,44.5,
WO-8262,Injection Molding,IM-002,M-INJ-002,2025-08-20,219.6,66.7,11.1,67.8,46.5,
WO-8263,Injection Molding,IM-002,M-INJ-002,2025-08-20,219.6,66.5,10.6,63.3,45.0,
WO-8264,INJECTION MOLDING,IM-002,M-INJ-002,2025-08-21,218.5,68.5,10.9,61.6,44.9,
WO-8265,Injection Molding,IM-002,M-INJ-002,2025-08-22,233.0,71.8,11.9,63.9,46.3,
WO-8266,Injection Molding,IM-002,M-INJ-002,2025-08-22,217.6,70.8,9.8,69.6,43.4,
WO-8267,Injection Molding,IM-002,M-INJ-002,2025-08-23,220.1,67.8,10.9,67.9,43.3,
WO-8268,Injection Molding,IM-002,M-INJ-002,2025-08-23,216.2,70.7,11.1,58.7,45.9,
WO-8269,Injection Molding,IM-002,M-INJ-002,2025-08-24,218.8,66.7,9.0,66.1,46.2,
WO-8270,Injection Molding,IM-002,M-INJ-002,2025-08-24,227.2,67.4,11.2,64.7,51.9,
WO-8271,Injection Molding,IM-002,M-INJ-002,2025-08-25,221.2,68.2,10.8,57.7,38.0,
WO-8272,Injection Molding,IM-002,M-INJ-002,2025-08-26,217.0,66.1,10.0,77.6,50.6,
WO-8273,Injection Molding,IM-002,M-INJ-002,2025-08-26,211.1,70.3,11.0,70.5,41.9,
WO-8274,Injection Molding,IM-002,M-INJ-002,2025-08-27,223.8,75.5,12.1,61.1,41.5,
WO-8275,Injection Molding,IM-002,M-INJ-002,2025-08-28,223.0,78.9,13.2,70.5,47.0,
WO-8276,Injection Molding,IM-002,M-INJ-002,2025-08-28,228.3,74.5,8.8,59.3,42.9,
WO-8277,Injection Molding,IM-002,M-INJ-002,2025-08-29,226.1,61.0,12.5,57.9,46.3,
WO-8278,Injection Molding,IM-002,M-INJ-002,2025-08-30,217.9,67.0,10.2,69.0,47.9,
WO-8279,Injection Molding,IM-002,M-INJ-002,2025-08-30,222.3,72.1,12.6,61.0,48.4,
WO-8280,Injection Molding,IM-002,M-INJ-002,2025-08-31,220.9,64.8,12.3,77.8,43.3,
WO-8281,Injection Molding,IM-002,M-INJ-002,2025-09-01,214.3,72.1,10.5,65.9,46.4,
WO-8282,Injection Molding,IM-002,M-INJ-002,2025-09-01,228.4,67.7,10.2,66.5,41.9,
WO-8283,INJECTION MOLDING,IM-002,M-INJ-002,2025-09-02,221.6,75.2,10.2,64.0,41.8,
WO-8284,Injection Molding,IM-002,M-INJ-002,2025-09-03,218.2,74.5,11.4,63.1,49.4,
WO-8285,Injection Molding,IM-002,M-INJ-002,2025-09-03,213.9,77.5,12.3,65.0,45.8,
WO-8286,Injection Molding,IM-002,M-INJ-002,2025-09-04,220.6,70.2,10.6,69.1,39.1,
WO-8287,Injection Molding,IM-002,M-INJ-002,2025-09-05,224.9,64.9,11.9,59.8,44.2,
WO-8288,Injection Molding,IM-002,M-INJ-002,2025-09-06,215.7,68.0,13.1,62.7,45.1,
WO-8289,Injection Molding,IM-002,M-INJ-002,2025-09-06,224.7,74.8,10.4,68.4,42.3,
WO-8290,Injection Molding,IM-002,M-INJ-002,2025-09-07,214.6,69.9,9.4,58.9,46.7,
WO-8291,Injection Molding,IM-002,M-INJ-002,2025-09-08,220.4,78.5,10.9,64.9,42.5,
WO-8292,Injection Molding,IM-002,M-INJ-002,2025-09-08,219.8,67.2,11.2,61.3,43.0,
WO-8293,Injection Molding,IM-002,M-INJ-002,2025-09-09,221.9,64.5,8.5,60.4,45.7,
WO-8294,Injection Molding,IM-002,M-INJ-002,2025-09-10,220.0,73.2,9.4,67.9,43.9,
WO-8295,Injection Molding,IM-002,M-INJ-002,2025-09-10,210.8,78.2,11.6,67.5,43.2,
WO-8296,Injection Molding,IM-002,M-INJ-002,2025-09-11,224.2,70.7,10.6,60.4,44.1,
WO-8297,  Injection Molding  ,IM-002,M-INJ-002,2025-09-12,220.9,67.4,11.5,60.5,46.5,
WO-8298,Injection Molding,IM-002,M-INJ-002,2025-09-12,213.3,62.1,10.8,59.8,46.7,
WO-8299,Injection Molding,IM-002,M-INJ-002,2025-09-13,211.7,70.8,12.6,64.3,50.4,
WO-8300,Injection Molding,IM-002,M-INJ-002,2025-09-13,215.9,73.0,10.8,61.8,43.9,
WO-8301,Injection Molding,IM-002,M-INJ-002,2025-09-14,213.0,68.4,10.9,66.8,42.5,
WO-8302,Injection Molding,IM-002,M-INJ-002,2025-09-15,220.5,70.6,12.2,64.8,47.2,
WO-8303,Injection Molding,IM-002,M-INJ-002,2025-09-15,215.2,67.4,11.4,63.7,42.6,
WO-8304,Injection Molding,IM-002,M-INJ-002,2025-09-16,221.1,73.1,10.8,63.2,43.2,
WO-8305,Injection Molding,IM-002,M-INJ-002,2025-09-16,221.9,67.1,10.9,64.1,45.8,
WO-8306,Injection Molding,IM-002,M-INJ-002,2025-09-17,222.3,71.9,11.5,65.9,42.5,
WO-8307,Injection Molding,IM-002,M-INJ-002,2025-09-18,224.1,68.6,9.3,69.9,47.2,
WO-8308,Injection Molding,IM-002,M-INJ-002,2025-09-18,226.2,70.9,11.2,56.6,45.3,
WO-8309,Injection Molding,IM-002,M-INJ-002,2025-09-19,216.2,72.2,11.9,58.6,45.4,
WO-8310,Injection Molding,IM-002,M-INJ-002,2025-09-19,218.5,65.4,11.9,67.1,46.6,
WO-8311,Injection Molding,IM-002,M-INJ-002,2025-09-20,218.4,75.8,10.0,74.5,42.4,
WO-8312,Injection Molding,IM-002,M-INJ-002,2025-09-21,223.2,74.3,11.3,70.7,47.2,
WO-8313,Injection Molding,IM-002,M-INJ-002,2025-09-21,218.7,70.2,11.2,71.7,39.2,
WO-8314,Injection Molding,IM-002,M-INJ-002,2025-09-22,220.6,67.8,11.9,67.3,41.3,
WO-8315,Injection Molding,IM-002,M-INJ-002,2025-09-23,209.6,71.0,10.9,69.6,48.0,
WO-8316,Injection Molding,IM-002,M-INJ-002,2025-09-24,218.4,69.9,9.9,67.5,38.6,
WO-8317,Injection Molding,IM-002,M-INJ-002,2025-09-25,214.3,71.2,10.4,70.3,49.1,
WO-8318,INJECTION MOLDING,IM-002,M-INJ-002,2025-09-25,220.3,71.9,11.0,55.9,46.1,
WO-8319,Injection Molding,IM-002,M-INJ-002,2025-09-25,220.8,68.8,10.7,64.4,53.1,
WO-8320,Injection Molding,IM-002,M-INJ-002,2025-09-26,220.2,67.6,10.8,58.8,41.7,
WO-8321,Injection Molding,IM-002,M-INJ-002,2025-09-27,224.2,78.8,9.5,62.6,46.9,
WO-8322,Injection Molding,IM-002,M-INJ-002,2025-09-27,219.1,68.1,12.4,70.4,48.4,
WO-8323,Injection Molding,IM-002,M-INJ-002,2025-09-28,220.3,73.6,9.4,52.7,51.7,
WO-8324,Injection Molding,IM-002,M-INJ-002,2025-09-29,218.7,66.7,9.1,65.9,42.9,
WO-8325,Injection Molding,IM-002,M-INJ-002,2025-09-29,219.8,82.6,10.1,62.8,46.6,
WO-8326,Injection Molding,IM-002,M-INJ-002,2025-09-30,228.4,68.5,11.4,67.1,44.0,
WO-8327,Injection Molding,IM-002,M-INJ-002,2025-10-01,218.6,70.9,12.3,67.8,40.2,
WO-8328,Injection Molding,IM-002,M-INJ-002,2025-10-01,225.7,66.7,11.8,62.8,43.5,
WO-8329,Injection Molding,IM-002,M-INJ-002,2025-10-02,222.5,80.8,11.8,68.8,43.3,
WO-8330,Injection Molding,IM-002,M-INJ-002,2025-10-03,222.0,69.5,10.3,64.5,41.8,
WO-8331,Injection Molding,IM-002,M-INJ-002,2025-10-03,220.5,67.7,10.0,63.6,48.0,
WO-8332,Injection Molding,IM-002,M-INJ-002,2025-10-04,218.9,67.8,11.0,69.4,44.2,
WO-8333,Injection Molding,IM-002,M-INJ-002,2025-10-04,218.2,58.5,11.2,58.4,44.8,
WO-8334,Injection Molding,IM-002,M-INJ-002,2025-10-05,209.1,69.5,10.8,65.5,47.7,
WO-8335,Injection Molding,IM-002,M-INJ-002,2025-10-06,220.8,66.9,11.8,65.6,46.6,
WO-8336,Injection Molding,IM-002,M-INJ-002,2025-10-07,222.9,76.9,9.8,65.8,45.3,
WO-8337,Injection Molding,IM-002,M-INJ-002,2025-10-07,216.8,67.3,10.3,66.2,44.9,
WO-8338,Injection Molding,IM-002,M-INJ-002,2025-10-07,214.0,74.2,10.5,56.6,45.0,
WO-8339,Injection Molding,IM-002,M-INJ-002,2025-10-08,233.1,74.6,12.1,67.6,48.1,
WO-8340,Injection Molding,IM-002,M-INJ-002,2025-10-09,223.0,66.2,12.8,70.8,44.5,
WO-8341,Injection Molding,IM-002,M-INJ-002,2025-10-09,223.3,65.0,11.9,65.8,47.5,
WO-8342,Injection Molding,IM-002,M-INJ-002,2025-10-10,219.5,72.1,11.2,64.0,45.0,
WO-8343,Injection Molding,IM-002,M-INJ-002,2025-10-10,225.5,67.2,10.8,66.8,50.1,
WO-8344,Injection Molding,IM-002,M-INJ-002,2025-10-11,223.0,64.1,7.9,70.9,46.5,
WO-8345,Injection Molding,IM-002,M-INJ-002,2025-10-12,229.3,75.5,11.4,64.9,49.2,
WO-8346,Injection Molding,IM-002,M-INJ-002,2025-10-12,220.6,63.4,12.9,65.4,44.7,
WO-8347,Injection Molding,IM-002,M-INJ-002,2025-10-13,217.9,67.2,10.4,63.3,45.4,
WO-8348,Injection Molding,IM-002,M-INJ-002,2025-10-14,226.6,68.1,12.3,63.8,46.1,
WO-8349,Injection Molding,IM-002,M-INJ-002,2025-10-14,217.8,71.9,10.7,64.8,48.7,
WO-8350,Injection Molding,IM-002,M-INJ-002,2025-10-15,221.0,64.3,13.2,59.6,46.3,
WO-8351,Injection Molding,IM-002,M-INJ-002,2025-10-16,217.3,69.4,10.7,65.1,43.9,
WO-8352,Injection Molding,IM-002,M-INJ-002,2025-10-16,216.2,67.4,12.0,69.7,48.9,
WO-8353,Injection Molding,IM-002,M-INJ-002,2025-10-17,221.0,64.6,11.2,66.3,38.2,
WO-8354,Injection Molding,IM-002,M-INJ-002,2025-10-17,224.1,69.8,10.5,61.8,43.8,
WO-8355,Injection Molding,IM-002,M-INJ-002,2025-10-18,211.8,68.5,11.5,66.2,45.3,
WO-8356,Injection Molding,IM-002,M-INJ-002,2025-10-19,212.4,71.1,11.2,75.6,41.9,
WO-8357,injection molding,IM-002,M-INJ-002,2025-10-19,218.3,70.6,10.6,64.3,50.5,
WO-8358,Injection Molding,IM-002,M-INJ-002,2025-10-19,213.4,69.1,12.1,63.7,45.2,
WO-8359,Injection Molding,IM-002,M-INJ-002,2025-10-20,217.6,70.8,11.9,63.4,43.9,
WO-8360,Injection Molding,IM-002,M-INJ-002,2025-10-20,224.5,70.2,11.6,62.4,45.6,
WO-8361,Injection Molding,IM-002,M-INJ-002,2025-10-21,222.8,71.1,11.5,65.0,40.4,
WO-8362,Injection Molding,IM-002,M-INJ-002,2025-10-22,224.9,72.8,10.7,73.7,41.9,
WO-8363,Injection Molding,IM-002,M-INJ-002,2025-10-22,220.9,72.0,11.0,59.8,47.0,
WO-8364,Injection Molding,IM-002,M-INJ-002,2025-10-23,222.7,63.0,10.2,64.6,40.4,
WO-8365,Injection Molding,IM-002,M-INJ-002,2025-10-24,221.3,69.6,11.5,69.8,44.4,
WO-8366,Injection Molding,IM-002,M-INJ-002,2025-10-25,232.9,68.8,10.2,60.0,44.5,
WO-8367,Injection Molding,IM-002,M-INJ-002,2025-10-25,216.1,77.4,12.0,63.3,44.9,
WO-8368,injection molding,IM-002,M-INJ-002,2025-10-26,222.2,66.4,11.3,67.5,48.5,
WO-8369,Injection Molding,IM-002,M-INJ-002,2025-10-27,220.0,70.2,10.0,65.9,44.7,
WO-8370,Injection Molding,IM-002,M-INJ-002,2025-10-27,219.8,65.8,11.2,61.8,41.8,
WO-8371,Injection Molding,IM-002,M-INJ-002,2025-10-28,228.1,72.5,10.1,62.1,48.8,
WO-8372,Injection Molding,IM-002,M-INJ-002,2025-10-29,224.9,73.6,9.8,61.0,45.8,
WO-8373,Injection Molding,IM-002,M-INJ-002,2025-10-29,224.5,68.2,11.9,57.1,40.8,
WO-8374,Injection Molding,IM-002,M-INJ-002,2025-10-30,228.5,61.6,10.7,63.1,42.4,
WO-8375,Injection Molding,IM-002,M-INJ-002,2025-10-30,220.9,75.0,11.2,72.6,44.0,
WO-8376,Injection Molding,IM-002,M-INJ-002,2025-10-31,219.9,71.7,13.1,57.4,46.1,
WO-8377,Injection Molding,IM-002,M-INJ-002,2025-11-01,223.7,74.4,11.2,56.9,50.5,
WO-8378,Injection Molding,IM-002,M-INJ-002,2025-11-01,218.6,70.4,11.8,61.9,45.6,
WO-8379,Injection Molding,IM-002,M-INJ-002,2025-11-02,210.5,66.2,11.0,67.0,45.1,
WO-8380,Injection Molding,IM-002,M-INJ-002,2025-11-02,223.0,69.5,11.3,66.4,45.8,
WO-8381,Injection Molding,IM-002,M-INJ-002,2025-11-03,229.7,72.7,10.3,63.0,46.7,
WO-8382,Injection Molding,IM-002,M-INJ-002,2025-11-03,224.7,68.1,11.9,69.1,40.8,
WO-8383,Injection Molding,IM-002,M-INJ-002,2025-11-04,219.7,72.5,13.8,65.7,48.5,
WO-8384,Injection Molding,IM-002,M-INJ-002,2025-11-04,219.8,75.7,9.9,59.5,45.1,
WO-8385,Injection Molding,IM-002,M-INJ-002,2025-11-05,226.5,75.5,11.9,69.7,40.0,
WO-8386,Injection Molding,IM-002,M-INJ-002,2025-11-05,217.1,69.1,11.5,65.2,46.7,
WO-8387,Injection Molding,IM-002,M-INJ-002,2025-11-06,222.1,69.6,11.4,61.4,41.6,
WO-8388,Injection Molding,IM-002,M-INJ-002,2025-11-06,223.1,79.1,11.6,65.5,51.9,
WO-8389,Injection Molding,IM-002,M-INJ-002,2025-11-07,217.9,68.2,8.8,75.2,48.8,
WO-8390,Injection Molding,IM-002,M-INJ-002,2025-11-08,217.7,66.2,10.2,74.0,43.2,
WO-8391,Injection Molding,IM-002,M-INJ-002,2025-11-08,214.0,67.1,11.8,55.8,49.3,
WO-8392,Injection Molding,IM-002,M-INJ-002,2025-11-09,222.4,72.7,12.1,58.4,45.7,
WO-8393,Injection Molding,IM-002,M-INJ-002,2025-11-10,223.2,69.7,11.8,61.5,42.4,
WO-8394,Injection Molding,IM-002,M-INJ-002,2025-11-10,221.2,71.5,9.1,60.7,44.1,
WO-8395,Injection Molding,IM-002,M-INJ-002,2025-11-11,226.9,68.8,11.2,75.9,47.2,
WO-8396,Injection Molding,IM-002,M-INJ-002,2025-11-11,214.0,74.8,10.6,60.2,42.9,
WO-8397,Injection Molding,IM-002,M-INJ-002,2025-11-12,220.5,67.0,10.5,62.3,48.4,
WO-8398,Injection Molding,IM-002,M-INJ-002,2025-11-13,220.6,72.9,9.0,67.6,44.3,
WO-8399,Injection Molding,IM-002,M-INJ-002,2025-11-13,215.0,66.3,11.7,65.6,46.0,
WO-8400,Injection Molding,IM-002,M-INJ-002,2025-11-14,218.5,66.3,11.1,66.3,55.3,
WO-8401,Injection Molding,IM-002,M-INJ-002,2025-11-14,219.9,69.6,12.5,58.8,43.6,
WO-8402,Injection Molding,IM-002,M-INJ-002,2025-11-15,221.0,76.3,12.6,67.3,43.6,
WO-8403,Injection Molding,IM-002,M-INJ-002,2025-11-15,217.7,68.7,10.5,58.3,46.5,
WO-8404,Injection Molding,IM-002,M-INJ-002,2025-11-16,213.2,75.7,9.9,63.4,41.3,
WO-8405,Injection Molding,IM-002,M-INJ-002,2025-11-17,214.5,66.9,9.8,61.9,45.1,
WO-8406,injection molding,IM-002,M-INJ-002,2025-11-17,223.1,69.3,10.7,63.1,48.3,
WO-8407,Injection Molding,IM-002,M-INJ-002,2025-11-18,224.6,64.6,11.5,65.0,48.2,
WO-8408,Injection Molding,IM-002,M-INJ-002,2025-11-19,226.0,67.5,10.5,60.0,44.0,
WO-8409,Injection Molding,IM-002,M-INJ-002,2025-11-20,227.8,59.7,13.0,64.0,41.5,
WO-8410,Injection Molding,IM-002,M-INJ-002,2025-11-20,220.2,72.0,10.5,67.2,39.3,
WO-8411,Injection Molding,IM-002,M-INJ-002,2025-11-21,213.0,73.3,11.6,67.7,43.0,
WO-8412,Injection Molding,IM-002,M-INJ-002,2025-11-22,219.6,69.3,11.8,65.6,42.6,
WO-8413,Injection Molding,IM-002,M-INJ-002,2025-11-22,225.4,69.4,14.1,65.5,51.7,
WO-8414,Injection Molding,IM-002,M-INJ-002,2025-11-23,222.9,74.0,11.5,64.8,40.1,
WO-8415,Injection Molding,IM-002,M-INJ-002,2025-11-24,227.5,65.8,12.0,63.3,47.8,
WO-8416,Injection Molding,IM-002,M-INJ-002,2025-11-24,224.1,72.6,10.5,55.3,48.2,
WO-8417,Injection Molding,IM-002,M-INJ-002,2025-11-25,220.8,72.2,11.3,57.4,48.4,
WO-8418,Injection Molding,IM-002,M-INJ-002,2025-11-25,215.3,76.1,10.0,65.6,42.3,
WO-8419,Injection Molding,IM-002,M-INJ-002,2025-11-26,221.4,66.0,10.6,63.4,44.5,
WO-8420,Injection Molding,IM-002,M-INJ-002,2025-11-27,212.7,71.8,11.9,71.7,48.6,
WO-8421,Injection Molding,IM-002,M-INJ-002,2025-11-27,214.1,68.0,10.5,59.8,49.6,
WO-8422,Injection Molding,IM-002,M-INJ-002,2025-11-28,218.5,76.5,9.0,61.4,46.6,
WO-8423,Injection Molding,IM-002,M-INJ-002,2025-11-29,222.2,71.8,13.0,73.0,44.3,
WO-8424,Injection Molding,IM-002,M-INJ-002,2025-11-30,226.5,66.6,10.7,62.1,42.8,
WO-8425,Injection Molding,IM-002,M-INJ-002,2025-12-01,219.5,65.8,11.3,61.0,40.9,
WO-8426,Injection Molding,IM-002,M-INJ-002,2025-12-01,227.0,70.5,11.3,75.3,45.7,
WO-8427,Injection Molding,IM-002,M-INJ-002,2025-12-02,215.6,73.7,12.9,68.5,45.8,
WO-8428,Injection Molding,IM-002,M-INJ-002,2025-12-02,215.0,71.9,10.1,64.2,46.0,
WO-8429,Injection Molding,IM-002,M-INJ-002,2025-12-03,217.1,68.2,9.5,63.5,46.5,
WO-8430,Injection Molding,IM-002,M-INJ-002,2025-12-04,229.0,70.8,9.2,65.8,46.2,
WO-8431,Injection Molding,IM-002,M-INJ-002,2025-12-05,218.5,72.3,11.1,63.7,44.0,
WO-8432,Injection Molding,IM-002,M-INJ-002,2025-12-05,222.5,69.4,10.3,61.3,44.6,
WO-8433,Injection Molding,IM-002,M-INJ-002,2025-12-06,218.2,72.0,10.9,68.1,43.0,
WO-8434,Injection Molding,IM-002,M-INJ-002,2025-12-07,214.6,70.6,10.7,68.5,39.6,
WO-8435,Injection Molding,IM-002,M-INJ-002,2025-12-08,219.2,67.5,9.8,65.8,45.7,
WO-8436,injection molding,IM-002,M-INJ-002,2025-12-08,220.5,72.2,11.8,63.2,39.0,
WO-8437,Injection Molding,IM-002,M-INJ-002,2025-12-09,217.8,73.7,8.6,67.8,41.6,
WO-8438,Injection Molding,IM-002,M-INJ-002,2025-12-10,224.8,72.9,11.5,62.7,41.7,
WO-8439,Injection Molding,IM-002,M-INJ-002,2025-12-11,218.2,59.0,9.4,61.4,41.6,
WO-8440,Injection Molding,IM-002,M-INJ-002,2025-12-11,220.8,71.0,10.4,69.4,50.1,
WO-8441,Injection Molding,IM-002,M-INJ-002,2025-12-12,213.3,67.4,12.0,66.5,43.3,
WO-8442,Injection Molding,IM-002,M-INJ-002,2025-12-13,220.1,70.2,11.1,62.0,45.0,
WO-8443,Injection Molding,IM-002,M-INJ-002,2025-12-13,216.7,76.1,12.2,55.5,43.0,
WO-8444,Injection Molding,IM-002,M-INJ-002,2025-12-14,220.9,68.7,11.3,57.3,45.8,
WO-8445,Injection Molding,IM-002,M-INJ-002,2025-12-15,221.3,68.4,10.8,64.8,46.4,
WO-8446,Injection Molding,IM-002,M-INJ-002,2025-12-16,223.4,71.3,11.8,68.2,49.0,
WO-8447,Injection Molding,IM-002,M-INJ-002,2025-12-16,229.9,70.3,9.7,57.9,42.2,
WO-8448,Injection Molding,IM-002,M-INJ-002,2025-12-17,218.2,72.1,10.7,69.1,45.9,
WO-8449,Injection Molding,IM-002,M-INJ-002,2025-12-17,223.8,69.6,9.2,58.5,46.5,
WO-8450,Injection Molding,IM-002,M-INJ-002,2025-12-18,230.1,70.8,9.6,61.9,43.2,
WO-8451,Injection Molding,IM-002,M-INJ-002,2025-12-19,215.6,72.9,12.3,69.2,47.1,
WO-8452,Injection Molding,IM-002,M-INJ-002,2025-12-19,220.7,69.3,11.7,67.3,50.0,
WO-8453,Injection Molding,IM-002,M-INJ-002,2025-12-20,220.1,70.2,11.1,61.0,42.1,
WO-8454,Injection Molding,IM-002,M-INJ-002,2025-12-21,219.8,70.3,12.3,67.8,45.6,
WO-8455,Injection Molding,IM-002,M-INJ-002,2025-12-21,220.0,67.5,10.7,58.0,45.9,
WO-8456,Injection Molding,IM-002,M-INJ-002,2025-12-22,217.8,73.5,12.0,68.5,47.1,
WO-8457,Injection Molding,IM-002,M-INJ-002,2025-12-22,208.2,65.3,10.3,68.8,48.2,
WO-8458,Injection Molding,IM-002,M-INJ-002,2025-12-23,224.1,69.9,10.5,73.2,43.4,
WO-8459,Injection Molding,IM-002,M-INJ-002,2025-12-23,219.6,75.5,10.2,62.2,35.0,
WO-8460,Injection Molding,IM-002,M-INJ-002,2025-12-24,218.7,66.0,10.1,72.4,41.3,
WO-8461,Injection Molding,IM-002,M-INJ-002,2025-12-24,218.2,68.8,10.0,61.0,45.4,
WO-8462,Injection Molding,IM-002,M-INJ-002,2025-12-25,212.4,72.3,10.9,68.4,46.3,
WO-8463,Injection Molding,IM-002,M-INJ-002,2025-12-26,223.2,71.4,11.8,61.1,43.0,
WO-8464,Injection Molding,IM-002,M-INJ-002,2025-12-27,219.3,72.3,10.9,63.8,38.4,
WO-8465,Injection Molding,IM-002,M-INJ-002,2025-12-27,222.7,69.7,12.9,64.8,47.7,
WO-8466,Injection Molding,IM-002,M-INJ-002,2025-12-28,222.2,68.1,9.9,68.9,46.3,
WO-8467,Injection Molding,IM-002,M-INJ-002,2025-12-29,219.0,72.8,10.0,62.5,44.5,
WO-8468,Injection Molding,IM-002,M-INJ-002,2025-12-29,211.5,69.6,10.5,72.3,47.4,
WO-8469,Injection Molding,IM-002,M-INJ-002,2025-12-30,218.5,67.2,9.8,65.7,49.6,
WO-8470,Injection Molding,IM-002,M-INJ-002,2025-12-31,214.1,66.9,10.5,59.0,46.3,
WO-8471,Injection Molding,IM-002,M-INJ-002,2025-12-31,212.5,70.1,10.8,68.1,45.9,
WO-8472,Injection Molding,IM-002,M-INJ-002,2026-01-01,223.7,73.7,11.6,64.1,37.3,
WO-8473,INJECTION MOLDING,IM-002,M-INJ-002,2026-01-01,215.8,73.0,10.7,62.2,45.7,
WO-8474,  Injection Molding  ,IM-002,M-INJ-002,2026-01-02,218.0,75.8,10.9,72.2,44.1,
WO-8475,Injection Molding,IM-002,M-INJ-002,2026-01-03,217.8,69.9,9.4,68.6,43.6,
WO-8476,  Injection Molding  ,IM-002,M-INJ-002,2026-01-04,217.1,66.8,9.8,59.6,47.1,
WO-8477,Injection Molding,IM-002,M-INJ-002,2026-01-04,217.3,69.1,12.2,65.3,42.9,
WO-8478,Injection Molding,IM-002,M-INJ-002,2026-01-05,214.3,70.4,7.2,70.6,45.3,
WO-8479,  Injection Molding  ,IM-002,M-INJ-002,2026-01-05,217.9,72.4,10.6,64.8,44.1,
WO-8480,Injection Molding,IM-002,M-INJ-002,2026-01-06,225.0,72.0,9.8,56.0,45.7,
WO-8481,injection molding,IM-002,M-INJ-002,2026-01-07,221.7,73.9,10.3,70.2,45.0,
WO-8482,Injection Molding,IM-002,M-INJ-002,2026-01-07,225.7,68.6,11.7,56.7,41.6,
WO-8483,Injection Molding,IM-002,M-INJ-002,2026-01-08,213.0,69.9,10.7,66.4,43.1,
WO-8484,Injection Molding,IM-002,M-INJ-002,2026-01-08,219.2,70.6,11.1,69.4,38.5,
WO-8485,INJECTION MOLDING,IM-002,M-INJ-002,2026-01-09,215.0,73.0,10.8,64.7,54.5,
WO-8486,Injection Molding,IM-002,M-INJ-002,2026-01-10,210.3,78.2,11.4,74.6,45.1,
WO-8487,Injection Molding,IM-002,M-INJ-002,2026-01-11,230.6,70.5,11.2,59.7,40.2,
WO-8488,Injection Molding,IM-002,M-INJ-002,2026-01-11,208.2,67.2,11.2,68.5,49.5,
WO-8489,Injection Molding,IM-002,M-INJ-002,2026-01-12,216.6,68.5,10.1,66.8,44.4,
WO-8490,Injection Molding,IM-002,M-INJ-002,2026-01-13,220.5,73.1,11.5,61.4,46.6,
WO-8491,Injection Molding,IM-002,M-INJ-002,2026-01-14,217.5,72.2,11.7,72.8,39.4,
WO-8492,Injection Molding,IM-002,M-INJ-002,2026-01-14,223.5,72.0,10.2,74.3,41.5,
WO-8493,Injection Molding,IM-002,M-INJ-002,2026-01-15,222.5,68.8,12.5,63.9,45.1,
WO-8494,Injection Molding,IM-002,M-INJ-002,2026-01-16,225.3,73.3,11.5,57.5,47.1,
WO-8495,Injection Molding,IM-002,M-INJ-002,2026-01-16,215.3,71.2,11.1,62.0,40.2,
WO-8496,injection molding,IM-002,M-INJ-002,2026-01-17,209.7,64.7,10.3,62.9,43.8,
WO-8497,INJECTION MOLDING,IM-002,M-INJ-002,2026-01-18,221.4,68.7,9.6,67.2,45.6,
WO-8498,Injection Molding,IM-002,M-INJ-002,2026-01-18,220.8,70.6,12.1,67.5,43.5,
WO-8499,Injection Molding,IM-002,M-INJ-002,2026-01-19,218.9,72.2,10.5,67.9,41.5,
WO-8500,Injection Molding,IM-002,M-INJ-002,2026-01-20,214.7,71.9,9.3,75.9,38.3,
WO-8501,INJECTION MOLDING,IM-002,M-INJ-002,2026-01-21,222.2,78.4,9.3,72.5,46.9,
WO-8502,Injection Molding,IM-002,M-INJ-002,2026-01-21,219.4,64.5,11.8,61.4,44.0,
WO-8503,  Injection Molding  ,IM-002,M-INJ-002,2026-01-22,228.2,76.0,11.2,63.8,46.5,
WO-8504,Injection Molding,IM-002,M-INJ-002,2026-01-23,213.2,70.6,10.8,67.9,43.4,
WO-8505,Injection Molding,IM-002,M-INJ-002,2026-01-23,219.9,68.5,10.8,59.6,44.2,
WO-8506,Injection Molding,IM-002,M-INJ-002,2026-01-24,219.2,70.8,11.3,62.4,41.2,
WO-8507,Injection Molding,IM-002,M-INJ-002,2026-01-24,218.7,68.0,12.3,61.8,51.1,
WO-8508,  Injection Molding  ,IM-002,M-INJ-002,2026-01-25,217.5,71.4,10.8,60.9,42.6,
WO-8509,Injection Molding,IM-002,M-INJ-002,2026-01-26,220.3,67.5,9.4,68.2,41.8,
WO-8510,injection molding,IM-002,M-INJ-002,2026-01-26,223.4,74.2,10.4,71.9,48.8,
WO-8511,Injection Molding,IM-002,M-INJ-002,2026-01-27,219.7,74.2,10.7,59.3,46.8,
WO-8512,Injection Molding,IM-002,M-INJ-002,2026-01-28,223.6,74.7,13.6,67.7,45.1,
WO-8513,Injection Molding,IM-002,M-INJ-002,2026-01-29,220.0,71.5,10.8,68.5,43.1,
WO-8514,Injection Molding,IM-002,M-INJ-002,2026-01-29,214.0,74.3,12.2,64.9,44.1,
WO-8515,Injection Molding,IM-002,M-INJ-002,2026-01-30,216.0,63.3,12.0,73.2,43.6,
WO-8516,Injection Molding,IM-002,M-INJ-002,2026-01-30,220.6,63.4,7.8,62.8,46.8,
WO-8517,Injection Molding,IM-002,M-INJ-002,2026-01-31,224.3,70.2,10.3,56.9,46.3,
WO-8518,Injection Molding,IM-002,M-INJ-002,2026-01-31,212.8,72.0,12.4,56.1,45.6,
WO-8519,Injection Molding,IM-002,M-INJ-002,2026-02-01,221.4,71.3,13.0,62.2,42.3,
WO-8520,Injection Molding,IM-002,M-INJ-002,2026-02-01,214.1,70.4,13.5,65.0,42.2,
WO-8521,Injection Molding,IM-002,M-INJ-002,2026-02-02,225.8,69.7,11.9,65.7,40.8,
WO-8522,Injection Molding,IM-002,M-INJ-002,2026-02-03,216.3,71.4,10.4,59.2,42.7,
WO-8523,Injection Molding,IM-002,M-INJ-002,2026-02-04,219.6,67.3,10.8,59.2,48.2,
WO-8524,Injection Molding,IM-002,M-INJ-002,2026-02-04,222.6,69.8,11.9,65.4,45.8,
WO-8525,Injection Molding,IM-002,M-INJ-002,2026-02-05,222.8,73.3,10.1,62.5,46.6,
WO-8526,Injection Molding,IM-002,M-INJ-002,2026-02-06,217.3,72.9,10.7,71.6,44.7,
WO-8527,Injection Molding,IM-002,M-INJ-002,2026-02-06,225.3,68.2,9.7,64.9,42.5,
WO-8528,Injection Molding,IM-002,M-INJ-002,2026-02-07,219.3,69.5,12.8,69.4,50.3,
WO-8529,Injection Molding,IM-002,M-INJ-002,2026-02-07,222.1,73.4,11.3,74.7,46.3,
WO-8530,Injection Molding,IM-002,M-INJ-002,2026-02-08,219.6,66.0,11.7,64.6,47.3,
WO-8531,INJECTION MOLDING,IM-002,M-INJ-002,2026-02-08,223.6,75.2,11.6,70.7,39.8,
WO-8532,Injection Molding,IM-002,M-INJ-002,2026-02-09,222.8,66.8,9.9,69.1,42.2,
WO-8533,Injection Molding,IM-002,M-INJ-002,2026-02-10,227.0,68.9,11.8,67.1,50.7,
WO-8534,Injection Molding,IM-002,M-INJ-002,2026-02-10,216.3,71.9,10.6,58.6,46.8,
WO-8535,Injection Molding,IM-002,M-INJ-002,2026-02-11,213.8,66.5,10.1,70.3,44.8,
WO-8536,Injection Molding,IM-002,M-INJ-002,2026-02-11,222.2,72.1,14.3,65.3,43.6,
WO-8537,Injection Molding,IM-002,M-INJ-002,2026-02-12,218.4,70.9,10.8,59.0,42.2,
WO-8538,Injection Molding,IM-002,M-INJ-002,2026-02-13,214.2,71.4,12.5,69.6,42.7,
WO-8539,Injection Molding,IM-002,M-INJ-002,2026-02-13,222.8,69.5,9.9,60.4,46.5,
WO-8540,Injection Molding,IM-002,M-INJ-002,2026-02-14,210.7,62.1,10.8,58.6,41.3,
WO-8541,injection molding,IM-002,M-INJ-002,2026-02-15,220.3,72.7,12.0,62.7,45.0,
WO-8542,Injection Molding,IM-002,M-INJ-002,2026-02-16,214.8,77.2,11.1,72.4,43.2,
WO-8543,Injection Molding,IM-002,M-INJ-002,2026-02-17,221.2,67.9,9.7,64.9,40.7,
WO-8544,  Injection Molding  ,IM-002,M-INJ-002,2026-02-17,219.2,72.1,10.5,70.4,47.7,
WO-8545,Injection Molding,IM-002,M-INJ-002,2026-02-18,222.4,77.1,10.8,71.6,42.8,
WO-8546,Injection Molding,IM-002,M-INJ-002,2026-02-19,221.5,70.6,11.8,69.1,47.9,
WO-8547,Injection Molding,IM-002,M-INJ-002,2026-02-20,214.9,69.5,9.9,59.0,48.2,
WO-8548,Injection Molding,IM-002,M-INJ-002,2026-02-21,213.0,70.4,11.2,76.8,43.2,
WO-8549,Injection Molding,IM-002,M-INJ-002,2026-02-22,221.2,71.7,11.3,64.5,52.2,
WO-8550,Injection Molding,IM-002,M-INJ-002,2026-02-22,224.9,68.7,11.7,60.8,45.0,
WO-8551,Injection Molding,IM-002,M-INJ-002,2026-02-23,218.9,66.7,13.1,67.4,51.4,
WO-8552,INJECTION MOLDING,IM-002,M-INJ-002,2026-02-23,218.2,68.1,8.9,55.5,46.3,
WO-8553,Injection Molding,IM-002,M-INJ-002,2026-02-24,211.5,70.3,10.6,66.7,42.7,
WO-8554,Injection Molding,IM-002,M-INJ-002,2026-02-25,225.4,71.7,11.2,59.3,44.1,
WO-8555,Injection Molding,IM-002,M-INJ-002,2026-02-25,222.0,67.7,12.0,64.3,45.8,
WO-8556,Injection Molding,IM-002,M-INJ-002,2026-02-26,224.7,71.0,10.3,58.9,46.1,
WO-8557,Injection Molding,IM-002,M-INJ-002,2026-02-27,217.9,68.3,10.8,60.4,41.5,
WO-8558,Injection Molding,IM-002,M-INJ-002,2026-02-27,217.7,73.1,10.3,61.1,41.1,
WO-8559,Injection Molding,IM-002,M-INJ-002,2026-02-28,224.7,66.6,11.8,72.8,46.5,
WO-8560,Injection Molding,IM-002,M-INJ-002,2026-03-01,227.4,62.6,12.0,68.1,42.3,
WO-8561,Injection Molding,IM-002,M-INJ-002,2026-03-01,217.7,68.0,14.5,60.4,46.5,
WO-8562,Injection Molding,IM-002,M-INJ-002,2026-03-02,221.2,71.2,12.9,54.4,49.7,
WO-8563,Injection Molding,IM-002,M-INJ-002,2026-03-03,220.5,70.7,10.9,60.1,42.8,
WO-8564,INJECTION MOLDING,IM-002,M-INJ-002,2026-03-03,222.5,66.3,11.8,63.1,45.9,
WO-8565,Injection Molding,IM-002,M-INJ-002,2026-03-04,219.9,67.6,11.4,62.3,44.0,
WO-8566,Injection Molding,IM-002,M-INJ-002,2026-03-05,211.3,73.4,12.5,66.8,44.3,
WO-8567,Injection Molding,IM-002,M-INJ-002,2026-03-05,220.7,77.2,11.2,66.0,37.9,
WO-8568,Injection Molding,IM-002,M-INJ-002,2026-03-06,220.1,76.9,7.7,66.1,41.7,
WO-8569,Injection Molding,IM-002,M-INJ-002,2026-03-07,221.1,70.9,10.6,71.0,47.1,
WO-8570,Injection Molding,IM-002,M-INJ-002,2026-03-08,214.1,68.1,11.4,65.5,51.1,
WO-8571,Injection Molding,IM-002,M-INJ-002,2026-03-09,217.1,61.5,11.8,65.6,43.2,
WO-8572,Injection Molding,IM-002,M-INJ-002,2026-03-09,218.0,68.9,11.4,60.9,41.7,
WO-8573,Injection Molding,IM-002,M-INJ-002,2026-03-10,219.9,69.3,11.7,69.7,41.3,
WO-8574,Injection Molding,IM-002,M-INJ-002,2026-03-11,226.9,70.8,11.9,52.9,47.4,
WO-8575,Injection Molding,IM-002,M-INJ-002,2026-03-11,223.1,67.6,11.5,69.4,42.1,
WO-8576,Injection Molding,IM-002,M-INJ-002,2026-03-12,227.6,73.1,8.3,70.7,43.6,
WO-8577,Injection Molding,IM-002,M-INJ-002,2026-03-13,221.3,70.1,11.0,67.3,50.4,
WO-8578,Injection Molding,IM-002,M-INJ-002,2026-03-13,225.8,64.1,11.2,61.7,44.4,
WO-8579,Injection Molding,IM-002,M-INJ-002,2026-03-14,226.8,77.9,10.5,61.3,40.8,
WO-8580,Injection Molding,IM-002,M-INJ-002,2026-03-15,221.1,72.3,11.8,65.7,39.5,
WO-8581,Injection Molding,IM-002,M-INJ-002,2026-03-16,228.3,72.7,11.5,59.9,46.9,
WO-8582,Injection Molding,IM-002,M-INJ-002,2026-03-17,213.0,67.2,10.3,74.5,41.2,
WO-8583,Injection Molding,IM-002,M-INJ-002,2026-03-17,215.9,61.0,12.1,65.4,40.0,
WO-8584,Injection Molding,IM-002,M-INJ-002,2026-03-18,229.0,71.4,9.7,61.7,45.9,
WO-8585,Injection Molding,IM-002,M-INJ-002,2026-03-19,215.0,74.5,9.0,63.5,42.0,
WO-8586,Injection Molding,IM-002,M-INJ-002,2026-03-20,223.3,73.3,9.3,66.0,42.4,
WO-8587,  Injection Molding  ,IM-002,M-INJ-002,2026-03-20,219.8,69.9,11.4,74.4,45.2,
WO-8588,Injection Molding,IM-002,M-INJ-002,2026-03-20,229.5,61.6,10.1,72.7,44.7,
WO-8589,Injection Molding,IM-002,M-INJ-002,2026-03-21,220.1,64.9,10.8,58.9,47.6,
WO-8590,Injection Molding,IM-002,M-INJ-002,2026-03-22,216.6,65.3,9.1,64.3,39.0,
WO-8591,injection molding,IM-002,M-INJ-002,2026-03-22,231.4,70.3,11.0,74.9,43.1,
WO-8592,Injection Molding,IM-002,M-INJ-002,2026-03-23,223.7,69.9,12.0,63.9,41.6,
WO-8593,Injection Molding,IM-002,M-INJ-002,2026-03-23,216.2,67.9,10.2,68.4,46.8,
WO-8594,Injection Molding,IM-002,M-INJ-002,2026-03-24,219.6,76.4,11.4,54.4,43.8,
WO-8595,Injection Molding,IM-002,M-INJ-002,2026-03-25,224.2,68.9,13.1,62.9,47.0,
WO-8596,Injection Molding,IM-002,M-INJ-002,2026-03-25,219.3,68.7,9.8,62.1,42.3,
WO-8597,Injection Molding,IM-002,M-INJ-002,2026-03-26,221.0,68.8,12.7,68.3,51.3,
WO-8598,Injection Molding,IM-002,M-INJ-002,2026-03-27,221.3,81.2,8.8,73.2,43.9,
WO-8599,Injection Molding,IM-002,M-INJ-002,2026-03-28,217.8,69.6,12.9,65.3,41.7,
WO-8600,Injection Molding,IM-002,M-INJ-002,2026-03-28,212.7,65.1,11.8,61.2,32.2,
WO-8601,INJECTION MOLDING,IM-002,M-INJ-002,2026-03-29,226.1,66.1,12.5,67.5,45.0,
WO-8602,Injection Molding,IM-002,M-INJ-002,2026-03-30,218.0,66.7,11.6,62.4,44.3,
WO-8603,Injection Molding,IM-002,M-INJ-002,2026-03-31,220.8,59.6,9.3,59.7,46.8,
WO-8604,Injection Molding,IM-002,M-INJ-002,2026-03-31,224.7,74.9,12.5,70.6,45.0,
WO-8605,Injection Molding,IM-002,M-INJ-002,2026-04-01,222.5,70.2,11.6,57.0,48.4,
WO-8606,Injection Molding,IM-002,M-INJ-002,2026-04-02,213.8,72.3,9.5,73.5,44.1,
WO-8607,Injection Molding,IM-002,M-INJ-002,2026-04-02,226.2,79.4,10.3,74.8,49.5,
WO-8608,Injection Molding,IM-002,M-INJ-002,2026-04-03,214.6,67.5,11.0,70.0,43.3,
WO-8609,Injection Molding,IM-002,M-INJ-002,2026-04-04,222.7,72.0,12.0,60.5,45.0,
WO-8610,Injection Molding,IM-002,M-INJ-002,2026-04-04,224.5,69.9,9.8,60.8,45.8,
WO-8611,Injection Molding,IM-002,M-INJ-002,2026-04-05,220.5,64.9,9.2,73.3,49.6,
WO-8612,INJECTION MOLDING,IM-002,M-INJ-002,2026-04-05,222.8,73.5,10.7,60.0,47.0,
WO-8613,Injection Molding,IM-002,M-INJ-002,2026-04-06,220.8,68.1,11.1,67.1,40.2,
WO-8614,Injection Molding,IM-002,M-INJ-002,2026-04-07,226.5,78.2,12.1,65.9,37.8,
WO-8615,Injection Molding,IM-002,M-INJ-002,2026-04-07,223.7,63.0,9.7,61.0,40.2,
WO-8616,Injection Molding,IM-002,M-INJ-002,2026-04-08,220.9,71.1,12.3,63.8,49.8,
WO-8617,Injection Molding,IM-002,M-INJ-002,2026-04-08,220.9,73.4,9.0,70.6,46.9,
WO-8618,Injection Molding,IM-002,M-INJ-002,2026-04-09,219.0,71.5,11.8,66.7,45.6,
WO-8619,Injection Molding,IM-002,M-INJ-002,2026-04-10,214.2,77.0,10.5,72.2,50.1,
WO-8620,Injection Molding,IM-002,M-INJ-002,2026-04-10,218.8,61.9,9.9,64.2,49.3,
WO-8621,Injection Molding,IM-002,M-INJ-002,2026-04-11,222.7,71.7,11.1,68.4,39.7,
WO-8622,Injection Molding,IM-002,M-INJ-002,2026-04-12,224.3,71.2,12.2,71.3,42.6,
WO-8623,Injection Molding,IM-002,M-INJ-002,2026-04-13,219.4,72.2,11.7,61.4,40.3,
WO-8624,Injection Molding,IM-002,M-INJ-002,2026-04-13,222.3,75.1,10.7,62.9,43.9,
WO-8625,Injection Molding,IM-002,M-INJ-002,2026-04-14,213.1,67.2,12.2,64.3,42.7,
WO-8626,Injection Molding,IM-002,M-INJ-002,2026-04-15,221.4,74.1,13.3,69.6,45.3,
WO-8627,Injection Molding,IM-002,M-INJ-002,2026-04-15,221.3,64.8,10.2,59.2,45.7,
WO-8628,Injection Molding,IM-002,M-INJ-002,2026-04-16,222.8,69.6,10.3,60.9,41.1,
WO-8629,Injection Molding,IM-002,M-INJ-002,2026-04-17,224.7,72.3,10.5,54.7,38.2,
WO-8630,Injection Molding,IM-002,M-INJ-002,2026-04-17,220.3,71.9,12.2,66.1,39.2,
WO-8631,Injection Molding,IM-002,M-INJ-002,2026-04-18,222.8,72.2,10.0,69.6,45.9,
WO-8632,Injection Molding,IM-002,M-INJ-002,2026-04-18,226.9,74.9,10.3,63.4,48.5,
WO-8633,Injection Molding,IM-002,M-INJ-002,2026-04-19,219.5,61.8,12.1,59.9,40.2,
WO-8634,Injection Molding,IM-002,M-INJ-002,2026-04-20,226.3,69.7,10.9,63.5,43.1,
WO-8635,Injection Molding,IM-002,M-INJ-002,2026-04-21,216.8,67.1,10.4,62.7,47.7,
WO-8636,Injection Molding,IM-002,M-INJ-002,2026-04-21,219.6,66.7,11.1,60.5,46.8,
WO-8637,Injection Molding,IM-002,M-INJ-002,2026-04-22,217.5,68.5,11.0,56.4,44.6,
WO-8638,  Injection Molding  ,IM-002,M-INJ-002,2026-04-22,217.3,68.5,9.7,68.7,46.4,
WO-8639,Injection Molding,IM-002,M-INJ-002,2026-04-23,226.3,73.4,10.2,63.9,40.3,
WO-8640,  Injection Molding  ,IM-002,M-INJ-002,2026-04-23,219.8,66.0,9.6,57.9,49.2,
WO-8641,injection molding,IM-002,M-INJ-002,2026-04-24,213.0,70.8,12.2,65.8,44.7,
WO-8642,Injection Molding,IM-002,M-INJ-002,2026-04-24,218.0,72.2,11.6,64.8,39.7,
WO-8643,Injection Molding,IM-002,M-INJ-002,2026-04-25,224.3,71.6,11.3,64.3,52.8,
WO-8644,Injection Molding,IM-002,M-INJ-002,2026-04-26,212.9,70.4,11.8,63.8,49.8,
WO-8645,Injection Molding,IM-002,M-INJ-002,2026-04-26,225.0,65.2,11.8,59.8,45.8,
WO-8646,Injection Molding,IM-002,M-INJ-002,2026-04-27,220.8,71.2,9.7,58.0,51.0,
WO-8647,Injection Molding,IM-002,M-INJ-002,2026-04-28,223.2,66.1,10.9,65.1,46.7,
WO-8648,Injection Molding,IM-002,M-INJ-002,2026-04-28,216.5,72.0,11.1,64.9,42.8,
WO-8649,Injection Molding,IM-002,M-INJ-002,2026-04-29,222.8,65.3,10.8,63.7,43.4,
WO-8650,  Injection Molding  ,IM-002,M-INJ-002,2026-04-29,213.3,73.3,11.1,66.2,46.7,
WO-8651,Injection Molding,IM-002,M-INJ-002,2026-04-30,214.0,56.2,12.7,75.6,48.6,
WO-8652,Injection Molding,IM-002,M-INJ-002,2026-05-01,220.5,67.8,9.2,65.4,44.7,
WO-8653,Injection Molding,IM-002,M-INJ-002,2026-05-01,222.7,67.0,8.6,68.1,47.2,
WO-8654,Injection Molding,IM-002,M-INJ-002,2026-05-02,218.2,64.6,10.1,69.9,43.6,
WO-8655,Injection Molding,IM-002,M-INJ-002,2026-05-03,222.9,69.0,10.3,64.7,45.2,
WO-8656,Injection Molding,IM-002,M-INJ-002,2026-05-04,227.4,67.5,12.0,63.2,42.1,
WO-8657,Injection Molding,IM-002,M-INJ-002,2026-05-04,210.5,62.8,9.8,67.8,45.9,
WO-8658,Injection Molding,IM-002,M-INJ-002,2026-05-05,220.4,75.4,10.7,68.9,44.8,
WO-8659,Injection Molding,IM-002,M-INJ-002,2026-05-06,225.0,67.8,10.3,66.9,44.5,
WO-8660,Injection Molding,IM-002,M-INJ-002,2026-05-07,223.4,70.8,10.4,69.3,44.1,
WO-8661,Injection Molding,IM-002,M-INJ-002,2026-05-07,225.5,76.0,8.9,70.9,39.5,
WO-8662,Injection Molding,IM-002,M-INJ-002,2026-05-08,224.4,71.1,10.1,62.5,45.8,
WO-8663,Injection Molding,IM-002,M-INJ-002,2026-05-09,219.0,64.8,12.0,77.6,47.7,
WO-8664,  Injection Molding  ,IM-002,M-INJ-002,2026-05-10,215.1,66.4,10.4,61.4,48.3,
WO-8665,Injection Molding,IM-002,M-INJ-002,2026-05-10,217.8,66.3,11.8,58.5,44.4,
WO-8666,Injection Molding,IM-002,M-INJ-002,2026-05-11,221.4,79.8,11.8,63.4,45.9,
WO-8667,Injection Molding,IM-002,M-INJ-002,2026-05-12,223.0,70.4,11.3,63.4,44.1,
WO-8668,INJECTION MOLDING,IM-002,M-INJ-002,2026-05-12,214.1,81.3,12.0,63.5,45.1,
WO-8669,Injection Molding,IM-002,M-INJ-002,2026-05-13,219.9,69.2,11.5,71.2,42.7,
WO-8670,  Injection Molding  ,IM-002,M-INJ-002,2026-05-14,218.7,69.4,11.1,72.5,43.9,
WO-8671,Injection Molding,IM-002,M-INJ-002,2026-05-15,214.7,65.2,10.9,59.2,45.8,
WO-8672,Injection Molding,IM-002,M-INJ-002,2026-05-16,222.6,69.2,11.7,64.2,44.3,
WO-8673,Injection Molding,IM-002,M-INJ-002,2026-05-16,217.1,72.0,12.9,72.5,47.4,
WO-8674,Injection Molding,IM-002,M-INJ-002,2026-05-17,220.1,70.9,12.3,82.3,45.4,
WO-8675,Injection Molding,IM-002,M-INJ-002,2026-05-18,218.1,69.3,10.7,69.6,44.4,
WO-8676,Injection Molding,IM-002,M-INJ-002,2026-05-18,215.9,74.3,10.1,70.7,52.0,
WO-8677,Injection Molding,IM-002,M-INJ-002,2026-05-19,221.3,72.2,10.0,65.8,43.0,
WO-8678,Injection Molding,IM-002,M-INJ-002,2026-05-19,218.5,65.8,10.8,66.0,43.9,
WO-8679,Injection Molding,IM-002,M-INJ-002,2026-05-20,223.1,70.2,9.6,67.1,46.3,
WO-8680,Injection Molding,IM-002,M-INJ-002,2026-05-21,220.5,63.7,13.5,68.2,46.1,
WO-8681,Injection Molding,IM-002,M-INJ-002,2026-05-22,224.5,71.5,10.5,64.5,40.5,
WO-8682,Injection Molding,IM-002,M-INJ-002,2026-05-22,220.7,72.4,9.2,71.0,50.9,
WO-8683,Injection Molding,IM-002,M-INJ-002,2026-05-23,212.8,71.1,8.9,69.9,44.3,
WO-8684,Injection Molding,IM-002,M-INJ-002,2026-05-23,214.4,81.0,10.0,63.3,50.1,
WO-8685,Injection Molding,IM-002,M-INJ-002,2026-05-24,225.1,71.6,10.1,66.7,49.9,
WO-8686,Injection Molding,IM-002,M-INJ-002,2026-05-25,217.8,74.4,9.6,60.6,47.3,
WO-8687,Injection Molding,IM-002,M-INJ-002,2026-05-25,216.6,74.9,11.3,65.7,46.7,
WO-8688,Injection Molding,IM-002,M-INJ-002,2026-05-26,214.9,62.3,10.0,62.5,52.9,
WO-8689,Injection Molding,IM-002,M-INJ-002,2026-05-27,224.2,72.1,9.2,69.8,44.3,
WO-8690,Injection Molding,IM-002,M-INJ-002,2026-05-27,231.6,75.7,9.2,70.4,48.2,
WO-8691,Injection Molding,IM-002,M-INJ-002,2026-05-28,216.7,69.3,10.3,64.8,44.0,
WO-8692,Injection Molding,IM-002,M-INJ-002,2026-05-29,224.4,66.3,11.4,63.9,45.6,
WO-8693,Injection Molding,IM-002,M-INJ-002,2026-05-30,224.7,71.4,12.1,69.9,43.4,
WO-8694,Injection Molding,IM-002,M-INJ-002,2026-05-31,217.8,73.3,10.3,66.0,42.4,
WO-8695,Injection Molding,IM-002,M-INJ-002,2026-05-31,217.3,70.8,11.4,69.0,47.2,
WO-8696,Injection Molding,IM-002,M-INJ-002,2026-06-01,231.3,67.4,11.9,67.8,46.4,
WO-8697,Injection Molding,IM-002,M-INJ-002,2026-06-01,215.6,70.6,11.0,53.6,43.4,
WO-8698,Injection Molding,IM-002,M-INJ-002,2026-06-02,222.5,73.8,9.2,74.9,44.7,
WO-8699,Injection Molding,IM-002,M-INJ-002,2026-06-02,225.5,67.8,9.9,68.0,40.5,
WO-8700,Injection Molding,IM-002,M-INJ-002,2026-06-03,216.9,71.0,11.0,67.2,39.9,
WO-8701,Injection Molding,IM-002,M-INJ-002,2026-06-04,213.5,63.9,10.4,79.1,40.2,
WO-8702,  Injection Molding  ,IM-002,M-INJ-002,2026-06-04,226.8,73.7,9.5,65.0,46.7,
WO-8703,Injection Molding,IM-002,M-INJ-002,2026-06-05,217.3,70.6,11.5,67.6,41.0,
WO-8704,Injection Molding,IM-002,M-INJ-002,2026-06-05,223.8,73.6,10.4,59.9,42.9,
WO-8705,Injection Molding,IM-002,M-INJ-002,2026-06-06,220.5,69.6,10.8,61.7,42.9,
WO-8706,injection molding,IM-002,M-INJ-002,2026-06-07,225.7,65.9,9.7,72.7,50.9,
WO-8707,Injection Molding,IM-002,M-INJ-002,2026-06-07,221.7,66.1,12.1,65.6,38.5,
WO-8708,Injection Molding,IM-002,M-INJ-002,2026-06-08,221.2,70.7,11.9,61.1,49.7,
WO-8709,Injection Molding,IM-002,M-INJ-002,2026-06-08,229.5,72.9,10.3,50.3,42.8,
WO-8710,Injection Molding,IM-002,M-INJ-002,2026-06-09,226.3,72.1,12.3,55.0,44.4,
WO-8711,Injection Molding,IM-002,M-INJ-002,2026-06-10,220.3,77.1,12.1,64.8,44.0,
WO-8712,Injection Molding,IM-002,M-INJ-002,2026-06-11,216.0,69.3,10.0,63.1,39.2,
WO-8713,Injection Molding,IM-002,M-INJ-002,2026-06-11,219.6,69.6,10.8,63.2,48.2,
WO-8714,  Injection Molding  ,IM-002,M-INJ-002,2026-06-12,221.3,73.0,10.2,64.0,41.8,
WO-8715,Injection Molding,IM-002,M-INJ-002,2026-06-12,224.5,73.2,9.9,64.5,48.8,
WO-8716,Injection Molding,IM-002,M-INJ-002,2026-06-13,224.7,71.6,11.7,72.0,47.9,
WO-8717,INJECTION MOLDING,IM-002,M-INJ-002,2026-06-14,220.0,65.8,10.3,62.7,37.8,
WO-8718,Injection Molding,IM-002,M-INJ-002,2026-06-15,223.9,68.3,11.3,61.8,43.9,
WO-8719,INJECTION MOLDING,IM-002,M-INJ-002,2026-06-15,222.4,69.1,11.5,62.1,45.6,
WO-8720,Injection Molding,IM-002,M-INJ-002,2026-06-16,221.2,74.3,11.7,62.0,48.1,
WO-8721,Injection Molding,IM-002,M-INJ-002,2026-06-17,216.7,69.8,11.1,67.5,48.0,
WO-8722,Injection Molding,IM-002,M-INJ-002,2026-06-17,218.9,70.0,10.8,59.5,47.4,
WO-8723,Injection Molding,IM-002,M-INJ-002,2026-06-18,231.6,73.1,7.7,68.2,49.0,
WO-8724,Injection Molding,IM-002,M-INJ-002,2026-06-18,212.2,67.0,9.2,69.9,40.6,
WO-8725,Injection Molding,IM-002,M-INJ-002,2026-06-19,213.5,68.2,11.4,67.8,43.7,
WO-8726,INJECTION MOLDING,IM-002,M-INJ-002,2026-06-20,224.4,61.6,10.6,71.0,41.1,
WO-8727,Injection Molding,IM-002,M-INJ-002,2026-06-20,226.5,67.9,9.5,64.6,45.2,
WO-8728,  Injection Molding  ,IM-002,M-INJ-002,2026-06-21,221.6,72.7,9.7,68.5,45.7,
WO-8729,Injection Molding,IM-002,M-INJ-002,2026-06-22,216.2,70.2,12.0,70.9,41.9,
WO-8730,Injection Molding,IM-002,M-INJ-002,2026-06-23,221.4,66.4,11.9,77.0,41.7,
WO-8731,Injection Molding,IM-002,M-INJ-002,2026-06-23,221.2,69.5,9.6,59.2,45.7,
WO-8732,Injection Molding,IM-002,M-INJ-002,2026-06-24,214.8,77.9,12.5,65.9,42.1,
WO-8733,Injection Molding,IM-002,M-INJ-002,2026-06-24,224.6,68.2,11.8,59.2,46.0,
WO-8734,Injection Molding,IM-002,M-INJ-002,2026-06-25,214.7,63.2,10.1,66.6,42.6,
WO-8735,Injection Molding,IM-002,M-INJ-002,2026-06-26,220.6,70.7,10.7,70.3,46.5,
WO-8736,Injection Molding,IM-002,M-INJ-002,2026-06-26,221.6,68.9,12.3,51.4,43.4,
WO-8737,Injection Molding,IM-002,M-INJ-002,2026-06-27,221.6,73.5,13.4,67.3,47.0,
WO-8738,Injection Molding,IM-002,M-INJ-002,2026-06-28,223.9,66.3,11.9,66.0,42.2,
WO-8739,Injection Molding,IM-002,M-INJ-002,2026-06-29,220.8,74.4,9.7,61.7,47.0,
WO-8740,Injection Molding,IM-002,M-INJ-002,2026-06-29,225.6,70.5,11.0,64.1,48.1,
WO-8741,Injection Molding,IM-002,M-INJ-002,2026-06-30,218.5,73.7,10.4,57.6,50.1,
WO-8742,Injection Molding,IM-002,M-INJ-002,2026-06-30,213.5,75.4,10.3,62.7,52.3,
WO-8743,Injection Molding,IM-002,M-INJ-002,2026-07-01,218.6,68.4,11.8,72.5,45.9,
WO-8744,Injection Molding,IM-002,M-INJ-002,2026-07-02,225.8,68.8,9.1,59.7,46.0,
WO-8745,Injection Molding,IM-002,M-INJ-002,2026-07-03,220.9,62.0,11.0,65.0,43.7,
WO-8746,Injection Molding,IM-002,M-INJ-002,2026-07-03,219.3,65.7,11.8,65.2,43.9,
WO-8747,Injection Molding,IM-002,M-INJ-002,2026-07-04,220.1,64.6,9.8,68.7,43.0,
WO-8748,Injection Molding,IM-002,M-INJ-002,2026-07-05,219.5,70.7,9.0,60.8,48.1,
WO-8749,Injection Molding,IM-002,M-INJ-002,2026-07-05,216.2,72.6,11.3,64.8,41.5,
WO-8750,Injection Molding,IM-002,M-INJ-002,2026-07-06,222.3,73.6,11.0,60.8,48.2,
WO-8751,Injection Molding,IM-002,M-INJ-002,2026-07-07,221.6,70.3,12.0,55.8,40.6,
WO-8752,Injection Molding,IM-002,M-INJ-002,2026-07-08,225.2,68.1,10.3,66.2,45.3,
WO-8753,Injection Molding,IM-002,M-INJ-002,2026-07-08,221.7,69.8,11.2,61.1,48.3,
WO-8754,Injection Molding,IM-002,M-INJ-002,2026-07-08,226.4,70.5,10.8,61.7,40.6,
WO-8755,Injection Molding,IM-002,M-INJ-002,2026-07-09,218.7,67.3,10.1,69.6,48.2,
WO-8756,Injection Molding,IM-002,M-INJ-002,2026-07-10,216.6,67.7,13.9,58.7,52.5,
WO-8757,Injection Molding,IM-002,M-INJ-002,2026-07-11,223.1,66.9,11.4,69.0,42.3,
WO-8758,Injection Molding,IM-002,M-INJ-002,2026-07-11,215.4,75.3,9.5,62.5,42.2,
WO-8759,injection molding,IM-002,M-INJ-002,2026-07-12,219.8,73.6,12.1,60.3,47.6,
WO-8760,Injection Molding,IM-002,M-INJ-002,2026-07-12,220.5,65.2,12.1,64.8,44.9,
WO-8761,Injection Molding,IM-002,M-INJ-002,2026-07-13,225.3,68.7,11.8,62.7,43.1,
WO-8762,Injection Molding,IM-002,M-INJ-002,2026-07-13,223.4,70.4,12.9,71.6,46.5,
WO-8763,Injection Molding,IM-002,M-INJ-002,2026-07-14,215.8,68.6,12.3,52.6,52.6,
WO-8764,Injection Molding,IM-002,M-INJ-002,2026-07-14,221.6,70.7,11.3,56.6,48.5,
WO-8765,Injection Molding,IM-002,M-INJ-002,2026-07-15,223.6,69.2,8.7,64.2,45.9,
WO-8766,Injection Molding,IM-002,M-INJ-002,2026-07-15,223.0,63.4,9.7,70.0,41.3,
WO-8767,Injection Molding,IM-002,M-INJ-002,2026-07-16,223.1,68.6,11.7,73.1,46.3,
WO-8768,Injection Molding,IM-002,M-INJ-002,2026-07-17,221.1,75.9,10.5,55.7,51.3,
WO-8769,Injection Molding,IM-002,M-INJ-002,2026-07-18,223.6,73.5,9.4,65.5,43.9,
WO-8770,Injection Molding,IM-002,M-INJ-002,2026-07-19,217.3,75.8,10.4,60.0,44.5,
WO-8771,Injection Molding,IM-002,M-INJ-002,2026-07-19,224.7,69.7,10.5,62.1,44.8,
WO-8772,Injection Molding,IM-002,M-INJ-002,2026-07-20,216.8,65.3,10.8,54.7,47.7,
WO-8773,Injection Molding,IM-002,M-INJ-002,2026-07-21,217.3,64.8,11.0,76.2,41.2,
WO-8774,INJECTION MOLDING,IM-002,M-INJ-002,2026-07-21,224.0,73.9,9.9,69.1,44.4,
WO-8775,Injection Molding,IM-002,M-INJ-002,2026-07-22,222.4,65.2,12.2,67.6,45.9,
WO-8776,Injection Molding,IM-002,M-INJ-002,2026-07-22,222.9,68.8,13.2,58.2,43.7,
WO-8777,Injection Molding,IM-002,M-INJ-002,2026-07-23,213.0,75.7,13.4,60.2,50.4,
WO-8778,Injection Molding,IM-002,M-INJ-002,2026-07-24,218.0,66.3,9.9,63.2,42.3,
WO-8779,Injection Molding,IM-002,M-INJ-002,2026-07-24,214.1,62.7,10.6,71.3,39.1,
WO-8780,Injection Molding,IM-002,M-INJ-002,2026-07-25,222.3,71.7,11.7,70.7,38.5,
WO-8781,Injection Molding,IM-002,M-INJ-002,2026-07-26,225.1,72.1,11.3,61.9,45.8,
WO-8782,Injection Molding,IM-002,M-INJ-002,2026-07-26,220.6,63.7,11.3,64.3,48.8,
WO-8783,Injection Molding,IM-002,M-INJ-002,2026-07-27,222.4,78.0,13.1,68.1,51.3,
WO-8784,Injection Molding,IM-002,M-INJ-002,2026-07-27,218.7,63.5,10.7,56.6,51.2,
WO-8785,Injection Molding,IM-002,M-INJ-002,2026-07-28,219.1,75.2,10.9,67.7,44.3,
WO-8786,Injection Molding,IM-002,M-INJ-002,2026-07-29,223.1,73.6,12.8,65.5,44.0,
WO-8787,Injection Molding,IM-002,M-INJ-002,2026-07-30,217.3,72.0,12.7,73.9,48.2,
WO-8788,Injection Molding,IM-002,M-INJ-002,2026-07-30,213.8,65.9,10.9,69.7,46.9,
WO-8789,Injection Molding,IM-002,M-INJ-002,2026-07-31,221.6,64.5,9.1,62.6,52.0,
WO-8790,Injection Molding,IM-002,M-INJ-002,2026-07-31,222.3,72.3,11.2,62.8,42.9,
WO-8791,Injection Molding,IM-002,M-INJ-002,2026-08-01,223.4,69.1,9.4,68.5,45.2,
WO-8792,Injection Molding,IM-002,M-INJ-002,2026-08-02,229.4,73.4,12.2,62.2,46.0,
WO-8793,Injection Molding,IM-002,M-INJ-002,2026-08-02,222.8,72.6,11.1,64.9,46.0,
WO-8794,Injection Molding,IM-002,M-INJ-002,2026-08-03,219.3,68.9,8.9,66.0,45.3,
WO-8795,Injection Molding,IM-002,M-INJ-002,2026-08-03,219.8,72.1,12.1,65.0,41.4,
WO-8796,Injection Molding,IM-002,M-INJ-002,2026-08-04,219.3,71.2,9.9,64.8,49.3,
WO-8797,Injection Molding,IM-002,M-INJ-002,2026-08-05,223.1,67.3,9.2,59.3,49.5,
WO-8798,Injection Molding,IM-002,M-INJ-002,2026-08-05,218.1,75.3,12.1,66.3,42.6,
WO-8799,Injection Molding,IM-002,M-INJ-002,2026-08-06,217.7,74.1,10.9,75.2,48.2,
WO-8800,Injection Molding,IM-002,M-INJ-002,2026-08-06,221.6,72.2,13.3,53.8,42.7,
WO-8801,Injection Molding,IM-002,M-INJ-002,2026-08-07,221.3,59.3,9.1,64.6,42.6,
WO-8802,Injection Molding,IM-002,M-INJ-002,2026-08-08,216.0,70.5,12.4,63.7,47.3,
WO-8803,Injection Molding,IM-002,M-INJ-002,2026-08-08,218.1,70.3,10.9,68.7,45.9,
WO-8804,Injection Molding,IM-002,M-INJ-002,2026-08-09,219.8,62.5,11.7,66.9,48.9,
WO-8805,Injection Molding,IM-002,M-INJ-002,2026-08-10,218.1,66.7,10.5,68.3,45.0,
WO-8806,Injection Molding,IM-002,M-INJ-002,2026-08-10,223.9,67.3,10.7,60.4,45.1,
WO-8807,Injection Molding,IM-002,M-INJ-002,2026-08-11,220.9,73.9,11.4,64.2,49.6,
WO-8808,injection molding,IM-002,M-INJ-002,2026-08-12,215.2,72.8,11.4,71.3,44.3,
WO-8809,Injection Molding,IM-002,M-INJ-002,2026-08-13,213.0,76.1,10.7,57.8,45.8,
WO-8810,Injection Molding,IM-002,M-INJ-002,2026-08-13,211.2,72.5,12.8,60.3,42.9,
WO-8811,Injection Molding,IM-002,M-INJ-002,2026-08-14,217.5,65.1,10.3,65.6,44.7,
WO-8812,  Injection Molding  ,IM-002,M-INJ-002,2026-08-15,227.1,68.3,11.5,60.7,47.6,
WO-8813,Injection Molding,IM-002,M-INJ-002,2026-08-16,224.9,73.5,9.7,67.4,46.7,
WO-8814,Injection Molding,IM-002,M-INJ-002,2026-08-16,225.0,68.6,12.5,64.8,49.5,
WO-8815,Injection Molding,IM-002,M-INJ-002,2026-08-17,220.5,70.0,10.6,72.5,44.1,
WO-8816,Injection Molding,IM-002,M-INJ-002,2026-08-17,225.4,68.7,11.4,56.6,42.7,
WO-8817,Injection Molding,IM-002,M-INJ-002,2026-08-18,225.0,68.0,12.8,63.6,41.5,
WO-8818,INJECTION MOLDING,IM-002,M-INJ-002,2026-08-18,223.1,71.4,9.7,66.5,45.7,
WO-8819,Injection Molding,IM-002,M-INJ-002,2026-08-19,223.0,68.5,10.5,62.9,45.5,
WO-8820,Injection Molding,IM-002,M-INJ-002,2026-08-20,213.2,71.1,12.4,70.7,46.8,
WO-8821,Injection Molding,IM-002,M-INJ-002,2026-08-21,220.6,65.7,10.8,62.3,45.6,
WO-8822,Injection Molding,IM-002,M-INJ-002,2026-08-22,215.0,75.1,11.3,67.2,46.3,
WO-8823,Injection Molding,IM-002,M-INJ-002,2026-08-22,224.1,66.4,10.1,68.7,45.5,
WO-8824,injection molding,IM-002,M-INJ-002,2026-08-23,221.0,72.7,13.1,58.1,42.7,
WO-8825,Injection Molding,IM-002,M-INJ-002,2026-08-24,215.2,74.5,11.8,58.9,46.2,
WO-8826,Injection Molding,IM-002,M-INJ-002,2026-08-25,221.7,68.1,11.4,59.3,44.7,
WO-8827,Injection Molding,IM-002,M-INJ-002,2026-08-26,219.6,73.2,12.3,67.6,45.0,
WO-8828,Injection Molding,IM-002,M-INJ-002,2026-08-26,222.5,73.1,9.9,64.6,43.7,
WO-8829,Injection Molding,IM-002,M-INJ-002,2026-08-27,225.7,69.4,11.3,59.1,45.9,
WO-8830,Injection Molding,IM-002,M-INJ-002,2026-08-27,215.2,71.0,10.9,58.4,49.7,
WO-8831,Injection Molding,IM-002,M-INJ-002,2026-08-28,230.6,65.1,8.5,72.1,42.5,
WO-8832,Injection Molding,IM-002,M-INJ-002,2026-08-28,226.4,75.7,12.0,65.1,43.6,
WO-8833,injection molding,IM-002,M-INJ-002,2026-08-29,214.5,67.7,9.0,60.2,45.6,
WO-8834,Injection Molding,IM-002,M-INJ-002,2026-08-29,219.3,71.5,11.4,73.4,41.6,
WO-8835,Injection Molding,IM-002,M-INJ-002,2026-08-30,221.0,74.7,11.5,66.1,45.9,
WO-8836,Injection Molding,IM-002,M-INJ-002,2026-08-31,214.9,74.5,10.0,67.8,42.5,
WO-8837,Injection Molding,IM-002,M-INJ-002,2026-08-31,221.9,71.2,9.9,71.6,45.3,
WO-8838,Injection Molding,IM-002,M-INJ-002,2026-09-01,217.1,60.2,10.4,70.1,42.9,
WO-8839,Injection Molding,IM-002,M-INJ-002,2026-09-01,217.4,66.3,11.5,66.7,44.8,
WO-8840,Injection Molding,IM-002,M-INJ-002,2026-09-02,222.8,68.3,13.1,71.8,40.0,
WO-8841,Injection Molding,IM-002,M-INJ-002,2026-09-03,224.1,68.4,9.8,74.9,43.6,
WO-8842,Injection Molding,IM-002,M-INJ-002,2026-09-03,219.9,67.2,8.9,69.3,46.9,
WO-8843,Injection Molding,IM-002,M-INJ-002,2026-09-04,217.6,71.4,10.8,67.2,43.8,
WO-8844,Injection Molding,IM-002,M-INJ-002,2026-09-05,213.3,71.3,9.0,63.5,44.4,
WO-8845,Injection Molding,IM-002,M-INJ-002,2026-09-05,217.1,64.3,9.5,61.1,44.4,
WO-8846,Injection Molding,IM-002,M-INJ-002,2026-09-06,229.2,69.6,11.8,65.7,42.2,
WO-8847,Injection Molding,IM-002,M-INJ-002,2026-09-07,224.6,66.5,12.3,63.9,41.1,
WO-8848,Injection Molding,IM-002,M-INJ-002,2026-09-08,215.1,67.3,10.6,69.8,48.7,
WO-8849,Injection Molding,IM-002,M-INJ-002,2026-09-09,223.3,75.7,11.7,72.3,46.4,
WO-8850,Injection Molding,IM-002,M-INJ-002,2026-09-09,219.7,66.6,11.7,60.9,41.9,
WO-8851,Injection Molding,IM-002,M-INJ-002,2026-09-10,225.7,70.1,9.7,73.9,41.2,
WO-8852,Injection Molding,IM-002,M-INJ-002,2026-09-10,219.4,64.2,8.7,70.0,39.1,
WO-8853,Injection Molding,IM-002,M-INJ-002,2026-09-11,217.7,73.8,11.0,66.8,40.1,
WO-8854,  Injection Molding  ,IM-002,M-INJ-002,2026-09-11,217.3,72.8,10.9,62.0,43.7,
WO-8855,Injection Molding,IM-002,M-INJ-002,2026-09-12,223.3,75.0,13.0,61.5,44.0,
WO-8856,Injection Molding,IM-002,M-INJ-002,2026-09-13,215.2,71.8,11.2,71.5,47.0,
WO-8857,Injection Molding,IM-002,M-INJ-002,2026-09-13,217.5,76.8,11.5,67.3,50.7,
WO-8858,Injection Molding,IM-002,M-INJ-002,2026-09-14,231.8,68.8,11.9,65.1,43.4,
WO-8859,Injection Molding,IM-002,M-INJ-002,2026-09-14,216.0,74.4,10.5,70.5,47.5,
WO-8860,Injection Molding,IM-002,M-INJ-002,2026-09-14,223.7,70.7,9.9,64.1,38.3,
WO-8861,Injection Molding,IM-002,M-INJ-002,2026-09-15,221.4,66.7,10.9,62.0,46.1,
WO-8862,Injection Molding,IM-002,M-INJ-002,2026-09-16,211.1,76.4,9.5,70.5,46.0,
WO-8863,Injection Molding,IM-002,M-INJ-002,2026-09-16,220.8,72.9,10.5,65.3,47.0,
WO-8864,Injection Molding,IM-002,M-INJ-002,2026-09-17,216.7,74.1,11.0,62.4,43.6,
WO-8865,Injection Molding,IM-002,M-INJ-002,2026-09-18,221.3,70.2,12.0,72.5,43.7,
WO-8866,Injection Molding,IM-002,M-INJ-002,2026-09-18,213.9,67.7,11.2,62.0,39.6,
WO-8867,Injection Molding,IM-002,M-INJ-002,2026-09-19,217.8,75.2,10.1,60.6,44.6,
WO-8868,Injection Molding,IM-002,M-INJ-002,2026-09-20,219.2,76.1,13.7,66.4,42.1,
WO-8869,Injection Molding,IM-002,M-INJ-002,2026-09-20,216.1,60.2,9.1,64.2,46.2,
WO-8870,Injection Molding,IM-002,M-INJ-002,2026-09-21,215.5,69.7,11.7,67.2,42.9,
WO-8871,Injection Molding,IM-002,M-INJ-002,2026-09-21,213.7,73.9,10.9,65.8,47.4,
WO-8872,Injection Molding,IM-002,M-INJ-002,2026-09-22,218.3,72.7,11.4,69.8,42.8,
WO-8873,Injection Molding,IM-002,M-INJ-002,2026-09-23,217.0,69.3,10.5,70.3,48.1,
WO-8874,Injection Molding,IM-002,M-INJ-002,2026-09-23,222.2,70.8,11.2,68.8,41.2,
WO-8875,Injection Molding,IM-002,M-INJ-002,2026-09-24,227.6,69.3,10.8,73.1,38.2,
WO-8876,Injection Molding,IM-002,M-INJ-002,2026-09-25,212.6,68.3,9.8,68.7,43.9,
WO-8877,Injection Molding,IM-002,M-INJ-002,2026-09-26,224.9,67.8,11.8,64.2,42.1,
WO-8878,Injection Molding,IM-002,M-INJ-002,2026-09-27,224.0,66.8,11.0,71.8,47.9,
WO-8879,Injection Molding,IM-002,M-INJ-002,2026-09-27,222.2,68.7,9.4,58.7,38.5,
WO-8880,Injection Molding,IM-002,M-INJ-002,2026-09-28,212.3,73.1,11.1,79.8,43.7,
WO-8881,Injection Molding,IM-002,M-INJ-002,2026-09-29,219.7,67.1,11.0,71.9,43.4,
WO-8882,Injection Molding,IM-002,M-INJ-002,2026-09-29,218.1,66.2,10.6,62.9,49.1,
WO-8883,Injection Molding,IM-002,M-INJ-002,2026-09-30,223.5,78.3,10.7,65.9,44.0,
WO-8884,Injection Molding,IM-002,M-INJ-002,2026-10-01,219.2,68.8,12.1,74.3,47.7,
WO-8885,Injection Molding,IM-002,M-INJ-002,2026-10-02,221.0,71.4,10.7,65.5,47.5,
WO-8886,Injection Molding,IM-002,M-INJ-002,2026-10-02,221.2,74.8,9.8,58.4,42.6,
WO-8887,Injection Molding,IM-002,M-INJ-002,2026-10-03,211.0,70.6,12.8,65.0,45.1,
WO-8888,Injection Molding,IM-002,M-INJ-002,2026-10-04,219.2,76.8,12.2,69.6,48.8,
WO-8889,Injection Molding,IM-002,M-INJ-002,2026-10-04,217.8,67.2,11.1,68.4,46.6,
WO-8890,Injection Molding,IM-002,M-INJ-002,2026-10-05,217.3,74.3,10.3,60.8,49.9,
WO-8891,Injection Molding,IM-002,M-INJ-002,2026-10-05,222.7,71.6,11.7,64.8,45.0,
WO-8892,Injection Molding,IM-002,M-INJ-002,2026-10-06,216.9,71.6,11.5,61.3,53.7,
WO-8893,Injection Molding,IM-002,M-INJ-002,2026-10-06,225.0,81.6,9.7,65.2,42.7,
WO-8894,Injection Molding,IM-002,M-INJ-002,2026-10-07,222.6,69.8,10.7,71.2,46.0,
WO-8895,Injection Molding,IM-002,M-INJ-002,2026-10-07,219.6,71.4,11.4,68.9,44.8,
WO-8896,Injection Molding,IM-002,M-INJ-002,2026-10-08,216.3,67.2,11.4,57.7,45.8,
WO-8897,Injection Molding,IM-002,M-INJ-002,2026-10-09,223.9,69.1,11.1,71.4,49.9,
WO-8898,Injection Molding,IM-002,M-INJ-002,2026-10-09,223.3,65.3,11.5,69.4,47.6,
WO-8899,Injection Molding,IM-002,M-INJ-002,2026-10-10,220.2,77.1,9.3,66.0,48.2,
WO-8900,INJECTION MOLDING,IM-002,M-INJ-002,2026-10-11,232.9,68.6,11.6,67.8,45.0,
WO-8901,Injection Molding,IM-002,M-INJ-002,2026-10-11,219.5,65.6,11.4,58.8,45.9,
WO-8902,Injection Molding,IM-002,M-INJ-002,2026-10-12,225.2,71.6,11.6,57.7,45.7,
WO-8903,Injection Molding,IM-002,M-INJ-002,2026-10-12,222.5,75.6,12.2,61.6,46.8,
WO-8904,Injection Molding,IM-002,M-INJ-002,2026-10-13,218.5,75.0,10.3,63.5,45.7,
WO-8905,Injection Molding,IM-002,M-INJ-002,2026-10-14,216.7,73.9,14.0,72.0,46.3,
WO-8906,Injection Molding,IM-002,M-INJ-002,2026-10-14,223.4,76.5,11.5,63.6,46.3,
WO-8907,Injection Molding,IM-002,M-INJ-002,2026-10-15,219.1,70.0,8.9,58.1,37.6,
WO-8908,Injection Molding,IM-002,M-INJ-002,2026-10-16,222.1,69.9,12.4,67.9,40.5,
WO-8909,Injection Molding,IM-002,M-INJ-002,2026-10-16,222.6,65.2,11.2,65.6,49.5,
WO-8910,Injection Molding,IM-002,M-INJ-002,2026-10-17,220.6,73.6,9.4,62.0,46.9,
WO-8911,Injection Molding,IM-002,M-INJ-002,2026-10-18,212.0,77.4,8.6,63.1,46.6,
WO-8912,Injection Molding,IM-002,M-INJ-002,2026-10-19,212.1,71.9,11.2,63.2,50.6,
WO-8913,Injection Molding,IM-002,M-INJ-002,2026-10-19,222.1,69.9,10.8,72.2,42.7,
WO-8914,Injection Molding,IM-002,M-INJ-002,2026-10-20,222.8,72.1,9.9,68.4,44.0,
WO-8915,Injection Molding,IM-002,M-INJ-002,2026-10-21,218.7,79.6,10.7,68.5,44.7,
WO-8916,Injection Molding,IM-002,M-INJ-002,2026-10-22,216.8,66.8,9.7,58.9,46.2,
WO-8917,Injection Molding,IM-002,M-INJ-002,2026-10-22,216.0,66.2,9.8,68.5,44.5,
WO-8918,Injection Molding,IM-002,M-INJ-002,2026-10-23,214.6,73.9,9.8,63.7,45.2,
WO-8919,Injection Molding,IM-002,M-INJ-002,2026-10-24,219.1,70.4,11.0,65.4,42.9,
WO-8920,Injection Molding,IM-002,M-INJ-002,2026-10-24,221.8,68.4,10.4,63.0,47.2,
WO-8921,Injection Molding,IM-002,M-INJ-002,2026-10-25,214.2,65.3,10.7,60.7,48.0,
WO-8922,Injection Molding,IM-002,M-INJ-002,2026-10-25,219.5,68.4,10.0,68.2,42.5,
WO-8923,Injection Molding,IM-002,M-INJ-002,2026-10-26,216.6,74.3,9.9,52.9,42.6,
WO-8924,Injection Molding,IM-002,M-INJ-002,2026-10-27,221.1,65.1,9.6,62.7,52.1,
WO-8925,Injection Molding,IM-002,M-INJ-002,2026-10-27,219.2,71.5,9.7,68.5,49.1,
WO-8926,Injection Molding,IM-002,M-INJ-002,2026-10-28,217.2,69.4,12.5,68.1,45.8,
WO-8927,Injection Molding,IM-002,M-INJ-002,2026-10-28,225.1,74.4,12.0,67.0,48.4,
WO-8928,Injection Molding,IM-002,M-INJ-002,2026-10-29,218.1,70.1,10.1,59.2,42.8,
WO-8929,Injection Molding,IM-002,M-INJ-002,2026-10-30,222.4,67.9,12.3,74.6,45.0,
WO-8930,Injection Molding,IM-002,M-INJ-002,2026-10-31,223.7,70.6,12.0,69.3,40.1,
WO-8931,Injection Molding,IM-002,M-INJ-002,2026-10-31,227.8,66.8,10.3,66.1,41.2,
WO-8932,Injection Molding,IM-002,M-INJ-002,2026-11-01,223.3,71.1,11.6,73.0,42.2,
WO-8933,Injection Molding,IM-002,M-INJ-002,2026-11-02,217.8,72.4,10.1,63.8,43.0,
WO-8934,Injection Molding,IM-002,M-INJ-002,2026-11-02,210.1,69.1,11.8,63.5,46.9,
WO-8935,Injection Molding,IM-002,M-INJ-002,2026-11-03,217.1,67.5,11.1,56.5,38.5,
WO-8936,Injection Molding,IM-002,M-INJ-002,2026-11-04,220.9,73.4,10.0,64.7,44.0,
WO-8937,Injection Molding,IM-002,M-INJ-002,2026-11-05,214.4,68.2,12.0,53.7,40.2,
WO-8938,Injection Molding,IM-002,M-INJ-002,2026-11-05,218.7,65.2,9.9,67.1,40.4,
WO-8939,Injection Molding,IM-002,M-INJ-002,2026-11-06,215.5,71.1,10.6,67.3,47.4,
WO-8940,Injection Molding,IM-002,M-INJ-002,2026-11-07,221.3,65.9,9.0,61.6,41.9,
WO-8941,Injection Molding,IM-002,M-INJ-002,2026-11-08,214.2,69.5,11.4,57.6,45.2,
WO-8942,Injection Molding,IM-002,M-INJ-002,2026-11-08,223.2,75.4,11.8,55.4,44.7,
WO-8943,Injection Molding,IM-002,M-INJ-002,2026-11-09,222.9,73.3,10.6,69.1,42.7,
WO-8944,Injection Molding,IM-002,M-INJ-002,2026-11-09,218.7,74.0,8.5,66.1,46.6,
WO-8945,Injection Molding,IM-002,M-INJ-002,2026-11-10,211.5,67.5,11.3,65.7,45.0,
WO-8946,Injection Molding,IM-002,M-INJ-002,2026-11-11,231.4,71.6,9.1,66.5,47.6,
WO-8947,Injection Molding,IM-002,M-INJ-002,2026-11-12,220.5,62.6,10.5,65.9,45.2,
WO-8948,Injection Molding,IM-002,M-INJ-002,2026-11-12,216.3,75.1,9.3,73.9,40.6,
WO-8949,Injection Molding,IM-002,M-INJ-002,2026-11-13,214.7,64.7,11.8,68.0,48.2,
WO-8950,Injection Molding,IM-002,M-INJ-002,2026-11-13,222.4,67.5,11.0,66.6,47.2,
WO-8951,Injection Molding,IM-002,M-INJ-002,2026-11-14,214.9,74.5,11.2,63.3,48.2,
WO-8952,Injection Molding,IM-002,M-INJ-002,2026-11-15,226.6,71.6,10.7,64.2,46.0,
WO-8953,Injection Molding,IM-002,M-INJ-002,2026-11-15,221.8,69.2,12.2,65.2,44.5,
WO-8954,Injection Molding,IM-002,M-INJ-002,2026-11-16,223.0,67.9,8.8,71.8,45.9,
WO-8955,Injection Molding,IM-002,M-INJ-002,2026-11-16,214.2,70.9,11.6,70.9,41.7,
WO-8956,Injection Molding,IM-002,M-INJ-002,2026-11-17,222.6,66.7,11.6,66.3,45.1,
WO-8957,Injection Molding,IM-002,M-INJ-002,2026-11-18,221.2,67.9,11.9,69.3,42.4,
WO-8958,  Injection Molding  ,IM-002,M-INJ-002,2026-11-18,223.7,57.6,11.3,58.7,49.2,
WO-8959,Injection Molding,IM-002,M-INJ-002,2026-11-19,216.1,71.1,9.8,59.2,43.8,
WO-8960,Injection Molding,IM-002,M-INJ-002,2026-11-19,225.6,75.4,10.8,63.6,44.0,
WO-8961,Injection Molding,IM-002,M-INJ-002,2026-11-20,219.1,69.5,10.1,64.6,46.7,
WO-8962,Injection Molding,IM-002,M-INJ-002,2026-11-21,218.6,76.3,12.5,60.9,43.8,
WO-8963,Injection Molding,IM-002,M-INJ-002,2026-11-21,223.2,67.9,10.3,56.9,40.0,
WO-8964,Injection Molding,IM-002,M-INJ-002,2026-11-22,219.4,67.7,10.3,63.5,45.7,
WO-8965,Injection Molding,IM-002,M-INJ-002,2026-11-23,217.4,68.0,9.8,61.4,42.8,
WO-8966,Injection Molding,IM-002,M-INJ-002,2026-11-23,214.8,73.6,12.1,62.4,48.5,
WO-8967,Injection Molding,IM-002,M-INJ-002,2026-11-24,222.0,68.1,10.9,69.0,44.2,
WO-8968,Injection Molding,IM-002,M-INJ-002,2026-11-25,218.2,77.6,10.7,58.3,43.6,
WO-8969,Injection Molding,IM-002,M-INJ-002,2026-11-25,225.2,67.9,12.1,62.0,46.7,
WO-8970,  Injection Molding  ,IM-002,M-INJ-002,2026-11-26,223.4,69.2,12.2,68.7,42.9,
WO-8971,Injection Molding,IM-002,M-INJ-002,2026-11-27,217.7,70.1,10.4,67.4,39.5,
WO-8972,Injection Molding,IM-002,M-INJ-002,2026-11-27,220.7,69.2,13.2,59.6,51.0,
WO-8973,Injection Molding,IM-002,M-INJ-002,2026-11-28,222.7,65.4,11.7,65.2,41.5,
WO-8974,Injection Molding,IM-002,M-INJ-002,2026-11-28,221.3,66.4,10.5,68.0,44.2,
WO-8975,Injection Molding,IM-002,M-INJ-002,2026-11-29,221.5,68.5,9.6,67.0,44.6,
WO-8976,Injection Molding,IM-002,M-INJ-002,2026-11-29,213.9,67.6,12.2,56.7,44.7,
WO-8977,Injection Molding,IM-002,M-INJ-002,2026-11-30,222.9,68.9,11.1,68.6,46.1,
WO-8978,Injection Molding,IM-002,M-INJ-002,2026-12-01,219.2,70.8,9.3,58.9,47.8,
WO-8979,Injection Molding,IM-002,M-INJ-002,2026-12-01,225.2,72.1,12.3,69.5,46.7,
WO-8980,injection molding,IM-002,M-INJ-002,2026-12-02,214.6,68.2,13.1,70.1,44.8,
WO-8981,Injection Molding,IM-002,M-INJ-002,2026-12-03,213.4,67.7,10.5,62.8,43.4,
WO-8982,injection molding,IM-002,M-INJ-002,2026-12-03,219.9,69.6,11.8,64.4,42.2,
WO-8983,Injection Molding,IM-002,M-INJ-002,2026-12-04,212.6,71.8,10.6,59.6,49.9,
WO-8984,  Injection Molding  ,IM-002,M-INJ-002,2026-12-04,215.4,71.3,9.7,69.2,40.3,
WO-8985,injection molding,IM-002,M-INJ-002,2026-12-05,217.8,73.3,11.7,63.4,41.9,
WO-8986,INJECTION MOLDING,IM-002,M-INJ-002,2026-12-06,215.9,75.7,9.7,63.5,48.2,
WO-8987,Injection Molding,IM-002,M-INJ-002,2026-12-06,219.5,76.9,11.6,66.2,46.9,
WO-8988,Injection Molding,IM-002,M-INJ-002,2026-12-07,222.6,73.7,12.6,68.4,42.3,
WO-8989,Injection Molding,IM-002,M-INJ-002,2026-12-08,222.6,69.7,11.6,53.9,41.1,
WO-8990,Injection Molding,IM-002,M-INJ-002,2026-12-09,221.7,73.2,9.2,62.3,47.5,
WO-8991,Injection Molding,IM-002,M-INJ-002,2026-12-09,213.8,74.0,9.8,62.8,46.6,
WO-8992,Injection Molding,IM-002,M-INJ-002,2026-12-10,216.9,68.5,9.5,61.1,39.3,
WO-8993,Injection Molding,IM-002,M-INJ-002,2026-12-10,224.1,75.3,10.4,59.7,46.2,
WO-8994,Injection Molding,IM-002,M-INJ-002,2026-12-11,223.6,79.4,13.6,63.7,42.6,
WO-8995,Injection Molding,IM-002,M-INJ-002,2026-12-12,220.8,70.8,12.1,62.4,47.5,
WO-8996,Injection Molding,IM-002,M-INJ-002,2026-12-13,217.3,68.0,11.8,55.2,41.6,
WO-8997,Injection Molding,IM-002,M-INJ-002,2026-12-14,216.0,68.6,9.3,63.7,48.6,
WO-8998,injection molding,IM-002,M-INJ-002,2026-12-14,219.4,68.4,8.5,72.7,42.1,
WO-8999,Injection Molding,IM-002,M-INJ-002,2026-12-15,218.7,71.8,9.7,62.9,48.5,
WO-9000,Injection Molding,IM-002,M-INJ-002,2026-12-15,226.4,70.3,11.9,67.4,44.6,
WO-9001,Injection Molding,IM-002,M-INJ-002,2026-12-16,218.0,68.2,10.5,72.9,46.4,
WO-9002,Injection Molding,IM-002,M-INJ-002,2026-12-16,221.2,69.1,10.7,63.3,49.5,
WO-9003,Injection Molding,IM-002,M-INJ-002,2026-12-17,208.7,69.8,13.0,58.0,46.4,
WO-9004,Injection Molding,IM-002,M-INJ-002,2026-12-18,228.2,75.1,9.0,67.0,42.1,
WO-9005,Injection Molding,IM-002,M-INJ-002,2026-12-18,221.8,66.6,11.2,65.4,40.8,
WO-9006,INJECTION MOLDING,IM-002,M-INJ-002,2026-12-19,220.2,64.5,10.8,75.1,43.4,
WO-9007,Injection Molding,IM-002,M-INJ-002,2026-12-20,218.2,72.2,12.4,66.1,47.6,
WO-9008,Injection Molding,IM-002,M-INJ-002,2026-12-20,218.1,71.8,11.4,69.2,41.3,
WO-9009,Injection Molding,IM-002,M-INJ-002,2026-12-21,223.4,67.5,8.2,65.6,42.2,
WO-9010,Injection Molding,IM-002,M-INJ-002,2026-12-22,216.6,71.7,14.1,58.3,43.4,
WO-9011,Injection Molding,IM-002,M-INJ-002,2026-12-23,219.7,71.0,11.4,72.2,41.6,
WO-9012,  Injection Molding  ,IM-002,M-INJ-002,2026-12-23,216.6,79.4,11.5,59.0,43.9,
WO-9013,Injection Molding,IM-002,M-INJ-002,2026-12-24,219.9,74.6,10.9,66.3,43.3,
WO-9014,Injection Molding,IM-002,M-INJ-002,2026-12-25,223.3,64.7,8.8,70.9,43.2,
WO-9015,Injection Molding,IM-002,M-INJ-002,2026-12-25,214.2,76.6,8.1,69.9,39.6,
WO-9016,Injection Molding,IM-002,M-INJ-002,2026-12-26,213.2,73.8,12.3,65.7,45.2,
WO-9017,Injection Molding,IM-002,M-INJ-002,2026-12-27,223.9,70.2,10.3,69.0,46.8,
WO-9018,  Injection Molding  ,IM-002,M-INJ-002,2026-12-27,229.0,67.1,9.7,69.9,43.1,
WO-9019,Injection Molding,IM-002,M-INJ-002,2026-12-28,223.3,66.4,10.0,62.8,50.9,
WO-9020,Injection Molding,IM-002,M-INJ-002,2026-12-28,216.8,69.2,9.9,62.0,36.8,
WO-9021,Injection Molding,IM-002,M-INJ-002,2026-12-29,221.9,67.8,10.6,61.2,42.9,
WO-9022,Injection Molding,IM-002,M-INJ-002,2026-12-30,221.1,67.3,9.3,67.2,46.7,
WO-9023,Injection Molding,IM-003,M-INJ-001,2025-07-01,228.3,75.5,10.4,60.6,48.7,
WO-9024,Injection Molding,IM-003,M-INJ-001,2025-07-01,224.2,72.3,12.1,61.5,46.4,
WO-9025,Injection Molding,IM-003,M-INJ-001,2025-07-02,223.9,71.4,9.5,68.1,43.9,
WO-9026,Injection Molding,IM-003,M-INJ-001,2025-07-03,224.9,72.8,12.8,66.1,48.1,
WO-9027,Injection Molding,IM-003,M-INJ-001,2025-07-03,224.2,66.7,10.3,65.5,45.5,
WO-9028,Injection Molding,IM-003,M-INJ-001,2025-07-04,229.7,69.9,11.5,65.1,44.2,
WO-9029,Injection Molding,IM-003,M-INJ-001,2025-07-05,224.8,66.2,12.0,65.4,36.6,
WO-9030,Injection Molding,IM-003,M-INJ-003,2025-07-06,227.6,71.6,11.9,54.7,45.9,
WO-9031,injection molding,IM-003,M-INJ-003,2025-07-06,226.7,64.3,9.4,70.4,45.9,
WO-9032,Injection Molding,IM-003,M-INJ-003,2025-07-07,225.1,71.7,10.9,72.2,41.4,
WO-9033,Injection Molding,IM-003,M-INJ-001,2025-07-07,226.4,70.1,12.1,69.0,46.7,
WO-9034,Injection Molding,IM-003,M-INJ-001,2025-07-08,223.2,70.1,11.6,68.6,46.1,
WO-9035,Injection Molding,IM-003,M-INJ-001,2025-07-09,224.5,73.4,9.4,56.3,44.1,
WO-9036,Injection Molding,IM-003,M-INJ-003,2025-07-10,225.4,69.3,11.1,61.3,47.5,
WO-9037,Injection Molding,IM-003,M-INJ-001,2025-07-10,223.2,71.5,12.1,66.7,43.1,
WO-9038,Injection Molding,IM-003,M-INJ-001,2025-07-11,223.7,76.4,10.7,64.7,43.4,
WO-9039,Injection Molding,IM-003,M-INJ-001,2025-07-11,223.3,69.1,10.8,64.7,46.4,
WO-9040,Injection Molding,IM-003,M-INJ-001,2025-07-12,227.0,73.3,11.3,66.1,44.5,
WO-9041,Injection Molding,IM-003,M-INJ-001,2025-07-12,224.6,68.7,9.9,59.6,47.8,
WO-9042,Injection Molding,IM-003,M-INJ-001,2025-07-13,228.2,68.5,13.1,63.7,43.1,
WO-9043,Injection Molding,IM-003,M-INJ-001,2025-07-14,225.9,68.2,12.5,64.4,41.6,
WO-9044,injection molding,IM-003,M-INJ-003,2025-07-15,225.8,68.0,11.7,64.6,44.8,
WO-9045,  Injection Molding  ,IM-003,M-INJ-003,2025-07-15,225.7,68.4,9.1,63.8,47.3,
WO-9046,Injection Molding,IM-003,M-INJ-003,2025-07-16,224.9,65.6,11.1,68.3,45.4,
WO-9047,Injection Molding,IM-003,M-INJ-003,2025-07-17,225.1,68.9,11.5,67.1,45.0,
WO-9048,Injection Molding,IM-003,M-INJ-003,2025-07-17,224.5,70.2,11.8,62.1,46.5,
WO-9049,Injection Molding,IM-003,M-INJ-003,2025-07-18,224.3,74.1,11.6,59.8,50.2,
WO-9050,Injection Molding,IM-003,M-INJ-001,2025-07-19,225.5,72.3,11.0,68.1,50.0,
WO-9051,Injection Molding,IM-003,M-INJ-003,2025-07-19,224.3,70.2,12.2,63.5,37.5,
WO-9052,Injection Molding,IM-003,M-INJ-003,2025-07-20,222.2,69.0,13.8,62.0,44.2,
WO-9053,Injection Molding,IM-003,M-INJ-003,2025-07-21,221.4,70.6,10.7,61.6,45.3,
WO-9054,Injection Molding,IM-003,M-INJ-003,2025-07-22,225.9,73.1,10.3,62.0,40.7,
WO-9055,Injection Molding,IM-003,M-INJ-001,2025-07-23,225.5,75.6,10.2,68.2,41.1,
WO-9056,Injection Molding,IM-003,M-INJ-001,2025-07-23,224.7,70.2,10.5,69.4,45.1,
WO-9057,Injection Molding,IM-003,M-INJ-001,2025-07-24,221.4,63.3,10.8,72.0,44.5,
WO-9058,Injection Molding,IM-003,M-INJ-001,2025-07-25,219.7,64.0,10.4,70.3,40.5,
WO-9059,Injection Molding,IM-003,M-INJ-003,2025-07-26,226.3,72.7,11.1,63.1,49.5,
WO-9060,Injection Molding,IM-003,M-INJ-003,2025-07-26,226.4,67.0,12.7,63.1,43.9,
WO-9061,Injection Molding,IM-003,M-INJ-003,2025-07-27,228.0,68.4,12.3,64.6,42.1,
WO-9062,Injection Molding,IM-003,M-INJ-003,2025-07-28,224.5,67.2,11.2,61.7,48.2,
WO-9063,Injection Molding,IM-003,M-INJ-003,2025-07-28,224.0,72.0,9.7,67.3,39.6,
WO-9064,Injection Molding,IM-003,M-INJ-003,2025-07-29,227.6,72.2,9.8,59.2,44.7,
WO-9065,Injection Molding,IM-003,M-INJ-001,2025-07-29,225.1,68.0,11.0,72.6,49.4,
WO-9066,  Injection Molding  ,IM-003,M-INJ-001,2025-07-30,222.6,70.0,11.0,55.7,42.5,
WO-9067,Injection Molding,IM-003,M-INJ-001,2025-07-31,223.5,72.1,9.2,55.3,43.0,
WO-9068,Injection Molding,IM-003,M-INJ-003,2025-07-31,225.4,69.4,11.0,66.2,48.3,
WO-9069,Injection Molding,IM-003,M-INJ-003,2025-08-01,222.9,62.9,10.7,53.8,44.2,
WO-9070,Injection Molding,IM-003,M-INJ-003,2025-08-02,220.6,73.1,11.5,56.9,43.9,
WO-9071,Injection Molding,IM-003,M-INJ-003,2025-08-02,226.8,72.5,10.5,54.0,45.6,
WO-9072,Injection Molding,IM-003,M-INJ-001,2025-08-03,229.0,69.0,8.7,65.8,46.8,
WO-9073,Injection Molding,IM-003,M-INJ-001,2025-08-04,224.1,60.5,11.7,71.5,41.5,
WO-9074,Injection Molding,IM-003,M-INJ-001,2025-08-05,222.5,80.2,10.4,60.0,45.2,
WO-9075,Injection Molding,IM-003,M-INJ-001,2025-08-05,222.8,70.8,12.1,66.4,43.9,
WO-9076,Injection Molding,IM-003,M-INJ-003,2025-08-06,227.1,68.8,11.2,64.8,42.7,
WO-9077,Injection Molding,IM-003,M-INJ-003,2025-08-07,222.7,71.8,10.0,64.0,43.7,
WO-9078,Injection Molding,IM-003,M-INJ-003,2025-08-07,223.8,73.9,9.8,63.6,50.7,
WO-9079,Injection Molding,IM-003,M-INJ-003,2025-08-08,227.1,74.8,12.1,65.6,46.5,
WO-9080,Injection Molding,IM-003,M-INJ-003,2025-08-09,225.8,73.9,10.4,69.7,46.4,
WO-9081,Injection Molding,IM-003,M-INJ-003,2025-08-10,229.2,68.3,10.0,63.6,42.8,
WO-9082,injection molding,IM-003,M-INJ-003,2025-08-10,225.6,60.6,12.9,69.9,50.4,
WO-9083,Injection Molding,IM-003,M-INJ-003,2025-08-11,228.6,63.1,13.4,56.1,38.4,
WO-9084,Injection Molding,IM-003,M-INJ-001,2025-08-12,224.8,65.0,10.1,55.0,46.0,
WO-9085,INJECTION MOLDING,IM-003,M-INJ-001,2025-08-13,225.5,70.3,9.1,67.8,40.9,
WO-9086,Injection Molding,IM-003,M-INJ-001,2025-08-13,226.8,66.9,10.4,54.5,43.7,
WO-9087,Injection Molding,IM-003,M-INJ-001,2025-08-14,227.1,65.3,10.4,59.6,49.9,
WO-9088,Injection Molding,IM-003,M-INJ-001,2025-08-15,229.4,66.2,12.2,62.8,45.7,
WO-9089,Injection Molding,IM-003,M-INJ-001,2025-08-16,224.1,72.8,10.0,65.1,48.2,
WO-9090,injection molding,IM-003,M-INJ-003,2025-08-16,221.3,72.4,13.0,64.1,43.9,
WO-9091,Injection Molding,IM-003,M-INJ-003,2025-08-17,226.3,67.5,7.8,60.6,45.8,
WO-9092,Injection Molding,IM-003,M-INJ-003,2025-08-17,224.4,69.4,10.2,68.2,44.6,
WO-9093,Injection Molding,IM-003,M-INJ-001,2025-08-18,224.2,72.0,11.8,58.0,42.1,
WO-9094,Injection Molding,IM-003,M-INJ-001,2025-08-19,225.2,71.8,11.1,66.8,43.8,
WO-9095,Injection Molding,IM-003,M-INJ-001,2025-08-19,224.8,69.2,11.6,66.5,41.7,
WO-9096,Injection Molding,IM-003,M-INJ-003,2025-08-20,224.2,66.7,13.3,65.9,47.6,
WO-9097,Injection Molding,IM-003,M-INJ-003,2025-08-21,223.1,71.7,9.1,55.1,43.9,
WO-9098,INJECTION MOLDING,IM-003,M-INJ-003,2025-08-22,226.9,78.0,9.7,63.8,45.9,
WO-9099,Injection Molding,IM-003,M-INJ-001,2025-08-22,228.2,71.6,10.0,72.7,40.5,
WO-9100,Injection Molding,IM-003,M-INJ-001,2025-08-23,225.9,69.6,11.1,69.8,38.7,
WO-9101,Injection Molding,IM-003,M-INJ-001,2025-08-23,225.4,66.2,12.8,67.1,40.1,
WO-9102,Injection Molding,IM-003,M-INJ-001,2025-08-24,227.2,72.0,10.9,60.2,45.4,
WO-9103,Injection Molding,IM-003,M-INJ-001,2025-08-25,224.6,69.2,11.0,68.9,43.7,
WO-9104,  Injection Molding  ,IM-003,M-INJ-001,2025-08-26,224.4,70.8,8.7,69.1,44.3,
WO-9105,Injection Molding,IM-003,M-INJ-001,2025-08-26,227.2,71.3,11.0,67.7,47.4,
WO-9106,Injection Molding,IM-003,M-INJ-003,2025-08-27,226.0,66.4,11.8,73.4,39.6,
WO-9107,injection molding,IM-003,M-INJ-003,2025-08-28,224.0,65.9,10.4,62.9,44.9,
WO-9108,Injection Molding,IM-003,M-INJ-003,2025-08-28,224.9,72.4,11.6,69.3,50.8,
WO-9109,Injection Molding,IM-003,M-INJ-001,2025-08-29,222.4,71.7,10.3,76.4,46.2,
WO-9110,Injection Molding,IM-003,M-INJ-001,2025-08-30,228.0,65.3,11.6,63.0,44.6,
WO-9111,Injection Molding,IM-003,M-INJ-001,2025-08-30,224.5,74.7,11.0,63.2,52.1,
WO-9112,Injection Molding,IM-003,M-INJ-001,2025-08-31,227.4,67.2,10.5,65.0,48.1,
WO-9113,Injection Molding,IM-003,M-INJ-001,2025-09-01,223.9,70.3,12.0,63.4,42.0,
WO-9114,Injection Molding,IM-003,M-INJ-003,2025-09-01,225.1,66.9,12.0,76.6,43.9,
WO-9115,Injection Molding,IM-003,M-INJ-003,2025-09-02,219.8,71.2,13.0,70.1,42.3,
WO-9116,Injection Molding,IM-003,M-INJ-001,2025-09-03,226.6,67.9,9.9,71.5,45.1,
WO-9117,Injection Molding,IM-003,M-INJ-001,2025-09-03,225.9,72.0,12.0,68.9,40.9,
WO-9118,Injection Molding,IM-003,M-INJ-001,2025-09-04,225.9,58.4,11.3,68.2,45.4,
WO-9119,Injection Molding,IM-003,M-INJ-001,2025-09-05,226.1,70.9,12.2,59.9,41.8,
WO-9120,Injection Molding,IM-003,M-INJ-001,2025-09-05,222.3,70.1,10.8,63.2,47.6,
WO-9121,Injection Molding,IM-003,M-INJ-001,2025-09-06,225.6,74.6,12.6,65.6,49.0,
WO-9122,Injection Molding,IM-003,M-INJ-003,2025-09-06,224.4,65.3,11.8,66.6,46.6,
WO-9123,Injection Molding,IM-003,M-INJ-003,2025-09-07,225.0,76.2,8.7,66.2,48.4,
WO-9124,Injection Molding,IM-003,M-INJ-003,2025-09-08,225.4,71.1,9.7,70.0,51.2,
WO-9125,Injection Molding,IM-003,M-INJ-003,2025-09-08,225.4,74.7,10.4,61.2,51.5,
WO-9126,Injection Molding,IM-003,M-INJ-001,2025-09-09,224.2,64.3,10.5,71.3,49.0,
WO-9127,Injection Molding,IM-003,M-INJ-003,2025-09-10,225.0,74.7,12.8,65.5,46.6,
WO-9128,injection molding,IM-003,M-INJ-001,2025-09-10,223.5,63.0,10.7,60.2,40.5,
WO-9129,Injection Molding,IM-003,M-INJ-001,2025-09-11,225.5,70.0,11.4,60.8,48.1,
WO-9130,  Injection Molding  ,IM-003,M-INJ-001,2025-09-12,227.7,68.6,11.4,71.4,50.6,
WO-9131,Injection Molding,IM-003,M-INJ-001,2025-09-13,225.1,74.1,11.5,67.9,44.1,
WO-9132,Injection Molding,IM-003,M-INJ-001,2025-09-13,222.1,68.5,12.8,62.9,41.1,
WO-9133,  Injection Molding  ,IM-003,M-INJ-001,2025-09-14,223.9,64.2,12.3,67.8,44.6,
WO-9134,Injection Molding,IM-003,M-INJ-003,2025-09-15,227.2,78.4,11.2,59.7,42.9,
WO-9135,INJECTION MOLDING,IM-003,M-INJ-003,2025-09-15,225.8,63.9,10.3,61.9,47.3,
WO-9136,Injection Molding,IM-003,M-INJ-003,2025-09-16,226.2,69.9,11.4,59.7,42.4,
WO-9137,Injection Molding,IM-003,M-INJ-003,2025-09-16,227.5,65.0,11.6,73.4,41.3,
WO-9138,Injection Molding,IM-003,M-INJ-003,2025-09-17,223.7,70.5,11.3,62.2,48.7,
WO-9139,Injection Molding,IM-003,M-INJ-003,2025-09-18,227.7,72.4,14.1,60.8,48.9,
WO-9140,Injection Molding,IM-003,M-INJ-003,2025-09-19,222.6,67.5,8.7,61.2,38.4,
WO-9141,Injection Molding,IM-003,M-INJ-001,2025-09-19,223.5,69.0,8.9,64.5,46.6,
WO-9142,Injection Molding,IM-003,M-INJ-001,2025-09-20,225.0,65.4,10.4,73.3,46.0,
WO-9143,Injection Molding,IM-003,M-INJ-003,2025-09-21,225.3,67.0,10.8,70.8,45.9,
WO-9144,Injection Molding,IM-003,M-INJ-003,2025-09-22,226.2,60.7,12.2,70.3,46.8,
WO-9145,Injection Molding,IM-003,M-INJ-003,2025-09-22,225.9,66.1,11.9,60.4,43.3,
WO-9146,Injection Molding,IM-003,M-INJ-003,2025-09-23,222.8,70.7,10.6,70.9,41.4,
WO-9147,Injection Molding,IM-003,M-INJ-003,2025-09-23,226.7,68.3,9.3,73.1,41.0,
WO-9148,Injection Molding,IM-003,M-INJ-001,2025-09-24,227.9,66.6,12.3,59.2,50.1,
WO-9149,Injection Molding,IM-003,M-INJ-001,2025-09-25,223.9,69.8,12.6,68.0,46.5,
WO-9150,Injection Molding,IM-003,M-INJ-001,2025-09-26,224.6,72.8,10.9,57.2,44.2,
WO-9151,Injection Molding,IM-003,M-INJ-001,2025-09-27,225.6,70.2,12.2,61.0,41.0,
WO-9152,Injection Molding,IM-003,M-INJ-001,2025-09-27,226.0,73.6,12.6,60.2,45.6,
WO-9153,Injection Molding,IM-003,M-INJ-001,2025-09-28,223.3,67.8,12.4,69.6,44.1,
WO-9154,Injection Molding,IM-003,M-INJ-001,2025-09-29,224.2,73.1,9.2,59.6,44.0,
WO-9155,Injection Molding,IM-003,M-INJ-003,2025-09-29,222.9,71.3,11.6,65.2,48.9,
WO-9156,Injection Molding,IM-003,M-INJ-003,2025-09-30,219.5,64.4,10.2,55.9,48.4,
WO-9157,Injection Molding,IM-003,M-INJ-001,2025-09-30,222.9,66.8,11.8,64.6,45.0,
WO-9158,INJECTION MOLDING,IM-003,M-INJ-001,2025-10-01,224.9,65.8,12.6,59.1,48.2,
WO-9159,Injection Molding,IM-003,M-INJ-001,2025-10-01,224.1,74.0,12.8,65.4,47.2,
WO-9160,Injection Molding,IM-003,M-INJ-001,2025-10-02,226.5,65.6,10.9,67.0,45.3,
WO-9161,Injection Molding,IM-003,M-INJ-001,2025-10-03,225.0,67.1,11.3,61.0,44.6,
WO-9162,Injection Molding,IM-003,M-INJ-003,2025-10-03,223.7,71.2,11.1,67.8,43.7,
WO-9163,Injection Molding,IM-003,M-INJ-003,2025-10-04,224.8,73.5,12.8,69.5,43.4,
WO-9164,Injection Molding,IM-003,M-INJ-001,2025-10-05,229.6,68.0,9.4,69.9,50.9,
WO-9165,Injection Molding,IM-003,M-INJ-003,2025-10-06,223.1,72.2,10.8,58.7,39.4,
WO-9166,Injection Molding,IM-003,M-INJ-003,2025-10-06,221.3,69.1,11.6,66.3,44.8,
WO-9167,Injection Molding,IM-003,M-INJ-003,2025-10-07,223.9,73.0,12.5,65.0,43.6,
WO-9168,Injection Molding,IM-003,M-INJ-003,2025-10-07,229.7,72.9,13.2,71.1,46.2,
WO-9169,Injection Molding,IM-003,M-INJ-003,2025-10-08,226.0,78.5,10.1,71.7,40.7,
WO-9170,Injection Molding,IM-003,M-INJ-003,2025-10-09,227.1,72.0,9.5,77.7,45.2,
WO-9171,Injection Molding,IM-003,M-INJ-003,2025-10-09,222.3,64.9,11.7,62.0,48.1,
WO-9172,Injection Molding,IM-003,M-INJ-001,2025-10-10,223.6,64.8,9.3,73.1,46.0,
WO-9173,Injection Molding,IM-003,M-INJ-001,2025-10-11,223.6,81.8,11.5,71.0,48.1,
WO-9174,Injection Molding,IM-003,M-INJ-001,2025-10-11,224.2,69.3,9.8,60.6,46.3,
WO-9175,Injection Molding,IM-003,M-INJ-001,2025-10-12,227.2,68.0,11.8,72.0,43.0,
WO-9176,Injection Molding,IM-003,M-INJ-001,2025-10-13,223.1,71.8,9.1,61.3,39.6,
WO-9177,Injection Molding,IM-003,M-INJ-001,2025-10-14,225.7,67.0,11.4,65.8,49.6,
WO-9178,Injection Molding,IM-003,M-INJ-003,2025-10-14,222.8,75.8,11.5,68.6,46.8,
WO-9179,Injection Molding,IM-003,M-INJ-001,2025-10-15,224.3,72.4,10.7,68.5,45.0,
WO-9180,Injection Molding,IM-003,M-INJ-001,2025-10-15,225.8,71.8,11.5,64.6,48.1,
WO-9181,Injection Molding,IM-003,M-INJ-001,2025-10-16,228.0,64.1,8.8,64.0,39.5,
WO-9182,Injection Molding,IM-003,M-INJ-003,2025-10-17,228.1,70.4,12.0,62.0,48.0,
WO-9183,Injection Molding,IM-003,M-INJ-003,2025-10-17,222.1,71.4,11.4,63.8,45.1,
WO-9184,Injection Molding,IM-003,M-INJ-003,2025-10-18,227.4,65.3,11.5,67.7,46.4,
WO-9185,injection molding,IM-003,M-INJ-003,2025-10-18,225.6,67.1,11.2,63.8,45.5,
WO-9186,Injection Molding,IM-003,M-INJ-003,2025-10-19,225.6,69.8,11.1,47.1,47.2,
WO-9187,INJECTION MOLDING,IM-003,M-INJ-001,2025-10-19,226.7,73.5,9.3,68.8,47.9,
WO-9188,Injection Molding,IM-003,M-INJ-001,2025-10-20,224.3,76.3,10.2,63.9,41.5,
WO-9189,  Injection Molding  ,IM-003,M-INJ-001,2025-10-21,226.4,69.6,10.6,64.3,43.7,
WO-9190,Injection Molding,IM-003,M-INJ-003,2025-10-22,226.0,65.9,9.5,68.9,42.1,
WO-9191,INJECTION MOLDING,IM-003,M-INJ-003,2025-10-22,223.5,72.5,10.2,67.1,43.5,
WO-9192,Injection Molding,IM-003,M-INJ-003,2025-10-22,225.5,70.6,11.2,65.1,45.7,
WO-9193,Injection Molding,IM-003,M-INJ-003,2025-10-23,223.2,66.2,9.4,73.6,44.9,
WO-9194,INJECTION MOLDING,IM-003,M-INJ-003,2025-10-24,221.9,69.5,12.1,73.1,43.7,
WO-9195,Injection Molding,IM-003,M-INJ-003,2025-10-24,225.8,71.5,10.2,59.7,39.2,
WO-9196,Injection Molding,IM-003,M-INJ-003,2025-10-25,224.8,68.5,10.8,62.0,47.9,
WO-9197,Injection Molding,IM-003,M-INJ-001,2025-10-26,223.9,70.0,10.0,59.4,47.4,
WO-9198,Injection Molding,IM-003,M-INJ-001,2025-10-26,226.6,76.2,12.3,56.4,42.6,
WO-9199,Injection Molding,IM-003,M-INJ-001,2025-10-27,224.4,67.2,10.5,67.9,45.1,
WO-9200,Injection Molding,IM-003,M-INJ-001,2025-10-28,224.2,71.5,10.8,66.8,47.2,
WO-9201,Injection Molding,IM-003,M-INJ-001,2025-10-28,224.8,69.7,9.7,61.3,44.7,
WO-9202,Injection Molding,IM-003,M-INJ-003,2025-10-29,226.3,65.7,11.4,68.2,42.6,
WO-9203,Injection Molding,IM-003,M-INJ-001,2025-10-30,223.2,68.9,11.2,67.0,42.3,
WO-9204,Injection Molding,IM-003,M-INJ-001,2025-10-30,224.5,70.2,9.2,64.2,44.5,
WO-9205,Injection Molding,IM-003,M-INJ-001,2025-10-31,227.0,67.4,12.4,65.8,46.3,
WO-9206,Injection Molding,IM-003,M-INJ-003,2025-10-31,224.6,72.1,10.0,69.2,45.0,
WO-9207,Injection Molding,IM-003,M-INJ-003,2025-11-01,225.0,67.0,12.1,58.9,45.7,
WO-9208,Injection Molding,IM-003,M-INJ-003,2025-11-01,227.2,77.0,10.0,64.5,50.5,
WO-9209,Injection Molding,IM-003,M-INJ-001,2025-11-02,225.5,62.4,9.8,65.2,40.4,
WO-9210,Injection Molding,IM-003,M-INJ-001,2025-11-03,222.5,71.6,11.2,62.5,41.9,
WO-9211,Injection Molding,IM-003,M-INJ-001,2025-11-03,223.2,67.8,9.1,64.4,40.4,
WO-9212,Injection Molding,IM-003,M-INJ-001,2025-11-04,224.8,76.5,13.2,64.4,43.6,
WO-9213,INJECTION MOLDING,IM-003,M-INJ-001,2025-11-05,224.6,67.6,13.9,64.5,47.4,
WO-9214,Injection Molding,IM-003,M-INJ-001,2025-11-05,223.8,69.4,9.9,64.6,49.4,
WO-9215,Injection Molding,IM-003,M-INJ-003,2025-11-06,222.9,72.4,10.6,58.9,42.4,
WO-9216,Injection Molding,IM-003,M-INJ-003,2025-11-06,226.7,66.3,10.0,56.0,49.3,
WO-9217,Injection Molding,IM-003,M-INJ-001,2025-11-07,228.8,75.6,11.3,70.3,44.8,
WO-9218,injection molding,IM-003,M-INJ-001,2025-11-08,222.7,67.2,12.5,64.8,46.5,
WO-9219,  Injection Molding  ,IM-003,M-INJ-003,2025-11-09,223.0,77.3,13.2,67.9,40.9,
WO-9220,Injection Molding,IM-003,M-INJ-003,2025-11-10,224.3,71.6,11.2,60.9,45.9,
WO-9221,Injection Molding,IM-003,M-INJ-001,2025-11-11,222.1,65.8,11.1,65.7,49.9,
WO-9222,Injection Molding,IM-003,M-INJ-001,2025-11-11,227.2,69.1,10.4,60.8,39.6,
WO-9223,Injection Molding,IM-003,M-INJ-003,2025-11-12,226.3,70.7,8.5,72.0,45.8,
WO-9224,Injection Molding,IM-003,M-INJ-003,2025-11-13,221.8,66.7,12.2,66.1,43.2,
WO-9225,Injection Molding,IM-003,M-INJ-003,2025-11-14,222.6,65.0,10.3,57.2,42.3,
WO-9226,Injection Molding,IM-003,M-INJ-003,2025-11-14,225.6,67.3,10.0,59.7,44.1,
WO-9227,Injection Molding,IM-003,M-INJ-003,2025-11-15,225.6,71.1,12.9,72.3,45.6,
WO-9228,Injection Molding,IM-003,M-INJ-003,2025-11-16,224.9,74.9,12.4,59.4,49.6,
WO-9229,Injection Molding,IM-003,M-INJ-003,2025-11-16,224.9,66.4,10.6,70.8,44.9,
WO-9230,Injection Molding,IM-003,M-INJ-003,2025-11-16,227.1,66.6,11.8,65.9,37.8,
WO-9231,Injection Molding,IM-003,M-INJ-003,2025-11-17,224.2,76.5,11.9,62.5,42.1,
WO-9232,Injection Molding,IM-003,M-INJ-003,2025-11-17,224.4,77.8,7.4,69.3,40.2,
WO-9233,Injection Molding,IM-003,M-INJ-001,2025-11-18,228.2,67.9,10.0,62.6,46.1,
WO-9234,Injection Molding,IM-003,M-INJ-001,2025-11-19,221.4,69.7,10.9,62.1,47.0,
WO-9235,Injection Molding,IM-003,M-INJ-003,2025-11-20,224.7,66.4,12.6,62.6,44.9,
WO-9236,Injection Molding,IM-003,M-INJ-003,2025-11-20,222.8,71.6,12.6,54.1,47.8,
WO-9237,Injection Molding,IM-003,M-INJ-003,2025-11-21,221.7,74.7,12.3,61.7,47.9,
WO-9238,INJECTION MOLDING,IM-003,M-INJ-001,2025-11-22,224.6,67.8,9.5,69.1,47.7,
WO-9239,Injection Molding,IM-003,M-INJ-003,2025-11-22,222.6,72.4,10.4,73.3,44.4,
WO-9240,Injection Molding,IM-003,M-INJ-003,2025-11-23,225.8,64.5,10.1,75.2,51.1,
WO-9241,Injection Molding,IM-003,M-INJ-001,2025-11-24,225.3,70.8,14.2,64.3,45.1,
WO-9242,INJECTION MOLDING,IM-003,M-INJ-001,2025-11-24,222.4,76.1,12.9,68.2,42.5,
WO-9243,Injection Molding,IM-003,M-INJ-003,2025-11-25,228.6,69.0,12.0,61.9,47.1,
WO-9244,Injection Molding,IM-003,M-INJ-003,2025-11-25,223.1,69.5,9.2,66.5,40.2,
WO-9245,Injection Molding,IM-003,M-INJ-003,2025-11-26,224.3,72.6,11.5,65.6,43.2,
WO-9246,Injection Molding,IM-003,M-INJ-003,2025-11-27,227.0,71.8,11.0,77.7,44.1,
WO-9247,Injection Molding,IM-003,M-INJ-003,2025-11-28,221.8,76.9,12.2,67.1,53.2,
WO-9248,Injection Molding,IM-003,M-INJ-003,2025-11-29,223.8,74.0,10.1,67.2,42.2,
WO-9249,Injection Molding,IM-003,M-INJ-001,2025-11-30,223.1,69.6,11.9,63.2,48.2,
WO-9250,Injection Molding,IM-003,M-INJ-001,2025-11-30,226.9,71.9,9.3,68.9,44.9,
WO-9251,Injection Molding,IM-003,M-INJ-001,2025-12-01,224.9,72.8,10.6,57.3,45.0,
WO-9252,Injection Molding,IM-003,M-INJ-001,2025-12-02,226.3,67.3,10.8,64.6,48.5,
WO-9253,Injection Molding,IM-003,M-INJ-001,2025-12-02,226.9,68.5,9.2,65.6,44.0,
WO-9254,Injection Molding,IM-003,M-INJ-001,2025-12-03,222.0,69.7,11.0,68.8,50.1,
WO-9255,Injection Molding,IM-003,M-INJ-003,2025-12-04,225.2,76.1,9.6,59.9,49.5,
WO-9256,Injection Molding,IM-003,M-INJ-001,2025-12-04,223.5,73.6,10.6,69.6,45.1,
WO-9257,Injection Molding,IM-003,M-INJ-001,2025-12-05,224.9,74.0,12.2,67.5,41.6,
WO-9258,Injection Molding,IM-003,M-INJ-001,2025-12-05,223.1,75.2,11.5,70.6,45.8,
WO-9259,Injection Molding,IM-003,M-INJ-001,2025-12-06,226.3,77.6,12.4,65.4,44.2,
WO-9260,Injection Molding,IM-003,M-INJ-001,2025-12-07,222.6,70.3,10.7,69.8,47.7,
WO-9261,Injection Molding,IM-003,M-INJ-003,2025-12-08,221.2,71.3,11.3,59.2,44.3,
WO-9262,Injection Molding,IM-003,M-INJ-001,2025-12-09,225.1,70.0,10.4,65.3,45.1,
WO-9263,Injection Molding,IM-003,M-INJ-001,2025-12-09,221.7,73.5,10.6,60.8,46.5,
WO-9264,Injection Molding,IM-003,M-INJ-001,2025-12-09,222.8,71.9,11.5,56.9,48.8,
WO-9265,Injection Molding,IM-003,M-INJ-001,2025-12-10,220.5,64.1,9.9,62.0,46.0,
WO-9266,Injection Molding,IM-003,M-INJ-003,2025-12-11,224.8,68.8,12.5,68.8,43.3,
WO-9267,Injection Molding,IM-003,M-INJ-003,2025-12-12,221.4,77.3,11.0,62.9,43.0,
WO-9268,Injection Molding,IM-003,M-INJ-003,2025-12-12,225.9,70.3,11.0,55.9,48.3,
WO-9269,injection molding,IM-003,M-INJ-003,2025-12-13,225.7,75.3,11.4,65.4,47.0,
WO-9270,Injection Molding,IM-003,M-INJ-003,2025-12-14,225.7,72.0,12.3,73.6,44.4,
WO-9271,Injection Molding,IM-003,M-INJ-003,2025-12-14,227.9,69.7,13.5,54.4,46.0,
WO-9272,Injection Molding,IM-003,M-INJ-003,2025-12-15,228.4,74.2,10.7,63.6,42.3,
WO-9273,injection molding,IM-003,M-INJ-003,2025-12-16,228.0,71.2,13.6,72.7,47.6,
WO-9274,Injection Molding,IM-003,M-INJ-003,2025-12-16,225.1,68.4,10.4,73.1,46.7,
WO-9275,Injection Molding,IM-003,M-INJ-001,2025-12-17,226.4,63.9,8.7,74.3,44.2,
WO-9276,Injection Molding,IM-003,M-INJ-001,2025-12-18,224.6,70.6,12.0,61.3,40.0,
WO-9277,Injection Molding,IM-003,M-INJ-001,2025-12-19,225.1,71.9,9.6,68.0,47.7,
WO-9278,Injection Molding,IM-003,M-INJ-003,2025-12-19,224.6,65.6,11.1,68.9,44.4,
WO-9279,Injection Molding,IM-003,M-INJ-003,2025-12-20,222.4,63.8,11.3,72.7,43.9,
WO-9280,Injection Molding,IM-003,M-INJ-003,2025-12-21,224.8,69.5,12.1,59.5,39.4,
WO-9281,Injection Molding,IM-003,M-INJ-003,2025-12-22,225.2,66.7,9.2,57.2,42.3,
WO-9282,Injection Molding,IM-003,M-INJ-001,2025-12-22,224.4,69.4,11.3,55.0,48.5,
WO-9283,Injection Molding,IM-003,M-INJ-001,2025-12-23,224.5,71.0,10.5,58.4,46.1,
WO-9284,Injection Molding,IM-003,M-INJ-001,2025-12-23,227.5,69.4,12.9,67.7,45.6,
WO-9285,Injection Molding,IM-003,M-INJ-001,2025-12-24,230.1,57.7,13.4,64.0,43.1,
WO-9286,Injection Molding,IM-003,M-INJ-001,2025-12-25,226.4,69.6,10.2,67.8,46.6,
WO-9287,Injection Molding,IM-003,M-INJ-003,2025-12-25,223.4,69.5,10.2,53.0,41.1,
WO-9288,Injection Molding,IM-003,M-INJ-003,2025-12-26,223.7,74.8,10.6,63.0,42.9,
WO-9289,Injection Molding,IM-003,M-INJ-003,2025-12-27,222.7,67.1,10.6,58.0,47.2,
WO-9290,Injection Molding,IM-003,M-INJ-003,2025-12-28,226.4,67.7,9.5,61.7,44.9,
WO-9291,Injection Molding,IM-003,M-INJ-001,2025-12-29,224.3,69.1,10.3,64.4,46.3,
WO-9292,Injection Molding,IM-003,M-INJ-003,2025-12-29,226.2,75.3,10.3,66.5,42.3,
WO-9293,Injection Molding,IM-003,M-INJ-003,2025-12-30,221.7,78.7,12.2,64.0,48.0,
WO-9294,Injection Molding,IM-003,M-INJ-003,2025-12-31,226.1,68.3,12.6,74.3,41.2,
WO-9295,Injection Molding,IM-003,M-INJ-001,2025-12-31,228.1,63.9,13.5,57.2,44.5,
WO-9296,Injection Molding,IM-003,M-INJ-001,2026-01-01,227.3,64.3,13.0,71.1,44.5,
WO-9297,Injection Molding,IM-003,M-INJ-001,2026-01-02,225.5,71.1,12.2,57.9,43.4,
WO-9298,Injection Molding,IM-003,M-INJ-003,2026-01-02,224.2,72.9,12.6,61.8,47.4,
WO-9299,Injection Molding,IM-003,M-INJ-003,2026-01-03,224.7,67.8,12.6,70.4,48.4,
WO-9300,INJECTION MOLDING,IM-003,M-INJ-001,2026-01-04,227.1,70.2,11.0,66.0,41.2,
WO-9301,Injection Molding,IM-003,M-INJ-001,2026-01-04,224.0,74.7,11.0,69.1,42.0,
WO-9302,Injection Molding,IM-003,M-INJ-001,2026-01-05,224.0,70.0,10.5,71.6,45.0,
WO-9303,Injection Molding,IM-003,M-INJ-001,2026-01-06,225.8,70.6,12.4,59.8,50.3,
WO-9304,Injection Molding,IM-003,M-INJ-003,2026-01-06,224.0,69.8,11.5,72.2,47.0,
WO-9305,Injection Molding,IM-003,M-INJ-001,2026-01-07,228.3,69.1,11.6,69.2,43.4,
WO-9306,Injection Molding,IM-003,M-INJ-001,2026-01-08,225.9,70.3,10.3,64.6,51.3,
WO-9307,  Injection Molding  ,IM-003,M-INJ-003,2026-01-08,224.4,75.5,11.7,62.9,40.3,
WO-9308,Injection Molding,IM-003,M-INJ-003,2026-01-09,222.1,74.7,12.2,75.1,47.6,
WO-9309,Injection Molding,IM-003,M-INJ-003,2026-01-10,225.3,76.0,9.7,68.2,49.3,
WO-9310,Injection Molding,IM-003,M-INJ-003,2026-01-11,225.9,73.1,11.1,57.0,42.3,
WO-9311,Injection Molding,IM-003,M-INJ-003,2026-01-12,226.2,73.8,12.8,67.8,40.2,
WO-9312,Injection Molding,IM-003,M-INJ-003,2026-01-13,226.6,70.5,9.3,62.5,48.8,
WO-9313,Injection Molding,IM-003,M-INJ-003,2026-01-13,223.8,70.4,10.8,65.8,41.1,
WO-9314,INJECTION MOLDING,IM-003,M-INJ-003,2026-01-14,224.5,67.7,10.6,70.3,46.6,
WO-9315,Injection Molding,IM-003,M-INJ-003,2026-01-15,227.0,65.8,12.0,72.7,46.5,
WO-9316,Injection Molding,IM-003,M-INJ-003,2026-01-15,224.5,74.3,10.8,66.7,40.0,
WO-9317,Injection Molding,IM-003,M-INJ-003,2026-01-16,227.3,70.8,10.4,70.2,47.8,
WO-9318,Injection Molding,IM-003,M-INJ-003,2026-01-17,226.1,71.8,10.3,63.7,48.9,
WO-9319,Injection Molding,IM-003,M-INJ-001,2026-01-17,227.4,76.7,11.3,64.1,44.3,
WO-9320,Injection Molding,IM-003,M-INJ-003,2026-01-18,225.4,77.9,11.0,64.3,42.9,
WO-9321,Injection Molding,IM-003,M-INJ-003,2026-01-19,227.0,73.4,11.4,69.8,41.5,
WO-9322,Injection Molding,IM-003,M-INJ-001,2026-01-19,225.2,70.4,11.4,64.3,42.6,
WO-9323,Injection Molding,IM-003,M-INJ-001,2026-01-20,224.8,78.9,10.3,68.4,43.4,
WO-9324,Injection Molding,IM-003,M-INJ-001,2026-01-20,227.3,66.2,13.3,63.0,43.8,
WO-9325,Injection Molding,IM-003,M-INJ-003,2026-01-21,226.6,75.8,11.4,57.4,49.2,
WO-9326,Injection Molding,IM-003,M-INJ-003,2026-01-21,225.9,69.9,10.8,73.3,44.1,
WO-9327,Injection Molding,IM-003,M-INJ-001,2026-01-22,223.0,66.7,12.6,69.8,44.9,
WO-9328,Injection Molding,IM-003,M-INJ-001,2026-01-23,224.4,65.0,13.3,65.1,50.2,
WO-9329,Injection Molding,IM-003,M-INJ-001,2026-01-24,225.1,68.9,12.0,63.0,41.2,
WO-9330,Injection Molding,IM-003,M-INJ-001,2026-01-24,226.1,71.7,11.2,64.4,44.7,
WO-9331,Injection Molding,IM-003,M-INJ-003,2026-01-25,222.7,70.3,10.5,69.2,40.2,
WO-9332,Injection Molding,IM-003,M-INJ-003,2026-01-26,226.3,68.4,9.9,67.6,45.4,
WO-9333,Injection Molding,IM-003,M-INJ-003,2026-01-26,224.2,74.0,11.8,60.3,43.5,
WO-9334,Injection Molding,IM-003,M-INJ-003,2026-01-27,223.8,72.9,10.6,64.5,47.4,
WO-9335,Injection Molding,IM-003,M-INJ-003,2026-01-28,222.3,70.6,13.8,63.8,48.7,
WO-9336,Injection Molding,IM-003,M-INJ-003,2026-01-29,223.6,66.3,8.8,67.0,39.7,
WO-9337,Injection Molding,IM-003,M-INJ-001,2026-01-29,219.2,68.2,10.5,69.1,42.3,
WO-9338,Injection Molding,IM-003,M-INJ-001,2026-01-30,225.2,73.9,11.2,70.1,45.9,
WO-9339,injection molding,IM-003,M-INJ-003,2026-01-31,222.6,73.5,11.4,63.9,44.5,
WO-9340,Injection Molding,IM-003,M-INJ-003,2026-01-31,222.0,72.1,10.3,72.5,43.0,
WO-9341,injection molding,IM-003,M-INJ-003,2026-02-01,226.2,69.9,8.7,63.1,46.3,
WO-9342,Injection Molding,IM-003,M-INJ-001,2026-02-01,225.8,70.5,11.8,69.5,46.7,
WO-9343,INJECTION MOLDING,IM-003,M-INJ-001,2026-02-02,226.8,72.5,11.4,72.3,43.2,
WO-9344,Injection Molding,IM-003,M-INJ-001,2026-02-02,223.9,73.8,11.0,60.1,47.5,
WO-9345,injection molding,IM-003,M-INJ-001,2026-02-03,224.3,74.7,12.8,70.7,44.0,
WO-9346,Injection Molding,IM-003,M-INJ-003,2026-02-04,223.7,66.4,11.3,66.6,45.5,
WO-9347,Injection Molding,IM-003,M-INJ-003,2026-02-04,221.6,69.3,14.5,60.1,40.9,
WO-9348,Injection Molding,IM-003,M-INJ-003,2026-02-05,220.7,60.5,9.7,66.8,43.5,
WO-9349,Injection Molding,IM-003,M-INJ-003,2026-02-06,225.3,67.5,10.7,56.9,44.5,
WO-9350,Injection Molding,IM-003,M-INJ-001,2026-02-07,225.2,71.1,10.0,58.6,41.5,
WO-9351,Injection Molding,IM-003,M-INJ-001,2026-02-07,222.0,65.8,12.0,60.5,48.8,
WO-9352,Injection Molding,IM-003,M-INJ-001,2026-02-08,225.7,64.1,10.5,61.8,40.9,
WO-9353,Injection Molding,IM-003,M-INJ-001,2026-02-09,226.7,70.8,11.9,64.9,45.7,
WO-9354,INJECTION MOLDING,IM-003,M-INJ-003,2026-02-09,227.2,64.4,12.1,63.8,51.3,
WO-9355,Injection Molding,IM-003,M-INJ-001,2026-02-10,225.6,71.8,11.5,66.6,42.3,
WO-9356,Injection Molding,IM-003,M-INJ-001,2026-02-11,225.6,67.1,11.5,71.3,44.4,
WO-9357,Injection Molding,IM-003,M-INJ-001,2026-02-11,224.9,70.5,11.1,71.2,45.8,
WO-9358,Injection Molding,IM-003,M-INJ-001,2026-02-12,223.7,65.7,10.7,61.5,39.4,
WO-9359,Injection Molding,IM-003,M-INJ-001,2026-02-13,225.1,66.9,10.4,64.3,43.9,
WO-9360,Injection Molding,IM-003,M-INJ-001,2026-02-13,223.5,68.6,11.4,64.8,45.0,
WO-9361,Injection Molding,IM-003,M-INJ-003,2026-02-14,223.5,71.8,10.7,57.7,48.8,
WO-9362,  Injection Molding  ,IM-003,M-INJ-003,2026-02-15,222.2,74.8,11.3,66.9,39.0,
WO-9363,Injection Molding,IM-003,M-INJ-003,2026-02-16,225.5,71.6,11.1,54.5,46.3,
WO-9364,Injection Molding,IM-003,M-INJ-001,2026-02-16,223.0,73.2,12.4,61.4,43.0,
WO-9365,Injection Molding,IM-003,M-INJ-001,2026-02-17,226.7,68.4,11.5,63.9,44.7,
WO-9366,Injection Molding,IM-003,M-INJ-003,2026-02-18,225.7,68.8,9.1,56.0,48.7,
WO-9367,Injection Molding,IM-003,M-INJ-001,2026-02-18,228.1,72.5,10.4,64.3,46.9,
WO-9368,Injection Molding,IM-003,M-INJ-001,2026-02-19,229.5,68.0,10.4,60.7,47.2,
WO-9369,Injection Molding,IM-003,M-INJ-003,2026-02-20,223.2,63.6,10.0,65.4,45.0,
WO-9370,Injection Molding,IM-003,M-INJ-003,2026-02-20,226.6,67.8,12.0,69.4,45.1,
WO-9371,Injection Molding,IM-003,M-INJ-003,2026-02-21,222.9,69.9,13.1,60.3,46.5,
WO-9372,Injection Molding,IM-003,M-INJ-001,2026-02-22,227.4,66.5,10.7,69.4,41.9,
WO-9373,Injection Molding,IM-003,M-INJ-001,2026-02-22,225.4,71.2,9.8,71.9,45.5,
WO-9374,INJECTION MOLDING,IM-003,M-INJ-001,2026-02-23,225.5,68.5,10.8,62.2,46.3,
WO-9375,Injection Molding,IM-003,M-INJ-001,2026-02-24,224.4,68.0,11.7,68.6,46.6,
WO-9376,Injection Molding,IM-003,M-INJ-003,2026-02-24,224.9,67.9,11.3,68.5,45.6,
WO-9377,Injection Molding,IM-003,M-INJ-003,2026-02-25,226.8,69.0,11.1,69.2,44.0,
WO-9378,Injection Molding,IM-003,M-INJ-003,2026-02-26,224.3,71.3,11.6,68.4,45.7,
WO-9379,Injection Molding,IM-003,M-INJ-001,2026-02-26,223.0,70.6,8.3,60.8,45.9,
WO-9380,Injection Molding,IM-003,M-INJ-003,2026-02-27,227.0,70.9,9.2,67.8,49.5,
WO-9381,Injection Molding,IM-003,M-INJ-003,2026-02-28,224.4,74.1,12.7,68.0,48.4,
WO-9382,Injection Molding,IM-003,M-INJ-003,2026-03-01,224.5,65.0,10.3,66.8,49.3,
WO-9383,Injection Molding,IM-003,M-INJ-003,2026-03-01,224.2,76.6,9.9,63.9,45.6,
WO-9384,Injection Molding,IM-003,M-INJ-003,2026-03-02,223.4,73.5,10.9,63.6,48.6,
WO-9385,Injection Molding,IM-003,M-INJ-001,2026-03-02,231.3,72.0,11.2,68.0,44.7,
WO-9386,Injection Molding,IM-003,M-INJ-001,2026-03-03,223.0,65.7,10.4,61.6,43.8,
WO-9387,Injection Molding,IM-003,M-INJ-001,2026-03-03,222.6,65.0,10.7,69.4,47.0,
WO-9388,Injection Molding,IM-003,M-INJ-001,2026-03-04,226.6,69.0,11.9,66.9,45.7,
WO-9389,Injection Molding,IM-003,M-INJ-001,2026-03-05,221.4,70.7,9.9,62.8,48.1,
WO-9390,Injection Molding,IM-003,M-INJ-001,2026-03-05,226.1,71.7,10.0,62.8,48.5,
WO-9391,Injection Molding,IM-003,M-INJ-001,2026-03-06,229.7,67.5,10.1,59.3,47.0,
WO-9392,Injection Molding,IM-003,M-INJ-003,2026-03-07,226.6,70.0,12.0,72.9,41.2,
WO-9393,Injection Molding,IM-003,M-INJ-003,2026-03-07,227.0,66.3,9.1,65.2,42.4,
WO-9394,INJECTION MOLDING,IM-003,M-INJ-003,2026-03-08,225.8,75.5,10.7,68.7,48.2,
WO-9395,Injection Molding,IM-003,M-INJ-003,2026-03-09,225.9,67.5,11.1,66.3,46.8,
WO-9396,  Injection Molding  ,IM-003,M-INJ-003,2026-03-09,225.3,64.7,8.1,56.3,45.4,
WO-9397,Injection Molding,IM-003,M-INJ-001,2026-03-10,227.0,71.5,10.5,64.8,45.8,
WO-9398,Injection Molding,IM-003,M-INJ-003,2026-03-11,227.2,64.4,12.4,64.3,51.2,
WO-9399,Injection Molding,IM-003,M-INJ-003,2026-03-11,223.5,68.1,11.8,72.1,40.2,
WO-9400,Injection Molding,IM-003,M-INJ-001,2026-03-12,225.6,75.6,10.3,57.0,47.2,
WO-9401,Injection Molding,IM-003,M-INJ-001,2026-03-13,228.4,66.7,11.4,67.0,44.6,
WO-9402,Injection Molding,IM-003,M-INJ-001,2026-03-13,223.7,69.3,9.3,65.6,42.2,
WO-9403,Injection Molding,IM-003,M-INJ-001,2026-03-14,227.6,70.2,10.6,63.9,45.8,
WO-9404,Injection Molding,IM-003,M-INJ-001,2026-03-15,222.1,67.4,13.6,58.7,42.4,
WO-9405,Injection Molding,IM-003,M-INJ-001,2026-03-15,224.6,62.7,13.1,66.2,47.5,
WO-9406,Injection Molding,IM-003,M-INJ-001,2026-03-16,221.1,67.7,10.6,65.9,44.2,
WO-9407,Injection Molding,IM-003,M-INJ-001,2026-03-16,228.0,72.6,14.0,64.1,44.0,
WO-9408,Injection Molding,IM-003,M-INJ-003,2026-03-17,224.5,71.3,10.7,71.5,43.2,
WO-9409,injection molding,IM-003,M-INJ-003,2026-03-18,223.3,66.5,12.4,62.8,42.0,
WO-9410,Injection Molding,IM-003,M-INJ-003,2026-03-18,224.1,65.4,11.5,58.8,50.3,
WO-9411,Injection Molding,IM-003,M-INJ-003,2026-03-19,224.8,68.5,12.8,64.6,43.3,
WO-9412,Injection Molding,IM-003,M-INJ-001,2026-03-20,227.4,72.0,9.9,60.7,45.5,
WO-9413,Injection Molding,IM-003,M-INJ-001,2026-03-20,225.5,69.9,11.7,59.5,46.9,
WO-9414,Injection Molding,IM-003,M-INJ-001,2026-03-21,222.2,75.3,9.3,61.3,51.8,
WO-9415,Injection Molding,IM-003,M-INJ-003,2026-03-22,224.3,72.6,9.0,67.2,47.3,
WO-9416,Injection Molding,IM-003,M-INJ-001,2026-03-23,224.0,78.0,11.5,65.6,39.8,
WO-9417,Injection Molding,IM-003,M-INJ-001,2026-03-23,225.0,71.7,9.8,67.1,42.0,
WO-9418,Injection Molding,IM-003,M-INJ-003,2026-03-24,225.1,63.2,12.8,57.7,43.1,
WO-9419,Injection Molding,IM-003,M-INJ-003,2026-03-25,228.2,70.7,9.9,64.3,49.0,
WO-9420,Injection Molding,IM-003,M-INJ-003,2026-03-25,226.2,65.3,12.2,56.2,43.8,
WO-9421,Injection Molding,IM-003,M-INJ-003,2026-03-26,222.2,71.7,10.2,68.0,47.7,
WO-9422,Injection Molding,IM-003,M-INJ-003,2026-03-27,225.9,63.9,10.3,63.3,44.5,
WO-9423,Injection Molding,IM-003,M-INJ-003,2026-03-27,225.5,70.5,13.7,59.1,45.5,
WO-9424,Injection Molding,IM-003,M-INJ-001,2026-03-28,226.2,71.2,10.8,72.4,48.1,
WO-9425,Injection Molding,IM-003,M-INJ-001,2026-03-29,226.4,66.6,11.8,69.1,46.6,
WO-9426,Injection Molding,IM-003,M-INJ-001,2026-03-30,222.5,73.3,10.2,57.3,45.1,
WO-9427,Injection Molding,IM-003,M-INJ-001,2026-03-31,221.9,78.9,10.4,65.6,49.5,
WO-9428,Injection Molding,IM-003,M-INJ-001,2026-03-31,226.7,67.3,9.0,57.0,40.8,
WO-9429,INJECTION MOLDING,IM-003,M-INJ-003,2026-04-01,227.8,77.0,13.3,68.2,44.6,
WO-9430,Injection Molding,IM-003,M-INJ-003,2026-04-02,224.9,75.8,11.3,56.6,45.3,
WO-9431,Injection Molding,IM-003,M-INJ-001,2026-04-02,220.5,73.6,10.3,67.6,46.0,
WO-9432,Injection Molding,IM-003,M-INJ-001,2026-04-03,223.4,67.0,11.5,71.3,50.4,
WO-9433,Injection Molding,IM-003,M-INJ-003,2026-04-04,225.6,65.4,9.1,67.7,43.7,
WO-9434,Injection Molding,IM-003,M-INJ-003,2026-04-04,225.6,66.6,8.3,65.1,51.5,
WO-9435,INJECTION MOLDING,IM-003,M-INJ-003,2026-04-05,228.8,67.9,10.8,69.9,41.0,
WO-9436,Injection Molding,IM-003,M-INJ-003,2026-04-05,222.6,78.3,12.3,66.2,47.5,
WO-9437,Injection Molding,IM-003,M-INJ-003,2026-04-06,224.2,72.1,12.1,66.2,43.0,
WO-9438,Injection Molding,IM-003,M-INJ-003,2026-04-07,224.8,70.0,10.4,67.5,45.9,
WO-9439,Injection Molding,IM-003,M-INJ-003,2026-04-07,224.8,65.9,11.0,62.9,43.4,
WO-9440,Injection Molding,IM-003,M-INJ-003,2026-04-08,227.5,71.8,10.5,72.9,45.7,
WO-9441,  Injection Molding  ,IM-003,M-INJ-003,2026-04-09,223.8,68.4,9.7,60.7,42.1,
WO-9442,INJECTION MOLDING,IM-003,M-INJ-003,2026-04-09,226.4,71.5,9.1,60.7,49.6,
WO-9443,Injection Molding,IM-003,M-INJ-003,2026-04-10,222.7,71.7,11.3,67.1,43.7,
WO-9444,Injection Molding,IM-003,M-INJ-003,2026-04-11,222.7,66.7,11.7,66.5,41.4,
WO-9445,Injection Molding,IM-003,M-INJ-003,2026-04-12,224.9,66.0,10.6,58.5,46.6,
WO-9446,Injection Molding,IM-003,M-INJ-003,2026-04-12,225.3,80.1,11.6,60.0,41.2,
WO-9447,Injection Molding,IM-003,M-INJ-003,2026-04-13,225.8,72.0,10.3,68.3,44.4,
WO-9448,Injection Molding,IM-003,M-INJ-003,2026-04-13,221.6,64.3,10.8,64.4,47.8,
WO-9449,Injection Molding,IM-003,M-INJ-003,2026-04-14,226.5,68.6,12.3,60.8,45.5,
WO-9450,Injection Molding,IM-003,M-INJ-003,2026-04-15,225.7,69.1,9.8,60.4,44.3,
WO-9451,Injection Molding,IM-003,M-INJ-003,2026-04-15,227.6,77.7,11.0,63.9,42.6,
WO-9452,  Injection Molding  ,IM-003,M-INJ-003,2026-04-16,224.9,77.2,11.3,63.9,44.3,
WO-9453,Injection Molding,IM-003,M-INJ-003,2026-04-17,223.2,73.8,10.1,60.1,41.8,
WO-9454,Injection Molding,IM-003,M-INJ-003,2026-04-17,223.1,73.2,12.2,65.7,42.9,
WO-9455,Injection Molding,IM-003,M-INJ-003,2026-04-18,226.6,60.8,10.8,52.4,42.9,
WO-9456,Injection Molding,IM-003,M-INJ-001,2026-04-18,227.3,72.1,10.7,63.8,47.1,
WO-9457,Injection Molding,IM-003,M-INJ-003,2026-04-19,224.6,60.1,12.0,72.2,40.9,
WO-9458,Injection Molding,IM-003,M-INJ-003,2026-04-20,225.4,69.2,9.5,66.6,42.5,
WO-9459,Injection Molding,IM-003,M-INJ-003,2026-04-20,224.7,77.0,12.0,70.2,42.3,
WO-9460,injection molding,IM-003,M-INJ-001,2026-04-21,224.8,71.5,11.1,56.0,43.2,
WO-9461,Injection Molding,IM-003,M-INJ-003,2026-04-21,223.0,70.2,14.1,65.6,45.5,
WO-9462,Injection Molding,IM-003,M-INJ-003,2026-04-22,225.6,70.2,7.9,60.8,44.6,
WO-9463,Injection Molding,IM-003,M-INJ-003,2026-04-22,227.7,69.5,11.0,69.1,46.0,
WO-9464,Injection Molding,IM-003,M-INJ-003,2026-04-23,228.4,70.4,11.4,63.1,47.2,
WO-9465,Injection Molding,IM-003,M-INJ-003,2026-04-24,224.6,72.1,12.4,62.8,46.5,
WO-9466,Injection Molding,IM-003,M-INJ-003,2026-04-25,224.0,62.6,12.3,68.1,48.9,
WO-9467,Injection Molding,IM-003,M-INJ-001,2026-04-26,227.8,67.5,12.5,64.9,52.0,
WO-9468,Injection Molding,IM-003,M-INJ-001,2026-04-27,227.7,70.3,11.5,64.2,44.6,
WO-9469,  Injection Molding  ,IM-003,M-INJ-001,2026-04-27,223.7,69.3,10.5,61.8,45.1,
WO-9470,injection molding,IM-003,M-INJ-003,2026-04-28,223.7,68.9,13.7,61.0,45.4,
WO-9471,Injection Molding,IM-003,M-INJ-003,2026-04-29,222.5,70.6,9.0,61.1,42.1,
WO-9472,Injection Molding,IM-003,M-INJ-001,2026-04-30,227.0,73.8,11.3,66.8,46.4,
WO-9473,Injection Molding,IM-003,M-INJ-001,2026-04-30,225.7,70.5,11.6,60.8,45.8,
WO-9474,  Injection Molding  ,IM-003,M-INJ-001,2026-05-01,228.1,64.3,11.9,70.4,50.0,
WO-9475,Injection Molding,IM-003,M-INJ-001,2026-05-01,223.3,74.9,10.2,70.7,43.5,
WO-9476,Injection Molding,IM-003,M-INJ-003,2026-05-02,223.9,70.8,11.4,71.0,44.0,
WO-9477,Injection Molding,IM-003,M-INJ-001,2026-05-03,228.0,65.8,10.2,65.9,43.3,
WO-9478,Injection Molding,IM-003,M-INJ-003,2026-05-03,227.6,67.0,12.9,71.3,44.7,
WO-9479,Injection Molding,IM-003,M-INJ-003,2026-05-04,220.8,69.3,9.3,59.7,45.0,
WO-9480,Injection Molding,IM-003,M-INJ-001,2026-05-05,225.5,71.4,10.4,66.5,46.7,
WO-9481,Injection Molding,IM-003,M-INJ-003,2026-05-05,224.4,74.6,10.0,57.5,44.6,
WO-9482,  Injection Molding  ,IM-003,M-INJ-001,2026-05-06,222.5,66.6,11.8,62.0,44.7,
WO-9483,Injection Molding,IM-003,M-INJ-001,2026-05-07,220.6,76.4,14.9,68.6,37.6,
WO-9484,Injection Molding,IM-003,M-INJ-001,2026-05-07,227.1,74.9,10.9,67.3,43.1,
WO-9485,Injection Molding,IM-003,M-INJ-001,2026-05-08,226.8,69.1,10.6,56.9,41.9,
WO-9486,Injection Molding,IM-003,M-INJ-001,2026-05-09,224.4,71.2,11.1,72.9,44.2,
WO-9487,Injection Molding,IM-003,M-INJ-003,2026-05-09,223.6,74.5,8.7,64.7,41.1,
WO-9488,Injection Molding,IM-003,M-INJ-003,2026-05-10,222.4,71.6,11.6,72.7,45.0,
WO-9489,Injection Molding,IM-003,M-INJ-003,2026-05-10,222.0,73.2,10.8,69.7,38.8,
WO-9490,Injection Molding,IM-003,M-INJ-001,2026-05-11,224.3,65.3,12.2,73.2,45.6,
WO-9491,Injection Molding,IM-003,M-INJ-001,2026-05-12,226.8,74.2,9.2,72.6,43.7,
WO-9492,Injection Molding,IM-003,M-INJ-001,2026-05-13,224.0,67.0,10.9,58.5,43.7,
WO-9493,Injection Molding,IM-003,M-INJ-001,2026-05-13,224.1,70.8,12.4,63.4,47.0,
WO-9494,injection molding,IM-003,M-INJ-003,2026-05-14,226.4,61.2,10.9,62.5,44.8,
WO-9495,Injection Molding,IM-003,M-INJ-001,2026-05-15,226.4,69.9,11.8,73.3,47.3,
WO-9496,Injection Molding,IM-003,M-INJ-001,2026-05-15,224.9,71.0,10.9,64.6,46.0,
WO-9497,Injection Molding,IM-003,M-INJ-001,2026-05-16,224.2,66.6,11.0,64.6,46.0,
WO-9498,Injection Molding,IM-003,M-INJ-001,2026-05-17,227.0,68.2,9.7,70.9,45.9,
WO-9499,Injection Molding,IM-003,M-INJ-003,2026-05-17,223.9,74.2,13.0,65.4,46.8,
WO-9500,Injection Molding,IM-003,M-INJ-001,2026-05-18,227.3,65.8,12.2,56.5,43.7,
WO-9501,injection molding,IM-003,M-INJ-001,2026-05-19,227.6,73.1,11.5,66.3,47.6,
WO-9502,Injection Molding,IM-003,M-INJ-001,2026-05-19,224.7,68.0,11.0,72.6,43.8,
WO-9503,Injection Molding,IM-003,M-INJ-001,2026-05-20,224.6,74.4,10.0,69.3,44.2,
WO-9504,Injection Molding,IM-003,M-INJ-001,2026-05-21,227.3,81.8,11.8,68.4,48.0,
WO-9505,Injection Molding,IM-003,M-INJ-003,2026-05-21,226.1,62.4,11.5,62.1,46.5,
WO-9506,Injection Molding,IM-003,M-INJ-003,2026-05-22,224.4,71.8,11.6,58.5,46.1,
WO-9507,Injection Molding,IM-003,M-INJ-003,2026-05-22,225.9,68.3,11.2,60.6,45.4,
WO-9508,Injection Molding,IM-003,M-INJ-003,2026-05-23,227.5,71.3,11.0,70.5,44.2,
WO-9509,Injection Molding,IM-003,M-INJ-003,2026-05-23,222.9,69.5,11.5,61.4,38.5,
WO-9510,Injection Molding,IM-003,M-INJ-001,2026-05-24,226.1,69.0,10.4,73.9,42.6,
WO-9511,Injection Molding,IM-003,M-INJ-003,2026-05-25,227.6,68.7,9.8,62.7,45.6,
WO-9512,Injection Molding,IM-003,M-INJ-003,2026-05-26,225.7,65.1,9.9,60.5,50.4,
WO-9513,Injection Molding,IM-003,M-INJ-003,2026-05-26,225.3,71.2,9.2,62.6,44.4,
WO-9514,Injection Molding,IM-003,M-INJ-001,2026-05-27,225.2,68.4,11.5,73.1,49.3,
WO-9515,Injection Molding,IM-003,M-INJ-001,2026-05-28,222.6,66.2,10.4,63.3,46.2,
WO-9516,Injection Molding,IM-003,M-INJ-001,2026-05-29,225.5,66.5,11.7,65.8,45.0,
WO-9517,Injection Molding,IM-003,M-INJ-001,2026-05-29,226.6,72.0,11.5,65.8,46.6,
WO-9518,Injection Molding,IM-003,M-INJ-003,2026-05-30,225.6,68.4,9.4,68.7,44.2,
WO-9519,  Injection Molding  ,IM-003,M-INJ-003,2026-05-31,224.6,66.3,10.2,63.5,41.1,
WO-9520,Injection Molding,IM-003,M-INJ-003,2026-05-31,224.0,70.4,13.4,65.7,43.2,
WO-9521,Injection Molding,IM-003,M-INJ-003,2026-06-01,226.2,65.6,9.9,62.8,46.2,
WO-9522,Injection Molding,IM-003,M-INJ-003,2026-06-02,228.4,71.9,10.0,61.2,44.0,
WO-9523,Injection Molding,IM-003,M-INJ-003,2026-06-03,219.4,69.8,9.4,67.8,44.1,
WO-9524,Injection Molding,IM-003,M-INJ-003,2026-06-03,226.7,73.7,9.2,64.1,41.8,
WO-9525,Injection Molding,IM-003,M-INJ-003,2026-06-04,225.7,66.8,9.2,61.3,43.8,
WO-9526,Injection Molding,IM-003,M-INJ-001,2026-06-05,224.5,75.5,10.2,71.8,46.0,
WO-9527,Injection Molding,IM-003,M-INJ-001,2026-06-06,223.9,72.0,10.1,54.0,43.9,
WO-9528,Injection Molding,IM-003,M-INJ-003,2026-06-07,225.5,66.2,10.4,63.9,40.9,
WO-9529,INJECTION MOLDING,IM-003,M-INJ-003,2026-06-07,223.7,71.9,10.0,70.4,45.9,
WO-9530,Injection Molding,IM-003,M-INJ-003,2026-06-08,221.7,68.5,10.1,63.6,38.6,
WO-9531,  Injection Molding  ,IM-003,M-INJ-003,2026-06-08,225.0,68.6,10.1,65.8,41.3,
WO-9532,Injection Molding,IM-003,M-INJ-003,2026-06-09,221.5,68.0,9.9,58.8,46.4,
WO-9533,Injection Molding,IM-003,M-INJ-003,2026-06-10,225.6,71.1,11.5,61.6,49.0,
WO-9534,Injection Molding,IM-003,M-INJ-003,2026-06-10,225.8,67.1,10.3,70.4,42.9,
WO-9535,Injection Molding,IM-003,M-INJ-003,2026-06-11,227.3,69.5,13.1,69.9,49.1,
WO-9536,Injection Molding,IM-003,M-INJ-003,2026-06-12,223.6,70.1,9.8,67.1,40.9,
WO-9537,Injection Molding,IM-003,M-INJ-003,2026-06-12,228.7,65.2,11.2,64.9,37.7,
WO-9538,Injection Molding,IM-003,M-INJ-001,2026-06-13,226.1,71.3,11.6,68.3,38.8,
WO-9539,Injection Molding,IM-003,M-INJ-001,2026-06-14,228.2,70.3,9.7,70.5,49.5,
WO-9540,Injection Molding,IM-003,M-INJ-001,2026-06-14,225.9,74.9,10.5,70.2,46.1,
WO-9541,Injection Molding,IM-003,M-INJ-001,2026-06-15,225.2,66.7,10.8,48.7,50.1,
WO-9542,Injection Molding,IM-003,M-INJ-001,2026-06-16,224.3,65.8,12.6,57.8,46.4,
WO-9543,Injection Molding,IM-003,M-INJ-001,2026-06-16,225.3,73.4,11.3,62.9,45.7,
WO-9544,Injection Molding,IM-003,M-INJ-001,2026-06-17,223.7,79.5,10.7,63.0,43.8,
WO-9545,Injection Molding,IM-003,M-INJ-001,2026-06-17,224.4,74.0,11.2,64.7,43.4,
WO-9546,Injection Molding,IM-003,M-INJ-003,2026-06-18,225.0,72.8,15.2,66.3,42.1,
WO-9547,Injection Molding,IM-003,M-INJ-001,2026-06-19,223.0,70.6,11.6,69.4,47.8,
WO-9548,Injection Molding,IM-003,M-INJ-001,2026-06-19,222.9,73.9,10.0,71.0,41.5,
WO-9549,Injection Molding,IM-003,M-INJ-001,2026-06-20,225.7,70.6,11.2,70.1,47.4,
WO-9550,Injection Molding,IM-003,M-INJ-003,2026-06-20,227.6,64.3,12.1,63.5,42.7,
WO-9551,Injection Molding,IM-003,M-INJ-001,2026-06-21,226.7,72.5,11.6,68.4,42.1,
WO-9552,Injection Molding,IM-003,M-INJ-001,2026-06-22,225.3,73.8,11.5,61.4,44.8,
WO-9553,Injection Molding,IM-003,M-INJ-003,2026-06-22,223.0,69.6,12.2,71.3,50.1,
WO-9554,Injection Molding,IM-003,M-INJ-003,2026-06-23,222.0,66.3,12.2,65.3,43.4,
WO-9555,Injection Molding,IM-003,M-INJ-003,2026-06-23,225.6,73.1,11.1,69.7,47.7,
WO-9556,injection molding,IM-003,M-INJ-003,2026-06-24,222.3,75.4,10.4,68.1,44.0,
WO-9557,Injection Molding,IM-003,M-INJ-003,2026-06-25,225.2,72.9,12.2,61.9,44.9,
WO-9558,Injection Molding,IM-003,M-INJ-003,2026-06-25,221.6,72.4,11.8,78.5,46.0,
WO-9559,Injection Molding,IM-003,M-INJ-003,2026-06-25,223.9,70.1,12.3,67.9,48.8,
WO-9560,Injection Molding,IM-003,M-INJ-001,2026-06-26,225.2,68.2,10.9,58.6,49.0,
WO-9561,Injection Molding,IM-003,M-INJ-001,2026-06-27,222.5,75.2,12.2,70.0,51.0,
WO-9562,Injection Molding,IM-003,M-INJ-001,2026-06-28,225.8,62.5,11.2,71.5,45.1,
WO-9563,Injection Molding,IM-003,M-INJ-001,2026-06-28,225.3,68.4,11.9,70.9,45.0,
WO-9564,Injection Molding,IM-003,M-INJ-001,2026-06-29,222.7,67.9,11.7,59.7,44.9,
WO-9565,Injection Molding,IM-003,M-INJ-001,2026-06-30,227.4,76.8,11.9,70.2,38.1,
WO-9566,injection molding,IM-003,M-INJ-003,2026-07-01,224.9,67.1,10.3,62.6,46.1,
WO-9567,  Injection Molding  ,IM-003,M-INJ-001,2026-07-01,224.0,78.2,11.2,71.3,45.9,
WO-9568,Injection Molding,IM-003,M-INJ-001,2026-07-02,227.5,60.8,11.1,67.4,45.4,
WO-9569,Injection Molding,IM-003,M-INJ-003,2026-07-02,224.9,74.4,11.8,65.0,48.6,
WO-9570,Injection Molding,IM-003,M-INJ-003,2026-07-03,224.9,70.4,11.5,64.3,49.5,
WO-9571,Injection Molding,IM-003,M-INJ-003,2026-07-04,225.6,68.5,9.2,65.2,44.2,
WO-9572,Injection Molding,IM-003,M-INJ-003,2026-07-04,226.0,70.6,10.2,68.1,42.0,
WO-9573,Injection Molding,IM-003,M-INJ-003,2026-07-05,225.5,73.5,13.3,64.6,44.1,
WO-9574,Injection Molding,IM-003,M-INJ-003,2026-07-05,221.7,72.1,13.3,67.2,47.0,
WO-9575,Injection Molding,IM-003,M-INJ-003,2026-07-06,222.9,69.4,12.3,58.4,48.5,
WO-9576,  Injection Molding  ,IM-003,M-INJ-001,2026-07-07,225.4,61.3,12.6,66.9,46.6,
WO-9577,Injection Molding,IM-003,M-INJ-001,2026-07-07,223.7,72.1,10.8,74.8,48.1,
WO-9578,INJECTION MOLDING,IM-003,M-INJ-001,2026-07-08,223.9,69.7,10.7,72.2,46.8,
WO-9579,Injection Molding,IM-003,M-INJ-001,2026-07-08,225.9,71.7,8.5,60.9,47.0,
WO-9580,Injection Molding,IM-003,M-INJ-001,2026-07-09,227.4,72.1,12.1,66.6,43.8,
WO-9581,Injection Molding,IM-003,M-INJ-001,2026-07-10,224.8,73.0,12.0,65.3,40.7,
WO-9582,Injection Molding,IM-003,M-INJ-001,2026-07-10,224.7,66.7,10.4,60.7,38.9,
WO-9583,Injection Molding,IM-003,M-INJ-001,2026-07-11,224.7,67.9,9.7,57.3,45.4,
WO-9584,Injection Molding,IM-003,M-INJ-003,2026-07-11,225.2,68.5,11.7,66.5,44.6,
WO-9585,Injection Molding,IM-003,M-INJ-003,2026-07-12,225.0,65.5,10.2,68.8,45.4,
WO-9586,  Injection Molding  ,IM-003,M-INJ-003,2026-07-13,226.0,71.8,9.5,67.3,46.8,
WO-9587,Injection Molding,IM-003,M-INJ-003,2026-07-13,227.9,71.2,11.2,67.2,41.7,
WO-9588,Injection Molding,IM-003,M-INJ-001,2026-07-14,226.3,75.8,11.1,62.2,41.8,
WO-9589,Injection Molding,IM-003,M-INJ-001,2026-07-15,226.1,67.8,11.6,60.7,46.1,
WO-9590,Injection Molding,IM-003,M-INJ-001,2026-07-15,226.4,65.6,10.0,66.5,52.3,
WO-9591,Injection Molding,IM-003,M-INJ-003,2026-07-16,224.9,72.2,11.9,59.6,42.4,
WO-9592,Injection Molding,IM-003,M-INJ-003,2026-07-17,226.3,63.9,10.9,55.0,46.2,
WO-9593,Injection Molding,IM-003,M-INJ-001,2026-07-17,225.4,70.3,10.2,60.4,46.6,
WO-9594,Injection Molding,IM-003,M-INJ-001,2026-07-18,224.2,69.6,10.2,62.5,42.0,
WO-9595,Injection Molding,IM-003,M-INJ-003,2026-07-19,225.8,72.3,10.2,67.8,44.2,
WO-9596,injection molding,IM-003,M-INJ-003,2026-07-20,225.3,67.6,10.8,69.7,40.1,
WO-9597,Injection Molding,IM-003,M-INJ-001,2026-07-20,226.1,71.1,9.2,70.5,43.5,
WO-9598,Injection Molding,IM-003,M-INJ-003,2026-07-21,225.2,63.9,9.6,63.7,43.3,
WO-9599,Injection Molding,IM-003,M-INJ-003,2026-07-21,226.1,69.8,9.9,58.8,44.4,
WO-9600,  Injection Molding  ,IM-003,M-INJ-001,2026-07-22,227.2,72.5,12.2,61.4,44.1,
WO-9601,Injection Molding,IM-003,M-INJ-001,2026-07-22,222.7,73.0,10.1,73.7,46.9,
WO-9602,Injection Molding,IM-003,M-INJ-001,2026-07-23,224.0,64.7,11.0,64.4,40.6,
WO-9603,Injection Molding,IM-003,M-INJ-001,2026-07-24,224.2,66.0,10.4,60.7,39.5,
WO-9604,Injection Molding,IM-003,M-INJ-001,2026-07-24,223.8,70.1,11.6,61.8,46.7,
WO-9605,Injection Molding,IM-003,M-INJ-001,2026-07-25,223.4,68.1,10.5,54.7,42.2,
WO-9606,  Injection Molding  ,IM-003,M-INJ-003,2026-07-25,227.3,74.4,12.4,63.3,44.5,
WO-9607,Injection Molding,IM-003,M-INJ-001,2026-07-26,223.3,69.4,9.8,66.1,44.5,
WO-9608,Injection Molding,IM-003,M-INJ-003,2026-07-26,226.1,75.4,9.4,68.4,46.3,
WO-9609,Injection Molding,IM-003,M-INJ-003,2026-07-27,226.3,74.1,13.7,73.2,39.6,
WO-9610,Injection Molding,IM-003,M-INJ-003,2026-07-28,226.2,68.1,12.3,63.1,45.7,
WO-9611,Injection Molding,IM-003,M-INJ-003,2026-07-28,225.8,73.6,11.4,66.4,47.2,
WO-9612,Injection Molding,IM-003,M-INJ-003,2026-07-29,222.8,73.7,12.7,66.9,47.4,
WO-9613,Injection Molding,IM-003,M-INJ-003,2026-07-30,226.6,70.6,11.5,61.9,43.9,
WO-9614,  Injection Molding  ,IM-003,M-INJ-001,2026-07-30,222.0,69.7,9.9,62.0,47.5,
WO-9615,Injection Molding,IM-003,M-INJ-003,2026-07-31,225.2,71.3,10.4,57.6,45.1,
WO-9616,Injection Molding,IM-003,M-INJ-003,2026-08-01,224.8,66.0,11.2,68.6,53.0,
WO-9617,Injection Molding,IM-003,M-INJ-003,2026-08-02,227.2,65.1,12.6,66.7,46.2,
WO-9618,Injection Molding,IM-003,M-INJ-003,2026-08-03,226.3,69.8,11.9,69.3,41.8,
WO-9619,Injection Molding,IM-003,M-INJ-003,2026-08-03,226.3,69.4,10.4,65.9,49.0,
WO-9620,Injection Molding,IM-003,M-INJ-003,2026-08-04,225.3,65.2,12.4,57.9,45.7,
WO-9621,Injection Molding,IM-003,M-INJ-003,2026-08-05,224.1,64.6,11.8,66.4,38.4,
WO-9622,Injection Molding,IM-003,M-INJ-003,2026-08-06,224.6,70.1,12.5,57.3,42.7,
WO-9623,Injection Molding,IM-003,M-INJ-001,2026-08-06,223.9,69.1,11.5,66.9,42.4,
WO-9624,Injection Molding,IM-003,M-INJ-001,2026-08-07,224.0,66.9,10.2,71.9,40.9,
WO-9625,Injection Molding,IM-003,M-INJ-001,2026-08-07,226.8,64.3,12.0,57.6,42.1,
WO-9626,Injection Molding,IM-003,M-INJ-003,2026-08-08,223.2,72.8,9.3,67.6,47.1,
WO-9627,Injection Molding,IM-003,M-INJ-001,2026-08-08,225.4,69.0,10.7,68.5,47.7,
WO-9628,Injection Molding,IM-003,M-INJ-001,2026-08-09,223.2,70.6,8.6,64.3,51.0,
WO-9629,Injection Molding,IM-003,M-INJ-003,2026-08-10,227.3,70.8,10.7,70.6,44.6,
WO-9630,Injection Molding,IM-003,M-INJ-001,2026-08-10,223.8,73.3,11.3,56.1,45.1,
WO-9631,Injection Molding,IM-003,M-INJ-001,2026-08-11,219.0,64.9,13.5,64.0,46.6,
WO-9632,  Injection Molding  ,IM-003,M-INJ-003,2026-08-12,226.7,70.3,9.4,60.2,40.7,
WO-9633,Injection Molding,IM-003,M-INJ-001,2026-08-13,226.0,67.4,11.1,64.1,46.3,
WO-9634,Injection Molding,IM-003,M-INJ-001,2026-08-13,224.4,74.7,12.3,61.9,44.0,
WO-9635,Injection Molding,IM-003,M-INJ-001,2026-08-14,225.7,71.5,10.0,68.3,42.1,
WO-9636,Injection Molding,IM-003,M-INJ-001,2026-08-14,225.7,65.7,10.7,65.1,48.4,
WO-9637,Injection Molding,IM-003,M-INJ-003,2026-08-15,222.4,67.5,11.9,64.9,42.0,
WO-9638,Injection Molding,IM-003,M-INJ-003,2026-08-16,226.7,74.6,10.5,58.3,42.6,
WO-9639,Injection Molding,IM-003,M-INJ-003,2026-08-17,222.3,73.7,9.6,67.2,45.2,
WO-9640,Injection Molding,IM-003,M-INJ-003,2026-08-18,223.4,65.6,10.2,63.3,46.5,
WO-9641,Injection Molding,IM-003,M-INJ-003,2026-08-18,227.3,66.8,12.1,64.5,41.4,
WO-9642,Injection Molding,IM-003,M-INJ-003,2026-08-19,222.1,72.5,13.1,58.7,41.1,
WO-9643,Injection Molding,IM-003,M-INJ-003,2026-08-19,226.1,69.9,10.8,59.3,46.7,
WO-9644,Injection Molding,IM-003,M-INJ-003,2026-08-20,225.3,68.3,11.1,57.6,46.9,
WO-9645,Injection Molding,IM-003,M-INJ-003,2026-08-21,224.0,71.9,10.5,56.8,47.3,
WO-9646,Injection Molding,IM-003,M-INJ-001,2026-08-22,225.7,64.9,8.1,60.8,43.6,
WO-9647,Injection Molding,IM-003,M-INJ-001,2026-08-22,223.1,76.5,10.0,58.4,51.1,
WO-9648,Injection Molding,IM-003,M-INJ-001,2026-08-23,225.1,69.8,9.8,65.7,46.9,
WO-9649,Injection Molding,IM-003,M-INJ-003,2026-08-24,225.4,66.8,12.2,62.3,47.4,
WO-9650,Injection Molding,IM-003,M-INJ-001,2026-08-24,222.4,72.0,12.5,66.0,44.4,
WO-9651,Injection Molding,IM-003,M-INJ-001,2026-08-25,223.7,74.0,10.8,62.9,44.1,
WO-9652,  Injection Molding  ,IM-003,M-INJ-003,2026-08-26,224.2,75.1,9.3,64.4,47.1,
WO-9653,Injection Molding,IM-003,M-INJ-003,2026-08-26,221.8,64.1,9.8,59.4,45.9,
WO-9654,Injection Molding,IM-003,M-INJ-003,2026-08-27,222.1,66.7,10.4,71.8,45.4,
WO-9655,Injection Molding,IM-003,M-INJ-003,2026-08-28,226.9,81.0,11.2,74.9,46.8,
WO-9656,Injection Molding,IM-003,M-INJ-003,2026-08-28,223.9,70.5,11.7,62.0,40.5,
WO-9657,Injection Molding,IM-003,M-INJ-003,2026-08-29,224.1,77.9,12.9,64.7,45.3,
WO-9658,  Injection Molding  ,IM-003,M-INJ-003,2026-08-30,225.2,62.3,12.0,59.9,45.1,
WO-9659,Injection Molding,IM-003,M-INJ-003,2026-08-31,228.0,70.5,12.6,65.5,45.1,
WO-9660,Injection Molding,IM-003,M-INJ-003,2026-08-31,226.2,70.3,12.2,67.4,40.2,
WO-9661,  Injection Molding  ,IM-003,M-INJ-003,2026-09-01,228.4,66.9,8.6,66.6,42.9,
WO-9662,Injection Molding,IM-003,M-INJ-003,2026-09-02,223.3,78.8,11.8,58.4,43.7,
WO-9663,Injection Molding,IM-003,M-INJ-003,2026-09-02,225.9,75.0,10.2,67.6,43.4,
WO-9664,injection molding,IM-003,M-INJ-003,2026-09-03,224.5,73.5,10.2,53.4,43.3,
WO-9665,Injection Molding,IM-003,M-INJ-003,2026-09-04,222.9,73.7,10.3,55.2,50.1,
WO-9666,Injection Molding,IM-003,M-INJ-003,2026-09-04,222.6,76.9,11.5,62.4,43.0,
WO-9667,Injection Molding,IM-003,M-INJ-003,2026-09-05,224.0,67.2,12.0,67.8,39.9,
WO-9668,Injection Molding,IM-003,M-INJ-003,2026-09-06,225.9,71.0,8.7,71.4,46.3,
WO-9669,Injection Molding,IM-003,M-INJ-001,2026-09-06,224.6,75.3,12.4,59.2,45.8,
WO-9670,injection molding,IM-003,M-INJ-001,2026-09-07,225.3,74.0,10.3,64.8,41.1,
WO-9671,Injection Molding,IM-003,M-INJ-001,2026-09-08,222.2,70.9,9.9,64.0,42.8,
WO-9672,Injection Molding,IM-003,M-INJ-001,2026-09-08,222.6,71.8,10.1,63.7,42.4,
WO-9673,Injection Molding,IM-003,M-INJ-001,2026-09-09,226.8,70.9,10.3,61.0,44.7,
WO-9674,Injection Molding,IM-003,M-INJ-001,2026-09-10,225.3,73.3,11.1,73.0,45.3,
WO-9675,Injection Molding,IM-003,M-INJ-001,2026-09-10,224.8,67.4,9.9,75.8,44.3,
WO-9676,Injection Molding,IM-003,M-INJ-001,2026-09-11,222.8,73.7,12.2,67.3,43.6,
WO-9677,injection molding,IM-003,M-INJ-003,2026-09-11,226.7,67.7,10.1,65.5,44.7,
WO-9678,Injection Molding,IM-003,M-INJ-003,2026-09-12,220.7,75.1,10.2,59.8,45.3,
WO-9679,Injection Molding,IM-003,M-INJ-003,2026-09-13,224.3,69.3,9.0,64.7,48.2,
WO-9680,Injection Molding,IM-003,M-INJ-003,2026-09-14,227.3,74.9,9.1,63.7,48.2,
WO-9681,Injection Molding,IM-003,M-INJ-003,2026-09-14,224.5,73.0,11.1,61.7,49.0,
WO-9682,Injection Molding,IM-003,M-INJ-001,2026-09-15,227.9,69.0,11.7,64.4,49.6,
WO-9683,Injection Molding,IM-003,M-INJ-001,2026-09-16,220.8,68.8,12.7,66.4,46.8,
WO-9684,Injection Molding,IM-003,M-INJ-001,2026-09-17,223.7,62.4,10.5,68.9,46.0,
WO-9685,INJECTION MOLDING,IM-003,M-INJ-003,2026-09-17,225.3,71.8,12.2,67.7,40.0,
WO-9686,Injection Molding,IM-003,M-INJ-003,2026-09-18,224.8,68.0,10.6,72.4,45.7,
WO-9687,Injection Molding,IM-003,M-INJ-003,2026-09-19,223.3,74.4,9.8,66.0,44.1,
WO-9688,Injection Molding,IM-003,M-INJ-003,2026-09-19,228.2,70.9,10.7,62.0,38.0,
WO-9689,Injection Molding,IM-003,M-INJ-003,2026-09-20,226.0,74.8,8.7,61.2,42.9,
WO-9690,Injection Molding,IM-003,M-INJ-003,2026-09-21,220.3,68.1,12.3,56.8,41.6,
WO-9691,Injection Molding,IM-003,M-INJ-003,2026-09-22,223.6,65.2,11.0,68.2,42.8,
WO-9692,Injection Molding,IM-003,M-INJ-003,2026-09-22,224.2,71.2,10.1,74.3,42.2,
WO-9693,Injection Molding,IM-003,M-INJ-003,2026-09-23,227.0,63.5,9.9,59.2,45.6,
WO-9694,Injection Molding,IM-003,M-INJ-001,2026-09-24,224.4,71.1,12.3,61.9,52.7,
WO-9695,Injection Molding,IM-003,M-INJ-001,2026-09-24,224.3,68.8,10.1,67.7,42.2,
WO-9696,  Injection Molding  ,IM-003,M-INJ-001,2026-09-25,221.1,60.3,10.0,55.6,43.9,
WO-9697,Injection Molding,IM-003,M-INJ-001,2026-09-25,229.2,77.1,11.8,63.6,41.0,
WO-9698,Injection Molding,IM-003,M-INJ-001,2026-09-26,226.0,72.4,12.4,69.9,51.5,
WO-9699,Injection Molding,IM-003,M-INJ-001,2026-09-27,224.9,69.8,12.7,64.6,46.2,
WO-9700,INJECTION MOLDING,IM-003,M-INJ-001,2026-09-27,224.3,75.8,9.2,72.6,40.9,
WO-9701,Injection Molding,IM-003,M-INJ-001,2026-09-28,223.0,63.1,10.7,61.2,44.3,
WO-9702,Injection Molding,IM-003,M-INJ-001,2026-09-29,224.8,67.4,9.6,60.5,45.8,
WO-9703,Injection Molding,IM-003,M-INJ-001,2026-09-29,222.9,69.9,10.1,68.1,36.4,
WO-9704,Injection Molding,IM-003,M-INJ-003,2026-09-30,228.5,71.0,11.4,64.7,43.6,
WO-9705,Injection Molding,IM-003,M-INJ-003,2026-10-01,226.4,71.8,11.0,68.4,37.6,
WO-9706,Injection Molding,IM-003,M-INJ-003,2026-10-01,230.6,70.1,11.8,66.8,40.5,
WO-9707,Injection Molding,IM-003,M-INJ-003,2026-10-02,229.4,70.9,11.5,64.2,46.5,
WO-9708,Injection Molding,IM-003,M-INJ-003,2026-10-02,223.6,72.8,10.3,67.4,47.4,
WO-9709,Injection Molding,IM-003,M-INJ-003,2026-10-03,223.3,65.6,11.6,68.8,45.7,
WO-9710,Injection Molding,IM-003,M-INJ-003,2026-10-04,226.0,70.8,9.6,61.8,41.0,
WO-9711,Injection Molding,IM-003,M-INJ-003,2026-10-04,226.9,72.2,11.5,58.1,39.4,
WO-9712,Injection Molding,IM-003,M-INJ-003,2026-10-05,223.2,73.0,10.2,68.5,41.4,
WO-9713,Injection Molding,IM-003,M-INJ-003,2026-10-06,221.3,65.8,11.0,58.0,43.3,
WO-9714,injection molding,IM-003,M-INJ-003,2026-10-06,229.9,66.0,10.7,62.7,43.5,
WO-9715,Injection Molding,IM-003,M-INJ-003,2026-10-07,227.0,67.1,10.8,59.9,43.0,
WO-9716,Injection Molding,IM-003,M-INJ-003,2026-10-08,224.5,70.2,9.6,64.7,53.7,
WO-9717,Injection Molding,IM-003,M-INJ-001,2026-10-08,225.3,73.0,11.5,53.5,44.6,
WO-9718,Injection Molding,IM-003,M-INJ-001,2026-10-09,227.2,64.9,10.3,62.7,48.6,
WO-9719,Injection Molding,IM-003,M-INJ-001,2026-10-10,228.3,72.0,11.0,68.6,45.2,
WO-9720,Injection Molding,IM-003,M-INJ-001,2026-10-10,223.6,70.7,10.4,64.1,45.2,
WO-9721,Injection Molding,IM-003,M-INJ-001,2026-10-11,226.9,66.4,9.0,61.1,50.2,
WO-9722,Injection Molding,IM-003,M-INJ-003,2026-10-12,223.7,65.9,12.7,61.8,43.2,
WO-9723,Injection Molding,IM-003,M-INJ-003,2026-10-13,223.2,67.7,9.7,65.3,44.2,
WO-9724,Injection Molding,IM-003,M-INJ-001,2026-10-13,223.5,74.9,11.5,69.4,43.4,
WO-9725,  Injection Molding  ,IM-003,M-INJ-001,2026-10-14,225.5,68.3,12.2,70.8,44.1,
WO-9726,Injection Molding,IM-003,M-INJ-003,2026-10-14,224.1,69.0,10.3,65.4,45.8,
WO-9727,Injection Molding,IM-003,M-INJ-001,2026-10-15,226.2,73.7,10.9,62.4,46.6,
WO-9728,Injection Molding,IM-003,M-INJ-001,2026-10-16,223.0,69.4,11.1,65.0,44.0,
WO-9729,Injection Molding,IM-003,M-INJ-001,2026-10-16,221.2,69.9,8.6,62.5,40.6,
WO-9730,  Injection Molding  ,IM-003,M-INJ-003,2026-10-17,227.6,69.3,13.0,59.0,48.8,
WO-9731,Injection Molding,IM-003,M-INJ-001,2026-10-18,224.3,70.9,12.0,51.5,43.7,
WO-9732,Injection Molding,IM-003,M-INJ-001,2026-10-19,224.3,72.7,8.7,66.5,49.1,
WO-9733,Injection Molding,IM-003,M-INJ-001,2026-10-19,224.8,66.6,9.0,74.2,46.6,
WO-9734,Injection Molding,IM-003,M-INJ-001,2026-10-20,227.1,65.6,8.3,66.4,40.9,
WO-9735,Injection Molding,IM-003,M-INJ-001,2026-10-21,224.4,70.5,11.3,68.2,45.9,
WO-9736,INJECTION MOLDING,IM-003,M-INJ-003,2026-10-21,226.1,71.9,10.1,69.2,41.1,
WO-9737,Injection Molding,IM-003,M-INJ-003,2026-10-22,222.5,69.6,10.4,73.5,46.6,
WO-9738,Injection Molding,IM-003,M-INJ-003,2026-10-23,227.3,67.1,11.7,64.3,46.8,
WO-9739,Injection Molding,IM-003,M-INJ-003,2026-10-23,224.6,66.8,12.6,58.0,44.9,
WO-9740,Injection Molding,IM-003,M-INJ-003,2026-10-24,226.0,72.1,11.1,74.2,51.1,
WO-9741,Injection Molding,IM-003,M-INJ-003,2026-10-24,228.0,68.1,10.6,72.2,49.6,
WO-9742,Injection Molding,IM-003,M-INJ-003,2026-10-25,222.0,62.0,13.4,63.0,43.7,
WO-9743,Injection Molding,IM-003,M-INJ-003,2026-10-26,223.0,64.4,8.6,62.5,45.2,
WO-9744,Injection Molding,IM-003,M-INJ-003,2026-10-27,226.4,72.8,12.7,57.4,44.7,
WO-9745,Injection Molding,IM-003,M-INJ-003,2026-10-27,226.5,64.4,10.5,63.0,42.3,
WO-9746,INJECTION MOLDING,IM-003,M-INJ-003,2026-10-28,225.8,73.6,9.2,64.7,41.1,
WO-9747,Injection Molding,IM-003,M-INJ-003,2026-10-28,224.1,69.7,12.7,63.2,42.7,
WO-9748,Injection Molding,IM-003,M-INJ-001,2026-10-29,228.0,73.1,11.8,59.4,48.7,
WO-9749,Injection Molding,IM-003,M-INJ-001,2026-10-30,226.0,76.4,9.3,65.8,42.6,
WO-9750,  Injection Molding  ,IM-003,M-INJ-001,2026-10-31,223.3,75.9,10.2,64.9,44.7,
WO-9751,  Injection Molding  ,IM-003,M-INJ-001,2026-10-31,224.1,67.7,12.6,65.4,44.7,
WO-9752,Injection Molding,IM-003,M-INJ-003,2026-11-01,222.5,75.8,10.7,72.3,46.9,
WO-9753,Injection Molding,IM-003,M-INJ-003,2026-11-02,224.4,63.8,12.4,60.7,42.9,
WO-9754,Injection Molding,IM-003,M-INJ-001,2026-11-02,227.6,65.5,12.1,65.8,42.8,
WO-9755,Injection Molding,IM-003,M-INJ-003,2026-11-03,221.1,67.5,11.3,61.9,44.6,
WO-9756,Injection Molding,IM-003,M-INJ-003,2026-11-04,224.8,66.6,10.8,68.3,49.1,
WO-9757,INJECTION MOLDING,IM-003,M-INJ-003,2026-11-04,223.7,66.5,10.3,64.1,45.0,
WO-9758,Injection Molding,IM-003,M-INJ-001,2026-11-05,226.2,64.2,11.1,56.1,43.6,
WO-9759,Injection Molding,IM-003,M-INJ-001,2026-11-06,222.1,65.0,8.6,63.5,42.5,
WO-9760,Injection Molding,IM-003,M-INJ-001,2026-11-07,225.7,69.2,9.2,61.5,48.9,
WO-9761,Injection Molding,IM-003,M-INJ-001,2026-11-08,224.5,66.8,12.8,68.8,47.7,
WO-9762,Injection Molding,IM-003,M-INJ-001,2026-11-08,228.6,66.9,11.9,61.5,43.4,
WO-9763,Injection Molding,IM-003,M-INJ-003,2026-11-09,228.4,69.5,10.8,68.9,42.6,
WO-9764,Injection Molding,IM-003,M-INJ-001,2026-11-10,226.1,65.6,11.7,65.6,49.4,
WO-9765,Injection Molding,IM-003,M-INJ-001,2026-11-11,221.7,69.8,13.3,66.6,49.1,
WO-9766,Injection Molding,IM-003,M-INJ-001,2026-11-12,228.8,76.7,11.1,69.0,46.7,
WO-9767,Injection Molding,IM-003,M-INJ-001,2026-11-12,226.0,69.0,11.0,59.1,51.2,
WO-9768,Injection Molding,IM-003,M-INJ-001,2026-11-13,225.5,68.4,10.8,74.0,38.7,
WO-9769,Injection Molding,IM-003,M-INJ-001,2026-11-13,222.5,70.2,11.8,73.2,49.8,
WO-9770,Injection Molding,IM-003,M-INJ-001,2026-11-14,228.8,79.2,9.1,57.2,49.9,
WO-9771,Injection Molding,IM-003,M-INJ-001,2026-11-14,225.5,63.5,12.4,60.4,44.6,
WO-9772,Injection Molding,IM-003,M-INJ-001,2026-11-15,224.6,71.5,11.2,60.1,49.7,
WO-9773,Injection Molding,IM-003,M-INJ-001,2026-11-16,227.3,68.7,11.2,66.6,48.6,
WO-9774,Injection Molding,IM-003,M-INJ-001,2026-11-17,225.4,64.9,8.8,65.2,42.4,
WO-9775,Injection Molding,IM-003,M-INJ-001,2026-11-17,224.6,68.9,11.6,68.3,46.1,
WO-9776,Injection Molding,IM-003,M-INJ-001,2026-11-18,224.8,67.5,11.0,72.3,44.0,
WO-9777,Injection Molding,IM-003,M-INJ-001,2026-11-19,227.8,66.0,9.3,71.9,49.5,
WO-9778,Injection Molding,IM-003,M-INJ-001,2026-11-19,225.9,74.2,11.0,61.3,44.5,
WO-9779,Injection Molding,IM-003,M-INJ-001,2026-11-20,223.8,68.3,12.1,64.4,46.9,
WO-9780,Injection Molding,IM-003,M-INJ-003,2026-11-21,222.5,69.0,9.1,65.1,45.1,
WO-9781,Injection Molding,IM-003,M-INJ-001,2026-11-22,224.2,69.0,11.5,75.5,49.4,
WO-9782,Injection Molding,IM-003,M-INJ-001,2026-11-22,227.0,67.0,11.7,68.2,40.8,
WO-9783,Injection Molding,IM-003,M-INJ-001,2026-11-23,223.0,70.7,12.1,67.5,46.3,
WO-9784,Injection Molding,IM-003,M-INJ-001,2026-11-24,223.0,78.2,11.2,67.2,45.1,
WO-9785,Injection Molding,IM-003,M-INJ-003,2026-11-25,225.5,72.6,11.5,66.9,55.0,
WO-9786,Injection Molding,IM-003,M-INJ-003,2026-11-25,227.0,69.6,10.7,73.1,43.0,
WO-9787,  Injection Molding  ,IM-003,M-INJ-003,2026-11-26,225.9,66.6,9.2,59.6,41.7,
WO-9788,Injection Molding,IM-003,M-INJ-003,2026-11-27,225.7,70.1,12.0,66.9,50.2,
WO-9789,INJECTION MOLDING,IM-003,M-INJ-003,2026-11-27,224.2,69.9,12.2,63.7,42.6,
WO-9790,Injection Molding,IM-003,M-INJ-003,2026-11-28,224.7,60.2,10.5,66.4,47.4,
WO-9791,Injection Molding,IM-003,M-INJ-001,2026-11-29,224.2,74.0,10.9,53.3,43.8,
WO-9792,Injection Molding,IM-003,M-INJ-001,2026-11-29,225.8,67.5,10.5,67.1,45.0,
WO-9793,Injection Molding,IM-003,M-INJ-003,2026-11-30,225.4,68.5,10.9,68.3,44.4,
WO-9794,Injection Molding,IM-003,M-INJ-003,2026-12-01,225.6,71.7,12.2,72.6,46.7,
WO-9795,Injection Molding,IM-003,M-INJ-003,2026-12-02,224.9,70.0,10.1,66.7,46.6,
WO-9796,Injection Molding,IM-003,M-INJ-003,2026-12-02,225.0,66.9,11.3,63.7,49.7,
WO-9797,Injection Molding,IM-003,M-INJ-003,2026-12-03,226.2,70.3,11.0,67.1,44.8,
WO-9798,Injection Molding,IM-003,M-INJ-003,2026-12-04,223.7,67.6,10.2,69.5,43.8,
WO-9799,Injection Molding,IM-003,M-INJ-003,2026-12-05,225.9,68.0,11.8,59.4,46.4,
WO-9800,Injection Molding,IM-003,M-INJ-001,2026-12-06,223.3,68.9,13.3,61.9,43.9,
WO-9801,Injection Molding,IM-003,M-INJ-001,2026-12-07,226.7,71.1,12.6,77.5,42.0,
WO-9802,Injection Molding,IM-003,M-INJ-001,2026-12-08,226.2,67.2,11.3,69.1,40.8,
WO-9803,Injection Molding,IM-003,M-INJ-001,2026-12-08,229.5,70.6,9.4,65.9,41.4,
WO-9804,Injection Molding,IM-003,M-INJ-001,2026-12-09,225.3,76.2,10.8,62.2,48.9,
WO-9805,Injection Molding,IM-003,M-INJ-001,2026-12-10,222.8,71.0,12.6,62.0,50.6,
WO-9806,injection molding,IM-003,M-INJ-001,2026-12-10,224.6,66.9,10.7,64.4,46.2,
WO-9807,Injection Molding,IM-003,M-INJ-001,2026-12-11,225.5,68.1,9.3,65.4,46.5,
WO-9808,Injection Molding,IM-003,M-INJ-003,2026-12-12,224.7,70.4,11.4,72.8,45.7,
WO-9809,Injection Molding,IM-003,M-INJ-003,2026-12-12,222.1,70.1,12.9,65.6,42.0,
WO-9810,Injection Molding,IM-003,M-INJ-001,2026-12-13,227.0,66.9,11.2,67.8,37.7,
WO-9811,Injection Molding,IM-003,M-INJ-001,2026-12-13,229.7,67.2,12.2,62.7,41.6,
WO-9812,Injection Molding,IM-003,M-INJ-001,2026-12-13,225.7,62.1,10.8,70.2,47.0,
WO-9813,Injection Molding,IM-003,M-INJ-001,2026-12-14,224.3,68.7,9.0,64.8,50.1,
WO-9814,Injection Molding,IM-003,M-INJ-001,2026-12-15,227.7,76.2,11.2,61.2,44.6,
WO-9815,Injection Molding,IM-003,M-INJ-003,2026-12-15,224.3,70.3,12.0,67.8,45.7,
WO-9816,Injection Molding,IM-003,M-INJ-001,2026-12-16,226.1,67.7,10.9,71.7,42.4,
WO-9817,Injection Molding,IM-003,M-INJ-001,2026-12-17,226.4,68.6,12.4,66.5,48.2,
WO-9818,Injection Molding,IM-003,M-INJ-003,2026-12-18,219.3,71.4,11.2,48.9,53.0,
WO-9819,Injection Molding,IM-003,M-INJ-003,2026-12-18,227.4,64.4,10.5,72.0,44.4,
WO-9820,Injection Molding,IM-003,M-INJ-003,2026-12-19,224.8,64.8,11.8,64.1,41.4,
WO-9821,INJECTION MOLDING,IM-003,M-INJ-003,2026-12-20,222.1,71.8,11.7,67.1,47.7,
WO-9822,Injection Molding,IM-003,M-INJ-003,2026-12-21,225.3,70.9,12.0,64.7,49.0,
WO-9823,Injection Molding,IM-003,M-INJ-003,2026-12-21,219.0,66.7,10.0,65.2,42.1,
WO-9824,Injection Molding,IM-003,M-INJ-001,2026-12-22,225.8,72.1,10.1,70.9,51.6,
WO-9825,Injection Molding,IM-003,M-INJ-001,2026-12-23,226.5,68.2,10.5,70.3,48.1,
WO-9826,Injection Molding,IM-003,M-INJ-003,2026-12-23,225.7,71.7,9.3,65.9,43.8,
WO-9827,Injection Molding,IM-003,M-INJ-003,2026-12-24,225.3,74.7,10.1,59.6,41.8,
WO-9828,  Injection Molding  ,IM-003,M-INJ-003,2026-12-25,226.6,71.6,12.7,72.3,46.3,
WO-9829,Injection Molding,IM-003,M-INJ-003,2026-12-25,224.7,73.3,14.0,70.0,43.4,
WO-9830,Injection Molding,IM-003,M-INJ-003,2026-12-26,224.7,67.1,11.8,66.8,44.9,
WO-9831,Injection Molding,IM-003,M-INJ-001,2026-12-27,220.8,69.5,12.0,60.3,43.7,
WO-9832,Injection Molding,IM-003,M-INJ-001,2026-12-28,225.3,71.8,12.1,71.7,42.0,
WO-9833,Injection Molding,IM-003,M-INJ-003,2026-12-28,224.9,75.1,11.0,59.1,45.8,
WO-9834,Injection Molding,IM-003,M-INJ-003,2026-12-29,225.1,73.5,10.0,60.7,46.7,
WO-9835,Injection Molding,IM-003,M-INJ-003,2026-12-30,223.4,75.7,11.6,73.0,41.8,
WO-9836,Injection Molding,IM-003,M-INJ-001,2026-12-30,223.5,70.3,10.2,65.3,44.2,
WO-9837,Injection Molding,IM-004,M-INJ-007,2025-07-01,228.2,69.5,11.4,60.3,39.1,
WO-9838,Injection Molding,IM-004,M-INJ-007,2025-07-01,222.2,62.4,9.5,64.6,46.1,
WO-9839,Injection Molding,IM-004,M-INJ-007,2025-07-02,227.8,69.4,9.7,61.2,45.5,
WO-9840,Injection Molding,IM-004,M-INJ-007,2025-07-03,225.1,68.0,12.7,67.3,46.6,
WO-9841,Injection Molding,IM-004,M-INJ-007,2025-07-03,223.4,71.9,9.9,68.6,49.7,
WO-9842,Injection Molding,IM-004,M-INJ-007,2025-07-04,226.3,68.6,11.1,66.0,44.3,
WO-9843,Injection Molding,IM-004,M-INJ-007,2025-07-05,228.0,72.8,10.9,70.2,44.7,
WO-9844,Injection Molding,IM-004,M-INJ-007,2025-07-06,220.8,69.7,10.7,65.9,41.2,
WO-9845,Injection Molding,IM-004,M-INJ-007,2025-07-06,224.1,69.1,10.9,63.8,44.5,
WO-9846,Injection Molding,IM-004,M-INJ-007,2025-07-07,223.3,66.3,10.5,64.1,39.6,
WO-9847,Injection Molding,IM-004,M-INJ-007,2025-07-08,224.4,73.9,10.8,68.9,47.6,
WO-9848,Injection Molding,IM-004,M-INJ-007,2025-07-09,226.4,65.9,9.8,58.8,44.2,
WO-9849,Injection Molding,IM-004,M-INJ-007,2025-07-09,230.5,66.3,9.5,74.0,45.1,
WO-9850,Injection Molding,IM-004,M-INJ-007,2025-07-10,226.6,69.4,12.5,68.5,44.0,
WO-9851,Injection Molding,IM-004,M-INJ-007,2025-07-11,224.0,69.3,11.3,73.3,51.8,
WO-9852,Injection Molding,IM-004,M-INJ-007,2025-07-11,225.7,67.1,10.5,65.3,46.2,
WO-9853,Injection Molding,IM-004,M-INJ-004,2025-07-12,224.5,65.5,11.5,65.9,43.5,
WO-9854,Injection Molding,IM-004,M-INJ-004,2025-07-12,226.5,75.6,11.6,62.5,41.7,
WO-9855,Injection Molding,IM-004,M-INJ-007,2025-07-13,224.9,69.4,10.7,55.5,42.3,
WO-9856,Injection Molding,IM-004,M-INJ-007,2025-07-14,227.3,66.6,12.7,55.8,48.7,
WO-9857,Injection Molding,IM-004,M-INJ-007,2025-07-15,225.9,72.0,10.4,60.6,45.7,
WO-9858,Injection Molding,IM-004,M-INJ-007,2025-07-15,224.6,59.6,10.6,67.6,41.3,
WO-9859,Injection Molding,IM-004,M-INJ-007,2025-07-15,225.1,67.1,11.8,61.1,45.1,
WO-9860,injection molding,IM-004,M-INJ-007,2025-07-16,230.4,66.1,9.8,68.9,47.0,
WO-9861,Injection Molding,IM-004,M-INJ-007,2025-07-17,222.8,71.8,10.0,64.7,47.5,
WO-9862,Injection Molding,IM-004,M-INJ-007,2025-07-17,220.2,72.2,9.2,69.2,41.4,
WO-9863,Injection Molding,IM-004,M-INJ-007,2025-07-18,222.5,76.5,13.2,63.7,41.7,
WO-9864,Injection Molding,IM-004,M-INJ-007,2025-07-18,225.1,79.1,11.3,63.6,44.5,
WO-9865,Injection Molding,IM-004,M-INJ-004,2025-07-19,228.3,73.7,10.1,68.5,40.1,
WO-9866,Injection Molding,IM-004,M-INJ-004,2025-07-20,226.0,66.9,9.2,61.9,47.5,
WO-9867,Injection Molding,IM-004,M-INJ-004,2025-07-21,223.5,67.6,11.8,67.7,42.2,
WO-9868,Injection Molding,IM-004,M-INJ-004,2025-07-22,223.5,69.4,11.8,63.4,45.3,
WO-9869,Injection Molding,IM-004,M-INJ-004,2025-07-22,226.9,69.1,9.9,63.7,43.0,
WO-9870,Injection Molding,IM-004,M-INJ-007,2025-07-23,227.9,65.3,10.5,63.5,47.3,
WO-9871,Injection Molding,IM-004,M-INJ-007,2025-07-24,221.8,69.1,11.5,67.2,45.2,
WO-9872,Injection Molding,IM-004,M-INJ-007,2025-07-25,223.7,74.1,9.9,63.1,46.6,
WO-9873,Injection Molding,IM-004,M-INJ-007,2025-07-25,227.3,69.7,11.6,61.6,46.2,
WO-9874,Injection Molding,IM-004,M-INJ-007,2025-07-26,226.1,73.6,11.8,68.5,47.8,
WO-9875,Injection Molding,IM-004,M-INJ-007,2025-07-27,225.8,67.2,10.6,53.9,48.2,
WO-9876,Injection Molding,IM-004,M-INJ-007,2025-07-27,227.1,73.7,10.5,66.5,42.8,
WO-9877,Injection Molding,IM-004,M-INJ-007,2025-07-28,222.9,67.0,10.5,64.4,45.9,
WO-9878,Injection Molding,IM-004,M-INJ-007,2025-07-28,226.7,71.2,10.6,71.8,44.8,
WO-9879,Injection Molding,IM-004,M-INJ-007,2025-07-29,225.8,74.4,9.6,59.8,47.6,
WO-9880,Injection Molding,IM-004,M-INJ-007,2025-07-29,223.7,72.5,10.9,72.4,44.5,
WO-9881,Injection Molding,IM-004,M-INJ-007,2025-07-30,225.1,70.7,13.4,73.7,43.8,
WO-9882,Injection Molding,IM-004,M-INJ-007,2025-07-31,226.2,75.1,10.4,71.4,54.9,
WO-9883,Injection Molding,IM-004,M-INJ-007,2025-07-31,227.9,69.3,9.2,72.0,44.3,
WO-9884,Injection Molding,IM-004,M-INJ-007,2025-08-01,223.5,65.5,10.1,53.1,49.9,
WO-9885,Injection Molding,IM-004,M-INJ-007,2025-08-02,226.2,65.9,10.7,70.5,41.6,
WO-9886,INJECTION MOLDING,IM-004,M-INJ-007,2025-08-02,227.3,69.8,11.1,60.7,42.5,
WO-9887,Injection Molding,IM-004,M-INJ-004,2025-08-03,226.5,68.3,12.6,60.9,49.7,
WO-9888,Injection Molding,IM-004,M-INJ-004,2025-08-03,220.8,64.3,12.3,61.3,42.4,
WO-9889,Injection Molding,IM-004,M-INJ-004,2025-08-04,221.5,66.3,9.8,60.6,42.0,
WO-9890,injection molding,IM-004,M-INJ-004,2025-08-05,227.1,71.3,12.5,58.2,46.3,
WO-9891,Injection Molding,IM-004,M-INJ-004,2025-08-06,226.4,66.9,11.1,65.7,45.3,
WO-9892,Injection Molding,IM-004,M-INJ-004,2025-08-06,223.4,69.9,8.8,67.8,41.8,
WO-9893,Injection Molding,IM-004,M-INJ-004,2025-08-07,225.7,79.6,12.3,65.7,49.4,
WO-9894,Injection Molding,IM-004,M-INJ-004,2025-08-08,224.9,73.7,9.9,64.1,41.5,
WO-9895,Injection Molding,IM-004,M-INJ-004,2025-08-09,226.4,68.2,11.3,62.6,40.6,
WO-9896,Injection Molding,IM-004,M-INJ-004,2025-08-09,223.7,71.0,9.7,62.4,37.4,
WO-9897,Injection Molding,IM-004,M-INJ-004,2025-08-10,228.8,62.4,10.1,62.7,45.0,
WO-9898,Injection Molding,IM-004,M-INJ-004,2025-08-11,226.2,69.6,8.8,53.2,45.9,
WO-9899,INJECTION MOLDING,IM-004,M-INJ-004,2025-08-12,223.8,70.8,11.4,56.4,45.3,
WO-9900,Injection Molding,IM-004,M-INJ-004,2025-08-12,225.4,67.1,11.8,74.2,44.6,
WO-9901,Injection Molding,IM-004,M-INJ-004,2025-08-13,227.4,69.2,11.9,67.6,42.4,
WO-9902,Injection Molding,IM-004,M-INJ-004,2025-08-14,226.9,72.2,11.4,57.9,49.7,
WO-9903,Injection Molding,IM-004,M-INJ-004,2025-08-14,224.1,68.5,11.4,70.0,43.2,
WO-9904,Injection Molding,IM-004,M-INJ-004,2025-08-15,223.5,76.7,11.2,72.7,45.2,
WO-9905,Injection Molding,IM-004,M-INJ-007,2025-08-16,222.6,71.1,11.0,67.3,42.3,
WO-9906,Injection Molding,IM-004,M-INJ-007,2025-08-16,223.3,70.4,11.5,75.1,52.0,
WO-9907,Injection Molding,IM-004,M-INJ-004,2025-08-17,222.3,68.2,12.1,70.8,43.5,
WO-9908,Injection Molding,IM-004,M-INJ-004,2025-08-18,225.5,73.2,12.9,62.1,44.4,
WO-9909,Injection Molding,IM-004,M-INJ-004,2025-08-19,222.4,74.3,10.2,63.3,51.2,
WO-9910,  Injection Molding  ,IM-004,M-INJ-004,2025-08-20,222.1,71.0,8.4,61.3,39.9,
WO-9911,Injection Molding,IM-004,M-INJ-004,2025-08-20,220.3,68.3,9.6,70.1,45.0,
WO-9912,Injection Molding,IM-004,M-INJ-004,2025-08-21,224.7,66.8,10.8,62.4,46.5,
WO-9913,Injection Molding,IM-004,M-INJ-004,2025-08-22,228.1,69.1,12.9,60.5,46.0,
WO-9914,Injection Molding,IM-004,M-INJ-007,2025-08-23,224.2,71.3,8.9,66.0,42.1,
WO-9915,Injection Molding,IM-004,M-INJ-007,2025-08-23,227.6,69.6,9.6,68.0,44.0,
WO-9916,  Injection Molding  ,IM-004,M-INJ-007,2025-08-24,222.2,67.8,10.5,65.7,44.8,
WO-9917,Injection Molding,IM-004,M-INJ-007,2025-08-24,225.1,70.1,12.2,68.9,46.0,
WO-9918,Injection Molding,IM-004,M-INJ-007,2025-08-25,223.7,67.2,9.1,63.7,41.9,
WO-9919,INJECTION MOLDING,IM-004,M-INJ-007,2025-08-25,225.4,77.6,11.5,75.2,42.8,
WO-9920,Injection Molding,IM-004,M-INJ-007,2025-08-26,229.2,70.1,11.3,79.0,43.2,
WO-9921,Injection Molding,IM-004,M-INJ-004,2025-08-27,225.3,69.7,9.2,60.6,44.4,
WO-9922,INJECTION MOLDING,IM-004,M-INJ-004,2025-08-27,223.8,72.1,14.4,58.1,46.5,
WO-9923,Injection Molding,IM-004,M-INJ-004,2025-08-28,228.7,78.7,10.2,71.7,42.2,
WO-9924,Injection Molding,IM-004,M-INJ-004,2025-08-29,224.8,68.0,9.9,73.1,44.4,
WO-9925,Injection Molding,IM-004,M-INJ-004,2025-08-29,226.8,69.3,11.4,69.8,46.2,
WO-9926,Injection Molding,IM-004,M-INJ-004,2025-08-30,225.1,76.1,11.1,64.1,45.1,
WO-9927,Injection Molding,IM-004,M-INJ-004,2025-08-31,221.5,66.4,10.9,62.5,44.3,
WO-9928,Injection Molding,IM-004,M-INJ-004,2025-08-31,222.2,62.5,11.0,63.2,42.0,
WO-9929,Injection Molding,IM-004,M-INJ-004,2025-09-01,225.1,74.2,10.7,58.8,46.3,
WO-9930,Injection Molding,IM-004,M-INJ-004,2025-09-02,221.3,78.1,13.3,67.8,47.5,
WO-9931,Injection Molding,IM-004,M-INJ-004,2025-09-03,224.4,76.5,9.8,62.6,45.1,
WO-9932,Injection Molding,IM-004,M-INJ-004,2025-09-03,225.4,80.0,13.7,62.8,45.2,
WO-9933,Injection Molding,IM-004,M-INJ-004,2025-09-04,226.8,69.3,11.1,61.0,44.5,
WO-9934,Injection Molding,IM-004,M-INJ-004,2025-09-04,223.6,71.9,9.1,64.9,48.6,
WO-9935,Injection Molding,IM-004,M-INJ-004,2025-09-05,224.4,68.0,12.4,68.6,48.1,
WO-9936,Injection Molding,IM-004,M-INJ-004,2025-09-06,224.6,72.9,10.6,63.8,45.7,
WO-9937,Injection Molding,IM-004,M-INJ-004,2025-09-06,225.4,71.8,12.3,74.7,47.5,
WO-9938,Injection Molding,IM-004,M-INJ-004,2025-09-07,223.9,71.1,13.3,63.3,44.0,
WO-9939,Injection Molding,IM-004,M-INJ-004,2025-09-07,224.8,69.8,12.4,66.0,41.5,
WO-9940,Injection Molding,IM-004,M-INJ-004,2025-09-08,229.0,70.5,9.4,68.4,44.3,
WO-9941,Injection Molding,IM-004,M-INJ-004,2025-09-09,225.6,75.7,8.7,76.4,49.2,
WO-9942,Injection Molding,IM-004,M-INJ-004,2025-09-10,223.6,70.5,12.7,64.3,44.0,
WO-9943,Injection Molding,IM-004,M-INJ-004,2025-09-11,225.6,65.9,12.0,59.1,42.9,
WO-9944,INJECTION MOLDING,IM-004,M-INJ-004,2025-09-11,227.1,74.5,11.1,66.4,45.7,
WO-9945,Injection Molding,IM-004,M-INJ-004,2025-09-12,223.2,65.9,11.0,60.8,46.3,
WO-9946,injection molding,IM-004,M-INJ-004,2025-09-13,223.2,65.4,9.6,76.7,45.5,
WO-9947,INJECTION MOLDING,IM-004,M-INJ-004,2025-09-13,224.1,78.5,9.5,66.5,47.4,
WO-9948,Injection Molding,IM-004,M-INJ-007,2025-09-14,223.3,71.1,10.6,72.1,44.1,
WO-9949,Injection Molding,IM-004,M-INJ-007,2025-09-15,224.5,71.2,9.8,69.6,42.8,
WO-9950,Injection Molding,IM-004,M-INJ-007,2025-09-15,224.5,62.2,9.7,64.8,43.6,
WO-9951,Injection Molding,IM-004,M-INJ-007,2025-09-16,222.3,72.7,12.9,69.5,42.9,
WO-9952,Injection Molding,IM-004,M-INJ-007,2025-09-16,224.1,73.4,11.3,62.8,47.5,
WO-9953,Injection Molding,IM-004,M-INJ-007,2025-09-17,227.9,65.5,10.7,71.6,41.5,
WO-9954,Injection Molding,IM-004,M-INJ-007,2025-09-18,226.0,70.1,10.6,63.6,42.8,
WO-9955,Injection Molding,IM-004,M-INJ-007,2025-09-19,227.9,69.2,12.3,53.8,42.8,
WO-9956,Injection Molding,IM-004,M-INJ-007,2025-09-20,226.1,70.0,10.0,67.6,44.1,
WO-9957,Injection Molding,IM-004,M-INJ-007,2025-09-20,223.4,64.3,11.1,69.4,47.3,
WO-9958,Injection Molding,IM-004,M-INJ-007,2025-09-21,227.6,71.4,13.4,61.1,44.6,
WO-9959,Injection Molding,IM-004,M-INJ-007,2025-09-21,228.9,71.3,11.9,65.6,43.4,
WO-9960,Injection Molding,IM-004,M-INJ-007,2025-09-22,226.5,72.1,12.1,76.3,44.2,
WO-9961,Injection Molding,IM-004,M-INJ-007,2025-09-23,228.0,73.8,10.7,54.3,49.9,
WO-9962,Injection Molding,IM-004,M-INJ-007,2025-09-23,224.6,68.8,13.0,65.9,45.6,
WO-9963,Injection Molding,IM-004,M-INJ-007,2025-09-24,226.1,61.2,13.9,66.2,39.7,
WO-9964,Injection Molding,IM-004,M-INJ-007,2025-09-25,225.1,61.1,10.1,65.7,46.6,
WO-9965,Injection Molding,IM-004,M-INJ-007,2025-09-25,226.2,64.8,10.7,50.5,46.2,
WO-9966,Injection Molding,IM-004,M-INJ-007,2025-09-26,223.7,72.8,9.6,64.7,42.6,
WO-9967,injection molding,IM-004,M-INJ-007,2025-09-26,225.4,70.6,12.0,65.8,41.2,
WO-9968,Injection Molding,IM-004,M-INJ-007,2025-09-27,229.7,65.4,11.1,65.4,52.1,
WO-9969,Injection Molding,IM-004,M-INJ-004,2025-09-28,226.1,71.5,11.7,55.3,47.0,
WO-9970,Injection Molding,IM-004,M-INJ-004,2025-09-29,227.2,67.7,9.7,64.8,39.3,
WO-9971,Injection Molding,IM-004,M-INJ-007,2025-09-29,223.8,70.1,13.0,71.8,43.2,
WO-9972,Injection Molding,IM-004,M-INJ-007,2025-09-30,225.4,74.1,10.9,65.4,47.2,
WO-9973,injection molding,IM-004,M-INJ-007,2025-10-01,224.1,64.4,12.9,67.7,39.1,
WO-9974,Injection Molding,IM-004,M-INJ-007,2025-10-02,227.4,63.3,9.8,71.3,43.3,
WO-9975,Injection Molding,IM-004,M-INJ-007,2025-10-03,223.0,68.1,7.4,59.9,46.5,
WO-9976,Injection Molding,IM-004,M-INJ-004,2025-10-03,228.7,64.7,11.2,63.5,41.4,
WO-9977,Injection Molding,IM-004,M-INJ-004,2025-10-04,224.7,68.5,10.4,63.5,43.7,
WO-9978,Injection Molding,IM-004,M-INJ-004,2025-10-04,225.2,70.4,12.6,72.6,48.9,
WO-9979,Injection Molding,IM-004,M-INJ-004,2025-10-05,223.7,77.5,10.6,73.1,48.3,
WO-9980,Injection Molding,IM-004,M-INJ-004,2025-10-06,228.2,73.0,11.8,61.9,44.8,
WO-9981,Injection Molding,IM-004,M-INJ-004,2025-10-06,222.4,69.1,10.9,65.6,45.6,
WO-9982,  Injection Molding  ,IM-004,M-INJ-004,2025-10-07,223.7,76.7,10.4,58.4,39.2,
WO-9983,Injection Molding,IM-004,M-INJ-004,2025-10-08,222.0,71.9,12.3,59.5,38.9,
WO-9984,Injection Molding,IM-004,M-INJ-004,2025-10-08,226.2,70.7,9.5,66.9,44.8,
WO-9985,Injection Molding,IM-004,M-INJ-004,2025-10-09,227.2,73.8,15.0,64.9,43.0,
WO-9986,Injection Molding,IM-004,M-INJ-004,2025-10-09,222.5,66.4,11.8,55.3,49.5,
WO-9987,Injection Molding,IM-004,M-INJ-004,2025-10-10,225.7,72.1,9.4,69.9,45.1,
WO-9988,Injection Molding,IM-004,M-INJ-007,2025-10-10,227.5,70.0,13.0,61.1,49.8,
WO-9989,Injection Molding,IM-004,M-INJ-007,2025-10-11,224.4,69.5,11.2,61.4,44.8,
WO-9990,Injection Molding,IM-004,M-INJ-007,2025-10-12,223.7,73.6,10.3,61.5,40.6,
WO-9991,Injection Molding,IM-004,M-INJ-007,2025-10-12,221.9,71.8,11.6,68.4,41.4,
WO-9992,Injection Molding,IM-004,M-INJ-007,2025-10-13,225.7,74.5,14.2,62.6,48.7,
WO-9993,Injection Molding,IM-004,M-INJ-007,2025-10-13,223.8,74.2,11.0,74.5,40.6,
WO-9994,Injection Molding,IM-004,M-INJ-007,2025-10-14,225.6,75.6,8.3,59.8,45.2,
WO-9995,Injection Molding,IM-004,M-INJ-007,2025-10-14,221.7,66.5,11.2,61.8,44.0,
WO-9996,Injection Molding,IM-004,M-INJ-007,2025-10-15,226.6,67.0,12.3,63.9,45.0,
WO-9997,Injection Molding,IM-004,M-INJ-007,2025-10-16,227.5,75.6,11.0,59.2,44.6,
WO-9998,Injection Molding,IM-004,M-INJ-007,2025-10-17,225.1,73.1,12.4,64.2,46.6,
WO-9999,Injection Molding,IM-004,M-INJ-007,2025-10-18,222.7,70.3,10.0,61.4,41.0,
WO-10000,Injection Molding,IM-004,M-INJ-007,2025-10-18,226.5,68.0,10.5,62.0,48.3,
WO-10001,Injection Molding,IM-004,M-INJ-007,2025-10-19,226.0,73.3,11.4,57.8,45.5,
WO-10002,Injection Molding,IM-004,M-INJ-007,2025-10-19,224.0,74.3,11.5,65.8,46.3,
WO-10003,Injection Molding,IM-004,M-INJ-007,2025-10-20,225.5,72.8,9.0,63.6,42.2,
WO-10004,  Injection Molding  ,IM-004,M-INJ-007,2025-10-21,226.7,70.4,11.3,69.9,44.9,
WO-10005,Injection Molding,IM-004,M-INJ-007,2025-10-22,224.9,69.2,11.5,70.8,44.8,
WO-10006,Injection Molding,IM-004,M-INJ-007,2025-10-22,221.4,74.3,10.3,57.4,43.8,
WO-10007,injection molding,IM-004,M-INJ-007,2025-10-23,228.6,68.7,10.6,61.7,44.8,
WO-10008,  Injection Molding  ,IM-004,M-INJ-007,2025-10-24,226.8,68.7,10.4,60.6,43.4,
WO-10009,Injection Molding,IM-004,M-INJ-007,2025-10-24,226.7,72.0,10.3,75.6,49.7,
WO-10010,Injection Molding,IM-004,M-INJ-007,2025-10-25,221.9,74.5,12.0,67.0,44.7,
WO-10011,Injection Molding,IM-004,M-INJ-007,2025-10-26,222.9,75.3,8.7,69.9,41.8,
WO-10012,Injection Molding,IM-004,M-INJ-007,2025-10-27,224.0,71.2,12.5,62.5,42.7,
WO-10013,Injection Molding,IM-004,M-INJ-007,2025-10-27,225.8,71.5,12.1,55.7,45.4,
WO-10014,Injection Molding,IM-004,M-INJ-007,2025-10-28,225.5,70.2,9.8,57.7,43.7,
WO-10015,Injection Molding,IM-004,M-INJ-007,2025-10-29,226.5,72.3,11.9,55.7,50.3,
WO-10016,injection molding,IM-004,M-INJ-007,2025-10-30,223.7,70.2,9.7,58.3,40.0,
WO-10017,Injection Molding,IM-004,M-INJ-007,2025-10-30,227.1,68.9,11.2,62.9,43.9,
WO-10018,Injection Molding,IM-004,M-INJ-007,2025-10-31,220.3,72.9,10.1,70.0,47.4,
WO-10019,Injection Molding,IM-004,M-INJ-007,2025-11-01,224.9,67.5,10.8,67.1,42.6,
WO-10020,Injection Molding,IM-004,M-INJ-007,2025-11-02,225.8,68.0,8.6,62.7,48.3,
WO-10021,Injection Molding,IM-004,M-INJ-007,2025-11-02,226.0,62.6,13.7,61.2,45.6,
WO-10022,Injection Molding,IM-004,M-INJ-007,2025-11-03,224.7,62.2,11.0,62.7,50.6,
WO-10023,INJECTION MOLDING,IM-004,M-INJ-007,2025-11-03,225.6,69.0,11.1,70.9,49.3,
WO-10024,Injection Molding,IM-004,M-INJ-007,2025-11-04,223.2,69.2,10.7,55.6,45.5,
WO-10025,Injection Molding,IM-004,M-INJ-007,2025-11-05,222.4,70.6,8.8,59.7,41.0,
WO-10026,Injection Molding,IM-004,M-INJ-007,2025-11-06,220.5,71.0,11.0,62.9,47.3,
WO-10027,Injection Molding,IM-004,M-INJ-007,2025-11-07,227.5,63.4,10.2,60.6,41.4,
WO-10028,Injection Molding,IM-004,M-INJ-007,2025-11-07,224.2,68.0,11.4,64.1,50.5,
WO-10029,  Injection Molding  ,IM-004,M-INJ-007,2025-11-08,228.5,69.4,8.2,62.4,43.4,
WO-10030,Injection Molding,IM-004,M-INJ-007,2025-11-09,230.3,69.2,12.0,61.0,43.3,
WO-10031,Injection Molding,IM-004,M-INJ-007,2025-11-09,226.1,70.1,11.8,64.5,46.7,
WO-10032,Injection Molding,IM-004,M-INJ-007,2025-11-10,227.5,71.1,12.2,64.0,51.2,
WO-10033,Injection Molding,IM-004,M-INJ-007,2025-11-11,224.0,71.7,12.7,64.4,45.9,
WO-10034,Injection Molding,IM-004,M-INJ-007,2025-11-11,225.2,66.4,10.7,71.7,42.5,
WO-10035,Injection Molding,IM-004,M-INJ-007,2025-11-12,223.3,69.1,10.7,64.6,45.8,
WO-10036,Injection Molding,IM-004,M-INJ-007,2025-11-13,227.0,72.9,11.0,65.7,46.9,
WO-10037,Injection Molding,IM-004,M-INJ-007,2025-11-13,224.8,71.8,10.3,56.4,38.1,
WO-10038,Injection Molding,IM-004,M-INJ-007,2025-11-13,227.5,65.5,9.7,68.3,46.3,
WO-10039,Injection Molding,IM-004,M-INJ-007,2025-11-14,222.0,70.4,10.5,62.5,45.1,
WO-10040,Injection Molding,IM-004,M-INJ-007,2025-11-15,221.9,75.5,11.3,68.4,47.0,
WO-10041,Injection Molding,IM-004,M-INJ-007,2025-11-15,228.7,64.3,11.7,69.6,54.4,
WO-10042,Injection Molding,IM-004,M-INJ-007,2025-11-16,224.8,69.7,11.2,64.7,45.4,
WO-10043,Injection Molding,IM-004,M-INJ-007,2025-11-17,226.3,66.4,11.9,65.2,46.3,
WO-10044,Injection Molding,IM-004,M-INJ-007,2025-11-17,225.6,75.8,11.3,59.9,48.7,
WO-10045,Injection Molding,IM-004,M-INJ-007,2025-11-18,226.3,67.8,9.8,67.5,44.9,
WO-10046,Injection Molding,IM-004,M-INJ-007,2025-11-19,223.3,73.3,12.1,69.2,42.9,
WO-10047,Injection Molding,IM-004,M-INJ-007,2025-11-19,222.7,74.3,10.7,61.1,50.4,
WO-10048,Injection Molding,IM-004,M-INJ-007,2025-11-20,224.2,72.8,11.8,65.7,43.7,
WO-10049,Injection Molding,IM-004,M-INJ-007,2025-11-21,223.6,65.6,10.2,57.5,47.5,
WO-10050,Injection Molding,IM-004,M-INJ-007,2025-11-21,226.8,69.7,10.6,71.4,45.2,
WO-10051,Injection Molding,IM-004,M-INJ-007,2025-11-22,222.2,74.2,10.7,67.6,48.2,
WO-10052,Injection Molding,IM-004,M-INJ-007,2025-11-23,225.9,67.5,9.4,65.0,47.7,
WO-10053,Injection Molding,IM-004,M-INJ-007,2025-11-23,227.6,71.3,10.9,57.6,52.8,
WO-10054,Injection Molding,IM-004,M-INJ-007,2025-11-24,223.1,65.8,11.9,64.0,43.7,
WO-10055,Injection Molding,IM-004,M-INJ-007,2025-11-25,225.7,68.2,12.5,61.4,46.4,
WO-10056,Injection Molding,IM-004,M-INJ-007,2025-11-26,222.9,71.8,11.1,65.0,41.8,
WO-10057,Injection Molding,IM-004,M-INJ-007,2025-11-26,225.9,74.0,12.1,63.8,44.6,
WO-10058,injection molding,IM-004,M-INJ-007,2025-11-27,224.4,71.8,10.2,76.8,46.1,
WO-10059,INJECTION MOLDING,IM-004,M-INJ-007,2025-11-27,223.3,65.8,11.2,65.4,44.5,
WO-10060,Injection Molding,IM-004,M-INJ-007,2025-11-28,227.0,74.1,8.8,72.9,42.1,
WO-10061,Injection Molding,IM-004,M-INJ-007,2025-11-29,226.3,71.9,9.6,64.7,43.2,
WO-10062,Injection Molding,IM-004,M-INJ-007,2025-11-29,226.7,67.6,9.7,63.5,43.7,
WO-10063,Injection Molding,IM-004,M-INJ-007,2025-11-30,227.8,76.0,9.7,66.1,47.6,
WO-10064,Injection Molding,IM-004,M-INJ-007,2025-12-01,224.8,71.4,10.3,56.3,48.0,
WO-10065,Injection Molding,IM-004,M-INJ-007,2025-12-02,224.2,66.4,11.6,67.9,44.9,
WO-10066,Injection Molding,IM-004,M-INJ-007,2025-12-03,226.9,68.8,13.5,60.1,46.0,
WO-10067,Injection Molding,IM-004,M-INJ-007,2025-12-03,226.9,71.8,9.4,68.1,47.4,
WO-10068,Injection Molding,IM-004,M-INJ-004,2025-12-04,225.7,65.3,11.7,63.7,45.7,
WO-10069,Injection Molding,IM-004,M-INJ-004,2025-12-05,227.7,65.4,10.9,62.6,46.2,
WO-10070,  Injection Molding  ,IM-004,M-INJ-004,2025-12-05,222.1,61.4,12.1,64.8,47.6,
WO-10071,Injection Molding,IM-004,M-INJ-004,2025-12-06,223.4,65.7,13.4,61.4,45.3,
WO-10072,Injection Molding,IM-004,M-INJ-004,2025-12-06,225.2,67.3,12.4,68.8,51.8,
WO-10073,Injection Molding,IM-004,M-INJ-004,2025-12-07,223.3,69.4,10.4,71.7,42.4,
WO-10074,Injection Molding,IM-004,M-INJ-004,2025-12-08,223.7,67.2,10.1,69.6,49.2,
WO-10075,Injection Molding,IM-004,M-INJ-004,2025-12-08,226.8,67.9,10.6,58.7,43.7,
WO-10076,Injection Molding,IM-004,M-INJ-004,2025-12-09,225.4,71.9,11.2,58.1,46.0,
WO-10077,Injection Molding,IM-004,M-INJ-004,2025-12-10,223.7,62.4,12.8,64.4,48.8,
WO-10078,Injection Molding,IM-004,M-INJ-004,2025-12-10,224.2,70.0,9.6,58.3,45.5,
WO-10079,Injection Molding,IM-004,M-INJ-004,2025-12-11,225.7,73.0,10.9,61.9,45.1,
WO-10080,INJECTION MOLDING,IM-004,M-INJ-004,2025-12-11,224.7,67.7,9.8,61.2,48.0,
WO-10081,Injection Molding,IM-004,M-INJ-004,2025-12-12,229.1,75.4,10.0,65.3,43.1,
WO-10082,Injection Molding,IM-004,M-INJ-004,2025-12-13,226.0,68.6,11.9,72.9,42.6,
WO-10083,Injection Molding,IM-004,M-INJ-004,2025-12-13,226.3,69.5,13.0,58.6,40.7,
WO-10084,  Injection Molding  ,IM-004,M-INJ-004,2025-12-14,227.0,71.8,9.3,67.1,45.2,
WO-10085,Injection Molding,IM-004,M-INJ-007,2025-12-15,222.4,71.1,11.3,58.2,48.4,
WO-10086,  Injection Molding  ,IM-004,M-INJ-007,2025-12-15,221.6,65.4,11.0,69.5,43.7,
WO-10087,Injection Molding,IM-004,M-INJ-007,2025-12-16,228.4,75.9,10.9,70.5,43.1,
WO-10088,Injection Molding,IM-004,M-INJ-007,2025-12-17,226.0,69.9,7.9,63.3,42.0,
WO-10089,Injection Molding,IM-004,M-INJ-007,2025-12-18,225.7,63.5,13.0,64.9,44.1,
WO-10090,Injection Molding,IM-004,M-INJ-007,2025-12-19,223.5,71.2,12.0,57.4,42.8,
WO-10091,Injection Molding,IM-004,M-INJ-007,2025-12-19,221.5,67.9,9.4,62.3,44.2,
WO-10092,Injection Molding,IM-004,M-INJ-007,2025-12-20,228.4,69.6,11.9,65.5,40.4,
WO-10093,injection molding,IM-004,M-INJ-007,2025-12-21,222.7,71.6,10.6,64.1,42.6,
WO-10094,Injection Molding,IM-004,M-INJ-007,2025-12-22,225.5,63.9,10.3,66.0,45.4,
WO-10095,Injection Molding,IM-004,M-INJ-007,2025-12-23,224.0,70.1,9.8,72.3,47.9,
WO-10096,Injection Molding,IM-004,M-INJ-007,2025-12-23,224.7,74.3,11.4,62.3,46.9,
WO-10097,Injection Molding,IM-004,M-INJ-007,2025-12-24,223.6,64.5,11.3,69.7,43.6,
WO-10098,Injection Molding,IM-004,M-INJ-007,2025-12-25,222.3,70.1,9.9,65.3,46.5,
WO-10099,Injection Molding,IM-004,M-INJ-007,2025-12-25,225.5,71.5,12.0,60.8,42.4,
WO-10100,Injection Molding,IM-004,M-INJ-007,2025-12-26,225.0,63.5,12.8,58.8,41.9,
WO-10101,Injection Molding,IM-004,M-INJ-007,2025-12-26,226.8,67.4,13.0,55.3,44.1,
WO-10102,Injection Molding,IM-004,M-INJ-007,2025-12-27,225.4,70.4,11.7,70.6,48.0,
WO-10103,Injection Molding,IM-004,M-INJ-007,2025-12-28,224.0,68.9,10.8,62.1,43.7,
WO-10104,Injection Molding,IM-004,M-INJ-007,2025-12-28,226.7,70.4,10.9,72.2,41.8,
WO-10105,Injection Molding,IM-004,M-INJ-007,2025-12-28,227.2,66.4,11.2,68.0,40.7,
WO-10106,Injection Molding,IM-004,M-INJ-007,2025-12-29,217.9,67.8,9.6,65.9,49.0,
WO-10107,Injection Molding,IM-004,M-INJ-007,2025-12-30,222.1,72.6,12.8,54.2,39.6,
WO-10108,  Injection Molding  ,IM-004,M-INJ-007,2025-12-30,224.6,70.9,10.4,67.1,38.6,
WO-10109,Injection Molding,IM-004,M-INJ-007,2025-12-31,224.6,72.3,12.3,60.1,45.3,
WO-10110,Injection Molding,IM-004,M-INJ-007,2026-01-01,227.0,66.5,11.5,60.9,40.9,
WO-10111,Injection Molding,IM-004,M-INJ-007,2026-01-01,225.8,70.3,13.1,62.8,41.9,
WO-10112,Injection Molding,IM-004,M-INJ-007,2026-01-02,227.6,77.1,10.9,71.4,49.9,
WO-10113,Injection Molding,IM-004,M-INJ-007,2026-01-02,223.9,67.7,11.4,64.1,48.0,
WO-10114,Injection Molding,IM-004,M-INJ-007,2026-01-03,223.6,67.3,14.2,66.2,48.0,
WO-10115,Injection Molding,IM-004,M-INJ-007,2026-01-04,224.3,73.1,10.5,61.3,46.8,
WO-10116,Injection Molding,IM-004,M-INJ-004,2026-01-04,225.8,77.8,10.1,60.3,47.6,
WO-10117,Injection Molding,IM-004,M-INJ-004,2026-01-05,227.7,66.6,9.5,67.0,46.0,
WO-10118,Injection Molding,IM-004,M-INJ-004,2026-01-06,223.6,76.1,11.8,62.8,46.6,
WO-10119,Injection Molding,IM-004,M-INJ-004,2026-01-07,220.9,73.6,11.1,75.0,47.6,
WO-10120,Injection Molding,IM-004,M-INJ-004,2026-01-07,228.4,66.1,12.5,69.2,46.1,
WO-10121,Injection Molding,IM-004,M-INJ-004,2026-01-08,223.3,70.2,9.0,65.2,46.6,
WO-10122,Injection Molding,IM-004,M-INJ-004,2026-01-08,224.1,75.1,10.2,61.9,46.9,
WO-10123,Injection Molding,IM-004,M-INJ-004,2026-01-09,225.4,64.3,10.5,66.4,44.9,
WO-10124,Injection Molding,IM-004,M-INJ-004,2026-01-10,223.2,69.4,11.3,70.0,43.0,
WO-10125,Injection Molding,IM-004,M-INJ-004,2026-01-11,224.7,76.9,10.4,65.4,46.0,
WO-10126,Injection Molding,IM-004,M-INJ-007,2026-01-12,224.9,71.0,11.6,67.4,48.9,
WO-10127,Injection Molding,IM-004,M-INJ-007,2026-01-12,221.9,73.1,10.8,59.0,45.9,
WO-10128,Injection Molding,IM-004,M-INJ-007,2026-01-13,225.4,65.2,11.8,64.2,43.7,
WO-10129,Injection Molding,IM-004,M-INJ-007,2026-01-13,225.4,70.0,10.7,61.7,44.7,
WO-10130,Injection Molding,IM-004,M-INJ-007,2026-01-14,224.5,67.2,10.4,63.3,41.5,
WO-10131,Injection Molding,IM-004,M-INJ-007,2026-01-15,225.1,75.4,9.7,68.6,43.1,
WO-10132,Injection Molding,IM-004,M-INJ-007,2026-01-15,225.8,71.0,9.5,60.7,45.3,
WO-10133,Injection Molding,IM-004,M-INJ-007,2026-01-16,223.3,76.1,9.8,65.3,43.8,
WO-10134,Injection Molding,IM-004,M-INJ-007,2026-01-17,224.4,66.5,10.3,70.6,38.1,
WO-10135,Injection Molding,IM-004,M-INJ-007,2026-01-17,225.4,65.0,11.9,67.4,41.8,
WO-10136,Injection Molding,IM-004,M-INJ-007,2026-01-18,224.3,66.5,12.2,60.4,43.6,
WO-10137,Injection Molding,IM-004,M-INJ-007,2026-01-19,230.2,75.4,9.0,61.8,50.8,
WO-10138,Injection Molding,IM-004,M-INJ-004,2026-01-20,226.2,69.9,9.5,73.4,39.5,
WO-10139,Injection Molding,IM-004,M-INJ-004,2026-01-21,225.5,72.4,9.5,68.0,50.1,
WO-10140,Injection Molding,IM-004,M-INJ-004,2026-01-22,223.9,75.8,11.6,69.1,42.4,
WO-10141,Injection Molding,IM-004,M-INJ-004,2026-01-22,226.0,66.3,11.0,64.8,47.9,
WO-10142,Injection Molding,IM-004,M-INJ-004,2026-01-23,226.5,66.9,11.4,68.2,48.7,
WO-10143,Injection Molding,IM-004,M-INJ-004,2026-01-23,223.8,76.1,12.3,70.7,41.7,
WO-10144,Injection Molding,IM-004,M-INJ-004,2026-01-24,226.7,73.5,11.7,58.2,44.0,
WO-10145,Injection Molding,IM-004,M-INJ-004,2026-01-25,226.4,75.6,9.6,66.0,43.3,
WO-10146,Injection Molding,IM-004,M-INJ-004,2026-01-26,220.5,72.0,13.7,65.7,52.8,
WO-10147,INJECTION MOLDING,IM-004,M-INJ-004,2026-01-26,221.1,65.7,11.4,68.8,44.2,
WO-10148,Injection Molding,IM-004,M-INJ-007,2026-01-27,227.2,75.0,8.5,68.3,43.5,
WO-10149,Injection Molding,IM-004,M-INJ-007,2026-01-28,225.4,71.2,9.2,68.4,42.6,
WO-10150,Injection Molding,IM-004,M-INJ-007,2026-01-28,225.0,70.0,11.3,69.4,37.7,
WO-10151,  Injection Molding  ,IM-004,M-INJ-007,2026-01-29,226.8,72.5,12.6,71.8,40.3,
WO-10152,Injection Molding,IM-004,M-INJ-007,2026-01-30,225.1,75.3,8.7,69.0,44.2,
WO-10153,Injection Molding,IM-004,M-INJ-007,2026-01-30,225.2,63.3,12.0,68.1,44.5,
WO-10154,Injection Molding,IM-004,M-INJ-007,2026-01-31,225.8,68.1,10.5,66.2,47.9,
WO-10155,Injection Molding,IM-004,M-INJ-007,2026-02-01,226.4,71.2,12.0,58.8,48.0,
WO-10156,Injection Molding,IM-004,M-INJ-007,2026-02-02,225.0,71.0,11.7,63.6,42.3,
WO-10157,Injection Molding,IM-004,M-INJ-007,2026-02-02,227.1,70.8,11.5,69.1,42.9,
WO-10158,Injection Molding,IM-004,M-INJ-007,2026-02-03,227.7,68.4,10.1,67.7,41.8,
WO-10159,Injection Molding,IM-004,M-INJ-007,2026-02-03,225.2,67.7,12.3,61.7,46.6,
WO-10160,Injection Molding,IM-004,M-INJ-007,2026-02-04,226.8,69.1,9.0,74.8,45.0,
WO-10161,Injection Molding,IM-004,M-INJ-007,2026-02-04,222.7,73.8,8.8,59.6,47.1,
WO-10162,Injection Molding,IM-004,M-INJ-007,2026-02-05,224.5,67.2,9.3,76.9,49.0,
WO-10163,Injection Molding,IM-004,M-INJ-007,2026-02-06,222.0,70.5,10.6,66.7,43.8,
WO-10164,Injection Molding,IM-004,M-INJ-007,2026-02-06,228.7,74.0,10.6,64.0,45.8,
WO-10165,Injection Molding,IM-004,M-INJ-007,2026-02-07,225.1,68.6,9.3,65.8,53.5,
WO-10166,Injection Molding,IM-004,M-INJ-007,2026-02-08,224.7,70.3,9.3,63.9,38.7,
WO-10167,Injection Molding,IM-004,M-INJ-007,2026-02-09,228.6,68.1,11.6,71.0,42.9,
WO-10168,Injection Molding,IM-004,M-INJ-007,2026-02-09,225.4,63.5,11.3,65.2,47.0,
WO-10169,Injection Molding,IM-004,M-INJ-004,2026-02-10,221.4,69.3,10.6,73.8,53.2,
WO-10170,Injection Molding,IM-004,M-INJ-004,2026-02-11,223.9,75.0,9.2,66.1,43.2,
WO-10171,Injection Molding,IM-004,M-INJ-004,2026-02-11,223.8,69.3,9.9,74.9,45.1,
WO-10172,Injection Molding,IM-004,M-INJ-004,2026-02-11,227.2,70.6,12.1,55.1,42.7,
WO-10173,Injection Molding,IM-004,M-INJ-004,2026-02-12,226.0,67.5,11.7,70.4,45.4,
WO-10174,Injection Molding,IM-004,M-INJ-004,2026-02-13,224.0,64.9,11.0,66.7,47.7,
WO-10175,Injection Molding,IM-004,M-INJ-004,2026-02-13,224.4,71.6,12.0,58.3,44.5,
WO-10176,Injection Molding,IM-004,M-INJ-004,2026-02-14,221.8,67.1,8.9,59.2,44.7,
WO-10177,Injection Molding,IM-004,M-INJ-004,2026-02-15,222.5,65.9,12.6,71.1,48.1,
WO-10178,Injection Molding,IM-004,M-INJ-004,2026-02-16,224.1,71.5,9.6,58.3,41.2,
WO-10179,Injection Molding,IM-004,M-INJ-004,2026-02-16,223.1,63.9,11.3,61.9,50.9,
WO-10180,Injection Molding,IM-004,M-INJ-004,2026-02-17,226.9,69.7,12.8,68.6,47.1,
WO-10181,Injection Molding,IM-004,M-INJ-004,2026-02-18,224.2,68.7,11.4,66.5,43.7,
WO-10182,Injection Molding,IM-004,M-INJ-004,2026-02-18,219.7,73.2,11.5,61.2,46.6,
WO-10183,Injection Molding,IM-004,M-INJ-004,2026-02-19,221.5,74.7,11.3,60.3,44.1,
WO-10184,Injection Molding,IM-004,M-INJ-007,2026-02-20,224.1,68.3,11.2,68.7,52.3,
WO-10185,Injection Molding,IM-004,M-INJ-007,2026-02-21,228.2,83.7,11.2,68.3,45.6,
WO-10186,  Injection Molding  ,IM-004,M-INJ-007,2026-02-21,223.9,72.6,9.9,58.1,45.0,
WO-10187,Injection Molding,IM-004,M-INJ-007,2026-02-22,226.4,67.0,10.7,59.9,43.5,
WO-10188,Injection Molding,IM-004,M-INJ-007,2026-02-23,222.6,69.5,13.1,62.0,46.3,
WO-10189,Injection Molding,IM-004,M-INJ-007,2026-02-23,221.5,77.4,11.5,60.3,45.1,
WO-10190,Injection Molding,IM-004,M-INJ-007,2026-02-24,226.5,69.3,11.1,65.5,38.6,
WO-10191,Injection Molding,IM-004,M-INJ-007,2026-02-24,228.1,73.8,10.0,76.0,50.6,
WO-10192,Injection Molding,IM-004,M-INJ-007,2026-02-25,223.3,72.7,11.3,61.6,46.6,
WO-10193,Injection Molding,IM-004,M-INJ-007,2026-02-26,220.7,73.9,12.4,63.3,38.8,
WO-10194,Injection Molding,IM-004,M-INJ-007,2026-02-26,225.5,65.5,12.0,60.5,44.0,
WO-10195,Injection Molding,IM-004,M-INJ-007,2026-02-27,227.0,71.3,12.6,66.2,44.9,
WO-10196,Injection Molding,IM-004,M-INJ-007,2026-02-28,224.3,74.3,11.2,67.1,46.7,
WO-10197,Injection Molding,IM-004,M-INJ-007,2026-03-01,227.4,71.2,11.5,59.2,46.5,
WO-10198,injection molding,IM-004,M-INJ-007,2026-03-02,223.5,72.8,10.7,62.5,47.8,
WO-10199,Injection Molding,IM-004,M-INJ-007,2026-03-02,224.5,72.4,10.7,67.6,45.6,
WO-10200,Injection Molding,IM-004,M-INJ-007,2026-03-03,229.3,69.8,10.7,65.6,46.2,
WO-10201,Injection Molding,IM-004,M-INJ-007,2026-03-04,225.7,68.7,10.5,58.5,49.3,
WO-10202,Injection Molding,IM-004,M-INJ-007,2026-03-04,226.2,69.9,12.9,67.6,45.5,
WO-10203,Injection Molding,IM-004,M-INJ-007,2026-03-05,224.3,74.9,10.9,82.7,45.4,
WO-10204,Injection Molding,IM-004,M-INJ-007,2026-03-06,224.0,63.9,10.5,64.4,46.5,
WO-10205,Injection Molding,IM-004,M-INJ-004,2026-03-07,228.2,67.7,9.8,61.7,37.4,
WO-10206,Injection Molding,IM-004,M-INJ-004,2026-03-07,223.6,69.2,11.5,69.6,44.2,
WO-10207,Injection Molding,IM-004,M-INJ-004,2026-03-08,223.1,70.7,10.4,66.0,43.5,
WO-10208,Injection Molding,IM-004,M-INJ-004,2026-03-08,221.8,76.3,10.4,66.9,41.8,
WO-10209,Injection Molding,IM-004,M-INJ-004,2026-03-09,224.8,69.3,11.0,62.2,43.5,
WO-10210,Injection Molding,IM-004,M-INJ-004,2026-03-10,225.3,67.1,9.9,55.2,40.2,
WO-10211,Injection Molding,IM-004,M-INJ-004,2026-03-11,223.3,64.5,13.0,59.7,41.0,
WO-10212,Injection Molding,IM-004,M-INJ-004,2026-03-11,224.4,77.1,9.7,67.1,42.7,
WO-10213,Injection Molding,IM-004,M-INJ-004,2026-03-12,224.7,72.1,11.3,65.9,52.1,
WO-10214,INJECTION MOLDING,IM-004,M-INJ-004,2026-03-13,227.1,71.8,11.5,74.9,38.7,
WO-10215,Injection Molding,IM-004,M-INJ-004,2026-03-13,226.0,69.1,11.1,69.2,41.3,
WO-10216,INJECTION MOLDING,IM-004,M-INJ-004,2026-03-14,227.8,61.6,8.9,64.0,48.4,
WO-10217,Injection Molding,IM-004,M-INJ-004,2026-03-14,222.2,70.4,9.0,71.5,47.9,
WO-10218,Injection Molding,IM-004,M-INJ-004,2026-03-15,226.6,70.7,11.0,72.8,45.9,
WO-10219,Injection Molding,IM-004,M-INJ-004,2026-03-16,228.7,67.5,10.4,67.7,44.7,
WO-10220,Injection Molding,IM-004,M-INJ-004,2026-03-16,227.2,73.7,11.2,58.1,41.9,
WO-10221,Injection Molding,IM-004,M-INJ-004,2026-03-17,226.0,66.2,10.3,55.5,47.5,
WO-10222,Injection Molding,IM-004,M-INJ-004,2026-03-17,224.1,72.1,11.5,62.9,46.1,
WO-10223,injection molding,IM-004,M-INJ-004,2026-03-18,227.2,71.9,10.7,68.0,43.8,
WO-10224,Injection Molding,IM-004,M-INJ-004,2026-03-19,225.3,60.7,11.1,58.6,46.8,
WO-10225,Injection Molding,IM-004,M-INJ-004,2026-03-20,226.1,78.5,10.9,60.2,49.6,
WO-10226,Injection Molding,IM-004,M-INJ-004,2026-03-20,226.8,65.4,10.5,64.7,47.8,
WO-10227,Injection Molding,IM-004,M-INJ-004,2026-03-21,225.9,67.1,11.5,64.4,45.6,
WO-10228,INJECTION MOLDING,IM-004,M-INJ-004,2026-03-22,223.9,69.9,10.5,64.9,44.4,
WO-10229,Injection Molding,IM-004,M-INJ-004,2026-03-22,228.5,71.2,12.0,67.9,50.1,
WO-10230,Injection Molding,IM-004,M-INJ-004,2026-03-23,222.3,71.1,7.5,74.0,46.7,
WO-10231,Injection Molding,IM-004,M-INJ-004,2026-03-24,225.9,70.7,10.3,70.8,51.5,
WO-10232,Injection Molding,IM-004,M-INJ-004,2026-03-24,225.3,67.2,10.3,69.5,48.7,
WO-10233,Injection Molding,IM-004,M-INJ-004,2026-03-25,226.3,69.6,10.6,69.8,43.1,
WO-10234,Injection Molding,IM-004,M-INJ-004,2026-03-26,227.7,74.0,11.1,67.6,43.0,
WO-10235,Injection Molding,IM-004,M-INJ-004,2026-03-26,222.7,65.4,10.7,65.2,40.2,
WO-10236,Injection Molding,IM-004,M-INJ-004,2026-03-27,223.7,69.1,9.0,75.4,48.9,
WO-10237,Injection Molding,IM-004,M-INJ-004,2026-03-28,226.8,68.2,11.1,73.0,44.4,
WO-10238,Injection Molding,IM-004,M-INJ-004,2026-03-28,221.4,61.2,13.6,60.8,41.6,
WO-10239,Injection Molding,IM-004,M-INJ-004,2026-03-29,221.3,74.9,10.1,67.2,44.0,
WO-10240,Injection Molding,IM-004,M-INJ-004,2026-03-30,221.6,74.7,10.7,69.3,39.1,
WO-10241,Injection Molding,IM-004,M-INJ-004,2026-03-30,226.0,67.7,10.4,65.5,43.0,
WO-10242,Injection Molding,IM-004,M-INJ-004,2026-03-31,225.6,80.7,8.7,64.2,39.6,
WO-10243,Injection Molding,IM-004,M-INJ-004,2026-03-31,223.0,71.2,12.2,62.5,44.4,
WO-10244,Injection Molding,IM-004,M-INJ-004,2026-04-01,221.9,62.8,10.4,64.9,44.2,
WO-10245,Injection Molding,IM-004,M-INJ-004,2026-04-02,224.7,74.1,10.0,63.4,44.1,
WO-10246,Injection Molding,IM-004,M-INJ-004,2026-04-02,226.2,65.4,10.9,69.1,44.0,
WO-10247,Injection Molding,IM-004,M-INJ-004,2026-04-03,227.2,73.4,10.2,62.6,42.5,
WO-10248,Injection Molding,IM-004,M-INJ-004,2026-04-03,224.4,73.9,10.9,47.4,47.0,
WO-10249,Injection Molding,IM-004,M-INJ-004,2026-04-04,222.8,65.6,10.1,60.9,45.9,
WO-10250,Injection Molding,IM-004,M-INJ-004,2026-04-05,222.5,74.0,11.1,73.4,47.7,
WO-10251,Injection Molding,IM-004,M-INJ-004,2026-04-06,228.1,74.4,9.0,59.1,44.4,
WO-10252,INJECTION MOLDING,IM-004,M-INJ-004,2026-04-06,224.0,70.5,10.3,60.8,45.8,
WO-10253,Injection Molding,IM-004,M-INJ-004,2026-04-07,227.5,66.0,8.0,68.0,54.3,
WO-10254,  Injection Molding  ,IM-004,M-INJ-004,2026-04-08,224.7,65.9,9.2,65.3,44.5,
WO-10255,Injection Molding,IM-004,M-INJ-004,2026-04-09,225.2,70.0,9.4,61.6,48.2,
WO-10256,Injection Molding,IM-004,M-INJ-004,2026-04-09,225.8,64.4,10.8,70.0,45.0,
WO-10257,Injection Molding,IM-004,M-INJ-004,2026-04-10,229.0,70.3,9.1,63.7,39.5,
WO-10258,  Injection Molding  ,IM-004,M-INJ-004,2026-04-10,227.9,68.8,10.9,70.6,41.7,
WO-10259,Injection Molding,IM-004,M-INJ-004,2026-04-11,227.7,65.2,10.1,60.3,48.7,
WO-10260,Injection Molding,IM-004,M-INJ-004,2026-04-11,223.3,67.4,10.4,59.6,42.9,
WO-10261,Injection Molding,IM-004,M-INJ-004,2026-04-12,226.7,72.5,11.3,56.2,48.9,
WO-10262,Injection Molding,IM-004,M-INJ-004,2026-04-12,222.4,70.9,11.4,68.7,42.3,
WO-10263,Injection Molding,IM-004,M-INJ-004,2026-04-13,225.0,67.7,10.9,73.1,45.3,
WO-10264,Injection Molding,IM-004,M-INJ-004,2026-04-14,225.7,79.3,9.5,58.8,43.2,
WO-10265,Injection Molding,IM-004,M-INJ-004,2026-04-14,224.5,74.9,11.3,70.7,41.1,
WO-10266,Injection Molding,IM-004,M-INJ-004,2026-04-15,225.3,69.1,8.9,59.7,45.6,
WO-10267,Injection Molding,IM-004,M-INJ-004,2026-04-16,226.3,71.4,11.1,56.4,45.4,
WO-10268,Injection Molding,IM-004,M-INJ-004,2026-04-16,224.7,68.9,12.1,62.0,43.0,
WO-10269,Injection Molding,IM-004,M-INJ-004,2026-04-17,227.0,70.3,11.1,73.8,47.4,
WO-10270,Injection Molding,IM-004,M-INJ-004,2026-04-18,223.4,65.9,11.2,60.5,42.8,
WO-10271,Injection Molding,IM-004,M-INJ-004,2026-04-18,223.9,73.9,11.1,64.5,49.9,
WO-10272,Injection Molding,IM-004,M-INJ-004,2026-04-19,223.5,72.7,11.4,72.3,43.6,
WO-10273,Injection Molding,IM-004,M-INJ-007,2026-04-19,225.4,71.2,14.0,70.9,42.8,
WO-10274,Injection Molding,IM-004,M-INJ-007,2026-04-20,225.6,67.4,12.4,66.6,42.6,
WO-10275,Injection Molding,IM-004,M-INJ-007,2026-04-21,224.3,72.2,11.7,74.4,45.5,
WO-10276,Injection Molding,IM-004,M-INJ-007,2026-04-21,225.2,66.8,9.4,61.1,45.5,
WO-10277,Injection Molding,IM-004,M-INJ-007,2026-04-22,223.9,72.3,9.6,63.1,45.0,
WO-10278,Injection Molding,IM-004,M-INJ-007,2026-04-23,225.0,67.4,11.0,65.6,50.6,
WO-10279,injection molding,IM-004,M-INJ-007,2026-04-24,227.5,66.4,10.4,64.6,51.6,
WO-10280,Injection Molding,IM-004,M-INJ-007,2026-04-24,226.2,73.6,12.3,59.9,45.0,
WO-10281,Injection Molding,IM-004,M-INJ-007,2026-04-25,222.2,69.2,13.4,67.2,44.0,
WO-10282,Injection Molding,IM-004,M-INJ-007,2026-04-26,225.5,71.5,10.7,67.8,46.0,
WO-10283,Injection Molding,IM-004,M-INJ-007,2026-04-26,225.8,68.6,9.1,60.1,44.6,
WO-10284,Injection Molding,IM-004,M-INJ-007,2026-04-27,225.9,69.8,10.5,66.8,51.0,
WO-10285,Injection Molding,IM-004,M-INJ-007,2026-04-28,224.9,67.2,10.4,77.7,38.8,
WO-10286,Injection Molding,IM-004,M-INJ-007,2026-04-29,224.3,73.8,10.9,59.9,41.3,
WO-10287,Injection Molding,IM-004,M-INJ-007,2026-04-29,224.2,76.6,12.2,59.8,43.0,
WO-10288,INJECTION MOLDING,IM-004,M-INJ-007,2026-04-30,225.4,64.6,9.7,65.7,45.8,
WO-10289,Injection Molding,IM-004,M-INJ-007,2026-05-01,222.8,71.2,11.3,64.1,43.6,
WO-10290,Injection Molding,IM-004,M-INJ-007,2026-05-02,225.7,74.7,13.6,55.7,40.6,
WO-10291,Injection Molding,IM-004,M-INJ-007,2026-05-02,225.3,66.3,11.4,59.9,46.9,
WO-10292,Injection Molding,IM-004,M-INJ-007,2026-05-03,224.5,71.8,9.6,65.5,45.9,
WO-10293,Injection Molding,IM-004,M-INJ-007,2026-05-03,223.6,67.1,10.1,66.0,47.4,
WO-10294,Injection Molding,IM-004,M-INJ-004,2026-05-04,224.6,68.7,11.4,60.9,43.6,
WO-10295,Injection Molding,IM-004,M-INJ-004,2026-05-05,225.7,75.2,12.4,68.9,43.4,
WO-10296,Injection Molding,IM-004,M-INJ-004,2026-05-06,226.3,69.9,10.5,57.3,50.2,
WO-10297,Injection Molding,IM-004,M-INJ-004,2026-05-07,228.1,68.5,10.5,62.2,45.5,
WO-10298,Injection Molding,IM-004,M-INJ-004,2026-05-07,224.2,69.1,10.7,65.5,47.5,
WO-10299,Injection Molding,IM-004,M-INJ-004,2026-05-08,228.4,68.6,11.1,66.9,43.4,
WO-10300,  Injection Molding  ,IM-004,M-INJ-004,2026-05-09,224.5,66.9,10.9,56.7,45.6,
WO-10301,Injection Molding,IM-004,M-INJ-004,2026-05-09,228.6,66.5,12.4,64.6,47.0,
WO-10302,Injection Molding,IM-004,M-INJ-004,2026-05-10,225.3,73.3,10.2,68.8,44.4,
WO-10303,  Injection Molding  ,IM-004,M-INJ-004,2026-05-10,226.9,72.3,9.5,61.8,45.9,
WO-10304,Injection Molding,IM-004,M-INJ-004,2026-05-11,227.3,63.7,10.4,65.3,45.9,
WO-10305,Injection Molding,IM-004,M-INJ-004,2026-05-11,225.4,68.5,12.5,55.6,42.1,
WO-10306,  Injection Molding  ,IM-004,M-INJ-004,2026-05-12,227.5,71.1,12.3,66.6,43.4,
WO-10307,Injection Molding,IM-004,M-INJ-004,2026-05-12,222.7,68.1,10.9,70.6,41.9,
WO-10308,Injection Molding,IM-004,M-INJ-004,2026-05-13,224.6,72.8,9.3,65.6,46.8,
WO-10309,Injection Molding,IM-004,M-INJ-004,2026-05-14,228.2,73.6,10.1,69.9,45.6,
WO-10310,Injection Molding,IM-004,M-INJ-004,2026-05-14,225.7,68.2,10.5,57.7,46.2,
WO-10311,Injection Molding,IM-004,M-INJ-004,2026-05-15,220.6,75.0,11.9,65.0,49.3,
WO-10312,Injection Molding,IM-004,M-INJ-004,2026-05-16,225.1,72.9,10.0,63.7,44.4,
WO-10313,Injection Molding,IM-004,M-INJ-004,2026-05-17,225.5,76.4,9.7,78.1,49.1,
WO-10314,Injection Molding,IM-004,M-INJ-004,2026-05-17,222.5,72.9,10.4,57.7,48.0,
WO-10315,Injection Molding,IM-004,M-INJ-004,2026-05-18,221.0,71.9,10.3,65.9,44.4,
WO-10316,Injection Molding,IM-004,M-INJ-007,2026-05-18,222.7,72.2,10.0,61.5,45.0,
WO-10317,Injection Molding,IM-004,M-INJ-007,2026-05-19,225.0,66.2,11.2,57.1,45.7,
WO-10318,Injection Molding,IM-004,M-INJ-007,2026-05-20,227.0,66.6,11.2,67.7,47.0,
WO-10319,Injection Molding,IM-004,M-INJ-007,2026-05-21,226.3,66.4,12.9,67.9,44.8,
WO-10320,Injection Molding,IM-004,M-INJ-007,2026-05-22,227.3,73.9,13.4,66.3,42.8,
WO-10321,Injection Molding,IM-004,M-INJ-007,2026-05-22,226.3,69.8,8.4,66.3,42.9,
WO-10322,Injection Molding,IM-004,M-INJ-007,2026-05-23,222.1,63.1,10.8,64.4,40.3,
WO-10323,Injection Molding,IM-004,M-INJ-007,2026-05-24,223.9,75.5,10.6,68.4,47.5,
WO-10324,Injection Molding,IM-004,M-INJ-007,2026-05-25,224.5,72.3,10.5,71.6,41.8,
WO-10325,Injection Molding,IM-004,M-INJ-007,2026-05-25,226.4,79.5,10.4,61.9,51.4,
WO-10326,Injection Molding,IM-004,M-INJ-007,2026-05-26,222.2,65.0,12.8,58.6,45.7,
WO-10327,Injection Molding,IM-004,M-INJ-007,2026-05-27,225.5,75.0,9.9,60.0,46.6,
WO-10328,Injection Molding,IM-004,M-INJ-007,2026-05-27,222.2,67.9,9.6,64.1,41.1,
WO-10329,Injection Molding,IM-004,M-INJ-007,2026-05-28,224.7,64.1,12.1,61.8,46.0,
WO-10330,Injection Molding,IM-004,M-INJ-007,2026-05-28,224.2,73.6,11.3,65.1,39.6,
WO-10331,Injection Molding,IM-004,M-INJ-007,2026-05-29,225.7,67.2,11.2,75.0,41.8,
WO-10332,Injection Molding,IM-004,M-INJ-007,2026-05-30,224.2,68.5,11.3,70.5,45.6,
WO-10333,Injection Molding,IM-004,M-INJ-007,2026-05-31,224.3,74.8,10.8,63.4,38.1,
WO-10334,Injection Molding,IM-004,M-INJ-007,2026-06-01,225.2,78.9,12.3,61.2,43.6,
WO-10335,Injection Molding,IM-004,M-INJ-007,2026-06-01,225.3,70.1,11.3,60.2,38.5,
WO-10336,Injection Molding,IM-004,M-INJ-004,2026-06-02,228.2,73.9,11.8,67.5,44.3,
WO-10337,Injection Molding,IM-004,M-INJ-004,2026-06-02,227.0,72.4,11.7,59.3,44.7,
WO-10338,Injection Molding,IM-004,M-INJ-004,2026-06-03,222.4,66.0,11.2,66.3,39.4,
WO-10339,Injection Molding,IM-004,M-INJ-004,2026-06-04,222.0,71.2,11.0,72.5,44.9,
WO-10340,Injection Molding,IM-004,M-INJ-004,2026-06-05,229.3,74.1,11.8,62.0,43.1,
WO-10341,Injection Molding,IM-004,M-INJ-007,2026-06-05,223.2,66.6,11.0,62.7,44.5,
WO-10342,Injection Molding,IM-004,M-INJ-007,2026-06-06,224.0,71.0,12.9,73.7,45.5,
WO-10343,Injection Molding,IM-004,M-INJ-004,2026-06-07,225.2,66.1,10.9,62.3,46.7,
WO-10344,Injection Molding,IM-004,M-INJ-004,2026-06-07,228.5,64.5,10.4,66.9,43.5,
WO-10345,Injection Molding,IM-004,M-INJ-007,2026-06-08,224.7,71.5,12.1,57.9,43.8,
WO-10346,Injection Molding,IM-004,M-INJ-007,2026-06-09,224.3,69.9,12.4,63.8,45.7,
WO-10347,Injection Molding,IM-004,M-INJ-007,2026-06-10,222.0,65.7,11.6,57.5,44.3,
WO-10348,Injection Molding,IM-004,M-INJ-007,2026-06-10,223.1,64.4,10.0,67.8,46.9,
WO-10349,Injection Molding,IM-004,M-INJ-007,2026-06-11,224.5,71.5,12.6,63.0,46.9,
WO-10350,  Injection Molding  ,IM-004,M-INJ-007,2026-06-11,223.1,73.4,12.1,63.9,42.7,
WO-10351,Injection Molding,IM-004,M-INJ-007,2026-06-12,224.1,67.0,10.4,56.2,45.0,
WO-10352,Injection Molding,IM-004,M-INJ-004,2026-06-12,225.0,67.4,10.5,64.8,47.9,
WO-10353,Injection Molding,IM-004,M-INJ-004,2026-06-13,226.4,78.5,9.1,67.1,45.4,
WO-10354,Injection Molding,IM-004,M-INJ-004,2026-06-13,227.5,69.3,9.8,64.2,42.4,
WO-10355,Injection Molding,IM-004,M-INJ-004,2026-06-14,228.8,69.6,11.6,74.8,40.4,
WO-10356,Injection Molding,IM-004,M-INJ-004,2026-06-15,226.4,71.3,11.5,62.2,40.5,
WO-10357,Injection Molding,IM-004,M-INJ-007,2026-06-15,223.7,65.3,12.9,69.4,44.4,
WO-10358,Injection Molding,IM-004,M-INJ-007,2026-06-16,228.6,75.8,11.5,64.6,46.6,
WO-10359,Injection Molding,IM-004,M-INJ-004,2026-06-17,223.2,68.6,8.1,67.8,41.3,
WO-10360,Injection Molding,IM-004,M-INJ-004,2026-06-17,223.0,67.7,10.4,66.6,43.6,
WO-10361,Injection Molding,IM-004,M-INJ-004,2026-06-18,226.7,74.3,9.9,64.1,43.5,
WO-10362,Injection Molding,IM-004,M-INJ-004,2026-06-19,224.7,65.3,11.6,65.5,43.3,
WO-10363,Injection Molding,IM-004,M-INJ-004,2026-06-20,224.1,75.0,10.8,71.3,44.0,
WO-10364,Injection Molding,IM-004,M-INJ-004,2026-06-20,224.5,71.9,9.9,59.4,44.9,
WO-10365,Injection Molding,IM-004,M-INJ-004,2026-06-21,221.0,67.2,10.6,68.4,47.8,
WO-10366,Injection Molding,IM-004,M-INJ-004,2026-06-21,225.9,67.2,10.7,70.0,45.3,
WO-10367,Injection Molding,IM-004,M-INJ-004,2026-06-22,226.4,74.1,11.8,65.0,41.6,
WO-10368,Injection Molding,IM-004,M-INJ-004,2026-06-23,224.8,79.5,10.3,51.3,46.1,
WO-10369,Injection Molding,IM-004,M-INJ-007,2026-06-24,222.6,69.9,11.6,60.3,40.7,
WO-10370,Injection Molding,IM-004,M-INJ-007,2026-06-24,225.6,75.7,10.3,68.0,48.3,
WO-10371,Injection Molding,IM-004,M-INJ-007,2026-06-25,225.5,65.5,7.3,72.3,44.1,
WO-10372,Injection Molding,IM-004,M-INJ-007,2026-06-26,225.2,63.1,12.1,64.3,41.5,
WO-10373,injection molding,IM-004,M-INJ-007,2026-06-26,225.2,72.4,10.4,63.7,49.4,
WO-10374,Injection Molding,IM-004,M-INJ-007,2026-06-27,223.9,62.5,10.7,64.2,42.6,
WO-10375,Injection Molding,IM-004,M-INJ-007,2026-06-28,224.0,68.7,10.0,71.8,47.3,
WO-10376,Injection Molding,IM-004,M-INJ-007,2026-06-29,222.6,66.0,11.5,75.6,49.2,
WO-10377,Injection Molding,IM-004,M-INJ-007,2026-06-29,227.3,72.8,10.8,66.0,49.4,
WO-10378,Injection Molding,IM-004,M-INJ-007,2026-06-30,225.1,64.3,12.8,70.3,42.4,
WO-10379,Injection Molding,IM-004,M-INJ-007,2026-07-01,221.9,67.9,9.3,67.8,44.4,
WO-10380,Injection Molding,IM-004,M-INJ-007,2026-07-02,228.2,72.5,10.1,59.9,46.8,
WO-10381,Injection Molding,IM-004,M-INJ-007,2026-07-03,229.5,73.4,11.1,64.9,41.2,
WO-10382,injection molding,IM-004,M-INJ-007,2026-07-03,224.6,64.2,10.8,67.8,43.6,
WO-10383,Injection Molding,IM-004,M-INJ-007,2026-07-04,230.6,72.5,10.7,61.8,40.6,
WO-10384,INJECTION MOLDING,IM-004,M-INJ-007,2026-07-05,222.8,72.0,11.8,68.7,49.2,
WO-10385,Injection Molding,IM-004,M-INJ-007,2026-07-05,224.4,68.5,9.8,66.0,48.6,
WO-10386,Injection Molding,IM-004,M-INJ-007,2026-07-06,226.7,66.1,9.6,58.3,41.9,
WO-10387,Injection Molding,IM-004,M-INJ-004,2026-07-07,224.9,69.0,12.0,74.3,43.4,
WO-10388,Injection Molding,IM-004,M-INJ-004,2026-07-08,223.3,66.6,12.7,69.9,45.6,
WO-10389,Injection Molding,IM-004,M-INJ-004,2026-07-08,224.4,65.5,10.0,62.5,45.5,
WO-10390,Injection Molding,IM-004,M-INJ-004,2026-07-08,222.4,66.9,11.9,70.3,41.3,
WO-10391,Injection Molding,IM-004,M-INJ-004,2026-07-09,223.2,68.2,11.0,61.9,45.8,
WO-10392,Injection Molding,IM-004,M-INJ-004,2026-07-10,226.9,70.7,10.2,62.3,45.5,
WO-10393,Injection Molding,IM-004,M-INJ-004,2026-07-11,223.8,74.8,12.5,60.5,43.3,
WO-10394,Injection Molding,IM-004,M-INJ-004,2026-07-11,225.2,64.5,10.4,62.3,44.5,
WO-10395,Injection Molding,IM-004,M-INJ-004,2026-07-12,223.0,66.7,11.9,57.9,43.5,
WO-10396,Injection Molding,IM-004,M-INJ-004,2026-07-13,224.5,69.5,11.8,65.8,45.3,
WO-10397,Injection Molding,IM-004,M-INJ-004,2026-07-14,222.2,80.2,9.6,69.6,38.6,
WO-10398,Injection Molding,IM-004,M-INJ-004,2026-07-14,226.0,72.7,13.0,66.4,44.8,
WO-10399,Injection Molding,IM-004,M-INJ-007,2026-07-15,224.5,67.5,10.5,72.8,42.5,
WO-10400,Injection Molding,IM-004,M-INJ-007,2026-07-15,224.9,61.8,12.0,61.0,41.1,
WO-10401,Injection Molding,IM-004,M-INJ-004,2026-07-16,226.5,71.6,10.5,68.4,44.6,
WO-10402,Injection Molding,IM-004,M-INJ-004,2026-07-17,223.3,69.9,9.9,80.8,55.8,
WO-10403,Injection Molding,IM-004,M-INJ-004,2026-07-18,222.1,73.8,10.7,66.1,47.2,
WO-10404,Injection Molding,IM-004,M-INJ-004,2026-07-18,224.1,65.0,11.0,58.0,46.8,
WO-10405,Injection Molding,IM-004,M-INJ-004,2026-07-19,225.4,67.1,11.8,64.2,45.5,
WO-10406,Injection Molding,IM-004,M-INJ-004,2026-07-19,227.5,64.1,11.6,60.1,49.6,
WO-10407,Injection Molding,IM-004,M-INJ-004,2026-07-20,223.7,67.2,11.4,60.0,46.4,
WO-10408,Injection Molding,IM-004,M-INJ-004,2026-07-21,222.7,75.0,12.8,76.1,44.4,
WO-10409,Injection Molding,IM-004,M-INJ-004,2026-07-22,227.6,66.2,11.6,66.0,50.6,
WO-10410,Injection Molding,IM-004,M-INJ-004,2026-07-22,222.4,68.1,11.8,68.7,47.2,
WO-10411,Injection Molding,IM-004,M-INJ-004,2026-07-23,224.3,64.6,12.6,67.0,52.8,
WO-10412,Injection Molding,IM-004,M-INJ-004,2026-07-23,227.4,73.9,10.1,62.9,45.6,
WO-10413,Injection Molding,IM-004,M-INJ-004,2026-07-24,221.6,72.2,11.6,68.0,47.4,
WO-10414,Injection Molding,IM-004,M-INJ-004,2026-07-25,221.9,68.3,11.4,62.9,48.8,
WO-10415,Injection Molding,IM-004,M-INJ-004,2026-07-25,222.4,62.7,10.0,60.0,41.8,
WO-10416,Injection Molding,IM-004,M-INJ-004,2026-07-26,223.0,76.1,10.9,64.8,46.3,
WO-10417,Injection Molding,IM-004,M-INJ-004,2026-07-27,224.5,71.7,10.4,61.8,41.2,
WO-10418,Injection Molding,IM-004,M-INJ-004,2026-07-27,227.6,71.2,10.9,74.8,38.3,
WO-10419,Injection Molding,IM-004,M-INJ-004,2026-07-28,224.5,71.9,11.6,69.4,45.3,
WO-10420,Injection Molding,IM-004,M-INJ-004,2026-07-29,220.3,67.5,10.0,61.6,46.3,
WO-10421,Injection Molding,IM-004,M-INJ-004,2026-07-29,221.0,70.8,11.4,58.0,42.2,
WO-10422,Injection Molding,IM-004,M-INJ-004,2026-07-30,223.9,67.7,9.6,64.8,44.4,
WO-10423,Injection Molding,IM-004,M-INJ-004,2026-07-31,222.9,70.6,12.7,69.7,42.8,
WO-10424,Injection Molding,IM-004,M-INJ-004,2026-08-01,220.3,73.3,11.4,64.9,50.2,
WO-10425,Injection Molding,IM-004,M-INJ-004,2026-08-01,223.1,63.3,10.6,68.3,50.4,
WO-10426,Injection Molding,IM-004,M-INJ-004,2026-08-02,227.8,71.1,9.4,59.9,46.9,
WO-10427,Injection Molding,IM-004,M-INJ-004,2026-08-03,224.9,67.5,11.4,63.2,39.1,
WO-10428,injection molding,IM-004,M-INJ-004,2026-08-04,227.5,76.0,10.7,59.3,46.7,
WO-10429,Injection Molding,IM-004,M-INJ-007,2026-08-04,227.0,63.2,11.4,67.5,47.8,
WO-10430,Injection Molding,IM-004,M-INJ-007,2026-08-04,225.9,74.5,13.6,63.4,44.4,
WO-10431,Injection Molding,IM-004,M-INJ-007,2026-08-05,227.4,71.6,11.1,69.2,45.2,
WO-10432,Injection Molding,IM-004,M-INJ-007,2026-08-06,223.3,77.5,10.4,64.5,45.6,
WO-10433,Injection Molding,IM-004,M-INJ-007,2026-08-06,226.2,67.0,12.6,64.9,44.1,
WO-10434,Injection Molding,IM-004,M-INJ-007,2026-08-07,223.7,65.5,10.1,65.0,46.3,
WO-10435,Injection Molding,IM-004,M-INJ-007,2026-08-08,224.9,71.2,11.1,80.8,46.4,
WO-10436,Injection Molding,IM-004,M-INJ-007,2026-08-08,222.4,74.3,9.8,56.2,42.6,
WO-10437,injection molding,IM-004,M-INJ-007,2026-08-09,221.9,70.0,11.3,58.5,43.2,
WO-10438,Injection Molding,IM-004,M-INJ-007,2026-08-10,224.7,67.6,12.3,73.1,41.9,
WO-10439,  Injection Molding  ,IM-004,M-INJ-007,2026-08-10,221.7,71.5,11.8,56.2,42.2,
WO-10440,Injection Molding,IM-004,M-INJ-007,2026-08-11,224.4,67.5,10.4,66.4,46.5,
WO-10441,INJECTION MOLDING,IM-004,M-INJ-007,2026-08-12,227.1,64.7,11.2,69.8,45.1,
WO-10442,INJECTION MOLDING,IM-004,M-INJ-007,2026-08-12,226.6,78.2,10.4,70.7,42.1,
WO-10443,Injection Molding,IM-004,M-INJ-007,2026-08-13,222.3,69.7,11.2,61.7,44.7,
WO-10444,Injection Molding,IM-004,M-INJ-007,2026-08-14,227.6,76.1,10.8,67.8,45.4,
WO-10445,Injection Molding,IM-004,M-INJ-004,2026-08-15,229.4,70.1,8.5,69.6,43.4,
WO-10446,Injection Molding,IM-004,M-INJ-004,2026-08-15,226.0,68.4,12.0,67.7,48.0,
WO-10447,Injection Molding,IM-004,M-INJ-004,2026-08-16,224.1,71.1,12.2,74.5,41.1,
WO-10448,Injection Molding,IM-004,M-INJ-004,2026-08-16,223.8,66.4,10.6,73.2,44.7,
WO-10449,Injection Molding,IM-004,M-INJ-004,2026-08-17,227.7,69.2,11.1,53.6,43.6,
WO-10450,Injection Molding,IM-004,M-INJ-004,2026-08-18,225.0,68.8,12.0,60.1,45.6,
WO-10451,Injection Molding,IM-004,M-INJ-004,2026-08-19,226.4,69.9,11.1,58.5,51.9,
WO-10452,injection molding,IM-004,M-INJ-004,2026-08-19,225.9,75.6,11.8,68.9,42.0,
WO-10453,INJECTION MOLDING,IM-004,M-INJ-004,2026-08-20,226.1,66.9,9.8,62.3,43.1,
WO-10454,Injection Molding,IM-004,M-INJ-004,2026-08-21,226.1,67.9,8.3,64.8,47.1,
WO-10455,Injection Molding,IM-004,M-INJ-004,2026-08-21,225.7,72.2,11.7,57.6,45.6,
WO-10456,Injection Molding,IM-004,M-INJ-004,2026-08-22,223.2,68.7,12.6,69.8,45.1,
WO-10457,Injection Molding,IM-004,M-INJ-004,2026-08-23,224.0,73.3,7.9,64.6,47.6,
WO-10458,Injection Molding,IM-004,M-INJ-004,2026-08-23,224.0,71.2,10.3,65.8,41.8,
WO-10459,INJECTION MOLDING,IM-004,M-INJ-004,2026-08-24,226.9,65.7,12.7,61.0,41.0,
WO-10460,INJECTION MOLDING,IM-004,M-INJ-004,2026-08-25,223.8,69.7,13.2,73.5,43.6,
WO-10461,Injection Molding,IM-004,M-INJ-004,2026-08-25,226.1,73.4,13.1,61.6,42.2,
WO-10462,Injection Molding,IM-004,M-INJ-007,2026-08-26,223.0,72.4,10.8,55.5,43.8,
WO-10463,Injection Molding,IM-004,M-INJ-007,2026-08-27,225.0,64.9,10.2,62.2,42.7,
WO-10464,Injection Molding,IM-004,M-INJ-007,2026-08-27,224.3,68.1,11.3,64.5,43.0,
WO-10465,Injection Molding,IM-004,M-INJ-007,2026-08-27,228.0,62.6,11.1,69.1,47.7,
WO-10466,Injection Molding,IM-004,M-INJ-007,2026-08-28,223.8,67.8,10.2,71.8,40.6,
WO-10467,Injection Molding,IM-004,M-INJ-007,2026-08-29,225.3,70.1,9.5,66.7,43.4,
WO-10468,Injection Molding,IM-004,M-INJ-007,2026-08-29,225.0,72.7,9.0,61.2,43.4,
WO-10469,Injection Molding,IM-004,M-INJ-007,2026-08-30,222.7,72.3,12.0,71.0,42.4,
WO-10470,Injection Molding,IM-004,M-INJ-007,2026-08-31,223.6,64.4,11.4,70.7,46.0,
WO-10471,Injection Molding,IM-004,M-INJ-007,2026-09-01,225.1,68.2,12.2,62.4,44.7,
WO-10472,Injection Molding,IM-004,M-INJ-004,2026-09-01,223.5,72.7,12.4,71.6,43.7,
WO-10473,Injection Molding,IM-004,M-INJ-004,2026-09-02,225.1,74.1,10.8,63.4,48.2,
WO-10474,Injection Molding,IM-004,M-INJ-004,2026-09-03,227.1,68.1,10.0,66.3,40.5,
WO-10475,Injection Molding,IM-004,M-INJ-004,2026-09-03,220.5,70.0,12.2,70.7,42.6,
WO-10476,Injection Molding,IM-004,M-INJ-004,2026-09-04,226.4,58.5,11.1,63.0,44.0,
WO-10477,Injection Molding,IM-004,M-INJ-004,2026-09-05,224.9,64.8,12.2,61.4,47.7,
WO-10478,Injection Molding,IM-004,M-INJ-004,2026-09-06,225.3,70.0,12.0,62.7,45.4,
WO-10479,Injection Molding,IM-004,M-INJ-004,2026-09-06,226.9,67.6,10.4,63.3,45.5,
WO-10480,  Injection Molding  ,IM-004,M-INJ-004,2026-09-07,227.7,74.6,10.7,62.4,47.3,
WO-10481,Injection Molding,IM-004,M-INJ-004,2026-09-07,223.9,67.1,10.6,61.9,49.5,
WO-10482,  Injection Molding  ,IM-004,M-INJ-004,2026-09-08,224.8,69.7,11.0,66.2,47.0,
WO-10483,Injection Molding,IM-004,M-INJ-004,2026-09-09,228.1,73.5,9.1,66.8,42.6,
WO-10484,Injection Molding,IM-004,M-INJ-004,2026-09-09,226.5,73.3,11.6,69.2,44.3,
WO-10485,Injection Molding,IM-004,M-INJ-004,2026-09-10,224.4,69.6,9.3,66.4,42.4,
WO-10486,Injection Molding,IM-004,M-INJ-004,2026-09-11,225.9,74.9,12.3,66.8,42.8,
WO-10487,Injection Molding,IM-004,M-INJ-004,2026-09-11,223.2,70.0,9.9,66.0,44.2,
WO-10488,Injection Molding,IM-004,M-INJ-004,2026-09-12,223.7,71.8,11.2,67.4,46.0,
WO-10489,Injection Molding,IM-004,M-INJ-004,2026-09-13,226.4,72.0,8.8,48.9,42.8,
WO-10490,Injection Molding,IM-004,M-INJ-004,2026-09-14,227.0,68.8,10.9,65.7,45.2,
WO-10491,Injection Molding,IM-004,M-INJ-004,2026-09-14,223.8,72.3,10.7,70.4,47.5,
WO-10492,Injection Molding,IM-004,M-INJ-004,2026-09-15,226.2,65.3,10.4,72.0,41.7,
WO-10493,injection molding,IM-004,M-INJ-004,2026-09-16,222.3,66.6,12.7,62.4,45.3,
WO-10494,Injection Molding,IM-004,M-INJ-004,2026-09-17,225.8,68.8,9.7,67.8,44.7,
WO-10495,Injection Molding,IM-004,M-INJ-004,2026-09-17,225.3,59.2,11.7,58.4,41.7,
WO-10496,Injection Molding,IM-004,M-INJ-004,2026-09-18,224.8,72.6,10.9,73.1,43.6,
WO-10497,Injection Molding,IM-004,M-INJ-004,2026-09-19,225.8,73.7,11.0,68.7,42.6,
WO-10498,Injection Molding,IM-004,M-INJ-004,2026-09-19,225.8,69.7,11.3,57.4,44.2,
WO-10499,Injection Molding,IM-004,M-INJ-004,2026-09-20,225.5,77.3,11.7,71.9,46.1,
WO-10500,Injection Molding,IM-004,M-INJ-004,2026-09-20,224.9,67.9,10.6,73.2,42.7,
WO-10501,Injection Molding,IM-004,M-INJ-004,2026-09-21,224.2,72.3,10.1,60.3,46.5,
WO-10502,Injection Molding,IM-004,M-INJ-004,2026-09-21,225.6,65.6,10.4,59.7,35.3,
WO-10503,Injection Molding,IM-004,M-INJ-004,2026-09-22,227.9,70.6,11.3,65.2,42.0,
WO-10504,Injection Molding,IM-004,M-INJ-004,2026-09-23,225.8,67.9,11.7,72.1,46.2,
WO-10505,Injection Molding,IM-004,M-INJ-004,2026-09-24,226.0,73.7,10.0,57.7,43.1,
WO-10506,Injection Molding,IM-004,M-INJ-004,2026-09-24,225.9,63.6,11.4,64.3,43.3,
WO-10507,Injection Molding,IM-004,M-INJ-004,2026-09-25,227.8,74.7,12.6,56.0,44.6,
WO-10508,Injection Molding,IM-004,M-INJ-004,2026-09-25,227.4,74.7,11.1,71.3,45.0,
WO-10509,Injection Molding,IM-004,M-INJ-004,2026-09-26,225.1,71.5,12.0,67.1,39.4,
WO-10510,Injection Molding,IM-004,M-INJ-004,2026-09-27,224.2,67.9,10.1,67.4,40.5,
WO-10511,Injection Molding,IM-004,M-INJ-004,2026-09-27,225.1,71.7,10.6,57.9,38.8,
WO-10512,injection molding,IM-004,M-INJ-004,2026-09-28,224.5,70.8,10.6,59.2,41.5,
WO-10513,Injection Molding,IM-004,M-INJ-004,2026-09-28,225.4,73.9,12.2,61.3,46.8,
WO-10514,Injection Molding,IM-004,M-INJ-004,2026-09-29,226.6,64.3,11.6,69.2,45.8,
WO-10515,Injection Molding,IM-004,M-INJ-004,2026-09-30,224.9,75.3,9.3,65.9,46.3,
WO-10516,Injection Molding,IM-004,M-INJ-004,2026-09-30,221.2,68.4,9.5,71.3,39.0,
WO-10517,Injection Molding,IM-004,M-INJ-004,2026-10-01,227.5,65.9,10.2,67.0,41.6,
WO-10518,Injection Molding,IM-004,M-INJ-004,2026-10-02,223.2,73.3,10.6,71.2,41.4,
WO-10519,injection molding,IM-004,M-INJ-004,2026-10-03,223.6,69.9,14.4,65.2,44.7,
WO-10520,Injection Molding,IM-004,M-INJ-004,2026-10-03,230.9,72.8,10.2,61.3,42.9,
WO-10521,Injection Molding,IM-004,M-INJ-004,2026-10-04,227.5,65.1,8.7,63.9,45.5,
WO-10522,Injection Molding,IM-004,M-INJ-004,2026-10-04,226.5,61.9,10.9,68.0,46.6,
WO-10523,  Injection Molding  ,IM-004,M-INJ-004,2026-10-05,223.9,70.8,10.3,69.7,44.1,
WO-10524,Injection Molding,IM-004,M-INJ-004,2026-10-06,226.0,68.4,11.3,64.8,43.0,
WO-10525,Injection Molding,IM-004,M-INJ-004,2026-10-06,222.6,68.1,10.0,72.2,45.1,
WO-10526,Injection Molding,IM-004,M-INJ-004,2026-10-07,228.2,70.5,9.8,64.0,47.0,
WO-10527,Injection Molding,IM-004,M-INJ-004,2026-10-08,222.0,72.2,9.8,65.4,44.6,
WO-10528,Injection Molding,IM-004,M-INJ-004,2026-10-08,224.0,70.9,10.8,67.4,47.0,
WO-10529,Injection Molding,IM-004,M-INJ-004,2026-10-09,227.1,69.8,8.7,69.3,40.5,
WO-10530,Injection Molding,IM-004,M-INJ-004,2026-10-09,224.9,72.4,10.6,68.0,44.4,
WO-10531,Injection Molding,IM-004,M-INJ-004,2026-10-10,226.5,71.4,12.0,68.3,39.8,
WO-10532,Injection Molding,IM-004,M-INJ-004,2026-10-10,226.8,70.0,10.1,66.5,40.4,
WO-10533,Injection Molding,IM-004,M-INJ-004,2026-10-11,226.6,70.8,8.5,68.6,46.4,
WO-10534,Injection Molding,IM-004,M-INJ-007,2026-10-12,223.9,73.8,12.0,57.6,42.8,
WO-10535,Injection Molding,IM-004,M-INJ-007,2026-10-12,220.8,67.2,9.5,65.3,47.2,
WO-10536,Injection Molding,IM-004,M-INJ-004,2026-10-13,227.6,64.7,9.9,67.2,46.6,
WO-10537,Injection Molding,IM-004,M-INJ-004,2026-10-14,224.1,79.2,10.2,76.5,44.9,
WO-10538,Injection Molding,IM-004,M-INJ-004,2026-10-14,227.7,74.2,11.7,66.8,44.2,
WO-10539,Injection Molding,IM-004,M-INJ-004,2026-10-15,223.2,69.8,8.8,71.0,43.1,
WO-10540,Injection Molding,IM-004,M-INJ-004,2026-10-15,224.3,70.4,10.5,58.7,49.6,
WO-10541,injection molding,IM-004,M-INJ-007,2026-10-16,226.2,69.8,9.3,58.4,46.4,
WO-10542,Injection Molding,IM-004,M-INJ-007,2026-10-17,225.2,77.2,10.3,67.1,45.0,
WO-10543,Injection Molding,IM-004,M-INJ-007,2026-10-17,224.8,67.8,10.3,68.4,44.3,
WO-10544,  Injection Molding  ,IM-004,M-INJ-007,2026-10-18,222.6,69.3,10.7,58.0,46.2,
WO-10545,Injection Molding,IM-004,M-INJ-007,2026-10-19,223.5,71.6,12.0,64.0,40.9,
WO-10546,Injection Molding,IM-004,M-INJ-007,2026-10-20,224.7,75.7,11.1,51.3,46.8,
WO-10547,Injection Molding,IM-004,M-INJ-007,2026-10-20,225.8,74.5,10.5,66.0,45.6,
WO-10548,  Injection Molding  ,IM-004,M-INJ-007,2026-10-21,222.0,65.3,10.6,59.8,44.1,
WO-10549,Injection Molding,IM-004,M-INJ-007,2026-10-22,222.9,64.3,10.5,69.0,42.5,
WO-10550,Injection Molding,IM-004,M-INJ-007,2026-10-22,225.7,66.7,10.5,71.6,47.7,
WO-10551,Injection Molding,IM-004,M-INJ-007,2026-10-23,226.8,67.1,11.3,68.3,50.0,
WO-10552,Injection Molding,IM-004,M-INJ-007,2026-10-23,227.2,75.4,10.8,61.6,46.8,
WO-10553,Injection Molding,IM-004,M-INJ-007,2026-10-24,222.2,66.3,10.5,58.9,41.7,
WO-10554,Injection Molding,IM-004,M-INJ-007,2026-10-25,226.0,78.1,11.3,60.4,44.8,
WO-10555,Injection Molding,IM-004,M-INJ-007,2026-10-26,224.2,71.2,10.5,65.1,41.1,
WO-10556,Injection Molding,IM-004,M-INJ-007,2026-10-27,224.8,67.7,13.1,71.9,42.9,
WO-10557,Injection Molding,IM-004,M-INJ-007,2026-10-27,224.3,71.6,12.6,61.1,46.6,
WO-10558,Injection Molding,IM-004,M-INJ-007,2026-10-28,224.3,66.1,11.6,56.3,49.2,
WO-10559,Injection Molding,IM-004,M-INJ-007,2026-10-29,228.2,66.1,11.3,61.3,46.7,
WO-10560,Injection Molding,IM-004,M-INJ-007,2026-10-30,227.1,70.6,10.4,53.1,46.3,
WO-10561,Injection Molding,IM-004,M-INJ-007,2026-10-30,228.4,73.2,9.5,65.8,43.7,
WO-10562,Injection Molding,IM-004,M-INJ-007,2026-10-31,224.3,62.0,10.6,70.0,43.9,
WO-10563,Injection Molding,IM-004,M-INJ-007,2026-10-31,224.1,65.4,12.1,65.5,42.7,
WO-10564,Injection Molding,IM-004,M-INJ-007,2026-11-01,222.8,76.2,10.9,64.5,43.2,
WO-10565,Injection Molding,IM-004,M-INJ-007,2026-11-02,225.5,74.3,10.4,71.2,47.7,
WO-10566,Injection Molding,IM-004,M-INJ-007,2026-11-02,227.1,68.2,9.7,66.4,53.4,
WO-10567,Injection Molding,IM-004,M-INJ-007,2026-11-03,228.0,68.9,9.1,58.9,44.7,
WO-10568,injection molding,IM-004,M-INJ-007,2026-11-03,225.0,63.1,12.2,69.0,41.9,
WO-10569,Injection Molding,IM-004,M-INJ-007,2026-11-04,229.0,65.4,10.2,68.6,44.1,
WO-10570,Injection Molding,IM-004,M-INJ-007,2026-11-05,225.6,69.7,13.5,67.1,45.4,
WO-10571,Injection Molding,IM-004,M-INJ-007,2026-11-06,225.1,73.6,9.1,71.1,51.3,
WO-10572,Injection Molding,IM-004,M-INJ-007,2026-11-07,223.2,64.9,11.6,58.4,43.2,
WO-10573,Injection Molding,IM-004,M-INJ-007,2026-11-07,226.9,73.0,11.6,68.1,43.8,
WO-10574,Injection Molding,IM-004,M-INJ-007,2026-11-07,226.7,69.4,12.1,67.2,44.4,
WO-10575,Injection Molding,IM-004,M-INJ-007,2026-11-08,224.6,71.2,10.3,66.8,44.3,
WO-10576,Injection Molding,IM-004,M-INJ-007,2026-11-09,228.2,67.8,12.0,59.8,42.5,
WO-10577,Injection Molding,IM-004,M-INJ-007,2026-11-09,227.8,62.5,12.0,57.9,43.1,
WO-10578,Injection Molding,IM-004,M-INJ-007,2026-11-10,224.4,69.0,10.1,68.2,44.9,
WO-10579,Injection Molding,IM-004,M-INJ-007,2026-11-10,229.0,73.6,12.0,69.1,39.0,
WO-10580,Injection Molding,IM-004,M-INJ-007,2026-11-11,223.7,73.2,11.1,64.4,45.9,
WO-10581,injection molding,IM-004,M-INJ-007,2026-11-12,225.4,73.8,10.6,67.1,41.5,
WO-10582,Injection Molding,IM-004,M-INJ-007,2026-11-13,226.7,70.3,12.5,61.8,49.5,
WO-10583,Injection Molding,IM-004,M-INJ-007,2026-11-13,222.1,65.5,11.0,62.7,45.8,
WO-10584,Injection Molding,IM-004,M-INJ-007,2026-11-14,230.0,72.0,11.6,58.3,45.1,
WO-10585,Injection Molding,IM-004,M-INJ-004,2026-11-14,224.5,71.7,12.9,66.1,40.8,
WO-10586,Injection Molding,IM-004,M-INJ-004,2026-11-15,225.8,74.4,10.5,55.5,43.7,
WO-10587,Injection Molding,IM-004,M-INJ-004,2026-11-15,225.4,67.3,9.7,67.2,47.0,
WO-10588,Injection Molding,IM-004,M-INJ-004,2026-11-16,225.8,78.5,10.7,64.7,43.0,
WO-10589,Injection Molding,IM-004,M-INJ-004,2026-11-17,224.1,65.1,11.1,67.1,43.1,
WO-10590,Injection Molding,IM-004,M-INJ-004,2026-11-17,229.1,70.9,8.9,69.9,46.2,
WO-10591,Injection Molding,IM-004,M-INJ-004,2026-11-18,227.1,63.9,10.5,73.4,43.1,
WO-10592,Injection Molding,IM-004,M-INJ-004,2026-11-19,222.1,58.5,11.1,66.6,45.5,
WO-10593,Injection Molding,IM-004,M-INJ-004,2026-11-20,225.7,70.0,9.4,66.6,40.4,
WO-10594,Injection Molding,IM-004,M-INJ-004,2026-11-20,224.4,67.1,12.9,70.3,39.5,
WO-10595,INJECTION MOLDING,IM-004,M-INJ-007,2026-11-21,224.9,68.6,10.4,64.3,44.1,
WO-10596,injection molding,IM-004,M-INJ-007,2026-11-22,224.4,71.7,11.8,68.0,47.6,
WO-10597,Injection Molding,IM-004,M-INJ-007,2026-11-23,222.6,72.4,12.1,73.7,40.0,
WO-10598,Injection Molding,IM-004,M-INJ-007,2026-11-24,226.3,66.3,8.4,59.3,46.1,
WO-10599,Injection Molding,IM-004,M-INJ-007,2026-11-24,221.8,70.2,9.0,68.0,46.6,
WO-10600,Injection Molding,IM-004,M-INJ-007,2026-11-25,224.1,72.9,10.4,66.0,47.4,
WO-10601,Injection Molding,IM-004,M-INJ-007,2026-11-25,225.1,69.8,11.3,66.1,41.7,
WO-10602,Injection Molding,IM-004,M-INJ-007,2026-11-26,225.9,69.0,10.0,61.1,45.6,
WO-10603,Injection Molding,IM-004,M-INJ-007,2026-11-27,225.4,74.2,10.8,56.5,43.5,
WO-10604,Injection Molding,IM-004,M-INJ-007,2026-11-27,225.8,66.8,13.1,58.4,49.8,
WO-10605,Injection Molding,IM-004,M-INJ-004,2026-11-28,228.0,70.6,12.5,55.9,45.2,
WO-10606,Injection Molding,IM-004,M-INJ-004,2026-11-29,224.9,71.9,9.5,68.9,37.8,
WO-10607,Injection Molding,IM-004,M-INJ-004,2026-11-29,225.0,68.9,11.6,62.0,40.9,
WO-10608,Injection Molding,IM-004,M-INJ-004,2026-11-30,223.9,65.5,11.0,60.8,43.9,
WO-10609,Injection Molding,IM-004,M-INJ-004,2026-11-30,224.8,72.0,9.5,55.6,41.7,
WO-10610,Injection Molding,IM-004,M-INJ-004,2026-12-01,225.8,71.0,9.1,62.9,44.8,
WO-10611,Injection Molding,IM-004,M-INJ-004,2026-12-02,225.1,71.5,13.0,59.3,43.8,
WO-10612,Injection Molding,IM-004,M-INJ-004,2026-12-03,224.9,72.4,10.7,71.6,43.8,
WO-10613,Injection Molding,IM-004,M-INJ-004,2026-12-03,224.4,68.1,10.0,57.6,41.6,
WO-10614,Injection Molding,IM-004,M-INJ-004,2026-12-04,222.8,66.1,10.1,61.4,47.3,
WO-10615,Injection Molding,IM-004,M-INJ-007,2026-12-04,222.1,83.0,10.0,67.3,43.2,
WO-10616,Injection Molding,IM-004,M-INJ-007,2026-12-05,225.1,65.6,11.6,64.2,48.3,
WO-10617,injection molding,IM-004,M-INJ-007,2026-12-06,225.8,72.6,11.6,61.8,46.9,
WO-10618,INJECTION MOLDING,IM-004,M-INJ-007,2026-12-06,224.2,68.9,10.5,56.6,46.8,
WO-10619,Injection Molding,IM-004,M-INJ-007,2026-12-07,224.7,72.0,13.6,66.5,48.5,
WO-10620,Injection Molding,IM-004,M-INJ-007,2026-12-08,225.0,72.5,12.1,65.5,49.4,
WO-10621,Injection Molding,IM-004,M-INJ-007,2026-12-09,223.6,71.4,8.4,68.6,44.1,
WO-10622,Injection Molding,IM-004,M-INJ-007,2026-12-09,228.1,68.5,10.1,69.2,46.9,
WO-10623,Injection Molding,IM-004,M-INJ-007,2026-12-10,224.6,70.8,9.9,65.3,45.4,
WO-10624,Injection Molding,IM-004,M-INJ-007,2026-12-11,227.0,67.6,12.3,58.6,46.8,
WO-10625,INJECTION MOLDING,IM-004,M-INJ-004,2026-12-11,223.0,64.1,11.3,68.2,43.6,
WO-10626,Injection Molding,IM-004,M-INJ-004,2026-12-12,224.9,75.9,9.5,66.4,49.1,
WO-10627,Injection Molding,IM-004,M-INJ-004,2026-12-13,224.5,71.1,10.3,71.7,44.3,
WO-10628,Injection Molding,IM-004,M-INJ-004,2026-12-13,220.9,69.6,10.9,57.0,40.3,
WO-10629,Injection Molding,IM-004,M-INJ-004,2026-12-14,224.5,71.1,12.9,63.9,44.1,
WO-10630,Injection Molding,IM-004,M-INJ-007,2026-12-15,225.4,71.9,8.8,68.9,43.3,
WO-10631,Injection Molding,IM-004,M-INJ-007,2026-12-15,224.8,77.6,10.0,66.4,38.5,
WO-10632,Injection Molding,IM-004,M-INJ-007,2026-12-16,224.1,65.5,10.5,60.7,42.3,
WO-10633,injection molding,IM-004,M-INJ-007,2026-12-16,227.9,72.2,9.5,60.3,44.7,
WO-10634,Injection Molding,IM-004,M-INJ-007,2026-12-17,227.0,70.2,11.8,65.9,44.7,
WO-10635,Injection Molding,IM-004,M-INJ-007,2026-12-18,224.8,71.1,10.1,67.1,42.8,
WO-10636,Injection Molding,IM-004,M-INJ-007,2026-12-19,223.5,73.8,11.8,59.4,41.2,
WO-10637,Injection Molding,IM-004,M-INJ-004,2026-12-19,226.1,68.0,13.1,61.0,48.0,
WO-10638,Injection Molding,IM-004,M-INJ-004,2026-12-20,224.7,68.6,10.5,73.1,45.1,
WO-10639,Injection Molding,IM-004,M-INJ-004,2026-12-21,225.3,79.9,11.6,67.1,43.5,
WO-10640,Injection Molding,IM-004,M-INJ-004,2026-12-21,225.1,72.2,12.0,66.2,45.6,
WO-10641,Injection Molding,IM-004,M-INJ-004,2026-12-22,220.8,72.5,9.0,64.4,45.7,
WO-10642,Injection Molding,IM-004,M-INJ-004,2026-12-23,224.9,78.3,11.7,68.0,43.7,
WO-10643,Injection Molding,IM-004,M-INJ-004,2026-12-23,225.0,72.4,10.8,76.0,48.6,
WO-10644,Injection Molding,IM-004,M-INJ-004,2026-12-24,223.9,69.8,10.0,65.2,43.9,
WO-10645,Injection Molding,IM-004,M-INJ-004,2026-12-25,228.0,73.0,10.8,71.9,45.8,
WO-10646,Injection Molding,IM-004,M-INJ-004,2026-12-25,225.0,67.4,10.3,70.2,38.5,
WO-10647,Injection Molding,IM-004,M-INJ-007,2026-12-26,225.1,73.1,7.8,68.5,45.1,
WO-10648,Injection Molding,IM-004,M-INJ-007,2026-12-26,223.7,72.2,8.5,61.2,45.5,
WO-10649,Injection Molding,IM-004,M-INJ-007,2026-12-27,222.5,71.4,12.9,63.1,41.3,
WO-10650,injection molding,IM-004,M-INJ-007,2026-12-28,226.0,67.8,12.2,69.5,52.3,
WO-10651,Injection Molding,IM-004,M-INJ-007,2026-12-29,223.7,74.1,11.0,60.5,45.3,
WO-10652,Injection Molding,IM-004,M-INJ-007,2026-12-29,222.5,72.7,12.6,72.7,46.9,
WO-10653,Injection Molding,IM-004,M-INJ-007,2026-12-30,225.2,73.8,12.5,71.5,49.6,
WO-10654,Injection Molding,IM-005,M-INJ-005,2025-07-01,225.2,66.5,12.9,62.3,45.0,
WO-10655,Injection Molding,IM-005,M-INJ-005,2025-07-01,223.1,60.6,11.8,66.4,45.9,
WO-10656,Injection Molding,IM-005,M-INJ-008,2025-07-02,225.4,74.2,12.1,64.5,44.9,
WO-10657,Injection Molding,IM-005,M-INJ-008,2025-07-02,223.1,69.2,10.8,66.1,45.5,
WO-10658,Injection Molding,IM-005,M-INJ-008,2025-07-03,222.6,73.4,10.7,56.6,44.0,
WO-10659,  Injection Molding  ,IM-005,M-INJ-008,2025-07-04,222.0,70.6,10.3,68.7,48.8,
WO-10660,Injection Molding,IM-005,M-INJ-005,2025-07-05,225.2,71.3,12.0,56.1,49.5,
WO-10661,Injection Molding,IM-005,M-INJ-005,2025-07-05,223.2,72.3,10.9,63.4,42.5,
WO-10662,Injection Molding,IM-005,M-INJ-005,2025-07-06,224.2,67.3,9.9,68.4,43.1,
WO-10663,Injection Molding,IM-005,M-INJ-005,2025-07-07,226.0,72.6,9.8,63.0,40.5,
WO-10664,  Injection Molding  ,IM-005,M-INJ-005,2025-07-07,225.1,70.3,10.0,66.7,44.7,
WO-10665,Injection Molding,IM-005,M-INJ-005,2025-07-08,223.6,67.3,10.1,70.0,46.9,
WO-10666,Injection Molding,IM-005,M-INJ-005,2025-07-09,222.9,64.4,11.4,61.5,44.7,
WO-10667,Injection Molding,IM-005,M-INJ-005,2025-07-09,224.1,75.2,9.0,70.2,44.0,
WO-10668,Injection Molding,IM-005,M-INJ-005,2025-07-10,228.3,73.5,10.7,65.7,48.4,
WO-10669,Injection Molding,IM-005,M-INJ-005,2025-07-11,225.5,73.7,10.3,67.4,45.5,
WO-10670,Injection Molding,IM-005,M-INJ-008,2025-07-11,223.6,70.3,11.7,62.9,48.0,
WO-10671,Injection Molding,IM-005,M-INJ-008,2025-07-12,225.5,73.9,11.2,60.4,46.3,
WO-10672,Injection Molding,IM-005,M-INJ-008,2025-07-12,227.2,66.1,11.0,68.9,46.2,
WO-10673,Injection Molding,IM-005,M-INJ-005,2025-07-13,224.9,64.4,10.5,68.2,46.8,
WO-10674,Injection Molding,IM-005,M-INJ-005,2025-07-14,226.0,73.2,9.3,60.0,38.9,
WO-10675,Injection Molding,IM-005,M-INJ-005,2025-07-14,224.6,65.5,11.3,63.9,47.6,
WO-10676,Injection Molding,IM-005,M-INJ-008,2025-07-15,224.7,65.6,13.6,59.9,48.8,
WO-10677,Injection Molding,IM-005,M-INJ-005,2025-07-16,229.8,73.0,9.3,61.4,42.1,
WO-10678,Injection Molding,IM-005,M-INJ-005,2025-07-16,222.2,80.5,12.8,70.1,47.6,
WO-10679,injection molding,IM-005,M-INJ-005,2025-07-17,223.3,68.0,10.7,58.6,43.8,
WO-10680,Injection Molding,IM-005,M-INJ-005,2025-07-17,228.0,73.5,11.4,68.1,48.7,
WO-10681,Injection Molding,IM-005,M-INJ-005,2025-07-18,227.3,66.9,10.6,69.9,40.4,
WO-10682,Injection Molding,IM-005,M-INJ-008,2025-07-19,228.0,76.3,9.9,66.1,43.9,
WO-10683,Injection Molding,IM-005,M-INJ-008,2025-07-19,222.3,68.1,9.3,68.6,43.4,
WO-10684,Injection Molding,IM-005,M-INJ-008,2025-07-20,224.0,68.7,12.1,59.4,44.9,
WO-10685,Injection Molding,IM-005,M-INJ-008,2025-07-21,222.3,72.0,10.6,69.4,43.0,
WO-10686,Injection Molding,IM-005,M-INJ-008,2025-07-22,223.4,74.1,9.9,56.3,39.8,
WO-10687,Injection Molding,IM-005,M-INJ-005,2025-07-22,224.6,71.4,10.0,72.5,45.1,
WO-10688,Injection Molding,IM-005,M-INJ-005,2025-07-23,224.8,69.8,10.5,65.7,49.6,
WO-10689,  Injection Molding  ,IM-005,M-INJ-005,2025-07-24,223.9,75.7,9.9,73.6,41.4,
WO-10690,Injection Molding,IM-005,M-INJ-005,2025-07-24,228.9,68.6,13.0,60.9,46.1,
WO-10691,Injection Molding,IM-005,M-INJ-008,2025-07-25,227.1,67.0,10.8,68.0,47.3,
WO-10692,Injection Molding,IM-005,M-INJ-005,2025-07-26,225.2,65.3,9.2,70.5,47.3,
WO-10693,Injection Molding,IM-005,M-INJ-005,2025-07-26,223.5,72.9,12.2,68.7,47.5,
WO-10694,Injection Molding,IM-005,M-INJ-008,2025-07-27,222.6,68.4,9.8,67.8,44.4,
WO-10695,INJECTION MOLDING,IM-005,M-INJ-008,2025-07-28,226.4,67.4,11.8,61.1,48.4,
WO-10696,Injection Molding,IM-005,M-INJ-005,2025-07-29,223.9,72.1,9.8,66.6,43.6,
WO-10697,Injection Molding,IM-005,M-INJ-005,2025-07-29,222.1,70.6,9.8,67.0,40.1,
WO-10698,Injection Molding,IM-005,M-INJ-005,2025-07-30,226.7,65.1,10.4,71.3,48.4,
WO-10699,Injection Molding,IM-005,M-INJ-005,2025-07-31,221.9,69.0,11.1,58.2,43.9,
WO-10700,Injection Molding,IM-005,M-INJ-005,2025-07-31,224.7,68.1,10.7,65.4,42.8,
WO-10701,Injection Molding,IM-005,M-INJ-005,2025-07-31,225.5,73.3,11.1,61.4,41.7,
WO-10702,Injection Molding,IM-005,M-INJ-005,2025-08-01,222.5,76.6,12.2,63.8,47.4,
WO-10703,Injection Molding,IM-005,M-INJ-005,2025-08-02,223.5,76.3,10.8,69.5,39.1,
WO-10704,Injection Molding,IM-005,M-INJ-005,2025-08-02,222.6,73.9,13.2,61.9,47.1,
WO-10705,Injection Molding,IM-005,M-INJ-005,2025-08-03,227.4,70.5,12.4,72.7,44.8,
WO-10706,Injection Molding,IM-005,M-INJ-005,2025-08-04,227.5,68.9,9.9,66.5,45.1,
WO-10707,Injection Molding,IM-005,M-INJ-005,2025-08-05,224.8,70.8,10.6,62.7,46.7,
WO-10708,Injection Molding,IM-005,M-INJ-005,2025-08-05,226.1,72.1,11.4,52.0,43.6,
WO-10709,Injection Molding,IM-005,M-INJ-005,2025-08-06,224.3,62.8,8.7,69.4,48.6,
WO-10710,Injection Molding,IM-005,M-INJ-008,2025-08-07,223.0,70.2,11.1,60.1,39.8,
WO-10711,Injection Molding,IM-005,M-INJ-008,2025-08-08,226.7,70.7,11.1,66.1,38.5,
WO-10712,Injection Molding,IM-005,M-INJ-008,2025-08-09,228.6,66.2,10.1,72.5,39.3,
WO-10713,Injection Molding,IM-005,M-INJ-005,2025-08-09,223.4,78.3,8.7,61.5,40.9,
WO-10714,Injection Molding,IM-005,M-INJ-005,2025-08-10,228.4,69.8,10.8,63.4,48.7,
WO-10715,Injection Molding,IM-005,M-INJ-005,2025-08-10,229.1,70.8,12.1,57.6,39.1,
WO-10716,Injection Molding,IM-005,M-INJ-008,2025-08-11,225.3,70.3,13.0,55.2,49.4,
WO-10717,Injection Molding,IM-005,M-INJ-008,2025-08-12,226.8,75.1,11.9,70.5,44.0,
WO-10718,  Injection Molding  ,IM-005,M-INJ-005,2025-08-13,222.4,72.0,11.8,63.1,45.5,
WO-10719,Injection Molding,IM-005,M-INJ-005,2025-08-13,226.9,68.7,10.1,69.0,44.0,
WO-10720,Injection Molding,IM-005,M-INJ-005,2025-08-14,225.6,71.7,12.7,67.4,45.7,
WO-10721,Injection Molding,IM-005,M-INJ-008,2025-08-14,227.1,74.1,10.1,64.6,38.6,
WO-10722,Injection Molding,IM-005,M-INJ-008,2025-08-15,218.7,74.8,9.9,59.8,48.3,
WO-10723,Injection Molding,IM-005,M-INJ-005,2025-08-16,229.9,74.0,10.4,65.3,40.8,
WO-10724,Injection Molding,IM-005,M-INJ-008,2025-08-16,225.0,74.3,10.3,68.7,45.1,
WO-10725,Injection Molding,IM-005,M-INJ-008,2025-08-17,225.9,65.0,10.2,71.4,45.6,
WO-10726,Injection Molding,IM-005,M-INJ-008,2025-08-17,224.7,66.3,9.8,65.0,39.2,
WO-10727,Injection Molding,IM-005,M-INJ-008,2025-08-18,224.0,65.1,9.8,72.0,46.9,
WO-10728,INJECTION MOLDING,IM-005,M-INJ-008,2025-08-19,225.3,70.8,10.8,72.8,46.9,
WO-10729,Injection Molding,IM-005,M-INJ-008,2025-08-19,224.4,70.3,10.7,59.7,46.5,
WO-10730,Injection Molding,IM-005,M-INJ-008,2025-08-20,226.3,67.3,11.0,63.4,41.4,
WO-10731,Injection Molding,IM-005,M-INJ-008,2025-08-20,221.9,71.2,12.8,65.0,47.1,
WO-10732,INJECTION MOLDING,IM-005,M-INJ-005,2025-08-21,224.2,68.8,9.7,60.0,47.6,
WO-10733,Injection Molding,IM-005,M-INJ-005,2025-08-21,219.8,66.5,10.8,65.0,51.6,
WO-10734,Injection Molding,IM-005,M-INJ-005,2025-08-22,225.2,64.9,12.5,72.4,41.7,
WO-10735,Injection Molding,IM-005,M-INJ-005,2025-08-23,223.4,68.0,11.7,77.9,44.2,
WO-10736,  Injection Molding  ,IM-005,M-INJ-005,2025-08-24,224.2,65.1,10.2,75.0,48.7,
WO-10737,Injection Molding,IM-005,M-INJ-005,2025-08-24,224.1,74.7,11.0,58.2,39.8,
WO-10738,Injection Molding,IM-005,M-INJ-008,2025-08-25,225.1,70.4,12.5,66.5,45.8,
WO-10739,Injection Molding,IM-005,M-INJ-008,2025-08-25,221.1,68.3,10.3,64.9,45.5,
WO-10740,Injection Molding,IM-005,M-INJ-005,2025-08-26,223.6,66.7,11.0,61.2,47.2,
WO-10741,Injection Molding,IM-005,M-INJ-005,2025-08-26,222.8,68.9,11.4,74.1,44.2,
WO-10742,Injection Molding,IM-005,M-INJ-005,2025-08-27,226.4,66.1,13.0,62.9,47.3,
WO-10743,Injection Molding,IM-005,M-INJ-005,2025-08-28,224.4,66.6,10.4,66.7,47.0,
WO-10744,Injection Molding,IM-005,M-INJ-005,2025-08-29,227.0,74.1,12.3,55.7,42.1,
WO-10745,Injection Molding,IM-005,M-INJ-005,2025-08-29,221.0,74.8,11.8,62.8,44.2,
WO-10746,Injection Molding,IM-005,M-INJ-008,2025-08-30,227.2,68.9,10.3,67.3,43.3,
WO-10747,Injection Molding,IM-005,M-INJ-008,2025-08-31,223.4,66.5,9.8,66.7,46.2,
WO-10748,Injection Molding,IM-005,M-INJ-008,2025-09-01,225.7,84.0,8.8,65.2,48.4,
WO-10749,Injection Molding,IM-005,M-INJ-008,2025-09-02,225.3,73.3,8.8,67.9,44.1,
WO-10750,Injection Molding,IM-005,M-INJ-005,2025-09-02,224.4,64.5,10.3,74.9,41.5,
WO-10751,Injection Molding,IM-005,M-INJ-008,2025-09-03,224.7,65.0,10.2,54.8,51.1,
WO-10752,injection molding,IM-005,M-INJ-008,2025-09-04,225.3,69.8,10.9,68.5,43.2,
WO-10753,Injection Molding,IM-005,M-INJ-008,2025-09-04,224.4,77.1,12.1,66.5,44.4,
WO-10754,injection molding,IM-005,M-INJ-005,2025-09-05,224.9,71.0,12.3,58.8,49.0,
WO-10755,Injection Molding,IM-005,M-INJ-005,2025-09-06,225.8,68.7,12.2,56.8,47.1,
WO-10756,Injection Molding,IM-005,M-INJ-008,2025-09-07,226.4,71.1,10.3,61.6,47.5,
WO-10757,  Injection Molding  ,IM-005,M-INJ-005,2025-09-08,225.2,68.4,11.0,68.1,44.5,
WO-10758,Injection Molding,IM-005,M-INJ-005,2025-09-08,224.5,70.2,12.0,67.2,43.6,
WO-10759,Injection Molding,IM-005,M-INJ-005,2025-09-09,222.0,69.9,10.6,57.1,44.0,
WO-10760,injection molding,IM-005,M-INJ-008,2025-09-09,226.1,64.8,13.0,69.0,50.4,
WO-10761,Injection Molding,IM-005,M-INJ-008,2025-09-10,224.8,69.7,10.4,68.8,41.3,
WO-10762,Injection Molding,IM-005,M-INJ-008,2025-09-10,222.2,71.6,9.3,62.9,44.6,
WO-10763,Injection Molding,IM-005,M-INJ-005,2025-09-11,224.6,72.9,11.7,67.6,53.8,
WO-10764,Injection Molding,IM-005,M-INJ-005,2025-09-12,227.2,71.1,12.9,70.3,49.4,
WO-10765,Injection Molding,IM-005,M-INJ-005,2025-09-12,227.7,67.3,10.1,62.3,45.3,
WO-10766,Injection Molding,IM-005,M-INJ-005,2025-09-13,225.2,70.9,11.4,64.4,38.3,
WO-10767,Injection Molding,IM-005,M-INJ-005,2025-09-13,226.5,75.9,10.5,61.1,41.4,
WO-10768,Injection Molding,IM-005,M-INJ-005,2025-09-14,226.2,67.8,13.1,71.2,43.4,
WO-10769,INJECTION MOLDING,IM-005,M-INJ-005,2025-09-14,221.2,65.8,11.2,65.1,47.1,
WO-10770,injection molding,IM-005,M-INJ-005,2025-09-15,220.8,69.8,12.1,61.1,47.7,
WO-10771,Injection Molding,IM-005,M-INJ-005,2025-09-16,223.4,73.5,10.9,68.5,46.3,
WO-10772,Injection Molding,IM-005,M-INJ-008,2025-09-17,225.4,74.2,11.7,67.0,42.7,
WO-10773,Injection Molding,IM-005,M-INJ-008,2025-09-18,222.3,69.9,12.0,70.4,45.4,
WO-10774,Injection Molding,IM-005,M-INJ-008,2025-09-18,224.8,71.0,10.6,68.2,37.9,
WO-10775,Injection Molding,IM-005,M-INJ-008,2025-09-19,224.0,75.9,13.7,65.4,47.4,
WO-10776,Injection Molding,IM-005,M-INJ-008,2025-09-20,224.8,67.7,10.4,74.0,46.0,
WO-10777,Injection Molding,IM-005,M-INJ-008,2025-09-21,226.3,65.0,9.3,60.7,47.7,
WO-10778,Injection Molding,IM-005,M-INJ-008,2025-09-21,224.3,69.4,12.4,67.8,49.7,
WO-10779,Injection Molding,IM-005,M-INJ-005,2025-09-22,224.1,71.4,12.1,63.0,46.1,
WO-10780,Injection Molding,IM-005,M-INJ-008,2025-09-22,227.6,66.6,11.1,68.2,46.6,
WO-10781,Injection Molding,IM-005,M-INJ-008,2025-09-23,224.7,72.7,10.2,59.0,41.0,
WO-10782,Injection Molding,IM-005,M-INJ-008,2025-09-24,219.9,73.1,10.2,65.4,42.6,
WO-10783,Injection Molding,IM-005,M-INJ-008,2025-09-24,227.5,72.0,9.3,74.6,46.6,
WO-10784,Injection Molding,IM-005,M-INJ-005,2025-09-25,223.9,71.3,13.0,62.3,45.6,
WO-10785,INJECTION MOLDING,IM-005,M-INJ-005,2025-09-25,226.7,72.3,11.8,58.5,40.2,
WO-10786,Injection Molding,IM-005,M-INJ-008,2025-09-26,220.8,69.7,8.9,69.5,44.6,
WO-10787,Injection Molding,IM-005,M-INJ-008,2025-09-27,226.3,67.9,9.7,61.6,44.6,
WO-10788,Injection Molding,IM-005,M-INJ-008,2025-09-28,227.3,70.8,12.4,62.1,44.6,
WO-10789,Injection Molding,IM-005,M-INJ-005,2025-09-28,228.6,69.5,10.4,62.0,48.8,
WO-10790,Injection Molding,IM-005,M-INJ-008,2025-09-29,226.1,72.6,10.8,62.2,51.1,
WO-10791,Injection Molding,IM-005,M-INJ-008,2025-09-29,225.7,71.0,11.3,69.0,44.0,
WO-10792,Injection Molding,IM-005,M-INJ-008,2025-09-30,228.7,69.5,11.2,55.8,40.1,
WO-10793,Injection Molding,IM-005,M-INJ-005,2025-10-01,225.6,66.5,10.3,67.2,41.3,
WO-10794,Injection Molding,IM-005,M-INJ-005,2025-10-02,219.5,73.8,11.9,70.1,41.3,
WO-10795,Injection Molding,IM-005,M-INJ-005,2025-10-02,228.0,65.7,9.8,61.8,49.2,
WO-10796,Injection Molding,IM-005,M-INJ-008,2025-10-03,226.1,71.2,12.2,61.5,45.9,
WO-10797,Injection Molding,IM-005,M-INJ-008,2025-10-04,228.2,64.1,12.4,58.0,45.3,
WO-10798,Injection Molding,IM-005,M-INJ-008,2025-10-04,224.3,68.4,11.7,76.5,51.3,
WO-10799,Injection Molding,IM-005,M-INJ-008,2025-10-05,223.9,68.6,10.4,61.7,46.7,
WO-10800,Injection Molding,IM-005,M-INJ-008,2025-10-06,225.2,67.6,11.7,67.5,46.4,
WO-10801,injection molding,IM-005,M-INJ-005,2025-10-06,224.4,66.3,10.0,66.7,40.5,
WO-10802,Injection Molding,IM-005,M-INJ-008,2025-10-07,226.7,62.6,11.5,67.5,43.8,
WO-10803,INJECTION MOLDING,IM-005,M-INJ-008,2025-10-08,229.5,72.5,9.7,59.2,48.8,
WO-10804,Injection Molding,IM-005,M-INJ-005,2025-10-09,225.1,76.7,9.9,71.7,42.0,
WO-10805,INJECTION MOLDING,IM-005,M-INJ-005,2025-10-09,225.1,68.4,11.4,65.0,44.6,
WO-10806,Injection Molding,IM-005,M-INJ-005,2025-10-10,227.7,72.8,9.0,61.6,40.8,
WO-10807,Injection Molding,IM-005,M-INJ-005,2025-10-11,224.0,83.0,12.3,63.2,44.9,
WO-10808,Injection Molding,IM-005,M-INJ-005,2025-10-11,221.7,70.9,12.9,70.5,45.3,
WO-10809,Injection Molding,IM-005,M-INJ-005,2025-10-12,229.0,65.9,7.2,61.7,43.8,
WO-10810,INJECTION MOLDING,IM-005,M-INJ-008,2025-10-13,222.6,68.2,9.9,66.5,47.0,
WO-10811,Injection Molding,IM-005,M-INJ-005,2025-10-13,225.5,67.5,9.5,68.3,44.6,
WO-10812,Injection Molding,IM-005,M-INJ-005,2025-10-14,226.7,62.6,9.8,63.8,44.5,
WO-10813,Injection Molding,IM-005,M-INJ-005,2025-10-14,224.6,67.6,10.9,70.8,44.4,
WO-10814,injection molding,IM-005,M-INJ-005,2025-10-15,223.6,62.2,10.3,64.4,43.5,
WO-10815,Injection Molding,IM-005,M-INJ-005,2025-10-16,227.3,67.4,10.7,67.8,45.7,
WO-10816,Injection Molding,IM-005,M-INJ-005,2025-10-16,226.1,65.0,12.6,62.7,40.4,
WO-10817,Injection Molding,IM-005,M-INJ-005,2025-10-17,225.3,77.8,12.6,70.6,44.5,
WO-10818,Injection Molding,IM-005,M-INJ-005,2025-10-17,227.5,76.6,10.7,60.0,48.4,
WO-10819,Injection Molding,IM-005,M-INJ-005,2025-10-18,226.4,67.4,12.0,60.7,40.3,
WO-10820,Injection Molding,IM-005,M-INJ-005,2025-10-18,223.2,65.2,13.3,71.8,43.6,
WO-10821,Injection Molding,IM-005,M-INJ-005,2025-10-19,223.7,67.7,8.9,69.6,48.1,
WO-10822,Injection Molding,IM-005,M-INJ-005,2025-10-20,224.4,65.8,10.0,66.4,35.6,
WO-10823,Injection Molding,IM-005,M-INJ-008,2025-10-20,224.2,68.6,10.0,58.2,45.7,
WO-10824,Injection Molding,IM-005,M-INJ-008,2025-10-21,226.9,72.8,12.1,64.2,43.9,
WO-10825,Injection Molding,IM-005,M-INJ-008,2025-10-21,225.0,72.8,9.3,61.6,45.8,
WO-10826,INJECTION MOLDING,IM-005,M-INJ-008,2025-10-22,225.3,65.2,9.8,71.6,42.1,
WO-10827,  Injection Molding  ,IM-005,M-INJ-008,2025-10-22,222.1,71.4,13.4,72.9,48.3,
WO-10828,Injection Molding,IM-005,M-INJ-008,2025-10-23,223.4,64.4,8.1,70.2,42.0,
WO-10829,Injection Molding,IM-005,M-INJ-005,2025-10-24,225.7,76.6,9.2,72.3,45.8,
WO-10830,Injection Molding,IM-005,M-INJ-005,2025-10-25,225.8,64.7,9.0,58.9,45.8,
WO-10831,INJECTION MOLDING,IM-005,M-INJ-008,2025-10-25,227.0,65.3,10.6,67.7,43.7,
WO-10832,Injection Molding,IM-005,M-INJ-005,2025-10-26,223.7,71.1,10.5,63.9,38.7,
WO-10833,Injection Molding,IM-005,M-INJ-005,2025-10-27,224.5,66.5,12.3,72.1,44.9,
WO-10834,Injection Molding,IM-005,M-INJ-005,2025-10-27,224.8,69.7,10.8,64.5,42.0,
WO-10835,Injection Molding,IM-005,M-INJ-008,2025-10-28,227.7,68.2,11.8,66.1,46.4,
WO-10836,Injection Molding,IM-005,M-INJ-005,2025-10-29,224.1,65.9,11.5,63.1,46.8,
WO-10837,Injection Molding,IM-005,M-INJ-005,2025-10-29,227.3,68.4,10.6,61.0,45.8,
WO-10838,Injection Molding,IM-005,M-INJ-005,2025-10-30,223.0,69.3,13.8,63.2,44.4,
WO-10839,Injection Molding,IM-005,M-INJ-008,2025-10-31,225.5,76.8,10.7,62.3,46.6,
WO-10840,Injection Molding,IM-005,M-INJ-005,2025-11-01,223.6,78.8,10.8,67.8,40.5,
WO-10841,Injection Molding,IM-005,M-INJ-008,2025-11-01,227.0,80.1,7.5,65.5,42.6,
WO-10842,Injection Molding,IM-005,M-INJ-008,2025-11-02,226.0,67.1,12.0,57.4,45.3,
WO-10843,injection molding,IM-005,M-INJ-008,2025-11-02,225.4,68.9,12.3,59.9,42.6,
WO-10844,Injection Molding,IM-005,M-INJ-005,2025-11-03,224.4,66.6,11.9,65.5,44.1,
WO-10845,Injection Molding,IM-005,M-INJ-005,2025-11-04,226.6,70.9,12.9,65.0,44.9,
WO-10846,Injection Molding,IM-005,M-INJ-008,2025-11-05,224.8,69.4,10.9,66.6,44.9,
WO-10847,Injection Molding,IM-005,M-INJ-008,2025-11-05,227.7,71.9,11.5,64.4,38.7,
WO-10848,Injection Molding,IM-005,M-INJ-005,2025-11-06,223.0,73.2,11.1,68.0,43.1,
WO-10849,Injection Molding,IM-005,M-INJ-005,2025-11-07,222.5,62.7,10.2,62.3,48.3,
WO-10850,Injection Molding,IM-005,M-INJ-005,2025-11-07,224.3,66.6,9.6,59.1,45.9,
WO-10851,Injection Molding,IM-005,M-INJ-008,2025-11-08,221.5,77.5,12.8,60.2,44.0,
WO-10852,INJECTION MOLDING,IM-005,M-INJ-008,2025-11-09,222.9,65.1,10.1,65.5,41.8,
WO-10853,Injection Molding,IM-005,M-INJ-005,2025-11-10,224.0,74.9,11.6,70.1,41.5,
WO-10854,Injection Molding,IM-005,M-INJ-008,2025-11-11,221.5,61.5,13.2,66.4,45.3,
WO-10855,Injection Molding,IM-005,M-INJ-005,2025-11-11,224.8,70.2,10.8,64.2,40.7,
WO-10856,Injection Molding,IM-005,M-INJ-005,2025-11-12,224.3,65.2,11.2,66.7,42.6,
WO-10857,Injection Molding,IM-005,M-INJ-008,2025-11-12,226.3,72.1,9.2,67.1,41.0,
WO-10858,Injection Molding,IM-005,M-INJ-008,2025-11-13,226.3,65.3,12.7,65.0,44.7,
WO-10859,Injection Molding,IM-005,M-INJ-005,2025-11-14,227.5,76.0,10.4,60.6,47.4,
WO-10860,Injection Molding,IM-005,M-INJ-005,2025-11-14,225.6,71.0,11.0,66.9,44.2,
WO-10861,Injection Molding,IM-005,M-INJ-005,2025-11-15,224.8,73.4,10.2,72.8,45.0,
WO-10862,  Injection Molding  ,IM-005,M-INJ-005,2025-11-16,222.9,72.1,11.1,66.2,46.2,
WO-10863,Injection Molding,IM-005,M-INJ-005,2025-11-16,226.3,68.8,7.7,62.4,46.1,
WO-10864,  Injection Molding  ,IM-005,M-INJ-005,2025-11-17,224.1,77.5,11.7,58.8,45.0,
WO-10865,Injection Molding,IM-005,M-INJ-005,2025-11-17,228.0,72.0,9.6,61.2,47.4,
WO-10866,Injection Molding,IM-005,M-INJ-005,2025-11-18,221.9,68.0,10.5,56.0,38.7,
WO-10867,Injection Molding,IM-005,M-INJ-008,2025-11-19,223.7,72.2,9.6,69.9,37.7,
WO-10868,Injection Molding,IM-005,M-INJ-008,2025-11-20,225.8,71.6,9.0,66.1,46.2,
WO-10869,Injection Molding,IM-005,M-INJ-008,2025-11-20,228.3,73.0,13.2,63.5,44.7,
WO-10870,Injection Molding,IM-005,M-INJ-008,2025-11-21,225.7,71.4,11.2,65.9,46.8,
WO-10871,  Injection Molding  ,IM-005,M-INJ-005,2025-11-22,228.2,66.8,10.5,66.3,41.1,
WO-10872,Injection Molding,IM-005,M-INJ-005,2025-11-22,224.0,74.3,12.2,71.8,47.6,
WO-10873,Injection Molding,IM-005,M-INJ-005,2025-11-23,224.1,73.2,8.7,63.5,43.9,
WO-10874,Injection Molding,IM-005,M-INJ-005,2025-11-24,221.4,68.5,11.3,60.1,45.9,
WO-10875,Injection Molding,IM-005,M-INJ-005,2025-11-24,225.7,69.1,12.1,61.9,42.9,
WO-10876,Injection Molding,IM-005,M-INJ-005,2025-11-25,223.0,74.7,11.7,62.2,44.2,
WO-10877,Injection Molding,IM-005,M-INJ-005,2025-11-26,224.4,72.9,10.3,62.2,43.4,
WO-10878,Injection Molding,IM-005,M-INJ-008,2025-11-27,222.0,65.1,9.6,63.3,43.7,
WO-10879,Injection Molding,IM-005,M-INJ-008,2025-11-28,224.7,74.5,10.3,64.9,45.7,
WO-10880,Injection Molding,IM-005,M-INJ-008,2025-11-28,229.1,77.5,10.6,69.0,48.6,
WO-10881,Injection Molding,IM-005,M-INJ-008,2025-11-29,225.5,74.7,11.9,70.3,46.6,
WO-10882,Injection Molding,IM-005,M-INJ-005,2025-11-30,226.4,63.1,8.9,70.5,45.9,
WO-10883,Injection Molding,IM-005,M-INJ-005,2025-12-01,221.3,74.4,8.0,70.3,41.8,
WO-10884,Injection Molding,IM-005,M-INJ-005,2025-12-01,222.7,71.6,11.1,73.0,42.4,
WO-10885,Injection Molding,IM-005,M-INJ-005,2025-12-02,226.0,69.7,11.4,60.4,44.9,
WO-10886,Injection Molding,IM-005,M-INJ-005,2025-12-03,227.5,78.2,11.4,76.2,43.1,
WO-10887,Injection Molding,IM-005,M-INJ-005,2025-12-04,224.7,72.2,11.9,70.4,49.8,
WO-10888,Injection Molding,IM-005,M-INJ-008,2025-12-04,226.5,74.5,12.0,72.6,46.3,
WO-10889,Injection Molding,IM-005,M-INJ-008,2025-12-05,227.1,73.5,8.6,66.1,41.7,
WO-10890,Injection Molding,IM-005,M-INJ-008,2025-12-06,224.4,75.4,11.6,69.3,43.5,
WO-10891,Injection Molding,IM-005,M-INJ-008,2025-12-06,221.2,67.7,8.5,69.1,40.6,
WO-10892,Injection Molding,IM-005,M-INJ-005,2025-12-07,224.6,75.9,10.5,70.5,43.9,
WO-10893,injection molding,IM-005,M-INJ-005,2025-12-08,226.5,70.5,11.4,66.8,47.1,
WO-10894,Injection Molding,IM-005,M-INJ-005,2025-12-08,226.2,69.0,11.9,62.9,44.3,
WO-10895,Injection Molding,IM-005,M-INJ-005,2025-12-09,226.7,70.8,10.9,58.9,40.1,
WO-10896,injection molding,IM-005,M-INJ-008,2025-12-09,225.3,71.7,12.2,58.9,43.1,
WO-10897,Injection Molding,IM-005,M-INJ-008,2025-12-10,220.2,67.1,9.8,70.2,48.3,
WO-10898,Injection Molding,IM-005,M-INJ-008,2025-12-11,228.2,71.2,8.8,66.3,39.4,
WO-10899,Injection Molding,IM-005,M-INJ-005,2025-12-11,229.2,65.5,11.6,70.4,45.1,
WO-10900,Injection Molding,IM-005,M-INJ-008,2025-12-12,220.7,62.9,10.7,64.3,43.7,
WO-10901,Injection Molding,IM-005,M-INJ-008,2025-12-13,224.1,66.5,10.6,46.1,49.1,
WO-10902,Injection Molding,IM-005,M-INJ-008,2025-12-14,220.5,74.2,12.1,71.4,46.1,
WO-10903,Injection Molding,IM-005,M-INJ-008,2025-12-14,222.3,69.4,11.3,70.0,43.5,
WO-10904,INJECTION MOLDING,IM-005,M-INJ-008,2025-12-15,224.3,72.6,8.2,65.9,40.4,
WO-10905,Injection Molding,IM-005,M-INJ-008,2025-12-16,225.4,65.8,11.9,65.5,42.3,
WO-10906,Injection Molding,IM-005,M-INJ-008,2025-12-16,224.7,76.1,9.6,59.4,45.0,
WO-10907,injection molding,IM-005,M-INJ-008,2025-12-17,226.4,67.4,13.7,63.7,41.7,
WO-10908,Injection Molding,IM-005,M-INJ-008,2025-12-18,226.7,74.6,10.2,62.4,43.4,
WO-10909,Injection Molding,IM-005,M-INJ-008,2025-12-18,225.7,69.1,11.1,63.9,44.4,
WO-10910,Injection Molding,IM-005,M-INJ-005,2025-12-19,227.8,67.7,10.5,65.9,44.7,
WO-10911,Injection Molding,IM-005,M-INJ-005,2025-12-19,223.7,67.5,9.9,62.8,42.8,
WO-10912,Injection Molding,IM-005,M-INJ-005,2025-12-20,223.1,67.1,8.9,57.9,38.7,
WO-10913,Injection Molding,IM-005,M-INJ-008,2025-12-20,222.8,68.5,12.1,72.5,48.1,
WO-10914,Injection Molding,IM-005,M-INJ-008,2025-12-21,225.5,66.4,11.6,58.0,44.1,
WO-10915,Injection Molding,IM-005,M-INJ-008,2025-12-22,224.9,70.6,13.1,61.2,41.6,
WO-10916,Injection Molding,IM-005,M-INJ-008,2025-12-22,225.9,72.6,11.9,68.3,42.2,
WO-10917,injection molding,IM-005,M-INJ-005,2025-12-23,222.6,64.7,7.6,62.7,45.0,
WO-10918,Injection Molding,IM-005,M-INJ-008,2025-12-24,225.6,74.4,11.2,66.8,47.6,
WO-10919,Injection Molding,IM-005,M-INJ-005,2025-12-25,225.9,72.8,9.3,61.8,48.0,
WO-10920,Injection Molding,IM-005,M-INJ-005,2025-12-26,224.6,68.5,13.4,61.5,41.1,
WO-10921,Injection Molding,IM-005,M-INJ-005,2025-12-27,225.8,65.5,9.3,71.0,42.6,
WO-10922,Injection Molding,IM-005,M-INJ-008,2025-12-27,226.2,67.4,13.5,66.4,50.1,
WO-10923,Injection Molding,IM-005,M-INJ-008,2025-12-28,225.5,67.2,11.1,64.0,45.0,
WO-10924,Injection Molding,IM-005,M-INJ-008,2025-12-29,222.4,66.5,10.8,66.6,45.1,
WO-10925,injection molding,IM-005,M-INJ-005,2025-12-30,226.1,70.9,11.3,67.4,39.8,
WO-10926,Injection Molding,IM-005,M-INJ-005,2025-12-30,220.9,65.4,9.9,63.8,47.1,
WO-10927,Injection Molding,IM-005,M-INJ-005,2025-12-31,226.9,70.7,12.0,71.1,46.4,
WO-10928,Injection Molding,IM-005,M-INJ-005,2026-01-01,224.9,73.6,13.0,66.4,45.5,
WO-10929,Injection Molding,IM-005,M-INJ-005,2026-01-01,227.0,75.0,8.4,60.6,46.8,
WO-10930,Injection Molding,IM-005,M-INJ-005,2026-01-02,225.1,74.1,10.4,64.4,43.8,
WO-10931,Injection Molding,IM-005,M-INJ-008,2026-01-03,225.9,75.8,12.3,72.9,45.2,
WO-10932,Injection Molding,IM-005,M-INJ-008,2026-01-03,222.7,67.3,11.8,53.0,47.4,
WO-10933,Injection Molding,IM-005,M-INJ-008,2026-01-04,225.9,69.0,11.8,66.5,46.9,
WO-10934,Injection Molding,IM-005,M-INJ-008,2026-01-05,222.8,64.5,11.0,72.0,44.6,
WO-10935,Injection Molding,IM-005,M-INJ-008,2026-01-05,223.7,73.0,8.2,60.7,45.3,
WO-10936,  Injection Molding  ,IM-005,M-INJ-005,2026-01-06,227.9,69.8,10.8,60.1,42.0,
WO-10937,Injection Molding,IM-005,M-INJ-005,2026-01-06,223.4,71.4,10.9,63.8,45.2,
WO-10938,INJECTION MOLDING,IM-005,M-INJ-005,2026-01-07,228.8,73.7,13.8,59.1,40.5,
WO-10939,Injection Molding,IM-005,M-INJ-008,2026-01-08,223.1,70.5,11.8,75.0,44.1,
WO-10940,Injection Molding,IM-005,M-INJ-008,2026-01-09,225.8,68.2,12.8,59.7,42.7,
WO-10941,Injection Molding,IM-005,M-INJ-008,2026-01-10,222.7,73.4,13.3,65.4,39.8,
WO-10942,injection molding,IM-005,M-INJ-008,2026-01-10,224.5,71.5,12.0,65.4,47.8,
WO-10943,Injection Molding,IM-005,M-INJ-008,2026-01-11,224.0,76.4,12.1,63.8,46.2,
WO-10944,Injection Molding,IM-005,M-INJ-008,2026-01-12,225.7,71.4,10.2,63.3,46.3,
WO-10945,Injection Molding,IM-005,M-INJ-005,2026-01-12,228.7,75.2,11.2,56.0,46.4,
WO-10946,Injection Molding,IM-005,M-INJ-005,2026-01-13,226.1,74.5,12.3,58.7,39.1,
WO-10947,injection molding,IM-005,M-INJ-008,2026-01-13,225.1,73.6,9.7,58.0,47.4,
WO-10948,Injection Molding,IM-005,M-INJ-008,2026-01-14,222.7,74.8,9.1,66.2,49.1,
WO-10949,Injection Molding,IM-005,M-INJ-008,2026-01-14,225.6,68.6,9.3,67.6,41.7,
WO-10950,  Injection Molding  ,IM-005,M-INJ-008,2026-01-15,227.8,69.8,10.7,62.5,39.5,
WO-10951,Injection Molding,IM-005,M-INJ-008,2026-01-16,226.8,68.7,12.9,62.7,45.1,
WO-10952,Injection Molding,IM-005,M-INJ-008,2026-01-16,225.1,68.3,11.1,64.6,43.4,
WO-10953,Injection Molding,IM-005,M-INJ-008,2026-01-17,222.3,71.7,10.6,60.3,44.6,
WO-10954,Injection Molding,IM-005,M-INJ-005,2026-01-18,229.3,67.9,11.0,66.8,47.2,
WO-10955,Injection Molding,IM-005,M-INJ-005,2026-01-18,224.5,63.2,12.6,60.8,49.3,
WO-10956,Injection Molding,IM-005,M-INJ-005,2026-01-19,222.3,67.5,11.0,69.9,39.2,
WO-10957,Injection Molding,IM-005,M-INJ-005,2026-01-20,225.1,70.7,12.9,69.0,46.9,
WO-10958,Injection Molding,IM-005,M-INJ-005,2026-01-20,222.2,70.4,12.2,67.3,44.4,
WO-10959,Injection Molding,IM-005,M-INJ-005,2026-01-21,226.0,72.3,11.7,68.4,47.5,
WO-10960,Injection Molding,IM-005,M-INJ-005,2026-01-22,225.9,67.4,10.1,68.0,49.1,
WO-10961,Injection Molding,IM-005,M-INJ-005,2026-01-22,224.3,65.1,11.0,66.8,42.5,
WO-10962,Injection Molding,IM-005,M-INJ-008,2026-01-23,224.7,72.2,11.5,64.0,42.1,
WO-10963,INJECTION MOLDING,IM-005,M-INJ-008,2026-01-24,224.5,66.7,12.9,58.2,46.9,
WO-10964,Injection Molding,IM-005,M-INJ-005,2026-01-24,226.2,71.7,11.9,71.9,45.8,
WO-10965,Injection Molding,IM-005,M-INJ-005,2026-01-25,224.1,72.7,11.0,62.7,42.8,
WO-10966,Injection Molding,IM-005,M-INJ-005,2026-01-26,224.3,70.2,11.5,69.1,44.6,
WO-10967,Injection Molding,IM-005,M-INJ-005,2026-01-26,223.5,73.7,14.8,62.6,44.1,
WO-10968,Injection Molding,IM-005,M-INJ-008,2026-01-27,225.2,72.6,8.0,55.7,48.5,
WO-10969,Injection Molding,IM-005,M-INJ-008,2026-01-28,222.0,67.8,9.9,69.2,47.3,
WO-10970,Injection Molding,IM-005,M-INJ-008,2026-01-28,227.9,66.9,10.9,66.0,46.5,
WO-10971,INJECTION MOLDING,IM-005,M-INJ-005,2026-01-29,223.1,68.6,8.7,73.2,48.4,
WO-10972,Injection Molding,IM-005,M-INJ-005,2026-01-30,225.2,66.9,13.6,63.7,47.4,
WO-10973,Injection Molding,IM-005,M-INJ-005,2026-01-30,225.4,65.9,11.7,70.6,43.6,
WO-10974,Injection Molding,IM-005,M-INJ-005,2026-01-31,223.7,65.4,11.1,63.2,46.4,
WO-10975,Injection Molding,IM-005,M-INJ-005,2026-02-01,222.5,64.6,11.0,64.8,43.2,
WO-10976,Injection Molding,IM-005,M-INJ-005,2026-02-02,222.7,63.2,9.6,65.8,44.5,
WO-10977,Injection Molding,IM-005,M-INJ-005,2026-02-02,223.4,58.2,10.9,67.4,44.0,
WO-10978,Injection Molding,IM-005,M-INJ-005,2026-02-03,223.1,69.1,10.9,58.8,39.1,
WO-10979,Injection Molding,IM-005,M-INJ-005,2026-02-03,222.9,67.5,11.5,67.5,48.3,
WO-10980,Injection Molding,IM-005,M-INJ-005,2026-02-04,227.3,72.5,9.7,67.9,46.3,
WO-10981,Injection Molding,IM-005,M-INJ-005,2026-02-05,224.1,66.5,10.7,66.7,44.7,
WO-10982,Injection Molding,IM-005,M-INJ-005,2026-02-06,225.3,76.6,11.4,63.7,47.1,
WO-10983,Injection Molding,IM-005,M-INJ-005,2026-02-07,220.8,61.2,11.8,67.6,41.5,
WO-10984,INJECTION MOLDING,IM-005,M-INJ-005,2026-02-07,223.1,71.8,13.0,67.6,45.1,
WO-10985,Injection Molding,IM-005,M-INJ-005,2026-02-08,225.0,75.3,9.1,64.1,37.7,
WO-10986,Injection Molding,IM-005,M-INJ-005,2026-02-09,224.2,71.9,12.0,71.2,44.7,
WO-10987,injection molding,IM-005,M-INJ-005,2026-02-10,224.5,64.9,10.3,65.5,46.9,
WO-10988,Injection Molding,IM-005,M-INJ-005,2026-02-10,224.6,67.7,11.3,63.6,50.7,
WO-10989,Injection Molding,IM-005,M-INJ-005,2026-02-11,226.2,73.0,12.3,60.6,46.0,
WO-10990,  Injection Molding  ,IM-005,M-INJ-005,2026-02-11,224.1,68.7,10.2,64.2,45.9,
WO-10991,Injection Molding,IM-005,M-INJ-005,2026-02-12,225.2,71.6,9.1,65.9,44.7,
WO-10992,Injection Molding,IM-005,M-INJ-008,2026-02-13,224.6,67.3,10.3,75.4,42.5,
WO-10993,Injection Molding,IM-005,M-INJ-008,2026-02-13,224.6,68.6,12.2,66.2,40.6,
WO-10994,Injection Molding,IM-005,M-INJ-008,2026-02-14,226.1,68.8,9.2,60.1,42.1,
WO-10995,Injection Molding,IM-005,M-INJ-005,2026-02-15,225.2,76.0,11.3,67.8,40.3,
WO-10996,INJECTION MOLDING,IM-005,M-INJ-005,2026-02-15,225.4,61.5,12.4,73.7,49.0,
WO-10997,Injection Molding,IM-005,M-INJ-005,2026-02-16,226.0,72.0,12.0,61.3,41.6,
WO-10998,Injection Molding,IM-005,M-INJ-005,2026-02-16,223.9,70.9,9.5,60.1,44.3,
WO-10999,Injection Molding,IM-005,M-INJ-005,2026-02-17,227.4,70.9,11.5,62.7,44.7,
WO-11000,  Injection Molding  ,IM-005,M-INJ-005,2026-02-18,223.6,71.9,9.4,67.1,47.2,
WO-11001,Injection Molding,IM-005,M-INJ-005,2026-02-18,228.2,71.1,9.9,71.5,43.1,
WO-11002,Injection Molding,IM-005,M-INJ-005,2026-02-19,223.0,62.8,11.6,67.2,42.1,
WO-11003,Injection Molding,IM-005,M-INJ-005,2026-02-20,222.0,71.7,9.9,64.0,48.2,
WO-11004,Injection Molding,IM-005,M-INJ-005,2026-02-20,226.4,62.6,10.8,68.7,42.1,
WO-11005,Injection Molding,IM-005,M-INJ-005,2026-02-21,225.5,72.9,10.1,67.3,42.3,
WO-11006,Injection Molding,IM-005,M-INJ-005,2026-02-22,228.9,72.8,10.4,65.5,42.4,
WO-11007,Injection Molding,IM-005,M-INJ-008,2026-02-22,224.7,65.1,9.4,69.2,45.1,
WO-11008,Injection Molding,IM-005,M-INJ-008,2026-02-23,224.6,71.4,9.9,62.1,41.2,
WO-11009,Injection Molding,IM-005,M-INJ-005,2026-02-24,225.7,66.9,10.9,72.5,44.0,
WO-11010,Injection Molding,IM-005,M-INJ-005,2026-02-25,225.7,62.8,12.1,71.3,45.8,
WO-11011,Injection Molding,IM-005,M-INJ-005,2026-02-25,223.9,70.6,10.8,72.2,42.6,
WO-11012,Injection Molding,IM-005,M-INJ-005,2026-02-26,225.4,68.6,12.2,59.6,44.4,
WO-11013,Injection Molding,IM-005,M-INJ-005,2026-02-27,223.8,65.9,10.3,62.8,43.6,
WO-11014,Injection Molding,IM-005,M-INJ-008,2026-02-28,224.4,75.5,10.8,61.4,48.1,
WO-11015,Injection Molding,IM-005,M-INJ-008,2026-02-28,223.6,71.0,11.6,59.6,38.2,
WO-11016,Injection Molding,IM-005,M-INJ-008,2026-03-01,224.0,76.3,10.2,73.9,46.4,
WO-11017,Injection Molding,IM-005,M-INJ-008,2026-03-02,225.3,64.4,12.1,63.1,42.7,
WO-11018,injection molding,IM-005,M-INJ-008,2026-03-02,222.1,65.4,10.7,65.6,43.3,
WO-11019,Injection Molding,IM-005,M-INJ-008,2026-03-03,222.0,69.9,9.6,61.1,45.2,
WO-11020,injection molding,IM-005,M-INJ-005,2026-03-04,224.2,66.8,11.8,67.3,46.0,
WO-11021,Injection Molding,IM-005,M-INJ-008,2026-03-04,227.9,60.7,11.1,68.7,45.4,
WO-11022,Injection Molding,IM-005,M-INJ-008,2026-03-05,225.1,70.6,10.1,72.2,50.3,
WO-11023,Injection Molding,IM-005,M-INJ-008,2026-03-06,223.0,65.0,11.5,77.7,50.3,
WO-11024,Injection Molding,IM-005,M-INJ-008,2026-03-06,224.1,75.2,9.4,62.7,44.4,
WO-11025,Injection Molding,IM-005,M-INJ-008,2026-03-07,222.0,67.5,11.5,67.6,46.8,
WO-11026,Injection Molding,IM-005,M-INJ-005,2026-03-08,225.9,65.4,11.3,66.6,43.5,
WO-11027,Injection Molding,IM-005,M-INJ-005,2026-03-08,226.1,78.0,11.6,63.1,50.0,
WO-11028,Injection Molding,IM-005,M-INJ-005,2026-03-09,226.7,62.3,10.5,67.2,44.1,
WO-11029,Injection Molding,IM-005,M-INJ-008,2026-03-10,223.2,71.9,10.7,63.2,42.3,
WO-11030,INJECTION MOLDING,IM-005,M-INJ-008,2026-03-11,224.7,73.9,10.4,69.8,41.9,
WO-11031,Injection Molding,IM-005,M-INJ-008,2026-03-11,225.0,67.1,10.4,71.5,44.0,
WO-11032,Injection Molding,IM-005,M-INJ-005,2026-03-12,224.7,71.3,10.0,60.5,44.3,
WO-11033,Injection Molding,IM-005,M-INJ-005,2026-03-12,224.8,70.9,11.2,74.5,47.0,
WO-11034,Injection Molding,IM-005,M-INJ-008,2026-03-13,225.8,71.3,10.3,70.7,41.9,
WO-11035,Injection Molding,IM-005,M-INJ-008,2026-03-14,227.8,70.8,11.7,64.3,44.4,
WO-11036,Injection Molding,IM-005,M-INJ-008,2026-03-14,222.4,71.5,10.2,67.7,43.1,
WO-11037,Injection Molding,IM-005,M-INJ-005,2026-03-15,223.5,72.6,11.4,68.4,45.1,
WO-11038,Injection Molding,IM-005,M-INJ-005,2026-03-16,224.8,69.8,10.7,66.8,46.0,
WO-11039,Injection Molding,IM-005,M-INJ-008,2026-03-16,222.3,73.4,12.9,64.0,45.7,
WO-11040,Injection Molding,IM-005,M-INJ-008,2026-03-17,221.4,74.6,12.9,65.6,41.5,
WO-11041,Injection Molding,IM-005,M-INJ-008,2026-03-18,226.2,65.6,10.9,68.6,51.7,
WO-11042,Injection Molding,IM-005,M-INJ-005,2026-03-18,224.1,72.3,10.1,74.2,44.4,
WO-11043,Injection Molding,IM-005,M-INJ-005,2026-03-19,226.8,70.7,11.1,63.7,42.2,
WO-11044,Injection Molding,IM-005,M-INJ-005,2026-03-20,224.1,74.9,10.9,65.7,39.3,
WO-11045,Injection Molding,IM-005,M-INJ-005,2026-03-21,222.2,63.8,13.1,64.0,42.9,
WO-11046,Injection Molding,IM-005,M-INJ-005,2026-03-21,225.1,76.5,13.0,62.8,43.9,
WO-11047,injection molding,IM-005,M-INJ-005,2026-03-22,224.5,71.0,9.7,61.9,42.4,
WO-11048,Injection Molding,IM-005,M-INJ-005,2026-03-23,223.2,68.6,10.8,62.7,47.2,
WO-11049,Injection Molding,IM-005,M-INJ-005,2026-03-23,229.5,69.8,13.5,77.2,46.4,
WO-11050,Injection Molding,IM-005,M-INJ-005,2026-03-24,228.4,73.4,11.5,61.3,48.8,
WO-11051,Injection Molding,IM-005,M-INJ-005,2026-03-25,222.4,70.6,12.1,64.4,48.5,
WO-11052,Injection Molding,IM-005,M-INJ-005,2026-03-25,225.9,65.1,8.2,53.6,39.8,
WO-11053,Injection Molding,IM-005,M-INJ-005,2026-03-26,226.9,68.2,12.8,64.7,45.8,
WO-11054,Injection Molding,IM-005,M-INJ-005,2026-03-26,223.8,66.9,11.5,60.9,46.6,
WO-11055,Injection Molding,IM-005,M-INJ-008,2026-03-27,227.3,72.4,11.4,60.9,51.6,
WO-11056,Injection Molding,IM-005,M-INJ-005,2026-03-28,225.2,76.7,12.4,67.6,44.9,
WO-11057,Injection Molding,IM-005,M-INJ-005,2026-03-29,221.2,71.9,11.3,65.2,41.8,
WO-11058,Injection Molding,IM-005,M-INJ-005,2026-03-30,221.1,71.5,11.5,60.8,46.4,
WO-11059,Injection Molding,IM-005,M-INJ-005,2026-03-31,222.4,71.5,10.3,62.3,45.1,
WO-11060,Injection Molding,IM-005,M-INJ-005,2026-03-31,224.5,70.1,12.0,61.3,48.5,
WO-11061,Injection Molding,IM-005,M-INJ-005,2026-04-01,223.0,75.2,11.5,59.2,46.4,
WO-11062,Injection Molding,IM-005,M-INJ-005,2026-04-02,227.3,69.3,10.0,63.9,42.1,
WO-11063,Injection Molding,IM-005,M-INJ-005,2026-04-02,223.1,77.5,11.0,63.1,46.0,
WO-11064,Injection Molding,IM-005,M-INJ-008,2026-04-03,223.3,76.7,10.7,63.3,39.1,
WO-11065,Injection Molding,IM-005,M-INJ-008,2026-04-04,223.2,67.5,10.4,63.5,45.1,
WO-11066,  Injection Molding  ,IM-005,M-INJ-005,2026-04-04,226.5,67.4,9.8,73.3,43.3,
WO-11067,Injection Molding,IM-005,M-INJ-005,2026-04-05,226.1,74.0,9.5,59.7,44.6,
WO-11068,injection molding,IM-005,M-INJ-008,2026-04-06,227.1,73.1,12.0,66.3,40.7,
WO-11069,Injection Molding,IM-005,M-INJ-005,2026-04-06,223.0,69.2,10.7,62.9,45.8,
WO-11070,Injection Molding,IM-005,M-INJ-005,2026-04-07,225.7,70.2,13.1,59.1,42.4,
WO-11071,Injection Molding,IM-005,M-INJ-005,2026-04-08,224.2,70.0,10.5,66.0,50.1,
WO-11072,Injection Molding,IM-005,M-INJ-008,2026-04-08,225.2,71.7,11.4,63.7,44.6,
WO-11073,Injection Molding,IM-005,M-INJ-008,2026-04-09,223.2,63.3,8.8,67.8,45.1,
WO-11074,Injection Molding,IM-005,M-INJ-008,2026-04-10,224.0,62.2,12.3,66.7,46.7,
WO-11075,Injection Molding,IM-005,M-INJ-005,2026-04-10,223.8,69.0,10.0,67.5,42.4,
WO-11076,Injection Molding,IM-005,M-INJ-005,2026-04-11,227.7,68.1,11.4,68.5,40.9,
WO-11077,Injection Molding,IM-005,M-INJ-008,2026-04-12,223.6,73.3,10.9,55.9,41.1,
WO-11078,Injection Molding,IM-005,M-INJ-005,2026-04-12,226.2,71.0,10.6,57.2,43.3,
WO-11079,Injection Molding,IM-005,M-INJ-005,2026-04-13,223.8,71.5,9.6,59.4,42.4,
WO-11080,Injection Molding,IM-005,M-INJ-008,2026-04-14,225.3,69.1,12.0,79.2,47.8,
WO-11081,Injection Molding,IM-005,M-INJ-008,2026-04-15,227.2,71.2,8.1,71.3,46.3,
WO-11082,Injection Molding,IM-005,M-INJ-008,2026-04-16,224.6,78.3,11.5,71.0,44.5,
WO-11083,Injection Molding,IM-005,M-INJ-008,2026-04-16,225.1,68.7,11.9,54.3,41.3,
WO-11084,Injection Molding,IM-005,M-INJ-005,2026-04-17,226.7,72.8,9.8,73.2,48.4,
WO-11085,Injection Molding,IM-005,M-INJ-008,2026-04-18,228.6,74.4,11.4,65.5,41.7,
WO-11086,Injection Molding,IM-005,M-INJ-008,2026-04-18,224.3,70.6,11.7,62.5,46.2,
WO-11087,Injection Molding,IM-005,M-INJ-008,2026-04-19,223.9,64.8,11.2,69.3,37.5,
WO-11088,Injection Molding,IM-005,M-INJ-008,2026-04-19,224.6,69.8,11.1,66.0,47.3,
WO-11089,Injection Molding,IM-005,M-INJ-008,2026-04-20,225.8,68.1,9.8,56.3,46.5,
WO-11090,Injection Molding,IM-005,M-INJ-008,2026-04-21,223.9,67.3,12.4,60.0,43.1,
WO-11091,Injection Molding,IM-005,M-INJ-008,2026-04-21,222.3,61.4,11.6,66.7,39.8,
WO-11092,Injection Molding,IM-005,M-INJ-005,2026-04-22,226.0,72.9,12.1,68.0,44.7,
WO-11093,Injection Molding,IM-005,M-INJ-005,2026-04-22,224.4,73.4,9.8,62.3,43.7,
WO-11094,Injection Molding,IM-005,M-INJ-008,2026-04-23,226.8,66.2,11.5,65.8,40.2,
WO-11095,  Injection Molding  ,IM-005,M-INJ-008,2026-04-24,221.5,75.3,8.9,54.4,43.0,
WO-11096,Injection Molding,IM-005,M-INJ-008,2026-04-25,225.6,65.8,13.1,66.8,47.4,
WO-11097,Injection Molding,IM-005,M-INJ-005,2026-04-25,228.5,73.1,11.6,62.4,44.5,
WO-11098,Injection Molding,IM-005,M-INJ-005,2026-04-26,221.5,65.0,9.6,52.5,41.5,
WO-11099,Injection Molding,IM-005,M-INJ-008,2026-04-26,227.9,70.2,10.7,68.6,42.7,
WO-11100,Injection Molding,IM-005,M-INJ-005,2026-04-27,221.7,69.0,11.0,68.7,46.9,
WO-11101,Injection Molding,IM-005,M-INJ-005,2026-04-28,223.5,70.9,9.0,71.2,45.1,
WO-11102,Injection Molding,IM-005,M-INJ-008,2026-04-28,228.0,66.8,14.0,65.3,49.6,
WO-11103,Injection Molding,IM-005,M-INJ-008,2026-04-29,219.7,68.4,9.3,64.3,41.0,
WO-11104,Injection Molding,IM-005,M-INJ-008,2026-04-30,227.8,75.7,11.6,55.4,48.5,
WO-11105,Injection Molding,IM-005,M-INJ-005,2026-05-01,223.1,72.5,12.1,58.3,50.1,
WO-11106,Injection Molding,IM-005,M-INJ-005,2026-05-01,224.1,68.9,10.0,67.9,42.9,
WO-11107,Injection Molding,IM-005,M-INJ-005,2026-05-02,225.2,65.5,10.2,64.4,47.0,
WO-11108,Injection Molding,IM-005,M-INJ-008,2026-05-03,226.4,73.7,11.5,70.7,45.2,
WO-11109,Injection Molding,IM-005,M-INJ-008,2026-05-04,225.2,71.8,12.7,73.2,44.1,
WO-11110,Injection Molding,IM-005,M-INJ-008,2026-05-05,220.5,76.3,11.9,65.5,42.3,
WO-11111,Injection Molding,IM-005,M-INJ-008,2026-05-05,225.4,63.6,11.7,79.2,49.0,
WO-11112,Injection Molding,IM-005,M-INJ-008,2026-05-06,224.3,68.9,11.7,64.9,45.8,
WO-11113,Injection Molding,IM-005,M-INJ-005,2026-05-07,226.8,76.1,10.8,60.9,47.0,
WO-11114,Injection Molding,IM-005,M-INJ-005,2026-05-08,225.2,73.2,11.3,66.6,46.4,
WO-11115,Injection Molding,IM-005,M-INJ-005,2026-05-08,226.3,73.1,10.4,79.1,46.2,
WO-11116,Injection Molding,IM-005,M-INJ-008,2026-05-09,223.4,71.4,14.0,62.4,46.4,
WO-11117,Injection Molding,IM-005,M-INJ-005,2026-05-09,228.4,70.9,9.5,58.1,44.7,
WO-11118,Injection Molding,IM-005,M-INJ-008,2026-05-10,226.1,72.4,10.6,61.2,42.1,
WO-11119,Injection Molding,IM-005,M-INJ-008,2026-05-11,220.6,66.0,10.9,63.8,44.1,
WO-11120,Injection Molding,IM-005,M-INJ-008,2026-05-12,223.8,78.2,11.7,62.8,43.5,
WO-11121,Injection Molding,IM-005,M-INJ-008,2026-05-12,222.9,73.9,10.9,66.6,49.7,
WO-11122,Injection Molding,IM-005,M-INJ-008,2026-05-13,224.5,69.0,12.4,66.9,42.7,
WO-11123,Injection Molding,IM-005,M-INJ-008,2026-05-13,228.9,64.9,11.2,69.9,46.1,
WO-11124,Injection Molding,IM-005,M-INJ-005,2026-05-14,225.3,65.5,9.7,63.5,43.5,
WO-11125,Injection Molding,IM-005,M-INJ-005,2026-05-14,224.9,73.0,12.9,60.2,43.1,
WO-11126,Injection Molding,IM-005,M-INJ-005,2026-05-15,225.6,66.9,10.4,66.7,50.1,
WO-11127,Injection Molding,IM-005,M-INJ-008,2026-05-16,222.2,63.2,11.5,65.1,42.6,
WO-11128,Injection Molding,IM-005,M-INJ-008,2026-05-17,221.0,65.1,9.9,64.1,49.3,
WO-11129,Injection Molding,IM-005,M-INJ-008,2026-05-17,223.2,76.4,13.0,75.7,44.4,
WO-11130,Injection Molding,IM-005,M-INJ-008,2026-05-18,222.4,71.0,9.4,66.5,43.3,
WO-11131,Injection Molding,IM-005,M-INJ-008,2026-05-18,224.7,73.6,11.8,64.2,39.8,
WO-11132,Injection Molding,IM-005,M-INJ-008,2026-05-19,224.4,68.6,11.2,63.0,50.1,
WO-11133,Injection Molding,IM-005,M-INJ-008,2026-05-20,227.0,62.4,12.8,72.1,41.4,
WO-11134,Injection Molding,IM-005,M-INJ-008,2026-05-20,226.5,65.9,10.5,61.5,47.0,
WO-11135,Injection Molding,IM-005,M-INJ-005,2026-05-21,227.4,75.4,11.6,58.3,41.4,
WO-11136,Injection Molding,IM-005,M-INJ-005,2026-05-22,225.5,66.4,9.1,59.1,42.5,
WO-11137,Injection Molding,IM-005,M-INJ-005,2026-05-22,225.2,63.5,12.7,62.1,48.3,
WO-11138,Injection Molding,IM-005,M-INJ-005,2026-05-23,224.5,66.7,11.6,75.3,44.4,
WO-11139,Injection Molding,IM-005,M-INJ-008,2026-05-24,225.4,76.3,13.5,64.7,46.9,
WO-11140,Injection Molding,IM-005,M-INJ-008,2026-05-25,225.0,73.0,11.2,66.6,39.0,
WO-11141,Injection Molding,IM-005,M-INJ-005,2026-05-25,220.2,69.7,10.8,73.7,44.2,
WO-11142,Injection Molding,IM-005,M-INJ-008,2026-05-26,224.1,67.6,12.7,67.6,48.1,
WO-11143,Injection Molding,IM-005,M-INJ-005,2026-05-27,223.8,61.9,9.1,53.8,39.9,
WO-11144,Injection Molding,IM-005,M-INJ-005,2026-05-27,224.4,66.9,11.9,69.0,45.5,
WO-11145,injection molding,IM-005,M-INJ-005,2026-05-28,223.0,69.6,11.8,63.3,40.6,
WO-11146,Injection Molding,IM-005,M-INJ-005,2026-05-29,227.1,68.9,12.7,63.9,41.9,
WO-11147,Injection Molding,IM-005,M-INJ-005,2026-05-29,225.0,72.6,12.0,61.1,52.4,
WO-11148,Injection Molding,IM-005,M-INJ-008,2026-05-30,224.3,78.1,10.4,63.5,45.4,
WO-11149,Injection Molding,IM-005,M-INJ-008,2026-05-31,226.1,74.1,12.2,60.9,42.8,
WO-11150,Injection Molding,IM-005,M-INJ-008,2026-06-01,222.6,68.3,9.8,68.8,44.2,
WO-11151,INJECTION MOLDING,IM-005,M-INJ-008,2026-06-02,224.0,66.3,9.8,58.3,49.5,
WO-11152,Injection Molding,IM-005,M-INJ-008,2026-06-02,224.6,67.6,11.0,75.1,45.3,
WO-11153,INJECTION MOLDING,IM-005,M-INJ-005,2026-06-03,224.0,68.7,12.7,63.2,47.2,
WO-11154,Injection Molding,IM-005,M-INJ-005,2026-06-03,223.7,68.4,12.3,62.1,44.5,
WO-11155,Injection Molding,IM-005,M-INJ-005,2026-06-04,227.4,73.0,9.2,69.3,44.0,
WO-11156,Injection Molding,IM-005,M-INJ-005,2026-06-05,222.0,68.9,11.5,66.6,41.4,
WO-11157,Injection Molding,IM-005,M-INJ-005,2026-06-06,224.7,71.3,12.9,56.4,43.4,
WO-11158,Injection Molding,IM-005,M-INJ-008,2026-06-06,227.9,69.1,11.7,55.0,42.7,
WO-11159,Injection Molding,IM-005,M-INJ-008,2026-06-07,222.4,66.5,13.3,63.6,42.5,
WO-11160,Injection Molding,IM-005,M-INJ-008,2026-06-07,221.7,74.6,10.3,68.1,54.2,
WO-11161,Injection Molding,IM-005,M-INJ-008,2026-06-08,226.3,72.4,10.2,62.1,41.4,
WO-11162,Injection Molding,IM-005,M-INJ-008,2026-06-09,221.3,68.4,11.7,67.9,52.7,
WO-11163,Injection Molding,IM-005,M-INJ-008,2026-06-09,224.5,75.0,11.0,69.7,43.2,
WO-11164,Injection Molding,IM-005,M-INJ-008,2026-06-10,223.8,70.0,11.7,61.6,40.2,
WO-11165,Injection Molding,IM-005,M-INJ-008,2026-06-11,230.6,73.4,11.1,63.0,36.7,
WO-11166,Injection Molding,IM-005,M-INJ-008,2026-06-11,228.9,69.7,11.0,64.2,45.4,
WO-11167,Injection Molding,IM-005,M-INJ-008,2026-06-12,225.2,66.3,13.2,59.5,47.6,
WO-11168,Injection Molding,IM-005,M-INJ-005,2026-06-13,226.8,68.2,10.1,66.5,47.7,
WO-11169,Injection Molding,IM-005,M-INJ-008,2026-06-14,221.8,71.2,11.3,71.5,48.0,
WO-11170,Injection Molding,IM-005,M-INJ-008,2026-06-14,224.7,66.5,11.0,58.7,46.7,
WO-11171,Injection Molding,IM-005,M-INJ-008,2026-06-15,223.8,71.9,12.0,61.3,44.9,
WO-11172,Injection Molding,IM-005,M-INJ-008,2026-06-16,225.0,70.0,11.1,64.7,49.6,
WO-11173,Injection Molding,IM-005,M-INJ-008,2026-06-16,221.5,67.3,11.0,77.3,44.1,
WO-11174,Injection Molding,IM-005,M-INJ-008,2026-06-17,223.3,71.2,12.5,76.7,41.2,
WO-11175,Injection Molding,IM-005,M-INJ-005,2026-06-17,225.8,67.2,11.9,67.6,40.2,
WO-11176,Injection Molding,IM-005,M-INJ-005,2026-06-18,227.0,74.2,12.3,60.1,44.2,
WO-11177,Injection Molding,IM-005,M-INJ-005,2026-06-19,224.0,71.5,8.1,66.2,45.2,
WO-11178,Injection Molding,IM-005,M-INJ-008,2026-06-20,226.2,74.9,10.1,73.6,47.7,
WO-11179,Injection Molding,IM-005,M-INJ-008,2026-06-20,222.2,69.9,9.1,66.2,44.4,
WO-11180,injection molding,IM-005,M-INJ-008,2026-06-21,222.3,69.5,12.6,64.1,43.7,
WO-11181,Injection Molding,IM-005,M-INJ-005,2026-06-22,225.0,66.0,11.7,69.6,42.8,
WO-11182,Injection Molding,IM-005,M-INJ-005,2026-06-22,225.2,71.4,10.4,64.6,49.8,
WO-11183,Injection Molding,IM-005,M-INJ-005,2026-06-23,225.7,71.1,11.0,64.1,42.9,
WO-11184,Injection Molding,IM-005,M-INJ-005,2026-06-23,223.9,66.2,11.4,64.8,43.4,
WO-11185,Injection Molding,IM-005,M-INJ-005,2026-06-24,227.1,75.8,9.6,69.7,41.7,
WO-11186,Injection Molding,IM-005,M-INJ-005,2026-06-25,225.7,72.6,8.9,77.6,44.5,
WO-11187,Injection Molding,IM-005,M-INJ-005,2026-06-26,226.5,67.5,11.3,64.6,43.5,
WO-11188,Injection Molding,IM-005,M-INJ-005,2026-06-26,224.2,68.2,13.4,63.5,45.9,
WO-11189,Injection Molding,IM-005,M-INJ-005,2026-06-27,223.6,65.7,9.0,65.7,45.8,
WO-11190,Injection Molding,IM-005,M-INJ-008,2026-06-28,224.7,71.6,10.2,66.7,46.9,
WO-11191,injection molding,IM-005,M-INJ-005,2026-06-29,226.2,62.0,9.8,65.3,42.2,
WO-11192,Injection Molding,IM-005,M-INJ-005,2026-06-29,226.5,74.1,12.5,60.9,41.6,
WO-11193,Injection Molding,IM-005,M-INJ-005,2026-06-30,221.0,68.2,10.0,58.5,41.3,
WO-11194,Injection Molding,IM-005,M-INJ-008,2026-07-01,226.4,78.2,11.9,59.6,40.7,
WO-11195,Injection Molding,IM-005,M-INJ-008,2026-07-02,222.8,69.5,9.0,63.6,45.8,
WO-11196,Injection Molding,IM-005,M-INJ-008,2026-07-02,223.1,64.4,11.5,71.6,52.2,
WO-11197,Injection Molding,IM-005,M-INJ-005,2026-07-03,224.5,69.0,10.6,66.2,47.6,
WO-11198,Injection Molding,IM-005,M-INJ-005,2026-07-04,228.3,73.8,9.4,69.0,44.1,
WO-11199,Injection Molding,IM-005,M-INJ-005,2026-07-04,223.4,67.7,11.5,64.9,46.6,
WO-11200,Injection Molding,IM-005,M-INJ-005,2026-07-05,225.8,64.9,10.1,65.3,40.1,
WO-11201,Injection Molding,IM-005,M-INJ-005,2026-07-05,223.2,68.9,12.5,61.7,48.3,
WO-11202,Injection Molding,IM-005,M-INJ-005,2026-07-06,225.8,76.4,11.7,69.8,47.9,
WO-11203,Injection Molding,IM-005,M-INJ-005,2026-07-06,223.3,64.0,10.5,75.1,42.2,
WO-11204,Injection Molding,IM-005,M-INJ-008,2026-07-07,221.8,66.9,11.8,66.9,47.9,
WO-11205,Injection Molding,IM-005,M-INJ-008,2026-07-08,225.0,73.1,10.4,71.4,46.4,
WO-11206,Injection Molding,IM-005,M-INJ-008,2026-07-08,223.2,75.7,13.3,59.9,41.8,
WO-11207,Injection Molding,IM-005,M-INJ-005,2026-07-09,223.8,70.5,10.0,74.2,45.1,
WO-11208,Injection Molding,IM-005,M-INJ-005,2026-07-10,225.9,61.9,11.8,67.0,44.0,
WO-11209,Injection Molding,IM-005,M-INJ-005,2026-07-11,225.7,67.8,13.0,66.6,44.6,
WO-11210,Injection Molding,IM-005,M-INJ-008,2026-07-11,226.5,64.7,12.8,65.1,47.5,
WO-11211,Injection Molding,IM-005,M-INJ-008,2026-07-12,226.9,67.9,13.3,66.3,46.7,
WO-11212,Injection Molding,IM-005,M-INJ-008,2026-07-13,226.6,67.2,8.5,66.1,44.3,
WO-11213,Injection Molding,IM-005,M-INJ-008,2026-07-13,225.2,71.6,11.5,65.9,40.4,
WO-11214,Injection Molding,IM-005,M-INJ-005,2026-07-14,221.9,66.5,10.2,70.2,43.3,
WO-11215,Injection Molding,IM-005,M-INJ-005,2026-07-15,225.3,67.7,12.0,58.1,45.4,
WO-11216,Injection Molding,IM-005,M-INJ-005,2026-07-15,225.9,72.2,11.0,68.1,47.6,
WO-11217,Injection Molding,IM-005,M-INJ-008,2026-07-16,225.2,70.8,12.7,74.8,42.3,
WO-11218,Injection Molding,IM-005,M-INJ-008,2026-07-16,227.0,70.2,12.6,69.9,44.3,
WO-11219,Injection Molding,IM-005,M-INJ-008,2026-07-17,226.7,71.0,10.2,60.1,48.0,
WO-11220,Injection Molding,IM-005,M-INJ-008,2026-07-18,224.7,66.8,11.5,60.4,47.1,
WO-11221,Injection Molding,IM-005,M-INJ-008,2026-07-18,222.8,64.4,11.2,62.1,43.1,
WO-11222,Injection Molding,IM-005,M-INJ-008,2026-07-19,221.6,68.3,11.1,62.4,41.9,
WO-11223,Injection Molding,IM-005,M-INJ-005,2026-07-19,223.0,70.7,11.6,63.9,44.4,
WO-11224,Injection Molding,IM-005,M-INJ-005,2026-07-20,225.9,70.1,11.7,64.7,48.8,
WO-11225,Injection Molding,IM-005,M-INJ-005,2026-07-21,226.0,69.0,10.8,72.2,48.8,
WO-11226,Injection Molding,IM-005,M-INJ-005,2026-07-21,223.9,74.8,8.2,51.6,47.8,
WO-11227,Injection Molding,IM-005,M-INJ-005,2026-07-22,224.4,73.1,11.0,56.4,48.7,
WO-11228,Injection Molding,IM-005,M-INJ-008,2026-07-22,226.5,71.6,10.6,61.6,43.8,
WO-11229,Injection Molding,IM-005,M-INJ-008,2026-07-23,224.0,64.4,9.8,60.8,49.4,
WO-11230,Injection Molding,IM-005,M-INJ-005,2026-07-24,222.5,67.7,11.5,65.9,45.9,
WO-11231,Injection Molding,IM-005,M-INJ-005,2026-07-24,228.7,77.2,8.5,66.8,42.3,
WO-11232,Injection Molding,IM-005,M-INJ-005,2026-07-25,221.9,66.8,9.2,63.0,39.9,
WO-11233,Injection Molding,IM-005,M-INJ-008,2026-07-25,225.2,74.0,12.2,67.7,43.3,
WO-11234,Injection Molding,IM-005,M-INJ-008,2026-07-26,223.1,75.5,11.1,67.6,42.6,
WO-11235,Injection Molding,IM-005,M-INJ-008,2026-07-27,225.1,65.7,13.0,65.7,45.9,
WO-11236,injection molding,IM-005,M-INJ-008,2026-07-28,224.7,71.7,10.2,67.7,47.7,
WO-11237,Injection Molding,IM-005,M-INJ-008,2026-07-29,225.3,69.3,11.4,60.0,48.8,
WO-11238,Injection Molding,IM-005,M-INJ-005,2026-07-29,223.5,68.9,9.5,69.6,41.4,
WO-11239,Injection Molding,IM-005,M-INJ-005,2026-07-30,223.9,67.1,10.0,66.6,46.5,
WO-11240,Injection Molding,IM-005,M-INJ-008,2026-07-30,226.9,68.6,11.0,61.1,44.0,
WO-11241,Injection Molding,IM-005,M-INJ-008,2026-07-31,225.9,65.4,9.7,67.4,45.9,
WO-11242,Injection Molding,IM-005,M-INJ-008,2026-08-01,224.9,63.7,10.4,61.2,46.1,
WO-11243,Injection Molding,IM-005,M-INJ-008,2026-08-01,226.5,73.4,12.6,70.6,43.8,
WO-11244,Injection Molding,IM-005,M-INJ-008,2026-08-02,226.3,63.2,9.8,75.2,48.1,
WO-11245,injection molding,IM-005,M-INJ-005,2026-08-03,227.1,64.7,12.9,64.4,51.1,
WO-11246,Injection Molding,IM-005,M-INJ-005,2026-08-03,227.8,68.9,12.4,69.6,46.7,
WO-11247,Injection Molding,IM-005,M-INJ-005,2026-08-04,227.5,73.8,10.7,65.9,44.9,
WO-11248,Injection Molding,IM-005,M-INJ-005,2026-08-05,224.0,76.5,11.2,64.2,48.8,
WO-11249,Injection Molding,IM-005,M-INJ-005,2026-08-05,223.4,72.3,9.5,63.8,40.9,
WO-11250,Injection Molding,IM-005,M-INJ-008,2026-08-06,223.7,61.0,13.5,67.0,39.6,
WO-11251,Injection Molding,IM-005,M-INJ-008,2026-08-07,224.1,66.6,10.7,65.2,51.1,
WO-11252,Injection Molding,IM-005,M-INJ-008,2026-08-07,227.0,74.0,10.1,62.2,39.7,
WO-11253,Injection Molding,IM-005,M-INJ-008,2026-08-08,227.5,70.0,10.8,60.0,43.6,
WO-11254,Injection Molding,IM-005,M-INJ-008,2026-08-09,224.4,76.9,9.6,67.3,49.2,
WO-11255,Injection Molding,IM-005,M-INJ-008,2026-08-09,224.7,67.4,12.5,62.8,41.2,
WO-11256,Injection Molding,IM-005,M-INJ-008,2026-08-10,228.3,72.3,12.4,70.5,40.5,
WO-11257,Injection Molding,IM-005,M-INJ-005,2026-08-11,226.9,69.1,10.3,66.6,45.9,
WO-11258,Injection Molding,IM-005,M-INJ-005,2026-08-11,225.7,73.2,11.9,60.4,43.3,
WO-11259,Injection Molding,IM-005,M-INJ-005,2026-08-12,227.3,67.2,12.4,59.7,45.0,
WO-11260,Injection Molding,IM-005,M-INJ-005,2026-08-13,227.4,74.6,10.3,68.4,45.9,
WO-11261,Injection Molding,IM-005,M-INJ-008,2026-08-14,223.6,69.5,10.8,65.8,46.1,
WO-11262,Injection Molding,IM-005,M-INJ-008,2026-08-14,225.4,73.3,11.2,71.7,40.7,
WO-11263,Injection Molding,IM-005,M-INJ-008,2026-08-15,223.4,71.4,8.8,61.2,52.9,
WO-11264,Injection Molding,IM-005,M-INJ-008,2026-08-16,228.6,72.6,11.3,60.0,45.1,
WO-11265,Injection Molding,IM-005,M-INJ-008,2026-08-16,225.6,71.7,9.8,67.6,42.1,
WO-11266,Injection Molding,IM-005,M-INJ-008,2026-08-17,224.4,73.4,11.0,61.7,38.7,
WO-11267,Injection Molding,IM-005,M-INJ-008,2026-08-17,223.3,71.9,10.9,64.6,43.2,
WO-11268,Injection Molding,IM-005,M-INJ-008,2026-08-18,225.7,69.9,10.6,65.5,46.0,
WO-11269,Injection Molding,IM-005,M-INJ-008,2026-08-19,223.4,68.4,14.3,66.4,42.9,
WO-11270,Injection Molding,IM-005,M-INJ-008,2026-08-19,222.2,78.0,11.2,71.6,41.5,
WO-11271,Injection Molding,IM-005,M-INJ-008,2026-08-20,223.7,69.1,11.2,75.0,44.8,
WO-11272,INJECTION MOLDING,IM-005,M-INJ-008,2026-08-21,220.2,70.0,12.5,73.2,49.9,
WO-11273,Injection Molding,IM-005,M-INJ-008,2026-08-21,225.7,67.2,12.0,62.7,46.5,
WO-11274,Injection Molding,IM-005,M-INJ-005,2026-08-22,225.8,67.8,11.7,65.3,48.7,
WO-11275,Injection Molding,IM-005,M-INJ-008,2026-08-22,224.6,74.2,9.6,62.0,46.7,
WO-11276,Injection Molding,IM-005,M-INJ-008,2026-08-23,226.1,73.6,12.0,65.6,43.0,
WO-11277,injection molding,IM-005,M-INJ-008,2026-08-24,224.2,66.5,11.1,62.4,42.7,
WO-11278,Injection Molding,IM-005,M-INJ-005,2026-08-25,225.8,67.1,12.0,64.2,39.5,
WO-11279,Injection Molding,IM-005,M-INJ-005,2026-08-25,224.4,62.5,12.7,58.8,46.3,
WO-11280,Injection Molding,IM-005,M-INJ-005,2026-08-26,227.2,70.4,9.5,62.5,50.7,
WO-11281,injection molding,IM-005,M-INJ-008,2026-08-26,222.9,65.8,9.7,64.3,45.6,
WO-11282,Injection Molding,IM-005,M-INJ-008,2026-08-27,227.9,81.6,10.4,64.6,47.8,
WO-11283,Injection Molding,IM-005,M-INJ-008,2026-08-28,225.8,72.2,10.9,60.7,45.6,
WO-11284,Injection Molding,IM-005,M-INJ-008,2026-08-28,224.8,73.6,11.4,72.5,45.4,
WO-11285,injection molding,IM-005,M-INJ-008,2026-08-29,227.5,61.9,10.4,64.5,45.3,
WO-11286,Injection Molding,IM-005,M-INJ-008,2026-08-29,223.9,70.5,10.1,67.7,48.8,
WO-11287,Injection Molding,IM-005,M-INJ-008,2026-08-30,227.9,80.4,11.5,67.0,46.9,
WO-11288,Injection Molding,IM-005,M-INJ-008,2026-08-31,224.1,70.7,11.2,62.2,43.3,
WO-11289,Injection Molding,IM-005,M-INJ-008,2026-09-01,225.5,70.3,11.0,69.8,46.2,
WO-11290,Injection Molding,IM-005,M-INJ-008,2026-09-02,224.8,69.9,10.9,66.0,45.0,
WO-11291,Injection Molding,IM-005,M-INJ-005,2026-09-02,221.4,72.0,11.0,67.5,40.6,
WO-11292,Injection Molding,IM-005,M-INJ-005,2026-09-03,225.6,69.2,10.1,69.9,39.8,
WO-11293,Injection Molding,IM-005,M-INJ-008,2026-09-04,223.5,73.9,12.0,66.5,41.4,
WO-11294,Injection Molding,IM-005,M-INJ-008,2026-09-04,224.7,68.7,11.2,61.7,43.6,
WO-11295,Injection Molding,IM-005,M-INJ-005,2026-09-05,222.6,67.8,8.5,69.2,44.6,
WO-11296,Injection Molding,IM-005,M-INJ-005,2026-09-06,227.9,73.6,11.2,66.4,41.0,
WO-11297,Injection Molding,IM-005,M-INJ-005,2026-09-07,226.3,70.0,13.3,57.5,47.2,
WO-11298,Injection Molding,IM-005,M-INJ-005,2026-09-07,226.9,65.7,10.5,68.7,38.5,
WO-11299,Injection Molding,IM-005,M-INJ-005,2026-09-08,222.7,70.4,8.7,60.2,45.2,
WO-11300,injection molding,IM-005,M-INJ-008,2026-09-09,225.7,73.7,9.6,66.8,43.9,
WO-11301,Injection Molding,IM-005,M-INJ-008,2026-09-09,220.5,64.3,12.6,56.5,46.7,
WO-11302,Injection Molding,IM-005,M-INJ-008,2026-09-10,223.1,70.1,11.2,55.4,44.3,
WO-11303,Injection Molding,IM-005,M-INJ-005,2026-09-11,226.5,67.2,9.9,57.7,41.6,
WO-11304,Injection Molding,IM-005,M-INJ-008,2026-09-11,224.5,64.5,9.6,67.8,45.7,
WO-11305,Injection Molding,IM-005,M-INJ-005,2026-09-12,225.5,73.1,11.4,54.9,45.3,
WO-11306,Injection Molding,IM-005,M-INJ-008,2026-09-13,225.9,70.8,9.9,61.0,43.9,
WO-11307,INJECTION MOLDING,IM-005,M-INJ-008,2026-09-14,226.5,68.0,9.1,73.3,51.0,
WO-11308,injection molding,IM-005,M-INJ-008,2026-09-15,223.5,63.7,11.7,71.6,44.3,
WO-11309,Injection Molding,IM-005,M-INJ-008,2026-09-15,223.8,73.1,9.4,67.2,44.1,
WO-11310,Injection Molding,IM-005,M-INJ-008,2026-09-16,229.4,68.6,10.5,61.1,43.7,
WO-11311,Injection Molding,IM-005,M-INJ-008,2026-09-17,226.7,68.6,11.1,67.8,44.3,
WO-11312,Injection Molding,IM-005,M-INJ-008,2026-09-17,227.5,70.7,9.1,65.6,45.1,
WO-11313,Injection Molding,IM-005,M-INJ-008,2026-09-18,225.6,67.0,9.8,64.5,44.7,
WO-11314,Injection Molding,IM-005,M-INJ-008,2026-09-19,225.3,63.3,13.3,63.3,47.0,
WO-11315,Injection Molding,IM-005,M-INJ-005,2026-09-20,224.8,66.5,9.3,65.8,46.5,
WO-11316,Injection Molding,IM-005,M-INJ-005,2026-09-21,230.8,64.1,10.8,65.6,40.9,
WO-11317,Injection Molding,IM-005,M-INJ-005,2026-09-21,223.3,66.1,11.4,67.1,46.3,
WO-11318,Injection Molding,IM-005,M-INJ-005,2026-09-22,224.7,69.2,11.0,68.4,45.1,
WO-11319,Injection Molding,IM-005,M-INJ-005,2026-09-23,223.1,67.3,11.4,63.5,45.6,
WO-11320,Injection Molding,IM-005,M-INJ-005,2026-09-23,229.9,67.3,10.1,63.2,48.3,
WO-11321,Injection Molding,IM-005,M-INJ-008,2026-09-24,223.3,71.7,8.1,66.9,45.3,
WO-11322,Injection Molding,IM-005,M-INJ-008,2026-09-25,224.8,61.6,11.6,67.9,49.0,
WO-11323,Injection Molding,IM-005,M-INJ-005,2026-09-26,225.2,66.8,10.1,67.5,43.9,
WO-11324,  Injection Molding  ,IM-005,M-INJ-005,2026-09-27,226.7,70.5,12.8,60.5,43.8,
WO-11325,Injection Molding,IM-005,M-INJ-005,2026-09-28,224.0,73.4,10.3,66.7,45.7,
WO-11326,Injection Molding,IM-005,M-INJ-008,2026-09-28,223.1,59.7,9.9,64.7,44.6,
WO-11327,Injection Molding,IM-005,M-INJ-008,2026-09-29,225.9,79.0,11.1,63.8,49.7,
WO-11328,Injection Molding,IM-005,M-INJ-005,2026-09-30,225.2,75.7,9.8,68.7,39.2,
WO-11329,Injection Molding,IM-005,M-INJ-005,2026-09-30,223.9,69.3,11.3,59.8,48.0,
WO-11330,Injection Molding,IM-005,M-INJ-005,2026-10-01,220.4,74.4,9.0,66.9,43.0,
WO-11331,Injection Molding,IM-005,M-INJ-005,2026-10-02,223.9,67.7,12.0,61.9,45.0,
WO-11332,Injection Molding,IM-005,M-INJ-008,2026-10-03,226.1,63.0,11.3,64.5,46.2,
WO-11333,Injection Molding,IM-005,M-INJ-008,2026-10-04,222.5,69.2,12.2,63.9,42.8,
WO-11334,Injection Molding,IM-005,M-INJ-005,2026-10-04,223.2,65.4,9.8,68.9,40.4,
WO-11335,Injection Molding,IM-005,M-INJ-005,2026-10-05,224.4,74.6,10.9,61.6,47.1,
WO-11336,Injection Molding,IM-005,M-INJ-005,2026-10-06,226.0,67.7,10.2,70.8,50.3,
WO-11337,Injection Molding,IM-005,M-INJ-008,2026-10-06,224.7,67.9,11.3,66.8,46.7,
WO-11338,Injection Molding,IM-005,M-INJ-008,2026-10-07,226.2,77.9,10.8,59.4,44.4,
WO-11339,Injection Molding,IM-005,M-INJ-008,2026-10-08,229.9,71.8,9.4,67.7,44.2,
WO-11340,injection molding,IM-005,M-INJ-008,2026-10-08,225.2,67.5,11.5,62.2,42.5,
WO-11341,Injection Molding,IM-005,M-INJ-008,2026-10-09,222.3,70.5,12.3,69.9,49.6,
WO-11342,Injection Molding,IM-005,M-INJ-008,2026-10-10,225.7,71.2,8.4,65.2,46.6,
WO-11343,Injection Molding,IM-005,M-INJ-008,2026-10-10,225.0,73.0,9.3,58.8,47.6,
WO-11344,Injection Molding,IM-005,M-INJ-005,2026-10-11,223.6,67.9,13.1,66.0,40.6,
WO-11345,Injection Molding,IM-005,M-INJ-005,2026-10-12,224.3,73.9,11.1,67.5,41.7,
WO-11346,injection molding,IM-005,M-INJ-005,2026-10-12,225.3,67.0,12.7,65.6,45.0,
WO-11347,Injection Molding,IM-005,M-INJ-005,2026-10-13,225.7,75.2,11.7,59.8,45.6,
WO-11348,Injection Molding,IM-005,M-INJ-005,2026-10-14,221.7,66.8,10.7,62.8,44.0,
WO-11349,Injection Molding,IM-005,M-INJ-008,2026-10-14,226.0,63.2,9.9,69.6,43.5,
WO-11350,Injection Molding,IM-005,M-INJ-008,2026-10-15,224.0,70.9,14.6,62.1,45.3,
WO-11351,Injection Molding,IM-005,M-INJ-008,2026-10-16,224.3,68.9,11.8,70.5,40.6,
WO-11352,injection molding,IM-005,M-INJ-008,2026-10-16,222.9,76.8,10.2,67.5,44.6,
WO-11353,Injection Molding,IM-005,M-INJ-008,2026-10-17,222.9,70.1,9.8,59.1,47.6,
WO-11354,injection molding,IM-005,M-INJ-008,2026-10-17,221.8,77.7,10.9,59.1,45.8,
WO-11355,Injection Molding,IM-005,M-INJ-008,2026-10-18,225.3,72.5,12.6,67.8,44.2,
WO-11356,Injection Molding,IM-005,M-INJ-008,2026-10-19,223.1,67.3,10.0,60.9,43.1,
WO-11357,Injection Molding,IM-005,M-INJ-008,2026-10-19,226.4,68.9,8.6,69.2,40.5,
WO-11358,Injection Molding,IM-005,M-INJ-008,2026-10-20,225.1,67.2,10.1,67.2,42.4,
WO-11359,Injection Molding,IM-005,M-INJ-008,2026-10-21,224.2,66.0,10.5,64.2,46.4,
WO-11360,Injection Molding,IM-005,M-INJ-008,2026-10-21,224.6,69.3,13.7,75.7,47.3,
WO-11361,Injection Molding,IM-005,M-INJ-008,2026-10-22,224.6,74.2,8.8,65.7,39.8,
WO-11362,Injection Molding,IM-005,M-INJ-008,2026-10-22,225.9,66.0,10.6,69.3,44.2,
WO-11363,Injection Molding,IM-005,M-INJ-008,2026-10-23,221.0,65.2,9.3,68.4,47.7,
WO-11364,Injection Molding,IM-005,M-INJ-008,2026-10-24,222.2,66.9,10.0,68.8,49.2,
WO-11365,Injection Molding,IM-005,M-INJ-005,2026-10-24,221.3,66.6,8.6,60.0,44.4,
WO-11366,Injection Molding,IM-005,M-INJ-005,2026-10-25,227.9,71.5,8.8,64.7,49.1,
WO-11367,Injection Molding,IM-005,M-INJ-008,2026-10-26,222.9,78.3,12.2,67.0,45.7,
WO-11368,Injection Molding,IM-005,M-INJ-008,2026-10-26,226.2,69.3,9.9,61.0,45.0,
WO-11369,Injection Molding,IM-005,M-INJ-008,2026-10-27,224.2,72.3,10.2,68.2,40.1,
WO-11370,Injection Molding,IM-005,M-INJ-005,2026-10-28,225.7,70.4,13.0,64.0,46.5,
WO-11371,Injection Molding,IM-005,M-INJ-005,2026-10-28,222.2,70.4,11.9,63.0,45.0,
WO-11372,Injection Molding,IM-005,M-INJ-008,2026-10-29,226.7,72.1,9.3,65.3,40.3,
WO-11373,Injection Molding,IM-005,M-INJ-008,2026-10-30,226.1,68.9,10.8,62.3,42.4,
WO-11374,Injection Molding,IM-005,M-INJ-008,2026-10-30,223.4,71.3,11.3,65.6,48.1,
WO-11375,Injection Molding,IM-005,M-INJ-008,2026-10-31,221.3,68.3,9.8,63.7,45.3,
WO-11376,INJECTION MOLDING,IM-005,M-INJ-005,2026-11-01,223.4,74.2,10.2,50.5,48.7,
WO-11377,Injection Molding,IM-005,M-INJ-008,2026-11-02,222.4,69.3,12.1,66.8,49.4,
WO-11378,Injection Molding,IM-005,M-INJ-008,2026-11-03,224.5,61.9,8.9,72.7,44.4,
WO-11379,Injection Molding,IM-005,M-INJ-005,2026-11-03,225.8,65.7,11.9,60.5,47.6,
WO-11380,Injection Molding,IM-005,M-INJ-005,2026-11-04,225.7,69.6,10.5,70.5,46.7,
WO-11381,  Injection Molding  ,IM-005,M-INJ-005,2026-11-05,223.9,72.5,10.9,67.8,47.2,
WO-11382,Injection Molding,IM-005,M-INJ-008,2026-11-05,223.4,66.9,11.1,68.9,41.7,
WO-11383,Injection Molding,IM-005,M-INJ-008,2026-11-06,224.3,68.4,13.9,75.2,53.7,
WO-11384,Injection Molding,IM-005,M-INJ-008,2026-11-07,230.6,67.7,9.9,72.8,48.6,
WO-11385,Injection Molding,IM-005,M-INJ-008,2026-11-07,224.6,69.9,9.9,70.5,41.5,
WO-11386,Injection Molding,IM-005,M-INJ-008,2026-11-08,221.4,69.1,11.5,61.8,45.5,
WO-11387,Injection Molding,IM-005,M-INJ-005,2026-11-09,225.1,71.2,11.0,64.7,42.2,
WO-11388,Injection Molding,IM-005,M-INJ-005,2026-11-10,222.5,66.2,12.2,60.4,43.3,
WO-11389,Injection Molding,IM-005,M-INJ-005,2026-11-10,224.7,81.2,11.2,65.9,46.2,
WO-11390,Injection Molding,IM-005,M-INJ-008,2026-11-11,227.8,63.5,11.0,65.0,45.6,
WO-11391,Injection Molding,IM-005,M-INJ-008,2026-11-11,226.0,75.9,12.3,61.5,44.0,
WO-11392,Injection Molding,IM-005,M-INJ-008,2026-11-12,223.1,73.8,9.3,62.1,47.7,
WO-11393,Injection Molding,IM-005,M-INJ-008,2026-11-13,226.1,68.7,10.7,63.7,41.6,
WO-11394,Injection Molding,IM-005,M-INJ-008,2026-11-13,226.4,74.5,10.7,55.6,45.9,
WO-11395,  Injection Molding  ,IM-005,M-INJ-008,2026-11-14,227.6,72.4,8.5,60.1,45.6,
WO-11396,injection molding,IM-005,M-INJ-005,2026-11-14,224.8,76.3,11.2,69.7,45.5,
WO-11397,Injection Molding,IM-005,M-INJ-005,2026-11-15,223.9,67.9,9.5,72.5,45.6,
WO-11398,Injection Molding,IM-005,M-INJ-005,2026-11-16,221.9,74.1,13.2,64.6,46.8,
WO-11399,INJECTION MOLDING,IM-005,M-INJ-008,2026-11-17,221.4,62.7,11.2,61.3,44.3,
WO-11400,Injection Molding,IM-005,M-INJ-008,2026-11-17,227.1,72.6,9.0,59.6,40.8,
WO-11401,Injection Molding,IM-005,M-INJ-005,2026-11-18,224.3,72.0,11.6,72.6,44.5,
WO-11402,Injection Molding,IM-005,M-INJ-005,2026-11-18,222.3,71.6,12.5,71.9,46.7,
WO-11403,Injection Molding,IM-005,M-INJ-005,2026-11-19,223.9,74.4,11.9,65.9,43.5,
WO-11404,Injection Molding,IM-005,M-INJ-005,2026-11-19,226.2,68.4,11.9,52.6,46.9,
WO-11405,Injection Molding,IM-005,M-INJ-005,2026-11-20,224.9,70.0,11.7,55.2,43.0,
WO-11406,Injection Molding,IM-005,M-INJ-008,2026-11-21,224.2,74.8,9.1,64.0,44.2,
WO-11407,Injection Molding,IM-005,M-INJ-008,2026-11-21,226.0,66.6,12.0,72.9,44.8,
WO-11408,  Injection Molding  ,IM-005,M-INJ-008,2026-11-22,227.7,78.0,10.3,69.9,51.2,
WO-11409,Injection Molding,IM-005,M-INJ-008,2026-11-23,224.5,66.2,11.3,60.7,39.8,
WO-11410,Injection Molding,IM-005,M-INJ-008,2026-11-23,223.9,65.5,11.8,61.2,45.1,
WO-11411,INJECTION MOLDING,IM-005,M-INJ-008,2026-11-24,224.3,75.3,10.2,65.0,43.8,
WO-11412,injection molding,IM-005,M-INJ-008,2026-11-24,224.2,68.8,12.5,63.4,39.8,
WO-11413,Injection Molding,IM-005,M-INJ-005,2026-11-25,222.7,73.0,11.7,60.4,44.3,
WO-11414,Injection Molding,IM-005,M-INJ-005,2026-11-26,225.8,68.8,10.4,68.1,45.1,
WO-11415,Injection Molding,IM-005,M-INJ-008,2026-11-26,221.6,68.6,11.1,63.6,43.4,
WO-11416,Injection Molding,IM-005,M-INJ-008,2026-11-27,225.3,72.0,9.7,66.9,48.1,
WO-11417,Injection Molding,IM-005,M-INJ-008,2026-11-28,224.9,67.2,13.0,64.4,46.9,
WO-11418,  Injection Molding  ,IM-005,M-INJ-008,2026-11-28,226.6,70.5,11.8,66.4,47.0,
WO-11419,Injection Molding,IM-005,M-INJ-005,2026-11-29,224.1,74.2,9.3,68.5,45.4,
WO-11420,injection molding,IM-005,M-INJ-005,2026-11-30,224.1,76.1,12.8,63.3,47.1,
WO-11421,Injection Molding,IM-005,M-INJ-005,2026-12-01,226.4,72.0,11.1,70.0,38.5,
WO-11422,Injection Molding,IM-005,M-INJ-008,2026-12-02,225.8,79.7,13.7,61.6,46.0,
WO-11423,Injection Molding,IM-005,M-INJ-005,2026-12-02,222.5,66.7,11.0,64.5,48.5,
WO-11424,Injection Molding,IM-005,M-INJ-005,2026-12-03,226.1,64.9,10.8,58.1,44.0,
WO-11425,Injection Molding,IM-005,M-INJ-008,2026-12-03,226.5,65.2,10.9,70.1,43.6,
WO-11426,Injection Molding,IM-005,M-INJ-008,2026-12-04,228.8,72.3,11.7,66.4,46.1,
WO-11427,Injection Molding,IM-005,M-INJ-008,2026-12-04,223.4,72.4,10.6,67.6,42.5,
WO-11428,Injection Molding,IM-005,M-INJ-005,2026-12-06,223.1,62.9,9.8,70.6,48.0,
WO-11429,Injection Molding,IM-005,M-INJ-005,2026-12-06,226.8,70.0,9.2,60.4,40.3,
WO-11430,INJECTION MOLDING,IM-005,M-INJ-005,2026-12-07,225.2,71.0,11.9,63.0,48.2,
WO-11431,Injection Molding,IM-005,M-INJ-005,2026-12-08,223.5,72.9,12.0,68.7,47.0,
WO-11432,Injection Molding,IM-005,M-INJ-005,2026-12-08,224.2,65.5,11.9,62.5,43.6,
WO-11433,Injection Molding,IM-005,M-INJ-005,2026-12-09,223.5,71.0,12.7,54.1,45.0,
WO-11434,Injection Molding,IM-005,M-INJ-008,2026-12-09,222.6,70.6,13.6,62.6,45.6,
WO-11435,Injection Molding,IM-005,M-INJ-008,2026-12-10,226.7,66.0,12.2,60.7,45.6,
WO-11436,Injection Molding,IM-005,M-INJ-008,2026-12-11,224.5,62.9,10.3,76.5,46.6,
WO-11437,Injection Molding,IM-005,M-INJ-008,2026-12-11,221.0,69.1,12.1,66.4,46.6,
WO-11438,INJECTION MOLDING,IM-005,M-INJ-008,2026-12-12,224.0,76.3,11.2,71.1,50.1,
WO-11439,Injection Molding,IM-005,M-INJ-008,2026-12-13,224.7,72.6,11.5,61.9,47.3,
WO-11440,Injection Molding,IM-005,M-INJ-008,2026-12-14,222.8,69.7,8.2,68.5,42.1,
WO-11441,Injection Molding,IM-005,M-INJ-008,2026-12-14,225.2,72.6,10.6,59.6,46.0,
WO-11442,Injection Molding,IM-005,M-INJ-008,2026-12-15,224.6,66.4,11.2,66.8,45.4,
WO-11443,  Injection Molding  ,IM-005,M-INJ-005,2026-12-16,225.3,69.9,9.8,67.3,52.0,
WO-11444,Injection Molding,IM-005,M-INJ-008,2026-12-17,223.7,69.6,11.0,76.3,45.8,
WO-11445,Injection Molding,IM-005,M-INJ-005,2026-12-17,223.1,63.1,12.0,68.3,48.6,
WO-11446,Injection Molding,IM-005,M-INJ-005,2026-12-18,228.9,65.0,14.5,57.9,46.7,
WO-11447,Injection Molding,IM-005,M-INJ-005,2026-12-19,226.5,71.7,9.0,61.8,48.8,
WO-11448,Injection Molding,IM-005,M-INJ-008,2026-12-19,224.7,68.3,11.0,64.2,44.5,
WO-11449,Injection Molding,IM-005,M-INJ-008,2026-12-20,224.2,69.4,11.9,69.6,47.5,
WO-11450,Injection Molding,IM-005,M-INJ-005,2026-12-21,225.7,62.4,10.8,73.0,48.2,
WO-11451,Injection Molding,IM-005,M-INJ-005,2026-12-22,220.5,69.1,12.7,67.5,43.2,
WO-11452,Injection Molding,IM-005,M-INJ-005,2026-12-23,222.7,67.2,10.1,61.4,41.1,
WO-11453,Injection Molding,IM-005,M-INJ-005,2026-12-23,224.5,68.7,10.9,65.1,40.8,
WO-11454,INJECTION MOLDING,IM-005,M-INJ-005,2026-12-24,224.7,68.7,8.8,67.6,42.9,
WO-11455,Injection Molding,IM-005,M-INJ-005,2026-12-25,227.0,72.0,12.3,62.4,44.6,
WO-11456,injection molding,IM-005,M-INJ-005,2026-12-25,222.5,73.3,11.4,57.6,46.6,
WO-11457,Injection Molding,IM-005,M-INJ-005,2026-12-26,224.6,70.6,12.4,68.2,43.9,
WO-11458,Injection Molding,IM-005,M-INJ-005,2026-12-26,226.5,61.7,11.6,70.5,46.6,
WO-11459,Injection Molding,IM-005,M-INJ-005,2026-12-27,225.5,66.7,12.2,62.2,44.4,
WO-11460,Injection Molding,IM-005,M-INJ-008,2026-12-28,225.1,69.5,10.5,64.7,42.4,
WO-11461,Injection Molding,IM-005,M-INJ-008,2026-12-28,222.1,76.9,9.0,64.8,45.5,
WO-11462,Injection Molding,IM-005,M-INJ-008,2026-12-29,225.1,68.5,13.2,67.4,48.8,
WO-11463,INJECTION MOLDING,IM-005,M-INJ-005,2026-12-30,224.9,65.1,12.5,64.8,50.7,
WO-11464,Injection Molding,IM-006,M-INJ-006,2025-07-01,225.8,69.7,9.9,67.9,48.6,
WO-11465,Injection Molding,IM-006,M-INJ-009,2025-07-01,223.7,74.6,11.0,62.5,49.9,
WO-11466,Injection Molding,IM-006,M-INJ-009,2025-07-02,223.6,65.3,11.4,68.2,43.1,
WO-11467,Injection Molding,IM-006,M-INJ-006,2025-07-03,227.2,66.6,13.4,58.9,42.0,
WO-11468,Injection Molding,IM-006,M-INJ-006,2025-07-03,226.4,66.1,12.3,69.6,44.6,
WO-11469,INJECTION MOLDING,IM-006,M-INJ-006,2025-07-04,224.2,72.2,12.1,69.1,38.9,
WO-11470,Injection Molding,IM-006,M-INJ-006,2025-07-05,224.3,68.2,9.2,70.0,43.8,
WO-11471,injection molding,IM-006,M-INJ-006,2025-07-06,228.6,68.9,12.0,64.5,44.7,
WO-11472,  Injection Molding  ,IM-006,M-INJ-006,2025-07-06,225.3,73.8,13.3,65.2,45.0,
WO-11473,Injection Molding,IM-006,M-INJ-009,2025-07-07,225.0,70.1,10.5,63.3,46.5,
WO-11474,Injection Molding,IM-006,M-INJ-009,2025-07-08,222.8,65.6,10.0,67.0,45.0,
WO-11475,Injection Molding,IM-006,M-INJ-009,2025-07-08,227.7,62.7,10.9,64.2,43.5,
WO-11476,Injection Molding,IM-006,M-INJ-009,2025-07-09,220.6,70.6,10.1,66.5,49.4,
WO-11477,Injection Molding,IM-006,M-INJ-009,2025-07-09,221.3,63.3,9.7,63.0,39.5,
WO-11478,Injection Molding,IM-006,M-INJ-009,2025-07-10,221.7,68.2,11.6,70.3,40.1,
WO-11479,Injection Molding,IM-006,M-INJ-006,2025-07-11,222.4,70.5,10.2,62.3,44.1,
WO-11480,Injection Molding,IM-006,M-INJ-006,2025-07-12,226.3,69.4,12.0,57.2,45.0,
WO-11481,Injection Molding,IM-006,M-INJ-006,2025-07-12,222.4,75.9,8.6,70.6,43.2,
WO-11482,Injection Molding,IM-006,M-INJ-009,2025-07-13,223.3,76.9,10.4,65.2,48.3,
WO-11483,Injection Molding,IM-006,M-INJ-009,2025-07-14,224.4,63.9,10.3,70.6,46.0,
WO-11484,Injection Molding,IM-006,M-INJ-009,2025-07-14,223.9,69.4,9.5,61.0,45.1,
WO-11485,Injection Molding,IM-006,M-INJ-009,2025-07-15,221.9,66.0,9.4,61.2,45.1,
WO-11486,Injection Molding,IM-006,M-INJ-009,2025-07-15,225.5,78.2,9.9,62.6,44.3,
WO-11487,Injection Molding,IM-006,M-INJ-006,2025-07-16,225.1,72.0,10.3,72.3,45.6,
WO-11488,Injection Molding,IM-006,M-INJ-006,2025-07-17,223.7,73.4,11.4,59.7,39.2,
WO-11489,Injection Molding,IM-006,M-INJ-006,2025-07-18,225.3,78.7,11.7,70.1,49.0,
WO-11490,Injection Molding,IM-006,M-INJ-006,2025-07-18,224.8,68.4,11.3,59.7,49.7,
WO-11491,Injection Molding,IM-006,M-INJ-006,2025-07-19,224.9,63.5,10.7,57.8,47.9,
WO-11492,Injection Molding,IM-006,M-INJ-006,2025-07-19,225.8,74.3,13.9,67.6,37.8,
WO-11493,Injection Molding,IM-006,M-INJ-009,2025-07-20,225.1,69.2,10.1,60.4,43.8,
WO-11494,Injection Molding,IM-006,M-INJ-009,2025-07-20,221.6,69.0,9.7,59.0,46.5,
WO-11495,Injection Molding,IM-006,M-INJ-006,2025-07-21,226.2,74.8,8.8,64.1,43.3,
WO-11496,injection molding,IM-006,M-INJ-006,2025-07-22,227.5,65.5,10.8,59.8,48.9,
WO-11497,Injection Molding,IM-006,M-INJ-009,2025-07-23,224.9,80.2,10.2,63.5,40.9,
WO-11498,Injection Molding,IM-006,M-INJ-006,2025-07-23,223.7,71.6,10.0,74.8,42.8,
WO-11499,Injection Molding,IM-006,M-INJ-009,2025-07-24,228.7,67.2,11.9,65.0,43.6,
WO-11500,Injection Molding,IM-006,M-INJ-006,2025-07-25,225.8,65.8,10.2,62.4,47.1,
WO-11501,  Injection Molding  ,IM-006,M-INJ-009,2025-07-26,226.0,68.1,9.2,65.5,48.0,
WO-11502,Injection Molding,IM-006,M-INJ-006,2025-07-27,225.2,72.7,11.5,56.2,49.5,
WO-11503,Injection Molding,IM-006,M-INJ-006,2025-07-27,222.4,72.0,11.6,58.0,42.2,
WO-11504,Injection Molding,IM-006,M-INJ-006,2025-07-28,224.8,77.2,9.1,64.5,49.0,
WO-11505,Injection Molding,IM-006,M-INJ-009,2025-07-29,228.5,67.6,10.6,75.4,47.2,
WO-11506,Injection Molding,IM-006,M-INJ-009,2025-07-29,222.2,72.5,9.2,63.7,49.6,
WO-11507,INJECTION MOLDING,IM-006,M-INJ-009,2025-07-30,226.8,69.9,12.2,64.2,47.0,
WO-11508,INJECTION MOLDING,IM-006,M-INJ-009,2025-07-30,222.3,64.0,10.2,75.8,46.3,
WO-11509,Injection Molding,IM-006,M-INJ-009,2025-07-31,226.8,69.5,10.4,64.3,47.8,
WO-11510,INJECTION MOLDING,IM-006,M-INJ-009,2025-07-31,227.9,72.0,12.5,62.5,45.2,
WO-11511,Injection Molding,IM-006,M-INJ-009,2025-08-01,225.7,77.0,10.4,55.7,49.5,
WO-11512,Injection Molding,IM-006,M-INJ-009,2025-08-02,226.8,73.6,10.3,62.2,44.2,
WO-11513,  Injection Molding  ,IM-006,M-INJ-009,2025-08-03,225.7,70.0,11.9,69.1,51.7,
WO-11514,Injection Molding,IM-006,M-INJ-009,2025-08-03,227.2,66.2,10.9,72.1,52.7,
WO-11515,injection molding,IM-006,M-INJ-006,2025-08-04,227.3,71.3,9.6,67.7,47.0,
WO-11516,Injection Molding,IM-006,M-INJ-006,2025-08-05,219.5,74.5,9.7,62.0,43.7,
WO-11517,Injection Molding,IM-006,M-INJ-006,2025-08-06,224.5,74.6,9.1,60.2,43.7,
WO-11518,Injection Molding,IM-006,M-INJ-006,2025-08-07,223.0,67.5,11.5,69.2,48.3,
WO-11519,injection molding,IM-006,M-INJ-009,2025-08-07,227.6,69.0,9.8,77.5,44.8,
WO-11520,Injection Molding,IM-006,M-INJ-009,2025-08-08,222.2,68.4,11.9,63.1,41.2,
WO-11521,INJECTION MOLDING,IM-006,M-INJ-009,2025-08-08,224.5,73.5,9.9,72.1,44.4,
WO-11522,Injection Molding,IM-006,M-INJ-009,2025-08-09,226.8,67.4,10.2,72.1,49.4,
WO-11523,Injection Molding,IM-006,M-INJ-009,2025-08-09,224.8,63.5,11.9,68.3,45.3,
WO-11524,Injection Molding,IM-006,M-INJ-009,2025-08-10,225.1,69.7,11.5,69.3,43.7,
WO-11525,Injection Molding,IM-006,M-INJ-009,2025-08-11,225.4,63.5,12.1,60.9,44.2,
WO-11526,Injection Molding,IM-006,M-INJ-009,2025-08-11,223.5,71.3,10.4,72.6,47.6,
WO-11527,Injection Molding,IM-006,M-INJ-009,2025-08-12,222.7,69.8,11.5,64.4,43.2,
WO-11528,Injection Molding,IM-006,M-INJ-009,2025-08-13,221.7,68.9,12.5,69.2,41.0,
WO-11529,Injection Molding,IM-006,M-INJ-009,2025-08-14,224.6,71.1,10.3,64.9,47.7,
WO-11530,Injection Molding,IM-006,M-INJ-009,2025-08-14,226.6,68.6,11.4,63.1,43.1,
WO-11531,Injection Molding,IM-006,M-INJ-009,2025-08-15,227.5,64.9,10.6,65.6,44.6,
WO-11532,Injection Molding,IM-006,M-INJ-006,2025-08-16,224.5,64.4,10.9,68.6,42.0,
WO-11533,Injection Molding,IM-006,M-INJ-006,2025-08-16,224.8,65.5,10.2,66.0,47.6,
WO-11534,Injection Molding,IM-006,M-INJ-006,2025-08-17,227.1,74.2,8.2,56.2,46.1,
WO-11535,Injection Molding,IM-006,M-INJ-006,2025-08-18,222.7,68.1,11.5,62.8,43.2,
WO-11536,Injection Molding,IM-006,M-INJ-006,2025-08-19,225.1,66.4,9.6,59.2,43.8,
WO-11537,Injection Molding,IM-006,M-INJ-009,2025-08-19,227.0,69.1,9.1,61.2,46.3,
WO-11538,Injection Molding,IM-006,M-INJ-009,2025-08-20,225.9,66.7,12.8,64.3,44.4,
WO-11539,INJECTION MOLDING,IM-006,M-INJ-009,2025-08-21,224.5,71.4,12.6,62.3,44.9,
WO-11540,Injection Molding,IM-006,M-INJ-009,2025-08-21,223.1,67.3,11.2,55.5,46.1,
WO-11541,  Injection Molding  ,IM-006,M-INJ-009,2025-08-22,222.9,72.3,12.4,68.9,47.0,
WO-11542,Injection Molding,IM-006,M-INJ-009,2025-08-22,225.3,70.3,11.6,72.6,49.7,
WO-11543,Injection Molding,IM-006,M-INJ-009,2025-08-23,225.1,67.7,10.7,68.5,46.1,
WO-11544,Injection Molding,IM-006,M-INJ-009,2025-08-24,224.3,75.4,12.0,67.4,46.6,
WO-11545,Injection Molding,IM-006,M-INJ-009,2025-08-24,228.0,68.3,10.8,65.5,43.0,
WO-11546,Injection Molding,IM-006,M-INJ-006,2025-08-25,223.6,72.0,11.7,62.3,49.1,
WO-11547,Injection Molding,IM-006,M-INJ-009,2025-08-26,226.2,75.5,10.8,66.6,45.4,
WO-11548,injection molding,IM-006,M-INJ-009,2025-08-26,223.2,59.1,9.9,73.4,43.8,
WO-11549,Injection Molding,IM-006,M-INJ-006,2025-08-27,224.5,63.9,13.7,71.4,49.8,
WO-11550,Injection Molding,IM-006,M-INJ-006,2025-08-28,223.6,69.8,13.0,60.8,39.7,
WO-11551,  Injection Molding  ,IM-006,M-INJ-009,2025-08-29,224.4,63.1,13.5,76.7,43.2,
WO-11552,injection molding,IM-006,M-INJ-009,2025-08-29,225.7,74.5,10.6,63.4,42.6,
WO-11553,Injection Molding,IM-006,M-INJ-006,2025-08-30,225.1,72.6,8.5,66.0,43.6,
WO-11554,Injection Molding,IM-006,M-INJ-006,2025-08-30,226.3,71.2,11.9,69.2,47.3,
WO-11555,Injection Molding,IM-006,M-INJ-006,2025-08-31,223.3,73.0,11.9,61.6,39.2,
WO-11556,Injection Molding,IM-006,M-INJ-006,2025-09-01,221.9,75.6,9.6,62.2,41.5,
WO-11557,Injection Molding,IM-006,M-INJ-006,2025-09-01,224.3,73.6,11.1,61.4,42.2,
WO-11558,Injection Molding,IM-006,M-INJ-006,2025-09-02,220.1,72.6,12.4,59.1,43.9,
WO-11559,INJECTION MOLDING,IM-006,M-INJ-009,2025-09-03,224.7,64.8,12.5,66.3,42.3,
WO-11560,Injection Molding,IM-006,M-INJ-009,2025-09-03,223.0,67.5,11.9,68.6,46.6,
WO-11561,INJECTION MOLDING,IM-006,M-INJ-009,2025-09-04,225.7,72.8,9.9,64.7,45.0,
WO-11562,Injection Molding,IM-006,M-INJ-009,2025-09-05,225.1,72.1,9.5,63.0,42.1,
WO-11563,injection molding,IM-006,M-INJ-009,2025-09-05,226.6,74.9,10.4,70.7,42.1,
WO-11564,Injection Molding,IM-006,M-INJ-009,2025-09-06,228.2,72.6,12.3,65.9,44.7,
WO-11565,Injection Molding,IM-006,M-INJ-006,2025-09-07,224.2,69.6,9.0,65.5,46.6,
WO-11566,Injection Molding,IM-006,M-INJ-009,2025-09-07,222.9,71.2,11.7,64.0,47.3,
WO-11567,  Injection Molding  ,IM-006,M-INJ-009,2025-09-08,226.7,69.3,11.4,60.6,46.3,
WO-11568,Injection Molding,IM-006,M-INJ-009,2025-09-09,228.0,75.1,11.5,60.5,44.1,
WO-11569,Injection Molding,IM-006,M-INJ-009,2025-09-09,227.7,73.7,11.0,61.9,43.0,
WO-11570,Injection Molding,IM-006,M-INJ-009,2025-09-10,224.1,66.8,10.7,69.0,46.7,
WO-11571,injection molding,IM-006,M-INJ-006,2025-09-11,227.0,72.2,11.6,62.6,41.3,
WO-11572,Injection Molding,IM-006,M-INJ-006,2025-09-11,226.3,72.0,9.3,74.8,41.1,
WO-11573,injection molding,IM-006,M-INJ-006,2025-09-12,226.6,68.2,12.1,67.4,48.1,
WO-11574,Injection Molding,IM-006,M-INJ-006,2025-09-13,222.3,71.4,13.0,69.4,42.3,
WO-11575,Injection Molding,IM-006,M-INJ-009,2025-09-13,226.7,67.9,11.6,61.3,43.1,
WO-11576,Injection Molding,IM-006,M-INJ-009,2025-09-14,227.6,68.8,10.9,62.1,43.5,
WO-11577,Injection Molding,IM-006,M-INJ-006,2025-09-15,225.6,80.4,11.8,77.5,46.9,
WO-11578,Injection Molding,IM-006,M-INJ-006,2025-09-16,223.4,71.0,12.4,71.1,45.2,
WO-11579,Injection Molding,IM-006,M-INJ-006,2025-09-16,224.8,69.1,10.5,64.2,44.7,
WO-11580,Injection Molding,IM-006,M-INJ-006,2025-09-17,223.6,62.7,9.6,56.6,37.7,
WO-11581,Injection Molding,IM-006,M-INJ-006,2025-09-18,226.3,74.9,11.8,56.8,46.6,
WO-11582,Injection Molding,IM-006,M-INJ-006,2025-09-19,225.2,74.1,10.8,72.8,41.7,
WO-11583,Injection Molding,IM-006,M-INJ-006,2025-09-19,225.6,65.3,10.4,65.0,41.0,
WO-11584,Injection Molding,IM-006,M-INJ-006,2025-09-20,226.3,70.2,9.9,64.0,37.1,
WO-11585,Injection Molding,IM-006,M-INJ-006,2025-09-21,226.1,74.6,8.9,68.1,38.6,
WO-11586,Injection Molding,IM-006,M-INJ-009,2025-09-22,225.8,68.3,13.1,65.2,51.9,
WO-11587,Injection Molding,IM-006,M-INJ-009,2025-09-22,224.3,67.9,10.4,71.2,45.1,
WO-11588,Injection Molding,IM-006,M-INJ-009,2025-09-23,224.3,78.3,11.0,67.6,49.8,
WO-11589,Injection Molding,IM-006,M-INJ-009,2025-09-24,226.4,73.8,10.9,69.5,46.2,
WO-11590,Injection Molding,IM-006,M-INJ-009,2025-09-24,227.6,74.2,12.7,71.2,39.5,
WO-11591,  Injection Molding  ,IM-006,M-INJ-006,2025-09-25,226.8,76.0,12.0,75.3,43.0,
WO-11592,Injection Molding,IM-006,M-INJ-009,2025-09-25,227.7,68.4,10.0,64.7,48.7,
WO-11593,Injection Molding,IM-006,M-INJ-009,2025-09-26,226.1,64.3,10.9,56.9,37.9,
WO-11594,Injection Molding,IM-006,M-INJ-009,2025-09-26,222.6,65.7,12.0,65.0,50.7,
WO-11595,Injection Molding,IM-006,M-INJ-009,2025-09-27,222.3,68.2,10.6,63.5,48.2,
WO-11596,Injection Molding,IM-006,M-INJ-009,2025-09-28,226.2,76.6,10.3,61.4,41.5,
WO-11597,Injection Molding,IM-006,M-INJ-009,2025-09-28,227.1,73.4,9.6,62.4,42.8,
WO-11598,Injection Molding,IM-006,M-INJ-009,2025-09-29,224.2,71.5,10.9,62.4,46.0,
WO-11599,Injection Molding,IM-006,M-INJ-009,2025-09-29,226.5,69.3,11.9,64.7,46.8,
WO-11600,Injection Molding,IM-006,M-INJ-009,2025-09-30,224.1,64.8,12.6,67.3,47.6,
WO-11601,Injection Molding,IM-006,M-INJ-009,2025-09-30,228.7,83.5,12.2,63.8,47.6,
WO-11602,Injection Molding,IM-006,M-INJ-006,2025-10-01,227.7,70.0,11.8,64.4,44.8,
WO-11603,Injection Molding,IM-006,M-INJ-009,2025-10-02,227.0,64.3,11.5,77.6,46.1,
WO-11604,Injection Molding,IM-006,M-INJ-009,2025-10-02,220.2,67.4,9.5,67.6,49.7,
WO-11605,Injection Molding,IM-006,M-INJ-009,2025-10-03,225.1,74.9,10.7,73.5,44.4,
WO-11606,injection molding,IM-006,M-INJ-006,2025-10-03,224.7,71.2,11.3,68.2,47.8,
WO-11607,Injection Molding,IM-006,M-INJ-009,2025-10-04,222.9,66.6,11.2,57.6,47.1,
WO-11608,INJECTION MOLDING,IM-006,M-INJ-009,2025-10-04,224.2,73.6,12.2,67.6,41.4,
WO-11609,Injection Molding,IM-006,M-INJ-006,2025-10-05,228.5,74.6,9.5,63.2,43.8,
WO-11610,Injection Molding,IM-006,M-INJ-006,2025-10-06,225.0,71.1,11.7,76.5,44.0,
WO-11611,Injection Molding,IM-006,M-INJ-006,2025-10-06,221.8,68.7,10.7,53.8,53.5,
WO-11612,Injection Molding,IM-006,M-INJ-009,2025-10-07,226.3,60.0,9.4,57.5,43.6,
WO-11613,Injection Molding,IM-006,M-INJ-009,2025-10-08,225.3,70.0,13.6,74.5,38.8,
WO-11614,Injection Molding,IM-006,M-INJ-006,2025-10-08,222.1,72.5,10.9,69.3,44.4,
WO-11615,Injection Molding,IM-006,M-INJ-006,2025-10-09,225.7,72.4,9.2,60.7,47.6,
WO-11616,Injection Molding,IM-006,M-INJ-009,2025-10-10,227.3,65.5,12.4,70.7,41.7,
WO-11617,Injection Molding,IM-006,M-INJ-006,2025-10-10,224.7,74.6,11.6,65.8,49.9,
WO-11618,Injection Molding,IM-006,M-INJ-006,2025-10-11,225.8,73.3,12.8,63.2,44.4,
WO-11619,Injection Molding,IM-006,M-INJ-006,2025-10-12,225.3,69.5,12.1,65.3,45.3,
WO-11620,Injection Molding,IM-006,M-INJ-009,2025-10-12,222.5,64.3,12.2,67.6,48.7,
WO-11621,Injection Molding,IM-006,M-INJ-009,2025-10-13,226.7,70.4,14.0,60.5,46.1,
WO-11622,Injection Molding,IM-006,M-INJ-009,2025-10-14,228.4,67.3,11.5,71.0,46.4,
WO-11623,INJECTION MOLDING,IM-006,M-INJ-009,2025-10-15,226.6,60.8,11.3,67.7,44.5,
WO-11624,Injection Molding,IM-006,M-INJ-006,2025-10-16,226.3,62.8,9.3,61.7,43.9,
WO-11625,Injection Molding,IM-006,M-INJ-006,2025-10-16,222.3,70.0,10.2,69.0,47.9,
WO-11626,Injection Molding,IM-006,M-INJ-006,2025-10-17,230.4,76.2,11.0,64.9,49.8,
WO-11627,Injection Molding,IM-006,M-INJ-006,2025-10-18,225.3,72.5,11.8,61.4,51.0,
WO-11628,INJECTION MOLDING,IM-006,M-INJ-009,2025-10-18,224.9,71.1,8.8,62.3,48.1,
WO-11629,Injection Molding,IM-006,M-INJ-009,2025-10-19,223.1,64.6,14.4,62.5,42.0,
WO-11630,Injection Molding,IM-006,M-INJ-006,2025-10-20,224.2,66.8,9.6,68.4,49.2,
WO-11631,Injection Molding,IM-006,M-INJ-006,2025-10-20,223.9,72.5,11.2,56.6,41.1,
WO-11632,  Injection Molding  ,IM-006,M-INJ-009,2025-10-21,227.8,61.0,10.5,58.7,39.2,
WO-11633,Injection Molding,IM-006,M-INJ-009,2025-10-22,225.7,71.6,9.5,70.0,40.3,
WO-11634,Injection Molding,IM-006,M-INJ-009,2025-10-22,224.6,65.9,13.1,46.8,43.0,
WO-11635,Injection Molding,IM-006,M-INJ-006,2025-10-23,222.8,69.2,9.6,58.1,40.7,
WO-11636,Injection Molding,IM-006,M-INJ-006,2025-10-24,226.0,69.9,11.3,62.7,46.3,
WO-11637,Injection Molding,IM-006,M-INJ-006,2025-10-24,224.6,72.9,12.1,58.1,46.2,
WO-11638,Injection Molding,IM-006,M-INJ-009,2025-10-25,226.6,71.6,11.4,69.4,48.0,
WO-11639,Injection Molding,IM-006,M-INJ-009,2025-10-26,225.4,68.4,12.3,59.2,43.6,
WO-11640,Injection Molding,IM-006,M-INJ-006,2025-10-26,222.7,69.8,10.8,69.2,45.7,
WO-11641,Injection Molding,IM-006,M-INJ-006,2025-10-27,222.1,69.0,12.5,64.5,40.5,
WO-11642,Injection Molding,IM-006,M-INJ-006,2025-10-28,225.8,68.5,12.0,63.1,46.4,
WO-11643,Injection Molding,IM-006,M-INJ-009,2025-10-29,226.0,75.6,10.1,71.6,48.9,
WO-11644,Injection Molding,IM-006,M-INJ-009,2025-10-29,226.4,67.7,10.8,66.5,46.2,
WO-11645,Injection Molding,IM-006,M-INJ-009,2025-10-30,223.5,64.6,12.1,61.8,45.0,
WO-11646,Injection Molding,IM-006,M-INJ-006,2025-10-31,220.8,73.0,14.1,56.2,47.9,
WO-11647,Injection Molding,IM-006,M-INJ-006,2025-10-31,227.3,77.3,12.3,65.8,44.1,
WO-11648,Injection Molding,IM-006,M-INJ-006,2025-11-01,225.2,69.3,8.4,67.0,42.5,
WO-11649,Injection Molding,IM-006,M-INJ-006,2025-11-02,224.7,71.6,12.5,72.4,40.5,
WO-11650,Injection Molding,IM-006,M-INJ-006,2025-11-03,223.7,66.9,11.2,57.3,44.8,
WO-11651,Injection Molding,IM-006,M-INJ-006,2025-11-03,226.7,72.3,13.2,72.3,47.7,
WO-11652,Injection Molding,IM-006,M-INJ-006,2025-11-04,227.0,68.7,10.7,70.7,47.0,
WO-11653,Injection Molding,IM-006,M-INJ-006,2025-11-05,225.4,67.5,10.5,68.1,44.4,
WO-11654,Injection Molding,IM-006,M-INJ-006,2025-11-05,222.9,68.9,10.6,76.4,44.7,
WO-11655,INJECTION MOLDING,IM-006,M-INJ-006,2025-11-06,223.0,73.0,10.2,66.1,44.8,
WO-11656,Injection Molding,IM-006,M-INJ-006,2025-11-06,221.8,70.2,11.1,72.2,40.9,
WO-11657,Injection Molding,IM-006,M-INJ-006,2025-11-07,226.6,67.2,11.0,63.9,49.2,
WO-11658,Injection Molding,IM-006,M-INJ-009,2025-11-08,224.8,67.8,10.4,58.9,43.9,
WO-11659,INJECTION MOLDING,IM-006,M-INJ-009,2025-11-09,221.4,73.6,12.1,57.7,41.5,
WO-11660,Injection Molding,IM-006,M-INJ-009,2025-11-09,224.8,67.4,10.7,68.3,44.5,
WO-11661,Injection Molding,IM-006,M-INJ-009,2025-11-10,228.3,70.3,12.3,66.6,46.3,
WO-11662,Injection Molding,IM-006,M-INJ-009,2025-11-10,225.8,65.5,10.6,62.6,45.1,
WO-11663,INJECTION MOLDING,IM-006,M-INJ-009,2025-11-11,226.6,65.0,11.1,62.1,40.2,
WO-11664,Injection Molding,IM-006,M-INJ-006,2025-11-12,225.3,73.6,10.7,57.0,47.6,
WO-11665,Injection Molding,IM-006,M-INJ-006,2025-11-12,225.5,66.9,11.3,64.0,41.9,
WO-11666,Injection Molding,IM-006,M-INJ-006,2025-11-13,225.4,66.7,12.1,73.2,46.4,
WO-11667,Injection Molding,IM-006,M-INJ-006,2025-11-14,223.4,69.3,12.2,61.4,46.2,
WO-11668,Injection Molding,IM-006,M-INJ-006,2025-11-14,224.7,69.3,10.1,60.9,46.9,
WO-11669,Injection Molding,IM-006,M-INJ-009,2025-11-15,221.8,71.0,11.2,63.7,45.9,
WO-11670,Injection Molding,IM-006,M-INJ-009,2025-11-16,223.3,73.3,12.4,64.6,45.3,
WO-11671,Injection Molding,IM-006,M-INJ-009,2025-11-16,228.7,67.2,11.6,63.4,44.1,
WO-11672,injection molding,IM-006,M-INJ-009,2025-11-17,225.9,74.9,10.9,75.9,43.8,
WO-11673,Injection Molding,IM-006,M-INJ-009,2025-11-18,228.8,74.5,11.4,63.0,44.4,
WO-11674,Injection Molding,IM-006,M-INJ-009,2025-11-18,222.1,66.4,10.2,63.0,41.2,
WO-11675,Injection Molding,IM-006,M-INJ-009,2025-11-19,225.4,65.8,12.4,67.5,45.9,
WO-11676,injection molding,IM-006,M-INJ-009,2025-11-20,227.4,64.9,11.4,67.2,49.8,
WO-11677,Injection Molding,IM-006,M-INJ-009,2025-11-21,224.9,64.6,11.1,61.0,42.1,
WO-11678,Injection Molding,IM-006,M-INJ-009,2025-11-22,226.1,71.8,10.5,62.2,48.9,
WO-11679,INJECTION MOLDING,IM-006,M-INJ-009,2025-11-22,225.1,73.0,11.9,72.8,43.2,
WO-11680,Injection Molding,IM-006,M-INJ-006,2025-11-23,224.5,78.2,7.8,60.5,45.0,
WO-11681,  Injection Molding  ,IM-006,M-INJ-006,2025-11-24,223.3,69.1,12.6,65.8,42.8,
WO-11682,INJECTION MOLDING,IM-006,M-INJ-006,2025-11-24,224.0,72.6,12.8,58.9,52.5,
WO-11683,Injection Molding,IM-006,M-INJ-006,2025-11-25,225.1,75.3,13.0,63.2,44.1,
WO-11684,Injection Molding,IM-006,M-INJ-009,2025-11-26,220.6,70.6,9.4,74.9,50.2,
WO-11685,Injection Molding,IM-006,M-INJ-009,2025-11-26,225.0,73.2,10.0,64.4,49.8,
WO-11686,Injection Molding,IM-006,M-INJ-009,2025-11-27,223.5,67.2,11.8,60.6,43.1,
WO-11687,Injection Molding,IM-006,M-INJ-009,2025-11-27,222.6,74.7,11.7,66.5,46.5,
WO-11688,Injection Molding,IM-006,M-INJ-009,2025-11-28,223.0,64.3,11.3,62.8,36.5,
WO-11689,Injection Molding,IM-006,M-INJ-006,2025-11-28,226.0,71.7,9.3,51.7,40.7,
WO-11690,Injection Molding,IM-006,M-INJ-006,2025-11-29,222.5,71.7,13.6,65.7,46.7,
WO-11691,Injection Molding,IM-006,M-INJ-006,2025-11-30,227.9,65.1,11.5,66.4,50.5,
WO-11692,Injection Molding,IM-006,M-INJ-009,2025-12-01,226.4,74.9,14.0,67.2,45.8,
WO-11693,Injection Molding,IM-006,M-INJ-009,2025-12-01,227.1,73.4,10.1,61.1,45.0,
WO-11694,Injection Molding,IM-006,M-INJ-009,2025-12-02,227.8,72.3,10.5,69.2,43.7,
WO-11695,Injection Molding,IM-006,M-INJ-009,2025-12-03,223.8,72.5,11.8,64.7,41.8,
WO-11696,Injection Molding,IM-006,M-INJ-009,2025-12-03,227.2,70.5,10.9,64.6,46.5,
WO-11697,Injection Molding,IM-006,M-INJ-006,2025-12-04,225.6,69.2,10.9,62.6,42.7,
WO-11698,Injection Molding,IM-006,M-INJ-006,2025-12-05,225.7,69.7,12.0,65.8,46.5,
WO-11699,Injection Molding,IM-006,M-INJ-006,2025-12-05,221.5,75.7,12.3,62.4,40.8,
WO-11700,Injection Molding,IM-006,M-INJ-006,2025-12-06,223.7,59.1,10.2,61.5,44.9,
WO-11701,Injection Molding,IM-006,M-INJ-006,2025-12-07,223.5,70.9,11.4,62.8,42.9,
WO-11702,Injection Molding,IM-006,M-INJ-009,2025-12-08,223.9,70.4,8.2,67.9,45.5,
WO-11703,Injection Molding,IM-006,M-INJ-009,2025-12-09,220.9,67.6,9.6,67.0,45.8,
WO-11704,injection molding,IM-006,M-INJ-009,2025-12-09,225.2,69.7,13.4,68.6,43.2,
WO-11705,Injection Molding,IM-006,M-INJ-006,2025-12-10,224.0,60.9,10.5,64.4,44.1,
WO-11706,Injection Molding,IM-006,M-INJ-006,2025-12-10,223.4,75.8,9.9,64.9,44.6,
WO-11707,Injection Molding,IM-006,M-INJ-006,2025-12-11,222.0,68.9,10.0,60.7,46.0,
WO-11708,Injection Molding,IM-006,M-INJ-006,2025-12-12,222.6,70.3,12.2,67.4,48.6,
WO-11709,Injection Molding,IM-006,M-INJ-006,2025-12-12,225.6,77.4,9.8,69.6,48.8,
WO-11710,Injection Molding,IM-006,M-INJ-006,2025-12-13,225.4,71.1,11.1,55.1,46.5,
WO-11711,Injection Molding,IM-006,M-INJ-006,2025-12-13,227.9,69.6,9.8,67.0,44.9,
WO-11712,INJECTION MOLDING,IM-006,M-INJ-006,2025-12-14,227.2,75.0,11.6,61.0,44.9,
WO-11713,Injection Molding,IM-006,M-INJ-006,2025-12-15,226.2,70.3,10.6,61.2,46.8,
WO-11714,Injection Molding,IM-006,M-INJ-006,2025-12-15,220.7,70.6,11.2,62.5,43.7,
WO-11715,Injection Molding,IM-006,M-INJ-006,2025-12-16,222.9,74.8,10.6,63.3,46.8,
WO-11716,Injection Molding,IM-006,M-INJ-006,2025-12-17,225.8,67.6,13.2,60.6,43.9,
WO-11717,Injection Molding,IM-006,M-INJ-009,2025-12-18,224.3,78.0,11.4,62.3,42.7,
WO-11718,  Injection Molding  ,IM-006,M-INJ-009,2025-12-18,225.7,72.9,10.8,69.0,44.5,
WO-11719,INJECTION MOLDING,IM-006,M-INJ-009,2025-12-19,225.2,76.4,11.4,67.9,40.7,
WO-11720,Injection Molding,IM-006,M-INJ-009,2025-12-19,224.5,70.6,8.6,58.6,45.9,
WO-11721,Injection Molding,IM-006,M-INJ-009,2025-12-20,231.5,73.4,9.4,76.4,43.9,
WO-11722,Injection Molding,IM-006,M-INJ-009,2025-12-21,224.5,74.7,10.0,69.5,41.0,
WO-11723,Injection Molding,IM-006,M-INJ-009,2025-12-22,225.6,75.1,10.9,64.7,38.7,
WO-11724,Injection Molding,IM-006,M-INJ-006,2025-12-22,224.5,70.9,11.9,65.6,47.0,
WO-11725,INJECTION MOLDING,IM-006,M-INJ-006,2025-12-23,224.8,62.8,12.2,69.2,43.7,
WO-11726,Injection Molding,IM-006,M-INJ-006,2025-12-24,225.3,73.2,9.1,57.7,44.1,
WO-11727,Injection Molding,IM-006,M-INJ-006,2025-12-24,225.0,68.9,10.7,67.9,46.1,
WO-11728,Injection Molding,IM-006,M-INJ-006,2025-12-25,228.2,69.5,12.0,69.2,45.0,
WO-11729,Injection Molding,IM-006,M-INJ-009,2025-12-26,222.5,71.0,12.3,63.3,48.6,
WO-11730,Injection Molding,IM-006,M-INJ-009,2025-12-26,223.2,75.1,10.7,74.4,45.7,
WO-11731,Injection Molding,IM-006,M-INJ-009,2025-12-27,225.9,75.4,11.5,65.3,45.2,
WO-11732,Injection Molding,IM-006,M-INJ-009,2025-12-27,226.0,66.8,11.2,56.3,47.6,
WO-11733,Injection Molding,IM-006,M-INJ-009,2025-12-28,226.3,76.2,11.4,75.7,46.0,
WO-11734,Injection Molding,IM-006,M-INJ-006,2025-12-29,221.4,68.9,12.3,67.1,46.0,
WO-11735,Injection Molding,IM-006,M-INJ-006,2025-12-30,226.4,73.3,13.6,66.7,41.9,
WO-11736,Injection Molding,IM-006,M-INJ-006,2025-12-31,222.7,78.9,9.1,57.7,41.3,
WO-11737,Injection Molding,IM-006,M-INJ-009,2025-12-31,225.7,74.3,9.6,57.8,46.4,
WO-11738,Injection Molding,IM-006,M-INJ-009,2026-01-01,221.1,71.4,10.3,64.1,46.2,
WO-11739,Injection Molding,IM-006,M-INJ-009,2026-01-02,224.4,61.3,14.4,64.4,46.3,
WO-11740,Injection Molding,IM-006,M-INJ-009,2026-01-02,226.7,72.7,10.6,57.9,45.1,
WO-11741,Injection Molding,IM-006,M-INJ-009,2026-01-03,227.0,72.2,10.6,64.6,46.4,
WO-11742,Injection Molding,IM-006,M-INJ-009,2026-01-04,222.5,69.0,10.4,79.1,47.4,
WO-11743,Injection Molding,IM-006,M-INJ-009,2026-01-04,222.1,74.0,9.7,68.5,44.7,
WO-11744,Injection Molding,IM-006,M-INJ-009,2026-01-05,227.2,80.2,11.7,66.3,47.3,
WO-11745,  Injection Molding  ,IM-006,M-INJ-009,2026-01-06,227.6,69.7,10.4,71.7,45.1,
WO-11746,Injection Molding,IM-006,M-INJ-006,2026-01-06,224.1,65.7,12.2,73.5,45.7,
WO-11747,Injection Molding,IM-006,M-INJ-006,2026-01-07,225.7,67.3,9.5,55.7,42.6,
WO-11748,Injection Molding,IM-006,M-INJ-006,2026-01-08,225.0,74.9,11.0,69.0,40.9,
WO-11749,INJECTION MOLDING,IM-006,M-INJ-006,2026-01-08,228.4,70.0,11.3,65.0,41.8,
WO-11750,Injection Molding,IM-006,M-INJ-006,2026-01-09,223.2,66.3,9.0,67.5,44.5,
WO-11751,Injection Molding,IM-006,M-INJ-006,2026-01-09,228.8,66.6,10.1,57.7,43.7,
WO-11752,Injection Molding,IM-006,M-INJ-006,2026-01-10,223.6,70.6,11.8,63.9,43.1,
WO-11753,Injection Molding,IM-006,M-INJ-009,2026-01-11,222.9,70.5,11.3,65.5,40.7,
WO-11754,Injection Molding,IM-006,M-INJ-009,2026-01-11,225.1,68.8,11.1,74.2,49.7,
WO-11755,Injection Molding,IM-006,M-INJ-006,2026-01-12,225.9,70.3,10.7,59.6,47.5,
WO-11756,Injection Molding,IM-006,M-INJ-006,2026-01-13,224.3,62.7,9.8,59.7,50.4,
WO-11757,Injection Molding,IM-006,M-INJ-009,2026-01-13,222.4,71.7,11.6,60.8,48.8,
WO-11758,Injection Molding,IM-006,M-INJ-009,2026-01-14,221.8,69.8,11.8,64.1,50.1,
WO-11759,Injection Molding,IM-006,M-INJ-009,2026-01-15,221.4,69.6,10.9,56.0,45.3,
WO-11760,Injection Molding,IM-006,M-INJ-009,2026-01-15,225.6,70.9,12.4,64.0,39.9,
WO-11761,Injection Molding,IM-006,M-INJ-006,2026-01-16,224.2,74.7,10.0,59.9,45.7,
WO-11762,Injection Molding,IM-006,M-INJ-006,2026-01-17,225.2,73.0,11.7,67.4,40.6,
WO-11763,Injection Molding,IM-006,M-INJ-006,2026-01-18,224.4,70.6,12.6,57.7,49.7,
WO-11764,Injection Molding,IM-006,M-INJ-009,2026-01-19,223.8,71.1,11.9,62.8,44.5,
WO-11765,INJECTION MOLDING,IM-006,M-INJ-006,2026-01-19,222.9,66.6,11.1,69.1,41.9,
WO-11766,Injection Molding,IM-006,M-INJ-006,2026-01-20,227.5,75.6,10.2,57.4,40.8,
WO-11767,Injection Molding,IM-006,M-INJ-006,2026-01-20,227.1,66.8,10.4,74.4,44.9,
WO-11768,injection molding,IM-006,M-INJ-006,2026-01-21,223.7,68.5,11.0,57.8,48.5,
WO-11769,Injection Molding,IM-006,M-INJ-006,2026-01-22,225.5,66.0,10.7,68.7,45.9,
WO-11770,Injection Molding,IM-006,M-INJ-006,2026-01-22,227.1,75.7,12.3,64.2,43.4,
WO-11771,Injection Molding,IM-006,M-INJ-006,2026-01-23,224.4,69.7,12.4,70.4,47.7,
WO-11772,Injection Molding,IM-006,M-INJ-006,2026-01-24,224.3,64.6,11.3,68.7,48.1,
WO-11773,Injection Molding,IM-006,M-INJ-006,2026-01-24,222.5,69.5,13.0,56.1,41.1,
WO-11774,Injection Molding,IM-006,M-INJ-006,2026-01-25,226.5,75.0,11.7,61.6,41.8,
WO-11775,Injection Molding,IM-006,M-INJ-006,2026-01-26,225.8,64.2,11.7,70.3,40.2,
WO-11776,Injection Molding,IM-006,M-INJ-006,2026-01-26,225.0,74.9,10.4,60.7,46.6,
WO-11777,injection molding,IM-006,M-INJ-006,2026-01-27,224.6,74.7,12.0,74.0,47.2,
WO-11778,Injection Molding,IM-006,M-INJ-009,2026-01-28,225.0,67.7,10.9,77.6,45.9,
WO-11779,Injection Molding,IM-006,M-INJ-006,2026-01-28,226.4,75.7,10.6,65.7,43.9,
WO-11780,Injection Molding,IM-006,M-INJ-006,2026-01-29,220.8,68.8,11.5,71.1,40.9,
WO-11781,Injection Molding,IM-006,M-INJ-006,2026-01-30,223.2,73.0,10.1,64.7,44.6,
WO-11782,Injection Molding,IM-006,M-INJ-009,2026-01-30,229.9,73.0,12.1,67.0,36.9,
WO-11783,Injection Molding,IM-006,M-INJ-009,2026-01-31,222.6,69.0,10.7,69.7,46.4,
WO-11784,Injection Molding,IM-006,M-INJ-009,2026-02-01,228.8,70.9,11.1,64.8,51.3,
WO-11785,INJECTION MOLDING,IM-006,M-INJ-009,2026-02-02,224.3,69.5,13.1,61.6,46.5,
WO-11786,Injection Molding,IM-006,M-INJ-009,2026-02-02,219.6,67.7,12.0,70.1,43.0,
WO-11787,Injection Molding,IM-006,M-INJ-009,2026-02-03,224.6,70.8,12.1,67.0,46.9,
WO-11788,Injection Molding,IM-006,M-INJ-009,2026-02-04,222.9,66.6,9.8,61.9,47.3,
WO-11789,Injection Molding,IM-006,M-INJ-006,2026-02-04,223.6,74.2,10.6,65.1,46.9,
WO-11790,Injection Molding,IM-006,M-INJ-006,2026-02-05,225.9,68.7,8.1,63.9,40.3,
WO-11791,Injection Molding,IM-006,M-INJ-006,2026-02-06,226.2,71.1,12.4,69.5,42.1,
WO-11792,Injection Molding,IM-006,M-INJ-006,2026-02-07,225.4,74.2,11.3,71.6,44.2,
WO-11793,Injection Molding,IM-006,M-INJ-006,2026-02-07,227.2,67.1,12.4,59.4,54.5,
WO-11794,Injection Molding,IM-006,M-INJ-006,2026-02-08,223.2,69.9,10.4,71.3,40.6,
WO-11795,Injection Molding,IM-006,M-INJ-006,2026-02-08,225.9,64.6,12.6,61.0,43.8,
WO-11796,Injection Molding,IM-006,M-INJ-006,2026-02-09,223.1,66.9,11.9,68.4,45.6,
WO-11797,Injection Molding,IM-006,M-INJ-006,2026-02-09,222.3,71.0,8.7,66.5,50.2,
WO-11798,Injection Molding,IM-006,M-INJ-006,2026-02-10,223.6,62.3,10.0,73.7,46.6,
WO-11799,Injection Molding,IM-006,M-INJ-009,2026-02-11,222.9,75.2,11.7,66.6,46.1,
WO-11800,Injection Molding,IM-006,M-INJ-009,2026-02-12,222.2,66.2,11.1,59.5,45.5,
WO-11801,Injection Molding,IM-006,M-INJ-006,2026-02-12,222.6,70.8,9.8,54.9,39.8,
WO-11802,Injection Molding,IM-006,M-INJ-006,2026-02-13,226.6,64.2,11.2,61.1,48.3,
WO-11803,  Injection Molding  ,IM-006,M-INJ-006,2026-02-14,225.0,77.5,7.9,64.3,47.2,
WO-11804,INJECTION MOLDING,IM-006,M-INJ-006,2026-02-15,225.8,63.1,11.6,58.1,47.5,
WO-11805,injection molding,IM-006,M-INJ-006,2026-02-15,227.4,62.2,9.7,65.4,46.3,
WO-11806,Injection Molding,IM-006,M-INJ-009,2026-02-16,224.3,66.4,11.9,68.7,41.4,
WO-11807,Injection Molding,IM-006,M-INJ-009,2026-02-17,229.3,72.9,10.4,56.6,43.9,
WO-11808,Injection Molding,IM-006,M-INJ-009,2026-02-17,222.9,68.3,10.1,58.8,42.7,
WO-11809,Injection Molding,IM-006,M-INJ-009,2026-02-18,226.1,69.4,11.2,65.8,48.1,
WO-11810,Injection Molding,IM-006,M-INJ-009,2026-02-19,224.0,70.1,10.4,71.2,43.2,
WO-11811,Injection Molding,IM-006,M-INJ-009,2026-02-19,226.4,76.9,9.1,64.5,42.0,
WO-11812,Injection Molding,IM-006,M-INJ-009,2026-02-20,229.1,64.1,11.6,69.1,39.1,
WO-11813,Injection Molding,IM-006,M-INJ-009,2026-02-20,226.8,73.5,11.3,62.4,46.5,
WO-11814,Injection Molding,IM-006,M-INJ-006,2026-02-21,222.5,70.2,9.9,68.9,48.6,
WO-11815,Injection Molding,IM-006,M-INJ-006,2026-02-22,224.7,69.5,11.3,62.3,44.3,
WO-11816,Injection Molding,IM-006,M-INJ-006,2026-02-23,226.0,66.2,12.1,67.9,52.9,
WO-11817,Injection Molding,IM-006,M-INJ-006,2026-02-23,224.0,72.8,11.7,70.8,41.7,
WO-11818,Injection Molding,IM-006,M-INJ-006,2026-02-24,227.3,64.1,9.7,62.9,44.8,
WO-11819,Injection Molding,IM-006,M-INJ-009,2026-02-25,224.0,68.7,11.8,57.0,45.5,
WO-11820,Injection Molding,IM-006,M-INJ-009,2026-02-25,221.4,79.4,11.2,59.4,42.2,
WO-11821,Injection Molding,IM-006,M-INJ-009,2026-02-26,225.4,69.8,11.5,64.7,47.1,
WO-11822,Injection Molding,IM-006,M-INJ-009,2026-02-27,224.6,66.8,11.0,62.9,44.0,
WO-11823,Injection Molding,IM-006,M-INJ-009,2026-02-28,224.1,74.2,10.6,63.0,49.0,
WO-11824,Injection Molding,IM-006,M-INJ-009,2026-02-28,225.8,70.9,12.5,64.0,51.9,
WO-11825,Injection Molding,IM-006,M-INJ-009,2026-03-01,226.2,72.0,10.1,60.0,47.8,
WO-11826,Injection Molding,IM-006,M-INJ-009,2026-03-02,224.1,68.2,9.9,61.7,41.2,
WO-11827,Injection Molding,IM-006,M-INJ-009,2026-03-02,223.6,74.9,10.4,80.4,40.2,
WO-11828,Injection Molding,IM-006,M-INJ-009,2026-03-03,225.8,79.0,11.4,67.7,39.0,
WO-11829,Injection Molding,IM-006,M-INJ-006,2026-03-04,222.1,66.9,9.7,61.3,42.7,
WO-11830,Injection Molding,IM-006,M-INJ-009,2026-03-04,224.4,71.1,11.3,59.4,45.7,
WO-11831,Injection Molding,IM-006,M-INJ-009,2026-03-05,223.0,72.3,10.9,57.8,44.3,
WO-11832,Injection Molding,IM-006,M-INJ-009,2026-03-05,224.4,66.0,11.5,64.3,44.0,
WO-11833,Injection Molding,IM-006,M-INJ-009,2026-03-06,228.0,68.4,11.7,61.1,44.0,
WO-11834,injection molding,IM-006,M-INJ-009,2026-03-07,223.1,64.9,10.6,61.1,44.3,
WO-11835,Injection Molding,IM-006,M-INJ-009,2026-03-08,229.7,62.6,10.6,66.7,37.4,
WO-11836,Injection Molding,IM-006,M-INJ-006,2026-03-08,228.6,72.4,11.4,60.0,46.2,
WO-11837,Injection Molding,IM-006,M-INJ-006,2026-03-09,221.0,67.5,9.8,64.7,45.5,
WO-11838,Injection Molding,IM-006,M-INJ-009,2026-03-10,224.2,73.9,12.8,68.3,43.8,
WO-11839,Injection Molding,IM-006,M-INJ-009,2026-03-10,225.6,65.0,11.4,58.4,47.5,
WO-11840,Injection Molding,IM-006,M-INJ-006,2026-03-11,227.0,74.8,10.9,55.5,46.7,
WO-11841,Injection Molding,IM-006,M-INJ-009,2026-03-12,228.2,70.4,11.2,65.9,39.2,
WO-11842,Injection Molding,IM-006,M-INJ-009,2026-03-12,224.7,67.0,12.7,68.5,43.5,
WO-11843,Injection Molding,IM-006,M-INJ-006,2026-03-13,226.5,75.2,9.5,61.8,45.4,
WO-11844,Injection Molding,IM-006,M-INJ-009,2026-03-14,227.0,70.6,11.6,55.2,44.6,
WO-11845,Injection Molding,IM-006,M-INJ-009,2026-03-15,227.0,66.0,7.9,60.5,44.7,
WO-11846,injection molding,IM-006,M-INJ-009,2026-03-16,228.1,72.0,10.0,70.1,45.6,
WO-11847,Injection Molding,IM-006,M-INJ-009,2026-03-16,227.5,68.5,8.0,61.2,43.9,
WO-11848,Injection Molding,IM-006,M-INJ-009,2026-03-17,224.3,69.1,11.0,61.5,47.9,
WO-11849,Injection Molding,IM-006,M-INJ-009,2026-03-17,221.6,76.6,10.6,66.1,46.1,
WO-11850,Injection Molding,IM-006,M-INJ-009,2026-03-18,226.3,75.2,11.6,62.9,45.2,
WO-11851,Injection Molding,IM-006,M-INJ-006,2026-03-19,226.0,64.7,12.1,71.6,46.1,
WO-11852,Injection Molding,IM-006,M-INJ-006,2026-03-20,226.0,65.4,11.8,69.1,46.3,
WO-11853,Injection Molding,IM-006,M-INJ-009,2026-03-21,223.0,70.7,9.7,64.5,43.7,
WO-11854,Injection Molding,IM-006,M-INJ-009,2026-03-21,227.2,71.3,11.4,62.2,45.8,
WO-11855,Injection Molding,IM-006,M-INJ-009,2026-03-22,223.3,78.1,10.9,70.0,41.1,
WO-11856,injection molding,IM-006,M-INJ-009,2026-03-23,226.4,74.0,10.3,58.9,45.5,
WO-11857,Injection Molding,IM-006,M-INJ-009,2026-03-23,228.4,69.2,11.2,62.7,44.0,
WO-11858,Injection Molding,IM-006,M-INJ-009,2026-03-24,225.1,69.1,11.7,68.3,50.1,
WO-11859,Injection Molding,IM-006,M-INJ-009,2026-03-24,225.2,62.8,13.4,65.0,43.7,
WO-11860,Injection Molding,IM-006,M-INJ-006,2026-03-25,225.8,67.4,10.8,66.3,46.5,
WO-11861,Injection Molding,IM-006,M-INJ-006,2026-03-26,225.4,76.9,9.6,72.2,43.6,
WO-11862,Injection Molding,IM-006,M-INJ-006,2026-03-27,226.6,76.4,10.6,73.4,48.1,
WO-11863,Injection Molding,IM-006,M-INJ-006,2026-03-28,227.9,66.7,9.3,65.8,38.0,
WO-11864,Injection Molding,IM-006,M-INJ-006,2026-03-29,224.4,64.8,10.8,67.9,41.2,
WO-11865,Injection Molding,IM-006,M-INJ-006,2026-03-29,224.8,74.4,9.4,61.2,39.2,
WO-11866,Injection Molding,IM-006,M-INJ-006,2026-03-30,221.8,67.1,13.2,63.7,48.5,
WO-11867,Injection Molding,IM-006,M-INJ-009,2026-03-30,228.6,68.5,12.5,69.3,39.2,
WO-11868,Injection Molding,IM-006,M-INJ-009,2026-03-31,224.5,70.9,12.9,60.7,44.9,
WO-11869,Injection Molding,IM-006,M-INJ-009,2026-04-01,221.9,70.9,9.7,70.1,45.1,
WO-11870,Injection Molding,IM-006,M-INJ-009,2026-04-01,225.0,66.2,11.0,68.5,44.9,
WO-11871,INJECTION MOLDING,IM-006,M-INJ-009,2026-04-02,223.5,62.7,9.4,59.6,48.8,
WO-11872,Injection Molding,IM-006,M-INJ-009,2026-04-02,224.9,69.1,11.3,62.6,42.1,
WO-11873,Injection Molding,IM-006,M-INJ-009,2026-04-03,223.4,75.5,10.5,65.5,44.1,
WO-11874,Injection Molding,IM-006,M-INJ-009,2026-04-04,223.0,72.1,12.4,66.4,47.2,
WO-11875,Injection Molding,IM-006,M-INJ-009,2026-04-04,226.0,70.0,10.5,65.0,47.2,
WO-11876,Injection Molding,IM-006,M-INJ-009,2026-04-05,222.6,75.8,12.5,57.1,47.3,
WO-11877,Injection Molding,IM-006,M-INJ-006,2026-04-06,225.3,74.8,10.2,66.2,41.0,
WO-11878,Injection Molding,IM-006,M-INJ-009,2026-04-06,224.2,67.6,10.3,62.7,47.8,
WO-11879,Injection Molding,IM-006,M-INJ-006,2026-04-07,224.2,67.2,11.6,60.7,46.3,
WO-11880,Injection Molding,IM-006,M-INJ-006,2026-04-08,225.2,73.8,10.9,63.5,50.0,
WO-11881,INJECTION MOLDING,IM-006,M-INJ-006,2026-04-09,224.3,57.7,12.1,61.1,46.4,
WO-11882,Injection Molding,IM-006,M-INJ-009,2026-04-09,227.4,67.3,11.2,60.8,49.4,
WO-11883,Injection Molding,IM-006,M-INJ-009,2026-04-10,223.9,70.4,10.5,73.6,47.9,
WO-11884,Injection Molding,IM-006,M-INJ-009,2026-04-11,227.8,71.5,8.3,69.6,43.0,
WO-11885,INJECTION MOLDING,IM-006,M-INJ-006,2026-04-12,224.6,75.3,12.5,69.3,38.1,
WO-11886,Injection Molding,IM-006,M-INJ-006,2026-04-12,221.3,69.0,12.7,65.1,46.2,
WO-11887,INJECTION MOLDING,IM-006,M-INJ-006,2026-04-13,223.8,76.2,9.4,64.4,43.9,
WO-11888,Injection Molding,IM-006,M-INJ-006,2026-04-14,228.2,70.7,9.6,70.6,45.8,
WO-11889,Injection Molding,IM-006,M-INJ-009,2026-04-15,222.3,70.3,11.4,63.6,50.0,
WO-11890,Injection Molding,IM-006,M-INJ-009,2026-04-15,223.2,70.0,9.4,74.4,46.5,
WO-11891,Injection Molding,IM-006,M-INJ-009,2026-04-16,223.1,79.1,11.8,59.7,48.6,
WO-11892,Injection Molding,IM-006,M-INJ-009,2026-04-17,224.6,73.7,13.1,58.9,43.4,
WO-11893,Injection Molding,IM-006,M-INJ-009,2026-04-17,224.5,62.7,12.1,69.8,45.8,
WO-11894,Injection Molding,IM-006,M-INJ-009,2026-04-18,222.4,65.7,7.5,69.9,45.4,
WO-11895,Injection Molding,IM-006,M-INJ-009,2026-04-18,224.7,66.9,10.8,64.0,47.3,
WO-11896,Injection Molding,IM-006,M-INJ-009,2026-04-19,227.0,64.5,11.2,67.2,52.1,
WO-11897,Injection Molding,IM-006,M-INJ-009,2026-04-20,225.4,79.1,12.6,64.8,43.0,
WO-11898,Injection Molding,IM-006,M-INJ-009,2026-04-21,226.5,67.2,10.5,74.4,45.7,
WO-11899,Injection Molding,IM-006,M-INJ-009,2026-04-21,227.4,63.0,11.7,62.3,45.8,
WO-11900,Injection Molding,IM-006,M-INJ-006,2026-04-22,223.9,70.2,10.7,68.6,49.5,
WO-11901,Injection Molding,IM-006,M-INJ-006,2026-04-23,227.0,67.2,10.7,67.1,45.9,
WO-11902,Injection Molding,IM-006,M-INJ-006,2026-04-24,226.2,66.3,14.6,61.7,42.4,
WO-11903,Injection Molding,IM-006,M-INJ-006,2026-04-24,225.6,69.2,10.7,64.8,43.8,
WO-11904,Injection Molding,IM-006,M-INJ-006,2026-04-25,223.7,66.7,8.8,56.9,42.4,
WO-11905,Injection Molding,IM-006,M-INJ-006,2026-04-26,224.4,78.0,10.6,59.9,50.0,
WO-11906,Injection Molding,IM-006,M-INJ-006,2026-04-27,223.5,78.2,7.6,67.5,42.0,
WO-11907,Injection Molding,IM-006,M-INJ-006,2026-04-28,221.5,72.6,12.0,66.8,42.1,
WO-11908,Injection Molding,IM-006,M-INJ-009,2026-04-28,221.6,67.1,10.6,64.7,44.4,
WO-11909,  Injection Molding  ,IM-006,M-INJ-006,2026-04-29,222.4,70.3,10.2,74.3,45.5,
WO-11910,Injection Molding,IM-006,M-INJ-009,2026-04-30,226.3,67.5,10.4,65.3,50.4,
WO-11911,Injection Molding,IM-006,M-INJ-006,2026-04-30,226.5,67.4,10.7,64.7,45.6,
WO-11912,INJECTION MOLDING,IM-006,M-INJ-009,2026-05-01,223.9,65.4,10.0,67.8,45.9,
WO-11913,Injection Molding,IM-006,M-INJ-006,2026-05-02,223.3,67.2,11.1,59.1,41.8,
WO-11914,Injection Molding,IM-006,M-INJ-006,2026-05-02,225.9,71.1,10.7,58.1,39.1,
WO-11915,Injection Molding,IM-006,M-INJ-006,2026-05-03,223.3,69.9,9.0,68.0,49.3,
WO-11916,Injection Molding,IM-006,M-INJ-006,2026-05-04,223.4,68.3,11.7,61.6,46.0,
WO-11917,Injection Molding,IM-006,M-INJ-006,2026-05-04,225.3,72.5,10.2,59.6,44.0,
WO-11918,Injection Molding,IM-006,M-INJ-009,2026-05-05,224.1,69.9,10.1,64.8,44.1,
WO-11919,Injection Molding,IM-006,M-INJ-009,2026-05-06,222.7,70.8,13.0,61.1,49.0,
WO-11920,Injection Molding,IM-006,M-INJ-009,2026-05-06,226.0,74.4,10.5,62.0,39.2,
WO-11921,Injection Molding,IM-006,M-INJ-009,2026-05-07,225.8,65.6,11.6,62.0,40.8,
WO-11922,Injection Molding,IM-006,M-INJ-009,2026-05-07,223.8,77.0,10.8,65.0,47.9,
WO-11923,Injection Molding,IM-006,M-INJ-009,2026-05-08,224.5,77.4,12.6,65.6,41.9,
WO-11924,Injection Molding,IM-006,M-INJ-009,2026-05-08,227.7,71.4,10.5,56.9,44.6,
WO-11925,Injection Molding,IM-006,M-INJ-009,2026-05-09,222.7,69.8,11.1,58.8,43.0,
WO-11926,Injection Molding,IM-006,M-INJ-009,2026-05-10,223.9,72.7,11.8,68.1,48.9,
WO-11927,Injection Molding,IM-006,M-INJ-009,2026-05-11,225.5,64.8,10.5,58.8,48.8,
WO-11928,Injection Molding,IM-006,M-INJ-009,2026-05-11,222.1,69.1,12.6,67.7,43.6,
WO-11929,Injection Molding,IM-006,M-INJ-006,2026-05-12,226.3,66.4,11.0,71.1,51.9,
WO-11930,Injection Molding,IM-006,M-INJ-006,2026-05-12,227.4,70.5,11.5,68.9,39.2,
WO-11931,Injection Molding,IM-006,M-INJ-009,2026-05-13,226.1,69.5,9.6,58.2,37.4,
WO-11932,Injection Molding,IM-006,M-INJ-009,2026-05-13,226.2,67.1,13.0,61.4,43.6,
WO-11933,Injection Molding,IM-006,M-INJ-009,2026-05-14,223.2,66.9,10.4,64.5,48.3,
WO-11934,Injection Molding,IM-006,M-INJ-009,2026-05-15,225.2,70.6,12.8,73.1,42.5,
WO-11935,Injection Molding,IM-006,M-INJ-009,2026-05-16,225.5,69.6,9.5,65.5,41.7,
WO-11936,INJECTION MOLDING,IM-006,M-INJ-006,2026-05-16,226.0,72.8,10.8,67.0,49.1,
WO-11937,Injection Molding,IM-006,M-INJ-006,2026-05-17,226.0,69.2,10.3,66.2,47.4,
WO-11938,Injection Molding,IM-006,M-INJ-006,2026-05-18,222.4,73.3,9.2,64.6,46.4,
WO-11939,Injection Molding,IM-006,M-INJ-006,2026-05-19,227.1,67.7,11.9,69.5,44.9,
WO-11940,Injection Molding,IM-006,M-INJ-006,2026-05-20,228.6,65.9,10.2,65.0,49.5,
WO-11941,Injection Molding,IM-006,M-INJ-006,2026-05-20,226.1,68.4,9.4,66.7,42.3,
WO-11942,injection molding,IM-006,M-INJ-006,2026-05-21,225.6,77.0,10.6,63.3,46.0,
WO-11943,Injection Molding,IM-006,M-INJ-009,2026-05-21,224.4,66.3,11.7,74.3,43.9,
WO-11944,Injection Molding,IM-006,M-INJ-009,2026-05-22,226.6,73.0,11.6,65.3,45.1,
WO-11945,Injection Molding,IM-006,M-INJ-009,2026-05-23,225.3,63.8,12.4,74.9,43.5,
WO-11946,Injection Molding,IM-006,M-INJ-006,2026-05-23,226.3,73.4,8.5,70.1,43.6,
WO-11947,Injection Molding,IM-006,M-INJ-006,2026-05-24,223.8,75.6,12.2,72.3,42.7,
WO-11948,Injection Molding,IM-006,M-INJ-006,2026-05-25,223.1,73.7,11.8,69.5,47.2,
WO-11949,Injection Molding,IM-006,M-INJ-006,2026-05-26,224.9,60.6,10.5,56.4,46.7,
WO-11950,Injection Molding,IM-006,M-INJ-009,2026-05-27,224.6,67.2,11.3,61.9,41.6,
WO-11951,Injection Molding,IM-006,M-INJ-009,2026-05-27,224.2,65.0,11.2,64.7,47.4,
WO-11952,Injection Molding,IM-006,M-INJ-009,2026-05-28,226.5,73.1,11.8,63.3,45.7,
WO-11953,Injection Molding,IM-006,M-INJ-009,2026-05-29,221.0,71.5,11.4,64.4,45.2,
WO-11954,Injection Molding,IM-006,M-INJ-009,2026-05-29,227.9,73.3,10.4,65.6,40.5,
WO-11955,Injection Molding,IM-006,M-INJ-009,2026-05-30,222.0,69.7,9.2,68.9,51.4,
WO-11956,Injection Molding,IM-006,M-INJ-006,2026-05-31,227.3,67.6,11.1,62.5,43.4,
WO-11957,  Injection Molding  ,IM-006,M-INJ-006,2026-06-01,221.4,75.4,10.6,67.9,48.9,
WO-11958,Injection Molding,IM-006,M-INJ-006,2026-06-01,227.0,71.2,11.8,63.1,49.2,
WO-11959,Injection Molding,IM-006,M-INJ-006,2026-06-02,222.7,67.9,10.0,62.9,43.4,
WO-11960,Injection Molding,IM-006,M-INJ-006,2026-06-03,223.7,74.2,10.4,70.2,42.3,
WO-11961,Injection Molding,IM-006,M-INJ-009,2026-06-03,226.6,71.9,8.7,61.6,49.3,
WO-11962,Injection Molding,IM-006,M-INJ-009,2026-06-04,226.7,65.4,12.0,66.4,44.6,
WO-11963,Injection Molding,IM-006,M-INJ-009,2026-06-04,225.1,73.7,10.3,68.8,40.4,
WO-11964,Injection Molding,IM-006,M-INJ-006,2026-06-05,223.4,71.6,12.0,68.2,51.3,
WO-11965,INJECTION MOLDING,IM-006,M-INJ-006,2026-06-06,226.2,69.3,11.6,67.0,39.7,
WO-11966,Injection Molding,IM-006,M-INJ-006,2026-06-06,224.4,66.4,10.1,70.6,43.6,
WO-11967,Injection Molding,IM-006,M-INJ-009,2026-06-07,226.8,66.3,11.9,64.6,44.5,
WO-11968,Injection Molding,IM-006,M-INJ-009,2026-06-08,224.6,77.3,11.3,63.7,43.0,
WO-11969,Injection Molding,IM-006,M-INJ-009,2026-06-08,226.5,72.4,14.3,64.6,44.2,
WO-11970,  Injection Molding  ,IM-006,M-INJ-006,2026-06-09,221.4,68.1,9.7,65.8,42.8,
WO-11971,Injection Molding,IM-006,M-INJ-006,2026-06-10,222.8,68.7,11.8,61.7,42.4,
WO-11972,Injection Molding,IM-006,M-INJ-006,2026-06-10,227.5,70.6,10.6,62.0,44.8,
WO-11973,Injection Molding,IM-006,M-INJ-006,2026-06-11,223.1,72.7,11.9,63.7,46.1,
WO-11974,Injection Molding,IM-006,M-INJ-006,2026-06-11,223.6,76.9,11.9,66.5,48.9,
WO-11975,Injection Molding,IM-006,M-INJ-006,2026-06-12,227.4,67.7,13.0,50.8,42.0,
WO-11976,Injection Molding,IM-006,M-INJ-009,2026-06-13,224.9,62.1,8.5,66.4,47.0,
WO-11977,Injection Molding,IM-006,M-INJ-009,2026-06-14,223.1,70.8,10.9,64.3,45.6,
WO-11978,Injection Molding,IM-006,M-INJ-009,2026-06-14,218.3,64.5,9.5,56.2,40.6,
WO-11979,Injection Molding,IM-006,M-INJ-009,2026-06-15,225.1,71.5,12.5,69.0,33.6,
WO-11980,Injection Molding,IM-006,M-INJ-009,2026-06-15,227.1,68.5,10.8,70.4,38.4,
WO-11981,Injection Molding,IM-006,M-INJ-006,2026-06-16,226.2,69.5,9.4,65.1,46.9,
WO-11982,Injection Molding,IM-006,M-INJ-009,2026-06-17,226.7,69.4,11.5,68.3,46.9,
WO-11983,Injection Molding,IM-006,M-INJ-009,2026-06-17,220.5,65.7,11.5,59.0,49.2,
WO-11984,Injection Molding,IM-006,M-INJ-009,2026-06-17,227.8,68.2,10.3,67.0,43.8,
WO-11985,Injection Molding,IM-006,M-INJ-006,2026-06-18,225.9,66.2,11.1,65.1,45.6,
WO-11986,Injection Molding,IM-006,M-INJ-006,2026-06-19,225.7,71.1,10.8,61.2,45.2,
WO-11987,Injection Molding,IM-006,M-INJ-009,2026-06-20,224.8,63.7,9.9,64.3,40.3,
WO-11988,Injection Molding,IM-006,M-INJ-009,2026-06-21,225.6,67.2,10.9,78.6,47.1,
WO-11989,INJECTION MOLDING,IM-006,M-INJ-009,2026-06-21,228.2,70.3,8.8,65.6,46.8,
WO-11990,Injection Molding,IM-006,M-INJ-009,2026-06-22,224.8,70.0,11.2,64.0,50.1,
WO-11991,Injection Molding,IM-006,M-INJ-009,2026-06-23,226.3,74.4,11.0,66.3,44.3,
WO-11992,Injection Molding,IM-006,M-INJ-006,2026-06-24,225.5,70.2,11.2,63.0,49.4,
WO-11993,Injection Molding,IM-006,M-INJ-006,2026-06-24,224.0,68.1,10.7,71.1,41.7,
WO-11994,Injection Molding,IM-006,M-INJ-009,2026-06-25,225.1,58.4,9.5,66.6,43.6,
WO-11995,Injection Molding,IM-006,M-INJ-009,2026-06-25,225.5,64.9,11.0,57.3,50.1,
WO-11996,Injection Molding,IM-006,M-INJ-009,2026-06-26,223.9,68.2,10.2,71.1,43.4,
WO-11997,Injection Molding,IM-006,M-INJ-009,2026-06-26,220.9,71.6,11.1,66.6,45.9,
WO-11998,Injection Molding,IM-006,M-INJ-006,2026-06-27,226.3,70.9,10.4,62.4,45.2,
WO-11999,  Injection Molding  ,IM-006,M-INJ-006,2026-06-28,223.9,77.1,10.5,65.0,43.4,
WO-12000,Injection Molding,IM-006,M-INJ-009,2026-06-28,223.5,62.8,12.1,61.2,46.5,
WO-12001,Injection Molding,IM-006,M-INJ-009,2026-06-29,225.9,68.3,9.8,65.7,51.1,
WO-12002,injection molding,IM-006,M-INJ-009,2026-06-29,224.5,70.3,9.0,70.3,44.3,
WO-12003,Injection Molding,IM-006,M-INJ-006,2026-06-30,224.3,70.8,12.2,68.9,44.0,
WO-12004,  Injection Molding  ,IM-006,M-INJ-006,2026-06-30,228.6,62.5,10.4,62.5,45.0,
WO-12005,Injection Molding,IM-006,M-INJ-006,2026-07-01,227.9,67.8,13.1,66.8,44.0,
WO-12006,Injection Molding,IM-006,M-INJ-006,2026-07-02,225.4,67.7,11.9,71.9,43.9,
WO-12007,Injection Molding,IM-006,M-INJ-006,2026-07-02,224.9,67.6,10.0,58.8,49.6,
WO-12008,Injection Molding,IM-006,M-INJ-009,2026-07-03,226.8,63.5,10.9,67.1,43.9,
WO-12009,Injection Molding,IM-006,M-INJ-009,2026-07-04,227.8,70.2,10.4,72.7,44.7,
WO-12010,Injection Molding,IM-006,M-INJ-006,2026-07-04,228.6,62.9,11.1,65.1,42.9,
WO-12011,Injection Molding,IM-006,M-INJ-009,2026-07-05,222.6,70.7,9.7,64.4,41.9,
WO-12012,Injection Molding,IM-006,M-INJ-009,2026-07-05,224.3,70.1,13.6,69.7,42.4,
WO-12013,Injection Molding,IM-006,M-INJ-006,2026-07-06,225.9,72.9,10.1,67.6,42.9,
WO-12014,Injection Molding,IM-006,M-INJ-009,2026-07-07,224.5,66.7,11.1,61.3,48.2,
WO-12015,Injection Molding,IM-006,M-INJ-009,2026-07-07,224.4,69.2,11.2,69.7,47.3,
WO-12016,Injection Molding,IM-006,M-INJ-009,2026-07-08,225.1,70.8,9.5,70.9,48.7,
WO-12017,Injection Molding,IM-006,M-INJ-006,2026-07-08,223.1,71.3,9.7,61.5,49.0,
WO-12018,Injection Molding,IM-006,M-INJ-006,2026-07-09,225.7,66.2,10.5,62.7,44.3,
WO-12019,Injection Molding,IM-006,M-INJ-006,2026-07-09,227.7,68.8,10.7,60.1,41.7,
WO-12020,Injection Molding,IM-006,M-INJ-006,2026-07-10,225.5,63.8,11.3,66.2,43.4,
WO-12021,Injection Molding,IM-006,M-INJ-009,2026-07-11,224.4,68.8,9.5,72.1,43.6,
WO-12022,Injection Molding,IM-006,M-INJ-009,2026-07-12,223.7,72.0,11.2,67.4,44.4,
WO-12023,Injection Molding,IM-006,M-INJ-009,2026-07-13,224.6,65.7,11.3,70.0,40.0,
WO-12024,Injection Molding,IM-006,M-INJ-009,2026-07-13,226.0,65.4,11.8,62.5,50.2,
WO-12025,Injection Molding,IM-006,M-INJ-009,2026-07-14,221.9,69.3,10.2,67.2,43.9,
WO-12026,Injection Molding,IM-006,M-INJ-009,2026-07-15,226.0,68.6,10.5,66.0,43.8,
WO-12027,Injection Molding,IM-006,M-INJ-006,2026-07-16,221.6,71.3,11.4,67.2,46.0,
WO-12028,Injection Molding,IM-006,M-INJ-006,2026-07-16,223.4,70.4,11.4,60.7,43.3,
WO-12029,Injection Molding,IM-006,M-INJ-006,2026-07-17,224.6,66.8,11.8,69.1,42.2,
WO-12030,Injection Molding,IM-006,M-INJ-006,2026-07-17,227.9,61.7,12.3,57.7,44.6,
WO-12031,Injection Molding,IM-006,M-INJ-006,2026-07-18,228.6,67.9,13.1,51.3,52.4,
WO-12032,Injection Molding,IM-006,M-INJ-006,2026-07-18,223.5,66.9,10.7,68.2,47.6,
WO-12033,Injection Molding,IM-006,M-INJ-009,2026-07-19,226.7,68.7,9.4,60.9,45.1,
WO-12034,Injection Molding,IM-006,M-INJ-009,2026-07-20,225.2,69.3,10.5,56.8,48.2,
WO-12035,Injection Molding,IM-006,M-INJ-009,2026-07-21,227.2,69.1,9.9,58.4,41.6,
WO-12036,Injection Molding,IM-006,M-INJ-006,2026-07-21,226.4,72.3,12.0,58.9,50.3,
WO-12037,Injection Molding,IM-006,M-INJ-006,2026-07-22,227.8,68.5,10.8,61.9,42.6,
WO-12038,Injection Molding,IM-006,M-INJ-009,2026-07-22,226.8,69.3,10.9,75.3,44.6,
WO-12039,Injection Molding,IM-006,M-INJ-006,2026-07-23,227.0,78.1,11.1,61.5,48.8,
WO-12040,Injection Molding,IM-006,M-INJ-006,2026-07-24,220.2,73.7,12.5,67.3,49.5,
WO-12041,Injection Molding,IM-006,M-INJ-006,2026-07-25,224.0,68.7,10.8,70.4,43.1,
WO-12042,Injection Molding,IM-006,M-INJ-006,2026-07-25,227.3,66.9,11.2,66.2,45.4,
WO-12043,Injection Molding,IM-006,M-INJ-006,2026-07-26,224.4,70.7,11.1,58.5,41.1,
WO-12044,INJECTION MOLDING,IM-006,M-INJ-009,2026-07-27,227.6,70.0,10.0,59.2,49.9,
WO-12045,Injection Molding,IM-006,M-INJ-006,2026-07-28,223.8,66.9,12.8,57.3,45.2,
WO-12046,Injection Molding,IM-006,M-INJ-006,2026-07-28,226.2,63.3,11.1,64.8,42.5,
WO-12047,Injection Molding,IM-006,M-INJ-009,2026-07-29,228.2,76.4,12.8,61.6,46.2,
WO-12048,Injection Molding,IM-006,M-INJ-009,2026-07-30,226.1,73.6,10.9,65.9,47.1,
WO-12049,Injection Molding,IM-006,M-INJ-009,2026-07-31,223.6,68.7,13.4,57.3,47.4,
WO-12050,Injection Molding,IM-006,M-INJ-009,2026-07-31,225.9,74.3,11.0,79.1,47.1,
WO-12051,Injection Molding,IM-006,M-INJ-009,2026-08-01,225.9,69.6,11.7,67.1,44.1,
WO-12052,Injection Molding,IM-006,M-INJ-009,2026-08-01,225.6,70.3,11.0,67.1,48.9,
WO-12053,Injection Molding,IM-006,M-INJ-009,2026-08-02,225.9,67.0,13.4,67.3,40.4,
WO-12054,Injection Molding,IM-006,M-INJ-009,2026-08-03,227.2,70.4,11.6,61.7,51.7,
WO-12055,Injection Molding,IM-006,M-INJ-006,2026-08-03,226.5,68.0,9.4,63.3,41.8,
WO-12056,Injection Molding,IM-006,M-INJ-009,2026-08-04,224.7,75.1,9.1,72.6,44.8,
WO-12057,Injection Molding,IM-006,M-INJ-009,2026-08-05,226.6,66.9,11.6,71.4,45.4,
WO-12058,Injection Molding,IM-006,M-INJ-006,2026-08-05,222.9,71.5,12.4,64.8,44.0,
WO-12059,Injection Molding,IM-006,M-INJ-006,2026-08-06,223.8,62.3,12.5,67.1,53.9,
WO-12060,Injection Molding,IM-006,M-INJ-006,2026-08-07,223.4,67.1,8.8,64.1,44.1,
WO-12061,Injection Molding,IM-006,M-INJ-006,2026-08-07,225.7,71.2,11.4,64.8,48.1,
WO-12062,Injection Molding,IM-006,M-INJ-006,2026-08-08,224.1,68.5,12.6,54.8,46.9,
WO-12063,Injection Molding,IM-006,M-INJ-006,2026-08-09,225.2,73.7,11.0,53.4,44.5,
WO-12064,Injection Molding,IM-006,M-INJ-006,2026-08-09,227.5,70.0,11.8,67.6,48.6,
WO-12065,Injection Molding,IM-006,M-INJ-006,2026-08-10,224.9,73.3,11.5,63.2,46.8,
WO-12066,Injection Molding,IM-006,M-INJ-009,2026-08-11,225.5,70.6,10.8,63.0,50.0,
WO-12067,Injection Molding,IM-006,M-INJ-009,2026-08-12,227.4,71.9,12.3,59.9,42.3,
WO-12068,Injection Molding,IM-006,M-INJ-009,2026-08-12,224.3,68.7,9.9,60.7,43.3,
WO-12069,Injection Molding,IM-006,M-INJ-006,2026-08-13,223.6,70.7,10.8,62.6,43.0,
WO-12070,Injection Molding,IM-006,M-INJ-006,2026-08-13,226.3,70.5,11.3,65.8,44.0,
WO-12071,Injection Molding,IM-006,M-INJ-006,2026-08-14,222.7,73.0,11.3,60.6,48.8,
WO-12072,Injection Molding,IM-006,M-INJ-006,2026-08-15,224.1,75.0,12.0,66.8,47.1,
WO-12073,Injection Molding,IM-006,M-INJ-006,2026-08-16,224.2,62.9,9.3,67.6,40.6,
WO-12074,Injection Molding,IM-006,M-INJ-009,2026-08-16,225.9,72.9,12.4,62.0,47.2,
WO-12075,Injection Molding,IM-006,M-INJ-009,2026-08-17,225.6,74.2,13.4,61.4,48.5,
WO-12076,Injection Molding,IM-006,M-INJ-009,2026-08-18,227.5,66.2,10.8,60.7,45.5,
WO-12077,Injection Molding,IM-006,M-INJ-009,2026-08-19,225.9,68.0,10.2,56.3,44.4,
WO-12078,Injection Molding,IM-006,M-INJ-006,2026-08-19,224.7,74.0,10.6,65.5,41.6,
WO-12079,Injection Molding,IM-006,M-INJ-006,2026-08-20,224.5,71.3,11.9,58.7,43.5,
WO-12080,Injection Molding,IM-006,M-INJ-006,2026-08-20,228.2,74.7,9.7,67.7,43.7,
WO-12081,Injection Molding,IM-006,M-INJ-009,2026-08-21,224.4,66.3,10.7,60.9,44.3,
WO-12082,Injection Molding,IM-006,M-INJ-009,2026-08-22,222.8,74.5,9.8,64.5,48.8,
WO-12083,Injection Molding,IM-006,M-INJ-009,2026-08-22,227.0,76.5,10.9,63.6,45.8,
WO-12084,Injection Molding,IM-006,M-INJ-009,2026-08-23,228.2,66.2,12.1,68.6,39.6,
WO-12085,Injection Molding,IM-006,M-INJ-006,2026-08-23,222.9,67.3,11.9,69.5,44.0,
WO-12086,injection molding,IM-006,M-INJ-006,2026-08-24,223.6,71.1,9.1,60.5,51.3,
WO-12087,Injection Molding,IM-006,M-INJ-006,2026-08-25,222.8,66.0,14.6,63.1,45.5,
WO-12088,  Injection Molding  ,IM-006,M-INJ-009,2026-08-26,223.7,62.2,11.0,59.2,42.6,
WO-12089,Injection Molding,IM-006,M-INJ-009,2026-08-27,224.3,65.8,10.8,63.9,45.4,
WO-12090,Injection Molding,IM-006,M-INJ-006,2026-08-28,224.6,74.7,10.1,66.6,45.6,
WO-12091,Injection Molding,IM-006,M-INJ-006,2026-08-28,223.8,71.7,11.2,64.4,46.1,
WO-12092,Injection Molding,IM-006,M-INJ-009,2026-08-29,220.8,63.5,12.2,71.0,50.8,
WO-12093,Injection Molding,IM-006,M-INJ-009,2026-08-30,226.7,69.0,10.2,72.9,47.2,
WO-12094,injection molding,IM-006,M-INJ-009,2026-08-31,221.1,70.2,11.6,62.3,46.8,
WO-12095,Injection Molding,IM-006,M-INJ-006,2026-08-31,224.8,71.3,10.6,56.4,43.3,
WO-12096,Injection Molding,IM-006,M-INJ-006,2026-09-01,221.5,78.2,12.1,71.0,48.1,
WO-12097,Injection Molding,IM-006,M-INJ-006,2026-09-01,223.6,65.3,11.9,62.3,50.8,
WO-12098,Injection Molding,IM-006,M-INJ-009,2026-09-02,222.4,67.7,9.5,64.4,46.5,
WO-12099,  Injection Molding  ,IM-006,M-INJ-009,2026-09-03,225.6,77.7,10.7,70.2,43.3,
WO-12100,Injection Molding,IM-006,M-INJ-009,2026-09-03,227.0,62.6,13.1,63.9,40.4,
WO-12101,Injection Molding,IM-006,M-INJ-009,2026-09-04,224.9,60.5,11.0,61.7,50.1,
WO-12102,Injection Molding,IM-006,M-INJ-006,2026-09-05,222.8,67.8,10.7,61.0,51.8,
WO-12103,Injection Molding,IM-006,M-INJ-006,2026-09-05,222.4,67.1,11.1,69.1,47.3,
WO-12104,Injection Molding,IM-006,M-INJ-006,2026-09-06,226.1,70.2,12.9,72.0,45.6,
WO-12105,Injection Molding,IM-006,M-INJ-006,2026-09-07,227.1,65.3,11.2,63.5,43.0,
WO-12106,Injection Molding,IM-006,M-INJ-006,2026-09-07,223.0,81.8,10.8,67.3,47.6,
WO-12107,Injection Molding,IM-006,M-INJ-006,2026-09-08,224.9,73.6,12.2,63.2,49.6,
WO-12108,Injection Molding,IM-006,M-INJ-006,2026-09-09,223.9,71.5,10.4,61.1,46.1,
WO-12109,Injection Molding,IM-006,M-INJ-009,2026-09-09,222.2,68.1,13.9,78.6,42.9,
WO-12110,Injection Molding,IM-006,M-INJ-009,2026-09-10,226.2,67.4,10.5,68.5,43.6,
WO-12111,Injection Molding,IM-006,M-INJ-009,2026-09-11,225.9,65.2,11.1,78.5,39.5,
WO-12112,Injection Molding,IM-006,M-INJ-009,2026-09-11,223.4,70.8,12.1,69.8,50.6,
WO-12113,Injection Molding,IM-006,M-INJ-009,2026-09-12,222.4,67.7,8.8,57.2,43.7,
WO-12114,Injection Molding,IM-006,M-INJ-009,2026-09-13,220.6,75.0,7.8,62.4,45.7,
WO-12115,Injection Molding,IM-006,M-INJ-006,2026-09-13,223.0,67.8,11.7,58.4,44.6,
WO-12116,Injection Molding,IM-006,M-INJ-009,2026-09-14,227.1,73.1,11.0,69.3,50.6,
WO-12117,Injection Molding,IM-006,M-INJ-006,2026-09-15,225.3,73.1,11.8,70.1,45.2,
WO-12118,Injection Molding,IM-006,M-INJ-006,2026-09-15,223.8,65.1,10.0,60.3,42.0,
WO-12119,Injection Molding,IM-006,M-INJ-009,2026-09-16,227.4,66.4,10.3,62.9,45.9,
WO-12120,Injection Molding,IM-006,M-INJ-009,2026-09-17,225.5,69.6,10.2,62.9,43.7,
WO-12121,Injection Molding,IM-006,M-INJ-006,2026-09-18,226.0,65.2,12.0,65.3,47.1,
WO-12122,Injection Molding,IM-006,M-INJ-009,2026-09-18,224.7,73.9,9.6,68.0,44.4,
WO-12123,Injection Molding,IM-006,M-INJ-006,2026-09-19,222.0,69.4,12.9,67.1,41.6,
WO-12124,Injection Molding,IM-006,M-INJ-006,2026-09-19,223.2,69.0,11.4,67.4,45.8,
WO-12125,Injection Molding,IM-006,M-INJ-006,2026-09-20,225.6,58.9,11.8,71.7,47.9,
WO-12126,Injection Molding,IM-006,M-INJ-009,2026-09-21,223.7,64.6,9.0,68.3,44.7,
WO-12127,Injection Molding,IM-006,M-INJ-009,2026-09-21,226.0,66.7,10.4,65.4,45.0,
WO-12128,Injection Molding,IM-006,M-INJ-006,2026-09-22,227.1,72.1,12.5,73.4,43.1,
WO-12129,injection molding,IM-006,M-INJ-006,2026-09-23,224.3,66.6,10.9,68.2,44.6,
WO-12130,Injection Molding,IM-006,M-INJ-006,2026-09-23,225.7,67.8,10.4,69.0,48.0,
WO-12131,Injection Molding,IM-006,M-INJ-006,2026-09-24,225.4,69.4,10.9,76.2,48.1,
WO-12132,Injection Molding,IM-006,M-INJ-006,2026-09-25,223.9,72.5,12.5,67.8,41.3,
WO-12133,Injection Molding,IM-006,M-INJ-006,2026-09-25,223.8,70.8,12.2,62.2,42.1,
WO-12134,Injection Molding,IM-006,M-INJ-006,2026-09-26,225.6,67.7,11.0,58.1,47.2,
WO-12135,Injection Molding,IM-006,M-INJ-006,2026-09-27,228.9,67.1,12.3,62.5,46.0,
WO-12136,Injection Molding,IM-006,M-INJ-009,2026-09-28,224.2,57.6,10.0,61.6,43.0,
WO-12137,Injection Molding,IM-006,M-INJ-009,2026-09-29,224.0,68.2,10.1,67.9,40.3,
WO-12138,Injection Molding,IM-006,M-INJ-009,2026-09-29,224.7,72.7,11.3,80.1,46.3,
WO-12139,Injection Molding,IM-006,M-INJ-006,2026-09-30,223.1,65.2,10.2,66.0,43.9,
WO-12140,Injection Molding,IM-006,M-INJ-009,2026-10-01,223.4,67.4,12.8,66.6,55.5,
WO-12141,Injection Molding,IM-006,M-INJ-006,2026-10-02,226.2,71.4,11.3,68.4,44.7,
WO-12142,Injection Molding,IM-006,M-INJ-009,2026-10-02,224.1,68.0,11.6,68.8,46.3,
WO-12143,Injection Molding,IM-006,M-INJ-009,2026-10-03,225.1,72.9,9.1,54.5,49.9,
WO-12144,Injection Molding,IM-006,M-INJ-006,2026-10-04,222.1,72.4,11.4,61.4,42.2,
WO-12145,Injection Molding,IM-006,M-INJ-009,2026-10-04,226.7,70.7,10.2,69.1,43.8,
WO-12146,Injection Molding,IM-006,M-INJ-009,2026-10-05,224.1,64.1,11.9,50.9,42.9,
WO-12147,Injection Molding,IM-006,M-INJ-009,2026-10-06,227.8,68.9,11.7,68.7,42.1,
WO-12148,Injection Molding,IM-006,M-INJ-006,2026-10-06,230.5,75.1,9.7,69.7,45.0,
WO-12149,Injection Molding,IM-006,M-INJ-006,2026-10-07,222.8,67.1,9.4,64.3,47.2,
WO-12150,Injection Molding,IM-006,M-INJ-006,2026-10-07,224.5,68.9,10.9,57.4,47.7,
WO-12151,Injection Molding,IM-006,M-INJ-006,2026-10-08,227.6,65.8,9.5,63.9,49.5,
WO-12152,Injection Molding,IM-006,M-INJ-006,2026-10-09,224.0,62.8,10.5,63.5,48.5,
WO-12153,Injection Molding,IM-006,M-INJ-006,2026-10-09,225.9,68.3,11.2,55.6,47.8,
WO-12154,  Injection Molding  ,IM-006,M-INJ-006,2026-10-10,226.7,71.7,12.9,65.1,49.2,
WO-12155,Injection Molding,IM-006,M-INJ-006,2026-10-11,224.8,75.7,13.2,65.5,47.9,
WO-12156,Injection Molding,IM-006,M-INJ-006,2026-10-12,222.7,66.5,12.9,63.6,44.8,
WO-12157,Injection Molding,IM-006,M-INJ-006,2026-10-12,223.5,64.0,11.9,71.6,46.7,
WO-12158,Injection Molding,IM-006,M-INJ-009,2026-10-13,225.8,71.3,9.2,66.6,50.9,
WO-12159,Injection Molding,IM-006,M-INJ-009,2026-10-14,224.8,76.4,12.9,63.2,40.7,
WO-12160,injection molding,IM-006,M-INJ-006,2026-10-14,223.7,58.7,9.9,58.4,48.6,
WO-12161,Injection Molding,IM-006,M-INJ-009,2026-10-15,223.6,63.2,10.5,52.8,51.9,
WO-12162,Injection Molding,IM-006,M-INJ-006,2026-10-16,226.5,61.8,11.2,59.3,48.6,
WO-12163,Injection Molding,IM-006,M-INJ-006,2026-10-16,223.5,73.4,10.9,68.6,47.8,
WO-12164,Injection Molding,IM-006,M-INJ-006,2026-10-17,222.6,72.3,11.6,63.4,46.3,
WO-12165,Injection Molding,IM-006,M-INJ-006,2026-10-17,227.9,67.5,11.9,64.6,43.0,
WO-12166,Injection Molding,IM-006,M-INJ-006,2026-10-18,224.7,75.4,9.2,63.5,41.0,
WO-12167,injection molding,IM-006,M-INJ-009,2026-10-19,227.4,67.3,13.0,67.4,44.0,
WO-12168,Injection Molding,IM-006,M-INJ-009,2026-10-19,227.5,71.5,14.0,67.9,46.6,
WO-12169,Injection Molding,IM-006,M-INJ-009,2026-10-20,223.8,72.1,9.7,61.2,44.2,
WO-12170,injection molding,IM-006,M-INJ-009,2026-10-21,227.9,71.8,11.1,70.5,51.6,
WO-12171,Injection Molding,IM-006,M-INJ-006,2026-10-21,223.9,72.1,13.2,69.1,46.8,
WO-12172,Injection Molding,IM-006,M-INJ-006,2026-10-22,229.4,68.9,10.4,66.4,50.3,
WO-12173,Injection Molding,IM-006,M-INJ-006,2026-10-22,223.6,68.7,11.3,71.6,41.6,
WO-12174,Injection Molding,IM-006,M-INJ-009,2026-10-23,227.8,71.3,10.4,71.4,48.7,
WO-12175,Injection Molding,IM-006,M-INJ-009,2026-10-24,228.8,69.3,9.6,65.8,42.2,
WO-12176,Injection Molding,IM-006,M-INJ-009,2026-10-24,224.6,68.3,9.5,63.3,44.6,
WO-12177,Injection Molding,IM-006,M-INJ-006,2026-10-25,224.4,64.2,10.5,71.1,46.9,
WO-12178,Injection Molding,IM-006,M-INJ-006,2026-10-26,225.0,77.3,12.0,63.7,43.0,
WO-12179,Injection Molding,IM-006,M-INJ-009,2026-10-27,223.9,63.9,11.6,62.9,41.7,
WO-12180,Injection Molding,IM-006,M-INJ-006,2026-10-27,225.9,65.4,13.0,62.3,47.6,
WO-12181,Injection Molding,IM-006,M-INJ-006,2026-10-28,225.1,73.7,10.7,60.4,45.0,
WO-12182,INJECTION MOLDING,IM-006,M-INJ-006,2026-10-29,224.0,70.5,10.3,63.2,44.7,
WO-12183,Injection Molding,IM-006,M-INJ-009,2026-10-29,227.6,66.8,9.3,57.4,46.8,
WO-12184,Injection Molding,IM-006,M-INJ-009,2026-10-30,225.5,68.4,11.6,64.4,47.2,
WO-12185,Injection Molding,IM-006,M-INJ-009,2026-10-30,224.2,70.6,10.8,59.1,48.7,
WO-12186,Injection Molding,IM-006,M-INJ-009,2026-10-31,227.5,69.9,13.8,53.9,43.5,
WO-12187,Injection Molding,IM-006,M-INJ-009,2026-11-01,223.8,65.6,8.8,62.9,42.9,
WO-12188,Injection Molding,IM-006,M-INJ-009,2026-11-01,224.7,68.7,13.0,67.3,43.1,
WO-12189,Injection Molding,IM-006,M-INJ-009,2026-11-02,224.1,68.7,11.2,73.4,44.9,
WO-12190,Injection Molding,IM-006,M-INJ-006,2026-11-03,227.9,70.6,8.1,64.3,40.4,
WO-12191,INJECTION MOLDING,IM-006,M-INJ-009,2026-11-04,224.0,72.8,12.5,59.5,44.2,
WO-12192,Injection Molding,IM-006,M-INJ-009,2026-11-05,222.9,72.4,11.5,69.0,44.3,
WO-12193,Injection Molding,IM-006,M-INJ-006,2026-11-05,223.0,74.2,9.5,63.9,45.9,
WO-12194,Injection Molding,IM-006,M-INJ-006,2026-11-06,225.4,62.6,11.6,63.7,46.1,
WO-12195,Injection Molding,IM-006,M-INJ-006,2026-11-07,226.4,68.8,11.4,77.5,48.8,
WO-12196,Injection Molding,IM-006,M-INJ-006,2026-11-08,225.0,62.2,9.8,68.6,42.4,
WO-12197,Injection Molding,IM-006,M-INJ-006,2026-11-08,222.8,67.7,11.3,62.4,49.0,
WO-12198,Injection Molding,IM-006,M-INJ-006,2026-11-09,230.0,79.7,10.8,71.1,45.7,
WO-12199,Injection Molding,IM-006,M-INJ-009,2026-11-10,224.3,69.5,10.6,58.8,42.5,
WO-12200,Injection Molding,IM-006,M-INJ-009,2026-11-11,226.5,74.5,10.1,63.4,46.9,
WO-12201,Injection Molding,IM-006,M-INJ-009,2026-11-11,224.1,65.0,13.0,64.3,44.1,
WO-12202,Injection Molding,IM-006,M-INJ-009,2026-11-12,221.8,73.7,12.3,62.6,44.6,
WO-12203,Injection Molding,IM-006,M-INJ-009,2026-11-13,224.1,72.8,10.6,64.2,49.5,
WO-12204,Injection Molding,IM-006,M-INJ-009,2026-11-13,222.0,65.0,13.3,67.0,49.0,
WO-12205,Injection Molding,IM-006,M-INJ-006,2026-11-14,224.6,71.0,11.4,59.7,46.4,
WO-12206,Injection Molding,IM-006,M-INJ-006,2026-11-15,225.4,66.2,9.9,66.6,48.0,
WO-12207,injection molding,IM-006,M-INJ-006,2026-11-15,228.2,65.8,10.0,61.8,47.9,
WO-12208,Injection Molding,IM-006,M-INJ-009,2026-11-16,221.5,69.7,11.8,67.0,45.3,
WO-12209,Injection Molding,IM-006,M-INJ-009,2026-11-16,224.8,64.8,10.9,63.8,44.7,
WO-12210,Injection Molding,IM-006,M-INJ-009,2026-11-17,225.4,69.1,12.3,80.2,44.8,
WO-12211,Injection Molding,IM-006,M-INJ-009,2026-11-17,221.9,66.5,11.0,72.5,45.7,
WO-12212,INJECTION MOLDING,IM-006,M-INJ-009,2026-11-18,228.9,66.5,12.2,59.8,45.8,
WO-12213,Injection Molding,IM-006,M-INJ-006,2026-11-19,227.1,69.7,14.3,62.7,41.0,
WO-12214,Injection Molding,IM-006,M-INJ-006,2026-11-20,222.8,69.8,12.9,69.1,45.2,
WO-12215,Injection Molding,IM-006,M-INJ-006,2026-11-20,221.2,63.0,10.9,69.9,43.8,
WO-12216,Injection Molding,IM-006,M-INJ-009,2026-11-21,224.7,68.1,11.3,63.6,48.6,
WO-12217,Injection Molding,IM-006,M-INJ-009,2026-11-21,222.5,66.2,11.4,73.6,47.2,
WO-12218,Injection Molding,IM-006,M-INJ-006,2026-11-22,227.1,67.7,9.8,53.5,45.1,
WO-12219,Injection Molding,IM-006,M-INJ-006,2026-11-23,223.9,68.9,9.4,64.9,47.1,
WO-12220,Injection Molding,IM-006,M-INJ-006,2026-11-23,229.5,73.6,11.3,76.4,40.9,
WO-12221,INJECTION MOLDING,IM-006,M-INJ-009,2026-11-24,228.9,62.9,9.8,70.3,38.7,
WO-12222,Injection Molding,IM-006,M-INJ-006,2026-11-25,226.1,76.6,9.8,55.4,47.6,
WO-12223,Injection Molding,IM-006,M-INJ-009,2026-11-26,227.2,69.0,11.1,62.6,44.7,
WO-12224,Injection Molding,IM-006,M-INJ-009,2026-11-26,225.1,78.1,8.2,67.3,43.6,
WO-12225,Injection Molding,IM-006,M-INJ-006,2026-11-27,223.9,72.1,13.4,59.6,51.6,
WO-12226,Injection Molding,IM-006,M-INJ-006,2026-11-28,226.2,56.9,10.5,67.9,42.6,
WO-12227,Injection Molding,IM-006,M-INJ-006,2026-11-28,223.1,68.5,13.3,64.3,52.2,
WO-12228,Injection Molding,IM-006,M-INJ-006,2026-11-29,223.6,64.8,10.3,70.7,42.0,
WO-12229,Injection Molding,IM-006,M-INJ-009,2026-11-30,225.1,71.1,10.4,59.1,48.6,
WO-12230,Injection Molding,IM-006,M-INJ-009,2026-11-30,223.1,72.0,10.6,68.1,48.3,
WO-12231,Injection Molding,IM-006,M-INJ-009,2026-12-01,224.8,70.2,8.4,57.5,31.8,
WO-12232,Injection Molding,IM-006,M-INJ-006,2026-12-02,229.1,71.9,10.8,67.8,43.1,
WO-12233,Injection Molding,IM-006,M-INJ-006,2026-12-02,225.9,70.8,10.2,58.0,44.6,
WO-12234,Injection Molding,IM-006,M-INJ-009,2026-12-03,228.1,67.5,12.3,62.6,47.5,
WO-12235,Injection Molding,IM-006,M-INJ-006,2026-12-04,223.6,66.3,12.0,62.6,47.3,
WO-12236,Injection Molding,IM-006,M-INJ-006,2026-12-05,228.5,67.9,11.7,69.0,42.9,
WO-12237,Injection Molding,IM-006,M-INJ-006,2026-12-05,227.9,76.9,9.7,70.2,43.0,
WO-12238,Injection Molding,IM-006,M-INJ-009,2026-12-06,223.9,69.9,11.0,62.4,44.8,
WO-12239,Injection Molding,IM-006,M-INJ-006,2026-12-07,225.6,71.1,11.6,69.9,44.3,
WO-12240,Injection Molding,IM-006,M-INJ-006,2026-12-07,227.7,74.3,11.0,62.2,40.0,
WO-12241,Injection Molding,IM-006,M-INJ-009,2026-12-08,225.4,75.8,14.2,66.4,44.9,
WO-12242,Injection Molding,IM-006,M-INJ-009,2026-12-09,219.6,71.5,10.6,61.3,50.9,
WO-12243,  Injection Molding  ,IM-006,M-INJ-006,2026-12-09,225.4,66.9,12.5,59.4,40.8,
WO-12244,Injection Molding,IM-006,M-INJ-006,2026-12-10,226.3,63.7,11.3,67.4,40.6,
WO-12245,Injection Molding,IM-006,M-INJ-006,2026-12-11,225.4,69.1,10.5,61.9,45.0,
WO-12246,Injection Molding,IM-006,M-INJ-006,2026-12-11,226.8,76.2,11.9,65.6,42.0,
WO-12247,  Injection Molding  ,IM-006,M-INJ-006,2026-12-12,227.9,74.0,10.9,59.2,48.0,
WO-12248,INJECTION MOLDING,IM-006,M-INJ-006,2026-12-13,222.3,75.7,10.6,66.7,45.4,
WO-12249,Injection Molding,IM-006,M-INJ-006,2026-12-13,226.8,70.8,9.9,62.6,42.1,
WO-12250,Injection Molding,IM-006,M-INJ-009,2026-12-14,221.5,66.8,11.3,64.6,46.0,
WO-12251,Injection Molding,IM-006,M-INJ-006,2026-12-15,226.8,65.8,10.2,72.4,48.7,
WO-12252,  Injection Molding  ,IM-006,M-INJ-006,2026-12-15,224.8,70.2,12.1,70.9,48.5,
WO-12253,Injection Molding,IM-006,M-INJ-009,2026-12-16,225.3,73.1,9.8,59.0,42.7,
WO-12254,Injection Molding,IM-006,M-INJ-006,2026-12-17,224.2,70.0,10.6,69.9,45.3,
WO-12255,Injection Molding,IM-006,M-INJ-006,2026-12-17,226.0,67.8,11.5,70.8,41.8,
WO-12256,Injection Molding,IM-006,M-INJ-006,2026-12-18,226.7,65.8,12.1,55.8,45.8,
WO-12257,Injection Molding,IM-006,M-INJ-006,2026-12-19,225.1,70.1,9.9,66.8,50.1,
WO-12258,Injection Molding,IM-006,M-INJ-009,2026-12-19,225.6,67.7,9.3,59.4,47.1,
WO-12259,Injection Molding,IM-006,M-INJ-009,2026-12-20,226.2,62.7,9.8,67.8,44.1,
WO-12260,Injection Molding,IM-006,M-INJ-009,2026-12-20,220.6,69.9,9.9,65.3,40.2,
WO-12261,Injection Molding,IM-006,M-INJ-009,2026-12-21,221.9,72.4,13.5,62.5,39.0,
WO-12262,INJECTION MOLDING,IM-006,M-INJ-009,2026-12-22,225.3,64.7,11.1,63.4,42.6,
WO-12263,Injection Molding,IM-006,M-INJ-006,2026-12-22,226.2,67.2,12.5,60.6,47.4,
WO-12264,Injection Molding,IM-006,M-INJ-006,2026-12-23,227.3,67.6,11.2,65.3,45.1,
WO-12265,Injection Molding,IM-006,M-INJ-006,2026-12-24,230.0,72.0,11.3,72.3,47.2,
WO-12266,Injection Molding,IM-006,M-INJ-006,2026-12-25,226.5,69.1,10.9,62.8,41.1,
WO-12267,Injection Molding,IM-006,M-INJ-009,2026-12-25,224.5,65.8,10.3,74.0,51.3,
WO-12268,Injection Molding,IM-006,M-INJ-009,2026-12-26,224.2,73.7,10.7,70.3,45.7,
WO-12269,Injection Molding,IM-006,M-INJ-006,2026-12-27,224.3,65.2,12.2,57.6,47.1,
WO-12270,Injection Molding,IM-006,M-INJ-006,2026-12-27,226.5,63.6,11.5,56.7,46.8,
WO-12271,Injection Molding,IM-006,M-INJ-006,2026-12-28,227.5,66.9,8.3,61.5,42.7,
WO-12272,injection molding,IM-006,M-INJ-006,2026-12-29,225.1,62.8,12.1,61.9,40.7,
WO-12273,  Injection Molding  ,IM-006,M-INJ-006,2026-12-30,225.6,67.4,10.7,68.8,48.3,
WO-12274,Injection Molding,IM-006,M-INJ-009,2026-12-30,225.0,67.8,10.3,52.9,45.0,
WO-16090,Injection Molding,IM-004,M-INJ-007,2025-11-05,228.4,65.9,9.2,73.9,48.7,
WO-16091,Injection Molding,IM-004,M-INJ-007,2025-11-05,222.8,69.9,11.0,67.0,49.4,
WO-1000,Blow Molding,ISBM-001,M-SOP-007,2025-07-01,,,9.1,,40.2,52.3
WO-1001,Blow Molding,ISBM-001,M-SOP-007,2025-07-01,,,9.3,,38.3,52.1
WO-1002,Blow Molding,ISBM-001,M-SOP-007,2025-07-02,,,10.5,,39.7,49.2
WO-1003,Blow Molding,ISBM-001,M-SOP-007,2025-07-03,,,10.6,,43.2,51.5
WO-1004,Blow Molding,ISBM-001,M-SOP-007,2025-07-03,,,9.2,,38.8,50.9
WO-1005,Blow Molding,ISBM-001,M-SOP-001,2025-07-04,,,9.1,,38.7,50.7
WO-1006,Blow Molding,ISBM-001,M-SOP-001,2025-07-05,,,8.8,,42.5,48.5
WO-1007,Blow Molding,ISBM-001,M-SOP-001,2025-07-06,,,10.3,,44.5,46.7
WO-1008,  Blow Molding  ,ISBM-001,M-SOP-001,2025-07-06,,,9.9,,44.4,46.3
WO-1009,Blow Molding,ISBM-001,M-SOP-001,2025-07-07,,,9.2,,43.2,52.4
WO-1010,Blow Molding,ISBM-001,M-SOP-001,2025-07-08,,,9.0,,37.2,50.3
WO-1011,BLOW MOLDING,ISBM-001,M-SOP-007,2025-07-08,,,8.2,,39.8,47.5
WO-1012,  Blow Molding  ,ISBM-001,M-SOP-007,2025-07-09,,,8.8,,44.8,50.7
WO-1013,Blow Molding,ISBM-001,M-SOP-001,2025-07-10,,,11.7,,39.6,49.9
WO-1014,  Blow Molding  ,ISBM-001,M-SOP-001,2025-07-11,,,8.8,,40.5,44.8
WO-1015,  Blow Molding  ,ISBM-001,M-SOP-001,2025-07-11,,,9.9,,41.6,46.5
WO-1016,Blow Molding,ISBM-001,M-SOP-001,2025-07-12,,,10.2,,39.8,52.2
WO-1017,Blow Molding,ISBM-001,M-SOP-001,2025-07-12,,,10.2,,41.6,49.6
WO-1018,Blow Molding,ISBM-001,M-SOP-007,2025-07-13,,,10.2,,45.4,44.4
WO-1019,Blow Molding,ISBM-001,M-SOP-007,2025-07-14,,,9.6,,39.9,47.9
WO-1020,Blow Molding,ISBM-001,M-SOP-007,2025-07-15,,,9.0,,39.9,49.8
WO-1021,Blow Molding,ISBM-001,M-SOP-007,2025-07-15,,,10.1,,41.7,52.0
WO-1022,Blow Molding,ISBM-001,M-SOP-001,2025-07-16,,,11.2,,44.2,52.8
WO-1023,BLOW MOLDING,ISBM-001,M-SOP-007,2025-07-17,,,10.1,,44.7,57.7
WO-1024,Blow Molding,ISBM-001,M-SOP-007,2025-07-17,,,9.5,,41.4,44.2
WO-1025,Blow Molding,ISBM-001,M-SOP-007,2025-07-18,,,11.0,,41.7,51.7
WO-1026,Blow Molding,ISBM-001,M-SOP-007,2025-07-19,,,10.7,,37.5,53.5
WO-1027,Blow Molding,ISBM-001,M-SOP-007,2025-07-19,,,7.9,,43.9,47.7
WO-1028,Blow Molding,ISBM-001,M-SOP-007,2025-07-20,,,8.4,,40.8,48.2
WO-1029,Blow Molding,ISBM-001,M-SOP-001,2025-07-21,,,8.5,,37.7,40.1
WO-1030,Blow Molding,ISBM-001,M-SOP-007,2025-07-22,,,10.6,,40.7,53.5
WO-1031,Blow Molding,ISBM-001,M-SOP-001,2025-07-23,,,9.6,,42.9,54.8
WO-1032,Blow Molding,ISBM-001,M-SOP-001,2025-07-23,,,8.2,,37.4,47.9
WO-1033,Blow Molding,ISBM-001,M-SOP-001,2025-07-24,,,11.7,,40.4,42.9
WO-1034,Blow Molding,ISBM-001,M-SOP-001,2025-07-24,,,8.5,,38.3,42.4
WO-1035,Blow Molding,ISBM-001,M-SOP-007,2025-07-25,,,10.6,,44.7,49.2
WO-1036,Blow Molding,ISBM-001,M-SOP-007,2025-07-26,,,10.2,,38.0,53.4
WO-1037,Blow Molding,ISBM-001,M-SOP-007,2025-07-27,,,9.4,,47.1,47.3
WO-1038,Blow Molding,ISBM-001,M-SOP-007,2025-07-27,,,9.7,,39.6,53.4
WO-1039,Blow Molding,ISBM-001,M-SOP-007,2025-07-28,,,9.1,,46.5,43.9
WO-1040,Blow Molding,ISBM-001,M-SOP-001,2025-07-29,,,10.1,,47.9,48.2
WO-1041,Blow Molding,ISBM-001,M-SOP-001,2025-07-29,,,11.0,,41.1,49.5
WO-1042,BLOW MOLDING,ISBM-001,M-SOP-001,2025-07-30,,,10.6,,44.5,47.5
WO-1043,BLOW MOLDING,ISBM-001,M-SOP-001,2025-07-31,,,10.4,,43.3,53.7
WO-1044,Blow Molding,ISBM-001,M-SOP-001,2025-08-01,,,9.9,,39.3,49.4
WO-1045,Blow Molding,ISBM-001,M-SOP-001,2025-08-01,,,7.9,,42.7,54.2
WO-1046,Blow Molding,ISBM-001,M-SOP-001,2025-08-02,,,8.6,,38.9,37.8
WO-1047,Blow Molding,ISBM-001,M-SOP-001,2025-08-03,,,8.9,,43.5,43.8
WO-1048,blow molding,ISBM-001,M-SOP-001,2025-08-04,,,9.0,,43.2,44.6
WO-1049,Blow Molding,ISBM-001,M-SOP-007,2025-08-04,,,9.9,,39.4,48.3
WO-1050,Blow Molding,ISBM-001,M-SOP-007,2025-08-05,,,11.6,,38.9,48.1
WO-1051,  Blow Molding  ,ISBM-001,M-SOP-007,2025-08-05,,,8.4,,37.8,47.5
WO-1052,Blow Molding,ISBM-001,M-SOP-007,2025-08-06,,,8.4,,42.6,52.7
WO-1053,Blow Molding,ISBM-001,M-SOP-001,2025-08-07,,,9.0,,41.2,46.6
WO-1054,Blow Molding,ISBM-001,M-SOP-007,2025-08-08,,,9.5,,42.5,47.8
WO-1055,Blow Molding,ISBM-001,M-SOP-007,2025-08-08,,,9.3,,44.8,49.2
WO-1056,BLOW MOLDING,ISBM-001,M-SOP-007,2025-08-09,,,10.0,,47.5,52.4
WO-1057,Blow Molding,ISBM-001,M-SOP-001,2025-08-10,,,8.5,,40.0,48.5
WO-1058,Blow Molding,ISBM-001,M-SOP-007,2025-08-11,,,8.8,,47.8,54.6
WO-1059,Blow Molding,ISBM-001,M-SOP-007,2025-08-11,,,9.3,,39.5,51.7
WO-1060,Blow Molding,ISBM-001,M-SOP-007,2025-08-12,,,11.7,,41.4,54.7
WO-1061,Blow Molding,ISBM-001,M-SOP-007,2025-08-13,,,10.9,,42.8,46.8
WO-1062,Blow Molding,ISBM-001,M-SOP-007,2025-08-13,,,9.5,,37.8,56.2
WO-1063,  Blow Molding  ,ISBM-001,M-SOP-001,2025-08-14,,,8.0,,42.0,45.7
WO-1064,Blow Molding,ISBM-001,M-SOP-001,2025-08-15,,,10.3,,41.6,52.0
WO-1065,Blow Molding,ISBM-001,M-SOP-001,2025-08-16,,,11.8,,43.3,46.0
WO-1066,Blow Molding,ISBM-001,M-SOP-001,2025-08-16,,,10.5,,40.2,50.1
WO-1067,Blow Molding,ISBM-001,M-SOP-001,2025-08-17,,,9.3,,43.9,49.0
WO-1068,Blow Molding,ISBM-001,M-SOP-001,2025-08-17,,,9.6,,41.2,45.9
WO-1069,Blow Molding,ISBM-001,M-SOP-001,2025-08-18,,,10.9,,42.4,49.0
WO-1070,Blow Molding,ISBM-001,M-SOP-007,2025-08-19,,,10.1,,39.2,40.8
WO-1071,blow molding,ISBM-001,M-SOP-007,2025-08-20,,,11.3,,40.8,53.4
WO-1072,Blow Molding,ISBM-001,M-SOP-007,2025-08-21,,,8.9,,41.3,50.3
WO-1073,Blow Molding,ISBM-001,M-SOP-001,2025-08-21,,,10.5,,41.2,48.5
WO-1074,Blow Molding,ISBM-001,M-SOP-001,2025-08-22,,,10.0,,45.4,44.9
WO-1075,Blow Molding,ISBM-001,M-SOP-001,2025-08-23,,,8.8,,40.1,48.3
WO-1076,Blow Molding,ISBM-001,M-SOP-007,2025-08-24,,,8.1,,40.2,49.8
WO-1077,Blow Molding,ISBM-001,M-SOP-007,2025-08-24,,,9.4,,46.1,54.4
WO-1078,Blow Molding,ISBM-001,M-SOP-001,2025-08-25,,,10.0,,41.1,45.8
WO-1079,Blow Molding,ISBM-001,M-SOP-001,2025-08-26,,,9.4,,47.8,49.4
WO-1080,Blow Molding,ISBM-001,M-SOP-001,2025-08-26,,,9.2,,38.9,42.9
WO-1081,Blow Molding,ISBM-001,M-SOP-007,2025-08-27,,,10.1,,39.3,48.9
WO-1082,Blow Molding,ISBM-001,M-SOP-007,2025-08-28,,,10.4,,40.7,48.6
WO-1083,Blow Molding,ISBM-001,M-SOP-007,2025-08-29,,,9.8,,42.5,51.9
WO-1084,Blow Molding,ISBM-001,M-SOP-007,2025-08-29,,,10.6,,44.0,53.7
WO-1085,Blow Molding,ISBM-001,M-SOP-007,2025-08-30,,,10.4,,41.1,46.4
WO-1086,Blow Molding,ISBM-001,M-SOP-007,2025-08-31,,,10.1,,39.6,52.3
WO-1087,BLOW MOLDING,ISBM-001,M-SOP-001,2025-09-01,,,9.9,,38.9,40.7
WO-1088,Blow Molding,ISBM-001,M-SOP-001,2025-09-01,,,9.7,,50.1,44.5
WO-1089,Blow Molding,ISBM-001,M-SOP-007,2025-09-02,,,10.2,,43.4,48.8
WO-1090,Blow Molding,ISBM-001,M-SOP-001,2025-09-02,,,10.8,,42.7,43.4
WO-1091,Blow Molding,ISBM-001,M-SOP-001,2025-09-03,,,9.1,,39.6,47.8
WO-1092,Blow Molding,ISBM-001,M-SOP-001,2025-09-04,,,8.8,,44.1,49.1
WO-1093,Blow Molding,ISBM-001,M-SOP-001,2025-09-04,,,8.1,,43.5,48.5
WO-1094,  Blow Molding  ,ISBM-001,M-SOP-007,2025-09-05,,,7.2,,38.7,49.9
WO-1095,Blow Molding,ISBM-001,M-SOP-007,2025-09-06,,,11.1,,36.6,43.8
WO-1096,Blow Molding,ISBM-001,M-SOP-001,2025-09-07,,,9.7,,42.5,49.8
WO-1097,Blow Molding,ISBM-001,M-SOP-001,2025-09-07,,,8.2,,44.6,51.0
WO-1098,Blow Molding,ISBM-001,M-SOP-001,2025-09-08,,,8.9,,44.0,49.7
WO-1099,Blow Molding,ISBM-001,M-SOP-007,2025-09-09,,,8.5,,39.3,47.7
WO-1100,Blow Molding,ISBM-001,M-SOP-007,2025-09-10,,,11.2,,40.1,50.2
WO-1101,Blow Molding,ISBM-001,M-SOP-007,2025-09-10,,,10.4,,42.8,53.1
WO-1102,Blow Molding,ISBM-001,M-SOP-007,2025-09-11,,,8.4,,40.7,51.5
WO-1103,Blow Molding,ISBM-001,M-SOP-007,2025-09-11,,,9.7,,42.4,51.1
WO-1104,Blow Molding,ISBM-001,M-SOP-007,2025-09-12,,,10.2,,38.5,58.5
WO-1105,Blow Molding,ISBM-001,M-SOP-001,2025-09-13,,,9.5,,40.4,52.5
WO-1106,Blow Molding,ISBM-001,M-SOP-001,2025-09-14,,,9.5,,46.5,56.6
WO-1107,  Blow Molding  ,ISBM-001,M-SOP-001,2025-09-14,,,9.8,,45.4,48.5
WO-1108,Blow Molding,ISBM-001,M-SOP-001,2025-09-15,,,9.0,,37.8,41.2
WO-1109,Blow Molding,ISBM-001,M-SOP-001,2025-09-16,,,10.1,,47.4,46.7
WO-1110,  Blow Molding  ,ISBM-001,M-SOP-001,2025-09-17,,,10.8,,41.0,41.8
WO-1111,Blow Molding,ISBM-001,M-SOP-001,2025-09-17,,,10.4,,35.8,45.7
WO-1112,Blow Molding,ISBM-001,M-SOP-007,2025-09-18,,,10.3,,35.5,38.2
WO-1113,Blow Molding,ISBM-001,M-SOP-001,2025-09-18,,,7.2,,36.4,48.5
WO-1114,BLOW MOLDING,ISBM-001,M-SOP-001,2025-09-19,,,9.5,,46.3,53.0
WO-1115,Blow Molding,ISBM-001,M-SOP-001,2025-09-20,,,9.7,,45.1,46.0
WO-1116,Blow Molding,ISBM-001,M-SOP-001,2025-09-20,,,11.2,,36.1,45.0
WO-1117,Blow Molding,ISBM-001,M-SOP-007,2025-09-21,,,9.2,,41.0,44.9
WO-1118,Blow Molding,ISBM-001,M-SOP-007,2025-09-22,,,10.6,,40.6,45.1
WO-1119,Blow Molding,ISBM-001,M-SOP-007,2025-09-22,,,9.6,,42.0,54.0
WO-1120,Blow Molding,ISBM-001,M-SOP-001,2025-09-23,,,9.8,,40.8,49.8
WO-1121,Blow Molding,ISBM-001,M-SOP-007,2025-09-24,,,9.5,,46.9,49.0
WO-1122,Blow Molding,ISBM-001,M-SOP-001,2025-09-24,,,9.6,,41.5,48.5
WO-1123,Blow Molding,ISBM-001,M-SOP-001,2025-09-25,,,8.9,,40.1,52.2
WO-1124,Blow Molding,ISBM-001,M-SOP-001,2025-09-25,,,9.2,,40.5,43.0
WO-1125,Blow Molding,ISBM-001,M-SOP-007,2025-09-26,,,8.5,,45.6,49.4
WO-1126,Blow Molding,ISBM-001,M-SOP-007,2025-09-27,,,10.2,,40.1,56.3
WO-1127,Blow Molding,ISBM-001,M-SOP-001,2025-09-28,,,10.8,,44.3,48.2
WO-1128,Blow Molding,ISBM-001,M-SOP-001,2025-09-29,,,10.1,,41.2,40.4
WO-1129,Blow Molding,ISBM-001,M-SOP-007,2025-09-29,,,10.0,,45.0,47.1
WO-1130,Blow Molding,ISBM-001,M-SOP-007,2025-09-30,,,9.6,,47.1,47.8
WO-1131,Blow Molding,ISBM-001,M-SOP-007,2025-09-30,,,9.0,,46.3,50.6
WO-1132,Blow Molding,ISBM-001,M-SOP-007,2025-10-01,,,8.5,,43.2,48.4
WO-1133,Blow Molding,ISBM-001,M-SOP-001,2025-10-02,,,8.6,,40.2,45.6
WO-1134,Blow Molding,ISBM-001,M-SOP-001,2025-10-03,,,10.1,,39.5,50.5
WO-1135,  Blow Molding  ,ISBM-001,M-SOP-001,2025-10-03,,,8.6,,40.8,46.3
WO-1136,Blow Molding,ISBM-001,M-SOP-001,2025-10-04,,,11.1,,46.1,48.6
WO-1137,Blow Molding,ISBM-001,M-SOP-001,2025-10-05,,,9.3,,43.3,54.9
WO-1138,Blow Molding,ISBM-001,M-SOP-001,2025-10-05,,,10.8,,40.9,48.4
WO-1139,Blow Molding,ISBM-001,M-SOP-001,2025-10-06,,,7.1,,46.5,44.3
WO-1140,Blow Molding,ISBM-001,M-SOP-001,2025-10-06,,,11.3,,47.0,51.4
WO-1141,blow molding,ISBM-001,M-SOP-007,2025-10-07,,,9.2,,42.7,53.1
WO-1142,Blow Molding,ISBM-001,M-SOP-001,2025-10-08,,,9.8,,44.8,45.9
WO-1143,Blow Molding,ISBM-001,M-SOP-001,2025-10-09,,,8.3,,34.3,48.2
WO-1144,Blow Molding,ISBM-001,M-SOP-001,2025-10-09,,,9.2,,41.4,45.1
WO-1145,Blow Molding,ISBM-001,M-SOP-001,2025-10-10,,,9.9,,46.2,49.7
WO-1146,Blow Molding,ISBM-001,M-SOP-007,2025-10-11,,,9.6,,42.3,47.9
WO-1147,Blow Molding,ISBM-001,M-SOP-007,2025-10-12,,,9.8,,44.5,45.6
WO-1148,Blow Molding,ISBM-001,M-SOP-007,2025-10-13,,,9.8,,43.7,43.4
WO-1149,BLOW MOLDING,ISBM-001,M-SOP-007,2025-10-13,,,9.3,,38.0,49.6
WO-1150,Blow Molding,ISBM-001,M-SOP-007,2025-10-14,,,9.8,,42.6,48.2
WO-1151,Blow Molding,ISBM-001,M-SOP-007,2025-10-14,,,8.9,,39.3,51.2
WO-1152,Blow Molding,ISBM-001,M-SOP-007,2025-10-15,,,8.9,,38.2,55.7
WO-1153,Blow Molding,ISBM-001,M-SOP-007,2025-10-15,,,9.2,,40.4,54.6
WO-1154,Blow Molding,ISBM-001,M-SOP-007,2025-10-16,,,11.2,,43.5,47.1
WO-1155,Blow Molding,ISBM-001,M-SOP-001,2025-10-17,,,8.9,,41.8,49.2
WO-1156,Blow Molding,ISBM-001,M-SOP-001,2025-10-17,,,9.3,,44.2,38.9
WO-1157,Blow Molding,ISBM-001,M-SOP-001,2025-10-18,,,8.7,,42.9,48.5
WO-1158,Blow Molding,ISBM-001,M-SOP-001,2025-10-18,,,8.8,,42.0,51.4
WO-1159,Blow Molding,ISBM-001,M-SOP-007,2025-10-19,,,8.8,,42.9,46.8
WO-1160,Blow Molding,ISBM-001,M-SOP-007,2025-10-19,,,9.3,,39.9,51.8
WO-1161,Blow Molding,ISBM-001,M-SOP-007,2025-10-20,,,8.7,,44.2,44.6
WO-1162,Blow Molding,ISBM-001,M-SOP-007,2025-10-21,,,10.8,,48.5,47.7
WO-1163,Blow Molding,ISBM-001,M-SOP-007,2025-10-21,,,9.9,,42.3,54.8
WO-1164,Blow Molding,ISBM-001,M-SOP-007,2025-10-22,,,9.1,,44.4,53.6
WO-1165,Blow Molding,ISBM-001,M-SOP-001,2025-10-23,,,9.5,,31.9,44.8
WO-1166,Blow Molding,ISBM-001,M-SOP-001,2025-10-23,,,8.3,,41.9,47.5
WO-1167,Blow Molding,ISBM-001,M-SOP-007,2025-10-24,,,8.6,,40.9,54.5
WO-1168,Blow Molding,ISBM-001,M-SOP-007,2025-10-25,,,9.2,,37.0,54.1
WO-1169,Blow Molding,ISBM-001,M-SOP-007,2025-10-25,,,9.0,,41.3,54.3
WO-1170,Blow Molding,ISBM-001,M-SOP-007,2025-10-26,,,9.3,,38.6,49.8
WO-1171,Blow Molding,ISBM-001,M-SOP-007,2025-10-26,,,9.1,,49.1,58.2
WO-1172,Blow Molding,ISBM-001,M-SOP-007,2025-10-27,,,8.7,,39.9,52.1
WO-1173,Blow Molding,ISBM-001,M-SOP-007,2025-10-27,,,9.1,,46.2,52.2
WO-1174,Blow Molding,ISBM-001,M-SOP-007,2025-10-28,,,9.0,,41.3,47.8
WO-1175,Blow Molding,ISBM-001,M-SOP-007,2025-10-28,,,9.3,,37.0,43.0
WO-1176,Blow Molding,ISBM-001,M-SOP-001,2025-10-29,,,10.0,,44.0,54.0
WO-1177,BLOW MOLDING,ISBM-001,M-SOP-001,2025-10-30,,,9.2,,38.6,49.6
WO-1178,Blow Molding,ISBM-001,M-SOP-007,2025-10-31,,,9.7,,35.6,48.5
WO-1179,BLOW MOLDING,ISBM-001,M-SOP-007,2025-10-31,,,9.9,,43.5,46.6
WO-1180,Blow Molding,ISBM-001,M-SOP-007,2025-11-01,,,8.9,,42.3,52.2
WO-1181,Blow Molding,ISBM-001,M-SOP-001,2025-11-02,,,9.8,,41.9,59.1
WO-1182,Blow Molding,ISBM-001,M-SOP-001,2025-11-03,,,9.6,,45.1,49.0
WO-1183,Blow Molding,ISBM-001,M-SOP-007,2025-11-03,,,10.7,,43.9,52.3
WO-1184,Blow Molding,ISBM-001,M-SOP-007,2025-11-04,,,7.7,,44.5,49.0
WO-1185,Blow Molding,ISBM-001,M-SOP-007,2025-11-04,,,9.6,,41.8,56.2
WO-1186,Blow Molding,ISBM-001,M-SOP-007,2025-11-05,,,10.1,,40.4,53.4
WO-1187,Blow Molding,ISBM-001,M-SOP-007,2025-11-05,,,8.5,,38.0,57.5
WO-1188,Blow Molding,ISBM-001,M-SOP-007,2025-11-06,,,9.7,,45.4,48.6
WO-1189,Blow Molding,ISBM-001,M-SOP-001,2025-11-07,,,9.3,,41.2,55.1
WO-1190,Blow Molding,ISBM-001,M-SOP-007,2025-11-07,,,9.0,,39.3,49.2
WO-1191,Blow Molding,ISBM-001,M-SOP-007,2025-11-08,,,9.7,,35.9,45.8
WO-1192,Blow Molding,ISBM-001,M-SOP-001,2025-11-09,,,9.9,,40.5,45.5
WO-1193,Blow Molding,ISBM-001,M-SOP-001,2025-11-09,,,9.5,,39.0,48.1
WO-1194,Blow Molding,ISBM-001,M-SOP-001,2025-11-10,,,10.1,,41.8,45.1
WO-1195,Blow Molding,ISBM-001,M-SOP-001,2025-11-11,,,8.5,,39.5,45.1
WO-1196,Blow Molding,ISBM-001,M-SOP-001,2025-11-11,,,10.5,,41.3,45.2
WO-1197,blow molding,ISBM-001,M-SOP-007,2025-11-12,,,10.7,,42.1,49.8
WO-1198,Blow Molding,ISBM-001,M-SOP-007,2025-11-13,,,10.3,,42.1,48.0
WO-1199,BLOW MOLDING,ISBM-001,M-SOP-007,2025-11-13,,,11.0,,44.9,52.8
WO-1200,Blow Molding,ISBM-001,M-SOP-007,2025-11-14,,,8.4,,43.9,52.3
WO-1201,Blow Molding,ISBM-001,M-SOP-001,2025-11-14,,,10.0,,45.6,47.8
WO-1202,Blow Molding,ISBM-001,M-SOP-001,2025-11-15,,,9.9,,43.5,48.6
WO-1203,Blow Molding,ISBM-001,M-SOP-007,2025-11-16,,,9.3,,45.4,53.9
WO-1204,Blow Molding,ISBM-001,M-SOP-007,2025-11-16,,,7.8,,46.2,55.1
WO-1205,Blow Molding,ISBM-001,M-SOP-007,2025-11-17,,,9.5,,46.9,48.6
WO-1206,Blow Molding,ISBM-001,M-SOP-007,2025-11-18,,,9.7,,45.0,55.1
WO-1207,BLOW MOLDING,ISBM-001,M-SOP-007,2025-11-18,,,10.1,,43.4,53.0
WO-1208,Blow Molding,ISBM-001,M-SOP-001,2025-11-19,,,8.2,,44.9,52.5
WO-1209,Blow Molding,ISBM-001,M-SOP-001,2025-11-20,,,8.5,,42.8,39.4
WO-1210,Blow Molding,ISBM-001,M-SOP-001,2025-11-20,,,10.8,,45.0,50.2
WO-1211,blow molding,ISBM-001,M-SOP-001,2025-11-21,,,9.8,,42.3,48.2
WO-1212,Blow Molding,ISBM-001,M-SOP-001,2025-11-21,,,10.4,,44.2,45.9
WO-1213,Blow Molding,ISBM-001,M-SOP-001,2025-11-22,,,9.2,,49.4,54.0
WO-1214,Blow Molding,ISBM-001,M-SOP-007,2025-11-23,,,9.2,,44.0,50.2
WO-1215,Blow Molding,ISBM-001,M-SOP-001,2025-11-24,,,9.6,,44.4,54.5
WO-1216,blow molding,ISBM-001,M-SOP-007,2025-11-25,,,9.3,,43.0,55.0
WO-1217,Blow Molding,ISBM-001,M-SOP-001,2025-11-25,,,9.0,,41.9,51.4
WO-1218,BLOW MOLDING,ISBM-001,M-SOP-001,2025-11-26,,,10.5,,46.2,47.5
WO-1219,Blow Molding,ISBM-001,M-SOP-001,2025-11-26,,,9.5,,44.6,47.4
WO-1220,Blow Molding,ISBM-001,M-SOP-001,2025-11-27,,,10.3,,44.8,36.2
WO-1221,Blow Molding,ISBM-001,M-SOP-001,2025-11-28,,,7.7,,45.4,51.8
WO-1222,Blow Molding,ISBM-001,M-SOP-001,2025-11-29,,,9.2,,44.0,44.1
WO-1223,Blow Molding,ISBM-001,M-SOP-001,2025-11-29,,,10.1,,42.2,47.7
WO-1224,Blow Molding,ISBM-001,M-SOP-001,2025-11-30,,,9.7,,44.7,40.5
WO-1225,Blow Molding,ISBM-001,M-SOP-001,2025-12-01,,,10.2,,43.8,45.1
WO-1226,Blow Molding,ISBM-001,M-SOP-007,2025-12-02,,,9.6,,41.1,49.5
WO-1227,Blow Molding,ISBM-001,M-SOP-007,2025-12-02,,,7.8,,42.1,54.8
WO-1228,Blow Molding,ISBM-001,M-SOP-007,2025-12-03,,,10.4,,45.6,53.2
WO-1229,Blow Molding,ISBM-001,M-SOP-001,2025-12-04,,,9.9,,42.4,49.7
WO-1230,Blow Molding,ISBM-001,M-SOP-001,2025-12-05,,,10.2,,35.0,41.8
WO-1231,Blow Molding,ISBM-001,M-SOP-007,2025-12-05,,,8.6,,42.9,58.1
WO-1232,  Blow Molding  ,ISBM-001,M-SOP-007,2025-12-06,,,11.9,,39.7,57.9
WO-1233,Blow Molding,ISBM-001,M-SOP-007,2025-12-07,,,10.6,,43.8,52.1
WO-1234,Blow Molding,ISBM-001,M-SOP-007,2025-12-08,,,10.9,,44.9,57.3
WO-1235,Blow Molding,ISBM-001,M-SOP-007,2025-12-08,,,10.4,,47.3,54.0
WO-1236,Blow Molding,ISBM-001,M-SOP-007,2025-12-09,,,9.6,,42.0,56.2
WO-1237,Blow Molding,ISBM-001,M-SOP-007,2025-12-10,,,8.8,,42.7,55.4
WO-1238,Blow Molding,ISBM-001,M-SOP-007,2025-12-11,,,9.3,,44.0,54.1
WO-1239,Blow Molding,ISBM-001,M-SOP-001,2025-12-11,,,10.6,,41.9,50.5
WO-1240,Blow Molding,ISBM-001,M-SOP-007,2025-12-12,,,8.7,,38.5,57.2
WO-1241,Blow Molding,ISBM-001,M-SOP-007,2025-12-13,,,11.2,,38.2,54.5
WO-1242,Blow Molding,ISBM-001,M-SOP-001,2025-12-14,,,8.6,,47.6,51.9
WO-1243,BLOW MOLDING,ISBM-001,M-SOP-001,2025-12-14,,,9.1,,37.7,46.7
WO-1244,Blow Molding,ISBM-001,M-SOP-007,2025-12-15,,,8.8,,42.5,59.5
WO-1245,Blow Molding,ISBM-001,M-SOP-001,2025-12-15,,,10.7,,43.1,50.4
WO-1246,Blow Molding,ISBM-001,M-SOP-001,2025-12-16,,,10.1,,38.2,49.5
WO-1247,Blow Molding,ISBM-001,M-SOP-001,2025-12-16,,,8.2,,42.1,48.8
WO-1248,BLOW MOLDING,ISBM-001,M-SOP-007,2025-12-17,,,9.3,,43.9,50.9
WO-1249,Blow Molding,ISBM-001,M-SOP-007,2025-12-17,,,10.6,,42.1,44.8
WO-1250,Blow Molding,ISBM-001,M-SOP-007,2025-12-18,,,10.3,,37.3,61.1
WO-1251,blow molding,ISBM-001,M-SOP-007,2025-12-19,,,10.2,,40.4,57.9
WO-1252,Blow Molding,ISBM-001,M-SOP-007,2025-12-19,,,10.3,,41.9,52.8
WO-1253,Blow Molding,ISBM-001,M-SOP-001,2025-12-20,,,9.0,,43.3,51.2
WO-1254,Blow Molding,ISBM-001,M-SOP-001,2025-12-21,,,7.7,,41.5,43.0
WO-1255,Blow Molding,ISBM-001,M-SOP-007,2025-12-22,,,7.1,,41.4,47.0
WO-1256,Blow Molding,ISBM-001,M-SOP-007,2025-12-22,,,8.9,,40.9,50.8
WO-1257,Blow Molding,ISBM-001,M-SOP-001,2025-12-23,,,8.7,,46.0,43.5
WO-1258,Blow Molding,ISBM-001,M-SOP-001,2025-12-24,,,10.6,,46.6,51.9
WO-1259,Blow Molding,ISBM-001,M-SOP-001,2025-12-24,,,9.0,,38.7,41.9
WO-1260,Blow Molding,ISBM-001,M-SOP-001,2025-12-25,,,9.3,,40.8,49.0
WO-1261,Blow Molding,ISBM-001,M-SOP-001,2025-12-26,,,10.1,,47.0,51.3
WO-1262,Blow Molding,ISBM-001,M-SOP-001,2025-12-27,,,10.8,,41.7,48.0
WO-1263,Blow Molding,ISBM-001,M-SOP-007,2025-12-27,,,9.3,,41.5,50.3
WO-1264,Blow Molding,ISBM-001,M-SOP-007,2025-12-28,,,10.7,,39.6,56.2
WO-1265,Blow Molding,ISBM-001,M-SOP-001,2025-12-29,,,10.3,,42.3,52.2
WO-1266,Blow Molding,ISBM-001,M-SOP-001,2025-12-29,,,9.0,,39.1,46.8
WO-1267,Blow Molding,ISBM-001,M-SOP-001,2025-12-30,,,10.7,,43.0,53.3
WO-1268,Blow Molding,ISBM-001,M-SOP-001,2025-12-31,,,10.0,,45.5,43.7
WO-1269,Blow Molding,ISBM-001,M-SOP-001,2026-01-01,,,8.4,,41.0,44.5
WO-1270,Blow Molding,ISBM-001,M-SOP-007,2026-01-02,,,8.5,,40.8,52.2
WO-1271,Blow Molding,ISBM-001,M-SOP-007,2026-01-02,,,10.4,,42.9,54.3
WO-1272,  Blow Molding  ,ISBM-001,M-SOP-007,2026-01-03,,,9.3,,43.0,52.3
WO-1273,Blow Molding,ISBM-001,M-SOP-007,2026-01-04,,,8.8,,38.5,59.2
WO-1274,blow molding,ISBM-001,M-SOP-007,2026-01-04,,,8.8,,45.8,49.7
WO-1275,BLOW MOLDING,ISBM-001,M-SOP-007,2026-01-05,,,8.4,,51.1,48.1
WO-1276,  Blow Molding  ,ISBM-001,M-SOP-001,2026-01-05,,,8.7,,43.0,56.2
WO-1277,Blow Molding,ISBM-001,M-SOP-001,2026-01-06,,,9.0,,46.6,46.0
WO-1278,Blow Molding,ISBM-001,M-SOP-001,2026-01-07,,,8.5,,43.0,42.9
WO-1279,Blow Molding,ISBM-001,M-SOP-001,2026-01-08,,,8.0,,41.0,53.4
WO-1280,Blow Molding,ISBM-001,M-SOP-001,2026-01-08,,,10.7,,39.7,39.2
WO-1281,Blow Molding,ISBM-001,M-SOP-001,2026-01-09,,,10.0,,40.9,51.7
WO-1282,Blow Molding,ISBM-001,M-SOP-001,2026-01-10,,,9.2,,42.6,42.9
WO-1283,Blow Molding,ISBM-001,M-SOP-001,2026-01-11,,,9.8,,38.8,50.3
WO-1284,Blow Molding,ISBM-001,M-SOP-007,2026-01-12,,,10.2,,42.4,49.6
WO-1285,Blow Molding,ISBM-001,M-SOP-007,2026-01-13,,,9.5,,39.8,55.2
WO-1286,Blow Molding,ISBM-001,M-SOP-001,2026-01-13,,,9.9,,36.2,52.2
WO-1287,Blow Molding,ISBM-001,M-SOP-001,2026-01-14,,,10.6,,41.5,51.1
WO-1288,Blow Molding,ISBM-001,M-SOP-001,2026-01-14,,,9.1,,40.1,47.4
WO-1289,BLOW MOLDING,ISBM-001,M-SOP-007,2026-01-15,,,7.7,,38.1,47.8
WO-1290,Blow Molding,ISBM-001,M-SOP-007,2026-01-16,,,8.6,,42.8,49.5
WO-1291,Blow Molding,ISBM-001,M-SOP-007,2026-01-17,,,7.8,,35.5,56.7
WO-1292,BLOW MOLDING,ISBM-001,M-SOP-007,2026-01-17,,,11.9,,39.9,53.8
WO-1293,Blow Molding,ISBM-001,M-SOP-007,2026-01-18,,,9.2,,42.3,49.3
WO-1294,Blow Molding,ISBM-001,M-SOP-001,2026-01-19,,,9.8,,40.4,47.5
WO-1295,Blow Molding,ISBM-001,M-SOP-001,2026-01-19,,,9.8,,41.9,50.3
WO-1296,Blow Molding,ISBM-001,M-SOP-001,2026-01-20,,,9.4,,40.4,47.1
WO-1297,Blow Molding,ISBM-001,M-SOP-001,2026-01-21,,,10.2,,35.0,50.9
WO-1298,Blow Molding,ISBM-001,M-SOP-001,2026-01-22,,,10.7,,38.9,45.3
WO-1299,Blow Molding,ISBM-001,M-SOP-007,2026-01-23,,,9.1,,45.4,48.9
WO-1300,blow molding,ISBM-001,M-SOP-007,2026-01-23,,,10.0,,42.3,56.7
WO-1301,blow molding,ISBM-001,M-SOP-007,2026-01-24,,,8.2,,43.9,55.4
WO-1302,Blow Molding,ISBM-001,M-SOP-001,2026-01-25,,,9.3,,40.1,55.2
WO-1303,Blow Molding,ISBM-001,M-SOP-001,2026-01-26,,,8.7,,45.2,45.3
WO-1304,Blow Molding,ISBM-001,M-SOP-001,2026-01-26,,,9.4,,47.8,41.6
WO-1305,Blow Molding,ISBM-001,M-SOP-007,2026-01-27,,,9.8,,42.0,60.0
WO-1306,Blow Molding,ISBM-001,M-SOP-001,2026-01-28,,,9.5,,41.3,40.6
WO-1307,Blow Molding,ISBM-001,M-SOP-001,2026-01-28,,,11.3,,44.6,45.8
WO-1308,Blow Molding,ISBM-001,M-SOP-001,2026-01-29,,,11.4,,41.3,42.5
WO-1309,Blow Molding,ISBM-001,M-SOP-001,2026-01-30,,,9.9,,37.6,51.9
WO-1310,Blow Molding,ISBM-001,M-SOP-001,2026-01-31,,,9.6,,44.8,46.1
WO-1311,Blow Molding,ISBM-001,M-SOP-007,2026-02-01,,,11.1,,40.9,56.7
WO-1312,Blow Molding,ISBM-001,M-SOP-007,2026-02-02,,,9.6,,40.7,51.4
WO-1313,Blow Molding,ISBM-001,M-SOP-007,2026-02-02,,,10.5,,40.6,47.9
WO-1314,BLOW MOLDING,ISBM-001,M-SOP-007,2026-02-03,,,9.5,,44.2,56.0
WO-1315,Blow Molding,ISBM-001,M-SOP-007,2026-02-03,,,7.7,,39.8,56.7
WO-1316,  Blow Molding  ,ISBM-001,M-SOP-007,2026-02-04,,,9.0,,41.5,59.4
WO-1317,Blow Molding,ISBM-001,M-SOP-007,2026-02-05,,,9.9,,41.9,57.4
WO-1318,BLOW MOLDING,ISBM-001,M-SOP-007,2026-02-06,,,9.9,,44.3,52.5
WO-1319,Blow Molding,ISBM-001,M-SOP-007,2026-02-06,,,10.0,,40.8,53.9
WO-1320,  Blow Molding  ,ISBM-001,M-SOP-001,2026-02-07,,,11.2,,44.5,46.5
WO-1321,Blow Molding,ISBM-001,M-SOP-001,2026-02-08,,,8.6,,40.9,45.5
WO-1322,  Blow Molding  ,ISBM-001,M-SOP-001,2026-02-08,,,8.0,,41.6,51.5
WO-1323,Blow Molding,ISBM-001,M-SOP-007,2026-02-09,,,10.8,,46.4,54.4
WO-1324,Blow Molding,ISBM-001,M-SOP-007,2026-02-09,,,7.4,,40.9,53.4
WO-1325,Blow Molding,ISBM-001,M-SOP-007,2026-02-10,,,9.6,,44.6,53.4
WO-1326,Blow Molding,ISBM-001,M-SOP-001,2026-02-11,,,10.4,,45.3,49.7
WO-1327,Blow Molding,ISBM-001,M-SOP-007,2026-02-12,,,9.0,,41.0,55.8
WO-1328,Blow Molding,ISBM-001,M-SOP-007,2026-02-12,,,10.0,,43.4,50.9
WO-1329,Blow Molding,ISBM-001,M-SOP-001,2026-02-13,,,9.2,,41.1,57.3
WO-1330,Blow Molding,ISBM-001,M-SOP-001,2026-02-14,,,11.8,,42.7,54.4
WO-1331,Blow Molding,ISBM-001,M-SOP-007,2026-02-14,,,8.6,,37.0,51.0
WO-1332,Blow Molding,ISBM-001,M-SOP-007,2026-02-15,,,9.6,,38.3,54.3
WO-1333,Blow Molding,ISBM-001,M-SOP-007,2026-02-16,,,10.5,,44.1,57.3
WO-1334,Blow Molding,ISBM-001,M-SOP-007,2026-02-16,,,9.7,,45.6,52.8
WO-1335,Blow Molding,ISBM-001,M-SOP-007,2026-02-17,,,10.0,,49.0,54.9
WO-1336,Blow Molding,ISBM-001,M-SOP-007,2026-02-18,,,8.2,,38.7,54.9
WO-1337,blow molding,ISBM-001,M-SOP-007,2026-02-18,,,10.3,,48.3,55.8
WO-1338,Blow Molding,ISBM-001,M-SOP-007,2026-02-19,,,9.7,,33.8,51.7
WO-1339,Blow Molding,ISBM-001,M-SOP-001,2026-02-19,,,9.6,,41.8,45.6
WO-1340,Blow Molding,ISBM-001,M-SOP-001,2026-02-20,,,9.6,,41.3,52.2
WO-1341,Blow Molding,ISBM-001,M-SOP-007,2026-02-21,,,9.9,,42.2,55.9
WO-1342,Blow Molding,ISBM-001,M-SOP-001,2026-02-22,,,10.5,,47.5,54.0
WO-1343,Blow Molding,ISBM-001,M-SOP-001,2026-02-22,,,8.8,,42.5,50.2
WO-1344,Blow Molding,ISBM-001,M-SOP-001,2026-02-23,,,10.7,,44.1,56.1
WO-1345,Blow Molding,ISBM-001,M-SOP-001,2026-02-23,,,10.7,,45.3,49.0
WO-1346,Blow Molding,ISBM-001,M-SOP-001,2026-02-24,,,9.2,,43.9,45.6
WO-1347,Blow Molding,ISBM-001,M-SOP-001,2026-02-25,,,10.0,,38.4,45.3
WO-1348,Blow Molding,ISBM-001,M-SOP-001,2026-02-26,,,9.6,,39.8,53.1
WO-1349,Blow Molding,ISBM-001,M-SOP-001,2026-02-26,,,9.8,,44.1,44.9
WO-1350,Blow Molding,ISBM-001,M-SOP-007,2026-02-27,,,11.2,,43.0,57.9
WO-1351,Blow Molding,ISBM-001,M-SOP-007,2026-02-28,,,10.3,,39.1,58.9
WO-1352,Blow Molding,ISBM-001,M-SOP-007,2026-03-01,,,10.2,,33.7,58.9
WO-1353,Blow Molding,ISBM-001,M-SOP-007,2026-03-01,,,9.1,,40.7,63.2
WO-1354,Blow Molding,ISBM-001,M-SOP-007,2026-03-02,,,8.7,,39.4,64.8
WO-1355,Blow Molding,ISBM-001,M-SOP-007,2026-03-03,,,9.9,,41.9,56.7
WO-1356,Blow Molding,ISBM-001,M-SOP-007,2026-03-03,,,9.3,,40.5,56.1
WO-1357,Blow Molding,ISBM-001,M-SOP-007,2026-03-04,,,10.2,,41.0,68.6
WO-1358,Blow Molding,ISBM-001,M-SOP-001,2026-03-05,,,10.0,,42.9,48.3
WO-1359,Blow Molding,ISBM-001,M-SOP-001,2026-03-05,,,11.1,,46.6,50.0
WO-1360,BLOW MOLDING,ISBM-001,M-SOP-001,2026-03-06,,,8.1,,43.7,50.6
WO-1361,Blow Molding,ISBM-001,M-SOP-001,2026-03-07,,,10.0,,45.7,52.0
WO-1362,Blow Molding,ISBM-001,M-SOP-001,2026-03-07,,,9.6,,44.7,44.6
WO-1363,Blow Molding,ISBM-001,M-SOP-001,2026-03-08,,,9.1,,52.1,43.0
WO-1364,Blow Molding,ISBM-001,M-SOP-001,2026-03-09,,,10.5,,44.3,48.2
WO-1365,Blow Molding,ISBM-001,M-SOP-001,2026-03-09,,,10.1,,43.1,55.5
WO-1366,Blow Molding,ISBM-001,M-SOP-007,2026-03-10,,,10.0,,42.8,51.3
WO-1367,Blow Molding,ISBM-001,M-SOP-007,2026-03-11,,,8.8,,38.6,50.8
WO-1368,Blow Molding,ISBM-001,M-SOP-007,2026-03-12,,,10.3,,45.0,57.9
WO-1369,Blow Molding,ISBM-001,M-SOP-007,2026-03-13,,,9.8,,44.0,56.9
WO-1370,Blow Molding,ISBM-001,M-SOP-007,2026-03-13,,,12.8,,41.4,56.0
WO-1371,Blow Molding,ISBM-001,M-SOP-001,2026-03-14,,,10.3,,43.0,49.3
WO-1372,Blow Molding,ISBM-001,M-SOP-001,2026-03-14,,,9.5,,40.2,55.4
WO-1373,Blow Molding,ISBM-001,M-SOP-007,2026-03-15,,,11.2,,44.7,55.9
WO-1374,blow molding,ISBM-001,M-SOP-007,2026-03-16,,,9.6,,42.0,56.0
WO-1375,Blow Molding,ISBM-001,M-SOP-007,2026-03-16,,,8.5,,43.6,55.1
WO-1376,Blow Molding,ISBM-001,M-SOP-007,2026-03-17,,,10.1,,42.2,57.1
WO-1377,Blow Molding,ISBM-001,M-SOP-007,2026-03-18,,,9.8,,42.7,55.0
WO-1378,Blow Molding,ISBM-001,M-SOP-001,2026-03-19,,,11.1,,39.3,47.0
WO-1379,Blow Molding,ISBM-001,M-SOP-001,2026-03-19,,,9.4,,43.5,50.8
WO-1380,Blow Molding,ISBM-001,M-SOP-001,2026-03-20,,,9.4,,44.6,45.5
WO-1381,Blow Molding,ISBM-001,M-SOP-007,2026-03-21,,,9.0,,36.1,63.6
WO-1382,  Blow Molding  ,ISBM-001,M-SOP-001,2026-03-22,,,9.1,,45.5,40.1
WO-1383,Blow Molding,ISBM-001,M-SOP-001,2026-03-22,,,9.5,,45.5,48.5
WO-1384,Blow Molding,ISBM-001,M-SOP-001,2026-03-23,,,8.1,,40.3,46.7
WO-1385,Blow Molding,ISBM-001,M-SOP-001,2026-03-23,,,8.8,,38.4,50.9
WO-1386,Blow Molding,ISBM-001,M-SOP-001,2026-03-24,,,8.7,,43.0,46.5
WO-1387,Blow Molding,ISBM-001,M-SOP-001,2026-03-25,,,9.5,,40.5,46.3
WO-1388,Blow Molding,ISBM-001,M-SOP-001,2026-03-25,,,9.9,,40.7,50.6
WO-1389,Blow Molding,ISBM-001,M-SOP-001,2026-03-26,,,8.6,,41.6,54.8
WO-1390,Blow Molding,ISBM-001,M-SOP-001,2026-03-26,,,7.7,,39.3,59.6
WO-1391,Blow Molding,ISBM-001,M-SOP-001,2026-03-27,,,7.8,,40.7,46.5
WO-1392,Blow Molding,ISBM-001,M-SOP-007,2026-03-28,,,9.7,,46.8,59.2
WO-1393,Blow Molding,ISBM-001,M-SOP-001,2026-03-29,,,8.9,,40.1,57.2
WO-1394,Blow Molding,ISBM-001,M-SOP-007,2026-03-29,,,9.8,,47.9,57.8
WO-1395,Blow Molding,ISBM-001,M-SOP-007,2026-03-30,,,8.0,,41.9,58.6
WO-1396,Blow Molding,ISBM-001,M-SOP-001,2026-03-31,,,10.5,,41.9,45.1
WO-1397,Blow Molding,ISBM-001,M-SOP-001,2026-03-31,,,10.0,,43.7,47.6
WO-1398,Blow Molding,ISBM-001,M-SOP-001,2026-04-01,,,8.7,,40.0,52.5
WO-1399,Blow Molding,ISBM-001,M-SOP-007,2026-04-02,,,9.9,,41.8,61.4
WO-1400,Blow Molding,ISBM-001,M-SOP-007,2026-04-03,,,9.9,,42.3,52.3
WO-1401,Blow Molding,ISBM-001,M-SOP-001,2026-04-03,,,11.0,,40.9,45.0
WO-1402,Blow Molding,ISBM-001,M-SOP-007,2026-04-04,,,9.9,,38.8,55.7
WO-1403,Blow Molding,ISBM-001,M-SOP-007,2026-04-05,,,9.4,,46.0,57.6
WO-1404,Blow Molding,ISBM-001,M-SOP-007,2026-04-05,,,8.6,,43.3,55.4
WO-1405,Blow Molding,ISBM-001,M-SOP-007,2026-04-06,,,9.4,,41.5,59.0
WO-1406,Blow Molding,ISBM-001,M-SOP-001,2026-04-07,,,10.8,,39.7,50.0
WO-1407,Blow Molding,ISBM-001,M-SOP-001,2026-04-08,,,9.1,,39.8,47.6
WO-1408,Blow Molding,ISBM-001,M-SOP-001,2026-04-08,,,10.2,,39.0,51.6
WO-1409,Blow Molding,ISBM-001,M-SOP-001,2026-04-09,,,9.9,,42.4,54.1
WO-1410,Blow Molding,ISBM-001,M-SOP-001,2026-04-09,,,9.0,,45.0,44.7
WO-1411,Blow Molding,ISBM-001,M-SOP-001,2026-04-10,,,9.4,,43.3,46.5
WO-1412,Blow Molding,ISBM-001,M-SOP-001,2026-04-11,,,9.1,,42.9,45.7
WO-1413,Blow Molding,ISBM-001,M-SOP-001,2026-04-11,,,9.2,,40.4,44.6
WO-1414,Blow Molding,ISBM-001,M-SOP-001,2026-04-12,,,11.0,,39.0,49.8
WO-1415,  Blow Molding  ,ISBM-001,M-SOP-007,2026-04-13,,,9.1,,48.4,61.2
WO-1416,BLOW MOLDING,ISBM-001,M-SOP-007,2026-04-13,,,9.2,,44.3,54.6
WO-1417,Blow Molding,ISBM-001,M-SOP-007,2026-04-14,,,10.0,,44.6,55.9
WO-1418,Blow Molding,ISBM-001,M-SOP-001,2026-04-15,,,9.1,,40.8,49.1
WO-1419,Blow Molding,ISBM-001,M-SOP-007,2026-04-16,,,9.1,,43.5,56.5
WO-1420,BLOW MOLDING,ISBM-001,M-SOP-007,2026-04-16,,,9.3,,41.6,58.6
WO-1421,Blow Molding,ISBM-001,M-SOP-001,2026-04-17,,,10.1,,43.5,49.2
WO-1422,Blow Molding,ISBM-001,M-SOP-001,2026-04-18,,,11.7,,40.9,51.0
WO-1423,Blow Molding,ISBM-001,M-SOP-001,2026-04-19,,,9.9,,41.8,53.1
WO-1424,Blow Molding,ISBM-001,M-SOP-001,2026-04-20,,,9.1,,43.8,44.8
WO-1425,Blow Molding,ISBM-001,M-SOP-007,2026-04-20,,,8.9,,39.8,55.2
WO-1426,Blow Molding,ISBM-001,M-SOP-007,2026-04-21,,,10.2,,39.7,51.2
WO-1427,Blow Molding,ISBM-001,M-SOP-007,2026-04-22,,,8.7,,45.2,62.0
WO-1428,Blow Molding,ISBM-001,M-SOP-007,2026-04-23,,,11.0,,44.1,54.0
WO-1429,Blow Molding,ISBM-001,M-SOP-001,2026-04-23,,,9.2,,35.3,55.2
WO-1430,Blow Molding,ISBM-001,M-SOP-001,2026-04-24,,,9.1,,43.7,48.6
WO-1431,  Blow Molding  ,ISBM-001,M-SOP-001,2026-04-25,,,9.1,,42.9,43.6
WO-1432,Blow Molding,ISBM-001,M-SOP-007,2026-04-26,,,9.6,,42.5,61.7
WO-1433,Blow Molding,ISBM-001,M-SOP-007,2026-04-26,,,9.0,,41.8,55.8
WO-1434,Blow Molding,ISBM-001,M-SOP-007,2026-04-27,,,10.4,,44.2,57.5
WO-1435,Blow Molding,ISBM-001,M-SOP-001,2026-04-28,,,10.0,,46.1,46.7
WO-1436,Blow Molding,ISBM-001,M-SOP-007,2026-04-29,,,11.2,,40.5,58.2
WO-1437,Blow Molding,ISBM-001,M-SOP-007,2026-04-30,,,9.1,,40.3,58.0
WO-1438,Blow Molding,ISBM-001,M-SOP-007,2026-04-30,,,10.1,,43.2,54.4
WO-1439,BLOW MOLDING,ISBM-001,M-SOP-007,2026-05-01,,,9.7,,42.5,66.1
WO-1440,Blow Molding,ISBM-001,M-SOP-007,2026-05-01,,,8.1,,39.0,56.8
WO-1441,Blow Molding,ISBM-001,M-SOP-001,2026-05-02,,,10.6,,46.7,41.5
WO-1442,Blow Molding,ISBM-001,M-SOP-007,2026-05-03,,,9.1,,41.2,56.9
WO-1443,blow molding,ISBM-001,M-SOP-001,2026-05-03,,,12.3,,46.1,45.9
WO-1444,Blow Molding,ISBM-001,M-SOP-001,2026-05-04,,,8.4,,39.0,46.7
WO-1445,Blow Molding,ISBM-001,M-SOP-001,2026-05-05,,,8.1,,42.8,49.3
WO-1446,Blow Molding,ISBM-001,M-SOP-001,2026-05-05,,,9.8,,41.3,45.7
WO-1447,Blow Molding,ISBM-001,M-SOP-001,2026-05-06,,,9.6,,45.3,48.5
WO-1448,Blow Molding,ISBM-001,M-SOP-001,2026-05-07,,,9.0,,40.1,46.6
WO-1449,Blow Molding,ISBM-001,M-SOP-007,2026-05-07,,,8.8,,42.4,57.5
WO-1450,Blow Molding,ISBM-001,M-SOP-007,2026-05-08,,,7.5,,40.4,54.4
WO-1451,Blow Molding,ISBM-001,M-SOP-007,2026-05-09,,,7.4,,40.9,62.5
WO-1452,Blow Molding,ISBM-001,M-SOP-007,2026-05-09,,,8.9,,45.1,61.0
WO-1453,Blow Molding,ISBM-001,M-SOP-007,2026-05-10,,,10.2,,43.6,57.1
WO-1454,Blow Molding,ISBM-001,M-SOP-007,2026-05-10,,,8.2,,40.8,58.4
WO-1455,Blow Molding,ISBM-001,M-SOP-007,2026-05-11,,,9.9,,41.8,56.0
WO-1456,blow molding,ISBM-001,M-SOP-001,2026-05-12,,,10.2,,42.7,48.1
WO-1457,Blow Molding,ISBM-001,M-SOP-001,2026-05-13,,,8.1,,44.5,42.2
WO-1458,Blow Molding,ISBM-001,M-SOP-001,2026-05-14,,,10.1,,40.2,44.5
WO-1459,Blow Molding,ISBM-001,M-SOP-007,2026-05-14,,,10.2,,41.3,56.2
WO-1460,Blow Molding,ISBM-001,M-SOP-001,2026-05-15,,,9.0,,42.8,46.3
WO-1461,Blow Molding,ISBM-001,M-SOP-007,2026-05-16,,,10.7,,42.8,48.9
WO-1462,Blow Molding,ISBM-001,M-SOP-007,2026-05-16,,,8.0,,42.7,53.1
WO-1463,Blow Molding,ISBM-001,M-SOP-001,2026-05-17,,,8.4,,38.2,53.3
WO-1464,Blow Molding,ISBM-001,M-SOP-001,2026-05-17,,,9.7,,43.7,55.4
WO-1465,blow molding,ISBM-001,M-SOP-007,2026-05-18,,,8.9,,42.8,65.4
WO-1466,Blow Molding,ISBM-001,M-SOP-007,2026-05-19,,,10.3,,42.7,58.3
WO-1467,Blow Molding,ISBM-001,M-SOP-001,2026-05-20,,,9.7,,43.5,47.0
WO-1468,Blow Molding,ISBM-001,M-SOP-001,2026-05-21,,,10.6,,36.7,43.4
WO-1469,Blow Molding,ISBM-001,M-SOP-001,2026-05-21,,,11.3,,37.1,50.1
WO-1470,Blow Molding,ISBM-001,M-SOP-007,2026-05-22,,,10.6,,44.9,59.4
WO-1471,Blow Molding,ISBM-001,M-SOP-007,2026-05-23,,,10.9,,39.4,55.9
WO-1472,Blow Molding,ISBM-001,M-SOP-001,2026-05-24,,,7.7,,37.2,42.8
WO-1473,Blow Molding,ISBM-001,M-SOP-001,2026-05-24,,,9.6,,44.2,52.9
WO-1474,Blow Molding,ISBM-001,M-SOP-007,2026-05-25,,,9.3,,42.2,54.1
WO-1475,Blow Molding,ISBM-001,M-SOP-007,2026-05-26,,,9.6,,45.1,54.9
WO-1476,Blow Molding,ISBM-001,M-SOP-007,2026-05-27,,,10.2,,37.9,51.5
WO-1477,Blow Molding,ISBM-001,M-SOP-007,2026-05-27,,,8.7,,42.7,52.9
WO-1478,Blow Molding,ISBM-001,M-SOP-007,2026-05-28,,,11.6,,43.0,57.4
WO-1479,Blow Molding,ISBM-001,M-SOP-007,2026-05-29,,,9.3,,39.2,61.0
WO-1480,Blow Molding,ISBM-001,M-SOP-007,2026-05-29,,,10.1,,41.6,59.5
WO-1481,Blow Molding,ISBM-001,M-SOP-001,2026-05-30,,,9.5,,39.1,45.8
WO-1482,Blow Molding,ISBM-001,M-SOP-001,2026-05-30,,,11.2,,37.4,49.9
WO-1483,Blow Molding,ISBM-001,M-SOP-001,2026-05-31,,,9.8,,38.6,47.4
WO-1484,  Blow Molding  ,ISBM-001,M-SOP-001,2026-06-01,,,10.7,,43.2,48.3
WO-1485,Blow Molding,ISBM-001,M-SOP-001,2026-06-01,,,10.0,,40.2,44.3
WO-1486,Blow Molding,ISBM-001,M-SOP-007,2026-06-02,,,8.5,,42.9,57.0
WO-1487,Blow Molding,ISBM-001,M-SOP-007,2026-06-03,,,10.6,,42.2,61.9
WO-1488,Blow Molding,ISBM-001,M-SOP-007,2026-06-04,,,9.2,,42.3,56.8
WO-1489,Blow Molding,ISBM-001,M-SOP-001,2026-06-04,,,9.7,,37.6,46.5
WO-1490,Blow Molding,ISBM-001,M-SOP-001,2026-06-05,,,8.7,,42.7,49.8
WO-1491,Blow Molding,ISBM-001,M-SOP-001,2026-06-05,,,8.8,,46.7,45.3
WO-1492,Blow Molding,ISBM-001,M-SOP-007,2026-06-06,,,8.4,,43.6,51.6
WO-1493,Blow Molding,ISBM-001,M-SOP-001,2026-06-07,,,7.0,,42.9,47.8
WO-1494,Blow Molding,ISBM-001,M-SOP-001,2026-06-07,,,10.4,,44.2,50.1
WO-1495,Blow Molding,ISBM-001,M-SOP-001,2026-06-08,,,11.0,,46.5,44.3
WO-1496,blow molding,ISBM-001,M-SOP-001,2026-06-09,,,10.5,,45.1,51.9
WO-1497,Blow Molding,ISBM-001,M-SOP-001,2026-06-10,,,9.2,,42.4,44.7
WO-1498,Blow Molding,ISBM-001,M-SOP-001,2026-06-10,,,9.3,,39.3,43.2
WO-1499,blow molding,ISBM-001,M-SOP-007,2026-06-11,,,9.0,,36.9,57.6
WO-1500,Blow Molding,ISBM-001,M-SOP-007,2026-06-12,,,10.2,,46.5,58.6
WO-1501,Blow Molding,ISBM-001,M-SOP-001,2026-06-12,,,9.9,,45.3,46.7
WO-1502,Blow Molding,ISBM-001,M-SOP-001,2026-06-13,,,9.8,,39.6,51.2
WO-1503,Blow Molding,ISBM-001,M-SOP-001,2026-06-14,,,8.5,,43.3,44.7
WO-1504,Blow Molding,ISBM-001,M-SOP-001,2026-06-15,,,11.0,,45.3,47.3
WO-1505,Blow Molding,ISBM-001,M-SOP-007,2026-06-15,,,9.8,,44.1,47.8
WO-1506,Blow Molding,ISBM-001,M-SOP-001,2026-06-16,,,8.7,,38.1,46.8
WO-1507,Blow Molding,ISBM-001,M-SOP-007,2026-06-16,,,9.6,,38.2,51.8
WO-1508,Blow Molding,ISBM-001,M-SOP-001,2026-06-17,,,9.2,,42.6,48.1
WO-1509,Blow Molding,ISBM-001,M-SOP-001,2026-06-17,,,9.1,,39.5,41.3
WO-1510,Blow Molding,ISBM-001,M-SOP-007,2026-06-18,,,10.8,,38.2,50.6
WO-1511,Blow Molding,ISBM-001,M-SOP-001,2026-06-19,,,8.5,,37.4,49.8
WO-1512,Blow Molding,ISBM-001,M-SOP-007,2026-06-19,,,7.9,,39.4,52.4
WO-1513,Blow Molding,ISBM-001,M-SOP-007,2026-06-20,,,10.7,,47.5,52.2
WO-1514,Blow Molding,ISBM-001,M-SOP-007,2026-06-21,,,9.5,,42.9,45.8
WO-1515,Blow Molding,ISBM-001,M-SOP-007,2026-06-22,,,9.7,,40.2,47.0
WO-1516,Blow Molding,ISBM-001,M-SOP-001,2026-06-22,,,8.6,,38.2,52.6
WO-1517,Blow Molding,ISBM-001,M-SOP-001,2026-06-23,,,9.1,,45.2,42.4
WO-1518,Blow Molding,ISBM-001,M-SOP-001,2026-06-23,,,10.8,,43.5,44.6
WO-1519,Blow Molding,ISBM-001,M-SOP-001,2026-06-24,,,10.9,,47.5,45.3
WO-1520,Blow Molding,ISBM-001,M-SOP-001,2026-06-24,,,9.3,,42.4,49.5
WO-1521,  Blow Molding  ,ISBM-001,M-SOP-001,2026-06-25,,,10.7,,39.8,54.4
WO-1522,Blow Molding,ISBM-001,M-SOP-007,2026-06-25,,,8.9,,43.8,47.8
WO-1523,Blow Molding,ISBM-001,M-SOP-007,2026-06-26,,,8.4,,50.0,52.4
WO-1524,Blow Molding,ISBM-001,M-SOP-001,2026-06-27,,,10.2,,43.1,52.3
WO-1525,Blow Molding,ISBM-001,M-SOP-001,2026-06-28,,,8.0,,48.1,49.9
WO-1526,blow molding,ISBM-001,M-SOP-007,2026-06-28,,,7.4,,43.6,48.6
WO-1527,blow molding,ISBM-001,M-SOP-007,2026-06-29,,,10.4,,43.9,45.5
WO-1528,blow molding,ISBM-001,M-SOP-007,2026-06-30,,,8.4,,44.9,56.8
WO-1529,Blow Molding,ISBM-001,M-SOP-001,2026-07-01,,,8.0,,44.4,47.9
WO-1530,Blow Molding,ISBM-001,M-SOP-007,2026-07-01,,,9.1,,38.4,44.6
WO-1531,Blow Molding,ISBM-001,M-SOP-001,2026-07-02,,,10.0,,47.7,50.1
WO-1532,Blow Molding,ISBM-001,M-SOP-001,2026-07-03,,,9.8,,39.0,45.4
WO-1533,Blow Molding,ISBM-001,M-SOP-001,2026-07-03,,,8.6,,37.1,41.3
WO-1534,Blow Molding,ISBM-001,M-SOP-001,2026-07-04,,,8.8,,47.3,48.1
WO-1535,Blow Molding,ISBM-001,M-SOP-001,2026-07-04,,,9.8,,39.4,44.1
WO-1536,Blow Molding,ISBM-001,M-SOP-007,2026-07-05,,,8.1,,36.3,46.6
WO-1537,Blow Molding,ISBM-001,M-SOP-007,2026-07-06,,,9.0,,42.7,49.4
WO-1538,  Blow Molding  ,ISBM-001,M-SOP-007,2026-07-06,,,10.4,,42.6,44.6
WO-1539,Blow Molding,ISBM-001,M-SOP-007,2026-07-07,,,9.2,,42.7,46.9
WO-1540,Blow Molding,ISBM-001,M-SOP-007,2026-07-08,,,10.9,,47.7,43.4
WO-1541,Blow Molding,ISBM-001,M-SOP-007,2026-07-08,,,11.7,,40.2,55.1
WO-1542,Blow Molding,ISBM-001,M-SOP-007,2026-07-09,,,7.7,,45.4,50.1
WO-1543,Blow Molding,ISBM-001,M-SOP-007,2026-07-09,,,9.9,,37.3,49.5
WO-1544,Blow Molding,ISBM-001,M-SOP-001,2026-07-10,,,10.3,,44.4,43.9
WO-1545,Blow Molding,ISBM-001,M-SOP-001,2026-07-11,,,8.6,,48.8,50.3
WO-1546,Blow Molding,ISBM-001,M-SOP-001,2026-07-11,,,10.0,,41.6,51.2
WO-1547,Blow Molding,ISBM-001,M-SOP-001,2026-07-12,,,9.6,,37.5,56.4
WO-1548,Blow Molding,ISBM-001,M-SOP-001,2026-07-13,,,8.5,,45.7,42.2
WO-1549,Blow Molding,ISBM-001,M-SOP-001,2026-07-13,,,9.4,,41.7,50.1
WO-1550,Blow Molding,ISBM-001,M-SOP-001,2026-07-14,,,11.1,,43.2,49.5
WO-1551,Blow Molding,ISBM-001,M-SOP-001,2026-07-14,,,11.2,,47.0,46.1
WO-1552,Blow Molding,ISBM-001,M-SOP-001,2026-07-15,,,9.8,,43.0,46.9
WO-1553,Blow Molding,ISBM-001,M-SOP-007,2026-07-16,,,8.8,,41.8,44.8
WO-1554,BLOW MOLDING,ISBM-001,M-SOP-007,2026-07-16,,,8.7,,40.1,50.2
WO-1555,Blow Molding,ISBM-001,M-SOP-001,2026-07-17,,,10.4,,44.5,43.9
WO-1556,Blow Molding,ISBM-001,M-SOP-001,2026-07-18,,,10.5,,39.5,46.7
WO-1557,Blow Molding,ISBM-001,M-SOP-007,2026-07-18,,,7.4,,41.2,50.1
WO-1558,Blow Molding,ISBM-001,M-SOP-007,2026-07-19,,,9.7,,37.2,50.9
WO-1559,Blow Molding,ISBM-001,M-SOP-007,2026-07-19,,,10.7,,43.2,51.3
WO-1560,Blow Molding,ISBM-001,M-SOP-007,2026-07-20,,,10.4,,45.5,42.7
WO-1561,Blow Molding,ISBM-001,M-SOP-001,2026-07-20,,,9.8,,42.1,53.0
WO-1562,Blow Molding,ISBM-001,M-SOP-007,2026-07-21,,,8.5,,44.0,52.1
WO-1563,Blow Molding,ISBM-001,M-SOP-007,2026-07-22,,,9.6,,44.8,50.2
WO-1564,Blow Molding,ISBM-001,M-SOP-007,2026-07-23,,,9.5,,42.3,49.9
WO-1565,Blow Molding,ISBM-001,M-SOP-007,2026-07-23,,,9.3,,40.4,53.8
WO-1566,Blow Molding,ISBM-001,M-SOP-001,2026-07-24,,,8.5,,43.6,50.5
WO-1567,Blow Molding,ISBM-001,M-SOP-001,2026-07-25,,,12.0,,37.0,43.8
WO-1568,  Blow Molding  ,ISBM-001,M-SOP-007,2026-07-25,,,8.0,,44.2,51.1
WO-1569,  Blow Molding  ,ISBM-001,M-SOP-007,2026-07-26,,,8.3,,40.9,42.4
WO-1570,Blow Molding,ISBM-001,M-SOP-007,2026-07-27,,,11.8,,42.6,52.5
WO-1571,Blow Molding,ISBM-001,M-SOP-007,2026-07-28,,,9.3,,40.6,50.4
WO-1572,Blow Molding,ISBM-001,M-SOP-007,2026-07-28,,,8.0,,41.6,46.1
WO-1573,Blow Molding,ISBM-001,M-SOP-007,2026-07-29,,,8.2,,42.7,48.5
WO-1574,Blow Molding,ISBM-001,M-SOP-007,2026-07-30,,,11.1,,40.6,56.7
WO-1575,Blow Molding,ISBM-001,M-SOP-007,2026-07-30,,,8.9,,41.4,45.9
WO-1576,Blow Molding,ISBM-001,M-SOP-007,2026-07-31,,,11.0,,39.9,46.8
WO-1577,Blow Molding,ISBM-001,M-SOP-007,2026-07-31,,,10.2,,45.9,49.1
WO-1578,Blow Molding,ISBM-001,M-SOP-007,2026-08-01,,,9.5,,44.9,51.5
WO-1579,Blow Molding,ISBM-001,M-SOP-007,2026-08-01,,,9.3,,43.6,50.6
WO-1580,Blow Molding,ISBM-001,M-SOP-001,2026-08-02,,,8.8,,43.1,45.8
WO-1581,Blow Molding,ISBM-001,M-SOP-001,2026-08-03,,,9.4,,44.2,55.1
WO-1582,Blow Molding,ISBM-001,M-SOP-001,2026-08-03,,,8.9,,35.7,50.1
WO-1583,Blow Molding,ISBM-001,M-SOP-001,2026-08-04,,,10.0,,46.8,52.2
WO-1584,Blow Molding,ISBM-001,M-SOP-007,2026-08-05,,,9.6,,41.2,50.1
WO-1585,  Blow Molding  ,ISBM-001,M-SOP-007,2026-08-05,,,9.3,,37.0,52.6
WO-1586,Blow Molding,ISBM-001,M-SOP-007,2026-08-05,,,9.9,,43.0,47.5
WO-1587,Blow Molding,ISBM-001,M-SOP-001,2026-08-06,,,9.3,,44.1,46.2
WO-1588,Blow Molding,ISBM-001,M-SOP-001,2026-08-07,,,11.1,,42.9,47.1
WO-1589,Blow Molding,ISBM-001,M-SOP-001,2026-08-08,,,9.8,,42.7,45.0
WO-1590,Blow Molding,ISBM-001,M-SOP-001,2026-08-09,,,10.5,,47.2,47.5
WO-1591,Blow Molding,ISBM-001,M-SOP-001,2026-08-09,,,10.6,,42.5,50.9
WO-1592,Blow Molding,ISBM-001,M-SOP-001,2026-08-10,,,8.9,,43.1,42.9
WO-1593,Blow Molding,ISBM-001,M-SOP-001,2026-08-10,,,9.2,,41.3,48.4
WO-1594,Blow Molding,ISBM-001,M-SOP-001,2026-08-11,,,10.3,,39.0,46.7
WO-1595,BLOW MOLDING,ISBM-001,M-SOP-001,2026-08-12,,,7.1,,47.9,47.7
WO-1596,Blow Molding,ISBM-001,M-SOP-007,2026-08-13,,,8.5,,40.7,47.9
WO-1597,Blow Molding,ISBM-001,M-SOP-007,2026-08-13,,,8.7,,44.0,51.6
WO-1598,Blow Molding,ISBM-001,M-SOP-007,2026-08-14,,,8.2,,41.3,47.6
WO-1599,Blow Molding,ISBM-001,M-SOP-001,2026-08-15,,,9.9,,41.9,50.6
WO-1600,Blow Molding,ISBM-001,M-SOP-007,2026-08-15,,,8.2,,37.3,53.6
WO-1601,Blow Molding,ISBM-001,M-SOP-007,2026-08-16,,,8.2,,46.4,50.2
WO-1602,Blow Molding,ISBM-001,M-SOP-007,2026-08-17,,,9.7,,38.3,49.9
WO-1603,Blow Molding,ISBM-001,M-SOP-001,2026-08-17,,,9.3,,43.4,38.8
WO-1604,Blow Molding,ISBM-001,M-SOP-001,2026-08-18,,,11.4,,41.4,47.3
WO-1605,BLOW MOLDING,ISBM-001,M-SOP-007,2026-08-19,,,8.4,,39.2,44.4
WO-1606,Blow Molding,ISBM-001,M-SOP-007,2026-08-20,,,9.7,,43.5,51.2
WO-1607,Blow Molding,ISBM-001,M-SOP-007,2026-08-20,,,9.5,,39.3,49.1
WO-1608,Blow Molding,ISBM-001,M-SOP-007,2026-08-21,,,10.8,,42.1,35.6
WO-1609,Blow Molding,ISBM-001,M-SOP-007,2026-08-22,,,9.4,,41.2,45.2
WO-1610,Blow Molding,ISBM-001,M-SOP-007,2026-08-22,,,11.7,,42.0,46.0
WO-1611,  Blow Molding  ,ISBM-001,M-SOP-007,2026-08-23,,,10.9,,44.6,47.2
WO-1612,Blow Molding,ISBM-001,M-SOP-007,2026-08-24,,,8.7,,40.3,46.9
WO-1613,Blow Molding,ISBM-001,M-SOP-001,2026-08-25,,,8.2,,43.6,51.0
WO-1614,Blow Molding,ISBM-001,M-SOP-001,2026-08-25,,,10.9,,42.1,50.3
WO-1615,Blow Molding,ISBM-001,M-SOP-001,2026-08-26,,,9.9,,38.1,45.1
WO-1616,Blow Molding,ISBM-001,M-SOP-007,2026-08-26,,,8.7,,39.3,45.9
WO-1617,Blow Molding,ISBM-001,M-SOP-007,2026-08-27,,,9.6,,39.0,48.6
WO-1618,Blow Molding,ISBM-001,M-SOP-007,2026-08-28,,,11.0,,40.5,48.5
WO-1619,Blow Molding,ISBM-001,M-SOP-007,2026-08-28,,,8.7,,46.8,50.9
WO-1620,Blow Molding,ISBM-001,M-SOP-007,2026-08-29,,,9.3,,39.3,54.9
WO-1621,Blow Molding,ISBM-001,M-SOP-007,2026-08-30,,,9.9,,43.6,57.2
WO-1622,Blow Molding,ISBM-001,M-SOP-007,2026-08-31,,,10.0,,43.3,44.2
WO-1623,Blow Molding,ISBM-001,M-SOP-007,2026-08-31,,,7.7,,39.6,52.2
WO-1624,Blow Molding,ISBM-001,M-SOP-007,2026-09-01,,,10.3,,45.5,56.9
WO-1625,Blow Molding,ISBM-001,M-SOP-007,2026-09-02,,,10.4,,49.3,52.6
WO-1626,Blow Molding,ISBM-001,M-SOP-007,2026-09-02,,,7.9,,43.8,48.8
WO-1627,Blow Molding,ISBM-001,M-SOP-001,2026-09-03,,,8.0,,43.6,46.1
WO-1628,Blow Molding,ISBM-001,M-SOP-007,2026-09-04,,,9.6,,42.6,54.3
WO-1629,BLOW MOLDING,ISBM-001,M-SOP-007,2026-09-04,,,10.2,,41.5,48.9
WO-1630,Blow Molding,ISBM-001,M-SOP-007,2026-09-05,,,9.8,,42.6,47.5
WO-1631,Blow Molding,ISBM-001,M-SOP-007,2026-09-06,,,10.2,,42.4,44.2
WO-1632,blow molding,ISBM-001,M-SOP-001,2026-09-06,,,8.6,,39.9,56.4
WO-1633,Blow Molding,ISBM-001,M-SOP-007,2026-09-07,,,8.8,,39.8,47.6
WO-1634,Blow Molding,ISBM-001,M-SOP-007,2026-09-08,,,9.9,,37.6,52.1
WO-1635,Blow Molding,ISBM-001,M-SOP-001,2026-09-08,,,7.4,,42.3,50.2
WO-1636,Blow Molding,ISBM-001,M-SOP-001,2026-09-09,,,7.5,,39.6,50.6
WO-1637,Blow Molding,ISBM-001,M-SOP-001,2026-09-10,,,9.6,,36.7,43.1
WO-1638,Blow Molding,ISBM-001,M-SOP-001,2026-09-10,,,9.8,,43.8,41.6
WO-1639,Blow Molding,ISBM-001,M-SOP-001,2026-09-11,,,9.7,,43.2,47.8
WO-1640,Blow Molding,ISBM-001,M-SOP-001,2026-09-11,,,10.5,,39.7,42.1
WO-1641,Blow Molding,ISBM-001,M-SOP-007,2026-09-12,,,9.0,,39.4,49.9
WO-1642,Blow Molding,ISBM-001,M-SOP-007,2026-09-13,,,9.3,,40.9,53.4
WO-1643,Blow Molding,ISBM-001,M-SOP-007,2026-09-13,,,11.0,,44.1,52.9
WO-1644,Blow Molding,ISBM-001,M-SOP-007,2026-09-14,,,10.1,,41.1,52.3
WO-1645,Blow Molding,ISBM-001,M-SOP-007,2026-09-14,,,7.8,,39.3,51.8
WO-1646,Blow Molding,ISBM-001,M-SOP-001,2026-09-15,,,8.6,,39.3,46.3
WO-1647,Blow Molding,ISBM-001,M-SOP-001,2026-09-16,,,8.1,,40.7,45.2
WO-1648,Blow Molding,ISBM-001,M-SOP-007,2026-09-16,,,7.9,,41.4,44.1
WO-1649,Blow Molding,ISBM-001,M-SOP-001,2026-09-17,,,10.0,,45.5,47.5
WO-1650,Blow Molding,ISBM-001,M-SOP-001,2026-09-18,,,9.3,,41.6,49.5
WO-1651,Blow Molding,ISBM-001,M-SOP-007,2026-09-19,,,10.1,,43.6,53.6
WO-1652,Blow Molding,ISBM-001,M-SOP-007,2026-09-19,,,10.5,,41.7,47.2
WO-1653,Blow Molding,ISBM-001,M-SOP-007,2026-09-20,,,9.6,,46.1,40.1
WO-1654,Blow Molding,ISBM-001,M-SOP-007,2026-09-20,,,10.5,,44.1,48.1
WO-1655,Blow Molding,ISBM-001,M-SOP-001,2026-09-21,,,8.1,,45.6,46.1
WO-1656,Blow Molding,ISBM-001,M-SOP-001,2026-09-22,,,9.7,,37.8,38.0
WO-1657,Blow Molding,ISBM-001,M-SOP-001,2026-09-23,,,8.4,,43.7,49.0
WO-1658,Blow Molding,ISBM-001,M-SOP-007,2026-09-24,,,11.7,,42.2,51.3
WO-1659,Blow Molding,ISBM-001,M-SOP-007,2026-09-25,,,11.8,,44.1,48.7
WO-1660,Blow Molding,ISBM-001,M-SOP-007,2026-09-25,,,9.7,,38.3,54.9
WO-1661,Blow Molding,ISBM-001,M-SOP-007,2026-09-26,,,10.3,,44.8,52.9
WO-1662,Blow Molding,ISBM-001,M-SOP-007,2026-09-26,,,10.5,,41.0,55.3
WO-1663,Blow Molding,ISBM-001,M-SOP-007,2026-09-27,,,10.4,,38.9,55.8
WO-1664,Blow Molding,ISBM-001,M-SOP-007,2026-09-28,,,9.8,,45.6,54.7
WO-1665,Blow Molding,ISBM-001,M-SOP-007,2026-09-28,,,8.8,,39.0,57.4
WO-1666,Blow Molding,ISBM-001,M-SOP-007,2026-09-29,,,7.9,,32.9,51.0
WO-1667,Blow Molding,ISBM-001,M-SOP-007,2026-09-30,,,10.3,,42.6,52.3
WO-1668,blow molding,ISBM-001,M-SOP-007,2026-09-30,,,9.4,,43.4,52.4
WO-1669,Blow Molding,ISBM-001,M-SOP-001,2026-10-01,,,11.7,,40.6,48.1
WO-1670,  Blow Molding  ,ISBM-001,M-SOP-001,2026-10-02,,,8.8,,42.3,56.2
WO-1671,blow molding,ISBM-001,M-SOP-001,2026-10-02,,,9.0,,38.0,53.8
WO-1672,Blow Molding,ISBM-001,M-SOP-001,2026-10-03,,,11.1,,44.0,53.0
WO-1673,Blow Molding,ISBM-001,M-SOP-001,2026-10-04,,,8.9,,45.1,51.9
WO-1674,Blow Molding,ISBM-001,M-SOP-001,2026-10-04,,,9.0,,44.2,49.6
WO-1675,Blow Molding,ISBM-001,M-SOP-001,2026-10-05,,,9.3,,41.5,49.1
WO-1676,Blow Molding,ISBM-001,M-SOP-001,2026-10-06,,,9.6,,42.5,50.5
WO-1677,Blow Molding,ISBM-001,M-SOP-001,2026-10-06,,,10.1,,46.5,48.4
WO-1678,Blow Molding,ISBM-001,M-SOP-001,2026-10-07,,,7.8,,48.2,51.8
WO-1679,  Blow Molding  ,ISBM-001,M-SOP-007,2026-10-08,,,9.4,,42.3,58.4
WO-1680,Blow Molding,ISBM-001,M-SOP-007,2026-10-09,,,9.0,,44.5,53.8
WO-1681,Blow Molding,ISBM-001,M-SOP-001,2026-10-10,,,8.7,,46.6,51.3
WO-1682,Blow Molding,ISBM-001,M-SOP-001,2026-10-11,,,8.2,,44.4,48.3
WO-1683,Blow Molding,ISBM-001,M-SOP-007,2026-10-11,,,9.0,,44.6,52.5
WO-1684,Blow Molding,ISBM-001,M-SOP-007,2026-10-12,,,10.6,,39.3,55.1
WO-1685,Blow Molding,ISBM-001,M-SOP-007,2026-10-12,,,11.8,,46.8,50.2
WO-1686,Blow Molding,ISBM-001,M-SOP-007,2026-10-13,,,9.8,,46.6,56.5
WO-1687,Blow Molding,ISBM-001,M-SOP-001,2026-10-14,,,8.6,,43.1,48.5
WO-1688,Blow Molding,ISBM-001,M-SOP-001,2026-10-15,,,8.5,,45.4,48.8
WO-1689,Blow Molding,ISBM-001,M-SOP-001,2026-10-15,,,9.5,,44.0,50.0
WO-1690,Blow Molding,ISBM-001,M-SOP-007,2026-10-16,,,7.9,,46.9,53.8
WO-1691,Blow Molding,ISBM-001,M-SOP-007,2026-10-17,,,9.9,,43.8,45.8
WO-1692,Blow Molding,ISBM-001,M-SOP-007,2026-10-18,,,9.6,,46.2,52.7
WO-1693,Blow Molding,ISBM-001,M-SOP-001,2026-10-19,,,9.9,,44.9,49.8
WO-1694,Blow Molding,ISBM-001,M-SOP-001,2026-10-19,,,9.6,,35.6,50.6
WO-1695,Blow Molding,ISBM-001,M-SOP-001,2026-10-20,,,9.5,,42.6,46.3
WO-1696,Blow Molding,ISBM-001,M-SOP-001,2026-10-20,,,10.2,,40.7,51.9
WO-1697,Blow Molding,ISBM-001,M-SOP-007,2026-10-21,,,10.2,,44.1,60.9
WO-1698,Blow Molding,ISBM-001,M-SOP-007,2026-10-22,,,8.9,,49.2,43.4
WO-1699,Blow Molding,ISBM-001,M-SOP-001,2026-10-22,,,9.9,,39.4,52.1
WO-1700,Blow Molding,ISBM-001,M-SOP-001,2026-10-23,,,10.9,,44.4,51.2
WO-1701,blow molding,ISBM-001,M-SOP-001,2026-10-23,,,7.9,,44.7,47.5
WO-1702,Blow Molding,ISBM-001,M-SOP-001,2026-10-24,,,11.1,,39.6,49.1
WO-1703,Blow Molding,ISBM-001,M-SOP-001,2026-10-25,,,8.9,,46.1,52.8
WO-1704,  Blow Molding  ,ISBM-001,M-SOP-001,2026-10-26,,,10.0,,42.2,50.0
WO-1705,Blow Molding,ISBM-001,M-SOP-007,2026-10-26,,,8.8,,43.8,48.2
WO-1706,Blow Molding,ISBM-001,M-SOP-007,2026-10-27,,,10.3,,41.9,55.0
WO-1707,Blow Molding,ISBM-001,M-SOP-007,2026-10-28,,,8.5,,44.7,47.8
WO-1708,  Blow Molding  ,ISBM-001,M-SOP-007,2026-10-28,,,9.2,,41.9,49.2
WO-1709,Blow Molding,ISBM-001,M-SOP-007,2026-10-29,,,12.1,,43.1,49.8
WO-1710,Blow Molding,ISBM-001,M-SOP-007,2026-10-30,,,9.1,,38.8,48.9
WO-1711,Blow Molding,ISBM-001,M-SOP-001,2026-10-31,,,9.4,,39.7,46.9
WO-1712,Blow Molding,ISBM-001,M-SOP-007,2026-10-31,,,11.2,,44.2,56.6
WO-1713,Blow Molding,ISBM-001,M-SOP-007,2026-11-01,,,8.5,,37.9,47.6
WO-1714,Blow Molding,ISBM-001,M-SOP-007,2026-11-02,,,8.7,,41.3,62.5
WO-1715,Blow Molding,ISBM-001,M-SOP-001,2026-11-02,,,8.9,,36.3,49.9
WO-1716,Blow Molding,ISBM-001,M-SOP-001,2026-11-03,,,8.4,,43.8,54.0
WO-1717,Blow Molding,ISBM-001,M-SOP-001,2026-11-04,,,9.5,,41.5,52.1
WO-1718,BLOW MOLDING,ISBM-001,M-SOP-007,2026-11-04,,,10.7,,47.1,50.3
WO-1719,Blow Molding,ISBM-001,M-SOP-007,2026-11-05,,,11.2,,41.9,51.4
WO-1720,Blow Molding,ISBM-001,M-SOP-007,2026-11-05,,,8.0,,46.9,57.8
WO-1721,Blow Molding,ISBM-001,M-SOP-001,2026-11-06,,,9.1,,42.1,44.4
WO-1722,Blow Molding,ISBM-001,M-SOP-001,2026-11-06,,,9.3,,44.0,46.1
WO-1723,Blow Molding,ISBM-001,M-SOP-001,2026-11-07,,,10.5,,44.4,48.0
WO-1724,Blow Molding,ISBM-001,M-SOP-007,2026-11-08,,,9.4,,43.5,53.2
WO-1725,blow molding,ISBM-001,M-SOP-007,2026-11-08,,,9.3,,44.1,51.0
WO-1726,blow molding,ISBM-001,M-SOP-007,2026-11-09,,,11.1,,41.3,52.8
WO-1727,Blow Molding,ISBM-001,M-SOP-007,2026-11-09,,,11.2,,41.7,44.7
WO-1728,Blow Molding,ISBM-001,M-SOP-007,2026-11-10,,,9.7,,38.3,49.1
WO-1729,Blow Molding,ISBM-001,M-SOP-001,2026-11-11,,,9.1,,41.4,49.9
WO-1730,Blow Molding,ISBM-001,M-SOP-001,2026-11-12,,,10.0,,44.6,52.6
WO-1731,Blow Molding,ISBM-001,M-SOP-007,2026-11-12,,,10.3,,43.5,54.1
WO-1732,Blow Molding,ISBM-001,M-SOP-007,2026-11-13,,,10.5,,38.3,53.3
WO-1733,Blow Molding,ISBM-001,M-SOP-007,2026-11-13,,,8.1,,39.2,48.7
WO-1734,Blow Molding,ISBM-001,M-SOP-007,2026-11-14,,,11.7,,42.3,50.1
WO-1735,Blow Molding,ISBM-001,M-SOP-007,2026-11-15,,,10.0,,37.8,54.7
WO-1736,Blow Molding,ISBM-001,M-SOP-007,2026-11-16,,,8.2,,37.3,54.6
WO-1737,Blow Molding,ISBM-001,M-SOP-001,2026-11-16,,,9.2,,41.1,44.3
WO-1738,Blow Molding,ISBM-001,M-SOP-001,2026-11-17,,,8.2,,37.5,44.9
WO-1739,Blow Molding,ISBM-001,M-SOP-001,2026-11-18,,,8.9,,42.0,51.1
WO-1740,Blow Molding,ISBM-001,M-SOP-001,2026-11-18,,,8.6,,39.9,46.7
WO-1741,Blow Molding,ISBM-001,M-SOP-001,2026-11-19,,,7.9,,41.2,46.9
WO-1742,Blow Molding,ISBM-001,M-SOP-007,2026-11-19,,,9.2,,42.2,50.2
WO-1743,Blow Molding,ISBM-001,M-SOP-001,2026-11-20,,,11.3,,41.3,45.1
WO-1744,Blow Molding,ISBM-001,M-SOP-001,2026-11-21,,,11.0,,42.2,43.3
WO-1745,Blow Molding,ISBM-001,M-SOP-001,2026-11-21,,,9.6,,46.5,42.0
WO-1746,Blow Molding,ISBM-001,M-SOP-001,2026-11-22,,,10.3,,41.6,47.1
WO-1747,Blow Molding,ISBM-001,M-SOP-007,2026-11-23,,,9.1,,41.2,50.7
WO-1748,Blow Molding,ISBM-001,M-SOP-007,2026-11-24,,,8.6,,38.5,51.6
WO-1749,BLOW MOLDING,ISBM-001,M-SOP-007,2026-11-24,,,7.9,,43.7,50.1
WO-1750,Blow Molding,ISBM-001,M-SOP-001,2026-11-24,,,8.7,,40.3,53.9
WO-1751,Blow Molding,ISBM-001,M-SOP-001,2026-11-25,,,9.2,,45.5,45.1
WO-1752,Blow Molding,ISBM-001,M-SOP-001,2026-11-26,,,10.9,,43.1,52.0
WO-1753,Blow Molding,ISBM-001,M-SOP-001,2026-11-27,,,10.0,,42.9,49.6
WO-1754,Blow Molding,ISBM-001,M-SOP-001,2026-11-27,,,10.5,,43.6,55.0
WO-1755,  Blow Molding  ,ISBM-001,M-SOP-007,2026-11-28,,,7.8,,40.8,50.1
WO-1756,Blow Molding,ISBM-001,M-SOP-001,2026-11-29,,,10.9,,38.8,56.4
WO-1757,Blow Molding,ISBM-001,M-SOP-007,2026-11-30,,,9.4,,44.7,53.0
WO-1758,Blow Molding,ISBM-001,M-SOP-007,2026-11-30,,,8.8,,42.2,53.2
WO-1759,Blow Molding,ISBM-001,M-SOP-001,2026-12-01,,,9.5,,42.5,57.8
WO-1760,Blow Molding,ISBM-001,M-SOP-001,2026-12-02,,,9.5,,44.1,48.6
WO-1761,Blow Molding,ISBM-001,M-SOP-001,2026-12-02,,,8.0,,39.0,55.1
WO-1762,Blow Molding,ISBM-001,M-SOP-007,2026-12-03,,,8.7,,42.3,50.0
WO-1763,Blow Molding,ISBM-001,M-SOP-001,2026-12-03,,,9.3,,40.4,50.1
WO-1764,  Blow Molding  ,ISBM-001,M-SOP-001,2026-12-04,,,8.4,,43.5,44.8
WO-1765,Blow Molding,ISBM-001,M-SOP-001,2026-12-04,,,10.2,,41.0,44.8
WO-1766,Blow Molding,ISBM-001,M-SOP-007,2026-12-05,,,9.9,,40.1,43.3
WO-1767,Blow Molding,ISBM-001,M-SOP-007,2026-12-06,,,8.0,,43.8,52.1
WO-1768,Blow Molding,ISBM-001,M-SOP-007,2026-12-07,,,6.9,,42.3,43.9
WO-1769,Blow Molding,ISBM-001,M-SOP-007,2026-12-07,,,10.2,,40.7,56.7
WO-1770,Blow Molding,ISBM-001,M-SOP-001,2026-12-08,,,9.2,,39.5,51.2
WO-1771,Blow Molding,ISBM-001,M-SOP-007,2026-12-09,,,7.4,,38.2,58.1
WO-1772,Blow Molding,ISBM-001,M-SOP-007,2026-12-09,,,9.0,,46.5,53.1
WO-1773,Blow Molding,ISBM-001,M-SOP-007,2026-12-10,,,8.4,,44.5,50.4
WO-1774,Blow Molding,ISBM-001,M-SOP-001,2026-12-11,,,8.7,,42.4,52.0
WO-1775,Blow Molding,ISBM-001,M-SOP-001,2026-12-11,,,9.8,,43.5,48.7
WO-1776,BLOW MOLDING,ISBM-001,M-SOP-001,2026-12-12,,,9.1,,41.9,48.5
WO-1777,Blow Molding,ISBM-001,M-SOP-001,2026-12-12,,,8.3,,41.8,42.2
WO-1778,Blow Molding,ISBM-001,M-SOP-001,2026-12-13,,,9.0,,41.0,46.8
WO-1779,Blow Molding,ISBM-001,M-SOP-001,2026-12-13,,,10.5,,48.1,50.7
WO-1780,Blow Molding,ISBM-001,M-SOP-001,2026-12-14,,,9.5,,42.2,53.2
WO-1781,Blow Molding,ISBM-001,M-SOP-007,2026-12-15,,,10.7,,40.8,53.1
WO-1782,Blow Molding,ISBM-001,M-SOP-001,2026-12-16,,,9.6,,34.2,42.4
WO-1783,Blow Molding,ISBM-001,M-SOP-007,2026-12-17,,,9.1,,41.7,55.5
WO-1784,Blow Molding,ISBM-001,M-SOP-007,2026-12-17,,,8.7,,42.3,49.6
WO-1785,blow molding,ISBM-001,M-SOP-001,2026-12-18,,,7.2,,41.0,50.6
WO-1786,Blow Molding,ISBM-001,M-SOP-001,2026-12-18,,,9.4,,43.1,46.5
WO-1787,Blow Molding,ISBM-001,M-SOP-001,2026-12-19,,,10.7,,38.2,49.8
WO-1788,Blow Molding,ISBM-001,M-SOP-001,2026-12-20,,,9.1,,42.1,56.4
WO-1789,Blow Molding,ISBM-001,M-SOP-001,2026-12-21,,,9.3,,41.7,56.5
WO-1790,Blow Molding,ISBM-001,M-SOP-007,2026-12-21,,,12.1,,41.6,52.6
WO-1791,Blow Molding,ISBM-001,M-SOP-001,2026-12-22,,,10.4,,42.2,44.7
WO-1792,Blow Molding,ISBM-001,M-SOP-001,2026-12-22,,,8.9,,45.9,44.5
WO-1793,Blow Molding,ISBM-001,M-SOP-001,2026-12-23,,,8.6,,45.2,46.6
WO-1794,Blow Molding,ISBM-001,M-SOP-001,2026-12-24,,,11.4,,41.8,45.9
WO-1795,Blow Molding,ISBM-001,M-SOP-001,2026-12-24,,,8.8,,44.4,50.7
WO-1796,blow molding,ISBM-001,M-SOP-007,2026-12-25,,,9.4,,41.1,54.3
WO-1797,Blow Molding,ISBM-001,M-SOP-007,2026-12-25,,,9.2,,45.8,49.0
WO-1798,Blow Molding,ISBM-001,M-SOP-007,2026-12-26,,,9.2,,42.8,54.1
WO-1799,Blow Molding,ISBM-001,M-SOP-001,2026-12-27,,,9.0,,40.7,48.8
WO-1800,Blow Molding,ISBM-001,M-SOP-001,2026-12-28,,,9.7,,41.6,48.4
WO-1801,Blow Molding,ISBM-001,M-SOP-001,2026-12-28,,,8.7,,42.3,52.3
WO-1802,Blow Molding,ISBM-001,M-SOP-007,2026-12-29,,,7.0,,45.2,54.0
WO-1803,Blow Molding,ISBM-001,M-SOP-007,2026-12-30,,,10.5,,40.0,54.7
WO-1804,Blow Molding,ISBM-001,M-SOP-007,2026-12-30,,,10.5,,42.5,57.7
WO-1805,Blow Molding,ISBM-002,M-SOP-008,2025-07-01,,,7.7,,46.6,43.0
WO-1806,Blow Molding,ISBM-002,M-SOP-008,2025-07-01,,,11.0,,38.3,47.9
WO-1807,  Blow Molding  ,ISBM-002,M-SOP-002,2025-07-02,,,8.9,,41.6,45.7
WO-1808,Blow Molding,ISBM-002,M-SOP-002,2025-07-02,,,9.9,,45.7,44.5
WO-1809,Blow Molding,ISBM-002,M-SOP-002,2025-07-03,,,12.0,,40.8,47.1
WO-1810,Blow Molding,ISBM-002,M-SOP-002,2025-07-04,,,8.0,,43.7,47.3
WO-1811,Blow Molding,ISBM-002,M-SOP-002,2025-07-04,,,10.0,,43.0,49.0
WO-1812,Blow Molding,ISBM-002,M-SOP-005,2025-07-05,,,9.0,,42.8,49.5
WO-1813,Blow Molding,ISBM-002,M-SOP-005,2025-07-05,,,8.3,,38.6,47.8
WO-1814,Blow Molding,ISBM-002,M-SOP-008,2025-07-06,,,9.6,,44.4,51.0
WO-1815,Blow Molding,ISBM-002,M-SOP-008,2025-07-07,,,8.7,,38.2,47.0
WO-1816,Blow Molding,ISBM-002,M-SOP-008,2025-07-07,,,10.6,,46.5,43.8
WO-1817,Blow Molding,ISBM-002,M-SOP-002,2025-07-08,,,9.0,,44.2,50.0
WO-1818,Blow Molding,ISBM-002,M-SOP-002,2025-07-09,,,8.7,,44.1,52.2
WO-1819,Blow Molding,ISBM-002,M-SOP-002,2025-07-10,,,9.5,,40.9,46.2
WO-1820,Blow Molding,ISBM-002,M-SOP-005,2025-07-10,,,9.0,,46.0,48.0
WO-1821,Blow Molding,ISBM-002,M-SOP-005,2025-07-11,,,12.0,,42.4,50.3
WO-1822,Blow Molding,ISBM-002,M-SOP-002,2025-07-12,,,11.1,,38.6,49.1
WO-1823,Blow Molding,ISBM-002,M-SOP-002,2025-07-12,,,8.9,,41.2,47.2
WO-1824,Blow Molding,ISBM-002,M-SOP-002,2025-07-13,,,10.1,,37.8,44.0
WO-1825,Blow Molding,ISBM-002,M-SOP-002,2025-07-14,,,9.6,,44.8,40.7
WO-1826,Blow Molding,ISBM-002,M-SOP-002,2025-07-14,,,10.7,,39.3,52.6
WO-1827,Blow Molding,ISBM-002,M-SOP-002,2025-07-15,,,9.6,,41.1,49.0
WO-1828,Blow Molding,ISBM-002,M-SOP-002,2025-07-15,,,11.0,,39.6,47.9
WO-1829,Blow Molding,ISBM-002,M-SOP-005,2025-07-16,,,8.8,,45.2,49.1
WO-1830,Blow Molding,ISBM-002,M-SOP-005,2025-07-16,,,8.8,,43.8,55.4
WO-1831,Blow Molding,ISBM-002,M-SOP-005,2025-07-17,,,8.4,,38.3,52.3
WO-1832,Blow Molding,ISBM-002,M-SOP-005,2025-07-17,,,9.8,,42.0,47.7
WO-1833,Blow Molding,ISBM-002,M-SOP-005,2025-07-18,,,9.7,,41.7,50.5
WO-1834,Blow Molding,ISBM-002,M-SOP-005,2025-07-19,,,9.3,,37.5,47.9
WO-1835,Blow Molding,ISBM-002,M-SOP-005,2025-07-20,,,9.9,,39.8,50.6
WO-1836,Blow Molding,ISBM-002,M-SOP-005,2025-07-20,,,9.0,,38.1,41.7
WO-1837,Blow Molding,ISBM-002,M-SOP-002,2025-07-21,,,10.3,,38.1,41.8
WO-1838,Blow Molding,ISBM-002,M-SOP-002,2025-07-22,,,10.4,,46.1,47.6
WO-1839,Blow Molding,ISBM-002,M-SOP-002,2025-07-23,,,9.2,,38.7,50.0
WO-1840,Blow Molding,ISBM-002,M-SOP-002,2025-07-23,,,9.5,,38.7,47.0
WO-1841,Blow Molding,ISBM-002,M-SOP-002,2025-07-24,,,7.6,,37.8,42.3
WO-1842,Blow Molding,ISBM-002,M-SOP-005,2025-07-24,,,9.1,,34.1,44.4
WO-1843,blow molding,ISBM-002,M-SOP-002,2025-07-25,,,8.7,,40.6,47.8
WO-1844,Blow Molding,ISBM-002,M-SOP-005,2025-07-26,,,8.6,,43.2,52.5
WO-1845,Blow Molding,ISBM-002,M-SOP-005,2025-07-27,,,9.3,,43.5,46.6
WO-1846,Blow Molding,ISBM-002,M-SOP-008,2025-07-27,,,8.9,,43.9,47.0
WO-1847,Blow Molding,ISBM-002,M-SOP-005,2025-07-28,,,9.1,,38.8,46.3
WO-1848,Blow Molding,ISBM-002,M-SOP-005,2025-07-29,,,8.7,,39.8,51.0
WO-1849,Blow Molding,ISBM-002,M-SOP-002,2025-07-29,,,9.7,,44.7,42.4
WO-1850,Blow Molding,ISBM-002,M-SOP-002,2025-07-30,,,9.1,,40.1,39.7
WO-1851,Blow Molding,ISBM-002,M-SOP-008,2025-07-31,,,10.9,,45.5,46.8
WO-1852,Blow Molding,ISBM-002,M-SOP-008,2025-07-31,,,9.0,,40.1,43.8
WO-1853,Blow Molding,ISBM-002,M-SOP-005,2025-08-01,,,10.6,,39.2,46.2
WO-1854,Blow Molding,ISBM-002,M-SOP-005,2025-08-02,,,10.4,,49.4,50.5
WO-1855,Blow Molding,ISBM-002,M-SOP-005,2025-08-03,,,9.3,,43.8,50.5
WO-1856,Blow Molding,ISBM-002,M-SOP-005,2025-08-03,,,9.9,,42.3,50.0
WO-1857,Blow Molding,ISBM-002,M-SOP-008,2025-08-04,,,9.4,,38.1,46.7
WO-1858,Blow Molding,ISBM-002,M-SOP-002,2025-08-05,,,9.2,,41.0,47.2
WO-1859,Blow Molding,ISBM-002,M-SOP-002,2025-08-05,,,10.5,,45.5,48.9
WO-1860,BLOW MOLDING,ISBM-002,M-SOP-002,2025-08-06,,,9.6,,41.7,49.7
WO-1861,Blow Molding,ISBM-002,M-SOP-002,2025-08-06,,,8.1,,39.0,50.1
WO-1862,Blow Molding,ISBM-002,M-SOP-002,2025-08-07,,,8.5,,42.6,44.4
WO-1863,Blow Molding,ISBM-002,M-SOP-005,2025-08-08,,,9.8,,42.9,49.3
WO-1864,Blow Molding,ISBM-002,M-SOP-002,2025-08-09,,,8.9,,37.0,46.2
WO-1865,Blow Molding,ISBM-002,M-SOP-002,2025-08-09,,,9.5,,41.0,48.9
WO-1866,Blow Molding,ISBM-002,M-SOP-002,2025-08-10,,,9.4,,45.3,58.8
WO-1867,Blow Molding,ISBM-002,M-SOP-002,2025-08-11,,,9.5,,41.6,50.2
WO-1868,Blow Molding,ISBM-002,M-SOP-008,2025-08-12,,,10.3,,47.5,46.7
WO-1869,Blow Molding,ISBM-002,M-SOP-008,2025-08-12,,,9.1,,44.4,38.1
WO-1870,Blow Molding,ISBM-002,M-SOP-002,2025-08-13,,,9.7,,41.8,47.1
WO-1871,Blow Molding,ISBM-002,M-SOP-005,2025-08-14,,,9.1,,45.2,45.3
WO-1872,BLOW MOLDING,ISBM-002,M-SOP-005,2025-08-15,,,10.6,,43.4,48.6
WO-1873,Blow Molding,ISBM-002,M-SOP-008,2025-08-16,,,10.7,,45.3,47.5
WO-1874,Blow Molding,ISBM-002,M-SOP-005,2025-08-17,,,8.6,,38.5,46.3
WO-1875,Blow Molding,ISBM-002,M-SOP-005,2025-08-17,,,9.2,,38.3,45.0
WO-1876,Blow Molding,ISBM-002,M-SOP-008,2025-08-18,,,10.6,,45.6,46.6
WO-1877,Blow Molding,ISBM-002,M-SOP-008,2025-08-19,,,7.5,,40.8,50.1
WO-1878,Blow Molding,ISBM-002,M-SOP-002,2025-08-19,,,10.7,,42.8,48.4
WO-1879,Blow Molding,ISBM-002,M-SOP-002,2025-08-20,,,9.1,,41.7,47.6
WO-1880,Blow Molding,ISBM-002,M-SOP-002,2025-08-20,,,8.9,,40.6,44.2
WO-1881,Blow Molding,ISBM-002,M-SOP-005,2025-08-21,,,9.1,,43.8,50.1
WO-1882,Blow Molding,ISBM-002,M-SOP-005,2025-08-22,,,8.8,,44.1,44.9
WO-1883,Blow Molding,ISBM-002,M-SOP-005,2025-08-23,,,9.8,,45.8,49.5
WO-1884,Blow Molding,ISBM-002,M-SOP-008,2025-08-23,,,11.2,,41.8,48.9
WO-1885,Blow Molding,ISBM-002,M-SOP-008,2025-08-24,,,9.4,,45.0,53.1
WO-1886,Blow Molding,ISBM-002,M-SOP-008,2025-08-25,,,10.7,,39.2,51.1
WO-1887,Blow Molding,ISBM-002,M-SOP-002,2025-08-26,,,8.5,,38.9,40.5
WO-1888,Blow Molding,ISBM-002,M-SOP-005,2025-08-26,,,8.6,,45.2,40.9
WO-1889,Blow Molding,ISBM-002,M-SOP-005,2025-08-27,,,10.5,,46.4,49.6
WO-1890,  Blow Molding  ,ISBM-002,M-SOP-002,2025-08-27,,,6.4,,44.1,47.1
WO-1891,blow molding,ISBM-002,M-SOP-005,2025-08-28,,,8.8,,44.8,50.3
WO-1892,Blow Molding,ISBM-002,M-SOP-005,2025-08-29,,,9.5,,41.8,50.5
WO-1893,Blow Molding,ISBM-002,M-SOP-008,2025-08-29,,,9.5,,42.2,44.3
WO-1894,BLOW MOLDING,ISBM-002,M-SOP-008,2025-08-30,,,10.0,,38.8,53.5
WO-1895,Blow Molding,ISBM-002,M-SOP-002,2025-08-31,,,8.6,,44.6,53.0
WO-1896,Blow Molding,ISBM-002,M-SOP-002,2025-08-31,,,10.7,,47.3,46.4
WO-1897,Blow Molding,ISBM-002,M-SOP-002,2025-09-01,,,10.1,,45.2,52.2
WO-1898,Blow Molding,ISBM-002,M-SOP-005,2025-09-02,,,10.5,,42.3,46.3
WO-1899,Blow Molding,ISBM-002,M-SOP-005,2025-09-03,,,8.8,,40.6,46.5
WO-1900,Blow Molding,ISBM-002,M-SOP-005,2025-09-03,,,10.1,,44.9,50.6
WO-1901,Blow Molding,ISBM-002,M-SOP-005,2025-09-04,,,8.0,,41.6,55.5
WO-1902,Blow Molding,ISBM-002,M-SOP-008,2025-09-04,,,8.8,,45.5,46.7
WO-1903,Blow Molding,ISBM-002,M-SOP-008,2025-09-05,,,9.4,,45.4,50.7
WO-1904,Blow Molding,ISBM-002,M-SOP-008,2025-09-06,,,9.7,,42.2,42.6
WO-1905,BLOW MOLDING,ISBM-002,M-SOP-005,2025-09-06,,,7.8,,43.8,48.0
WO-1906,Blow Molding,ISBM-002,M-SOP-008,2025-09-07,,,7.9,,45.5,46.0
WO-1907,Blow Molding,ISBM-002,M-SOP-005,2025-09-08,,,10.1,,40.2,50.0
WO-1908,Blow Molding,ISBM-002,M-SOP-008,2025-09-09,,,10.0,,44.6,42.9
WO-1909,Blow Molding,ISBM-002,M-SOP-008,2025-09-09,,,10.4,,39.9,39.4
WO-1910,Blow Molding,ISBM-002,M-SOP-008,2025-09-10,,,9.9,,39.8,46.2
WO-1911,Blow Molding,ISBM-002,M-SOP-002,2025-09-11,,,9.0,,40.5,54.5
WO-1912,Blow Molding,ISBM-002,M-SOP-005,2025-09-11,,,10.7,,44.8,51.4
WO-1913,Blow Molding,ISBM-002,M-SOP-008,2025-09-12,,,10.3,,42.3,45.3
WO-1914,Blow Molding,ISBM-002,M-SOP-008,2025-09-13,,,10.3,,45.3,52.3
WO-1915,  Blow Molding  ,ISBM-002,M-SOP-008,2025-09-13,,,10.1,,40.3,45.3
WO-1916,Blow Molding,ISBM-002,M-SOP-008,2025-09-14,,,8.7,,39.4,44.8
WO-1917,Blow Molding,ISBM-002,M-SOP-008,2025-09-15,,,9.0,,44.2,49.0
WO-1918,Blow Molding,ISBM-002,M-SOP-002,2025-09-15,,,8.8,,43.2,44.6
WO-1919,Blow Molding,ISBM-002,M-SOP-002,2025-09-16,,,10.6,,48.3,46.2
WO-1920,  Blow Molding  ,ISBM-002,M-SOP-005,2025-09-16,,,11.4,,43.5,52.9
WO-1921,Blow Molding,ISBM-002,M-SOP-008,2025-09-17,,,8.8,,45.5,49.8
WO-1922,Blow Molding,ISBM-002,M-SOP-008,2025-09-18,,,9.5,,44.2,45.9
WO-1923,Blow Molding,ISBM-002,M-SOP-008,2025-09-18,,,9.1,,42.2,47.9
WO-1924,Blow Molding,ISBM-002,M-SOP-002,2025-09-19,,,10.1,,42.7,47.6
WO-1925,Blow Molding,ISBM-002,M-SOP-002,2025-09-19,,,11.0,,40.6,46.4
WO-1926,Blow Molding,ISBM-002,M-SOP-002,2025-09-20,,,10.7,,45.5,48.1
WO-1927,Blow Molding,ISBM-002,M-SOP-002,2025-09-21,,,9.4,,45.9,53.1
WO-1928,Blow Molding,ISBM-002,M-SOP-008,2025-09-21,,,7.8,,40.6,53.3
WO-1929,Blow Molding,ISBM-002,M-SOP-005,2025-09-22,,,10.0,,41.9,48.8
WO-1930,Blow Molding,ISBM-002,M-SOP-002,2025-09-22,,,9.6,,40.8,39.5
WO-1931,Blow Molding,ISBM-002,M-SOP-002,2025-09-23,,,9.3,,41.4,56.0
WO-1932,Blow Molding,ISBM-002,M-SOP-005,2025-09-23,,,9.7,,41.9,46.5
WO-1933,Blow Molding,ISBM-002,M-SOP-005,2025-09-24,,,8.3,,41.1,53.0
WO-1934,Blow Molding,ISBM-002,M-SOP-002,2025-09-25,,,9.8,,45.0,49.8
WO-1935,Blow Molding,ISBM-002,M-SOP-002,2025-09-25,,,10.6,,40.7,47.6
WO-1936,Blow Molding,ISBM-002,M-SOP-008,2025-09-26,,,10.8,,44.0,44.8
WO-1937,  Blow Molding  ,ISBM-002,M-SOP-008,2025-09-27,,,7.8,,45.4,46.4
WO-1938,Blow Molding,ISBM-002,M-SOP-008,2025-09-27,,,8.8,,44.7,50.6
WO-1939,Blow Molding,ISBM-002,M-SOP-005,2025-09-28,,,10.8,,41.3,45.8
WO-1940,Blow Molding,ISBM-002,M-SOP-008,2025-09-29,,,11.9,,37.2,49.1
WO-1941,Blow Molding,ISBM-002,M-SOP-002,2025-09-30,,,10.4,,42.3,38.2
WO-1942,Blow Molding,ISBM-002,M-SOP-008,2025-10-01,,,9.6,,45.5,44.1
WO-1943,Blow Molding,ISBM-002,M-SOP-005,2025-10-01,,,10.9,,43.6,47.1
WO-1944,Blow Molding,ISBM-002,M-SOP-008,2025-10-02,,,9.1,,42.5,51.7
WO-1945,Blow Molding,ISBM-002,M-SOP-002,2025-10-03,,,8.7,,42.6,36.8
WO-1946,Blow Molding,ISBM-002,M-SOP-005,2025-10-03,,,9.9,,42.1,48.6
WO-1947,Blow Molding,ISBM-002,M-SOP-005,2025-10-04,,,9.2,,39.9,51.8
WO-1948,Blow Molding,ISBM-002,M-SOP-008,2025-10-05,,,10.0,,43.0,53.4
WO-1949,Blow Molding,ISBM-002,M-SOP-008,2025-10-05,,,9.7,,38.7,52.3
WO-1950,Blow Molding,ISBM-002,M-SOP-008,2025-10-06,,,9.3,,41.0,46.5
WO-1951,Blow Molding,ISBM-002,M-SOP-002,2025-10-06,,,9.8,,40.6,52.3
WO-1952,Blow Molding,ISBM-002,M-SOP-008,2025-10-07,,,7.2,,42.0,47.4
WO-1953,Blow Molding,ISBM-002,M-SOP-008,2025-10-08,,,9.2,,43.1,48.1
WO-1954,Blow Molding,ISBM-002,M-SOP-005,2025-10-09,,,9.9,,41.5,47.1
WO-1955,Blow Molding,ISBM-002,M-SOP-005,2025-10-09,,,11.1,,44.0,53.2
WO-1956,Blow Molding,ISBM-002,M-SOP-008,2025-10-10,,,11.4,,41.9,42.0
WO-1957,Blow Molding,ISBM-002,M-SOP-008,2025-10-11,,,10.2,,41.4,47.8
WO-1958,Blow Molding,ISBM-002,M-SOP-008,2025-10-11,,,11.1,,39.5,51.5
WO-1959,Blow Molding,ISBM-002,M-SOP-008,2025-10-12,,,10.8,,38.6,47.8
WO-1960,blow molding,ISBM-002,M-SOP-005,2025-10-13,,,8.9,,38.3,44.5
WO-1961,Blow Molding,ISBM-002,M-SOP-005,2025-10-13,,,11.2,,43.2,55.7
WO-1962,Blow Molding,ISBM-002,M-SOP-005,2025-10-14,,,8.5,,46.1,51.2
WO-1963,Blow Molding,ISBM-002,M-SOP-002,2025-10-15,,,8.4,,42.6,43.1
WO-1964,Blow Molding,ISBM-002,M-SOP-002,2025-10-15,,,9.2,,41.7,56.0
WO-1965,Blow Molding,ISBM-002,M-SOP-008,2025-10-16,,,11.0,,38.2,46.9
WO-1966,blow molding,ISBM-002,M-SOP-008,2025-10-16,,,9.8,,46.1,44.1
WO-1967,BLOW MOLDING,ISBM-002,M-SOP-008,2025-10-17,,,9.3,,41.8,47.5
WO-1968,  Blow Molding  ,ISBM-002,M-SOP-002,2025-10-18,,,8.0,,41.4,43.6
WO-1969,Blow Molding,ISBM-002,M-SOP-002,2025-10-19,,,8.1,,43.6,45.6
WO-1970,Blow Molding,ISBM-002,M-SOP-002,2025-10-19,,,9.7,,41.2,56.9
WO-1971,Blow Molding,ISBM-002,M-SOP-002,2025-10-20,,,11.0,,39.3,51.1
WO-1972,Blow Molding,ISBM-002,M-SOP-002,2025-10-21,,,8.6,,43.3,50.0
WO-1973,Blow Molding,ISBM-002,M-SOP-002,2025-10-21,,,10.5,,43.8,39.7
WO-1974,Blow Molding,ISBM-002,M-SOP-005,2025-10-22,,,9.8,,38.3,51.6
WO-1975,Blow Molding,ISBM-002,M-SOP-008,2025-10-23,,,8.6,,38.1,46.0
WO-1976,Blow Molding,ISBM-002,M-SOP-002,2025-10-24,,,9.6,,41.6,50.4
WO-1977,Blow Molding,ISBM-002,M-SOP-008,2025-10-25,,,8.3,,42.7,52.1
WO-1978,Blow Molding,ISBM-002,M-SOP-008,2025-10-26,,,8.9,,44.9,46.0
WO-1979,Blow Molding,ISBM-002,M-SOP-002,2025-10-26,,,9.6,,38.1,48.0
WO-1980,Blow Molding,ISBM-002,M-SOP-002,2025-10-27,,,9.6,,43.7,46.5
WO-1981,Blow Molding,ISBM-002,M-SOP-002,2025-10-27,,,9.3,,43.0,49.4
WO-1982,Blow Molding,ISBM-002,M-SOP-002,2025-10-28,,,9.5,,37.1,53.6
WO-1983,Blow Molding,ISBM-002,M-SOP-002,2025-10-29,,,9.8,,45.2,48.2
WO-1984,Blow Molding,ISBM-002,M-SOP-002,2025-10-30,,,8.5,,46.5,54.7
WO-1985,Blow Molding,ISBM-002,M-SOP-008,2025-10-31,,,9.8,,42.9,43.4
WO-1986,Blow Molding,ISBM-002,M-SOP-008,2025-10-31,,,10.6,,38.3,46.8
WO-1987,Blow Molding,ISBM-002,M-SOP-008,2025-11-01,,,9.2,,44.1,52.7
WO-1988,Blow Molding,ISBM-002,M-SOP-008,2025-11-01,,,7.7,,43.3,48.6
WO-1989,Blow Molding,ISBM-002,M-SOP-002,2025-11-02,,,8.1,,42.7,41.8
WO-1990,Blow Molding,ISBM-002,M-SOP-005,2025-11-03,,,7.4,,39.9,58.0
WO-1991,Blow Molding,ISBM-002,M-SOP-008,2025-11-04,,,9.0,,40.2,50.2
WO-1992,Blow Molding,ISBM-002,M-SOP-002,2025-11-04,,,9.6,,40.8,56.8
WO-1993,Blow Molding,ISBM-002,M-SOP-002,2025-11-05,,,8.2,,38.4,49.1
WO-1994,Blow Molding,ISBM-002,M-SOP-002,2025-11-05,,,12.1,,38.8,39.9
WO-1995,Blow Molding,ISBM-002,M-SOP-002,2025-11-06,,,8.7,,42.9,49.0
WO-1996,Blow Molding,ISBM-002,M-SOP-005,2025-11-07,,,9.8,,44.4,46.6
WO-1997,  Blow Molding  ,ISBM-002,M-SOP-005,2025-11-07,,,9.7,,43.1,48.5
WO-1998,Blow Molding,ISBM-002,M-SOP-005,2025-11-08,,,7.1,,40.5,46.8
WO-1999,Blow Molding,ISBM-002,M-SOP-005,2025-11-09,,,10.2,,41.2,55.3
WO-2000,Blow Molding,ISBM-002,M-SOP-005,2025-11-10,,,8.2,,44.4,51.7
WO-2001,Blow Molding,ISBM-002,M-SOP-005,2025-11-10,,,8.5,,44.6,52.4
WO-2002,Blow Molding,ISBM-002,M-SOP-002,2025-11-11,,,9.4,,43.6,42.5
WO-2003,Blow Molding,ISBM-002,M-SOP-002,2025-11-12,,,8.3,,39.3,48.0
WO-2004,Blow Molding,ISBM-002,M-SOP-002,2025-11-12,,,9.6,,47.2,46.5
WO-2005,Blow Molding,ISBM-002,M-SOP-005,2025-11-12,,,9.5,,40.7,52.0
WO-2006,BLOW MOLDING,ISBM-002,M-SOP-005,2025-11-13,,,9.8,,43.2,43.2
WO-2007,Blow Molding,ISBM-002,M-SOP-002,2025-11-13,,,9.4,,40.8,52.8
WO-2008,Blow Molding,ISBM-002,M-SOP-008,2025-11-14,,,9.3,,39.1,47.8
WO-2009,Blow Molding,ISBM-002,M-SOP-008,2025-11-15,,,9.0,,44.1,52.8
WO-2010,Blow Molding,ISBM-002,M-SOP-008,2025-11-16,,,7.6,,34.8,55.2
WO-2011,Blow Molding,ISBM-002,M-SOP-008,2025-11-16,,,10.6,,41.4,52.0
WO-2012,Blow Molding,ISBM-002,M-SOP-002,2025-11-17,,,11.1,,43.8,49.2
WO-2013,Blow Molding,ISBM-002,M-SOP-002,2025-11-18,,,11.1,,43.7,54.4
WO-2014,Blow Molding,ISBM-002,M-SOP-002,2025-11-19,,,9.4,,41.0,48.3
WO-2015,Blow Molding,ISBM-002,M-SOP-005,2025-11-19,,,9.8,,36.6,47.6
WO-2016,Blow Molding,ISBM-002,M-SOP-002,2025-11-20,,,10.7,,38.8,46.8
WO-2017,Blow Molding,ISBM-002,M-SOP-002,2025-11-21,,,7.9,,42.1,47.2
WO-2018,Blow Molding,ISBM-002,M-SOP-002,2025-11-21,,,10.2,,38.6,40.9
WO-2019,Blow Molding,ISBM-002,M-SOP-008,2025-11-22,,,7.2,,44.3,57.2
WO-2020,Blow Molding,ISBM-002,M-SOP-008,2025-11-22,,,8.8,,40.8,50.9
WO-2021,Blow Molding,ISBM-002,M-SOP-008,2025-11-23,,,9.3,,44.3,39.7
WO-2022,Blow Molding,ISBM-002,M-SOP-008,2025-11-24,,,10.5,,40.5,46.9
WO-2023,Blow Molding,ISBM-002,M-SOP-008,2025-11-25,,,8.4,,43.8,47.6
WO-2024,Blow Molding,ISBM-002,M-SOP-008,2025-11-26,,,10.6,,41.9,49.7
WO-2025,Blow Molding,ISBM-002,M-SOP-005,2025-11-26,,,9.8,,41.1,48.6
WO-2026,Blow Molding,ISBM-002,M-SOP-005,2025-11-27,,,8.5,,47.7,47.9
WO-2027,Blow Molding,ISBM-002,M-SOP-005,2025-11-28,,,8.4,,37.8,52.1
WO-2028,Blow Molding,ISBM-002,M-SOP-005,2025-11-29,,,10.7,,39.0,46.9
WO-2029,blow molding,ISBM-002,M-SOP-005,2025-11-29,,,8.7,,43.1,47.4
WO-2030,Blow Molding,ISBM-002,M-SOP-005,2025-11-30,,,8.7,,43.5,50.1
WO-2031,Blow Molding,ISBM-002,M-SOP-005,2025-12-01,,,9.5,,41.4,46.5
WO-2032,Blow Molding,ISBM-002,M-SOP-005,2025-12-02,,,10.6,,40.4,49.2
WO-2033,Blow Molding,ISBM-002,M-SOP-005,2025-12-02,,,11.6,,35.9,42.6
WO-2034,Blow Molding,ISBM-002,M-SOP-005,2025-12-03,,,10.6,,41.4,49.9
WO-2035,Blow Molding,ISBM-002,M-SOP-008,2025-12-04,,,9.6,,35.5,45.7
WO-2036,Blow Molding,ISBM-002,M-SOP-002,2025-12-05,,,9.5,,42.8,41.9
WO-2037,Blow Molding,ISBM-002,M-SOP-008,2025-12-05,,,10.6,,44.2,44.6
WO-2038,Blow Molding,ISBM-002,M-SOP-008,2025-12-06,,,10.4,,43.2,47.3
WO-2039,Blow Molding,ISBM-002,M-SOP-002,2025-12-07,,,8.2,,41.6,51.1
WO-2040,Blow Molding,ISBM-002,M-SOP-002,2025-12-08,,,8.3,,44.5,41.5
WO-2041,Blow Molding,ISBM-002,M-SOP-008,2025-12-09,,,9.0,,39.6,45.6
WO-2042,Blow Molding,ISBM-002,M-SOP-008,2025-12-09,,,9.5,,40.7,46.0
WO-2043,Blow Molding,ISBM-002,M-SOP-008,2025-12-10,,,10.2,,38.8,50.0
WO-2044,Blow Molding,ISBM-002,M-SOP-008,2025-12-11,,,9.1,,44.5,49.6
WO-2045,Blow Molding,ISBM-002,M-SOP-008,2025-12-11,,,7.5,,42.6,43.3
WO-2046,Blow Molding,ISBM-002,M-SOP-002,2025-12-12,,,9.4,,46.6,40.7
WO-2047,BLOW MOLDING,ISBM-002,M-SOP-002,2025-12-13,,,10.8,,43.4,51.1
WO-2048,Blow Molding,ISBM-002,M-SOP-002,2025-12-13,,,9.5,,39.9,53.3
WO-2049,Blow Molding,ISBM-002,M-SOP-002,2025-12-14,,,9.9,,44.1,47.2
WO-2050,Blow Molding,ISBM-002,M-SOP-002,2025-12-14,,,8.3,,45.1,51.8
WO-2051,Blow Molding,ISBM-002,M-SOP-002,2025-12-15,,,10.3,,42.0,48.9
WO-2052,BLOW MOLDING,ISBM-002,M-SOP-002,2025-12-15,,,9.9,,41.7,49.3
WO-2053,Blow Molding,ISBM-002,M-SOP-002,2025-12-16,,,9.6,,44.7,45.4
WO-2054,Blow Molding,ISBM-002,M-SOP-002,2025-12-17,,,8.7,,44.9,48.7
WO-2055,Blow Molding,ISBM-002,M-SOP-008,2025-12-17,,,7.3,,39.3,48.2
WO-2056,Blow Molding,ISBM-002,M-SOP-005,2025-12-18,,,8.1,,41.7,51.5
WO-2057,Blow Molding,ISBM-002,M-SOP-005,2025-12-19,,,7.9,,39.5,51.4
WO-2058,  Blow Molding  ,ISBM-002,M-SOP-005,2025-12-19,,,9.0,,44.4,48.3
WO-2059,Blow Molding,ISBM-002,M-SOP-002,2025-12-20,,,9.9,,37.5,50.8
WO-2060,Blow Molding,ISBM-002,M-SOP-002,2025-12-21,,,11.1,,42.1,45.6
WO-2061,Blow Molding,ISBM-002,M-SOP-008,2025-12-21,,,9.6,,40.3,42.6
WO-2062,Blow Molding,ISBM-002,M-SOP-005,2025-12-22,,,11.1,,45.3,49.3
WO-2063,Blow Molding,ISBM-002,M-SOP-005,2025-12-23,,,9.3,,44.7,52.0
WO-2064,Blow Molding,ISBM-002,M-SOP-005,2025-12-23,,,9.0,,41.9,49.9
WO-2065,Blow Molding,ISBM-002,M-SOP-005,2025-12-24,,,10.0,,36.5,45.8
WO-2066,Blow Molding,ISBM-002,M-SOP-008,2025-12-25,,,9.4,,41.9,47.1
WO-2067,Blow Molding,ISBM-002,M-SOP-008,2025-12-26,,,9.0,,42.4,53.8
WO-2068,blow molding,ISBM-002,M-SOP-008,2025-12-27,,,9.3,,41.0,42.6
WO-2069,Blow Molding,ISBM-002,M-SOP-002,2025-12-27,,,8.4,,40.8,53.0
WO-2070,Blow Molding,ISBM-002,M-SOP-002,2025-12-28,,,9.5,,43.3,50.3
WO-2071,Blow Molding,ISBM-002,M-SOP-002,2025-12-28,,,9.0,,43.9,54.1
WO-2072,Blow Molding,ISBM-002,M-SOP-002,2025-12-29,,,8.2,,45.8,50.4
WO-2073,Blow Molding,ISBM-002,M-SOP-002,2025-12-29,,,8.2,,42.9,34.2
WO-2074,Blow Molding,ISBM-002,M-SOP-005,2025-12-30,,,11.3,,44.3,50.3
WO-2075,Blow Molding,ISBM-002,M-SOP-005,2025-12-31,,,10.4,,40.6,44.3
WO-2076,Blow Molding,ISBM-002,M-SOP-005,2025-12-31,,,10.1,,44.4,54.9
WO-2077,Blow Molding,ISBM-002,M-SOP-005,2026-01-01,,,9.3,,43.5,52.2
WO-2078,Blow Molding,ISBM-002,M-SOP-008,2026-01-02,,,10.7,,43.3,47.3
WO-2079,Blow Molding,ISBM-002,M-SOP-008,2026-01-03,,,9.6,,42.7,47.1
WO-2080,Blow Molding,ISBM-002,M-SOP-008,2026-01-04,,,10.0,,40.4,38.0
WO-2081,Blow Molding,ISBM-002,M-SOP-002,2026-01-04,,,11.0,,40.0,51.2
WO-2082,Blow Molding,ISBM-002,M-SOP-008,2026-01-05,,,9.8,,41.5,52.1
WO-2083,  Blow Molding  ,ISBM-002,M-SOP-008,2026-01-06,,,9.8,,38.0,52.0
WO-2084,Blow Molding,ISBM-002,M-SOP-008,2026-01-07,,,10.6,,42.1,47.0
WO-2085,Blow Molding,ISBM-002,M-SOP-002,2026-01-08,,,10.8,,46.9,47.3
WO-2086,Blow Molding,ISBM-002,M-SOP-008,2026-01-09,,,9.4,,39.2,46.0
WO-2087,Blow Molding,ISBM-002,M-SOP-008,2026-01-10,,,8.5,,42.6,44.0
WO-2088,Blow Molding,ISBM-002,M-SOP-002,2026-01-10,,,9.1,,38.8,39.3
WO-2089,Blow Molding,ISBM-002,M-SOP-005,2026-01-11,,,9.1,,46.7,50.8
WO-2090,Blow Molding,ISBM-002,M-SOP-005,2026-01-12,,,10.0,,45.3,43.3
WO-2091,Blow Molding,ISBM-002,M-SOP-002,2026-01-12,,,10.0,,40.1,44.8
WO-2092,Blow Molding,ISBM-002,M-SOP-002,2026-01-13,,,9.2,,39.8,44.1
WO-2093,Blow Molding,ISBM-002,M-SOP-002,2026-01-13,,,10.0,,41.5,52.5
WO-2094,Blow Molding,ISBM-002,M-SOP-008,2026-01-14,,,8.8,,38.4,53.5
WO-2095,BLOW MOLDING,ISBM-002,M-SOP-008,2026-01-15,,,8.7,,37.0,51.2
WO-2096,Blow Molding,ISBM-002,M-SOP-008,2026-01-16,,,8.0,,38.1,43.5
WO-2097,Blow Molding,ISBM-002,M-SOP-005,2026-01-16,,,8.3,,37.8,51.9
WO-2098,Blow Molding,ISBM-002,M-SOP-002,2026-01-17,,,8.8,,37.6,41.6
WO-2099,Blow Molding,ISBM-002,M-SOP-002,2026-01-18,,,9.4,,42.7,51.4
WO-2100,Blow Molding,ISBM-002,M-SOP-002,2026-01-18,,,10.2,,45.6,55.5
WO-2101,Blow Molding,ISBM-002,M-SOP-002,2026-01-19,,,10.7,,39.0,49.5
WO-2102,Blow Molding,ISBM-002,M-SOP-002,2026-01-20,,,8.8,,40.7,44.3
WO-2103,Blow Molding,ISBM-002,M-SOP-002,2026-01-20,,,10.0,,38.8,43.3
WO-2104,Blow Molding,ISBM-002,M-SOP-002,2026-01-21,,,9.1,,47.4,50.6
WO-2105,Blow Molding,ISBM-002,M-SOP-008,2026-01-22,,,9.7,,39.2,45.4
WO-2106,Blow Molding,ISBM-002,M-SOP-002,2026-01-23,,,9.0,,44.3,47.9
WO-2107,Blow Molding,ISBM-002,M-SOP-005,2026-01-23,,,9.9,,35.9,43.6
WO-2108,Blow Molding,ISBM-002,M-SOP-005,2026-01-24,,,9.5,,41.3,42.8
WO-2109,Blow Molding,ISBM-002,M-SOP-005,2026-01-25,,,9.0,,45.1,44.4
WO-2110,Blow Molding,ISBM-002,M-SOP-005,2026-01-25,,,11.5,,45.8,49.4
WO-2111,Blow Molding,ISBM-002,M-SOP-008,2026-01-26,,,10.2,,42.3,48.4
WO-2112,Blow Molding,ISBM-002,M-SOP-008,2026-01-27,,,10.0,,43.6,48.0
WO-2113,Blow Molding,ISBM-002,M-SOP-008,2026-01-27,,,9.7,,40.9,53.9
WO-2114,Blow Molding,ISBM-002,M-SOP-008,2026-01-28,,,11.2,,37.8,44.0
WO-2115,Blow Molding,ISBM-002,M-SOP-008,2026-01-29,,,7.3,,42.9,46.3
WO-2116,Blow Molding,ISBM-002,M-SOP-005,2026-01-30,,,8.6,,39.8,45.5
WO-2117,Blow Molding,ISBM-002,M-SOP-005,2026-01-30,,,9.5,,42.9,43.1
WO-2118,Blow Molding,ISBM-002,M-SOP-002,2026-01-31,,,10.7,,39.9,46.7
WO-2119,Blow Molding,ISBM-002,M-SOP-008,2026-02-01,,,7.9,,38.0,53.9
WO-2120,Blow Molding,ISBM-002,M-SOP-002,2026-02-01,,,8.2,,42.1,42.7
WO-2121,Blow Molding,ISBM-002,M-SOP-002,2026-02-02,,,9.3,,45.3,48.2
WO-2122,Blow Molding,ISBM-002,M-SOP-002,2026-02-03,,,9.0,,47.3,52.2
WO-2123,Blow Molding,ISBM-002,M-SOP-002,2026-02-04,,,9.4,,43.5,40.5
WO-2124,Blow Molding,ISBM-002,M-SOP-002,2026-02-04,,,8.0,,42.0,48.5
WO-2125,Blow Molding,ISBM-002,M-SOP-002,2026-02-05,,,9.3,,43.7,44.8
WO-2126,Blow Molding,ISBM-002,M-SOP-005,2026-02-06,,,9.2,,38.5,48.1
WO-2127,Blow Molding,ISBM-002,M-SOP-005,2026-02-07,,,7.5,,39.5,48.1
WO-2128,Blow Molding,ISBM-002,M-SOP-005,2026-02-07,,,9.5,,43.8,54.9
WO-2129,Blow Molding,ISBM-002,M-SOP-005,2026-02-07,,,10.6,,41.4,56.1
WO-2130,Blow Molding,ISBM-002,M-SOP-008,2026-02-08,,,9.1,,50.2,50.2
WO-2131,Blow Molding,ISBM-002,M-SOP-008,2026-02-09,,,8.9,,35.9,49.1
WO-2132,Blow Molding,ISBM-002,M-SOP-008,2026-02-09,,,9.0,,43.9,52.6
WO-2133,Blow Molding,ISBM-002,M-SOP-008,2026-02-10,,,8.0,,41.3,41.9
WO-2134,Blow Molding,ISBM-002,M-SOP-008,2026-02-11,,,11.4,,42.9,53.9
WO-2135,Blow Molding,ISBM-002,M-SOP-005,2026-02-11,,,8.2,,39.5,46.8
WO-2136,  Blow Molding  ,ISBM-002,M-SOP-005,2026-02-12,,,10.9,,46.1,46.2
WO-2137,Blow Molding,ISBM-002,M-SOP-005,2026-02-13,,,10.4,,37.5,50.0
WO-2138,Blow Molding,ISBM-002,M-SOP-008,2026-02-14,,,10.7,,46.8,48.5
WO-2139,Blow Molding,ISBM-002,M-SOP-002,2026-02-14,,,7.6,,46.3,51.5
WO-2140,Blow Molding,ISBM-002,M-SOP-002,2026-02-15,,,9.1,,43.8,34.6
WO-2141,BLOW MOLDING,ISBM-002,M-SOP-005,2026-02-16,,,9.0,,40.9,47.0
WO-2142,BLOW MOLDING,ISBM-002,M-SOP-005,2026-02-17,,,8.7,,45.2,47.9
WO-2143,Blow Molding,ISBM-002,M-SOP-005,2026-02-17,,,9.8,,41.9,52.0
WO-2144,BLOW MOLDING,ISBM-002,M-SOP-005,2026-02-18,,,9.1,,45.2,43.5
WO-2145,Blow Molding,ISBM-002,M-SOP-002,2026-02-19,,,10.1,,43.5,48.5
WO-2146,Blow Molding,ISBM-002,M-SOP-002,2026-02-19,,,11.1,,40.7,46.9
WO-2147,Blow Molding,ISBM-002,M-SOP-002,2026-02-20,,,9.1,,42.2,49.4
WO-2148,  Blow Molding  ,ISBM-002,M-SOP-008,2026-02-20,,,9.7,,41.2,49.0
WO-2149,Blow Molding,ISBM-002,M-SOP-008,2026-02-21,,,11.0,,48.9,50.9
WO-2150,Blow Molding,ISBM-002,M-SOP-008,2026-02-21,,,8.9,,39.9,46.7
WO-2151,Blow Molding,ISBM-002,M-SOP-008,2026-02-22,,,9.0,,41.9,50.7
WO-2152,Blow Molding,ISBM-002,M-SOP-008,2026-02-23,,,10.0,,43.0,44.6
WO-2153,Blow Molding,ISBM-002,M-SOP-008,2026-02-23,,,10.3,,38.2,46.1
WO-2154,BLOW MOLDING,ISBM-002,M-SOP-002,2026-02-24,,,12.4,,44.5,38.7
WO-2155,Blow Molding,ISBM-002,M-SOP-002,2026-02-25,,,8.3,,41.5,45.7
WO-2156,Blow Molding,ISBM-002,M-SOP-002,2026-02-26,,,9.2,,43.5,46.6
WO-2157,Blow Molding,ISBM-002,M-SOP-005,2026-02-26,,,10.3,,42.0,52.4
WO-2158,Blow Molding,ISBM-002,M-SOP-008,2026-02-27,,,11.0,,38.2,45.5
WO-2159,Blow Molding,ISBM-002,M-SOP-008,2026-02-28,,,9.3,,35.2,45.8
WO-2160,Blow Molding,ISBM-002,M-SOP-008,2026-03-01,,,9.8,,41.3,46.7
WO-2161,Blow Molding,ISBM-002,M-SOP-005,2026-03-01,,,11.1,,38.5,46.2
WO-2162,Blow Molding,ISBM-002,M-SOP-005,2026-03-02,,,7.9,,41.1,45.7
WO-2163,Blow Molding,ISBM-002,M-SOP-002,2026-03-02,,,8.8,,46.8,44.5
WO-2164,Blow Molding,ISBM-002,M-SOP-008,2026-03-03,,,10.4,,40.6,49.5
WO-2165,blow molding,ISBM-002,M-SOP-008,2026-03-04,,,10.2,,44.1,48.7
WO-2166,Blow Molding,ISBM-002,M-SOP-008,2026-03-05,,,8.5,,45.9,51.8
WO-2167,Blow Molding,ISBM-002,M-SOP-005,2026-03-06,,,11.1,,42.2,51.2
WO-2168,blow molding,ISBM-002,M-SOP-005,2026-03-06,,,8.3,,45.7,40.4
WO-2169,Blow Molding,ISBM-002,M-SOP-005,2026-03-07,,,9.8,,40.7,45.7
WO-2170,Blow Molding,ISBM-002,M-SOP-008,2026-03-08,,,8.8,,38.9,48.4
WO-2171,Blow Molding,ISBM-002,M-SOP-008,2026-03-09,,,10.4,,34.5,42.8
WO-2172,Blow Molding,ISBM-002,M-SOP-005,2026-03-09,,,9.9,,39.4,50.4
WO-2173,Blow Molding,ISBM-002,M-SOP-005,2026-03-10,,,7.0,,37.4,50.1
WO-2174,Blow Molding,ISBM-002,M-SOP-005,2026-03-10,,,9.1,,42.4,47.3
WO-2175,Blow Molding,ISBM-002,M-SOP-005,2026-03-11,,,10.4,,39.9,48.0
WO-2176,Blow Molding,ISBM-002,M-SOP-008,2026-03-11,,,8.2,,42.2,46.3
WO-2177,Blow Molding,ISBM-002,M-SOP-002,2026-03-12,,,9.4,,40.1,52.7
WO-2178,Blow Molding,ISBM-002,M-SOP-002,2026-03-13,,,8.2,,43.1,50.3
WO-2179,Blow Molding,ISBM-002,M-SOP-002,2026-03-13,,,9.1,,44.1,52.3
WO-2180,Blow Molding,ISBM-002,M-SOP-002,2026-03-14,,,9.2,,39.7,47.7
WO-2181,Blow Molding,ISBM-002,M-SOP-002,2026-03-15,,,10.5,,45.7,44.7
WO-2182,Blow Molding,ISBM-002,M-SOP-002,2026-03-15,,,9.3,,40.9,43.8
WO-2183,Blow Molding,ISBM-002,M-SOP-002,2026-03-16,,,8.5,,45.7,55.0
WO-2184,Blow Molding,ISBM-002,M-SOP-002,2026-03-17,,,10.4,,39.6,48.9
WO-2185,Blow Molding,ISBM-002,M-SOP-002,2026-03-18,,,7.7,,48.2,50.5
WO-2186,Blow Molding,ISBM-002,M-SOP-002,2026-03-19,,,8.7,,42.1,48.3
WO-2187,Blow Molding,ISBM-002,M-SOP-002,2026-03-19,,,8.9,,38.1,54.6
WO-2188,Blow Molding,ISBM-002,M-SOP-008,2026-03-20,,,9.6,,41.8,47.5
WO-2189,Blow Molding,ISBM-002,M-SOP-002,2026-03-20,,,9.4,,46.9,40.7
WO-2190,Blow Molding,ISBM-002,M-SOP-005,2026-03-21,,,10.4,,39.2,51.8
WO-2191,Blow Molding,ISBM-002,M-SOP-005,2026-03-22,,,9.6,,42.2,47.3
WO-2192,Blow Molding,ISBM-002,M-SOP-005,2026-03-22,,,9.7,,39.6,41.7
WO-2193,Blow Molding,ISBM-002,M-SOP-005,2026-03-23,,,8.5,,46.7,54.3
WO-2194,Blow Molding,ISBM-002,M-SOP-005,2026-03-24,,,9.8,,40.3,51.3
WO-2195,Blow Molding,ISBM-002,M-SOP-002,2026-03-24,,,10.3,,46.7,43.8
WO-2196,Blow Molding,ISBM-002,M-SOP-008,2026-03-25,,,8.8,,47.2,51.2
WO-2197,Blow Molding,ISBM-002,M-SOP-008,2026-03-26,,,11.0,,38.5,44.7
WO-2198,  Blow Molding  ,ISBM-002,M-SOP-008,2026-03-27,,,9.5,,44.1,47.5
WO-2199,Blow Molding,ISBM-002,M-SOP-002,2026-03-27,,,8.5,,40.1,42.8
WO-2200,  Blow Molding  ,ISBM-002,M-SOP-002,2026-03-28,,,9.6,,46.5,50.1
WO-2201,Blow Molding,ISBM-002,M-SOP-002,2026-03-28,,,9.1,,38.2,47.5
WO-2202,Blow Molding,ISBM-002,M-SOP-005,2026-03-29,,,9.2,,44.3,45.7
WO-2203,Blow Molding,ISBM-002,M-SOP-005,2026-03-29,,,8.3,,44.2,46.1
WO-2204,blow molding,ISBM-002,M-SOP-005,2026-03-30,,,10.0,,41.4,47.6
WO-2205,Blow Molding,ISBM-002,M-SOP-005,2026-03-31,,,9.6,,41.2,46.1
WO-2206,  Blow Molding  ,ISBM-002,M-SOP-005,2026-04-01,,,11.6,,40.3,51.3
WO-2207,Blow Molding,ISBM-002,M-SOP-002,2026-04-02,,,9.1,,44.9,40.3
WO-2208,Blow Molding,ISBM-002,M-SOP-002,2026-04-02,,,10.2,,43.0,43.5
WO-2209,Blow Molding,ISBM-002,M-SOP-005,2026-04-03,,,10.5,,41.0,47.5
WO-2210,Blow Molding,ISBM-002,M-SOP-005,2026-04-04,,,9.2,,39.0,45.0
WO-2211,Blow Molding,ISBM-002,M-SOP-005,2026-04-04,,,8.9,,41.9,53.0
WO-2212,Blow Molding,ISBM-002,M-SOP-005,2026-04-05,,,9.7,,40.1,48.0
WO-2213,Blow Molding,ISBM-002,M-SOP-002,2026-04-06,,,9.1,,38.7,46.4
WO-2214,Blow Molding,ISBM-002,M-SOP-002,2026-04-06,,,8.5,,39.9,49.7
WO-2215,Blow Molding,ISBM-002,M-SOP-002,2026-04-07,,,9.8,,46.4,50.2
WO-2216,Blow Molding,ISBM-002,M-SOP-005,2026-04-08,,,9.1,,38.7,55.3
WO-2217,blow molding,ISBM-002,M-SOP-005,2026-04-09,,,11.2,,41.4,49.0
WO-2218,Blow Molding,ISBM-002,M-SOP-008,2026-04-10,,,10.0,,36.6,54.3
WO-2219,Blow Molding,ISBM-002,M-SOP-008,2026-04-10,,,9.3,,41.7,47.6
WO-2220,Blow Molding,ISBM-002,M-SOP-008,2026-04-11,,,8.9,,44.5,53.9
WO-2221,Blow Molding,ISBM-002,M-SOP-008,2026-04-12,,,10.3,,42.9,46.9
WO-2222,Blow Molding,ISBM-002,M-SOP-008,2026-04-13,,,11.7,,40.9,48.0
WO-2223,Blow Molding,ISBM-002,M-SOP-008,2026-04-13,,,9.0,,43.1,53.0
WO-2224,Blow Molding,ISBM-002,M-SOP-002,2026-04-14,,,10.0,,44.3,49.1
WO-2225,Blow Molding,ISBM-002,M-SOP-005,2026-04-15,,,9.9,,38.6,44.1
WO-2226,Blow Molding,ISBM-002,M-SOP-002,2026-04-15,,,8.5,,43.7,47.8
WO-2227,Blow Molding,ISBM-002,M-SOP-002,2026-04-16,,,10.5,,40.6,48.0
WO-2228,Blow Molding,ISBM-002,M-SOP-002,2026-04-17,,,10.3,,42.7,53.0
WO-2229,Blow Molding,ISBM-002,M-SOP-005,2026-04-17,,,10.1,,43.3,49.8
WO-2230,Blow Molding,ISBM-002,M-SOP-008,2026-04-18,,,10.1,,45.9,54.7
WO-2231,Blow Molding,ISBM-002,M-SOP-002,2026-04-18,,,11.0,,44.7,40.9
WO-2232,Blow Molding,ISBM-002,M-SOP-005,2026-04-19,,,9.8,,44.4,49.1
WO-2233,Blow Molding,ISBM-002,M-SOP-008,2026-04-20,,,9.1,,43.8,51.1
WO-2234,Blow Molding,ISBM-002,M-SOP-008,2026-04-21,,,7.3,,38.7,42.9
WO-2235,Blow Molding,ISBM-002,M-SOP-008,2026-04-21,,,9.7,,43.4,49.6
WO-2236,BLOW MOLDING,ISBM-002,M-SOP-008,2026-04-22,,,10.0,,38.1,45.7
WO-2237,Blow Molding,ISBM-002,M-SOP-008,2026-04-22,,,11.5,,41.0,42.5
WO-2238,Blow Molding,ISBM-002,M-SOP-008,2026-04-23,,,9.8,,44.8,41.5
WO-2239,Blow Molding,ISBM-002,M-SOP-008,2026-04-23,,,9.5,,44.8,46.2
WO-2240,Blow Molding,ISBM-002,M-SOP-002,2026-04-24,,,11.2,,40.5,42.3
WO-2241,Blow Molding,ISBM-002,M-SOP-002,2026-04-25,,,9.4,,41.2,45.4
WO-2242,Blow Molding,ISBM-002,M-SOP-002,2026-04-25,,,7.9,,45.4,46.6
WO-2243,Blow Molding,ISBM-002,M-SOP-002,2026-04-26,,,9.7,,34.9,46.7
WO-2244,Blow Molding,ISBM-002,M-SOP-008,2026-04-27,,,9.9,,40.1,43.3
WO-2245,Blow Molding,ISBM-002,M-SOP-002,2026-04-27,,,11.0,,43.5,47.2
WO-2246,BLOW MOLDING,ISBM-002,M-SOP-002,2026-04-28,,,9.6,,34.7,44.8
WO-2247,Blow Molding,ISBM-002,M-SOP-008,2026-04-29,,,11.1,,42.9,41.4
WO-2248,Blow Molding,ISBM-002,M-SOP-008,2026-04-29,,,8.9,,41.3,51.3
WO-2249,Blow Molding,ISBM-002,M-SOP-005,2026-04-30,,,9.9,,40.1,50.1
WO-2250,Blow Molding,ISBM-002,M-SOP-005,2026-05-01,,,9.7,,45.0,50.6
WO-2251,Blow Molding,ISBM-002,M-SOP-002,2026-05-01,,,9.0,,44.6,44.6
WO-2252,Blow Molding,ISBM-002,M-SOP-002,2026-05-02,,,9.9,,39.7,50.2
WO-2253,Blow Molding,ISBM-002,M-SOP-005,2026-05-03,,,10.0,,39.9,42.5
WO-2254,blow molding,ISBM-002,M-SOP-005,2026-05-03,,,9.0,,40.0,49.0
WO-2255,Blow Molding,ISBM-002,M-SOP-008,2026-05-04,,,10.7,,44.8,50.1
WO-2256,BLOW MOLDING,ISBM-002,M-SOP-008,2026-05-05,,,9.9,,48.6,41.2
WO-2257,Blow Molding,ISBM-002,M-SOP-005,2026-05-05,,,9.3,,41.5,39.6
WO-2258,Blow Molding,ISBM-002,M-SOP-005,2026-05-06,,,10.5,,43.0,54.4
WO-2259,Blow Molding,ISBM-002,M-SOP-005,2026-05-07,,,9.8,,46.6,48.5
WO-2260,Blow Molding,ISBM-002,M-SOP-005,2026-05-08,,,8.8,,41.7,48.1
WO-2261,Blow Molding,ISBM-002,M-SOP-002,2026-05-08,,,9.7,,44.6,51.5
WO-2262,Blow Molding,ISBM-002,M-SOP-002,2026-05-09,,,9.6,,44.4,52.8
WO-2263,Blow Molding,ISBM-002,M-SOP-005,2026-05-10,,,8.5,,40.4,47.3
WO-2264,blow molding,ISBM-002,M-SOP-005,2026-05-10,,,9.0,,45.0,44.5
WO-2265,Blow Molding,ISBM-002,M-SOP-002,2026-05-11,,,8.2,,45.6,45.0
WO-2266,blow molding,ISBM-002,M-SOP-002,2026-05-12,,,9.7,,41.8,50.0
WO-2267,Blow Molding,ISBM-002,M-SOP-002,2026-05-13,,,10.1,,45.1,44.3
WO-2268,Blow Molding,ISBM-002,M-SOP-005,2026-05-13,,,7.9,,41.1,43.5
WO-2269,BLOW MOLDING,ISBM-002,M-SOP-008,2026-05-14,,,8.7,,43.8,43.5
WO-2270,Blow Molding,ISBM-002,M-SOP-008,2026-05-15,,,6.6,,42.7,48.0
WO-2271,Blow Molding,ISBM-002,M-SOP-008,2026-05-15,,,10.6,,45.6,48.7
WO-2272,Blow Molding,ISBM-002,M-SOP-005,2026-05-16,,,10.5,,40.8,48.4
WO-2273,Blow Molding,ISBM-002,M-SOP-002,2026-05-17,,,7.8,,40.6,47.5
WO-2274,Blow Molding,ISBM-002,M-SOP-002,2026-05-18,,,9.9,,40.6,52.8
WO-2275,Blow Molding,ISBM-002,M-SOP-005,2026-05-19,,,10.4,,40.2,49.4
WO-2276,  Blow Molding  ,ISBM-002,M-SOP-005,2026-05-19,,,9.1,,46.7,46.0
WO-2277,Blow Molding,ISBM-002,M-SOP-005,2026-05-20,,,10.3,,42.3,52.8
WO-2278,Blow Molding,ISBM-002,M-SOP-005,2026-05-20,,,10.1,,40.3,51.5
WO-2279,Blow Molding,ISBM-002,M-SOP-002,2026-05-21,,,10.5,,36.9,44.5
WO-2280,Blow Molding,ISBM-002,M-SOP-005,2026-05-22,,,11.2,,44.1,40.5
WO-2281,Blow Molding,ISBM-002,M-SOP-005,2026-05-23,,,8.4,,46.6,43.3
WO-2282,Blow Molding,ISBM-002,M-SOP-005,2026-05-23,,,7.0,,47.3,55.3
WO-2283,Blow Molding,ISBM-002,M-SOP-008,2026-05-24,,,10.6,,42.9,40.3
WO-2284,Blow Molding,ISBM-002,M-SOP-008,2026-05-25,,,9.7,,46.1,48.9
WO-2285,Blow Molding,ISBM-002,M-SOP-008,2026-05-26,,,7.9,,43.0,53.7
WO-2286,Blow Molding,ISBM-002,M-SOP-008,2026-05-26,,,8.5,,41.1,44.6
WO-2287,Blow Molding,ISBM-002,M-SOP-008,2026-05-27,,,11.2,,36.8,48.0
WO-2288,Blow Molding,ISBM-002,M-SOP-002,2026-05-27,,,9.3,,32.5,46.0
WO-2289,Blow Molding,ISBM-002,M-SOP-008,2026-05-28,,,8.5,,41.5,49.9
WO-2290,Blow Molding,ISBM-002,M-SOP-008,2026-05-28,,,9.4,,44.5,47.7
WO-2291,Blow Molding,ISBM-002,M-SOP-008,2026-05-29,,,11.4,,46.5,45.7
WO-2292,Blow Molding,ISBM-002,M-SOP-002,2026-05-30,,,9.7,,39.8,43.8
WO-2293,Blow Molding,ISBM-002,M-SOP-008,2026-05-30,,,9.2,,44.2,42.8
WO-2294,Blow Molding,ISBM-002,M-SOP-008,2026-05-31,,,9.2,,38.4,49.0
WO-2295,Blow Molding,ISBM-002,M-SOP-008,2026-06-01,,,9.0,,44.7,46.5
WO-2296,Blow Molding,ISBM-002,M-SOP-005,2026-06-01,,,9.3,,41.1,53.2
WO-2297,blow molding,ISBM-002,M-SOP-008,2026-06-02,,,11.3,,42.4,49.6
WO-2298,Blow Molding,ISBM-002,M-SOP-008,2026-06-03,,,8.5,,41.3,45.4
WO-2299,Blow Molding,ISBM-002,M-SOP-008,2026-06-03,,,8.8,,42.7,53.1
WO-2300,Blow Molding,ISBM-002,M-SOP-002,2026-06-04,,,9.9,,40.3,53.9
WO-2301,Blow Molding,ISBM-002,M-SOP-002,2026-06-04,,,9.4,,38.1,45.9
WO-2302,Blow Molding,ISBM-002,M-SOP-005,2026-06-05,,,9.9,,42.8,54.7
WO-2303,Blow Molding,ISBM-002,M-SOP-005,2026-06-06,,,10.6,,40.5,47.9
WO-2304,Blow Molding,ISBM-002,M-SOP-008,2026-06-06,,,9.2,,41.3,43.8
WO-2305,Blow Molding,ISBM-002,M-SOP-008,2026-06-07,,,9.9,,36.9,47.8
WO-2306,Blow Molding,ISBM-002,M-SOP-008,2026-06-07,,,11.2,,41.6,53.8
WO-2307,Blow Molding,ISBM-002,M-SOP-005,2026-06-08,,,9.6,,42.0,50.9
WO-2308,Blow Molding,ISBM-002,M-SOP-005,2026-06-09,,,9.7,,37.8,50.7
WO-2309,Blow Molding,ISBM-002,M-SOP-002,2026-06-09,,,9.4,,48.3,45.8
WO-2310,Blow Molding,ISBM-002,M-SOP-008,2026-06-10,,,9.4,,33.5,49.1
WO-2311,Blow Molding,ISBM-002,M-SOP-008,2026-06-11,,,9.9,,41.7,49.5
WO-2312,Blow Molding,ISBM-002,M-SOP-008,2026-06-11,,,8.8,,43.2,44.6
WO-2313,Blow Molding,ISBM-002,M-SOP-005,2026-06-12,,,9.1,,45.0,42.1
WO-2314,  Blow Molding  ,ISBM-002,M-SOP-002,2026-06-12,,,10.6,,42.6,49.4
WO-2315,Blow Molding,ISBM-002,M-SOP-008,2026-06-13,,,8.9,,40.1,49.7
WO-2316,Blow Molding,ISBM-002,M-SOP-008,2026-06-14,,,11.8,,46.8,38.5
WO-2317,Blow Molding,ISBM-002,M-SOP-008,2026-06-14,,,9.4,,36.0,50.3
WO-2318,Blow Molding,ISBM-002,M-SOP-005,2026-06-15,,,10.3,,40.4,43.9
WO-2319,Blow Molding,ISBM-002,M-SOP-005,2026-06-16,,,9.8,,40.1,49.5
WO-2320,Blow Molding,ISBM-002,M-SOP-005,2026-06-16,,,10.8,,41.3,38.7
WO-2321,Blow Molding,ISBM-002,M-SOP-008,2026-06-17,,,10.5,,43.6,43.2
WO-2322,Blow Molding,ISBM-002,M-SOP-008,2026-06-17,,,9.4,,44.5,44.3
WO-2323,Blow Molding,ISBM-002,M-SOP-008,2026-06-18,,,10.5,,37.9,53.9
WO-2324,Blow Molding,ISBM-002,M-SOP-005,2026-06-19,,,10.4,,45.2,45.8
WO-2325,Blow Molding,ISBM-002,M-SOP-005,2026-06-19,,,7.7,,41.8,53.8
WO-2326,Blow Molding,ISBM-002,M-SOP-005,2026-06-20,,,8.0,,41.5,48.4
WO-2327,Blow Molding,ISBM-002,M-SOP-005,2026-06-20,,,10.7,,48.2,51.7
WO-2328,Blow Molding,ISBM-002,M-SOP-002,2026-06-21,,,9.0,,44.5,45.2
WO-2329,  Blow Molding  ,ISBM-002,M-SOP-002,2026-06-22,,,10.2,,42.2,50.0
WO-2330,Blow Molding,ISBM-002,M-SOP-002,2026-06-22,,,9.3,,42.3,48.9
WO-2331,Blow Molding,ISBM-002,M-SOP-002,2026-06-23,,,9.0,,39.1,44.3
WO-2332,Blow Molding,ISBM-002,M-SOP-002,2026-06-24,,,8.5,,43.5,43.4
WO-2333,Blow Molding,ISBM-002,M-SOP-002,2026-06-24,,,9.8,,36.4,44.1
WO-2334,Blow Molding,ISBM-002,M-SOP-002,2026-06-25,,,9.2,,43.2,51.4
WO-2335,Blow Molding,ISBM-002,M-SOP-002,2026-06-25,,,9.9,,41.9,50.8
WO-2336,Blow Molding,ISBM-002,M-SOP-005,2026-06-26,,,11.8,,40.0,51.5
WO-2337,Blow Molding,ISBM-002,M-SOP-005,2026-06-27,,,9.0,,43.6,48.4
WO-2338,Blow Molding,ISBM-002,M-SOP-005,2026-06-28,,,10.4,,43.2,54.1
WO-2339,Blow Molding,ISBM-002,M-SOP-005,2026-06-29,,,9.3,,44.4,46.6
WO-2340,Blow Molding,ISBM-002,M-SOP-005,2026-06-29,,,10.2,,40.6,47.3
WO-2341,Blow Molding,ISBM-002,M-SOP-005,2026-06-30,,,9.9,,42.0,48.9
WO-2342,BLOW MOLDING,ISBM-002,M-SOP-005,2026-07-01,,,8.9,,40.2,46.5
WO-2343,Blow Molding,ISBM-002,M-SOP-005,2026-07-01,,,9.7,,43.1,50.0
WO-2344,Blow Molding,ISBM-002,M-SOP-005,2026-07-02,,,9.3,,44.6,44.6
WO-2345,Blow Molding,ISBM-002,M-SOP-008,2026-07-03,,,10.7,,41.8,40.4
WO-2346,  Blow Molding  ,ISBM-002,M-SOP-008,2026-07-03,,,10.0,,36.7,44.0
WO-2347,Blow Molding,ISBM-002,M-SOP-005,2026-07-04,,,10.0,,47.2,48.0
WO-2348,Blow Molding,ISBM-002,M-SOP-005,2026-07-04,,,8.6,,46.7,49.7
WO-2349,Blow Molding,ISBM-002,M-SOP-005,2026-07-05,,,8.8,,45.0,54.2
WO-2350,Blow Molding,ISBM-002,M-SOP-008,2026-07-06,,,10.6,,40.1,44.6
WO-2351,Blow Molding,ISBM-002,M-SOP-005,2026-07-06,,,9.2,,41.5,43.7
WO-2352,Blow Molding,ISBM-002,M-SOP-005,2026-07-07,,,10.6,,46.7,45.8
WO-2353,Blow Molding,ISBM-002,M-SOP-002,2026-07-07,,,8.7,,41.6,55.9
WO-2354,blow molding,ISBM-002,M-SOP-002,2026-07-08,,,9.0,,41.7,41.7
WO-2355,Blow Molding,ISBM-002,M-SOP-008,2026-07-09,,,8.1,,42.4,43.8
WO-2356,Blow Molding,ISBM-002,M-SOP-002,2026-07-10,,,8.1,,41.8,43.8
WO-2357,Blow Molding,ISBM-002,M-SOP-002,2026-07-11,,,10.1,,44.2,44.2
WO-2358,Blow Molding,ISBM-002,M-SOP-002,2026-07-11,,,10.5,,43.5,54.9
WO-2359,Blow Molding,ISBM-002,M-SOP-002,2026-07-12,,,8.2,,40.0,54.3
WO-2360,Blow Molding,ISBM-002,M-SOP-002,2026-07-12,,,10.9,,41.2,50.4
WO-2361,Blow Molding,ISBM-002,M-SOP-002,2026-07-13,,,9.0,,41.4,44.5
WO-2362,blow molding,ISBM-002,M-SOP-005,2026-07-14,,,8.7,,38.1,45.5
WO-2363,Blow Molding,ISBM-002,M-SOP-005,2026-07-14,,,11.0,,38.6,45.8
WO-2364,Blow Molding,ISBM-002,M-SOP-005,2026-07-15,,,9.1,,38.0,48.1
WO-2365,Blow Molding,ISBM-002,M-SOP-005,2026-07-16,,,8.2,,44.8,57.0
WO-2366,Blow Molding,ISBM-002,M-SOP-005,2026-07-17,,,10.2,,40.7,48.7
WO-2367,Blow Molding,ISBM-002,M-SOP-008,2026-07-18,,,9.3,,42.9,52.0
WO-2368,Blow Molding,ISBM-002,M-SOP-008,2026-07-18,,,9.2,,42.9,45.4
WO-2369,Blow Molding,ISBM-002,M-SOP-008,2026-07-19,,,8.8,,42.7,44.4
WO-2370,Blow Molding,ISBM-002,M-SOP-008,2026-07-20,,,11.2,,46.3,49.8
WO-2371,Blow Molding,ISBM-002,M-SOP-008,2026-07-21,,,9.4,,41.9,45.9
WO-2372,Blow Molding,ISBM-002,M-SOP-002,2026-07-21,,,10.5,,36.7,44.2
WO-2373,Blow Molding,ISBM-002,M-SOP-002,2026-07-22,,,10.8,,41.5,46.1
WO-2374,BLOW MOLDING,ISBM-002,M-SOP-002,2026-07-23,,,9.0,,43.6,42.3
WO-2375,Blow Molding,ISBM-002,M-SOP-002,2026-07-24,,,9.1,,40.9,47.6
WO-2376,Blow Molding,ISBM-002,M-SOP-005,2026-07-24,,,9.0,,41.9,45.5
WO-2377,Blow Molding,ISBM-002,M-SOP-002,2026-07-25,,,10.0,,45.8,42.8
WO-2378,Blow Molding,ISBM-002,M-SOP-002,2026-07-26,,,8.1,,39.4,46.7
WO-2379,Blow Molding,ISBM-002,M-SOP-005,2026-07-26,,,9.3,,39.9,45.3
WO-2380,BLOW MOLDING,ISBM-002,M-SOP-005,2026-07-27,,,9.0,,40.5,49.5
WO-2381,Blow Molding,ISBM-002,M-SOP-005,2026-07-28,,,8.9,,42.9,54.2
WO-2382,Blow Molding,ISBM-002,M-SOP-002,2026-07-29,,,10.6,,41.9,51.8
WO-2383,Blow Molding,ISBM-002,M-SOP-002,2026-07-29,,,9.8,,38.2,48.9
WO-2384,  Blow Molding  ,ISBM-002,M-SOP-002,2026-07-30,,,9.7,,36.3,44.8
WO-2385,Blow Molding,ISBM-002,M-SOP-002,2026-07-30,,,7.8,,45.5,37.9
WO-2386,Blow Molding,ISBM-002,M-SOP-005,2026-07-31,,,8.8,,46.1,48.6
WO-2387,Blow Molding,ISBM-002,M-SOP-005,2026-08-01,,,10.2,,46.6,42.0
WO-2388,Blow Molding,ISBM-002,M-SOP-008,2026-08-02,,,8.0,,45.0,52.4
WO-2389,Blow Molding,ISBM-002,M-SOP-008,2026-08-02,,,7.6,,41.9,50.1
WO-2390,BLOW MOLDING,ISBM-002,M-SOP-002,2026-08-03,,,9.7,,44.8,51.6
WO-2391,Blow Molding,ISBM-002,M-SOP-002,2026-08-04,,,9.5,,42.6,46.4
WO-2392,Blow Molding,ISBM-002,M-SOP-002,2026-08-05,,,8.6,,41.4,45.3
WO-2393,Blow Molding,ISBM-002,M-SOP-008,2026-08-05,,,8.6,,40.1,49.2
WO-2394,Blow Molding,ISBM-002,M-SOP-005,2026-08-06,,,7.7,,32.6,51.2
WO-2395,Blow Molding,ISBM-002,M-SOP-005,2026-08-07,,,8.5,,38.7,53.8
WO-2396,Blow Molding,ISBM-002,M-SOP-005,2026-08-08,,,8.9,,48.9,52.9
WO-2397,Blow Molding,ISBM-002,M-SOP-002,2026-08-09,,,9.5,,44.3,48.7
WO-2398,Blow Molding,ISBM-002,M-SOP-002,2026-08-09,,,9.6,,43.8,41.8
WO-2399,Blow Molding,ISBM-002,M-SOP-002,2026-08-10,,,10.0,,39.4,44.6
WO-2400,Blow Molding,ISBM-002,M-SOP-002,2026-08-10,,,9.4,,43.1,49.7
WO-2401,blow molding,ISBM-002,M-SOP-008,2026-08-11,,,9.5,,42.0,41.3
WO-2402,Blow Molding,ISBM-002,M-SOP-008,2026-08-12,,,8.2,,42.7,45.6
WO-2403,Blow Molding,ISBM-002,M-SOP-008,2026-08-13,,,9.8,,49.4,52.5
WO-2404,Blow Molding,ISBM-002,M-SOP-002,2026-08-14,,,9.7,,42.5,42.0
WO-2405,Blow Molding,ISBM-002,M-SOP-005,2026-08-14,,,10.8,,41.7,45.2
WO-2406,blow molding,ISBM-002,M-SOP-005,2026-08-15,,,10.7,,43.2,52.9
WO-2407,Blow Molding,ISBM-002,M-SOP-005,2026-08-16,,,10.3,,48.2,49.8
WO-2408,Blow Molding,ISBM-002,M-SOP-008,2026-08-17,,,8.9,,41.9,46.0
WO-2409,Blow Molding,ISBM-002,M-SOP-008,2026-08-17,,,8.7,,37.4,51.9
WO-2410,BLOW MOLDING,ISBM-002,M-SOP-008,2026-08-18,,,8.2,,40.9,51.3
WO-2411,Blow Molding,ISBM-002,M-SOP-008,2026-08-18,,,10.0,,43.9,42.7
WO-2412,Blow Molding,ISBM-002,M-SOP-008,2026-08-19,,,10.1,,41.4,47.6
WO-2413,Blow Molding,ISBM-002,M-SOP-008,2026-08-20,,,11.2,,43.5,46.8
WO-2414,Blow Molding,ISBM-002,M-SOP-008,2026-08-21,,,10.3,,42.3,49.1
WO-2415,Blow Molding,ISBM-002,M-SOP-008,2026-08-22,,,10.3,,44.1,56.2
WO-2416,Blow Molding,ISBM-002,M-SOP-008,2026-08-22,,,8.6,,34.6,54.0
WO-2417,Blow Molding,ISBM-002,M-SOP-002,2026-08-23,,,7.4,,44.6,47.6
WO-2418,Blow Molding,ISBM-002,M-SOP-002,2026-08-24,,,8.4,,41.7,43.2
WO-2419,BLOW MOLDING,ISBM-002,M-SOP-002,2026-08-25,,,8.8,,38.7,48.9
WO-2420,Blow Molding,ISBM-002,M-SOP-002,2026-08-26,,,9.1,,42.4,44.9
WO-2421,Blow Molding,ISBM-002,M-SOP-002,2026-08-26,,,9.0,,43.8,43.3
WO-2422,Blow Molding,ISBM-002,M-SOP-002,2026-08-27,,,9.9,,45.2,46.6
WO-2423,Blow Molding,ISBM-002,M-SOP-002,2026-08-28,,,9.6,,40.3,45.8
WO-2424,Blow Molding,ISBM-002,M-SOP-002,2026-08-29,,,7.7,,40.6,47.6
WO-2425,Blow Molding,ISBM-002,M-SOP-008,2026-08-29,,,8.0,,47.0,43.5
WO-2426,Blow Molding,ISBM-002,M-SOP-008,2026-08-30,,,9.7,,37.4,50.3
WO-2427,Blow Molding,ISBM-002,M-SOP-008,2026-08-30,,,10.3,,45.5,47.3
WO-2428,Blow Molding,ISBM-002,M-SOP-002,2026-08-31,,,9.9,,37.2,40.4
WO-2429,Blow Molding,ISBM-002,M-SOP-002,2026-09-01,,,9.9,,39.3,57.7
WO-2430,Blow Molding,ISBM-002,M-SOP-002,2026-09-02,,,9.3,,44.3,46.6
WO-2431,Blow Molding,ISBM-002,M-SOP-002,2026-09-03,,,8.9,,38.6,45.4
WO-2432,Blow Molding,ISBM-002,M-SOP-002,2026-09-03,,,8.3,,38.5,37.4
WO-2433,Blow Molding,ISBM-002,M-SOP-008,2026-09-04,,,10.2,,44.6,48.7
WO-2434,Blow Molding,ISBM-002,M-SOP-008,2026-09-05,,,9.5,,41.5,47.3
WO-2435,Blow Molding,ISBM-002,M-SOP-002,2026-09-06,,,8.7,,40.2,50.1
WO-2436,Blow Molding,ISBM-002,M-SOP-005,2026-09-06,,,8.5,,41.6,44.0
WO-2437,BLOW MOLDING,ISBM-002,M-SOP-005,2026-09-07,,,9.9,,46.3,53.5
WO-2438,Blow Molding,ISBM-002,M-SOP-002,2026-09-08,,,10.3,,37.3,49.5
WO-2439,Blow Molding,ISBM-002,M-SOP-002,2026-09-09,,,8.8,,38.0,45.9
WO-2440,Blow Molding,ISBM-002,M-SOP-002,2026-09-09,,,8.6,,37.1,45.5
WO-2441,Blow Molding,ISBM-002,M-SOP-005,2026-09-10,,,10.2,,45.3,51.2
WO-2442,Blow Molding,ISBM-002,M-SOP-005,2026-09-11,,,9.5,,42.0,48.7
WO-2443,Blow Molding,ISBM-002,M-SOP-008,2026-09-11,,,10.0,,41.5,50.5
WO-2444,Blow Molding,ISBM-002,M-SOP-008,2026-09-12,,,9.5,,38.9,47.5
WO-2445,Blow Molding,ISBM-002,M-SOP-008,2026-09-12,,,9.8,,38.3,46.4
WO-2446,Blow Molding,ISBM-002,M-SOP-008,2026-09-12,,,9.0,,43.3,41.6
WO-2447,Blow Molding,ISBM-002,M-SOP-008,2026-09-13,,,9.2,,35.5,38.6
WO-2448,Blow Molding,ISBM-002,M-SOP-005,2026-09-14,,,8.6,,44.0,49.5
WO-2449,Blow Molding,ISBM-002,M-SOP-005,2026-09-14,,,9.6,,47.8,48.1
WO-2450,Blow Molding,ISBM-002,M-SOP-008,2026-09-15,,,8.3,,41.8,46.6
WO-2451,Blow Molding,ISBM-002,M-SOP-008,2026-09-16,,,11.4,,41.7,56.1
WO-2452,Blow Molding,ISBM-002,M-SOP-005,2026-09-16,,,9.9,,39.9,41.5
WO-2453,Blow Molding,ISBM-002,M-SOP-002,2026-09-17,,,8.1,,38.5,55.0
WO-2454,Blow Molding,ISBM-002,M-SOP-002,2026-09-17,,,10.0,,39.9,51.1
WO-2455,Blow Molding,ISBM-002,M-SOP-002,2026-09-18,,,10.8,,44.8,51.3
WO-2456,Blow Molding,ISBM-002,M-SOP-008,2026-09-19,,,8.5,,47.0,42.7
WO-2457,Blow Molding,ISBM-002,M-SOP-005,2026-09-19,,,8.9,,44.7,40.9
WO-2458,Blow Molding,ISBM-002,M-SOP-005,2026-09-20,,,8.8,,43.1,50.1
WO-2459,Blow Molding,ISBM-002,M-SOP-008,2026-09-20,,,8.7,,37.9,49.5
WO-2460,Blow Molding,ISBM-002,M-SOP-008,2026-09-21,,,8.7,,47.8,47.4
WO-2461,Blow Molding,ISBM-002,M-SOP-005,2026-09-21,,,10.6,,43.3,53.4
WO-2462,Blow Molding,ISBM-002,M-SOP-005,2026-09-22,,,9.3,,41.0,54.0
WO-2463,Blow Molding,ISBM-002,M-SOP-005,2026-09-23,,,9.5,,37.7,52.2
WO-2464,Blow Molding,ISBM-002,M-SOP-002,2026-09-24,,,7.9,,42.9,46.4
WO-2465,Blow Molding,ISBM-002,M-SOP-008,2026-09-25,,,9.3,,41.4,51.8
WO-2466,Blow Molding,ISBM-002,M-SOP-008,2026-09-26,,,10.5,,42.4,44.0
WO-2467,Blow Molding,ISBM-002,M-SOP-008,2026-09-26,,,9.4,,42.1,45.2
WO-2468,Blow Molding,ISBM-002,M-SOP-005,2026-09-27,,,9.9,,41.6,47.1
WO-2469,Blow Molding,ISBM-002,M-SOP-005,2026-09-27,,,11.5,,45.7,52.9
WO-2470,Blow Molding,ISBM-002,M-SOP-005,2026-09-28,,,7.0,,38.5,46.5
WO-2471,Blow Molding,ISBM-002,M-SOP-005,2026-09-29,,,8.4,,39.3,52.5
WO-2472,Blow Molding,ISBM-002,M-SOP-002,2026-09-30,,,10.0,,43.0,46.8
WO-2473,  Blow Molding  ,ISBM-002,M-SOP-005,2026-09-30,,,12.5,,40.3,38.5
WO-2474,Blow Molding,ISBM-002,M-SOP-008,2026-10-01,,,7.8,,41.4,51.0
WO-2475,Blow Molding,ISBM-002,M-SOP-002,2026-10-02,,,10.9,,39.1,48.6
WO-2476,Blow Molding,ISBM-002,M-SOP-008,2026-10-03,,,7.9,,42.7,51.9
WO-2477,Blow Molding,ISBM-002,M-SOP-008,2026-10-03,,,9.7,,43.9,43.1
WO-2478,Blow Molding,ISBM-002,M-SOP-002,2026-10-04,,,8.3,,45.9,44.7
WO-2479,Blow Molding,ISBM-002,M-SOP-005,2026-10-05,,,10.8,,45.6,43.5
WO-2480,Blow Molding,ISBM-002,M-SOP-005,2026-10-06,,,10.4,,40.1,49.7
WO-2481,Blow Molding,ISBM-002,M-SOP-005,2026-10-06,,,9.9,,41.9,46.0
WO-2482,Blow Molding,ISBM-002,M-SOP-005,2026-10-07,,,11.2,,42.1,50.2
WO-2483,Blow Molding,ISBM-002,M-SOP-005,2026-10-07,,,9.7,,44.0,59.3
WO-2484,BLOW MOLDING,ISBM-002,M-SOP-005,2026-10-08,,,9.5,,47.0,42.7
WO-2485,Blow Molding,ISBM-002,M-SOP-005,2026-10-09,,,7.9,,42.6,50.2
WO-2486,Blow Molding,ISBM-002,M-SOP-002,2026-10-09,,,10.6,,40.7,42.0
WO-2487,Blow Molding,ISBM-002,M-SOP-002,2026-10-10,,,9.3,,43.8,44.6
WO-2488,Blow Molding,ISBM-002,M-SOP-002,2026-10-11,,,9.2,,40.2,46.1
WO-2489,Blow Molding,ISBM-002,M-SOP-005,2026-10-11,,,7.3,,43.7,50.6
WO-2490,Blow Molding,ISBM-002,M-SOP-005,2026-10-12,,,9.6,,44.7,41.8
WO-2491,Blow Molding,ISBM-002,M-SOP-008,2026-10-12,,,11.0,,43.8,43.5
WO-2492,Blow Molding,ISBM-002,M-SOP-005,2026-10-13,,,11.6,,41.4,52.9
WO-2493,Blow Molding,ISBM-002,M-SOP-005,2026-10-14,,,10.4,,45.8,48.9
WO-2494,  Blow Molding  ,ISBM-002,M-SOP-005,2026-10-15,,,11.3,,44.3,51.3
WO-2495,Blow Molding,ISBM-002,M-SOP-005,2026-10-15,,,7.4,,37.5,44.3
WO-2496,Blow Molding,ISBM-002,M-SOP-002,2026-10-16,,,6.8,,40.1,47.3
WO-2497,Blow Molding,ISBM-002,M-SOP-002,2026-10-17,,,10.8,,38.9,46.4
WO-2498,Blow Molding,ISBM-002,M-SOP-005,2026-10-18,,,10.0,,41.2,58.6
WO-2499,Blow Molding,ISBM-002,M-SOP-008,2026-10-18,,,10.3,,38.9,42.5
WO-2500,Blow Molding,ISBM-002,M-SOP-008,2026-10-19,,,9.7,,44.0,50.9
WO-2501,Blow Molding,ISBM-002,M-SOP-008,2026-10-20,,,8.9,,40.0,56.9
WO-2502,Blow Molding,ISBM-002,M-SOP-008,2026-10-20,,,9.8,,36.8,42.4
WO-2503,blow molding,ISBM-002,M-SOP-008,2026-10-21,,,11.1,,42.3,46.5
WO-2504,Blow Molding,ISBM-002,M-SOP-008,2026-10-22,,,8.6,,40.5,47.6
WO-2505,Blow Molding,ISBM-002,M-SOP-008,2026-10-22,,,10.6,,41.5,47.5
WO-2506,Blow Molding,ISBM-002,M-SOP-002,2026-10-23,,,9.4,,38.5,50.1
WO-2507,Blow Molding,ISBM-002,M-SOP-002,2026-10-24,,,9.0,,39.3,49.7
WO-2508,BLOW MOLDING,ISBM-002,M-SOP-005,2026-10-25,,,9.8,,50.1,47.7
WO-2509,Blow Molding,ISBM-002,M-SOP-008,2026-10-25,,,8.2,,44.8,51.0
WO-2510,Blow Molding,ISBM-002,M-SOP-008,2026-10-26,,,10.1,,38.6,45.9
WO-2511,Blow Molding,ISBM-002,M-SOP-008,2026-10-27,,,10.1,,41.7,45.0
WO-2512,Blow Molding,ISBM-002,M-SOP-005,2026-10-27,,,9.0,,44.6,50.2
WO-2513,Blow Molding,ISBM-002,M-SOP-005,2026-10-28,,,9.8,,45.3,49.2
WO-2514,Blow Molding,ISBM-002,M-SOP-008,2026-10-29,,,10.8,,44.6,49.5
WO-2515,Blow Molding,ISBM-002,M-SOP-008,2026-10-29,,,9.4,,37.0,50.2
WO-2516,Blow Molding,ISBM-002,M-SOP-008,2026-10-30,,,9.9,,38.0,43.8
WO-2517,Blow Molding,ISBM-002,M-SOP-002,2026-10-31,,,7.2,,43.7,50.5
WO-2518,Blow Molding,ISBM-002,M-SOP-002,2026-10-31,,,9.5,,44.1,50.3
WO-2519,Blow Molding,ISBM-002,M-SOP-002,2026-11-01,,,9.5,,40.4,45.6
WO-2520,Blow Molding,ISBM-002,M-SOP-002,2026-11-02,,,8.8,,40.4,50.4
WO-2521,Blow Molding,ISBM-002,M-SOP-002,2026-11-02,,,8.8,,43.4,45.3
WO-2522,Blow Molding,ISBM-002,M-SOP-002,2026-11-03,,,9.4,,41.4,54.0
WO-2523,Blow Molding,ISBM-002,M-SOP-002,2026-11-04,,,10.0,,42.6,46.8
WO-2524,Blow Molding,ISBM-002,M-SOP-008,2026-11-05,,,8.5,,46.5,43.1
WO-2525,Blow Molding,ISBM-002,M-SOP-008,2026-11-05,,,9.5,,43.0,48.6
WO-2526,Blow Molding,ISBM-002,M-SOP-008,2026-11-06,,,8.4,,41.3,57.6
WO-2527,Blow Molding,ISBM-002,M-SOP-002,2026-11-07,,,9.4,,46.0,57.3
WO-2528,Blow Molding,ISBM-002,M-SOP-008,2026-11-07,,,9.5,,43.8,51.1
WO-2529,Blow Molding,ISBM-002,M-SOP-008,2026-11-08,,,9.3,,44.9,47.4
WO-2530,Blow Molding,ISBM-002,M-SOP-005,2026-11-09,,,9.8,,40.3,52.7
WO-2531,Blow Molding,ISBM-002,M-SOP-005,2026-11-09,,,9.9,,42.3,54.3
WO-2532,Blow Molding,ISBM-002,M-SOP-005,2026-11-10,,,9.3,,39.8,47.8
WO-2533,Blow Molding,ISBM-002,M-SOP-002,2026-11-11,,,8.6,,37.4,44.2
WO-2534,Blow Molding,ISBM-002,M-SOP-008,2026-11-11,,,9.4,,41.1,43.3
WO-2535,Blow Molding,ISBM-002,M-SOP-002,2026-11-12,,,8.3,,41.5,54.1
WO-2536,Blow Molding,ISBM-002,M-SOP-002,2026-11-12,,,10.2,,41.4,52.5
WO-2537,Blow Molding,ISBM-002,M-SOP-002,2026-11-13,,,9.6,,42.7,53.7
WO-2538,Blow Molding,ISBM-002,M-SOP-002,2026-11-14,,,9.0,,39.5,45.1
WO-2539,  Blow Molding  ,ISBM-002,M-SOP-002,2026-11-15,,,8.3,,45.3,49.6
WO-2540,Blow Molding,ISBM-002,M-SOP-002,2026-11-16,,,9.5,,47.6,46.1
WO-2541,Blow Molding,ISBM-002,M-SOP-002,2026-11-16,,,9.7,,41.6,46.8
WO-2542,Blow Molding,ISBM-002,M-SOP-002,2026-11-17,,,9.3,,43.2,54.1
WO-2543,  Blow Molding  ,ISBM-002,M-SOP-002,2026-11-17,,,10.2,,41.4,42.2
WO-2544,Blow Molding,ISBM-002,M-SOP-002,2026-11-18,,,10.1,,41.4,46.5
WO-2545,Blow Molding,ISBM-002,M-SOP-005,2026-11-19,,,7.9,,41.5,46.9
WO-2546,Blow Molding,ISBM-002,M-SOP-005,2026-11-20,,,10.4,,45.4,42.2
WO-2547,Blow Molding,ISBM-002,M-SOP-002,2026-11-21,,,8.6,,43.3,41.5
WO-2548,Blow Molding,ISBM-002,M-SOP-002,2026-11-21,,,10.4,,44.7,39.6
WO-2549,Blow Molding,ISBM-002,M-SOP-002,2026-11-22,,,9.3,,48.1,51.3
WO-2550,Blow Molding,ISBM-002,M-SOP-008,2026-11-23,,,7.7,,39.3,43.9
WO-2551,Blow Molding,ISBM-002,M-SOP-008,2026-11-24,,,9.4,,42.1,49.8
WO-2552,Blow Molding,ISBM-002,M-SOP-008,2026-11-24,,,8.9,,42.2,47.4
WO-2553,Blow Molding,ISBM-002,M-SOP-002,2026-11-25,,,9.9,,40.4,44.6
WO-2554,Blow Molding,ISBM-002,M-SOP-002,2026-11-25,,,11.0,,38.8,52.8
WO-2555,Blow Molding,ISBM-002,M-SOP-002,2026-11-26,,,10.0,,40.1,49.8
WO-2556,Blow Molding,ISBM-002,M-SOP-002,2026-11-27,,,9.7,,47.1,50.6
WO-2557,Blow Molding,ISBM-002,M-SOP-005,2026-11-27,,,9.0,,44.1,49.1
WO-2558,Blow Molding,ISBM-002,M-SOP-005,2026-11-28,,,9.8,,40.5,48.4
WO-2559,Blow Molding,ISBM-002,M-SOP-005,2026-11-29,,,9.0,,41.4,46.1
WO-2560,Blow Molding,ISBM-002,M-SOP-008,2026-11-30,,,10.2,,48.0,50.6
WO-2561,Blow Molding,ISBM-002,M-SOP-008,2026-12-01,,,9.6,,44.4,46.8
WO-2562,Blow Molding,ISBM-002,M-SOP-005,2026-12-01,,,10.8,,50.0,42.2
WO-2563,Blow Molding,ISBM-002,M-SOP-005,2026-12-02,,,8.8,,44.0,48.9
WO-2564,Blow Molding,ISBM-002,M-SOP-005,2026-12-03,,,10.0,,42.5,46.3
WO-2565,Blow Molding,ISBM-002,M-SOP-002,2026-12-04,,,9.9,,45.3,45.7
WO-2566,Blow Molding,ISBM-002,M-SOP-008,2026-12-05,,,9.4,,44.7,49.8
WO-2567,Blow Molding,ISBM-002,M-SOP-002,2026-12-05,,,7.3,,41.3,52.4
WO-2568,Blow Molding,ISBM-002,M-SOP-002,2026-12-06,,,10.2,,39.3,44.0
WO-2569,Blow Molding,ISBM-002,M-SOP-008,2026-12-06,,,9.0,,43.7,54.0
WO-2570,  Blow Molding  ,ISBM-002,M-SOP-008,2026-12-07,,,8.7,,42.6,49.2
WO-2571,Blow Molding,ISBM-002,M-SOP-002,2026-12-07,,,10.1,,44.6,47.1
WO-2572,Blow Molding,ISBM-002,M-SOP-008,2026-12-08,,,9.2,,44.3,52.6
WO-2573,Blow Molding,ISBM-002,M-SOP-005,2026-12-09,,,9.7,,40.5,44.0
WO-2574,Blow Molding,ISBM-002,M-SOP-005,2026-12-09,,,9.8,,41.0,49.3
WO-2575,Blow Molding,ISBM-002,M-SOP-002,2026-12-10,,,10.1,,46.7,48.8
WO-2576,Blow Molding,ISBM-002,M-SOP-002,2026-12-11,,,8.4,,40.2,47.7
WO-2577,Blow Molding,ISBM-002,M-SOP-005,2026-12-11,,,8.6,,41.0,47.4
WO-2578,Blow Molding,ISBM-002,M-SOP-005,2026-12-12,,,10.7,,38.7,45.0
WO-2579,Blow Molding,ISBM-002,M-SOP-008,2026-12-13,,,8.0,,44.3,51.9
WO-2580,Blow Molding,ISBM-002,M-SOP-008,2026-12-13,,,8.7,,44.5,45.4
WO-2581,Blow Molding,ISBM-002,M-SOP-008,2026-12-14,,,10.9,,38.7,46.0
WO-2582,Blow Molding,ISBM-002,M-SOP-005,2026-12-15,,,10.0,,43.0,49.9
WO-2583,Blow Molding,ISBM-002,M-SOP-008,2026-12-15,,,8.3,,42.2,39.6
WO-2584,Blow Molding,ISBM-002,M-SOP-008,2026-12-16,,,9.9,,38.2,46.2
WO-2585,Blow Molding,ISBM-002,M-SOP-008,2026-12-17,,,9.0,,41.0,42.7
WO-2586,Blow Molding,ISBM-002,M-SOP-005,2026-12-17,,,10.8,,44.4,46.6
WO-2587,Blow Molding,ISBM-002,M-SOP-008,2026-12-18,,,8.2,,40.3,52.4
WO-2588,Blow Molding,ISBM-002,M-SOP-008,2026-12-18,,,8.7,,43.7,46.7
WO-2589,Blow Molding,ISBM-002,M-SOP-005,2026-12-19,,,9.7,,42.0,47.7
WO-2590,Blow Molding,ISBM-002,M-SOP-005,2026-12-20,,,8.6,,45.5,44.7
WO-2591,Blow Molding,ISBM-002,M-SOP-008,2026-12-21,,,8.6,,39.8,46.1
WO-2592,Blow Molding,ISBM-002,M-SOP-005,2026-12-21,,,8.8,,43.3,51.4
WO-2593,Blow Molding,ISBM-002,M-SOP-005,2026-12-22,,,8.8,,42.1,41.9
WO-2594,Blow Molding,ISBM-002,M-SOP-005,2026-12-22,,,10.4,,40.8,52.6
WO-2595,Blow Molding,ISBM-002,M-SOP-005,2026-12-23,,,9.0,,42.6,49.4
WO-2596,Blow Molding,ISBM-002,M-SOP-005,2026-12-24,,,10.1,,40.1,53.2
WO-2597,Blow Molding,ISBM-002,M-SOP-005,2026-12-24,,,10.7,,38.7,47.9
WO-2598,Blow Molding,ISBM-002,M-SOP-008,2026-12-25,,,10.6,,40.7,52.4
WO-2599,Blow Molding,ISBM-002,M-SOP-008,2026-12-26,,,9.8,,44.7,50.1
WO-2600,blow molding,ISBM-002,M-SOP-008,2026-12-26,,,8.3,,38.1,43.4
WO-2601,Blow Molding,ISBM-002,M-SOP-008,2026-12-27,,,9.4,,39.8,45.0
WO-2602,Blow Molding,ISBM-002,M-SOP-002,2026-12-28,,,11.2,,43.1,49.9
WO-2603,Blow Molding,ISBM-002,M-SOP-002,2026-12-29,,,10.9,,43.7,44.9
WO-2604,Blow Molding,ISBM-002,M-SOP-002,2026-12-29,,,9.2,,41.8,49.4
WO-2605,Blow Molding,ISBM-002,M-SOP-005,2026-12-30,,,9.6,,42.7,49.6
WO-2606,Blow Molding,ISBM-002,M-SOP-005,2026-12-30,,,9.8,,42.1,50.5
WO-2607,  Blow Molding  ,ISBM-003,M-SOP-006,2025-07-01,,,9.0,,34.7,48.3
WO-2608,Blow Molding,ISBM-003,M-SOP-021,2025-07-01,,,9.8,,45.8,45.7
WO-2609,Blow Molding,ISBM-003,M-SOP-021,2025-07-02,,,10.1,,40.7,46.2
WO-2610,Blow Molding,ISBM-003,M-SOP-021,2025-07-03,,,8.7,,42.1,46.4
WO-2611,Blow Molding,ISBM-003,M-SOP-021,2025-07-03,,,8.6,,40.0,48.4
WO-2612,Blow Molding,ISBM-003,M-SOP-021,2025-07-04,,,8.4,,40.1,46.7
WO-2613,Blow Molding,ISBM-003,M-SOP-021,2025-07-05,,,7.7,,39.1,46.7
WO-2614,Blow Molding,ISBM-003,M-SOP-003,2025-07-05,,,9.2,,42.8,42.5
WO-2615,Blow Molding,ISBM-003,M-SOP-025,2025-07-06,,,8.0,,42.2,47.8
WO-2616,Blow Molding,ISBM-003,M-SOP-009,2025-07-07,,,8.4,,44.6,45.1
WO-2617,blow molding,ISBM-003,M-SOP-009,2025-07-07,,,9.1,,37.7,44.6
WO-2618,Blow Molding,ISBM-003,M-SOP-006,2025-07-08,,,7.6,,40.4,48.1
WO-2619,Blow Molding,ISBM-003,M-SOP-006,2025-07-09,,,10.6,,40.3,50.1
WO-2620,BLOW MOLDING,ISBM-003,M-SOP-006,2025-07-09,,,10.0,,44.0,49.0
WO-2621,Blow Molding,ISBM-003,M-SOP-003,2025-07-10,,,10.0,,39.5,49.6
WO-2622,Blow Molding,ISBM-003,M-SOP-003,2025-07-11,,,10.3,,38.7,51.9
WO-2623,BLOW MOLDING,ISBM-003,M-SOP-025,2025-07-12,,,9.8,,42.2,47.5
WO-2624,Blow Molding,ISBM-003,M-SOP-025,2025-07-13,,,9.9,,33.4,44.8
WO-2625,Blow Molding,ISBM-003,M-SOP-025,2025-07-13,,,9.8,,43.8,55.2
WO-2626,Blow Molding,ISBM-003,M-SOP-006,2025-07-14,,,8.6,,45.1,46.5
WO-2627,Blow Molding,ISBM-003,M-SOP-006,2025-07-14,,,9.5,,39.0,46.7
WO-2628,Blow Molding,ISBM-003,M-SOP-021,2025-07-15,,,9.0,,38.6,50.3
WO-2629,Blow Molding,ISBM-003,M-SOP-021,2025-07-16,,,8.4,,46.4,48.7
WO-2630,Blow Molding,ISBM-003,M-SOP-006,2025-07-17,,,10.0,,37.2,48.7
WO-2631,Blow Molding,ISBM-003,M-SOP-006,2025-07-17,,,8.9,,48.2,47.1
WO-2632,Blow Molding,ISBM-003,M-SOP-006,2025-07-18,,,10.7,,47.1,41.1
WO-2633,Blow Molding,ISBM-003,M-SOP-009,2025-07-19,,,10.1,,48.7,50.6
WO-2634,Blow Molding,ISBM-003,M-SOP-021,2025-07-19,,,9.6,,43.0,54.2
WO-2635,Blow Molding,ISBM-003,M-SOP-021,2025-07-20,,,9.7,,44.5,51.3
WO-2636,Blow Molding,ISBM-003,M-SOP-003,2025-07-20,,,8.1,,38.4,51.4
WO-2637,Blow Molding,ISBM-003,M-SOP-003,2025-07-21,,,9.5,,40.2,44.8
WO-2638,Blow Molding,ISBM-003,M-SOP-003,2025-07-22,,,9.9,,46.3,46.5
WO-2639,  Blow Molding  ,ISBM-003,M-SOP-003,2025-07-22,,,9.9,,44.5,45.8
WO-2640,Blow Molding,ISBM-003,M-SOP-003,2025-07-23,,,9.5,,42.9,48.5
WO-2641,Blow Molding,ISBM-003,M-SOP-009,2025-07-23,,,9.6,,38.6,45.6
WO-2642,Blow Molding,ISBM-003,M-SOP-009,2025-07-24,,,7.6,,40.8,46.7
WO-2643,Blow Molding,ISBM-003,M-SOP-009,2025-07-25,,,8.9,,41.7,47.0
WO-2644,Blow Molding,ISBM-003,M-SOP-006,2025-07-25,,,9.7,,43.5,50.8
WO-2645,Blow Molding,ISBM-003,M-SOP-003,2025-07-26,,,10.3,,45.6,55.1
WO-2646,Blow Molding,ISBM-003,M-SOP-021,2025-07-26,,,9.4,,43.9,49.0
WO-2647,Blow Molding,ISBM-003,M-SOP-025,2025-07-27,,,11.2,,41.7,43.9
WO-2648,Blow Molding,ISBM-003,M-SOP-003,2025-07-28,,,9.2,,37.7,41.7
WO-2649,Blow Molding,ISBM-003,M-SOP-009,2025-07-28,,,9.4,,38.8,50.8
WO-2650,Blow Molding,ISBM-003,M-SOP-009,2025-07-29,,,9.3,,38.9,46.0
WO-2651,Blow Molding,ISBM-003,M-SOP-003,2025-07-30,,,8.7,,40.6,49.4
WO-2652,Blow Molding,ISBM-003,M-SOP-003,2025-07-30,,,10.5,,41.6,46.5
WO-2653,Blow Molding,ISBM-003,M-SOP-006,2025-07-31,,,7.1,,42.4,41.7
WO-2654,Blow Molding,ISBM-003,M-SOP-006,2025-08-01,,,8.8,,40.9,49.6
WO-2655,Blow Molding,ISBM-003,M-SOP-006,2025-08-01,,,9.4,,42.3,51.5
WO-2656,Blow Molding,ISBM-003,M-SOP-006,2025-08-02,,,8.7,,37.4,48.0
WO-2657,BLOW MOLDING,ISBM-003,M-SOP-006,2025-08-02,,,8.4,,44.6,50.5
WO-2658,Blow Molding,ISBM-003,M-SOP-009,2025-08-03,,,8.6,,41.5,44.4
WO-2659,Blow Molding,ISBM-003,M-SOP-009,2025-08-04,,,8.2,,47.3,49.5
WO-2660,Blow Molding,ISBM-003,M-SOP-006,2025-08-05,,,9.4,,43.3,48.3
WO-2661,Blow Molding,ISBM-003,M-SOP-006,2025-08-06,,,8.7,,38.2,45.6
WO-2662,Blow Molding,ISBM-003,M-SOP-006,2025-08-06,,,8.7,,43.5,46.9
WO-2663,BLOW MOLDING,ISBM-003,M-SOP-021,2025-08-07,,,9.5,,45.4,52.4
WO-2664,Blow Molding,ISBM-003,M-SOP-021,2025-08-08,,,11.2,,42.4,44.9
WO-2665,Blow Molding,ISBM-003,M-SOP-021,2025-08-09,,,9.3,,37.7,45.9
WO-2666,Blow Molding,ISBM-003,M-SOP-003,2025-08-10,,,8.4,,48.4,51.2
WO-2667,Blow Molding,ISBM-003,M-SOP-003,2025-08-10,,,8.7,,40.2,51.2
WO-2668,Blow Molding,ISBM-003,M-SOP-025,2025-08-11,,,10.1,,41.1,46.0
WO-2669,Blow Molding,ISBM-003,M-SOP-025,2025-08-12,,,10.3,,37.8,47.0
WO-2670,Blow Molding,ISBM-003,M-SOP-006,2025-08-12,,,10.0,,43.4,44.0
WO-2671,Blow Molding,ISBM-003,M-SOP-006,2025-08-13,,,10.6,,46.4,54.7
WO-2672,Blow Molding,ISBM-003,M-SOP-006,2025-08-13,,,7.6,,43.7,48.5
WO-2673,Blow Molding,ISBM-003,M-SOP-006,2025-08-14,,,7.4,,37.2,49.1
WO-2674,Blow Molding,ISBM-003,M-SOP-025,2025-08-14,,,10.9,,40.7,45.9
WO-2675,Blow Molding,ISBM-003,M-SOP-006,2025-08-15,,,8.9,,40.5,46.4
WO-2676,Blow Molding,ISBM-003,M-SOP-006,2025-08-16,,,10.0,,46.4,54.2
WO-2677,Blow Molding,ISBM-003,M-SOP-025,2025-08-16,,,9.6,,46.0,42.4
WO-2678,Blow Molding,ISBM-003,M-SOP-003,2025-08-17,,,9.6,,39.0,44.4
WO-2679,BLOW MOLDING,ISBM-003,M-SOP-003,2025-08-17,,,9.4,,43.1,40.5
WO-2680,Blow Molding,ISBM-003,M-SOP-009,2025-08-18,,,11.1,,39.8,48.8
WO-2681,Blow Molding,ISBM-003,M-SOP-006,2025-08-19,,,9.2,,42.1,46.2
WO-2682,Blow Molding,ISBM-003,M-SOP-006,2025-08-19,,,11.0,,44.3,43.5
WO-2683,Blow Molding,ISBM-003,M-SOP-021,2025-08-20,,,8.0,,49.7,46.8
WO-2684,Blow Molding,ISBM-003,M-SOP-021,2025-08-20,,,7.8,,39.9,52.7
WO-2685,Blow Molding,ISBM-003,M-SOP-025,2025-08-21,,,11.4,,43.7,40.7
WO-2686,Blow Molding,ISBM-003,M-SOP-003,2025-08-22,,,9.5,,41.0,48.0
WO-2687,Blow Molding,ISBM-003,M-SOP-025,2025-08-22,,,7.5,,46.8,45.7
WO-2688,BLOW MOLDING,ISBM-003,M-SOP-003,2025-08-23,,,9.9,,36.1,46.5
WO-2689,Blow Molding,ISBM-003,M-SOP-003,2025-08-24,,,9.4,,43.0,48.5
WO-2690,Blow Molding,ISBM-003,M-SOP-003,2025-08-25,,,10.0,,38.7,50.4
WO-2691,Blow Molding,ISBM-003,M-SOP-009,2025-08-25,,,10.3,,40.3,49.5
WO-2692,Blow Molding,ISBM-003,M-SOP-009,2025-08-26,,,9.2,,43.2,48.5
WO-2693,Blow Molding,ISBM-003,M-SOP-025,2025-08-27,,,9.5,,40.4,53.4
WO-2694,Blow Molding,ISBM-003,M-SOP-025,2025-08-28,,,11.0,,37.0,45.3
WO-2695,Blow Molding,ISBM-003,M-SOP-025,2025-08-28,,,10.3,,41.0,45.1
WO-2696,  Blow Molding  ,ISBM-003,M-SOP-009,2025-08-29,,,8.0,,39.8,52.5
WO-2697,Blow Molding,ISBM-003,M-SOP-009,2025-08-30,,,10.6,,41.7,52.9
WO-2698,Blow Molding,ISBM-003,M-SOP-009,2025-08-30,,,11.3,,31.6,45.4
WO-2699,Blow Molding,ISBM-003,M-SOP-003,2025-08-31,,,8.9,,45.6,52.9
WO-2700,Blow Molding,ISBM-003,M-SOP-003,2025-09-01,,,10.8,,42.4,54.6
WO-2701,Blow Molding,ISBM-003,M-SOP-003,2025-09-01,,,9.5,,45.5,47.5
WO-2702,Blow Molding,ISBM-003,M-SOP-003,2025-09-02,,,9.6,,39.3,48.4
WO-2703,blow molding,ISBM-003,M-SOP-003,2025-09-02,,,9.2,,49.6,44.5
WO-2704,Blow Molding,ISBM-003,M-SOP-003,2025-09-03,,,9.9,,39.9,50.0
WO-2705,Blow Molding,ISBM-003,M-SOP-025,2025-09-04,,,9.6,,38.6,47.7
WO-2706,Blow Molding,ISBM-003,M-SOP-003,2025-09-05,,,10.0,,44.3,48.5
WO-2707,Blow Molding,ISBM-003,M-SOP-003,2025-09-06,,,8.4,,42.3,48.8
WO-2708,Blow Molding,ISBM-003,M-SOP-025,2025-09-06,,,7.2,,40.6,46.3
WO-2709,Blow Molding,ISBM-003,M-SOP-025,2025-09-07,,,8.2,,43.2,46.6
WO-2710,Blow Molding,ISBM-003,M-SOP-003,2025-09-08,,,10.4,,40.7,45.8
WO-2711,Blow Molding,ISBM-003,M-SOP-006,2025-09-09,,,9.9,,42.6,46.1
WO-2712,Blow Molding,ISBM-003,M-SOP-006,2025-09-09,,,8.9,,47.5,55.8
WO-2713,Blow Molding,ISBM-003,M-SOP-006,2025-09-10,,,8.2,,40.2,49.8
WO-2714,BLOW MOLDING,ISBM-003,M-SOP-009,2025-09-10,,,7.9,,42.0,50.4
WO-2715,Blow Molding,ISBM-003,M-SOP-009,2025-09-10,,,10.3,,45.2,37.6
WO-2716,Blow Molding,ISBM-003,M-SOP-009,2025-09-11,,,9.1,,39.8,57.0
WO-2717,Blow Molding,ISBM-003,M-SOP-021,2025-09-12,,,11.3,,44.7,40.8
WO-2718,Blow Molding,ISBM-003,M-SOP-021,2025-09-12,,,9.9,,47.3,54.2
WO-2719,Blow Molding,ISBM-003,M-SOP-021,2025-09-13,,,9.7,,45.4,46.2
WO-2720,Blow Molding,ISBM-003,M-SOP-025,2025-09-14,,,9.2,,39.8,50.1
WO-2721,Blow Molding,ISBM-003,M-SOP-025,2025-09-15,,,7.9,,38.0,40.3
WO-2722,Blow Molding,ISBM-003,M-SOP-009,2025-09-16,,,8.0,,42.6,49.6
WO-2723,Blow Molding,ISBM-003,M-SOP-009,2025-09-16,,,7.6,,44.0,48.9
WO-2724,Blow Molding,ISBM-003,M-SOP-009,2025-09-17,,,8.6,,38.4,45.8
WO-2725,BLOW MOLDING,ISBM-003,M-SOP-003,2025-09-18,,,9.0,,39.1,49.0
WO-2726,Blow Molding,ISBM-003,M-SOP-025,2025-09-18,,,8.8,,37.8,45.2
WO-2727,Blow Molding,ISBM-003,M-SOP-025,2025-09-19,,,8.1,,44.0,45.0
WO-2728,Blow Molding,ISBM-003,M-SOP-025,2025-09-20,,,9.3,,48.0,45.4
WO-2729,Blow Molding,ISBM-003,M-SOP-003,2025-09-20,,,11.2,,42.7,47.5
WO-2730,Blow Molding,ISBM-003,M-SOP-003,2025-09-21,,,9.5,,43.8,51.5
WO-2731,BLOW MOLDING,ISBM-003,M-SOP-003,2025-09-21,,,8.2,,36.7,52.5
WO-2732,Blow Molding,ISBM-003,M-SOP-003,2025-09-22,,,10.0,,41.9,55.1
WO-2733,Blow Molding,ISBM-003,M-SOP-006,2025-09-23,,,10.4,,43.3,46.1
WO-2734,Blow Molding,ISBM-003,M-SOP-021,2025-09-24,,,8.8,,44.4,47.3
WO-2735,Blow Molding,ISBM-003,M-SOP-025,2025-09-24,,,9.8,,38.7,44.4
WO-2736,Blow Molding,ISBM-003,M-SOP-003,2025-09-25,,,9.7,,41.8,42.9
WO-2737,Blow Molding,ISBM-003,M-SOP-003,2025-09-26,,,8.7,,41.8,49.1
WO-2738,Blow Molding,ISBM-003,M-SOP-006,2025-09-27,,,8.0,,41.2,53.7
WO-2739,Blow Molding,ISBM-003,M-SOP-006,2025-09-27,,,7.9,,38.2,46.2
WO-2740,Blow Molding,ISBM-003,M-SOP-025,2025-09-28,,,11.3,,38.3,47.5
WO-2741,Blow Molding,ISBM-003,M-SOP-021,2025-09-29,,,8.7,,38.5,40.1
WO-2742,Blow Molding,ISBM-003,M-SOP-025,2025-09-30,,,11.2,,42.5,46.6
WO-2743,Blow Molding,ISBM-003,M-SOP-009,2025-10-01,,,10.0,,35.9,46.7
WO-2744,Blow Molding,ISBM-003,M-SOP-009,2025-10-01,,,9.5,,45.5,46.1
WO-2745,Blow Molding,ISBM-003,M-SOP-009,2025-10-02,,,9.8,,44.2,41.8
WO-2746,Blow Molding,ISBM-003,M-SOP-021,2025-10-03,,,8.5,,39.2,46.1
WO-2747,Blow Molding,ISBM-003,M-SOP-021,2025-10-04,,,11.1,,44.2,48.3
WO-2748,Blow Molding,ISBM-003,M-SOP-021,2025-10-04,,,9.9,,50.9,50.2
WO-2749,Blow Molding,ISBM-003,M-SOP-025,2025-10-05,,,7.9,,45.7,48.2
WO-2750,Blow Molding,ISBM-003,M-SOP-021,2025-10-06,,,10.3,,43.5,46.3
WO-2751,Blow Molding,ISBM-003,M-SOP-021,2025-10-06,,,10.9,,41.6,46.4
WO-2752,Blow Molding,ISBM-003,M-SOP-021,2025-10-07,,,9.4,,42.8,52.1
WO-2753,Blow Molding,ISBM-003,M-SOP-009,2025-10-08,,,10.3,,43.1,50.3
WO-2754,Blow Molding,ISBM-003,M-SOP-009,2025-10-08,,,10.5,,45.1,52.1
WO-2755,Blow Molding,ISBM-003,M-SOP-009,2025-10-09,,,10.3,,41.7,55.2
WO-2756,Blow Molding,ISBM-003,M-SOP-009,2025-10-10,,,8.7,,43.8,46.2
WO-2757,Blow Molding,ISBM-003,M-SOP-021,2025-10-10,,,9.2,,42.3,56.1
WO-2758,Blow Molding,ISBM-003,M-SOP-021,2025-10-11,,,10.6,,40.3,48.3
WO-2759,Blow Molding,ISBM-003,M-SOP-025,2025-10-12,,,10.5,,43.3,54.1
WO-2760,Blow Molding,ISBM-003,M-SOP-021,2025-10-12,,,9.1,,40.5,47.1
WO-2761,Blow Molding,ISBM-003,M-SOP-021,2025-10-13,,,10.0,,41.6,51.2
WO-2762,Blow Molding,ISBM-003,M-SOP-009,2025-10-14,,,7.9,,39.6,45.2
WO-2763,Blow Molding,ISBM-003,M-SOP-021,2025-10-14,,,8.6,,43.4,46.5
WO-2764,Blow Molding,ISBM-003,M-SOP-025,2025-10-15,,,8.5,,43.5,49.5
WO-2765,Blow Molding,ISBM-003,M-SOP-025,2025-10-16,,,9.2,,42.8,47.5
WO-2766,Blow Molding,ISBM-003,M-SOP-025,2025-10-16,,,8.9,,42.3,45.4
WO-2767,Blow Molding,ISBM-003,M-SOP-021,2025-10-17,,,8.2,,43.7,47.8
WO-2768,Blow Molding,ISBM-003,M-SOP-006,2025-10-18,,,9.5,,47.5,46.1
WO-2769,Blow Molding,ISBM-003,M-SOP-006,2025-10-18,,,10.1,,44.7,41.2
WO-2770,Blow Molding,ISBM-003,M-SOP-021,2025-10-19,,,8.9,,45.4,50.4
WO-2771,  Blow Molding  ,ISBM-003,M-SOP-021,2025-10-20,,,8.7,,45.1,41.4
WO-2772,Blow Molding,ISBM-003,M-SOP-021,2025-10-20,,,10.8,,44.7,47.3
WO-2773,Blow Molding,ISBM-003,M-SOP-006,2025-10-21,,,8.2,,42.9,54.8
WO-2774,Blow Molding,ISBM-003,M-SOP-006,2025-10-22,,,10.7,,40.6,56.8
WO-2775,Blow Molding,ISBM-003,M-SOP-025,2025-10-23,,,9.2,,39.6,51.4
WO-2776,Blow Molding,ISBM-003,M-SOP-025,2025-10-23,,,7.4,,46.1,48.2
WO-2777,Blow Molding,ISBM-003,M-SOP-021,2025-10-24,,,9.6,,40.9,45.0
WO-2778,Blow Molding,ISBM-003,M-SOP-021,2025-10-25,,,10.5,,37.5,46.9
WO-2779,Blow Molding,ISBM-003,M-SOP-021,2025-10-26,,,7.2,,45.7,51.4
WO-2780,Blow Molding,ISBM-003,M-SOP-021,2025-10-27,,,9.1,,47.1,50.3
WO-2781,Blow Molding,ISBM-003,M-SOP-021,2025-10-27,,,10.2,,40.8,40.2
WO-2782,  Blow Molding  ,ISBM-003,M-SOP-003,2025-10-28,,,11.1,,45.4,45.3
WO-2783,Blow Molding,ISBM-003,M-SOP-003,2025-10-29,,,10.4,,43.1,54.9
WO-2784,Blow Molding,ISBM-003,M-SOP-021,2025-10-29,,,9.0,,43.1,52.3
WO-2785,Blow Molding,ISBM-003,M-SOP-009,2025-10-30,,,9.2,,43.2,49.8
WO-2786,Blow Molding,ISBM-003,M-SOP-009,2025-10-31,,,7.7,,42.4,42.5
WO-2787,Blow Molding,ISBM-003,M-SOP-003,2025-10-31,,,7.9,,42.5,50.0
WO-2788,Blow Molding,ISBM-003,M-SOP-021,2025-11-01,,,7.0,,43.0,53.7
WO-2789,Blow Molding,ISBM-003,M-SOP-021,2025-11-02,,,7.7,,40.8,50.3
WO-2790,Blow Molding,ISBM-003,M-SOP-003,2025-11-03,,,10.2,,42.7,46.3
WO-2791,Blow Molding,ISBM-003,M-SOP-003,2025-11-03,,,10.3,,43.8,45.7
WO-2792,Blow Molding,ISBM-003,M-SOP-003,2025-11-04,,,7.8,,36.2,44.0
WO-2793,Blow Molding,ISBM-003,M-SOP-025,2025-11-05,,,10.8,,41.9,53.0
WO-2794,Blow Molding,ISBM-003,M-SOP-025,2025-11-05,,,10.0,,39.9,43.9
WO-2795,Blow Molding,ISBM-003,M-SOP-006,2025-11-06,,,7.7,,37.8,45.0
WO-2796,blow molding,ISBM-003,M-SOP-006,2025-11-07,,,11.0,,41.6,44.5
WO-2797,Blow Molding,ISBM-003,M-SOP-025,2025-11-08,,,10.0,,44.0,47.8
WO-2798,Blow Molding,ISBM-003,M-SOP-021,2025-11-08,,,11.4,,43.6,49.8
WO-2799,Blow Molding,ISBM-003,M-SOP-021,2025-11-09,,,10.1,,39.4,45.9
WO-2800,Blow Molding,ISBM-003,M-SOP-025,2025-11-10,,,10.2,,38.1,48.5
WO-2801,BLOW MOLDING,ISBM-003,M-SOP-021,2025-11-10,,,10.0,,43.5,45.1
WO-2802,Blow Molding,ISBM-003,M-SOP-006,2025-11-11,,,10.0,,41.1,48.6
WO-2803,Blow Molding,ISBM-003,M-SOP-006,2025-11-12,,,9.0,,44.3,42.2
WO-2804,Blow Molding,ISBM-003,M-SOP-003,2025-11-13,,,8.7,,44.7,51.1
WO-2805,Blow Molding,ISBM-003,M-SOP-003,2025-11-14,,,8.1,,38.8,42.5
WO-2806,Blow Molding,ISBM-003,M-SOP-009,2025-11-14,,,9.0,,45.4,45.2
WO-2807,Blow Molding,ISBM-003,M-SOP-006,2025-11-15,,,10.7,,36.2,46.7
WO-2808,Blow Molding,ISBM-003,M-SOP-025,2025-11-16,,,8.6,,39.6,52.1
WO-2809,blow molding,ISBM-003,M-SOP-025,2025-11-17,,,10.0,,39.6,43.3
WO-2810,Blow Molding,ISBM-003,M-SOP-025,2025-11-17,,,10.2,,40.4,47.4
WO-2811,Blow Molding,ISBM-003,M-SOP-025,2025-11-18,,,10.6,,43.4,48.8
WO-2812,Blow Molding,ISBM-003,M-SOP-003,2025-11-19,,,9.2,,40.8,55.6
WO-2813,Blow Molding,ISBM-003,M-SOP-003,2025-11-20,,,11.2,,39.6,51.3
WO-2814,Blow Molding,ISBM-003,M-SOP-025,2025-11-20,,,8.3,,44.4,47.2
WO-2815,Blow Molding,ISBM-003,M-SOP-025,2025-11-21,,,10.5,,36.8,48.1
WO-2816,Blow Molding,ISBM-003,M-SOP-025,2025-11-22,,,7.8,,40.6,46.7
WO-2817,Blow Molding,ISBM-003,M-SOP-025,2025-11-22,,,9.6,,39.7,43.6
WO-2818,Blow Molding,ISBM-003,M-SOP-025,2025-11-23,,,9.7,,42.1,44.8
WO-2819,Blow Molding,ISBM-003,M-SOP-025,2025-11-24,,,10.6,,42.6,48.9
WO-2820,Blow Molding,ISBM-003,M-SOP-006,2025-11-25,,,9.9,,36.8,45.2
WO-2821,Blow Molding,ISBM-003,M-SOP-021,2025-11-25,,,9.8,,40.2,43.4
WO-2822,Blow Molding,ISBM-003,M-SOP-021,2025-11-26,,,8.6,,35.7,47.5
WO-2823,Blow Molding,ISBM-003,M-SOP-006,2025-11-27,,,9.4,,39.3,51.9
WO-2824,Blow Molding,ISBM-003,M-SOP-006,2025-11-28,,,9.2,,43.2,51.0
WO-2825,Blow Molding,ISBM-003,M-SOP-006,2025-11-28,,,7.8,,35.0,49.2
WO-2826,Blow Molding,ISBM-003,M-SOP-006,2025-11-29,,,10.3,,37.7,47.2
WO-2827,Blow Molding,ISBM-003,M-SOP-009,2025-11-29,,,9.9,,46.0,53.5
WO-2828,Blow Molding,ISBM-003,M-SOP-006,2025-11-30,,,9.8,,40.6,47.3
WO-2829,Blow Molding,ISBM-003,M-SOP-003,2025-12-01,,,10.8,,42.1,47.2
WO-2830,Blow Molding,ISBM-003,M-SOP-006,2025-12-01,,,8.8,,43.5,49.0
WO-2831,Blow Molding,ISBM-003,M-SOP-006,2025-12-02,,,7.7,,36.2,48.1
WO-2832,Blow Molding,ISBM-003,M-SOP-025,2025-12-02,,,9.7,,41.3,53.0
WO-2833,Blow Molding,ISBM-003,M-SOP-025,2025-12-03,,,8.5,,40.1,47.2
WO-2834,Blow Molding,ISBM-003,M-SOP-025,2025-12-04,,,8.8,,43.3,44.8
WO-2835,Blow Molding,ISBM-003,M-SOP-025,2025-12-05,,,8.5,,43.6,52.0
WO-2836,Blow Molding,ISBM-003,M-SOP-025,2025-12-06,,,8.9,,41.8,47.7
WO-2837,Blow Molding,ISBM-003,M-SOP-009,2025-12-06,,,9.5,,36.1,44.3
WO-2838,blow molding,ISBM-003,M-SOP-009,2025-12-07,,,10.7,,42.6,53.1
WO-2839,Blow Molding,ISBM-003,M-SOP-009,2025-12-07,,,10.1,,46.0,44.0
WO-2840,Blow Molding,ISBM-003,M-SOP-003,2025-12-08,,,9.3,,38.5,46.1
WO-2841,Blow Molding,ISBM-003,M-SOP-003,2025-12-09,,,10.5,,39.5,56.1
WO-2842,Blow Molding,ISBM-003,M-SOP-003,2025-12-09,,,8.8,,47.3,45.3
WO-2843,Blow Molding,ISBM-003,M-SOP-009,2025-12-10,,,10.7,,39.7,49.6
WO-2844,Blow Molding,ISBM-003,M-SOP-009,2025-12-11,,,8.9,,39.8,49.4
WO-2845,Blow Molding,ISBM-003,M-SOP-021,2025-12-11,,,8.9,,38.2,51.4
WO-2846,blow molding,ISBM-003,M-SOP-021,2025-12-12,,,10.1,,45.3,48.4
WO-2847,Blow Molding,ISBM-003,M-SOP-021,2025-12-13,,,11.2,,39.5,45.5
WO-2848,Blow Molding,ISBM-003,M-SOP-025,2025-12-14,,,9.0,,42.8,41.6
WO-2849,Blow Molding,ISBM-003,M-SOP-021,2025-12-14,,,8.6,,45.0,44.1
WO-2850,Blow Molding,ISBM-003,M-SOP-021,2025-12-15,,,10.1,,41.6,45.3
WO-2851,Blow Molding,ISBM-003,M-SOP-021,2025-12-15,,,10.0,,40.9,44.8
WO-2852,Blow Molding,ISBM-003,M-SOP-006,2025-12-16,,,10.5,,41.2,51.7
WO-2853,Blow Molding,ISBM-003,M-SOP-025,2025-12-17,,,7.7,,40.1,56.3
WO-2854,Blow Molding,ISBM-003,M-SOP-025,2025-12-17,,,9.7,,43.3,50.7
WO-2855,Blow Molding,ISBM-003,M-SOP-025,2025-12-18,,,10.2,,45.5,45.5
WO-2856,Blow Molding,ISBM-003,M-SOP-006,2025-12-19,,,10.2,,38.4,48.4
WO-2857,Blow Molding,ISBM-003,M-SOP-021,2025-12-20,,,10.1,,42.6,53.3
WO-2858,  Blow Molding  ,ISBM-003,M-SOP-021,2025-12-20,,,9.9,,40.8,53.9
WO-2859,Blow Molding,ISBM-003,M-SOP-021,2025-12-21,,,11.5,,44.0,40.6
WO-2860,Blow Molding,ISBM-003,M-SOP-003,2025-12-21,,,11.5,,35.1,47.5
WO-2861,Blow Molding,ISBM-003,M-SOP-009,2025-12-22,,,10.5,,37.6,45.8
WO-2862,Blow Molding,ISBM-003,M-SOP-009,2025-12-23,,,9.7,,45.4,45.9
WO-2863,Blow Molding,ISBM-003,M-SOP-021,2025-12-24,,,9.4,,40.5,56.5
WO-2864,Blow Molding,ISBM-003,M-SOP-025,2025-12-25,,,10.3,,40.5,55.5
WO-2865,Blow Molding,ISBM-003,M-SOP-006,2025-12-25,,,10.1,,45.2,53.6
WO-2866,Blow Molding,ISBM-003,M-SOP-003,2025-12-26,,,9.9,,41.3,48.5
WO-2867,Blow Molding,ISBM-003,M-SOP-003,2025-12-27,,,9.4,,44.0,41.8
WO-2868,Blow Molding,ISBM-003,M-SOP-006,2025-12-27,,,9.1,,42.1,49.2
WO-2869,blow molding,ISBM-003,M-SOP-006,2025-12-28,,,6.9,,46.0,57.8
WO-2870,Blow Molding,ISBM-003,M-SOP-006,2025-12-29,,,9.4,,43.4,59.1
WO-2871,Blow Molding,ISBM-003,M-SOP-021,2025-12-30,,,9.2,,43.0,57.8
WO-2872,blow molding,ISBM-003,M-SOP-021,2025-12-30,,,9.5,,40.9,55.6
WO-2873,Blow Molding,ISBM-003,M-SOP-021,2025-12-31,,,10.1,,41.2,43.7
WO-2874,BLOW MOLDING,ISBM-003,M-SOP-025,2025-12-31,,,10.0,,36.3,46.6
WO-2875,Blow Molding,ISBM-003,M-SOP-003,2026-01-01,,,7.6,,38.8,50.4
WO-2876,blow molding,ISBM-003,M-SOP-025,2026-01-02,,,11.0,,45.2,51.6
WO-2877,Blow Molding,ISBM-003,M-SOP-025,2026-01-02,,,9.5,,47.8,55.2
WO-2878,Blow Molding,ISBM-003,M-SOP-025,2026-01-02,,,10.7,,41.9,50.8
WO-2879,Blow Molding,ISBM-003,M-SOP-021,2026-01-03,,,9.8,,36.8,49.8
WO-2880,Blow Molding,ISBM-003,M-SOP-025,2026-01-04,,,8.9,,44.3,47.3
WO-2881,Blow Molding,ISBM-003,M-SOP-025,2026-01-05,,,9.3,,41.9,48.0
WO-2882,Blow Molding,ISBM-003,M-SOP-009,2026-01-05,,,7.6,,42.9,48.7
WO-2883,blow molding,ISBM-003,M-SOP-025,2026-01-06,,,9.8,,38.1,45.3
WO-2884,Blow Molding,ISBM-003,M-SOP-025,2026-01-06,,,11.0,,40.1,51.2
WO-2885,blow molding,ISBM-003,M-SOP-009,2026-01-07,,,8.9,,36.3,45.6
WO-2886,Blow Molding,ISBM-003,M-SOP-009,2026-01-07,,,9.0,,39.3,52.3
WO-2887,Blow Molding,ISBM-003,M-SOP-009,2026-01-08,,,9.9,,40.8,48.4
WO-2888,Blow Molding,ISBM-003,M-SOP-009,2026-01-09,,,10.1,,42.9,47.3
WO-2889,Blow Molding,ISBM-003,M-SOP-003,2026-01-10,,,11.6,,41.2,51.7
WO-2890,blow molding,ISBM-003,M-SOP-021,2026-01-10,,,10.2,,42.0,48.2
WO-2891,Blow Molding,ISBM-003,M-SOP-021,2026-01-11,,,11.1,,43.1,48.7
WO-2892,Blow Molding,ISBM-003,M-SOP-021,2026-01-12,,,9.5,,40.7,47.7
WO-2893,Blow Molding,ISBM-003,M-SOP-009,2026-01-12,,,6.3,,40.1,49.9
WO-2894,Blow Molding,ISBM-003,M-SOP-009,2026-01-13,,,7.5,,40.7,47.7
WO-2895,Blow Molding,ISBM-003,M-SOP-006,2026-01-14,,,9.6,,39.0,49.4
WO-2896,  Blow Molding  ,ISBM-003,M-SOP-006,2026-01-15,,,9.9,,41.3,49.2
WO-2897,Blow Molding,ISBM-003,M-SOP-025,2026-01-15,,,10.2,,41.0,46.4
WO-2898,Blow Molding,ISBM-003,M-SOP-025,2026-01-16,,,9.4,,37.5,52.8
WO-2899,Blow Molding,ISBM-003,M-SOP-025,2026-01-17,,,8.4,,40.4,44.3
WO-2900,Blow Molding,ISBM-003,M-SOP-006,2026-01-17,,,10.9,,43.9,56.1
WO-2901,Blow Molding,ISBM-003,M-SOP-006,2026-01-18,,,10.5,,39.8,41.0
WO-2902,  Blow Molding  ,ISBM-003,M-SOP-025,2026-01-19,,,9.9,,43.5,49.4
WO-2903,Blow Molding,ISBM-003,M-SOP-025,2026-01-19,,,9.7,,45.3,46.6
WO-2904,Blow Molding,ISBM-003,M-SOP-003,2026-01-20,,,9.2,,42.5,48.1
WO-2905,Blow Molding,ISBM-003,M-SOP-006,2026-01-21,,,8.4,,34.5,52.6
WO-2906,Blow Molding,ISBM-003,M-SOP-006,2026-01-22,,,8.9,,44.9,43.3
WO-2907,Blow Molding,ISBM-003,M-SOP-025,2026-01-22,,,9.4,,42.2,48.8
WO-2908,Blow Molding,ISBM-003,M-SOP-025,2026-01-23,,,9.7,,41.1,41.7
WO-2909,Blow Molding,ISBM-003,M-SOP-025,2026-01-24,,,9.2,,45.1,50.7
WO-2910,Blow Molding,ISBM-003,M-SOP-006,2026-01-24,,,10.7,,40.7,41.3
WO-2911,Blow Molding,ISBM-003,M-SOP-006,2026-01-25,,,9.3,,45.8,47.4
WO-2912,Blow Molding,ISBM-003,M-SOP-006,2026-01-26,,,9.5,,42.1,49.0
WO-2913,Blow Molding,ISBM-003,M-SOP-006,2026-01-26,,,6.7,,48.8,43.7
WO-2914,Blow Molding,ISBM-003,M-SOP-025,2026-01-27,,,10.6,,39.8,47.8
WO-2915,Blow Molding,ISBM-003,M-SOP-025,2026-01-27,,,10.3,,48.4,53.7
WO-2916,Blow Molding,ISBM-003,M-SOP-025,2026-01-28,,,8.8,,37.9,45.2
WO-2917,Blow Molding,ISBM-003,M-SOP-009,2026-01-29,,,8.9,,40.5,52.1
WO-2918,Blow Molding,ISBM-003,M-SOP-021,2026-01-30,,,9.0,,43.3,43.1
WO-2919,Blow Molding,ISBM-003,M-SOP-021,2026-01-30,,,10.1,,44.3,48.3
WO-2920,Blow Molding,ISBM-003,M-SOP-021,2026-01-31,,,9.0,,40.0,44.7
WO-2921,Blow Molding,ISBM-003,M-SOP-003,2026-02-01,,,8.1,,41.7,46.4
WO-2922,Blow Molding,ISBM-003,M-SOP-003,2026-02-01,,,9.5,,39.7,47.2
WO-2923,Blow Molding,ISBM-003,M-SOP-006,2026-02-02,,,8.8,,43.1,44.5
WO-2924,Blow Molding,ISBM-003,M-SOP-006,2026-02-03,,,8.4,,39.7,50.0
WO-2925,Blow Molding,ISBM-003,M-SOP-025,2026-02-03,,,10.7,,40.2,46.0
WO-2926,Blow Molding,ISBM-003,M-SOP-006,2026-02-04,,,10.9,,42.8,54.0
WO-2927,  Blow Molding  ,ISBM-003,M-SOP-006,2026-02-04,,,12.1,,42.4,46.8
WO-2928,Blow Molding,ISBM-003,M-SOP-006,2026-02-05,,,8.8,,42.3,43.1
WO-2929,Blow Molding,ISBM-003,M-SOP-003,2026-02-06,,,8.2,,41.4,49.8
WO-2930,Blow Molding,ISBM-003,M-SOP-006,2026-02-07,,,10.3,,43.1,48.8
WO-2931,Blow Molding,ISBM-003,M-SOP-006,2026-02-07,,,9.1,,42.2,51.7
WO-2932,Blow Molding,ISBM-003,M-SOP-021,2026-02-08,,,9.2,,37.4,53.0
WO-2933,Blow Molding,ISBM-003,M-SOP-009,2026-02-09,,,10.1,,41.8,50.1
WO-2934,Blow Molding,ISBM-003,M-SOP-009,2026-02-10,,,9.3,,42.2,50.9
WO-2935,Blow Molding,ISBM-003,M-SOP-003,2026-02-10,,,10.2,,47.3,45.1
WO-2936,Blow Molding,ISBM-003,M-SOP-003,2026-02-11,,,9.6,,41.4,45.5
WO-2937,Blow Molding,ISBM-003,M-SOP-003,2026-02-12,,,9.0,,43.3,46.5
WO-2938,Blow Molding,ISBM-003,M-SOP-003,2026-02-12,,,8.7,,43.1,40.3
WO-2939,Blow Molding,ISBM-003,M-SOP-003,2026-02-13,,,9.1,,44.5,42.5
WO-2940,Blow Molding,ISBM-003,M-SOP-021,2026-02-14,,,8.4,,42.0,53.5
WO-2941,Blow Molding,ISBM-003,M-SOP-025,2026-02-14,,,7.5,,41.1,52.1
WO-2942,Blow Molding,ISBM-003,M-SOP-025,2026-02-15,,,9.9,,43.9,46.0
WO-2943,BLOW MOLDING,ISBM-003,M-SOP-003,2026-02-16,,,8.8,,45.5,50.4
WO-2944,Blow Molding,ISBM-003,M-SOP-021,2026-02-17,,,7.7,,42.0,50.3
WO-2945,Blow Molding,ISBM-003,M-SOP-006,2026-02-17,,,8.5,,43.6,50.8
WO-2946,Blow Molding,ISBM-003,M-SOP-009,2026-02-18,,,10.4,,42.7,50.8
WO-2947,Blow Molding,ISBM-003,M-SOP-009,2026-02-18,,,8.4,,47.4,47.7
WO-2948,Blow Molding,ISBM-003,M-SOP-009,2026-02-19,,,9.5,,39.0,43.5
WO-2949,Blow Molding,ISBM-003,M-SOP-003,2026-02-19,,,10.0,,42.3,47.9
WO-2950,Blow Molding,ISBM-003,M-SOP-009,2026-02-20,,,9.2,,42.5,49.1
WO-2951,Blow Molding,ISBM-003,M-SOP-025,2026-02-21,,,8.8,,48.5,40.2
WO-2952,BLOW MOLDING,ISBM-003,M-SOP-006,2026-02-22,,,9.6,,47.0,52.0
WO-2953,Blow Molding,ISBM-003,M-SOP-006,2026-02-23,,,10.2,,37.2,49.0
WO-2954,Blow Molding,ISBM-003,M-SOP-003,2026-02-23,,,8.0,,43.4,49.6
WO-2955,Blow Molding,ISBM-003,M-SOP-003,2026-02-24,,,8.4,,36.3,51.4
WO-2956,Blow Molding,ISBM-003,M-SOP-003,2026-02-24,,,10.5,,33.2,45.1
WO-2957,Blow Molding,ISBM-003,M-SOP-009,2026-02-25,,,10.8,,40.8,42.9
WO-2958,Blow Molding,ISBM-003,M-SOP-009,2026-02-26,,,9.4,,41.6,46.3
WO-2959,Blow Molding,ISBM-003,M-SOP-009,2026-02-26,,,11.8,,47.3,49.0
WO-2960,Blow Molding,ISBM-003,M-SOP-003,2026-02-27,,,8.0,,44.2,52.9
WO-2961,Blow Molding,ISBM-003,M-SOP-003,2026-02-28,,,9.3,,41.9,50.1
WO-2962,Blow Molding,ISBM-003,M-SOP-003,2026-02-28,,,9.3,,43.0,49.6
WO-2963,Blow Molding,ISBM-003,M-SOP-003,2026-03-01,,,10.0,,42.5,45.0
WO-2964,BLOW MOLDING,ISBM-003,M-SOP-003,2026-03-02,,,9.2,,41.0,44.0
WO-2965,Blow Molding,ISBM-003,M-SOP-025,2026-03-02,,,7.8,,39.6,44.6
WO-2966,Blow Molding,ISBM-003,M-SOP-006,2026-03-03,,,10.4,,44.5,43.8
WO-2967,Blow Molding,ISBM-003,M-SOP-006,2026-03-04,,,9.4,,36.8,51.7
WO-2968,Blow Molding,ISBM-003,M-SOP-003,2026-03-05,,,8.7,,40.6,47.8
WO-2969,Blow Molding,ISBM-003,M-SOP-009,2026-03-06,,,11.0,,40.2,43.3
WO-2970,Blow Molding,ISBM-003,M-SOP-009,2026-03-06,,,11.1,,41.1,54.1
WO-2971,Blow Molding,ISBM-003,M-SOP-021,2026-03-07,,,8.3,,47.0,46.9
WO-2972,Blow Molding,ISBM-003,M-SOP-021,2026-03-08,,,10.4,,45.1,51.1
WO-2973,Blow Molding,ISBM-003,M-SOP-009,2026-03-09,,,11.7,,39.8,47.6
WO-2974,Blow Molding,ISBM-003,M-SOP-009,2026-03-09,,,9.4,,37.6,42.9
WO-2975,Blow Molding,ISBM-003,M-SOP-009,2026-03-10,,,9.3,,40.1,43.5
WO-2976,Blow Molding,ISBM-003,M-SOP-003,2026-03-11,,,9.2,,35.9,53.9
WO-2977,blow molding,ISBM-003,M-SOP-009,2026-03-12,,,9.8,,41.4,48.3
WO-2978,  Blow Molding  ,ISBM-003,M-SOP-009,2026-03-13,,,9.8,,45.8,49.3
WO-2979,BLOW MOLDING,ISBM-003,M-SOP-009,2026-03-13,,,9.2,,40.2,48.1
WO-2980,Blow Molding,ISBM-003,M-SOP-009,2026-03-14,,,9.5,,42.2,51.8
WO-2981,Blow Molding,ISBM-003,M-SOP-021,2026-03-15,,,9.1,,43.5,49.5
WO-2982,Blow Molding,ISBM-003,M-SOP-021,2026-03-15,,,9.0,,41.0,47.3
WO-2983,Blow Molding,ISBM-003,M-SOP-021,2026-03-16,,,10.6,,43.9,53.9
WO-2984,Blow Molding,ISBM-003,M-SOP-021,2026-03-17,,,10.3,,46.9,48.4
WO-2985,Blow Molding,ISBM-003,M-SOP-003,2026-03-17,,,8.6,,41.9,56.6
WO-2986,Blow Molding,ISBM-003,M-SOP-006,2026-03-18,,,9.9,,42.0,43.1
WO-2987,Blow Molding,ISBM-003,M-SOP-006,2026-03-19,,,8.3,,35.9,47.0
WO-2988,Blow Molding,ISBM-003,M-SOP-009,2026-03-19,,,10.4,,45.0,47.6
WO-2989,BLOW MOLDING,ISBM-003,M-SOP-009,2026-03-20,,,10.9,,45.6,42.3
WO-2990,Blow Molding,ISBM-003,M-SOP-009,2026-03-20,,,11.3,,44.1,46.8
WO-2991,Blow Molding,ISBM-003,M-SOP-025,2026-03-21,,,9.6,,41.0,46.2
WO-2992,Blow Molding,ISBM-003,M-SOP-025,2026-03-22,,,9.0,,44.9,48.2
WO-2993,Blow Molding,ISBM-003,M-SOP-021,2026-03-23,,,11.4,,39.6,51.0
WO-2994,Blow Molding,ISBM-003,M-SOP-021,2026-03-24,,,10.4,,44.8,47.3
WO-2995,Blow Molding,ISBM-003,M-SOP-009,2026-03-25,,,11.5,,49.6,43.6
WO-2996,Blow Molding,ISBM-003,M-SOP-009,2026-03-26,,,9.2,,37.4,44.7
WO-2997,blow molding,ISBM-003,M-SOP-009,2026-03-26,,,8.6,,49.3,55.2
WO-2998,Blow Molding,ISBM-003,M-SOP-021,2026-03-27,,,9.1,,45.8,55.4
WO-2999,  Blow Molding  ,ISBM-003,M-SOP-021,2026-03-28,,,9.3,,34.5,48.0
WO-3000,Blow Molding,ISBM-003,M-SOP-006,2026-03-28,,,8.3,,38.1,54.7
WO-3001,Blow Molding,ISBM-003,M-SOP-006,2026-03-29,,,8.9,,39.2,50.2
WO-3002,Blow Molding,ISBM-003,M-SOP-021,2026-03-30,,,10.5,,46.0,48.6
WO-3003,Blow Molding,ISBM-003,M-SOP-021,2026-03-31,,,9.4,,37.7,48.0
WO-3004,Blow Molding,ISBM-003,M-SOP-021,2026-03-31,,,9.3,,45.4,49.5
WO-3005,Blow Molding,ISBM-003,M-SOP-009,2026-04-01,,,10.1,,38.5,47.7
WO-3006,Blow Molding,ISBM-003,M-SOP-009,2026-04-02,,,9.3,,41.7,47.1
WO-3007,Blow Molding,ISBM-003,M-SOP-009,2026-04-02,,,8.6,,44.2,43.4
WO-3008,  Blow Molding  ,ISBM-003,M-SOP-025,2026-04-03,,,8.8,,43.5,46.5
WO-3009,Blow Molding,ISBM-003,M-SOP-025,2026-04-04,,,7.8,,41.4,48.0
WO-3010,Blow Molding,ISBM-003,M-SOP-003,2026-04-04,,,9.6,,44.6,45.1
WO-3011,Blow Molding,ISBM-003,M-SOP-003,2026-04-05,,,10.7,,38.9,46.3
WO-3012,Blow Molding,ISBM-003,M-SOP-003,2026-04-06,,,10.5,,40.6,49.7
WO-3013,Blow Molding,ISBM-003,M-SOP-009,2026-04-07,,,10.0,,40.3,53.0
WO-3014,Blow Molding,ISBM-003,M-SOP-025,2026-04-08,,,10.5,,42.9,42.9
WO-3015,Blow Molding,ISBM-003,M-SOP-003,2026-04-08,,,9.3,,37.6,49.7
WO-3016,Blow Molding,ISBM-003,M-SOP-006,2026-04-09,,,9.5,,42.8,53.3
WO-3017,Blow Molding,ISBM-003,M-SOP-003,2026-04-10,,,9.4,,40.8,47.0
WO-3018,Blow Molding,ISBM-003,M-SOP-003,2026-04-11,,,10.1,,37.3,52.5
WO-3019,Blow Molding,ISBM-003,M-SOP-025,2026-04-12,,,9.1,,40.5,53.2
WO-3020,Blow Molding,ISBM-003,M-SOP-021,2026-04-12,,,9.5,,43.4,39.9
WO-3021,Blow Molding,ISBM-003,M-SOP-021,2026-04-13,,,9.8,,38.5,45.0
WO-3022,Blow Molding,ISBM-003,M-SOP-021,2026-04-14,,,8.3,,41.3,41.9
WO-3023,Blow Molding,ISBM-003,M-SOP-006,2026-04-14,,,7.9,,38.3,44.5
WO-3024,Blow Molding,ISBM-003,M-SOP-006,2026-04-15,,,7.6,,41.5,46.4
WO-3025,Blow Molding,ISBM-003,M-SOP-006,2026-04-16,,,9.1,,44.8,50.0
WO-3026,Blow Molding,ISBM-003,M-SOP-003,2026-04-16,,,8.8,,41.2,46.2
WO-3027,Blow Molding,ISBM-003,M-SOP-003,2026-04-17,,,9.7,,38.7,47.2
WO-3028,Blow Molding,ISBM-003,M-SOP-025,2026-04-17,,,9.4,,44.5,39.1
WO-3029,Blow Molding,ISBM-003,M-SOP-025,2026-04-18,,,11.2,,47.1,50.4
WO-3030,Blow Molding,ISBM-003,M-SOP-025,2026-04-19,,,8.6,,46.0,50.6
WO-3031,Blow Molding,ISBM-003,M-SOP-021,2026-04-19,,,9.2,,37.1,46.6
WO-3032,Blow Molding,ISBM-003,M-SOP-021,2026-04-20,,,10.6,,39.6,47.6
WO-3033,Blow Molding,ISBM-003,M-SOP-021,2026-04-21,,,9.6,,40.0,43.9
WO-3034,Blow Molding,ISBM-003,M-SOP-006,2026-04-22,,,8.8,,39.9,43.2
WO-3035,Blow Molding,ISBM-003,M-SOP-006,2026-04-23,,,9.0,,37.2,42.9
WO-3036,Blow Molding,ISBM-003,M-SOP-006,2026-04-23,,,7.7,,43.7,49.4
WO-3037,Blow Molding,ISBM-003,M-SOP-025,2026-04-24,,,9.3,,39.2,46.4
WO-3038,Blow Molding,ISBM-003,M-SOP-025,2026-04-25,,,10.3,,41.5,54.9
WO-3039,Blow Molding,ISBM-003,M-SOP-025,2026-04-25,,,8.1,,42.2,51.3
WO-3040,Blow Molding,ISBM-003,M-SOP-021,2026-04-26,,,11.1,,45.5,42.2
WO-3041,blow molding,ISBM-003,M-SOP-025,2026-04-27,,,9.6,,42.9,52.0
WO-3042,Blow Molding,ISBM-003,M-SOP-003,2026-04-28,,,9.5,,39.6,52.5
WO-3043,Blow Molding,ISBM-003,M-SOP-003,2026-04-28,,,9.4,,41.3,52.1
WO-3044,Blow Molding,ISBM-003,M-SOP-025,2026-04-29,,,10.4,,35.5,39.9
WO-3045,Blow Molding,ISBM-003,M-SOP-025,2026-04-30,,,9.7,,41.5,48.9
WO-3046,Blow Molding,ISBM-003,M-SOP-006,2026-05-01,,,9.5,,41.6,47.7
WO-3047,Blow Molding,ISBM-003,M-SOP-006,2026-05-01,,,7.8,,47.9,54.3
WO-3048,Blow Molding,ISBM-003,M-SOP-021,2026-05-02,,,9.7,,39.6,48.3
WO-3049,Blow Molding,ISBM-003,M-SOP-021,2026-05-02,,,8.9,,39.7,47.9
WO-3050,Blow Molding,ISBM-003,M-SOP-021,2026-05-03,,,9.3,,44.3,48.8
WO-3051,Blow Molding,ISBM-003,M-SOP-009,2026-05-04,,,9.3,,45.9,40.8
WO-3052,Blow Molding,ISBM-003,M-SOP-025,2026-05-05,,,8.5,,45.6,43.3
WO-3053,Blow Molding,ISBM-003,M-SOP-006,2026-05-05,,,8.4,,43.1,44.5
WO-3054,Blow Molding,ISBM-003,M-SOP-006,2026-05-06,,,11.1,,39.2,42.0
WO-3055,Blow Molding,ISBM-003,M-SOP-025,2026-05-07,,,10.0,,45.9,48.3
WO-3056,Blow Molding,ISBM-003,M-SOP-025,2026-05-07,,,9.6,,38.9,45.2
WO-3057,Blow Molding,ISBM-003,M-SOP-009,2026-05-08,,,10.3,,33.7,50.9
WO-3058,Blow Molding,ISBM-003,M-SOP-009,2026-05-09,,,9.4,,42.7,49.7
WO-3059,Blow Molding,ISBM-003,M-SOP-003,2026-05-10,,,10.0,,42.5,43.7
WO-3060,Blow Molding,ISBM-003,M-SOP-003,2026-05-10,,,8.7,,44.7,51.8
WO-3061,Blow Molding,ISBM-003,M-SOP-003,2026-05-11,,,11.3,,39.0,51.0
WO-3062,Blow Molding,ISBM-003,M-SOP-006,2026-05-11,,,10.5,,39.4,52.2
WO-3063,Blow Molding,ISBM-003,M-SOP-006,2026-05-12,,,10.2,,41.9,42.9
WO-3064,  Blow Molding  ,ISBM-003,M-SOP-009,2026-05-13,,,9.2,,44.2,50.1
WO-3065,Blow Molding,ISBM-003,M-SOP-009,2026-05-14,,,11.2,,40.4,46.1
WO-3066,Blow Molding,ISBM-003,M-SOP-009,2026-05-15,,,9.0,,47.3,53.8
WO-3067,Blow Molding,ISBM-003,M-SOP-009,2026-05-15,,,9.4,,43.6,52.6
WO-3068,Blow Molding,ISBM-003,M-SOP-003,2026-05-16,,,10.3,,42.3,42.8
WO-3069,Blow Molding,ISBM-003,M-SOP-003,2026-05-17,,,10.0,,42.6,42.1
WO-3070,Blow Molding,ISBM-003,M-SOP-003,2026-05-17,,,10.5,,44.3,50.1
WO-3071,Blow Molding,ISBM-003,M-SOP-025,2026-05-18,,,9.0,,45.6,43.7
WO-3072,Blow Molding,ISBM-003,M-SOP-025,2026-05-19,,,9.3,,38.2,48.2
WO-3073,Blow Molding,ISBM-003,M-SOP-025,2026-05-20,,,8.4,,43.5,41.7
WO-3074,Blow Molding,ISBM-003,M-SOP-009,2026-05-20,,,11.0,,39.0,41.2
WO-3075,BLOW MOLDING,ISBM-003,M-SOP-003,2026-05-21,,,10.6,,45.7,47.2
WO-3076,Blow Molding,ISBM-003,M-SOP-003,2026-05-22,,,10.3,,44.7,49.3
WO-3077,  Blow Molding  ,ISBM-003,M-SOP-003,2026-05-22,,,9.2,,43.4,46.0
WO-3078,blow molding,ISBM-003,M-SOP-003,2026-05-23,,,9.9,,44.3,54.2
WO-3079,Blow Molding,ISBM-003,M-SOP-025,2026-05-24,,,8.6,,40.7,46.7
WO-3080,Blow Molding,ISBM-003,M-SOP-025,2026-05-24,,,9.5,,43.5,43.8
WO-3081,blow molding,ISBM-003,M-SOP-025,2026-05-25,,,9.4,,48.0,51.1
WO-3082,Blow Molding,ISBM-003,M-SOP-025,2026-05-25,,,9.2,,39.1,41.0
WO-3083,Blow Molding,ISBM-003,M-SOP-009,2026-05-26,,,10.2,,44.1,40.4
WO-3084,Blow Molding,ISBM-003,M-SOP-009,2026-05-27,,,8.4,,35.9,50.9
WO-3085,Blow Molding,ISBM-003,M-SOP-021,2026-05-28,,,9.6,,44.2,48.9
WO-3086,Blow Molding,ISBM-003,M-SOP-021,2026-05-28,,,9.4,,42.9,46.2
WO-3087,Blow Molding,ISBM-003,M-SOP-021,2026-05-29,,,9.0,,43.3,43.4
WO-3088,Blow Molding,ISBM-003,M-SOP-025,2026-05-30,,,8.5,,40.2,48.1
WO-3089,Blow Molding,ISBM-003,M-SOP-025,2026-05-30,,,9.4,,39.8,48.8
WO-3090,blow molding,ISBM-003,M-SOP-006,2026-05-31,,,8.4,,39.7,47.3
WO-3091,Blow Molding,ISBM-003,M-SOP-006,2026-06-01,,,8.6,,46.5,47.2
WO-3092,Blow Molding,ISBM-003,M-SOP-006,2026-06-01,,,9.2,,38.4,53.1
WO-3093,Blow Molding,ISBM-003,M-SOP-006,2026-06-02,,,10.8,,43.1,44.2
WO-3094,BLOW MOLDING,ISBM-003,M-SOP-006,2026-06-03,,,9.1,,40.4,40.8
WO-3095,  Blow Molding  ,ISBM-003,M-SOP-025,2026-06-03,,,10.1,,39.5,49.3
WO-3096,Blow Molding,ISBM-003,M-SOP-009,2026-06-04,,,8.8,,41.7,51.3
WO-3097,Blow Molding,ISBM-003,M-SOP-009,2026-06-05,,,11.1,,42.7,45.3
WO-3098,Blow Molding,ISBM-003,M-SOP-025,2026-06-05,,,7.4,,41.9,40.0
WO-3099,Blow Molding,ISBM-003,M-SOP-025,2026-06-06,,,11.4,,44.5,50.5
WO-3100,Blow Molding,ISBM-003,M-SOP-025,2026-06-07,,,10.0,,45.2,42.9
WO-3101,BLOW MOLDING,ISBM-003,M-SOP-009,2026-06-07,,,9.1,,42.9,48.2
WO-3102,Blow Molding,ISBM-003,M-SOP-009,2026-06-08,,,10.3,,47.0,47.2
WO-3103,Blow Molding,ISBM-003,M-SOP-003,2026-06-09,,,9.0,,39.0,49.5
WO-3104,Blow Molding,ISBM-003,M-SOP-006,2026-06-10,,,9.5,,40.5,51.8
WO-3105,Blow Molding,ISBM-003,M-SOP-009,2026-06-11,,,9.9,,44.9,50.4
WO-3106,Blow Molding,ISBM-003,M-SOP-006,2026-06-11,,,9.5,,42.8,46.4
WO-3107,Blow Molding,ISBM-003,M-SOP-025,2026-06-12,,,8.8,,40.6,48.1
WO-3108,Blow Molding,ISBM-003,M-SOP-025,2026-06-13,,,10.3,,37.5,52.2
WO-3109,Blow Molding,ISBM-003,M-SOP-025,2026-06-13,,,10.3,,38.7,48.6
WO-3110,Blow Molding,ISBM-003,M-SOP-021,2026-06-14,,,9.2,,42.9,47.4
WO-3111,Blow Molding,ISBM-003,M-SOP-009,2026-06-15,,,9.1,,44.6,48.2
WO-3112,Blow Molding,ISBM-003,M-SOP-009,2026-06-15,,,10.1,,40.8,45.1
WO-3113,Blow Molding,ISBM-003,M-SOP-009,2026-06-16,,,9.6,,46.1,44.5
WO-3114,Blow Molding,ISBM-003,M-SOP-009,2026-06-17,,,7.7,,42.0,46.4
WO-3115,Blow Molding,ISBM-003,M-SOP-009,2026-06-17,,,9.6,,30.4,48.7
WO-3116,blow molding,ISBM-003,M-SOP-025,2026-06-18,,,7.5,,41.2,45.4
WO-3117,Blow Molding,ISBM-003,M-SOP-025,2026-06-19,,,8.6,,41.8,49.1
WO-3118,Blow Molding,ISBM-003,M-SOP-025,2026-06-19,,,5.9,,46.4,47.2
WO-3119,Blow Molding,ISBM-003,M-SOP-006,2026-06-20,,,9.6,,42.3,47.4
WO-3120,Blow Molding,ISBM-003,M-SOP-003,2026-06-21,,,10.2,,39.9,43.2
WO-3121,Blow Molding,ISBM-003,M-SOP-003,2026-06-22,,,9.9,,40.9,54.1
WO-3122,Blow Molding,ISBM-003,M-SOP-003,2026-06-22,,,9.5,,42.4,44.7
WO-3123,Blow Molding,ISBM-003,M-SOP-006,2026-06-23,,,11.4,,41.6,41.0
WO-3124,Blow Molding,ISBM-003,M-SOP-006,2026-06-24,,,12.3,,42.6,50.1
WO-3125,Blow Molding,ISBM-003,M-SOP-006,2026-06-25,,,9.2,,42.8,58.2
WO-3126,Blow Molding,ISBM-003,M-SOP-006,2026-06-25,,,10.4,,41.1,47.1
WO-3127,Blow Molding,ISBM-003,M-SOP-003,2026-06-26,,,9.9,,47.6,48.7
WO-3128,Blow Molding,ISBM-003,M-SOP-003,2026-06-27,,,8.1,,40.5,42.1
WO-3129,Blow Molding,ISBM-003,M-SOP-006,2026-06-27,,,7.6,,41.0,47.6
WO-3130,Blow Molding,ISBM-003,M-SOP-006,2026-06-28,,,8.1,,41.4,53.9
WO-3131,Blow Molding,ISBM-003,M-SOP-006,2026-06-29,,,9.8,,50.3,35.5
WO-3132,Blow Molding,ISBM-003,M-SOP-025,2026-06-29,,,9.3,,45.7,47.8
WO-3133,Blow Molding,ISBM-003,M-SOP-025,2026-06-30,,,9.7,,41.4,43.7
WO-3134,blow molding,ISBM-003,M-SOP-025,2026-07-01,,,7.1,,42.1,47.5
WO-3135,Blow Molding,ISBM-003,M-SOP-003,2026-07-01,,,10.9,,34.7,47.7
WO-3136,Blow Molding,ISBM-003,M-SOP-003,2026-07-02,,,10.5,,43.2,42.2
WO-3137,Blow Molding,ISBM-003,M-SOP-003,2026-07-02,,,8.2,,40.1,54.1
WO-3138,Blow Molding,ISBM-003,M-SOP-025,2026-07-03,,,11.2,,42.0,41.1
WO-3139,blow molding,ISBM-003,M-SOP-025,2026-07-04,,,10.0,,41.9,52.5
WO-3140,Blow Molding,ISBM-003,M-SOP-025,2026-07-04,,,9.9,,47.0,48.0
WO-3141,Blow Molding,ISBM-003,M-SOP-009,2026-07-05,,,9.2,,47.2,48.7
WO-3142,Blow Molding,ISBM-003,M-SOP-009,2026-07-05,,,10.0,,45.5,51.2
WO-3143,Blow Molding,ISBM-003,M-SOP-009,2026-07-06,,,10.6,,44.5,49.7
WO-3144,Blow Molding,ISBM-003,M-SOP-009,2026-07-07,,,8.0,,45.6,40.6
WO-3145,blow molding,ISBM-003,M-SOP-003,2026-07-07,,,9.0,,46.6,49.6
WO-3146,BLOW MOLDING,ISBM-003,M-SOP-003,2026-07-08,,,8.1,,40.2,47.8
WO-3147,Blow Molding,ISBM-003,M-SOP-006,2026-07-09,,,9.9,,38.5,53.4
WO-3148,Blow Molding,ISBM-003,M-SOP-006,2026-07-09,,,8.0,,41.4,46.5
WO-3149,Blow Molding,ISBM-003,M-SOP-006,2026-07-10,,,8.1,,42.5,49.1
WO-3150,Blow Molding,ISBM-003,M-SOP-003,2026-07-11,,,9.6,,42.5,44.9
WO-3151,Blow Molding,ISBM-003,M-SOP-006,2026-07-12,,,9.0,,39.2,50.6
WO-3152,Blow Molding,ISBM-003,M-SOP-006,2026-07-13,,,9.9,,43.5,44.5
WO-3153,BLOW MOLDING,ISBM-003,M-SOP-006,2026-07-14,,,9.3,,37.1,53.8
WO-3154,Blow Molding,ISBM-003,M-SOP-021,2026-07-14,,,10.5,,42.1,49.8
WO-3155,Blow Molding,ISBM-003,M-SOP-021,2026-07-15,,,9.7,,44.0,52.7
WO-3156,Blow Molding,ISBM-003,M-SOP-021,2026-07-15,,,9.2,,43.1,53.6
WO-3157,Blow Molding,ISBM-003,M-SOP-006,2026-07-16,,,10.1,,40.3,45.1
WO-3158,Blow Molding,ISBM-003,M-SOP-006,2026-07-17,,,8.0,,44.6,47.7
WO-3159,Blow Molding,ISBM-003,M-SOP-006,2026-07-18,,,10.5,,43.9,48.2
WO-3160,Blow Molding,ISBM-003,M-SOP-006,2026-07-18,,,9.0,,42.6,51.6
WO-3161,Blow Molding,ISBM-003,M-SOP-025,2026-07-19,,,10.4,,43.0,43.5
WO-3162,Blow Molding,ISBM-003,M-SOP-025,2026-07-20,,,10.2,,40.6,45.2
WO-3163,Blow Molding,ISBM-003,M-SOP-003,2026-07-21,,,9.3,,38.2,49.2
WO-3164,Blow Molding,ISBM-003,M-SOP-003,2026-07-21,,,8.0,,45.3,47.9
WO-3165,Blow Molding,ISBM-003,M-SOP-003,2026-07-22,,,10.5,,44.2,45.6
WO-3166,Blow Molding,ISBM-003,M-SOP-009,2026-07-23,,,8.8,,40.0,39.2
WO-3167,Blow Molding,ISBM-003,M-SOP-003,2026-07-24,,,7.7,,42.7,46.8
WO-3168,Blow Molding,ISBM-003,M-SOP-003,2026-07-24,,,9.0,,43.8,50.1
WO-3169,Blow Molding,ISBM-003,M-SOP-003,2026-07-25,,,10.0,,39.3,44.5
WO-3170,Blow Molding,ISBM-003,M-SOP-025,2026-07-26,,,9.5,,40.1,44.9
WO-3171,Blow Molding,ISBM-003,M-SOP-025,2026-07-26,,,9.7,,44.2,41.2
WO-3172,Blow Molding,ISBM-003,M-SOP-025,2026-07-27,,,8.8,,45.6,47.0
WO-3173,Blow Molding,ISBM-003,M-SOP-025,2026-07-28,,,7.9,,44.2,44.1
WO-3174,Blow Molding,ISBM-003,M-SOP-003,2026-07-29,,,9.9,,44.9,57.9
WO-3175,Blow Molding,ISBM-003,M-SOP-003,2026-07-29,,,10.7,,41.0,43.2
WO-3176,Blow Molding,ISBM-003,M-SOP-003,2026-07-30,,,8.8,,42.0,46.2
WO-3177,Blow Molding,ISBM-003,M-SOP-021,2026-07-31,,,9.5,,42.1,45.2
WO-3178,Blow Molding,ISBM-003,M-SOP-021,2026-07-31,,,9.3,,44.2,43.6
WO-3179,Blow Molding,ISBM-003,M-SOP-025,2026-08-01,,,10.4,,38.9,49.1
WO-3180,Blow Molding,ISBM-003,M-SOP-003,2026-08-02,,,9.0,,34.1,48.2
WO-3181,Blow Molding,ISBM-003,M-SOP-003,2026-08-02,,,10.8,,42.2,45.4
WO-3182,Blow Molding,ISBM-003,M-SOP-003,2026-08-03,,,12.0,,38.8,50.1
WO-3183,Blow Molding,ISBM-003,M-SOP-021,2026-08-03,,,8.7,,41.2,46.4
WO-3184,Blow Molding,ISBM-003,M-SOP-006,2026-08-04,,,9.0,,44.0,47.8
WO-3185,Blow Molding,ISBM-003,M-SOP-006,2026-08-05,,,8.8,,43.5,48.1
WO-3186,Blow Molding,ISBM-003,M-SOP-025,2026-08-06,,,10.1,,41.7,51.1
WO-3187,Blow Molding,ISBM-003,M-SOP-009,2026-08-06,,,8.4,,39.8,45.2
WO-3188,Blow Molding,ISBM-003,M-SOP-025,2026-08-07,,,9.3,,41.8,46.0
WO-3189,Blow Molding,ISBM-003,M-SOP-009,2026-08-08,,,8.7,,42.4,55.1
WO-3190,Blow Molding,ISBM-003,M-SOP-009,2026-08-09,,,8.7,,44.5,44.6
WO-3191,Blow Molding,ISBM-003,M-SOP-009,2026-08-09,,,9.6,,42.0,50.3
WO-3192,Blow Molding,ISBM-003,M-SOP-009,2026-08-10,,,9.7,,43.4,47.3
WO-3193,Blow Molding,ISBM-003,M-SOP-009,2026-08-11,,,10.0,,39.7,35.6
WO-3194,Blow Molding,ISBM-003,M-SOP-009,2026-08-12,,,8.8,,40.1,47.6
WO-3195,Blow Molding,ISBM-003,M-SOP-021,2026-08-12,,,9.1,,45.4,46.8
WO-3196,Blow Molding,ISBM-003,M-SOP-021,2026-08-13,,,8.5,,39.6,56.2
WO-3197,Blow Molding,ISBM-003,M-SOP-009,2026-08-13,,,9.0,,41.1,50.7
WO-3198,Blow Molding,ISBM-003,M-SOP-009,2026-08-14,,,10.3,,43.0,46.0
WO-3199,Blow Molding,ISBM-003,M-SOP-025,2026-08-15,,,11.4,,45.6,44.1
WO-3200,Blow Molding,ISBM-003,M-SOP-009,2026-08-15,,,9.6,,42.6,52.1
WO-3201,  Blow Molding  ,ISBM-003,M-SOP-025,2026-08-16,,,9.2,,42.0,49.4
WO-3202,BLOW MOLDING,ISBM-003,M-SOP-009,2026-08-16,,,10.0,,50.5,46.7
WO-3203,Blow Molding,ISBM-003,M-SOP-009,2026-08-17,,,8.7,,39.4,44.4
WO-3204,Blow Molding,ISBM-003,M-SOP-006,2026-08-17,,,10.1,,45.7,45.6
WO-3205,Blow Molding,ISBM-003,M-SOP-003,2026-08-18,,,7.9,,40.7,41.5
WO-3206,Blow Molding,ISBM-003,M-SOP-021,2026-08-19,,,10.5,,42.1,56.0
WO-3207,Blow Molding,ISBM-003,M-SOP-021,2026-08-20,,,10.4,,39.8,50.0
WO-3208,Blow Molding,ISBM-003,M-SOP-003,2026-08-20,,,9.3,,40.6,46.7
WO-3209,Blow Molding,ISBM-003,M-SOP-003,2026-08-21,,,8.2,,39.4,47.1
WO-3210,Blow Molding,ISBM-003,M-SOP-003,2026-08-22,,,10.2,,36.3,44.0
WO-3211,Blow Molding,ISBM-003,M-SOP-009,2026-08-22,,,10.1,,40.4,45.1
WO-3212,Blow Molding,ISBM-003,M-SOP-025,2026-08-23,,,11.0,,45.2,52.1
WO-3213,Blow Molding,ISBM-003,M-SOP-021,2026-08-24,,,9.4,,38.7,41.1
WO-3214,Blow Molding,ISBM-003,M-SOP-021,2026-08-24,,,9.4,,40.4,51.3
WO-3215,Blow Molding,ISBM-003,M-SOP-021,2026-08-25,,,9.5,,43.5,48.9
WO-3216,Blow Molding,ISBM-003,M-SOP-009,2026-08-25,,,9.7,,41.4,53.0
WO-3217,Blow Molding,ISBM-003,M-SOP-006,2026-08-26,,,9.5,,39.7,45.3
WO-3218,Blow Molding,ISBM-003,M-SOP-006,2026-08-27,,,11.7,,42.0,48.1
WO-3219,Blow Molding,ISBM-003,M-SOP-006,2026-08-27,,,8.6,,43.9,55.5
WO-3220,Blow Molding,ISBM-003,M-SOP-006,2026-08-28,,,8.9,,43.7,45.8
WO-3221,Blow Molding,ISBM-003,M-SOP-006,2026-08-29,,,10.4,,44.6,47.6
WO-3222,Blow Molding,ISBM-003,M-SOP-003,2026-08-29,,,8.8,,43.1,50.6
WO-3223,  Blow Molding  ,ISBM-003,M-SOP-003,2026-08-30,,,9.5,,41.3,58.6
WO-3224,  Blow Molding  ,ISBM-003,M-SOP-003,2026-08-31,,,10.8,,43.3,53.3
WO-3225,Blow Molding,ISBM-003,M-SOP-025,2026-08-31,,,9.1,,43.2,49.3
WO-3226,Blow Molding,ISBM-003,M-SOP-025,2026-09-01,,,7.9,,42.7,48.6
WO-3227,Blow Molding,ISBM-003,M-SOP-009,2026-09-02,,,9.9,,41.3,49.6
WO-3228,Blow Molding,ISBM-003,M-SOP-009,2026-09-02,,,10.1,,42.9,47.9
WO-3229,Blow Molding,ISBM-003,M-SOP-009,2026-09-03,,,10.6,,41.1,48.6
WO-3230,Blow Molding,ISBM-003,M-SOP-006,2026-09-04,,,10.6,,39.9,55.8
WO-3231,Blow Molding,ISBM-003,M-SOP-006,2026-09-04,,,9.5,,39.1,51.7
WO-3232,Blow Molding,ISBM-003,M-SOP-006,2026-09-05,,,9.2,,43.4,46.2
WO-3233,Blow Molding,ISBM-003,M-SOP-009,2026-09-05,,,10.7,,47.0,52.5
WO-3234,Blow Molding,ISBM-003,M-SOP-009,2026-09-06,,,10.5,,38.2,44.3
WO-3235,Blow Molding,ISBM-003,M-SOP-009,2026-09-07,,,8.4,,44.2,46.6
WO-3236,Blow Molding,ISBM-003,M-SOP-003,2026-09-08,,,7.6,,42.2,45.7
WO-3237,Blow Molding,ISBM-003,M-SOP-003,2026-09-08,,,10.6,,38.3,41.7
WO-3238,Blow Molding,ISBM-003,M-SOP-003,2026-09-09,,,10.6,,34.9,43.7
WO-3239,Blow Molding,ISBM-003,M-SOP-025,2026-09-10,,,8.7,,45.6,51.6
WO-3240,Blow Molding,ISBM-003,M-SOP-025,2026-09-11,,,7.9,,43.3,41.1
WO-3241,Blow Molding,ISBM-003,M-SOP-025,2026-09-11,,,9.6,,41.0,44.3
WO-3242,Blow Molding,ISBM-003,M-SOP-025,2026-09-12,,,11.0,,40.2,49.2
WO-3243,Blow Molding,ISBM-003,M-SOP-025,2026-09-13,,,9.5,,41.4,47.4
WO-3244,Blow Molding,ISBM-003,M-SOP-025,2026-09-13,,,8.3,,40.4,48.6
WO-3245,Blow Molding,ISBM-003,M-SOP-021,2026-09-14,,,9.9,,36.3,47.6
WO-3246,Blow Molding,ISBM-003,M-SOP-021,2026-09-15,,,9.1,,40.6,52.7
WO-3247,Blow Molding,ISBM-003,M-SOP-003,2026-09-16,,,9.5,,45.7,50.6
WO-3248,Blow Molding,ISBM-003,M-SOP-003,2026-09-17,,,9.7,,41.8,47.0
WO-3249,Blow Molding,ISBM-003,M-SOP-006,2026-09-17,,,9.6,,40.6,52.4
WO-3250,Blow Molding,ISBM-003,M-SOP-006,2026-09-18,,,10.5,,38.3,48.6
WO-3251,Blow Molding,ISBM-003,M-SOP-003,2026-09-19,,,10.1,,44.4,47.7
WO-3252,Blow Molding,ISBM-003,M-SOP-003,2026-09-20,,,11.5,,47.6,48.7
WO-3253,Blow Molding,ISBM-003,M-SOP-009,2026-09-20,,,9.7,,43.3,46.1
WO-3254,Blow Molding,ISBM-003,M-SOP-009,2026-09-21,,,8.6,,42.9,48.7
WO-3255,Blow Molding,ISBM-003,M-SOP-021,2026-09-21,,,9.2,,43.1,45.0
WO-3256,Blow Molding,ISBM-003,M-SOP-021,2026-09-22,,,11.8,,45.5,44.2
WO-3257,Blow Molding,ISBM-003,M-SOP-021,2026-09-23,,,8.5,,43.1,38.2
WO-3258,Blow Molding,ISBM-003,M-SOP-003,2026-09-24,,,8.7,,41.3,47.3
WO-3259,Blow Molding,ISBM-003,M-SOP-021,2026-09-24,,,9.5,,36.8,51.2
WO-3260,Blow Molding,ISBM-003,M-SOP-025,2026-09-25,,,11.5,,38.7,52.8
WO-3261,Blow Molding,ISBM-003,M-SOP-025,2026-09-26,,,10.9,,42.3,37.4
WO-3262,Blow Molding,ISBM-003,M-SOP-025,2026-09-26,,,10.1,,40.3,56.2
WO-3263,Blow Molding,ISBM-003,M-SOP-025,2026-09-27,,,8.1,,45.4,45.5
WO-3264,Blow Molding,ISBM-003,M-SOP-025,2026-09-27,,,10.5,,40.2,44.5
WO-3265,Blow Molding,ISBM-003,M-SOP-025,2026-09-28,,,9.4,,41.7,46.6
WO-3266,Blow Molding,ISBM-003,M-SOP-006,2026-09-29,,,8.2,,43.2,50.6
WO-3267,Blow Molding,ISBM-003,M-SOP-021,2026-09-29,,,9.5,,34.9,49.3
WO-3268,Blow Molding,ISBM-003,M-SOP-021,2026-09-30,,,9.0,,40.9,58.6
WO-3269,Blow Molding,ISBM-003,M-SOP-021,2026-09-30,,,10.4,,43.5,50.1
WO-3270,Blow Molding,ISBM-003,M-SOP-021,2026-10-01,,,8.2,,41.7,41.3
WO-3271,blow molding,ISBM-003,M-SOP-006,2026-10-01,,,9.9,,41.4,41.7
WO-3272,Blow Molding,ISBM-003,M-SOP-006,2026-10-02,,,9.7,,45.6,42.8
WO-3273,Blow Molding,ISBM-003,M-SOP-006,2026-10-02,,,9.1,,40.6,51.0
WO-3274,Blow Molding,ISBM-003,M-SOP-025,2026-10-03,,,9.5,,42.9,49.7
WO-3275,Blow Molding,ISBM-003,M-SOP-025,2026-10-04,,,8.7,,44.5,50.3
WO-3276,Blow Molding,ISBM-003,M-SOP-025,2026-10-05,,,8.7,,45.7,54.2
WO-3277,Blow Molding,ISBM-003,M-SOP-003,2026-10-05,,,9.2,,38.5,48.4
WO-3278,Blow Molding,ISBM-003,M-SOP-003,2026-10-06,,,10.8,,39.7,46.2
WO-3279,Blow Molding,ISBM-003,M-SOP-003,2026-10-07,,,10.3,,42.8,46.1
WO-3280,Blow Molding,ISBM-003,M-SOP-003,2026-10-07,,,9.4,,44.2,51.8
WO-3281,Blow Molding,ISBM-003,M-SOP-003,2026-10-08,,,10.3,,35.7,45.6
WO-3282,Blow Molding,ISBM-003,M-SOP-025,2026-10-09,,,8.7,,43.9,48.2
WO-3283,Blow Molding,ISBM-003,M-SOP-025,2026-10-09,,,9.9,,43.6,47.8
WO-3284,blow molding,ISBM-003,M-SOP-003,2026-10-10,,,7.8,,40.4,46.1
WO-3285,Blow Molding,ISBM-003,M-SOP-009,2026-10-11,,,8.5,,43.8,46.7
WO-3286,Blow Molding,ISBM-003,M-SOP-009,2026-10-11,,,11.6,,42.0,48.9
WO-3287,Blow Molding,ISBM-003,M-SOP-009,2026-10-12,,,10.1,,42.4,41.8
WO-3288,Blow Molding,ISBM-003,M-SOP-021,2026-10-12,,,11.9,,40.8,51.1
WO-3289,Blow Molding,ISBM-003,M-SOP-009,2026-10-13,,,9.6,,38.9,49.2
WO-3290,Blow Molding,ISBM-003,M-SOP-003,2026-10-14,,,8.8,,44.8,38.4
WO-3291,Blow Molding,ISBM-003,M-SOP-003,2026-10-14,,,9.6,,41.6,45.6
WO-3292,Blow Molding,ISBM-003,M-SOP-025,2026-10-15,,,9.2,,34.2,41.8
WO-3293,Blow Molding,ISBM-003,M-SOP-025,2026-10-16,,,10.3,,37.2,46.1
WO-3294,Blow Molding,ISBM-003,M-SOP-021,2026-10-16,,,10.6,,34.6,53.6
WO-3295,Blow Molding,ISBM-003,M-SOP-009,2026-10-17,,,8.7,,39.4,48.9
WO-3296,Blow Molding,ISBM-003,M-SOP-009,2026-10-17,,,10.3,,39.6,48.1
WO-3297,Blow Molding,ISBM-003,M-SOP-006,2026-10-18,,,11.1,,46.2,43.0
WO-3298,Blow Molding,ISBM-003,M-SOP-009,2026-10-19,,,9.0,,37.7,45.7
WO-3299,Blow Molding,ISBM-003,M-SOP-009,2026-10-20,,,10.4,,45.8,50.6
WO-3300,Blow Molding,ISBM-003,M-SOP-009,2026-10-20,,,10.9,,40.1,48.2
WO-3301,Blow Molding,ISBM-003,M-SOP-009,2026-10-21,,,10.1,,44.9,52.5
WO-3302,Blow Molding,ISBM-003,M-SOP-009,2026-10-21,,,8.6,,44.0,51.8
WO-3303,Blow Molding,ISBM-003,M-SOP-006,2026-10-22,,,8.9,,42.6,47.6
WO-3304,Blow Molding,ISBM-003,M-SOP-006,2026-10-23,,,10.8,,39.9,51.8
WO-3305,Blow Molding,ISBM-003,M-SOP-009,2026-10-24,,,10.4,,37.0,46.4
WO-3306,Blow Molding,ISBM-003,M-SOP-009,2026-10-24,,,9.7,,34.9,49.9
WO-3307,Blow Molding,ISBM-003,M-SOP-009,2026-10-25,,,10.9,,39.1,52.7
WO-3308,Blow Molding,ISBM-003,M-SOP-006,2026-10-26,,,9.5,,37.8,55.5
WO-3309,Blow Molding,ISBM-003,M-SOP-021,2026-10-27,,,9.9,,39.5,48.7
WO-3310,Blow Molding,ISBM-003,M-SOP-006,2026-10-28,,,7.4,,40.8,47.9
WO-3311,Blow Molding,ISBM-003,M-SOP-009,2026-10-28,,,8.8,,43.6,46.4
WO-3312,Blow Molding,ISBM-003,M-SOP-009,2026-10-29,,,9.9,,41.8,52.1
WO-3313,Blow Molding,ISBM-003,M-SOP-009,2026-10-29,,,10.4,,43.6,43.5
WO-3314,Blow Molding,ISBM-003,M-SOP-009,2026-10-30,,,9.1,,37.3,46.9
WO-3315,Blow Molding,ISBM-003,M-SOP-009,2026-10-31,,,10.0,,45.0,43.5
WO-3316,Blow Molding,ISBM-003,M-SOP-009,2026-11-01,,,10.0,,40.3,44.1
WO-3317,Blow Molding,ISBM-003,M-SOP-021,2026-11-01,,,10.4,,39.2,39.0
WO-3318,Blow Molding,ISBM-003,M-SOP-003,2026-11-02,,,9.5,,42.9,51.4
WO-3319,Blow Molding,ISBM-003,M-SOP-003,2026-11-03,,,9.3,,38.5,45.2
WO-3320,Blow Molding,ISBM-003,M-SOP-003,2026-11-03,,,9.3,,36.4,48.6
WO-3321,Blow Molding,ISBM-003,M-SOP-021,2026-11-04,,,8.7,,39.1,44.9
WO-3322,Blow Molding,ISBM-003,M-SOP-021,2026-11-05,,,8.0,,37.1,47.3
WO-3323,Blow Molding,ISBM-003,M-SOP-021,2026-11-05,,,9.3,,45.1,47.6
WO-3324,Blow Molding,ISBM-003,M-SOP-025,2026-11-06,,,9.7,,41.4,50.9
WO-3325,Blow Molding,ISBM-003,M-SOP-025,2026-11-06,,,8.5,,43.5,42.5
WO-3326,Blow Molding,ISBM-003,M-SOP-021,2026-11-07,,,7.9,,44.4,52.3
WO-3327,Blow Molding,ISBM-003,M-SOP-021,2026-11-08,,,9.0,,44.6,46.7
WO-3328,Blow Molding,ISBM-003,M-SOP-021,2026-11-08,,,7.8,,37.3,45.7
WO-3329,Blow Molding,ISBM-003,M-SOP-009,2026-11-09,,,9.1,,42.3,48.4
WO-3330,Blow Molding,ISBM-003,M-SOP-009,2026-11-10,,,8.7,,43.4,45.0
WO-3331,Blow Molding,ISBM-003,M-SOP-021,2026-11-11,,,9.3,,43.9,53.2
WO-3332,Blow Molding,ISBM-003,M-SOP-009,2026-11-12,,,9.6,,40.8,48.2
WO-3333,Blow Molding,ISBM-003,M-SOP-009,2026-11-12,,,9.8,,39.8,50.8
WO-3334,Blow Molding,ISBM-003,M-SOP-009,2026-11-13,,,11.0,,47.6,48.0
WO-3335,Blow Molding,ISBM-003,M-SOP-006,2026-11-14,,,9.5,,46.4,47.3
WO-3336,Blow Molding,ISBM-003,M-SOP-006,2026-11-15,,,9.3,,35.4,48.0
WO-3337,Blow Molding,ISBM-003,M-SOP-003,2026-11-15,,,9.1,,38.6,49.4
WO-3338,Blow Molding,ISBM-003,M-SOP-003,2026-11-16,,,10.5,,45.6,48.9
WO-3339,Blow Molding,ISBM-003,M-SOP-003,2026-11-17,,,10.1,,40.1,45.4
WO-3340,  Blow Molding  ,ISBM-003,M-SOP-025,2026-11-18,,,8.0,,37.1,43.2
WO-3341,Blow Molding,ISBM-003,M-SOP-009,2026-11-19,,,8.8,,48.8,49.3
WO-3342,BLOW MOLDING,ISBM-003,M-SOP-009,2026-11-19,,,10.6,,40.6,48.2
WO-3343,Blow Molding,ISBM-003,M-SOP-009,2026-11-20,,,9.4,,42.5,50.9
WO-3344,Blow Molding,ISBM-003,M-SOP-025,2026-11-21,,,9.5,,42.8,46.1
WO-3345,Blow Molding,ISBM-003,M-SOP-025,2026-11-22,,,11.4,,46.1,51.7
WO-3346,Blow Molding,ISBM-003,M-SOP-021,2026-11-22,,,8.9,,45.1,42.4
WO-3347,Blow Molding,ISBM-003,M-SOP-006,2026-11-23,,,7.2,,44.4,53.8
WO-3348,Blow Molding,ISBM-003,M-SOP-006,2026-11-24,,,8.2,,41.3,49.6
WO-3349,Blow Molding,ISBM-003,M-SOP-006,2026-11-24,,,8.1,,45.5,51.1
WO-3350,Blow Molding,ISBM-003,M-SOP-025,2026-11-25,,,10.6,,43.2,43.6
WO-3351,Blow Molding,ISBM-003,M-SOP-003,2026-11-26,,,11.8,,41.2,45.6
WO-3352,Blow Molding,ISBM-003,M-SOP-003,2026-11-27,,,10.3,,43.6,42.0
WO-3353,Blow Molding,ISBM-003,M-SOP-003,2026-11-27,,,11.3,,45.7,53.1
WO-3354,Blow Molding,ISBM-003,M-SOP-021,2026-11-28,,,9.2,,42.4,44.4
WO-3355,Blow Molding,ISBM-003,M-SOP-003,2026-11-29,,,8.1,,41.8,42.8
WO-3356,Blow Molding,ISBM-003,M-SOP-003,2026-11-30,,,9.6,,42.3,43.3
WO-3357,  Blow Molding  ,ISBM-003,M-SOP-003,2026-11-30,,,10.2,,42.0,46.8
WO-3358,Blow Molding,ISBM-003,M-SOP-009,2026-12-01,,,10.0,,43.7,47.2
WO-3359,Blow Molding,ISBM-003,M-SOP-009,2026-12-02,,,10.7,,40.7,49.8
WO-3360,Blow Molding,ISBM-003,M-SOP-009,2026-12-02,,,8.4,,41.8,43.5
WO-3361,Blow Molding,ISBM-003,M-SOP-025,2026-12-03,,,10.9,,44.2,47.9
WO-3362,  Blow Molding  ,ISBM-003,M-SOP-021,2026-12-03,,,9.1,,39.5,47.5
WO-3363,Blow Molding,ISBM-003,M-SOP-021,2026-12-04,,,10.8,,42.1,44.1
WO-3364,Blow Molding,ISBM-003,M-SOP-006,2026-12-04,,,8.4,,42.0,47.7
WO-3365,Blow Molding,ISBM-003,M-SOP-006,2026-12-05,,,8.1,,39.8,45.4
WO-3366,Blow Molding,ISBM-003,M-SOP-006,2026-12-06,,,9.7,,40.0,49.9
WO-3367,Blow Molding,ISBM-003,M-SOP-006,2026-12-07,,,8.7,,37.6,50.6
WO-3368,Blow Molding,ISBM-003,M-SOP-006,2026-12-07,,,9.0,,45.1,46.0
WO-3369,Blow Molding,ISBM-003,M-SOP-006,2026-12-08,,,8.0,,45.8,51.2
WO-3370,Blow Molding,ISBM-003,M-SOP-006,2026-12-09,,,10.1,,38.2,48.4
WO-3371,Blow Molding,ISBM-003,M-SOP-025,2026-12-10,,,11.0,,39.6,38.0
WO-3372,Blow Molding,ISBM-003,M-SOP-025,2026-12-11,,,8.4,,38.8,48.7
WO-3373,Blow Molding,ISBM-003,M-SOP-025,2026-12-11,,,10.9,,38.5,41.1
WO-3374,Blow Molding,ISBM-003,M-SOP-025,2026-12-12,,,8.2,,43.4,45.7
WO-3375,Blow Molding,ISBM-003,M-SOP-025,2026-12-13,,,10.4,,41.8,52.6
WO-3376,Blow Molding,ISBM-003,M-SOP-025,2026-12-13,,,11.6,,45.2,44.6
WO-3377,Blow Molding,ISBM-003,M-SOP-009,2026-12-14,,,11.2,,39.9,41.9
WO-3378,Blow Molding,ISBM-003,M-SOP-006,2026-12-15,,,11.2,,46.2,40.2
WO-3379,Blow Molding,ISBM-003,M-SOP-006,2026-12-15,,,8.9,,39.8,47.6
WO-3380,  Blow Molding  ,ISBM-003,M-SOP-009,2026-12-16,,,8.6,,44.5,49.9
WO-3381,Blow Molding,ISBM-003,M-SOP-009,2026-12-17,,,9.5,,41.5,49.6
WO-3382,Blow Molding,ISBM-003,M-SOP-009,2026-12-18,,,11.2,,45.7,52.0
WO-3383,Blow Molding,ISBM-003,M-SOP-006,2026-12-18,,,9.4,,43.0,54.7
WO-3384,Blow Molding,ISBM-003,M-SOP-021,2026-12-19,,,10.2,,42.9,51.3
WO-3385,Blow Molding,ISBM-003,M-SOP-006,2026-12-20,,,11.0,,37.7,47.2
WO-3386,Blow Molding,ISBM-003,M-SOP-006,2026-12-20,,,8.6,,40.9,46.9
WO-3387,Blow Molding,ISBM-003,M-SOP-021,2026-12-21,,,9.3,,35.4,43.1
WO-3388,Blow Molding,ISBM-003,M-SOP-009,2026-12-22,,,10.6,,37.5,48.2
WO-3389,Blow Molding,ISBM-003,M-SOP-009,2026-12-22,,,10.6,,42.3,43.5
WO-3390,Blow Molding,ISBM-003,M-SOP-021,2026-12-23,,,9.5,,40.9,37.7
WO-3391,Blow Molding,ISBM-003,M-SOP-021,2026-12-24,,,8.0,,41.0,46.3
WO-3392,Blow Molding,ISBM-003,M-SOP-025,2026-12-25,,,9.3,,40.5,50.3
WO-3393,Blow Molding,ISBM-003,M-SOP-021,2026-12-26,,,8.8,,47.8,46.3
WO-3394,Blow Molding,ISBM-003,M-SOP-006,2026-12-27,,,9.8,,46.8,50.3
WO-3395,Blow Molding,ISBM-003,M-SOP-006,2026-12-28,,,9.3,,40.0,47.3
WO-3396,Blow Molding,ISBM-003,M-SOP-025,2026-12-28,,,9.3,,37.1,43.2
WO-3397,Blow Molding,ISBM-003,M-SOP-025,2026-12-29,,,9.5,,39.8,50.8
WO-3398,Blow Molding,ISBM-003,M-SOP-025,2026-12-29,,,7.9,,45.6,53.1
WO-3399,Blow Molding,ISBM-003,M-SOP-006,2026-12-30,,,10.2,,46.7,56.3
WO-3400,Blow Molding,ISBM-003,M-SOP-025,2026-12-30,,,8.3,,46.1,47.4
WO-3401,Blow Molding,ISBM-004,M-SOP-029,2025-07-01,,,9.5,,36.5,50.4
WO-3402,Blow Molding,ISBM-004,M-SOP-026,2025-07-01,,,9.0,,37.0,46.8
WO-3403,Blow Molding,ISBM-004,M-SOP-004,2025-07-02,,,9.3,,42.2,50.0
WO-3404,Blow Molding,ISBM-004,M-SOP-004,2025-07-02,,,9.6,,42.9,44.7
WO-3405,Blow Molding,ISBM-004,M-SOP-004,2025-07-03,,,8.1,,46.0,49.4
WO-3406,Blow Molding,ISBM-004,M-SOP-004,2025-07-04,,,10.2,,38.7,49.9
WO-3407,Blow Molding,ISBM-004,M-SOP-004,2025-07-05,,,10.0,,41.5,52.1
WO-3408,Blow Molding,ISBM-004,M-SOP-026,2025-07-06,,,9.0,,35.0,44.5
WO-3409,Blow Molding,ISBM-004,M-SOP-029,2025-07-06,,,9.4,,43.5,44.7
WO-3410,Blow Molding,ISBM-004,M-SOP-029,2025-07-07,,,9.0,,45.2,49.3
WO-3411,blow molding,ISBM-004,M-SOP-012,2025-07-08,,,9.9,,43.4,46.8
WO-3412,Blow Molding,ISBM-004,M-SOP-004,2025-07-08,,,9.7,,40.0,39.7
WO-3413,BLOW MOLDING,ISBM-004,M-SOP-004,2025-07-09,,,8.7,,40.3,51.7
WO-3414,Blow Molding,ISBM-004,M-SOP-004,2025-07-09,,,9.2,,40.1,47.7
WO-3415,Blow Molding,ISBM-004,M-SOP-004,2025-07-10,,,6.5,,41.4,47.9
WO-3416,Blow Molding,ISBM-004,M-SOP-004,2025-07-10,,,8.6,,36.8,49.5
WO-3417,Blow Molding,ISBM-004,M-SOP-004,2025-07-11,,,11.4,,41.9,51.5
WO-3418,Blow Molding,ISBM-004,M-SOP-029,2025-07-12,,,11.1,,38.9,42.6
WO-3419,Blow Molding,ISBM-004,M-SOP-004,2025-07-12,,,11.4,,37.9,38.8
WO-3420,BLOW MOLDING,ISBM-004,M-SOP-004,2025-07-13,,,9.3,,42.6,51.7
WO-3421,Blow Molding,ISBM-004,M-SOP-004,2025-07-14,,,11.2,,41.5,48.2
WO-3422,Blow Molding,ISBM-004,M-SOP-026,2025-07-15,,,10.0,,44.5,44.8
WO-3423,Blow Molding,ISBM-004,M-SOP-026,2025-07-15,,,7.9,,37.6,46.4
WO-3424,Blow Molding,ISBM-004,M-SOP-004,2025-07-16,,,9.3,,44.5,45.5
WO-3425,Blow Molding,ISBM-004,M-SOP-004,2025-07-17,,,9.8,,39.2,53.4
WO-3426,Blow Molding,ISBM-004,M-SOP-004,2025-07-17,,,10.8,,42.5,47.2
WO-3427,Blow Molding,ISBM-004,M-SOP-004,2025-07-18,,,9.8,,42.8,49.4
WO-3428,Blow Molding,ISBM-004,M-SOP-012,2025-07-19,,,8.6,,42.1,45.4
WO-3429,Blow Molding,ISBM-004,M-SOP-012,2025-07-20,,,10.5,,45.7,43.6
WO-3430,Blow Molding,ISBM-004,M-SOP-012,2025-07-21,,,10.7,,42.7,45.6
WO-3431,Blow Molding,ISBM-004,M-SOP-026,2025-07-21,,,9.7,,43.1,44.8
WO-3432,Blow Molding,ISBM-004,M-SOP-026,2025-07-22,,,10.1,,40.0,47.1
WO-3433,Blow Molding,ISBM-004,M-SOP-026,2025-07-23,,,10.3,,43.8,49.5
WO-3434,Blow Molding,ISBM-004,M-SOP-029,2025-07-24,,,10.5,,40.5,45.0
WO-3435,Blow Molding,ISBM-004,M-SOP-012,2025-07-24,,,10.2,,45.8,53.3
WO-3436,Blow Molding,ISBM-004,M-SOP-012,2025-07-25,,,7.9,,42.2,52.9
WO-3437,Blow Molding,ISBM-004,M-SOP-012,2025-07-26,,,9.9,,40.9,50.7
WO-3438,Blow Molding,ISBM-004,M-SOP-004,2025-07-26,,,9.3,,45.3,39.3
WO-3439,Blow Molding,ISBM-004,M-SOP-004,2025-07-27,,,9.4,,45.1,49.9
WO-3440,Blow Molding,ISBM-004,M-SOP-004,2025-07-28,,,9.5,,45.0,46.0
WO-3441,Blow Molding,ISBM-004,M-SOP-026,2025-07-28,,,8.6,,42.5,45.8
WO-3442,Blow Molding,ISBM-004,M-SOP-026,2025-07-29,,,10.0,,42.7,40.8
WO-3443,Blow Molding,ISBM-004,M-SOP-026,2025-07-30,,,9.0,,44.1,50.2
WO-3444,Blow Molding,ISBM-004,M-SOP-012,2025-07-31,,,9.9,,38.6,55.6
WO-3445,Blow Molding,ISBM-004,M-SOP-029,2025-07-31,,,8.8,,39.7,49.9
WO-3446,Blow Molding,ISBM-004,M-SOP-029,2025-08-01,,,9.1,,44.3,49.3
WO-3447,blow molding,ISBM-004,M-SOP-029,2025-08-02,,,9.1,,37.5,51.0
WO-3448,Blow Molding,ISBM-004,M-SOP-026,2025-08-02,,,10.1,,42.1,49.2
WO-3449,Blow Molding,ISBM-004,M-SOP-026,2025-08-03,,,10.0,,46.0,47.6
WO-3450,Blow Molding,ISBM-004,M-SOP-029,2025-08-03,,,9.9,,39.9,47.3
WO-3451,blow molding,ISBM-004,M-SOP-026,2025-08-04,,,9.6,,40.1,48.3
WO-3452,Blow Molding,ISBM-004,M-SOP-026,2025-08-05,,,9.5,,46.6,51.4
WO-3453,Blow Molding,ISBM-004,M-SOP-012,2025-08-05,,,8.8,,41.5,59.2
WO-3454,Blow Molding,ISBM-004,M-SOP-012,2025-08-06,,,9.5,,46.1,53.0
WO-3455,Blow Molding,ISBM-004,M-SOP-012,2025-08-06,,,9.6,,42.8,42.9
WO-3456,Blow Molding,ISBM-004,M-SOP-012,2025-08-07,,,8.5,,40.1,51.1
WO-3457,Blow Molding,ISBM-004,M-SOP-012,2025-08-08,,,9.5,,44.7,44.4
WO-3458,Blow Molding,ISBM-004,M-SOP-026,2025-08-09,,,10.2,,42.2,46.7
WO-3459,Blow Molding,ISBM-004,M-SOP-012,2025-08-09,,,9.7,,48.0,45.7
WO-3460,Blow Molding,ISBM-004,M-SOP-012,2025-08-10,,,8.7,,41.5,52.2
WO-3461,Blow Molding,ISBM-004,M-SOP-012,2025-08-11,,,8.1,,44.5,41.0
WO-3462,Blow Molding,ISBM-004,M-SOP-012,2025-08-11,,,10.6,,45.2,41.6
WO-3463,Blow Molding,ISBM-004,M-SOP-012,2025-08-12,,,9.4,,42.2,45.7
WO-3464,Blow Molding,ISBM-004,M-SOP-026,2025-08-13,,,9.1,,38.5,46.4
WO-3465,Blow Molding,ISBM-004,M-SOP-026,2025-08-14,,,8.7,,40.8,36.0
WO-3466,Blow Molding,ISBM-004,M-SOP-004,2025-08-14,,,10.5,,42.1,55.6
WO-3467,Blow Molding,ISBM-004,M-SOP-012,2025-08-15,,,8.5,,47.1,40.7
WO-3468,Blow Molding,ISBM-004,M-SOP-012,2025-08-15,,,8.7,,43.0,47.4
WO-3469,Blow Molding,ISBM-004,M-SOP-012,2025-08-16,,,9.1,,37.7,57.3
WO-3470,Blow Molding,ISBM-004,M-SOP-012,2025-08-17,,,9.2,,36.1,45.9
WO-3471,blow molding,ISBM-004,M-SOP-012,2025-08-17,,,10.4,,46.6,53.6
WO-3472,Blow Molding,ISBM-004,M-SOP-004,2025-08-18,,,11.3,,41.4,52.7
WO-3473,Blow Molding,ISBM-004,M-SOP-004,2025-08-19,,,8.4,,44.1,33.7
WO-3474,Blow Molding,ISBM-004,M-SOP-004,2025-08-20,,,9.7,,40.4,48.6
WO-3475,Blow Molding,ISBM-004,M-SOP-004,2025-08-20,,,10.0,,44.8,51.8
WO-3476,Blow Molding,ISBM-004,M-SOP-004,2025-08-21,,,8.9,,37.2,54.0
WO-3477,Blow Molding,ISBM-004,M-SOP-026,2025-08-22,,,8.2,,40.1,56.9
WO-3478,Blow Molding,ISBM-004,M-SOP-026,2025-08-22,,,9.7,,40.8,45.9
WO-3479,Blow Molding,ISBM-004,M-SOP-026,2025-08-23,,,11.1,,39.7,42.1
WO-3480,Blow Molding,ISBM-004,M-SOP-026,2025-08-23,,,11.0,,40.0,40.8
WO-3481,blow molding,ISBM-004,M-SOP-026,2025-08-24,,,7.6,,36.6,49.6
WO-3482,Blow Molding,ISBM-004,M-SOP-012,2025-08-25,,,8.5,,42.0,49.9
WO-3483,Blow Molding,ISBM-004,M-SOP-012,2025-08-26,,,10.1,,44.7,49.3
WO-3484,Blow Molding,ISBM-004,M-SOP-012,2025-08-27,,,9.3,,41.5,47.2
WO-3485,Blow Molding,ISBM-004,M-SOP-012,2025-08-27,,,8.4,,40.7,46.5
WO-3486,Blow Molding,ISBM-004,M-SOP-012,2025-08-28,,,8.1,,45.8,50.9
WO-3487,Blow Molding,ISBM-004,M-SOP-012,2025-08-29,,,10.5,,42.8,55.4
WO-3488,Blow Molding,ISBM-004,M-SOP-004,2025-08-29,,,10.4,,43.4,56.4
WO-3489,Blow Molding,ISBM-004,M-SOP-004,2025-08-30,,,8.3,,52.1,44.2
WO-3490,Blow Molding,ISBM-004,M-SOP-004,2025-08-31,,,9.4,,42.1,51.2
WO-3491,  Blow Molding  ,ISBM-004,M-SOP-026,2025-09-01,,,8.4,,48.5,41.5
WO-3492,Blow Molding,ISBM-004,M-SOP-026,2025-09-01,,,9.4,,38.8,43.6
WO-3493,Blow Molding,ISBM-004,M-SOP-026,2025-09-02,,,9.6,,43.9,52.0
WO-3494,Blow Molding,ISBM-004,M-SOP-012,2025-09-02,,,8.9,,39.8,43.8
WO-3495,Blow Molding,ISBM-004,M-SOP-012,2025-09-03,,,10.3,,50.1,44.3
WO-3496,Blow Molding,ISBM-004,M-SOP-012,2025-09-04,,,10.0,,43.5,42.9
WO-3497,Blow Molding,ISBM-004,M-SOP-004,2025-09-05,,,6.8,,42.7,51.6
WO-3498,Blow Molding,ISBM-004,M-SOP-004,2025-09-05,,,10.7,,42.2,43.8
WO-3499,Blow Molding,ISBM-004,M-SOP-012,2025-09-06,,,9.2,,46.5,37.5
WO-3500,Blow Molding,ISBM-004,M-SOP-012,2025-09-06,,,10.5,,37.3,54.5
WO-3501,Blow Molding,ISBM-004,M-SOP-012,2025-09-07,,,9.1,,47.3,48.7
WO-3502,Blow Molding,ISBM-004,M-SOP-004,2025-09-07,,,9.8,,49.4,47.0
WO-3503,Blow Molding,ISBM-004,M-SOP-029,2025-09-08,,,10.1,,36.9,52.1
WO-3504,Blow Molding,ISBM-004,M-SOP-004,2025-09-09,,,9.8,,39.3,60.0
WO-3505,  Blow Molding  ,ISBM-004,M-SOP-004,2025-09-09,,,8.4,,37.6,43.9
WO-3506,Blow Molding,ISBM-004,M-SOP-004,2025-09-10,,,10.0,,44.0,43.9
WO-3507,Blow Molding,ISBM-004,M-SOP-004,2025-09-11,,,8.9,,41.4,48.7
WO-3508,Blow Molding,ISBM-004,M-SOP-012,2025-09-12,,,10.4,,41.1,44.7
WO-3509,Blow Molding,ISBM-004,M-SOP-004,2025-09-13,,,7.7,,38.2,42.6
WO-3510,blow molding,ISBM-004,M-SOP-012,2025-09-13,,,9.0,,41.6,46.0
WO-3511,Blow Molding,ISBM-004,M-SOP-012,2025-09-14,,,10.2,,39.2,45.1
WO-3512,Blow Molding,ISBM-004,M-SOP-012,2025-09-15,,,11.4,,39.1,54.4
WO-3513,Blow Molding,ISBM-004,M-SOP-029,2025-09-16,,,8.7,,45.6,46.2
WO-3514,Blow Molding,ISBM-004,M-SOP-029,2025-09-16,,,10.2,,40.3,47.6
WO-3515,Blow Molding,ISBM-004,M-SOP-026,2025-09-17,,,9.5,,45.3,48.2
WO-3516,Blow Molding,ISBM-004,M-SOP-026,2025-09-18,,,9.3,,39.2,47.6
WO-3517,Blow Molding,ISBM-004,M-SOP-026,2025-09-18,,,9.4,,39.6,53.8
WO-3518,Blow Molding,ISBM-004,M-SOP-012,2025-09-19,,,10.3,,41.6,43.0
WO-3519,Blow Molding,ISBM-004,M-SOP-029,2025-09-20,,,9.3,,35.7,43.8
WO-3520,Blow Molding,ISBM-004,M-SOP-029,2025-09-20,,,10.3,,45.4,49.4
WO-3521,Blow Molding,ISBM-004,M-SOP-029,2025-09-21,,,9.3,,46.0,47.3
WO-3522,Blow Molding,ISBM-004,M-SOP-029,2025-09-22,,,8.8,,44.6,40.1
WO-3523,Blow Molding,ISBM-004,M-SOP-029,2025-09-22,,,10.0,,40.5,48.8
WO-3524,Blow Molding,ISBM-004,M-SOP-004,2025-09-23,,,9.7,,39.3,45.0
WO-3525,  Blow Molding  ,ISBM-004,M-SOP-004,2025-09-24,,,8.6,,39.0,48.1
WO-3526,Blow Molding,ISBM-004,M-SOP-004,2025-09-25,,,8.6,,41.3,48.0
WO-3527,Blow Molding,ISBM-004,M-SOP-004,2025-09-25,,,7.2,,44.8,49.8
WO-3528,Blow Molding,ISBM-004,M-SOP-004,2025-09-26,,,8.7,,51.4,49.0
WO-3529,Blow Molding,ISBM-004,M-SOP-012,2025-09-26,,,10.3,,42.3,47.2
WO-3530,Blow Molding,ISBM-004,M-SOP-012,2025-09-27,,,10.0,,48.2,52.6
WO-3531,blow molding,ISBM-004,M-SOP-012,2025-09-27,,,8.8,,43.7,51.9
WO-3532,blow molding,ISBM-004,M-SOP-012,2025-09-28,,,6.9,,48.2,47.5
WO-3533,Blow Molding,ISBM-004,M-SOP-012,2025-09-28,,,10.2,,35.4,50.3
WO-3534,Blow Molding,ISBM-004,M-SOP-012,2025-09-29,,,9.6,,42.6,50.9
WO-3535,BLOW MOLDING,ISBM-004,M-SOP-012,2025-09-29,,,7.3,,43.9,45.9
WO-3536,Blow Molding,ISBM-004,M-SOP-029,2025-09-30,,,10.7,,37.2,54.1
WO-3537,  Blow Molding  ,ISBM-004,M-SOP-029,2025-10-01,,,8.9,,46.0,47.1
WO-3538,Blow Molding,ISBM-004,M-SOP-012,2025-10-01,,,10.2,,42.0,43.6
WO-3539,Blow Molding,ISBM-004,M-SOP-012,2025-10-02,,,9.7,,39.5,46.4
WO-3540,Blow Molding,ISBM-004,M-SOP-012,2025-10-03,,,10.5,,39.2,45.6
WO-3541,Blow Molding,ISBM-004,M-SOP-004,2025-10-03,,,8.2,,38.1,48.0
WO-3542,BLOW MOLDING,ISBM-004,M-SOP-004,2025-10-04,,,10.2,,35.5,50.7
WO-3543,Blow Molding,ISBM-004,M-SOP-012,2025-10-05,,,10.3,,40.7,45.6
WO-3544,Blow Molding,ISBM-004,M-SOP-026,2025-10-06,,,9.5,,41.1,45.0
WO-3545,Blow Molding,ISBM-004,M-SOP-004,2025-10-07,,,8.6,,41.4,45.9
WO-3546,Blow Molding,ISBM-004,M-SOP-004,2025-10-07,,,6.8,,37.3,43.6
WO-3547,Blow Molding,ISBM-004,M-SOP-004,2025-10-08,,,11.4,,40.1,53.1
WO-3548,  Blow Molding  ,ISBM-004,M-SOP-026,2025-10-08,,,11.0,,50.4,47.4
WO-3549,Blow Molding,ISBM-004,M-SOP-029,2025-10-09,,,8.7,,42.9,47.7
WO-3550,Blow Molding,ISBM-004,M-SOP-029,2025-10-10,,,10.0,,45.0,52.1
WO-3551,Blow Molding,ISBM-004,M-SOP-004,2025-10-11,,,8.8,,44.5,45.0
WO-3552,Blow Molding,ISBM-004,M-SOP-004,2025-10-11,,,10.7,,43.3,56.1
WO-3553,Blow Molding,ISBM-004,M-SOP-012,2025-10-12,,,9.4,,43.4,47.3
WO-3554,Blow Molding,ISBM-004,M-SOP-012,2025-10-13,,,9.2,,43.5,43.8
WO-3555,Blow Molding,ISBM-004,M-SOP-029,2025-10-14,,,10.1,,41.1,53.2
WO-3556,Blow Molding,ISBM-004,M-SOP-029,2025-10-14,,,9.1,,42.6,48.2
WO-3557,Blow Molding,ISBM-004,M-SOP-029,2025-10-15,,,10.6,,43.7,42.9
WO-3558,Blow Molding,ISBM-004,M-SOP-004,2025-10-15,,,9.2,,44.6,45.2
WO-3559,Blow Molding,ISBM-004,M-SOP-004,2025-10-16,,,8.3,,36.5,47.5
WO-3560,Blow Molding,ISBM-004,M-SOP-029,2025-10-17,,,9.5,,40.3,55.2
WO-3561,Blow Molding,ISBM-004,M-SOP-026,2025-10-17,,,8.8,,40.4,51.9
WO-3562,Blow Molding,ISBM-004,M-SOP-026,2025-10-18,,,9.7,,48.6,45.1
WO-3563,Blow Molding,ISBM-004,M-SOP-026,2025-10-18,,,10.5,,40.2,49.5
WO-3564,Blow Molding,ISBM-004,M-SOP-026,2025-10-19,,,10.6,,42.5,48.9
WO-3565,Blow Molding,ISBM-004,M-SOP-026,2025-10-20,,,8.5,,44.2,50.2
WO-3566,Blow Molding,ISBM-004,M-SOP-026,2025-10-20,,,8.4,,41.0,45.2
WO-3567,Blow Molding,ISBM-004,M-SOP-029,2025-10-21,,,9.7,,45.6,51.4
WO-3568,Blow Molding,ISBM-004,M-SOP-029,2025-10-22,,,9.8,,45.9,46.6
WO-3569,Blow Molding,ISBM-004,M-SOP-029,2025-10-22,,,8.8,,42.6,43.8
WO-3570,Blow Molding,ISBM-004,M-SOP-004,2025-10-23,,,10.9,,40.8,46.2
WO-3571,Blow Molding,ISBM-004,M-SOP-004,2025-10-24,,,9.1,,41.4,50.1
WO-3572,Blow Molding,ISBM-004,M-SOP-026,2025-10-25,,,9.8,,36.1,48.2
WO-3573,Blow Molding,ISBM-004,M-SOP-026,2025-10-25,,,9.7,,40.2,49.5
WO-3574,Blow Molding,ISBM-004,M-SOP-012,2025-10-26,,,9.9,,42.8,53.3
WO-3575,Blow Molding,ISBM-004,M-SOP-012,2025-10-27,,,11.1,,48.9,47.2
WO-3576,Blow Molding,ISBM-004,M-SOP-012,2025-10-27,,,9.2,,42.6,36.5
WO-3577,Blow Molding,ISBM-004,M-SOP-012,2025-10-28,,,10.3,,41.4,47.9
WO-3578,Blow Molding,ISBM-004,M-SOP-012,2025-10-28,,,8.2,,40.7,47.9
WO-3579,Blow Molding,ISBM-004,M-SOP-004,2025-10-29,,,10.2,,46.0,48.8
WO-3580,Blow Molding,ISBM-004,M-SOP-004,2025-10-30,,,10.3,,41.2,44.5
WO-3581,Blow Molding,ISBM-004,M-SOP-029,2025-10-31,,,8.5,,43.2,46.9
WO-3582,Blow Molding,ISBM-004,M-SOP-029,2025-10-31,,,9.2,,40.5,49.9
WO-3583,Blow Molding,ISBM-004,M-SOP-029,2025-11-01,,,10.1,,43.9,41.4
WO-3584,Blow Molding,ISBM-004,M-SOP-029,2025-11-02,,,10.9,,45.7,44.5
WO-3585,Blow Molding,ISBM-004,M-SOP-029,2025-11-02,,,10.5,,42.9,47.5
WO-3586,Blow Molding,ISBM-004,M-SOP-029,2025-11-03,,,11.5,,40.3,48.8
WO-3587,blow molding,ISBM-004,M-SOP-029,2025-11-03,,,10.3,,41.5,45.6
WO-3588,Blow Molding,ISBM-004,M-SOP-004,2025-11-04,,,9.7,,37.6,47.0
WO-3589,Blow Molding,ISBM-004,M-SOP-004,2025-11-04,,,10.2,,43.2,42.5
WO-3590,Blow Molding,ISBM-004,M-SOP-004,2025-11-05,,,8.4,,43.7,52.4
WO-3591,Blow Molding,ISBM-004,M-SOP-026,2025-11-06,,,9.4,,39.9,38.5
WO-3592,Blow Molding,ISBM-004,M-SOP-026,2025-11-07,,,8.7,,44.1,41.9
WO-3593,Blow Molding,ISBM-004,M-SOP-012,2025-11-08,,,9.4,,45.4,53.5
WO-3594,Blow Molding,ISBM-004,M-SOP-026,2025-11-08,,,10.3,,41.6,55.3
WO-3595,Blow Molding,ISBM-004,M-SOP-026,2025-11-09,,,11.9,,38.3,48.1
WO-3596,Blow Molding,ISBM-004,M-SOP-026,2025-11-10,,,8.9,,39.0,47.4
WO-3597,Blow Molding,ISBM-004,M-SOP-029,2025-11-10,,,9.9,,44.5,44.0
WO-3598,Blow Molding,ISBM-004,M-SOP-029,2025-11-11,,,8.2,,42.8,48.5
WO-3599,Blow Molding,ISBM-004,M-SOP-026,2025-11-12,,,9.4,,41.6,47.7
WO-3600,Blow Molding,ISBM-004,M-SOP-029,2025-11-12,,,10.4,,46.3,46.4
WO-3601,Blow Molding,ISBM-004,M-SOP-029,2025-11-13,,,10.3,,43.5,51.1
WO-3602,  Blow Molding  ,ISBM-004,M-SOP-029,2025-11-14,,,10.7,,44.9,49.3
WO-3603,Blow Molding,ISBM-004,M-SOP-004,2025-11-15,,,7.9,,42.6,48.4
WO-3604,Blow Molding,ISBM-004,M-SOP-004,2025-11-15,,,9.4,,36.9,48.1
WO-3605,Blow Molding,ISBM-004,M-SOP-004,2025-11-16,,,9.5,,47.1,44.9
WO-3606,Blow Molding,ISBM-004,M-SOP-004,2025-11-16,,,10.2,,39.5,46.2
WO-3607,Blow Molding,ISBM-004,M-SOP-004,2025-11-17,,,10.5,,38.6,46.9
WO-3608,Blow Molding,ISBM-004,M-SOP-012,2025-11-17,,,9.2,,41.8,48.5
WO-3609,Blow Molding,ISBM-004,M-SOP-012,2025-11-18,,,10.2,,44.2,46.4
WO-3610,Blow Molding,ISBM-004,M-SOP-012,2025-11-19,,,11.8,,46.7,49.8
WO-3611,Blow Molding,ISBM-004,M-SOP-012,2025-11-19,,,9.9,,50.8,41.8
WO-3612,Blow Molding,ISBM-004,M-SOP-029,2025-11-20,,,10.1,,40.0,48.0
WO-3613,Blow Molding,ISBM-004,M-SOP-029,2025-11-20,,,9.0,,42.1,48.7
WO-3614,Blow Molding,ISBM-004,M-SOP-029,2025-11-21,,,10.0,,40.8,47.5
WO-3615,Blow Molding,ISBM-004,M-SOP-029,2025-11-21,,,10.1,,43.6,47.9
WO-3616,Blow Molding,ISBM-004,M-SOP-012,2025-11-22,,,7.4,,36.8,44.7
WO-3617,Blow Molding,ISBM-004,M-SOP-012,2025-11-23,,,8.1,,38.7,44.7
WO-3618,Blow Molding,ISBM-004,M-SOP-012,2025-11-23,,,8.5,,40.6,40.8
WO-3619,blow molding,ISBM-004,M-SOP-004,2025-11-24,,,9.7,,41.8,57.0
WO-3620,Blow Molding,ISBM-004,M-SOP-012,2025-11-25,,,10.7,,46.4,50.5
WO-3621,Blow Molding,ISBM-004,M-SOP-029,2025-11-25,,,10.0,,39.1,53.8
WO-3622,Blow Molding,ISBM-004,M-SOP-029,2025-11-26,,,8.9,,41.2,49.8
WO-3623,BLOW MOLDING,ISBM-004,M-SOP-012,2025-11-27,,,9.9,,47.5,45.7
WO-3624,Blow Molding,ISBM-004,M-SOP-012,2025-11-28,,,11.0,,41.4,48.4
WO-3625,Blow Molding,ISBM-004,M-SOP-012,2025-11-28,,,10.2,,42.2,46.3
WO-3626,Blow Molding,ISBM-004,M-SOP-026,2025-11-29,,,9.3,,43.4,36.7
WO-3627,Blow Molding,ISBM-004,M-SOP-026,2025-11-30,,,9.3,,42.2,47.2
WO-3628,Blow Molding,ISBM-004,M-SOP-026,2025-11-30,,,9.8,,39.3,47.5
WO-3629,Blow Molding,ISBM-004,M-SOP-012,2025-12-01,,,9.6,,43.9,50.7
WO-3630,Blow Molding,ISBM-004,M-SOP-012,2025-12-02,,,9.8,,41.2,41.7
WO-3631,blow molding,ISBM-004,M-SOP-004,2025-12-02,,,8.0,,35.3,45.8
WO-3632,Blow Molding,ISBM-004,M-SOP-004,2025-12-02,,,9.2,,43.6,52.3
WO-3633,Blow Molding,ISBM-004,M-SOP-004,2025-12-03,,,7.3,,50.3,48.5
WO-3634,Blow Molding,ISBM-004,M-SOP-004,2025-12-04,,,10.2,,38.4,45.9
WO-3635,Blow Molding,ISBM-004,M-SOP-004,2025-12-04,,,9.4,,40.2,55.6
WO-3636,Blow Molding,ISBM-004,M-SOP-012,2025-12-05,,,9.8,,43.1,44.7
WO-3637,Blow Molding,ISBM-004,M-SOP-012,2025-12-06,,,9.6,,43.3,53.1
WO-3638,Blow Molding,ISBM-004,M-SOP-026,2025-12-07,,,9.4,,37.8,55.6
WO-3639,Blow Molding,ISBM-004,M-SOP-026,2025-12-08,,,9.0,,41.0,49.5
WO-3640,Blow Molding,ISBM-004,M-SOP-026,2025-12-08,,,6.5,,42.2,48.9
WO-3641,Blow Molding,ISBM-004,M-SOP-029,2025-12-09,,,10.2,,49.9,48.7
WO-3642,Blow Molding,ISBM-004,M-SOP-029,2025-12-09,,,11.3,,38.0,43.0
WO-3643,Blow Molding,ISBM-004,M-SOP-004,2025-12-10,,,9.9,,38.8,46.3
WO-3644,Blow Molding,ISBM-004,M-SOP-029,2025-12-10,,,11.0,,40.8,45.3
WO-3645,Blow Molding,ISBM-004,M-SOP-004,2025-12-11,,,9.2,,44.0,46.1
WO-3646,Blow Molding,ISBM-004,M-SOP-004,2025-12-12,,,8.9,,42.9,42.3
WO-3647,Blow Molding,ISBM-004,M-SOP-004,2025-12-12,,,11.4,,36.0,47.9
WO-3648,blow molding,ISBM-004,M-SOP-004,2025-12-13,,,10.1,,40.2,49.3
WO-3649,Blow Molding,ISBM-004,M-SOP-004,2025-12-14,,,9.5,,47.1,47.6
WO-3650,Blow Molding,ISBM-004,M-SOP-026,2025-12-14,,,9.7,,41.3,49.6
WO-3651,Blow Molding,ISBM-004,M-SOP-026,2025-12-15,,,9.5,,37.8,44.9
WO-3652,Blow Molding,ISBM-004,M-SOP-026,2025-12-16,,,9.3,,40.5,55.3
WO-3653,Blow Molding,ISBM-004,M-SOP-029,2025-12-16,,,11.1,,47.4,48.8
WO-3654,Blow Molding,ISBM-004,M-SOP-029,2025-12-16,,,9.0,,45.2,45.8
WO-3655,Blow Molding,ISBM-004,M-SOP-029,2025-12-17,,,10.4,,37.2,49.8
WO-3656,Blow Molding,ISBM-004,M-SOP-004,2025-12-18,,,11.1,,35.7,40.9
WO-3657,blow molding,ISBM-004,M-SOP-004,2025-12-19,,,10.7,,39.8,43.5
WO-3658,Blow Molding,ISBM-004,M-SOP-029,2025-12-19,,,11.3,,42.0,50.5
WO-3659,Blow Molding,ISBM-004,M-SOP-029,2025-12-20,,,8.9,,41.7,46.8
WO-3660,Blow Molding,ISBM-004,M-SOP-029,2025-12-21,,,7.8,,39.2,46.5
WO-3661,Blow Molding,ISBM-004,M-SOP-004,2025-12-21,,,8.8,,39.4,53.7
WO-3662,Blow Molding,ISBM-004,M-SOP-004,2025-12-22,,,8.1,,40.6,50.2
WO-3663,Blow Molding,ISBM-004,M-SOP-004,2025-12-22,,,7.9,,42.9,40.1
WO-3664,Blow Molding,ISBM-004,M-SOP-029,2025-12-23,,,10.1,,35.7,48.6
WO-3665,Blow Molding,ISBM-004,M-SOP-029,2025-12-24,,,10.3,,44.0,47.3
WO-3666,  Blow Molding  ,ISBM-004,M-SOP-029,2025-12-24,,,9.7,,42.0,45.7
WO-3667,Blow Molding,ISBM-004,M-SOP-029,2025-12-25,,,10.4,,40.5,48.4
WO-3668,Blow Molding,ISBM-004,M-SOP-029,2025-12-26,,,10.2,,45.4,44.7
WO-3669,Blow Molding,ISBM-004,M-SOP-004,2025-12-26,,,11.7,,42.0,37.2
WO-3670,Blow Molding,ISBM-004,M-SOP-004,2025-12-27,,,11.8,,42.8,44.7
WO-3671,blow molding,ISBM-004,M-SOP-029,2025-12-28,,,10.1,,35.5,50.4
WO-3672,Blow Molding,ISBM-004,M-SOP-029,2025-12-29,,,10.7,,40.1,47.8
WO-3673,BLOW MOLDING,ISBM-004,M-SOP-029,2025-12-30,,,9.6,,40.9,49.5
WO-3674,Blow Molding,ISBM-004,M-SOP-012,2025-12-30,,,10.7,,40.2,50.7
WO-3675,Blow Molding,ISBM-004,M-SOP-012,2025-12-31,,,10.3,,39.0,45.3
WO-3676,Blow Molding,ISBM-004,M-SOP-026,2026-01-01,,,8.0,,40.6,54.4
WO-3677,Blow Molding,ISBM-004,M-SOP-029,2026-01-02,,,9.2,,41.9,50.7
WO-3678,Blow Molding,ISBM-004,M-SOP-029,2026-01-02,,,9.3,,40.6,44.8
WO-3679,Blow Molding,ISBM-004,M-SOP-029,2026-01-03,,,10.0,,44.2,50.1
WO-3680,Blow Molding,ISBM-004,M-SOP-026,2026-01-03,,,10.7,,42.8,52.1
WO-3681,Blow Molding,ISBM-004,M-SOP-026,2026-01-04,,,10.1,,40.5,47.9
WO-3682,blow molding,ISBM-004,M-SOP-026,2026-01-04,,,12.3,,41.0,57.7
WO-3683,Blow Molding,ISBM-004,M-SOP-026,2026-01-05,,,8.8,,38.4,50.2
WO-3684,Blow Molding,ISBM-004,M-SOP-012,2026-01-06,,,9.7,,39.2,54.4
WO-3685,Blow Molding,ISBM-004,M-SOP-012,2026-01-06,,,10.0,,39.3,46.6
WO-3686,Blow Molding,ISBM-004,M-SOP-012,2026-01-07,,,9.6,,40.1,37.8
WO-3687,Blow Molding,ISBM-004,M-SOP-012,2026-01-08,,,9.8,,40.3,52.5
WO-3688,Blow Molding,ISBM-004,M-SOP-012,2026-01-09,,,9.1,,39.3,53.5
WO-3689,Blow Molding,ISBM-004,M-SOP-026,2026-01-09,,,11.5,,42.3,44.6
WO-3690,Blow Molding,ISBM-004,M-SOP-012,2026-01-10,,,10.1,,44.4,48.7
WO-3691,Blow Molding,ISBM-004,M-SOP-012,2026-01-10,,,9.8,,46.7,53.5
WO-3692,Blow Molding,ISBM-004,M-SOP-012,2026-01-11,,,8.9,,43.2,43.6
WO-3693,Blow Molding,ISBM-004,M-SOP-026,2026-01-12,,,9.4,,37.6,50.9
WO-3694,Blow Molding,ISBM-004,M-SOP-026,2026-01-13,,,9.6,,39.9,38.4
WO-3695,Blow Molding,ISBM-004,M-SOP-026,2026-01-13,,,8.7,,43.9,47.2
WO-3696,Blow Molding,ISBM-004,M-SOP-026,2026-01-14,,,9.9,,42.8,45.9
WO-3697,Blow Molding,ISBM-004,M-SOP-026,2026-01-14,,,8.1,,42.9,47.2
WO-3698,Blow Molding,ISBM-004,M-SOP-029,2026-01-15,,,8.5,,44.7,50.3
WO-3699,Blow Molding,ISBM-004,M-SOP-029,2026-01-16,,,8.6,,41.5,51.9
WO-3700,Blow Molding,ISBM-004,M-SOP-026,2026-01-17,,,9.6,,43.2,54.1
WO-3701,Blow Molding,ISBM-004,M-SOP-026,2026-01-17,,,8.6,,45.1,47.7
WO-3702,Blow Molding,ISBM-004,M-SOP-029,2026-01-18,,,10.2,,39.1,50.3
WO-3703,BLOW MOLDING,ISBM-004,M-SOP-012,2026-01-19,,,8.0,,37.9,51.3
WO-3704,Blow Molding,ISBM-004,M-SOP-012,2026-01-19,,,9.4,,39.9,51.8
WO-3705,Blow Molding,ISBM-004,M-SOP-004,2026-01-20,,,8.2,,43.3,45.3
WO-3706,Blow Molding,ISBM-004,M-SOP-004,2026-01-21,,,9.4,,44.1,48.4
WO-3707,Blow Molding,ISBM-004,M-SOP-004,2026-01-21,,,8.2,,38.5,41.3
WO-3708,Blow Molding,ISBM-004,M-SOP-004,2026-01-22,,,8.7,,41.5,50.8
WO-3709,BLOW MOLDING,ISBM-004,M-SOP-004,2026-01-23,,,10.6,,41.4,44.6
WO-3710,Blow Molding,ISBM-004,M-SOP-026,2026-01-23,,,9.3,,43.7,49.2
WO-3711,Blow Molding,ISBM-004,M-SOP-029,2026-01-24,,,8.5,,42.6,49.7
WO-3712,Blow Molding,ISBM-004,M-SOP-029,2026-01-25,,,9.2,,42.2,48.9
WO-3713,Blow Molding,ISBM-004,M-SOP-029,2026-01-26,,,9.5,,43.0,48.4
WO-3714,Blow Molding,ISBM-004,M-SOP-004,2026-01-27,,,9.3,,44.1,47.2
WO-3715,Blow Molding,ISBM-004,M-SOP-004,2026-01-28,,,9.5,,40.6,47.2
WO-3716,Blow Molding,ISBM-004,M-SOP-004,2026-01-28,,,8.6,,40.9,51.0
WO-3717,Blow Molding,ISBM-004,M-SOP-029,2026-01-29,,,8.4,,38.2,53.2
WO-3718,Blow Molding,ISBM-004,M-SOP-026,2026-01-30,,,9.0,,39.6,56.3
WO-3719,Blow Molding,ISBM-004,M-SOP-026,2026-01-31,,,9.8,,44.0,50.6
WO-3720,BLOW MOLDING,ISBM-004,M-SOP-012,2026-01-31,,,10.1,,42.1,51.2
WO-3721,Blow Molding,ISBM-004,M-SOP-012,2026-02-01,,,7.9,,46.5,48.6
WO-3722,Blow Molding,ISBM-004,M-SOP-012,2026-02-01,,,8.8,,43.1,55.4
WO-3723,Blow Molding,ISBM-004,M-SOP-026,2026-02-02,,,9.9,,42.2,44.7
WO-3724,Blow Molding,ISBM-004,M-SOP-026,2026-02-03,,,8.5,,37.4,52.1
WO-3725,Blow Molding,ISBM-004,M-SOP-026,2026-02-04,,,9.3,,43.1,56.9
WO-3726,Blow Molding,ISBM-004,M-SOP-004,2026-02-04,,,9.6,,48.4,45.4
WO-3727,Blow Molding,ISBM-004,M-SOP-004,2026-02-05,,,11.6,,45.1,45.4
WO-3728,Blow Molding,ISBM-004,M-SOP-004,2026-02-06,,,7.8,,46.9,47.4
WO-3729,Blow Molding,ISBM-004,M-SOP-004,2026-02-07,,,9.1,,42.3,46.5
WO-3730,Blow Molding,ISBM-004,M-SOP-004,2026-02-07,,,8.6,,41.9,56.1
WO-3731,Blow Molding,ISBM-004,M-SOP-004,2026-02-08,,,10.5,,44.9,45.5
WO-3732,Blow Molding,ISBM-004,M-SOP-004,2026-02-09,,,9.5,,39.5,52.0
WO-3733,Blow Molding,ISBM-004,M-SOP-004,2026-02-10,,,10.3,,40.1,46.0
WO-3734,Blow Molding,ISBM-004,M-SOP-012,2026-02-10,,,9.5,,39.8,42.9
WO-3735,Blow Molding,ISBM-004,M-SOP-012,2026-02-11,,,9.8,,44.5,48.9
WO-3736,Blow Molding,ISBM-004,M-SOP-012,2026-02-12,,,10.5,,44.7,47.7
WO-3737,Blow Molding,ISBM-004,M-SOP-004,2026-02-12,,,9.9,,43.6,55.7
WO-3738,Blow Molding,ISBM-004,M-SOP-004,2026-02-13,,,11.5,,41.9,48.0
WO-3739,Blow Molding,ISBM-004,M-SOP-012,2026-02-13,,,9.2,,42.0,48.5
WO-3740,Blow Molding,ISBM-004,M-SOP-012,2026-02-13,,,8.4,,39.8,49.9
WO-3741,Blow Molding,ISBM-004,M-SOP-012,2026-02-14,,,9.8,,45.7,50.6
WO-3742,Blow Molding,ISBM-004,M-SOP-026,2026-02-15,,,10.1,,43.1,35.3
WO-3743,Blow Molding,ISBM-004,M-SOP-026,2026-02-15,,,9.7,,45.5,41.3
WO-3744,Blow Molding,ISBM-004,M-SOP-026,2026-02-16,,,10.5,,41.1,43.5
WO-3745,Blow Molding,ISBM-004,M-SOP-026,2026-02-17,,,11.5,,46.7,51.0
WO-3746,  Blow Molding  ,ISBM-004,M-SOP-026,2026-02-17,,,8.3,,45.7,44.0
WO-3747,Blow Molding,ISBM-004,M-SOP-026,2026-02-18,,,9.5,,44.4,41.7
WO-3748,Blow Molding,ISBM-004,M-SOP-026,2026-02-19,,,8.1,,41.5,43.0
WO-3749,Blow Molding,ISBM-004,M-SOP-012,2026-02-20,,,11.4,,42.3,45.7
WO-3750,Blow Molding,ISBM-004,M-SOP-012,2026-02-20,,,10.9,,39.8,44.7
WO-3751,Blow Molding,ISBM-004,M-SOP-029,2026-02-21,,,7.8,,41.7,46.8
WO-3752,Blow Molding,ISBM-004,M-SOP-029,2026-02-21,,,9.4,,41.9,45.5
WO-3753,Blow Molding,ISBM-004,M-SOP-029,2026-02-22,,,10.6,,37.5,50.8
WO-3754,Blow Molding,ISBM-004,M-SOP-012,2026-02-23,,,8.9,,43.8,47.1
WO-3755,Blow Molding,ISBM-004,M-SOP-012,2026-02-24,,,8.6,,42.8,49.1
WO-3756,Blow Molding,ISBM-004,M-SOP-026,2026-02-24,,,7.7,,36.5,46.8
WO-3757,BLOW MOLDING,ISBM-004,M-SOP-026,2026-02-25,,,9.7,,36.5,41.0
WO-3758,Blow Molding,ISBM-004,M-SOP-026,2026-02-26,,,9.4,,39.0,46.6
WO-3759,  Blow Molding  ,ISBM-004,M-SOP-026,2026-02-26,,,10.3,,39.2,46.8
WO-3760,Blow Molding,ISBM-004,M-SOP-004,2026-02-27,,,11.1,,39.5,46.4
WO-3761,Blow Molding,ISBM-004,M-SOP-012,2026-02-28,,,10.0,,43.9,49.8
WO-3762,Blow Molding,ISBM-004,M-SOP-012,2026-03-01,,,8.7,,44.7,48.7
WO-3763,Blow Molding,ISBM-004,M-SOP-004,2026-03-01,,,10.8,,44.8,51.9
WO-3764,Blow Molding,ISBM-004,M-SOP-004,2026-03-02,,,9.6,,41.4,43.3
WO-3765,Blow Molding,ISBM-004,M-SOP-029,2026-03-03,,,10.0,,45.2,48.5
WO-3766,Blow Molding,ISBM-004,M-SOP-029,2026-03-04,,,8.8,,43.7,48.5
WO-3767,Blow Molding,ISBM-004,M-SOP-029,2026-03-04,,,9.6,,44.0,42.6
WO-3768,Blow Molding,ISBM-004,M-SOP-029,2026-03-05,,,10.2,,43.2,49.8
WO-3769,Blow Molding,ISBM-004,M-SOP-026,2026-03-06,,,7.7,,38.5,43.6
WO-3770,Blow Molding,ISBM-004,M-SOP-004,2026-03-07,,,8.7,,40.9,49.5
WO-3771,Blow Molding,ISBM-004,M-SOP-004,2026-03-07,,,9.3,,43.4,42.5
WO-3772,Blow Molding,ISBM-004,M-SOP-004,2026-03-08,,,9.0,,35.9,42.9
WO-3773,  Blow Molding  ,ISBM-004,M-SOP-012,2026-03-09,,,8.7,,47.5,46.5
WO-3774,Blow Molding,ISBM-004,M-SOP-012,2026-03-09,,,9.4,,40.3,46.4
WO-3775,Blow Molding,ISBM-004,M-SOP-004,2026-03-10,,,8.8,,43.2,46.5
WO-3776,Blow Molding,ISBM-004,M-SOP-004,2026-03-10,,,9.9,,44.8,56.0
WO-3777,Blow Molding,ISBM-004,M-SOP-029,2026-03-11,,,9.3,,38.5,45.2
WO-3778,Blow Molding,ISBM-004,M-SOP-026,2026-03-12,,,7.0,,41.0,41.0
WO-3779,Blow Molding,ISBM-004,M-SOP-029,2026-03-13,,,8.3,,41.9,55.8
WO-3780,Blow Molding,ISBM-004,M-SOP-029,2026-03-13,,,9.1,,45.9,52.7
WO-3781,Blow Molding,ISBM-004,M-SOP-029,2026-03-14,,,10.6,,42.1,47.5
WO-3782,Blow Molding,ISBM-004,M-SOP-012,2026-03-14,,,10.9,,43.0,51.6
WO-3783,BLOW MOLDING,ISBM-004,M-SOP-012,2026-03-15,,,7.9,,45.7,58.1
WO-3784,  Blow Molding  ,ISBM-004,M-SOP-012,2026-03-15,,,10.8,,49.0,45.4
WO-3785,Blow Molding,ISBM-004,M-SOP-026,2026-03-16,,,7.5,,40.7,43.8
WO-3786,Blow Molding,ISBM-004,M-SOP-026,2026-03-17,,,8.9,,47.5,51.2
WO-3787,Blow Molding,ISBM-004,M-SOP-012,2026-03-17,,,9.9,,43.1,39.6
WO-3788,Blow Molding,ISBM-004,M-SOP-029,2026-03-18,,,10.1,,40.6,53.3
WO-3789,Blow Molding,ISBM-004,M-SOP-029,2026-03-18,,,8.2,,40.7,49.9
WO-3790,Blow Molding,ISBM-004,M-SOP-026,2026-03-19,,,10.8,,37.2,37.7
WO-3791,Blow Molding,ISBM-004,M-SOP-026,2026-03-20,,,10.2,,47.4,51.2
WO-3792,Blow Molding,ISBM-004,M-SOP-012,2026-03-20,,,9.9,,38.9,49.8
WO-3793,Blow Molding,ISBM-004,M-SOP-012,2026-03-21,,,9.7,,44.0,42.6
WO-3794,Blow Molding,ISBM-004,M-SOP-012,2026-03-22,,,10.3,,44.6,40.7
WO-3795,Blow Molding,ISBM-004,M-SOP-004,2026-03-22,,,9.0,,44.6,43.2
WO-3796,Blow Molding,ISBM-004,M-SOP-004,2026-03-23,,,8.9,,47.5,44.6
WO-3797,Blow Molding,ISBM-004,M-SOP-012,2026-03-24,,,8.5,,42.5,45.1
WO-3798,Blow Molding,ISBM-004,M-SOP-012,2026-03-24,,,7.8,,45.6,55.6
WO-3799,Blow Molding,ISBM-004,M-SOP-012,2026-03-25,,,10.2,,36.5,49.4
WO-3800,Blow Molding,ISBM-004,M-SOP-012,2026-03-25,,,9.7,,46.7,43.7
WO-3801,Blow Molding,ISBM-004,M-SOP-004,2026-03-26,,,8.8,,43.2,49.4
WO-3802,Blow Molding,ISBM-004,M-SOP-004,2026-03-27,,,10.6,,43.3,43.0
WO-3803,Blow Molding,ISBM-004,M-SOP-029,2026-03-28,,,9.3,,44.4,40.4
WO-3804,Blow Molding,ISBM-004,M-SOP-026,2026-03-29,,,9.2,,44.4,52.7
WO-3805,Blow Molding,ISBM-004,M-SOP-026,2026-03-29,,,9.8,,37.9,52.3
WO-3806,Blow Molding,ISBM-004,M-SOP-026,2026-03-30,,,10.1,,40.6,46.5
WO-3807,Blow Molding,ISBM-004,M-SOP-029,2026-03-31,,,8.8,,42.6,40.7
WO-3808,Blow Molding,ISBM-004,M-SOP-029,2026-03-31,,,10.4,,44.5,41.9
WO-3809,Blow Molding,ISBM-004,M-SOP-029,2026-04-01,,,10.0,,41.2,45.1
WO-3810,blow molding,ISBM-004,M-SOP-029,2026-04-02,,,10.0,,41.7,44.8
WO-3811,Blow Molding,ISBM-004,M-SOP-026,2026-04-03,,,7.9,,44.5,53.6
WO-3812,Blow Molding,ISBM-004,M-SOP-026,2026-04-03,,,8.5,,41.9,50.7
WO-3813,Blow Molding,ISBM-004,M-SOP-029,2026-04-04,,,8.8,,43.2,42.3
WO-3814,Blow Molding,ISBM-004,M-SOP-029,2026-04-04,,,9.9,,44.9,45.8
WO-3815,Blow Molding,ISBM-004,M-SOP-026,2026-04-05,,,8.4,,44.2,48.6
WO-3816,Blow Molding,ISBM-004,M-SOP-026,2026-04-06,,,8.8,,44.4,49.3
WO-3817,Blow Molding,ISBM-004,M-SOP-026,2026-04-07,,,10.4,,40.9,50.2
WO-3818,Blow Molding,ISBM-004,M-SOP-029,2026-04-07,,,9.9,,41.2,50.1
WO-3819,Blow Molding,ISBM-004,M-SOP-029,2026-04-08,,,9.8,,39.3,52.2
WO-3820,Blow Molding,ISBM-004,M-SOP-029,2026-04-09,,,8.3,,49.4,51.0
WO-3821,Blow Molding,ISBM-004,M-SOP-004,2026-04-09,,,8.2,,42.4,45.4
WO-3822,Blow Molding,ISBM-004,M-SOP-004,2026-04-10,,,11.3,,43.4,48.5
WO-3823,Blow Molding,ISBM-004,M-SOP-004,2026-04-11,,,9.2,,43.5,50.1
WO-3824,Blow Molding,ISBM-004,M-SOP-004,2026-04-12,,,10.7,,35.4,50.8
WO-3825,Blow Molding,ISBM-004,M-SOP-012,2026-04-13,,,8.6,,45.4,54.0
WO-3826,Blow Molding,ISBM-004,M-SOP-012,2026-04-13,,,10.4,,46.6,50.8
WO-3827,Blow Molding,ISBM-004,M-SOP-026,2026-04-14,,,9.3,,43.0,42.7
WO-3828,BLOW MOLDING,ISBM-004,M-SOP-029,2026-04-14,,,9.7,,39.4,40.6
WO-3829,Blow Molding,ISBM-004,M-SOP-029,2026-04-15,,,10.1,,40.5,51.7
WO-3830,Blow Molding,ISBM-004,M-SOP-004,2026-04-16,,,8.7,,40.0,47.3
WO-3831,Blow Molding,ISBM-004,M-SOP-004,2026-04-17,,,8.0,,42.4,49.5
WO-3832,Blow Molding,ISBM-004,M-SOP-004,2026-04-17,,,8.8,,42.2,51.1
WO-3833,Blow Molding,ISBM-004,M-SOP-026,2026-04-18,,,10.2,,42.1,45.6
WO-3834,Blow Molding,ISBM-004,M-SOP-026,2026-04-19,,,9.8,,42.5,43.5
WO-3835,Blow Molding,ISBM-004,M-SOP-026,2026-04-20,,,9.1,,41.5,47.0
WO-3836,Blow Molding,ISBM-004,M-SOP-026,2026-04-20,,,9.8,,39.0,53.2
WO-3837,Blow Molding,ISBM-004,M-SOP-026,2026-04-21,,,8.6,,40.9,50.1
WO-3838,Blow Molding,ISBM-004,M-SOP-004,2026-04-22,,,9.1,,41.6,55.6
WO-3839,Blow Molding,ISBM-004,M-SOP-004,2026-04-23,,,8.0,,43.4,42.5
WO-3840,Blow Molding,ISBM-004,M-SOP-012,2026-04-23,,,9.9,,40.1,48.6
WO-3841,  Blow Molding  ,ISBM-004,M-SOP-029,2026-04-24,,,11.5,,44.1,50.8
WO-3842,Blow Molding,ISBM-004,M-SOP-029,2026-04-25,,,8.1,,41.3,51.1
WO-3843,Blow Molding,ISBM-004,M-SOP-012,2026-04-25,,,11.3,,36.3,43.2
WO-3844,Blow Molding,ISBM-004,M-SOP-026,2026-04-26,,,9.9,,42.6,41.9
WO-3845,Blow Molding,ISBM-004,M-SOP-029,2026-04-27,,,9.4,,43.1,51.9
WO-3846,Blow Molding,ISBM-004,M-SOP-026,2026-04-27,,,8.7,,42.5,50.9
WO-3847,Blow Molding,ISBM-004,M-SOP-004,2026-04-28,,,9.4,,44.0,47.6
WO-3848,blow molding,ISBM-004,M-SOP-004,2026-04-29,,,10.4,,41.1,47.2
WO-3849,Blow Molding,ISBM-004,M-SOP-004,2026-04-30,,,11.3,,34.3,47.5
WO-3850,Blow Molding,ISBM-004,M-SOP-026,2026-04-30,,,10.2,,41.1,47.6
WO-3851,Blow Molding,ISBM-004,M-SOP-012,2026-05-01,,,9.7,,38.8,44.8
WO-3852,Blow Molding,ISBM-004,M-SOP-012,2026-05-02,,,9.0,,38.6,42.9
WO-3853,blow molding,ISBM-004,M-SOP-012,2026-05-02,,,8.3,,42.3,46.7
WO-3854,Blow Molding,ISBM-004,M-SOP-029,2026-05-03,,,9.8,,45.2,55.8
WO-3855,Blow Molding,ISBM-004,M-SOP-029,2026-05-04,,,10.0,,39.5,49.1
WO-3856,Blow Molding,ISBM-004,M-SOP-029,2026-05-05,,,9.9,,45.7,47.4
WO-3857,Blow Molding,ISBM-004,M-SOP-029,2026-05-05,,,10.8,,41.5,49.2
WO-3858,Blow Molding,ISBM-004,M-SOP-029,2026-05-06,,,10.2,,39.2,50.6
WO-3859,Blow Molding,ISBM-004,M-SOP-029,2026-05-06,,,11.2,,38.7,50.9
WO-3860,blow molding,ISBM-004,M-SOP-012,2026-05-07,,,10.1,,37.1,42.1
WO-3861,BLOW MOLDING,ISBM-004,M-SOP-012,2026-05-08,,,9.9,,38.9,42.8
WO-3862,Blow Molding,ISBM-004,M-SOP-012,2026-05-09,,,9.3,,44.9,40.1
WO-3863,Blow Molding,ISBM-004,M-SOP-029,2026-05-09,,,9.0,,40.9,40.9
WO-3864,Blow Molding,ISBM-004,M-SOP-029,2026-05-10,,,8.6,,38.5,46.3
WO-3865,Blow Molding,ISBM-004,M-SOP-029,2026-05-10,,,8.1,,40.5,44.3
WO-3866,Blow Molding,ISBM-004,M-SOP-029,2026-05-11,,,8.9,,43.5,50.9
WO-3867,Blow Molding,ISBM-004,M-SOP-026,2026-05-11,,,8.2,,42.0,53.2
WO-3868,Blow Molding,ISBM-004,M-SOP-029,2026-05-12,,,9.9,,44.6,49.5
WO-3869,Blow Molding,ISBM-004,M-SOP-012,2026-05-12,,,9.2,,42.7,43.6
WO-3870,Blow Molding,ISBM-004,M-SOP-012,2026-05-13,,,9.1,,42.2,45.2
WO-3871,Blow Molding,ISBM-004,M-SOP-026,2026-05-14,,,9.8,,47.1,46.0
WO-3872,Blow Molding,ISBM-004,M-SOP-026,2026-05-15,,,8.8,,42.6,45.0
WO-3873,Blow Molding,ISBM-004,M-SOP-026,2026-05-15,,,9.5,,43.2,45.8
WO-3874,Blow Molding,ISBM-004,M-SOP-026,2026-05-16,,,8.7,,37.2,47.8
WO-3875,Blow Molding,ISBM-004,M-SOP-026,2026-05-17,,,8.9,,42.6,42.5
WO-3876,Blow Molding,ISBM-004,M-SOP-012,2026-05-17,,,9.6,,45.8,48.1
WO-3877,Blow Molding,ISBM-004,M-SOP-029,2026-05-18,,,9.7,,39.8,51.2
WO-3878,Blow Molding,ISBM-004,M-SOP-029,2026-05-18,,,10.0,,41.4,45.8
WO-3879,Blow Molding,ISBM-004,M-SOP-029,2026-05-19,,,9.8,,42.8,43.9
WO-3880,Blow Molding,ISBM-004,M-SOP-029,2026-05-20,,,8.0,,42.0,47.1
WO-3881,  Blow Molding  ,ISBM-004,M-SOP-029,2026-05-20,,,10.5,,40.9,54.1
WO-3882,Blow Molding,ISBM-004,M-SOP-029,2026-05-21,,,10.8,,41.3,42.7
WO-3883,Blow Molding,ISBM-004,M-SOP-012,2026-05-22,,,9.9,,40.6,46.2
WO-3884,Blow Molding,ISBM-004,M-SOP-012,2026-05-23,,,10.5,,43.4,44.4
WO-3885,Blow Molding,ISBM-004,M-SOP-012,2026-05-23,,,9.0,,45.8,56.1
WO-3886,Blow Molding,ISBM-004,M-SOP-029,2026-05-24,,,10.1,,44.4,48.8
WO-3887,Blow Molding,ISBM-004,M-SOP-029,2026-05-24,,,10.0,,37.8,51.8
WO-3888,Blow Molding,ISBM-004,M-SOP-029,2026-05-25,,,11.1,,39.9,50.6
WO-3889,Blow Molding,ISBM-004,M-SOP-026,2026-05-26,,,10.1,,42.1,62.4
WO-3890,Blow Molding,ISBM-004,M-SOP-026,2026-05-26,,,8.3,,42.5,47.6
WO-3891,Blow Molding,ISBM-004,M-SOP-026,2026-05-27,,,10.8,,45.1,46.4
WO-3892,Blow Molding,ISBM-004,M-SOP-004,2026-05-28,,,9.8,,46.2,53.0
WO-3893,Blow Molding,ISBM-004,M-SOP-004,2026-05-29,,,9.3,,47.5,42.2
WO-3894,Blow Molding,ISBM-004,M-SOP-004,2026-05-30,,,8.4,,41.1,47.3
WO-3895,Blow Molding,ISBM-004,M-SOP-012,2026-05-31,,,8.9,,44.8,48.7
WO-3896,Blow Molding,ISBM-004,M-SOP-012,2026-06-01,,,9.2,,44.6,48.3
WO-3897,Blow Molding,ISBM-004,M-SOP-004,2026-06-01,,,9.2,,41.5,45.5
WO-3898,Blow Molding,ISBM-004,M-SOP-004,2026-06-02,,,9.6,,38.4,47.4
WO-3899,Blow Molding,ISBM-004,M-SOP-004,2026-06-03,,,10.3,,40.1,45.0
WO-3900,Blow Molding,ISBM-004,M-SOP-012,2026-06-03,,,7.7,,38.5,50.8
WO-3901,  Blow Molding  ,ISBM-004,M-SOP-012,2026-06-04,,,8.0,,43.2,53.5
WO-3902,Blow Molding,ISBM-004,M-SOP-029,2026-06-05,,,10.9,,40.7,48.2
WO-3903,Blow Molding,ISBM-004,M-SOP-029,2026-06-05,,,8.9,,38.8,44.4
WO-3904,Blow Molding,ISBM-004,M-SOP-029,2026-06-06,,,8.7,,43.0,57.5
WO-3905,Blow Molding,ISBM-004,M-SOP-004,2026-06-07,,,11.6,,43.4,42.7
WO-3906,Blow Molding,ISBM-004,M-SOP-004,2026-06-08,,,10.3,,47.1,42.3
WO-3907,  Blow Molding  ,ISBM-004,M-SOP-004,2026-06-09,,,8.8,,43.6,54.4
WO-3908,Blow Molding,ISBM-004,M-SOP-012,2026-06-09,,,9.7,,43.5,50.0
WO-3909,Blow Molding,ISBM-004,M-SOP-026,2026-06-10,,,9.5,,42.5,46.4
WO-3910,Blow Molding,ISBM-004,M-SOP-004,2026-06-11,,,10.5,,40.7,48.9
WO-3911,Blow Molding,ISBM-004,M-SOP-004,2026-06-11,,,9.3,,36.5,48.3
WO-3912,Blow Molding,ISBM-004,M-SOP-004,2026-06-12,,,9.2,,44.9,45.6
WO-3913,Blow Molding,ISBM-004,M-SOP-026,2026-06-13,,,10.4,,46.0,42.7
WO-3914,Blow Molding,ISBM-004,M-SOP-026,2026-06-14,,,10.6,,39.5,40.9
WO-3915,Blow Molding,ISBM-004,M-SOP-026,2026-06-14,,,8.0,,40.8,52.5
WO-3916,Blow Molding,ISBM-004,M-SOP-004,2026-06-15,,,9.0,,43.5,49.2
WO-3917,Blow Molding,ISBM-004,M-SOP-004,2026-06-16,,,9.2,,39.4,55.1
WO-3918,Blow Molding,ISBM-004,M-SOP-004,2026-06-16,,,9.2,,46.5,47.2
WO-3919,blow molding,ISBM-004,M-SOP-012,2026-06-17,,,8.5,,47.8,49.3
WO-3920,Blow Molding,ISBM-004,M-SOP-012,2026-06-18,,,8.6,,39.9,45.9
WO-3921,Blow Molding,ISBM-004,M-SOP-012,2026-06-18,,,8.8,,33.3,45.4
WO-3922,Blow Molding,ISBM-004,M-SOP-026,2026-06-19,,,9.5,,38.0,49.2
WO-3923,Blow Molding,ISBM-004,M-SOP-026,2026-06-20,,,10.6,,39.9,43.4
WO-3924,Blow Molding,ISBM-004,M-SOP-029,2026-06-21,,,8.4,,40.5,56.2
WO-3925,Blow Molding,ISBM-004,M-SOP-029,2026-06-21,,,10.2,,42.6,51.1
WO-3926,Blow Molding,ISBM-004,M-SOP-029,2026-06-22,,,9.8,,40.1,56.7
WO-3927,Blow Molding,ISBM-004,M-SOP-029,2026-06-23,,,9.1,,41.5,45.9
WO-3928,Blow Molding,ISBM-004,M-SOP-029,2026-06-23,,,10.4,,43.5,45.6
WO-3929,Blow Molding,ISBM-004,M-SOP-004,2026-06-24,,,10.4,,41.3,44.0
WO-3930,blow molding,ISBM-004,M-SOP-004,2026-06-24,,,10.1,,40.4,47.9
WO-3931,Blow Molding,ISBM-004,M-SOP-004,2026-06-25,,,10.3,,41.9,48.8
WO-3932,Blow Molding,ISBM-004,M-SOP-026,2026-06-26,,,8.6,,38.3,52.5
WO-3933,Blow Molding,ISBM-004,M-SOP-004,2026-06-26,,,9.1,,44.4,46.3
WO-3934,Blow Molding,ISBM-004,M-SOP-004,2026-06-27,,,10.6,,44.7,43.7
WO-3935,Blow Molding,ISBM-004,M-SOP-026,2026-06-28,,,8.3,,47.7,43.7
WO-3936,Blow Molding,ISBM-004,M-SOP-026,2026-06-29,,,9.5,,37.6,42.7
WO-3937,blow molding,ISBM-004,M-SOP-026,2026-06-29,,,11.6,,45.2,45.4
WO-3938,Blow Molding,ISBM-004,M-SOP-026,2026-06-30,,,9.6,,40.4,53.1
WO-3939,Blow Molding,ISBM-004,M-SOP-012,2026-06-30,,,7.8,,42.0,47.3
WO-3940,Blow Molding,ISBM-004,M-SOP-012,2026-07-01,,,10.0,,37.8,47.2
WO-3941,Blow Molding,ISBM-004,M-SOP-012,2026-07-02,,,10.4,,44.9,43.4
WO-3942,Blow Molding,ISBM-004,M-SOP-026,2026-07-02,,,9.2,,40.9,45.4
WO-3943,Blow Molding,ISBM-004,M-SOP-026,2026-07-03,,,9.2,,43.2,47.9
WO-3944,Blow Molding,ISBM-004,M-SOP-026,2026-07-04,,,10.4,,45.9,45.5
WO-3945,blow molding,ISBM-004,M-SOP-026,2026-07-04,,,9.8,,44.7,46.8
WO-3946,Blow Molding,ISBM-004,M-SOP-026,2026-07-05,,,9.0,,40.4,50.7
WO-3947,Blow Molding,ISBM-004,M-SOP-012,2026-07-06,,,9.3,,38.8,51.2
WO-3948,Blow Molding,ISBM-004,M-SOP-012,2026-07-07,,,10.2,,40.5,48.0
WO-3949,Blow Molding,ISBM-004,M-SOP-029,2026-07-07,,,10.2,,42.9,49.3
WO-3950,Blow Molding,ISBM-004,M-SOP-029,2026-07-08,,,7.9,,43.9,48.5
WO-3951,Blow Molding,ISBM-004,M-SOP-029,2026-07-09,,,9.6,,41.8,45.0
WO-3952,Blow Molding,ISBM-004,M-SOP-026,2026-07-10,,,8.2,,43.9,40.4
WO-3953,Blow Molding,ISBM-004,M-SOP-026,2026-07-10,,,9.6,,43.6,44.9
WO-3954,Blow Molding,ISBM-004,M-SOP-026,2026-07-11,,,10.4,,42.0,49.8
WO-3955,Blow Molding,ISBM-004,M-SOP-026,2026-07-12,,,8.2,,40.0,54.2
WO-3956,Blow Molding,ISBM-004,M-SOP-004,2026-07-13,,,8.9,,36.1,52.7
WO-3957,Blow Molding,ISBM-004,M-SOP-026,2026-07-13,,,7.9,,40.1,45.7
WO-3958,Blow Molding,ISBM-004,M-SOP-029,2026-07-14,,,9.2,,40.6,50.5
WO-3959,Blow Molding,ISBM-004,M-SOP-029,2026-07-15,,,9.1,,48.7,49.0
WO-3960,BLOW MOLDING,ISBM-004,M-SOP-029,2026-07-15,,,10.6,,40.2,48.0
WO-3961,Blow Molding,ISBM-004,M-SOP-029,2026-07-16,,,9.7,,42.2,49.7
WO-3962,BLOW MOLDING,ISBM-004,M-SOP-029,2026-07-17,,,7.5,,41.5,49.8
WO-3963,Blow Molding,ISBM-004,M-SOP-026,2026-07-17,,,10.3,,38.9,42.2
WO-3964,Blow Molding,ISBM-004,M-SOP-029,2026-07-18,,,11.5,,38.3,50.1
WO-3965,Blow Molding,ISBM-004,M-SOP-029,2026-07-18,,,9.8,,38.4,48.7
WO-3966,Blow Molding,ISBM-004,M-SOP-029,2026-07-19,,,8.0,,42.1,49.2
WO-3967,BLOW MOLDING,ISBM-004,M-SOP-026,2026-07-20,,,9.0,,41.6,48.9
WO-3968,Blow Molding,ISBM-004,M-SOP-012,2026-07-21,,,8.4,,41.7,47.9
WO-3969,Blow Molding,ISBM-004,M-SOP-029,2026-07-21,,,7.7,,42.3,48.4
WO-3970,Blow Molding,ISBM-004,M-SOP-004,2026-07-22,,,8.8,,48.3,52.4
WO-3971,Blow Molding,ISBM-004,M-SOP-004,2026-07-23,,,7.9,,45.5,47.1
WO-3972,blow molding,ISBM-004,M-SOP-012,2026-07-24,,,8.1,,41.6,48.2
WO-3973,Blow Molding,ISBM-004,M-SOP-012,2026-07-24,,,8.7,,42.3,45.4
WO-3974,Blow Molding,ISBM-004,M-SOP-012,2026-07-25,,,9.0,,41.2,42.7
WO-3975,Blow Molding,ISBM-004,M-SOP-004,2026-07-25,,,8.8,,41.4,45.1
WO-3976,Blow Molding,ISBM-004,M-SOP-004,2026-07-26,,,8.4,,42.6,45.9
WO-3977,Blow Molding,ISBM-004,M-SOP-004,2026-07-27,,,9.8,,48.5,46.4
WO-3978,Blow Molding,ISBM-004,M-SOP-004,2026-07-28,,,8.9,,46.0,41.5
WO-3979,Blow Molding,ISBM-004,M-SOP-004,2026-07-28,,,9.6,,47.5,47.8
WO-3980,Blow Molding,ISBM-004,M-SOP-004,2026-07-29,,,10.3,,43.0,50.0
WO-3981,Blow Molding,ISBM-004,M-SOP-004,2026-07-29,,,10.1,,42.0,56.1
WO-3982,Blow Molding,ISBM-004,M-SOP-004,2026-07-30,,,10.0,,40.4,42.2
WO-3983,  Blow Molding  ,ISBM-004,M-SOP-004,2026-07-31,,,8.4,,38.6,47.0
WO-3984,Blow Molding,ISBM-004,M-SOP-004,2026-07-31,,,8.3,,41.7,52.8
WO-3985,Blow Molding,ISBM-004,M-SOP-004,2026-08-01,,,10.6,,41.5,49.4
WO-3986,Blow Molding,ISBM-004,M-SOP-004,2026-08-02,,,8.5,,43.2,43.7
WO-3987,Blow Molding,ISBM-004,M-SOP-004,2026-08-02,,,6.9,,41.0,47.3
WO-3988,Blow Molding,ISBM-004,M-SOP-004,2026-08-03,,,8.0,,38.8,41.5
WO-3989,Blow Molding,ISBM-004,M-SOP-004,2026-08-04,,,9.6,,40.5,48.1
WO-3990,Blow Molding,ISBM-004,M-SOP-004,2026-08-05,,,8.8,,38.1,46.3
WO-3991,Blow Molding,ISBM-004,M-SOP-004,2026-08-05,,,8.7,,43.0,46.6
WO-3992,Blow Molding,ISBM-004,M-SOP-004,2026-08-06,,,8.8,,43.0,51.9
WO-3993,Blow Molding,ISBM-004,M-SOP-026,2026-08-07,,,8.4,,47.3,51.2
WO-3994,Blow Molding,ISBM-004,M-SOP-026,2026-08-07,,,10.4,,42.3,47.6
WO-3995,Blow Molding,ISBM-004,M-SOP-026,2026-08-08,,,10.4,,38.2,51.2
WO-3996,Blow Molding,ISBM-004,M-SOP-012,2026-08-09,,,8.0,,41.0,51.2
WO-3997,Blow Molding,ISBM-004,M-SOP-012,2026-08-09,,,8.5,,41.0,48.2
WO-3998,blow molding,ISBM-004,M-SOP-012,2026-08-10,,,9.7,,40.7,48.4
WO-3999,Blow Molding,ISBM-004,M-SOP-029,2026-08-11,,,9.6,,44.6,46.2
WO-4000,Blow Molding,ISBM-004,M-SOP-029,2026-08-11,,,8.7,,40.3,49.8
WO-4001,BLOW MOLDING,ISBM-004,M-SOP-029,2026-08-12,,,10.3,,45.2,42.2
WO-4002,Blow Molding,ISBM-004,M-SOP-029,2026-08-13,,,10.0,,38.2,49.5
WO-4003,Blow Molding,ISBM-004,M-SOP-012,2026-08-13,,,8.3,,41.0,44.7
WO-4004,Blow Molding,ISBM-004,M-SOP-012,2026-08-14,,,10.1,,46.1,43.7
WO-4005,Blow Molding,ISBM-004,M-SOP-012,2026-08-15,,,10.7,,40.3,49.8
WO-4006,Blow Molding,ISBM-004,M-SOP-012,2026-08-16,,,9.9,,46.4,46.0
WO-4007,Blow Molding,ISBM-004,M-SOP-012,2026-08-16,,,8.7,,40.8,54.9
WO-4008,Blow Molding,ISBM-004,M-SOP-012,2026-08-16,,,8.6,,39.0,44.1
WO-4009,Blow Molding,ISBM-004,M-SOP-012,2026-08-17,,,9.2,,41.9,49.0
WO-4010,Blow Molding,ISBM-004,M-SOP-029,2026-08-18,,,9.8,,40.2,43.9
WO-4011,Blow Molding,ISBM-004,M-SOP-029,2026-08-18,,,9.2,,39.3,50.1
WO-4012,BLOW MOLDING,ISBM-004,M-SOP-004,2026-08-19,,,10.0,,44.9,44.1
WO-4013,Blow Molding,ISBM-004,M-SOP-004,2026-08-20,,,8.7,,40.9,62.0
WO-4014,Blow Molding,ISBM-004,M-SOP-004,2026-08-20,,,9.8,,39.1,40.0
WO-4015,Blow Molding,ISBM-004,M-SOP-012,2026-08-21,,,10.7,,43.0,48.8
WO-4016,Blow Molding,ISBM-004,M-SOP-026,2026-08-22,,,10.4,,38.2,48.0
WO-4017,Blow Molding,ISBM-004,M-SOP-026,2026-08-23,,,9.7,,39.3,42.2
WO-4018,BLOW MOLDING,ISBM-004,M-SOP-004,2026-08-23,,,9.8,,42.2,52.3
WO-4019,Blow Molding,ISBM-004,M-SOP-029,2026-08-24,,,8.2,,44.6,53.0
WO-4020,Blow Molding,ISBM-004,M-SOP-012,2026-08-25,,,9.1,,41.0,42.8
WO-4021,Blow Molding,ISBM-004,M-SOP-012,2026-08-26,,,10.3,,40.0,47.8
WO-4022,Blow Molding,ISBM-004,M-SOP-012,2026-08-26,,,9.3,,43.5,43.8
WO-4023,Blow Molding,ISBM-004,M-SOP-029,2026-08-27,,,7.0,,43.7,47.9
WO-4024,Blow Molding,ISBM-004,M-SOP-004,2026-08-27,,,9.9,,43.5,48.8
WO-4025,Blow Molding,ISBM-004,M-SOP-012,2026-08-28,,,6.9,,42.3,47.5
WO-4026,Blow Molding,ISBM-004,M-SOP-012,2026-08-29,,,9.0,,39.1,51.4
WO-4027,Blow Molding,ISBM-004,M-SOP-004,2026-08-30,,,8.6,,38.1,45.9
WO-4028,Blow Molding,ISBM-004,M-SOP-004,2026-08-31,,,9.8,,42.7,47.7
WO-4029,Blow Molding,ISBM-004,M-SOP-004,2026-09-01,,,9.1,,40.4,50.7
WO-4030,Blow Molding,ISBM-004,M-SOP-026,2026-09-01,,,9.5,,42.6,50.8
WO-4031,Blow Molding,ISBM-004,M-SOP-026,2026-09-02,,,8.9,,45.6,54.5
WO-4032,Blow Molding,ISBM-004,M-SOP-026,2026-09-02,,,10.5,,44.2,44.0
WO-4033,Blow Molding,ISBM-004,M-SOP-026,2026-09-03,,,9.7,,39.5,42.8
WO-4034,Blow Molding,ISBM-004,M-SOP-004,2026-09-04,,,10.2,,42.2,45.5
WO-4035,  Blow Molding  ,ISBM-004,M-SOP-029,2026-09-04,,,8.6,,41.4,59.1
WO-4036,Blow Molding,ISBM-004,M-SOP-029,2026-09-05,,,9.1,,42.8,44.2
WO-4037,Blow Molding,ISBM-004,M-SOP-029,2026-09-05,,,10.7,,41.1,48.6
WO-4038,Blow Molding,ISBM-004,M-SOP-012,2026-09-06,,,8.8,,43.9,57.8
WO-4039,Blow Molding,ISBM-004,M-SOP-012,2026-09-07,,,11.0,,41.0,46.2
WO-4040,Blow Molding,ISBM-004,M-SOP-012,2026-09-08,,,10.3,,37.4,51.6
WO-4041,  Blow Molding  ,ISBM-004,M-SOP-004,2026-09-08,,,9.5,,39.7,51.5
WO-4042,Blow Molding,ISBM-004,M-SOP-004,2026-09-09,,,8.5,,42.6,40.0
WO-4043,Blow Molding,ISBM-004,M-SOP-004,2026-09-10,,,8.7,,45.9,42.0
WO-4044,Blow Molding,ISBM-004,M-SOP-026,2026-09-10,,,11.4,,45.4,43.7
WO-4045,Blow Molding,ISBM-004,M-SOP-026,2026-09-11,,,9.3,,41.9,50.1
WO-4046,  Blow Molding  ,ISBM-004,M-SOP-026,2026-09-12,,,10.3,,45.9,40.1
WO-4047,Blow Molding,ISBM-004,M-SOP-004,2026-09-12,,,8.9,,44.3,51.5
WO-4048,Blow Molding,ISBM-004,M-SOP-026,2026-09-13,,,8.4,,48.4,47.1
WO-4049,Blow Molding,ISBM-004,M-SOP-026,2026-09-14,,,9.9,,39.7,44.9
WO-4050,Blow Molding,ISBM-004,M-SOP-026,2026-09-15,,,9.6,,42.6,47.7
WO-4051,Blow Molding,ISBM-004,M-SOP-012,2026-09-16,,,8.5,,42.4,46.4
WO-4052,Blow Molding,ISBM-004,M-SOP-012,2026-09-16,,,8.7,,40.7,50.4
WO-4053,Blow Molding,ISBM-004,M-SOP-029,2026-09-17,,,9.0,,45.0,52.4
WO-4054,Blow Molding,ISBM-004,M-SOP-026,2026-09-18,,,9.9,,38.4,47.6
WO-4055,Blow Molding,ISBM-004,M-SOP-026,2026-09-19,,,10.8,,39.3,56.9
WO-4056,Blow Molding,ISBM-004,M-SOP-029,2026-09-19,,,10.5,,43.9,46.2
WO-4057,Blow Molding,ISBM-004,M-SOP-004,2026-09-20,,,7.7,,49.8,47.4
WO-4058,Blow Molding,ISBM-004,M-SOP-004,2026-09-21,,,8.5,,43.0,48.8
WO-4059,Blow Molding,ISBM-004,M-SOP-004,2026-09-21,,,10.1,,35.8,50.5
WO-4060,Blow Molding,ISBM-004,M-SOP-029,2026-09-22,,,7.7,,41.1,48.5
WO-4061,Blow Molding,ISBM-004,M-SOP-012,2026-09-23,,,9.8,,43.0,50.7
WO-4062,Blow Molding,ISBM-004,M-SOP-012,2026-09-23,,,9.6,,37.9,39.1
WO-4063,Blow Molding,ISBM-004,M-SOP-012,2026-09-24,,,8.8,,44.2,54.7
WO-4064,Blow Molding,ISBM-004,M-SOP-026,2026-09-24,,,10.1,,46.0,47.9
WO-4065,Blow Molding,ISBM-004,M-SOP-026,2026-09-25,,,10.3,,40.6,44.9
WO-4066,Blow Molding,ISBM-004,M-SOP-004,2026-09-26,,,9.8,,41.7,46.5
WO-4067,Blow Molding,ISBM-004,M-SOP-029,2026-09-26,,,9.2,,40.5,56.8
WO-4068,Blow Molding,ISBM-004,M-SOP-029,2026-09-27,,,9.3,,43.0,51.6
WO-4069,Blow Molding,ISBM-004,M-SOP-029,2026-09-28,,,8.9,,48.0,46.9
WO-4070,Blow Molding,ISBM-004,M-SOP-004,2026-09-29,,,9.4,,37.5,51.8
WO-4071,Blow Molding,ISBM-004,M-SOP-029,2026-09-29,,,7.5,,42.5,55.9
WO-4072,Blow Molding,ISBM-004,M-SOP-004,2026-09-30,,,10.1,,43.7,50.4
WO-4073,Blow Molding,ISBM-004,M-SOP-004,2026-10-01,,,8.4,,43.0,53.5
WO-4074,Blow Molding,ISBM-004,M-SOP-004,2026-10-02,,,11.7,,41.0,43.8
WO-4075,Blow Molding,ISBM-004,M-SOP-026,2026-10-02,,,8.3,,45.1,49.7
WO-4076,Blow Molding,ISBM-004,M-SOP-029,2026-10-03,,,8.4,,42.2,51.7
WO-4077,Blow Molding,ISBM-004,M-SOP-012,2026-10-04,,,9.8,,39.8,51.9
WO-4078,BLOW MOLDING,ISBM-004,M-SOP-012,2026-10-04,,,8.9,,43.8,45.1
WO-4079,  Blow Molding  ,ISBM-004,M-SOP-012,2026-10-05,,,8.8,,47.0,53.2
WO-4080,Blow Molding,ISBM-004,M-SOP-012,2026-10-06,,,11.1,,39.2,47.9
WO-4081,Blow Molding,ISBM-004,M-SOP-012,2026-10-07,,,9.4,,42.6,43.9
WO-4082,Blow Molding,ISBM-004,M-SOP-029,2026-10-08,,,9.6,,42.8,52.8
WO-4083,Blow Molding,ISBM-004,M-SOP-029,2026-10-08,,,10.6,,41.7,54.7
WO-4084,Blow Molding,ISBM-004,M-SOP-012,2026-10-09,,,8.7,,42.7,47.6
WO-4085,Blow Molding,ISBM-004,M-SOP-026,2026-10-10,,,10.2,,39.5,50.6
WO-4086,Blow Molding,ISBM-004,M-SOP-026,2026-10-10,,,8.1,,41.0,45.9
WO-4087,Blow Molding,ISBM-004,M-SOP-026,2026-10-11,,,9.0,,38.7,45.2
WO-4088,Blow Molding,ISBM-004,M-SOP-026,2026-10-11,,,10.0,,39.2,51.5
WO-4089,Blow Molding,ISBM-004,M-SOP-026,2026-10-12,,,8.1,,40.2,48.7
WO-4090,Blow Molding,ISBM-004,M-SOP-026,2026-10-13,,,10.0,,44.6,40.2
WO-4091,Blow Molding,ISBM-004,M-SOP-012,2026-10-14,,,9.9,,41.6,48.3
WO-4092,BLOW MOLDING,ISBM-004,M-SOP-012,2026-10-15,,,10.1,,39.6,49.0
WO-4093,Blow Molding,ISBM-004,M-SOP-029,2026-10-15,,,9.5,,38.9,48.7
WO-4094,Blow Molding,ISBM-004,M-SOP-029,2026-10-16,,,9.6,,36.7,46.9
WO-4095,Blow Molding,ISBM-004,M-SOP-029,2026-10-17,,,9.4,,43.9,42.5
WO-4096,Blow Molding,ISBM-004,M-SOP-012,2026-10-18,,,10.0,,39.4,54.4
WO-4097,Blow Molding,ISBM-004,M-SOP-026,2026-10-18,,,9.3,,40.5,45.2
WO-4098,Blow Molding,ISBM-004,M-SOP-012,2026-10-19,,,8.7,,42.6,38.2
WO-4099,Blow Molding,ISBM-004,M-SOP-012,2026-10-20,,,7.8,,42.1,52.1
WO-4100,BLOW MOLDING,ISBM-004,M-SOP-012,2026-10-20,,,10.7,,39.7,50.4
WO-4101,Blow Molding,ISBM-004,M-SOP-029,2026-10-21,,,9.9,,33.6,42.7
WO-4102,Blow Molding,ISBM-004,M-SOP-029,2026-10-21,,,9.9,,37.7,48.7
WO-4103,Blow Molding,ISBM-004,M-SOP-029,2026-10-22,,,8.8,,37.8,50.8
WO-4104,Blow Molding,ISBM-004,M-SOP-026,2026-10-23,,,9.6,,39.9,42.1
WO-4105,Blow Molding,ISBM-004,M-SOP-029,2026-10-24,,,8.4,,41.8,39.5
WO-4106,Blow Molding,ISBM-004,M-SOP-012,2026-10-24,,,8.3,,43.2,49.7
WO-4107,Blow Molding,ISBM-004,M-SOP-029,2026-10-25,,,8.8,,41.1,54.2
WO-4108,blow molding,ISBM-004,M-SOP-026,2026-10-26,,,8.6,,43.2,47.0
WO-4109,Blow Molding,ISBM-004,M-SOP-029,2026-10-27,,,7.0,,40.0,49.5
WO-4110,Blow Molding,ISBM-004,M-SOP-029,2026-10-27,,,9.7,,42.2,54.1
WO-4111,Blow Molding,ISBM-004,M-SOP-012,2026-10-28,,,8.6,,42.7,39.1
WO-4112,Blow Molding,ISBM-004,M-SOP-012,2026-10-29,,,10.9,,40.7,48.1
WO-4113,Blow Molding,ISBM-004,M-SOP-012,2026-10-29,,,10.0,,40.1,42.1
WO-4114,Blow Molding,ISBM-004,M-SOP-012,2026-10-30,,,11.0,,40.6,51.1
WO-4115,Blow Molding,ISBM-004,M-SOP-012,2026-10-31,,,8.9,,39.5,46.4
WO-4116,Blow Molding,ISBM-004,M-SOP-012,2026-11-01,,,9.7,,43.7,46.1
WO-4117,Blow Molding,ISBM-004,M-SOP-029,2026-11-01,,,8.1,,38.3,44.7
WO-4118,Blow Molding,ISBM-004,M-SOP-029,2026-11-02,,,8.9,,37.3,47.4
WO-4119,Blow Molding,ISBM-004,M-SOP-029,2026-11-03,,,10.1,,44.7,59.0
WO-4120,Blow Molding,ISBM-004,M-SOP-026,2026-11-03,,,10.7,,40.9,47.5
WO-4121,Blow Molding,ISBM-004,M-SOP-026,2026-11-04,,,9.6,,40.2,53.1
WO-4122,Blow Molding,ISBM-004,M-SOP-004,2026-11-05,,,9.0,,43.8,48.4
WO-4123,Blow Molding,ISBM-004,M-SOP-004,2026-11-06,,,9.4,,40.6,42.6
WO-4124,Blow Molding,ISBM-004,M-SOP-004,2026-11-07,,,10.5,,43.3,45.0
WO-4125,Blow Molding,ISBM-004,M-SOP-026,2026-11-07,,,12.0,,41.2,43.7
WO-4126,Blow Molding,ISBM-004,M-SOP-026,2026-11-08,,,9.4,,38.7,54.7
WO-4127,Blow Molding,ISBM-004,M-SOP-026,2026-11-09,,,9.1,,42.7,42.6
WO-4128,Blow Molding,ISBM-004,M-SOP-012,2026-11-09,,,10.6,,47.9,41.8
WO-4129,Blow Molding,ISBM-004,M-SOP-012,2026-11-10,,,10.0,,41.0,41.8
WO-4130,Blow Molding,ISBM-004,M-SOP-012,2026-11-11,,,8.8,,37.9,42.4
WO-4131,blow molding,ISBM-004,M-SOP-012,2026-11-12,,,8.1,,42.2,43.3
WO-4132,Blow Molding,ISBM-004,M-SOP-012,2026-11-12,,,10.3,,44.3,45.5
WO-4133,Blow Molding,ISBM-004,M-SOP-029,2026-11-13,,,11.3,,39.1,50.4
WO-4134,Blow Molding,ISBM-004,M-SOP-029,2026-11-14,,,9.1,,45.4,45.9
WO-4135,Blow Molding,ISBM-004,M-SOP-029,2026-11-15,,,10.0,,41.0,44.7
WO-4136,Blow Molding,ISBM-004,M-SOP-004,2026-11-15,,,9.2,,44.9,46.4
WO-4137,Blow Molding,ISBM-004,M-SOP-004,2026-11-16,,,9.4,,47.1,48.2
WO-4138,Blow Molding,ISBM-004,M-SOP-012,2026-11-17,,,10.0,,46.0,50.1
WO-4139,Blow Molding,ISBM-004,M-SOP-012,2026-11-17,,,10.8,,40.2,46.3
WO-4140,Blow Molding,ISBM-004,M-SOP-026,2026-11-17,,,9.8,,41.6,46.8
WO-4141,Blow Molding,ISBM-004,M-SOP-026,2026-11-18,,,9.0,,42.9,43.6
WO-4142,Blow Molding,ISBM-004,M-SOP-012,2026-11-19,,,6.3,,39.3,40.3
WO-4143,Blow Molding,ISBM-004,M-SOP-012,2026-11-19,,,9.3,,42.6,48.9
WO-4144,Blow Molding,ISBM-004,M-SOP-012,2026-11-20,,,8.7,,39.9,51.1
WO-4145,Blow Molding,ISBM-004,M-SOP-026,2026-11-21,,,9.1,,41.8,46.3
WO-4146,Blow Molding,ISBM-004,M-SOP-026,2026-11-22,,,10.3,,39.5,42.5
WO-4147,  Blow Molding  ,ISBM-004,M-SOP-026,2026-11-23,,,9.0,,38.9,46.1
WO-4148,Blow Molding,ISBM-004,M-SOP-029,2026-11-24,,,9.2,,45.3,49.5
WO-4149,Blow Molding,ISBM-004,M-SOP-004,2026-11-24,,,10.9,,43.9,50.7
WO-4150,Blow Molding,ISBM-004,M-SOP-004,2026-11-25,,,10.8,,41.0,49.2
WO-4151,Blow Molding,ISBM-004,M-SOP-029,2026-11-25,,,9.4,,46.1,48.3
WO-4152,Blow Molding,ISBM-004,M-SOP-004,2026-11-26,,,8.4,,40.6,46.5
WO-4153,Blow Molding,ISBM-004,M-SOP-004,2026-11-27,,,9.7,,47.8,50.2
WO-4154,Blow Molding,ISBM-004,M-SOP-004,2026-11-27,,,10.0,,39.9,54.4
WO-4155,Blow Molding,ISBM-004,M-SOP-029,2026-11-28,,,10.5,,44.2,49.8
WO-4156,Blow Molding,ISBM-004,M-SOP-026,2026-11-29,,,10.5,,42.2,48.3
WO-4157,Blow Molding,ISBM-004,M-SOP-026,2026-11-30,,,9.4,,38.9,42.5
WO-4158,Blow Molding,ISBM-004,M-SOP-026,2026-12-01,,,10.6,,40.3,49.1
WO-4159,Blow Molding,ISBM-004,M-SOP-004,2026-12-01,,,7.9,,40.5,51.0
WO-4160,Blow Molding,ISBM-004,M-SOP-012,2026-12-02,,,10.2,,41.0,55.3
WO-4161,Blow Molding,ISBM-004,M-SOP-012,2026-12-03,,,10.0,,43.9,49.3
WO-4162,Blow Molding,ISBM-004,M-SOP-012,2026-12-04,,,8.9,,37.7,50.8
WO-4163,BLOW MOLDING,ISBM-004,M-SOP-026,2026-12-04,,,9.7,,45.4,47.2
WO-4164,Blow Molding,ISBM-004,M-SOP-026,2026-12-05,,,7.7,,40.0,43.8
WO-4165,Blow Molding,ISBM-004,M-SOP-026,2026-12-06,,,9.3,,40.3,54.3
WO-4166,BLOW MOLDING,ISBM-004,M-SOP-026,2026-12-06,,,8.8,,47.3,46.2
WO-4167,Blow Molding,ISBM-004,M-SOP-026,2026-12-07,,,7.8,,42.2,49.7
WO-4168,  Blow Molding  ,ISBM-004,M-SOP-026,2026-12-08,,,10.5,,45.4,48.2
WO-4169,BLOW MOLDING,ISBM-004,M-SOP-004,2026-12-09,,,9.1,,45.0,52.2
WO-4170,Blow Molding,ISBM-004,M-SOP-004,2026-12-09,,,11.3,,44.0,45.6
WO-4171,Blow Molding,ISBM-004,M-SOP-004,2026-12-10,,,8.1,,39.2,46.7
WO-4172,Blow Molding,ISBM-004,M-SOP-004,2026-12-11,,,11.0,,42.4,49.9
WO-4173,Blow Molding,ISBM-004,M-SOP-004,2026-12-12,,,9.4,,42.8,52.0
WO-4174,Blow Molding,ISBM-004,M-SOP-026,2026-12-12,,,8.3,,43.2,52.2
WO-4175,Blow Molding,ISBM-004,M-SOP-004,2026-12-13,,,9.0,,42.7,45.0
WO-4176,Blow Molding,ISBM-004,M-SOP-004,2026-12-13,,,8.4,,41.0,52.2
WO-4177,blow molding,ISBM-004,M-SOP-029,2026-12-14,,,10.1,,43.6,49.0
WO-4178,BLOW MOLDING,ISBM-004,M-SOP-029,2026-12-15,,,9.8,,42.9,46.2
WO-4179,  Blow Molding  ,ISBM-004,M-SOP-026,2026-12-15,,,9.9,,43.1,50.4
WO-4180,Blow Molding,ISBM-004,M-SOP-012,2026-12-16,,,9.6,,41.4,51.5
WO-4181,Blow Molding,ISBM-004,M-SOP-012,2026-12-17,,,9.6,,39.5,48.3
WO-4182,Blow Molding,ISBM-004,M-SOP-029,2026-12-18,,,10.1,,43.2,49.3
WO-4183,Blow Molding,ISBM-004,M-SOP-029,2026-12-18,,,9.6,,43.7,53.2
WO-4184,Blow Molding,ISBM-004,M-SOP-004,2026-12-19,,,9.9,,45.3,42.3
WO-4185,Blow Molding,ISBM-004,M-SOP-004,2026-12-20,,,9.3,,44.7,47.5
WO-4186,Blow Molding,ISBM-004,M-SOP-004,2026-12-21,,,8.3,,40.7,48.0
WO-4187,Blow Molding,ISBM-004,M-SOP-026,2026-12-21,,,9.7,,39.7,50.1
WO-4188,blow molding,ISBM-004,M-SOP-026,2026-12-22,,,9.8,,42.1,44.6
WO-4189,Blow Molding,ISBM-004,M-SOP-004,2026-12-23,,,9.0,,45.8,56.6
WO-4190,BLOW MOLDING,ISBM-004,M-SOP-004,2026-12-23,,,10.2,,40.2,53.1
WO-4191,Blow Molding,ISBM-004,M-SOP-012,2026-12-24,,,9.6,,41.9,47.0
WO-4192,Blow Molding,ISBM-004,M-SOP-012,2026-12-24,,,9.3,,44.3,53.7
WO-4193,blow molding,ISBM-004,M-SOP-012,2026-12-25,,,9.8,,41.1,43.3
WO-4194,  Blow Molding  ,ISBM-004,M-SOP-026,2026-12-26,,,9.9,,45.9,46.1
WO-4195,Blow Molding,ISBM-004,M-SOP-026,2026-12-27,,,9.1,,42.4,45.5
WO-4196,Blow Molding,ISBM-004,M-SOP-026,2026-12-27,,,9.3,,40.3,55.2
WO-4197,Blow Molding,ISBM-004,M-SOP-026,2026-12-28,,,8.7,,40.2,47.4
WO-4198,Blow Molding,ISBM-004,M-SOP-026,2026-12-28,,,8.7,,48.6,50.0
WO-4199,Blow Molding,ISBM-004,M-SOP-026,2026-12-29,,,9.3,,41.0,56.4
WO-4200,Blow Molding,ISBM-004,M-SOP-026,2026-12-30,,,10.6,,42.0,52.8
WO-4201,Blow Molding,ISBM-004,M-SOP-004,2026-12-30,,,9.9,,42.0,49.4
WO-4202,Blow Molding,ISBM-005,M-SOP-010,2025-07-01,,,11.6,,43.6,55.4
WO-4203,Blow Molding,ISBM-005,M-SOP-023,2025-07-01,,,8.9,,42.4,45.3
WO-4204,Blow Molding,ISBM-005,M-SOP-023,2025-07-02,,,10.5,,47.3,45.5
WO-4205,Blow Molding,ISBM-005,M-SOP-013,2025-07-03,,,9.3,,42.6,43.9
WO-4206,Blow Molding,ISBM-005,M-SOP-013,2025-07-04,,,9.3,,40.4,50.2
WO-4207,Blow Molding,ISBM-005,M-SOP-027,2025-07-04,,,9.6,,42.2,50.5
WO-4208,Blow Molding,ISBM-005,M-SOP-027,2025-07-05,,,10.5,,38.2,53.1
WO-4209,Blow Molding,ISBM-005,M-SOP-027,2025-07-06,,,7.6,,40.6,52.7
WO-4210,Blow Molding,ISBM-005,M-SOP-027,2025-07-06,,,8.2,,43.1,47.2
WO-4211,Blow Molding,ISBM-005,M-SOP-027,2025-07-07,,,9.3,,42.7,42.6
WO-4212,Blow Molding,ISBM-005,M-SOP-027,2025-07-08,,,8.3,,40.8,42.3
WO-4213,Blow Molding,ISBM-005,M-SOP-010,2025-07-08,,,9.7,,40.2,48.6
WO-4214,Blow Molding,ISBM-005,M-SOP-010,2025-07-09,,,9.9,,39.1,44.1
WO-4215,Blow Molding,ISBM-005,M-SOP-013,2025-07-10,,,11.4,,48.8,42.8
WO-4216,Blow Molding,ISBM-005,M-SOP-013,2025-07-10,,,9.6,,42.0,43.4
WO-4217,Blow Molding,ISBM-005,M-SOP-013,2025-07-11,,,10.8,,39.3,49.1
WO-4218,Blow Molding,ISBM-005,M-SOP-013,2025-07-12,,,9.6,,41.6,47.2
WO-4219,BLOW MOLDING,ISBM-005,M-SOP-010,2025-07-13,,,8.2,,41.5,51.4
WO-4220,Blow Molding,ISBM-005,M-SOP-010,2025-07-14,,,7.5,,41.0,53.5
WO-4221,Blow Molding,ISBM-005,M-SOP-010,2025-07-15,,,11.1,,41.3,52.0
WO-4222,  Blow Molding  ,ISBM-005,M-SOP-023,2025-07-15,,,11.1,,45.0,51.5
WO-4223,Blow Molding,ISBM-005,M-SOP-023,2025-07-16,,,10.2,,49.0,51.0
WO-4224,Blow Molding,ISBM-005,M-SOP-023,2025-07-17,,,9.7,,41.5,50.2
WO-4225,Blow Molding,ISBM-005,M-SOP-027,2025-07-17,,,9.0,,43.5,49.5
WO-4226,Blow Molding,ISBM-005,M-SOP-027,2025-07-18,,,7.7,,45.1,58.5
WO-4227,Blow Molding,ISBM-005,M-SOP-027,2025-07-19,,,10.9,,41.0,44.9
WO-4228,Blow Molding,ISBM-005,M-SOP-027,2025-07-20,,,9.8,,38.8,47.9
WO-4229,Blow Molding,ISBM-005,M-SOP-013,2025-07-21,,,8.1,,39.4,45.3
WO-4230,Blow Molding,ISBM-005,M-SOP-013,2025-07-21,,,10.2,,41.5,41.8
WO-4231,Blow Molding,ISBM-005,M-SOP-013,2025-07-22,,,9.1,,41.4,54.3
WO-4232,Blow Molding,ISBM-005,M-SOP-013,2025-07-23,,,8.5,,42.9,47.5
WO-4233,Blow Molding,ISBM-005,M-SOP-013,2025-07-24,,,9.8,,41.9,45.1
WO-4234,Blow Molding,ISBM-005,M-SOP-023,2025-07-24,,,9.6,,44.2,41.5
WO-4235,Blow Molding,ISBM-005,M-SOP-023,2025-07-25,,,9.4,,46.7,47.4
WO-4236,Blow Molding,ISBM-005,M-SOP-027,2025-07-26,,,9.0,,39.6,50.5
WO-4237,Blow Molding,ISBM-005,M-SOP-027,2025-07-26,,,9.2,,48.6,46.8
WO-4238,Blow Molding,ISBM-005,M-SOP-027,2025-07-27,,,9.3,,42.0,46.1
WO-4239,Blow Molding,ISBM-005,M-SOP-027,2025-07-28,,,9.9,,44.5,43.5
WO-4240,Blow Molding,ISBM-005,M-SOP-023,2025-07-28,,,9.0,,42.4,46.8
WO-4241,  Blow Molding  ,ISBM-005,M-SOP-023,2025-07-29,,,10.2,,39.2,47.5
WO-4242,Blow Molding,ISBM-005,M-SOP-010,2025-07-30,,,9.1,,39.5,46.0
WO-4243,Blow Molding,ISBM-005,M-SOP-010,2025-07-31,,,10.0,,46.5,55.2
WO-4244,Blow Molding,ISBM-005,M-SOP-010,2025-08-01,,,8.6,,43.9,43.9
WO-4245,Blow Molding,ISBM-005,M-SOP-010,2025-08-02,,,9.5,,44.7,50.5
WO-4246,Blow Molding,ISBM-005,M-SOP-010,2025-08-02,,,9.9,,40.1,49.6
WO-4247,Blow Molding,ISBM-005,M-SOP-013,2025-08-03,,,9.0,,37.7,55.8
WO-4248,Blow Molding,ISBM-005,M-SOP-013,2025-08-04,,,9.6,,40.8,52.7
WO-4249,Blow Molding,ISBM-005,M-SOP-023,2025-08-04,,,8.6,,38.5,44.0
WO-4250,Blow Molding,ISBM-005,M-SOP-023,2025-08-05,,,10.1,,50.2,45.2
WO-4251,Blow Molding,ISBM-005,M-SOP-013,2025-08-06,,,9.7,,43.1,48.9
WO-4252,Blow Molding,ISBM-005,M-SOP-013,2025-08-07,,,11.3,,41.1,51.2
WO-4253,Blow Molding,ISBM-005,M-SOP-010,2025-08-07,,,9.6,,35.7,49.7
WO-4254,Blow Molding,ISBM-005,M-SOP-010,2025-08-08,,,9.4,,41.9,50.1
WO-4255,Blow Molding,ISBM-005,M-SOP-010,2025-08-09,,,7.8,,45.3,46.0
WO-4256,Blow Molding,ISBM-005,M-SOP-027,2025-08-10,,,10.9,,40.9,45.5
WO-4257,Blow Molding,ISBM-005,M-SOP-027,2025-08-11,,,10.0,,38.9,50.0
WO-4258,Blow Molding,ISBM-005,M-SOP-027,2025-08-11,,,11.0,,44.9,47.9
WO-4259,Blow Molding,ISBM-005,M-SOP-010,2025-08-12,,,9.4,,40.7,50.1
WO-4260,  Blow Molding  ,ISBM-005,M-SOP-010,2025-08-13,,,9.6,,40.8,45.7
WO-4261,Blow Molding,ISBM-005,M-SOP-013,2025-08-14,,,10.0,,47.7,54.7
WO-4262,Blow Molding,ISBM-005,M-SOP-023,2025-08-15,,,9.1,,42.4,48.1
WO-4263,Blow Molding,ISBM-005,M-SOP-023,2025-08-15,,,9.5,,45.2,46.3
WO-4264,Blow Molding,ISBM-005,M-SOP-023,2025-08-16,,,10.6,,43.7,49.9
WO-4265,Blow Molding,ISBM-005,M-SOP-023,2025-08-17,,,9.8,,39.2,46.2
WO-4266,Blow Molding,ISBM-005,M-SOP-023,2025-08-17,,,9.2,,42.6,47.6
WO-4267,Blow Molding,ISBM-005,M-SOP-023,2025-08-18,,,7.9,,43.1,41.1
WO-4268,Blow Molding,ISBM-005,M-SOP-027,2025-08-19,,,10.0,,40.3,37.4
WO-4269,Blow Molding,ISBM-005,M-SOP-023,2025-08-20,,,9.2,,40.7,43.9
WO-4270,Blow Molding,ISBM-005,M-SOP-010,2025-08-20,,,8.2,,44.7,45.1
WO-4271,Blow Molding,ISBM-005,M-SOP-027,2025-08-21,,,10.7,,42.6,56.3
WO-4272,BLOW MOLDING,ISBM-005,M-SOP-013,2025-08-22,,,11.2,,42.6,44.9
WO-4273,Blow Molding,ISBM-005,M-SOP-013,2025-08-22,,,9.9,,44.2,52.5
WO-4274,Blow Molding,ISBM-005,M-SOP-023,2025-08-23,,,9.4,,34.5,53.8
WO-4275,Blow Molding,ISBM-005,M-SOP-023,2025-08-24,,,10.0,,38.7,47.1
WO-4276,Blow Molding,ISBM-005,M-SOP-027,2025-08-25,,,10.8,,47.0,44.1
WO-4277,  Blow Molding  ,ISBM-005,M-SOP-027,2025-08-25,,,8.8,,44.5,45.4
WO-4278,Blow Molding,ISBM-005,M-SOP-027,2025-08-26,,,9.8,,42.8,46.1
WO-4279,  Blow Molding  ,ISBM-005,M-SOP-023,2025-08-27,,,9.0,,45.7,41.9
WO-4280,Blow Molding,ISBM-005,M-SOP-023,2025-08-27,,,9.4,,42.9,50.0
WO-4281,Blow Molding,ISBM-005,M-SOP-010,2025-08-28,,,9.1,,42.2,44.1
WO-4282,Blow Molding,ISBM-005,M-SOP-013,2025-08-29,,,10.7,,40.0,44.0
WO-4283,Blow Molding,ISBM-005,M-SOP-013,2025-08-30,,,9.3,,42.5,44.9
WO-4284,Blow Molding,ISBM-005,M-SOP-027,2025-08-31,,,10.0,,42.2,44.0
WO-4285,Blow Molding,ISBM-005,M-SOP-027,2025-09-01,,,8.7,,42.2,42.5
WO-4286,Blow Molding,ISBM-005,M-SOP-027,2025-09-01,,,10.6,,42.1,46.2
WO-4287,Blow Molding,ISBM-005,M-SOP-027,2025-09-02,,,11.0,,38.9,50.5
WO-4288,Blow Molding,ISBM-005,M-SOP-023,2025-09-03,,,10.6,,30.7,51.0
WO-4289,Blow Molding,ISBM-005,M-SOP-027,2025-09-03,,,9.9,,42.1,46.2
WO-4290,Blow Molding,ISBM-005,M-SOP-027,2025-09-04,,,8.4,,38.9,45.0
WO-4291,Blow Molding,ISBM-005,M-SOP-023,2025-09-05,,,7.8,,41.9,48.6
WO-4292,Blow Molding,ISBM-005,M-SOP-010,2025-09-06,,,8.8,,44.6,50.7
WO-4293,Blow Molding,ISBM-005,M-SOP-010,2025-09-06,,,10.2,,41.0,51.8
WO-4294,Blow Molding,ISBM-005,M-SOP-013,2025-09-07,,,8.8,,39.9,47.4
WO-4295,Blow Molding,ISBM-005,M-SOP-013,2025-09-08,,,8.1,,40.3,46.3
WO-4296,Blow Molding,ISBM-005,M-SOP-027,2025-09-09,,,8.2,,43.2,57.5
WO-4297,Blow Molding,ISBM-005,M-SOP-013,2025-09-09,,,7.6,,37.5,50.7
WO-4298,Blow Molding,ISBM-005,M-SOP-027,2025-09-10,,,10.8,,43.1,47.0
WO-4299,Blow Molding,ISBM-005,M-SOP-027,2025-09-11,,,12.2,,40.8,42.1
WO-4300,blow molding,ISBM-005,M-SOP-010,2025-09-12,,,11.2,,45.3,48.1
WO-4301,Blow Molding,ISBM-005,M-SOP-027,2025-09-13,,,8.5,,42.0,46.1
WO-4302,Blow Molding,ISBM-005,M-SOP-027,2025-09-13,,,9.4,,45.9,47.2
WO-4303,Blow Molding,ISBM-005,M-SOP-027,2025-09-14,,,9.4,,40.9,47.8
WO-4304,  Blow Molding  ,ISBM-005,M-SOP-027,2025-09-14,,,9.7,,47.6,43.0
WO-4305,Blow Molding,ISBM-005,M-SOP-027,2025-09-15,,,10.7,,41.1,52.3
WO-4306,Blow Molding,ISBM-005,M-SOP-023,2025-09-16,,,9.1,,42.4,49.7
WO-4307,Blow Molding,ISBM-005,M-SOP-023,2025-09-17,,,8.6,,44.6,55.0
WO-4308,Blow Molding,ISBM-005,M-SOP-023,2025-09-18,,,9.1,,42.0,41.3
WO-4309,Blow Molding,ISBM-005,M-SOP-023,2025-09-18,,,8.7,,35.0,44.7
WO-4310,Blow Molding,ISBM-005,M-SOP-027,2025-09-19,,,8.8,,42.2,42.5
WO-4311,Blow Molding,ISBM-005,M-SOP-027,2025-09-19,,,9.2,,38.0,50.3
WO-4312,Blow Molding,ISBM-005,M-SOP-023,2025-09-20,,,11.4,,35.9,48.9
WO-4313,Blow Molding,ISBM-005,M-SOP-023,2025-09-21,,,9.7,,40.1,43.4
WO-4314,Blow Molding,ISBM-005,M-SOP-023,2025-09-22,,,9.6,,44.2,49.3
WO-4315,Blow Molding,ISBM-005,M-SOP-023,2025-09-22,,,7.7,,46.5,42.6
WO-4316,Blow Molding,ISBM-005,M-SOP-023,2025-09-23,,,9.3,,39.6,41.7
WO-4317,Blow Molding,ISBM-005,M-SOP-023,2025-09-24,,,8.1,,45.1,49.6
WO-4318,Blow Molding,ISBM-005,M-SOP-023,2025-09-24,,,7.8,,44.4,45.3
WO-4319,Blow Molding,ISBM-005,M-SOP-027,2025-09-25,,,8.7,,40.3,45.7
WO-4320,Blow Molding,ISBM-005,M-SOP-027,2025-09-26,,,9.1,,43.9,39.5
WO-4321,Blow Molding,ISBM-005,M-SOP-027,2025-09-26,,,9.1,,40.5,41.8
WO-4322,Blow Molding,ISBM-005,M-SOP-027,2025-09-27,,,7.4,,43.6,41.2
WO-4323,Blow Molding,ISBM-005,M-SOP-023,2025-09-28,,,10.1,,38.4,51.0
WO-4324,blow molding,ISBM-005,M-SOP-027,2025-09-29,,,9.2,,37.5,48.2
WO-4325,Blow Molding,ISBM-005,M-SOP-027,2025-09-29,,,8.8,,41.8,50.0
WO-4326,Blow Molding,ISBM-005,M-SOP-027,2025-09-30,,,11.1,,42.2,44.4
WO-4327,blow molding,ISBM-005,M-SOP-027,2025-09-30,,,9.4,,36.1,54.1
WO-4328,Blow Molding,ISBM-005,M-SOP-027,2025-10-01,,,8.8,,41.6,56.5
WO-4329,Blow Molding,ISBM-005,M-SOP-027,2025-10-02,,,12.1,,40.9,53.3
WO-4330,Blow Molding,ISBM-005,M-SOP-027,2025-10-03,,,9.7,,38.0,47.3
WO-4331,Blow Molding,ISBM-005,M-SOP-013,2025-10-04,,,9.7,,44.2,46.8
WO-4332,Blow Molding,ISBM-005,M-SOP-013,2025-10-04,,,10.4,,39.6,58.4
WO-4333,Blow Molding,ISBM-005,M-SOP-013,2025-10-05,,,8.6,,45.0,40.8
WO-4334,Blow Molding,ISBM-005,M-SOP-027,2025-10-06,,,8.4,,42.2,41.4
WO-4335,Blow Molding,ISBM-005,M-SOP-027,2025-10-06,,,11.2,,43.1,48.7
WO-4336,Blow Molding,ISBM-005,M-SOP-010,2025-10-07,,,10.1,,35.9,44.5
WO-4337,Blow Molding,ISBM-005,M-SOP-010,2025-10-07,,,10.5,,39.7,51.2
WO-4338,Blow Molding,ISBM-005,M-SOP-023,2025-10-08,,,7.7,,38.2,53.2
WO-4339,Blow Molding,ISBM-005,M-SOP-023,2025-10-09,,,10.9,,45.9,45.2
WO-4340,Blow Molding,ISBM-005,M-SOP-023,2025-10-09,,,8.8,,45.6,45.2
WO-4341,Blow Molding,ISBM-005,M-SOP-023,2025-10-10,,,9.3,,44.9,46.8
WO-4342,Blow Molding,ISBM-005,M-SOP-023,2025-10-10,,,9.5,,48.2,44.8
WO-4343,Blow Molding,ISBM-005,M-SOP-010,2025-10-11,,,10.2,,38.5,50.6
WO-4344,Blow Molding,ISBM-005,M-SOP-027,2025-10-12,,,8.7,,42.5,46.3
WO-4345,Blow Molding,ISBM-005,M-SOP-027,2025-10-13,,,8.4,,42.2,47.3
WO-4346,Blow Molding,ISBM-005,M-SOP-013,2025-10-14,,,10.0,,41.6,45.9
WO-4347,Blow Molding,ISBM-005,M-SOP-013,2025-10-15,,,11.7,,42.2,50.9
WO-4348,BLOW MOLDING,ISBM-005,M-SOP-023,2025-10-16,,,10.1,,40.4,50.2
WO-4349,Blow Molding,ISBM-005,M-SOP-023,2025-10-17,,,8.0,,40.3,51.6
WO-4350,Blow Molding,ISBM-005,M-SOP-023,2025-10-17,,,9.6,,32.5,53.8
WO-4351,Blow Molding,ISBM-005,M-SOP-023,2025-10-18,,,9.8,,43.6,45.6
WO-4352,BLOW MOLDING,ISBM-005,M-SOP-023,2025-10-18,,,10.0,,37.6,54.6
WO-4353,Blow Molding,ISBM-005,M-SOP-027,2025-10-19,,,8.9,,41.1,45.7
WO-4354,Blow Molding,ISBM-005,M-SOP-010,2025-10-20,,,7.8,,45.5,49.8
WO-4355,Blow Molding,ISBM-005,M-SOP-010,2025-10-21,,,9.0,,45.5,48.0
WO-4356,Blow Molding,ISBM-005,M-SOP-010,2025-10-21,,,8.3,,41.7,45.5
WO-4357,Blow Molding,ISBM-005,M-SOP-027,2025-10-22,,,8.7,,37.7,44.3
WO-4358,Blow Molding,ISBM-005,M-SOP-027,2025-10-23,,,9.8,,41.8,43.6
WO-4359,Blow Molding,ISBM-005,M-SOP-023,2025-10-23,,,9.7,,37.1,45.3
WO-4360,Blow Molding,ISBM-005,M-SOP-010,2025-10-24,,,8.4,,43.1,49.1
WO-4361,Blow Molding,ISBM-005,M-SOP-010,2025-10-25,,,10.0,,45.0,46.2
WO-4362,Blow Molding,ISBM-005,M-SOP-027,2025-10-26,,,10.1,,39.6,51.3
WO-4363,Blow Molding,ISBM-005,M-SOP-027,2025-10-27,,,10.5,,40.1,44.5
WO-4364,Blow Molding,ISBM-005,M-SOP-023,2025-10-27,,,11.0,,40.7,38.0
WO-4365,Blow Molding,ISBM-005,M-SOP-023,2025-10-28,,,9.8,,39.2,48.2
WO-4366,Blow Molding,ISBM-005,M-SOP-013,2025-10-29,,,8.5,,46.2,47.2
WO-4367,blow molding,ISBM-005,M-SOP-013,2025-10-30,,,12.0,,48.0,49.7
WO-4368,Blow Molding,ISBM-005,M-SOP-013,2025-10-30,,,10.0,,40.7,50.8
WO-4369,Blow Molding,ISBM-005,M-SOP-023,2025-10-31,,,10.7,,41.3,53.7
WO-4370,Blow Molding,ISBM-005,M-SOP-013,2025-11-01,,,10.6,,40.5,49.2
WO-4371,Blow Molding,ISBM-005,M-SOP-013,2025-11-02,,,11.8,,36.8,44.0
WO-4372,Blow Molding,ISBM-005,M-SOP-013,2025-11-03,,,9.5,,45.5,41.9
WO-4373,Blow Molding,ISBM-005,M-SOP-023,2025-11-03,,,9.9,,44.2,49.9
WO-4374,blow molding,ISBM-005,M-SOP-023,2025-11-04,,,7.8,,40.3,45.9
WO-4375,Blow Molding,ISBM-005,M-SOP-023,2025-11-05,,,9.5,,42.3,45.5
WO-4376,Blow Molding,ISBM-005,M-SOP-023,2025-11-06,,,8.9,,45.9,49.9
WO-4377,Blow Molding,ISBM-005,M-SOP-023,2025-11-07,,,9.5,,42.9,43.3
WO-4378,Blow Molding,ISBM-005,M-SOP-027,2025-11-07,,,8.8,,47.4,48.1
WO-4379,Blow Molding,ISBM-005,M-SOP-013,2025-11-08,,,8.5,,43.5,46.4
WO-4380,Blow Molding,ISBM-005,M-SOP-013,2025-11-09,,,9.3,,40.0,46.3
WO-4381,Blow Molding,ISBM-005,M-SOP-027,2025-11-09,,,9.6,,40.2,58.4
WO-4382,Blow Molding,ISBM-005,M-SOP-027,2025-11-10,,,8.8,,40.8,51.8
WO-4383,Blow Molding,ISBM-005,M-SOP-013,2025-11-11,,,9.8,,38.1,49.1
WO-4384,Blow Molding,ISBM-005,M-SOP-013,2025-11-12,,,11.6,,40.0,49.4
WO-4385,Blow Molding,ISBM-005,M-SOP-010,2025-11-12,,,10.3,,41.6,47.2
WO-4386,Blow Molding,ISBM-005,M-SOP-010,2025-11-13,,,8.7,,40.5,46.7
WO-4387,Blow Molding,ISBM-005,M-SOP-023,2025-11-14,,,8.3,,45.5,46.9
WO-4388,Blow Molding,ISBM-005,M-SOP-023,2025-11-14,,,11.2,,40.2,52.9
WO-4389,Blow Molding,ISBM-005,M-SOP-023,2025-11-15,,,8.3,,46.3,47.2
WO-4390,Blow Molding,ISBM-005,M-SOP-023,2025-11-15,,,8.8,,41.9,47.3
WO-4391,Blow Molding,ISBM-005,M-SOP-010,2025-11-16,,,9.7,,43.2,47.8
WO-4392,Blow Molding,ISBM-005,M-SOP-010,2025-11-17,,,9.0,,41.3,48.1
WO-4393,blow molding,ISBM-005,M-SOP-010,2025-11-17,,,9.1,,40.4,44.9
WO-4394,Blow Molding,ISBM-005,M-SOP-027,2025-11-18,,,10.8,,42.0,49.0
WO-4395,Blow Molding,ISBM-005,M-SOP-027,2025-11-19,,,9.2,,42.1,53.5
WO-4396,blow molding,ISBM-005,M-SOP-023,2025-11-19,,,8.8,,35.8,45.5
WO-4397,Blow Molding,ISBM-005,M-SOP-023,2025-11-20,,,8.5,,43.3,49.1
WO-4398,Blow Molding,ISBM-005,M-SOP-013,2025-11-21,,,11.5,,38.6,48.4
WO-4399,Blow Molding,ISBM-005,M-SOP-023,2025-11-22,,,10.9,,43.9,47.1
WO-4400,Blow Molding,ISBM-005,M-SOP-027,2025-11-22,,,9.3,,43.6,47.6
WO-4401,Blow Molding,ISBM-005,M-SOP-027,2025-11-23,,,10.3,,38.7,42.2
WO-4402,Blow Molding,ISBM-005,M-SOP-023,2025-11-24,,,9.7,,39.8,48.5
WO-4403,Blow Molding,ISBM-005,M-SOP-023,2025-11-25,,,10.5,,44.9,41.6
WO-4404,Blow Molding,ISBM-005,M-SOP-023,2025-11-25,,,9.9,,35.1,53.4
WO-4405,Blow Molding,ISBM-005,M-SOP-013,2025-11-26,,,9.3,,43.1,50.1
WO-4406,Blow Molding,ISBM-005,M-SOP-013,2025-11-27,,,9.4,,37.5,52.4
WO-4407,Blow Molding,ISBM-005,M-SOP-023,2025-11-28,,,9.1,,41.5,51.8
WO-4408,Blow Molding,ISBM-005,M-SOP-013,2025-11-29,,,10.4,,41.6,49.4
WO-4409,Blow Molding,ISBM-005,M-SOP-013,2025-11-29,,,9.1,,47.3,54.5
WO-4410,Blow Molding,ISBM-005,M-SOP-027,2025-11-30,,,10.5,,41.7,43.1
WO-4411,Blow Molding,ISBM-005,M-SOP-027,2025-12-01,,,10.6,,40.0,48.0
WO-4412,Blow Molding,ISBM-005,M-SOP-023,2025-12-01,,,9.5,,41.3,43.2
WO-4413,Blow Molding,ISBM-005,M-SOP-013,2025-12-02,,,9.4,,47.3,48.1
WO-4414,Blow Molding,ISBM-005,M-SOP-013,2025-12-02,,,10.1,,38.6,48.1
WO-4415,Blow Molding,ISBM-005,M-SOP-013,2025-12-03,,,10.5,,39.6,49.8
WO-4416,Blow Molding,ISBM-005,M-SOP-013,2025-12-04,,,8.2,,42.9,42.8
WO-4417,Blow Molding,ISBM-005,M-SOP-013,2025-12-04,,,8.6,,37.1,53.2
WO-4418,Blow Molding,ISBM-005,M-SOP-013,2025-12-05,,,10.0,,46.6,53.1
WO-4419,Blow Molding,ISBM-005,M-SOP-010,2025-12-06,,,11.7,,47.0,46.1
WO-4420,blow molding,ISBM-005,M-SOP-013,2025-12-07,,,11.0,,40.7,44.8
WO-4421,Blow Molding,ISBM-005,M-SOP-013,2025-12-07,,,6.7,,44.7,47.8
WO-4422,Blow Molding,ISBM-005,M-SOP-013,2025-12-08,,,9.4,,44.7,44.4
WO-4423,Blow Molding,ISBM-005,M-SOP-010,2025-12-09,,,9.2,,42.0,49.6
WO-4424,Blow Molding,ISBM-005,M-SOP-010,2025-12-10,,,10.4,,42.6,43.5
WO-4425,BLOW MOLDING,ISBM-005,M-SOP-010,2025-12-10,,,9.7,,35.8,47.5
WO-4426,Blow Molding,ISBM-005,M-SOP-010,2025-12-11,,,9.2,,42.7,50.7
WO-4427,Blow Molding,ISBM-005,M-SOP-023,2025-12-12,,,9.7,,42.9,51.1
WO-4428,Blow Molding,ISBM-005,M-SOP-027,2025-12-13,,,9.4,,40.6,45.5
WO-4429,Blow Molding,ISBM-005,M-SOP-027,2025-12-14,,,10.2,,41.6,41.0
WO-4430,Blow Molding,ISBM-005,M-SOP-027,2025-12-15,,,8.3,,36.8,50.6
WO-4431,Blow Molding,ISBM-005,M-SOP-023,2025-12-16,,,10.4,,40.9,48.4
WO-4432,Blow Molding,ISBM-005,M-SOP-010,2025-12-17,,,10.3,,38.9,48.6
WO-4433,blow molding,ISBM-005,M-SOP-010,2025-12-17,,,9.0,,40.4,53.3
WO-4434,Blow Molding,ISBM-005,M-SOP-027,2025-12-18,,,8.0,,41.3,45.9
WO-4435,Blow Molding,ISBM-005,M-SOP-027,2025-12-19,,,9.2,,43.6,55.5
WO-4436,Blow Molding,ISBM-005,M-SOP-023,2025-12-20,,,9.8,,40.5,44.7
WO-4437,blow molding,ISBM-005,M-SOP-023,2025-12-21,,,9.4,,40.5,50.1
WO-4438,Blow Molding,ISBM-005,M-SOP-010,2025-12-22,,,9.7,,40.7,46.9
WO-4439,Blow Molding,ISBM-005,M-SOP-013,2025-12-23,,,10.8,,41.9,52.7
WO-4440,Blow Molding,ISBM-005,M-SOP-013,2025-12-23,,,10.2,,36.7,58.2
WO-4441,BLOW MOLDING,ISBM-005,M-SOP-023,2025-12-24,,,10.1,,44.3,53.6
WO-4442,Blow Molding,ISBM-005,M-SOP-013,2025-12-25,,,11.6,,46.5,48.7
WO-4443,Blow Molding,ISBM-005,M-SOP-013,2025-12-25,,,8.2,,46.9,45.4
WO-4444,Blow Molding,ISBM-005,M-SOP-013,2025-12-26,,,10.3,,41.5,52.3
WO-4445,Blow Molding,ISBM-005,M-SOP-013,2025-12-26,,,9.6,,41.8,51.6
WO-4446,Blow Molding,ISBM-005,M-SOP-027,2025-12-27,,,10.7,,37.6,48.3
WO-4447,Blow Molding,ISBM-005,M-SOP-027,2025-12-28,,,7.3,,44.8,49.9
WO-4448,Blow Molding,ISBM-005,M-SOP-027,2025-12-28,,,8.9,,43.1,45.8
WO-4449,Blow Molding,ISBM-005,M-SOP-027,2025-12-29,,,11.2,,44.3,49.5
WO-4450,Blow Molding,ISBM-005,M-SOP-023,2025-12-30,,,10.3,,40.9,41.7
WO-4451,Blow Molding,ISBM-005,M-SOP-010,2025-12-30,,,9.5,,33.1,48.1
WO-4452,Blow Molding,ISBM-005,M-SOP-023,2025-12-31,,,9.6,,41.9,45.6
WO-4453,Blow Molding,ISBM-005,M-SOP-010,2026-01-01,,,9.3,,40.6,54.3
WO-4454,Blow Molding,ISBM-005,M-SOP-010,2026-01-02,,,9.5,,39.6,41.6
WO-4455,Blow Molding,ISBM-005,M-SOP-013,2026-01-03,,,10.9,,45.2,49.8
WO-4456,Blow Molding,ISBM-005,M-SOP-023,2026-01-03,,,10.9,,46.4,52.6
WO-4457,Blow Molding,ISBM-005,M-SOP-023,2026-01-04,,,8.9,,48.0,43.9
WO-4458,Blow Molding,ISBM-005,M-SOP-023,2026-01-05,,,9.4,,41.6,51.4
WO-4459,blow molding,ISBM-005,M-SOP-027,2026-01-05,,,10.5,,45.0,55.6
WO-4460,Blow Molding,ISBM-005,M-SOP-013,2026-01-06,,,11.3,,46.7,45.1
WO-4461,Blow Molding,ISBM-005,M-SOP-013,2026-01-07,,,10.7,,40.4,48.8
WO-4462,Blow Molding,ISBM-005,M-SOP-013,2026-01-08,,,10.8,,37.0,47.4
WO-4463,Blow Molding,ISBM-005,M-SOP-013,2026-01-09,,,10.7,,39.5,53.4
WO-4464,Blow Molding,ISBM-005,M-SOP-010,2026-01-09,,,9.3,,41.7,46.1
WO-4465,Blow Molding,ISBM-005,M-SOP-010,2026-01-10,,,9.0,,41.8,50.3
WO-4466,Blow Molding,ISBM-005,M-SOP-027,2026-01-11,,,8.2,,40.1,43.7
WO-4467,Blow Molding,ISBM-005,M-SOP-027,2026-01-12,,,11.2,,39.1,53.4
WO-4468,Blow Molding,ISBM-005,M-SOP-023,2026-01-13,,,8.4,,37.3,49.0
WO-4469,Blow Molding,ISBM-005,M-SOP-023,2026-01-14,,,7.3,,48.6,42.8
WO-4470,Blow Molding,ISBM-005,M-SOP-023,2026-01-14,,,9.1,,44.0,49.4
WO-4471,Blow Molding,ISBM-005,M-SOP-023,2026-01-15,,,9.0,,39.0,44.9
WO-4472,Blow Molding,ISBM-005,M-SOP-023,2026-01-15,,,10.0,,44.3,45.8
WO-4473,Blow Molding,ISBM-005,M-SOP-023,2026-01-16,,,9.9,,41.9,52.8
WO-4474,Blow Molding,ISBM-005,M-SOP-010,2026-01-17,,,8.5,,47.9,48.3
WO-4475,Blow Molding,ISBM-005,M-SOP-010,2026-01-18,,,9.6,,37.6,42.8
WO-4476,BLOW MOLDING,ISBM-005,M-SOP-027,2026-01-19,,,9.9,,41.8,43.2
WO-4477,Blow Molding,ISBM-005,M-SOP-023,2026-01-19,,,8.8,,41.8,44.2
WO-4478,Blow Molding,ISBM-005,M-SOP-013,2026-01-20,,,8.8,,42.4,43.5
WO-4479,BLOW MOLDING,ISBM-005,M-SOP-013,2026-01-21,,,9.0,,44.3,53.7
WO-4480,Blow Molding,ISBM-005,M-SOP-027,2026-01-21,,,10.4,,37.2,53.8
WO-4481,Blow Molding,ISBM-005,M-SOP-027,2026-01-22,,,10.0,,37.4,43.2
WO-4482,Blow Molding,ISBM-005,M-SOP-027,2026-01-23,,,10.1,,39.5,54.2
WO-4483,Blow Molding,ISBM-005,M-SOP-013,2026-01-24,,,10.4,,44.1,51.2
WO-4484,  Blow Molding  ,ISBM-005,M-SOP-027,2026-01-25,,,9.8,,46.4,46.1
WO-4485,Blow Molding,ISBM-005,M-SOP-027,2026-01-25,,,10.1,,41.5,50.7
WO-4486,Blow Molding,ISBM-005,M-SOP-027,2026-01-26,,,10.0,,41.5,45.3
WO-4487,  Blow Molding  ,ISBM-005,M-SOP-027,2026-01-26,,,9.4,,40.6,45.5
WO-4488,Blow Molding,ISBM-005,M-SOP-027,2026-01-27,,,9.6,,36.6,49.9
WO-4489,Blow Molding,ISBM-005,M-SOP-013,2026-01-27,,,10.7,,40.4,54.9
WO-4490,Blow Molding,ISBM-005,M-SOP-013,2026-01-28,,,9.7,,40.9,49.6
WO-4491,Blow Molding,ISBM-005,M-SOP-013,2026-01-29,,,8.6,,38.4,50.2
WO-4492,Blow Molding,ISBM-005,M-SOP-023,2026-01-29,,,10.0,,39.2,56.1
WO-4493,Blow Molding,ISBM-005,M-SOP-023,2026-01-30,,,10.1,,39.5,45.2
WO-4494,Blow Molding,ISBM-005,M-SOP-023,2026-01-31,,,9.7,,44.2,42.5
WO-4495,Blow Molding,ISBM-005,M-SOP-027,2026-02-01,,,11.2,,37.1,44.1
WO-4496,Blow Molding,ISBM-005,M-SOP-027,2026-02-02,,,9.0,,41.8,52.3
WO-4497,BLOW MOLDING,ISBM-005,M-SOP-023,2026-02-03,,,10.5,,43.2,50.7
WO-4498,Blow Molding,ISBM-005,M-SOP-023,2026-02-03,,,10.4,,43.8,46.5
WO-4499,Blow Molding,ISBM-005,M-SOP-013,2026-02-04,,,9.5,,36.2,46.8
WO-4500,Blow Molding,ISBM-005,M-SOP-013,2026-02-05,,,9.7,,45.3,42.9
WO-4501,Blow Molding,ISBM-005,M-SOP-027,2026-02-06,,,9.4,,41.9,47.6
WO-4502,Blow Molding,ISBM-005,M-SOP-027,2026-02-06,,,8.3,,41.3,52.8
WO-4503,Blow Molding,ISBM-005,M-SOP-013,2026-02-07,,,8.1,,38.9,49.7
WO-4504,Blow Molding,ISBM-005,M-SOP-013,2026-02-08,,,9.9,,44.9,49.8
WO-4505,Blow Molding,ISBM-005,M-SOP-013,2026-02-09,,,8.6,,39.1,46.2
WO-4506,Blow Molding,ISBM-005,M-SOP-010,2026-02-10,,,8.0,,43.3,49.2
WO-4507,Blow Molding,ISBM-005,M-SOP-010,2026-02-11,,,8.4,,47.8,40.4
WO-4508,Blow Molding,ISBM-005,M-SOP-023,2026-02-11,,,9.8,,46.3,57.2
WO-4509,blow molding,ISBM-005,M-SOP-010,2026-02-12,,,8.7,,39.9,46.7
WO-4510,Blow Molding,ISBM-005,M-SOP-010,2026-02-13,,,9.0,,40.7,51.4
WO-4511,  Blow Molding  ,ISBM-005,M-SOP-010,2026-02-14,,,9.3,,35.0,48.7
WO-4512,Blow Molding,ISBM-005,M-SOP-010,2026-02-15,,,10.1,,47.9,52.0
WO-4513,Blow Molding,ISBM-005,M-SOP-010,2026-02-15,,,8.5,,44.1,41.3
WO-4514,Blow Molding,ISBM-005,M-SOP-027,2026-02-16,,,11.1,,43.9,48.9
WO-4515,Blow Molding,ISBM-005,M-SOP-010,2026-02-17,,,8.8,,47.6,51.6
WO-4516,Blow Molding,ISBM-005,M-SOP-010,2026-02-18,,,8.9,,41.2,51.0
WO-4517,Blow Molding,ISBM-005,M-SOP-027,2026-02-18,,,9.5,,45.0,50.3
WO-4518,Blow Molding,ISBM-005,M-SOP-023,2026-02-19,,,11.5,,41.6,55.8
WO-4519,Blow Molding,ISBM-005,M-SOP-013,2026-02-20,,,7.6,,43.3,49.6
WO-4520,Blow Molding,ISBM-005,M-SOP-023,2026-02-20,,,9.6,,41.7,47.7
WO-4521,Blow Molding,ISBM-005,M-SOP-023,2026-02-21,,,8.6,,41.8,47.5
WO-4522,Blow Molding,ISBM-005,M-SOP-013,2026-02-22,,,10.5,,43.2,44.4
WO-4523,Blow Molding,ISBM-005,M-SOP-010,2026-02-22,,,8.7,,37.3,43.7
WO-4524,Blow Molding,ISBM-005,M-SOP-027,2026-02-23,,,8.7,,46.9,40.4
WO-4525,Blow Molding,ISBM-005,M-SOP-010,2026-02-24,,,8.3,,42.0,53.8
WO-4526,Blow Molding,ISBM-005,M-SOP-010,2026-02-25,,,10.6,,41.3,48.0
WO-4527,Blow Molding,ISBM-005,M-SOP-013,2026-02-25,,,9.6,,44.0,49.8
WO-4528,Blow Molding,ISBM-005,M-SOP-010,2026-02-26,,,8.3,,45.0,47.4
WO-4529,Blow Molding,ISBM-005,M-SOP-010,2026-02-27,,,11.0,,37.1,43.8
WO-4530,blow molding,ISBM-005,M-SOP-013,2026-02-27,,,10.1,,39.3,43.4
WO-4531,Blow Molding,ISBM-005,M-SOP-013,2026-02-28,,,10.1,,41.2,48.0
WO-4532,Blow Molding,ISBM-005,M-SOP-010,2026-03-01,,,10.8,,42.3,48.3
WO-4533,Blow Molding,ISBM-005,M-SOP-023,2026-03-01,,,10.1,,38.3,42.0
WO-4534,  Blow Molding  ,ISBM-005,M-SOP-010,2026-03-02,,,10.1,,41.3,49.7
WO-4535,Blow Molding,ISBM-005,M-SOP-013,2026-03-03,,,10.3,,40.6,45.4
WO-4536,Blow Molding,ISBM-005,M-SOP-013,2026-03-04,,,9.1,,41.2,48.9
WO-4537,  Blow Molding  ,ISBM-005,M-SOP-010,2026-03-05,,,8.3,,37.6,46.8
WO-4538,Blow Molding,ISBM-005,M-SOP-027,2026-03-05,,,11.7,,41.8,49.1
WO-4539,Blow Molding,ISBM-005,M-SOP-027,2026-03-06,,,8.6,,40.9,48.8
WO-4540,Blow Molding,ISBM-005,M-SOP-027,2026-03-07,,,10.1,,40.1,51.0
WO-4541,Blow Molding,ISBM-005,M-SOP-023,2026-03-07,,,9.9,,41.7,51.3
WO-4542,Blow Molding,ISBM-005,M-SOP-023,2026-03-08,,,11.2,,46.1,39.3
WO-4543,Blow Molding,ISBM-005,M-SOP-023,2026-03-09,,,9.0,,45.6,49.7
WO-4544,Blow Molding,ISBM-005,M-SOP-027,2026-03-09,,,9.3,,44.6,44.3
WO-4545,Blow Molding,ISBM-005,M-SOP-010,2026-03-10,,,10.6,,41.9,48.2
WO-4546,Blow Molding,ISBM-005,M-SOP-010,2026-03-11,,,8.7,,41.5,41.1
WO-4547,Blow Molding,ISBM-005,M-SOP-027,2026-03-12,,,9.7,,44.2,54.4
WO-4548,BLOW MOLDING,ISBM-005,M-SOP-027,2026-03-12,,,10.8,,47.2,51.9
WO-4549,Blow Molding,ISBM-005,M-SOP-013,2026-03-13,,,10.2,,47.6,47.1
WO-4550,Blow Molding,ISBM-005,M-SOP-013,2026-03-14,,,11.1,,41.4,45.7
WO-4551,BLOW MOLDING,ISBM-005,M-SOP-013,2026-03-15,,,9.0,,38.1,54.5
WO-4552,Blow Molding,ISBM-005,M-SOP-013,2026-03-15,,,9.9,,42.0,46.8
WO-4553,Blow Molding,ISBM-005,M-SOP-013,2026-03-16,,,6.9,,42.4,53.4
WO-4554,  Blow Molding  ,ISBM-005,M-SOP-013,2026-03-17,,,11.4,,43.7,53.6
WO-4555,Blow Molding,ISBM-005,M-SOP-013,2026-03-17,,,9.2,,41.4,47.3
WO-4556,Blow Molding,ISBM-005,M-SOP-013,2026-03-18,,,8.9,,39.8,44.9
WO-4557,Blow Molding,ISBM-005,M-SOP-013,2026-03-19,,,9.0,,38.7,44.9
WO-4558,Blow Molding,ISBM-005,M-SOP-013,2026-03-20,,,11.8,,39.6,51.0
WO-4559,Blow Molding,ISBM-005,M-SOP-010,2026-03-20,,,7.7,,44.1,51.9
WO-4560,Blow Molding,ISBM-005,M-SOP-013,2026-03-21,,,10.9,,38.2,46.5
WO-4561,  Blow Molding  ,ISBM-005,M-SOP-013,2026-03-22,,,10.6,,41.9,52.3
WO-4562,Blow Molding,ISBM-005,M-SOP-023,2026-03-22,,,7.7,,40.0,48.1
WO-4563,Blow Molding,ISBM-005,M-SOP-023,2026-03-23,,,8.9,,41.5,49.7
WO-4564,Blow Molding,ISBM-005,M-SOP-023,2026-03-24,,,9.3,,37.2,47.7
WO-4565,Blow Molding,ISBM-005,M-SOP-023,2026-03-25,,,10.1,,47.4,44.3
WO-4566,Blow Molding,ISBM-005,M-SOP-023,2026-03-26,,,8.3,,45.8,43.7
WO-4567,Blow Molding,ISBM-005,M-SOP-013,2026-03-26,,,8.4,,42.5,53.2
WO-4568,Blow Molding,ISBM-005,M-SOP-013,2026-03-27,,,7.3,,40.1,49.9
WO-4569,  Blow Molding  ,ISBM-005,M-SOP-013,2026-03-27,,,9.6,,44.8,46.8
WO-4570,Blow Molding,ISBM-005,M-SOP-023,2026-03-28,,,8.9,,42.3,51.9
WO-4571,Blow Molding,ISBM-005,M-SOP-023,2026-03-29,,,10.6,,41.7,47.0
WO-4572,Blow Molding,ISBM-005,M-SOP-023,2026-03-29,,,9.4,,40.9,52.3
WO-4573,Blow Molding,ISBM-005,M-SOP-023,2026-03-30,,,8.0,,45.8,50.4
WO-4574,Blow Molding,ISBM-005,M-SOP-027,2026-03-31,,,8.6,,44.8,45.1
WO-4575,Blow Molding,ISBM-005,M-SOP-027,2026-03-31,,,11.5,,40.5,42.2
WO-4576,Blow Molding,ISBM-005,M-SOP-027,2026-04-01,,,9.2,,43.1,48.5
WO-4577,Blow Molding,ISBM-005,M-SOP-027,2026-04-02,,,8.2,,48.1,53.4
WO-4578,Blow Molding,ISBM-005,M-SOP-023,2026-04-03,,,9.7,,43.3,49.7
WO-4579,Blow Molding,ISBM-005,M-SOP-023,2026-04-04,,,9.5,,45.0,49.1
WO-4580,Blow Molding,ISBM-005,M-SOP-023,2026-04-04,,,8.5,,36.8,45.0
WO-4581,Blow Molding,ISBM-005,M-SOP-023,2026-04-05,,,9.6,,41.4,46.1
WO-4582,Blow Molding,ISBM-005,M-SOP-023,2026-04-06,,,8.2,,45.0,49.9
WO-4583,Blow Molding,ISBM-005,M-SOP-023,2026-04-06,,,9.0,,46.2,46.1
WO-4584,Blow Molding,ISBM-005,M-SOP-013,2026-04-07,,,9.7,,49.1,47.4
WO-4585,Blow Molding,ISBM-005,M-SOP-013,2026-04-07,,,10.1,,42.7,48.4
WO-4586,Blow Molding,ISBM-005,M-SOP-027,2026-04-08,,,8.4,,44.0,48.4
WO-4587,Blow Molding,ISBM-005,M-SOP-013,2026-04-08,,,9.5,,45.9,45.5
WO-4588,Blow Molding,ISBM-005,M-SOP-013,2026-04-09,,,9.5,,39.0,44.8
WO-4589,Blow Molding,ISBM-005,M-SOP-027,2026-04-10,,,9.1,,41.7,48.0
WO-4590,BLOW MOLDING,ISBM-005,M-SOP-027,2026-04-11,,,10.6,,41.8,44.1
WO-4591,Blow Molding,ISBM-005,M-SOP-027,2026-04-11,,,10.3,,44.7,49.5
WO-4592,blow molding,ISBM-005,M-SOP-027,2026-04-12,,,8.8,,41.7,45.2
WO-4593,blow molding,ISBM-005,M-SOP-010,2026-04-13,,,9.8,,38.9,49.1
WO-4594,Blow Molding,ISBM-005,M-SOP-010,2026-04-14,,,9.9,,43.1,52.7
WO-4595,Blow Molding,ISBM-005,M-SOP-010,2026-04-15,,,9.5,,41.7,45.0
WO-4596,Blow Molding,ISBM-005,M-SOP-013,2026-04-15,,,8.9,,45.4,49.7
WO-4597,Blow Molding,ISBM-005,M-SOP-010,2026-04-16,,,8.5,,39.7,40.3
WO-4598,Blow Molding,ISBM-005,M-SOP-010,2026-04-17,,,10.6,,43.0,47.3
WO-4599,Blow Molding,ISBM-005,M-SOP-027,2026-04-18,,,11.4,,40.7,51.8
WO-4600,Blow Molding,ISBM-005,M-SOP-027,2026-04-19,,,9.8,,42.4,47.1
WO-4601,Blow Molding,ISBM-005,M-SOP-027,2026-04-19,,,10.9,,40.2,47.5
WO-4602,Blow Molding,ISBM-005,M-SOP-027,2026-04-20,,,8.6,,42.8,42.5
WO-4603,Blow Molding,ISBM-005,M-SOP-013,2026-04-21,,,10.8,,44.7,58.8
WO-4604,Blow Molding,ISBM-005,M-SOP-013,2026-04-22,,,9.9,,42.0,47.3
WO-4605,Blow Molding,ISBM-005,M-SOP-010,2026-04-22,,,8.3,,44.3,38.7
WO-4606,Blow Molding,ISBM-005,M-SOP-013,2026-04-23,,,9.4,,37.2,49.1
WO-4607,  Blow Molding  ,ISBM-005,M-SOP-013,2026-04-24,,,10.3,,45.9,42.3
WO-4608,Blow Molding,ISBM-005,M-SOP-023,2026-04-24,,,9.7,,36.1,51.9
WO-4609,blow molding,ISBM-005,M-SOP-027,2026-04-25,,,9.1,,31.7,49.8
WO-4610,Blow Molding,ISBM-005,M-SOP-027,2026-04-26,,,9.5,,36.4,53.5
WO-4611,Blow Molding,ISBM-005,M-SOP-010,2026-04-27,,,10.7,,43.8,55.2
WO-4612,Blow Molding,ISBM-005,M-SOP-010,2026-04-28,,,11.0,,44.0,48.1
WO-4613,Blow Molding,ISBM-005,M-SOP-010,2026-04-28,,,9.1,,42.7,48.8
WO-4614,blow molding,ISBM-005,M-SOP-013,2026-04-29,,,9.2,,40.2,49.6
WO-4615,Blow Molding,ISBM-005,M-SOP-013,2026-04-30,,,9.5,,43.0,51.8
WO-4616,Blow Molding,ISBM-005,M-SOP-013,2026-04-30,,,10.5,,42.7,56.3
WO-4617,Blow Molding,ISBM-005,M-SOP-013,2026-05-01,,,8.3,,44.7,43.1
WO-4618,Blow Molding,ISBM-005,M-SOP-023,2026-05-02,,,9.7,,42.0,45.1
WO-4619,Blow Molding,ISBM-005,M-SOP-023,2026-05-02,,,9.8,,41.1,53.1
WO-4620,Blow Molding,ISBM-005,M-SOP-010,2026-05-03,,,10.0,,38.5,54.2
WO-4621,Blow Molding,ISBM-005,M-SOP-010,2026-05-03,,,10.4,,42.1,49.9
WO-4622,Blow Molding,ISBM-005,M-SOP-010,2026-05-04,,,9.6,,44.9,47.1
WO-4623,Blow Molding,ISBM-005,M-SOP-013,2026-05-05,,,8.2,,42.5,51.3
WO-4624,Blow Molding,ISBM-005,M-SOP-027,2026-05-05,,,7.0,,46.3,52.3
WO-4625,Blow Molding,ISBM-005,M-SOP-027,2026-05-06,,,8.5,,47.1,49.3
WO-4626,  Blow Molding  ,ISBM-005,M-SOP-027,2026-05-07,,,10.1,,41.4,56.6
WO-4627,Blow Molding,ISBM-005,M-SOP-023,2026-05-08,,,9.1,,44.2,46.2
WO-4628,Blow Molding,ISBM-005,M-SOP-023,2026-05-09,,,7.7,,43.0,51.9
WO-4629,Blow Molding,ISBM-005,M-SOP-023,2026-05-09,,,10.3,,41.3,48.1
WO-4630,Blow Molding,ISBM-005,M-SOP-023,2026-05-10,,,8.3,,40.4,49.3
WO-4631,Blow Molding,ISBM-005,M-SOP-023,2026-05-11,,,8.9,,41.2,44.9
WO-4632,Blow Molding,ISBM-005,M-SOP-023,2026-05-12,,,9.6,,40.8,49.6
WO-4633,Blow Molding,ISBM-005,M-SOP-023,2026-05-12,,,11.2,,41.1,43.6
WO-4634,Blow Molding,ISBM-005,M-SOP-010,2026-05-13,,,8.9,,42.7,45.5
WO-4635,Blow Molding,ISBM-005,M-SOP-023,2026-05-14,,,10.1,,43.0,47.3
WO-4636,Blow Molding,ISBM-005,M-SOP-027,2026-05-15,,,8.7,,40.1,47.4
WO-4637,Blow Molding,ISBM-005,M-SOP-027,2026-05-16,,,7.9,,38.3,45.6
WO-4638,Blow Molding,ISBM-005,M-SOP-027,2026-05-16,,,8.7,,40.8,45.9
WO-4639,Blow Molding,ISBM-005,M-SOP-027,2026-05-17,,,10.2,,39.8,40.4
WO-4640,Blow Molding,ISBM-005,M-SOP-027,2026-05-18,,,7.9,,40.2,52.1
WO-4641,Blow Molding,ISBM-005,M-SOP-027,2026-05-19,,,8.4,,41.5,48.7
WO-4642,Blow Molding,ISBM-005,M-SOP-027,2026-05-19,,,9.5,,43.7,56.9
WO-4643,Blow Molding,ISBM-005,M-SOP-027,2026-05-20,,,9.2,,42.4,41.1
WO-4644,Blow Molding,ISBM-005,M-SOP-027,2026-05-20,,,9.4,,45.7,46.8
WO-4645,Blow Molding,ISBM-005,M-SOP-027,2026-05-21,,,10.5,,44.8,51.9
WO-4646,Blow Molding,ISBM-005,M-SOP-013,2026-05-22,,,10.4,,39.0,46.4
WO-4647,Blow Molding,ISBM-005,M-SOP-013,2026-05-22,,,11.2,,38.2,46.2
WO-4648,Blow Molding,ISBM-005,M-SOP-013,2026-05-23,,,9.4,,41.6,51.4
WO-4649,Blow Molding,ISBM-005,M-SOP-013,2026-05-23,,,8.6,,46.8,49.6
WO-4650,Blow Molding,ISBM-005,M-SOP-013,2026-05-24,,,10.0,,42.7,49.1
WO-4651,Blow Molding,ISBM-005,M-SOP-013,2026-05-24,,,8.7,,37.8,48.8
WO-4652,Blow Molding,ISBM-005,M-SOP-013,2026-05-25,,,8.5,,47.4,46.8
WO-4653,Blow Molding,ISBM-005,M-SOP-013,2026-05-26,,,11.1,,44.6,42.4
WO-4654,Blow Molding,ISBM-005,M-SOP-013,2026-05-26,,,9.3,,42.0,49.3
WO-4655,Blow Molding,ISBM-005,M-SOP-027,2026-05-27,,,10.0,,44.1,48.6
WO-4656,Blow Molding,ISBM-005,M-SOP-027,2026-05-28,,,8.2,,39.0,48.0
WO-4657,Blow Molding,ISBM-005,M-SOP-023,2026-05-28,,,10.2,,42.1,43.3
WO-4658,Blow Molding,ISBM-005,M-SOP-010,2026-05-29,,,8.3,,39.7,48.7
WO-4659,Blow Molding,ISBM-005,M-SOP-027,2026-05-30,,,8.5,,41.2,49.8
WO-4660,Blow Molding,ISBM-005,M-SOP-010,2026-05-31,,,7.9,,42.1,40.1
WO-4661,Blow Molding,ISBM-005,M-SOP-027,2026-05-31,,,10.2,,36.6,49.5
WO-4662,Blow Molding,ISBM-005,M-SOP-027,2026-06-01,,,11.1,,41.8,41.6
WO-4663,Blow Molding,ISBM-005,M-SOP-023,2026-06-02,,,9.8,,39.8,50.5
WO-4664,Blow Molding,ISBM-005,M-SOP-023,2026-06-03,,,9.9,,44.0,51.4
WO-4665,Blow Molding,ISBM-005,M-SOP-027,2026-06-03,,,10.9,,42.4,54.3
WO-4666,Blow Molding,ISBM-005,M-SOP-027,2026-06-04,,,10.0,,42.1,46.3
WO-4667,Blow Molding,ISBM-005,M-SOP-013,2026-06-05,,,9.6,,40.9,44.0
WO-4668,Blow Molding,ISBM-005,M-SOP-013,2026-06-06,,,7.3,,35.6,54.2
WO-4669,Blow Molding,ISBM-005,M-SOP-013,2026-06-07,,,10.6,,41.8,46.2
WO-4670,Blow Molding,ISBM-005,M-SOP-023,2026-06-08,,,10.4,,41.5,55.0
WO-4671,Blow Molding,ISBM-005,M-SOP-023,2026-06-08,,,10.5,,42.4,47.5
WO-4672,BLOW MOLDING,ISBM-005,M-SOP-013,2026-06-09,,,8.3,,40.4,47.2
WO-4673,Blow Molding,ISBM-005,M-SOP-013,2026-06-10,,,9.1,,37.7,45.4
WO-4674,Blow Molding,ISBM-005,M-SOP-023,2026-06-11,,,12.6,,47.7,56.4
WO-4675,Blow Molding,ISBM-005,M-SOP-023,2026-06-12,,,8.8,,39.5,50.9
WO-4676,blow molding,ISBM-005,M-SOP-010,2026-06-12,,,9.2,,41.1,49.9
WO-4677,Blow Molding,ISBM-005,M-SOP-010,2026-06-13,,,8.2,,45.4,46.2
WO-4678,blow molding,ISBM-005,M-SOP-010,2026-06-14,,,9.8,,46.3,46.3
WO-4679,Blow Molding,ISBM-005,M-SOP-023,2026-06-15,,,10.1,,43.9,46.2
WO-4680,Blow Molding,ISBM-005,M-SOP-023,2026-06-16,,,9.1,,39.8,42.6
WO-4681,Blow Molding,ISBM-005,M-SOP-027,2026-06-16,,,9.1,,40.9,55.3
WO-4682,Blow Molding,ISBM-005,M-SOP-027,2026-06-17,,,9.9,,46.5,52.4
WO-4683,Blow Molding,ISBM-005,M-SOP-027,2026-06-17,,,9.3,,42.4,46.5
WO-4684,BLOW MOLDING,ISBM-005,M-SOP-023,2026-06-18,,,8.9,,36.3,48.2
WO-4685,  Blow Molding  ,ISBM-005,M-SOP-023,2026-06-19,,,10.2,,46.3,47.8
WO-4686,Blow Molding,ISBM-005,M-SOP-023,2026-06-20,,,10.3,,40.3,45.6
WO-4687,Blow Molding,ISBM-005,M-SOP-027,2026-06-21,,,10.4,,38.6,44.6
WO-4688,  Blow Molding  ,ISBM-005,M-SOP-010,2026-06-21,,,9.2,,43.7,45.5
WO-4689,Blow Molding,ISBM-005,M-SOP-010,2026-06-22,,,9.3,,41.2,52.5
WO-4690,Blow Molding,ISBM-005,M-SOP-027,2026-06-23,,,10.7,,40.8,53.1
WO-4691,Blow Molding,ISBM-005,M-SOP-010,2026-06-23,,,8.2,,46.2,51.0
WO-4692,Blow Molding,ISBM-005,M-SOP-010,2026-06-24,,,10.4,,46.3,38.9
WO-4693,Blow Molding,ISBM-005,M-SOP-010,2026-06-25,,,8.4,,44.5,54.3
WO-4694,Blow Molding,ISBM-005,M-SOP-013,2026-06-26,,,9.6,,46.6,47.1
WO-4695,Blow Molding,ISBM-005,M-SOP-013,2026-06-27,,,10.2,,37.2,48.4
WO-4696,Blow Molding,ISBM-005,M-SOP-023,2026-06-28,,,9.3,,41.1,41.7
WO-4697,Blow Molding,ISBM-005,M-SOP-023,2026-06-28,,,8.9,,41.1,45.4
WO-4698,Blow Molding,ISBM-005,M-SOP-010,2026-06-29,,,9.6,,43.7,41.5
WO-4699,Blow Molding,ISBM-005,M-SOP-010,2026-06-29,,,9.5,,42.7,46.9
WO-4700,Blow Molding,ISBM-005,M-SOP-010,2026-06-30,,,8.8,,43.2,42.3
WO-4701,Blow Molding,ISBM-005,M-SOP-027,2026-07-01,,,8.4,,42.8,44.0
WO-4702,Blow Molding,ISBM-005,M-SOP-027,2026-07-01,,,9.9,,41.8,42.1
WO-4703,BLOW MOLDING,ISBM-005,M-SOP-027,2026-07-02,,,9.4,,42.9,44.2
WO-4704,Blow Molding,ISBM-005,M-SOP-027,2026-07-03,,,8.0,,42.3,53.8
WO-4705,Blow Molding,ISBM-005,M-SOP-027,2026-07-03,,,11.1,,38.8,36.8
WO-4706,Blow Molding,ISBM-005,M-SOP-013,2026-07-04,,,9.0,,42.0,46.1
WO-4707,Blow Molding,ISBM-005,M-SOP-027,2026-07-05,,,9.7,,46.9,53.3
WO-4708,Blow Molding,ISBM-005,M-SOP-027,2026-07-06,,,9.1,,39.2,50.4
WO-4709,Blow Molding,ISBM-005,M-SOP-027,2026-07-07,,,8.6,,42.8,45.2
WO-4710,Blow Molding,ISBM-005,M-SOP-027,2026-07-07,,,8.8,,43.7,47.7
WO-4711,Blow Molding,ISBM-005,M-SOP-023,2026-07-08,,,10.0,,44.7,51.7
WO-4712,Blow Molding,ISBM-005,M-SOP-023,2026-07-09,,,9.5,,44.4,46.4
WO-4713,Blow Molding,ISBM-005,M-SOP-010,2026-07-09,,,7.7,,44.7,49.5
WO-4714,Blow Molding,ISBM-005,M-SOP-010,2026-07-10,,,10.2,,41.4,51.6
WO-4715,Blow Molding,ISBM-005,M-SOP-013,2026-07-11,,,10.4,,42.6,54.5
WO-4716,Blow Molding,ISBM-005,M-SOP-013,2026-07-12,,,9.2,,40.1,45.5
WO-4717,Blow Molding,ISBM-005,M-SOP-027,2026-07-12,,,9.0,,45.5,45.9
WO-4718,Blow Molding,ISBM-005,M-SOP-027,2026-07-13,,,12.9,,45.8,41.9
WO-4719,  Blow Molding  ,ISBM-005,M-SOP-027,2026-07-14,,,10.9,,41.0,48.5
WO-4720,Blow Molding,ISBM-005,M-SOP-013,2026-07-15,,,9.1,,40.4,47.2
WO-4721,Blow Molding,ISBM-005,M-SOP-013,2026-07-15,,,8.7,,38.3,54.6
WO-4722,Blow Molding,ISBM-005,M-SOP-023,2026-07-16,,,10.5,,47.4,54.5
WO-4723,Blow Molding,ISBM-005,M-SOP-023,2026-07-17,,,8.3,,35.4,41.8
WO-4724,blow molding,ISBM-005,M-SOP-010,2026-07-18,,,8.0,,36.0,51.4
WO-4725,Blow Molding,ISBM-005,M-SOP-010,2026-07-19,,,8.8,,37.8,45.8
WO-4726,Blow Molding,ISBM-005,M-SOP-010,2026-07-19,,,11.4,,40.8,51.1
WO-4727,  Blow Molding  ,ISBM-005,M-SOP-010,2026-07-20,,,10.2,,38.7,44.1
WO-4728,Blow Molding,ISBM-005,M-SOP-013,2026-07-20,,,8.1,,47.5,49.0
WO-4729,Blow Molding,ISBM-005,M-SOP-027,2026-07-21,,,9.6,,45.0,48.3
WO-4730,Blow Molding,ISBM-005,M-SOP-013,2026-07-22,,,9.0,,47.2,51.0
WO-4731,Blow Molding,ISBM-005,M-SOP-013,2026-07-23,,,9.6,,40.2,41.9
WO-4732,Blow Molding,ISBM-005,M-SOP-027,2026-07-24,,,10.0,,38.9,48.1
WO-4733,Blow Molding,ISBM-005,M-SOP-013,2026-07-25,,,11.6,,43.2,44.9
WO-4734,Blow Molding,ISBM-005,M-SOP-013,2026-07-26,,,9.5,,42.1,49.2
WO-4735,Blow Molding,ISBM-005,M-SOP-027,2026-07-26,,,10.2,,45.7,48.6
WO-4736,Blow Molding,ISBM-005,M-SOP-010,2026-07-27,,,8.7,,40.4,47.8
WO-4737,Blow Molding,ISBM-005,M-SOP-023,2026-07-28,,,9.9,,47.8,51.4
WO-4738,Blow Molding,ISBM-005,M-SOP-010,2026-07-29,,,10.4,,41.4,34.9
WO-4739,Blow Molding,ISBM-005,M-SOP-023,2026-07-30,,,9.8,,37.4,49.5
WO-4740,  Blow Molding  ,ISBM-005,M-SOP-023,2026-07-30,,,8.6,,39.1,53.9
WO-4741,Blow Molding,ISBM-005,M-SOP-027,2026-07-31,,,10.5,,37.0,37.8
WO-4742,Blow Molding,ISBM-005,M-SOP-013,2026-08-01,,,9.2,,42.2,46.6
WO-4743,Blow Molding,ISBM-005,M-SOP-010,2026-08-02,,,10.3,,45.1,52.7
WO-4744,Blow Molding,ISBM-005,M-SOP-010,2026-08-03,,,9.2,,42.6,56.1
WO-4745,Blow Molding,ISBM-005,M-SOP-023,2026-08-03,,,9.0,,47.6,46.7
WO-4746,Blow Molding,ISBM-005,M-SOP-023,2026-08-04,,,10.0,,37.6,55.8
WO-4747,Blow Molding,ISBM-005,M-SOP-023,2026-08-05,,,9.2,,49.5,43.8
WO-4748,  Blow Molding  ,ISBM-005,M-SOP-023,2026-08-06,,,8.7,,42.1,35.9
WO-4749,Blow Molding,ISBM-005,M-SOP-023,2026-08-07,,,8.9,,42.2,49.4
WO-4750,Blow Molding,ISBM-005,M-SOP-027,2026-08-07,,,10.4,,40.2,53.2
WO-4751,Blow Molding,ISBM-005,M-SOP-027,2026-08-08,,,7.3,,37.5,43.7
WO-4752,Blow Molding,ISBM-005,M-SOP-027,2026-08-09,,,10.1,,43.4,54.5
WO-4753,Blow Molding,ISBM-005,M-SOP-027,2026-08-09,,,9.3,,43.1,48.9
WO-4754,Blow Molding,ISBM-005,M-SOP-027,2026-08-10,,,8.5,,42.4,54.2
WO-4755,Blow Molding,ISBM-005,M-SOP-027,2026-08-11,,,10.1,,37.2,42.8
WO-4756,Blow Molding,ISBM-005,M-SOP-023,2026-08-11,,,10.3,,42.0,49.7
WO-4757,Blow Molding,ISBM-005,M-SOP-023,2026-08-12,,,8.2,,42.2,53.4
WO-4758,Blow Molding,ISBM-005,M-SOP-023,2026-08-13,,,8.9,,40.4,48.7
WO-4759,Blow Molding,ISBM-005,M-SOP-023,2026-08-13,,,8.8,,43.0,49.5
WO-4760,Blow Molding,ISBM-005,M-SOP-023,2026-08-14,,,9.8,,40.0,53.0
WO-4761,Blow Molding,ISBM-005,M-SOP-023,2026-08-15,,,7.7,,37.0,54.1
WO-4762,Blow Molding,ISBM-005,M-SOP-023,2026-08-16,,,10.1,,40.0,48.8
WO-4763,Blow Molding,ISBM-005,M-SOP-010,2026-08-17,,,10.4,,42.0,50.9
WO-4764,Blow Molding,ISBM-005,M-SOP-010,2026-08-17,,,9.7,,45.1,50.9
WO-4765,Blow Molding,ISBM-005,M-SOP-010,2026-08-18,,,8.4,,41.5,46.3
WO-4766,  Blow Molding  ,ISBM-005,M-SOP-027,2026-08-19,,,8.5,,39.2,41.4
WO-4767,Blow Molding,ISBM-005,M-SOP-023,2026-08-19,,,8.4,,47.0,50.9
WO-4768,Blow Molding,ISBM-005,M-SOP-023,2026-08-20,,,10.2,,47.7,56.4
WO-4769,Blow Molding,ISBM-005,M-SOP-013,2026-08-21,,,9.3,,42.4,52.2
WO-4770,blow molding,ISBM-005,M-SOP-013,2026-08-21,,,8.9,,43.2,56.1
WO-4771,  Blow Molding  ,ISBM-005,M-SOP-010,2026-08-22,,,8.9,,43.2,51.4
WO-4772,Blow Molding,ISBM-005,M-SOP-010,2026-08-23,,,10.1,,46.6,52.9
WO-4773,  Blow Molding  ,ISBM-005,M-SOP-010,2026-08-24,,,8.2,,45.4,44.4
WO-4774,Blow Molding,ISBM-005,M-SOP-013,2026-08-24,,,9.1,,39.8,45.9
WO-4775,Blow Molding,ISBM-005,M-SOP-013,2026-08-25,,,9.5,,40.9,46.8
WO-4776,Blow Molding,ISBM-005,M-SOP-013,2026-08-26,,,8.3,,45.5,40.6
WO-4777,Blow Molding,ISBM-005,M-SOP-013,2026-08-27,,,9.3,,40.8,52.0
WO-4778,Blow Molding,ISBM-005,M-SOP-013,2026-08-28,,,9.8,,35.6,49.6
WO-4779,Blow Molding,ISBM-005,M-SOP-013,2026-08-28,,,9.4,,42.5,46.8
WO-4780,Blow Molding,ISBM-005,M-SOP-023,2026-08-29,,,8.7,,41.6,45.5
WO-4781,Blow Molding,ISBM-005,M-SOP-010,2026-08-30,,,8.7,,42.2,43.5
WO-4782,Blow Molding,ISBM-005,M-SOP-010,2026-08-30,,,10.0,,48.1,47.7
WO-4783,Blow Molding,ISBM-005,M-SOP-010,2026-08-31,,,9.3,,46.4,52.6
WO-4784,Blow Molding,ISBM-005,M-SOP-010,2026-09-01,,,8.2,,41.7,42.2
WO-4785,Blow Molding,ISBM-005,M-SOP-023,2026-09-02,,,8.2,,40.8,43.1
WO-4786,Blow Molding,ISBM-005,M-SOP-023,2026-09-02,,,10.4,,38.6,46.6
WO-4787,Blow Molding,ISBM-005,M-SOP-023,2026-09-03,,,8.0,,39.1,49.1
WO-4788,Blow Molding,ISBM-005,M-SOP-027,2026-09-03,,,10.4,,41.8,48.2
WO-4789,Blow Molding,ISBM-005,M-SOP-027,2026-09-04,,,10.4,,44.1,41.9
WO-4790,Blow Molding,ISBM-005,M-SOP-010,2026-09-05,,,12.0,,37.9,50.6
WO-4791,BLOW MOLDING,ISBM-005,M-SOP-010,2026-09-06,,,9.5,,42.5,47.2
WO-4792,Blow Molding,ISBM-005,M-SOP-010,2026-09-06,,,11.2,,45.2,50.0
WO-4793,Blow Molding,ISBM-005,M-SOP-023,2026-09-07,,,9.3,,41.2,47.9
WO-4794,Blow Molding,ISBM-005,M-SOP-023,2026-09-08,,,9.0,,40.8,39.3
WO-4795,Blow Molding,ISBM-005,M-SOP-013,2026-09-08,,,9.6,,45.5,50.4
WO-4796,Blow Molding,ISBM-005,M-SOP-013,2026-09-09,,,10.7,,39.9,55.3
WO-4797,Blow Molding,ISBM-005,M-SOP-010,2026-09-10,,,10.0,,41.8,47.2
WO-4798,Blow Molding,ISBM-005,M-SOP-010,2026-09-11,,,8.4,,42.9,48.7
WO-4799,Blow Molding,ISBM-005,M-SOP-013,2026-09-11,,,9.2,,43.8,45.6
WO-4800,Blow Molding,ISBM-005,M-SOP-013,2026-09-12,,,10.4,,40.4,47.1
WO-4801,Blow Molding,ISBM-005,M-SOP-013,2026-09-13,,,10.4,,40.4,49.7
WO-4802,Blow Molding,ISBM-005,M-SOP-027,2026-09-14,,,9.3,,43.1,47.3
WO-4803,Blow Molding,ISBM-005,M-SOP-023,2026-09-14,,,9.2,,38.5,46.0
WO-4804,Blow Molding,ISBM-005,M-SOP-023,2026-09-15,,,8.1,,45.2,54.1
WO-4805,Blow Molding,ISBM-005,M-SOP-027,2026-09-15,,,10.9,,47.7,53.8
WO-4806,Blow Molding,ISBM-005,M-SOP-027,2026-09-16,,,8.0,,36.5,43.4
WO-4807,Blow Molding,ISBM-005,M-SOP-010,2026-09-17,,,9.9,,39.1,59.1
WO-4808,Blow Molding,ISBM-005,M-SOP-010,2026-09-18,,,11.0,,42.6,41.3
WO-4809,Blow Molding,ISBM-005,M-SOP-010,2026-09-18,,,9.7,,40.2,47.9
WO-4810,Blow Molding,ISBM-005,M-SOP-013,2026-09-19,,,9.6,,40.5,45.1
WO-4811,blow molding,ISBM-005,M-SOP-013,2026-09-20,,,9.5,,44.9,48.6
WO-4812,Blow Molding,ISBM-005,M-SOP-010,2026-09-20,,,11.1,,41.4,48.0
WO-4813,Blow Molding,ISBM-005,M-SOP-010,2026-09-21,,,8.9,,42.3,44.9
WO-4814,Blow Molding,ISBM-005,M-SOP-010,2026-09-22,,,9.2,,34.1,49.6
WO-4815,Blow Molding,ISBM-005,M-SOP-010,2026-09-22,,,11.6,,48.4,50.0
WO-4816,Blow Molding,ISBM-005,M-SOP-013,2026-09-23,,,10.3,,39.5,42.8
WO-4817,Blow Molding,ISBM-005,M-SOP-013,2026-09-24,,,8.3,,43.0,54.9
WO-4818,Blow Molding,ISBM-005,M-SOP-013,2026-09-25,,,11.4,,42.2,47.3
WO-4819,Blow Molding,ISBM-005,M-SOP-013,2026-09-25,,,10.0,,43.5,53.8
WO-4820,Blow Molding,ISBM-005,M-SOP-013,2026-09-26,,,8.4,,42.6,48.2
WO-4821,Blow Molding,ISBM-005,M-SOP-013,2026-09-26,,,8.4,,49.7,49.6
WO-4822,Blow Molding,ISBM-005,M-SOP-013,2026-09-27,,,9.2,,40.8,47.5
WO-4823,Blow Molding,ISBM-005,M-SOP-013,2026-09-27,,,10.8,,47.6,50.7
WO-4824,Blow Molding,ISBM-005,M-SOP-013,2026-09-28,,,8.0,,42.8,52.8
WO-4825,blow molding,ISBM-005,M-SOP-013,2026-09-29,,,11.6,,44.7,48.6
WO-4826,Blow Molding,ISBM-005,M-SOP-023,2026-09-30,,,10.2,,42.9,45.9
WO-4827,Blow Molding,ISBM-005,M-SOP-023,2026-10-01,,,10.4,,49.7,49.5
WO-4828,Blow Molding,ISBM-005,M-SOP-023,2026-10-01,,,8.0,,40.8,53.0
WO-4829,Blow Molding,ISBM-005,M-SOP-013,2026-10-02,,,10.0,,38.5,42.1
WO-4830,Blow Molding,ISBM-005,M-SOP-023,2026-10-03,,,8.3,,39.0,53.4
WO-4831,Blow Molding,ISBM-005,M-SOP-013,2026-10-04,,,10.3,,47.9,47.2
WO-4832,Blow Molding,ISBM-005,M-SOP-013,2026-10-04,,,8.6,,40.2,48.5
WO-4833,Blow Molding,ISBM-005,M-SOP-010,2026-10-05,,,9.4,,40.6,48.3
WO-4834,Blow Molding,ISBM-005,M-SOP-010,2026-10-06,,,11.4,,38.3,53.1
WO-4835,Blow Molding,ISBM-005,M-SOP-010,2026-10-07,,,9.8,,41.6,49.9
WO-4836,BLOW MOLDING,ISBM-005,M-SOP-010,2026-10-08,,,8.5,,43.3,47.6
WO-4837,Blow Molding,ISBM-005,M-SOP-023,2026-10-08,,,9.1,,45.0,47.3
WO-4838,Blow Molding,ISBM-005,M-SOP-027,2026-10-09,,,10.3,,41.0,37.1
WO-4839,Blow Molding,ISBM-005,M-SOP-027,2026-10-10,,,10.0,,40.9,44.9
WO-4840,Blow Molding,ISBM-005,M-SOP-023,2026-10-10,,,10.1,,40.2,46.0
WO-4841,Blow Molding,ISBM-005,M-SOP-023,2026-10-11,,,9.3,,43.7,48.2
WO-4842,BLOW MOLDING,ISBM-005,M-SOP-010,2026-10-11,,,9.2,,41.7,50.4
WO-4843,Blow Molding,ISBM-005,M-SOP-013,2026-10-12,,,7.5,,42.0,50.7
WO-4844,Blow Molding,ISBM-005,M-SOP-023,2026-10-13,,,10.9,,39.9,49.4
WO-4845,Blow Molding,ISBM-005,M-SOP-010,2026-10-13,,,11.9,,42.2,50.1
WO-4846,Blow Molding,ISBM-005,M-SOP-023,2026-10-14,,,7.6,,37.4,49.4
WO-4847,Blow Molding,ISBM-005,M-SOP-023,2026-10-15,,,9.3,,44.8,49.3
WO-4848,Blow Molding,ISBM-005,M-SOP-023,2026-10-15,,,8.4,,41.0,47.5
WO-4849,Blow Molding,ISBM-005,M-SOP-027,2026-10-16,,,9.0,,44.8,51.8
WO-4850,Blow Molding,ISBM-005,M-SOP-027,2026-10-17,,,10.9,,39.9,54.3
WO-4851,Blow Molding,ISBM-005,M-SOP-010,2026-10-18,,,7.9,,40.9,43.7
WO-4852,Blow Molding,ISBM-005,M-SOP-023,2026-10-19,,,10.5,,34.1,47.6
WO-4853,Blow Molding,ISBM-005,M-SOP-023,2026-10-20,,,8.7,,42.8,46.9
WO-4854,Blow Molding,ISBM-005,M-SOP-023,2026-10-21,,,6.9,,42.2,50.5
WO-4855,Blow Molding,ISBM-005,M-SOP-010,2026-10-21,,,10.7,,48.5,47.9
WO-4856,Blow Molding,ISBM-005,M-SOP-023,2026-10-22,,,9.3,,39.6,55.4
WO-4857,Blow Molding,ISBM-005,M-SOP-023,2026-10-23,,,9.1,,39.6,46.7
WO-4858,blow molding,ISBM-005,M-SOP-027,2026-10-24,,,9.0,,43.1,43.9
WO-4859,Blow Molding,ISBM-005,M-SOP-027,2026-10-24,,,10.8,,45.1,50.5
WO-4860,Blow Molding,ISBM-005,M-SOP-013,2026-10-25,,,9.7,,39.8,48.1
WO-4861,Blow Molding,ISBM-005,M-SOP-010,2026-10-26,,,9.2,,39.5,55.0
WO-4862,Blow Molding,ISBM-005,M-SOP-027,2026-10-27,,,8.6,,40.2,54.0
WO-4863,Blow Molding,ISBM-005,M-SOP-010,2026-10-27,,,7.8,,44.8,42.8
WO-4864,Blow Molding,ISBM-005,M-SOP-010,2026-10-28,,,8.5,,39.6,40.1
WO-4865,Blow Molding,ISBM-005,M-SOP-023,2026-10-29,,,10.4,,47.4,44.5
WO-4866,Blow Molding,ISBM-005,M-SOP-023,2026-10-29,,,10.0,,42.2,46.2
WO-4867,Blow Molding,ISBM-005,M-SOP-023,2026-10-30,,,8.2,,48.8,42.7
WO-4868,Blow Molding,ISBM-005,M-SOP-010,2026-10-31,,,9.3,,43.5,38.1
WO-4869,Blow Molding,ISBM-005,M-SOP-027,2026-11-01,,,8.1,,40.5,56.9
WO-4870,Blow Molding,ISBM-005,M-SOP-027,2026-11-02,,,9.4,,41.0,52.1
WO-4871,BLOW MOLDING,ISBM-005,M-SOP-013,2026-11-02,,,10.8,,45.8,44.2
WO-4872,Blow Molding,ISBM-005,M-SOP-013,2026-11-03,,,8.7,,43.5,54.4
WO-4873,Blow Molding,ISBM-005,M-SOP-013,2026-11-04,,,9.7,,39.4,54.9
WO-4874,Blow Molding,ISBM-005,M-SOP-023,2026-11-05,,,9.8,,44.3,48.0
WO-4875,Blow Molding,ISBM-005,M-SOP-023,2026-11-06,,,9.6,,44.4,50.2
WO-4876,Blow Molding,ISBM-005,M-SOP-027,2026-11-07,,,8.9,,45.1,42.7
WO-4877,Blow Molding,ISBM-005,M-SOP-027,2026-11-08,,,9.3,,39.7,49.8
WO-4878,Blow Molding,ISBM-005,M-SOP-013,2026-11-09,,,8.5,,46.6,43.5
WO-4879,Blow Molding,ISBM-005,M-SOP-023,2026-11-09,,,10.5,,41.3,51.5
WO-4880,Blow Molding,ISBM-005,M-SOP-010,2026-11-10,,,9.2,,35.7,52.9
WO-4881,Blow Molding,ISBM-005,M-SOP-010,2026-11-10,,,9.2,,35.8,53.7
WO-4882,Blow Molding,ISBM-005,M-SOP-010,2026-11-11,,,9.2,,41.1,54.8
WO-4883,Blow Molding,ISBM-005,M-SOP-010,2026-11-12,,,9.7,,40.5,54.0
WO-4884,Blow Molding,ISBM-005,M-SOP-010,2026-11-13,,,9.8,,39.9,44.2
WO-4885,Blow Molding,ISBM-005,M-SOP-010,2026-11-14,,,8.0,,44.6,51.4
WO-4886,Blow Molding,ISBM-005,M-SOP-010,2026-11-15,,,9.9,,46.1,52.6
WO-4887,Blow Molding,ISBM-005,M-SOP-010,2026-11-15,,,10.5,,40.0,48.2
WO-4888,Blow Molding,ISBM-005,M-SOP-013,2026-11-16,,,9.6,,40.8,48.2
WO-4889,Blow Molding,ISBM-005,M-SOP-013,2026-11-17,,,8.5,,39.4,41.2
WO-4890,Blow Molding,ISBM-005,M-SOP-013,2026-11-17,,,9.6,,43.6,43.9
WO-4891,Blow Molding,ISBM-005,M-SOP-013,2026-11-18,,,10.1,,41.2,55.2
WO-4892,Blow Molding,ISBM-005,M-SOP-023,2026-11-19,,,10.0,,43.5,52.9
WO-4893,Blow Molding,ISBM-005,M-SOP-023,2026-11-19,,,9.8,,42.7,51.9
WO-4894,Blow Molding,ISBM-005,M-SOP-010,2026-11-20,,,9.6,,34.4,45.1
WO-4895,Blow Molding,ISBM-005,M-SOP-010,2026-11-21,,,7.4,,41.8,39.6
WO-4896,  Blow Molding  ,ISBM-005,M-SOP-010,2026-11-22,,,7.4,,44.3,47.7
WO-4897,Blow Molding,ISBM-005,M-SOP-027,2026-11-23,,,12.2,,40.6,41.6
WO-4898,Blow Molding,ISBM-005,M-SOP-027,2026-11-23,,,9.1,,39.0,46.4
WO-4899,Blow Molding,ISBM-005,M-SOP-027,2026-11-24,,,10.5,,43.8,43.1
WO-4900,Blow Molding,ISBM-005,M-SOP-027,2026-11-25,,,9.3,,41.7,43.5
WO-4901,Blow Molding,ISBM-005,M-SOP-023,2026-11-25,,,9.3,,38.3,48.2
WO-4902,Blow Molding,ISBM-005,M-SOP-013,2026-11-26,,,10.4,,41.6,47.2
WO-4903,Blow Molding,ISBM-005,M-SOP-013,2026-11-27,,,9.8,,42.8,47.9
WO-4904,Blow Molding,ISBM-005,M-SOP-023,2026-11-27,,,10.4,,40.7,45.8
WO-4905,Blow Molding,ISBM-005,M-SOP-010,2026-11-28,,,10.4,,42.9,48.9
WO-4906,Blow Molding,ISBM-005,M-SOP-010,2026-11-29,,,9.4,,41.1,44.1
WO-4907,Blow Molding,ISBM-005,M-SOP-010,2026-11-29,,,9.5,,35.2,45.9
WO-4908,  Blow Molding  ,ISBM-005,M-SOP-013,2026-11-30,,,10.4,,46.0,50.7
WO-4909,Blow Molding,ISBM-005,M-SOP-013,2026-12-01,,,8.9,,45.6,46.5
WO-4910,blow molding,ISBM-005,M-SOP-023,2026-12-01,,,10.7,,43.2,43.3
WO-4911,Blow Molding,ISBM-005,M-SOP-023,2026-12-02,,,10.1,,39.3,46.0
WO-4912,Blow Molding,ISBM-005,M-SOP-023,2026-12-03,,,9.7,,39.1,40.8
WO-4913,Blow Molding,ISBM-005,M-SOP-013,2026-12-04,,,9.0,,45.2,47.9
WO-4914,Blow Molding,ISBM-005,M-SOP-010,2026-12-05,,,8.5,,43.8,47.6
WO-4915,Blow Molding,ISBM-005,M-SOP-013,2026-12-05,,,9.5,,43.8,46.5
WO-4916,Blow Molding,ISBM-005,M-SOP-013,2026-12-06,,,7.2,,44.1,52.4
WO-4917,Blow Molding,ISBM-005,M-SOP-027,2026-12-07,,,9.9,,41.9,44.5
WO-4918,blow molding,ISBM-005,M-SOP-027,2026-12-08,,,9.8,,44.3,55.0
WO-4919,Blow Molding,ISBM-005,M-SOP-023,2026-12-08,,,9.0,,42.8,42.7
WO-4920,BLOW MOLDING,ISBM-005,M-SOP-013,2026-12-09,,,8.9,,44.4,50.6
WO-4921,Blow Molding,ISBM-005,M-SOP-013,2026-12-10,,,11.0,,45.0,41.6
WO-4922,Blow Molding,ISBM-005,M-SOP-013,2026-12-11,,,10.3,,39.8,40.6
WO-4923,Blow Molding,ISBM-005,M-SOP-027,2026-12-11,,,9.7,,38.6,49.5
WO-4924,Blow Molding,ISBM-005,M-SOP-027,2026-12-12,,,7.5,,43.8,46.7
WO-4925,blow molding,ISBM-005,M-SOP-023,2026-12-13,,,9.2,,38.9,46.8
WO-4926,Blow Molding,ISBM-005,M-SOP-023,2026-12-14,,,7.4,,42.5,49.5
WO-4927,Blow Molding,ISBM-005,M-SOP-013,2026-12-15,,,9.1,,40.0,43.6
WO-4928,Blow Molding,ISBM-005,M-SOP-013,2026-12-15,,,8.8,,47.2,48.7
WO-4929,Blow Molding,ISBM-005,M-SOP-013,2026-12-16,,,7.7,,41.2,50.0
WO-4930,Blow Molding,ISBM-005,M-SOP-023,2026-12-16,,,9.8,,43.4,44.6
WO-4931,Blow Molding,ISBM-005,M-SOP-010,2026-12-17,,,10.0,,40.4,53.9
WO-4932,Blow Molding,ISBM-005,M-SOP-010,2026-12-18,,,8.6,,42.6,42.3
WO-4933,Blow Molding,ISBM-005,M-SOP-010,2026-12-19,,,9.0,,43.6,46.9
WO-4934,Blow Molding,ISBM-005,M-SOP-013,2026-12-19,,,9.7,,44.0,51.3
WO-4935,Blow Molding,ISBM-005,M-SOP-013,2026-12-20,,,9.7,,39.0,53.3
WO-4936,Blow Molding,ISBM-005,M-SOP-013,2026-12-21,,,8.6,,40.1,57.2
WO-4937,Blow Molding,ISBM-005,M-SOP-013,2026-12-22,,,10.6,,43.2,46.6
WO-4938,Blow Molding,ISBM-005,M-SOP-013,2026-12-23,,,8.6,,43.7,44.7
WO-4939,Blow Molding,ISBM-005,M-SOP-023,2026-12-23,,,9.5,,44.9,48.6
WO-4940,Blow Molding,ISBM-005,M-SOP-023,2026-12-24,,,10.4,,44.1,57.8
WO-4941,Blow Molding,ISBM-005,M-SOP-010,2026-12-25,,,10.0,,42.7,58.1
WO-4942,Blow Molding,ISBM-005,M-SOP-010,2026-12-26,,,9.0,,42.0,48.8
WO-4943,Blow Molding,ISBM-005,M-SOP-013,2026-12-27,,,8.9,,37.2,48.5
WO-4944,Blow Molding,ISBM-005,M-SOP-013,2026-12-28,,,10.1,,42.6,53.2
WO-4945,Blow Molding,ISBM-005,M-SOP-013,2026-12-28,,,7.6,,38.4,53.4
WO-4946,Blow Molding,ISBM-005,M-SOP-023,2026-12-29,,,9.5,,40.7,49.3
WO-4947,Blow Molding,ISBM-005,M-SOP-023,2026-12-30,,,8.7,,42.3,51.8
WO-4948,Blow Molding,ISBM-005,M-SOP-023,2026-12-30,,,10.4,,41.2,55.6
WO-4949,Blow Molding,ISBM-006,M-SOP-011,2025-07-01,,,8.8,,42.1,49.0
WO-4950,Blow Molding,ISBM-006,M-SOP-024,2025-07-01,,,9.1,,38.5,44.0
WO-4951,Blow Molding,ISBM-006,M-SOP-024,2025-07-02,,,10.0,,44.3,44.3
WO-4952,Blow Molding,ISBM-006,M-SOP-018,2025-07-02,,,8.9,,41.3,43.4
WO-4953,Blow Molding,ISBM-006,M-SOP-024,2025-07-03,,,8.9,,40.8,45.5
WO-4954,Blow Molding,ISBM-006,M-SOP-028,2025-07-04,,,9.2,,39.1,55.3
WO-4955,Blow Molding,ISBM-006,M-SOP-028,2025-07-05,,,9.7,,43.3,47.4
WO-4956,Blow Molding,ISBM-006,M-SOP-024,2025-07-06,,,8.6,,36.9,50.1
WO-4957,Blow Molding,ISBM-006,M-SOP-024,2025-07-06,,,9.9,,40.8,51.2
WO-4958,Blow Molding,ISBM-006,M-SOP-018,2025-07-07,,,9.5,,42.1,52.1
WO-4959,  Blow Molding  ,ISBM-006,M-SOP-018,2025-07-08,,,8.6,,42.9,48.0
WO-4960,Blow Molding,ISBM-006,M-SOP-011,2025-07-09,,,9.0,,46.0,47.2
WO-4961,Blow Molding,ISBM-006,M-SOP-024,2025-07-09,,,8.5,,44.7,50.1
WO-4962,Blow Molding,ISBM-006,M-SOP-018,2025-07-10,,,10.0,,44.0,45.7
WO-4963,Blow Molding,ISBM-006,M-SOP-018,2025-07-10,,,7.7,,38.2,57.9
WO-4964,Blow Molding,ISBM-006,M-SOP-011,2025-07-11,,,10.4,,43.1,40.8
WO-4965,Blow Molding,ISBM-006,M-SOP-011,2025-07-12,,,7.4,,39.9,47.3
WO-4966,Blow Molding,ISBM-006,M-SOP-011,2025-07-13,,,9.2,,37.7,45.6
WO-4967,Blow Molding,ISBM-006,M-SOP-011,2025-07-13,,,11.1,,40.8,45.8
WO-4968,Blow Molding,ISBM-006,M-SOP-024,2025-07-14,,,10.6,,39.7,42.3
WO-4969,Blow Molding,ISBM-006,M-SOP-024,2025-07-15,,,9.0,,43.7,44.3
WO-4970,Blow Molding,ISBM-006,M-SOP-024,2025-07-15,,,9.8,,38.1,51.8
WO-4971,blow molding,ISBM-006,M-SOP-014,2025-07-16,,,9.6,,44.6,45.7
WO-4972,Blow Molding,ISBM-006,M-SOP-014,2025-07-17,,,10.0,,38.7,43.4
WO-4973,Blow Molding,ISBM-006,M-SOP-014,2025-07-18,,,9.2,,43.8,43.1
WO-4974,Blow Molding,ISBM-006,M-SOP-018,2025-07-18,,,8.5,,45.6,44.6
WO-4975,Blow Molding,ISBM-006,M-SOP-011,2025-07-19,,,9.5,,41.9,53.4
WO-4976,  Blow Molding  ,ISBM-006,M-SOP-011,2025-07-20,,,10.6,,44.9,45.8
WO-4977,  Blow Molding  ,ISBM-006,M-SOP-024,2025-07-21,,,10.0,,44.8,55.1
WO-4978,Blow Molding,ISBM-006,M-SOP-024,2025-07-21,,,10.2,,39.9,49.4
WO-4979,Blow Molding,ISBM-006,M-SOP-024,2025-07-22,,,10.4,,44.2,39.5
WO-4980,blow molding,ISBM-006,M-SOP-011,2025-07-23,,,10.4,,38.5,49.2
WO-4981,Blow Molding,ISBM-006,M-SOP-011,2025-07-23,,,8.0,,38.3,50.0
WO-4982,Blow Molding,ISBM-006,M-SOP-011,2025-07-24,,,9.5,,44.0,52.0
WO-4983,Blow Molding,ISBM-006,M-SOP-011,2025-07-25,,,10.2,,38.6,49.6
WO-4984,Blow Molding,ISBM-006,M-SOP-011,2025-07-25,,,8.5,,39.7,48.3
WO-4985,Blow Molding,ISBM-006,M-SOP-014,2025-07-26,,,10.5,,42.7,53.3
WO-4986,Blow Molding,ISBM-006,M-SOP-028,2025-07-27,,,9.6,,43.1,40.1
WO-4987,Blow Molding,ISBM-006,M-SOP-028,2025-07-28,,,9.0,,43.2,42.4
WO-4988,Blow Molding,ISBM-006,M-SOP-028,2025-07-28,,,10.5,,41.8,49.1
WO-4989,Blow Molding,ISBM-006,M-SOP-028,2025-07-29,,,9.8,,40.9,48.5
WO-4990,Blow Molding,ISBM-006,M-SOP-018,2025-07-30,,,10.5,,44.0,47.0
WO-4991,Blow Molding,ISBM-006,M-SOP-018,2025-07-30,,,9.4,,41.6,45.7
WO-4992,Blow Molding,ISBM-006,M-SOP-018,2025-07-31,,,8.6,,40.5,41.9
WO-4993,Blow Molding,ISBM-006,M-SOP-018,2025-08-01,,,9.0,,44.5,45.2
WO-4994,Blow Molding,ISBM-006,M-SOP-018,2025-08-02,,,10.2,,45.5,48.7
WO-4995,Blow Molding,ISBM-006,M-SOP-018,2025-08-02,,,10.0,,41.2,51.6
WO-4996,Blow Molding,ISBM-006,M-SOP-018,2025-08-03,,,9.4,,40.0,44.7
WO-4997,Blow Molding,ISBM-006,M-SOP-028,2025-08-04,,,10.5,,42.5,46.0
WO-4998,Blow Molding,ISBM-006,M-SOP-024,2025-08-04,,,9.8,,36.5,45.0
WO-4999,Blow Molding,ISBM-006,M-SOP-024,2025-08-05,,,9.1,,43.6,51.7
WO-5000,Blow Molding,ISBM-006,M-SOP-024,2025-08-06,,,11.3,,43.6,52.3
WO-5001,Blow Molding,ISBM-006,M-SOP-014,2025-08-07,,,9.8,,44.3,44.3
WO-5002,Blow Molding,ISBM-006,M-SOP-014,2025-08-07,,,9.2,,43.9,45.3
WO-5003,Blow Molding,ISBM-006,M-SOP-014,2025-08-08,,,8.3,,45.7,41.7
WO-5004,Blow Molding,ISBM-006,M-SOP-024,2025-08-09,,,10.2,,45.3,50.2
WO-5005,Blow Molding,ISBM-006,M-SOP-024,2025-08-09,,,9.8,,39.0,48.5
WO-5006,Blow Molding,ISBM-006,M-SOP-014,2025-08-10,,,9.3,,44.5,46.5
WO-5007,Blow Molding,ISBM-006,M-SOP-014,2025-08-11,,,9.7,,43.2,50.7
WO-5008,Blow Molding,ISBM-006,M-SOP-018,2025-08-11,,,9.9,,43.4,44.1
WO-5009,Blow Molding,ISBM-006,M-SOP-018,2025-08-12,,,10.3,,42.5,46.8
WO-5010,Blow Molding,ISBM-006,M-SOP-018,2025-08-13,,,9.5,,49.2,46.8
WO-5011,Blow Molding,ISBM-006,M-SOP-018,2025-08-14,,,10.0,,42.2,54.3
WO-5012,Blow Molding,ISBM-006,M-SOP-018,2025-08-15,,,10.9,,39.5,46.5
WO-5013,Blow Molding,ISBM-006,M-SOP-024,2025-08-15,,,9.7,,38.6,45.1
WO-5014,Blow Molding,ISBM-006,M-SOP-011,2025-08-16,,,9.7,,42.2,50.8
WO-5015,  Blow Molding  ,ISBM-006,M-SOP-011,2025-08-17,,,8.5,,41.4,53.9
WO-5016,Blow Molding,ISBM-006,M-SOP-011,2025-08-17,,,7.9,,42.9,51.3
WO-5017,Blow Molding,ISBM-006,M-SOP-011,2025-08-18,,,11.2,,46.4,45.1
WO-5018,  Blow Molding  ,ISBM-006,M-SOP-024,2025-08-18,,,8.6,,44.3,49.5
WO-5019,Blow Molding,ISBM-006,M-SOP-011,2025-08-19,,,7.0,,46.7,45.5
WO-5020,Blow Molding,ISBM-006,M-SOP-014,2025-08-20,,,11.1,,39.2,47.3
WO-5021,Blow Molding,ISBM-006,M-SOP-014,2025-08-20,,,11.3,,45.1,48.6
WO-5022,Blow Molding,ISBM-006,M-SOP-014,2025-08-21,,,9.9,,44.9,48.6
WO-5023,Blow Molding,ISBM-006,M-SOP-028,2025-08-22,,,8.9,,45.5,50.7
WO-5024,Blow Molding,ISBM-006,M-SOP-028,2025-08-23,,,8.3,,44.7,47.8
WO-5025,Blow Molding,ISBM-006,M-SOP-028,2025-08-23,,,10.1,,40.9,49.6
WO-5026,Blow Molding,ISBM-006,M-SOP-028,2025-08-24,,,8.6,,37.8,39.1
WO-5027,Blow Molding,ISBM-006,M-SOP-014,2025-08-24,,,7.6,,44.5,41.3
WO-5028,Blow Molding,ISBM-006,M-SOP-014,2025-08-25,,,9.5,,39.4,47.5
WO-5029,Blow Molding,ISBM-006,M-SOP-014,2025-08-26,,,9.0,,41.7,46.2
WO-5030,Blow Molding,ISBM-006,M-SOP-028,2025-08-26,,,9.6,,43.5,45.1
WO-5031,Blow Molding,ISBM-006,M-SOP-011,2025-08-27,,,9.3,,41.3,41.9
WO-5032,Blow Molding,ISBM-006,M-SOP-011,2025-08-28,,,9.1,,42.8,49.4
WO-5033,Blow Molding,ISBM-006,M-SOP-011,2025-08-29,,,10.0,,46.7,52.3
WO-5034,Blow Molding,ISBM-006,M-SOP-028,2025-08-29,,,10.5,,38.7,48.4
WO-5035,Blow Molding,ISBM-006,M-SOP-028,2025-08-30,,,10.1,,44.8,45.5
WO-5036,Blow Molding,ISBM-006,M-SOP-028,2025-08-31,,,11.4,,45.9,45.4
WO-5037,Blow Molding,ISBM-006,M-SOP-011,2025-08-31,,,11.1,,41.4,46.2
WO-5038,Blow Molding,ISBM-006,M-SOP-011,2025-09-01,,,8.9,,47.6,50.7
WO-5039,Blow Molding,ISBM-006,M-SOP-011,2025-09-02,,,7.0,,41.3,50.8
WO-5040,Blow Molding,ISBM-006,M-SOP-018,2025-09-02,,,10.1,,45.6,43.5
WO-5041,Blow Molding,ISBM-006,M-SOP-014,2025-09-03,,,9.3,,40.6,46.6
WO-5042,Blow Molding,ISBM-006,M-SOP-018,2025-09-04,,,9.6,,41.2,48.1
WO-5043,Blow Molding,ISBM-006,M-SOP-018,2025-09-05,,,10.3,,39.4,46.1
WO-5044,Blow Molding,ISBM-006,M-SOP-018,2025-09-05,,,10.3,,42.7,48.5
WO-5045,Blow Molding,ISBM-006,M-SOP-018,2025-09-06,,,8.6,,38.7,44.0
WO-5046,Blow Molding,ISBM-006,M-SOP-018,2025-09-06,,,9.3,,40.2,45.1
WO-5047,Blow Molding,ISBM-006,M-SOP-018,2025-09-07,,,10.3,,40.6,43.1
WO-5048,Blow Molding,ISBM-006,M-SOP-018,2025-09-08,,,7.1,,39.4,47.1
WO-5049,Blow Molding,ISBM-006,M-SOP-024,2025-09-09,,,9.2,,36.1,41.2
WO-5050,Blow Molding,ISBM-006,M-SOP-024,2025-09-09,,,9.3,,42.4,48.1
WO-5051,Blow Molding,ISBM-006,M-SOP-014,2025-09-10,,,9.6,,43.4,45.1
WO-5052,Blow Molding,ISBM-006,M-SOP-028,2025-09-11,,,7.5,,39.0,47.8
WO-5053,Blow Molding,ISBM-006,M-SOP-028,2025-09-12,,,10.7,,41.9,51.1
WO-5054,Blow Molding,ISBM-006,M-SOP-028,2025-09-12,,,10.1,,45.9,48.7
WO-5055,Blow Molding,ISBM-006,M-SOP-014,2025-09-13,,,11.1,,45.3,49.8
WO-5056,Blow Molding,ISBM-006,M-SOP-014,2025-09-13,,,8.7,,46.5,50.3
WO-5057,blow molding,ISBM-006,M-SOP-014,2025-09-14,,,9.3,,35.3,45.9
WO-5058,Blow Molding,ISBM-006,M-SOP-024,2025-09-15,,,10.4,,38.8,53.7
WO-5059,Blow Molding,ISBM-006,M-SOP-018,2025-09-15,,,10.3,,39.6,48.3
WO-5060,Blow Molding,ISBM-006,M-SOP-018,2025-09-16,,,9.3,,42.5,49.6
WO-5061,Blow Molding,ISBM-006,M-SOP-024,2025-09-17,,,7.3,,50.0,43.4
WO-5062,blow molding,ISBM-006,M-SOP-014,2025-09-18,,,10.3,,41.0,46.5
WO-5063,Blow Molding,ISBM-006,M-SOP-014,2025-09-18,,,9.7,,48.0,51.4
WO-5064,  Blow Molding  ,ISBM-006,M-SOP-011,2025-09-19,,,11.0,,44.0,49.0
WO-5065,Blow Molding,ISBM-006,M-SOP-014,2025-09-19,,,9.7,,43.4,52.1
WO-5066,Blow Molding,ISBM-006,M-SOP-014,2025-09-20,,,10.0,,41.2,44.3
WO-5067,Blow Molding,ISBM-006,M-SOP-024,2025-09-21,,,10.3,,47.6,43.5
WO-5068,BLOW MOLDING,ISBM-006,M-SOP-024,2025-09-22,,,10.7,,43.4,46.6
WO-5069,Blow Molding,ISBM-006,M-SOP-024,2025-09-22,,,8.8,,47.5,47.1
WO-5070,Blow Molding,ISBM-006,M-SOP-028,2025-09-23,,,10.5,,42.0,51.8
WO-5071,Blow Molding,ISBM-006,M-SOP-028,2025-09-24,,,9.6,,39.4,47.9
WO-5072,Blow Molding,ISBM-006,M-SOP-014,2025-09-24,,,7.4,,42.8,51.7
WO-5073,Blow Molding,ISBM-006,M-SOP-014,2025-09-25,,,7.4,,45.0,49.4
WO-5074,Blow Molding,ISBM-006,M-SOP-014,2025-09-26,,,10.3,,45.2,49.0
WO-5075,Blow Molding,ISBM-006,M-SOP-014,2025-09-26,,,9.4,,41.1,51.3
WO-5076,Blow Molding,ISBM-006,M-SOP-011,2025-09-27,,,9.2,,38.0,48.5
WO-5077,Blow Molding,ISBM-006,M-SOP-011,2025-09-28,,,10.6,,44.4,43.4
WO-5078,Blow Molding,ISBM-006,M-SOP-011,2025-09-28,,,10.3,,41.9,48.5
WO-5079,Blow Molding,ISBM-006,M-SOP-028,2025-09-29,,,10.1,,44.6,47.4
WO-5080,Blow Molding,ISBM-006,M-SOP-018,2025-09-30,,,10.3,,46.6,41.1
WO-5081,Blow Molding,ISBM-006,M-SOP-018,2025-09-30,,,9.5,,47.1,54.6
WO-5082,Blow Molding,ISBM-006,M-SOP-024,2025-10-01,,,9.9,,43.9,47.6
WO-5083,Blow Molding,ISBM-006,M-SOP-014,2025-10-02,,,10.2,,36.6,50.1
WO-5084,Blow Molding,ISBM-006,M-SOP-014,2025-10-03,,,10.8,,41.9,47.5
WO-5085,Blow Molding,ISBM-006,M-SOP-014,2025-10-03,,,9.8,,41.2,52.0
WO-5086,Blow Molding,ISBM-006,M-SOP-011,2025-10-04,,,9.6,,40.8,52.3
WO-5087,Blow Molding,ISBM-006,M-SOP-011,2025-10-05,,,9.5,,37.1,50.5
WO-5088,Blow Molding,ISBM-006,M-SOP-011,2025-10-05,,,10.9,,40.0,49.9
WO-5089,Blow Molding,ISBM-006,M-SOP-011,2025-10-06,,,10.1,,44.1,47.4
WO-5090,blow molding,ISBM-006,M-SOP-011,2025-10-07,,,9.0,,41.3,50.7
WO-5091,Blow Molding,ISBM-006,M-SOP-018,2025-10-08,,,10.8,,37.0,51.1
WO-5092,Blow Molding,ISBM-006,M-SOP-018,2025-10-08,,,9.2,,43.7,53.1
WO-5093,Blow Molding,ISBM-006,M-SOP-028,2025-10-09,,,11.4,,41.3,52.2
WO-5094,Blow Molding,ISBM-006,M-SOP-028,2025-10-10,,,10.5,,46.4,44.5
WO-5095,Blow Molding,ISBM-006,M-SOP-028,2025-10-10,,,9.6,,39.7,47.1
WO-5096,Blow Molding,ISBM-006,M-SOP-028,2025-10-11,,,10.8,,36.8,43.9
WO-5097,blow molding,ISBM-006,M-SOP-028,2025-10-11,,,10.2,,41.8,44.7
WO-5098,Blow Molding,ISBM-006,M-SOP-028,2025-10-12,,,9.6,,47.2,53.5
WO-5099,Blow Molding,ISBM-006,M-SOP-028,2025-10-13,,,10.5,,44.1,52.6
WO-5100,Blow Molding,ISBM-006,M-SOP-024,2025-10-14,,,11.3,,45.6,47.5
WO-5101,Blow Molding,ISBM-006,M-SOP-024,2025-10-14,,,9.7,,41.5,57.8
WO-5102,Blow Molding,ISBM-006,M-SOP-028,2025-10-15,,,10.1,,37.6,47.3
WO-5103,Blow Molding,ISBM-006,M-SOP-028,2025-10-16,,,9.0,,44.9,45.0
WO-5104,Blow Molding,ISBM-006,M-SOP-028,2025-10-17,,,10.8,,38.8,45.6
WO-5105,Blow Molding,ISBM-006,M-SOP-018,2025-10-17,,,8.6,,43.6,46.9
WO-5106,Blow Molding,ISBM-006,M-SOP-018,2025-10-18,,,7.4,,41.4,54.8
WO-5107,Blow Molding,ISBM-006,M-SOP-011,2025-10-18,,,8.9,,44.2,47.1
WO-5108,Blow Molding,ISBM-006,M-SOP-018,2025-10-19,,,10.7,,46.2,40.2
WO-5109,Blow Molding,ISBM-006,M-SOP-014,2025-10-19,,,10.0,,43.4,45.6
WO-5110,Blow Molding,ISBM-006,M-SOP-014,2025-10-20,,,10.9,,39.7,50.3
WO-5111,Blow Molding,ISBM-006,M-SOP-024,2025-10-21,,,8.8,,43.2,50.8
WO-5112,Blow Molding,ISBM-006,M-SOP-014,2025-10-22,,,8.5,,39.7,46.2
WO-5113,Blow Molding,ISBM-006,M-SOP-014,2025-10-22,,,9.1,,46.4,47.0
WO-5114,Blow Molding,ISBM-006,M-SOP-014,2025-10-23,,,8.3,,40.8,42.4
WO-5115,Blow Molding,ISBM-006,M-SOP-011,2025-10-24,,,10.8,,41.9,48.1
WO-5116,Blow Molding,ISBM-006,M-SOP-011,2025-10-25,,,8.6,,41.2,48.0
WO-5117,Blow Molding,ISBM-006,M-SOP-018,2025-10-26,,,10.3,,36.4,49.4
WO-5118,Blow Molding,ISBM-006,M-SOP-018,2025-10-27,,,9.8,,42.8,50.1
WO-5119,Blow Molding,ISBM-006,M-SOP-024,2025-10-27,,,9.9,,40.6,46.4
WO-5120,Blow Molding,ISBM-006,M-SOP-024,2025-10-28,,,9.0,,43.4,48.7
WO-5121,Blow Molding,ISBM-006,M-SOP-024,2025-10-28,,,7.8,,39.0,48.9
WO-5122,Blow Molding,ISBM-006,M-SOP-011,2025-10-29,,,10.8,,45.0,52.8
WO-5123,Blow Molding,ISBM-006,M-SOP-011,2025-10-30,,,8.4,,38.9,52.1
WO-5124,Blow Molding,ISBM-006,M-SOP-011,2025-10-31,,,7.8,,42.1,42.0
WO-5125,Blow Molding,ISBM-006,M-SOP-014,2025-10-31,,,7.6,,42.5,46.6
WO-5126,Blow Molding,ISBM-006,M-SOP-014,2025-11-01,,,11.4,,41.0,48.3
WO-5127,Blow Molding,ISBM-006,M-SOP-014,2025-11-01,,,9.0,,41.5,43.8
WO-5128,Blow Molding,ISBM-006,M-SOP-024,2025-11-02,,,8.9,,44.2,47.7
WO-5129,Blow Molding,ISBM-006,M-SOP-024,2025-11-03,,,8.3,,43.0,42.7
WO-5130,Blow Molding,ISBM-006,M-SOP-018,2025-11-04,,,9.2,,40.9,46.7
WO-5131,Blow Molding,ISBM-006,M-SOP-018,2025-11-04,,,10.1,,39.2,45.0
WO-5132,Blow Molding,ISBM-006,M-SOP-014,2025-11-05,,,8.2,,42.9,46.1
WO-5133,Blow Molding,ISBM-006,M-SOP-014,2025-11-06,,,9.9,,40.2,48.3
WO-5134,Blow Molding,ISBM-006,M-SOP-028,2025-11-07,,,10.6,,42.0,41.5
WO-5135,Blow Molding,ISBM-006,M-SOP-028,2025-11-07,,,8.2,,38.3,44.0
WO-5136,Blow Molding,ISBM-006,M-SOP-024,2025-11-08,,,9.6,,40.5,55.3
WO-5137,Blow Molding,ISBM-006,M-SOP-024,2025-11-08,,,9.6,,38.4,52.0
WO-5138,Blow Molding,ISBM-006,M-SOP-024,2025-11-09,,,9.9,,38.5,51.7
WO-5139,Blow Molding,ISBM-006,M-SOP-024,2025-11-10,,,9.0,,43.1,43.9
WO-5140,Blow Molding,ISBM-006,M-SOP-028,2025-11-11,,,9.7,,42.1,48.6
WO-5141,BLOW MOLDING,ISBM-006,M-SOP-018,2025-11-12,,,8.7,,43.4,42.0
WO-5142,Blow Molding,ISBM-006,M-SOP-024,2025-11-12,,,7.1,,38.8,44.7
WO-5143,  Blow Molding  ,ISBM-006,M-SOP-014,2025-11-13,,,10.8,,42.9,51.3
WO-5144,blow molding,ISBM-006,M-SOP-011,2025-11-14,,,5.1,,44.7,46.2
WO-5145,Blow Molding,ISBM-006,M-SOP-011,2025-11-14,,,10.2,,36.2,42.8
WO-5146,Blow Molding,ISBM-006,M-SOP-011,2025-11-15,,,10.7,,47.4,45.2
WO-5147,Blow Molding,ISBM-006,M-SOP-018,2025-11-16,,,10.5,,37.8,47.5
WO-5148,Blow Molding,ISBM-006,M-SOP-018,2025-11-17,,,9.2,,42.1,44.1
WO-5149,Blow Molding,ISBM-006,M-SOP-018,2025-11-17,,,9.9,,38.3,48.6
WO-5150,Blow Molding,ISBM-006,M-SOP-018,2025-11-18,,,7.6,,44.6,44.6
WO-5151,Blow Molding,ISBM-006,M-SOP-014,2025-11-18,,,9.1,,46.8,44.0
WO-5152,Blow Molding,ISBM-006,M-SOP-014,2025-11-19,,,10.2,,43.1,46.3
WO-5153,Blow Molding,ISBM-006,M-SOP-011,2025-11-20,,,8.2,,44.3,48.4
WO-5154,Blow Molding,ISBM-006,M-SOP-011,2025-11-20,,,9.8,,43.0,39.8
WO-5155,Blow Molding,ISBM-006,M-SOP-011,2025-11-21,,,8.9,,46.0,42.2
WO-5156,Blow Molding,ISBM-006,M-SOP-011,2025-11-22,,,10.8,,46.1,50.3
WO-5157,Blow Molding,ISBM-006,M-SOP-024,2025-11-23,,,10.2,,40.1,48.4
WO-5158,blow molding,ISBM-006,M-SOP-024,2025-11-23,,,8.4,,46.8,53.5
WO-5159,Blow Molding,ISBM-006,M-SOP-024,2025-11-24,,,8.2,,42.1,46.7
WO-5160,Blow Molding,ISBM-006,M-SOP-028,2025-11-24,,,8.3,,40.5,40.3
WO-5161,Blow Molding,ISBM-006,M-SOP-028,2025-11-25,,,10.1,,36.2,47.8
WO-5162,Blow Molding,ISBM-006,M-SOP-024,2025-11-26,,,10.1,,41.4,52.9
WO-5163,Blow Molding,ISBM-006,M-SOP-024,2025-11-26,,,9.1,,40.1,43.4
WO-5164,  Blow Molding  ,ISBM-006,M-SOP-024,2025-11-27,,,7.6,,43.0,48.4
WO-5165,Blow Molding,ISBM-006,M-SOP-028,2025-11-28,,,8.6,,41.4,50.8
WO-5166,Blow Molding,ISBM-006,M-SOP-028,2025-11-28,,,8.3,,41.5,46.1
WO-5167,Blow Molding,ISBM-006,M-SOP-028,2025-11-29,,,11.1,,42.7,49.8
WO-5168,Blow Molding,ISBM-006,M-SOP-024,2025-11-29,,,9.0,,38.4,48.2
WO-5169,Blow Molding,ISBM-006,M-SOP-014,2025-11-30,,,10.1,,45.3,48.4
WO-5170,Blow Molding,ISBM-006,M-SOP-014,2025-11-30,,,9.0,,40.6,43.9
WO-5171,Blow Molding,ISBM-006,M-SOP-024,2025-12-01,,,11.3,,41.4,44.9
WO-5172,Blow Molding,ISBM-006,M-SOP-024,2025-12-02,,,9.0,,42.9,54.1
WO-5173,Blow Molding,ISBM-006,M-SOP-028,2025-12-03,,,11.2,,47.1,49.2
WO-5174,  Blow Molding  ,ISBM-006,M-SOP-018,2025-12-04,,,7.0,,44.8,45.7
WO-5175,Blow Molding,ISBM-006,M-SOP-024,2025-12-04,,,9.0,,44.2,46.1
WO-5176,Blow Molding,ISBM-006,M-SOP-014,2025-12-05,,,9.4,,41.9,55.0
WO-5177,Blow Molding,ISBM-006,M-SOP-014,2025-12-05,,,8.3,,43.2,43.8
WO-5178,Blow Molding,ISBM-006,M-SOP-014,2025-12-06,,,9.2,,39.6,45.5
WO-5179,Blow Molding,ISBM-006,M-SOP-024,2025-12-07,,,9.9,,39.9,52.7
WO-5180,Blow Molding,ISBM-006,M-SOP-024,2025-12-08,,,9.7,,38.5,47.1
WO-5181,Blow Molding,ISBM-006,M-SOP-024,2025-12-09,,,9.8,,40.4,44.1
WO-5182,Blow Molding,ISBM-006,M-SOP-011,2025-12-09,,,9.5,,44.6,50.6
WO-5183,Blow Molding,ISBM-006,M-SOP-011,2025-12-10,,,9.7,,37.8,54.9
WO-5184,  Blow Molding  ,ISBM-006,M-SOP-011,2025-12-11,,,9.8,,41.0,53.3
WO-5185,Blow Molding,ISBM-006,M-SOP-024,2025-12-12,,,10.3,,39.3,44.9
WO-5186,Blow Molding,ISBM-006,M-SOP-028,2025-12-13,,,9.8,,43.7,50.4
WO-5187,Blow Molding,ISBM-006,M-SOP-011,2025-12-13,,,7.9,,46.6,41.5
WO-5188,Blow Molding,ISBM-006,M-SOP-011,2025-12-14,,,8.2,,39.8,43.3
WO-5189,Blow Molding,ISBM-006,M-SOP-011,2025-12-15,,,9.3,,45.1,48.1
WO-5190,  Blow Molding  ,ISBM-006,M-SOP-011,2025-12-15,,,8.2,,41.0,46.2
WO-5191,Blow Molding,ISBM-006,M-SOP-011,2025-12-16,,,10.0,,43.9,49.9
WO-5192,Blow Molding,ISBM-006,M-SOP-011,2025-12-17,,,9.5,,46.3,53.3
WO-5193,Blow Molding,ISBM-006,M-SOP-018,2025-12-18,,,9.4,,49.4,46.3
WO-5194,Blow Molding,ISBM-006,M-SOP-024,2025-12-18,,,8.1,,49.5,45.6
WO-5195,Blow Molding,ISBM-006,M-SOP-024,2025-12-19,,,10.2,,39.5,47.1
WO-5196,Blow Molding,ISBM-006,M-SOP-014,2025-12-20,,,9.1,,39.2,47.8
WO-5197,Blow Molding,ISBM-006,M-SOP-018,2025-12-21,,,8.9,,38.9,41.8
WO-5198,Blow Molding,ISBM-006,M-SOP-014,2025-12-21,,,10.2,,39.8,52.1
WO-5199,Blow Molding,ISBM-006,M-SOP-014,2025-12-22,,,9.7,,42.0,45.2
WO-5200,Blow Molding,ISBM-006,M-SOP-018,2025-12-23,,,9.8,,46.4,40.7
WO-5201,Blow Molding,ISBM-006,M-SOP-014,2025-12-24,,,7.9,,43.4,47.7
WO-5202,Blow Molding,ISBM-006,M-SOP-018,2025-12-24,,,9.2,,42.0,43.1
WO-5203,Blow Molding,ISBM-006,M-SOP-018,2025-12-25,,,8.7,,41.2,47.8
WO-5204,Blow Molding,ISBM-006,M-SOP-011,2025-12-26,,,9.8,,46.0,45.6
WO-5205,Blow Molding,ISBM-006,M-SOP-011,2025-12-26,,,9.4,,42.4,48.7
WO-5206,Blow Molding,ISBM-006,M-SOP-024,2025-12-27,,,11.6,,39.0,46.8
WO-5207,Blow Molding,ISBM-006,M-SOP-024,2025-12-27,,,9.5,,39.7,45.5
WO-5208,Blow Molding,ISBM-006,M-SOP-018,2025-12-28,,,9.9,,40.1,44.6
WO-5209,Blow Molding,ISBM-006,M-SOP-018,2025-12-29,,,9.8,,41.9,40.4
WO-5210,Blow Molding,ISBM-006,M-SOP-018,2025-12-30,,,8.3,,43.6,45.8
WO-5211,Blow Molding,ISBM-006,M-SOP-014,2025-12-30,,,7.9,,44.2,48.7
WO-5212,Blow Molding,ISBM-006,M-SOP-014,2025-12-31,,,8.1,,43.1,41.6
WO-5213,Blow Molding,ISBM-006,M-SOP-014,2026-01-01,,,9.6,,43.6,55.0
WO-5214,Blow Molding,ISBM-006,M-SOP-018,2026-01-02,,,9.3,,41.6,43.2
WO-5215,Blow Molding,ISBM-006,M-SOP-018,2026-01-02,,,11.7,,44.7,43.7
WO-5216,Blow Molding,ISBM-006,M-SOP-018,2026-01-03,,,10.6,,40.8,42.6
WO-5217,Blow Molding,ISBM-006,M-SOP-018,2026-01-03,,,8.6,,41.1,47.8
WO-5218,Blow Molding,ISBM-006,M-SOP-018,2026-01-04,,,8.6,,49.2,55.1
WO-5219,Blow Molding,ISBM-006,M-SOP-018,2026-01-05,,,9.9,,43.7,52.9
WO-5220,Blow Molding,ISBM-006,M-SOP-018,2026-01-05,,,10.3,,49.9,43.6
WO-5221,Blow Molding,ISBM-006,M-SOP-014,2026-01-06,,,9.1,,43.4,51.4
WO-5222,Blow Molding,ISBM-006,M-SOP-018,2026-01-07,,,10.1,,43.5,46.8
WO-5223,Blow Molding,ISBM-006,M-SOP-024,2026-01-07,,,9.3,,42.8,49.3
WO-5224,Blow Molding,ISBM-006,M-SOP-024,2026-01-08,,,9.5,,39.2,51.9
WO-5225,Blow Molding,ISBM-006,M-SOP-018,2026-01-09,,,8.5,,45.3,45.2
WO-5226,Blow Molding,ISBM-006,M-SOP-018,2026-01-10,,,9.3,,41.8,49.7
WO-5227,Blow Molding,ISBM-006,M-SOP-011,2026-01-10,,,9.4,,45.4,53.4
WO-5228,Blow Molding,ISBM-006,M-SOP-024,2026-01-11,,,9.4,,47.0,48.7
WO-5229,Blow Molding,ISBM-006,M-SOP-024,2026-01-12,,,8.9,,37.0,45.3
WO-5230,Blow Molding,ISBM-006,M-SOP-024,2026-01-13,,,9.8,,31.8,51.3
WO-5231,Blow Molding,ISBM-006,M-SOP-011,2026-01-13,,,12.2,,41.6,46.7
WO-5232,Blow Molding,ISBM-006,M-SOP-011,2026-01-14,,,9.5,,38.0,43.4
WO-5233,Blow Molding,ISBM-006,M-SOP-018,2026-01-15,,,10.1,,43.9,44.3
WO-5234,Blow Molding,ISBM-006,M-SOP-018,2026-01-15,,,8.6,,39.8,48.0
WO-5235,Blow Molding,ISBM-006,M-SOP-018,2026-01-16,,,10.5,,42.8,52.2
WO-5236,Blow Molding,ISBM-006,M-SOP-018,2026-01-16,,,8.2,,45.8,39.7
WO-5237,Blow Molding,ISBM-006,M-SOP-018,2026-01-17,,,10.3,,39.2,47.4
WO-5238,Blow Molding,ISBM-006,M-SOP-011,2026-01-17,,,9.1,,43.2,48.9
WO-5239,Blow Molding,ISBM-006,M-SOP-011,2026-01-18,,,9.8,,39.0,45.1
WO-5240,Blow Molding,ISBM-006,M-SOP-018,2026-01-19,,,8.3,,39.1,50.4
WO-5241,Blow Molding,ISBM-006,M-SOP-018,2026-01-19,,,9.1,,38.1,51.3
WO-5242,BLOW MOLDING,ISBM-006,M-SOP-018,2026-01-20,,,8.5,,40.7,48.7
WO-5243,Blow Molding,ISBM-006,M-SOP-028,2026-01-21,,,8.7,,39.4,48.3
WO-5244,Blow Molding,ISBM-006,M-SOP-028,2026-01-21,,,9.1,,38.0,36.9
WO-5245,Blow Molding,ISBM-006,M-SOP-018,2026-01-22,,,9.9,,39.1,49.2
WO-5246,Blow Molding,ISBM-006,M-SOP-018,2026-01-23,,,10.2,,39.8,46.0
WO-5247,Blow Molding,ISBM-006,M-SOP-028,2026-01-23,,,9.5,,40.6,45.3
WO-5248,Blow Molding,ISBM-006,M-SOP-028,2026-01-24,,,10.7,,44.4,45.5
WO-5249,Blow Molding,ISBM-006,M-SOP-028,2026-01-24,,,9.6,,39.3,39.4
WO-5250,Blow Molding,ISBM-006,M-SOP-028,2026-01-25,,,10.4,,45.2,48.1
WO-5251,Blow Molding,ISBM-006,M-SOP-028,2026-01-26,,,9.2,,39.5,43.3
WO-5252,Blow Molding,ISBM-006,M-SOP-018,2026-01-26,,,8.8,,42.1,50.3
WO-5253,Blow Molding,ISBM-006,M-SOP-028,2026-01-27,,,10.2,,42.1,45.3
WO-5254,Blow Molding,ISBM-006,M-SOP-028,2026-01-28,,,8.4,,37.6,47.7
WO-5255,Blow Molding,ISBM-006,M-SOP-028,2026-01-28,,,8.5,,39.6,51.5
WO-5256,Blow Molding,ISBM-006,M-SOP-018,2026-01-29,,,9.5,,40.2,51.3
WO-5257,Blow Molding,ISBM-006,M-SOP-018,2026-01-30,,,9.6,,43.5,47.6
WO-5258,Blow Molding,ISBM-006,M-SOP-018,2026-01-30,,,9.0,,42.5,45.9
WO-5259,BLOW MOLDING,ISBM-006,M-SOP-018,2026-01-31,,,8.0,,45.1,48.5
WO-5260,Blow Molding,ISBM-006,M-SOP-018,2026-01-31,,,10.7,,43.4,49.7
WO-5261,Blow Molding,ISBM-006,M-SOP-018,2026-02-01,,,10.2,,37.2,52.3
WO-5262,Blow Molding,ISBM-006,M-SOP-018,2026-02-02,,,9.8,,42.4,49.5
WO-5263,Blow Molding,ISBM-006,M-SOP-018,2026-02-02,,,7.3,,39.0,52.3
WO-5264,Blow Molding,ISBM-006,M-SOP-011,2026-02-03,,,10.9,,36.1,41.0
WO-5265,Blow Molding,ISBM-006,M-SOP-011,2026-02-04,,,10.0,,39.6,38.7
WO-5266,Blow Molding,ISBM-006,M-SOP-011,2026-02-04,,,10.2,,39.8,57.7
WO-5267,blow molding,ISBM-006,M-SOP-028,2026-02-05,,,10.3,,40.0,51.2
WO-5268,Blow Molding,ISBM-006,M-SOP-028,2026-02-06,,,9.9,,39.2,49.1
WO-5269,Blow Molding,ISBM-006,M-SOP-014,2026-02-06,,,9.7,,39.0,46.0
WO-5270,Blow Molding,ISBM-006,M-SOP-014,2026-02-07,,,8.0,,41.6,46.1
WO-5271,  Blow Molding  ,ISBM-006,M-SOP-014,2026-02-07,,,10.3,,42.2,51.9
WO-5272,Blow Molding,ISBM-006,M-SOP-014,2026-02-08,,,8.7,,41.1,51.7
WO-5273,Blow Molding,ISBM-006,M-SOP-024,2026-02-08,,,10.3,,45.0,47.6
WO-5274,Blow Molding,ISBM-006,M-SOP-024,2026-02-09,,,9.1,,42.0,55.6
WO-5275,  Blow Molding  ,ISBM-006,M-SOP-028,2026-02-10,,,9.1,,44.2,46.4
WO-5276,Blow Molding,ISBM-006,M-SOP-024,2026-02-11,,,9.5,,42.8,45.1
WO-5277,Blow Molding,ISBM-006,M-SOP-024,2026-02-11,,,9.5,,39.2,48.7
WO-5278,Blow Molding,ISBM-006,M-SOP-024,2026-02-12,,,10.7,,40.4,51.1
WO-5279,Blow Molding,ISBM-006,M-SOP-018,2026-02-13,,,12.4,,43.6,53.4
WO-5280,Blow Molding,ISBM-006,M-SOP-018,2026-02-13,,,10.7,,37.0,50.1
WO-5281,Blow Molding,ISBM-006,M-SOP-011,2026-02-14,,,10.9,,42.8,47.2
WO-5282,Blow Molding,ISBM-006,M-SOP-011,2026-02-15,,,9.6,,37.8,45.3
WO-5283,Blow Molding,ISBM-006,M-SOP-024,2026-02-15,,,9.2,,43.0,49.3
WO-5284,Blow Molding,ISBM-006,M-SOP-024,2026-02-16,,,11.4,,48.6,43.9
WO-5285,Blow Molding,ISBM-006,M-SOP-014,2026-02-17,,,8.9,,42.3,43.6
WO-5286,  Blow Molding  ,ISBM-006,M-SOP-024,2026-02-18,,,10.0,,39.2,48.8
WO-5287,Blow Molding,ISBM-006,M-SOP-024,2026-02-18,,,9.9,,40.9,45.3
WO-5288,Blow Molding,ISBM-006,M-SOP-011,2026-02-19,,,8.6,,44.5,48.6
WO-5289,Blow Molding,ISBM-006,M-SOP-011,2026-02-20,,,10.2,,44.9,47.2
WO-5290,  Blow Molding  ,ISBM-006,M-SOP-011,2026-02-20,,,8.2,,40.9,45.7
WO-5291,Blow Molding,ISBM-006,M-SOP-014,2026-02-21,,,10.2,,36.4,50.4
WO-5292,Blow Molding,ISBM-006,M-SOP-014,2026-02-22,,,8.9,,43.9,55.5
WO-5293,Blow Molding,ISBM-006,M-SOP-028,2026-02-23,,,10.8,,41.1,44.9
WO-5294,Blow Molding,ISBM-006,M-SOP-028,2026-02-23,,,10.1,,44.6,50.2
WO-5295,Blow Molding,ISBM-006,M-SOP-018,2026-02-24,,,9.9,,40.7,57.8
WO-5296,Blow Molding,ISBM-006,M-SOP-018,2026-02-25,,,10.1,,45.5,46.6
WO-5297,  Blow Molding  ,ISBM-006,M-SOP-018,2026-02-26,,,11.1,,40.3,39.2
WO-5298,Blow Molding,ISBM-006,M-SOP-018,2026-02-26,,,8.7,,43.0,51.4
WO-5299,  Blow Molding  ,ISBM-006,M-SOP-018,2026-02-27,,,9.0,,40.6,43.9
WO-5300,Blow Molding,ISBM-006,M-SOP-018,2026-02-28,,,11.1,,40.5,50.1
WO-5301,Blow Molding,ISBM-006,M-SOP-018,2026-02-28,,,8.5,,42.8,54.7
WO-5302,Blow Molding,ISBM-006,M-SOP-018,2026-03-01,,,9.9,,39.6,54.7
WO-5303,Blow Molding,ISBM-006,M-SOP-018,2026-03-02,,,8.6,,41.5,47.1
WO-5304,  Blow Molding  ,ISBM-006,M-SOP-018,2026-03-02,,,9.2,,45.0,49.8
WO-5305,Blow Molding,ISBM-006,M-SOP-018,2026-03-03,,,9.9,,44.9,47.3
WO-5306,Blow Molding,ISBM-006,M-SOP-024,2026-03-04,,,8.0,,42.2,48.1
WO-5307,Blow Molding,ISBM-006,M-SOP-024,2026-03-04,,,9.4,,41.1,45.7
WO-5308,Blow Molding,ISBM-006,M-SOP-024,2026-03-05,,,8.9,,46.0,53.2
WO-5309,Blow Molding,ISBM-006,M-SOP-014,2026-03-06,,,9.9,,45.6,52.7
WO-5310,Blow Molding,ISBM-006,M-SOP-014,2026-03-07,,,9.5,,46.1,48.6
WO-5311,Blow Molding,ISBM-006,M-SOP-024,2026-03-07,,,10.0,,39.2,47.2
WO-5312,  Blow Molding  ,ISBM-006,M-SOP-024,2026-03-08,,,10.2,,38.1,47.0
WO-5313,blow molding,ISBM-006,M-SOP-028,2026-03-09,,,8.5,,47.9,53.8
WO-5314,Blow Molding,ISBM-006,M-SOP-028,2026-03-09,,,8.3,,37.2,48.8
WO-5315,Blow Molding,ISBM-006,M-SOP-018,2026-03-10,,,9.1,,40.1,40.4
WO-5316,Blow Molding,ISBM-006,M-SOP-018,2026-03-11,,,10.0,,47.0,44.1
WO-5317,Blow Molding,ISBM-006,M-SOP-018,2026-03-11,,,9.7,,39.3,55.1
WO-5318,Blow Molding,ISBM-006,M-SOP-028,2026-03-12,,,9.5,,38.4,46.5
WO-5319,Blow Molding,ISBM-006,M-SOP-014,2026-03-13,,,10.7,,38.7,50.2
WO-5320,Blow Molding,ISBM-006,M-SOP-014,2026-03-14,,,11.1,,42.3,52.5
WO-5321,Blow Molding,ISBM-006,M-SOP-014,2026-03-14,,,8.5,,41.4,49.9
WO-5322,Blow Molding,ISBM-006,M-SOP-018,2026-03-15,,,9.1,,38.7,47.9
WO-5323,Blow Molding,ISBM-006,M-SOP-018,2026-03-15,,,9.1,,41.3,43.3
WO-5324,  Blow Molding  ,ISBM-006,M-SOP-028,2026-03-16,,,10.3,,42.4,45.1
WO-5325,Blow Molding,ISBM-006,M-SOP-028,2026-03-17,,,10.0,,39.3,44.7
WO-5326,Blow Molding,ISBM-006,M-SOP-028,2026-03-17,,,9.4,,41.4,49.2
WO-5327,Blow Molding,ISBM-006,M-SOP-014,2026-03-18,,,10.0,,41.3,49.2
WO-5328,Blow Molding,ISBM-006,M-SOP-024,2026-03-19,,,10.4,,42.2,48.7
WO-5329,Blow Molding,ISBM-006,M-SOP-024,2026-03-20,,,7.8,,40.3,50.0
WO-5330,Blow Molding,ISBM-006,M-SOP-028,2026-03-20,,,9.7,,40.8,47.0
WO-5331,blow molding,ISBM-006,M-SOP-028,2026-03-21,,,9.7,,39.0,43.6
WO-5332,Blow Molding,ISBM-006,M-SOP-011,2026-03-22,,,9.3,,44.1,46.4
WO-5333,BLOW MOLDING,ISBM-006,M-SOP-011,2026-03-22,,,10.3,,42.7,47.5
WO-5334,Blow Molding,ISBM-006,M-SOP-011,2026-03-23,,,8.8,,42.9,47.8
WO-5335,Blow Molding,ISBM-006,M-SOP-011,2026-03-24,,,10.6,,40.3,46.2
WO-5336,Blow Molding,ISBM-006,M-SOP-024,2026-03-25,,,11.9,,40.5,49.3
WO-5337,  Blow Molding  ,ISBM-006,M-SOP-014,2026-03-25,,,12.1,,43.2,55.7
WO-5338,Blow Molding,ISBM-006,M-SOP-014,2026-03-26,,,10.2,,42.5,52.7
WO-5339,Blow Molding,ISBM-006,M-SOP-014,2026-03-27,,,9.3,,40.6,49.7
WO-5340,Blow Molding,ISBM-006,M-SOP-011,2026-03-28,,,8.6,,47.0,54.7
WO-5341,Blow Molding,ISBM-006,M-SOP-028,2026-03-28,,,7.9,,37.7,52.6
WO-5342,Blow Molding,ISBM-006,M-SOP-028,2026-03-29,,,10.0,,38.2,45.6
WO-5343,Blow Molding,ISBM-006,M-SOP-018,2026-03-30,,,7.9,,39.3,51.6
WO-5344,Blow Molding,ISBM-006,M-SOP-014,2026-03-31,,,9.4,,40.0,54.6
WO-5345,Blow Molding,ISBM-006,M-SOP-011,2026-03-31,,,9.3,,42.8,49.4
WO-5346,Blow Molding,ISBM-006,M-SOP-024,2026-04-01,,,10.0,,35.1,52.5
WO-5347,Blow Molding,ISBM-006,M-SOP-024,2026-04-02,,,8.8,,43.9,49.1
WO-5348,Blow Molding,ISBM-006,M-SOP-018,2026-04-02,,,8.0,,43.2,49.7
WO-5349,Blow Molding,ISBM-006,M-SOP-018,2026-04-03,,,8.6,,40.6,49.6
WO-5350,BLOW MOLDING,ISBM-006,M-SOP-028,2026-04-04,,,11.1,,41.4,48.2
WO-5351,  Blow Molding  ,ISBM-006,M-SOP-011,2026-04-04,,,8.9,,41.1,48.6
WO-5352,Blow Molding,ISBM-006,M-SOP-028,2026-04-05,,,9.9,,39.0,46.8
WO-5353,Blow Molding,ISBM-006,M-SOP-018,2026-04-06,,,8.0,,42.2,47.1
WO-5354,Blow Molding,ISBM-006,M-SOP-018,2026-04-06,,,8.8,,45.9,39.0
WO-5355,Blow Molding,ISBM-006,M-SOP-018,2026-04-07,,,9.9,,41.3,52.3
WO-5356,Blow Molding,ISBM-006,M-SOP-014,2026-04-08,,,9.1,,45.3,49.8
WO-5357,blow molding,ISBM-006,M-SOP-014,2026-04-09,,,10.6,,42.0,55.7
WO-5358,Blow Molding,ISBM-006,M-SOP-014,2026-04-10,,,9.5,,40.6,45.2
WO-5359,Blow Molding,ISBM-006,M-SOP-018,2026-04-10,,,10.2,,45.5,52.4
WO-5360,Blow Molding,ISBM-006,M-SOP-018,2026-04-11,,,9.5,,40.3,45.3
WO-5361,Blow Molding,ISBM-006,M-SOP-011,2026-04-11,,,9.4,,43.3,47.8
WO-5362,blow molding,ISBM-006,M-SOP-024,2026-04-12,,,11.9,,45.0,41.6
WO-5363,Blow Molding,ISBM-006,M-SOP-014,2026-04-13,,,8.9,,40.0,50.0
WO-5364,Blow Molding,ISBM-006,M-SOP-028,2026-04-14,,,9.6,,40.3,47.3
WO-5365,Blow Molding,ISBM-006,M-SOP-028,2026-04-15,,,9.4,,45.6,43.7
WO-5366,Blow Molding,ISBM-006,M-SOP-024,2026-04-15,,,8.6,,38.4,51.5
WO-5367,Blow Molding,ISBM-006,M-SOP-011,2026-04-16,,,10.3,,42.2,39.5
WO-5368,Blow Molding,ISBM-006,M-SOP-011,2026-04-17,,,9.6,,44.3,49.7
WO-5369,Blow Molding,ISBM-006,M-SOP-018,2026-04-17,,,9.6,,42.6,54.4
WO-5370,Blow Molding,ISBM-006,M-SOP-018,2026-04-18,,,9.7,,39.5,47.2
WO-5371,Blow Molding,ISBM-006,M-SOP-018,2026-04-18,,,9.6,,44.5,53.1
WO-5372,Blow Molding,ISBM-006,M-SOP-011,2026-04-19,,,8.4,,40.5,48.9
WO-5373,Blow Molding,ISBM-006,M-SOP-011,2026-04-20,,,10.3,,43.6,48.7
WO-5374,Blow Molding,ISBM-006,M-SOP-028,2026-04-20,,,7.5,,47.4,55.6
WO-5375,Blow Molding,ISBM-006,M-SOP-028,2026-04-21,,,10.3,,43.9,46.4
WO-5376,  Blow Molding  ,ISBM-006,M-SOP-018,2026-04-22,,,8.8,,42.3,49.6
WO-5377,Blow Molding,ISBM-006,M-SOP-018,2026-04-22,,,9.8,,41.7,39.7
WO-5378,Blow Molding,ISBM-006,M-SOP-024,2026-04-23,,,8.6,,40.3,45.5
WO-5379,Blow Molding,ISBM-006,M-SOP-024,2026-04-23,,,10.3,,39.1,53.2
WO-5380,Blow Molding,ISBM-006,M-SOP-024,2026-04-24,,,11.4,,45.5,38.9
WO-5381,Blow Molding,ISBM-006,M-SOP-014,2026-04-25,,,11.8,,38.9,49.1
WO-5382,Blow Molding,ISBM-006,M-SOP-028,2026-04-25,,,9.4,,40.2,46.3
WO-5383,Blow Molding,ISBM-006,M-SOP-028,2026-04-26,,,9.8,,42.3,52.5
WO-5384,Blow Molding,ISBM-006,M-SOP-028,2026-04-27,,,9.7,,39.5,44.2
WO-5385,Blow Molding,ISBM-006,M-SOP-011,2026-04-27,,,9.7,,40.1,47.1
WO-5386,Blow Molding,ISBM-006,M-SOP-011,2026-04-28,,,8.2,,49.6,50.5
WO-5387,Blow Molding,ISBM-006,M-SOP-011,2026-04-29,,,9.5,,42.2,48.1
WO-5388,Blow Molding,ISBM-006,M-SOP-028,2026-04-29,,,8.9,,42.6,51.9
WO-5389,Blow Molding,ISBM-006,M-SOP-028,2026-04-30,,,9.1,,42.6,50.4
WO-5390,Blow Molding,ISBM-006,M-SOP-028,2026-04-30,,,11.2,,40.9,48.5
WO-5391,Blow Molding,ISBM-006,M-SOP-028,2026-05-01,,,10.6,,43.4,49.4
WO-5392,Blow Molding,ISBM-006,M-SOP-018,2026-05-02,,,8.4,,45.6,49.0
WO-5393,Blow Molding,ISBM-006,M-SOP-018,2026-05-02,,,9.0,,41.9,41.9
WO-5394,Blow Molding,ISBM-006,M-SOP-018,2026-05-03,,,10.5,,43.8,51.9
WO-5395,Blow Molding,ISBM-006,M-SOP-011,2026-05-03,,,9.7,,39.4,53.9
WO-5396,Blow Molding,ISBM-006,M-SOP-011,2026-05-04,,,8.5,,39.3,49.8
WO-5397,Blow Molding,ISBM-006,M-SOP-011,2026-05-05,,,9.7,,43.6,46.3
WO-5398,Blow Molding,ISBM-006,M-SOP-011,2026-05-06,,,9.6,,36.2,52.9
WO-5399,  Blow Molding  ,ISBM-006,M-SOP-011,2026-05-06,,,8.7,,39.1,53.6
WO-5400,Blow Molding,ISBM-006,M-SOP-024,2026-05-07,,,9.4,,40.9,47.5
WO-5401,Blow Molding,ISBM-006,M-SOP-024,2026-05-08,,,8.8,,37.7,49.0
WO-5402,Blow Molding,ISBM-006,M-SOP-014,2026-05-09,,,8.5,,42.1,54.3
WO-5403,Blow Molding,ISBM-006,M-SOP-014,2026-05-09,,,8.1,,40.0,40.1
WO-5404,Blow Molding,ISBM-006,M-SOP-014,2026-05-10,,,11.1,,40.9,49.3
WO-5405,Blow Molding,ISBM-006,M-SOP-024,2026-05-11,,,10.7,,44.1,52.5
WO-5406,Blow Molding,ISBM-006,M-SOP-024,2026-05-12,,,8.9,,37.2,48.8
WO-5407,Blow Molding,ISBM-006,M-SOP-018,2026-05-12,,,9.3,,36.4,38.3
WO-5408,Blow Molding,ISBM-006,M-SOP-024,2026-05-13,,,10.3,,40.4,46.4
WO-5409,Blow Molding,ISBM-006,M-SOP-024,2026-05-13,,,8.4,,42.9,41.3
WO-5410,Blow Molding,ISBM-006,M-SOP-024,2026-05-14,,,9.9,,45.4,45.7
WO-5411,BLOW MOLDING,ISBM-006,M-SOP-024,2026-05-15,,,9.2,,40.8,52.0
WO-5412,Blow Molding,ISBM-006,M-SOP-024,2026-05-15,,,10.2,,44.1,49.7
WO-5413,Blow Molding,ISBM-006,M-SOP-024,2026-05-16,,,8.2,,45.8,50.2
WO-5414,Blow Molding,ISBM-006,M-SOP-018,2026-05-16,,,9.4,,36.3,51.8
WO-5415,Blow Molding,ISBM-006,M-SOP-024,2026-05-17,,,9.6,,39.8,51.9
WO-5416,blow molding,ISBM-006,M-SOP-018,2026-05-17,,,10.0,,48.0,56.4
WO-5417,Blow Molding,ISBM-006,M-SOP-018,2026-05-18,,,8.7,,43.1,43.6
WO-5418,Blow Molding,ISBM-006,M-SOP-024,2026-05-18,,,10.6,,39.0,48.3
WO-5419,Blow Molding,ISBM-006,M-SOP-024,2026-05-19,,,10.2,,39.8,49.7
WO-5420,Blow Molding,ISBM-006,M-SOP-014,2026-05-19,,,10.4,,37.8,39.3
WO-5421,Blow Molding,ISBM-006,M-SOP-014,2026-05-20,,,10.5,,41.1,55.4
WO-5422,Blow Molding,ISBM-006,M-SOP-014,2026-05-20,,,8.7,,41.6,39.0
WO-5423,Blow Molding,ISBM-006,M-SOP-014,2026-05-21,,,9.1,,42.3,46.9
WO-5424,Blow Molding,ISBM-006,M-SOP-024,2026-05-22,,,9.9,,41.1,52.0
WO-5425,Blow Molding,ISBM-006,M-SOP-024,2026-05-22,,,8.9,,40.2,47.2
WO-5426,Blow Molding,ISBM-006,M-SOP-024,2026-05-23,,,9.0,,44.9,48.6
WO-5427,Blow Molding,ISBM-006,M-SOP-028,2026-05-24,,,7.2,,42.2,44.7
WO-5428,Blow Molding,ISBM-006,M-SOP-028,2026-05-25,,,9.4,,44.6,46.7
WO-5429,Blow Molding,ISBM-006,M-SOP-014,2026-05-25,,,9.6,,45.7,45.1
WO-5430,Blow Molding,ISBM-006,M-SOP-018,2026-05-26,,,9.6,,44.1,45.2
WO-5431,Blow Molding,ISBM-006,M-SOP-018,2026-05-27,,,10.2,,48.5,48.8
WO-5432,Blow Molding,ISBM-006,M-SOP-018,2026-05-27,,,10.9,,40.5,38.7
WO-5433,Blow Molding,ISBM-006,M-SOP-024,2026-05-28,,,10.3,,43.6,50.2
WO-5434,Blow Molding,ISBM-006,M-SOP-024,2026-05-29,,,10.5,,45.8,43.1
WO-5435,Blow Molding,ISBM-006,M-SOP-018,2026-05-30,,,8.4,,43.0,47.6
WO-5436,Blow Molding,ISBM-006,M-SOP-018,2026-05-30,,,8.3,,46.1,50.6
WO-5437,Blow Molding,ISBM-006,M-SOP-024,2026-05-31,,,8.2,,41.0,48.3
WO-5438,blow molding,ISBM-006,M-SOP-024,2026-06-01,,,10.0,,46.1,42.3
WO-5439,  Blow Molding  ,ISBM-006,M-SOP-024,2026-06-01,,,11.0,,46.5,52.1
WO-5440,Blow Molding,ISBM-006,M-SOP-014,2026-06-02,,,11.7,,40.1,49.0
WO-5441,Blow Molding,ISBM-006,M-SOP-014,2026-06-02,,,11.3,,40.5,49.4
WO-5442,blow molding,ISBM-006,M-SOP-014,2026-06-03,,,12.1,,34.2,52.4
WO-5443,blow molding,ISBM-006,M-SOP-024,2026-06-04,,,9.6,,45.3,45.7
WO-5444,Blow Molding,ISBM-006,M-SOP-018,2026-06-05,,,8.9,,41.3,51.9
WO-5445,Blow Molding,ISBM-006,M-SOP-018,2026-06-05,,,11.2,,45.6,50.4
WO-5446,Blow Molding,ISBM-006,M-SOP-028,2026-06-06,,,8.9,,38.0,46.2
WO-5447,Blow Molding,ISBM-006,M-SOP-011,2026-06-07,,,10.8,,39.8,47.1
WO-5448,Blow Molding,ISBM-006,M-SOP-011,2026-06-08,,,12.8,,44.5,50.8
WO-5449,Blow Molding,ISBM-006,M-SOP-011,2026-06-09,,,7.5,,45.2,49.8
WO-5450,Blow Molding,ISBM-006,M-SOP-011,2026-06-09,,,9.4,,38.3,52.9
WO-5451,Blow Molding,ISBM-006,M-SOP-018,2026-06-10,,,10.4,,42.4,52.2
WO-5452,Blow Molding,ISBM-006,M-SOP-018,2026-06-11,,,10.3,,41.3,41.9
WO-5453,Blow Molding,ISBM-006,M-SOP-018,2026-06-11,,,9.1,,38.9,49.4
WO-5454,Blow Molding,ISBM-006,M-SOP-018,2026-06-12,,,9.5,,39.2,50.4
WO-5455,Blow Molding,ISBM-006,M-SOP-024,2026-06-12,,,10.4,,42.5,48.8
WO-5456,Blow Molding,ISBM-006,M-SOP-024,2026-06-13,,,11.6,,42.8,52.4
WO-5457,Blow Molding,ISBM-006,M-SOP-024,2026-06-14,,,9.9,,41.6,46.0
WO-5458,Blow Molding,ISBM-006,M-SOP-028,2026-06-14,,,10.0,,43.3,52.8
WO-5459,Blow Molding,ISBM-006,M-SOP-014,2026-06-15,,,10.1,,42.6,52.4
WO-5460,Blow Molding,ISBM-006,M-SOP-014,2026-06-16,,,9.4,,41.2,42.8
WO-5461,Blow Molding,ISBM-006,M-SOP-014,2026-06-16,,,9.3,,43.7,53.6
WO-5462,Blow Molding,ISBM-006,M-SOP-028,2026-06-17,,,8.6,,42.1,52.6
WO-5463,Blow Molding,ISBM-006,M-SOP-028,2026-06-18,,,9.9,,40.7,58.1
WO-5464,Blow Molding,ISBM-006,M-SOP-028,2026-06-19,,,8.1,,43.5,56.1
WO-5465,Blow Molding,ISBM-006,M-SOP-018,2026-06-19,,,7.6,,40.5,41.4
WO-5466,Blow Molding,ISBM-006,M-SOP-018,2026-06-20,,,8.2,,45.0,52.4
WO-5467,Blow Molding,ISBM-006,M-SOP-011,2026-06-21,,,10.2,,43.0,47.1
WO-5468,Blow Molding,ISBM-006,M-SOP-011,2026-06-21,,,10.2,,42.9,52.4
WO-5469,Blow Molding,ISBM-006,M-SOP-028,2026-06-22,,,9.3,,36.3,45.0
WO-5470,Blow Molding,ISBM-006,M-SOP-028,2026-06-23,,,10.6,,40.8,50.8
WO-5471,BLOW MOLDING,ISBM-006,M-SOP-028,2026-06-23,,,9.6,,42.5,46.8
WO-5472,Blow Molding,ISBM-006,M-SOP-018,2026-06-24,,,8.1,,38.5,43.7
WO-5473,Blow Molding,ISBM-006,M-SOP-018,2026-06-25,,,8.6,,40.5,45.9
WO-5474,Blow Molding,ISBM-006,M-SOP-014,2026-06-26,,,10.7,,40.8,52.1
WO-5475,BLOW MOLDING,ISBM-006,M-SOP-014,2026-06-26,,,10.7,,45.4,39.0
WO-5476,Blow Molding,ISBM-006,M-SOP-014,2026-06-27,,,9.3,,39.4,52.2
WO-5477,Blow Molding,ISBM-006,M-SOP-014,2026-06-28,,,10.0,,42.9,52.0
WO-5478,Blow Molding,ISBM-006,M-SOP-018,2026-06-28,,,10.9,,44.3,50.2
WO-5479,Blow Molding,ISBM-006,M-SOP-018,2026-06-29,,,9.8,,38.9,49.6
WO-5480,Blow Molding,ISBM-006,M-SOP-018,2026-06-29,,,7.3,,35.0,49.2
WO-5481,Blow Molding,ISBM-006,M-SOP-028,2026-06-30,,,8.8,,43.0,45.8
WO-5482,blow molding,ISBM-006,M-SOP-011,2026-07-01,,,8.1,,46.3,47.2
WO-5483,Blow Molding,ISBM-006,M-SOP-011,2026-07-02,,,11.3,,47.6,50.5
WO-5484,Blow Molding,ISBM-006,M-SOP-011,2026-07-02,,,9.9,,46.0,52.3
WO-5485,Blow Molding,ISBM-006,M-SOP-011,2026-07-03,,,10.7,,45.1,49.2
WO-5486,Blow Molding,ISBM-006,M-SOP-011,2026-07-03,,,9.9,,49.3,50.0
WO-5487,Blow Molding,ISBM-006,M-SOP-014,2026-07-04,,,7.8,,48.0,51.6
WO-5488,Blow Molding,ISBM-006,M-SOP-014,2026-07-05,,,9.4,,39.1,57.2
WO-5489,Blow Molding,ISBM-006,M-SOP-014,2026-07-05,,,9.9,,40.2,46.0
WO-5490,Blow Molding,ISBM-006,M-SOP-028,2026-07-06,,,7.7,,40.3,44.9
WO-5491,Blow Molding,ISBM-006,M-SOP-028,2026-07-06,,,10.1,,42.7,55.6
WO-5492,Blow Molding,ISBM-006,M-SOP-011,2026-07-07,,,9.0,,45.2,43.2
WO-5493,Blow Molding,ISBM-006,M-SOP-011,2026-07-07,,,10.5,,45.8,47.3
WO-5494,Blow Molding,ISBM-006,M-SOP-018,2026-07-08,,,10.0,,40.1,52.7
WO-5495,Blow Molding,ISBM-006,M-SOP-024,2026-07-09,,,9.3,,43.9,42.2
WO-5496,Blow Molding,ISBM-006,M-SOP-024,2026-07-09,,,10.9,,44.8,45.1
WO-5497,Blow Molding,ISBM-006,M-SOP-014,2026-07-10,,,9.7,,32.4,48.0
WO-5498,blow molding,ISBM-006,M-SOP-014,2026-07-11,,,12.0,,42.9,42.5
WO-5499,blow molding,ISBM-006,M-SOP-014,2026-07-12,,,8.4,,43.2,43.9
WO-5500,Blow Molding,ISBM-006,M-SOP-014,2026-07-12,,,10.4,,45.9,46.6
WO-5501,Blow Molding,ISBM-006,M-SOP-014,2026-07-13,,,10.2,,42.5,47.6
WO-5502,Blow Molding,ISBM-006,M-SOP-028,2026-07-13,,,9.2,,41.3,44.1
WO-5503,Blow Molding,ISBM-006,M-SOP-028,2026-07-14,,,6.8,,45.5,44.3
WO-5504,Blow Molding,ISBM-006,M-SOP-028,2026-07-15,,,9.7,,43.1,52.9
WO-5505,Blow Molding,ISBM-006,M-SOP-028,2026-07-15,,,8.4,,42.8,46.5
WO-5506,Blow Molding,ISBM-006,M-SOP-028,2026-07-16,,,10.7,,43.3,41.3
WO-5507,Blow Molding,ISBM-006,M-SOP-028,2026-07-16,,,10.0,,36.2,42.1
WO-5508,Blow Molding,ISBM-006,M-SOP-014,2026-07-17,,,9.0,,42.9,46.8
WO-5509,Blow Molding,ISBM-006,M-SOP-014,2026-07-18,,,8.9,,43.4,44.7
WO-5510,  Blow Molding  ,ISBM-006,M-SOP-014,2026-07-19,,,8.5,,46.4,44.3
WO-5511,BLOW MOLDING,ISBM-006,M-SOP-024,2026-07-20,,,8.3,,43.5,40.9
WO-5512,Blow Molding,ISBM-006,M-SOP-024,2026-07-20,,,10.7,,42.2,45.5
WO-5513,Blow Molding,ISBM-006,M-SOP-018,2026-07-21,,,7.6,,44.1,43.4
WO-5514,Blow Molding,ISBM-006,M-SOP-018,2026-07-21,,,9.1,,37.7,48.9
WO-5515,Blow Molding,ISBM-006,M-SOP-028,2026-07-22,,,9.3,,46.1,46.8
WO-5516,BLOW MOLDING,ISBM-006,M-SOP-028,2026-07-23,,,11.4,,50.0,50.7
WO-5517,Blow Molding,ISBM-006,M-SOP-028,2026-07-24,,,9.7,,48.2,49.4
WO-5518,Blow Molding,ISBM-006,M-SOP-028,2026-07-24,,,9.4,,46.1,49.1
WO-5519,Blow Molding,ISBM-006,M-SOP-028,2026-07-25,,,9.6,,48.6,50.7
WO-5520,blow molding,ISBM-006,M-SOP-028,2026-07-26,,,9.7,,40.1,42.9
WO-5521,Blow Molding,ISBM-006,M-SOP-018,2026-07-27,,,8.7,,40.0,50.3
WO-5522,Blow Molding,ISBM-006,M-SOP-028,2026-07-27,,,10.2,,44.8,55.6
WO-5523,Blow Molding,ISBM-006,M-SOP-028,2026-07-28,,,10.3,,42.3,44.9
WO-5524,Blow Molding,ISBM-006,M-SOP-028,2026-07-28,,,9.6,,41.4,43.8
WO-5525,Blow Molding,ISBM-006,M-SOP-028,2026-07-29,,,7.8,,43.9,48.5
WO-5526,Blow Molding,ISBM-006,M-SOP-028,2026-07-30,,,7.7,,48.0,54.4
WO-5527,Blow Molding,ISBM-006,M-SOP-018,2026-07-31,,,10.4,,39.9,46.0
WO-5528,Blow Molding,ISBM-006,M-SOP-018,2026-08-01,,,8.4,,37.7,52.9
WO-5529,Blow Molding,ISBM-006,M-SOP-014,2026-08-02,,,11.3,,42.1,43.9
WO-5530,Blow Molding,ISBM-006,M-SOP-014,2026-08-02,,,10.5,,38.0,50.6
WO-5531,Blow Molding,ISBM-006,M-SOP-024,2026-08-03,,,9.6,,45.7,44.9
WO-5532,blow molding,ISBM-006,M-SOP-011,2026-08-04,,,9.4,,38.0,43.9
WO-5533,Blow Molding,ISBM-006,M-SOP-028,2026-08-05,,,10.2,,36.9,56.2
WO-5534,Blow Molding,ISBM-006,M-SOP-028,2026-08-06,,,9.6,,39.0,50.4
WO-5535,Blow Molding,ISBM-006,M-SOP-011,2026-08-06,,,10.9,,44.4,50.2
WO-5536,Blow Molding,ISBM-006,M-SOP-011,2026-08-07,,,9.0,,40.6,47.0
WO-5537,Blow Molding,ISBM-006,M-SOP-018,2026-08-08,,,8.1,,39.2,57.8
WO-5538,Blow Molding,ISBM-006,M-SOP-018,2026-08-09,,,10.3,,45.0,47.9
WO-5539,Blow Molding,ISBM-006,M-SOP-011,2026-08-09,,,9.1,,41.9,42.6
WO-5540,Blow Molding,ISBM-006,M-SOP-014,2026-08-10,,,9.0,,42.5,51.9
WO-5541,Blow Molding,ISBM-006,M-SOP-024,2026-08-11,,,10.0,,43.7,49.8
WO-5542,Blow Molding,ISBM-006,M-SOP-028,2026-08-11,,,7.1,,45.4,48.7
WO-5543,Blow Molding,ISBM-006,M-SOP-028,2026-08-12,,,8.9,,42.8,52.1
WO-5544,Blow Molding,ISBM-006,M-SOP-028,2026-08-12,,,10.7,,43.9,46.6
WO-5545,blow molding,ISBM-006,M-SOP-024,2026-08-13,,,9.6,,45.3,46.5
WO-5546,Blow Molding,ISBM-006,M-SOP-024,2026-08-14,,,8.7,,42.8,47.2
WO-5547,Blow Molding,ISBM-006,M-SOP-024,2026-08-14,,,9.2,,40.6,51.7
WO-5548,Blow Molding,ISBM-006,M-SOP-024,2026-08-15,,,8.6,,46.1,50.9
WO-5549,Blow Molding,ISBM-006,M-SOP-024,2026-08-16,,,8.2,,43.8,46.8
WO-5550,Blow Molding,ISBM-006,M-SOP-014,2026-08-16,,,8.6,,41.1,51.5
WO-5551,Blow Molding,ISBM-006,M-SOP-014,2026-08-17,,,9.3,,43.5,44.4
WO-5552,Blow Molding,ISBM-006,M-SOP-028,2026-08-17,,,10.5,,40.8,44.8
WO-5553,Blow Molding,ISBM-006,M-SOP-028,2026-08-18,,,9.1,,39.6,46.9
WO-5554,Blow Molding,ISBM-006,M-SOP-028,2026-08-19,,,8.0,,43.0,48.8
WO-5555,Blow Molding,ISBM-006,M-SOP-024,2026-08-19,,,8.3,,38.9,44.8
WO-5556,Blow Molding,ISBM-006,M-SOP-028,2026-08-20,,,9.1,,41.3,45.9
WO-5557,Blow Molding,ISBM-006,M-SOP-028,2026-08-20,,,9.7,,36.2,49.8
WO-5558,Blow Molding,ISBM-006,M-SOP-028,2026-08-21,,,9.9,,38.9,52.2
WO-5559,Blow Molding,ISBM-006,M-SOP-018,2026-08-22,,,9.6,,44.3,49.8
WO-5560,Blow Molding,ISBM-006,M-SOP-028,2026-08-23,,,9.8,,40.8,50.7
WO-5561,Blow Molding,ISBM-006,M-SOP-011,2026-08-24,,,9.1,,41.5,41.7
WO-5562,Blow Molding,ISBM-006,M-SOP-011,2026-08-24,,,10.3,,33.9,52.9
WO-5563,Blow Molding,ISBM-006,M-SOP-011,2026-08-25,,,9.8,,43.5,57.6
WO-5564,Blow Molding,ISBM-006,M-SOP-011,2026-08-26,,,9.1,,43.4,51.0
WO-5565,Blow Molding,ISBM-006,M-SOP-011,2026-08-26,,,8.1,,41.7,47.0
WO-5566,Blow Molding,ISBM-006,M-SOP-011,2026-08-27,,,7.9,,43.9,50.6
WO-5567,Blow Molding,ISBM-006,M-SOP-018,2026-08-27,,,12.7,,42.2,49.6
WO-5568,Blow Molding,ISBM-006,M-SOP-018,2026-08-28,,,9.7,,44.1,42.4
WO-5569,Blow Molding,ISBM-006,M-SOP-028,2026-08-29,,,9.0,,42.7,50.6
WO-5570,Blow Molding,ISBM-006,M-SOP-011,2026-08-30,,,9.4,,44.2,47.4
WO-5571,Blow Molding,ISBM-006,M-SOP-018,2026-08-30,,,8.6,,42.3,51.1
WO-5572,Blow Molding,ISBM-006,M-SOP-018,2026-08-31,,,9.8,,41.3,47.0
WO-5573,blow molding,ISBM-006,M-SOP-018,2026-09-01,,,9.5,,37.1,49.7
WO-5574,Blow Molding,ISBM-006,M-SOP-014,2026-09-02,,,8.3,,35.8,43.2
WO-5575,Blow Molding,ISBM-006,M-SOP-028,2026-09-02,,,9.8,,41.0,49.8
WO-5576,Blow Molding,ISBM-006,M-SOP-028,2026-09-03,,,9.6,,44.2,48.1
WO-5577,Blow Molding,ISBM-006,M-SOP-028,2026-09-04,,,9.3,,44.7,46.3
WO-5578,Blow Molding,ISBM-006,M-SOP-024,2026-09-04,,,10.1,,33.5,44.8
WO-5579,Blow Molding,ISBM-006,M-SOP-018,2026-09-05,,,9.5,,41.6,49.1
WO-5580,Blow Molding,ISBM-006,M-SOP-028,2026-09-06,,,8.8,,43.3,45.3
WO-5581,Blow Molding,ISBM-006,M-SOP-028,2026-09-07,,,8.8,,44.0,51.1
WO-5582,Blow Molding,ISBM-006,M-SOP-011,2026-09-07,,,10.2,,41.1,47.0
WO-5583,Blow Molding,ISBM-006,M-SOP-014,2026-09-08,,,9.7,,43.4,57.4
WO-5584,Blow Molding,ISBM-006,M-SOP-014,2026-09-08,,,9.8,,40.8,48.9
WO-5585,Blow Molding,ISBM-006,M-SOP-014,2026-09-09,,,8.8,,38.9,47.9
WO-5586,Blow Molding,ISBM-006,M-SOP-024,2026-09-10,,,6.6,,44.7,49.9
WO-5587,Blow Molding,ISBM-006,M-SOP-024,2026-09-10,,,8.0,,42.4,43.4
WO-5588,Blow Molding,ISBM-006,M-SOP-018,2026-09-11,,,10.3,,42.2,45.8
WO-5589,Blow Molding,ISBM-006,M-SOP-011,2026-09-12,,,8.5,,37.7,43.3
WO-5590,Blow Molding,ISBM-006,M-SOP-011,2026-09-12,,,10.3,,41.0,49.8
WO-5591,Blow Molding,ISBM-006,M-SOP-011,2026-09-13,,,10.4,,45.2,44.7
WO-5592,Blow Molding,ISBM-006,M-SOP-011,2026-09-14,,,10.2,,44.2,47.0
WO-5593,Blow Molding,ISBM-006,M-SOP-011,2026-09-14,,,9.6,,40.9,46.1
WO-5594,Blow Molding,ISBM-006,M-SOP-011,2026-09-15,,,8.4,,44.0,48.7
WO-5595,Blow Molding,ISBM-006,M-SOP-024,2026-09-16,,,10.0,,41.4,51.1
WO-5596,Blow Molding,ISBM-006,M-SOP-024,2026-09-16,,,9.5,,49.5,45.0
WO-5597,Blow Molding,ISBM-006,M-SOP-028,2026-09-17,,,9.3,,33.6,46.8
WO-5598,Blow Molding,ISBM-006,M-SOP-028,2026-09-18,,,10.9,,44.4,46.2
WO-5599,Blow Molding,ISBM-006,M-SOP-028,2026-09-19,,,8.2,,44.2,53.2
WO-5600,Blow Molding,ISBM-006,M-SOP-024,2026-09-19,,,9.1,,48.1,49.5
WO-5601,Blow Molding,ISBM-006,M-SOP-011,2026-09-20,,,9.4,,40.7,53.1
WO-5602,Blow Molding,ISBM-006,M-SOP-011,2026-09-21,,,9.1,,39.9,49.4
WO-5603,Blow Molding,ISBM-006,M-SOP-028,2026-09-22,,,9.4,,41.5,47.4
WO-5604,Blow Molding,ISBM-006,M-SOP-028,2026-09-22,,,9.5,,39.4,43.6
WO-5605,Blow Molding,ISBM-006,M-SOP-011,2026-09-23,,,9.7,,41.7,51.4
WO-5606,Blow Molding,ISBM-006,M-SOP-011,2026-09-24,,,10.4,,41.5,47.6
WO-5607,Blow Molding,ISBM-006,M-SOP-011,2026-09-24,,,9.4,,43.9,44.8
WO-5608,Blow Molding,ISBM-006,M-SOP-024,2026-09-25,,,8.3,,47.6,43.7
WO-5609,Blow Molding,ISBM-006,M-SOP-024,2026-09-26,,,10.3,,45.4,52.8
WO-5610,Blow Molding,ISBM-006,M-SOP-011,2026-09-26,,,10.3,,42.0,53.8
WO-5611,Blow Molding,ISBM-006,M-SOP-011,2026-09-27,,,9.9,,38.0,48.8
WO-5612,Blow Molding,ISBM-006,M-SOP-018,2026-09-28,,,11.8,,40.8,49.3
WO-5613,Blow Molding,ISBM-006,M-SOP-018,2026-09-28,,,10.7,,50.3,49.8
WO-5614,Blow Molding,ISBM-006,M-SOP-018,2026-09-29,,,9.0,,43.0,49.8
WO-5615,Blow Molding,ISBM-006,M-SOP-011,2026-09-29,,,9.6,,39.7,46.8
WO-5616,Blow Molding,ISBM-006,M-SOP-018,2026-09-30,,,9.3,,40.7,48.0
WO-5617,Blow Molding,ISBM-006,M-SOP-018,2026-10-01,,,7.7,,38.8,49.3
WO-5618,BLOW MOLDING,ISBM-006,M-SOP-014,2026-10-01,,,7.0,,41.8,51.6
WO-5619,Blow Molding,ISBM-006,M-SOP-014,2026-10-02,,,7.7,,42.7,46.2
WO-5620,Blow Molding,ISBM-006,M-SOP-014,2026-10-03,,,9.2,,41.3,43.1
WO-5621,  Blow Molding  ,ISBM-006,M-SOP-024,2026-10-03,,,9.6,,38.1,48.0
WO-5622,blow molding,ISBM-006,M-SOP-024,2026-10-04,,,8.9,,41.6,47.6
WO-5623,Blow Molding,ISBM-006,M-SOP-024,2026-10-05,,,9.6,,38.1,49.6
WO-5624,Blow Molding,ISBM-006,M-SOP-014,2026-10-05,,,10.7,,43.9,50.0
WO-5625,Blow Molding,ISBM-006,M-SOP-014,2026-10-06,,,10.4,,42.5,51.7
WO-5626,Blow Molding,ISBM-006,M-SOP-014,2026-10-07,,,9.0,,43.0,45.4
WO-5627,Blow Molding,ISBM-006,M-SOP-014,2026-10-08,,,9.3,,38.7,52.7
WO-5628,Blow Molding,ISBM-006,M-SOP-014,2026-10-08,,,10.2,,43.4,46.5
WO-5629,Blow Molding,ISBM-006,M-SOP-014,2026-10-09,,,9.6,,44.4,50.2
WO-5630,Blow Molding,ISBM-006,M-SOP-014,2026-10-09,,,10.6,,36.6,54.3
WO-5631,Blow Molding,ISBM-006,M-SOP-014,2026-10-10,,,9.3,,46.0,52.6
WO-5632,Blow Molding,ISBM-006,M-SOP-014,2026-10-11,,,10.8,,42.4,55.1
WO-5633,Blow Molding,ISBM-006,M-SOP-014,2026-10-12,,,10.2,,44.2,53.1
WO-5634,Blow Molding,ISBM-006,M-SOP-014,2026-10-12,,,8.6,,39.9,52.1
WO-5635,Blow Molding,ISBM-006,M-SOP-011,2026-10-12,,,9.0,,43.1,48.8
WO-5636,Blow Molding,ISBM-006,M-SOP-011,2026-10-13,,,9.1,,46.6,48.6
WO-5637,Blow Molding,ISBM-006,M-SOP-014,2026-10-14,,,9.9,,41.7,39.6
WO-5638,Blow Molding,ISBM-006,M-SOP-014,2026-10-14,,,9.3,,41.3,51.0
WO-5639,Blow Molding,ISBM-006,M-SOP-028,2026-10-15,,,9.2,,37.3,39.5
WO-5640,Blow Molding,ISBM-006,M-SOP-028,2026-10-16,,,10.1,,41.2,47.0
WO-5641,Blow Molding,ISBM-006,M-SOP-028,2026-10-17,,,9.3,,45.1,49.1
WO-5642,Blow Molding,ISBM-006,M-SOP-014,2026-10-18,,,9.9,,44.1,49.3
WO-5643,Blow Molding,ISBM-006,M-SOP-024,2026-10-18,,,9.6,,40.7,51.4
WO-5644,Blow Molding,ISBM-006,M-SOP-024,2026-10-19,,,9.4,,40.9,49.7
WO-5645,Blow Molding,ISBM-006,M-SOP-024,2026-10-19,,,10.4,,40.8,55.4
WO-5646,Blow Molding,ISBM-006,M-SOP-018,2026-10-20,,,8.6,,44.6,50.7
WO-5647,Blow Molding,ISBM-006,M-SOP-018,2026-10-21,,,9.0,,41.6,46.9
WO-5648,Blow Molding,ISBM-006,M-SOP-014,2026-10-22,,,11.0,,36.3,52.5
WO-5649,Blow Molding,ISBM-006,M-SOP-028,2026-10-23,,,9.8,,38.6,47.1
WO-5650,Blow Molding,ISBM-006,M-SOP-028,2026-10-23,,,11.2,,45.6,54.3
WO-5651,Blow Molding,ISBM-006,M-SOP-018,2026-10-24,,,10.1,,41.5,45.9
WO-5652,Blow Molding,ISBM-006,M-SOP-018,2026-10-24,,,11.1,,41.3,49.1
WO-5653,Blow Molding,ISBM-006,M-SOP-018,2026-10-25,,,11.1,,39.3,44.3
WO-5654,blow molding,ISBM-006,M-SOP-011,2026-10-25,,,9.3,,39.0,44.4
WO-5655,Blow Molding,ISBM-006,M-SOP-011,2026-10-26,,,9.6,,42.3,56.7
WO-5656,  Blow Molding  ,ISBM-006,M-SOP-011,2026-10-26,,,9.4,,41.4,47.7
WO-5657,Blow Molding,ISBM-006,M-SOP-011,2026-10-27,,,10.5,,41.2,44.9
WO-5658,Blow Molding,ISBM-006,M-SOP-011,2026-10-27,,,9.7,,42.3,46.3
WO-5659,Blow Molding,ISBM-006,M-SOP-018,2026-10-28,,,10.5,,35.8,48.8
WO-5660,Blow Molding,ISBM-006,M-SOP-018,2026-10-29,,,8.6,,42.2,45.1
WO-5661,Blow Molding,ISBM-006,M-SOP-018,2026-10-30,,,10.6,,39.8,48.8
WO-5662,Blow Molding,ISBM-006,M-SOP-018,2026-10-30,,,9.8,,33.0,51.3
WO-5663,Blow Molding,ISBM-006,M-SOP-011,2026-10-31,,,11.3,,41.3,43.4
WO-5664,BLOW MOLDING,ISBM-006,M-SOP-028,2026-11-01,,,9.5,,45.3,45.7
WO-5665,Blow Molding,ISBM-006,M-SOP-028,2026-11-02,,,9.0,,39.8,46.1
WO-5666,Blow Molding,ISBM-006,M-SOP-028,2026-11-02,,,8.3,,43.3,38.5
WO-5667,Blow Molding,ISBM-006,M-SOP-028,2026-11-03,,,9.0,,42.8,47.6
WO-5668,Blow Molding,ISBM-006,M-SOP-028,2026-11-04,,,9.8,,45.8,51.8
WO-5669,Blow Molding,ISBM-006,M-SOP-028,2026-11-04,,,9.0,,46.2,46.9
WO-5670,Blow Molding,ISBM-006,M-SOP-028,2026-11-05,,,8.8,,45.6,46.8
WO-5671,Blow Molding,ISBM-006,M-SOP-014,2026-11-05,,,8.5,,43.4,39.7
WO-5672,Blow Molding,ISBM-006,M-SOP-014,2026-11-06,,,10.4,,49.5,44.1
WO-5673,Blow Molding,ISBM-006,M-SOP-011,2026-11-07,,,10.5,,40.3,54.9
WO-5674,Blow Molding,ISBM-006,M-SOP-011,2026-11-08,,,8.9,,42.4,50.4
WO-5675,blow molding,ISBM-006,M-SOP-011,2026-11-09,,,9.1,,47.9,48.4
WO-5676,blow molding,ISBM-006,M-SOP-018,2026-11-09,,,9.0,,45.2,52.9
WO-5677,Blow Molding,ISBM-006,M-SOP-024,2026-11-10,,,9.1,,45.6,47.8
WO-5678,Blow Molding,ISBM-006,M-SOP-024,2026-11-11,,,11.1,,43.7,46.4
WO-5679,Blow Molding,ISBM-006,M-SOP-024,2026-11-11,,,10.3,,40.9,60.0
WO-5680,Blow Molding,ISBM-006,M-SOP-011,2026-11-12,,,11.3,,43.4,51.6
WO-5681,Blow Molding,ISBM-006,M-SOP-011,2026-11-12,,,8.0,,40.6,43.1
WO-5682,Blow Molding,ISBM-006,M-SOP-014,2026-11-13,,,10.0,,47.1,48.3
WO-5683,Blow Molding,ISBM-006,M-SOP-014,2026-11-14,,,11.5,,40.2,50.0
WO-5684,Blow Molding,ISBM-006,M-SOP-018,2026-11-14,,,9.4,,41.4,43.9
WO-5685,Blow Molding,ISBM-006,M-SOP-018,2026-11-15,,,9.4,,43.1,57.3
WO-5686,BLOW MOLDING,ISBM-006,M-SOP-024,2026-11-15,,,9.8,,39.1,51.2
WO-5687,Blow Molding,ISBM-006,M-SOP-014,2026-11-16,,,10.3,,40.7,50.7
WO-5688,Blow Molding,ISBM-006,M-SOP-024,2026-11-17,,,8.3,,40.1,47.9
WO-5689,Blow Molding,ISBM-006,M-SOP-024,2026-11-17,,,6.8,,44.2,47.2
WO-5690,Blow Molding,ISBM-006,M-SOP-024,2026-11-18,,,10.4,,40.3,56.2
WO-5691,Blow Molding,ISBM-006,M-SOP-011,2026-11-19,,,9.0,,42.8,48.5
WO-5692,Blow Molding,ISBM-006,M-SOP-011,2026-11-20,,,7.6,,45.7,45.6
WO-5693,Blow Molding,ISBM-006,M-SOP-028,2026-11-21,,,9.3,,36.1,46.0
WO-5694,Blow Molding,ISBM-006,M-SOP-014,2026-11-22,,,11.5,,47.9,45.5
WO-5695,Blow Molding,ISBM-006,M-SOP-014,2026-11-23,,,9.5,,38.7,47.5
WO-5696,blow molding,ISBM-006,M-SOP-028,2026-11-23,,,8.8,,42.7,46.2
WO-5697,Blow Molding,ISBM-006,M-SOP-014,2026-11-24,,,10.4,,45.5,46.7
WO-5698,Blow Molding,ISBM-006,M-SOP-024,2026-11-25,,,9.9,,35.8,56.8
WO-5699,Blow Molding,ISBM-006,M-SOP-024,2026-11-25,,,10.3,,40.0,52.4
WO-5700,Blow Molding,ISBM-006,M-SOP-014,2026-11-26,,,9.3,,41.6,49.8
WO-5701,Blow Molding,ISBM-006,M-SOP-028,2026-11-27,,,10.8,,44.0,52.6
WO-5702,Blow Molding,ISBM-006,M-SOP-028,2026-11-27,,,8.7,,41.8,47.6
WO-5703,Blow Molding,ISBM-006,M-SOP-011,2026-11-28,,,10.3,,46.8,45.6
WO-5704,Blow Molding,ISBM-006,M-SOP-011,2026-11-29,,,10.1,,42.0,55.3
WO-5705,Blow Molding,ISBM-006,M-SOP-011,2026-11-30,,,8.6,,40.7,46.6
WO-5706,Blow Molding,ISBM-006,M-SOP-011,2026-11-30,,,9.7,,40.4,47.0
WO-5707,Blow Molding,ISBM-006,M-SOP-011,2026-12-01,,,8.2,,48.6,46.2
WO-5708,Blow Molding,ISBM-006,M-SOP-011,2026-12-02,,,9.9,,42.9,41.6
WO-5709,Blow Molding,ISBM-006,M-SOP-024,2026-12-02,,,8.9,,36.5,47.5
WO-5710,Blow Molding,ISBM-006,M-SOP-011,2026-12-03,,,10.7,,37.5,55.0
WO-5711,Blow Molding,ISBM-006,M-SOP-011,2026-12-04,,,8.9,,38.0,47.8
WO-5712,Blow Molding,ISBM-006,M-SOP-011,2026-12-05,,,10.9,,36.7,42.4
WO-5713,Blow Molding,ISBM-006,M-SOP-011,2026-12-06,,,10.1,,44.1,54.1
WO-5714,Blow Molding,ISBM-006,M-SOP-011,2026-12-06,,,9.2,,42.3,46.8
WO-5715,  Blow Molding  ,ISBM-006,M-SOP-014,2026-12-07,,,9.8,,45.9,48.8
WO-5716,Blow Molding,ISBM-006,M-SOP-014,2026-12-07,,,9.2,,46.0,46.7
WO-5717,Blow Molding,ISBM-006,M-SOP-014,2026-12-08,,,8.5,,34.3,51.9
WO-5718,Blow Molding,ISBM-006,M-SOP-014,2026-12-09,,,9.7,,39.1,46.0
WO-5719,Blow Molding,ISBM-006,M-SOP-014,2026-12-09,,,10.8,,46.8,44.3
WO-5720,Blow Molding,ISBM-006,M-SOP-018,2026-12-10,,,9.8,,38.7,41.7
WO-5721,Blow Molding,ISBM-006,M-SOP-018,2026-12-11,,,8.2,,42.0,47.8
WO-5722,Blow Molding,ISBM-006,M-SOP-018,2026-12-11,,,8.7,,40.7,51.1
WO-5723,Blow Molding,ISBM-006,M-SOP-018,2026-12-12,,,9.3,,46.0,50.3
WO-5724,Blow Molding,ISBM-006,M-SOP-018,2026-12-13,,,11.2,,46.1,50.7
WO-5725,Blow Molding,ISBM-006,M-SOP-018,2026-12-14,,,10.2,,40.8,43.0
WO-5726,Blow Molding,ISBM-006,M-SOP-014,2026-12-14,,,10.0,,38.8,50.6
WO-5727,Blow Molding,ISBM-006,M-SOP-014,2026-12-15,,,9.1,,43.3,39.7
WO-5728,Blow Molding,ISBM-006,M-SOP-011,2026-12-16,,,9.7,,43.4,45.1
WO-5729,Blow Molding,ISBM-006,M-SOP-028,2026-12-17,,,9.1,,39.4,48.4
WO-5730,Blow Molding,ISBM-006,M-SOP-028,2026-12-17,,,9.2,,35.8,50.6
WO-5731,Blow Molding,ISBM-006,M-SOP-028,2026-12-18,,,9.5,,42.5,52.6
WO-5732,Blow Molding,ISBM-006,M-SOP-024,2026-12-19,,,9.0,,41.1,46.9
WO-5733,Blow Molding,ISBM-006,M-SOP-011,2026-12-20,,,9.5,,41.2,50.4
WO-5734,Blow Molding,ISBM-006,M-SOP-018,2026-12-20,,,10.2,,45.4,44.9
WO-5735,Blow Molding,ISBM-006,M-SOP-018,2026-12-21,,,10.0,,41.6,52.3
WO-5736,Blow Molding,ISBM-006,M-SOP-018,2026-12-22,,,11.3,,42.3,46.0
WO-5737,Blow Molding,ISBM-006,M-SOP-028,2026-12-22,,,7.9,,39.5,48.1
WO-5738,Blow Molding,ISBM-006,M-SOP-028,2026-12-23,,,8.1,,43.8,49.6
WO-5739,Blow Molding,ISBM-006,M-SOP-028,2026-12-24,,,8.6,,43.7,37.1
WO-5740,Blow Molding,ISBM-006,M-SOP-011,2026-12-25,,,8.9,,41.0,50.3
WO-5741,Blow Molding,ISBM-006,M-SOP-011,2026-12-25,,,10.3,,41.4,49.9
WO-5742,Blow Molding,ISBM-006,M-SOP-014,2026-12-26,,,8.3,,42.3,53.3
WO-5743,Blow Molding,ISBM-006,M-SOP-011,2026-12-27,,,9.4,,43.6,39.4
WO-5744,Blow Molding,ISBM-006,M-SOP-014,2026-12-27,,,9.9,,42.4,49.4
WO-5745,Blow Molding,ISBM-006,M-SOP-014,2026-12-28,,,8.4,,45.6,45.1
WO-5746,Blow Molding,ISBM-006,M-SOP-028,2026-12-29,,,9.3,,38.9,50.8
WO-5747,Blow Molding,ISBM-006,M-SOP-011,2026-12-30,,,8.1,,41.0,47.5
WO-5748,Blow Molding,ISBM-007,M-SOP-015,2025-07-01,,,9.3,,41.5,54.2
WO-5749,Blow Molding,ISBM-007,M-SOP-015,2025-07-01,,,8.7,,43.4,43.9
WO-5750,  Blow Molding  ,ISBM-007,M-SOP-015,2025-07-02,,,9.4,,41.9,47.3
WO-5751,Blow Molding,ISBM-007,M-SOP-002,2025-07-03,,,8.7,,42.6,43.7
WO-5752,Blow Molding,ISBM-007,M-SOP-002,2025-07-03,,,8.7,,40.4,40.7
WO-5753,Blow Molding,ISBM-007,M-SOP-017,2025-07-04,,,7.6,,43.6,49.2
WO-5754,Blow Molding,ISBM-007,M-SOP-020,2025-07-05,,,9.2,,43.6,47.7
WO-5755,Blow Molding,ISBM-007,M-SOP-020,2025-07-05,,,8.3,,38.0,46.8
WO-5756,Blow Molding,ISBM-007,M-SOP-002,2025-07-06,,,9.4,,45.2,54.7
WO-5757,Blow Molding,ISBM-007,M-SOP-020,2025-07-06,,,10.7,,42.6,43.4
WO-5758,Blow Molding,ISBM-007,M-SOP-017,2025-07-07,,,8.1,,37.4,50.4
WO-5759,Blow Molding,ISBM-007,M-SOP-017,2025-07-08,,,10.1,,41.5,47.9
WO-5760,Blow Molding,ISBM-007,M-SOP-002,2025-07-09,,,10.8,,39.9,44.6
WO-5761,Blow Molding,ISBM-007,M-SOP-002,2025-07-09,,,7.9,,37.2,49.3
WO-5762,Blow Molding,ISBM-007,M-SOP-002,2025-07-10,,,8.5,,39.0,44.6
WO-5763,Blow Molding,ISBM-007,M-SOP-015,2025-07-11,,,9.3,,41.4,42.0
WO-5764,Blow Molding,ISBM-007,M-SOP-015,2025-07-12,,,9.5,,40.4,41.9
WO-5765,Blow Molding,ISBM-007,M-SOP-015,2025-07-13,,,10.4,,40.2,51.7
WO-5766,  Blow Molding  ,ISBM-007,M-SOP-017,2025-07-13,,,9.9,,37.1,47.9
WO-5767,Blow Molding,ISBM-007,M-SOP-017,2025-07-14,,,8.2,,45.1,48.2
WO-5768,Blow Molding,ISBM-007,M-SOP-017,2025-07-15,,,9.5,,47.6,47.1
WO-5769,Blow Molding,ISBM-007,M-SOP-015,2025-07-15,,,11.8,,44.3,40.5
WO-5770,Blow Molding,ISBM-007,M-SOP-015,2025-07-16,,,9.5,,34.6,39.9
WO-5771,Blow Molding,ISBM-007,M-SOP-017,2025-07-16,,,9.5,,38.9,47.7
WO-5772,  Blow Molding  ,ISBM-007,M-SOP-017,2025-07-17,,,10.2,,35.7,47.5
WO-5773,blow molding,ISBM-007,M-SOP-017,2025-07-18,,,8.0,,42.5,51.1
WO-5774,blow molding,ISBM-007,M-SOP-017,2025-07-19,,,11.1,,40.5,49.9
WO-5775,Blow Molding,ISBM-007,M-SOP-002,2025-07-19,,,8.6,,44.2,52.8
WO-5776,Blow Molding,ISBM-007,M-SOP-015,2025-07-20,,,10.2,,42.9,50.0
WO-5777,Blow Molding,ISBM-007,M-SOP-015,2025-07-21,,,10.8,,43.5,51.1
WO-5778,Blow Molding,ISBM-007,M-SOP-002,2025-07-22,,,8.8,,38.8,43.3
WO-5779,Blow Molding,ISBM-007,M-SOP-015,2025-07-22,,,8.6,,37.2,43.6
WO-5780,Blow Molding,ISBM-007,M-SOP-015,2025-07-23,,,9.8,,41.9,48.0
WO-5781,  Blow Molding  ,ISBM-007,M-SOP-020,2025-07-23,,,10.3,,45.1,46.1
WO-5782,Blow Molding,ISBM-007,M-SOP-020,2025-07-24,,,10.0,,43.3,43.7
WO-5783,Blow Molding,ISBM-007,M-SOP-020,2025-07-25,,,8.6,,47.0,49.3
WO-5784,Blow Molding,ISBM-007,M-SOP-002,2025-07-26,,,8.9,,43.2,46.8
WO-5785,Blow Molding,ISBM-007,M-SOP-020,2025-07-26,,,9.5,,40.9,40.5
WO-5786,Blow Molding,ISBM-007,M-SOP-020,2025-07-27,,,8.5,,37.5,47.4
WO-5787,Blow Molding,ISBM-007,M-SOP-020,2025-07-28,,,8.7,,44.8,46.7
WO-5788,Blow Molding,ISBM-007,M-SOP-015,2025-07-28,,,10.3,,42.0,48.0
WO-5789,Blow Molding,ISBM-007,M-SOP-015,2025-07-29,,,9.6,,44.8,48.3
WO-5790,blow molding,ISBM-007,M-SOP-002,2025-07-30,,,10.2,,43.9,40.1
WO-5791,  Blow Molding  ,ISBM-007,M-SOP-017,2025-07-30,,,8.9,,41.9,50.9
WO-5792,Blow Molding,ISBM-007,M-SOP-020,2025-07-31,,,9.3,,41.6,45.8
WO-5793,Blow Molding,ISBM-007,M-SOP-020,2025-08-01,,,8.2,,40.5,42.6
WO-5794,Blow Molding,ISBM-007,M-SOP-020,2025-08-02,,,10.1,,46.2,45.2
WO-5795,Blow Molding,ISBM-007,M-SOP-020,2025-08-02,,,8.5,,39.9,50.8
WO-5796,blow molding,ISBM-007,M-SOP-015,2025-08-03,,,10.4,,44.2,52.4
WO-5797,Blow Molding,ISBM-007,M-SOP-017,2025-08-04,,,8.8,,44.3,51.7
WO-5798,Blow Molding,ISBM-007,M-SOP-020,2025-08-05,,,8.6,,43.2,47.1
WO-5799,Blow Molding,ISBM-007,M-SOP-020,2025-08-06,,,9.0,,43.8,48.1
WO-5800,  Blow Molding  ,ISBM-007,M-SOP-002,2025-08-06,,,8.9,,38.9,57.0
WO-5801,Blow Molding,ISBM-007,M-SOP-002,2025-08-07,,,10.0,,38.9,47.9
WO-5802,Blow Molding,ISBM-007,M-SOP-002,2025-08-08,,,10.0,,44.9,43.3
WO-5803,Blow Molding,ISBM-007,M-SOP-015,2025-08-08,,,9.6,,41.2,45.1
WO-5804,Blow Molding,ISBM-007,M-SOP-020,2025-08-09,,,8.1,,45.6,46.4
WO-5805,Blow Molding,ISBM-007,M-SOP-020,2025-08-10,,,7.9,,40.3,53.7
WO-5806,Blow Molding,ISBM-007,M-SOP-020,2025-08-10,,,10.4,,38.7,50.7
WO-5807,Blow Molding,ISBM-007,M-SOP-020,2025-08-11,,,9.8,,48.2,50.3
WO-5808,Blow Molding,ISBM-007,M-SOP-020,2025-08-12,,,8.6,,39.2,47.6
WO-5809,Blow Molding,ISBM-007,M-SOP-017,2025-08-12,,,9.8,,43.8,50.4
WO-5810,Blow Molding,ISBM-007,M-SOP-017,2025-08-13,,,9.8,,36.0,53.7
WO-5811,Blow Molding,ISBM-007,M-SOP-015,2025-08-13,,,9.3,,42.3,43.8
WO-5812,Blow Molding,ISBM-007,M-SOP-015,2025-08-14,,,9.2,,42.9,44.9
WO-5813,Blow Molding,ISBM-007,M-SOP-015,2025-08-15,,,9.6,,40.5,45.8
WO-5814,Blow Molding,ISBM-007,M-SOP-020,2025-08-16,,,11.1,,41.1,55.9
WO-5815,Blow Molding,ISBM-007,M-SOP-020,2025-08-16,,,10.0,,42.2,43.0
WO-5816,Blow Molding,ISBM-007,M-SOP-020,2025-08-17,,,9.6,,46.7,49.8
WO-5817,Blow Molding,ISBM-007,M-SOP-017,2025-08-18,,,8.5,,43.4,43.0
WO-5818,Blow Molding,ISBM-007,M-SOP-017,2025-08-18,,,7.1,,40.5,51.2
WO-5819,BLOW MOLDING,ISBM-007,M-SOP-017,2025-08-19,,,8.0,,38.8,42.5
WO-5820,Blow Molding,ISBM-007,M-SOP-017,2025-08-20,,,7.4,,43.4,48.1
WO-5821,Blow Molding,ISBM-007,M-SOP-020,2025-08-20,,,8.4,,38.8,43.6
WO-5822,  Blow Molding  ,ISBM-007,M-SOP-020,2025-08-21,,,9.0,,44.2,45.7
WO-5823,Blow Molding,ISBM-007,M-SOP-020,2025-08-22,,,9.8,,40.9,42.1
WO-5824,Blow Molding,ISBM-007,M-SOP-020,2025-08-22,,,9.7,,43.7,48.6
WO-5825,Blow Molding,ISBM-007,M-SOP-002,2025-08-23,,,10.2,,45.9,47.3
WO-5826,Blow Molding,ISBM-007,M-SOP-002,2025-08-24,,,10.4,,41.6,46.8
WO-5827,Blow Molding,ISBM-007,M-SOP-002,2025-08-25,,,9.1,,45.7,43.9
WO-5828,Blow Molding,ISBM-007,M-SOP-002,2025-08-25,,,10.1,,46.0,53.4
WO-5829,Blow Molding,ISBM-007,M-SOP-017,2025-08-26,,,7.8,,38.2,46.6
WO-5830,Blow Molding,ISBM-007,M-SOP-017,2025-08-26,,,10.2,,42.8,40.1
WO-5831,Blow Molding,ISBM-007,M-SOP-002,2025-08-27,,,7.2,,48.3,46.0
WO-5832,BLOW MOLDING,ISBM-007,M-SOP-002,2025-08-28,,,11.1,,51.0,48.5
WO-5833,Blow Molding,ISBM-007,M-SOP-002,2025-08-29,,,11.1,,37.2,50.7
WO-5834,Blow Molding,ISBM-007,M-SOP-002,2025-08-29,,,8.9,,39.7,42.2
WO-5835,Blow Molding,ISBM-007,M-SOP-002,2025-08-30,,,10.2,,43.6,48.5
WO-5836,Blow Molding,ISBM-007,M-SOP-015,2025-08-30,,,8.0,,36.7,50.6
WO-5837,Blow Molding,ISBM-007,M-SOP-017,2025-08-31,,,9.2,,41.8,49.3
WO-5838,Blow Molding,ISBM-007,M-SOP-017,2025-09-01,,,9.0,,40.7,47.3
WO-5839,Blow Molding,ISBM-007,M-SOP-002,2025-09-02,,,11.8,,43.5,42.9
WO-5840,Blow Molding,ISBM-007,M-SOP-002,2025-09-03,,,10.4,,40.9,45.2
WO-5841,Blow Molding,ISBM-007,M-SOP-002,2025-09-03,,,8.6,,41.2,58.7
WO-5842,BLOW MOLDING,ISBM-007,M-SOP-015,2025-09-04,,,9.4,,42.1,48.6
WO-5843,Blow Molding,ISBM-007,M-SOP-015,2025-09-05,,,7.3,,36.5,49.6
WO-5844,Blow Molding,ISBM-007,M-SOP-017,2025-09-06,,,9.1,,44.7,45.8
WO-5845,Blow Molding,ISBM-007,M-SOP-017,2025-09-06,,,8.0,,42.3,51.8
WO-5846,Blow Molding,ISBM-007,M-SOP-017,2025-09-07,,,9.6,,40.3,37.2
WO-5847,Blow Molding,ISBM-007,M-SOP-002,2025-09-07,,,9.5,,41.5,48.2
WO-5848,Blow Molding,ISBM-007,M-SOP-002,2025-09-08,,,9.3,,40.9,45.4
WO-5849,Blow Molding,ISBM-007,M-SOP-017,2025-09-09,,,9.6,,38.3,52.3
WO-5850,Blow Molding,ISBM-007,M-SOP-020,2025-09-09,,,9.3,,43.8,45.5
WO-5851,Blow Molding,ISBM-007,M-SOP-020,2025-09-10,,,9.3,,50.6,43.6
WO-5852,Blow Molding,ISBM-007,M-SOP-020,2025-09-11,,,7.7,,42.9,49.8
WO-5853,Blow Molding,ISBM-007,M-SOP-002,2025-09-11,,,8.7,,44.6,53.0
WO-5854,Blow Molding,ISBM-007,M-SOP-017,2025-09-12,,,11.3,,47.9,45.3
WO-5855,Blow Molding,ISBM-007,M-SOP-017,2025-09-13,,,8.6,,44.1,46.0
WO-5856,Blow Molding,ISBM-007,M-SOP-015,2025-09-13,,,8.9,,41.4,48.9
WO-5857,Blow Molding,ISBM-007,M-SOP-015,2025-09-14,,,9.0,,50.1,45.6
WO-5858,Blow Molding,ISBM-007,M-SOP-017,2025-09-15,,,7.7,,36.7,45.9
WO-5859,Blow Molding,ISBM-007,M-SOP-017,2025-09-15,,,8.5,,39.4,45.1
WO-5860,Blow Molding,ISBM-007,M-SOP-015,2025-09-16,,,11.2,,34.5,47.7
WO-5861,Blow Molding,ISBM-007,M-SOP-015,2025-09-16,,,9.0,,43.1,54.5
WO-5862,Blow Molding,ISBM-007,M-SOP-015,2025-09-17,,,10.7,,42.4,44.4
WO-5863,Blow Molding,ISBM-007,M-SOP-015,2025-09-18,,,8.8,,47.9,39.5
WO-5864,Blow Molding,ISBM-007,M-SOP-015,2025-09-18,,,9.9,,37.4,43.5
WO-5865,Blow Molding,ISBM-007,M-SOP-017,2025-09-19,,,8.6,,38.3,48.6
WO-5866,Blow Molding,ISBM-007,M-SOP-017,2025-09-19,,,9.8,,43.5,46.0
WO-5867,Blow Molding,ISBM-007,M-SOP-015,2025-09-20,,,9.7,,34.5,51.6
WO-5868,Blow Molding,ISBM-007,M-SOP-015,2025-09-21,,,10.6,,44.1,45.9
WO-5869,Blow Molding,ISBM-007,M-SOP-015,2025-09-22,,,9.5,,37.8,47.8
WO-5870,Blow Molding,ISBM-007,M-SOP-017,2025-09-22,,,8.6,,37.7,50.9
WO-5871,Blow Molding,ISBM-007,M-SOP-017,2025-09-23,,,10.4,,48.8,43.5
WO-5872,Blow Molding,ISBM-007,M-SOP-017,2025-09-24,,,8.6,,43.1,41.8
WO-5873,Blow Molding,ISBM-007,M-SOP-017,2025-09-25,,,8.9,,44.3,42.0
WO-5874,Blow Molding,ISBM-007,M-SOP-017,2025-09-26,,,10.4,,40.7,43.2
WO-5875,Blow Molding,ISBM-007,M-SOP-017,2025-09-26,,,10.0,,42.9,47.4
WO-5876,Blow Molding,ISBM-007,M-SOP-015,2025-09-27,,,9.8,,40.1,54.9
WO-5877,Blow Molding,ISBM-007,M-SOP-015,2025-09-28,,,12.5,,43.1,40.4
WO-5878,Blow Molding,ISBM-007,M-SOP-002,2025-09-28,,,11.0,,40.1,43.6
WO-5879,blow molding,ISBM-007,M-SOP-015,2025-09-29,,,8.4,,43.7,41.2
WO-5880,Blow Molding,ISBM-007,M-SOP-015,2025-09-30,,,10.8,,39.5,47.0
WO-5881,Blow Molding,ISBM-007,M-SOP-020,2025-10-01,,,9.7,,38.4,46.8
WO-5882,Blow Molding,ISBM-007,M-SOP-020,2025-10-01,,,7.9,,42.4,46.0
WO-5883,Blow Molding,ISBM-007,M-SOP-017,2025-10-02,,,11.0,,42.1,43.3
WO-5884,Blow Molding,ISBM-007,M-SOP-017,2025-10-03,,,9.3,,45.2,45.5
WO-5885,Blow Molding,ISBM-007,M-SOP-015,2025-10-03,,,8.5,,42.3,45.3
WO-5886,  Blow Molding  ,ISBM-007,M-SOP-015,2025-10-04,,,10.2,,36.8,55.4
WO-5887,Blow Molding,ISBM-007,M-SOP-015,2025-10-05,,,7.7,,44.1,48.4
WO-5888,Blow Molding,ISBM-007,M-SOP-020,2025-10-05,,,11.1,,47.1,49.9
WO-5889,Blow Molding,ISBM-007,M-SOP-015,2025-10-06,,,10.1,,41.8,50.2
WO-5890,Blow Molding,ISBM-007,M-SOP-015,2025-10-07,,,8.6,,43.8,41.3
WO-5891,Blow Molding,ISBM-007,M-SOP-020,2025-10-07,,,8.9,,40.7,46.9
WO-5892,Blow Molding,ISBM-007,M-SOP-020,2025-10-08,,,9.4,,42.2,47.6
WO-5893,  Blow Molding  ,ISBM-007,M-SOP-015,2025-10-09,,,8.6,,43.9,41.9
WO-5894,Blow Molding,ISBM-007,M-SOP-015,2025-10-10,,,9.7,,45.3,56.1
WO-5895,Blow Molding,ISBM-007,M-SOP-015,2025-10-10,,,10.8,,45.8,57.7
WO-5896,Blow Molding,ISBM-007,M-SOP-017,2025-10-11,,,9.6,,41.6,50.6
WO-5897,Blow Molding,ISBM-007,M-SOP-020,2025-10-12,,,8.2,,45.4,53.1
WO-5898,Blow Molding,ISBM-007,M-SOP-020,2025-10-12,,,11.3,,46.1,39.1
WO-5899,BLOW MOLDING,ISBM-007,M-SOP-020,2025-10-13,,,9.3,,42.5,55.8
WO-5900,Blow Molding,ISBM-007,M-SOP-020,2025-10-14,,,9.2,,43.0,49.4
WO-5901,Blow Molding,ISBM-007,M-SOP-020,2025-10-15,,,9.1,,42.8,51.4
WO-5902,Blow Molding,ISBM-007,M-SOP-015,2025-10-15,,,9.7,,45.5,54.9
WO-5903,Blow Molding,ISBM-007,M-SOP-015,2025-10-16,,,9.2,,42.7,49.4
WO-5904,Blow Molding,ISBM-007,M-SOP-015,2025-10-16,,,10.2,,41.8,50.3
WO-5905,Blow Molding,ISBM-007,M-SOP-015,2025-10-17,,,10.1,,44.3,43.0
WO-5906,Blow Molding,ISBM-007,M-SOP-015,2025-10-18,,,10.2,,45.3,46.6
WO-5907,Blow Molding,ISBM-007,M-SOP-017,2025-10-18,,,10.5,,43.4,42.0
WO-5908,Blow Molding,ISBM-007,M-SOP-017,2025-10-19,,,9.5,,46.1,43.2
WO-5909,Blow Molding,ISBM-007,M-SOP-020,2025-10-19,,,10.5,,47.9,44.8
WO-5910,blow molding,ISBM-007,M-SOP-020,2025-10-20,,,9.1,,39.3,50.7
WO-5911,Blow Molding,ISBM-007,M-SOP-017,2025-10-21,,,9.5,,44.9,46.2
WO-5912,Blow Molding,ISBM-007,M-SOP-017,2025-10-21,,,9.7,,42.3,52.8
WO-5913,blow molding,ISBM-007,M-SOP-017,2025-10-22,,,8.0,,40.9,47.0
WO-5914,Blow Molding,ISBM-007,M-SOP-017,2025-10-23,,,8.1,,37.8,44.8
WO-5915,Blow Molding,ISBM-007,M-SOP-017,2025-10-23,,,9.1,,40.9,47.7
WO-5916,Blow Molding,ISBM-007,M-SOP-020,2025-10-24,,,9.9,,43.8,47.3
WO-5917,Blow Molding,ISBM-007,M-SOP-002,2025-10-25,,,8.8,,42.1,44.9
WO-5918,Blow Molding,ISBM-007,M-SOP-017,2025-10-25,,,8.9,,41.1,47.7
WO-5919,Blow Molding,ISBM-007,M-SOP-017,2025-10-26,,,10.1,,40.0,52.2
WO-5920,Blow Molding,ISBM-007,M-SOP-017,2025-10-26,,,8.2,,48.5,45.9
WO-5921,Blow Molding,ISBM-007,M-SOP-017,2025-10-27,,,9.7,,42.7,49.7
WO-5922,Blow Molding,ISBM-007,M-SOP-017,2025-10-28,,,8.2,,40.4,44.0
WO-5923,Blow Molding,ISBM-007,M-SOP-017,2025-10-28,,,10.4,,38.1,47.6
WO-5924,Blow Molding,ISBM-007,M-SOP-017,2025-10-28,,,8.8,,45.6,45.9
WO-5925,Blow Molding,ISBM-007,M-SOP-017,2025-10-29,,,7.3,,38.7,48.2
WO-5926,Blow Molding,ISBM-007,M-SOP-017,2025-10-30,,,8.8,,44.1,46.4
WO-5927,Blow Molding,ISBM-007,M-SOP-017,2025-10-30,,,8.9,,42.6,50.3
WO-5928,blow molding,ISBM-007,M-SOP-017,2025-10-31,,,10.6,,41.5,47.8
WO-5929,Blow Molding,ISBM-007,M-SOP-015,2025-10-31,,,9.6,,43.1,48.9
WO-5930,Blow Molding,ISBM-007,M-SOP-015,2025-11-01,,,9.8,,40.3,56.8
WO-5931,Blow Molding,ISBM-007,M-SOP-015,2025-11-02,,,9.3,,42.7,45.1
WO-5932,Blow Molding,ISBM-007,M-SOP-015,2025-11-03,,,12.2,,41.4,47.6
WO-5933,Blow Molding,ISBM-007,M-SOP-015,2025-11-03,,,8.3,,36.3,41.9
WO-5934,Blow Molding,ISBM-007,M-SOP-020,2025-11-04,,,12.2,,45.9,56.5
WO-5935,Blow Molding,ISBM-007,M-SOP-015,2025-11-05,,,10.8,,41.3,53.2
WO-5936,Blow Molding,ISBM-007,M-SOP-002,2025-11-06,,,8.5,,38.1,41.8
WO-5937,Blow Molding,ISBM-007,M-SOP-002,2025-11-06,,,9.3,,44.4,52.3
WO-5938,Blow Molding,ISBM-007,M-SOP-017,2025-11-07,,,8.2,,43.1,48.8
WO-5939,Blow Molding,ISBM-007,M-SOP-017,2025-11-07,,,11.2,,41.0,49.3
WO-5940,Blow Molding,ISBM-007,M-SOP-017,2025-11-08,,,8.0,,46.6,41.6
WO-5941,Blow Molding,ISBM-007,M-SOP-020,2025-11-08,,,9.4,,38.8,57.9
WO-5942,BLOW MOLDING,ISBM-007,M-SOP-002,2025-11-09,,,10.2,,38.8,41.8
WO-5943,Blow Molding,ISBM-007,M-SOP-017,2025-11-10,,,10.3,,46.5,52.6
WO-5944,Blow Molding,ISBM-007,M-SOP-017,2025-11-10,,,10.6,,47.2,55.4
WO-5945,Blow Molding,ISBM-007,M-SOP-017,2025-11-11,,,8.3,,41.6,44.9
WO-5946,Blow Molding,ISBM-007,M-SOP-017,2025-11-12,,,9.4,,41.2,50.8
WO-5947,Blow Molding,ISBM-007,M-SOP-017,2025-11-12,,,10.7,,46.3,49.3
WO-5948,Blow Molding,ISBM-007,M-SOP-017,2025-11-13,,,9.6,,36.9,53.0
WO-5949,Blow Molding,ISBM-007,M-SOP-017,2025-11-14,,,8.4,,39.4,46.2
WO-5950,Blow Molding,ISBM-007,M-SOP-020,2025-11-14,,,8.5,,44.2,45.5
WO-5951,Blow Molding,ISBM-007,M-SOP-002,2025-11-15,,,8.9,,40.9,50.3
WO-5952,Blow Molding,ISBM-007,M-SOP-002,2025-11-15,,,9.1,,40.4,46.8
WO-5953,Blow Molding,ISBM-007,M-SOP-015,2025-11-16,,,8.2,,43.0,54.9
WO-5954,Blow Molding,ISBM-007,M-SOP-020,2025-11-17,,,11.3,,45.5,50.3
WO-5955,Blow Molding,ISBM-007,M-SOP-020,2025-11-18,,,10.0,,42.0,54.6
WO-5956,  Blow Molding  ,ISBM-007,M-SOP-020,2025-11-18,,,10.0,,43.8,51.4
WO-5957,Blow Molding,ISBM-007,M-SOP-015,2025-11-19,,,8.7,,39.6,52.6
WO-5958,Blow Molding,ISBM-007,M-SOP-002,2025-11-19,,,11.2,,38.1,43.8
WO-5959,Blow Molding,ISBM-007,M-SOP-002,2025-11-20,,,9.5,,37.0,52.4
WO-5960,Blow Molding,ISBM-007,M-SOP-002,2025-11-21,,,9.4,,42.2,51.0
WO-5961,Blow Molding,ISBM-007,M-SOP-020,2025-11-22,,,9.4,,43.1,44.1
WO-5962,BLOW MOLDING,ISBM-007,M-SOP-015,2025-11-22,,,9.1,,38.5,43.6
WO-5963,Blow Molding,ISBM-007,M-SOP-015,2025-11-23,,,9.4,,40.6,42.0
WO-5964,Blow Molding,ISBM-007,M-SOP-020,2025-11-23,,,9.6,,42.8,47.8
WO-5965,Blow Molding,ISBM-007,M-SOP-020,2025-11-24,,,10.9,,40.9,49.3
WO-5966,Blow Molding,ISBM-007,M-SOP-020,2025-11-25,,,9.0,,32.3,53.5
WO-5967,Blow Molding,ISBM-007,M-SOP-015,2025-11-25,,,8.6,,48.4,47.8
WO-5968,Blow Molding,ISBM-007,M-SOP-015,2025-11-26,,,10.0,,38.9,40.2
WO-5969,blow molding,ISBM-007,M-SOP-015,2025-11-27,,,8.8,,40.6,44.7
WO-5970,Blow Molding,ISBM-007,M-SOP-017,2025-11-28,,,8.6,,38.2,43.2
WO-5971,Blow Molding,ISBM-007,M-SOP-017,2025-11-29,,,10.3,,45.1,54.0
WO-5972,Blow Molding,ISBM-007,M-SOP-017,2025-11-30,,,10.7,,44.7,41.2
WO-5973,Blow Molding,ISBM-007,M-SOP-015,2025-11-30,,,10.5,,42.6,42.7
WO-5974,Blow Molding,ISBM-007,M-SOP-020,2025-12-01,,,9.7,,45.2,44.1
WO-5975,Blow Molding,ISBM-007,M-SOP-020,2025-12-02,,,8.8,,40.9,42.3
WO-5976,Blow Molding,ISBM-007,M-SOP-020,2025-12-03,,,9.5,,44.7,48.3
WO-5977,Blow Molding,ISBM-007,M-SOP-015,2025-12-03,,,10.1,,41.3,50.5
WO-5978,Blow Molding,ISBM-007,M-SOP-015,2025-12-04,,,7.8,,42.5,48.3
WO-5979,  Blow Molding  ,ISBM-007,M-SOP-002,2025-12-05,,,7.9,,39.1,55.5
WO-5980,Blow Molding,ISBM-007,M-SOP-015,2025-12-05,,,9.4,,46.7,44.2
WO-5981,Blow Molding,ISBM-007,M-SOP-015,2025-12-06,,,9.1,,40.6,43.1
WO-5982,Blow Molding,ISBM-007,M-SOP-015,2025-12-07,,,10.2,,41.4,48.8
WO-5983,Blow Molding,ISBM-007,M-SOP-015,2025-12-07,,,9.7,,47.0,48.1
WO-5984,Blow Molding,ISBM-007,M-SOP-015,2025-12-08,,,10.2,,47.6,42.1
WO-5985,Blow Molding,ISBM-007,M-SOP-002,2025-12-09,,,7.8,,49.0,41.1
WO-5986,Blow Molding,ISBM-007,M-SOP-002,2025-12-09,,,9.3,,39.0,44.5
WO-5987,Blow Molding,ISBM-007,M-SOP-002,2025-12-10,,,7.6,,45.2,44.8
WO-5988,Blow Molding,ISBM-007,M-SOP-020,2025-12-11,,,10.2,,42.7,45.8
WO-5989,Blow Molding,ISBM-007,M-SOP-020,2025-12-12,,,7.7,,41.9,50.5
WO-5990,Blow Molding,ISBM-007,M-SOP-020,2025-12-12,,,9.2,,39.8,47.3
WO-5991,Blow Molding,ISBM-007,M-SOP-002,2025-12-13,,,9.7,,43.4,48.3
WO-5992,Blow Molding,ISBM-007,M-SOP-002,2025-12-13,,,8.4,,41.8,48.3
WO-5993,Blow Molding,ISBM-007,M-SOP-002,2025-12-14,,,8.7,,46.0,48.8
WO-5994,Blow Molding,ISBM-007,M-SOP-017,2025-12-15,,,8.3,,42.1,47.8
WO-5995,  Blow Molding  ,ISBM-007,M-SOP-015,2025-12-15,,,10.4,,42.0,47.3
WO-5996,Blow Molding,ISBM-007,M-SOP-002,2025-12-16,,,8.6,,44.5,47.3
WO-5997,Blow Molding,ISBM-007,M-SOP-017,2025-12-17,,,10.6,,40.6,46.5
WO-5998,  Blow Molding  ,ISBM-007,M-SOP-020,2025-12-17,,,10.2,,39.8,51.5
WO-5999,BLOW MOLDING,ISBM-007,M-SOP-020,2025-12-18,,,8.5,,41.8,44.7
WO-6000,Blow Molding,ISBM-007,M-SOP-020,2025-12-19,,,7.1,,42.7,49.5
WO-6001,Blow Molding,ISBM-007,M-SOP-002,2025-12-19,,,9.3,,44.7,48.4
WO-6002,Blow Molding,ISBM-007,M-SOP-002,2025-12-20,,,8.4,,37.2,44.0
WO-6003,BLOW MOLDING,ISBM-007,M-SOP-020,2025-12-21,,,8.8,,39.9,42.0
WO-6004,blow molding,ISBM-007,M-SOP-020,2025-12-21,,,10.8,,44.3,50.1
WO-6005,Blow Molding,ISBM-007,M-SOP-020,2025-12-22,,,9.2,,41.5,48.4
WO-6006,Blow Molding,ISBM-007,M-SOP-020,2025-12-23,,,10.2,,46.6,52.1
WO-6007,Blow Molding,ISBM-007,M-SOP-002,2025-12-24,,,9.2,,41.2,49.9
WO-6008,BLOW MOLDING,ISBM-007,M-SOP-017,2025-12-24,,,9.9,,41.9,51.7
WO-6009,Blow Molding,ISBM-007,M-SOP-017,2025-12-25,,,9.9,,37.8,52.1
WO-6010,Blow Molding,ISBM-007,M-SOP-015,2025-12-25,,,10.4,,36.8,47.9
WO-6011,Blow Molding,ISBM-007,M-SOP-015,2025-12-26,,,9.4,,43.7,46.0
WO-6012,Blow Molding,ISBM-007,M-SOP-015,2025-12-27,,,8.9,,45.8,42.3
WO-6013,Blow Molding,ISBM-007,M-SOP-020,2025-12-27,,,9.9,,41.2,50.5
WO-6014,Blow Molding,ISBM-007,M-SOP-002,2025-12-28,,,7.8,,44.7,44.0
WO-6015,Blow Molding,ISBM-007,M-SOP-002,2025-12-29,,,10.1,,43.0,43.9
WO-6016,Blow Molding,ISBM-007,M-SOP-002,2025-12-29,,,11.1,,40.7,56.4
WO-6017,Blow Molding,ISBM-007,M-SOP-002,2025-12-30,,,11.0,,40.2,41.0
WO-6018,Blow Molding,ISBM-007,M-SOP-002,2025-12-31,,,10.3,,40.2,52.0
WO-6019,Blow Molding,ISBM-007,M-SOP-017,2025-12-31,,,11.2,,45.2,45.1
WO-6020,Blow Molding,ISBM-007,M-SOP-020,2026-01-01,,,9.3,,41.7,55.6
WO-6021,Blow Molding,ISBM-007,M-SOP-015,2026-01-02,,,9.7,,43.1,47.1
WO-6022,Blow Molding,ISBM-007,M-SOP-015,2026-01-03,,,9.1,,44.3,53.1
WO-6023,blow molding,ISBM-007,M-SOP-017,2026-01-03,,,8.3,,40.9,45.9
WO-6024,Blow Molding,ISBM-007,M-SOP-017,2026-01-04,,,8.6,,40.4,48.8
WO-6025,Blow Molding,ISBM-007,M-SOP-017,2026-01-05,,,10.4,,41.2,48.5
WO-6026,BLOW MOLDING,ISBM-007,M-SOP-015,2026-01-05,,,11.3,,43.4,50.7
WO-6027,Blow Molding,ISBM-007,M-SOP-002,2026-01-06,,,10.1,,45.9,43.0
WO-6028,Blow Molding,ISBM-007,M-SOP-002,2026-01-07,,,10.1,,43.4,53.2
WO-6029,Blow Molding,ISBM-007,M-SOP-002,2026-01-07,,,8.1,,39.3,51.1
WO-6030,Blow Molding,ISBM-007,M-SOP-017,2026-01-08,,,8.7,,39.3,45.6
WO-6031,Blow Molding,ISBM-007,M-SOP-020,2026-01-08,,,9.2,,43.8,47.3
WO-6032,Blow Molding,ISBM-007,M-SOP-017,2026-01-09,,,10.4,,37.3,43.1
WO-6033,Blow Molding,ISBM-007,M-SOP-017,2026-01-10,,,10.4,,44.6,48.4
WO-6034,Blow Molding,ISBM-007,M-SOP-017,2026-01-11,,,9.4,,43.0,48.6
WO-6035,Blow Molding,ISBM-007,M-SOP-017,2026-01-11,,,7.8,,41.1,50.4
WO-6036,Blow Molding,ISBM-007,M-SOP-020,2026-01-12,,,6.7,,44.2,43.1
WO-6037,Blow Molding,ISBM-007,M-SOP-020,2026-01-13,,,10.3,,43.0,48.3
WO-6038,Blow Molding,ISBM-007,M-SOP-017,2026-01-14,,,9.5,,44.3,49.8
WO-6039,Blow Molding,ISBM-007,M-SOP-002,2026-01-14,,,10.9,,37.6,44.9
WO-6040,Blow Molding,ISBM-007,M-SOP-002,2026-01-15,,,7.4,,45.6,53.2
WO-6041,Blow Molding,ISBM-007,M-SOP-002,2026-01-16,,,9.7,,42.2,49.1
WO-6042,blow molding,ISBM-007,M-SOP-002,2026-01-16,,,9.3,,42.7,46.5
WO-6043,BLOW MOLDING,ISBM-007,M-SOP-002,2026-01-17,,,6.8,,40.1,48.7
WO-6044,Blow Molding,ISBM-007,M-SOP-002,2026-01-17,,,10.3,,41.3,50.6
WO-6045,Blow Molding,ISBM-007,M-SOP-017,2026-01-18,,,8.2,,39.1,46.9
WO-6046,Blow Molding,ISBM-007,M-SOP-017,2026-01-19,,,10.3,,41.7,47.5
WO-6047,Blow Molding,ISBM-007,M-SOP-020,2026-01-19,,,10.8,,38.1,46.7
WO-6048,Blow Molding,ISBM-007,M-SOP-020,2026-01-20,,,11.1,,43.1,53.3
WO-6049,Blow Molding,ISBM-007,M-SOP-020,2026-01-21,,,8.8,,44.0,51.3
WO-6050,Blow Molding,ISBM-007,M-SOP-020,2026-01-21,,,8.8,,44.8,50.7
WO-6051,Blow Molding,ISBM-007,M-SOP-015,2026-01-22,,,10.1,,42.3,46.9
WO-6052,Blow Molding,ISBM-007,M-SOP-017,2026-01-22,,,9.6,,45.2,47.5
WO-6053,Blow Molding,ISBM-007,M-SOP-017,2026-01-23,,,11.3,,41.3,44.8
WO-6054,Blow Molding,ISBM-007,M-SOP-017,2026-01-24,,,9.4,,41.5,56.2
WO-6055,Blow Molding,ISBM-007,M-SOP-017,2026-01-24,,,11.1,,44.2,45.8
WO-6056,Blow Molding,ISBM-007,M-SOP-017,2026-01-25,,,8.9,,36.9,45.4
WO-6057,Blow Molding,ISBM-007,M-SOP-017,2026-01-26,,,10.1,,43.0,55.5
WO-6058,Blow Molding,ISBM-007,M-SOP-015,2026-01-27,,,9.5,,45.7,40.8
WO-6059,blow molding,ISBM-007,M-SOP-015,2026-01-27,,,8.9,,42.9,44.2
WO-6060,BLOW MOLDING,ISBM-007,M-SOP-002,2026-01-28,,,8.9,,39.7,52.7
WO-6061,Blow Molding,ISBM-007,M-SOP-015,2026-01-28,,,8.8,,43.4,47.9
WO-6062,Blow Molding,ISBM-007,M-SOP-015,2026-01-29,,,9.4,,43.1,48.8
WO-6063,Blow Molding,ISBM-007,M-SOP-020,2026-01-30,,,10.0,,44.9,47.0
WO-6064,Blow Molding,ISBM-007,M-SOP-020,2026-01-31,,,11.5,,44.2,48.1
WO-6065,Blow Molding,ISBM-007,M-SOP-002,2026-01-31,,,10.8,,38.6,49.3
WO-6066,Blow Molding,ISBM-007,M-SOP-020,2026-02-01,,,9.2,,43.2,47.6
WO-6067,Blow Molding,ISBM-007,M-SOP-020,2026-02-02,,,8.5,,38.6,50.9
WO-6068,Blow Molding,ISBM-007,M-SOP-002,2026-02-02,,,10.1,,44.7,45.8
WO-6069,Blow Molding,ISBM-007,M-SOP-002,2026-02-03,,,8.6,,38.2,44.4
WO-6070,Blow Molding,ISBM-007,M-SOP-017,2026-02-04,,,9.2,,44.4,52.5
WO-6071,Blow Molding,ISBM-007,M-SOP-015,2026-02-05,,,11.9,,42.8,51.7
WO-6072,Blow Molding,ISBM-007,M-SOP-020,2026-02-05,,,8.7,,44.8,53.4
WO-6073,Blow Molding,ISBM-007,M-SOP-020,2026-02-06,,,10.5,,42.3,48.0
WO-6074,Blow Molding,ISBM-007,M-SOP-020,2026-02-07,,,8.5,,43.9,51.9
WO-6075,Blow Molding,ISBM-007,M-SOP-020,2026-02-08,,,8.3,,47.0,40.1
WO-6076,Blow Molding,ISBM-007,M-SOP-015,2026-02-08,,,10.9,,44.2,51.8
WO-6077,Blow Molding,ISBM-007,M-SOP-015,2026-02-09,,,6.3,,46.7,49.9
WO-6078,Blow Molding,ISBM-007,M-SOP-015,2026-02-10,,,9.2,,41.6,51.0
WO-6079,Blow Molding,ISBM-007,M-SOP-002,2026-02-11,,,10.7,,44.1,44.1
WO-6080,Blow Molding,ISBM-007,M-SOP-002,2026-02-11,,,7.9,,41.8,42.6
WO-6081,Blow Molding,ISBM-007,M-SOP-015,2026-02-12,,,9.0,,42.2,60.8
WO-6082,Blow Molding,ISBM-007,M-SOP-020,2026-02-13,,,9.6,,36.0,48.6
WO-6083,Blow Molding,ISBM-007,M-SOP-020,2026-02-14,,,8.9,,47.2,52.5
WO-6084,blow molding,ISBM-007,M-SOP-020,2026-02-14,,,9.3,,44.6,45.9
WO-6085,  Blow Molding  ,ISBM-007,M-SOP-020,2026-02-15,,,8.1,,40.4,52.5
WO-6086,Blow Molding,ISBM-007,M-SOP-015,2026-02-15,,,9.2,,43.0,50.6
WO-6087,Blow Molding,ISBM-007,M-SOP-002,2026-02-16,,,8.6,,42.0,50.9
WO-6088,Blow Molding,ISBM-007,M-SOP-002,2026-02-17,,,10.9,,39.5,65.6
WO-6089,Blow Molding,ISBM-007,M-SOP-020,2026-02-18,,,8.5,,44.8,42.3
WO-6090,blow molding,ISBM-007,M-SOP-020,2026-02-18,,,8.1,,48.8,40.9
WO-6091,Blow Molding,ISBM-007,M-SOP-002,2026-02-19,,,9.0,,37.2,50.0
WO-6092,Blow Molding,ISBM-007,M-SOP-002,2026-02-20,,,9.6,,41.7,49.0
WO-6093,Blow Molding,ISBM-007,M-SOP-002,2026-02-20,,,9.4,,37.5,47.9
WO-6094,Blow Molding,ISBM-007,M-SOP-017,2026-02-21,,,9.1,,48.3,46.1
WO-6095,Blow Molding,ISBM-007,M-SOP-017,2026-02-22,,,10.7,,42.9,45.6
WO-6096,Blow Molding,ISBM-007,M-SOP-017,2026-02-22,,,9.8,,47.9,50.3
WO-6097,Blow Molding,ISBM-007,M-SOP-017,2026-02-23,,,10.2,,34.3,44.6
WO-6098,Blow Molding,ISBM-007,M-SOP-002,2026-02-24,,,9.7,,41.1,46.8
WO-6099,Blow Molding,ISBM-007,M-SOP-002,2026-02-25,,,10.2,,43.2,45.0
WO-6100,Blow Molding,ISBM-007,M-SOP-017,2026-02-25,,,9.1,,39.2,51.1
WO-6101,Blow Molding,ISBM-007,M-SOP-020,2026-02-26,,,10.2,,44.0,44.3
WO-6102,Blow Molding,ISBM-007,M-SOP-020,2026-02-27,,,11.6,,35.9,47.6
WO-6103,Blow Molding,ISBM-007,M-SOP-020,2026-02-28,,,8.5,,42.5,49.7
WO-6104,Blow Molding,ISBM-007,M-SOP-002,2026-03-01,,,8.9,,37.0,45.4
WO-6105,Blow Molding,ISBM-007,M-SOP-020,2026-03-01,,,9.2,,37.3,45.6
WO-6106,Blow Molding,ISBM-007,M-SOP-020,2026-03-02,,,9.0,,39.0,52.2
WO-6107,Blow Molding,ISBM-007,M-SOP-020,2026-03-03,,,10.1,,39.2,43.8
WO-6108,Blow Molding,ISBM-007,M-SOP-015,2026-03-03,,,10.4,,39.5,49.8
WO-6109,Blow Molding,ISBM-007,M-SOP-015,2026-03-04,,,10.9,,41.3,49.2
WO-6110,Blow Molding,ISBM-007,M-SOP-015,2026-03-05,,,8.4,,44.4,51.3
WO-6111,Blow Molding,ISBM-007,M-SOP-015,2026-03-05,,,9.6,,39.4,43.9
WO-6112,Blow Molding,ISBM-007,M-SOP-015,2026-03-06,,,7.9,,47.5,47.6
WO-6113,blow molding,ISBM-007,M-SOP-017,2026-03-06,,,10.5,,39.3,43.6
WO-6114,Blow Molding,ISBM-007,M-SOP-017,2026-03-07,,,10.5,,48.2,51.8
WO-6115,Blow Molding,ISBM-007,M-SOP-015,2026-03-08,,,8.5,,42.8,47.5
WO-6116,  Blow Molding  ,ISBM-007,M-SOP-020,2026-03-09,,,9.7,,43.7,53.6
WO-6117,Blow Molding,ISBM-007,M-SOP-020,2026-03-09,,,7.1,,44.1,47.5
WO-6118,Blow Molding,ISBM-007,M-SOP-015,2026-03-10,,,10.2,,41.1,48.3
WO-6119,Blow Molding,ISBM-007,M-SOP-015,2026-03-11,,,7.9,,46.5,44.6
WO-6120,Blow Molding,ISBM-007,M-SOP-015,2026-03-11,,,10.1,,45.0,55.2
WO-6121,Blow Molding,ISBM-007,M-SOP-002,2026-03-12,,,10.5,,39.9,46.5
WO-6122,Blow Molding,ISBM-007,M-SOP-002,2026-03-13,,,9.1,,42.8,43.2
WO-6123,Blow Molding,ISBM-007,M-SOP-002,2026-03-13,,,8.9,,40.0,41.6
WO-6124,Blow Molding,ISBM-007,M-SOP-002,2026-03-14,,,10.2,,48.8,47.7
WO-6125,Blow Molding,ISBM-007,M-SOP-002,2026-03-14,,,9.0,,43.7,47.9
WO-6126,Blow Molding,ISBM-007,M-SOP-002,2026-03-15,,,11.5,,41.3,47.2
WO-6127,Blow Molding,ISBM-007,M-SOP-002,2026-03-16,,,10.4,,43.6,48.4
WO-6128,Blow Molding,ISBM-007,M-SOP-002,2026-03-16,,,11.3,,42.6,47.5
WO-6129,Blow Molding,ISBM-007,M-SOP-020,2026-03-17,,,7.2,,39.9,48.9
WO-6130,Blow Molding,ISBM-007,M-SOP-020,2026-03-18,,,9.6,,41.1,54.3
WO-6131,Blow Molding,ISBM-007,M-SOP-020,2026-03-19,,,11.7,,46.4,55.1
WO-6132,Blow Molding,ISBM-007,M-SOP-020,2026-03-19,,,9.8,,46.9,44.1
WO-6133,  Blow Molding  ,ISBM-007,M-SOP-017,2026-03-20,,,9.0,,41.3,49.6
WO-6134,Blow Molding,ISBM-007,M-SOP-017,2026-03-21,,,8.8,,43.7,48.5
WO-6135,  Blow Molding  ,ISBM-007,M-SOP-017,2026-03-21,,,9.3,,40.9,49.0
WO-6136,Blow Molding,ISBM-007,M-SOP-015,2026-03-22,,,8.5,,39.4,52.8
WO-6137,Blow Molding,ISBM-007,M-SOP-017,2026-03-22,,,9.6,,42.4,50.3
WO-6138,Blow Molding,ISBM-007,M-SOP-017,2026-03-23,,,9.8,,45.0,51.6
WO-6139,Blow Molding,ISBM-007,M-SOP-017,2026-03-24,,,7.0,,47.6,48.6
WO-6140,BLOW MOLDING,ISBM-007,M-SOP-017,2026-03-25,,,9.1,,40.9,47.5
WO-6141,Blow Molding,ISBM-007,M-SOP-017,2026-03-25,,,9.7,,43.3,54.8
WO-6142,Blow Molding,ISBM-007,M-SOP-017,2026-03-26,,,8.6,,43.6,45.1
WO-6143,Blow Molding,ISBM-007,M-SOP-017,2026-03-26,,,8.7,,39.5,48.1
WO-6144,Blow Molding,ISBM-007,M-SOP-017,2026-03-27,,,10.7,,46.6,57.8
WO-6145,Blow Molding,ISBM-007,M-SOP-020,2026-03-28,,,10.5,,36.8,43.0
WO-6146,Blow Molding,ISBM-007,M-SOP-020,2026-03-29,,,8.9,,41.1,51.6
WO-6147,Blow Molding,ISBM-007,M-SOP-020,2026-03-29,,,9.9,,42.3,39.7
WO-6148,Blow Molding,ISBM-007,M-SOP-020,2026-03-30,,,10.5,,41.7,49.3
WO-6149,Blow Molding,ISBM-007,M-SOP-015,2026-03-30,,,9.8,,46.5,48.5
WO-6150,Blow Molding,ISBM-007,M-SOP-015,2026-03-31,,,9.5,,38.2,51.0
WO-6151,Blow Molding,ISBM-007,M-SOP-015,2026-04-01,,,10.8,,42.1,50.7
WO-6152,blow molding,ISBM-007,M-SOP-002,2026-04-02,,,9.0,,43.7,47.7
WO-6153,Blow Molding,ISBM-007,M-SOP-002,2026-04-03,,,10.8,,44.0,45.6
WO-6154,Blow Molding,ISBM-007,M-SOP-015,2026-04-03,,,8.8,,44.7,48.4
WO-6155,Blow Molding,ISBM-007,M-SOP-015,2026-04-04,,,10.3,,41.6,47.1
WO-6156,Blow Molding,ISBM-007,M-SOP-015,2026-04-05,,,10.8,,44.0,50.0
WO-6157,Blow Molding,ISBM-007,M-SOP-017,2026-04-06,,,7.7,,42.6,49.7
WO-6158,Blow Molding,ISBM-007,M-SOP-017,2026-04-06,,,8.6,,44.9,44.7
WO-6159,Blow Molding,ISBM-007,M-SOP-017,2026-04-07,,,8.5,,39.2,54.1
WO-6160,Blow Molding,ISBM-007,M-SOP-002,2026-04-08,,,11.2,,39.4,50.3
WO-6161,Blow Molding,ISBM-007,M-SOP-002,2026-04-08,,,10.4,,42.3,41.9
WO-6162,Blow Molding,ISBM-007,M-SOP-017,2026-04-09,,,9.6,,34.5,39.4
WO-6163,Blow Molding,ISBM-007,M-SOP-017,2026-04-10,,,9.4,,42.7,49.0
WO-6164,Blow Molding,ISBM-007,M-SOP-002,2026-04-11,,,8.5,,42.8,53.6
WO-6165,Blow Molding,ISBM-007,M-SOP-002,2026-04-11,,,8.6,,40.9,53.3
WO-6166,Blow Molding,ISBM-007,M-SOP-002,2026-04-12,,,10.2,,45.9,44.6
WO-6167,Blow Molding,ISBM-007,M-SOP-002,2026-04-13,,,9.9,,43.4,52.2
WO-6168,Blow Molding,ISBM-007,M-SOP-015,2026-04-13,,,10.9,,43.1,49.5
WO-6169,  Blow Molding  ,ISBM-007,M-SOP-015,2026-04-14,,,10.0,,42.8,44.6
WO-6170,Blow Molding,ISBM-007,M-SOP-015,2026-04-15,,,8.6,,40.3,48.4
WO-6171,Blow Molding,ISBM-007,M-SOP-017,2026-04-15,,,8.6,,45.6,49.1
WO-6172,Blow Molding,ISBM-007,M-SOP-017,2026-04-16,,,8.6,,40.4,51.3
WO-6173,Blow Molding,ISBM-007,M-SOP-002,2026-04-16,,,8.2,,48.6,49.1
WO-6174,Blow Molding,ISBM-007,M-SOP-002,2026-04-17,,,8.1,,45.2,48.6
WO-6175,Blow Molding,ISBM-007,M-SOP-002,2026-04-18,,,10.5,,42.0,47.7
WO-6176,Blow Molding,ISBM-007,M-SOP-017,2026-04-18,,,9.4,,45.0,51.7
WO-6177,Blow Molding,ISBM-007,M-SOP-017,2026-04-19,,,9.6,,35.7,51.1
WO-6178,Blow Molding,ISBM-007,M-SOP-020,2026-04-20,,,8.0,,40.6,50.0
WO-6179,Blow Molding,ISBM-007,M-SOP-020,2026-04-20,,,8.4,,43.2,52.7
WO-6180,Blow Molding,ISBM-007,M-SOP-015,2026-04-21,,,10.3,,46.8,55.3
WO-6181,Blow Molding,ISBM-007,M-SOP-015,2026-04-22,,,10.8,,42.8,42.3
WO-6182,Blow Molding,ISBM-007,M-SOP-002,2026-04-22,,,11.2,,36.6,51.4
WO-6183,Blow Molding,ISBM-007,M-SOP-015,2026-04-23,,,10.4,,40.6,48.7
WO-6184,Blow Molding,ISBM-007,M-SOP-020,2026-04-24,,,9.7,,43.3,46.7
WO-6185,Blow Molding,ISBM-007,M-SOP-020,2026-04-24,,,8.6,,48.4,42.2
WO-6186,Blow Molding,ISBM-007,M-SOP-015,2026-04-25,,,8.2,,41.6,47.7
WO-6187,Blow Molding,ISBM-007,M-SOP-015,2026-04-26,,,8.5,,43.4,51.7
WO-6188,BLOW MOLDING,ISBM-007,M-SOP-020,2026-04-27,,,6.8,,35.5,50.0
WO-6189,Blow Molding,ISBM-007,M-SOP-020,2026-04-27,,,10.4,,42.8,51.7
WO-6190,Blow Molding,ISBM-007,M-SOP-017,2026-04-28,,,9.7,,41.3,52.3
WO-6191,Blow Molding,ISBM-007,M-SOP-015,2026-04-29,,,11.1,,36.6,45.7
WO-6192,Blow Molding,ISBM-007,M-SOP-015,2026-04-29,,,9.4,,35.9,52.0
WO-6193,Blow Molding,ISBM-007,M-SOP-015,2026-04-30,,,8.3,,40.5,48.4
WO-6194,Blow Molding,ISBM-007,M-SOP-017,2026-04-30,,,8.6,,39.6,49.9
WO-6195,Blow Molding,ISBM-007,M-SOP-017,2026-05-01,,,9.5,,40.7,51.5
WO-6196,Blow Molding,ISBM-007,M-SOP-017,2026-05-02,,,9.3,,43.0,46.6
WO-6197,BLOW MOLDING,ISBM-007,M-SOP-017,2026-05-02,,,9.9,,43.9,50.6
WO-6198,Blow Molding,ISBM-007,M-SOP-017,2026-05-03,,,8.6,,41.6,46.8
WO-6199,Blow Molding,ISBM-007,M-SOP-002,2026-05-03,,,10.0,,41.5,51.4
WO-6200,Blow Molding,ISBM-007,M-SOP-017,2026-05-04,,,9.3,,46.0,46.9
WO-6201,Blow Molding,ISBM-007,M-SOP-017,2026-05-05,,,8.0,,39.6,48.8
WO-6202,Blow Molding,ISBM-007,M-SOP-017,2026-05-05,,,10.5,,41.3,47.5
WO-6203,Blow Molding,ISBM-007,M-SOP-020,2026-05-06,,,9.0,,45.2,51.3
WO-6204,Blow Molding,ISBM-007,M-SOP-017,2026-05-07,,,8.6,,40.7,57.8
WO-6205,Blow Molding,ISBM-007,M-SOP-020,2026-05-07,,,11.1,,40.1,51.3
WO-6206,Blow Molding,ISBM-007,M-SOP-020,2026-05-08,,,10.2,,36.6,40.7
WO-6207,Blow Molding,ISBM-007,M-SOP-002,2026-05-09,,,9.9,,43.3,42.7
WO-6208,Blow Molding,ISBM-007,M-SOP-002,2026-05-09,,,9.0,,47.9,54.4
WO-6209,Blow Molding,ISBM-007,M-SOP-002,2026-05-10,,,9.0,,43.1,49.5
WO-6210,blow molding,ISBM-007,M-SOP-015,2026-05-10,,,8.5,,42.9,39.7
WO-6211,Blow Molding,ISBM-007,M-SOP-020,2026-05-11,,,10.3,,43.0,49.4
WO-6212,Blow Molding,ISBM-007,M-SOP-015,2026-05-12,,,10.0,,40.9,42.4
WO-6213,Blow Molding,ISBM-007,M-SOP-015,2026-05-12,,,9.2,,43.2,49.4
WO-6214,Blow Molding,ISBM-007,M-SOP-015,2026-05-13,,,10.9,,43.7,52.8
WO-6215,Blow Molding,ISBM-007,M-SOP-020,2026-05-14,,,10.2,,41.2,48.0
WO-6216,Blow Molding,ISBM-007,M-SOP-020,2026-05-15,,,9.6,,38.0,49.2
WO-6217,Blow Molding,ISBM-007,M-SOP-015,2026-05-15,,,10.3,,37.2,47.8
WO-6218,Blow Molding,ISBM-007,M-SOP-015,2026-05-16,,,8.2,,38.9,50.2
WO-6219,Blow Molding,ISBM-007,M-SOP-015,2026-05-16,,,9.3,,45.6,50.5
WO-6220,Blow Molding,ISBM-007,M-SOP-015,2026-05-17,,,9.2,,44.7,52.7
WO-6221,Blow Molding,ISBM-007,M-SOP-015,2026-05-17,,,10.8,,40.7,48.2
WO-6222,Blow Molding,ISBM-007,M-SOP-015,2026-05-18,,,9.8,,46.3,43.1
WO-6223,Blow Molding,ISBM-007,M-SOP-017,2026-05-18,,,9.8,,45.2,55.4
WO-6224,Blow Molding,ISBM-007,M-SOP-015,2026-05-19,,,9.2,,52.4,45.4
WO-6225,Blow Molding,ISBM-007,M-SOP-017,2026-05-20,,,8.5,,44.4,43.2
WO-6226,Blow Molding,ISBM-007,M-SOP-017,2026-05-20,,,8.9,,40.1,42.1
WO-6227,Blow Molding,ISBM-007,M-SOP-017,2026-05-21,,,10.8,,43.7,49.2
WO-6228,Blow Molding,ISBM-007,M-SOP-002,2026-05-22,,,10.3,,42.4,47.0
WO-6229,Blow Molding,ISBM-007,M-SOP-002,2026-05-22,,,10.2,,41.2,45.5
WO-6230,BLOW MOLDING,ISBM-007,M-SOP-015,2026-05-23,,,11.2,,42.1,54.5
WO-6231,Blow Molding,ISBM-007,M-SOP-020,2026-05-24,,,10.4,,45.2,44.1
WO-6232,Blow Molding,ISBM-007,M-SOP-020,2026-05-24,,,9.4,,45.7,45.6
WO-6233,Blow Molding,ISBM-007,M-SOP-017,2026-05-25,,,10.5,,41.2,47.5
WO-6234,  Blow Molding  ,ISBM-007,M-SOP-017,2026-05-26,,,11.7,,36.6,51.3
WO-6235,Blow Molding,ISBM-007,M-SOP-015,2026-05-26,,,8.0,,43.9,47.3
WO-6236,Blow Molding,ISBM-007,M-SOP-015,2026-05-27,,,9.9,,45.8,57.0
WO-6237,Blow Molding,ISBM-007,M-SOP-015,2026-05-27,,,10.6,,41.6,45.3
WO-6238,Blow Molding,ISBM-007,M-SOP-020,2026-05-28,,,9.6,,43.6,54.8
WO-6239,Blow Molding,ISBM-007,M-SOP-002,2026-05-29,,,10.5,,44.2,41.8
WO-6240,Blow Molding,ISBM-007,M-SOP-002,2026-05-29,,,9.8,,42.6,43.2
WO-6241,  Blow Molding  ,ISBM-007,M-SOP-002,2026-05-30,,,8.5,,41.2,46.7
WO-6242,Blow Molding,ISBM-007,M-SOP-002,2026-05-31,,,11.1,,42.7,47.5
WO-6243,Blow Molding,ISBM-007,M-SOP-015,2026-06-01,,,10.3,,43.8,49.3
WO-6244,Blow Molding,ISBM-007,M-SOP-002,2026-06-02,,,9.9,,38.7,45.1
WO-6245,Blow Molding,ISBM-007,M-SOP-002,2026-06-02,,,9.8,,41.1,49.7
WO-6246,Blow Molding,ISBM-007,M-SOP-017,2026-06-03,,,9.5,,42.7,45.3
WO-6247,Blow Molding,ISBM-007,M-SOP-017,2026-06-04,,,10.1,,42.5,48.0
WO-6248,BLOW MOLDING,ISBM-007,M-SOP-017,2026-06-04,,,8.6,,38.3,50.0
WO-6249,Blow Molding,ISBM-007,M-SOP-020,2026-06-05,,,8.4,,43.6,42.1
WO-6250,Blow Molding,ISBM-007,M-SOP-020,2026-06-06,,,9.7,,40.4,44.2
WO-6251,Blow Molding,ISBM-007,M-SOP-020,2026-06-07,,,10.2,,41.1,41.4
WO-6252,Blow Molding,ISBM-007,M-SOP-017,2026-06-07,,,9.1,,42.2,47.5
WO-6253,Blow Molding,ISBM-007,M-SOP-017,2026-06-08,,,9.6,,42.8,47.5
WO-6254,Blow Molding,ISBM-007,M-SOP-017,2026-06-08,,,9.3,,42.7,51.9
WO-6255,Blow Molding,ISBM-007,M-SOP-020,2026-06-09,,,10.8,,40.7,53.2
WO-6256,Blow Molding,ISBM-007,M-SOP-020,2026-06-10,,,8.6,,43.8,45.4
WO-6257,Blow Molding,ISBM-007,M-SOP-017,2026-06-11,,,11.3,,37.0,48.6
WO-6258,BLOW MOLDING,ISBM-007,M-SOP-017,2026-06-11,,,9.1,,44.7,50.2
WO-6259,Blow Molding,ISBM-007,M-SOP-017,2026-06-12,,,9.4,,41.2,47.6
WO-6260,Blow Molding,ISBM-007,M-SOP-002,2026-06-13,,,8.3,,39.3,39.4
WO-6261,blow molding,ISBM-007,M-SOP-015,2026-06-13,,,10.8,,42.0,44.9
WO-6262,Blow Molding,ISBM-007,M-SOP-015,2026-06-14,,,8.0,,41.6,56.4
WO-6263,blow molding,ISBM-007,M-SOP-015,2026-06-15,,,9.2,,41.8,48.9
WO-6264,Blow Molding,ISBM-007,M-SOP-015,2026-06-15,,,10.3,,45.2,50.3
WO-6265,Blow Molding,ISBM-007,M-SOP-020,2026-06-16,,,9.4,,44.3,45.3
WO-6266,Blow Molding,ISBM-007,M-SOP-020,2026-06-17,,,11.0,,44.8,50.4
WO-6267,Blow Molding,ISBM-007,M-SOP-020,2026-06-18,,,8.9,,41.6,52.3
WO-6268,Blow Molding,ISBM-007,M-SOP-020,2026-06-18,,,10.8,,44.8,54.6
WO-6269,Blow Molding,ISBM-007,M-SOP-020,2026-06-19,,,7.9,,44.0,41.6
WO-6270,Blow Molding,ISBM-007,M-SOP-020,2026-06-20,,,8.7,,41.9,48.2
WO-6271,Blow Molding,ISBM-007,M-SOP-020,2026-06-20,,,10.0,,43.2,51.7
WO-6272,Blow Molding,ISBM-007,M-SOP-002,2026-06-21,,,10.0,,39.0,43.8
WO-6273,Blow Molding,ISBM-007,M-SOP-002,2026-06-22,,,8.7,,36.4,47.8
WO-6274,Blow Molding,ISBM-007,M-SOP-002,2026-06-22,,,9.3,,39.4,51.8
WO-6275,Blow Molding,ISBM-007,M-SOP-015,2026-06-23,,,8.4,,45.0,53.9
WO-6276,Blow Molding,ISBM-007,M-SOP-015,2026-06-23,,,10.9,,43.2,44.4
WO-6277,Blow Molding,ISBM-007,M-SOP-015,2026-06-24,,,10.8,,41.4,43.4
WO-6278,Blow Molding,ISBM-007,M-SOP-002,2026-06-24,,,9.2,,43.2,52.1
WO-6279,  Blow Molding  ,ISBM-007,M-SOP-002,2026-06-25,,,9.1,,42.3,48.9
WO-6280,Blow Molding,ISBM-007,M-SOP-017,2026-06-26,,,11.2,,43.7,42.2
WO-6281,blow molding,ISBM-007,M-SOP-017,2026-06-26,,,9.0,,40.5,53.6
WO-6282,Blow Molding,ISBM-007,M-SOP-017,2026-06-27,,,10.5,,45.8,45.0
WO-6283,Blow Molding,ISBM-007,M-SOP-017,2026-06-28,,,9.5,,38.1,46.3
WO-6284,Blow Molding,ISBM-007,M-SOP-017,2026-06-28,,,10.2,,41.7,47.7
WO-6285,Blow Molding,ISBM-007,M-SOP-002,2026-06-29,,,10.5,,44.4,48.5
WO-6286,Blow Molding,ISBM-007,M-SOP-015,2026-06-29,,,7.3,,44.7,54.1
WO-6287,Blow Molding,ISBM-007,M-SOP-015,2026-06-30,,,8.8,,42.3,47.4
WO-6288,Blow Molding,ISBM-007,M-SOP-002,2026-07-01,,,9.4,,41.1,45.6
WO-6289,Blow Molding,ISBM-007,M-SOP-002,2026-07-01,,,10.8,,42.4,48.8
WO-6290,Blow Molding,ISBM-007,M-SOP-002,2026-07-02,,,8.7,,43.0,48.3
WO-6291,Blow Molding,ISBM-007,M-SOP-017,2026-07-02,,,7.6,,45.4,55.0
WO-6292,Blow Molding,ISBM-007,M-SOP-017,2026-07-03,,,10.2,,46.3,49.2
WO-6293,Blow Molding,ISBM-007,M-SOP-020,2026-07-04,,,8.8,,45.5,44.8
WO-6294,Blow Molding,ISBM-007,M-SOP-020,2026-07-04,,,10.2,,39.6,42.9
WO-6295,BLOW MOLDING,ISBM-007,M-SOP-020,2026-07-05,,,10.5,,36.0,49.2
WO-6296,Blow Molding,ISBM-007,M-SOP-017,2026-07-06,,,9.8,,42.7,48.5
WO-6297,Blow Molding,ISBM-007,M-SOP-002,2026-07-06,,,10.0,,38.7,54.3
WO-6298,Blow Molding,ISBM-007,M-SOP-002,2026-07-07,,,9.9,,40.4,49.1
WO-6299,Blow Molding,ISBM-007,M-SOP-002,2026-07-08,,,7.2,,44.9,48.4
WO-6300,Blow Molding,ISBM-007,M-SOP-002,2026-07-09,,,10.8,,44.3,52.0
WO-6301,Blow Molding,ISBM-007,M-SOP-015,2026-07-09,,,9.0,,40.9,53.1
WO-6302,  Blow Molding  ,ISBM-007,M-SOP-020,2026-07-10,,,10.0,,41.8,48.8
WO-6303,Blow Molding,ISBM-007,M-SOP-020,2026-07-11,,,10.5,,41.6,55.3
WO-6304,Blow Molding,ISBM-007,M-SOP-020,2026-07-12,,,9.0,,39.5,52.7
WO-6305,Blow Molding,ISBM-007,M-SOP-020,2026-07-12,,,8.7,,40.6,51.9
WO-6306,Blow Molding,ISBM-007,M-SOP-002,2026-07-13,,,8.3,,44.5,45.9
WO-6307,Blow Molding,ISBM-007,M-SOP-002,2026-07-14,,,11.1,,45.1,38.7
WO-6308,  Blow Molding  ,ISBM-007,M-SOP-002,2026-07-14,,,10.1,,45.1,41.5
WO-6309,Blow Molding,ISBM-007,M-SOP-015,2026-07-15,,,10.3,,42.3,52.2
WO-6310,Blow Molding,ISBM-007,M-SOP-015,2026-07-16,,,9.6,,45.6,53.0
WO-6311,blow molding,ISBM-007,M-SOP-015,2026-07-17,,,8.9,,39.1,49.6
WO-6312,Blow Molding,ISBM-007,M-SOP-002,2026-07-17,,,9.2,,39.3,56.1
WO-6313,Blow Molding,ISBM-007,M-SOP-002,2026-07-18,,,9.1,,40.9,43.6
WO-6314,Blow Molding,ISBM-007,M-SOP-002,2026-07-19,,,8.6,,38.9,47.8
WO-6315,Blow Molding,ISBM-007,M-SOP-015,2026-07-20,,,8.8,,42.0,58.8
WO-6316,BLOW MOLDING,ISBM-007,M-SOP-020,2026-07-20,,,10.8,,42.8,49.7
WO-6317,Blow Molding,ISBM-007,M-SOP-020,2026-07-21,,,7.2,,44.5,48.0
WO-6318,Blow Molding,ISBM-007,M-SOP-002,2026-07-22,,,8.5,,42.9,53.9
WO-6319,Blow Molding,ISBM-007,M-SOP-002,2026-07-22,,,11.0,,35.7,46.9
WO-6320,Blow Molding,ISBM-007,M-SOP-020,2026-07-23,,,9.7,,40.8,52.1
WO-6321,Blow Molding,ISBM-007,M-SOP-020,2026-07-23,,,11.2,,43.2,55.2
WO-6322,Blow Molding,ISBM-007,M-SOP-002,2026-07-24,,,10.0,,40.8,52.9
WO-6323,Blow Molding,ISBM-007,M-SOP-002,2026-07-24,,,11.3,,38.5,48.7
WO-6324,BLOW MOLDING,ISBM-007,M-SOP-017,2026-07-25,,,9.7,,44.1,50.1
WO-6325,Blow Molding,ISBM-007,M-SOP-017,2026-07-26,,,8.0,,42.9,53.6
WO-6326,Blow Molding,ISBM-007,M-SOP-017,2026-07-26,,,9.5,,43.4,54.7
WO-6327,Blow Molding,ISBM-007,M-SOP-015,2026-07-27,,,8.2,,38.2,44.8
WO-6328,Blow Molding,ISBM-007,M-SOP-017,2026-07-28,,,9.5,,40.3,50.0
WO-6329,Blow Molding,ISBM-007,M-SOP-017,2026-07-28,,,9.1,,41.1,47.1
WO-6330,Blow Molding,ISBM-007,M-SOP-017,2026-07-29,,,9.5,,38.3,48.7
WO-6331,Blow Molding,ISBM-007,M-SOP-017,2026-07-30,,,10.1,,38.5,47.5
WO-6332,Blow Molding,ISBM-007,M-SOP-017,2026-07-31,,,9.0,,43.2,49.7
WO-6333,  Blow Molding  ,ISBM-007,M-SOP-020,2026-07-31,,,8.9,,47.3,50.2
WO-6334,Blow Molding,ISBM-007,M-SOP-020,2026-08-01,,,9.8,,43.9,44.4
WO-6335,Blow Molding,ISBM-007,M-SOP-020,2026-08-02,,,8.2,,39.4,47.6
WO-6336,Blow Molding,ISBM-007,M-SOP-015,2026-08-02,,,10.9,,40.0,49.6
WO-6337,Blow Molding,ISBM-007,M-SOP-020,2026-08-03,,,8.7,,42.8,52.1
WO-6338,BLOW MOLDING,ISBM-007,M-SOP-020,2026-08-03,,,8.2,,39.4,45.3
WO-6339,Blow Molding,ISBM-007,M-SOP-020,2026-08-04,,,8.1,,40.3,45.2
WO-6340,Blow Molding,ISBM-007,M-SOP-020,2026-08-04,,,9.6,,40.0,46.2
WO-6341,Blow Molding,ISBM-007,M-SOP-020,2026-08-05,,,9.9,,42.0,48.0
WO-6342,Blow Molding,ISBM-007,M-SOP-020,2026-08-06,,,9.7,,43.2,47.8
WO-6343,Blow Molding,ISBM-007,M-SOP-015,2026-08-06,,,9.5,,43.5,54.1
WO-6344,Blow Molding,ISBM-007,M-SOP-002,2026-08-07,,,9.1,,39.7,40.6
WO-6345,Blow Molding,ISBM-007,M-SOP-020,2026-08-07,,,8.1,,43.4,45.7
WO-6346,Blow Molding,ISBM-007,M-SOP-020,2026-08-08,,,7.5,,45.7,47.9
WO-6347,Blow Molding,ISBM-007,M-SOP-020,2026-08-09,,,9.8,,45.4,48.2
WO-6348,  Blow Molding  ,ISBM-007,M-SOP-015,2026-08-10,,,10.6,,39.5,57.1
WO-6349,  Blow Molding  ,ISBM-007,M-SOP-002,2026-08-10,,,9.0,,36.1,48.6
WO-6350,Blow Molding,ISBM-007,M-SOP-017,2026-08-11,,,10.2,,44.1,48.8
WO-6351,Blow Molding,ISBM-007,M-SOP-020,2026-08-12,,,10.1,,42.2,49.0
WO-6352,Blow Molding,ISBM-007,M-SOP-020,2026-08-12,,,9.4,,45.6,59.3
WO-6353,Blow Molding,ISBM-007,M-SOP-015,2026-08-13,,,10.9,,40.4,47.1
WO-6354,Blow Molding,ISBM-007,M-SOP-015,2026-08-14,,,9.2,,45.7,48.5
WO-6355,Blow Molding,ISBM-007,M-SOP-002,2026-08-15,,,9.3,,42.1,46.1
WO-6356,Blow Molding,ISBM-007,M-SOP-002,2026-08-15,,,10.8,,36.2,53.1
WO-6357,Blow Molding,ISBM-007,M-SOP-002,2026-08-16,,,9.8,,35.7,43.1
WO-6358,Blow Molding,ISBM-007,M-SOP-002,2026-08-17,,,12.0,,43.3,55.7
WO-6359,Blow Molding,ISBM-007,M-SOP-002,2026-08-18,,,8.8,,36.8,49.1
WO-6360,Blow Molding,ISBM-007,M-SOP-002,2026-08-18,,,8.8,,43.7,49.1
WO-6361,Blow Molding,ISBM-007,M-SOP-002,2026-08-19,,,8.8,,35.2,55.5
WO-6362,Blow Molding,ISBM-007,M-SOP-015,2026-08-20,,,9.6,,40.5,49.9
WO-6363,Blow Molding,ISBM-007,M-SOP-015,2026-08-20,,,9.5,,33.1,52.5
WO-6364,Blow Molding,ISBM-007,M-SOP-017,2026-08-21,,,9.6,,45.5,50.1
WO-6365,BLOW MOLDING,ISBM-007,M-SOP-017,2026-08-22,,,10.0,,41.1,51.0
WO-6366,Blow Molding,ISBM-007,M-SOP-017,2026-08-22,,,10.5,,39.9,44.1
WO-6367,Blow Molding,ISBM-007,M-SOP-017,2026-08-23,,,10.1,,47.5,44.5
WO-6368,Blow Molding,ISBM-007,M-SOP-015,2026-08-24,,,9.4,,42.5,38.5
WO-6369,Blow Molding,ISBM-007,M-SOP-015,2026-08-24,,,10.9,,41.5,54.7
WO-6370,Blow Molding,ISBM-007,M-SOP-002,2026-08-25,,,9.1,,43.7,42.9
WO-6371,Blow Molding,ISBM-007,M-SOP-002,2026-08-26,,,8.6,,34.1,48.7
WO-6372,Blow Molding,ISBM-007,M-SOP-002,2026-08-27,,,8.9,,42.6,48.6
WO-6373,BLOW MOLDING,ISBM-007,M-SOP-002,2026-08-27,,,9.3,,41.3,46.2
WO-6374,Blow Molding,ISBM-007,M-SOP-002,2026-08-28,,,9.2,,43.4,49.7
WO-6375,Blow Molding,ISBM-007,M-SOP-017,2026-08-29,,,9.7,,39.3,44.4
WO-6376,Blow Molding,ISBM-007,M-SOP-017,2026-08-30,,,9.6,,48.7,51.9
WO-6377,Blow Molding,ISBM-007,M-SOP-017,2026-08-30,,,8.4,,40.2,46.0
WO-6378,BLOW MOLDING,ISBM-007,M-SOP-020,2026-08-31,,,8.7,,40.6,44.8
WO-6379,Blow Molding,ISBM-007,M-SOP-020,2026-09-01,,,9.5,,39.8,45.8
WO-6380,Blow Molding,ISBM-007,M-SOP-020,2026-09-01,,,10.8,,42.3,51.3
WO-6381,Blow Molding,ISBM-007,M-SOP-017,2026-09-02,,,7.3,,38.5,46.0
WO-6382,Blow Molding,ISBM-007,M-SOP-017,2026-09-03,,,9.1,,37.2,49.4
WO-6383,Blow Molding,ISBM-007,M-SOP-017,2026-09-03,,,9.0,,41.4,46.8
WO-6384,blow molding,ISBM-007,M-SOP-020,2026-09-04,,,10.9,,39.8,52.8
WO-6385,Blow Molding,ISBM-007,M-SOP-017,2026-09-05,,,10.9,,41.3,49.1
WO-6386,Blow Molding,ISBM-007,M-SOP-020,2026-09-05,,,8.2,,37.4,50.3
WO-6387,Blow Molding,ISBM-007,M-SOP-020,2026-09-06,,,9.7,,39.8,46.7
WO-6388,Blow Molding,ISBM-007,M-SOP-002,2026-09-06,,,10.2,,40.9,51.5
WO-6389,Blow Molding,ISBM-007,M-SOP-015,2026-09-07,,,9.5,,44.4,47.3
WO-6390,  Blow Molding  ,ISBM-007,M-SOP-015,2026-09-08,,,8.3,,37.8,58.3
WO-6391,Blow Molding,ISBM-007,M-SOP-015,2026-09-08,,,9.8,,40.7,41.9
WO-6392,Blow Molding,ISBM-007,M-SOP-015,2026-09-09,,,10.9,,38.0,47.2
WO-6393,Blow Molding,ISBM-007,M-SOP-015,2026-09-10,,,9.0,,38.6,48.6
WO-6394,Blow Molding,ISBM-007,M-SOP-015,2026-09-10,,,7.3,,44.9,46.1
WO-6395,BLOW MOLDING,ISBM-007,M-SOP-017,2026-09-11,,,10.3,,42.0,50.6
WO-6396,Blow Molding,ISBM-007,M-SOP-017,2026-09-12,,,8.8,,42.9,47.0
WO-6397,Blow Molding,ISBM-007,M-SOP-002,2026-09-13,,,10.1,,38.9,42.3
WO-6398,Blow Molding,ISBM-007,M-SOP-015,2026-09-13,,,9.7,,44.7,45.6
WO-6399,Blow Molding,ISBM-007,M-SOP-017,2026-09-14,,,8.8,,46.6,45.3
WO-6400,Blow Molding,ISBM-007,M-SOP-017,2026-09-15,,,9.7,,44.5,46.3
WO-6401,Blow Molding,ISBM-007,M-SOP-017,2026-09-15,,,10.0,,42.1,52.2
WO-6402,Blow Molding,ISBM-007,M-SOP-017,2026-09-16,,,10.1,,41.7,48.5
WO-6403,Blow Molding,ISBM-007,M-SOP-015,2026-09-16,,,8.5,,42.2,56.3
WO-6404,Blow Molding,ISBM-007,M-SOP-015,2026-09-17,,,10.2,,46.4,48.7
WO-6405,Blow Molding,ISBM-007,M-SOP-015,2026-09-17,,,12.2,,41.7,48.7
WO-6406,Blow Molding,ISBM-007,M-SOP-017,2026-09-18,,,11.1,,45.0,44.4
WO-6407,Blow Molding,ISBM-007,M-SOP-017,2026-09-19,,,9.6,,37.9,40.2
WO-6408,Blow Molding,ISBM-007,M-SOP-017,2026-09-19,,,7.9,,40.9,45.4
WO-6409,Blow Molding,ISBM-007,M-SOP-017,2026-09-20,,,9.5,,42.0,48.6
WO-6410,Blow Molding,ISBM-007,M-SOP-017,2026-09-21,,,10.4,,44.2,48.6
WO-6411,Blow Molding,ISBM-007,M-SOP-017,2026-09-22,,,8.5,,40.1,41.4
WO-6412,Blow Molding,ISBM-007,M-SOP-017,2026-09-22,,,10.0,,34.5,50.2
WO-6413,  Blow Molding  ,ISBM-007,M-SOP-017,2026-09-23,,,9.6,,42.3,51.0
WO-6414,Blow Molding,ISBM-007,M-SOP-017,2026-09-24,,,8.7,,40.7,51.3
WO-6415,Blow Molding,ISBM-007,M-SOP-002,2026-09-24,,,9.2,,38.8,43.1
WO-6416,BLOW MOLDING,ISBM-007,M-SOP-002,2026-09-25,,,9.9,,43.0,47.3
WO-6417,Blow Molding,ISBM-007,M-SOP-002,2026-09-26,,,8.8,,41.6,42.7
WO-6418,Blow Molding,ISBM-007,M-SOP-002,2026-09-26,,,10.9,,43.6,48.9
WO-6419,Blow Molding,ISBM-007,M-SOP-002,2026-09-27,,,8.9,,42.9,53.5
WO-6420,Blow Molding,ISBM-007,M-SOP-002,2026-09-28,,,11.4,,42.8,54.9
WO-6421,Blow Molding,ISBM-007,M-SOP-002,2026-09-28,,,9.6,,40.1,52.9
WO-6422,Blow Molding,ISBM-007,M-SOP-002,2026-09-29,,,8.4,,45.1,42.9
WO-6423,Blow Molding,ISBM-007,M-SOP-002,2026-09-29,,,10.6,,42.5,37.5
WO-6424,Blow Molding,ISBM-007,M-SOP-002,2026-09-30,,,9.8,,44.6,49.7
WO-6425,Blow Molding,ISBM-007,M-SOP-017,2026-09-30,,,9.5,,41.8,42.0
WO-6426,blow molding,ISBM-007,M-SOP-017,2026-10-01,,,9.9,,43.6,53.1
WO-6427,Blow Molding,ISBM-007,M-SOP-017,2026-10-01,,,10.8,,44.1,44.6
WO-6428,Blow Molding,ISBM-007,M-SOP-017,2026-10-02,,,9.3,,46.1,45.4
WO-6429,Blow Molding,ISBM-007,M-SOP-017,2026-10-03,,,9.5,,44.3,48.6
WO-6430,Blow Molding,ISBM-007,M-SOP-017,2026-10-04,,,8.8,,42.8,43.1
WO-6431,Blow Molding,ISBM-007,M-SOP-020,2026-10-05,,,10.7,,38.5,55.9
WO-6432,Blow Molding,ISBM-007,M-SOP-002,2026-10-05,,,9.8,,41.7,44.0
WO-6433,BLOW MOLDING,ISBM-007,M-SOP-002,2026-10-06,,,9.4,,43.8,43.6
WO-6434,Blow Molding,ISBM-007,M-SOP-015,2026-10-07,,,9.7,,41.8,53.4
WO-6435,BLOW MOLDING,ISBM-007,M-SOP-015,2026-10-07,,,9.7,,42.2,42.7
WO-6436,Blow Molding,ISBM-007,M-SOP-020,2026-10-08,,,6.6,,41.7,51.1
WO-6437,Blow Molding,ISBM-007,M-SOP-017,2026-10-09,,,8.5,,40.1,52.2
WO-6438,  Blow Molding  ,ISBM-007,M-SOP-017,2026-10-09,,,8.5,,40.0,47.8
WO-6439,Blow Molding,ISBM-007,M-SOP-020,2026-10-10,,,9.7,,42.1,52.6
WO-6440,BLOW MOLDING,ISBM-007,M-SOP-020,2026-10-10,,,9.1,,43.9,46.3
WO-6441,Blow Molding,ISBM-007,M-SOP-017,2026-10-11,,,9.3,,44.5,46.8
WO-6442,blow molding,ISBM-007,M-SOP-017,2026-10-12,,,10.8,,47.1,51.7
WO-6443,Blow Molding,ISBM-007,M-SOP-002,2026-10-13,,,9.3,,43.5,50.5
WO-6444,Blow Molding,ISBM-007,M-SOP-002,2026-10-13,,,9.4,,39.8,48.8
WO-6445,Blow Molding,ISBM-007,M-SOP-015,2026-10-14,,,10.2,,43.5,48.1
WO-6446,Blow Molding,ISBM-007,M-SOP-015,2026-10-14,,,10.6,,41.2,54.2
WO-6447,Blow Molding,ISBM-007,M-SOP-015,2026-10-15,,,10.6,,39.5,57.1
WO-6448,Blow Molding,ISBM-007,M-SOP-017,2026-10-16,,,10.9,,39.3,46.0
WO-6449,Blow Molding,ISBM-007,M-SOP-017,2026-10-16,,,10.1,,41.6,46.1
WO-6450,Blow Molding,ISBM-007,M-SOP-017,2026-10-17,,,8.1,,38.2,46.0
WO-6451,Blow Molding,ISBM-007,M-SOP-017,2026-10-18,,,8.4,,44.4,50.8
WO-6452,Blow Molding,ISBM-007,M-SOP-017,2026-10-18,,,9.6,,43.2,43.2
WO-6453,Blow Molding,ISBM-007,M-SOP-015,2026-10-19,,,8.9,,45.5,50.3
WO-6454,Blow Molding,ISBM-007,M-SOP-020,2026-10-19,,,9.0,,41.2,41.8
WO-6455,Blow Molding,ISBM-007,M-SOP-020,2026-10-20,,,9.8,,39.7,38.9
WO-6456,Blow Molding,ISBM-007,M-SOP-002,2026-10-21,,,8.7,,40.9,51.6
WO-6457,Blow Molding,ISBM-007,M-SOP-002,2026-10-22,,,11.0,,41.0,49.3
WO-6458,  Blow Molding  ,ISBM-007,M-SOP-015,2026-10-23,,,10.7,,42.4,50.4
WO-6459,Blow Molding,ISBM-007,M-SOP-015,2026-10-23,,,9.0,,44.7,49.2
WO-6460,Blow Molding,ISBM-007,M-SOP-017,2026-10-24,,,10.6,,45.2,48.2
WO-6461,Blow Molding,ISBM-007,M-SOP-017,2026-10-25,,,10.0,,42.2,51.2
WO-6462,Blow Molding,ISBM-007,M-SOP-020,2026-10-25,,,10.0,,39.4,42.3
WO-6463,Blow Molding,ISBM-007,M-SOP-002,2026-10-26,,,11.9,,47.3,50.4
WO-6464,Blow Molding,ISBM-007,M-SOP-002,2026-10-27,,,9.8,,42.4,49.0
WO-6465,Blow Molding,ISBM-007,M-SOP-002,2026-10-28,,,7.8,,38.4,50.2
WO-6466,Blow Molding,ISBM-007,M-SOP-017,2026-10-29,,,6.8,,44.7,50.2
WO-6467,Blow Molding,ISBM-007,M-SOP-002,2026-10-29,,,8.1,,45.7,48.7
WO-6468,Blow Molding,ISBM-007,M-SOP-017,2026-10-30,,,10.0,,41.0,47.3
WO-6469,Blow Molding,ISBM-007,M-SOP-017,2026-10-30,,,10.0,,42.4,47.2
WO-6470,Blow Molding,ISBM-007,M-SOP-020,2026-10-31,,,8.9,,41.2,47.9
WO-6471,Blow Molding,ISBM-007,M-SOP-020,2026-11-01,,,9.6,,39.5,50.7
WO-6472,Blow Molding,ISBM-007,M-SOP-020,2026-11-01,,,8.9,,41.4,49.2
WO-6473,Blow Molding,ISBM-007,M-SOP-002,2026-11-03,,,10.0,,49.4,49.6
WO-6474,Blow Molding,ISBM-007,M-SOP-002,2026-11-03,,,9.3,,44.5,45.9
WO-6475,Blow Molding,ISBM-007,M-SOP-015,2026-11-03,,,9.5,,42.2,54.0
WO-6476,Blow Molding,ISBM-007,M-SOP-015,2026-11-04,,,9.0,,43.9,47.8
WO-6477,Blow Molding,ISBM-007,M-SOP-015,2026-11-05,,,10.7,,39.1,53.0
WO-6478,Blow Molding,ISBM-007,M-SOP-015,2026-11-05,,,9.2,,43.3,51.9
WO-6479,blow molding,ISBM-007,M-SOP-017,2026-11-06,,,10.4,,40.7,49.1
WO-6480,Blow Molding,ISBM-007,M-SOP-017,2026-11-06,,,8.9,,37.8,48.8
WO-6481,Blow Molding,ISBM-007,M-SOP-017,2026-11-07,,,10.6,,41.9,49.6
WO-6482,Blow Molding,ISBM-007,M-SOP-017,2026-11-08,,,10.0,,40.2,50.6
WO-6483,Blow Molding,ISBM-007,M-SOP-017,2026-11-08,,,10.6,,38.2,47.7
WO-6484,Blow Molding,ISBM-007,M-SOP-015,2026-11-09,,,8.2,,46.6,51.3
WO-6485,blow molding,ISBM-007,M-SOP-015,2026-11-09,,,8.0,,40.3,55.3
WO-6486,Blow Molding,ISBM-007,M-SOP-002,2026-11-10,,,9.3,,44.8,53.7
WO-6487,blow molding,ISBM-007,M-SOP-002,2026-11-11,,,9.9,,43.4,52.4
WO-6488,Blow Molding,ISBM-007,M-SOP-002,2026-11-11,,,9.0,,45.6,50.3
WO-6489,Blow Molding,ISBM-007,M-SOP-017,2026-11-12,,,10.3,,47.3,56.6
WO-6490,Blow Molding,ISBM-007,M-SOP-017,2026-11-13,,,10.9,,46.5,55.5
WO-6491,Blow Molding,ISBM-007,M-SOP-020,2026-11-13,,,8.7,,45.8,47.0
WO-6492,Blow Molding,ISBM-007,M-SOP-020,2026-11-14,,,9.7,,44.0,48.1
WO-6493,Blow Molding,ISBM-007,M-SOP-020,2026-11-14,,,9.3,,45.0,51.4
WO-6494,Blow Molding,ISBM-007,M-SOP-015,2026-11-15,,,11.8,,43.1,50.2
WO-6495,Blow Molding,ISBM-007,M-SOP-015,2026-11-16,,,8.6,,43.1,53.7
WO-6496,blow molding,ISBM-007,M-SOP-002,2026-11-16,,,10.7,,40.8,44.3
WO-6497,  Blow Molding  ,ISBM-007,M-SOP-002,2026-11-17,,,8.7,,45.2,48.8
WO-6498,Blow Molding,ISBM-007,M-SOP-002,2026-11-18,,,7.8,,47.8,41.9
WO-6499,Blow Molding,ISBM-007,M-SOP-020,2026-11-18,,,7.9,,46.5,48.8
WO-6500,Blow Molding,ISBM-007,M-SOP-017,2026-11-19,,,8.3,,37.4,50.0
WO-6501,Blow Molding,ISBM-007,M-SOP-020,2026-11-20,,,11.3,,39.5,42.9
WO-6502,Blow Molding,ISBM-007,M-SOP-020,2026-11-20,,,9.4,,44.0,48.6
WO-6503,Blow Molding,ISBM-007,M-SOP-020,2026-11-21,,,10.7,,42.5,46.0
WO-6504,Blow Molding,ISBM-007,M-SOP-020,2026-11-22,,,12.5,,38.5,42.1
WO-6505,BLOW MOLDING,ISBM-007,M-SOP-020,2026-11-22,,,10.2,,41.1,53.2
WO-6506,Blow Molding,ISBM-007,M-SOP-015,2026-11-23,,,10.4,,43.5,50.7
WO-6507,Blow Molding,ISBM-007,M-SOP-015,2026-11-24,,,9.1,,41.7,47.7
WO-6508,Blow Molding,ISBM-007,M-SOP-015,2026-11-24,,,10.1,,43.9,50.6
WO-6509,Blow Molding,ISBM-007,M-SOP-015,2026-11-25,,,10.0,,41.4,51.4
WO-6510,Blow Molding,ISBM-007,M-SOP-020,2026-11-26,,,8.7,,43.8,40.4
WO-6511,Blow Molding,ISBM-007,M-SOP-020,2026-11-26,,,8.6,,43.1,49.2
WO-6512,Blow Molding,ISBM-007,M-SOP-015,2026-11-27,,,10.7,,40.5,50.4
WO-6513,Blow Molding,ISBM-007,M-SOP-020,2026-11-28,,,9.0,,41.0,52.1
WO-6514,Blow Molding,ISBM-007,M-SOP-020,2026-11-28,,,11.3,,42.0,48.4
WO-6515,Blow Molding,ISBM-007,M-SOP-017,2026-11-29,,,8.2,,43.0,52.3
WO-6516,Blow Molding,ISBM-007,M-SOP-017,2026-11-30,,,9.5,,43.9,44.8
WO-6517,Blow Molding,ISBM-007,M-SOP-002,2026-11-30,,,10.6,,44.3,54.4
WO-6518,  Blow Molding  ,ISBM-007,M-SOP-002,2026-11-30,,,10.6,,45.1,47.5
WO-6519,Blow Molding,ISBM-007,M-SOP-017,2026-12-01,,,9.8,,42.1,48.6
WO-6520,Blow Molding,ISBM-007,M-SOP-017,2026-12-02,,,10.4,,43.9,46.2
WO-6521,Blow Molding,ISBM-007,M-SOP-020,2026-12-03,,,8.9,,42.0,57.1
WO-6522,Blow Molding,ISBM-007,M-SOP-020,2026-12-04,,,7.5,,41.1,52.1
WO-6523,Blow Molding,ISBM-007,M-SOP-020,2026-12-04,,,7.4,,35.7,51.5
WO-6524,Blow Molding,ISBM-007,M-SOP-002,2026-12-05,,,10.5,,45.4,45.3
WO-6525,Blow Molding,ISBM-007,M-SOP-002,2026-12-05,,,11.3,,44.2,50.7
WO-6526,Blow Molding,ISBM-007,M-SOP-002,2026-12-06,,,8.7,,42.4,49.3
WO-6527,Blow Molding,ISBM-007,M-SOP-002,2026-12-07,,,10.0,,48.8,40.6
WO-6528,Blow Molding,ISBM-007,M-SOP-020,2026-12-08,,,10.9,,37.2,54.2
WO-6529,Blow Molding,ISBM-007,M-SOP-020,2026-12-08,,,8.6,,40.8,49.7
WO-6530,Blow Molding,ISBM-007,M-SOP-020,2026-12-09,,,9.3,,44.4,41.6
WO-6531,Blow Molding,ISBM-007,M-SOP-020,2026-12-09,,,9.1,,42.1,51.3
WO-6532,Blow Molding,ISBM-007,M-SOP-020,2026-12-10,,,10.5,,45.5,48.1
WO-6533,Blow Molding,ISBM-007,M-SOP-002,2026-12-11,,,9.6,,43.2,46.9
WO-6534,Blow Molding,ISBM-007,M-SOP-002,2026-12-12,,,11.7,,40.3,49.5
WO-6535,Blow Molding,ISBM-007,M-SOP-002,2026-12-12,,,10.0,,37.1,48.2
WO-6536,Blow Molding,ISBM-007,M-SOP-002,2026-12-13,,,10.9,,39.8,46.2
WO-6537,Blow Molding,ISBM-007,M-SOP-020,2026-12-13,,,10.8,,44.3,49.4
WO-6538,Blow Molding,ISBM-007,M-SOP-002,2026-12-14,,,8.0,,43.0,48.1
WO-6539,Blow Molding,ISBM-007,M-SOP-015,2026-12-14,,,9.0,,43.7,49.8
WO-6540,Blow Molding,ISBM-007,M-SOP-017,2026-12-15,,,9.5,,41.6,43.9
WO-6541,Blow Molding,ISBM-007,M-SOP-017,2026-12-16,,,9.5,,44.8,50.5
WO-6542,Blow Molding,ISBM-007,M-SOP-002,2026-12-17,,,8.7,,37.5,50.1
WO-6543,Blow Molding,ISBM-007,M-SOP-015,2026-12-18,,,9.6,,41.2,48.5
WO-6544,blow molding,ISBM-007,M-SOP-015,2026-12-18,,,7.4,,40.6,43.4
WO-6545,Blow Molding,ISBM-007,M-SOP-020,2026-12-19,,,8.5,,45.5,48.3
WO-6546,Blow Molding,ISBM-007,M-SOP-020,2026-12-20,,,9.2,,40.1,51.4
WO-6547,Blow Molding,ISBM-007,M-SOP-002,2026-12-21,,,11.5,,36.4,46.7
WO-6548,Blow Molding,ISBM-007,M-SOP-002,2026-12-21,,,10.5,,39.1,55.0
WO-6549,Blow Molding,ISBM-007,M-SOP-020,2026-12-21,,,10.5,,41.1,43.8
WO-6550,  Blow Molding  ,ISBM-007,M-SOP-020,2026-12-22,,,8.7,,38.4,51.9
WO-6551,Blow Molding,ISBM-007,M-SOP-020,2026-12-23,,,9.5,,42.7,45.9
WO-6552,Blow Molding,ISBM-007,M-SOP-020,2026-12-23,,,8.4,,47.1,45.5
WO-6553,Blow Molding,ISBM-007,M-SOP-020,2026-12-24,,,10.7,,38.3,55.2
WO-6554,Blow Molding,ISBM-007,M-SOP-015,2026-12-25,,,7.5,,41.2,44.6
WO-6555,Blow Molding,ISBM-007,M-SOP-015,2026-12-26,,,10.8,,44.4,53.7
WO-6556,Blow Molding,ISBM-007,M-SOP-015,2026-12-26,,,8.0,,41.6,47.1
WO-6557,Blow Molding,ISBM-007,M-SOP-020,2026-12-27,,,7.7,,42.8,48.6
WO-6558,Blow Molding,ISBM-007,M-SOP-020,2026-12-27,,,9.9,,42.6,53.0
WO-6559,Blow Molding,ISBM-007,M-SOP-015,2026-12-28,,,10.1,,38.5,45.2
WO-6560,Blow Molding,ISBM-007,M-SOP-015,2026-12-29,,,10.2,,40.7,50.3
WO-6561,Blow Molding,ISBM-007,M-SOP-015,2026-12-29,,,8.6,,43.9,51.9
WO-6562,Blow Molding,ISBM-007,M-SOP-017,2026-12-30,,,11.8,,39.9,48.6
WO-6563,Blow Molding,ISBM-007,M-SOP-017,2026-12-30,,,10.1,,41.7,59.6
WO-6564,Blow Molding,ISBM-008,M-SOP-016,2025-07-01,,,9.6,,41.0,46.6
WO-6565,Blow Molding,ISBM-008,M-SOP-022,2025-07-01,,,11.1,,41.6,49.3
WO-6566,Blow Molding,ISBM-008,M-SOP-022,2025-07-02,,,10.5,,43.3,45.9
WO-6567,Blow Molding,ISBM-008,M-SOP-016,2025-07-03,,,9.3,,43.2,50.1
WO-6568,Blow Molding,ISBM-008,M-SOP-016,2025-07-03,,,11.1,,39.7,57.2
WO-6569,Blow Molding,ISBM-008,M-SOP-022,2025-07-04,,,8.8,,40.8,40.3
WO-6570,Blow Molding,ISBM-008,M-SOP-022,2025-07-05,,,9.1,,42.9,47.8
WO-6571,Blow Molding,ISBM-008,M-SOP-016,2025-07-06,,,9.7,,39.3,50.2
WO-6572,Blow Molding,ISBM-008,M-SOP-016,2025-07-06,,,9.3,,41.7,49.0
WO-6573,Blow Molding,ISBM-008,M-SOP-022,2025-07-07,,,10.4,,41.3,43.3
WO-6574,Blow Molding,ISBM-008,M-SOP-022,2025-07-07,,,9.6,,40.7,52.9
WO-6575,Blow Molding,ISBM-008,M-SOP-022,2025-07-08,,,9.3,,45.2,40.9
WO-6576,Blow Molding,ISBM-008,M-SOP-019,2025-07-09,,,10.2,,40.0,54.4
WO-6577,Blow Molding,ISBM-008,M-SOP-022,2025-07-09,,,8.1,,42.8,48.2
WO-6578,Blow Molding,ISBM-008,M-SOP-022,2025-07-10,,,9.5,,39.8,48.9
WO-6579,Blow Molding,ISBM-008,M-SOP-019,2025-07-11,,,8.6,,41.2,40.2
WO-6580,Blow Molding,ISBM-008,M-SOP-019,2025-07-11,,,9.4,,40.7,49.2
WO-6581,Blow Molding,ISBM-008,M-SOP-019,2025-07-12,,,11.3,,40.0,46.5
WO-6582,Blow Molding,ISBM-008,M-SOP-019,2025-07-13,,,7.7,,39.2,47.8
WO-6583,Blow Molding,ISBM-008,M-SOP-016,2025-07-13,,,9.6,,38.0,50.3
WO-6584,Blow Molding,ISBM-008,M-SOP-019,2025-07-14,,,9.6,,39.3,47.2
WO-6585,Blow Molding,ISBM-008,M-SOP-019,2025-07-15,,,9.7,,40.4,47.5
WO-6586,Blow Molding,ISBM-008,M-SOP-022,2025-07-16,,,8.8,,43.1,49.7
WO-6587,Blow Molding,ISBM-008,M-SOP-022,2025-07-17,,,8.4,,40.1,49.6
WO-6588,Blow Molding,ISBM-008,M-SOP-022,2025-07-17,,,9.8,,42.6,52.0
WO-6589,  Blow Molding  ,ISBM-008,M-SOP-022,2025-07-18,,,9.2,,36.9,46.7
WO-6590,Blow Molding,ISBM-008,M-SOP-022,2025-07-19,,,9.0,,44.5,53.8
WO-6591,Blow Molding,ISBM-008,M-SOP-019,2025-07-20,,,9.8,,42.0,49.6
WO-6592,Blow Molding,ISBM-008,M-SOP-022,2025-07-20,,,7.9,,44.0,40.5
WO-6593,Blow Molding,ISBM-008,M-SOP-022,2025-07-21,,,10.1,,37.5,47.4
WO-6594,Blow Molding,ISBM-008,M-SOP-022,2025-07-21,,,9.0,,40.1,51.2
WO-6595,Blow Molding,ISBM-008,M-SOP-019,2025-07-22,,,9.0,,46.9,43.5
WO-6596,Blow Molding,ISBM-008,M-SOP-016,2025-07-23,,,9.4,,41.2,47.8
WO-6597,Blow Molding,ISBM-008,M-SOP-016,2025-07-24,,,9.2,,40.0,50.0
WO-6598,Blow Molding,ISBM-008,M-SOP-022,2025-07-24,,,11.4,,41.6,55.7
WO-6599,Blow Molding,ISBM-008,M-SOP-022,2025-07-25,,,9.8,,44.9,47.8
WO-6600,blow molding,ISBM-008,M-SOP-019,2025-07-25,,,8.5,,38.2,48.4
WO-6601,Blow Molding,ISBM-008,M-SOP-019,2025-07-26,,,10.3,,40.1,49.0
WO-6602,Blow Molding,ISBM-008,M-SOP-019,2025-07-27,,,10.3,,45.2,55.6
WO-6603,Blow Molding,ISBM-008,M-SOP-019,2025-07-27,,,10.0,,46.7,46.5
WO-6604,Blow Molding,ISBM-008,M-SOP-019,2025-07-28,,,8.5,,41.7,54.1
WO-6605,Blow Molding,ISBM-008,M-SOP-019,2025-07-29,,,8.9,,42.7,48.9
WO-6606,  Blow Molding  ,ISBM-008,M-SOP-019,2025-07-29,,,9.0,,34.5,53.4
WO-6607,Blow Molding,ISBM-008,M-SOP-019,2025-07-30,,,8.9,,45.6,49.4
WO-6608,Blow Molding,ISBM-008,M-SOP-019,2025-07-31,,,8.5,,42.1,50.7
WO-6609,BLOW MOLDING,ISBM-008,M-SOP-019,2025-07-31,,,9.1,,43.7,47.7
WO-6610,Blow Molding,ISBM-008,M-SOP-016,2025-08-01,,,8.9,,38.9,50.0
WO-6611,  Blow Molding  ,ISBM-008,M-SOP-016,2025-08-02,,,9.8,,41.8,45.0
WO-6612,Blow Molding,ISBM-008,M-SOP-016,2025-08-03,,,9.0,,46.7,49.3
WO-6613,  Blow Molding  ,ISBM-008,M-SOP-019,2025-08-04,,,9.2,,42.5,46.2
WO-6614,Blow Molding,ISBM-008,M-SOP-019,2025-08-04,,,8.2,,44.1,51.6
WO-6615,Blow Molding,ISBM-008,M-SOP-016,2025-08-05,,,10.1,,43.3,49.6
WO-6616,Blow Molding,ISBM-008,M-SOP-016,2025-08-06,,,9.8,,41.1,48.7
WO-6617,Blow Molding,ISBM-008,M-SOP-019,2025-08-07,,,8.2,,43.6,42.7
WO-6618,Blow Molding,ISBM-008,M-SOP-019,2025-08-07,,,9.4,,40.5,46.4
WO-6619,Blow Molding,ISBM-008,M-SOP-022,2025-08-08,,,8.7,,41.1,49.1
WO-6620,Blow Molding,ISBM-008,M-SOP-022,2025-08-09,,,10.4,,45.8,51.9
WO-6621,Blow Molding,ISBM-008,M-SOP-019,2025-08-10,,,9.2,,40.5,44.2
WO-6622,Blow Molding,ISBM-008,M-SOP-019,2025-08-11,,,9.8,,39.3,42.5
WO-6623,Blow Molding,ISBM-008,M-SOP-022,2025-08-11,,,10.2,,42.5,50.6
WO-6624,Blow Molding,ISBM-008,M-SOP-022,2025-08-12,,,9.7,,43.0,45.4
WO-6625,Blow Molding,ISBM-008,M-SOP-019,2025-08-13,,,9.4,,46.5,48.2
WO-6626,Blow Molding,ISBM-008,M-SOP-019,2025-08-14,,,9.4,,42.8,45.8
WO-6627,Blow Molding,ISBM-008,M-SOP-016,2025-08-14,,,9.5,,46.1,42.9
WO-6628,Blow Molding,ISBM-008,M-SOP-016,2025-08-15,,,9.4,,37.5,44.9
WO-6629,BLOW MOLDING,ISBM-008,M-SOP-016,2025-08-16,,,8.3,,40.2,46.9
WO-6630,Blow Molding,ISBM-008,M-SOP-022,2025-08-16,,,9.5,,43.8,54.7
WO-6631,Blow Molding,ISBM-008,M-SOP-022,2025-08-17,,,8.8,,42.1,48.0
WO-6632,Blow Molding,ISBM-008,M-SOP-016,2025-08-17,,,7.2,,43.6,47.2
WO-6633,Blow Molding,ISBM-008,M-SOP-016,2025-08-18,,,8.4,,40.5,48.0
WO-6634,Blow Molding,ISBM-008,M-SOP-016,2025-08-18,,,9.3,,44.5,40.8
WO-6635,Blow Molding,ISBM-008,M-SOP-022,2025-08-19,,,9.8,,36.0,45.4
WO-6636,Blow Molding,ISBM-008,M-SOP-019,2025-08-20,,,9.8,,42.9,52.6
WO-6637,Blow Molding,ISBM-008,M-SOP-019,2025-08-21,,,9.8,,41.3,52.5
WO-6638,Blow Molding,ISBM-008,M-SOP-019,2025-08-21,,,8.4,,39.0,48.4
WO-6639,Blow Molding,ISBM-008,M-SOP-016,2025-08-22,,,10.2,,39.4,49.8
WO-6640,Blow Molding,ISBM-008,M-SOP-022,2025-08-23,,,9.7,,44.1,37.5
WO-6641,Blow Molding,ISBM-008,M-SOP-016,2025-08-24,,,9.1,,38.7,50.5
WO-6642,Blow Molding,ISBM-008,M-SOP-022,2025-08-24,,,8.4,,39.7,58.2
WO-6643,Blow Molding,ISBM-008,M-SOP-019,2025-08-25,,,10.0,,41.2,58.9
WO-6644,Blow Molding,ISBM-008,M-SOP-022,2025-08-26,,,9.7,,39.5,53.2
WO-6645,Blow Molding,ISBM-008,M-SOP-019,2025-08-27,,,10.1,,41.2,40.2
WO-6646,Blow Molding,ISBM-008,M-SOP-019,2025-08-27,,,8.2,,41.2,39.4
WO-6647,Blow Molding,ISBM-008,M-SOP-019,2025-08-28,,,10.2,,42.6,40.4
WO-6648,Blow Molding,ISBM-008,M-SOP-016,2025-08-29,,,10.3,,45.5,49.9
WO-6649,Blow Molding,ISBM-008,M-SOP-019,2025-08-30,,,10.5,,39.7,41.0
WO-6650,Blow Molding,ISBM-008,M-SOP-019,2025-08-30,,,8.4,,44.3,43.6
WO-6651,Blow Molding,ISBM-008,M-SOP-019,2025-08-31,,,9.2,,46.2,53.8
WO-6652,Blow Molding,ISBM-008,M-SOP-022,2025-09-01,,,10.8,,44.2,51.5
WO-6653,Blow Molding,ISBM-008,M-SOP-016,2025-09-01,,,8.9,,43.0,47.1
WO-6654,  Blow Molding  ,ISBM-008,M-SOP-022,2025-09-02,,,10.0,,43.2,46.6
WO-6655,Blow Molding,ISBM-008,M-SOP-016,2025-09-03,,,10.2,,38.6,50.1
WO-6656,Blow Molding,ISBM-008,M-SOP-016,2025-09-04,,,10.3,,38.5,38.8
WO-6657,Blow Molding,ISBM-008,M-SOP-022,2025-09-04,,,10.0,,40.1,48.6
WO-6658,Blow Molding,ISBM-008,M-SOP-022,2025-09-05,,,9.4,,42.5,52.6
WO-6659,Blow Molding,ISBM-008,M-SOP-022,2025-09-06,,,10.7,,46.4,50.6
WO-6660,Blow Molding,ISBM-008,M-SOP-016,2025-09-07,,,9.9,,42.7,49.4
WO-6661,Blow Molding,ISBM-008,M-SOP-016,2025-09-08,,,9.6,,36.7,49.6
WO-6662,Blow Molding,ISBM-008,M-SOP-022,2025-09-08,,,9.1,,46.0,40.3
WO-6663,Blow Molding,ISBM-008,M-SOP-019,2025-09-09,,,8.6,,45.0,40.3
WO-6664,Blow Molding,ISBM-008,M-SOP-019,2025-09-09,,,10.2,,42.1,45.3
WO-6665,Blow Molding,ISBM-008,M-SOP-019,2025-09-10,,,9.0,,46.1,50.0
WO-6666,Blow Molding,ISBM-008,M-SOP-019,2025-09-11,,,11.9,,44.8,38.3
WO-6667,Blow Molding,ISBM-008,M-SOP-019,2025-09-11,,,9.0,,41.8,40.2
WO-6668,Blow Molding,ISBM-008,M-SOP-019,2025-09-12,,,10.2,,41.8,50.8
WO-6669,Blow Molding,ISBM-008,M-SOP-019,2025-09-12,,,9.2,,41.6,51.0
WO-6670,Blow Molding,ISBM-008,M-SOP-016,2025-09-13,,,10.3,,44.8,53.7
WO-6671,Blow Molding,ISBM-008,M-SOP-016,2025-09-14,,,9.5,,42.3,49.8
WO-6672,  Blow Molding  ,ISBM-008,M-SOP-016,2025-09-15,,,9.5,,46.3,46.1
WO-6673,Blow Molding,ISBM-008,M-SOP-016,2025-09-15,,,10.8,,46.1,52.8
WO-6674,Blow Molding,ISBM-008,M-SOP-016,2025-09-16,,,10.2,,45.5,47.3
WO-6675,Blow Molding,ISBM-008,M-SOP-016,2025-09-17,,,10.2,,43.1,50.9
WO-6676,Blow Molding,ISBM-008,M-SOP-019,2025-09-18,,,9.1,,34.9,41.3
WO-6677,Blow Molding,ISBM-008,M-SOP-016,2025-09-19,,,8.5,,43.8,48.2
WO-6678,Blow Molding,ISBM-008,M-SOP-016,2025-09-19,,,9.9,,41.4,45.1
WO-6679,BLOW MOLDING,ISBM-008,M-SOP-016,2025-09-20,,,9.2,,45.4,44.0
WO-6680,Blow Molding,ISBM-008,M-SOP-022,2025-09-21,,,9.8,,38.3,51.1
WO-6681,Blow Molding,ISBM-008,M-SOP-022,2025-09-21,,,7.6,,43.6,48.6
WO-6682,Blow Molding,ISBM-008,M-SOP-022,2025-09-22,,,9.4,,37.5,42.3
WO-6683,Blow Molding,ISBM-008,M-SOP-022,2025-09-23,,,7.8,,43.0,40.3
WO-6684,Blow Molding,ISBM-008,M-SOP-022,2025-09-24,,,11.0,,40.6,48.2
WO-6685,Blow Molding,ISBM-008,M-SOP-019,2025-09-25,,,10.5,,44.2,46.8
WO-6686,Blow Molding,ISBM-008,M-SOP-016,2025-09-25,,,9.0,,40.4,37.9
WO-6687,Blow Molding,ISBM-008,M-SOP-016,2025-09-26,,,8.4,,44.0,45.3
WO-6688,  Blow Molding  ,ISBM-008,M-SOP-016,2025-09-27,,,10.7,,40.4,44.6
WO-6689,Blow Molding,ISBM-008,M-SOP-016,2025-09-27,,,9.5,,39.7,49.4
WO-6690,Blow Molding,ISBM-008,M-SOP-016,2025-09-28,,,7.7,,40.5,43.3
WO-6691,Blow Molding,ISBM-008,M-SOP-019,2025-09-29,,,9.8,,43.8,48.9
WO-6692,Blow Molding,ISBM-008,M-SOP-019,2025-09-30,,,9.8,,39.1,50.0
WO-6693,Blow Molding,ISBM-008,M-SOP-019,2025-09-30,,,8.9,,42.8,56.3
WO-6694,Blow Molding,ISBM-008,M-SOP-022,2025-10-01,,,7.8,,39.9,44.9
WO-6695,Blow Molding,ISBM-008,M-SOP-022,2025-10-01,,,9.9,,40.2,45.5
WO-6696,Blow Molding,ISBM-008,M-SOP-022,2025-10-02,,,8.9,,39.3,47.0
WO-6697,Blow Molding,ISBM-008,M-SOP-016,2025-10-02,,,9.4,,45.8,51.0
WO-6698,Blow Molding,ISBM-008,M-SOP-022,2025-10-03,,,7.9,,41.5,42.6
WO-6699,Blow Molding,ISBM-008,M-SOP-022,2025-10-03,,,8.5,,46.9,43.3
WO-6700,Blow Molding,ISBM-008,M-SOP-022,2025-10-04,,,8.6,,40.9,48.0
WO-6701,Blow Molding,ISBM-008,M-SOP-022,2025-10-05,,,9.5,,46.9,48.0
WO-6702,BLOW MOLDING,ISBM-008,M-SOP-022,2025-10-06,,,12.0,,44.7,54.6
WO-6703,Blow Molding,ISBM-008,M-SOP-022,2025-10-06,,,8.6,,36.5,45.2
WO-6704,Blow Molding,ISBM-008,M-SOP-019,2025-10-07,,,8.9,,39.4,50.1
WO-6705,Blow Molding,ISBM-008,M-SOP-019,2025-10-07,,,9.7,,46.3,44.0
WO-6706,Blow Molding,ISBM-008,M-SOP-022,2025-10-08,,,10.1,,39.2,40.9
WO-6707,blow molding,ISBM-008,M-SOP-016,2025-10-09,,,10.5,,41.9,55.8
WO-6708,Blow Molding,ISBM-008,M-SOP-016,2025-10-10,,,9.9,,41.4,46.4
WO-6709,Blow Molding,ISBM-008,M-SOP-019,2025-10-10,,,9.4,,37.2,56.9
WO-6710,Blow Molding,ISBM-008,M-SOP-019,2025-10-11,,,9.5,,43.3,48.2
WO-6711,BLOW MOLDING,ISBM-008,M-SOP-016,2025-10-11,,,10.7,,42.4,52.4
WO-6712,Blow Molding,ISBM-008,M-SOP-019,2025-10-12,,,10.4,,40.9,46.6
WO-6713,Blow Molding,ISBM-008,M-SOP-019,2025-10-13,,,10.6,,42.6,49.9
WO-6714,Blow Molding,ISBM-008,M-SOP-016,2025-10-13,,,10.8,,41.4,42.7
WO-6715,Blow Molding,ISBM-008,M-SOP-016,2025-10-14,,,10.4,,42.2,48.5
WO-6716,Blow Molding,ISBM-008,M-SOP-022,2025-10-15,,,7.5,,41.1,48.3
WO-6717,Blow Molding,ISBM-008,M-SOP-019,2025-10-16,,,9.2,,44.4,48.3
WO-6718,BLOW MOLDING,ISBM-008,M-SOP-022,2025-10-16,,,10.5,,41.2,49.3
WO-6719,BLOW MOLDING,ISBM-008,M-SOP-019,2025-10-17,,,9.0,,43.5,46.5
WO-6720,Blow Molding,ISBM-008,M-SOP-019,2025-10-18,,,10.1,,49.8,52.9
WO-6721,Blow Molding,ISBM-008,M-SOP-019,2025-10-18,,,9.7,,39.7,49.4
WO-6722,Blow Molding,ISBM-008,M-SOP-022,2025-10-19,,,7.6,,44.5,45.5
WO-6723,Blow Molding,ISBM-008,M-SOP-022,2025-10-19,,,10.7,,40.6,48.2
WO-6724,  Blow Molding  ,ISBM-008,M-SOP-019,2025-10-20,,,10.1,,43.5,48.7
WO-6725,Blow Molding,ISBM-008,M-SOP-019,2025-10-21,,,10.2,,43.3,46.5
WO-6726,Blow Molding,ISBM-008,M-SOP-019,2025-10-21,,,10.0,,39.1,43.5
WO-6727,Blow Molding,ISBM-008,M-SOP-022,2025-10-22,,,9.6,,47.2,49.5
WO-6728,Blow Molding,ISBM-008,M-SOP-022,2025-10-23,,,10.6,,40.2,54.9
WO-6729,Blow Molding,ISBM-008,M-SOP-022,2025-10-24,,,9.4,,43.9,38.0
WO-6730,Blow Molding,ISBM-008,M-SOP-019,2025-10-24,,,9.3,,40.5,41.1
WO-6731,Blow Molding,ISBM-008,M-SOP-019,2025-10-25,,,9.0,,38.4,51.6
WO-6732,Blow Molding,ISBM-008,M-SOP-019,2025-10-26,,,9.4,,42.1,43.9
WO-6733,Blow Molding,ISBM-008,M-SOP-019,2025-10-27,,,6.5,,41.1,50.4
WO-6734,Blow Molding,ISBM-008,M-SOP-016,2025-10-28,,,11.2,,40.4,45.6
WO-6735,Blow Molding,ISBM-008,M-SOP-016,2025-10-28,,,9.7,,45.1,57.5
WO-6736,Blow Molding,ISBM-008,M-SOP-016,2025-10-29,,,9.0,,42.9,56.3
WO-6737,Blow Molding,ISBM-008,M-SOP-022,2025-10-30,,,9.3,,40.3,46.3
WO-6738,Blow Molding,ISBM-008,M-SOP-022,2025-10-30,,,9.4,,43.5,41.6
WO-6739,BLOW MOLDING,ISBM-008,M-SOP-019,2025-10-31,,,11.6,,46.9,54.9
WO-6740,Blow Molding,ISBM-008,M-SOP-019,2025-11-01,,,10.3,,44.1,41.4
WO-6741,Blow Molding,ISBM-008,M-SOP-016,2025-11-01,,,7.8,,42.9,47.0
WO-6742,Blow Molding,ISBM-008,M-SOP-016,2025-11-02,,,10.7,,44.4,53.8
WO-6743,Blow Molding,ISBM-008,M-SOP-016,2025-11-03,,,10.4,,40.6,48.0
WO-6744,Blow Molding,ISBM-008,M-SOP-022,2025-11-03,,,8.1,,46.3,47.8
WO-6745,Blow Molding,ISBM-008,M-SOP-022,2025-11-04,,,8.5,,44.1,37.3
WO-6746,Blow Molding,ISBM-008,M-SOP-022,2025-11-05,,,9.8,,42.7,47.9
WO-6747,Blow Molding,ISBM-008,M-SOP-022,2025-11-06,,,8.8,,39.6,50.5
WO-6748,Blow Molding,ISBM-008,M-SOP-022,2025-11-06,,,10.7,,40.2,41.0
WO-6749,BLOW MOLDING,ISBM-008,M-SOP-022,2025-11-07,,,9.3,,43.1,44.4
WO-6750,Blow Molding,ISBM-008,M-SOP-022,2025-11-08,,,9.7,,41.1,45.3
WO-6751,Blow Molding,ISBM-008,M-SOP-016,2025-11-08,,,10.8,,44.6,48.5
WO-6752,Blow Molding,ISBM-008,M-SOP-016,2025-11-09,,,9.8,,38.8,45.4
WO-6753,Blow Molding,ISBM-008,M-SOP-016,2025-11-10,,,10.9,,38.3,54.9
WO-6754,Blow Molding,ISBM-008,M-SOP-019,2025-11-11,,,9.0,,40.8,49.5
WO-6755,Blow Molding,ISBM-008,M-SOP-019,2025-11-11,,,9.3,,42.7,49.6
WO-6756,Blow Molding,ISBM-008,M-SOP-016,2025-11-12,,,8.4,,47.8,50.7
WO-6757,Blow Molding,ISBM-008,M-SOP-019,2025-11-12,,,9.0,,38.0,49.2
WO-6758,Blow Molding,ISBM-008,M-SOP-019,2025-11-13,,,8.5,,40.0,49.2
WO-6759,Blow Molding,ISBM-008,M-SOP-016,2025-11-14,,,8.2,,42.3,50.9
WO-6760,Blow Molding,ISBM-008,M-SOP-019,2025-11-15,,,10.4,,36.0,48.5
WO-6761,Blow Molding,ISBM-008,M-SOP-019,2025-11-15,,,8.2,,44.1,52.2
WO-6762,Blow Molding,ISBM-008,M-SOP-016,2025-11-16,,,7.3,,46.7,40.8
WO-6763,Blow Molding,ISBM-008,M-SOP-016,2025-11-17,,,10.4,,44.7,47.1
WO-6764,blow molding,ISBM-008,M-SOP-016,2025-11-18,,,9.1,,44.9,46.9
WO-6765,Blow Molding,ISBM-008,M-SOP-016,2025-11-18,,,7.7,,40.9,46.5
WO-6766,  Blow Molding  ,ISBM-008,M-SOP-022,2025-11-19,,,9.0,,41.9,47.9
WO-6767,Blow Molding,ISBM-008,M-SOP-019,2025-11-20,,,9.1,,42.2,47.2
WO-6768,  Blow Molding  ,ISBM-008,M-SOP-019,2025-11-20,,,9.7,,41.8,39.6
WO-6769,Blow Molding,ISBM-008,M-SOP-019,2025-11-21,,,9.7,,43.4,50.3
WO-6770,Blow Molding,ISBM-008,M-SOP-019,2025-11-22,,,9.4,,39.8,44.8
WO-6771,Blow Molding,ISBM-008,M-SOP-022,2025-11-22,,,9.1,,37.5,44.6
WO-6772,Blow Molding,ISBM-008,M-SOP-022,2025-11-23,,,9.6,,45.2,50.3
WO-6773,Blow Molding,ISBM-008,M-SOP-019,2025-11-24,,,9.8,,42.8,47.0
WO-6774,  Blow Molding  ,ISBM-008,M-SOP-019,2025-11-24,,,8.0,,40.3,49.1
WO-6775,Blow Molding,ISBM-008,M-SOP-022,2025-11-25,,,7.6,,42.3,46.5
WO-6776,Blow Molding,ISBM-008,M-SOP-016,2025-11-26,,,10.5,,43.5,44.6
WO-6777,Blow Molding,ISBM-008,M-SOP-016,2025-11-27,,,9.9,,45.6,43.2
WO-6778,Blow Molding,ISBM-008,M-SOP-016,2025-11-27,,,9.9,,46.1,54.6
WO-6779,Blow Molding,ISBM-008,M-SOP-016,2025-11-28,,,8.5,,44.8,47.6
WO-6780,blow molding,ISBM-008,M-SOP-016,2025-11-29,,,10.0,,42.8,50.3
WO-6781,Blow Molding,ISBM-008,M-SOP-019,2025-11-29,,,10.3,,39.2,50.2
WO-6782,Blow Molding,ISBM-008,M-SOP-016,2025-11-30,,,11.9,,37.4,49.4
WO-6783,Blow Molding,ISBM-008,M-SOP-016,2025-12-01,,,11.0,,39.0,46.9
WO-6784,Blow Molding,ISBM-008,M-SOP-016,2025-12-02,,,8.6,,38.3,41.3
WO-6785,Blow Molding,ISBM-008,M-SOP-022,2025-12-02,,,8.0,,40.7,43.6
WO-6786,Blow Molding,ISBM-008,M-SOP-022,2025-12-03,,,8.3,,38.0,44.4
WO-6787,Blow Molding,ISBM-008,M-SOP-022,2025-12-04,,,9.7,,43.0,46.4
WO-6788,Blow Molding,ISBM-008,M-SOP-016,2025-12-04,,,10.6,,44.0,46.1
WO-6789,Blow Molding,ISBM-008,M-SOP-016,2025-12-05,,,8.2,,37.8,47.8
WO-6790,Blow Molding,ISBM-008,M-SOP-016,2025-12-06,,,9.8,,43.4,40.7
WO-6791,Blow Molding,ISBM-008,M-SOP-019,2025-12-06,,,9.8,,44.5,41.7
WO-6792,Blow Molding,ISBM-008,M-SOP-019,2025-12-07,,,8.8,,45.2,51.5
WO-6793,Blow Molding,ISBM-008,M-SOP-022,2025-12-08,,,9.7,,38.7,46.1
WO-6794,Blow Molding,ISBM-008,M-SOP-022,2025-12-09,,,9.3,,41.9,51.4
WO-6795,Blow Molding,ISBM-008,M-SOP-022,2025-12-10,,,8.7,,37.6,50.4
WO-6796,Blow Molding,ISBM-008,M-SOP-016,2025-12-10,,,10.3,,39.5,45.7
WO-6797,Blow Molding,ISBM-008,M-SOP-016,2025-12-11,,,9.8,,43.0,52.4
WO-6798,Blow Molding,ISBM-008,M-SOP-016,2025-12-12,,,8.8,,38.4,47.7
WO-6799,Blow Molding,ISBM-008,M-SOP-019,2025-12-12,,,10.3,,39.2,47.6
WO-6800,Blow Molding,ISBM-008,M-SOP-019,2025-12-13,,,9.5,,40.1,51.5
WO-6801,Blow Molding,ISBM-008,M-SOP-019,2025-12-14,,,8.8,,39.4,42.9
WO-6802,Blow Molding,ISBM-008,M-SOP-022,2025-12-14,,,9.7,,43.8,43.0
WO-6803,Blow Molding,ISBM-008,M-SOP-022,2025-12-15,,,9.5,,39.4,50.6
WO-6804,Blow Molding,ISBM-008,M-SOP-022,2025-12-15,,,9.1,,44.8,49.7
WO-6805,Blow Molding,ISBM-008,M-SOP-019,2025-12-16,,,10.5,,43.1,52.1
WO-6806,Blow Molding,ISBM-008,M-SOP-019,2025-12-17,,,9.3,,45.3,47.9
WO-6807,Blow Molding,ISBM-008,M-SOP-019,2025-12-17,,,9.5,,44.2,48.3
WO-6808,Blow Molding,ISBM-008,M-SOP-022,2025-12-18,,,8.7,,43.5,45.6
WO-6809,Blow Molding,ISBM-008,M-SOP-019,2025-12-19,,,7.7,,40.6,49.0
WO-6810,Blow Molding,ISBM-008,M-SOP-019,2025-12-19,,,6.7,,41.8,50.5
WO-6811,Blow Molding,ISBM-008,M-SOP-022,2025-12-20,,,9.8,,43.5,50.3
WO-6812,Blow Molding,ISBM-008,M-SOP-016,2025-12-21,,,10.7,,47.5,43.9
WO-6813,Blow Molding,ISBM-008,M-SOP-016,2025-12-21,,,9.3,,39.5,46.0
WO-6814,Blow Molding,ISBM-008,M-SOP-016,2025-12-22,,,9.4,,46.9,47.7
WO-6815,Blow Molding,ISBM-008,M-SOP-022,2025-12-23,,,8.1,,46.3,44.9
WO-6816,Blow Molding,ISBM-008,M-SOP-022,2025-12-23,,,9.6,,38.1,53.0
WO-6817,Blow Molding,ISBM-008,M-SOP-019,2025-12-24,,,8.2,,43.6,49.1
WO-6818,BLOW MOLDING,ISBM-008,M-SOP-019,2025-12-24,,,9.6,,42.7,42.0
WO-6819,Blow Molding,ISBM-008,M-SOP-019,2025-12-25,,,9.8,,45.6,48.2
WO-6820,Blow Molding,ISBM-008,M-SOP-019,2025-12-26,,,9.7,,43.9,44.1
WO-6821,BLOW MOLDING,ISBM-008,M-SOP-022,2025-12-27,,,9.4,,38.4,47.2
WO-6822,Blow Molding,ISBM-008,M-SOP-022,2025-12-27,,,9.3,,45.0,46.0
WO-6823,Blow Molding,ISBM-008,M-SOP-019,2025-12-28,,,9.2,,36.2,47.9
WO-6824,Blow Molding,ISBM-008,M-SOP-016,2025-12-29,,,9.7,,43.5,47.2
WO-6825,BLOW MOLDING,ISBM-008,M-SOP-016,2025-12-29,,,9.7,,47.9,45.1
WO-6826,Blow Molding,ISBM-008,M-SOP-016,2025-12-30,,,8.5,,40.6,55.1
WO-6827,Blow Molding,ISBM-008,M-SOP-022,2025-12-31,,,8.6,,44.0,52.6
WO-6828,Blow Molding,ISBM-008,M-SOP-022,2025-12-31,,,10.4,,39.6,52.3
WO-6829,Blow Molding,ISBM-008,M-SOP-022,2026-01-01,,,10.2,,41.9,48.7
WO-6830,Blow Molding,ISBM-008,M-SOP-022,2026-01-02,,,10.1,,41.9,45.1
WO-6831,Blow Molding,ISBM-008,M-SOP-016,2026-01-02,,,10.4,,39.3,43.2
WO-6832,Blow Molding,ISBM-008,M-SOP-016,2026-01-03,,,8.5,,37.5,45.2
WO-6833,  Blow Molding  ,ISBM-008,M-SOP-022,2026-01-04,,,10.1,,41.7,38.0
WO-6834,Blow Molding,ISBM-008,M-SOP-022,2026-01-04,,,10.0,,42.6,43.9
WO-6835,Blow Molding,ISBM-008,M-SOP-019,2026-01-05,,,8.4,,40.9,44.5
WO-6836,Blow Molding,ISBM-008,M-SOP-019,2026-01-06,,,9.3,,47.0,48.4
WO-6837,Blow Molding,ISBM-008,M-SOP-019,2026-01-07,,,8.2,,47.0,49.0
WO-6838,Blow Molding,ISBM-008,M-SOP-022,2026-01-08,,,8.4,,40.5,55.5
WO-6839,Blow Molding,ISBM-008,M-SOP-016,2026-01-09,,,8.9,,45.6,49.3
WO-6840,Blow Molding,ISBM-008,M-SOP-016,2026-01-09,,,8.3,,46.2,45.6
WO-6841,Blow Molding,ISBM-008,M-SOP-019,2026-01-10,,,8.6,,44.8,46.5
WO-6842,Blow Molding,ISBM-008,M-SOP-019,2026-01-11,,,12.2,,40.1,49.3
WO-6843,Blow Molding,ISBM-008,M-SOP-019,2026-01-11,,,9.2,,40.8,49.8
WO-6844,Blow Molding,ISBM-008,M-SOP-019,2026-01-12,,,9.8,,44.0,50.5
WO-6845,Blow Molding,ISBM-008,M-SOP-019,2026-01-13,,,11.9,,38.3,46.5
WO-6846,Blow Molding,ISBM-008,M-SOP-019,2026-01-13,,,10.1,,40.6,52.0
WO-6847,Blow Molding,ISBM-008,M-SOP-019,2026-01-14,,,9.4,,45.3,50.0
WO-6848,Blow Molding,ISBM-008,M-SOP-022,2026-01-14,,,10.0,,42.6,47.7
WO-6849,Blow Molding,ISBM-008,M-SOP-022,2026-01-15,,,10.5,,37.4,46.2
WO-6850,Blow Molding,ISBM-008,M-SOP-016,2026-01-16,,,10.0,,47.0,50.5
WO-6851,Blow Molding,ISBM-008,M-SOP-016,2026-01-17,,,11.1,,43.5,50.3
WO-6852,Blow Molding,ISBM-008,M-SOP-016,2026-01-18,,,10.3,,36.3,50.1
WO-6853,Blow Molding,ISBM-008,M-SOP-019,2026-01-18,,,9.3,,42.1,54.3
WO-6854,Blow Molding,ISBM-008,M-SOP-019,2026-01-19,,,10.0,,41.6,49.7
WO-6855,blow molding,ISBM-008,M-SOP-019,2026-01-19,,,10.5,,40.2,48.1
WO-6856,Blow Molding,ISBM-008,M-SOP-019,2026-01-20,,,10.0,,38.4,51.6
WO-6857,Blow Molding,ISBM-008,M-SOP-019,2026-01-21,,,7.1,,39.2,52.2
WO-6858,BLOW MOLDING,ISBM-008,M-SOP-022,2026-01-22,,,9.3,,45.9,45.4
WO-6859,Blow Molding,ISBM-008,M-SOP-016,2026-01-23,,,10.1,,39.9,52.3
WO-6860,Blow Molding,ISBM-008,M-SOP-016,2026-01-23,,,9.7,,46.4,49.9
WO-6861,Blow Molding,ISBM-008,M-SOP-016,2026-01-24,,,8.9,,43.6,49.4
WO-6862,  Blow Molding  ,ISBM-008,M-SOP-022,2026-01-24,,,10.0,,42.7,47.5
WO-6863,Blow Molding,ISBM-008,M-SOP-022,2026-01-25,,,9.2,,42.3,51.1
WO-6864,Blow Molding,ISBM-008,M-SOP-022,2026-01-26,,,10.7,,46.9,44.1
WO-6865,Blow Molding,ISBM-008,M-SOP-022,2026-01-27,,,9.5,,43.3,53.7
WO-6866,Blow Molding,ISBM-008,M-SOP-022,2026-01-28,,,9.7,,46.7,51.6
WO-6867,Blow Molding,ISBM-008,M-SOP-016,2026-01-28,,,8.9,,37.8,45.3
WO-6868,blow molding,ISBM-008,M-SOP-022,2026-01-29,,,8.3,,38.7,44.7
WO-6869,Blow Molding,ISBM-008,M-SOP-016,2026-01-30,,,9.9,,40.8,52.3
WO-6870,Blow Molding,ISBM-008,M-SOP-016,2026-01-30,,,9.2,,41.5,45.8
WO-6871,Blow Molding,ISBM-008,M-SOP-019,2026-01-31,,,9.6,,39.6,58.3
WO-6872,Blow Molding,ISBM-008,M-SOP-019,2026-02-01,,,10.3,,48.9,51.1
WO-6873,  Blow Molding  ,ISBM-008,M-SOP-019,2026-02-02,,,11.6,,43.0,53.2
WO-6874,Blow Molding,ISBM-008,M-SOP-022,2026-02-03,,,10.2,,44.4,52.9
WO-6875,Blow Molding,ISBM-008,M-SOP-022,2026-02-04,,,8.9,,41.7,55.8
WO-6876,Blow Molding,ISBM-008,M-SOP-022,2026-02-04,,,9.2,,37.9,52.1
WO-6877,Blow Molding,ISBM-008,M-SOP-022,2026-02-05,,,10.7,,44.9,48.2
WO-6878,Blow Molding,ISBM-008,M-SOP-016,2026-02-05,,,11.0,,42.4,48.8
WO-6879,Blow Molding,ISBM-008,M-SOP-016,2026-02-06,,,9.7,,41.9,50.7
WO-6880,BLOW MOLDING,ISBM-008,M-SOP-019,2026-02-06,,,9.2,,34.7,41.9
WO-6881,Blow Molding,ISBM-008,M-SOP-019,2026-02-07,,,9.1,,42.2,47.4
WO-6882,Blow Molding,ISBM-008,M-SOP-022,2026-02-08,,,11.7,,43.8,44.3
WO-6883,Blow Molding,ISBM-008,M-SOP-022,2026-02-08,,,7.6,,40.7,48.4
WO-6884,Blow Molding,ISBM-008,M-SOP-016,2026-02-09,,,9.5,,47.9,45.3
WO-6885,Blow Molding,ISBM-008,M-SOP-016,2026-02-10,,,11.3,,45.9,48.1
WO-6886,Blow Molding,ISBM-008,M-SOP-016,2026-02-10,,,10.6,,38.5,48.1
WO-6887,Blow Molding,ISBM-008,M-SOP-022,2026-02-11,,,9.4,,46.0,46.5
WO-6888,Blow Molding,ISBM-008,M-SOP-019,2026-02-12,,,10.2,,46.1,44.3
WO-6889,Blow Molding,ISBM-008,M-SOP-019,2026-02-12,,,9.2,,42.3,47.3
WO-6890,Blow Molding,ISBM-008,M-SOP-019,2026-02-12,,,9.0,,37.3,45.5
WO-6891,Blow Molding,ISBM-008,M-SOP-022,2026-02-13,,,10.3,,45.0,45.0
WO-6892,Blow Molding,ISBM-008,M-SOP-022,2026-02-14,,,10.0,,39.8,52.6
WO-6893,Blow Molding,ISBM-008,M-SOP-019,2026-02-14,,,8.8,,39.5,41.7
WO-6894,Blow Molding,ISBM-008,M-SOP-019,2026-02-15,,,10.5,,39.5,47.3
WO-6895,Blow Molding,ISBM-008,M-SOP-022,2026-02-16,,,10.6,,42.3,49.2
WO-6896,Blow Molding,ISBM-008,M-SOP-022,2026-02-17,,,8.5,,46.4,47.5
WO-6897,BLOW MOLDING,ISBM-008,M-SOP-022,2026-02-17,,,9.1,,39.5,52.9
WO-6898,Blow Molding,ISBM-008,M-SOP-022,2026-02-18,,,9.7,,46.7,43.0
WO-6899,Blow Molding,ISBM-008,M-SOP-019,2026-02-19,,,9.1,,42.8,41.4
WO-6900,Blow Molding,ISBM-008,M-SOP-019,2026-02-20,,,9.4,,42.2,49.0
WO-6901,Blow Molding,ISBM-008,M-SOP-022,2026-02-20,,,9.5,,43.7,47.8
WO-6902,Blow Molding,ISBM-008,M-SOP-016,2026-02-21,,,9.1,,38.8,48.9
WO-6903,Blow Molding,ISBM-008,M-SOP-016,2026-02-22,,,8.9,,41.1,47.5
WO-6904,Blow Molding,ISBM-008,M-SOP-016,2026-02-22,,,11.4,,41.5,47.1
WO-6905,Blow Molding,ISBM-008,M-SOP-022,2026-02-23,,,10.8,,40.7,46.4
WO-6906,Blow Molding,ISBM-008,M-SOP-022,2026-02-24,,,8.6,,43.3,53.8
WO-6907,  Blow Molding  ,ISBM-008,M-SOP-022,2026-02-24,,,8.5,,38.2,44.8
WO-6908,Blow Molding,ISBM-008,M-SOP-022,2026-02-25,,,8.9,,44.6,42.7
WO-6909,Blow Molding,ISBM-008,M-SOP-022,2026-02-25,,,10.6,,41.6,46.7
WO-6910,BLOW MOLDING,ISBM-008,M-SOP-016,2026-02-26,,,8.8,,39.8,46.2
WO-6911,Blow Molding,ISBM-008,M-SOP-016,2026-02-26,,,10.5,,42.8,47.7
WO-6912,Blow Molding,ISBM-008,M-SOP-016,2026-02-27,,,8.3,,40.2,49.2
WO-6913,BLOW MOLDING,ISBM-008,M-SOP-022,2026-02-28,,,10.2,,42.3,45.5
WO-6914,Blow Molding,ISBM-008,M-SOP-022,2026-02-28,,,10.3,,38.6,50.3
WO-6915,Blow Molding,ISBM-008,M-SOP-022,2026-03-01,,,8.8,,43.4,45.1
WO-6916,Blow Molding,ISBM-008,M-SOP-022,2026-03-02,,,9.9,,40.9,44.4
WO-6917,Blow Molding,ISBM-008,M-SOP-022,2026-03-03,,,7.4,,38.4,37.2
WO-6918,Blow Molding,ISBM-008,M-SOP-022,2026-03-03,,,8.7,,46.0,46.3
WO-6919,Blow Molding,ISBM-008,M-SOP-022,2026-03-04,,,10.0,,40.9,51.5
WO-6920,Blow Molding,ISBM-008,M-SOP-022,2026-03-04,,,8.4,,42.4,50.0
WO-6921,Blow Molding,ISBM-008,M-SOP-022,2026-03-05,,,9.7,,42.9,46.6
WO-6922,Blow Molding,ISBM-008,M-SOP-022,2026-03-06,,,10.5,,41.6,46.1
WO-6923,Blow Molding,ISBM-008,M-SOP-022,2026-03-06,,,9.3,,42.5,53.0
WO-6924,Blow Molding,ISBM-008,M-SOP-022,2026-03-07,,,9.8,,43.5,50.8
WO-6925,Blow Molding,ISBM-008,M-SOP-022,2026-03-07,,,9.0,,47.3,48.8
WO-6926,Blow Molding,ISBM-008,M-SOP-022,2026-03-08,,,8.3,,45.0,44.8
WO-6927,Blow Molding,ISBM-008,M-SOP-022,2026-03-08,,,9.0,,37.9,50.6
WO-6928,Blow Molding,ISBM-008,M-SOP-019,2026-03-09,,,8.9,,43.0,49.3
WO-6929,Blow Molding,ISBM-008,M-SOP-019,2026-03-10,,,9.4,,39.5,45.1
WO-6930,Blow Molding,ISBM-008,M-SOP-019,2026-03-11,,,9.1,,42.4,50.4
WO-6931,Blow Molding,ISBM-008,M-SOP-019,2026-03-12,,,9.8,,40.9,41.4
WO-6932,Blow Molding,ISBM-008,M-SOP-016,2026-03-12,,,9.2,,38.9,47.9
WO-6933,Blow Molding,ISBM-008,M-SOP-016,2026-03-13,,,8.4,,39.4,50.4
WO-6934,Blow Molding,ISBM-008,M-SOP-016,2026-03-13,,,8.7,,38.1,50.9
WO-6935,Blow Molding,ISBM-008,M-SOP-019,2026-03-14,,,8.2,,44.4,44.7
WO-6936,Blow Molding,ISBM-008,M-SOP-019,2026-03-15,,,9.4,,38.8,46.8
WO-6937,Blow Molding,ISBM-008,M-SOP-019,2026-03-15,,,9.2,,44.1,51.6
WO-6938,Blow Molding,ISBM-008,M-SOP-016,2026-03-16,,,10.2,,42.5,47.4
WO-6939,Blow Molding,ISBM-008,M-SOP-022,2026-03-17,,,10.6,,38.2,53.4
WO-6940,blow molding,ISBM-008,M-SOP-022,2026-03-18,,,9.7,,37.3,41.9
WO-6941,Blow Molding,ISBM-008,M-SOP-022,2026-03-18,,,10.7,,42.2,50.0
WO-6942,Blow Molding,ISBM-008,M-SOP-016,2026-03-19,,,11.8,,43.0,48.4
WO-6943,Blow Molding,ISBM-008,M-SOP-016,2026-03-20,,,12.4,,38.0,48.8
WO-6944,Blow Molding,ISBM-008,M-SOP-019,2026-03-21,,,9.2,,42.1,50.0
WO-6945,Blow Molding,ISBM-008,M-SOP-019,2026-03-21,,,8.9,,42.3,51.6
WO-6946,Blow Molding,ISBM-008,M-SOP-019,2026-03-22,,,10.8,,39.6,43.0
WO-6947,  Blow Molding  ,ISBM-008,M-SOP-022,2026-03-23,,,8.3,,43.7,53.0
WO-6948,Blow Molding,ISBM-008,M-SOP-022,2026-03-24,,,9.6,,39.8,51.7
WO-6949,Blow Molding,ISBM-008,M-SOP-022,2026-03-24,,,9.7,,37.1,48.6
WO-6950,Blow Molding,ISBM-008,M-SOP-016,2026-03-25,,,9.2,,37.1,46.7
WO-6951,Blow Molding,ISBM-008,M-SOP-016,2026-03-26,,,11.3,,43.6,40.0
WO-6952,Blow Molding,ISBM-008,M-SOP-016,2026-03-26,,,8.7,,45.9,49.5
WO-6953,  Blow Molding  ,ISBM-008,M-SOP-022,2026-03-27,,,9.6,,44.9,47.1
WO-6954,Blow Molding,ISBM-008,M-SOP-022,2026-03-28,,,7.4,,42.8,49.2
WO-6955,Blow Molding,ISBM-008,M-SOP-016,2026-03-29,,,8.5,,43.1,50.3
WO-6956,Blow Molding,ISBM-008,M-SOP-022,2026-03-29,,,9.5,,42.3,45.5
WO-6957,Blow Molding,ISBM-008,M-SOP-022,2026-03-30,,,12.2,,39.3,47.8
WO-6958,Blow Molding,ISBM-008,M-SOP-019,2026-03-31,,,8.1,,41.4,47.1
WO-6959,Blow Molding,ISBM-008,M-SOP-019,2026-03-31,,,10.7,,39.7,47.4
WO-6960,Blow Molding,ISBM-008,M-SOP-019,2026-04-01,,,10.2,,49.5,44.7
WO-6961,Blow Molding,ISBM-008,M-SOP-019,2026-04-02,,,10.1,,38.6,47.4
WO-6962,Blow Molding,ISBM-008,M-SOP-016,2026-04-02,,,9.5,,42.2,46.6
WO-6963,Blow Molding,ISBM-008,M-SOP-016,2026-04-03,,,10.0,,43.8,49.9
WO-6964,Blow Molding,ISBM-008,M-SOP-016,2026-04-03,,,10.3,,39.2,48.4
WO-6965,Blow Molding,ISBM-008,M-SOP-019,2026-04-04,,,9.4,,36.2,45.8
WO-6966,Blow Molding,ISBM-008,M-SOP-019,2026-04-05,,,7.1,,38.3,49.8
WO-6967,Blow Molding,ISBM-008,M-SOP-022,2026-04-06,,,11.1,,45.0,52.8
WO-6968,Blow Molding,ISBM-008,M-SOP-022,2026-04-06,,,9.5,,46.2,49.7
WO-6969,Blow Molding,ISBM-008,M-SOP-022,2026-04-07,,,8.4,,39.0,52.5
WO-6970,Blow Molding,ISBM-008,M-SOP-022,2026-04-07,,,9.6,,44.8,46.9
WO-6971,Blow Molding,ISBM-008,M-SOP-022,2026-04-08,,,9.1,,45.5,47.7
WO-6972,Blow Molding,ISBM-008,M-SOP-016,2026-04-09,,,10.2,,37.5,41.2
WO-6973,Blow Molding,ISBM-008,M-SOP-019,2026-04-09,,,8.1,,41.8,49.1
WO-6974,Blow Molding,ISBM-008,M-SOP-019,2026-04-10,,,7.5,,41.5,45.7
WO-6975,Blow Molding,ISBM-008,M-SOP-016,2026-04-11,,,8.4,,41.8,43.1
WO-6976,Blow Molding,ISBM-008,M-SOP-022,2026-04-11,,,8.8,,45.4,46.0
WO-6977,Blow Molding,ISBM-008,M-SOP-022,2026-04-12,,,9.8,,42.1,48.8
WO-6978,Blow Molding,ISBM-008,M-SOP-022,2026-04-13,,,10.4,,41.8,48.3
WO-6979,Blow Molding,ISBM-008,M-SOP-022,2026-04-13,,,7.9,,42.9,49.9
WO-6980,Blow Molding,ISBM-008,M-SOP-019,2026-04-14,,,7.3,,38.0,41.9
WO-6981,Blow Molding,ISBM-008,M-SOP-019,2026-04-14,,,8.0,,35.0,49.0
WO-6982,Blow Molding,ISBM-008,M-SOP-019,2026-04-15,,,9.2,,41.1,42.7
WO-6983,  Blow Molding  ,ISBM-008,M-SOP-019,2026-04-15,,,10.1,,41.6,49.9
WO-6984,Blow Molding,ISBM-008,M-SOP-019,2026-04-16,,,9.0,,44.4,51.2
WO-6985,Blow Molding,ISBM-008,M-SOP-016,2026-04-17,,,9.3,,36.5,54.3
WO-6986,Blow Molding,ISBM-008,M-SOP-016,2026-04-18,,,10.4,,39.1,48.7
WO-6987,Blow Molding,ISBM-008,M-SOP-022,2026-04-18,,,9.7,,38.5,41.7
WO-6988,BLOW MOLDING,ISBM-008,M-SOP-022,2026-04-19,,,10.7,,41.2,53.3
WO-6989,Blow Molding,ISBM-008,M-SOP-022,2026-04-19,,,7.0,,46.9,43.4
WO-6990,Blow Molding,ISBM-008,M-SOP-019,2026-04-20,,,9.4,,43.8,48.3
WO-6991,Blow Molding,ISBM-008,M-SOP-016,2026-04-21,,,8.4,,41.4,48.8
WO-6992,Blow Molding,ISBM-008,M-SOP-019,2026-04-21,,,10.0,,40.9,50.9
WO-6993,Blow Molding,ISBM-008,M-SOP-022,2026-04-22,,,11.1,,41.2,47.1
WO-6994,Blow Molding,ISBM-008,M-SOP-022,2026-04-23,,,10.7,,41.0,52.0
WO-6995,Blow Molding,ISBM-008,M-SOP-022,2026-04-23,,,10.5,,43.2,42.4
WO-6996,Blow Molding,ISBM-008,M-SOP-016,2026-04-24,,,7.5,,37.9,47.1
WO-6997,Blow Molding,ISBM-008,M-SOP-016,2026-04-24,,,9.0,,36.3,48.9
WO-6998,Blow Molding,ISBM-008,M-SOP-016,2026-04-25,,,8.6,,41.1,47.0
WO-6999,Blow Molding,ISBM-008,M-SOP-016,2026-04-26,,,9.8,,43.2,49.4
WO-7000,Blow Molding,ISBM-008,M-SOP-016,2026-04-26,,,9.6,,46.7,47.3
WO-7001,Blow Molding,ISBM-008,M-SOP-016,2026-04-27,,,9.0,,37.2,49.4
WO-7002,Blow Molding,ISBM-008,M-SOP-022,2026-04-28,,,9.2,,40.8,46.6
WO-7003,Blow Molding,ISBM-008,M-SOP-022,2026-04-28,,,10.6,,41.0,45.1
WO-7004,Blow Molding,ISBM-008,M-SOP-022,2026-04-29,,,11.3,,43.4,52.1
WO-7005,Blow Molding,ISBM-008,M-SOP-022,2026-04-30,,,8.9,,44.2,50.1
WO-7006,Blow Molding,ISBM-008,M-SOP-022,2026-04-30,,,10.9,,38.2,50.1
WO-7007,Blow Molding,ISBM-008,M-SOP-019,2026-05-01,,,8.4,,47.0,44.0
WO-7008,Blow Molding,ISBM-008,M-SOP-019,2026-05-02,,,9.7,,44.2,37.8
WO-7009,Blow Molding,ISBM-008,M-SOP-019,2026-05-03,,,9.3,,42.2,46.3
WO-7010,Blow Molding,ISBM-008,M-SOP-019,2026-05-03,,,11.6,,44.5,49.2
WO-7011,Blow Molding,ISBM-008,M-SOP-019,2026-05-04,,,10.4,,43.7,44.9
WO-7012,Blow Molding,ISBM-008,M-SOP-019,2026-05-04,,,11.0,,45.8,47.6
WO-7013,Blow Molding,ISBM-008,M-SOP-019,2026-05-05,,,9.5,,37.8,48.9
WO-7014,Blow Molding,ISBM-008,M-SOP-019,2026-05-06,,,9.7,,37.9,48.3
WO-7015,Blow Molding,ISBM-008,M-SOP-016,2026-05-07,,,10.0,,37.9,48.2
WO-7016,Blow Molding,ISBM-008,M-SOP-016,2026-05-07,,,10.3,,43.7,50.5
WO-7017,  Blow Molding  ,ISBM-008,M-SOP-016,2026-05-08,,,10.4,,39.4,44.4
WO-7018,Blow Molding,ISBM-008,M-SOP-022,2026-05-09,,,9.4,,37.0,45.9
WO-7019,Blow Molding,ISBM-008,M-SOP-019,2026-05-09,,,9.0,,39.4,42.6
WO-7020,Blow Molding,ISBM-008,M-SOP-019,2026-05-10,,,10.0,,39.1,51.0
WO-7021,Blow Molding,ISBM-008,M-SOP-019,2026-05-10,,,10.0,,46.1,61.3
WO-7022,blow molding,ISBM-008,M-SOP-022,2026-05-11,,,9.6,,41.9,49.7
WO-7023,Blow Molding,ISBM-008,M-SOP-022,2026-05-12,,,9.6,,41.1,41.8
WO-7024,Blow Molding,ISBM-008,M-SOP-019,2026-05-13,,,8.5,,44.8,43.0
WO-7025,Blow Molding,ISBM-008,M-SOP-019,2026-05-13,,,9.9,,45.0,36.1
WO-7026,Blow Molding,ISBM-008,M-SOP-019,2026-05-14,,,9.7,,40.2,50.0
WO-7027,Blow Molding,ISBM-008,M-SOP-022,2026-05-15,,,10.6,,46.8,55.3
WO-7028,Blow Molding,ISBM-008,M-SOP-022,2026-05-16,,,9.7,,41.2,49.1
WO-7029,Blow Molding,ISBM-008,M-SOP-016,2026-05-17,,,9.4,,43.1,51.7
WO-7030,Blow Molding,ISBM-008,M-SOP-016,2026-05-17,,,8.8,,37.5,51.2
WO-7031,Blow Molding,ISBM-008,M-SOP-016,2026-05-18,,,11.2,,44.2,43.1
WO-7032,Blow Molding,ISBM-008,M-SOP-022,2026-05-18,,,9.8,,38.7,57.5
WO-7033,Blow Molding,ISBM-008,M-SOP-022,2026-05-19,,,9.7,,46.0,38.9
WO-7034,Blow Molding,ISBM-008,M-SOP-022,2026-05-19,,,11.3,,43.6,52.5
WO-7035,Blow Molding,ISBM-008,M-SOP-022,2026-05-20,,,9.7,,35.9,44.0
WO-7036,Blow Molding,ISBM-008,M-SOP-022,2026-05-20,,,9.6,,46.0,42.0
WO-7037,  Blow Molding  ,ISBM-008,M-SOP-022,2026-05-21,,,9.0,,40.5,52.1
WO-7038,Blow Molding,ISBM-008,M-SOP-022,2026-05-22,,,8.7,,39.9,46.7
WO-7039,BLOW MOLDING,ISBM-008,M-SOP-016,2026-05-22,,,8.5,,46.9,48.6
WO-7040,Blow Molding,ISBM-008,M-SOP-016,2026-05-23,,,9.3,,40.6,42.6
WO-7041,Blow Molding,ISBM-008,M-SOP-016,2026-05-23,,,9.7,,42.7,51.0
WO-7042,Blow Molding,ISBM-008,M-SOP-022,2026-05-24,,,9.6,,39.3,44.2
WO-7043,Blow Molding,ISBM-008,M-SOP-022,2026-05-25,,,9.9,,40.1,53.8
WO-7044,Blow Molding,ISBM-008,M-SOP-016,2026-05-26,,,8.2,,46.2,46.6
WO-7045,Blow Molding,ISBM-008,M-SOP-016,2026-05-26,,,9.4,,45.1,52.2
WO-7046,  Blow Molding  ,ISBM-008,M-SOP-019,2026-05-27,,,9.1,,37.3,48.9
WO-7047,Blow Molding,ISBM-008,M-SOP-019,2026-05-28,,,8.4,,43.1,45.3
WO-7048,Blow Molding,ISBM-008,M-SOP-019,2026-05-28,,,9.6,,40.8,53.1
WO-7049,Blow Molding,ISBM-008,M-SOP-022,2026-05-29,,,8.2,,41.9,51.5
WO-7050,Blow Molding,ISBM-008,M-SOP-016,2026-05-29,,,10.6,,42.4,46.3
WO-7051,Blow Molding,ISBM-008,M-SOP-016,2026-05-30,,,9.2,,41.6,51.2
WO-7052,BLOW MOLDING,ISBM-008,M-SOP-016,2026-05-31,,,8.8,,41.7,48.8
WO-7053,Blow Molding,ISBM-008,M-SOP-022,2026-06-01,,,9.5,,36.6,54.7
WO-7054,blow molding,ISBM-008,M-SOP-022,2026-06-01,,,9.2,,43.1,53.8
WO-7055,Blow Molding,ISBM-008,M-SOP-016,2026-06-02,,,11.3,,44.4,52.5
WO-7056,Blow Molding,ISBM-008,M-SOP-019,2026-06-02,,,8.1,,41.7,50.0
WO-7057,Blow Molding,ISBM-008,M-SOP-019,2026-06-03,,,11.4,,36.9,44.4
WO-7058,Blow Molding,ISBM-008,M-SOP-019,2026-06-04,,,9.5,,41.2,44.8
WO-7059,Blow Molding,ISBM-008,M-SOP-019,2026-06-04,,,7.5,,44.7,42.1
WO-7060,Blow Molding,ISBM-008,M-SOP-019,2026-06-05,,,9.5,,46.3,47.9
WO-7061,Blow Molding,ISBM-008,M-SOP-019,2026-06-06,,,9.6,,39.9,50.4
WO-7062,  Blow Molding  ,ISBM-008,M-SOP-019,2026-06-06,,,10.1,,47.5,42.2
WO-7063,Blow Molding,ISBM-008,M-SOP-019,2026-06-07,,,9.8,,41.7,56.2
WO-7064,Blow Molding,ISBM-008,M-SOP-019,2026-06-07,,,7.8,,42.5,47.7
WO-7065,Blow Molding,ISBM-008,M-SOP-022,2026-06-08,,,9.6,,41.4,49.0
WO-7066,Blow Molding,ISBM-008,M-SOP-022,2026-06-09,,,10.9,,43.4,43.0
WO-7067,Blow Molding,ISBM-008,M-SOP-019,2026-06-10,,,9.7,,46.1,53.2
WO-7068,Blow Molding,ISBM-008,M-SOP-022,2026-06-10,,,8.1,,41.7,48.8
WO-7069,Blow Molding,ISBM-008,M-SOP-022,2026-06-11,,,10.7,,42.6,52.0
WO-7070,Blow Molding,ISBM-008,M-SOP-022,2026-06-11,,,9.5,,43.1,46.7
WO-7071,Blow Molding,ISBM-008,M-SOP-022,2026-06-12,,,8.7,,46.5,48.9
WO-7072,blow molding,ISBM-008,M-SOP-016,2026-06-13,,,10.0,,41.3,50.1
WO-7073,Blow Molding,ISBM-008,M-SOP-016,2026-06-14,,,9.2,,48.7,42.2
WO-7074,Blow Molding,ISBM-008,M-SOP-016,2026-06-14,,,9.9,,42.5,47.3
WO-7075,Blow Molding,ISBM-008,M-SOP-016,2026-06-15,,,8.4,,41.0,42.5
WO-7076,Blow Molding,ISBM-008,M-SOP-019,2026-06-16,,,8.7,,43.6,45.9
WO-7077,Blow Molding,ISBM-008,M-SOP-019,2026-06-16,,,9.6,,46.7,48.4
WO-7078,Blow Molding,ISBM-008,M-SOP-019,2026-06-17,,,9.9,,43.1,45.5
WO-7079,Blow Molding,ISBM-008,M-SOP-019,2026-06-18,,,11.2,,42.4,47.6
WO-7080,Blow Molding,ISBM-008,M-SOP-019,2026-06-19,,,9.0,,36.5,52.1
WO-7081,Blow Molding,ISBM-008,M-SOP-019,2026-06-19,,,9.2,,43.2,45.6
WO-7082,Blow Molding,ISBM-008,M-SOP-019,2026-06-20,,,9.9,,46.9,46.1
WO-7083,Blow Molding,ISBM-008,M-SOP-019,2026-06-21,,,8.4,,43.2,52.8
WO-7084,Blow Molding,ISBM-008,M-SOP-019,2026-06-21,,,10.1,,37.7,52.0
WO-7085,Blow Molding,ISBM-008,M-SOP-019,2026-06-22,,,9.7,,39.1,47.0
WO-7086,Blow Molding,ISBM-008,M-SOP-019,2026-06-22,,,10.7,,41.2,51.8
WO-7087,Blow Molding,ISBM-008,M-SOP-019,2026-06-23,,,10.3,,44.6,47.9
WO-7088,Blow Molding,ISBM-008,M-SOP-019,2026-06-24,,,10.2,,45.0,46.8
WO-7089,Blow Molding,ISBM-008,M-SOP-019,2026-06-25,,,7.9,,38.8,42.5
WO-7090,Blow Molding,ISBM-008,M-SOP-019,2026-06-25,,,9.8,,41.7,47.4
WO-7091,Blow Molding,ISBM-008,M-SOP-019,2026-06-26,,,11.3,,49.2,47.8
WO-7092,Blow Molding,ISBM-008,M-SOP-019,2026-06-27,,,9.5,,37.8,52.6
WO-7093,Blow Molding,ISBM-008,M-SOP-016,2026-06-27,,,9.4,,41.2,48.5
WO-7094,Blow Molding,ISBM-008,M-SOP-022,2026-06-28,,,8.5,,39.7,45.7
WO-7095,Blow Molding,ISBM-008,M-SOP-022,2026-06-29,,,9.0,,40.2,49.9
WO-7096,Blow Molding,ISBM-008,M-SOP-022,2026-06-30,,,9.0,,37.4,51.1
WO-7097,Blow Molding,ISBM-008,M-SOP-022,2026-06-30,,,8.2,,38.0,38.2
WO-7098,Blow Molding,ISBM-008,M-SOP-019,2026-07-01,,,9.4,,42.8,46.2
WO-7099,Blow Molding,ISBM-008,M-SOP-016,2026-07-02,,,10.3,,42.5,54.9
WO-7100,Blow Molding,ISBM-008,M-SOP-016,2026-07-02,,,9.2,,42.4,40.4
WO-7101,Blow Molding,ISBM-008,M-SOP-016,2026-07-03,,,9.5,,46.0,53.0
WO-7102,Blow Molding,ISBM-008,M-SOP-019,2026-07-04,,,8.3,,39.8,52.1
WO-7103,  Blow Molding  ,ISBM-008,M-SOP-019,2026-07-05,,,9.9,,44.1,48.2
WO-7104,Blow Molding,ISBM-008,M-SOP-016,2026-07-05,,,10.7,,35.9,48.3
WO-7105,Blow Molding,ISBM-008,M-SOP-016,2026-07-06,,,9.8,,41.3,47.2
WO-7106,Blow Molding,ISBM-008,M-SOP-016,2026-07-06,,,10.5,,40.7,45.2
WO-7107,Blow Molding,ISBM-008,M-SOP-016,2026-07-07,,,8.8,,44.6,45.6
WO-7108,Blow Molding,ISBM-008,M-SOP-022,2026-07-09,,,7.3,,43.0,50.0
WO-7109,Blow Molding,ISBM-008,M-SOP-022,2026-07-09,,,9.8,,36.8,49.8
WO-7110,Blow Molding,ISBM-008,M-SOP-022,2026-07-10,,,10.7,,42.0,42.4
WO-7111,Blow Molding,ISBM-008,M-SOP-022,2026-07-11,,,8.7,,42.5,41.8
WO-7112,Blow Molding,ISBM-008,M-SOP-022,2026-07-11,,,8.5,,37.6,49.0
WO-7113,Blow Molding,ISBM-008,M-SOP-019,2026-07-12,,,9.2,,41.2,41.4
WO-7114,BLOW MOLDING,ISBM-008,M-SOP-019,2026-07-13,,,9.9,,40.1,47.7
WO-7115,BLOW MOLDING,ISBM-008,M-SOP-019,2026-07-13,,,9.9,,43.6,58.7
WO-7116,Blow Molding,ISBM-008,M-SOP-022,2026-07-14,,,10.3,,46.3,55.7
WO-7117,Blow Molding,ISBM-008,M-SOP-022,2026-07-15,,,10.1,,36.7,51.8
WO-7118,Blow Molding,ISBM-008,M-SOP-016,2026-07-16,,,10.4,,38.6,49.3
WO-7119,Blow Molding,ISBM-008,M-SOP-016,2026-07-16,,,9.7,,40.2,47.0
WO-7120,Blow Molding,ISBM-008,M-SOP-019,2026-07-17,,,7.8,,46.8,44.2
WO-7121,Blow Molding,ISBM-008,M-SOP-019,2026-07-18,,,11.3,,49.7,46.0
WO-7122,Blow Molding,ISBM-008,M-SOP-022,2026-07-18,,,9.5,,45.0,48.8
WO-7123,Blow Molding,ISBM-008,M-SOP-019,2026-07-19,,,10.0,,44.4,48.0
WO-7124,Blow Molding,ISBM-008,M-SOP-019,2026-07-19,,,8.2,,47.5,46.6
WO-7125,Blow Molding,ISBM-008,M-SOP-019,2026-07-20,,,10.0,,44.9,46.6
WO-7126,Blow Molding,ISBM-008,M-SOP-016,2026-07-21,,,8.4,,45.0,44.4
WO-7127,Blow Molding,ISBM-008,M-SOP-016,2026-07-22,,,9.6,,48.7,43.5
WO-7128,Blow Molding,ISBM-008,M-SOP-019,2026-07-22,,,9.3,,44.5,51.5
WO-7129,Blow Molding,ISBM-008,M-SOP-019,2026-07-23,,,11.0,,47.6,42.2
WO-7130,Blow Molding,ISBM-008,M-SOP-016,2026-07-23,,,9.1,,41.6,46.8
WO-7131,Blow Molding,ISBM-008,M-SOP-016,2026-07-24,,,9.9,,44.3,50.0
WO-7132,Blow Molding,ISBM-008,M-SOP-016,2026-07-25,,,10.4,,43.6,49.6
WO-7133,Blow Molding,ISBM-008,M-SOP-022,2026-07-25,,,10.1,,38.8,47.0
WO-7134,Blow Molding,ISBM-008,M-SOP-022,2026-07-26,,,10.0,,40.5,47.7
WO-7135,Blow Molding,ISBM-008,M-SOP-016,2026-07-27,,,9.8,,42.9,52.8
WO-7136,Blow Molding,ISBM-008,M-SOP-016,2026-07-28,,,9.8,,37.3,52.0
WO-7137,Blow Molding,ISBM-008,M-SOP-022,2026-07-28,,,10.9,,41.4,48.1
WO-7138,Blow Molding,ISBM-008,M-SOP-022,2026-07-29,,,9.1,,42.8,49.5
WO-7139,Blow Molding,ISBM-008,M-SOP-016,2026-07-29,,,11.5,,38.0,43.5
WO-7140,Blow Molding,ISBM-008,M-SOP-022,2026-07-30,,,9.0,,38.9,49.0
WO-7141,Blow Molding,ISBM-008,M-SOP-019,2026-07-30,,,10.5,,41.5,50.8
WO-7142,Blow Molding,ISBM-008,M-SOP-019,2026-07-31,,,9.8,,40.7,53.4
WO-7143,Blow Molding,ISBM-008,M-SOP-019,2026-08-01,,,11.2,,35.9,46.4
WO-7144,Blow Molding,ISBM-008,M-SOP-019,2026-08-02,,,10.6,,43.5,52.0
WO-7145,Blow Molding,ISBM-008,M-SOP-019,2026-08-02,,,8.8,,41.4,53.3
WO-7146,Blow Molding,ISBM-008,M-SOP-019,2026-08-03,,,8.0,,40.5,56.2
WO-7147,Blow Molding,ISBM-008,M-SOP-022,2026-08-04,,,9.1,,42.1,40.3
WO-7148,Blow Molding,ISBM-008,M-SOP-022,2026-08-05,,,10.1,,42.7,44.1
WO-7149,Blow Molding,ISBM-008,M-SOP-016,2026-08-06,,,9.2,,44.2,44.3
WO-7150,Blow Molding,ISBM-008,M-SOP-022,2026-08-06,,,10.1,,40.2,46.7
WO-7151,blow molding,ISBM-008,M-SOP-019,2026-08-07,,,8.6,,41.2,50.2
WO-7152,Blow Molding,ISBM-008,M-SOP-022,2026-08-07,,,9.5,,39.5,46.4
WO-7153,Blow Molding,ISBM-008,M-SOP-022,2026-08-08,,,7.0,,41.3,50.2
WO-7154,Blow Molding,ISBM-008,M-SOP-019,2026-08-09,,,8.2,,41.2,49.5
WO-7155,Blow Molding,ISBM-008,M-SOP-019,2026-08-09,,,8.7,,44.2,49.7
WO-7156,Blow Molding,ISBM-008,M-SOP-022,2026-08-10,,,8.6,,39.7,47.7
WO-7157,Blow Molding,ISBM-008,M-SOP-016,2026-08-11,,,7.4,,43.4,47.6
WO-7158,Blow Molding,ISBM-008,M-SOP-022,2026-08-12,,,8.9,,41.3,52.0
WO-7159,Blow Molding,ISBM-008,M-SOP-022,2026-08-12,,,8.3,,44.2,49.1
WO-7160,blow molding,ISBM-008,M-SOP-022,2026-08-13,,,10.2,,40.9,47.7
WO-7161,Blow Molding,ISBM-008,M-SOP-016,2026-08-14,,,7.7,,41.6,51.5
WO-7162,Blow Molding,ISBM-008,M-SOP-016,2026-08-14,,,10.1,,36.7,46.1
WO-7163,Blow Molding,ISBM-008,M-SOP-016,2026-08-15,,,9.7,,40.5,44.6
WO-7164,Blow Molding,ISBM-008,M-SOP-016,2026-08-16,,,7.5,,45.0,42.4
WO-7165,Blow Molding,ISBM-008,M-SOP-016,2026-08-16,,,9.4,,42.0,45.9
WO-7166,Blow Molding,ISBM-008,M-SOP-016,2026-08-17,,,10.5,,42.9,49.5
WO-7167,Blow Molding,ISBM-008,M-SOP-016,2026-08-18,,,10.4,,47.1,46.5
WO-7168,Blow Molding,ISBM-008,M-SOP-019,2026-08-19,,,8.9,,40.1,44.0
WO-7169,Blow Molding,ISBM-008,M-SOP-019,2026-08-20,,,9.6,,37.7,44.5
WO-7170,Blow Molding,ISBM-008,M-SOP-016,2026-08-20,,,8.8,,45.6,45.5
WO-7171,Blow Molding,ISBM-008,M-SOP-019,2026-08-21,,,9.8,,37.8,44.8
WO-7172,blow molding,ISBM-008,M-SOP-019,2026-08-22,,,10.0,,44.7,53.7
WO-7173,Blow Molding,ISBM-008,M-SOP-016,2026-08-22,,,10.4,,48.8,44.0
WO-7174,Blow Molding,ISBM-008,M-SOP-016,2026-08-23,,,9.0,,38.6,44.1
WO-7175,Blow Molding,ISBM-008,M-SOP-016,2026-08-24,,,9.2,,35.7,53.5
WO-7176,Blow Molding,ISBM-008,M-SOP-022,2026-08-25,,,9.4,,41.1,50.6
WO-7177,Blow Molding,ISBM-008,M-SOP-022,2026-08-25,,,10.1,,38.1,50.7
WO-7178,Blow Molding,ISBM-008,M-SOP-022,2026-08-26,,,10.3,,46.7,40.9
WO-7179,BLOW MOLDING,ISBM-008,M-SOP-022,2026-08-27,,,10.2,,39.1,43.2
WO-7180,BLOW MOLDING,ISBM-008,M-SOP-022,2026-08-28,,,9.1,,41.8,55.5
WO-7181,Blow Molding,ISBM-008,M-SOP-016,2026-08-29,,,7.6,,43.2,55.1
WO-7182,Blow Molding,ISBM-008,M-SOP-016,2026-08-29,,,8.8,,42.6,42.4
WO-7183,Blow Molding,ISBM-008,M-SOP-022,2026-08-30,,,9.1,,40.9,46.6
WO-7184,Blow Molding,ISBM-008,M-SOP-022,2026-08-30,,,9.5,,46.4,47.1
WO-7185,Blow Molding,ISBM-008,M-SOP-016,2026-08-31,,,8.5,,44.9,49.5
WO-7186,Blow Molding,ISBM-008,M-SOP-016,2026-09-01,,,8.1,,42.1,54.8
WO-7187,Blow Molding,ISBM-008,M-SOP-022,2026-09-01,,,8.8,,37.7,39.0
WO-7188,  Blow Molding  ,ISBM-008,M-SOP-022,2026-09-02,,,9.9,,41.1,43.8
WO-7189,Blow Molding,ISBM-008,M-SOP-022,2026-09-03,,,6.9,,43.0,48.9
WO-7190,Blow Molding,ISBM-008,M-SOP-022,2026-09-03,,,8.8,,42.4,50.5
WO-7191,Blow Molding,ISBM-008,M-SOP-019,2026-09-04,,,9.3,,40.1,46.2
WO-7192,Blow Molding,ISBM-008,M-SOP-019,2026-09-04,,,10.7,,41.8,45.5
WO-7193,Blow Molding,ISBM-008,M-SOP-019,2026-09-05,,,9.7,,39.7,43.2
WO-7194,Blow Molding,ISBM-008,M-SOP-016,2026-09-06,,,9.1,,37.8,47.1
WO-7195,Blow Molding,ISBM-008,M-SOP-016,2026-09-06,,,10.1,,39.5,50.7
WO-7196,Blow Molding,ISBM-008,M-SOP-016,2026-09-07,,,9.4,,36.4,45.7
WO-7197,Blow Molding,ISBM-008,M-SOP-022,2026-09-07,,,9.3,,45.3,47.1
WO-7198,Blow Molding,ISBM-008,M-SOP-016,2026-09-08,,,7.8,,40.3,45.5
WO-7199,Blow Molding,ISBM-008,M-SOP-016,2026-09-09,,,9.3,,40.5,43.7
WO-7200,Blow Molding,ISBM-008,M-SOP-016,2026-09-10,,,10.0,,43.3,52.7
WO-7201,Blow Molding,ISBM-008,M-SOP-022,2026-09-10,,,10.8,,44.5,46.7
WO-7202,Blow Molding,ISBM-008,M-SOP-022,2026-09-11,,,10.3,,48.4,48.2
WO-7203,Blow Molding,ISBM-008,M-SOP-016,2026-09-12,,,8.6,,46.8,44.9
WO-7204,Blow Molding,ISBM-008,M-SOP-016,2026-09-12,,,9.3,,39.3,52.6
WO-7205,Blow Molding,ISBM-008,M-SOP-016,2026-09-13,,,7.7,,41.6,56.3
WO-7206,Blow Molding,ISBM-008,M-SOP-016,2026-09-13,,,9.5,,41.7,40.0
WO-7207,Blow Molding,ISBM-008,M-SOP-016,2026-09-14,,,9.5,,45.6,43.8
WO-7208,Blow Molding,ISBM-008,M-SOP-019,2026-09-15,,,9.1,,41.1,39.0
WO-7209,Blow Molding,ISBM-008,M-SOP-022,2026-09-15,,,9.9,,46.2,43.8
WO-7210,Blow Molding,ISBM-008,M-SOP-022,2026-09-16,,,9.9,,41.1,47.9
WO-7211,Blow Molding,ISBM-008,M-SOP-016,2026-09-16,,,9.5,,42.0,47.3
WO-7212,Blow Molding,ISBM-008,M-SOP-019,2026-09-17,,,10.1,,42.7,53.4
WO-7213,Blow Molding,ISBM-008,M-SOP-019,2026-09-18,,,9.3,,38.0,49.1
WO-7214,Blow Molding,ISBM-008,M-SOP-016,2026-09-19,,,10.1,,37.3,47.1
WO-7215,Blow Molding,ISBM-008,M-SOP-019,2026-09-20,,,8.2,,40.4,49.5
WO-7216,Blow Molding,ISBM-008,M-SOP-019,2026-09-20,,,7.4,,37.9,52.7
WO-7217,Blow Molding,ISBM-008,M-SOP-019,2026-09-21,,,10.0,,46.5,49.6
WO-7218,Blow Molding,ISBM-008,M-SOP-016,2026-09-22,,,8.8,,41.4,50.0
WO-7219,Blow Molding,ISBM-008,M-SOP-016,2026-09-23,,,8.8,,38.2,47.9
WO-7220,Blow Molding,ISBM-008,M-SOP-016,2026-09-24,,,10.2,,44.0,48.1
WO-7221,Blow Molding,ISBM-008,M-SOP-022,2026-09-24,,,9.9,,41.4,51.6
WO-7222,Blow Molding,ISBM-008,M-SOP-022,2026-09-25,,,11.0,,42.1,40.7
WO-7223,Blow Molding,ISBM-008,M-SOP-022,2026-09-26,,,7.9,,38.5,48.7
WO-7224,BLOW MOLDING,ISBM-008,M-SOP-022,2026-09-26,,,9.6,,39.4,47.5
WO-7225,Blow Molding,ISBM-008,M-SOP-022,2026-09-27,,,9.9,,42.8,45.4
WO-7226,Blow Molding,ISBM-008,M-SOP-016,2026-09-27,,,10.7,,41.7,58.3
WO-7227,Blow Molding,ISBM-008,M-SOP-022,2026-09-28,,,7.8,,43.5,53.8
WO-7228,Blow Molding,ISBM-008,M-SOP-019,2026-09-29,,,9.3,,42.0,51.0
WO-7229,Blow Molding,ISBM-008,M-SOP-019,2026-09-29,,,9.1,,41.0,43.9
WO-7230,Blow Molding,ISBM-008,M-SOP-019,2026-09-30,,,10.3,,39.0,50.7
WO-7231,Blow Molding,ISBM-008,M-SOP-019,2026-10-01,,,9.5,,34.4,52.6
WO-7232,Blow Molding,ISBM-008,M-SOP-019,2026-10-01,,,11.4,,38.0,49.3
WO-7233,Blow Molding,ISBM-008,M-SOP-019,2026-10-02,,,8.9,,45.3,46.2
WO-7234,Blow Molding,ISBM-008,M-SOP-019,2026-10-03,,,10.2,,38.3,46.8
WO-7235,Blow Molding,ISBM-008,M-SOP-019,2026-10-04,,,8.4,,37.9,52.3
WO-7236,Blow Molding,ISBM-008,M-SOP-016,2026-10-05,,,9.9,,39.7,54.1
WO-7237,Blow Molding,ISBM-008,M-SOP-016,2026-10-05,,,12.2,,46.9,49.1
WO-7238,Blow Molding,ISBM-008,M-SOP-019,2026-10-06,,,9.0,,48.0,51.3
WO-7239,Blow Molding,ISBM-008,M-SOP-019,2026-10-07,,,9.7,,43.6,43.1
WO-7240,Blow Molding,ISBM-008,M-SOP-019,2026-10-07,,,11.0,,41.8,46.5
WO-7241,  Blow Molding  ,ISBM-008,M-SOP-022,2026-10-08,,,9.3,,38.4,51.9
WO-7242,Blow Molding,ISBM-008,M-SOP-022,2026-10-08,,,8.0,,44.6,49.3
WO-7243,Blow Molding,ISBM-008,M-SOP-019,2026-10-09,,,8.7,,40.4,48.1
WO-7244,Blow Molding,ISBM-008,M-SOP-016,2026-10-10,,,7.7,,42.5,50.4
WO-7245,Blow Molding,ISBM-008,M-SOP-016,2026-10-11,,,10.9,,40.0,50.0
WO-7246,Blow Molding,ISBM-008,M-SOP-019,2026-10-11,,,10.6,,40.4,43.9
WO-7247,Blow Molding,ISBM-008,M-SOP-019,2026-10-12,,,9.5,,37.2,49.4
WO-7248,Blow Molding,ISBM-008,M-SOP-019,2026-10-12,,,8.9,,44.4,41.5
WO-7249,Blow Molding,ISBM-008,M-SOP-022,2026-10-13,,,11.8,,46.9,58.8
WO-7250,Blow Molding,ISBM-008,M-SOP-019,2026-10-14,,,10.3,,43.6,43.1
WO-7251,Blow Molding,ISBM-008,M-SOP-022,2026-10-14,,,8.4,,39.5,51.7
WO-7252,Blow Molding,ISBM-008,M-SOP-016,2026-10-15,,,10.5,,42.1,48.1
WO-7253,Blow Molding,ISBM-008,M-SOP-016,2026-10-16,,,10.2,,40.5,52.2
WO-7254,Blow Molding,ISBM-008,M-SOP-016,2026-10-17,,,7.8,,43.7,45.5
WO-7255,Blow Molding,ISBM-008,M-SOP-019,2026-10-17,,,9.6,,37.9,52.9
WO-7256,Blow Molding,ISBM-008,M-SOP-019,2026-10-18,,,11.9,,40.5,44.9
WO-7257,Blow Molding,ISBM-008,M-SOP-016,2026-10-19,,,9.1,,36.6,39.0
WO-7258,Blow Molding,ISBM-008,M-SOP-016,2026-10-19,,,9.2,,42.8,42.8
WO-7259,Blow Molding,ISBM-008,M-SOP-022,2026-10-20,,,11.1,,47.3,46.8
WO-7260,Blow Molding,ISBM-008,M-SOP-022,2026-10-20,,,9.5,,37.7,49.8
WO-7261,Blow Molding,ISBM-008,M-SOP-022,2026-10-21,,,10.4,,42.8,41.5
WO-7262,Blow Molding,ISBM-008,M-SOP-022,2026-10-22,,,10.4,,44.1,47.0
WO-7263,Blow Molding,ISBM-008,M-SOP-022,2026-10-23,,,8.7,,41.1,49.9
WO-7264,Blow Molding,ISBM-008,M-SOP-016,2026-10-24,,,7.6,,34.8,42.6
WO-7265,Blow Molding,ISBM-008,M-SOP-022,2026-10-24,,,11.8,,42.2,49.8
WO-7266,Blow Molding,ISBM-008,M-SOP-016,2026-10-25,,,8.8,,40.3,51.6
WO-7267,Blow Molding,ISBM-008,M-SOP-016,2026-10-26,,,8.7,,36.4,46.7
WO-7268,Blow Molding,ISBM-008,M-SOP-016,2026-10-27,,,11.0,,39.4,36.8
WO-7269,Blow Molding,ISBM-008,M-SOP-016,2026-10-27,,,9.1,,41.1,53.3
WO-7270,Blow Molding,ISBM-008,M-SOP-016,2026-10-28,,,9.1,,47.5,49.2
WO-7271,Blow Molding,ISBM-008,M-SOP-016,2026-10-29,,,9.1,,43.4,44.7
WO-7272,Blow Molding,ISBM-008,M-SOP-016,2026-10-30,,,10.9,,42.6,43.4
WO-7273,blow molding,ISBM-008,M-SOP-019,2026-10-30,,,9.1,,37.1,45.1
WO-7274,Blow Molding,ISBM-008,M-SOP-019,2026-10-31,,,9.4,,40.6,47.3
WO-7275,Blow Molding,ISBM-008,M-SOP-016,2026-11-01,,,9.7,,40.6,47.5
WO-7276,Blow Molding,ISBM-008,M-SOP-016,2026-11-02,,,11.5,,45.2,48.9
WO-7277,Blow Molding,ISBM-008,M-SOP-019,2026-11-03,,,8.4,,41.3,46.8
WO-7278,Blow Molding,ISBM-008,M-SOP-019,2026-11-03,,,10.1,,47.6,46.9
WO-7279,Blow Molding,ISBM-008,M-SOP-016,2026-11-04,,,7.8,,45.1,47.2
WO-7280,Blow Molding,ISBM-008,M-SOP-016,2026-11-05,,,7.7,,42.8,48.4
WO-7281,Blow Molding,ISBM-008,M-SOP-022,2026-11-06,,,8.3,,41.8,43.5
WO-7282,Blow Molding,ISBM-008,M-SOP-022,2026-11-07,,,8.9,,35.1,46.0
WO-7283,Blow Molding,ISBM-008,M-SOP-022,2026-11-07,,,8.8,,41.9,44.8
WO-7284,Blow Molding,ISBM-008,M-SOP-016,2026-11-08,,,10.1,,40.5,46.2
WO-7285,Blow Molding,ISBM-008,M-SOP-016,2026-11-09,,,8.2,,42.7,56.2
WO-7286,Blow Molding,ISBM-008,M-SOP-019,2026-11-10,,,9.2,,46.2,47.5
WO-7287,Blow Molding,ISBM-008,M-SOP-019,2026-11-10,,,9.9,,41.3,46.4
WO-7288,Blow Molding,ISBM-008,M-SOP-019,2026-11-11,,,9.1,,43.0,52.3
WO-7289,Blow Molding,ISBM-008,M-SOP-019,2026-11-12,,,9.4,,47.7,48.4
WO-7290,Blow Molding,ISBM-008,M-SOP-019,2026-11-12,,,10.3,,48.2,44.3
WO-7291,Blow Molding,ISBM-008,M-SOP-019,2026-11-13,,,9.4,,39.4,51.1
WO-7292,Blow Molding,ISBM-008,M-SOP-019,2026-11-13,,,7.5,,38.6,45.2
WO-7293,Blow Molding,ISBM-008,M-SOP-019,2026-11-14,,,9.2,,41.9,52.3
WO-7294,BLOW MOLDING,ISBM-008,M-SOP-019,2026-11-14,,,11.2,,40.2,51.2
WO-7295,Blow Molding,ISBM-008,M-SOP-019,2026-11-15,,,9.8,,39.5,56.3
WO-7296,Blow Molding,ISBM-008,M-SOP-019,2026-11-16,,,9.9,,44.9,49.1
WO-7297,Blow Molding,ISBM-008,M-SOP-016,2026-11-16,,,10.9,,41.4,53.8
WO-7298,Blow Molding,ISBM-008,M-SOP-016,2026-11-17,,,8.4,,38.9,53.3
WO-7299,Blow Molding,ISBM-008,M-SOP-022,2026-11-17,,,8.9,,41.3,46.9
WO-7300,Blow Molding,ISBM-008,M-SOP-016,2026-11-18,,,10.4,,44.2,54.5
WO-7301,Blow Molding,ISBM-008,M-SOP-019,2026-11-19,,,8.3,,39.5,44.6
WO-7302,Blow Molding,ISBM-008,M-SOP-016,2026-11-20,,,8.1,,40.5,50.5
WO-7303,Blow Molding,ISBM-008,M-SOP-016,2026-11-21,,,10.1,,44.5,55.0
WO-7304,Blow Molding,ISBM-008,M-SOP-022,2026-11-21,,,10.3,,44.2,46.5
WO-7305,Blow Molding,ISBM-008,M-SOP-016,2026-11-22,,,9.8,,41.7,42.8
WO-7306,Blow Molding,ISBM-008,M-SOP-019,2026-11-23,,,9.0,,40.9,47.4
WO-7307,Blow Molding,ISBM-008,M-SOP-022,2026-11-24,,,9.2,,41.3,51.9
WO-7308,Blow Molding,ISBM-008,M-SOP-019,2026-11-24,,,9.1,,41.1,49.5
WO-7309,  Blow Molding  ,ISBM-008,M-SOP-019,2026-11-25,,,9.0,,37.5,59.4
WO-7310,Blow Molding,ISBM-008,M-SOP-019,2026-11-26,,,8.5,,42.1,43.0
WO-7311,Blow Molding,ISBM-008,M-SOP-016,2026-11-27,,,11.8,,43.4,52.3
WO-7312,  Blow Molding  ,ISBM-008,M-SOP-016,2026-11-27,,,11.3,,43.1,51.1
WO-7313,Blow Molding,ISBM-008,M-SOP-016,2026-11-28,,,11.0,,35.8,53.7
WO-7314,Blow Molding,ISBM-008,M-SOP-016,2026-11-29,,,9.7,,41.2,48.2
WO-7315,Blow Molding,ISBM-008,M-SOP-016,2026-11-30,,,8.6,,47.9,45.8
WO-7316,  Blow Molding  ,ISBM-008,M-SOP-022,2026-12-01,,,8.1,,43.5,52.1
WO-7317,Blow Molding,ISBM-008,M-SOP-016,2026-12-02,,,11.2,,45.0,52.0
WO-7318,Blow Molding,ISBM-008,M-SOP-022,2026-12-02,,,9.1,,35.6,51.0
WO-7319,Blow Molding,ISBM-008,M-SOP-022,2026-12-03,,,9.4,,44.4,39.9
WO-7320,Blow Molding,ISBM-008,M-SOP-022,2026-12-03,,,10.5,,46.4,52.6
WO-7321,Blow Molding,ISBM-008,M-SOP-016,2026-12-04,,,9.6,,39.9,49.6
WO-7322,Blow Molding,ISBM-008,M-SOP-016,2026-12-05,,,8.8,,39.5,48.7
WO-7323,Blow Molding,ISBM-008,M-SOP-016,2026-12-06,,,10.1,,40.5,50.0
WO-7324,Blow Molding,ISBM-008,M-SOP-019,2026-12-07,,,9.3,,40.7,49.8
WO-7325,Blow Molding,ISBM-008,M-SOP-022,2026-12-07,,,7.1,,40.7,42.9
WO-7326,Blow Molding,ISBM-008,M-SOP-022,2026-12-08,,,9.2,,41.3,42.7
WO-7327,Blow Molding,ISBM-008,M-SOP-022,2026-12-08,,,9.5,,38.3,45.9
WO-7328,  Blow Molding  ,ISBM-008,M-SOP-016,2026-12-09,,,9.9,,43.6,48.2
WO-7329,  Blow Molding  ,ISBM-008,M-SOP-016,2026-12-10,,,8.5,,46.5,44.6
WO-7330,Blow Molding,ISBM-008,M-SOP-016,2026-12-11,,,8.4,,40.6,43.8
WO-7331,Blow Molding,ISBM-008,M-SOP-022,2026-12-12,,,8.1,,41.5,53.7
WO-7332,Blow Molding,ISBM-008,M-SOP-016,2026-12-13,,,9.7,,44.4,44.9
WO-7333,  Blow Molding  ,ISBM-008,M-SOP-022,2026-12-14,,,8.9,,39.6,46.8
WO-7334,Blow Molding,ISBM-008,M-SOP-022,2026-12-14,,,10.3,,42.0,53.4
WO-7335,Blow Molding,ISBM-008,M-SOP-019,2026-12-15,,,9.8,,44.1,54.2
WO-7336,Blow Molding,ISBM-008,M-SOP-022,2026-12-15,,,10.1,,46.9,40.4
WO-7337,Blow Molding,ISBM-008,M-SOP-022,2026-12-16,,,8.7,,47.4,48.4
WO-7338,Blow Molding,ISBM-008,M-SOP-022,2026-12-16,,,9.6,,43.2,46.3
WO-7339,Blow Molding,ISBM-008,M-SOP-022,2026-12-17,,,8.7,,39.1,45.6
WO-7340,Blow Molding,ISBM-008,M-SOP-022,2026-12-17,,,9.8,,41.6,49.9
WO-7341,Blow Molding,ISBM-008,M-SOP-016,2026-12-18,,,10.9,,46.0,54.1
WO-7342,Blow Molding,ISBM-008,M-SOP-022,2026-12-19,,,8.7,,41.6,54.7
WO-7343,Blow Molding,ISBM-008,M-SOP-022,2026-12-19,,,9.3,,46.1,47.0
WO-7344,blow molding,ISBM-008,M-SOP-019,2026-12-20,,,8.8,,43.7,47.5
WO-7345,Blow Molding,ISBM-008,M-SOP-019,2026-12-21,,,9.8,,36.9,47.1
WO-7346,Blow Molding,ISBM-008,M-SOP-019,2026-12-21,,,9.6,,41.2,47.3
WO-7347,  Blow Molding  ,ISBM-008,M-SOP-019,2026-12-22,,,10.3,,43.5,36.6
WO-7348,Blow Molding,ISBM-008,M-SOP-019,2026-12-23,,,11.1,,38.6,50.8
WO-7349,Blow Molding,ISBM-008,M-SOP-016,2026-12-23,,,9.0,,46.9,50.2
WO-7350,Blow Molding,ISBM-008,M-SOP-019,2026-12-24,,,10.7,,41.7,48.6
WO-7351,Blow Molding,ISBM-008,M-SOP-019,2026-12-24,,,8.9,,36.7,48.8
WO-7352,Blow Molding,ISBM-008,M-SOP-019,2026-12-25,,,9.7,,43.8,49.0
WO-7353,Blow Molding,ISBM-008,M-SOP-019,2026-12-26,,,9.3,,43.6,50.7
WO-7354,Blow Molding,ISBM-008,M-SOP-019,2026-12-27,,,9.2,,38.4,51.5
WO-7355,Blow Molding,ISBM-008,M-SOP-022,2026-12-27,,,9.3,,42.2,47.0
WO-7356,Blow Molding,ISBM-008,M-SOP-022,2026-12-28,,,6.2,,44.1,52.6
WO-7357,Blow Molding,ISBM-008,M-SOP-016,2026-12-28,,,9.3,,37.3,44.4
WO-7358,Blow Molding,ISBM-008,M-SOP-016,2026-12-29,,,8.9,,42.5,49.8
WO-7359,Blow Molding,ISBM-008,M-SOP-016,2026-12-30,,,8.3,,43.9,43.1
WO-7360,Blow Molding,ISBM-008,M-SOP-016,2026-12-30,,,8.8,,42.5,47.3
WO-16087,Blow Molding,ISBM-003,M-SOP-021,2025-07-03,,,9.0,,45.1,50.9
WO-16088,Blow Molding,ISBM-007,M-SOP-020,2026-02-03,,,8.6,,41.0,49.0
WO-16089,Blow Molding,ISBM-001,M-SOP-007,2025-12-29,,,7.3,,40.0,50.9
WO-16610,Injection Molding,IM-007,M-INJ-010,2026-07-06,225.9,75.7,11.6,71.3,47.7,
WO-16611,Injection Molding,IM-007,M-INJ-010,2026-07-06,230.5,63.8,10.4,75.1,43.5,
WO-16612,Injection Molding,IM-007,M-INJ-010,2026-07-07,224.3,68.0,12.0,67.5,47.5,
WO-16613,Injection Molding,IM-007,M-INJ-011,2026-07-08,226.8,71.3,10.2,70.2,46.1,
WO-16614,Injection Molding,IM-007,M-INJ-011,2026-07-08,229.3,72.1,13.5,59.6,43.9,
WO-16615,Injection Molding,IM-007,M-INJ-011,2026-07-09,222.1,71.2,10.2,73.5,45.6,
WO-16616,Injection Molding,IM-007,M-INJ-011,2026-07-10,231.4,60.7,11.7,66.4,43.5,
WO-16617,Injection Molding,IM-007,M-INJ-011,2026-07-11,231.2,68.5,13.1,66.1,44.0,
WO-16618,Injection Molding,IM-007,M-INJ-010,2026-07-11,224.8,66.2,12.7,65.3,47.0,
WO-16619,Injection Molding,IM-007,M-INJ-010,2026-07-12,223.6,68.5,13.0,62.8,47.0,
WO-16620,Injection Molding,IM-007,M-INJ-010,2026-07-13,229.9,67.9,8.4,66.2,44.9,
WO-16621,Injection Molding,IM-007,M-INJ-010,2026-07-13,224.3,70.9,11.9,63.7,39.5,
WO-16622,Injection Molding,IM-007,M-INJ-011,2026-07-14,222.7,67.1,10.2,71.0,43.4,
WO-16623,Injection Molding,IM-007,M-INJ-011,2026-07-15,227.8,68.6,12.2,57.5,45.8,
WO-16624,Injection Molding,IM-007,M-INJ-011,2026-07-15,228.8,72.6,10.7,68.9,48.1,
WO-16626,Injection Molding,IM-007,M-INJ-011,2026-07-16,218.4,72.2,12.7,71.1,42.9,
WO-16625,Injection Molding,IM-007,M-INJ-011,2026-07-16,224.9,70.1,11.9,69.2,46.3,
WO-16627,Injection Molding,IM-007,M-INJ-011,2026-07-17,228.7,71.2,10.2,59.4,48.2,
WO-16628,Injection Molding,IM-007,M-INJ-010,2026-07-18,224.2,66.4,11.6,59.8,47.2,
WO-16629,Injection Molding,IM-007,M-INJ-010,2026-07-18,215.8,62.5,11.4,62.6,43.2,
WO-16630,Injection Molding,IM-007,M-INJ-010,2026-07-19,226.7,67.3,11.0,61.7,42.3,
WO-16631,Injection Molding,IM-007,M-INJ-010,2026-07-19,214.5,69.3,11.4,64.2,44.3,
WO-16632,Injection Molding,IM-007,M-INJ-010,2026-07-20,228.1,70.5,11.2,65.7,47.4,
WO-16633,Injection Molding,IM-007,M-INJ-010,2026-07-21,233.5,69.2,10.8,73.0,48.6,
WO-16634,Injection Molding,IM-007,M-INJ-011,2026-07-21,220.2,74.5,8.4,49.0,46.6,
WO-16635,Injection Molding,IM-007,M-INJ-011,2026-07-22,229.3,73.6,10.8,57.4,49.3,
WO-16636,Injection Molding,IM-007,M-INJ-011,2026-07-22,222.5,72.7,11.0,60.0,42.1,
WO-16637,Injection Molding,IM-007,M-INJ-011,2026-07-23,220.9,64.5,10.2,60.1,48.7,
WO-16638,Injection Molding,IM-007,M-INJ-010,2026-07-24,224.7,69.8,11.7,67.6,47.8,
WO-16639,Injection Molding,IM-007,M-INJ-010,2026-07-24,221.7,79.6,8.6,68.3,43.1,
WO-16640,Injection Molding,IM-007,M-INJ-010,2026-07-25,224.7,67.1,9.4,61.9,40.2,
WO-16641,Injection Molding,IM-007,M-INJ-010,2026-07-25,234.2,76.2,12.5,66.5,42.3,
WO-16642,Injection Molding,IM-007,M-INJ-011,2026-07-26,224.8,76.1,11.1,66.9,42.4,
WO-16643,Injection Molding,IM-007,M-INJ-011,2026-07-27,219.6,65.9,12.8,67.2,46.4,
WO-16644,Injection Molding,IM-007,M-INJ-010,2026-07-28,221.3,72.1,10.3,67.4,46.6,
WO-16645,Injection Molding,IM-007,M-INJ-010,2026-07-29,219.1,68.5,11.6,58.7,47.7,
WO-16646,Injection Molding,IM-007,M-INJ-010,2026-07-29,225.2,69.2,9.5,68.4,42.0,
WO-16647,Injection Molding,IM-007,M-INJ-010,2026-07-30,220.4,67.0,9.8,66.6,46.4,
WO-16648,Injection Molding,IM-007,M-INJ-011,2026-07-30,228.1,66.4,10.8,61.9,42.9,
WO-16649,Injection Molding,IM-007,M-INJ-011,2026-07-31,229.3,64.7,10.0,66.3,46.1,
WO-16650,Injection Molding,IM-007,M-INJ-010,2026-08-01,231.7,65.4,10.4,62.2,46.2,
WO-16651,Injection Molding,IM-007,M-INJ-010,2026-08-01,231.5,76.1,12.8,68.7,44.6,
WO-16652,Injection Molding,IM-007,M-INJ-010,2026-08-02,232.7,62.4,9.3,72.7,47.9,
WO-16653,Injection Molding,IM-007,M-INJ-011,2026-08-03,224.4,66.2,12.9,63.9,51.4,
WO-16654,Injection Molding,IM-007,M-INJ-011,2026-08-03,232.7,70.8,12.7,69.6,46.8,
WO-16655,Injection Molding,IM-007,M-INJ-011,2026-08-04,223.5,75.1,10.7,64.4,45.6,
WO-16656,Injection Molding,IM-007,M-INJ-011,2026-08-05,221.8,78.8,11.3,64.8,49.3,
WO-16657,Injection Molding,IM-007,M-INJ-011,2026-08-05,217.4,72.7,9.8,64.4,40.4,
WO-16658,Injection Molding,IM-007,M-INJ-010,2026-08-06,218.7,62.0,13.9,64.9,41.5,
WO-16659,Injection Molding,IM-007,M-INJ-010,2026-08-07,228.5,71.0,10.6,63.0,50.6,
WO-16660,Injection Molding,IM-007,M-INJ-010,2026-08-07,227.8,73.3,10.1,64.1,40.5,
WO-16661,Injection Molding,IM-007,M-INJ-010,2026-08-08,218.4,70.5,10.7,58.3,44.4,
WO-16662,Injection Molding,IM-007,M-INJ-010,2026-08-09,220.7,77.1,9.7,67.3,49.5,
WO-16663,Injection Molding,IM-007,M-INJ-011,2026-08-09,231.6,69.2,12.4,61.1,40.9,
WO-16664,Injection Molding,IM-007,M-INJ-011,2026-08-10,224.5,70.7,12.5,69.4,39.8,
WO-16665,Injection Molding,IM-007,M-INJ-011,2026-08-11,227.0,68.7,10.1,64.8,46.1,
WO-16666,Injection Molding,IM-007,M-INJ-011,2026-08-11,226.0,73.1,12.0,61.2,41.6,
WO-16667,Injection Molding,IM-007,M-INJ-011,2026-08-12,220.7,65.6,12.7,61.2,43.8,
WO-16668,Injection Molding,IM-007,M-INJ-010,2026-08-13,229.2,75.3,10.7,66.8,46.2,
WO-16669,Injection Molding,IM-007,M-INJ-010,2026-08-14,222.3,68.7,10.7,66.8,44.5,
WO-16670,Injection Molding,IM-007,M-INJ-010,2026-08-14,225.7,73.8,10.8,70.1,41.3,
WO-16671,Injection Molding,IM-007,M-INJ-010,2026-08-15,225.3,72.5,8.6,61.9,53.7,
WO-16672,Injection Molding,IM-007,M-INJ-011,2026-08-16,231.2,72.9,11.3,59.9,43.4,
WO-16673,Injection Molding,IM-007,M-INJ-011,2026-08-16,225.8,72.1,10.1,67.3,43.1,
WO-16675,Injection Molding,IM-007,M-INJ-010,2026-08-17,215.5,74.0,10.9,61.4,38.9,
WO-16674,Injection Molding,IM-007,M-INJ-011,2026-08-17,219.6,72.4,10.6,64.0,44.2,
WO-16676,Injection Molding,IM-007,M-INJ-010,2026-08-18,228.8,71.7,10.7,66.8,46.2,
WO-16677,Injection Molding,IM-007,M-INJ-011,2026-08-19,225.3,69.5,13.7,68.1,42.1,
WO-16678,Injection Molding,IM-007,M-INJ-011,2026-08-19,217.2,77.7,11.1,72.3,41.7,
WO-16679,Injection Molding,IM-007,M-INJ-011,2026-08-20,229.5,70.0,10.9,76.5,44.5,
WO-16680,Injection Molding,IM-007,M-INJ-011,2026-08-21,222.6,69.2,12.3,71.1,49.0,
WO-16681,Injection Molding,IM-007,M-INJ-010,2026-08-21,221.0,66.7,12.1,63.9,46.1,
WO-16682,Injection Molding,IM-007,M-INJ-010,2026-08-22,229.9,70.3,11.7,65.5,51.5,
WO-16683,Injection Molding,IM-007,M-INJ-011,2026-08-22,225.7,75.1,9.4,60.9,47.2,
WO-16684,Injection Molding,IM-007,M-INJ-011,2026-08-23,228.8,73.7,11.7,65.8,43.7,
WO-16685,Injection Molding,IM-007,M-INJ-011,2026-08-24,216.0,64.4,11.1,62.7,43.1,
WO-16686,Injection Molding,IM-007,M-INJ-010,2026-08-25,225.0,66.4,12.1,64.3,38.8,
WO-16687,Injection Molding,IM-007,M-INJ-010,2026-08-25,230.0,61.5,12.4,58.1,47.0,
WO-16688,Injection Molding,IM-007,M-INJ-010,2026-08-26,228.4,70.5,9.7,60.4,49.6,
WO-16689,Injection Molding,IM-007,M-INJ-010,2026-08-26,213.9,65.3,9.5,65.4,45.9,
WO-16690,Injection Molding,IM-007,M-INJ-011,2026-08-27,229.8,78.8,10.8,65.2,45.1,
WO-16692,Injection Molding,IM-007,M-INJ-011,2026-08-28,222.5,71.9,11.0,62.1,45.2,
WO-16691,Injection Molding,IM-007,M-INJ-011,2026-08-28,224.9,73.6,11.2,71.6,46.0,
WO-16693,Injection Molding,IM-007,M-INJ-011,2026-08-29,223.7,60.6,10.0,63.7,45.6,
WO-16694,Injection Molding,IM-007,M-INJ-010,2026-08-29,224.6,70.4,10.2,67.1,48.9,
WO-16695,Injection Molding,IM-007,M-INJ-010,2026-08-30,231.3,78.5,11.3,65.1,47.3,
WO-16696,Injection Molding,IM-007,M-INJ-010,2026-08-31,220.3,72.7,11.3,64.1,41.7,
WO-16697,Injection Molding,IM-007,M-INJ-010,2026-09-01,226.7,67.3,10.5,68.9,47.6,
WO-16698,Injection Molding,IM-007,M-INJ-011,2026-09-02,221.0,69.7,11.4,66.1,44.9,
WO-16699,Injection Molding,IM-007,M-INJ-011,2026-09-02,219.1,72.0,11.3,67.7,41.3,
WO-16700,Injection Molding,IM-007,M-INJ-011,2026-09-03,222.3,68.6,10.6,70.5,39.9,
WO-16701,Injection Molding,IM-007,M-INJ-010,2026-09-04,221.4,75.9,11.5,67.8,41.0,
WO-16702,Injection Molding,IM-007,M-INJ-010,2026-09-04,216.3,69.0,11.3,62.1,43.4,
WO-16703,Injection Molding,IM-007,M-INJ-011,2026-09-05,219.4,67.9,8.6,67.9,45.2,
WO-16704,Injection Molding,IM-007,M-INJ-011,2026-09-06,226.5,73.2,11.0,68.1,40.9,
WO-16705,Injection Molding,IM-007,M-INJ-011,2026-09-07,220.1,69.4,13.5,58.4,47.8,
WO-16706,Injection Molding,IM-007,M-INJ-011,2026-09-07,218.5,66.5,10.6,66.8,38.7,
WO-16707,Injection Molding,IM-007,M-INJ-011,2026-09-08,218.1,68.2,8.7,62.3,44.7,
WO-16708,Injection Molding,IM-007,M-INJ-010,2026-09-09,232.1,72.4,9.6,68.8,43.8,
WO-16709,Injection Molding,IM-007,M-INJ-010,2026-09-09,220.7,64.2,12.4,53.9,46.7,
WO-16710,Injection Molding,IM-007,M-INJ-010,2026-09-10,220.5,72.9,11.2,54.1,43.0,
WO-16711,Injection Molding,IM-007,M-INJ-010,2026-09-11,231.3,68.3,10.0,57.7,40.9,
WO-16712,Injection Molding,IM-007,M-INJ-011,2026-09-11,225.5,65.1,9.5,68.1,48.1,
WO-16713,Injection Molding,IM-007,M-INJ-011,2026-09-12,225.5,73.6,11.3,54.6,45.0,
WO-16714,Injection Molding,IM-007,M-INJ-010,2026-09-13,227.3,72.1,9.7,61.6,44.4,
WO-16715,Injection Molding,IM-007,M-INJ-010,2026-09-14,223.2,67.3,9.3,72.9,52.9,
WO-16716,Injection Molding,IM-007,M-INJ-010,2026-09-15,219.0,62.8,11.9,69.8,44.8,
WO-16717,Injection Molding,IM-007,M-INJ-010,2026-09-15,224.6,74.9,9.5,67.3,43.9,
WO-16718,Injection Molding,IM-007,M-INJ-010,2026-09-16,227.1,68.9,10.4,60.2,43.7,
WO-16719,Injection Molding,IM-007,M-INJ-011,2026-09-17,225.4,70.3,11.1,69.1,43.1,
WO-16720,Injection Molding,IM-007,M-INJ-011,2026-09-17,228.5,70.2,8.9,67.0,44.9,
WO-16721,Injection Molding,IM-007,M-INJ-011,2026-09-18,224.7,66.4,9.6,65.0,45.5,
WO-16722,Injection Molding,IM-007,M-INJ-011,2026-09-19,234.9,63.5,13.3,65.6,46.9,
WO-16723,Injection Molding,IM-007,M-INJ-010,2026-09-20,228.2,66.3,9.0,67.0,46.2,
WO-16724,Injection Molding,IM-007,M-INJ-010,2026-09-21,235.4,63.7,10.6,66.3,40.6,
WO-16725,Injection Molding,IM-007,M-INJ-011,2026-09-21,226.3,64.6,12.0,67.0,47.9,
WO-16726,Injection Molding,IM-007,M-INJ-011,2026-09-22,223.4,69.3,10.8,70.7,44.4,
WO-16727,Injection Molding,IM-007,M-INJ-011,2026-09-23,221.8,64.2,11.0,62.3,44.0,
WO-16728,Injection Molding,IM-007,M-INJ-011,2026-09-23,230.5,68.9,9.9,62.4,49.1,
WO-16729,Injection Molding,IM-007,M-INJ-010,2026-09-24,234.2,70.8,8.0,64.8,45.4,
WO-16730,Injection Molding,IM-007,M-INJ-010,2026-09-25,231.8,61.2,11.4,65.7,48.4,
WO-16731,Injection Molding,IM-007,M-INJ-010,2026-09-26,224.3,64.9,10.1,67.8,44.7,
WO-16732,Injection Molding,IM-007,M-INJ-011,2026-09-27,221.1,71.1,13.0,62.1,42.8,
WO-16733,Injection Molding,IM-007,M-INJ-011,2026-09-28,221.3,73.8,10.3,66.2,46.7,
WO-16734,Injection Molding,IM-007,M-INJ-011,2026-09-28,221.1,59.4,9.8,67.0,44.4,
WO-16735,Injection Molding,IM-007,M-INJ-011,2026-09-29,225.3,81.0,11.0,65.7,48.4,
WO-16736,Injection Molding,IM-007,M-INJ-010,2026-09-30,228.1,73.0,10.0,69.4,39.9,
WO-16737,Injection Molding,IM-007,M-INJ-010,2026-09-30,223.8,70.6,11.6,58.0,48.7,
WO-16738,Injection Molding,IM-007,M-INJ-010,2026-10-01,216.7,71.4,9.1,67.0,42.9,
WO-16739,Injection Molding,IM-007,M-INJ-010,2026-10-02,211.5,67.0,12.2,63.2,45.6,
WO-16740,Injection Molding,IM-007,M-INJ-011,2026-10-03,230.2,63.0,11.3,66.9,46.1,
WO-16741,Injection Molding,IM-007,M-INJ-011,2026-10-04,223.9,70.3,12.4,62.3,41.2,
WO-16742,Injection Molding,IM-007,M-INJ-011,2026-10-04,225.5,65.0,10.0,68.6,40.9,
WO-16743,Injection Molding,IM-007,M-INJ-010,2026-10-05,230.1,76.7,10.5,60.5,48.9,
WO-16744,Injection Molding,IM-007,M-INJ-010,2026-10-06,225.0,69.1,10.3,69.4,50.6,
WO-16745,Injection Molding,IM-007,M-INJ-010,2026-10-06,226.2,66.9,11.3,68.0,47.8,
WO-16746,Injection Molding,IM-007,M-INJ-011,2026-10-07,224.0,79.0,10.8,59.2,43.6,
WO-16747,Injection Molding,IM-007,M-INJ-011,2026-10-08,229.8,71.7,9.3,68.7,44.1,
WO-16748,Injection Molding,IM-007,M-INJ-011,2026-10-08,229.4,69.1,11.6,61.7,41.5,
WO-16749,Injection Molding,IM-007,M-INJ-010,2026-10-09,220.3,72.2,12.5,66.7,50.0,
WO-16750,Injection Molding,IM-007,M-INJ-010,2026-10-10,230.1,71.5,8.4,64.7,46.6,
WO-16751,Injection Molding,IM-007,M-INJ-010,2026-10-10,227.1,72.3,9.5,59.0,48.2,
WO-16752,Injection Molding,IM-007,M-INJ-011,2026-10-11,223.7,67.4,13.3,66.8,42.3,
WO-16753,Injection Molding,IM-007,M-INJ-011,2026-10-12,224.3,74.4,11.0,67.2,41.7,
WO-16754,Injection Molding,IM-007,M-INJ-011,2026-10-12,220.8,65.5,13.0,63.1,45.6,
WO-16755,Injection Molding,IM-007,M-INJ-010,2026-10-13,226.2,74.3,11.8,58.8,45.8,
WO-16757,Injection Molding,IM-007,M-INJ-010,2026-10-14,218.3,64.7,10.2,62.9,42.8,
WO-16756,Injection Molding,IM-007,M-INJ-010,2026-10-14,222.7,63.8,10.0,70.3,42.1,
WO-16758,Injection Molding,IM-007,M-INJ-011,2026-10-15,217.5,68.8,15.0,63.3,45.6,
WO-16759,Injection Molding,IM-007,M-INJ-011,2026-10-16,225.5,69.7,11.5,71.4,40.7,
WO-16760,Injection Molding,IM-007,M-INJ-011,2026-10-16,230.6,77.1,10.5,67.4,46.3,
WO-16761,Injection Molding,IM-007,M-INJ-010,2026-10-17,225.6,70.1,9.8,57.8,47.1,
WO-16762,Injection Molding,IM-007,M-INJ-010,2026-10-17,225.1,77.8,10.8,60.0,46.2,
WO-16763,Injection Molding,IM-007,M-INJ-010,2026-10-18,224.5,72.1,13.1,66.3,44.5,
WO-16764,Injection Molding,IM-007,M-INJ-011,2026-10-19,226.2,67.0,9.8,61.2,44.8,
WO-16765,Injection Molding,IM-007,M-INJ-011,2026-10-19,226.8,70.3,8.6,71.1,42.0,
WO-16766,Injection Molding,IM-007,M-INJ-011,2026-10-20,224.7,67.7,10.1,66.7,42.9,
WO-16767,Injection Molding,IM-007,M-INJ-011,2026-10-21,234.7,67.8,10.7,64.4,46.3,
WO-16768,Injection Molding,IM-007,M-INJ-010,2026-10-21,225.8,70.3,13.6,72.0,47.6,
WO-16769,Injection Molding,IM-007,M-INJ-010,2026-10-22,225.7,73.4,8.8,66.4,41.2,
WO-16770,Injection Molding,IM-007,M-INJ-010,2026-10-22,223.5,63.9,10.7,67.8,44.2,
WO-16771,Injection Molding,IM-007,M-INJ-010,2026-10-23,217.4,65.6,9.7,66.8,47.9,
WO-16773,Injection Molding,IM-007,M-INJ-010,2026-10-24,220.9,65.7,9.9,69.7,49.9,
WO-16772,Injection Molding,IM-007,M-INJ-011,2026-10-24,221.3,68.6,8.7,58.1,45.7,
WO-16774,Injection Molding,IM-007,M-INJ-011,2026-10-25,227.2,71.5,8.8,62.4,49.4,
WO-16775,Injection Molding,IM-007,M-INJ-011,2026-10-26,220.1,76.0,12.3,68.9,45.5,
WO-16776,Injection Molding,IM-007,M-INJ-011,2026-10-26,227.1,70.1,9.7,61.1,44.0,
WO-16777,Injection Molding,IM-007,M-INJ-011,2026-10-27,222.7,68.5,10.5,67.4,39.4,
WO-16778,Injection Molding,IM-007,M-INJ-010,2026-10-28,223.9,69.5,12.7,64.3,46.8,
WO-16779,Injection Molding,IM-007,M-INJ-010,2026-10-28,215.6,69.8,11.8,61.9,44.6,
WO-16780,Injection Molding,IM-007,M-INJ-011,2026-10-29,227.5,73.7,9.3,66.4,40.7,
WO-16782,Injection Molding,IM-007,M-INJ-011,2026-10-30,218.1,69.8,10.8,61.9,42.5,
WO-16781,Injection Molding,IM-007,M-INJ-011,2026-10-30,226.1,68.4,10.9,65.6,50.5,
WO-16783,Injection Molding,IM-007,M-INJ-011,2026-10-31,219.6,67.7,10.1,62.4,46.0,
WO-16784,Injection Molding,IM-007,M-INJ-010,2026-11-01,226.6,73.8,10.4,51.0,47.3,
WO-16785,Injection Molding,IM-007,M-INJ-010,2026-11-02,222.5,68.8,11.8,68.0,49.1,
WO-16786,Injection Molding,IM-007,M-INJ-010,2026-11-03,225.7,59.6,8.9,74.3,42.6,
WO-16787,Injection Molding,IM-007,M-INJ-011,2026-11-03,230.8,66.0,12.0,60.4,47.7,
WO-16788,Injection Molding,IM-007,M-INJ-011,2026-11-04,221.0,70.7,10.5,69.2,46.9,
WO-16790,Injection Molding,IM-007,M-INJ-011,2026-11-05,215.1,71.0,10.9,68.9,46.4,
WO-16789,Injection Molding,IM-007,M-INJ-011,2026-11-05,221.5,66.5,11.2,68.4,41.5,
WO-16791,Injection Molding,IM-007,M-INJ-010,2026-11-06,233.5,67.7,13.5,72.1,52.8,
WO-16792,Injection Molding,IM-007,M-INJ-010,2026-11-07,229.9,67.8,10.1,73.9,47.0,
WO-16793,Injection Molding,IM-007,M-INJ-010,2026-11-07,223.8,69.6,10.0,70.8,42.5,
WO-16794,Injection Molding,IM-007,M-INJ-010,2026-11-08,227.6,69.0,11.9,62.5,46.0,
WO-16795,Injection Molding,IM-007,M-INJ-011,2026-11-09,233.7,69.1,10.9,65.1,41.9,
WO-16796,Injection Molding,IM-007,M-INJ-011,2026-11-10,230.9,63.3,12.5,61.5,43.3,
WO-16797,Injection Molding,IM-007,M-INJ-011,2026-11-10,230.7,79.8,11.0,67.3,45.6,
WO-16798,Injection Molding,IM-007,M-INJ-010,2026-11-11,230.1,65.2,10.9,66.4,46.9,
WO-16799,Injection Molding,IM-007,M-INJ-010,2026-11-11,224.8,79.2,12.4,61.6,44.2,
WO-16800,Injection Molding,IM-007,M-INJ-010,2026-11-12,220.1,72.1,9.2,61.2,46.3,
WO-16801,Injection Molding,IM-007,M-INJ-010,2026-11-13,222.4,69.4,10.7,62.2,41.4,
WO-16802,Injection Molding,IM-007,M-INJ-010,2026-11-13,230.4,71.3,10.9,56.0,45.9,
WO-16804,Injection Molding,IM-007,M-INJ-011,2026-11-14,231.7,75.3,8.1,59.3,45.7,
WO-16803,Injection Molding,IM-007,M-INJ-011,2026-11-14,223.2,76.4,11.6,68.9,44.4,
WO-16805,Injection Molding,IM-007,M-INJ-011,2026-11-15,214.1,68.4,9.5,73.3,44.3,
WO-16806,Injection Molding,IM-007,M-INJ-010,2026-11-16,213.4,74.5,13.1,65.5,46.5,
WO-16807,Injection Molding,IM-007,M-INJ-010,2026-11-17,221.0,63.2,11.5,63.2,45.8,
WO-16808,Injection Molding,IM-007,M-INJ-010,2026-11-17,227.2,72.8,8.9,57.6,40.1,
WO-16809,Injection Molding,IM-007,M-INJ-011,2026-11-18,223.8,70.9,11.8,71.7,46.0,
WO-16810,Injection Molding,IM-007,M-INJ-011,2026-11-18,222.7,69.4,12.4,71.7,45.4,
WO-16811,Injection Molding,IM-007,M-INJ-011,2026-11-19,220.7,78.2,12.2,65.3,44.1,
WO-16812,Injection Molding,IM-007,M-INJ-011,2026-11-19,221.7,68.3,11.9,53.4,48.4,
WO-16813,Injection Molding,IM-007,M-INJ-011,2026-11-20,221.2,70.8,12.2,57.3,42.8,
WO-16814,Injection Molding,IM-007,M-INJ-010,2026-11-21,222.7,76.3,9.2,64.1,43.0,
WO-16815,Injection Molding,IM-007,M-INJ-010,2026-11-21,226.3,64.1,12.4,71.0,45.0,
WO-16816,Injection Molding,IM-007,M-INJ-010,2026-11-22,227.4,76.9,10.2,70.4,52.5,
WO-16817,Injection Molding,IM-007,M-INJ-010,2026-11-23,218.0,66.6,11.2,61.2,39.7,
WO-16818,Injection Molding,IM-007,M-INJ-011,2026-11-23,222.3,66.4,11.7,60.1,44.4,
WO-16819,Injection Molding,IM-007,M-INJ-011,2026-11-24,221.7,75.9,10.1,63.7,43.2,
WO-16820,Injection Molding,IM-007,M-INJ-011,2026-11-24,223.4,68.6,12.1,65.7,39.6,
WO-16821,Injection Molding,IM-007,M-INJ-011,2026-11-25,220.3,71.8,11.3,60.8,45.1,
WO-16823,Injection Molding,IM-007,M-INJ-011,2026-11-26,222.8,70.6,10.7,69.8,45.6,
WO-16822,Injection Molding,IM-007,M-INJ-010,2026-11-26,224.4,70.2,10.9,63.1,45.7,
WO-16824,Injection Molding,IM-007,M-INJ-010,2026-11-27,225.3,72.1,9.9,68.3,46.6,
WO-16825,Injection Molding,IM-007,M-INJ-010,2026-11-28,230.2,68.6,12.8,62.8,46.6,
WO-16826,Injection Molding,IM-007,M-INJ-010,2026-11-28,220.5,69.5,11.7,64.9,46.9,
WO-16827,Injection Molding,IM-007,M-INJ-011,2026-11-29,225.1,73.0,9.2,65.9,44.3,
WO-16828,Injection Molding,IM-007,M-INJ-011,2026-11-30,222.5,77.3,12.8,61.3,47.8,
WO-16829,Injection Molding,IM-007,M-INJ-011,2026-12-01,227.4,73.0,10.9,71.7,38.6,
WO-16831,Injection Molding,IM-007,M-INJ-010,2026-12-02,223.9,77.8,13.9,61.7,47.4,
WO-16830,Injection Molding,IM-007,M-INJ-010,2026-12-02,226.4,66.3,10.8,64.5,49.6,
WO-16832,Injection Molding,IM-007,M-INJ-010,2026-12-03,226.2,66.7,10.6,57.4,44.1,
WO-16833,Injection Molding,IM-007,M-INJ-011,2026-12-03,227.2,65.7,10.9,69.4,43.9,
WO-16834,Injection Molding,IM-007,M-INJ-011,2026-12-04,238.9,72.2,11.7,64.0,45.5,
WO-16835,Injection Molding,IM-007,M-INJ-011,2026-12-04,224.2,71.1,10.8,65.8,41.2,
WO-16836,Injection Molding,IM-007,M-INJ-011,2026-12-06,222.5,62.6,9.8,69.3,48.5,
WO-16837,Injection Molding,IM-007,M-INJ-010,2026-12-06,220.7,70.5,9.5,60.8,39.2,
WO-16838,Injection Molding,IM-007,M-INJ-010,2026-12-07,227.6,69.9,12.3,62.3,48.4,
WO-16840,Injection Molding,IM-007,M-INJ-011,2026-12-08,225.3,73.6,12.0,69.7,46.8,
WO-16839,Injection Molding,IM-007,M-INJ-010,2026-12-08,231.7,65.0,11.6,63.5,41.9,
WO-16841,Injection Molding,IM-007,M-INJ-010,2026-12-09,224.2,68.8,12.9,54.4,45.4,
WO-16842,Injection Molding,IM-007,M-INJ-011,2026-12-09,218.1,70.4,13.9,60.6,44.6,
WO-16843,Injection Molding,IM-007,M-INJ-010,2026-12-10,230.1,68.1,12.5,63.5,44.5,
WO-16844,Injection Molding,IM-007,M-INJ-010,2026-12-11,224.4,62.9,10.0,77.2,46.1,
WO-16845,Injection Molding,IM-007,M-INJ-011,2026-12-11,212.2,67.8,12.1,68.4,47.4,
WO-16846,Injection Molding,IM-007,M-INJ-011,2026-12-12,226.8,73.7,11.3,69.7,51.3,
WO-16847,Injection Molding,IM-007,M-INJ-011,2026-12-13,226.3,69.8,11.4,61.8,47.8,
WO-16848,Injection Molding,IM-007,M-INJ-010,2026-12-14,229.0,68.2,8.5,68.1,41.0,
WO-16849,Injection Molding,IM-007,M-INJ-010,2026-12-14,221.3,72.5,10.6,59.0,46.6,
WO-16850,Injection Molding,IM-007,M-INJ-010,2026-12-15,223.1,66.3,11.2,69.3,44.4,
WO-16851,Injection Molding,IM-007,M-INJ-011,2026-12-16,226.4,67.9,9.7,65.7,51.7,
WO-16852,Injection Molding,IM-007,M-INJ-011,2026-12-17,221.6,67.8,11.0,79.8,46.1,
WO-16853,Injection Molding,IM-007,M-INJ-010,2026-12-17,224.4,66.9,12.4,69.8,48.7,
WO-16854,Injection Molding,IM-007,M-INJ-010,2026-12-18,230.0,63.7,14.7,57.2,47.2,
WO-16856,Injection Molding,IM-007,M-INJ-010,2026-12-19,226.0,71.6,9.1,59.9,49.1,
WO-16855,Injection Molding,IM-007,M-INJ-010,2026-12-19,225.5,67.4,11.2,64.5,44.1,
WO-16857,Injection Molding,IM-007,M-INJ-010,2026-12-20,229.5,71.7,11.6,68.9,46.9,
WO-16858,Injection Molding,IM-007,M-INJ-011,2026-12-21,226.6,62.4,10.9,73.3,46.4,
WO-16859,Injection Molding,IM-007,M-INJ-011,2026-12-22,225.5,69.7,12.6,68.1,43.4,
WO-16860,Injection Molding,IM-007,M-INJ-011,2026-12-23,217.0,65.5,9.9,61.1,40.3,
WO-16861,Injection Molding,IM-007,M-INJ-011,2026-12-23,222.9,65.3,10.8,64.4,41.4,
WO-16862,Injection Molding,IM-007,M-INJ-011,2026-12-24,218.6,69.1,8.7,69.0,43.5,
WO-16863,Injection Molding,IM-007,M-INJ-010,2026-12-25,232.5,72.5,12.8,62.5,43.0,
WO-16864,Injection Molding,IM-007,M-INJ-010,2026-12-25,220.6,71.9,11.3,58.6,46.9,
WO-16865,Injection Molding,IM-007,M-INJ-010,2026-12-26,225.9,68.3,12.4,69.5,43.6,
WO-16866,Injection Molding,IM-007,M-INJ-010,2026-12-26,224.3,61.2,11.5,72.3,46.8,
WO-16867,Injection Molding,IM-007,M-INJ-010,2026-12-27,226.4,68.8,12.0,61.9,42.6,
WO-16868,Injection Molding,IM-007,M-INJ-011,2026-12-28,226.3,68.6,10.9,64.1,43.2,
WO-16869,Injection Molding,IM-007,M-INJ-011,2026-12-28,218.6,75.4,9.0,63.3,44.4,
WO-16870,Injection Molding,IM-007,M-INJ-011,2026-12-29,228.6,69.6,13.5,66.6,47.4,
WO-16871,Injection Molding,IM-007,M-INJ-011,2026-12-30,227.4,67.7,13.0,65.0,51.5,
WO-16872,Injection Molding,IM-008,M-INJ-012,2026-07-06,223.8,73.7,10.1,69.2,42.2,
WO-16873,Injection Molding,IM-008,M-INJ-013,2026-07-07,232.2,65.4,11.2,59.3,49.4,
WO-16874,Injection Molding,IM-008,M-INJ-013,2026-07-07,227.6,66.8,11.3,70.9,47.2,
WO-16875,Injection Molding,IM-008,M-INJ-013,2026-07-08,231.5,70.8,9.5,72.0,49.6,
WO-16876,Injection Molding,IM-008,M-INJ-012,2026-07-08,222.9,71.4,9.5,62.4,49.8,
WO-16877,Injection Molding,IM-008,M-INJ-012,2026-07-09,231.5,66.6,10.6,61.2,45.5,
WO-16878,Injection Molding,IM-008,M-INJ-013,2026-07-09,229.4,69.4,10.8,59.3,41.3,
WO-16879,Injection Molding,IM-008,M-INJ-013,2026-07-10,228.6,62.7,11.2,66.9,44.6,
WO-16880,Injection Molding,IM-008,M-INJ-013,2026-07-11,224.8,70.9,9.0,72.4,45.6,
WO-16881,Injection Molding,IM-008,M-INJ-013,2026-07-12,223.4,72.2,11.0,69.0,45.2,
WO-16882,Injection Molding,IM-008,M-INJ-013,2026-07-13,215.3,65.1,11.4,70.1,38.7,
WO-16883,Injection Molding,IM-008,M-INJ-012,2026-07-13,223.2,65.3,11.8,61.8,49.8,
WO-16884,Injection Molding,IM-008,M-INJ-012,2026-07-14,224.2,69.3,10.3,69.3,42.9,
WO-16885,Injection Molding,IM-008,M-INJ-012,2026-07-15,226.5,67.1,10.4,66.7,44.3,
WO-16886,Injection Molding,IM-008,M-INJ-013,2026-07-16,218.8,73.2,11.4,65.6,44.9,
WO-16887,Injection Molding,IM-008,M-INJ-013,2026-07-16,220.6,70.7,11.6,61.3,40.8,
WO-16889,Injection Molding,IM-008,M-INJ-013,2026-07-17,223.5,65.6,12.0,69.2,43.1,
WO-16888,Injection Molding,IM-008,M-INJ-012,2026-07-17,225.1,61.5,12.1,59.5,45.3,
WO-16890,Injection Molding,IM-008,M-INJ-012,2026-07-18,231.0,65.7,13.2,50.6,53.8,
WO-16891,Injection Molding,IM-008,M-INJ-013,2026-07-18,225.6,68.9,10.8,67.4,49.2,
WO-16892,Injection Molding,IM-008,M-INJ-013,2026-07-19,227.7,71.3,9.6,59.5,45.6,
WO-16893,Injection Molding,IM-008,M-INJ-012,2026-07-20,226.4,70.6,10.5,56.3,47.6,
WO-16894,Injection Molding,IM-008,M-INJ-012,2026-07-21,229.3,67.4,9.7,57.5,42.5,
WO-16895,Injection Molding,IM-008,M-INJ-013,2026-07-21,225.7,72.1,11.9,58.6,51.3,
WO-16896,Injection Molding,IM-008,M-INJ-013,2026-07-22,217.2,68.9,10.7,63.1,41.8,
WO-16897,Injection Molding,IM-008,M-INJ-013,2026-07-22,226.1,69.2,11.0,77.9,45.6,
WO-16898,Injection Molding,IM-008,M-INJ-012,2026-07-23,227.7,78.7,11.1,61.2,49.1,
WO-16899,Injection Molding,IM-008,M-INJ-012,2026-07-24,220.8,74.5,12.6,66.9,49.9,
WO-16900,Injection Molding,IM-008,M-INJ-013,2026-07-25,224.8,70.2,10.8,69.3,44.4,
WO-16901,Injection Molding,IM-008,M-INJ-013,2026-07-25,225.2,68.5,11.2,66.1,45.5,
WO-16902,Injection Molding,IM-008,M-INJ-013,2026-07-26,212.0,71.1,11.3,57.8,42.4,
WO-16903,Injection Molding,IM-008,M-INJ-013,2026-07-27,228.4,69.4,9.9,59.8,50.9,
WO-16905,Injection Molding,IM-008,M-INJ-012,2026-07-28,224.3,65.6,12.7,57.5,45.8,
WO-16904,Injection Molding,IM-008,M-INJ-012,2026-07-28,219.7,64.0,11.1,63.2,42.8,
WO-16906,Injection Molding,IM-008,M-INJ-013,2026-07-29,223.2,76.0,12.3,61.2,45.1,
WO-16907,Injection Molding,IM-008,M-INJ-013,2026-07-30,232.2,74.7,11.1,66.4,47.9,
WO-16908,Injection Molding,IM-008,M-INJ-013,2026-07-31,219.4,68.2,13.4,57.0,47.6,
WO-16909,Injection Molding,IM-008,M-INJ-012,2026-07-31,222.7,73.8,11.0,78.3,47.6,
WO-16910,Injection Molding,IM-008,M-INJ-013,2026-08-01,221.8,69.8,12.1,65.7,44.1,
WO-16911,Injection Molding,IM-008,M-INJ-013,2026-08-01,222.9,71.3,10.9,68.5,50.8,
WO-16912,Injection Molding,IM-008,M-INJ-013,2026-08-02,226.0,65.7,13.1,67.3,41.0,
WO-16913,Injection Molding,IM-008,M-INJ-013,2026-08-03,220.4,68.4,11.4,61.6,50.9,
WO-16914,Injection Molding,IM-008,M-INJ-012,2026-08-03,223.6,69.0,9.8,64.1,42.1,
WO-16915,Injection Molding,IM-008,M-INJ-013,2026-08-04,215.6,74.9,9.2,74.4,45.7,
WO-16916,Injection Molding,IM-008,M-INJ-013,2026-08-05,229.2,66.5,11.6,69.1,44.7,
WO-16917,Injection Molding,IM-008,M-INJ-013,2026-08-05,222.7,73.3,12.3,61.8,44.1,
WO-16918,Injection Molding,IM-008,M-INJ-013,2026-08-06,224.4,63.0,12.2,65.9,51.8,
WO-16919,Injection Molding,IM-008,M-INJ-012,2026-08-07,219.6,64.7,8.6,64.1,44.0,
WO-16920,Injection Molding,IM-008,M-INJ-012,2026-08-07,223.0,71.1,11.3,65.6,48.2,
WO-16921,Injection Molding,IM-008,M-INJ-013,2026-08-08,230.0,69.9,12.8,55.7,47.1,
WO-16922,Injection Molding,IM-008,M-INJ-013,2026-08-09,220.4,73.8,10.7,54.0,44.2,
WO-16923,Injection Molding,IM-008,M-INJ-013,2026-08-09,223.2,68.5,11.4,69.0,50.3,
WO-16924,Injection Molding,IM-008,M-INJ-013,2026-08-10,223.9,71.3,11.6,63.5,47.8,
WO-16925,Injection Molding,IM-008,M-INJ-012,2026-08-11,222.6,72.1,10.7,65.9,48.8,
WO-16926,Injection Molding,IM-008,M-INJ-012,2026-08-12,223.7,72.6,12.3,57.7,42.4,
WO-16927,Injection Molding,IM-008,M-INJ-012,2026-08-12,226.3,67.1,10.0,59.0,42.2,
WO-16928,Injection Molding,IM-008,M-INJ-013,2026-08-13,230.3,73.1,10.5,62.2,42.7,
WO-16929,Injection Molding,IM-008,M-INJ-013,2026-08-13,226.7,71.4,11.3,64.1,43.4,
WO-16930,Injection Molding,IM-008,M-INJ-013,2026-08-14,220.4,73.4,11.6,58.5,48.6,
WO-16931,Injection Molding,IM-008,M-INJ-013,2026-08-15,221.6,75.8,12.1,65.6,46.8,
WO-16932,Injection Molding,IM-008,M-INJ-012,2026-08-16,227.9,62.7,9.0,68.6,40.7,
WO-16933,Injection Molding,IM-008,M-INJ-013,2026-08-16,230.2,74.3,12.0,60.2,47.4,
WO-16934,Injection Molding,IM-008,M-INJ-013,2026-08-17,228.1,76.3,13.8,60.9,49.2,
WO-16935,Injection Molding,IM-008,M-INJ-013,2026-08-18,219.1,67.7,10.7,61.5,44.3,
WO-16937,Injection Molding,IM-008,M-INJ-013,2026-08-19,222.9,69.3,10.3,57.6,43.1,
WO-16936,Injection Molding,IM-008,M-INJ-012,2026-08-19,227.6,73.8,10.5,65.2,42.5,
WO-16938,Injection Molding,IM-008,M-INJ-012,2026-08-20,219.4,69.0,12.2,57.5,43.9,
WO-16939,Injection Molding,IM-008,M-INJ-013,2026-08-20,221.4,75.1,9.6,67.8,42.6,
WO-16940,Injection Molding,IM-008,M-INJ-012,2026-08-21,215.6,64.2,10.6,61.6,44.9,
WO-16941,Injection Molding,IM-008,M-INJ-013,2026-08-22,228.5,74.8,9.6,64.6,50.2,
WO-16942,Injection Molding,IM-008,M-INJ-013,2026-08-22,226.6,74.4,10.7,65.1,44.7,
WO-16943,Injection Molding,IM-008,M-INJ-013,2026-08-23,224.9,66.4,12.2,69.5,39.0,
WO-16944,Injection Molding,IM-008,M-INJ-013,2026-08-23,217.7,68.5,11.6,70.3,42.7,
WO-16945,Injection Molding,IM-008,M-INJ-013,2026-08-24,223.1,72.2,9.0,61.1,51.0,
WO-16946,Injection Molding,IM-008,M-INJ-012,2026-08-25,218.6,65.9,14.9,62.4,43.8,
WO-16947,Injection Molding,IM-008,M-INJ-013,2026-08-26,222.3,60.5,10.5,58.5,42.8,
WO-16948,Injection Molding,IM-008,M-INJ-013,2026-08-27,222.9,63.9,10.8,64.0,45.9,
WO-16949,Injection Molding,IM-008,M-INJ-012,2026-08-28,223.3,74.2,10.1,67.7,45.3,
WO-16950,Injection Molding,IM-008,M-INJ-012,2026-08-28,220.3,72.2,11.1,64.8,46.8,
WO-16951,Injection Molding,IM-008,M-INJ-013,2026-08-29,216.4,64.4,12.0,70.8,49.9,
WO-16952,Injection Molding,IM-008,M-INJ-013,2026-08-30,216.4,72.1,9.9,73.3,46.9,
WO-16954,Injection Molding,IM-008,M-INJ-013,2026-08-31,222.3,70.3,11.8,62.3,47.8,
WO-16953,Injection Molding,IM-008,M-INJ-013,2026-08-31,224.2,70.9,10.4,56.5,43.5,
WO-16955,Injection Molding,IM-008,M-INJ-013,2026-09-01,218.4,77.1,12.0,72.7,46.7,
WO-16956,Injection Molding,IM-008,M-INJ-013,2026-09-01,221.2,64.5,12.0,62.0,51.5,
WO-16957,Injection Molding,IM-008,M-INJ-012,2026-09-02,225.3,67.7,9.6,65.5,46.8,
WO-16958,Injection Molding,IM-008,M-INJ-012,2026-09-03,232.1,78.5,10.6,70.6,44.5,
WO-16959,Injection Molding,IM-008,M-INJ-013,2026-09-03,231.3,63.8,13.2,64.3,43.0,
WO-16960,Injection Molding,IM-008,M-INJ-013,2026-09-04,220.8,60.2,10.9,64.2,49.3,
WO-16961,Injection Molding,IM-008,M-INJ-013,2026-09-05,226.2,67.0,10.8,61.3,53.3,
WO-16962,Injection Molding,IM-008,M-INJ-013,2026-09-05,221.9,64.4,11.0,71.7,46.8,
WO-16963,Injection Molding,IM-008,M-INJ-012,2026-09-06,225.2,68.4,12.7,74.7,46.3,
WO-16964,Injection Molding,IM-008,M-INJ-012,2026-09-07,230.6,64.7,11.2,64.8,42.7,
WO-16965,Injection Molding,IM-008,M-INJ-013,2026-09-07,223.2,80.3,11.1,65.9,46.9,
WO-16966,Injection Molding,IM-008,M-INJ-013,2026-09-08,227.1,75.3,12.2,63.7,51.1,
WO-16967,Injection Molding,IM-008,M-INJ-013,2026-09-09,219.9,74.4,10.6,60.9,46.0,
WO-16968,Injection Molding,IM-008,M-INJ-013,2026-09-09,218.5,67.3,14.5,78.1,42.1,
WO-16969,Injection Molding,IM-008,M-INJ-013,2026-09-10,221.3,68.7,10.5,69.2,42.8,
WO-16970,Injection Molding,IM-008,M-INJ-013,2026-09-11,225.7,63.3,11.1,80.1,41.8,
WO-16971,Injection Molding,IM-008,M-INJ-012,2026-09-11,223.8,70.0,11.8,68.7,51.9,
WO-16972,Injection Molding,IM-008,M-INJ-012,2026-09-12,216.3,70.0,8.7,57.9,43.8,
WO-16973,Injection Molding,IM-008,M-INJ-013,2026-09-13,218.9,74.3,7.9,63.2,46.8,
WO-16974,Injection Molding,IM-008,M-INJ-013,2026-09-13,224.8,68.7,11.4,58.3,45.4,
WO-16975,Injection Molding,IM-008,M-INJ-012,2026-09-14,229.5,76.1,10.8,70.2,51.1,
WO-16976,Injection Molding,IM-008,M-INJ-013,2026-09-15,223.0,71.8,11.9,70.5,45.0,
WO-16977,Injection Molding,IM-008,M-INJ-013,2026-09-15,224.9,64.3,9.9,58.1,40.8,
WO-16978,Injection Molding,IM-008,M-INJ-013,2026-09-16,222.0,66.1,10.2,62.1,46.4,
WO-16979,Injection Molding,IM-008,M-INJ-013,2026-09-17,226.8,69.2,10.4,62.7,44.1,
WO-16980,Injection Molding,IM-008,M-INJ-012,2026-09-18,223.2,68.2,11.8,67.0,45.6,
WO-16981,Injection Molding,IM-008,M-INJ-013,2026-09-18,226.5,72.7,9.7,67.1,43.8,
WO-16982,Injection Molding,IM-008,M-INJ-013,2026-09-19,217.0,69.0,13.1,68.4,41.4,
WO-16983,Injection Molding,IM-008,M-INJ-013,2026-09-19,221.4,70.8,11.6,66.6,47.4,
WO-16984,Injection Molding,IM-008,M-INJ-013,2026-09-20,232.3,58.4,11.7,70.2,49.2,
WO-16986,Injection Molding,IM-008,M-INJ-013,2026-09-21,227.6,64.3,8.7,68.6,45.1,
WO-16985,Injection Molding,IM-008,M-INJ-012,2026-09-21,214.9,67.0,10.5,64.4,45.4,
WO-16987,Injection Molding,IM-008,M-INJ-013,2026-09-22,225.0,70.8,12.8,72.1,43.4,
WO-16988,Injection Molding,IM-008,M-INJ-012,2026-09-23,220.9,65.7,11.1,70.2,43.8,
WO-16989,Injection Molding,IM-008,M-INJ-013,2026-09-23,228.9,67.2,10.3,67.1,47.8,
WO-16990,Injection Molding,IM-008,M-INJ-013,2026-09-24,227.1,71.7,11.0,76.9,48.5,
WO-16991,Injection Molding,IM-008,M-INJ-013,2026-09-25,226.4,72.0,12.5,68.6,40.0,
WO-16992,Injection Molding,IM-008,M-INJ-012,2026-09-25,222.2,71.8,12.2,62.4,41.9,
WO-16993,Injection Molding,IM-008,M-INJ-012,2026-09-26,222.2,68.0,11.2,59.4,46.3,
WO-16994,Injection Molding,IM-008,M-INJ-012,2026-09-27,228.8,67.2,12.5,62.0,44.6,
WO-16995,Injection Molding,IM-008,M-INJ-013,2026-09-28,227.8,58.0,10.0,60.2,42.5,
WO-16996,Injection Molding,IM-008,M-INJ-013,2026-09-29,230.6,67.6,10.1,68.6,41.6,
WO-16997,Injection Molding,IM-008,M-INJ-013,2026-09-29,227.7,72.8,11.4,79.8,46.7,
WO-16998,Injection Molding,IM-008,M-INJ-013,2026-09-30,222.7,63.9,10.3,64.9,42.8,
WO-16999,Injection Molding,IM-008,M-INJ-012,2026-10-01,221.7,64.5,12.5,65.7,56.2,
WO-17000,Injection Molding,IM-008,M-INJ-013,2026-10-02,227.8,71.9,11.2,67.7,44.3,
WO-17001,Injection Molding,IM-008,M-INJ-013,2026-10-02,227.1,65.6,11.4,71.1,46.4,
WO-17002,Injection Molding,IM-008,M-INJ-013,2026-10-03,220.7,72.6,9.2,54.1,49.3,
WO-17003,Injection Molding,IM-008,M-INJ-012,2026-10-04,224.5,72.2,11.2,60.0,42.5,
WO-17004,Injection Molding,IM-008,M-INJ-013,2026-10-04,226.9,71.7,10.0,71.1,43.4,
WO-17005,Injection Molding,IM-008,M-INJ-013,2026-10-05,226.8,63.5,11.6,52.2,43.1,
WO-17006,Injection Molding,IM-008,M-INJ-013,2026-10-06,225.1,68.8,11.7,65.7,41.8,
WO-17007,Injection Molding,IM-008,M-INJ-012,2026-10-06,230.3,74.4,9.3,73.6,44.8,
WO-17008,Injection Molding,IM-008,M-INJ-013,2026-10-07,219.0,66.6,9.5,62.1,47.5,
WO-17009,Injection Molding,IM-008,M-INJ-013,2026-10-07,218.9,66.5,10.4,56.3,47.3,
WO-17010,Injection Molding,IM-008,M-INJ-013,2026-10-08,221.0,65.9,9.4,64.6,51.5,
WO-17011,Injection Molding,IM-008,M-INJ-013,2026-10-09,224.6,61.9,10.5,63.6,47.3,
WO-17012,Injection Molding,IM-008,M-INJ-012,2026-10-09,230.6,67.4,11.7,57.0,48.7,
WO-17013,Injection Molding,IM-008,M-INJ-012,2026-10-10,221.4,70.5,13.0,65.6,48.0,
WO-17014,Injection Molding,IM-008,M-INJ-012,2026-10-11,226.8,76.0,12.9,67.1,48.7,
WO-17015,Injection Molding,IM-008,M-INJ-013,2026-10-12,222.1,65.6,12.9,65.6,44.5,
WO-17016,Injection Molding,IM-008,M-INJ-013,2026-10-12,223.5,63.9,11.5,72.3,44.4,
WO-17017,Injection Molding,IM-008,M-INJ-013,2026-10-13,224.1,71.4,9.4,66.8,50.7,
WO-17019,Injection Molding,IM-008,M-INJ-013,2026-10-14,224.8,75.1,13.3,62.7,41.2,
WO-17018,Injection Molding,IM-008,M-INJ-012,2026-10-14,225.8,57.6,9.8,57.0,49.2,
WO-17020,Injection Molding,IM-008,M-INJ-013,2026-10-15,226.6,64.5,10.5,53.3,52.4,
WO-17021,Injection Molding,IM-008,M-INJ-013,2026-10-16,233.8,63.6,11.2,57.9,50.0,
WO-17022,Injection Molding,IM-008,M-INJ-013,2026-10-16,229.2,72.0,11.0,69.8,48.2,
WO-17023,Injection Molding,IM-008,M-INJ-013,2026-10-17,213.7,70.2,11.5,64.7,46.8,
WO-17024,Injection Molding,IM-008,M-INJ-012,2026-10-17,238.9,67.1,12.0,61.9,42.5,
WO-17025,Injection Molding,IM-008,M-INJ-013,2026-10-18,227.1,73.5,9.0,64.8,39.4,
WO-17026,Injection Molding,IM-008,M-INJ-013,2026-10-19,229.4,66.3,13.4,65.4,44.4,
WO-17027,Injection Molding,IM-008,M-INJ-012,2026-10-19,222.6,70.7,14.5,65.8,45.8,
WO-17028,Injection Molding,IM-008,M-INJ-012,2026-10-20,225.9,70.8,9.8,60.7,43.9,
WO-17029,Injection Molding,IM-008,M-INJ-012,2026-10-21,226.7,73.8,11.1,68.3,52.2,
WO-17030,Injection Molding,IM-008,M-INJ-013,2026-10-21,222.4,70.3,13.5,69.2,45.9,
WO-17031,Injection Molding,IM-008,M-INJ-013,2026-10-22,224.6,70.2,10.2,67.2,50.3,
WO-17032,Injection Molding,IM-008,M-INJ-013,2026-10-22,228.2,68.9,11.7,71.5,43.9,
WO-17033,Injection Molding,IM-008,M-INJ-013,2026-10-23,226.0,71.7,10.4,69.9,47.4,
WO-17035,Injection Molding,IM-008,M-INJ-013,2026-10-24,222.6,70.0,10.0,65.7,41.8,
WO-17034,Injection Molding,IM-008,M-INJ-013,2026-10-24,222.4,67.7,9.4,62.5,44.2,
WO-17036,Injection Molding,IM-008,M-INJ-012,2026-10-25,228.5,63.0,10.4,72.9,46.4,
WO-17037,Injection Molding,IM-008,M-INJ-013,2026-10-26,227.7,76.3,12.1,65.4,42.7,
WO-17038,Injection Molding,IM-008,M-INJ-013,2026-10-27,223.6,62.5,11.5,62.4,40.3,
WO-17039,Injection Molding,IM-008,M-INJ-012,2026-10-27,219.0,64.9,12.8,63.3,47.9,
WO-17040,Injection Molding,IM-008,M-INJ-013,2026-10-28,231.7,75.3,10.8,59.5,43.6,
WO-17041,Injection Molding,IM-008,M-INJ-013,2026-10-29,226.0,68.2,10.3,64.4,43.3,
WO-17042,Injection Molding,IM-008,M-INJ-013,2026-10-29,227.9,63.4,9.6,55.7,46.6,
WO-17043,Injection Molding,IM-008,M-INJ-013,2026-10-30,223.2,67.8,11.8,63.6,47.5,
WO-17044,Injection Molding,IM-008,M-INJ-013,2026-10-30,226.3,69.9,11.1,59.6,48.4,
WO-17045,Injection Molding,IM-008,M-INJ-012,2026-10-31,232.1,68.5,13.5,54.0,42.8,
WO-17046,Injection Molding,IM-008,M-INJ-012,2026-11-01,230.4,66.5,8.7,64.0,41.9,
WO-17047,Injection Molding,IM-008,M-INJ-012,2026-11-01,223.4,69.6,13.0,63.3,44.3,
WO-17048,Injection Molding,IM-008,M-INJ-013,2026-11-02,224.8,68.4,10.9,71.6,46.2,
WO-17049,Injection Molding,IM-008,M-INJ-013,2026-11-03,224.4,70.5,8.1,65.4,41.6,
WO-17050,Injection Molding,IM-008,M-INJ-012,2026-11-04,236.4,73.6,12.6,56.9,45.2,
WO-17052,Injection Molding,IM-008,M-INJ-012,2026-11-05,230.5,71.6,11.7,71.3,45.3,
WO-17051,Injection Molding,IM-008,M-INJ-013,2026-11-05,220.2,73.9,9.8,64.1,45.1,
WO-17053,Injection Molding,IM-008,M-INJ-013,2026-11-06,231.2,63.4,11.4,63.0,45.8,
WO-17054,Injection Molding,IM-008,M-INJ-013,2026-11-07,226.0,69.7,11.5,77.9,49.3,
WO-17055,Injection Molding,IM-008,M-INJ-013,2026-11-08,227.0,64.8,9.9,67.7,41.9,
WO-17056,Injection Molding,IM-008,M-INJ-013,2026-11-08,222.2,66.4,11.4,61.7,48.3,
WO-17057,Injection Molding,IM-008,M-INJ-012,2026-11-09,230.7,78.0,10.9,70.6,45.7,
WO-17058,Injection Molding,IM-008,M-INJ-013,2026-11-10,219.7,68.0,10.7,59.6,41.6,
WO-17059,Injection Molding,IM-008,M-INJ-013,2026-11-11,238.8,74.6,9.6,63.2,46.2,
WO-17060,Injection Molding,IM-008,M-INJ-013,2026-11-11,223.0,63.7,13.2,62.1,44.6,
WO-17061,Injection Molding,IM-008,M-INJ-012,2026-11-12,227.6,73.0,11.8,62.2,44.4,
WO-17062,Injection Molding,IM-008,M-INJ-012,2026-11-13,231.1,72.9,10.9,68.0,47.2,
WO-17063,Injection Molding,IM-008,M-INJ-012,2026-11-13,220.9,64.3,13.4,65.7,47.5,
WO-17064,Injection Molding,IM-008,M-INJ-013,2026-11-14,229.2,70.6,11.3,60.7,44.1,
WO-17065,Injection Molding,IM-008,M-INJ-013,2026-11-15,217.1,66.4,9.9,65.9,46.3,
WO-17066,Injection Molding,IM-008,M-INJ-013,2026-11-15,216.9,66.4,9.7,61.6,47.8,
WO-17068,Injection Molding,IM-008,M-INJ-013,2026-11-16,217.1,71.2,11.2,66.0,44.1,
WO-17067,Injection Molding,IM-008,M-INJ-013,2026-11-16,231.3,64.4,10.5,65.7,45.6,
WO-17069,Injection Molding,IM-008,M-INJ-013,2026-11-17,231.0,69.3,12.2,79.4,44.7,
WO-17070,Injection Molding,IM-008,M-INJ-012,2026-11-17,227.1,67.1,11.2,72.8,45.2,
WO-17071,Injection Molding,IM-008,M-INJ-013,2026-11-18,219.4,65.2,12.3,57.0,45.3,
WO-17072,Injection Molding,IM-008,M-INJ-013,2026-11-19,232.6,68.1,14.4,63.5,41.8,
WO-17073,Injection Molding,IM-008,M-INJ-012,2026-11-20,218.7,69.0,12.7,67.6,45.6,
WO-17074,Injection Molding,IM-008,M-INJ-012,2026-11-20,224.1,60.0,10.6,70.6,43.7,
WO-17075,Injection Molding,IM-008,M-INJ-013,2026-11-21,220.3,69.2,11.0,63.8,48.9,
WO-17076,Injection Molding,IM-008,M-INJ-013,2026-11-21,217.8,67.5,11.4,72.8,47.7,
WO-17077,Injection Molding,IM-008,M-INJ-013,2026-11-22,227.2,67.5,9.9,53.2,46.4,
WO-17078,Injection Molding,IM-008,M-INJ-013,2026-11-23,212.0,67.3,9.5,64.3,44.4,
WO-17079,Injection Molding,IM-008,M-INJ-013,2026-11-23,236.8,70.4,11.4,74.3,41.6,
WO-17080,Injection Molding,IM-008,M-INJ-012,2026-11-24,224.5,63.3,9.5,69.7,39.1,
WO-17081,Injection Molding,IM-008,M-INJ-013,2026-11-25,224.4,79.9,9.4,54.7,47.0,
WO-17083,Injection Molding,IM-008,M-INJ-013,2026-11-26,228.8,68.3,11.2,63.0,45.6,
WO-17082,Injection Molding,IM-008,M-INJ-013,2026-11-26,227.8,77.5,8.6,68.2,42.2,
WO-17084,Injection Molding,IM-008,M-INJ-012,2026-11-27,225.2,71.8,13.3,59.6,50.7,
WO-17085,Injection Molding,IM-008,M-INJ-013,2026-11-28,233.3,56.9,10.6,67.8,42.8,
WO-17086,Injection Molding,IM-008,M-INJ-013,2026-11-28,227.9,69.1,13.4,64.5,52.6,
WO-17087,Injection Molding,IM-008,M-INJ-013,2026-11-29,223.4,63.5,10.4,70.8,41.8,
WO-17088,Injection Molding,IM-008,M-INJ-013,2026-11-30,230.5,72.8,10.7,57.2,49.4,
WO-17089,Injection Molding,IM-008,M-INJ-013,2026-11-30,222.9,70.8,11.0,66.3,48.7,
WO-17090,Injection Molding,IM-008,M-INJ-013,2026-12-01,221.8,68.7,8.3,54.4,31.5,
WO-17091,Injection Molding,IM-008,M-INJ-012,2026-12-02,229.2,70.3,10.6,68.5,44.3,
WO-17092,Injection Molding,IM-008,M-INJ-012,2026-12-02,220.1,71.7,10.5,58.0,43.7,
WO-17093,Injection Molding,IM-008,M-INJ-013,2026-12-03,225.8,67.6,11.9,61.2,48.9,
WO-17094,Injection Molding,IM-008,M-INJ-013,2026-12-04,230.5,65.5,12.0,62.4,47.3,
WO-17095,Injection Molding,IM-008,M-INJ-012,2026-12-05,222.8,67.2,11.6,66.9,43.2,
WO-17096,Injection Molding,IM-008,M-INJ-012,2026-12-05,223.7,76.8,9.5,71.2,42.3,
WO-17097,Injection Molding,IM-008,M-INJ-013,2026-12-06,220.4,68.3,10.7,61.9,45.6,
WO-17098,Injection Molding,IM-008,M-INJ-013,2026-12-07,222.6,74.3,11.6,69.4,43.6,
WO-17099,Injection Molding,IM-008,M-INJ-013,2026-12-07,228.8,74.9,10.7,63.2,40.4,
WO-17100,Injection Molding,IM-008,M-INJ-012,2026-12-08,228.9,77.8,14.3,65.8,43.9,
WO-17101,Injection Molding,IM-008,M-INJ-012,2026-12-09,218.9,70.3,10.9,63.2,50.0,
WO-17102,Injection Molding,IM-008,M-INJ-013,2026-12-09,227.8,69.9,12.1,60.2,40.3,
WO-17103,Injection Molding,IM-008,M-INJ-013,2026-12-10,222.1,60.1,11.5,66.7,40.0,
WO-17104,Injection Molding,IM-008,M-INJ-012,2026-12-11,226.5,67.9,10.1,64.4,44.5,
WO-17105,Injection Molding,IM-008,M-INJ-013,2026-12-11,220.0,75.3,12.2,65.1,40.9,
WO-17106,Injection Molding,IM-008,M-INJ-013,2026-12-12,225.8,73.8,10.9,59.4,46.0,
WO-17107,Injection Molding,IM-008,M-INJ-013,2026-12-13,218.2,77.1,10.6,64.4,44.7,
WO-17108,Injection Molding,IM-008,M-INJ-013,2026-12-13,225.2,67.4,9.7,63.4,41.4,
WO-17109,Injection Molding,IM-008,M-INJ-012,2026-12-14,222.4,68.1,11.0,64.3,44.5,
WO-17110,Injection Molding,IM-008,M-INJ-013,2026-12-15,221.3,62.7,10.4,70.2,48.9,
WO-17111,Injection Molding,IM-008,M-INJ-013,2026-12-15,226.5,69.5,12.1,68.8,49.3,
WO-17112,Injection Molding,IM-008,M-INJ-013,2026-12-16,226.2,71.2,9.6,59.3,43.9,
WO-17113,Injection Molding,IM-008,M-INJ-012,2026-12-17,227.7,69.0,10.4,72.1,46.3,
WO-17114,Injection Molding,IM-008,M-INJ-012,2026-12-17,220.1,68.6,11.6,72.3,42.6,
WO-17115,Injection Molding,IM-008,M-INJ-012,2026-12-18,230.0,66.4,12.3,56.6,46.5,
WO-17117,Injection Molding,IM-008,M-INJ-013,2026-12-19,224.6,71.2,9.9,67.4,47.8,
WO-17116,Injection Molding,IM-008,M-INJ-013,2026-12-19,216.1,67.5,9.3,60.4,46.3,
WO-17118,Injection Molding,IM-008,M-INJ-013,2026-12-20,231.7,61.7,9.6,65.9,42.9,
WO-17119,Injection Molding,IM-008,M-INJ-013,2026-12-20,221.9,71.7,9.6,65.8,41.1,
WO-17120,Injection Molding,IM-008,M-INJ-012,2026-12-21,223.3,72.7,13.3,60.6,38.4,
WO-17121,Injection Molding,IM-008,M-INJ-012,2026-12-22,221.5,64.3,11.1,61.3,41.2,
WO-17122,Injection Molding,IM-008,M-INJ-013,2026-12-22,226.3,65.8,12.7,60.4,46.7,
WO-17123,Injection Molding,IM-008,M-INJ-013,2026-12-23,236.1,68.1,11.5,66.4,45.8,
WO-17124,Injection Molding,IM-008,M-INJ-013,2026-12-24,225.4,70.5,11.2,71.4,48.3,
WO-17125,Injection Molding,IM-008,M-INJ-013,2026-12-25,225.8,72.1,10.9,63.1,38.7,
WO-17126,Injection Molding,IM-008,M-INJ-012,2026-12-25,227.6,66.6,10.1,72.6,51.4,
WO-17127,Injection Molding,IM-008,M-INJ-012,2026-12-26,217.3,73.9,10.4,71.2,45.6,
WO-17128,Injection Molding,IM-008,M-INJ-013,2026-12-27,227.7,64.5,12.2,58.7,46.7,
WO-17129,Injection Molding,IM-008,M-INJ-013,2026-12-27,225.1,64.4,11.5,57.2,48.1,
WO-17130,Injection Molding,IM-008,M-INJ-013,2026-12-28,223.0,66.9,8.1,60.7,42.9,
WO-17131,Injection Molding,IM-008,M-INJ-013,2026-12-29,222.1,65.0,11.7,61.7,40.4,
WO-17132,Injection Molding,IM-008,M-INJ-013,2026-12-30,219.8,67.5,10.8,67.0,47.7,
WO-17133,Injection Molding,IM-008,M-INJ-012,2026-12-30,226.1,67.8,10.3,51.9,45.2,
WO-16353,Blow Molding,ISBM-010,M-SOP-032,2026-07-06,,,9.3,,39.1,51.2
WO-16354,Blow Molding,ISBM-010,M-SOP-032,2026-07-07,,,10.1,,40.4,48.0
WO-16355,Blow Molding,ISBM-010,M-SOP-032,2026-07-07,,,10.1,,42.9,49.3
WO-16356,Blow Molding,ISBM-010,M-SOP-033,2026-07-08,,,7.8,,44.3,48.5
WO-16357,Blow Molding,ISBM-010,M-SOP-033,2026-07-09,,,9.5,,42.4,45.0
WO-16358,Blow Molding,ISBM-010,M-SOP-033,2026-07-10,,,8.4,,43.7,40.4
WO-16359,Blow Molding,ISBM-010,M-SOP-032,2026-07-10,,,9.2,,43.9,44.9
WO-16360,Blow Molding,ISBM-010,M-SOP-032,2026-07-11,,,10.4,,41.7,49.8
WO-16361,Blow Molding,ISBM-010,M-SOP-032,2026-07-12,,,8.2,,39.8,54.2
WO-16362,Blow Molding,ISBM-010,M-SOP-032,2026-07-13,,,8.8,,35.7,52.7
WO-16363,Blow Molding,ISBM-010,M-SOP-033,2026-07-13,,,7.8,,39.9,45.7
WO-16364,Blow Molding,ISBM-010,M-SOP-033,2026-07-14,,,9.3,,40.5,50.5
WO-16367,Blow Molding,ISBM-010,M-SOP-033,2026-07-15,,,9.1,,49.1,49.0
WO-16366,Blow Molding,ISBM-010,M-SOP-032,2026-07-15,,,10.7,,40.1,48.0
WO-16368,Blow Molding,ISBM-010,M-SOP-032,2026-07-16,,,9.7,,42.1,49.7
WO-16370,Blow Molding,ISBM-010,M-SOP-032,2026-07-17,,,7.4,,39.2,49.8
WO-16369,Blow Molding,ISBM-010,M-SOP-032,2026-07-17,,,10.6,,38.5,42.2
WO-16372,Blow Molding,ISBM-010,M-SOP-033,2026-07-18,,,11.3,,38.4,50.1
WO-16371,Blow Molding,ISBM-010,M-SOP-033,2026-07-18,,,9.8,,38.6,48.7
WO-16373,Blow Molding,ISBM-010,M-SOP-033,2026-07-19,,,8.2,,42.4,49.2
WO-16374,Blow Molding,ISBM-010,M-SOP-033,2026-07-20,,,8.6,,40.3,48.9
WO-16375,Blow Molding,ISBM-010,M-SOP-032,2026-07-21,,,8.5,,42.3,47.9
WO-16376,Blow Molding,ISBM-010,M-SOP-032,2026-07-21,,,7.7,,43.0,48.4
WO-16377,Blow Molding,ISBM-010,M-SOP-033,2026-07-22,,,8.9,,47.1,52.4
WO-16378,Blow Molding,ISBM-010,M-SOP-033,2026-07-23,,,7.9,,45.8,47.1
WO-16379,Blow Molding,ISBM-010,M-SOP-033,2026-07-24,,,8.1,,41.0,48.2
WO-16380,Blow Molding,ISBM-010,M-SOP-033,2026-07-24,,,8.5,,42.8,45.4
WO-16381,Blow Molding,ISBM-010,M-SOP-033,2026-07-25,,,9.1,,41.0,42.7
WO-16382,Blow Molding,ISBM-010,M-SOP-032,2026-07-25,,,8.9,,42.4,45.1
WO-16383,Blow Molding,ISBM-010,M-SOP-032,2026-07-26,,,8.4,,42.6,45.9
WO-16384,Blow Molding,ISBM-010,M-SOP-032,2026-07-27,,,9.9,,47.3,46.4
WO-16386,Blow Molding,ISBM-010,M-SOP-032,2026-07-28,,,8.9,,45.5,41.5
WO-16385,Blow Molding,ISBM-010,M-SOP-032,2026-07-28,,,9.5,,48.8,47.8
WO-16387,Blow Molding,ISBM-010,M-SOP-032,2026-07-29,,,10.6,,41.1,50.0
WO-16388,Blow Molding,ISBM-010,M-SOP-033,2026-07-29,,,10.3,,42.8,56.1
WO-16389,Blow Molding,ISBM-010,M-SOP-033,2026-07-30,,,9.8,,41.1,42.2
WO-16390,Blow Molding,ISBM-010,M-SOP-033,2026-07-31,,,8.6,,38.8,47.0
WO-16391,Blow Molding,ISBM-010,M-SOP-033,2026-07-31,,,8.2,,42.9,52.8
WO-16392,Blow Molding,ISBM-010,M-SOP-033,2026-08-01,,,10.4,,43.6,49.4
WO-16393,Blow Molding,ISBM-010,M-SOP-032,2026-08-02,,,8.7,,43.5,43.7
WO-16394,Blow Molding,ISBM-010,M-SOP-032,2026-08-02,,,7.0,,40.3,47.3
WO-16395,Blow Molding,ISBM-010,M-SOP-032,2026-08-03,,,8.0,,38.7,41.5
WO-16396,Blow Molding,ISBM-010,M-SOP-032,2026-08-04,,,9.4,,40.7,48.1
WO-16398,Blow Molding,ISBM-010,M-SOP-033,2026-08-05,,,8.3,,37.4,46.3
WO-16397,Blow Molding,ISBM-010,M-SOP-033,2026-08-05,,,8.7,,43.3,46.6
WO-16399,Blow Molding,ISBM-010,M-SOP-033,2026-08-06,,,8.7,,42.9,51.9
WO-16401,Blow Molding,ISBM-010,M-SOP-032,2026-08-07,,,8.5,,48.1,51.2
WO-16400,Blow Molding,ISBM-010,M-SOP-032,2026-08-07,,,10.0,,42.4,47.6
WO-16402,Blow Molding,ISBM-010,M-SOP-032,2026-08-08,,,10.6,,37.7,51.2
WO-16403,Blow Molding,ISBM-010,M-SOP-032,2026-08-09,,,8.0,,40.5,51.2
WO-16404,Blow Molding,ISBM-010,M-SOP-032,2026-08-09,,,8.2,,40.4,48.2
WO-16405,Blow Molding,ISBM-010,M-SOP-032,2026-08-10,,,9.8,,39.8,48.4
WO-16406,Blow Molding,ISBM-010,M-SOP-033,2026-08-11,,,9.5,,43.7,46.2
WO-16407,Blow Molding,ISBM-010,M-SOP-033,2026-08-11,,,8.7,,40.4,49.8
WO-16408,Blow Molding,ISBM-010,M-SOP-033,2026-08-12,,,10.1,,47.4,42.2
WO-16409,Blow Molding,ISBM-010,M-SOP-033,2026-08-13,,,9.9,,38.2,49.5
WO-16410,Blow Molding,ISBM-010,M-SOP-032,2026-08-13,,,8.5,,40.9,44.7
WO-16411,Blow Molding,ISBM-010,M-SOP-032,2026-08-14,,,9.8,,46.0,43.7
WO-16412,Blow Molding,ISBM-010,M-SOP-032,2026-08-15,,,10.8,,41.0,49.8
WO-16413,Blow Molding,ISBM-010,M-SOP-032,2026-08-16,,,10.0,,47.0,46.0
WO-16414,Blow Molding,ISBM-010,M-SOP-032,2026-08-16,,,8.7,,40.1,54.9
WO-16415,Blow Molding,ISBM-010,M-SOP-032,2026-08-16,,,8.5,,39.1,44.1
WO-16416,Blow Molding,ISBM-010,M-SOP-033,2026-08-17,,,8.6,,41.2,49.0
WO-16417,Blow Molding,ISBM-010,M-SOP-033,2026-08-18,,,10.0,,40.2,43.9
WO-16418,Blow Molding,ISBM-010,M-SOP-033,2026-08-18,,,9.1,,39.2,50.1
WO-16419,Blow Molding,ISBM-010,M-SOP-032,2026-08-19,,,9.7,,46.5,44.1
WO-16420,Blow Molding,ISBM-010,M-SOP-032,2026-08-20,,,8.8,,41.3,62.0
WO-16421,Blow Molding,ISBM-010,M-SOP-032,2026-08-20,,,9.6,,38.6,40.0
WO-16422,Blow Molding,ISBM-010,M-SOP-032,2026-08-21,,,10.8,,43.6,48.8
WO-16423,Blow Molding,ISBM-010,M-SOP-033,2026-08-22,,,10.7,,37.8,48.0
WO-16425,Blow Molding,ISBM-010,M-SOP-033,2026-08-23,,,9.8,,38.9,42.2
WO-16424,Blow Molding,ISBM-010,M-SOP-033,2026-08-23,,,9.8,,41.9,52.3
WO-16426,Blow Molding,ISBM-010,M-SOP-032,2026-08-24,,,8.4,,43.2,53.0
WO-16427,Blow Molding,ISBM-010,M-SOP-032,2026-08-25,,,9.3,,41.2,42.8
WO-16428,Blow Molding,ISBM-010,M-SOP-032,2026-08-26,,,10.1,,38.6,47.8
WO-16429,Blow Molding,ISBM-010,M-SOP-032,2026-08-26,,,9.6,,41.2,43.8
WO-16430,Blow Molding,ISBM-010,M-SOP-033,2026-08-27,,,6.7,,44.1,47.9
WO-16431,Blow Molding,ISBM-010,M-SOP-033,2026-08-27,,,9.7,,42.5,48.8
WO-16432,Blow Molding,ISBM-010,M-SOP-032,2026-08-28,,,7.2,,41.8,47.5
WO-16433,Blow Molding,ISBM-010,M-SOP-032,2026-08-29,,,8.9,,38.5,51.4
WO-16434,Blow Molding,ISBM-010,M-SOP-032,2026-08-30,,,8.6,,37.7,45.9
WO-16435,Blow Molding,ISBM-010,M-SOP-032,2026-08-31,,,9.8,,43.6,47.7
WO-16436,Blow Molding,ISBM-010,M-SOP-032,2026-09-01,,,9.2,,40.3,50.7
WO-16437,Blow Molding,ISBM-010,M-SOP-033,2026-09-01,,,9.2,,42.7,50.8
WO-16438,Blow Molding,ISBM-010,M-SOP-033,2026-09-02,,,8.8,,46.5,54.5
WO-16439,Blow Molding,ISBM-010,M-SOP-033,2026-09-02,,,10.2,,43.1,44.0
WO-16440,Blow Molding,ISBM-010,M-SOP-033,2026-09-03,,,9.6,,39.8,42.8
WO-16442,Blow Molding,ISBM-010,M-SOP-032,2026-09-04,,,10.3,,41.5,45.5
WO-16441,Blow Molding,ISBM-010,M-SOP-032,2026-09-04,,,8.5,,42.1,59.1
WO-16443,Blow Molding,ISBM-010,M-SOP-032,2026-09-05,,,9.1,,42.8,44.2
WO-16444,Blow Molding,ISBM-010,M-SOP-032,2026-09-05,,,10.7,,40.9,48.6
WO-16445,Blow Molding,ISBM-010,M-SOP-033,2026-09-06,,,8.8,,45.5,57.8
WO-16446,Blow Molding,ISBM-010,M-SOP-033,2026-09-07,,,10.7,,42.0,46.2
WO-16447,Blow Molding,ISBM-010,M-SOP-033,2026-09-08,,,10.1,,36.6,51.6
WO-16448,Blow Molding,ISBM-010,M-SOP-033,2026-09-08,,,9.4,,39.8,51.5
WO-16449,Blow Molding,ISBM-010,M-SOP-033,2026-09-09,,,8.5,,42.5,40.0
WO-16450,Blow Molding,ISBM-010,M-SOP-033,2026-09-10,,,8.9,,45.9,42.0
WO-16451,Blow Molding,ISBM-010,M-SOP-032,2026-09-10,,,11.8,,44.8,43.7
WO-16452,Blow Molding,ISBM-010,M-SOP-032,2026-09-11,,,9.3,,41.6,50.1
WO-16454,Blow Molding,ISBM-010,M-SOP-032,2026-09-12,,,10.2,,45.8,40.1
WO-16453,Blow Molding,ISBM-010,M-SOP-032,2026-09-12,,,8.9,,45.3,51.5
WO-16455,Blow Molding,ISBM-010,M-SOP-033,2026-09-13,,,8.8,,48.3,47.1
WO-16456,Blow Molding,ISBM-010,M-SOP-033,2026-09-14,,,9.9,,39.7,44.9
WO-16457,Blow Molding,ISBM-010,M-SOP-033,2026-09-15,,,9.7,,42.5,47.7
WO-16458,Blow Molding,ISBM-010,M-SOP-032,2026-09-16,,,8.5,,42.5,46.4
WO-16459,Blow Molding,ISBM-010,M-SOP-032,2026-09-16,,,8.5,,40.6,50.4
WO-16460,Blow Molding,ISBM-010,M-SOP-033,2026-09-17,,,9.1,,45.9,52.4
WO-16461,Blow Molding,ISBM-010,M-SOP-033,2026-09-18,,,10.1,,39.5,47.6
WO-16462,Blow Molding,ISBM-010,M-SOP-033,2026-09-19,,,11.0,,39.4,56.9
WO-16463,Blow Molding,ISBM-010,M-SOP-032,2026-09-19,,,10.2,,44.2,46.2
WO-16464,Blow Molding,ISBM-010,M-SOP-032,2026-09-20,,,7.7,,49.0,47.4
WO-16465,Blow Molding,ISBM-010,M-SOP-032,2026-09-21,,,8.5,,43.4,48.8
WO-16466,Blow Molding,ISBM-010,M-SOP-032,2026-09-21,,,10.2,,35.3,50.5
WO-16467,Blow Molding,ISBM-010,M-SOP-033,2026-09-22,,,7.8,,42.0,48.5
WO-16469,Blow Molding,ISBM-010,M-SOP-033,2026-09-23,,,9.9,,42.6,50.7
WO-16468,Blow Molding,ISBM-010,M-SOP-033,2026-09-23,,,9.7,,37.7,39.1
WO-16470,Blow Molding,ISBM-010,M-SOP-033,2026-09-24,,,8.9,,44.3,54.7
WO-16471,Blow Molding,ISBM-010,M-SOP-032,2026-09-24,,,10.4,,46.1,47.9
WO-16472,Blow Molding,ISBM-010,M-SOP-032,2026-09-25,,,10.6,,41.0,44.9
WO-16473,Blow Molding,ISBM-010,M-SOP-032,2026-09-26,,,10.0,,40.1,46.5
WO-16474,Blow Molding,ISBM-010,M-SOP-033,2026-09-26,,,9.2,,40.9,56.8
WO-16475,Blow Molding,ISBM-010,M-SOP-033,2026-09-27,,,9.4,,43.7,51.6
WO-16476,Blow Molding,ISBM-010,M-SOP-033,2026-09-28,,,8.8,,48.0,46.9
WO-16477,Blow Molding,ISBM-010,M-SOP-033,2026-09-29,,,9.3,,36.3,51.8
WO-16478,Blow Molding,ISBM-010,M-SOP-032,2026-09-29,,,7.7,,43.5,55.9
WO-16479,Blow Molding,ISBM-010,M-SOP-032,2026-09-30,,,10.1,,45.6,50.4
WO-16480,Blow Molding,ISBM-010,M-SOP-032,2026-10-01,,,8.4,,41.7,53.5
WO-16482,Blow Molding,ISBM-010,M-SOP-032,2026-10-02,,,12.0,,40.8,43.8
WO-16481,Blow Molding,ISBM-010,M-SOP-033,2026-10-02,,,8.1,,42.9,49.7
WO-16483,Blow Molding,ISBM-010,M-SOP-033,2026-10-03,,,8.6,,42.1,51.7
WO-16484,Blow Molding,ISBM-010,M-SOP-032,2026-10-04,,,9.8,,39.6,51.9
WO-16485,Blow Molding,ISBM-010,M-SOP-032,2026-10-04,,,8.5,,43.9,45.1
WO-16486,Blow Molding,ISBM-010,M-SOP-032,2026-10-05,,,8.7,,45.8,53.2
WO-16487,Blow Molding,ISBM-010,M-SOP-032,2026-10-06,,,11.3,,38.9,47.9
WO-16488,Blow Molding,ISBM-010,M-SOP-032,2026-10-07,,,9.6,,43.1,43.9
WO-16489,Blow Molding,ISBM-010,M-SOP-033,2026-10-08,,,9.5,,42.5,52.8
WO-16490,Blow Molding,ISBM-010,M-SOP-033,2026-10-08,,,10.6,,43.2,54.7
WO-16491,Blow Molding,ISBM-010,M-SOP-032,2026-10-09,,,8.8,,43.5,47.6
WO-16493,Blow Molding,ISBM-010,M-SOP-032,2026-10-10,,,9.9,,40.4,50.6
WO-16492,Blow Molding,ISBM-010,M-SOP-032,2026-10-10,,,7.9,,39.9,45.9
WO-16494,Blow Molding,ISBM-010,M-SOP-032,2026-10-11,,,8.9,,40.4,45.2
WO-16495,Blow Molding,ISBM-010,M-SOP-033,2026-10-11,,,10.0,,37.8,51.5
WO-16496,Blow Molding,ISBM-010,M-SOP-033,2026-10-12,,,8.1,,38.2,48.7
WO-16497,Blow Molding,ISBM-010,M-SOP-033,2026-10-13,,,10.2,,44.7,40.2
WO-16498,Blow Molding,ISBM-010,M-SOP-033,2026-10-14,,,9.9,,41.7,48.3
WO-16499,Blow Molding,ISBM-010,M-SOP-033,2026-10-15,,,9.7,,39.0,49.0
WO-16500,Blow Molding,ISBM-010,M-SOP-032,2026-10-15,,,9.6,,38.3,48.7
WO-16501,Blow Molding,ISBM-010,M-SOP-032,2026-10-16,,,9.4,,36.5,46.9
WO-16502,Blow Molding,ISBM-010,M-SOP-032,2026-10-17,,,9.0,,44.2,42.5
WO-16504,Blow Molding,ISBM-010,M-SOP-033,2026-10-18,,,10.2,,39.9,54.4
WO-16503,Blow Molding,ISBM-010,M-SOP-032,2026-10-18,,,9.2,,41.0,45.2
WO-16505,Blow Molding,ISBM-010,M-SOP-033,2026-10-19,,,8.8,,42.5,38.2
WO-16506,Blow Molding,ISBM-010,M-SOP-033,2026-10-20,,,7.9,,42.7,52.1
WO-16507,Blow Molding,ISBM-010,M-SOP-033,2026-10-20,,,10.7,,40.6,50.4
WO-16508,Blow Molding,ISBM-010,M-SOP-032,2026-10-21,,,9.7,,34.1,42.7
WO-16509,Blow Molding,ISBM-010,M-SOP-032,2026-10-21,,,10.0,,36.6,48.7
WO-16510,Blow Molding,ISBM-010,M-SOP-032,2026-10-22,,,8.6,,36.9,50.8
WO-16511,Blow Molding,ISBM-010,M-SOP-033,2026-10-23,,,9.0,,40.1,42.1
WO-16512,Blow Molding,ISBM-010,M-SOP-033,2026-10-24,,,8.5,,41.3,39.5
WO-16513,Blow Molding,ISBM-010,M-SOP-032,2026-10-24,,,8.2,,43.9,49.7
WO-16514,Blow Molding,ISBM-010,M-SOP-032,2026-10-25,,,8.5,,39.2,54.2
WO-16515,Blow Molding,ISBM-010,M-SOP-033,2026-10-26,,,8.6,,44.3,47.0
WO-16516,Blow Molding,ISBM-010,M-SOP-033,2026-10-27,,,7.1,,40.3,49.5
WO-16517,Blow Molding,ISBM-010,M-SOP-033,2026-10-27,,,9.6,,42.1,54.1
WO-16518,Blow Molding,ISBM-010,M-SOP-032,2026-10-28,,,8.7,,43.8,39.1
WO-16520,Blow Molding,ISBM-010,M-SOP-032,2026-10-29,,,10.6,,41.1,48.1
WO-16519,Blow Molding,ISBM-010,M-SOP-032,2026-10-29,,,9.9,,40.1,42.1
WO-16521,Blow Molding,ISBM-010,M-SOP-033,2026-10-30,,,10.9,,40.9,51.1
WO-16523,Blow Molding,ISBM-010,M-SOP-033,2026-10-31,,,8.8,,39.5,46.4
WO-16525,Blow Molding,ISBM-010,M-SOP-033,2026-11-01,,,9.6,,45.0,46.1
WO-16524,Blow Molding,ISBM-010,M-SOP-032,2026-11-01,,,8.4,,38.2,44.7
WO-16526,Blow Molding,ISBM-010,M-SOP-032,2026-11-02,,,9.3,,38.1,47.4
WO-16527,Blow Molding,ISBM-010,M-SOP-032,2026-11-03,,,10.3,,44.0,59.0
WO-16528,Blow Molding,ISBM-010,M-SOP-032,2026-11-03,,,10.5,,40.1,47.5
WO-16529,Blow Molding,ISBM-010,M-SOP-032,2026-11-04,,,9.5,,40.6,53.1
WO-16530,Blow Molding,ISBM-010,M-SOP-033,2026-11-05,,,9.3,,43.7,48.4
WO-16531,Blow Molding,ISBM-010,M-SOP-033,2026-11-06,,,9.0,,40.8,42.6
WO-16532,Blow Molding,ISBM-010,M-SOP-033,2026-11-07,,,10.3,,43.8,45.0
WO-16533,Blow Molding,ISBM-010,M-SOP-033,2026-11-07,,,11.7,,42.7,43.7
WO-16534,Blow Molding,ISBM-010,M-SOP-032,2026-11-08,,,9.6,,39.6,54.7
WO-16535,Blow Molding,ISBM-010,M-SOP-032,2026-11-09,,,9.1,,41.8,42.6
WO-16536,Blow Molding,ISBM-010,M-SOP-032,2026-11-09,,,10.7,,48.1,41.8
WO-16537,Blow Molding,ISBM-010,M-SOP-032,2026-11-10,,,9.9,,40.8,41.8
WO-16538,Blow Molding,ISBM-010,M-SOP-033,2026-11-11,,,8.8,,37.9,42.4
WO-16539,Blow Molding,ISBM-010,M-SOP-033,2026-11-12,,,8.0,,42.0,43.3
WO-16540,Blow Molding,ISBM-010,M-SOP-033,2026-11-12,,,10.1,,44.5,45.5
WO-16541,Blow Molding,ISBM-010,M-SOP-033,2026-11-13,,,11.4,,39.0,50.4
WO-16542,Blow Molding,ISBM-010,M-SOP-033,2026-11-14,,,9.3,,46.1,45.9
WO-16543,Blow Molding,ISBM-010,M-SOP-033,2026-11-15,,,10.1,,43.3,44.7
WO-16544,Blow Molding,ISBM-010,M-SOP-032,2026-11-15,,,9.1,,44.2,46.4
WO-16545,Blow Molding,ISBM-010,M-SOP-032,2026-11-16,,,9.3,,47.7,48.2
WO-16548,Blow Molding,ISBM-010,M-SOP-032,2026-11-17,,,9.8,,45.8,50.1
WO-16546,Blow Molding,ISBM-010,M-SOP-032,2026-11-17,,,10.9,,39.8,46.3
WO-16547,Blow Molding,ISBM-010,M-SOP-033,2026-11-17,,,9.8,,43.1,46.8
WO-16549,Blow Molding,ISBM-010,M-SOP-033,2026-11-18,,,9.0,,40.5,43.6
WO-16551,Blow Molding,ISBM-010,M-SOP-033,2026-11-19,,,6.5,,39.4,40.3
WO-16550,Blow Molding,ISBM-010,M-SOP-033,2026-11-19,,,9.4,,43.0,48.9
WO-16552,Blow Molding,ISBM-010,M-SOP-033,2026-11-20,,,9.0,,39.9,51.1
WO-16553,Blow Molding,ISBM-010,M-SOP-032,2026-11-21,,,9.1,,43.6,46.3
WO-16554,Blow Molding,ISBM-010,M-SOP-032,2026-11-22,,,10.3,,40.4,42.5
WO-16555,Blow Molding,ISBM-010,M-SOP-032,2026-11-23,,,8.9,,37.9,46.1
WO-16556,Blow Molding,ISBM-010,M-SOP-032,2026-11-24,,,9.1,,44.7,49.5
WO-16557,Blow Molding,ISBM-010,M-SOP-033,2026-11-24,,,11.0,,44.1,50.7
WO-16558,Blow Molding,ISBM-010,M-SOP-033,2026-11-25,,,10.7,,40.1,49.2
WO-16559,Blow Molding,ISBM-010,M-SOP-032,2026-11-25,,,9.4,,45.9,48.3
WO-16560,Blow Molding,ISBM-010,M-SOP-032,2026-11-26,,,8.1,,39.9,46.5
WO-16561,Blow Molding,ISBM-010,M-SOP-032,2026-11-27,,,9.8,,46.9,50.2
WO-16562,Blow Molding,ISBM-010,M-SOP-032,2026-11-27,,,9.9,,38.6,54.4
WO-16563,Blow Molding,ISBM-010,M-SOP-033,2026-11-28,,,10.2,,44.3,49.8
WO-16564,Blow Molding,ISBM-010,M-SOP-033,2026-11-29,,,10.4,,41.6,48.3
WO-16565,Blow Molding,ISBM-010,M-SOP-033,2026-11-30,,,9.7,,39.5,42.5
WO-16567,Blow Molding,ISBM-010,M-SOP-033,2026-12-01,,,10.7,,40.6,49.1
WO-16566,Blow Molding,ISBM-010,M-SOP-032,2026-12-01,,,7.5,,39.7,51.0
WO-16568,Blow Molding,ISBM-010,M-SOP-032,2026-12-02,,,10.3,,39.7,55.3
WO-16569,Blow Molding,ISBM-010,M-SOP-032,2026-12-03,,,10.1,,44.7,49.3
WO-16570,Blow Molding,ISBM-010,M-SOP-032,2026-12-04,,,9.1,,36.2,50.8
WO-16571,Blow Molding,ISBM-010,M-SOP-033,2026-12-04,,,9.8,,44.1,47.2
WO-16572,Blow Molding,ISBM-010,M-SOP-033,2026-12-05,,,7.6,,38.8,43.8
WO-16573,Blow Molding,ISBM-010,M-SOP-033,2026-12-06,,,9.7,,40.1,54.3
WO-16574,Blow Molding,ISBM-010,M-SOP-033,2026-12-06,,,8.7,,46.4,46.2
WO-16575,Blow Molding,ISBM-010,M-SOP-033,2026-12-07,,,7.9,,42.4,49.7
WO-16576,Blow Molding,ISBM-010,M-SOP-033,2026-12-08,,,10.6,,47.5,48.2
WO-16577,Blow Molding,ISBM-010,M-SOP-032,2026-12-09,,,9.2,,45.0,52.2
WO-16578,Blow Molding,ISBM-010,M-SOP-032,2026-12-09,,,11.7,,43.0,45.6
WO-16579,Blow Molding,ISBM-010,M-SOP-032,2026-12-10,,,8.1,,39.5,46.7
WO-16580,Blow Molding,ISBM-010,M-SOP-032,2026-12-11,,,10.9,,41.4,49.9
WO-16582,Blow Molding,ISBM-010,M-SOP-032,2026-12-12,,,9.5,,41.1,52.0
WO-16581,Blow Molding,ISBM-010,M-SOP-033,2026-12-12,,,8.3,,42.8,52.2
WO-16583,Blow Molding,ISBM-010,M-SOP-033,2026-12-13,,,9.1,,42.9,45.0
WO-16584,Blow Molding,ISBM-010,M-SOP-033,2026-12-13,,,8.4,,41.1,52.2
WO-16585,Blow Molding,ISBM-010,M-SOP-032,2026-12-14,,,10.0,,43.3,49.0
WO-16586,Blow Molding,ISBM-010,M-SOP-032,2026-12-15,,,9.4,,44.0,46.2
WO-16587,Blow Molding,ISBM-010,M-SOP-032,2026-12-15,,,10.0,,42.1,50.4
WO-16588,Blow Molding,ISBM-010,M-SOP-033,2026-12-16,,,9.8,,40.7,51.5
WO-16589,Blow Molding,ISBM-010,M-SOP-033,2026-12-17,,,9.8,,38.8,48.3
WO-16590,Blow Molding,ISBM-010,M-SOP-033,2026-12-18,,,10.1,,43.2,49.3
WO-16591,Blow Molding,ISBM-010,M-SOP-033,2026-12-18,,,9.2,,42.7,53.2
WO-16592,Blow Molding,ISBM-010,M-SOP-032,2026-12-19,,,9.4,,44.9,42.3
WO-16593,Blow Molding,ISBM-010,M-SOP-032,2026-12-20,,,9.4,,44.8,47.5
WO-16594,Blow Molding,ISBM-010,M-SOP-032,2026-12-21,,,8.2,,40.7,48.0
WO-16595,Blow Molding,ISBM-010,M-SOP-033,2026-12-21,,,9.4,,39.7,50.1
WO-16596,Blow Molding,ISBM-010,M-SOP-033,2026-12-22,,,10.2,,41.3,44.6
WO-16598,Blow Molding,ISBM-010,M-SOP-033,2026-12-23,,,9.1,,44.6,56.6
WO-16597,Blow Molding,ISBM-010,M-SOP-033,2026-12-23,,,9.8,,40.5,53.1
WO-16600,Blow Molding,ISBM-010,M-SOP-032,2026-12-24,,,9.8,,42.2,47.0
WO-16599,Blow Molding,ISBM-010,M-SOP-032,2026-12-24,,,9.4,,43.1,53.7
WO-16601,Blow Molding,ISBM-010,M-SOP-032,2026-12-25,,,9.7,,40.9,43.3
WO-16602,Blow Molding,ISBM-010,M-SOP-032,2026-12-26,,,9.9,,45.2,46.1
WO-16603,Blow Molding,ISBM-010,M-SOP-033,2026-12-27,,,9.0,,43.2,45.5
WO-16604,Blow Molding,ISBM-010,M-SOP-033,2026-12-27,,,9.2,,40.0,55.2
WO-16605,Blow Molding,ISBM-010,M-SOP-033,2026-12-28,,,8.7,,40.0,47.4
WO-16606,Blow Molding,ISBM-010,M-SOP-033,2026-12-28,,,8.6,,49.6,50.0
WO-16607,Blow Molding,ISBM-010,M-SOP-033,2026-12-29,,,9.4,,41.6,56.4
WO-16608,Blow Molding,ISBM-010,M-SOP-033,2026-12-30,,,10.4,,42.6,52.8
WO-16609,Blow Molding,ISBM-010,M-SOP-032,2026-12-30,,,9.7,,43.6,49.4
WO-16095,Blow Molding,ISBM-009,M-SOP-030,2026-07-06,,,7.7,,39.4,44.9
WO-16096,Blow Molding,ISBM-009,M-SOP-030,2026-07-06,,,10.2,,41.9,55.6
WO-16097,Blow Molding,ISBM-009,M-SOP-030,2026-07-07,,,8.7,,44.7,43.2
WO-16098,Blow Molding,ISBM-009,M-SOP-030,2026-07-07,,,10.3,,45.8,47.3
WO-16099,Blow Molding,ISBM-009,M-SOP-031,2026-07-08,,,10.2,,38.4,52.7
WO-16100,Blow Molding,ISBM-009,M-SOP-031,2026-07-09,,,9.4,,43.8,42.2
WO-16101,Blow Molding,ISBM-009,M-SOP-031,2026-07-09,,,11.2,,44.5,45.1
WO-16102,Blow Molding,ISBM-009,M-SOP-030,2026-07-10,,,9.7,,33.4,48.0
WO-16103,Blow Molding,ISBM-009,M-SOP-030,2026-07-11,,,12.4,,42.4,42.5
WO-16104,Blow Molding,ISBM-009,M-SOP-030,2026-07-12,,,8.4,,43.2,43.9
WO-16105,Blow Molding,ISBM-009,M-SOP-030,2026-07-12,,,10.2,,44.9,46.6
WO-16106,Blow Molding,ISBM-009,M-SOP-030,2026-07-13,,,10.2,,42.9,47.6
WO-16107,Blow Molding,ISBM-009,M-SOP-031,2026-07-13,,,8.8,,40.7,44.1
WO-16108,Blow Molding,ISBM-009,M-SOP-031,2026-07-14,,,6.9,,47.0,44.3
WO-16110,Blow Molding,ISBM-009,M-SOP-031,2026-07-15,,,9.8,,43.4,52.9
WO-16109,Blow Molding,ISBM-009,M-SOP-031,2026-07-15,,,8.7,,43.4,46.5
WO-16111,Blow Molding,ISBM-009,M-SOP-031,2026-07-16,,,10.9,,42.0,41.3
WO-16112,Blow Molding,ISBM-009,M-SOP-031,2026-07-16,,,9.8,,37.0,42.1
WO-16113,Blow Molding,ISBM-009,M-SOP-030,2026-07-17,,,8.9,,41.8,46.8
WO-16114,Blow Molding,ISBM-009,M-SOP-030,2026-07-18,,,9.1,,43.2,44.7
WO-16115,Blow Molding,ISBM-009,M-SOP-030,2026-07-19,,,8.4,,45.3,44.3
WO-16116,Blow Molding,ISBM-009,M-SOP-030,2026-07-20,,,8.3,,42.2,40.9
WO-16117,Blow Molding,ISBM-009,M-SOP-030,2026-07-20,,,10.7,,43.4,45.5
WO-16118,Blow Molding,ISBM-009,M-SOP-031,2026-07-21,,,7.7,,42.7,43.4
WO-16119,Blow Molding,ISBM-009,M-SOP-031,2026-07-21,,,8.9,,38.0,48.9
WO-16120,Blow Molding,ISBM-009,M-SOP-031,2026-07-22,,,9.6,,47.5,46.8
WO-16121,Blow Molding,ISBM-009,M-SOP-031,2026-07-23,,,11.3,,50.9,50.7
WO-16122,Blow Molding,ISBM-009,M-SOP-031,2026-07-24,,,9.6,,48.7,49.4
WO-16123,Blow Molding,ISBM-009,M-SOP-030,2026-07-24,,,9.7,,45.9,49.1
WO-16124,Blow Molding,ISBM-009,M-SOP-030,2026-07-25,,,9.8,,48.7,50.7
WO-16125,Blow Molding,ISBM-009,M-SOP-030,2026-07-26,,,9.6,,39.9,42.9
WO-16127,Blow Molding,ISBM-009,M-SOP-031,2026-07-27,,,8.7,,38.8,50.3
WO-16126,Blow Molding,ISBM-009,M-SOP-030,2026-07-27,,,10.5,,44.2,55.6
WO-16128,Blow Molding,ISBM-009,M-SOP-030,2026-07-28,,,10.5,,42.2,44.9
WO-16129,Blow Molding,ISBM-009,M-SOP-031,2026-07-28,,,9.7,,39.9,43.8
WO-16130,Blow Molding,ISBM-009,M-SOP-031,2026-07-29,,,8.0,,43.3,48.5
WO-16131,Blow Molding,ISBM-009,M-SOP-031,2026-07-30,,,7.9,,47.4,54.4
WO-16132,Blow Molding,ISBM-009,M-SOP-030,2026-07-31,,,10.4,,39.4,46.0
WO-16133,Blow Molding,ISBM-009,M-SOP-030,2026-08-01,,,8.5,,38.2,52.9
WO-16134,Blow Molding,ISBM-009,M-SOP-030,2026-08-02,,,11.4,,43.5,43.9
WO-16135,Blow Molding,ISBM-009,M-SOP-031,2026-08-02,,,10.9,,37.1,50.6
WO-16136,Blow Molding,ISBM-009,M-SOP-031,2026-08-03,,,9.4,,45.3,44.9
WO-16137,Blow Molding,ISBM-009,M-SOP-030,2026-08-04,,,9.1,,37.0,43.9
WO-16138,Blow Molding,ISBM-009,M-SOP-030,2026-08-05,,,10.3,,39.3,56.2
WO-16139,Blow Molding,ISBM-009,M-SOP-030,2026-08-06,,,9.8,,38.1,50.4
WO-16140,Blow Molding,ISBM-009,M-SOP-031,2026-08-06,,,11.2,,44.9,50.2
WO-16141,Blow Molding,ISBM-009,M-SOP-031,2026-08-07,,,9.1,,40.3,47.0
WO-16142,Blow Molding,ISBM-009,M-SOP-031,2026-08-08,,,8.3,,39.8,57.8
WO-16143,Blow Molding,ISBM-009,M-SOP-031,2026-08-09,,,10.7,,44.8,47.9
WO-16144,Blow Molding,ISBM-009,M-SOP-030,2026-08-09,,,9.1,,40.6,42.6
WO-16145,Blow Molding,ISBM-009,M-SOP-030,2026-08-10,,,9.2,,43.2,51.9
WO-16146,Blow Molding,ISBM-009,M-SOP-031,2026-08-11,,,10.0,,43.2,49.8
WO-16147,Blow Molding,ISBM-009,M-SOP-031,2026-08-11,,,6.9,,44.7,48.7
WO-16148,Blow Molding,ISBM-009,M-SOP-030,2026-08-12,,,8.7,,42.9,52.1
WO-16149,Blow Molding,ISBM-009,M-SOP-030,2026-08-12,,,11.0,,43.1,46.6
WO-16150,Blow Molding,ISBM-009,M-SOP-030,2026-08-13,,,9.6,,44.9,46.5
WO-16151,Blow Molding,ISBM-009,M-SOP-030,2026-08-14,,,8.6,,44.5,47.2
WO-16152,Blow Molding,ISBM-009,M-SOP-031,2026-08-14,,,9.0,,42.6,51.7
WO-16153,Blow Molding,ISBM-009,M-SOP-031,2026-08-15,,,8.6,,45.9,50.9
WO-16154,Blow Molding,ISBM-009,M-SOP-031,2026-08-16,,,8.3,,42.6,46.8
WO-16155,Blow Molding,ISBM-009,M-SOP-031,2026-08-16,,,8.9,,40.6,51.5
WO-16156,Blow Molding,ISBM-009,M-SOP-031,2026-08-17,,,9.4,,43.3,44.4
WO-16157,Blow Molding,ISBM-009,M-SOP-030,2026-08-17,,,10.5,,41.3,44.8
WO-16158,Blow Molding,ISBM-009,M-SOP-030,2026-08-18,,,8.9,,39.8,46.9
WO-16159,Blow Molding,ISBM-009,M-SOP-030,2026-08-19,,,8.2,,42.6,48.8
WO-16160,Blow Molding,ISBM-009,M-SOP-030,2026-08-19,,,8.3,,38.3,44.8
WO-16161,Blow Molding,ISBM-009,M-SOP-031,2026-08-20,,,9.6,,41.0,45.9
WO-16162,Blow Molding,ISBM-009,M-SOP-031,2026-08-20,,,9.8,,36.7,49.8
WO-16163,Blow Molding,ISBM-009,M-SOP-031,2026-08-21,,,9.9,,39.6,52.2
WO-16164,Blow Molding,ISBM-009,M-SOP-031,2026-08-22,,,9.6,,43.4,49.8
WO-16165,Blow Molding,ISBM-009,M-SOP-030,2026-08-23,,,9.4,,39.6,50.7
WO-16166,Blow Molding,ISBM-009,M-SOP-030,2026-08-24,,,9.4,,40.9,41.7
WO-16167,Blow Molding,ISBM-009,M-SOP-031,2026-08-24,,,10.3,,34.1,52.9
WO-16168,Blow Molding,ISBM-009,M-SOP-031,2026-08-25,,,10.0,,42.9,57.6
WO-16169,Blow Molding,ISBM-009,M-SOP-031,2026-08-26,,,9.2,,42.6,51.0
WO-16170,Blow Molding,ISBM-009,M-SOP-031,2026-08-26,,,8.2,,42.5,47.0
WO-16171,Blow Molding,ISBM-009,M-SOP-031,2026-08-27,,,7.7,,42.6,50.6
WO-16172,Blow Molding,ISBM-009,M-SOP-030,2026-08-27,,,12.9,,41.8,49.6
WO-16173,Blow Molding,ISBM-009,M-SOP-030,2026-08-28,,,9.6,,42.9,42.4
WO-16174,Blow Molding,ISBM-009,M-SOP-030,2026-08-29,,,8.8,,41.5,50.6
WO-16175,Blow Molding,ISBM-009,M-SOP-031,2026-08-30,,,9.4,,46.4,47.4
WO-16176,Blow Molding,ISBM-009,M-SOP-031,2026-08-30,,,8.6,,42.6,51.1
WO-16177,Blow Molding,ISBM-009,M-SOP-031,2026-08-31,,,9.4,,42.1,47.0
WO-16178,Blow Molding,ISBM-009,M-SOP-031,2026-09-01,,,10.2,,37.0,49.7
WO-16179,Blow Molding,ISBM-009,M-SOP-030,2026-09-02,,,8.1,,36.2,43.2
WO-16180,Blow Molding,ISBM-009,M-SOP-030,2026-09-02,,,10.0,,39.3,49.8
WO-16181,Blow Molding,ISBM-009,M-SOP-031,2026-09-03,,,9.5,,45.3,48.1
WO-16182,Blow Molding,ISBM-009,M-SOP-031,2026-09-04,,,9.5,,44.3,46.3
WO-16183,Blow Molding,ISBM-009,M-SOP-031,2026-09-04,,,9.9,,33.0,44.8
WO-16184,Blow Molding,ISBM-009,M-SOP-030,2026-09-05,,,9.5,,42.0,49.1
WO-16185,Blow Molding,ISBM-009,M-SOP-030,2026-09-06,,,9.1,,43.1,45.3
WO-16186,Blow Molding,ISBM-009,M-SOP-030,2026-09-07,,,9.1,,43.1,51.1
WO-16187,Blow Molding,ISBM-009,M-SOP-031,2026-09-07,,,10.4,,40.8,47.0
WO-16188,Blow Molding,ISBM-009,M-SOP-031,2026-09-08,,,9.8,,41.5,57.4
WO-16189,Blow Molding,ISBM-009,M-SOP-031,2026-09-08,,,9.7,,40.2,48.9
WO-16190,Blow Molding,ISBM-009,M-SOP-031,2026-09-09,,,8.5,,40.4,47.9
WO-16191,Blow Molding,ISBM-009,M-SOP-030,2026-09-10,,,6.4,,43.3,49.9
WO-16192,Blow Molding,ISBM-009,M-SOP-030,2026-09-10,,,8.0,,42.2,43.4
WO-16193,Blow Molding,ISBM-009,M-SOP-030,2026-09-11,,,10.6,,41.7,45.8
WO-16194,Blow Molding,ISBM-009,M-SOP-031,2026-09-12,,,8.4,,38.1,43.3
WO-16195,Blow Molding,ISBM-009,M-SOP-031,2026-09-12,,,10.4,,40.6,49.8
WO-16196,Blow Molding,ISBM-009,M-SOP-031,2026-09-13,,,10.1,,44.2,44.7
WO-16197,Blow Molding,ISBM-009,M-SOP-031,2026-09-14,,,10.2,,43.5,47.0
WO-16198,Blow Molding,ISBM-009,M-SOP-031,2026-09-14,,,9.6,,41.4,46.1
WO-16199,Blow Molding,ISBM-009,M-SOP-031,2026-09-15,,,8.6,,44.2,48.7
WO-16200,Blow Molding,ISBM-009,M-SOP-030,2026-09-16,,,10.3,,40.2,51.1
WO-16201,Blow Molding,ISBM-009,M-SOP-030,2026-09-16,,,9.2,,49.2,45.0
WO-16202,Blow Molding,ISBM-009,M-SOP-030,2026-09-17,,,9.4,,32.5,46.8
WO-16203,Blow Molding,ISBM-009,M-SOP-030,2026-09-18,,,11.1,,43.9,46.2
WO-16204,Blow Molding,ISBM-009,M-SOP-030,2026-09-19,,,8.1,,44.3,53.2
WO-16205,Blow Molding,ISBM-009,M-SOP-031,2026-09-19,,,9.0,,45.5,49.5
WO-16206,Blow Molding,ISBM-009,M-SOP-031,2026-09-20,,,9.5,,42.1,53.1
WO-16207,Blow Molding,ISBM-009,M-SOP-031,2026-09-21,,,9.0,,39.8,49.4
WO-16208,Blow Molding,ISBM-009,M-SOP-030,2026-09-22,,,9.3,,41.3,47.4
WO-16209,Blow Molding,ISBM-009,M-SOP-030,2026-09-22,,,9.8,,39.5,43.6
WO-16210,Blow Molding,ISBM-009,M-SOP-030,2026-09-23,,,9.4,,40.7,51.4
WO-16211,Blow Molding,ISBM-009,M-SOP-030,2026-09-24,,,10.3,,40.6,47.6
WO-16212,Blow Molding,ISBM-009,M-SOP-030,2026-09-24,,,9.3,,43.0,44.8
WO-16213,Blow Molding,ISBM-009,M-SOP-031,2026-09-25,,,8.3,,47.1,43.7
WO-16214,Blow Molding,ISBM-009,M-SOP-031,2026-09-26,,,10.3,,45.9,52.8
WO-16215,Blow Molding,ISBM-009,M-SOP-030,2026-09-26,,,10.2,,41.5,53.8
WO-16216,Blow Molding,ISBM-009,M-SOP-030,2026-09-27,,,9.6,,37.9,48.8
WO-16217,Blow Molding,ISBM-009,M-SOP-030,2026-09-28,,,12.0,,41.2,49.3
WO-16218,Blow Molding,ISBM-009,M-SOP-030,2026-09-28,,,10.8,,52.3,49.8
WO-16219,Blow Molding,ISBM-009,M-SOP-030,2026-09-29,,,8.9,,43.6,49.8
WO-16220,Blow Molding,ISBM-009,M-SOP-031,2026-09-29,,,9.3,,40.6,46.8
WO-16221,Blow Molding,ISBM-009,M-SOP-031,2026-09-30,,,9.4,,42.2,48.0
WO-16223,Blow Molding,ISBM-009,M-SOP-031,2026-10-01,,,7.7,,40.0,49.3
WO-16222,Blow Molding,ISBM-009,M-SOP-030,2026-10-01,,,7.1,,41.6,51.6
WO-16224,Blow Molding,ISBM-009,M-SOP-030,2026-10-02,,,7.8,,43.0,46.2
WO-16225,Blow Molding,ISBM-009,M-SOP-030,2026-10-03,,,9.3,,41.2,43.1
WO-16226,Blow Molding,ISBM-009,M-SOP-030,2026-10-03,,,9.7,,37.2,48.0
WO-16227,Blow Molding,ISBM-009,M-SOP-030,2026-10-04,,,8.9,,40.9,47.6
WO-16228,Blow Molding,ISBM-009,M-SOP-030,2026-10-05,,,9.7,,39.1,49.6
WO-16229,Blow Molding,ISBM-009,M-SOP-031,2026-10-05,,,10.5,,44.0,50.0
WO-16230,Blow Molding,ISBM-009,M-SOP-031,2026-10-06,,,10.2,,41.4,51.7
WO-16231,Blow Molding,ISBM-009,M-SOP-031,2026-10-07,,,9.2,,43.8,45.4
WO-16232,Blow Molding,ISBM-009,M-SOP-031,2026-10-08,,,9.0,,40.3,52.7
WO-16233,Blow Molding,ISBM-009,M-SOP-030,2026-10-08,,,10.0,,42.6,46.5
WO-16234,Blow Molding,ISBM-009,M-SOP-030,2026-10-09,,,9.6,,43.2,50.2
WO-16235,Blow Molding,ISBM-009,M-SOP-030,2026-10-09,,,10.5,,36.2,54.3
WO-16236,Blow Molding,ISBM-009,M-SOP-030,2026-10-10,,,9.2,,46.6,52.6
WO-16237,Blow Molding,ISBM-009,M-SOP-030,2026-10-11,,,11.0,,42.0,55.1
WO-16239,Blow Molding,ISBM-009,M-SOP-030,2026-10-12,,,10.2,,44.0,53.1
WO-16240,Blow Molding,ISBM-009,M-SOP-031,2026-10-12,,,8.8,,41.4,52.1
WO-16238,Blow Molding,ISBM-009,M-SOP-031,2026-10-12,,,9.1,,43.1,48.8
WO-16241,Blow Molding,ISBM-009,M-SOP-031,2026-10-13,,,8.8,,45.0,48.6
WO-16242,Blow Molding,ISBM-009,M-SOP-030,2026-10-14,,,10.1,,41.3,39.6
WO-16243,Blow Molding,ISBM-009,M-SOP-030,2026-10-14,,,9.1,,40.8,51.0
WO-16244,Blow Molding,ISBM-009,M-SOP-030,2026-10-15,,,9.3,,38.0,39.5
WO-16245,Blow Molding,ISBM-009,M-SOP-030,2026-10-16,,,9.7,,42.0,47.0
WO-16246,Blow Molding,ISBM-009,M-SOP-030,2026-10-17,,,9.5,,44.4,49.1
WO-16247,Blow Molding,ISBM-009,M-SOP-031,2026-10-18,,,9.7,,44.1,49.3
WO-16248,Blow Molding,ISBM-009,M-SOP-031,2026-10-18,,,9.7,,40.2,51.4
WO-16249,Blow Molding,ISBM-009,M-SOP-031,2026-10-19,,,9.1,,42.5,49.7
WO-16250,Blow Molding,ISBM-009,M-SOP-031,2026-10-19,,,10.5,,40.6,55.4
WO-16251,Blow Molding,ISBM-009,M-SOP-030,2026-10-20,,,8.7,,44.7,50.7
WO-16252,Blow Molding,ISBM-009,M-SOP-030,2026-10-21,,,8.8,,42.2,46.9
WO-16253,Blow Molding,ISBM-009,M-SOP-030,2026-10-22,,,10.9,,37.6,52.5
WO-16255,Blow Molding,ISBM-009,M-SOP-031,2026-10-23,,,10.0,,38.0,47.1
WO-16254,Blow Molding,ISBM-009,M-SOP-031,2026-10-23,,,11.0,,45.4,54.3
WO-16256,Blow Molding,ISBM-009,M-SOP-031,2026-10-24,,,10.3,,41.9,45.9
WO-16257,Blow Molding,ISBM-009,M-SOP-031,2026-10-24,,,10.9,,41.1,49.1
WO-16258,Blow Molding,ISBM-009,M-SOP-031,2026-10-25,,,11.2,,38.5,44.3
WO-16259,Blow Molding,ISBM-009,M-SOP-030,2026-10-25,,,9.1,,38.5,44.4
WO-16260,Blow Molding,ISBM-009,M-SOP-030,2026-10-26,,,9.7,,41.2,56.7
WO-16261,Blow Molding,ISBM-009,M-SOP-031,2026-10-26,,,9.4,,41.7,47.7
WO-16262,Blow Molding,ISBM-009,M-SOP-031,2026-10-27,,,10.5,,42.8,44.9
WO-16263,Blow Molding,ISBM-009,M-SOP-031,2026-10-27,,,9.6,,44.0,46.3
WO-16264,Blow Molding,ISBM-009,M-SOP-031,2026-10-28,,,10.7,,35.0,48.8
WO-16265,Blow Molding,ISBM-009,M-SOP-031,2026-10-29,,,8.3,,41.5,45.1
WO-16266,Blow Molding,ISBM-009,M-SOP-030,2026-10-30,,,10.4,,38.4,48.8
WO-16267,Blow Molding,ISBM-009,M-SOP-030,2026-10-30,,,9.5,,32.8,51.3
WO-16268,Blow Molding,ISBM-009,M-SOP-030,2026-10-31,,,11.4,,41.7,43.4
WO-16269,Blow Molding,ISBM-009,M-SOP-031,2026-11-01,,,9.5,,44.8,45.7
WO-16271,Blow Molding,ISBM-009,M-SOP-031,2026-11-02,,,8.9,,39.5,46.1
WO-16270,Blow Molding,ISBM-009,M-SOP-031,2026-11-02,,,8.0,,43.2,38.5
WO-16272,Blow Molding,ISBM-009,M-SOP-031,2026-11-03,,,8.8,,41.9,47.6
WO-16273,Blow Molding,ISBM-009,M-SOP-031,2026-11-04,,,9.7,,45.4,51.8
WO-16274,Blow Molding,ISBM-009,M-SOP-030,2026-11-04,,,8.9,,45.1,46.9
WO-16275,Blow Molding,ISBM-009,M-SOP-030,2026-11-05,,,8.6,,45.4,46.8
WO-16276,Blow Molding,ISBM-009,M-SOP-030,2026-11-05,,,8.8,,43.0,39.7
WO-16277,Blow Molding,ISBM-009,M-SOP-030,2026-11-06,,,10.5,,48.9,44.1
WO-16278,Blow Molding,ISBM-009,M-SOP-031,2026-11-07,,,10.4,,40.2,54.9
WO-16279,Blow Molding,ISBM-009,M-SOP-031,2026-11-08,,,8.7,,42.8,50.4
WO-16280,Blow Molding,ISBM-009,M-SOP-031,2026-11-09,,,9.0,,48.4,48.4
WO-16281,Blow Molding,ISBM-009,M-SOP-031,2026-11-09,,,9.1,,44.4,52.9
WO-16282,Blow Molding,ISBM-009,M-SOP-030,2026-11-10,,,9.0,,45.1,47.8
WO-16283,Blow Molding,ISBM-009,M-SOP-030,2026-11-11,,,11.1,,42.7,46.4
WO-16284,Blow Molding,ISBM-009,M-SOP-030,2026-11-11,,,10.0,,40.0,60.0
WO-16285,Blow Molding,ISBM-009,M-SOP-030,2026-11-12,,,11.2,,44.1,51.6
WO-16286,Blow Molding,ISBM-009,M-SOP-030,2026-11-12,,,8.0,,40.6,43.1
WO-16287,Blow Molding,ISBM-009,M-SOP-031,2026-11-13,,,10.1,,47.1,48.3
WO-16288,Blow Molding,ISBM-009,M-SOP-031,2026-11-14,,,11.4,,40.2,50.0
WO-16289,Blow Molding,ISBM-009,M-SOP-031,2026-11-14,,,9.3,,42.4,43.9
WO-16290,Blow Molding,ISBM-009,M-SOP-031,2026-11-15,,,9.6,,44.0,57.3
WO-16291,Blow Molding,ISBM-009,M-SOP-030,2026-11-15,,,10.2,,38.3,51.2
WO-16292,Blow Molding,ISBM-009,M-SOP-030,2026-11-16,,,10.3,,40.0,50.7
WO-16293,Blow Molding,ISBM-009,M-SOP-031,2026-11-17,,,8.3,,38.9,47.9
WO-16294,Blow Molding,ISBM-009,M-SOP-031,2026-11-17,,,6.6,,43.1,47.2
WO-16295,Blow Molding,ISBM-009,M-SOP-031,2026-11-18,,,10.6,,39.1,56.2
WO-16296,Blow Molding,ISBM-009,M-SOP-031,2026-11-19,,,9.0,,43.8,48.5
WO-16297,Blow Molding,ISBM-009,M-SOP-031,2026-11-20,,,7.6,,45.1,45.6
WO-16298,Blow Molding,ISBM-009,M-SOP-030,2026-11-21,,,9.4,,35.8,46.0
WO-16299,Blow Molding,ISBM-009,M-SOP-030,2026-11-22,,,11.2,,47.9,45.5
WO-16300,Blow Molding,ISBM-009,M-SOP-031,2026-11-23,,,9.3,,39.5,47.5
WO-16301,Blow Molding,ISBM-009,M-SOP-031,2026-11-23,,,8.4,,42.0,46.2
WO-16302,Blow Molding,ISBM-009,M-SOP-030,2026-11-24,,,10.1,,44.6,46.7
WO-16303,Blow Molding,ISBM-009,M-SOP-030,2026-11-25,,,10.2,,36.1,56.8
WO-16304,Blow Molding,ISBM-009,M-SOP-030,2026-11-25,,,10.4,,40.1,52.4
WO-16305,Blow Molding,ISBM-009,M-SOP-031,2026-11-26,,,9.2,,40.6,49.8
WO-16306,Blow Molding,ISBM-009,M-SOP-031,2026-11-27,,,10.8,,43.3,52.6
WO-16307,Blow Molding,ISBM-009,M-SOP-031,2026-11-27,,,8.7,,42.6,47.6
WO-16308,Blow Molding,ISBM-009,M-SOP-030,2026-11-28,,,10.6,,46.1,45.6
WO-16309,Blow Molding,ISBM-009,M-SOP-030,2026-11-29,,,10.0,,41.5,55.3
WO-16310,Blow Molding,ISBM-009,M-SOP-030,2026-11-30,,,8.8,,40.3,46.6
WO-16311,Blow Molding,ISBM-009,M-SOP-030,2026-11-30,,,9.7,,40.5,47.0
WO-16312,Blow Molding,ISBM-009,M-SOP-030,2026-12-01,,,8.3,,47.6,46.2
WO-16313,Blow Molding,ISBM-009,M-SOP-030,2026-12-02,,,10.1,,44.0,41.6
WO-16314,Blow Molding,ISBM-009,M-SOP-031,2026-12-02,,,8.7,,36.5,47.5
WO-16315,Blow Molding,ISBM-009,M-SOP-031,2026-12-03,,,10.6,,38.0,55.0
WO-16316,Blow Molding,ISBM-009,M-SOP-031,2026-12-04,,,9.0,,37.5,47.8
WO-16317,Blow Molding,ISBM-009,M-SOP-031,2026-12-05,,,10.8,,37.6,42.4
WO-16319,Blow Molding,ISBM-009,M-SOP-030,2026-12-06,,,10.3,,45.6,54.1
WO-16318,Blow Molding,ISBM-009,M-SOP-030,2026-12-06,,,9.3,,42.9,46.8
WO-16320,Blow Molding,ISBM-009,M-SOP-031,2026-12-07,,,9.9,,46.3,48.8
WO-16321,Blow Molding,ISBM-009,M-SOP-031,2026-12-07,,,9.0,,46.3,46.7
WO-16322,Blow Molding,ISBM-009,M-SOP-031,2026-12-08,,,8.6,,34.6,51.9
WO-16323,Blow Molding,ISBM-009,M-SOP-031,2026-12-09,,,9.5,,38.7,46.0
WO-16324,Blow Molding,ISBM-009,M-SOP-031,2026-12-09,,,10.5,,47.0,44.3
WO-16325,Blow Molding,ISBM-009,M-SOP-030,2026-12-10,,,10.1,,39.6,41.7
WO-16326,Blow Molding,ISBM-009,M-SOP-030,2026-12-11,,,7.9,,41.3,47.8
WO-16327,Blow Molding,ISBM-009,M-SOP-030,2026-12-11,,,8.7,,41.0,51.1
WO-16328,Blow Molding,ISBM-009,M-SOP-030,2026-12-12,,,9.2,,46.2,50.3
WO-16329,Blow Molding,ISBM-009,M-SOP-030,2026-12-13,,,11.0,,45.5,50.7
WO-16330,Blow Molding,ISBM-009,M-SOP-030,2026-12-14,,,9.7,,40.3,43.0
WO-16331,Blow Molding,ISBM-009,M-SOP-031,2026-12-14,,,9.8,,39.1,50.6
WO-16332,Blow Molding,ISBM-009,M-SOP-031,2026-12-15,,,9.4,,42.4,39.7
WO-16333,Blow Molding,ISBM-009,M-SOP-031,2026-12-16,,,10.0,,43.8,45.1
WO-16335,Blow Molding,ISBM-009,M-SOP-030,2026-12-17,,,9.2,,39.8,48.4
WO-16334,Blow Molding,ISBM-009,M-SOP-030,2026-12-17,,,9.0,,36.6,50.6
WO-16336,Blow Molding,ISBM-009,M-SOP-030,2026-12-18,,,9.7,,42.1,52.6
WO-16337,Blow Molding,ISBM-009,M-SOP-030,2026-12-19,,,9.0,,39.8,46.9
WO-16338,Blow Molding,ISBM-009,M-SOP-031,2026-12-20,,,9.1,,39.8,50.4
WO-16339,Blow Molding,ISBM-009,M-SOP-031,2026-12-20,,,10.1,,45.0,44.9
WO-16340,Blow Molding,ISBM-009,M-SOP-031,2026-12-21,,,10.0,,42.0,52.3
WO-16341,Blow Molding,ISBM-009,M-SOP-031,2026-12-22,,,11.0,,41.7,46.0
WO-16342,Blow Molding,ISBM-009,M-SOP-030,2026-12-22,,,8.0,,39.7,48.1
WO-16343,Blow Molding,ISBM-009,M-SOP-030,2026-12-23,,,8.3,,42.6,49.6
WO-16344,Blow Molding,ISBM-009,M-SOP-030,2026-12-24,,,8.6,,44.5,37.1
WO-16345,Blow Molding,ISBM-009,M-SOP-030,2026-12-25,,,8.9,,39.6,50.3
WO-16346,Blow Molding,ISBM-009,M-SOP-030,2026-12-25,,,10.5,,41.9,49.9
WO-16347,Blow Molding,ISBM-009,M-SOP-031,2026-12-26,,,8.4,,41.6,53.3
WO-16349,Blow Molding,ISBM-009,M-SOP-030,2026-12-27,,,9.2,,42.9,39.4
WO-16348,Blow Molding,ISBM-009,M-SOP-031,2026-12-27,,,9.5,,42.7,49.4
WO-16350,Blow Molding,ISBM-009,M-SOP-031,2026-12-28,,,8.3,,45.7,45.1
WO-16351,Blow Molding,ISBM-009,M-SOP-030,2026-12-29,,,9.3,,39.3,50.8
WO-16352,Blow Molding,ISBM-009,M-SOP-031,2026-12-30,,,8.0,,40.7,47.5
