ProductBatch,WorkOrder,ProductionDate,Shift,MachineId,MoldId,BottleId,LotSize,CodeLetter,SampleSize,CriticalDefects,MajorDefects,MinorDefects,TotalSampleDefects,VariablesDecision,AttributesDecision,FinalLotDecision,DispositionDetail,LotDecisionDateTime,Remarks,Inspector
LOTE-M-SOP-007-2000,WO-1001,2025-07-01,Shift 2,ISBM-001,M-SOP-007,FR-007-PP-350,12799,M,315,0,7,8,15,Conforming,Approved,Approved,Approved - First Pass,2025-07-03 00:47:55.232,—,Carlos Mendes
LOTE-M-SOP-007-2001,WO-1002,2025-07-02,Shift 1,ISBM-001,M-SOP-007,FR-007-HDPE-350,8205,L,200,0,1,1,2,Conforming,Approved,Approved,Approved - First Pass,2025-07-03 13:55:58.768,—,Ana Silva
LOTE-M-SOP-007-2002,WO-1004,2025-07-03,Shift 2,ISBM-001,M-SOP-007,FR-007-HDPE-350,24427,M,315,0,8,11,19,Conforming,Approved,Approved,Approved - First Pass,2025-07-05 06:35:04.339,—,Diogo Ferreira
LOTE-M-SOP-001-2003,WO-1005,2025-07-04,Shift 2,ISBM-001,M-SOP-001,FR-001-HDPE-300,7043,L,200,0,2,9,11,Conforming,Approved,Approved,Approved - First Pass,2025-07-05 13:11:07.389,—,Beatriz Costa
LOTE-M-SOP-001-2004,WO-1006,2025-07-05,Shift 1,ISBM-001,M-SOP-001,FR-001-rPET-300,10478,M,315,0,3,6,9,Conforming,Approved,Approved,Approved - First Pass,2025-07-06 19:18:51.483,—,Beatriz Costa
LOTE-M-SOP-001-2005,WO-1007,2025-07-06,Shift 3,ISBM-001,M-SOP-001,FR-001-rPET-300,5419,L,200,0,0,6,6,Conforming,Approved,Approved,Approved - First Pass,2025-07-07 05:44:43.506,—,Carlos Mendes
LOTE-M-SOP-001-2006,WO-1010,2025-07-08,Shift 3,ISBM-001,M-SOP-001,FR-001-HDPE-PCR-300,25708,M,315,0,5,14,19,Conforming,Approved,Approved,Approved - First Pass,2025-07-09 04:03:22.227,—,Elena Santos
LOTE-M-SOP-007-2007,WO-1012,2025-07-09,Shift 2,ISBM-001,M-SOP-007,FR-007-PP-350,18010,M,315,0,5,21,26,Conforming,Approved,Approved,Approved - First Pass,2025-07-11 02:51:32.195,—,Carlos Mendes
LOTE-M-SOP-001-2008,WO-1015,2025-07-11,Shift 2,ISBM-001,M-SOP-001,FR-001-HDPE-300,16950,M,315,0,0,10,10,Conforming,Approved,Approved,Approved - First Pass,2025-07-12 21:53:10.150,—,Diogo Ferreira
LOTE-M-SOP-001-2009,WO-1017,2025-07-12,Shift 2,ISBM-001,M-SOP-001,FR-001-HDPE-300,14092,M,315,0,2,5,7,Conforming,Approved,Approved,Approved - First Pass,2025-07-13 13:45:17.482,—,Elena Santos
LOTE-M-SOP-007-2010,WO-1020,2025-07-15,Shift 3,ISBM-001,M-SOP-007,FR-007-PVC-350,34275,M,315,1,7,28,36,Conforming,Rejected,Approved,Approved - Reworked,2025-07-16 14:27:10.564,—,Ana Silva
LOTE-M-SOP-007-2011,WO-1021,2025-07-15,Shift 3,ISBM-001,M-SOP-007,FR-007-HDPE-PCR-350,5827,L,200,0,1,3,4,Conforming,Approved,Approved,Approved - First Pass,2025-07-16 18:35:57.548,—,Ana Silva
LOTE-M-SOP-001-2012,WO-1022,2025-07-16,Shift 1,ISBM-001,M-SOP-001,FR-001-HDPE-PCR-300,7647,L,200,0,0,1,1,Conforming,Approved,Approved,Approved - First Pass,2025-07-17 15:03:40.409,—,Elena Santos
LOTE-M-SOP-007-2013,WO-1024,2025-07-17,Shift 2,ISBM-001,M-SOP-007,FR-007-HDPE-350,18262,M,315,0,3,8,11,Conforming,Approved,Approved,Approved - First Pass,2025-07-18 17:44:41.490,—,Diogo Ferreira
LOTE-M-SOP-007-2014,WO-1025,2025-07-18,Shift 2,ISBM-001,M-SOP-007,FR-007-PP-PCR-350,7982,L,200,0,0,5,5,Conforming,Approved,Approved,Approved - First Pass,2025-07-19 18:00:16.402,—,Diogo Ferreira
LOTE-M-SOP-007-2015,WO-1028,2025-07-20,Shift 2,ISBM-001,M-SOP-007,FR-007-HDPE-350,16594,M,315,0,3,2,5,Conforming,Approved,Approved,Approved - First Pass,2025-07-22 00:41:28.193,—,Elena Santos
LOTE-M-SOP-001-2016,WO-1029,2025-07-21,Shift 2,ISBM-001,M-SOP-001,FR-001-HDPE-300,8131,L,200,0,1,9,10,Conforming,Approved,Approved,Approved - First Pass,2025-07-22 20:02:29.110,—,Ana Silva
LOTE-M-SOP-007-2017,WO-1030,2025-07-22,Shift 1,ISBM-001,M-SOP-007,FR-007-PP-PCR-350,7798,L,200,0,0,6,6,Conforming,Approved,Approved,Approved - First Pass,2025-07-23 06:04:10.642,—,Carlos Mendes
LOTE-M-SOP-001-2018,WO-1031,2025-07-23,Shift 3,ISBM-001,M-SOP-001,FR-001-HDPE-PCR-300,3315,L,200,0,2,3,5,Conforming,Approved,Approved,Approved - First Pass,2025-07-24 00:11:38.177,—,Diogo Ferreira
LOTE-M-SOP-001-2019,WO-1034,2025-07-24,Shift 2,ISBM-001,M-SOP-001,FR-001-HDPE-PCR-300,20828,M,315,0,4,18,22,Conforming,Approved,Approved,Approved - First Pass,2025-07-25 19:45:09.595,—,Elena Santos
LOTE-M-SOP-007-2020,WO-1036,2025-07-26,Shift 1,ISBM-001,M-SOP-007,FR-007-rPET-350,14459,M,315,0,2,7,9,Conforming,Approved,Approved,Approved - First Pass,2025-07-27 02:14:08.249,—,Elena Santos
LOTE-M-SOP-007-2021,WO-1039,2025-07-28,Shift 2,ISBM-001,M-SOP-007,FR-007-PP-PCR-350,24450,M,315,0,4,16,20,Conforming,Approved,Approved,Approved - First Pass,2025-07-29 08:07:59.118,—,Beatriz Costa
LOTE-M-SOP-001-2022,WO-1041,2025-07-29,Shift 2,ISBM-001,M-SOP-001,FR-001-HDPE-300,19264,M,315,0,2,6,8,Conforming,Approved,Approved,Approved - First Pass,2025-07-31 09:09:24.533,—,Diogo Ferreira
LOTE-M-SOP-001-2023,WO-1044,2025-08-01,Shift 3,ISBM-001,M-SOP-001,FR-001-HDPE-PCR-300,28048,M,315,1,8,11,20,Conforming,Rejected,Rejected,Rejected - Scrapped,2025-08-02 00:22:39.433,Leakage:1(Re=1),Ana Silva
LOTE-M-SOP-001-2024,WO-1046,2025-08-02,Shift 2,ISBM-001,M-SOP-001,FR-001-rPET-300,16320,M,315,0,1,7,8,Conforming,Approved,Approved,Approved - First Pass,2025-08-04 03:09:43.354,—,Diogo Ferreira
LOTE-M-SOP-001-2025,WO-1047,2025-08-03,Shift 1,ISBM-001,M-SOP-001,FR-001-HDPE-PCR-300,5056,L,200,0,2,2,4,Conforming,Approved,Approved,Approved - First Pass,2025-08-04 11:44:19.617,—,Beatriz Costa
LOTE-M-SOP-001-2026,WO-1048,2025-08-04,Shift 3,ISBM-001,M-SOP-001,FR-001-rPET-300,7524,L,200,0,1,0,1,Conforming,Approved,Approved,Approved - First Pass,2025-08-05 09:56:55.811,—,Ana Silva
LOTE-M-SOP-007-2027,WO-1049,2025-08-04,  Shift 2  ,ISBM-001,M-SOP-007,FR-007-HDPE-PCR-350,8090,L,200,0,1,4,5,Conforming,Approved,Approved,Approved - First Pass,2025-08-05 14:50:07.181,—,Ana Silva
LOTE-M-SOP-007-2028,WO-1052,2025-08-06,Shift 2,ISBM-001,M-SOP-007,FR-007-HDPE-PCR-350,23798,M,315,0,11,12,23,Conforming,Approved,Approved,Approved - First Pass,2025-08-08 02:45:14.981,—,Carlos Mendes
LOTE-M-SOP-001-2029,WO-1053,2025-08-07,Shift 1,ISBM-001,M-SOP-001,FR-001-rPET-300,6247,L,200,0,2,0,2,Conforming,Approved,Approved,Approved - First Pass,2025-08-08 06:32:34.328,—,Beatriz Costa
LOTE-M-SOP-007-2030,WO-1054,2025-08-08,Shift 3,ISBM-001,M-SOP-007,FR-007-HDPE-PCR-350,5065,L,200,0,0,2,2,Conforming,Approved,Approved,Approved - First Pass,2025-08-08 23:48:26.762,—,Diogo Ferreira
LOTE-M-SOP-007-2031,WO-1056,2025-08-09,SHIFT 2,ISBM-001,M-SOP-007,FR-007-rPET-350,12017,M,315,0,7,12,19,Conforming,Approved,Approved,Approved - First Pass,2025-08-10 13:44:21.522,—,Diogo Ferreira
LOTE-M-SOP-001-2032,WO-1057,2025-08-10,Shift 1,ISBM-001,M-SOP-001,FR-001-HDPE-PCR-300,6164,L,200,0,0,2,2,Conforming,Approved,Approved,Approved - First Pass,2025-08-11 14:16:57.098,—,Diogo Ferreira
LOTE-M-SOP-007-2033,WO-1059,2025-08-11,Shift 3,ISBM-001,M-SOP-007,FR-007-PVC-350,17252,M,315,0,12,12,24,Conforming,Rejected,Approved,Approved - Released on Deviation,2025-08-13 04:45:57.057,—,Ana Silva
LOTE-M-SOP-007-2034,WO-1061,2025-08-13,SHIFT 1,ISBM-001,M-SOP-007,FR-007-HDPE-PCR-350,16752,M,315,0,10,4,14,Conforming,Approved,Approved,Approved - First Pass,2025-08-14 09:47:08.365,—,Elena Santos
LOTE-M-SOP-007-2035,WO-1062,2025-08-13,SHIFT 3,ISBM-001,M-SOP-007,FR-007-rPET-350,10162,M,315,0,1,6,7,Conforming,Approved,Approved,Approved - First Pass,2025-08-15 00:43:19.101,—,Carlos Mendes
LOTE-M-SOP-001-2036,WO-1063,2025-08-14,Shift 2,ISBM-001,M-SOP-001,FR-001-HDPE-PCR-300,5554,L,200,0,1,5,6,Conforming,Approved,Approved,Approved - First Pass,2025-08-15 16:36:26.461,—,Diogo Ferreira
LOTE-M-SOP-001-2037,WO-1066,2025-08-16,Shift 2,ISBM-001,M-SOP-001,FR-001-HDPE-300,16691,M,315,0,3,13,16,Conforming,Approved,Approved,Approved - First Pass,2025-08-17 09:21:30.996,—,Carlos Mendes
LOTE-M-SOP-001-2038,WO-1069,2025-08-18,shift 2,ISBM-001,M-SOP-001,FR-001-rPET-300,26028,M,315,0,1,19,20,Conforming,Approved,Approved,Approved - First Pass,2025-08-20 07:17:13.192,—,Carlos Mendes
LOTE-M-SOP-007-2039,WO-1072,2025-08-21,Shift 1,ISBM-001,M-SOP-007,FR-007-HDPE-PCR-350,23086,M,315,0,4,11,15,Conforming,Approved,Approved,Approved - First Pass,2025-08-22 01:04:20.297,—,Carlos Mendes
LOTE-M-SOP-001-2040,WO-1075,2025-08-23,Shift 1,ISBM-001,M-SOP-001,FR-001-HDPE-PCR-300,28717,M,315,0,1,13,14,Conforming,Approved,Approved,Approved - First Pass,2025-08-24 15:07:35.562,—,Carlos Mendes
LOTE-M-SOP-007-2041,WO-1077,2025-08-24,Shift 2,ISBM-001,M-SOP-007,FR-007-PP-350,13083,M,315,0,3,12,15,Conforming,Approved,Approved,Approved - First Pass,2025-08-26 04:31:43.611,—,Carlos Mendes
LOTE-M-SOP-001-2042,WO-1080,2025-08-26,Shift 2,ISBM-001,M-SOP-001,FR-001-rPET-300,24296,M,315,0,9,12,21,Conforming,Approved,Approved,Approved - First Pass,2025-08-27 23:07:21.520,—,Carlos Mendes
LOTE-M-SOP-007-2043,WO-1081,2025-08-27,SHIFT 1,ISBM-001,M-SOP-007,FR-007-PETG-350,6282,L,200,0,0,6,6,Conforming,Approved,Approved,Approved - First Pass,2025-08-28 03:24:37.990,—,Beatriz Costa
LOTE-M-SOP-007-2044,WO-1082,2025-08-28,Shift 3,ISBM-001,M-SOP-007,FR-007-HDPE-350,4118,L,200,0,1,6,7,Conforming,Approved,Approved,Approved - First Pass,2025-08-29 12:50:57.805,—,Diogo Ferreira
LOTE-M-SOP-007-2045,WO-1085,2025-08-30,Shift 1,ISBM-001,M-SOP-007,FR-007-PP-350,19502,M,315,0,2,15,17,Conforming,Approved,Approved,Approved - First Pass,2025-09-01 00:51:57.777,—,Ana Silva
LOTE-M-SOP-007-2046,WO-1086,2025-08-31,Shift 1,ISBM-001,M-SOP-007,FR-007-PETG-350,10006,M,315,0,0,0,0,Conforming,Approved,Approved,Approved - First Pass,2025-09-01 14:10:21.152,—,Beatriz Costa
LOTE-M-SOP-001-2047,WO-1088,2025-09-01,Shift 2,ISBM-001,M-SOP-001,FR-001-HDPE-PCR-300,15588,M,315,0,2,14,16,Conforming,Approved,Approved,Approved - First Pass,2025-09-02 20:31:25.155,—,Elena Santos
LOTE-M-SOP-007-2048,WO-1089,2025-09-02,Shift 1,ISBM-001,M-SOP-007,FR-007-PP-PCR-350,7210,L,200,0,1,4,5,Conforming,Approved,Approved,Approved - First Pass,2025-09-03 12:43:30.640,—,Diogo Ferreira
LOTE-M-SOP-001-2049,WO-1090,2025-09-02,  Shift 3  ,ISBM-001,M-SOP-001,FR-001-rPET-300,9007,L,200,0,1,3,4,Conforming,Approved,Approved,Approved - First Pass,2025-09-04 04:48:52.423,—,Ana Silva
LOTE-M-SOP-001-2050,WO-1093,2025-09-04,Shift 3,ISBM-001,M-SOP-001,FR-001-HDPE-PCR-300,22904,M,315,0,7,7,14,Conforming,Approved,Approved,Approved - First Pass,2025-09-06 04:54:07.762,—,Carlos Mendes
LOTE-M-SOP-007-2051,WO-1095,2025-09-06,Shift 1,ISBM-001,M-SOP-007,FR-007-PP-PCR-350,16426,M,315,0,5,13,18,Conforming,Approved,Approved,Approved - First Pass,2025-09-07 16:43:17.883,—,Beatriz Costa
LOTE-M-SOP-001-2052,WO-1098,2025-09-08,  Shift 2  ,ISBM-001,M-SOP-001,FR-001-HDPE-300,24917,M,315,0,5,8,13,Conforming,Approved,Approved,Approved - First Pass,2025-09-10 02:21:15.529,—,Beatriz Costa
LOTE-M-SOP-007-2053,WO-1101,2025-09-10,Shift 2,ISBM-001,M-SOP-007,FR-007-rPET-350,22120,M,315,0,5,10,15,Conforming,Approved,Approved,Approved - First Pass,2025-09-11 08:45:15.671,—,Beatriz Costa
LOTE-M-SOP-007-2054,WO-1104,2025-09-12,Shift 2,ISBM-001,M-SOP-007,FR-007-PETG-350,25012,M,315,0,13,18,31,Conforming,Approved,Approved,Approved - First Pass,2025-09-13 16:41:08.382,—,Ana Silva
LOTE-M-SOP-001-2055,WO-1105,2025-09-13,Shift 1,ISBM-001,M-SOP-001,FR-001-rPET-300,2666,L,200,0,4,0,4,Conforming,Approved,Approved,Approved - First Pass,2025-09-14 12:05:20.974,—,Beatriz Costa
LOTE-M-SOP-001-2056,WO-1107,2025-09-14,Shift 2,ISBM-001,M-SOP-001,FR-001-HDPE-300,13799,M,315,0,3,9,12,Conforming,Approved,Approved,Approved - First Pass,2025-09-16 01:27:47.476,—,Ana Silva
LOTE-M-SOP-001-2057,WO-1109,2025-09-16,Shift 1,ISBM-001,M-SOP-001,FR-001-rPET-300,9781,L,200,0,1,8,9,Conforming,Approved,Approved,Approved - First Pass,2025-09-17 05:06:28.888,—,Carlos Mendes
LOTE-M-SOP-001-2058,WO-1111,2025-09-17,shift 2,ISBM-001,M-SOP-001,FR-001-rPET-300,7343,L,200,0,0,13,13,Conforming,Approved,Approved,Approved - First Pass,2025-09-18 13:30:10.132,—,Carlos Mendes
LOTE-M-SOP-007-2059,WO-1112,2025-09-18,Shift 3,ISBM-001,M-SOP-007,FR-007-PETG-350,3590,L,200,0,2,0,2,Conforming,Approved,Approved,Approved - First Pass,2025-09-18 23:20:33.017,—,Elena Santos
LOTE-M-SOP-001-2060,WO-1115,2025-09-20,Shift 3,ISBM-001,M-SOP-001,FR-001-HDPE-300,20289,M,315,0,9,7,16,Conforming,Approved,Approved,Approved - First Pass,2025-09-21 00:34:31.543,—,Elena Santos
LOTE-M-SOP-001-2061,WO-1116,2025-09-20,Shift 3,ISBM-001,M-SOP-001,FR-001-HDPE-PCR-300,6563,L,200,0,0,0,0,Conforming,Approved,Approved,Approved - First Pass,2025-09-21 23:52:53.323,—,Diogo Ferreira
LOTE-M-SOP-007-2062,WO-1118,2025-09-22,  Shift 1  ,ISBM-001,M-SOP-007,FR-007-HDPE-350,11123,M,315,0,4,11,15,Conforming,Approved,Approved,Approved - First Pass,2025-09-23 15:44:27.324,—,Carlos Mendes
LOTE-M-SOP-007-2063,WO-1119,2025-09-22,Shift 3,ISBM-001,M-SOP-007,FR-007-PVC-350,5067,L,200,0,2,8,10,Conforming,Approved,Approved,Approved - First Pass,2025-09-24 02:43:43.735,—,Elena Santos
LOTE-M-SOP-001-2064,WO-1120,2025-09-23,Shift 1,ISBM-001,M-SOP-001,FR-001-HDPE-300,3863,L,200,0,0,3,3,Conforming,Approved,Approved,Approved - First Pass,2025-09-24 00:51:07.098,—,Ana Silva
LOTE-M-SOP-007-2065,WO-1121,2025-09-24,Shift 3,ISBM-001,M-SOP-007,FR-007-PVC-350,8232,L,200,1,0,2,3,Conforming,Rejected,Rejected,Rejected - Scrapped,2025-09-25 10:08:33.867,Leakage:1(Re=1),Carlos Mendes
LOTE-M-SOP-001-2066,WO-1124,2025-09-25,Shift 3,ISBM-001,M-SOP-001,FR-001-HDPE-PCR-300,18318,M,315,0,1,10,11,Conforming,Approved,Approved,Approved - First Pass,2025-09-27 09:04:48.530,—,Elena Santos
LOTE-M-SOP-007-2067,WO-1126,2025-09-27,Shift 2,ISBM-001,M-SOP-007,FR-007-PVC-350,11744,M,315,0,3,1,4,Conforming,Approved,Approved,Approved - First Pass,2025-09-28 17:45:45.374,—,Diogo Ferreira
LOTE-M-SOP-001-2068,WO-1128,2025-09-29,Shift 3,ISBM-001,M-SOP-001,FR-001-HDPE-300,12463,M,315,0,4,8,12,Conforming,Approved,Approved,Approved - First Pass,2025-09-30 02:38:10.412,—,Elena Santos
LOTE-M-SOP-007-2069,WO-1131,2025-09-30,Shift 2,ISBM-001,M-SOP-007,FR-007-PP-PCR-350,15594,M,315,0,6,19,25,Conforming,Approved,Approved,Approved - First Pass,2025-10-01 23:35:40.220,—,Ana Silva
LOTE-M-SOP-007-2070,WO-1132,2025-10-01,Shift 2,ISBM-001,M-SOP-007,FR-007-rPET-350,9494,L,200,0,0,9,9,Conforming,Approved,Approved,Approved - First Pass,2025-10-02 23:43:07.600,—,Diogo Ferreira
LOTE-M-SOP-001-2071,WO-1135,2025-10-03,Shift 3,ISBM-001,M-SOP-001,FR-001-rPET-300,21257,M,315,0,2,11,13,Conforming,Approved,Approved,Approved - First Pass,2025-10-05 06:50:20.399,—,Elena Santos
LOTE-M-SOP-001-2072,WO-1138,2025-10-05,Shift 1,ISBM-001,M-SOP-001,FR-001-HDPE-300,17688,M,315,0,2,3,5,Conforming,Approved,Approved,Approved - First Pass,2025-10-06 22:27:09.938,—,Carlos Mendes
LOTE-M-SOP-001-2073,WO-1140,2025-10-06,Shift 2,ISBM-001,M-SOP-001,FR-001-HDPE-300,16201,M,315,0,0,1,1,Conforming,Approved,Approved,Approved - First Pass,2025-10-07 16:41:12.870,—,Diogo Ferreira
LOTE-M-SOP-007-2074,WO-1141,2025-10-07,Shift 1,ISBM-001,M-SOP-007,FR-007-PP-350,4846,L,200,0,1,6,7,Conforming,Approved,Approved,Approved - First Pass,2025-10-08 21:41:01.846,—,Ana Silva
LOTE-M-SOP-001-2075,WO-1142,2025-10-08,Shift 1,ISBM-001,M-SOP-001,FR-001-HDPE-PCR-300,7457,L,200,0,1,4,5,Conforming,Approved,Approved,Approved - First Pass,2025-10-09 09:32:41.004,—,Beatriz Costa
LOTE-M-SOP-001-2076,WO-1144,2025-10-09,Shift 2,ISBM-001,M-SOP-001,FR-001-HDPE-PCR-300,16721,M,315,0,2,7,9,Conforming,Approved,Approved,Approved - First Pass,2025-10-10 13:10:19.536,—,Beatriz Costa
LOTE-M-SOP-001-2077,WO-1145,2025-10-10,Shift 1,ISBM-001,M-SOP-001,FR-001-rPET-300,11677,M,315,0,1,10,11,Conforming,Approved,Approved,Approved - First Pass,2025-10-11 22:42:17.795,—,Carlos Mendes
LOTE-M-SOP-007-2078,WO-1147,2025-10-12,Shift 1,ISBM-001,M-SOP-007,FR-007-rPET-350,7606,L,200,0,8,11,19,Conforming,Approved,Approved,Approved - First Pass,2025-10-13 18:26:05.739,—,Ana Silva
LOTE-M-SOP-007-2079,WO-1148,2025-10-13,Shift 3,ISBM-001,M-SOP-007,FR-007-PETG-350,7344,L,200,0,1,6,7,Conforming,Approved,Approved,Approved - First Pass,2025-10-14 03:51:51.482,—,Diogo Ferreira
LOTE-M-SOP-007-2080,WO-1150,2025-10-14,Shift 3,ISBM-001,M-SOP-007,FR-007-PVC-350,10177,M,315,0,0,2,2,Conforming,Approved,Approved,Approved - First Pass,2025-10-14 21:17:28.286,—,Diogo Ferreira
LOTE-M-SOP-007-2081,WO-1151,2025-10-14,Shift 2,ISBM-001,M-SOP-007,FR-007-PETG-350,7235,L,200,0,1,6,7,Conforming,Approved,Approved,Approved - First Pass,2025-10-15 11:34:23.064,—,Diogo Ferreira
LOTE-M-SOP-007-2082,WO-1152,2025-10-15,Shift 3,ISBM-001,M-SOP-007,FR-007-PVC-350,3828,L,200,0,2,1,3,Conforming,Approved,Approved,Approved - First Pass,2025-10-16 15:51:17.525,—,Beatriz Costa
LOTE-M-SOP-007-2083,WO-1154,2025-10-16,Shift 1,ISBM-001,M-SOP-007,FR-007-HDPE-PCR-350,14503,M,315,0,1,12,13,Conforming,Approved,Approved,Approved - First Pass,2025-10-17 23:00:47.788,—,Beatriz Costa
LOTE-M-SOP-001-2084,WO-1155,2025-10-17,  Shift 3  ,ISBM-001,M-SOP-001,FR-001-rPET-300,7255,L,200,0,2,0,2,Conforming,Approved,Approved,Approved - First Pass,2025-10-18 12:46:21.900,—,Diogo Ferreira
LOTE-M-SOP-001-2085,WO-1156,2025-10-17,Shift 2,ISBM-001,M-SOP-001,FR-001-rPET-300,3869,L,200,0,0,7,7,Conforming,Approved,Approved,Approved - First Pass,2025-10-18 08:17:02.530,—,Carlos Mendes
LOTE-M-SOP-001-2086,WO-1158,2025-10-18,Shift 2,ISBM-001,M-SOP-001,FR-001-rPET-300,14826,M,315,0,1,13,14,Conforming,Approved,Approved,Approved - First Pass,2025-10-19 08:35:42.623,—,Carlos Mendes
LOTE-M-SOP-007-2087,WO-1159,2025-10-19,Shift 1,ISBM-001,M-SOP-007,FR-007-PP-350,8690,L,200,0,1,3,4,Conforming,Approved,Approved,Approved - First Pass,2025-10-20 02:49:41.446,—,Elena Santos
LOTE-M-SOP-007-2088,WO-1161,2025-10-20,Shift 1,ISBM-001,M-SOP-007,FR-007-PP-PCR-350,18365,M,315,0,14,7,21,Conforming,Approved,Approved,Approved - First Pass,2025-10-21 11:36:29.934,—,Diogo Ferreira
LOTE-M-SOP-007-2089,WO-1162,2025-10-21,Shift 1,ISBM-001,M-SOP-007,FR-007-HDPE-PCR-350,6550,L,200,0,0,3,3,Conforming,Approved,Approved,Approved - First Pass,2025-10-22 12:26:00.738,—,Carlos Mendes
LOTE-M-SOP-007-2090,WO-1164,2025-10-22,Shift 1,ISBM-001,M-SOP-007,FR-007-PVC-350,17986,M,315,0,2,26,28,Conforming,Approved,Approved,Approved - First Pass,2025-10-23 07:55:07.296,—,Diogo Ferreira
LOTE-M-SOP-001-2091,WO-1166,2025-10-23,SHIFT 3,ISBM-001,M-SOP-001,FR-001-rPET-300,13063,M,315,1,0,9,10,Conforming,Rejected,Rejected,Rejected - Scrapped,2025-10-24 18:00:34.656,Leakage:1(Re=1),Ana Silva
LOTE-M-SOP-007-2092,WO-1168,2025-10-25,Shift 3,ISBM-001,M-SOP-007,FR-007-HDPE-PCR-350,12811,M,315,0,2,5,7,Conforming,Approved,Approved,Approved - First Pass,2025-10-25 21:47:48.220,—,Diogo Ferreira
LOTE-M-SOP-007-2093,WO-1171,2025-10-26,Shift 2,ISBM-001,M-SOP-007,FR-007-PETG-350,17243,M,315,1,3,11,15,Conforming,Rejected,Rejected,Rejected - Scrapped,2025-10-28 02:12:38.394,Leakage:1(Re=1),Ana Silva
LOTE-M-SOP-007-2094,WO-1174,2025-10-28,Shift 1,ISBM-001,M-SOP-007,FR-007-rPET-350,11723,M,315,0,6,9,15,Conforming,Approved,Approved,Approved - First Pass,2025-10-29 05:04:18.230,—,Ana Silva
LOTE-M-SOP-007-2095,WO-1175,2025-10-28,Shift 3,ISBM-001,M-SOP-007,FR-007-rPET-350,10840,M,315,0,4,7,11,Conforming,Approved,Approved,Approved - First Pass,2025-10-29 18:50:44.889,—,Carlos Mendes
LOTE-M-SOP-001-2096,WO-1177,2025-10-30,Shift 1,ISBM-001,M-SOP-001,FR-001-HDPE-300,16811,M,315,0,1,6,7,Conforming,Approved,Approved,Approved - First Pass,2025-10-31 19:22:53.913,—,Carlos Mendes
LOTE-M-SOP-007-2097,WO-1178,2025-10-31,Shift 3,ISBM-001,M-SOP-007,FR-007-rPET-350,10049,M,315,0,2,13,15,Conforming,Approved,Approved,Approved - First Pass,2025-11-01 05:28:34.249,—,Elena Santos
LOTE-M-SOP-007-2098,WO-1179,2025-10-31,Shift 3,ISBM-001,M-SOP-007,FR-007-HDPE-350,7547,L,200,0,3,1,4,Conforming,Approved,Approved,Approved - First Pass,2025-11-01 18:40:57.085,—,Carlos Mendes
LOTE-M-SOP-007-2099,WO-1180,2025-11-01,Shift 1,ISBM-001,M-SOP-007,FR-007-HDPE-350,6982,L,200,0,3,6,9,Conforming,Approved,Approved,Approved - First Pass,2025-11-02 21:33:28.554,—,Beatriz Costa
LOTE-M-SOP-001-2100,WO-1181,2025-11-02,SHIFT 1,ISBM-001,M-SOP-001,FR-001-rPET-300,7735,L,200,0,2,3,5,Conforming,Approved,Approved,Approved - First Pass,2025-11-03 05:46:06.919,—,Diogo Ferreira
LOTE-M-SOP-001-2101,WO-1182,2025-11-03,Shift 3,ISBM-001,M-SOP-001,FR-001-rPET-300,4128,L,200,0,1,6,7,Conforming,Approved,Approved,Approved - First Pass,2025-11-04 02:56:56.068,—,Diogo Ferreira
LOTE-M-SOP-007-2102,WO-1185,2025-11-04,Shift 3,ISBM-001,M-SOP-007,FR-007-PP-350,22419,M,315,1,16,16,33,Conforming,Rejected,Rejected,Rejected - Scrapped,2025-11-06 03:28:01.707,Leakage:1(Re=1),Beatriz Costa
LOTE-M-SOP-007-2103,WO-1186,2025-11-05,Shift 1,ISBM-001,M-SOP-007,FR-007-HDPE-350,5415,L,200,0,2,6,8,Conforming,Approved,Approved,Approved - First Pass,2025-11-06 16:19:51.439,—,Diogo Ferreira
LOTE-M-SOP-007-2104,WO-1188,2025-11-06,Shift 1,ISBM-001,M-SOP-007,FR-007-PP-PCR-350,14858,M,315,0,2,7,9,Conforming,Approved,Approved,Approved - First Pass,2025-11-07 16:15:45.185,—,Beatriz Costa
LOTE-M-SOP-001-2105,WO-1189,2025-11-07,Shift 3,ISBM-001,M-SOP-001,FR-001-HDPE-PCR-300,8096,L,200,0,0,4,4,Conforming,Approved,Approved,Approved - First Pass,2025-11-08 04:28:59.114,—,Elena Santos
LOTE-M-SOP-007-2106,WO-1191,2025-11-08,  Shift 1  ,ISBM-001,M-SOP-007,FR-007-PP-350,17617,M,315,3,1,19,23,Conforming,Rejected,Approved,Approved - Reworked,2025-11-09 16:57:49.385,—,Carlos Mendes
LOTE-M-SOP-001-2107,WO-1192,2025-11-09,  Shift 3  ,ISBM-001,M-SOP-001,FR-001-rPET-300,6362,L,200,0,0,3,3,Conforming,Approved,Approved,Approved - First Pass,2025-11-09 18:21:09.516,—,Diogo Ferreira
LOTE-M-SOP-001-2108,WO-1193,2025-11-09,Shift 2,ISBM-001,M-SOP-001,FR-001-HDPE-300,7619,L,200,0,1,9,10,Conforming,Approved,Approved,Approved - First Pass,2025-11-10 08:19:20.698,—,Ana Silva
LOTE-M-SOP-001-2109,WO-1194,2025-11-10,Shift 1,ISBM-001,M-SOP-001,FR-001-rPET-300,10347,M,315,0,0,8,8,Conforming,Approved,Approved,Approved - First Pass,2025-11-11 07:54:54.402,—,Diogo Ferreira
LOTE-M-SOP-001-2110,WO-1196,2025-11-11,  Shift 2  ,ISBM-001,M-SOP-001,FR-001-HDPE-300,17560,M,315,0,4,14,18,Conforming,Approved,Approved,Approved - First Pass,2025-11-12 16:03:29.683,—,Diogo Ferreira
LOTE-M-SOP-007-2111,WO-1198,2025-11-13,Shift 3,ISBM-001,M-SOP-007,FR-007-PETG-350,8693,L,200,0,2,4,6,Conforming,Approved,Approved,Approved - First Pass,2025-11-14 02:36:35.565,—,Diogo Ferreira
LOTE-M-SOP-007-2112,WO-1200,2025-11-14,Shift 3,ISBM-001,M-SOP-007,FR-007-HDPE-350,20923,M,315,1,2,7,10,Conforming,Rejected,Rejected,Rejected - Scrapped,2025-11-15 10:15:59.076,Leakage:1(Re=1),Diogo Ferreira
LOTE-M-SOP-001-2113,WO-1202,2025-11-15,Shift 2,ISBM-001,M-SOP-001,FR-001-rPET-300,10839,M,315,0,1,4,5,Conforming,Approved,Approved,Approved - First Pass,2025-11-16 19:11:54.631,—,Carlos Mendes
LOTE-M-SOP-007-2114,WO-1205,2025-11-17,Shift 1,ISBM-001,M-SOP-007,FR-007-HDPE-350,20507,M,315,0,4,17,21,Conforming,Approved,Approved,Approved - First Pass,2025-11-18 14:44:34.998,—,Beatriz Costa
LOTE-M-SOP-007-2115,WO-1207,2025-11-18,Shift 3,ISBM-001,M-SOP-007,FR-007-HDPE-PCR-350,19973,M,315,0,3,18,21,Conforming,Approved,Approved,Approved - First Pass,2025-11-19 20:19:25.048,—,Ana Silva
LOTE-M-SOP-001-2116,WO-1208,2025-11-19,Shift 2,ISBM-001,M-SOP-001,FR-001-HDPE-300,6694,L,200,0,1,3,4,Conforming,Approved,Approved,Approved - First Pass,2025-11-20 11:21:33.442,—,Diogo Ferreira
LOTE-M-SOP-001-2117,WO-1211,2025-11-21,Shift 3,ISBM-001,M-SOP-001,FR-001-rPET-300,19056,M,315,0,7,7,14,Conforming,Approved,Approved,Approved - First Pass,2025-11-22 05:13:15.091,—,Carlos Mendes
LOTE-M-SOP-001-2118,WO-1213,2025-11-22,Shift 2,ISBM-001,M-SOP-001,FR-001-rPET-300,23551,M,315,0,8,18,26,Conforming,Approved,Approved,Approved - First Pass,2025-11-23 20:17:55.237,—,Ana Silva
LOTE-M-SOP-007-2119,WO-1214,2025-11-23,  Shift 2  ,ISBM-001,M-SOP-007,FR-007-PVC-350,11396,M,315,0,3,21,24,Conforming,Approved,Approved,Approved - First Pass,2025-11-24 12:46:10.401,—,Elena Santos
LOTE-M-SOP-001-2120,WO-1215,2025-11-24,Shift 1,ISBM-001,M-SOP-001,FR-001-rPET-300,7294,L,200,0,0,3,3,Conforming,Approved,Approved,Approved - First Pass,2025-11-25 11:25:39.505,—,Ana Silva
LOTE-M-SOP-007-2121,WO-1216,2025-11-25,Shift 1,ISBM-001,M-SOP-007,FR-007-PVC-350,4131,L,200,0,0,4,4,Conforming,Approved,Approved,Approved - First Pass,2025-11-26 03:42:29.252,—,Diogo Ferreira
LOTE-M-SOP-001-2122,WO-1217,2025-11-25,Shift 2,ISBM-001,M-SOP-001,FR-001-rPET-300,3862,L,200,0,1,5,6,Conforming,Approved,Approved,Approved - First Pass,2025-11-27 02:44:08.661,—,Diogo Ferreira
LOTE-M-SOP-001-2123,WO-1220,2025-11-27,shift 1,ISBM-001,M-SOP-001,FR-001-HDPE-300,27961,M,315,0,3,9,12,Conforming,Approved,Approved,Approved - First Pass,2025-11-29 03:23:45.458,—,Ana Silva
LOTE-M-SOP-001-2124,WO-1223,2025-11-29,SHIFT 3,ISBM-001,M-SOP-001,FR-001-HDPE-300,17875,M,315,0,1,13,14,Conforming,Approved,Approved,Approved - First Pass,2025-12-01 01:26:59.708,—,Beatriz Costa
LOTE-M-SOP-001-2125,WO-1225,2025-12-01,Shift 1,ISBM-001,M-SOP-001,FR-001-rPET-300,14631,M,315,0,1,16,17,Conforming,Approved,Approved,Approved - First Pass,2025-12-02 06:51:06.145,—,Elena Santos
LOTE-M-SOP-007-2126,WO-1228,2025-12-03,Shift 2,ISBM-001,M-SOP-007,FR-007-PVC-350,23874,M,315,0,8,14,22,Conforming,Rejected,Approved,Approved - Released on Deviation,2025-12-04 11:14:04.516,—,Elena Santos
LOTE-M-SOP-001-2127,WO-1230,2025-12-05,shift 3,ISBM-001,M-SOP-001,FR-001-HDPE-300,15760,M,315,0,1,5,6,Conforming,Approved,Approved,Approved - First Pass,2025-12-06 10:44:52.224,—,Beatriz Costa
LOTE-M-SOP-007-2128,WO-1231,2025-12-05,Shift 2,ISBM-001,M-SOP-007,FR-007-rPET-350,9587,L,200,0,2,5,7,Conforming,Approved,Approved,Approved - First Pass,2025-12-07 03:12:54.139,—,Beatriz Costa
LOTE-M-SOP-007-2129,WO-1232,2025-12-06,shift 2,ISBM-001,M-SOP-007,FR-007-rPET-350,8667,L,200,0,1,7,8,Conforming,Approved,Approved,Approved - First Pass,2025-12-07 15:57:30.271,—,Diogo Ferreira
LOTE-M-SOP-007-2130,WO-1235,2025-12-08,Shift 2,ISBM-001,M-SOP-007,FR-007-HDPE-350,27049,M,315,1,4,22,27,Conforming,Rejected,Rejected,Rejected - Scrapped,2025-12-10 00:39:55.112,Leakage:1(Re=1),Diogo Ferreira
LOTE-M-SOP-007-2131,WO-1238,2025-12-11,Shift 3,ISBM-001,M-SOP-007,FR-007-PVC-350,29979,M,315,0,6,17,23,Conforming,Approved,Approved,Approved - First Pass,2025-12-12 10:47:55.901,—,Beatriz Costa
LOTE-M-SOP-001-2132,WO-1239,2025-12-11,  Shift 2  ,ISBM-001,M-SOP-001,FR-001-HDPE-PCR-300,8047,L,200,0,0,3,3,Conforming,Approved,Approved,Approved - First Pass,2025-12-12 15:04:08.611,—,Elena Santos
LOTE-M-SOP-007-2133,WO-1241,2025-12-13,Shift 1,ISBM-001,M-SOP-007,FR-007-PP-350,18264,M,315,0,3,22,25,Conforming,Approved,Approved,Approved - First Pass,2025-12-14 16:23:56.073,—,Beatriz Costa
LOTE-M-SOP-001-2134,WO-1242,2025-12-14,Shift 3,ISBM-001,M-SOP-001,FR-001-HDPE-PCR-300,6950,L,200,0,0,6,6,Conforming,Approved,Approved,Approved - First Pass,2025-12-14 16:33:45.534,—,Carlos Mendes
LOTE-M-SOP-001-2135,WO-1243,2025-12-14,Shift 1,ISBM-001,M-SOP-001,FR-001-HDPE-300,5737,L,200,0,2,0,2,Conforming,Approved,Approved,Approved - First Pass,2025-12-15 04:42:53.259,—,Carlos Mendes
LOTE-M-SOP-007-2136,WO-1244,2025-12-15,Shift 3,ISBM-001,M-SOP-007,FR-007-PVC-350,5938,L,200,0,3,16,19,Conforming,Approved,Approved,Approved - First Pass,2025-12-16 05:29:01.035,—,Ana Silva
LOTE-M-SOP-001-2137,WO-1247,2025-12-16,Shift 2,ISBM-001,M-SOP-001,FR-001-rPET-300,17156,M,315,0,4,5,9,Conforming,Approved,Approved,Approved - First Pass,2025-12-18 01:06:04.911,—,Carlos Mendes
LOTE-M-SOP-007-2138,WO-1249,2025-12-17,Shift 3,ISBM-001,M-SOP-007,FR-007-PVC-350,11131,M,315,0,8,5,13,Conforming,Approved,Approved,Approved - First Pass,2025-12-18 14:00:44.973,—,Ana Silva
LOTE-M-SOP-007-2139,WO-1252,2025-12-19,shift 2,ISBM-001,M-SOP-007,FR-007-PP-PCR-350,28573,M,315,0,4,11,15,Conforming,Approved,Approved,Approved - First Pass,2025-12-21 01:35:16.746,—,Ana Silva
LOTE-M-SOP-001-2140,WO-1254,2025-12-21,shift 1,ISBM-001,M-SOP-001,FR-001-HDPE-300,20005,M,315,1,3,3,7,Conforming,Rejected,Rejected,Rejected - Scrapped,2025-12-23 03:46:14.009,Leakage:1(Re=1),Beatriz Costa
LOTE-M-SOP-007-2141,WO-1255,2025-12-22,Shift 1,ISBM-001,M-SOP-007,FR-007-PP-PCR-350,6988,L,200,0,2,7,9,Conforming,Approved,Approved,Approved - First Pass,2025-12-23 05:31:09.192,—,Diogo Ferreira
LOTE-M-SOP-007-2142,WO-1256,2025-12-22,Shift 3,ISBM-001,M-SOP-007,FR-007-PP-PCR-350,8569,L,200,0,3,12,15,Conforming,Approved,Approved,Approved - First Pass,2025-12-23 16:55:48.775,—,Diogo Ferreira
LOTE-M-SOP-001-2143,WO-1259,2025-12-24,Shift 2,ISBM-001,M-SOP-001,FR-001-HDPE-PCR-300,26295,M,315,0,4,13,17,Conforming,Approved,Approved,Approved - First Pass,2025-12-25 19:41:10.770,—,Elena Santos
LOTE-M-SOP-001-2144,WO-1260,2025-12-25,  Shift 1  ,ISBM-001,M-SOP-001,FR-001-HDPE-300,13784,M,315,0,3,5,8,Conforming,Approved,Approved,Approved - First Pass,2025-12-26 17:07:47.998,—,Carlos Mendes
LOTE-M-SOP-001-2145,WO-1262,2025-12-27,Shift 3,ISBM-001,M-SOP-001,FR-001-HDPE-PCR-300,14841,M,315,0,4,5,9,Conforming,Approved,Approved,Approved - First Pass,2025-12-27 17:46:20.088,—,Elena Santos
LOTE-M-SOP-007-2146,WO-1264,2025-12-28,  Shift 1  ,ISBM-001,M-SOP-007,FR-007-PVC-350,19480,M,315,0,5,15,20,Conforming,Approved,Approved,Approved - First Pass,2025-12-29 10:21:16.891,—,Diogo Ferreira
LOTE-M-SOP-001-2147,WO-1267,2025-12-30,Shift 2,ISBM-001,M-SOP-001,FR-001-rPET-300,22770,M,315,0,9,19,28,Conforming,Approved,Approved,Approved - First Pass,2025-12-31 23:26:52.482,—,Ana Silva
LOTE-M-SOP-001-2148,WO-1269,2026-01-01,Shift 1,ISBM-001,M-SOP-001,FR-001-HDPE-300,15028,M,315,0,0,12,12,Conforming,Approved,Approved,Approved - First Pass,2026-01-02 15:51:04.905,—,Elena Santos
LOTE-M-SOP-007-2149,WO-1271,2026-01-02,SHIFT 2,ISBM-001,M-SOP-007,FR-007-PVC-350,14059,M,315,0,1,11,12,Conforming,Approved,Approved,Approved - First Pass,2026-01-04 01:13:28.405,—,Elena Santos
LOTE-M-SOP-007-2150,WO-1274,2026-01-04,shift 2,ISBM-001,M-SOP-007,FR-007-PVC-350,16026,M,315,1,8,22,31,Conforming,Rejected,Rejected,Rejected - Scrapped,2026-01-05 10:31:48.767,Leakage:1(Re=1),Beatriz Costa
LOTE-M-SOP-007-2151,WO-1275,2026-01-05,Shift 3,ISBM-001,M-SOP-007,FR-007-HDPE-PCR-350,5814,L,200,0,5,11,16,Conforming,Approved,Approved,Approved - First Pass,2026-01-06 00:52:07.350,—,Elena Santos
LOTE-M-SOP-001-2152,WO-1277,2026-01-06,Shift 1,ISBM-001,M-SOP-001,FR-001-HDPE-PCR-300,15951,M,315,0,1,9,10,Conforming,Approved,Approved,Approved - First Pass,2026-01-07 20:11:35.446,—,Diogo Ferreira
LOTE-M-SOP-001-2153,WO-1279,2026-01-08,  Shift 3  ,ISBM-001,M-SOP-001,FR-001-HDPE-300,17132,M,315,0,3,5,8,Conforming,Approved,Approved,Approved - First Pass,2026-01-09 09:29:04.487,—,Beatriz Costa
LOTE-M-SOP-001-2154,WO-1281,2026-01-09,Shift 2,ISBM-001,M-SOP-001,FR-001-HDPE-300,22414,M,315,0,4,5,9,Conforming,Approved,Approved,Approved - First Pass,2026-01-10 23:28:07.710,—,Beatriz Costa
LOTE-M-SOP-001-2155,WO-1283,2026-01-11,  Shift 1  ,ISBM-001,M-SOP-001,FR-001-HDPE-PCR-300,19327,M,315,1,4,9,14,Conforming,Rejected,Rejected,Rejected - Scrapped,2026-01-12 20:36:19.496,Leakage:1(Re=1),Ana Silva
LOTE-M-SOP-007-2156,WO-1285,2026-01-13,Shift 3,ISBM-001,M-SOP-007,FR-007-PP-PCR-350,11531,M,315,0,5,6,11,Conforming,Approved,Approved,Approved - First Pass,2026-01-13 20:16:28.079,—,Beatriz Costa
LOTE-M-SOP-001-2157,WO-1288,2026-01-14,Shift 2,ISBM-001,M-SOP-001,FR-001-HDPE-300,25034,M,315,0,3,14,17,Conforming,Approved,Approved,Approved - First Pass,2026-01-15 20:14:14.856,—,Ana Silva
LOTE-M-SOP-007-2158,WO-1290,2026-01-16,shift 1,ISBM-001,M-SOP-007,FR-007-PP-350,13535,M,315,0,6,4,10,Conforming,Approved,Approved,Approved - First Pass,2026-01-17 19:42:52.539,—,Carlos Mendes
LOTE-M-SOP-007-2159,WO-1293,2026-01-18,Shift 1,ISBM-001,M-SOP-007,FR-007-HDPE-PCR-350,24762,M,315,1,5,15,21,Conforming,Rejected,Rejected,Rejected - Scrapped,2026-01-19 15:09:18.797,Leakage:1(Re=1),Beatriz Costa
LOTE-M-SOP-001-2160,WO-1295,2026-01-19,Shift 2,ISBM-001,M-SOP-001,FR-001-rPET-300,14405,M,315,0,1,6,7,Conforming,Approved,Approved,Approved - First Pass,2026-01-20 21:06:02.343,—,Beatriz Costa
LOTE-M-SOP-001-2161,WO-1298,2026-01-22,Shift 3,ISBM-001,M-SOP-001,FR-001-HDPE-PCR-300,21175,M,315,0,7,8,15,Conforming,Approved,Approved,Approved - First Pass,2026-01-23 09:24:13.913,—,Beatriz Costa
LOTE-M-SOP-007-2162,WO-1299,2026-01-23,Shift 3,ISBM-001,M-SOP-007,FR-007-PP-350,4597,L,200,0,1,3,4,Conforming,Approved,Approved,Approved - First Pass,2026-01-24 05:51:36.611,—,Carlos Mendes
LOTE-M-SOP-007-2163,WO-1301,2026-01-24,Shift 1,ISBM-001,M-SOP-007,FR-007-PP-PCR-350,10594,M,315,0,4,6,10,Conforming,Approved,Approved,Approved - First Pass,2026-01-25 16:04:24.572,—,Elena Santos
LOTE-M-SOP-001-2164,WO-1303,2026-01-26,Shift 3,ISBM-001,M-SOP-001,FR-001-rPET-300,13466,M,315,0,2,5,7,Conforming,Approved,Approved,Approved - First Pass,2026-01-27 13:06:19.004,—,Ana Silva
LOTE-M-SOP-001-2165,WO-1304,2026-01-26,Shift 2,ISBM-001,M-SOP-001,FR-001-rPET-300,8708,L,200,0,2,3,5,Conforming,Approved,Approved,Approved - First Pass,2026-01-28 02:47:41.814,—,Elena Santos
LOTE-M-SOP-007-2166,WO-1305,2026-01-27,Shift 1,ISBM-001,M-SOP-007,FR-007-HDPE-PCR-350,7003,L,200,0,1,1,2,Conforming,Approved,Approved,Approved - First Pass,2026-01-28 13:43:07.986,—,Ana Silva
LOTE-M-SOP-001-2167,WO-1308,2026-01-29,Shift 2,ISBM-001,M-SOP-001,FR-001-HDPE-PCR-300,26173,M,315,0,3,7,10,Conforming,Approved,Approved,Approved - First Pass,2026-01-30 17:43:24.198,—,Elena Santos
LOTE-M-SOP-001-2168,WO-1310,2026-01-31,Shift 1,ISBM-001,M-SOP-001,FR-001-HDPE-300,20369,M,315,1,1,9,11,Conforming,Rejected,Rejected,Rejected - Scrapped,2026-02-01 10:56:49.525,Leakage:1(Re=1),Ana Silva
LOTE-M-SOP-007-2169,WO-1311,2026-02-01,  Shift 1  ,ISBM-001,M-SOP-007,FR-007-rPET-350,9151,L,200,0,4,3,7,Conforming,Approved,Approved,Approved - First Pass,2026-02-02 16:11:11.154,—,Beatriz Costa
LOTE-M-SOP-007-2170,WO-1314,2026-02-03,Shift 1,ISBM-001,M-SOP-007,FR-007-PETG-350,12867,M,315,0,9,10,19,Conforming,Approved,Approved,Approved - First Pass,2026-02-04 17:40:52.726,—,Carlos Mendes
LOTE-M-SOP-007-2171,WO-1317,2026-02-05,  Shift 3  ,ISBM-001,M-SOP-007,FR-007-PVC-350,24890,M,315,0,10,19,29,Conforming,Approved,Approved,Approved - First Pass,2026-02-06 07:31:27.191,—,Ana Silva
LOTE-M-SOP-007-2172,WO-1319,2026-02-06,Shift 2,ISBM-001,M-SOP-007,FR-007-HDPE-350,15228,M,315,0,10,9,19,Conforming,Approved,Approved,Approved - First Pass,2026-02-07 23:59:05.561,—,Carlos Mendes
LOTE-M-SOP-001-2173,WO-1320,2026-02-07,Shift 1,ISBM-001,M-SOP-001,FR-001-rPET-300,8129,L,200,0,2,5,7,Conforming,Approved,Approved,Approved - First Pass,2026-02-08 13:36:21.196,—,Elena Santos
LOTE-M-SOP-001-2174,WO-1322,2026-02-08,Shift 2,ISBM-001,M-SOP-001,FR-001-HDPE-PCR-300,16905,M,315,0,2,9,11,Conforming,Approved,Approved,Approved - First Pass,2026-02-09 14:45:36.734,—,Carlos Mendes
LOTE-M-SOP-007-2175,WO-1325,2026-02-10,Shift 1,ISBM-001,M-SOP-007,FR-007-PVC-350,12586,M,315,0,12,16,28,Conforming,Approved,Approved,Approved - First Pass,2026-02-11 11:08:38.868,—,Carlos Mendes
LOTE-M-SOP-001-2176,WO-1326,2026-02-11,Shift 1,ISBM-001,M-SOP-001,FR-001-HDPE-300,7871,L,200,0,0,7,7,Conforming,Approved,Approved,Approved - First Pass,2026-02-12 17:06:57.079,—,Elena Santos
LOTE-M-SOP-007-2177,WO-1328,2026-02-12,Shift 2,ISBM-001,M-SOP-007,FR-007-PP-PCR-350,13959,M,315,0,2,12,14,Conforming,Approved,Approved,Approved - First Pass,2026-02-13 07:47:18.357,—,Diogo Ferreira
LOTE-M-SOP-001-2178,WO-1330,2026-02-14,Shift 3,ISBM-001,M-SOP-001,FR-001-HDPE-PCR-300,12658,M,315,0,0,9,9,Conforming,Approved,Approved,Approved - First Pass,2026-02-15 07:31:17.496,—,Beatriz Costa
LOTE-M-SOP-007-2179,WO-1333,2026-02-16,Shift 3,ISBM-001,M-SOP-007,FR-007-PP-PCR-350,22936,M,315,0,10,9,19,Conforming,Approved,Approved,Approved - First Pass,2026-02-17 10:14:19.876,—,Beatriz Costa
LOTE-M-SOP-007-2180,WO-1335,2026-02-17,Shift 1,ISBM-001,M-SOP-007,FR-007-PP-PCR-350,15272,M,315,0,9,10,19,Conforming,Approved,Approved,Approved - First Pass,2026-02-18 14:07:44.273,—,Elena Santos
LOTE-M-SOP-007-2181,WO-1338,2026-02-19,Shift 1,ISBM-001,M-SOP-007,FR-007-PETG-350,20839,M,315,0,10,16,26,Conforming,Approved,Approved,Approved - First Pass,2026-02-20 13:23:34.280,—,Carlos Mendes
LOTE-M-SOP-001-2182,WO-1340,2026-02-20,Shift 2,ISBM-001,M-SOP-001,FR-001-HDPE-300,15909,M,315,0,0,10,10,Conforming,Approved,Approved,Approved - First Pass,2026-02-22 02:48:21.707,—,Diogo Ferreira
LOTE-M-SOP-007-2183,WO-1341,2026-02-21,Shift 2,ISBM-001,M-SOP-007,FR-007-HDPE-350,4241,L,200,0,2,7,9,Conforming,Approved,Approved,Approved - First Pass,2026-02-22 06:43:54.650,—,Elena Santos
LOTE-M-SOP-001-2184,WO-1342,2026-02-22,Shift 3,ISBM-001,M-SOP-001,FR-001-HDPE-300,7207,L,200,0,2,12,14,Conforming,Approved,Approved,Approved - First Pass,2026-02-23 08:37:08.097,—,Elena Santos
LOTE-M-SOP-001-2185,WO-1345,2026-02-23,Shift 3,ISBM-001,M-SOP-001,FR-001-rPET-300,16401,M,315,0,5,15,20,Conforming,Approved,Approved,Approved - First Pass,2026-02-25 02:38:38.775,—,Carlos Mendes
LOTE-M-SOP-001-2186,WO-1346,2026-02-24,Shift 2,ISBM-001,M-SOP-001,FR-001-rPET-300,9974,L,200,0,0,6,6,Conforming,Approved,Approved,Approved - First Pass,2026-02-25 21:05:33.674,—,Carlos Mendes
LOTE-M-SOP-001-2187,WO-1349,2026-02-26,Shift 2,ISBM-001,M-SOP-001,FR-001-HDPE-PCR-300,19591,M,315,0,5,11,16,Conforming,Approved,Approved,Approved - First Pass,2026-02-28 03:20:36.141,—,Ana Silva
LOTE-M-SOP-007-2188,WO-1352,2026-03-01,Shift 1,ISBM-001,M-SOP-007,FR-007-PETG-350,22400,M,315,0,7,15,22,Conforming,Approved,Approved,Approved - First Pass,2026-03-02 02:15:37.593,—,Diogo Ferreira
LOTE-M-SOP-007-2189,WO-1355,2026-03-03,Shift 3,ISBM-001,M-SOP-007,FR-007-PP-350,20993,M,315,0,10,17,27,Conforming,Approved,Approved,Approved - First Pass,2026-03-04 07:34:31.777,—,Diogo Ferreira
LOTE-M-SOP-007-2190,WO-1357,2026-03-04,Shift 1,ISBM-001,M-SOP-007,FR-007-rPET-350,16080,M,315,0,3,6,9,Conforming,Approved,Approved,Approved - First Pass,2026-03-05 02:03:10.773,—,Diogo Ferreira
LOTE-M-SOP-001-2191,WO-1360,2026-03-06,Shift 3,ISBM-001,M-SOP-001,FR-001-rPET-300,19301,M,315,0,4,12,16,Conforming,Approved,Approved,Approved - First Pass,2026-03-07 08:07:57.789,—,Elena Santos
LOTE-M-SOP-001-2192,WO-1363,2026-03-08,SHIFT 2,ISBM-001,M-SOP-001,FR-001-HDPE-PCR-300,18784,M,315,0,3,12,15,Conforming,Approved,Approved,Approved - First Pass,2026-03-09 06:08:39.404,—,Carlos Mendes
LOTE-M-SOP-001-2193,WO-1365,2026-03-09,Shift 2,ISBM-001,M-SOP-001,FR-001-rPET-300,10709,M,315,0,6,8,14,Conforming,Approved,Approved,Approved - First Pass,2026-03-10 18:23:15.925,—,Elena Santos
LOTE-M-SOP-007-2194,WO-1366,2026-03-10,Shift 2,ISBM-001,M-SOP-007,FR-007-rPET-350,6681,L,200,1,3,10,14,Conforming,Rejected,Rejected,Rejected - Scrapped,2026-03-11 10:38:34.495,Leakage:1(Re=1),Diogo Ferreira
LOTE-M-SOP-007-2195,WO-1368,2026-03-12,Shift 3,ISBM-001,M-SOP-007,FR-007-PETG-350,20295,M,315,0,5,17,22,Conforming,Approved,Approved,Approved - First Pass,2026-03-13 09:17:29.764,—,Beatriz Costa
LOTE-M-SOP-007-2196,WO-1369,2026-03-13,Shift 3,ISBM-001,M-SOP-007,FR-007-PETG-350,6157,L,200,0,2,5,7,Conforming,Approved,Approved,Approved - First Pass,2026-03-14 00:54:53.897,—,Ana Silva
LOTE-M-SOP-007-2197,WO-1370,2026-03-13,Shift 1,ISBM-001,M-SOP-007,FR-007-HDPE-350,5789,L,200,0,1,2,3,Conforming,Approved,Approved,Approved - First Pass,2026-03-14 11:53:17.981,—,Carlos Mendes
LOTE-M-SOP-001-2198,WO-1371,2026-03-14,Shift 3,ISBM-001,M-SOP-001,FR-001-HDPE-300,7686,L,200,0,3,3,6,Conforming,Approved,Approved,Approved - First Pass,2026-03-15 09:48:48.666,—,Beatriz Costa
LOTE-M-SOP-001-2199,WO-1372,2026-03-14,Shift 2,ISBM-001,M-SOP-001,FR-001-HDPE-PCR-300,5592,L,200,0,0,4,4,Conforming,Approved,Approved,Approved - First Pass,2026-03-15 18:52:21.132,—,Diogo Ferreira
LOTE-M-SOP-007-2200,WO-1374,2026-03-16,Shift 3,ISBM-001,M-SOP-007,FR-007-PP-PCR-350,17184,M,315,1,3,11,15,Conforming,Rejected,Rejected,Rejected - Scrapped,2026-03-16 17:03:04.400,Leakage:1(Re=1),Carlos Mendes
LOTE-M-SOP-007-2201,WO-1375,2026-03-16,shift 2,ISBM-001,M-SOP-007,FR-007-PETG-350,12498,M,315,0,5,11,16,Conforming,Approved,Approved,Approved - First Pass,2026-03-18 03:04:09.779,—,Ana Silva
LOTE-M-SOP-007-2202,WO-1377,2026-03-18,Shift 3,ISBM-001,M-SOP-007,FR-007-HDPE-PCR-350,23342,M,315,0,8,14,22,Conforming,Approved,Approved,Approved - First Pass,2026-03-19 13:41:21.379,—,Beatriz Costa
LOTE-M-SOP-001-2203,WO-1380,2026-03-20,Shift 2,ISBM-001,M-SOP-001,FR-001-HDPE-PCR-300,29214,M,315,0,7,25,32,Conforming,Approved,Approved,Approved - First Pass,2026-03-21 16:00:04.466,—,Ana Silva
LOTE-M-SOP-007-2204,WO-1381,2026-03-21,Shift 1,ISBM-001,M-SOP-007,FR-007-PETG-350,7545,L,200,0,0,8,8,Conforming,Approved,Approved,Approved - First Pass,2026-03-22 14:55:37.360,—,Ana Silva
LOTE-M-SOP-001-2205,WO-1383,2026-03-22,Shift 3,ISBM-001,M-SOP-001,FR-001-HDPE-300,15647,M,315,0,4,13,17,Conforming,Approved,Approved,Approved - First Pass,2026-03-24 00:52:07.511,—,Carlos Mendes
LOTE-M-SOP-001-2206,WO-1385,2026-03-23,Shift 3,ISBM-001,M-SOP-001,FR-001-HDPE-PCR-300,14380,M,315,0,1,0,1,Conforming,Approved,Approved,Approved - First Pass,2026-03-25 05:24:08.518,—,Beatriz Costa
LOTE-M-SOP-001-2207,WO-1387,2026-03-25,Shift 1,ISBM-001,M-SOP-001,FR-001-rPET-300,14272,M,315,0,2,6,8,Conforming,Approved,Approved,Approved - First Pass,2026-03-26 02:44:39.141,—,Beatriz Costa
LOTE-M-SOP-001-2208,WO-1390,2026-03-26,Shift 2,ISBM-001,M-SOP-001,FR-001-rPET-300,22198,M,315,0,3,11,14,Conforming,Approved,Approved,Approved - First Pass,2026-03-28 11:15:19.256,—,Carlos Mendes
LOTE-M-SOP-001-2209,WO-1391,2026-03-27,  Shift 2  ,ISBM-001,M-SOP-001,FR-001-rPET-300,6673,L,200,0,0,1,1,Conforming,Approved,Approved,Approved - First Pass,2026-03-28 17:44:57.043,—,Elena Santos
LOTE-M-SOP-007-2210,WO-1392,2026-03-28,shift 1,ISBM-001,M-SOP-007,FR-007-rPET-350,8894,L,200,0,0,2,2,Conforming,Approved,Approved,Approved - First Pass,2026-03-29 16:35:25.908,—,Carlos Mendes
LOTE-M-SOP-001-2211,WO-1393,2026-03-29,Shift 3,ISBM-001,M-SOP-001,FR-001-rPET-300,7240,L,200,0,0,5,5,Conforming,Approved,Approved,Approved - First Pass,2026-03-29 21:01:29.446,—,Beatriz Costa
LOTE-M-SOP-007-2212,WO-1395,2026-03-30,Shift 1,ISBM-001,M-SOP-007,FR-007-HDPE-PCR-350,19843,M,315,0,7,19,26,Conforming,Approved,Approved,Approved - First Pass,2026-03-31 20:13:48.198,—,Diogo Ferreira
LOTE-M-SOP-001-2213,WO-1398,2026-04-01,Shift 2,ISBM-001,M-SOP-001,FR-001-rPET-300,13898,M,315,1,2,18,21,Conforming,Rejected,Rejected,Rejected - Scrapped,2026-04-02 07:26:18.930,Leakage:1(Re=1),Beatriz Costa
LOTE-M-SOP-007-2214,WO-1400,2026-04-03,Shift 3,ISBM-001,M-SOP-007,FR-007-rPET-350,17626,M,315,0,5,6,11,Conforming,Approved,Approved,Approved - First Pass,2026-04-04 10:52:07.569,—,Beatriz Costa
LOTE-M-SOP-001-2215,WO-1401,2026-04-03,  Shift 2  ,ISBM-001,M-SOP-001,FR-001-rPET-300,8223,L,200,0,0,3,3,Conforming,Approved,Approved,Approved - First Pass,2026-04-05 05:00:34.536,—,Diogo Ferreira
LOTE-M-SOP-007-2216,WO-1404,2026-04-05,Shift 3,ISBM-001,M-SOP-007,FR-007-HDPE-PCR-350,25680,M,315,0,5,13,18,Conforming,Approved,Approved,Approved - First Pass,2026-04-07 03:03:59.401,—,Diogo Ferreira
LOTE-M-SOP-007-2217,WO-1405,2026-04-06,Shift 2,ISBM-001,M-SOP-007,FR-007-PETG-350,8962,L,200,0,5,12,17,Conforming,Approved,Approved,Approved - First Pass,2026-04-07 19:52:11.786,—,Carlos Mendes
LOTE-M-SOP-001-2218,WO-1406,2026-04-07,Shift 1,ISBM-001,M-SOP-001,FR-001-HDPE-300,11030,M,315,0,0,1,1,Conforming,Approved,Approved,Approved - First Pass,2026-04-08 08:44:22.024,—,Elena Santos
LOTE-M-SOP-001-2219,WO-1407,2026-04-08,Shift 1,ISBM-001,M-SOP-001,FR-001-rPET-300,6922,L,200,0,2,1,3,Conforming,Approved,Approved,Approved - First Pass,2026-04-09 08:13:04.903,—,Carlos Mendes
LOTE-M-SOP-001-2220,WO-1408,2026-04-08,Shift 2,ISBM-001,M-SOP-001,FR-001-rPET-300,2161,L,200,0,1,3,4,Conforming,Approved,Approved,Approved - First Pass,2026-04-09 18:56:26.279,—,Carlos Mendes
LOTE-M-SOP-001-2221,WO-1409,2026-04-09,Shift 1,ISBM-001,M-SOP-001,FR-001-HDPE-PCR-300,3202,L,200,0,1,1,2,Conforming,Approved,Approved,Approved - First Pass,2026-04-10 12:43:26.370,—,Carlos Mendes
LOTE-M-SOP-001-2222,WO-1412,2026-04-11,Shift 3,ISBM-001,M-SOP-001,FR-001-HDPE-PCR-300,18350,M,315,0,6,6,12,Conforming,Approved,Approved,Approved - First Pass,2026-04-11 19:36:14.383,—,Ana Silva
LOTE-M-SOP-001-2223,WO-1414,2026-04-12,SHIFT 1,ISBM-001,M-SOP-001,FR-001-HDPE-300,12122,M,315,0,2,8,10,Conforming,Approved,Approved,Approved - First Pass,2026-04-13 12:20:25.351,—,Carlos Mendes
LOTE-M-SOP-007-2224,WO-1417,2026-04-14,SHIFT 1,ISBM-001,M-SOP-007,FR-007-PP-350,20658,M,315,2,5,15,22,Conforming,Rejected,Rejected,Rejected - Scrapped,2026-04-15 12:06:34.479,Leakage:1(Re=1),Carlos Mendes
LOTE-M-SOP-001-2225,WO-1418,2026-04-15,Shift 1,ISBM-001,M-SOP-001,FR-001-HDPE-300,6090,L,200,0,1,7,8,Conforming,Approved,Approved,Approved - First Pass,2026-04-16 17:17:34.823,—,Elena Santos
LOTE-M-SOP-007-2226,WO-1420,2026-04-16,Shift 2,ISBM-001,M-SOP-007,FR-007-HDPE-350,18363,M,315,0,7,27,34,Conforming,Approved,Approved,Approved - First Pass,2026-04-17 19:32:48.268,—,Ana Silva
LOTE-M-SOP-001-2227,WO-1422,2026-04-18,Shift 2,ISBM-001,M-SOP-001,FR-001-rPET-300,8715,L,200,0,4,11,15,Conforming,Approved,Approved,Approved - First Pass,2026-04-19 12:43:42.766,—,Carlos Mendes
LOTE-M-SOP-001-2228,WO-1423,2026-04-19,Shift 3,ISBM-001,M-SOP-001,FR-001-HDPE-PCR-300,6645,L,200,0,0,3,3,Conforming,Approved,Approved,Approved - First Pass,2026-04-20 16:13:09.906,—,Ana Silva
LOTE-M-SOP-001-2229,WO-1424,2026-04-20,Shift 3,ISBM-001,M-SOP-001,FR-001-HDPE-300,5029,L,200,0,1,2,3,Conforming,Approved,Approved,Approved - First Pass,2026-04-21 06:09:14.964,—,Ana Silva
LOTE-M-SOP-007-2230,WO-1427,2026-04-22,Shift 1,ISBM-001,M-SOP-007,FR-007-PETG-350,24260,M,315,2,13,27,42,Conforming,Rejected,Rejected,Rejected - Scrapped,2026-04-23 18:26:39.222,Leakage:1(Re=1),Ana Silva
LOTE-M-SOP-007-2231,WO-1428,2026-04-23,Shift 3,ISBM-001,M-SOP-007,FR-007-PP-350,11040,M,315,0,4,8,12,Conforming,Approved,Approved,Approved - First Pass,2026-04-24 06:52:40.406,—,Beatriz Costa
LOTE-M-SOP-001-2232,WO-1431,2026-04-25,Shift 2,ISBM-001,M-SOP-001,FR-001-HDPE-300,17162,M,315,0,3,7,10,Conforming,Approved,Approved,Approved - First Pass,2026-04-26 09:00:36.243,—,Ana Silva
LOTE-M-SOP-007-2233,WO-1434,2026-04-27,Shift 2,ISBM-001,M-SOP-007,FR-007-rPET-350,24831,M,315,0,4,11,15,Conforming,Approved,Approved,Approved - First Pass,2026-04-28 14:43:27.992,—,Diogo Ferreira
LOTE-M-SOP-001-2234,WO-1435,2026-04-28,Shift 1,ISBM-001,M-SOP-001,FR-001-HDPE-PCR-300,9110,L,200,0,0,1,1,Conforming,Approved,Approved,Approved - First Pass,2026-04-29 09:31:13.412,—,Elena Santos
LOTE-M-SOP-007-2235,WO-1437,2026-04-30,  Shift 3  ,ISBM-001,M-SOP-007,FR-007-HDPE-PCR-350,14821,M,315,0,3,16,19,Conforming,Approved,Approved,Approved - First Pass,2026-04-30 20:23:33.515,—,Elena Santos
LOTE-M-SOP-007-2236,WO-1438,2026-04-30,Shift 1,ISBM-001,M-SOP-007,FR-007-rPET-350,7480,L,200,0,0,0,0,Conforming,Approved,Approved,Approved - First Pass,2026-05-01 03:46:19.822,—,Elena Santos
LOTE-M-SOP-007-2237,WO-1439,2026-05-01,Shift 3,ISBM-001,M-SOP-007,FR-007-rPET-350,8217,L,200,0,0,16,16,Conforming,Approved,Approved,Approved - First Pass,2026-05-02 05:21:07.067,—,Carlos Mendes
LOTE-M-SOP-007-2238,WO-1440,2026-05-01,Shift 2,ISBM-001,M-SOP-007,FR-007-rPET-350,9256,L,200,0,4,3,7,Conforming,Approved,Approved,Approved - First Pass,2026-05-02 23:33:55.448,—,Carlos Mendes
LOTE-M-SOP-001-2239,WO-1441,2026-05-02,  Shift 1  ,ISBM-001,M-SOP-001,FR-001-HDPE-PCR-300,7458,L,200,0,1,4,5,Conforming,Approved,Approved,Approved - First Pass,2026-05-03 17:34:20.885,—,Carlos Mendes
LOTE-M-SOP-007-2240,WO-1442,2026-05-03,Shift 3,ISBM-001,M-SOP-007,FR-007-PETG-350,7060,L,200,0,5,11,16,Conforming,Approved,Approved,Approved - First Pass,2026-05-04 09:00:13.285,—,Carlos Mendes
LOTE-M-SOP-001-2241,WO-1445,2026-05-05,Shift 3,ISBM-001,M-SOP-001,FR-001-HDPE-PCR-300,24901,M,315,0,6,17,23,Conforming,Approved,Approved,Approved - First Pass,2026-05-06 10:48:40.946,—,Diogo Ferreira
LOTE-M-SOP-001-2242,WO-1448,2026-05-07,shift 3,ISBM-001,M-SOP-001,FR-001-HDPE-PCR-300,21894,M,315,0,4,17,21,Conforming,Approved,Approved,Approved - First Pass,2026-05-07 23:16:02.936,—,Elena Santos
LOTE-M-SOP-007-2243,WO-1450,2026-05-08,Shift 1,ISBM-001,M-SOP-007,FR-007-rPET-350,11040,M,315,0,1,22,23,Conforming,Approved,Approved,Approved - First Pass,2026-05-09 18:23:49.022,—,Ana Silva
LOTE-M-SOP-007-2244,WO-1453,2026-05-10,Shift 3,ISBM-001,M-SOP-007,FR-007-PETG-350,14819,M,315,0,5,14,19,Conforming,Approved,Approved,Approved - First Pass,2026-05-11 04:35:06.622,—,Carlos Mendes
LOTE-M-SOP-007-2245,WO-1455,2026-05-11,Shift 2,ISBM-001,M-SOP-007,FR-007-PETG-350,13687,M,315,0,5,20,25,Conforming,Approved,Approved,Approved - First Pass,2026-05-12 10:36:02.507,—,Ana Silva
LOTE-M-SOP-001-2246,WO-1456,2026-05-12,Shift 1,ISBM-001,M-SOP-001,FR-001-HDPE-300,10944,M,315,0,0,4,4,Conforming,Approved,Approved,Approved - First Pass,2026-05-13 18:31:26.097,—,Beatriz Costa
LOTE-M-SOP-001-2247,WO-1458,2026-05-14,Shift 3,ISBM-001,M-SOP-001,FR-001-HDPE-300,15954,M,315,0,5,9,14,Conforming,Approved,Approved,Approved - First Pass,2026-05-14 20:21:36.892,—,Beatriz Costa
LOTE-M-SOP-007-2248,WO-1459,2026-05-14,Shift 2,ISBM-001,M-SOP-007,FR-007-rPET-350,5215,L,200,1,6,14,21,Conforming,Rejected,Rejected,Rejected - Scrapped,2026-05-15 20:13:48.668,Leakage:1(Re=1),Elena Santos
LOTE-M-SOP-001-2249,WO-1460,2026-05-15,Shift 1,ISBM-001,M-SOP-001,FR-001-HDPE-300,6290,L,200,0,2,1,3,Conforming,Approved,Approved,Approved - First Pass,2026-05-16 05:37:58.906,—,Diogo Ferreira
LOTE-M-SOP-007-2250,WO-1462,2026-05-16,Shift 2,ISBM-001,M-SOP-007,FR-007-HDPE-350,13234,M,315,0,2,8,10,Conforming,Approved,Approved,Approved - First Pass,2026-05-17 18:58:51.452,—,Carlos Mendes
LOTE-M-SOP-001-2251,WO-1464,2026-05-17,Shift 2,ISBM-001,M-SOP-001,FR-001-rPET-300,12480,M,315,0,2,10,12,Conforming,Approved,Approved,Approved - First Pass,2026-05-19 02:02:14.690,—,Ana Silva
LOTE-M-SOP-007-2252,WO-1466,2026-05-19,Shift 1,ISBM-001,M-SOP-007,FR-007-HDPE-PCR-350,13966,M,315,1,8,26,35,Conforming,Rejected,Rejected,Rejected - Scrapped,2026-05-20 13:04:35.910,Leakage:1(Re=1),Beatriz Costa
LOTE-M-SOP-001-2253,WO-1469,2026-05-21,Shift 2,ISBM-001,M-SOP-001,FR-001-HDPE-300,24849,M,315,0,0,16,16,Conforming,Approved,Approved,Approved - First Pass,2026-05-22 23:21:48.913,—,Diogo Ferreira
LOTE-M-SOP-007-2254,WO-1470,2026-05-22,Shift 1,ISBM-001,M-SOP-007,FR-007-PP-PCR-350,9336,L,200,0,1,3,4,Conforming,Approved,Approved,Approved - First Pass,2026-05-23 23:39:41.166,—,Beatriz Costa
LOTE-M-SOP-007-2255,WO-1471,2026-05-23,Shift 1,ISBM-001,M-SOP-007,FR-007-PETG-350,6502,L,200,0,0,8,8,Conforming,Approved,Approved,Approved - First Pass,2026-05-24 09:57:38.041,—,Diogo Ferreira
LOTE-M-SOP-001-2256,WO-1473,2026-05-24,Shift 2,ISBM-001,M-SOP-001,FR-001-HDPE-300,16090,M,315,0,0,6,6,Conforming,Approved,Approved,Approved - First Pass,2026-05-25 14:08:28.820,—,Elena Santos
LOTE-M-SOP-007-2257,WO-1475,2026-05-26,Shift 1,ISBM-001,M-SOP-007,FR-007-rPET-350,17342,M,315,0,8,15,23,Conforming,Approved,Approved,Approved - First Pass,2026-05-27 15:13:39.230,—,Beatriz Costa
LOTE-M-SOP-007-2258,WO-1477,2026-05-27,  Shift 2  ,ISBM-001,M-SOP-007,FR-007-HDPE-350,15982,M,315,0,5,24,29,Conforming,Approved,Approved,Approved - First Pass,2026-05-29 00:28:08.743,—,Carlos Mendes
LOTE-M-SOP-007-2259,WO-1478,2026-05-28,Shift 1,ISBM-001,M-SOP-007,FR-007-HDPE-PCR-350,7048,L,200,0,0,6,6,Conforming,Approved,Approved,Approved - First Pass,2026-05-29 14:45:29.438,—,Carlos Mendes
LOTE-M-SOP-007-2260,WO-1480,2026-05-29,Shift 2,ISBM-001,M-SOP-007,FR-007-HDPE-350,15533,M,315,0,2,12,14,Conforming,Approved,Approved,Approved - First Pass,2026-05-30 22:30:39.176,—,Beatriz Costa
LOTE-M-SOP-001-2261,WO-1483,2026-05-31,Shift 2,ISBM-001,M-SOP-001,FR-001-HDPE-300,21453,M,315,0,3,10,13,Conforming,Approved,Approved,Approved - First Pass,2026-06-02 05:43:02.691,—,Carlos Mendes
LOTE-M-SOP-001-2262,WO-1485,2026-06-01,Shift 3,ISBM-001,M-SOP-001,FR-001-HDPE-PCR-300,17068,M,315,0,2,10,12,Conforming,Approved,Approved,Approved - First Pass,2026-06-03 11:16:23.254,—,Carlos Mendes
LOTE-M-SOP-007-2263,WO-1486,2026-06-02,Shift 2,ISBM-001,M-SOP-007,FR-007-PETG-350,8701,L,200,0,8,6,14,Conforming,Approved,Approved,Approved - First Pass,2026-06-04 05:50:28.469,—,Elena Santos
LOTE-M-SOP-007-2264,WO-1488,2026-06-04,Shift 3,ISBM-001,M-SOP-007,FR-007-HDPE-350,16091,M,315,0,2,12,14,Conforming,Approved,Approved,Approved - First Pass,2026-06-05 11:35:15.085,—,Diogo Ferreira
LOTE-M-SOP-001-2265,WO-1491,2026-06-05,Shift 2,ISBM-001,M-SOP-001,FR-001-rPET-300,22488,M,315,0,0,21,21,Conforming,Approved,Approved,Approved - First Pass,2026-06-07 02:17:07.094,—,Diogo Ferreira
LOTE-M-SOP-007-2266,WO-1492,2026-06-06,Shift 2,ISBM-001,M-SOP-007,FR-007-PVC-350,4667,L,200,0,0,9,9,Conforming,Approved,Approved,Approved - First Pass,2026-06-07 10:05:44.430,—,Beatriz Costa
LOTE-M-SOP-001-2267,WO-1493,2026-06-07,Shift 1,ISBM-001,M-SOP-001,FR-001-HDPE-300,8151,L,200,0,1,0,1,Conforming,Approved,Approved,Approved - First Pass,2026-06-08 03:29:59.233,—,Ana Silva
LOTE-M-SOP-001-2268,WO-1495,2026-06-08,Shift 2,ISBM-001,M-SOP-001,FR-001-HDPE-PCR-300,21236,M,315,0,7,10,17,Conforming,Approved,Approved,Approved - First Pass,2026-06-09 17:19:55.178,—,Carlos Mendes
LOTE-M-SOP-001-2269,WO-1498,2026-06-10,Shift 1,ISBM-001,M-SOP-001,FR-001-HDPE-PCR-300,19970,M,315,0,7,12,19,Conforming,Approved,Approved,Approved - First Pass,2026-06-11 13:48:46.636,—,Carlos Mendes
LOTE-M-SOP-007-2270,WO-1500,2026-06-12,Shift 3,ISBM-001,M-SOP-007,FR-007-PP-350,14334,M,315,0,2,7,9,Conforming,Approved,Approved,Approved - First Pass,2026-06-13 04:36:31.464,—,Beatriz Costa
LOTE-M-SOP-001-2271,WO-1502,2026-06-13,Shift 1,ISBM-001,M-SOP-001,FR-001-HDPE-300,13671,M,315,0,3,10,13,Conforming,Approved,Approved,Approved - First Pass,2026-06-15 03:39:53.087,—,Diogo Ferreira
LOTE-M-SOP-001-2272,WO-1503,2026-06-14,Shift 1,ISBM-001,M-SOP-001,FR-001-HDPE-PCR-300,7569,L,200,0,5,6,11,Conforming,Approved,Approved,Approved - First Pass,2026-06-15 14:01:20.057,—,Elena Santos
LOTE-M-SOP-001-2273,WO-1504,2026-06-15,Shift 3,ISBM-001,M-SOP-001,FR-001-HDPE-300,3800,L,200,0,0,5,5,Conforming,Approved,Approved,Approved - First Pass,2026-06-16 06:56:59.068,—,Ana Silva
LOTE-M-SOP-007-2274,WO-1505,2026-06-15,Shift 1,ISBM-001,M-SOP-007,FR-007-PP-PCR-350,6015,L,200,0,2,3,5,Conforming,Approved,Approved,Approved - First Pass,2026-06-16 11:54:34.495,—,Beatriz Costa
LOTE-M-SOP-001-2275,WO-1506,2026-06-16,Shift 3,ISBM-001,M-SOP-001,FR-001-HDPE-300,5152,L,200,0,2,2,4,Conforming,Approved,Approved,Approved - First Pass,2026-06-16 16:29:21.211,—,Beatriz Costa
LOTE-M-SOP-007-2276,WO-1507,2026-06-16,Shift 1,ISBM-001,M-SOP-007,FR-007-PVC-350,9229,L,200,0,5,4,9,Conforming,Approved,Approved,Approved - First Pass,2026-06-17 10:42:38.823,—,Beatriz Costa
LOTE-M-SOP-001-2277,WO-1509,2026-06-17,Shift 3,ISBM-001,M-SOP-001,FR-001-HDPE-300,17533,M,315,0,1,5,6,Conforming,Approved,Approved,Approved - First Pass,2026-06-18 21:05:19.616,—,Ana Silva
LOTE-M-SOP-007-2278,WO-1510,2026-06-18,Shift 2,ISBM-001,M-SOP-007,FR-007-PP-PCR-350,8148,L,200,0,3,7,10,Conforming,Approved,Approved,Approved - First Pass,2026-06-19 23:24:45.058,—,Carlos Mendes
LOTE-M-SOP-001-2279,WO-1511,2026-06-19,Shift 1,ISBM-001,M-SOP-001,FR-001-HDPE-300,4331,L,200,0,0,0,0,Conforming,Approved,Approved,Approved - First Pass,2026-06-19 21:21:17.387,—,Carlos Mendes
LOTE-M-SOP-007-2280,WO-1514,2026-06-21,Shift 3,ISBM-001,M-SOP-007,FR-007-rPET-350,22262,M,315,0,1,6,7,Conforming,Approved,Approved,Approved - First Pass,2026-06-22 13:40:17.698,—,Carlos Mendes
LOTE-M-SOP-007-2281,WO-1515,2026-06-22,shift 3,ISBM-001,M-SOP-007,FR-007-PVC-350,5040,L,200,0,1,9,10,Conforming,Approved,Approved,Approved - First Pass,2026-06-23 06:55:09.422,—,Carlos Mendes
LOTE-M-SOP-001-2282,WO-1518,2026-06-23,Shift 2,ISBM-001,M-SOP-001,FR-001-HDPE-300,16935,M,315,0,4,12,16,Conforming,Approved,Approved,Approved - First Pass,2026-06-24 21:00:14.710,—,Elena Santos
LOTE-M-SOP-001-2283,WO-1519,2026-06-24,Shift 3,ISBM-001,M-SOP-001,FR-001-HDPE-300,4062,L,200,0,4,5,9,Conforming,Approved,Approved,Approved - First Pass,2026-06-24 16:13:19.428,—,Carlos Mendes
LOTE-M-SOP-001-2284,WO-1521,2026-06-25,shift 3,ISBM-001,M-SOP-001,FR-001-HDPE-PCR-300,15136,M,315,1,1,8,10,Conforming,Rejected,Rejected,Rejected - Scrapped,2026-06-26 14:45:52.890,Leakage:1(Re=1),Carlos Mendes
LOTE-M-SOP-007-2285,WO-1523,2026-06-26,Shift 2,ISBM-001,M-SOP-007,FR-007-PP-PCR-350,18426,M,315,0,3,9,12,Conforming,Approved,Approved,Approved - First Pass,2026-06-27 15:09:04.066,—,Carlos Mendes
LOTE-M-SOP-001-2286,WO-1525,2026-06-28,shift 3,ISBM-001,M-SOP-001,FR-001-HDPE-PCR-300,13611,M,315,0,3,5,8,Conforming,Approved,Approved,Approved - First Pass,2026-06-29 02:39:51.881,—,Diogo Ferreira
LOTE-M-SOP-007-2287,WO-1527,2026-06-29,Shift 1,ISBM-001,M-SOP-007,FR-007-PP-PCR-350,12986,M,315,1,1,1,3,Conforming,Rejected,Rejected,Rejected - Scrapped,2026-06-30 21:30:26.153,Leakage:1(Re=1),Ana Silva
LOTE-M-SOP-007-2288,WO-1528,2026-06-30,Shift 3,ISBM-001,M-SOP-007,FR-007-PETG-350,11811,M,315,0,1,7,8,Conforming,Approved,Approved,Approved - First Pass,2026-07-01 11:46:06.646,—,Ana Silva
LOTE-M-SOP-001-2289,WO-1529,2026-07-01,Shift 3,ISBM-001,M-SOP-001,FR-001-HDPE-PCR-300,7363,L,200,0,0,5,5,Conforming,Approved,Approved,Approved - First Pass,2026-07-02 02:09:51.697,—,Beatriz Costa
LOTE-M-SOP-007-2290,WO-1530,2026-07-01,Shift 2,ISBM-001,M-SOP-007,FR-007-PP-350,8033,L,200,0,3,5,8,Conforming,Approved,Approved,Approved - First Pass,2026-07-02 23:56:43.477,—,Ana Silva
LOTE-M-SOP-001-2291,WO-1531,2026-07-02,Shift 1,ISBM-001,M-SOP-001,FR-001-HDPE-PCR-300,7735,L,200,0,0,9,9,Conforming,Approved,Approved,Approved - First Pass,2026-07-03 11:46:23.908,—,Elena Santos
LOTE-M-SOP-001-2292,WO-1532,2026-07-03,Shift 3,ISBM-001,M-SOP-001,FR-001-HDPE-300,7938,L,200,0,1,2,3,Conforming,Approved,Approved,Approved - First Pass,2026-07-04 06:50:50.993,—,Ana Silva
LOTE-M-SOP-001-2293,WO-1535,2026-07-04,Shift 2,ISBM-001,M-SOP-001,FR-001-rPET-300,18786,M,315,0,7,25,32,Conforming,Approved,Approved,Approved - First Pass,2026-07-05 23:56:08.413,—,Diogo Ferreira
LOTE-M-SOP-007-2294,WO-1537,2026-07-06,Shift 3,ISBM-001,M-SOP-007,FR-007-rPET-350,12442,M,315,0,2,9,11,Conforming,Approved,Approved,Approved - First Pass,2026-07-07 02:49:45.983,—,Diogo Ferreira
LOTE-M-SOP-007-2295,WO-1538,2026-07-06,Shift 2,ISBM-001,M-SOP-007,FR-007-HDPE-PCR-350,6462,L,200,0,0,9,9,Conforming,Approved,Approved,Approved - First Pass,2026-07-08 03:58:46.731,—,Carlos Mendes
LOTE-M-SOP-007-2296,WO-1541,2026-07-08,Shift 2,ISBM-001,M-SOP-007,FR-007-rPET-350,25944,M,315,2,4,7,13,Conforming,Rejected,Rejected,Rejected - Scrapped,2026-07-09 21:52:35.715,Leakage:2(Re=1),Diogo Ferreira
LOTE-M-SOP-007-2297,WO-1543,2026-07-09,Shift 2,ISBM-001,M-SOP-007,FR-007-PP-350,12613,M,315,0,2,12,14,Conforming,Approved,Approved,Approved - First Pass,2026-07-11 06:21:11.938,—,Elena Santos
LOTE-M-SOP-001-2298,WO-1545,2026-07-11,Shift 3,ISBM-001,M-SOP-001,FR-001-rPET-300,12054,M,315,1,0,9,10,Conforming,Rejected,Rejected,Rejected - Scrapped,2026-07-12 13:45:24.715,Leakage:1(Re=1),Elena Santos
LOTE-M-SOP-001-2299,WO-1548,2026-07-13,Shift 3,ISBM-001,M-SOP-001,FR-001-HDPE-PCR-300,18985,M,315,1,4,7,12,Conforming,Rejected,Rejected,Rejected - Scrapped,2026-07-14 01:41:05.571,Leakage:1(Re=1),Elena Santos
LOTE-M-SOP-001-2300,WO-1549,2026-07-13,Shift 1,ISBM-001,M-SOP-001,FR-001-rPET-300,7351,L,200,0,0,3,3,Conforming,Approved,Approved,Approved - First Pass,2026-07-14 14:46:28.983,—,Ana Silva
LOTE-M-SOP-001-2301,WO-1552,2026-07-15,Shift 2,ISBM-001,M-SOP-001,FR-001-HDPE-PCR-300,25466,M,315,0,3,12,15,Conforming,Approved,Approved,Approved - First Pass,2026-07-16 16:44:30.554,—,Ana Silva
LOTE-M-SOP-007-2302,WO-1554,2026-07-16,Shift 2,ISBM-001,M-SOP-007,FR-007-HDPE-PCR-350,13581,M,315,0,4,8,12,Conforming,Approved,Approved,Approved - First Pass,2026-07-18 12:17:38.537,—,Beatriz Costa
LOTE-M-SOP-001-2303,WO-1556,2026-07-18,Shift 3,ISBM-001,M-SOP-001,FR-001-rPET-300,13798,M,315,0,4,17,21,Conforming,Approved,Approved,Approved - First Pass,2026-07-19 10:58:29.224,—,Beatriz Costa
LOTE-M-SOP-007-2304,WO-1557,2026-07-18,Shift 2,ISBM-001,M-SOP-007,FR-007-PETG-350,3797,L,200,0,1,5,6,Conforming,Approved,Approved,Approved - First Pass,2026-07-19 17:09:28.953,—,Ana Silva
LOTE-M-SOP-007-2305,WO-1560,2026-07-20,Shift 3,ISBM-001,M-SOP-007,FR-007-HDPE-PCR-350,18057,M,315,0,3,16,19,Conforming,Approved,Approved,Approved - First Pass,2026-07-21 13:41:08.235,—,Ana Silva
LOTE-M-SOP-001-2306,WO-1561,2026-07-20,SHIFT 2,ISBM-001,M-SOP-001,FR-001-HDPE-300,7600,L,200,1,0,10,11,Conforming,Rejected,Rejected,Rejected - Scrapped,2026-07-22 05:17:22.683,Leakage:1(Re=1),Carlos Mendes
LOTE-M-SOP-007-2307,WO-1564,2026-07-23,Shift 3,ISBM-001,M-SOP-007,FR-007-HDPE-PCR-350,23094,M,315,1,7,14,22,Conforming,Rejected,Approved,Approved - Released on Deviation,2026-07-23 23:41:29.377,—,Beatriz Costa
LOTE-M-SOP-007-2308,WO-1565,2026-07-23,Shift 3,ISBM-001,M-SOP-007,FR-007-PP-350,6605,L,200,0,3,5,8,Conforming,Approved,Approved,Approved - First Pass,2026-07-24 19:37:56.072,—,Diogo Ferreira
LOTE-M-SOP-001-2309,WO-1567,2026-07-25,Shift 3,ISBM-001,M-SOP-001,FR-001-HDPE-300,9614,L,200,0,2,8,10,Conforming,Approved,Approved,Approved - First Pass,2026-07-26 02:35:51.840,—,Carlos Mendes
LOTE-M-SOP-007-2310,WO-1568,2026-07-25,  Shift 2  ,ISBM-001,M-SOP-007,FR-007-PETG-350,7457,L,200,0,1,4,5,Conforming,Approved,Approved,Approved - First Pass,2026-07-26 19:37:36.767,—,Elena Santos
LOTE-M-SOP-007-2311,WO-1569,2026-07-26,Shift 1,ISBM-001,M-SOP-007,FR-007-HDPE-350,7654,L,200,0,1,1,2,Conforming,Approved,Approved,Approved - First Pass,2026-07-27 16:09:19.854,—,Ana Silva
LOTE-M-SOP-007-2312,WO-1572,2026-07-28,Shift 2,ISBM-001,M-SOP-007,FR-007-PETG-350,20109,M,315,0,8,12,20,Conforming,Approved,Approved,Approved - First Pass,2026-07-29 08:30:23.588,—,Diogo Ferreira
LOTE-M-SOP-007-2313,WO-1575,2026-07-30,Shift 1,ISBM-001,M-SOP-007,FR-007-PETG-350,25630,M,315,0,5,22,27,Conforming,Approved,Approved,Approved - First Pass,2026-07-31 19:09:36.104,—,Diogo Ferreira
LOTE-M-SOP-007-2314,WO-1577,2026-07-31,Shift 1,ISBM-001,M-SOP-007,FR-007-PVC-350,12813,M,315,0,0,9,9,Conforming,Approved,Approved,Approved - First Pass,2026-08-01 08:54:05.697,—,Carlos Mendes
LOTE-M-SOP-007-2315,WO-1579,2026-08-01,Shift 2,ISBM-001,M-SOP-007,FR-007-HDPE-350,12293,M,315,0,2,8,10,Conforming,Approved,Approved,Approved - First Pass,2026-08-02 23:24:07.622,—,Beatriz Costa
LOTE-M-SOP-001-2316,WO-1581,2026-08-03,Shift 3,ISBM-001,M-SOP-001,FR-001-HDPE-PCR-300,17071,M,315,0,1,3,4,Conforming,Approved,Approved,Approved - First Pass,2026-08-03 23:39:10.088,—,Carlos Mendes
LOTE-M-SOP-001-2317,WO-1583,2026-08-04,Shift 1,ISBM-001,M-SOP-001,FR-001-HDPE-PCR-300,8409,L,200,0,2,9,11,Conforming,Approved,Approved,Approved - First Pass,2026-08-05 08:52:46.048,—,Diogo Ferreira
LOTE-M-SOP-007-2318,WO-1586,2026-08-05,Shift 3,ISBM-001,M-SOP-007,FR-007-HDPE-350,15415,M,315,1,3,6,10,Conforming,Rejected,Rejected,Rejected - Scrapped,2026-08-07 13:16:30.443,Leakage:1(Re=1),Beatriz Costa
LOTE-M-SOP-001-2319,WO-1588,2026-08-07,Shift 1,ISBM-001,M-SOP-001,FR-001-rPET-300,15590,M,315,0,2,12,14,Conforming,Approved,Approved,Approved - First Pass,2026-08-08 15:47:45.330,—,Carlos Mendes
LOTE-M-SOP-001-2320,WO-1589,2026-08-08,Shift 1,ISBM-001,M-SOP-001,FR-001-HDPE-300,6678,L,200,0,4,3,7,Conforming,Approved,Approved,Approved - First Pass,2026-08-09 22:24:10.533,—,Ana Silva
LOTE-M-SOP-001-2321,WO-1591,2026-08-09,SHIFT 2,ISBM-001,M-SOP-001,FR-001-HDPE-PCR-300,16184,M,315,0,8,11,19,Conforming,Approved,Approved,Approved - First Pass,2026-08-11 06:06:46.835,—,Diogo Ferreira
LOTE-M-SOP-001-2322,WO-1593,2026-08-10,Shift 3,ISBM-001,M-SOP-001,FR-001-HDPE-300,12907,M,315,0,6,4,10,Conforming,Approved,Approved,Approved - First Pass,2026-08-12 04:38:05.756,—,Carlos Mendes
LOTE-M-SOP-001-2323,WO-1595,2026-08-12,Shift 1,ISBM-001,M-SOP-001,FR-001-rPET-300,5907,L,200,1,5,8,14,Conforming,Rejected,Rejected,Rejected - Scrapped,2026-08-13 12:42:00.188,Leakage:1(Re=1),Beatriz Costa
LOTE-M-SOP-007-2324,WO-1596,2026-08-13,Shift 3,ISBM-001,M-SOP-007,FR-007-PP-350,5060,L,200,0,2,0,2,Conforming,Approved,Approved,Approved - First Pass,2026-08-13 18:27:42.744,—,Diogo Ferreira
LOTE-M-SOP-007-2325,WO-1597,2026-08-13,Shift 1,ISBM-001,M-SOP-007,FR-007-rPET-350,10663,M,315,0,5,9,14,Conforming,Approved,Approved,Approved - First Pass,2026-08-14 09:44:46.508,—,Diogo Ferreira
LOTE-M-SOP-007-2326,WO-1598,2026-08-14,Shift 1,ISBM-001,M-SOP-007,FR-007-PVC-350,9461,L,200,0,0,1,1,Conforming,Approved,Approved,Approved - First Pass,2026-08-15 03:17:38.028,—,Elena Santos
LOTE-M-SOP-001-2327,WO-1599,2026-08-15,Shift 3,ISBM-001,M-SOP-001,FR-001-HDPE-PCR-300,9502,L,200,0,0,2,2,Conforming,Approved,Approved,Approved - First Pass,2026-08-16 00:02:29.630,—,Ana Silva
LOTE-M-SOP-007-2328,WO-1602,2026-08-17,  Shift 1  ,ISBM-001,M-SOP-007,FR-007-HDPE-350,20645,M,315,0,10,13,23,Conforming,Approved,Approved,Approved - First Pass,2026-08-18 01:17:31.246,—,Ana Silva
LOTE-M-SOP-001-2329,WO-1604,2026-08-18,Shift 2,ISBM-001,M-SOP-001,FR-001-HDPE-PCR-300,17527,M,315,0,1,10,11,Conforming,Approved,Approved,Approved - First Pass,2026-08-19 14:56:08.713,—,Elena Santos
LOTE-M-SOP-007-2330,WO-1605,2026-08-19,Shift 1,ISBM-001,M-SOP-007,FR-007-PP-PCR-350,10104,M,315,0,5,10,15,Conforming,Approved,Approved,Approved - First Pass,2026-08-20 07:25:56.385,—,Beatriz Costa
LOTE-M-SOP-007-2331,WO-1607,2026-08-20,Shift 2,ISBM-001,M-SOP-007,FR-007-PVC-350,15442,M,315,0,5,10,15,Conforming,Approved,Approved,Approved - First Pass,2026-08-21 20:06:58.294,—,Ana Silva
LOTE-M-SOP-007-2332,WO-1608,2026-08-21,shift 1,ISBM-001,M-SOP-007,FR-007-PP-PCR-350,4459,L,200,0,0,2,2,Conforming,Approved,Approved,Approved - First Pass,2026-08-22 07:54:43.061,—,Beatriz Costa
LOTE-M-SOP-007-2333,WO-1609,2026-08-22,Shift 3,ISBM-001,M-SOP-007,FR-007-HDPE-PCR-350,6753,L,200,0,0,5,5,Conforming,Approved,Approved,Approved - First Pass,2026-08-23 08:27:25.345,—,Diogo Ferreira
LOTE-M-SOP-007-2334,WO-1610,2026-08-22,shift 2,ISBM-001,M-SOP-007,FR-007-rPET-350,8356,L,200,0,1,7,8,Conforming,Approved,Approved,Approved - First Pass,2026-08-23 20:13:52.826,—,Ana Silva
LOTE-M-SOP-007-2335,WO-1612,2026-08-24,Shift 1,ISBM-001,M-SOP-007,FR-007-PETG-350,12821,M,315,0,3,7,10,Conforming,Approved,Approved,Approved - First Pass,2026-08-25 12:18:35.241,—,Carlos Mendes
LOTE-M-SOP-001-2336,WO-1614,2026-08-25,Shift 2,ISBM-001,M-SOP-001,FR-001-rPET-300,11180,M,315,0,0,4,4,Conforming,Approved,Approved,Approved - First Pass,2026-08-26 22:57:15.826,—,Carlos Mendes
LOTE-M-SOP-001-2337,WO-1615,2026-08-26,Shift 3,ISBM-001,M-SOP-001,FR-001-HDPE-300,4647,L,200,0,0,7,7,Conforming,Approved,Approved,Approved - First Pass,2026-08-27 07:16:35.795,—,Ana Silva
LOTE-M-SOP-007-2338,WO-1617,2026-08-27,Shift 2,ISBM-001,M-SOP-007,FR-007-rPET-350,18999,M,315,0,8,9,17,Conforming,Approved,Approved,Approved - First Pass,2026-08-28 20:28:24.647,—,Elena Santos
LOTE-M-SOP-007-2339,WO-1619,2026-08-28,Shift 2,ISBM-001,M-SOP-007,FR-007-PP-350,14686,M,315,0,0,6,6,Conforming,Approved,Approved,Approved - First Pass,2026-08-29 16:33:15.246,—,Diogo Ferreira
LOTE-M-SOP-007-2340,WO-1621,2026-08-30,Shift 1,ISBM-001,M-SOP-007,FR-007-PVC-350,15081,M,315,0,5,17,22,Conforming,Approved,Approved,Approved - First Pass,2026-08-31 10:41:52.146,—,Ana Silva
LOTE-M-SOP-007-2341,WO-1624,2026-09-01,Shift 1,ISBM-001,M-SOP-007,FR-007-HDPE-PCR-350,22659,M,315,0,9,7,16,Conforming,Approved,Approved,Approved - First Pass,2026-09-02 20:09:17.887,—,Diogo Ferreira
LOTE-M-SOP-007-2342,WO-1626,2026-09-02,Shift 2,ISBM-001,M-SOP-007,FR-007-HDPE-350,9589,L,200,1,3,14,18,Conforming,Rejected,Rejected,Rejected - Scrapped,2026-09-03 18:22:57.441,Leakage:1(Re=1),Elena Santos
LOTE-M-SOP-001-2343,WO-1627,2026-09-03,Shift 3,ISBM-001,M-SOP-001,FR-001-HDPE-300,4144,L,200,0,0,0,0,Conforming,Approved,Approved,Approved - First Pass,2026-09-04 15:39:30.851,—,Diogo Ferreira
LOTE-M-SOP-007-2344,WO-1629,2026-09-04,Shift 2,ISBM-001,M-SOP-007,FR-007-PVC-350,15582,M,315,0,4,12,16,Conforming,Approved,Approved,Approved - First Pass,2026-09-05 14:08:40.280,—,Beatriz Costa
LOTE-M-SOP-007-2345,WO-1630,2026-09-05,shift 1,ISBM-001,M-SOP-007,FR-007-PVC-350,13046,M,315,1,4,14,19,Conforming,Rejected,Rejected,Rejected - Scrapped,2026-09-07 00:25:26.371,Leakage:1(Re=1),Ana Silva
LOTE-M-SOP-007-2346,WO-1631,2026-09-06,Shift 1,ISBM-001,M-SOP-007,FR-007-PVC-350,5364,L,200,1,2,5,8,Conforming,Rejected,Rejected,Rejected - Scrapped,2026-09-07 11:27:58.041,Leakage:1(Re=1),Elena Santos
LOTE-M-SOP-001-2347,WO-1632,2026-09-06,Shift 2,ISBM-001,M-SOP-001,FR-001-HDPE-PCR-300,3222,L,200,0,1,7,8,Conforming,Approved,Approved,Approved - First Pass,2026-09-08 02:22:55.171,—,Beatriz Costa
LOTE-M-SOP-007-2348,WO-1633,2026-09-07,Shift 1,ISBM-001,M-SOP-007,FR-007-PVC-350,9720,L,200,0,0,3,3,Conforming,Approved,Approved,Approved - First Pass,2026-09-08 19:21:16.449,—,Ana Silva
LOTE-M-SOP-007-2349,WO-1634,2026-09-08,Shift 3,ISBM-001,M-SOP-007,FR-007-PP-PCR-350,7895,L,200,0,6,4,10,Conforming,Approved,Approved,Approved - First Pass,2026-09-09 10:03:12.652,—,Beatriz Costa
LOTE-M-SOP-001-2350,WO-1637,2026-09-10,Shift 3,ISBM-001,M-SOP-001,FR-001-rPET-300,22580,M,315,0,8,25,33,Conforming,Approved,Approved,Approved - First Pass,2026-09-11 08:47:08.269,—,Diogo Ferreira
LOTE-M-SOP-001-2351,WO-1639,2026-09-11,Shift 1,ISBM-001,M-SOP-001,FR-001-HDPE-PCR-300,14924,M,315,0,4,14,18,Conforming,Approved,Approved,Approved - First Pass,2026-09-12 02:35:57.681,—,Carlos Mendes
LOTE-M-SOP-001-2352,WO-1640,2026-09-11,shift 3,ISBM-001,M-SOP-001,FR-001-HDPE-PCR-300,7689,L,200,0,1,4,5,Conforming,Approved,Approved,Approved - First Pass,2026-09-13 07:15:39.113,—,Elena Santos
LOTE-M-SOP-007-2353,WO-1643,2026-09-13,Shift 2,ISBM-001,M-SOP-007,FR-007-rPET-350,18484,M,315,0,1,13,14,Conforming,Approved,Approved,Approved - First Pass,2026-09-14 13:07:07.031,—,Elena Santos
LOTE-M-SOP-007-2354,WO-1645,2026-09-14,Shift 2,ISBM-001,M-SOP-007,FR-007-PP-PCR-350,13151,M,315,0,2,11,13,Conforming,Approved,Approved,Approved - First Pass,2026-09-15 10:28:38.027,—,Diogo Ferreira
LOTE-M-SOP-001-2355,WO-1647,2026-09-16,Shift 3,ISBM-001,M-SOP-001,FR-001-HDPE-PCR-300,20049,M,315,0,4,7,11,Conforming,Approved,Approved,Approved - First Pass,2026-09-17 08:08:14.829,—,Beatriz Costa
LOTE-M-SOP-007-2356,WO-1648,2026-09-16,Shift 2,ISBM-001,M-SOP-007,FR-007-HDPE-350,6568,L,200,0,1,1,2,Conforming,Approved,Approved,Approved - First Pass,2026-09-17 18:24:59.687,—,Ana Silva
LOTE-M-SOP-001-2357,WO-1650,2026-09-18,Shift 1,ISBM-001,M-SOP-001,FR-001-HDPE-PCR-300,22752,M,315,0,2,11,13,Conforming,Approved,Approved,Approved - First Pass,2026-09-19 11:00:06.405,—,Beatriz Costa
LOTE-M-SOP-007-2358,WO-1652,2026-09-19,Shift 2,ISBM-001,M-SOP-007,FR-007-PP-350,8314,L,200,1,4,18,23,Conforming,Rejected,Rejected,Rejected - Scrapped,2026-09-20 10:10:31.034,Leakage:1(Re=1),Carlos Mendes
LOTE-M-SOP-007-2359,WO-1654,2026-09-20,Shift 3,ISBM-001,M-SOP-007,FR-007-PETG-350,15394,M,315,0,6,11,17,Conforming,Approved,Approved,Approved - First Pass,2026-09-21 23:07:48.720,—,Diogo Ferreira
LOTE-M-SOP-001-2360,WO-1655,2026-09-21,Shift 3,ISBM-001,M-SOP-001,FR-001-HDPE-PCR-300,7984,L,200,0,6,5,11,Conforming,Approved,Approved,Approved - First Pass,2026-09-23 13:34:01.089,—,Elena Santos
LOTE-M-SOP-001-2361,WO-1657,2026-09-23,Shift 1,ISBM-001,M-SOP-001,FR-001-HDPE-PCR-300,14475,M,315,0,8,13,21,Conforming,Approved,Approved,Approved - First Pass,2026-09-24 16:38:28.914,—,Carlos Mendes
LOTE-M-SOP-007-2362,WO-1660,2026-09-25,Shift 1,ISBM-001,M-SOP-007,FR-007-rPET-350,22034,M,315,0,3,6,9,Conforming,Approved,Approved,Approved - First Pass,2026-09-26 21:01:51.073,—,Beatriz Costa
LOTE-M-SOP-007-2363,WO-1661,2026-09-26,Shift 3,ISBM-001,M-SOP-007,FR-007-HDPE-350,7792,L,200,0,2,0,2,Conforming,Approved,Approved,Approved - First Pass,2026-09-27 09:11:36.219,—,Diogo Ferreira
LOTE-M-SOP-007-2364,WO-1664,2026-09-28,SHIFT 3,ISBM-001,M-SOP-007,FR-007-PP-PCR-350,20042,M,315,0,3,24,27,Conforming,Approved,Approved,Approved - First Pass,2026-09-29 11:01:09.782,—,Elena Santos
LOTE-M-SOP-007-2365,WO-1667,2026-09-30,Shift 1,ISBM-001,M-SOP-007,FR-007-PP-PCR-350,25912,M,315,0,3,16,19,Conforming,Approved,Approved,Approved - First Pass,2026-10-01 14:49:56.391,—,Beatriz Costa
LOTE-M-SOP-007-2366,WO-1668,2026-09-30,Shift 3,ISBM-001,M-SOP-007,FR-007-HDPE-350,8999,L,200,0,0,0,0,Conforming,Approved,Approved,Approved - First Pass,2026-10-02 03:32:28.864,—,Carlos Mendes
LOTE-M-SOP-001-2367,WO-1671,2026-10-02,Shift 3,ISBM-001,M-SOP-001,FR-001-rPET-300,20842,M,315,0,2,8,10,Conforming,Approved,Approved,Approved - First Pass,2026-10-03 22:50:07.700,—,Carlos Mendes
LOTE-M-SOP-001-2368,WO-1674,2026-10-04,Shift 2,ISBM-001,M-SOP-001,FR-001-HDPE-300,23473,M,315,0,5,5,10,Conforming,Approved,Approved,Approved - First Pass,2026-10-06 08:50:35.828,—,Diogo Ferreira
LOTE-M-SOP-001-2369,WO-1675,2026-10-05,Shift 2,ISBM-001,M-SOP-001,FR-001-HDPE-PCR-300,10856,M,315,0,2,14,16,Conforming,Approved,Approved,Approved - First Pass,2026-10-06 21:46:55.627,—,Beatriz Costa
LOTE-M-SOP-001-2370,WO-1678,2026-10-07,Shift 2,ISBM-001,M-SOP-001,FR-001-HDPE-300,24180,M,315,0,0,8,8,Conforming,Approved,Approved,Approved - First Pass,2026-10-09 02:48:28.112,—,Ana Silva
LOTE-M-SOP-007-2371,WO-1680,2026-10-09,Shift 1,ISBM-001,M-SOP-007,FR-007-PVC-350,19389,M,315,0,7,14,21,Conforming,Approved,Approved,Approved - First Pass,2026-10-10 19:19:07.220,—,Elena Santos
LOTE-M-SOP-001-2372,WO-1682,2026-10-11,Shift 3,ISBM-001,M-SOP-001,FR-001-rPET-300,18759,M,315,0,1,10,11,Conforming,Approved,Approved,Approved - First Pass,2026-10-11 22:59:17.993,—,Elena Santos
LOTE-M-SOP-007-2373,WO-1683,2026-10-11,Shift 2,ISBM-001,M-SOP-007,FR-007-PETG-350,7030,L,200,0,2,6,8,Conforming,Approved,Approved,Approved - First Pass,2026-10-12 08:55:06.346,—,Carlos Mendes
LOTE-M-SOP-007-2374,WO-1686,2026-10-13,SHIFT 2,ISBM-001,M-SOP-007,FR-007-PP-350,27987,M,315,0,2,43,45,Conforming,Approved,Approved,Approved - First Pass,2026-10-15 03:22:00.904,—,Elena Santos
LOTE-M-SOP-001-2375,WO-1689,2026-10-15,Shift 2,ISBM-001,M-SOP-001,FR-001-rPET-300,27377,M,315,0,3,4,7,Conforming,Approved,Approved,Approved - First Pass,2026-10-16 20:49:36.165,—,Beatriz Costa
LOTE-M-SOP-007-2376,WO-1691,2026-10-17,Shift 1,ISBM-001,M-SOP-007,FR-007-PETG-350,15845,M,315,0,1,15,16,Conforming,Approved,Approved,Approved - First Pass,2026-10-18 10:00:26.495,—,Elena Santos
LOTE-M-SOP-007-2377,WO-1692,2026-10-18,SHIFT 3,ISBM-001,M-SOP-007,FR-007-PP-350,10732,M,315,1,4,7,12,Conforming,Rejected,Rejected,Rejected - Scrapped,2026-10-19 07:39:06.830,Leakage:1(Re=1),Ana Silva
LOTE-M-SOP-001-2378,WO-1694,2026-10-19,Shift 2,ISBM-001,M-SOP-001,FR-001-HDPE-PCR-300,8593,L,200,0,0,10,10,Conforming,Approved,Approved,Approved - First Pass,2026-10-20 12:42:27.766,—,Carlos Mendes
LOTE-M-SOP-001-2379,WO-1696,2026-10-20,SHIFT 2,ISBM-001,M-SOP-001,FR-001-HDPE-300,14671,M,315,0,0,6,6,Conforming,Approved,Approved,Approved - First Pass,2026-10-21 22:32:53.225,—,Carlos Mendes
LOTE-M-SOP-007-2380,WO-1698,2026-10-22,Shift 3,ISBM-001,M-SOP-007,FR-007-HDPE-PCR-350,15738,M,315,0,5,9,14,Conforming,Approved,Approved,Approved - First Pass,2026-10-23 04:10:49.536,—,Elena Santos
LOTE-M-SOP-001-2381,WO-1699,2026-10-22,Shift 2,ISBM-001,M-SOP-001,FR-001-HDPE-PCR-300,5861,L,200,0,0,0,0,Conforming,Approved,Approved,Approved - First Pass,2026-10-23 19:53:20.859,—,Diogo Ferreira
LOTE-M-SOP-001-2382,WO-1701,2026-10-23,Shift 2,ISBM-001,M-SOP-001,FR-001-HDPE-PCR-300,17250,M,315,0,3,14,17,Conforming,Approved,Approved,Approved - First Pass,2026-10-25 11:14:16.096,—,Beatriz Costa
LOTE-M-SOP-001-2383,WO-1704,2026-10-26,Shift 3,ISBM-001,M-SOP-001,FR-001-HDPE-300,22461,M,315,0,10,14,24,Conforming,Approved,Approved,Approved - First Pass,2026-10-27 05:52:51.078,—,Elena Santos
LOTE-M-SOP-007-2384,WO-1707,2026-10-28,Shift 3,ISBM-001,M-SOP-007,FR-007-PP-PCR-350,20197,M,315,0,4,9,13,Conforming,Approved,Approved,Approved - First Pass,2026-10-29 17:01:41.155,—,Beatriz Costa
LOTE-M-SOP-007-2385,WO-1709,2026-10-29,Shift 2,ISBM-001,M-SOP-007,FR-007-rPET-350,13232,M,315,0,3,9,12,Conforming,Approved,Approved,Approved - First Pass,2026-10-30 15:02:49.830,—,Carlos Mendes
LOTE-M-SOP-007-2386,WO-1710,2026-10-30,Shift 1,ISBM-001,M-SOP-007,FR-007-rPET-350,6756,L,200,0,1,2,3,Conforming,Approved,Approved,Approved - First Pass,2026-10-31 16:50:27.660,—,Carlos Mendes
LOTE-M-SOP-001-2387,WO-1711,2026-10-31,Shift 3,ISBM-001,M-SOP-001,FR-001-HDPE-PCR-300,6243,L,200,0,0,7,7,Conforming,Approved,Approved,Approved - First Pass,2026-10-31 21:57:50.963,—,Carlos Mendes
LOTE-M-SOP-007-2388,WO-1714,2026-11-02,Shift 3,ISBM-001,M-SOP-007,FR-007-PETG-350,22700,M,315,0,5,14,19,Conforming,Approved,Approved,Approved - First Pass,2026-11-02 16:54:22.297,—,Carlos Mendes
LOTE-M-SOP-001-2389,WO-1717,2026-11-04,Shift 3,ISBM-001,M-SOP-001,FR-001-HDPE-PCR-300,19551,M,315,0,3,12,15,Conforming,Approved,Approved,Approved - First Pass,2026-11-04 18:09:12.338,—,Carlos Mendes
LOTE-M-SOP-007-2390,WO-1720,2026-11-05,Shift 3,ISBM-001,M-SOP-007,FR-007-HDPE-350,21509,M,315,0,11,21,32,Conforming,Approved,Approved,Approved - First Pass,2026-11-07 00:18:30.447,—,Ana Silva
LOTE-M-SOP-001-2391,WO-1723,2026-11-07,Shift 1,ISBM-001,M-SOP-001,FR-001-HDPE-PCR-300,13784,M,315,0,0,9,9,Conforming,Approved,Approved,Approved - First Pass,2026-11-08 14:39:07.021,—,Ana Silva
LOTE-M-SOP-007-2392,WO-1726,2026-11-09,Shift 3,ISBM-001,M-SOP-007,FR-007-HDPE-PCR-350,18257,M,315,0,5,12,17,Conforming,Approved,Approved,Approved - First Pass,2026-11-10 02:33:53.004,—,Diogo Ferreira
LOTE-M-SOP-007-2393,WO-1728,2026-11-10,Shift 2,ISBM-001,M-SOP-007,FR-007-PP-PCR-350,10171,M,315,1,0,7,8,Conforming,Rejected,Rejected,Rejected - Scrapped,2026-11-11 20:34:27.129,Leakage:1(Re=1),Diogo Ferreira
LOTE-M-SOP-001-2394,WO-1730,2026-11-12,Shift 3,ISBM-001,M-SOP-001,FR-001-HDPE-PCR-300,18655,M,315,0,3,6,9,Conforming,Approved,Approved,Approved - First Pass,2026-11-12 20:37:30.442,—,Diogo Ferreira
LOTE-M-SOP-007-2395,WO-1732,2026-11-13,Shift 1,ISBM-001,M-SOP-007,FR-007-PP-PCR-350,11169,M,315,0,6,5,11,Conforming,Approved,Approved,Approved - First Pass,2026-11-14 14:28:22.257,—,Beatriz Costa
LOTE-M-SOP-007-2396,WO-1734,2026-11-14,Shift 1,ISBM-001,M-SOP-007,FR-007-PP-PCR-350,10202,M,315,1,3,11,15,Conforming,Rejected,Rejected,Rejected - Scrapped,2026-11-16 01:47:10.407,Leakage:1(Re=1),Beatriz Costa
LOTE-M-SOP-007-2397,WO-1736,2026-11-16,Shift 3,ISBM-001,M-SOP-007,FR-007-rPET-350,16891,M,315,0,6,16,22,Conforming,Approved,Approved,Approved - First Pass,2026-11-16 20:04:15.644,—,Carlos Mendes
LOTE-M-SOP-001-2398,WO-1738,2026-11-17,Shift 1,ISBM-001,M-SOP-001,FR-001-HDPE-PCR-300,17358,M,315,0,3,4,7,Conforming,Approved,Approved,Approved - First Pass,2026-11-18 14:46:06.362,—,Carlos Mendes
LOTE-M-SOP-001-2399,WO-1739,2026-11-18,Shift 3,ISBM-001,M-SOP-001,FR-001-HDPE-300,8918,L,200,0,5,2,7,Conforming,Approved,Approved,Approved - First Pass,2026-11-18 21:59:23.310,—,Diogo Ferreira
LOTE-M-SOP-001-2400,WO-1741,2026-11-19,SHIFT 1,ISBM-001,M-SOP-001,FR-001-HDPE-300,13264,M,315,0,3,5,8,Conforming,Approved,Approved,Approved - First Pass,2026-11-20 12:36:59.263,—,Diogo Ferreira
LOTE-M-SOP-007-2401,WO-1742,2026-11-19,Shift 2,ISBM-001,M-SOP-007,FR-007-rPET-350,5691,L,200,0,5,10,15,Conforming,Approved,Approved,Approved - First Pass,2026-11-20 18:43:59.938,—,Ana Silva
LOTE-M-SOP-001-2402,WO-1743,2026-11-20,Shift 1,ISBM-001,M-SOP-001,FR-001-HDPE-PCR-300,8177,L,200,0,0,7,7,Conforming,Approved,Approved,Approved - First Pass,2026-11-21 11:47:28.048,—,Elena Santos
LOTE-M-SOP-001-2403,WO-1744,2026-11-21,Shift 3,ISBM-001,M-SOP-001,FR-001-rPET-300,3043,L,200,0,0,2,2,Conforming,Approved,Approved,Approved - First Pass,2026-11-22 12:24:27.842,—,Diogo Ferreira
LOTE-M-SOP-001-2404,WO-1746,2026-11-22,Shift 1,ISBM-001,M-SOP-001,FR-001-rPET-300,13026,M,315,0,3,4,7,Conforming,Approved,Approved,Approved - First Pass,2026-11-23 17:28:01.756,—,Diogo Ferreira
LOTE-M-SOP-007-2405,WO-1748,2026-11-24,Shift 3,ISBM-001,M-SOP-007,FR-007-PP-PCR-350,10529,M,315,0,5,18,23,Conforming,Approved,Approved,Approved - First Pass,2026-11-24 14:06:33.180,—,Beatriz Costa
LOTE-M-SOP-007-2406,WO-1749,2026-11-24,Shift 1,ISBM-001,M-SOP-007,FR-007-PETG-350,5840,L,200,0,0,0,0,Conforming,Approved,Approved,Approved - First Pass,2026-11-25 08:59:27.520,—,Diogo Ferreira
LOTE-M-SOP-001-2407,WO-1752,2026-11-26,Shift 2,ISBM-001,M-SOP-001,FR-001-rPET-300,24967,M,315,0,4,12,16,Conforming,Approved,Approved,Approved - First Pass,2026-11-27 14:55:14.278,—,Carlos Mendes
LOTE-M-SOP-001-2408,WO-1754,2026-11-27,SHIFT 2,ISBM-001,M-SOP-001,FR-001-HDPE-300,9156,L,200,0,3,7,10,Conforming,Approved,Approved,Approved - First Pass,2026-11-28 20:48:45.748,—,Ana Silva
LOTE-M-SOP-007-2409,WO-1755,2026-11-28,Shift 1,ISBM-001,M-SOP-007,FR-007-PVC-350,9075,L,200,0,4,10,14,Conforming,Approved,Approved,Approved - First Pass,2026-11-29 08:53:01.789,—,Beatriz Costa
LOTE-M-SOP-001-2410,WO-1756,2026-11-29,Shift 3,ISBM-001,M-SOP-001,FR-001-HDPE-PCR-300,9380,L,200,0,0,9,9,Conforming,Approved,Approved,Approved - First Pass,2026-11-30 10:18:07.927,—,Carlos Mendes
LOTE-M-SOP-007-2411,WO-1758,2026-11-30,Shift 2,ISBM-001,M-SOP-007,FR-007-HDPE-PCR-350,14338,M,315,1,5,3,9,Conforming,Rejected,Rejected,Rejected - Scrapped,2026-12-02 04:35:52.689,Leakage:1(Re=1),Diogo Ferreira
LOTE-M-SOP-001-2412,WO-1761,2026-12-02,Shift 2,ISBM-001,M-SOP-001,FR-001-HDPE-PCR-300,20509,M,315,0,3,15,18,Conforming,Approved,Approved,Approved - First Pass,2026-12-03 16:57:38.418,—,Ana Silva
LOTE-M-SOP-007-2413,WO-1762,2026-12-03,Shift 1,ISBM-001,M-SOP-007,FR-007-rPET-350,5896,L,200,1,5,0,6,Conforming,Rejected,Rejected,Rejected - Scrapped,2026-12-03 23:55:35.712,Leakage:1(Re=1),Elena Santos
LOTE-M-SOP-001-2414,WO-1765,2026-12-04,Shift 2,ISBM-001,M-SOP-001,FR-001-rPET-300,19237,M,315,0,5,20,25,Conforming,Approved,Approved,Approved - First Pass,2026-12-05 14:42:35.833,—,Ana Silva
LOTE-M-SOP-007-2415,WO-1767,2026-12-06,Shift 1,ISBM-001,M-SOP-007,FR-007-PVC-350,21571,M,315,0,8,24,32,Conforming,Approved,Approved,Approved - First Pass,2026-12-07 05:21:52.334,—,Diogo Ferreira
LOTE-M-SOP-007-2416,WO-1769,2026-12-07,Shift 3,ISBM-001,M-SOP-007,FR-007-PVC-350,15508,M,315,0,9,16,25,Conforming,Approved,Approved,Approved - First Pass,2026-12-09 06:15:30.476,—,Beatriz Costa
LOTE-M-SOP-001-2417,WO-1770,2026-12-08,Shift 2,ISBM-001,M-SOP-001,FR-001-HDPE-PCR-300,3257,L,200,0,2,2,4,Conforming,Approved,Approved,Approved - First Pass,2026-12-09 12:21:39.932,—,Elena Santos
LOTE-M-SOP-007-2418,WO-1773,2026-12-10,Shift 1,ISBM-001,M-SOP-007,FR-007-PP-350,18901,M,315,0,4,6,10,Conforming,Approved,Approved,Approved - First Pass,2026-12-11 12:24:50.209,—,Ana Silva
LOTE-M-SOP-001-2419,WO-1775,2026-12-11,Shift 2,ISBM-001,M-SOP-001,FR-001-rPET-300,10635,M,315,0,1,13,14,Conforming,Approved,Approved,Approved - First Pass,2026-12-12 23:45:26.647,—,Carlos Mendes
LOTE-M-SOP-001-2420,WO-1778,2026-12-13,Shift 1,ISBM-001,M-SOP-001,FR-001-rPET-300,20135,M,315,0,2,6,8,Conforming,Approved,Approved,Approved - First Pass,2026-12-14 13:41:48.827,—,Elena Santos
LOTE-M-SOP-001-2421,WO-1780,2026-12-14,Shift 1,ISBM-001,M-SOP-001,FR-001-HDPE-PCR-300,20410,M,315,1,2,8,11,Conforming,Rejected,Rejected,Rejected - Scrapped,2026-12-16 02:31:50.850,Leakage:1(Re=1),Ana Silva
LOTE-M-SOP-007-2422,WO-1781,2026-12-15,Shift 1,ISBM-001,M-SOP-007,FR-007-HDPE-PCR-350,10670,M,315,0,4,2,6,Conforming,Approved,Approved,Approved - First Pass,2026-12-16 19:38:39.795,—,Carlos Mendes
LOTE-M-SOP-001-2423,WO-1782,2026-12-16,Shift 1,ISBM-001,M-SOP-001,FR-001-rPET-300,3418,L,200,0,0,5,5,Conforming,Approved,Approved,Approved - First Pass,2026-12-17 06:09:04.138,—,Elena Santos
LOTE-M-SOP-007-2424,WO-1784,2026-12-17,Shift 1,ISBM-001,M-SOP-007,FR-007-PVC-350,10694,M,315,1,0,14,15,Conforming,Rejected,Rejected,Rejected - Scrapped,2026-12-18 08:16:36.396,Leakage:1(Re=1),Elena Santos
LOTE-M-SOP-001-2425,WO-1785,2026-12-18,Shift 3,ISBM-001,M-SOP-001,FR-001-rPET-300,9359,L,200,0,0,7,7,Conforming,Approved,Approved,Approved - First Pass,2026-12-19 08:35:35.130,—,Ana Silva
LOTE-M-SOP-001-2426,WO-1787,2026-12-19,Shift 2,ISBM-001,M-SOP-001,FR-001-HDPE-300,16706,M,315,0,2,21,23,Conforming,Approved,Approved,Approved - First Pass,2026-12-21 02:47:17.772,—,Elena Santos
LOTE-M-SOP-001-2427,WO-1789,2026-12-21,  Shift 3  ,ISBM-001,M-SOP-001,FR-001-HDPE-300,12192,M,315,0,1,1,2,Conforming,Approved,Approved,Approved - First Pass,2026-12-21 13:51:15.835,—,Diogo Ferreira
LOTE-M-SOP-007-2428,WO-1790,2026-12-21,Shift 1,ISBM-001,M-SOP-007,FR-007-rPET-350,8929,L,200,0,1,3,4,Conforming,Approved,Approved,Approved - First Pass,2026-12-22 12:06:17.932,—,Elena Santos
LOTE-M-SOP-001-2429,WO-1792,2026-12-22,Shift 2,ISBM-001,M-SOP-001,FR-001-HDPE-PCR-300,16757,M,315,0,0,12,12,Conforming,Approved,Approved,Approved - First Pass,2026-12-24 06:38:30.814,—,Beatriz Costa
LOTE-M-SOP-001-2430,WO-1795,2026-12-24,Shift 1,ISBM-001,M-SOP-001,FR-001-HDPE-300,16131,M,315,0,2,12,14,Conforming,Approved,Approved,Approved - First Pass,2026-12-25 21:27:58.375,—,Carlos Mendes
LOTE-M-SOP-007-2431,WO-1798,2026-12-26,Shift 1,ISBM-001,M-SOP-007,FR-007-PP-PCR-350,24888,M,315,0,2,17,19,Conforming,Approved,Approved,Approved - First Pass,2026-12-27 17:00:07.854,—,Beatriz Costa
LOTE-M-SOP-001-2432,WO-1800,2026-12-28,Shift 3,ISBM-001,M-SOP-001,FR-001-HDPE-PCR-300,11049,M,315,0,5,8,13,Conforming,Approved,Approved,Approved - First Pass,2026-12-29 06:55:48.319,—,Carlos Mendes
LOTE-M-SOP-001-2433,WO-1801,2026-12-28,Shift 2,ISBM-001,M-SOP-001,FR-001-HDPE-300,8242,L,200,0,2,5,7,Conforming,Approved,Approved,Approved - First Pass,2026-12-29 23:21:48.415,—,Ana Silva
LOTE-M-SOP-007-2434,WO-1803,2026-12-30,Shift 1,ISBM-001,M-SOP-007,FR-007-HDPE-PCR-350,11406,M,315,0,4,3,7,Conforming,Approved,Approved,Approved - First Pass,2026-12-30 23:30:09.842,—,Diogo Ferreira
LOTE-M-SOP-007-2435,WO-1804,2026-12-30,Shift 2,ISBM-001,M-SOP-007,FR-007-HDPE-PCR-350,7872,L,200,0,0,13,13,Conforming,Approved,Approved,Approved - First Pass,2026-12-31 20:18:09.166,—,Elena Santos
LOTE-M-SOP-008-2436,WO-1806,2025-07-01,Shift 1,ISBM-002,M-SOP-008,FR-008-HDPE-PCR-350,15455,M,315,0,2,6,8,Conforming,Approved,Approved,Approved - First Pass,2025-07-02 07:46:54.778,—,Beatriz Costa
LOTE-M-SOP-002-2437,WO-1809,2025-07-03,Shift 1,ISBM-002,M-SOP-002,FR-002-HDPE-PCR-300,21334,M,315,2,6,6,14,Conforming,Rejected,Rejected,Rejected - Scrapped,2025-07-04 07:25:59.622,Leakage:2(Re=1),Beatriz Costa
LOTE-M-SOP-002-2438,WO-1811,2025-07-04,Shift 2,ISBM-002,M-SOP-002,FR-002-HDPE-PCR-300,11351,M,315,0,2,3,5,Conforming,Approved,Approved,Approved - First Pass,2025-07-05 11:40:12.442,—,Beatriz Costa
LOTE-M-SOP-005-2439,WO-1813,2025-07-05,Shift 3,ISBM-002,M-SOP-005,FR-005-rPET-330,15639,M,315,0,3,7,10,Conforming,Approved,Approved,Approved - First Pass,2025-07-07 01:16:07.608,—,Diogo Ferreira
LOTE-M-SOP-008-2440,WO-1816,2025-07-07,Shift 3,ISBM-002,M-SOP-008,FR-008-PP-350,23424,M,315,0,8,9,17,Conforming,Approved,Approved,Approved - First Pass,2025-07-08 19:58:55.392,—,Diogo Ferreira
LOTE-M-SOP-002-2441,WO-1817,2025-07-08,Shift 2,ISBM-002,M-SOP-002,FR-002-HDPE-PCR-300,5124,L,200,0,6,4,10,Conforming,Approved,Approved,Approved - First Pass,2025-07-10 03:34:58.910,—,Diogo Ferreira
LOTE-M-SOP-002-2442,WO-1819,2025-07-10,Shift 3,ISBM-002,M-SOP-002,FR-002-HDPE-PCR-300,17211,M,315,0,5,8,13,Conforming,Approved,Approved,Approved - First Pass,2025-07-11 05:33:46.035,—,Carlos Mendes
LOTE-M-SOP-005-2443,WO-1821,2025-07-11,Shift 1,ISBM-002,M-SOP-005,FR-005-rPET-330,17359,M,315,0,3,5,8,Conforming,Approved,Approved,Approved - First Pass,2025-07-12 18:04:17.762,—,Beatriz Costa
LOTE-M-SOP-002-2444,WO-1824,2025-07-13,Shift 1,ISBM-002,M-SOP-002,FR-002-HDPE-PCR-300,22832,M,315,0,7,4,11,Conforming,Approved,Approved,Approved - First Pass,2025-07-14 16:13:56.740,—,Diogo Ferreira
LOTE-M-SOP-002-2445,WO-1825,2025-07-14,Shift 3,ISBM-002,M-SOP-002,FR-002-HDPE-PCR-300,5119,L,200,0,2,4,6,Conforming,Approved,Approved,Approved - First Pass,2025-07-14 15:42:24.910,—,Ana Silva
LOTE-M-SOP-002-2446,WO-1828,2025-07-15,Shift 2,ISBM-002,M-SOP-002,FR-002-HDPE-PCR-300,21620,M,315,0,3,17,20,Conforming,Approved,Approved,Approved - First Pass,2025-07-16 13:36:52.231,—,Ana Silva
LOTE-M-SOP-005-2447,WO-1830,2025-07-16,Shift 3,ISBM-002,M-SOP-005,FR-005-rPET-330,10711,M,315,0,1,4,5,Conforming,Approved,Approved,Approved - First Pass,2025-07-17 16:14:56.264,—,Beatriz Costa
LOTE-M-SOP-005-2448,WO-1832,2025-07-17,Shift 3,ISBM-002,M-SOP-005,FR-005-rPET-330,11110,M,315,0,0,12,12,Conforming,Approved,Approved,Approved - First Pass,2025-07-19 06:41:49.771,—,Carlos Mendes
LOTE-M-SOP-005-2449,WO-1835,2025-07-20,Shift 3,ISBM-002,M-SOP-005,FR-005-rPET-330,16415,M,315,0,6,10,16,Conforming,Approved,Approved,Approved - First Pass,2025-07-20 23:41:16.102,—,Diogo Ferreira
LOTE-M-SOP-005-2450,WO-1836,2025-07-20,Shift 2,ISBM-002,M-SOP-005,FR-005-rPET-330,6826,L,200,0,0,3,3,Conforming,Approved,Approved,Approved - First Pass,2025-07-22 03:28:55.739,—,Beatriz Costa
LOTE-M-SOP-002-2451,WO-1839,2025-07-23,Shift 3,ISBM-002,M-SOP-002,FR-002-HDPE-PCR-300,19615,M,315,0,1,3,4,Conforming,Approved,Approved,Approved - First Pass,2025-07-24 07:50:54.184,—,Elena Santos
LOTE-M-SOP-002-2452,WO-1841,2025-07-24,Shift 3,ISBM-002,M-SOP-002,FR-002-HDPE-PCR-300,13807,M,315,0,2,7,9,Conforming,Approved,Approved,Approved - First Pass,2025-07-25 07:04:32.604,—,Ana Silva
LOTE-M-SOP-005-2453,WO-1842,2025-07-24,Shift 2,ISBM-002,M-SOP-005,FR-005-rPET-330,9653,L,200,0,1,7,8,Conforming,Approved,Approved,Approved - First Pass,2025-07-26 05:53:04.837,—,Ana Silva
LOTE-M-SOP-002-2454,WO-1843,2025-07-25,Shift 2,ISBM-002,M-SOP-002,FR-002-HDPE-PCR-300,4634,L,200,0,2,3,5,Conforming,Approved,Approved,Approved - First Pass,2025-07-26 16:02:41.838,—,Ana Silva
LOTE-M-SOP-005-2455,WO-1845,2025-07-27,Shift 3,ISBM-002,M-SOP-005,FR-005-rPET-330,9426,L,200,0,1,2,3,Conforming,Approved,Approved,Approved - First Pass,2025-07-28 11:09:03.591,—,Ana Silva
LOTE-M-SOP-008-2456,WO-1846,2025-07-27,Shift 2,ISBM-002,M-SOP-008,FR-008-LDPE-350,8693,L,200,0,2,3,5,Conforming,Approved,Approved,Approved - First Pass,2025-07-28 16:49:03.683,—,Diogo Ferreira
LOTE-M-SOP-005-2457,WO-1848,2025-07-29,Shift 3,ISBM-002,M-SOP-005,FR-005-rPET-330,12397,M,315,0,1,8,9,Conforming,Approved,Approved,Approved - First Pass,2025-07-30 16:21:22.498,—,Elena Santos
LOTE-M-SOP-002-2458,WO-1850,2025-07-30,Shift 1,ISBM-002,M-SOP-002,FR-002-HDPE-PCR-300,18046,M,315,0,1,7,8,Conforming,Approved,Approved,Approved - First Pass,2025-07-31 19:56:44.672,—,Beatriz Costa
LOTE-M-SOP-008-2459,WO-1852,2025-07-31,Shift 2,ISBM-002,M-SOP-008,FR-008-PP-PCR-350,13741,M,315,1,2,7,10,Conforming,Rejected,Rejected,Rejected - Scrapped,2025-08-02 11:40:49.924,Leakage:1(Re=1),Carlos Mendes
LOTE-M-SOP-005-2460,WO-1853,2025-08-01,Shift 2,ISBM-002,M-SOP-005,FR-005-rPET-330,11065,M,315,0,0,0,0,Conforming,Approved,Approved,Approved - First Pass,2025-08-03 11:29:14.529,—,Carlos Mendes
LOTE-M-SOP-005-2461,WO-1854,2025-08-02,Shift 2,ISBM-002,M-SOP-005,FR-005-rPET-330,4355,L,200,0,2,1,3,Conforming,Approved,Approved,Approved - First Pass,2025-08-03 06:15:35.616,—,Ana Silva
LOTE-M-SOP-005-2462,WO-1856,2025-08-03,Shift 2,ISBM-002,M-SOP-005,FR-005-rPET-330,11105,M,315,0,3,7,10,Conforming,Approved,Approved,Approved - First Pass,2025-08-04 16:48:56.231,—,Ana Silva
LOTE-M-SOP-008-2463,WO-1857,2025-08-04,Shift 1,ISBM-002,M-SOP-008,FR-008-PP-PCR-350,12474,M,315,0,1,7,8,Conforming,Approved,Approved,Approved - First Pass,2025-08-05 12:39:05.786,—,Elena Santos
LOTE-M-SOP-002-2464,WO-1859,2025-08-05,Shift 2,ISBM-002,M-SOP-002,FR-002-HDPE-PCR-300,11893,M,315,0,6,12,18,Conforming,Approved,Approved,Approved - First Pass,2025-08-06 22:10:52.010,—,Elena Santos
LOTE-M-SOP-002-2465,WO-1862,2025-08-07,SHIFT 2,ISBM-002,M-SOP-002,FR-002-HDPE-PCR-300,16019,M,315,0,3,8,11,Conforming,Approved,Approved,Approved - First Pass,2025-08-08 17:16:25.340,—,Carlos Mendes
LOTE-M-SOP-005-2466,WO-1863,2025-08-08,Shift 1,ISBM-002,M-SOP-005,FR-005-rPET-330,5249,L,200,0,0,3,3,Conforming,Approved,Approved,Approved - First Pass,2025-08-09 16:35:00.800,—,Diogo Ferreira
LOTE-M-SOP-002-2467,WO-1866,2025-08-10,SHIFT 2,ISBM-002,M-SOP-002,FR-002-HDPE-PCR-300,18755,M,315,0,0,12,12,Conforming,Approved,Approved,Approved - First Pass,2025-08-11 12:13:49.729,—,Diogo Ferreira
LOTE-M-SOP-002-2468,WO-1867,2025-08-11,shift 3,ISBM-002,M-SOP-002,FR-002-HDPE-PCR-300,9353,L,200,0,3,7,10,Conforming,Approved,Approved,Approved - First Pass,2025-08-12 03:28:27.617,—,Ana Silva
LOTE-M-SOP-008-2469,WO-1869,2025-08-12,Shift 3,ISBM-002,M-SOP-008,FR-008-rPET-350,19321,M,315,0,5,13,18,Conforming,Approved,Approved,Approved - First Pass,2025-08-13 18:52:32.093,—,Beatriz Costa
LOTE-M-SOP-002-2470,WO-1870,2025-08-13,Shift 2,ISBM-002,M-SOP-002,FR-002-HDPE-PCR-300,11302,M,315,0,4,0,4,Conforming,Approved,Approved,Approved - First Pass,2025-08-14 20:53:26.183,—,Elena Santos
LOTE-M-SOP-005-2471,WO-1872,2025-08-15,Shift 1,ISBM-002,M-SOP-005,FR-005-rPET-330,18592,M,315,0,1,8,9,Conforming,Approved,Approved,Approved - First Pass,2025-08-16 02:57:15.440,—,Carlos Mendes
LOTE-M-SOP-008-2472,WO-1873,2025-08-16,Shift 3,ISBM-002,M-SOP-008,FR-008-PET-350,5172,L,200,0,2,3,5,Conforming,Approved,Approved,Approved - First Pass,2025-08-17 20:07:40.107,—,Diogo Ferreira
LOTE-M-SOP-005-2473,WO-1875,2025-08-17,Shift 3,ISBM-002,M-SOP-005,FR-005-rPET-330,17851,M,315,0,2,4,6,Conforming,Approved,Approved,Approved - First Pass,2025-08-19 06:24:32.976,—,Carlos Mendes
LOTE-M-SOP-008-2474,WO-1877,2025-08-19,shift 3,ISBM-002,M-SOP-008,FR-008-LDPE-350,10405,M,315,0,1,5,6,Conforming,Approved,Approved,Approved - First Pass,2025-08-20 04:05:03.382,—,Beatriz Costa
LOTE-M-SOP-002-2475,WO-1880,2025-08-20,Shift 2,ISBM-002,M-SOP-002,FR-002-HDPE-PCR-300,19782,M,315,1,0,14,15,Conforming,Rejected,Approved,Approved - Released on Deviation,2025-08-22 00:45:36.501,—,Beatriz Costa
LOTE-M-SOP-005-2476,WO-1883,2025-08-23,SHIFT 3,ISBM-002,M-SOP-005,FR-005-rPET-330,25593,M,315,0,5,13,18,Conforming,Approved,Approved,Approved - First Pass,2025-08-24 00:17:29.025,—,Ana Silva
LOTE-M-SOP-008-2477,WO-1886,2025-08-25,Shift 3,ISBM-002,M-SOP-008,FR-008-PET-350,19852,M,315,0,1,15,16,Conforming,Approved,Approved,Approved - First Pass,2025-08-26 10:05:17.901,—,Diogo Ferreira
LOTE-M-SOP-002-2478,WO-1887,2025-08-26,Shift 3,ISBM-002,M-SOP-002,FR-002-HDPE-PCR-300,4218,L,200,0,1,5,6,Conforming,Approved,Approved,Approved - First Pass,2025-08-27 05:40:44.473,—,Ana Silva
LOTE-M-SOP-005-2479,WO-1888,2025-08-26,  Shift 1  ,ISBM-002,M-SOP-005,FR-005-rPET-330,9244,L,200,0,0,4,4,Conforming,Approved,Approved,Approved - First Pass,2025-08-27 11:58:43.035,—,Diogo Ferreira
LOTE-M-SOP-005-2480,WO-1889,2025-08-27,Shift 3,ISBM-002,M-SOP-005,FR-005-rPET-330,8168,L,200,0,0,1,1,Conforming,Approved,Approved,Approved - First Pass,2025-08-28 00:19:55.073,—,Ana Silva
LOTE-M-SOP-002-2481,WO-1890,2025-08-27,Shift 3,ISBM-002,M-SOP-002,FR-002-HDPE-PCR-300,6096,L,200,0,0,7,7,Conforming,Approved,Approved,Approved - First Pass,2025-08-28 13:40:36.792,—,Diogo Ferreira
LOTE-M-SOP-005-2482,WO-1892,2025-08-29,Shift 3,ISBM-002,M-SOP-005,FR-005-rPET-330,17633,M,315,0,0,0,0,Conforming,Approved,Approved,Approved - First Pass,2025-08-30 04:52:57.781,—,Ana Silva
LOTE-M-SOP-008-2483,WO-1894,2025-08-30,Shift 2,ISBM-002,M-SOP-008,FR-008-PP-PCR-350,12164,M,315,0,4,5,9,Conforming,Approved,Approved,Approved - First Pass,2025-08-31 14:37:47.023,—,Ana Silva
LOTE-M-SOP-002-2484,WO-1897,2025-09-01,Shift 2,ISBM-002,M-SOP-002,FR-002-HDPE-PCR-300,18242,M,315,1,1,15,17,Conforming,Rejected,Rejected,Rejected - Scrapped,2025-09-02 21:07:37.920,Leakage:1(Re=1),Beatriz Costa
LOTE-M-SOP-005-2485,WO-1899,2025-09-03,Shift 3,ISBM-002,M-SOP-005,FR-005-rPET-330,10160,M,315,0,0,7,7,Conforming,Approved,Approved,Approved - First Pass,2025-09-04 02:16:15.071,—,Beatriz Costa
LOTE-M-SOP-005-2486,WO-1901,2025-09-04,Shift 3,ISBM-002,M-SOP-005,FR-005-rPET-330,9909,L,200,0,1,9,10,Conforming,Approved,Approved,Approved - First Pass,2025-09-05 04:15:34.503,—,Diogo Ferreira
LOTE-M-SOP-008-2487,WO-1902,2025-09-04,Shift 2,ISBM-002,M-SOP-008,FR-008-PETG-350,11905,M,315,1,3,10,14,Conforming,Rejected,Rejected,Rejected - Scrapped,2025-09-06 04:01:17.611,Leakage:1(Re=1),Ana Silva
LOTE-M-SOP-008-2488,WO-1904,2025-09-06,Shift 3,ISBM-002,M-SOP-008,FR-008-rPET-350,16115,M,315,0,2,8,10,Conforming,Approved,Approved,Approved - First Pass,2025-09-07 16:03:58.897,—,Elena Santos
LOTE-M-SOP-005-2489,WO-1905,2025-09-06,Shift 3,ISBM-002,M-SOP-005,FR-005-rPET-330,11477,M,315,0,3,4,7,Conforming,Approved,Approved,Approved - First Pass,2025-09-08 13:33:18.704,—,Diogo Ferreira
LOTE-M-SOP-008-2490,WO-1906,2025-09-07,Shift 3,ISBM-002,M-SOP-008,FR-008-HDPE-350,6513,L,200,0,2,5,7,Conforming,Approved,Approved,Approved - First Pass,2025-09-08 20:03:50.417,—,Ana Silva
LOTE-M-SOP-005-2491,WO-1907,2025-09-08,Shift 1,ISBM-002,M-SOP-005,FR-005-rPET-330,7806,L,200,0,0,2,2,Conforming,Approved,Approved,Approved - First Pass,2025-09-09 20:30:43.284,—,Elena Santos
LOTE-M-SOP-008-2492,WO-1910,2025-09-10,Shift 1,ISBM-002,M-SOP-008,FR-008-PET-350,23063,M,315,0,2,5,7,Conforming,Approved,Approved,Approved - First Pass,2025-09-11 16:19:56.675,—,Beatriz Costa
LOTE-M-SOP-002-2493,WO-1911,2025-09-11,Shift 3,ISBM-002,M-SOP-002,FR-002-HDPE-PCR-300,7231,L,200,0,3,2,5,Conforming,Approved,Approved,Approved - First Pass,2025-09-12 13:47:01.117,—,Ana Silva
LOTE-M-SOP-005-2494,WO-1912,2025-09-11,Shift 2,ISBM-002,M-SOP-005,FR-005-rPET-330,8713,L,200,0,4,2,6,Conforming,Approved,Approved,Approved - First Pass,2025-09-13 06:18:01.545,—,Elena Santos
LOTE-M-SOP-008-2495,WO-1915,2025-09-13,Shift 2,ISBM-002,M-SOP-008,FR-008-PP-350,21281,M,315,0,4,20,24,Conforming,Approved,Approved,Approved - First Pass,2025-09-15 03:15:07.243,—,Ana Silva
LOTE-M-SOP-008-2496,WO-1917,2025-09-15,Shift 3,ISBM-002,M-SOP-008,FR-008-PP-350,15273,M,315,0,2,9,11,Conforming,Approved,Approved,Approved - First Pass,2025-09-16 10:58:25.413,—,Beatriz Costa
LOTE-M-SOP-002-2497,WO-1919,2025-09-16,Shift 1,ISBM-002,M-SOP-002,FR-002-HDPE-PCR-300,14218,M,315,0,2,2,4,Conforming,Approved,Approved,Approved - First Pass,2025-09-17 03:33:44.650,—,Beatriz Costa
LOTE-M-SOP-005-2498,WO-1920,2025-09-16,Shift 2,ISBM-002,M-SOP-005,FR-005-rPET-330,4263,L,200,0,1,4,5,Conforming,Approved,Approved,Approved - First Pass,2025-09-18 01:08:17.643,—,Beatriz Costa
LOTE-M-SOP-008-2499,WO-1922,2025-09-18,Shift 1,ISBM-002,M-SOP-008,FR-008-HDPE-PCR-350,10299,M,315,0,0,9,9,Conforming,Approved,Approved,Approved - First Pass,2025-09-19 04:35:02.178,—,Ana Silva
LOTE-M-SOP-008-2500,WO-1923,2025-09-18,  Shift 2  ,ISBM-002,M-SOP-008,FR-008-PP-350,7839,L,200,0,3,9,12,Conforming,Approved,Approved,Approved - First Pass,2025-09-19 16:13:08.803,—,Carlos Mendes
LOTE-M-SOP-002-2501,WO-1924,2025-09-19,Shift 1,ISBM-002,M-SOP-002,FR-002-HDPE-PCR-300,7074,L,200,0,2,0,2,Conforming,Approved,Approved,Approved - First Pass,2025-09-20 06:51:35.096,—,Beatriz Costa
LOTE-M-SOP-002-2502,WO-1927,2025-09-21,Shift 3,ISBM-002,M-SOP-002,FR-002-HDPE-PCR-300,19737,M,315,0,3,11,14,Conforming,Approved,Approved,Approved - First Pass,2025-09-21 23:57:40.522,—,Elena Santos
LOTE-M-SOP-008-2503,WO-1928,2025-09-21,Shift 2,ISBM-002,M-SOP-008,FR-008-PP-350,3746,L,200,0,2,6,8,Conforming,Approved,Approved,Approved - First Pass,2025-09-22 05:43:41.641,—,Diogo Ferreira
LOTE-M-SOP-005-2504,WO-1929,2025-09-22,Shift 3,ISBM-002,M-SOP-005,FR-005-rPET-330,5688,L,200,0,1,4,5,Conforming,Approved,Approved,Approved - First Pass,2025-09-22 21:40:12.165,—,Carlos Mendes
LOTE-M-SOP-002-2505,WO-1931,2025-09-23,Shift 3,ISBM-002,M-SOP-002,FR-002-HDPE-PCR-300,12394,M,315,0,6,5,11,Conforming,Approved,Approved,Approved - First Pass,2025-09-24 00:50:16.681,—,Beatriz Costa
LOTE-M-SOP-005-2506,WO-1933,2025-09-24,shift 1,ISBM-002,M-SOP-005,FR-005-rPET-330,17157,M,315,0,2,5,7,Conforming,Approved,Approved,Approved - First Pass,2025-09-25 21:11:48.658,—,Elena Santos
LOTE-M-SOP-002-2507,WO-1935,2025-09-25,Shift 2,ISBM-002,M-SOP-002,FR-002-HDPE-PCR-300,12270,M,315,0,1,16,17,Conforming,Approved,Approved,Approved - First Pass,2025-09-26 22:04:35.137,—,Diogo Ferreira
LOTE-M-SOP-008-2508,WO-1938,2025-09-27,Shift 3,ISBM-002,M-SOP-008,FR-008-PP-350,23428,M,315,0,4,13,17,Conforming,Approved,Approved,Approved - First Pass,2025-09-28 20:10:33.251,—,Beatriz Costa
LOTE-M-SOP-005-2509,WO-1939,2025-09-28,Shift 2,ISBM-002,M-SOP-005,FR-005-rPET-330,4360,L,200,0,0,1,1,Conforming,Approved,Approved,Approved - First Pass,2025-09-30 02:37:19.177,—,Ana Silva
LOTE-M-SOP-008-2510,WO-1940,2025-09-29,Shift 1,ISBM-002,M-SOP-008,FR-008-LDPE-350,7388,L,200,0,0,3,3,Conforming,Approved,Approved,Approved - First Pass,2025-09-30 20:40:22.845,—,Elena Santos
LOTE-M-SOP-002-2511,WO-1941,2025-09-30,Shift 3,ISBM-002,M-SOP-002,FR-002-HDPE-PCR-300,8777,L,200,0,0,3,3,Conforming,Approved,Approved,Approved - First Pass,2025-10-01 06:14:12.808,—,Ana Silva
LOTE-M-SOP-008-2512,WO-1942,2025-10-01,Shift 3,ISBM-002,M-SOP-008,FR-008-LDPE-350,3929,L,200,0,7,0,7,Conforming,Approved,Approved,Approved - First Pass,2025-10-01 14:55:30.783,—,Beatriz Costa
LOTE-M-SOP-005-2513,WO-1943,2025-10-01,Shift 1,ISBM-002,M-SOP-005,FR-005-rPET-330,7426,L,200,0,0,8,8,Conforming,Approved,Approved,Approved - First Pass,2025-10-02 17:20:50.597,—,Elena Santos
LOTE-M-SOP-008-2514,WO-1944,2025-10-02,Shift 3,ISBM-002,M-SOP-008,FR-008-HDPE-350,12308,M,315,0,3,5,8,Conforming,Approved,Approved,Approved - First Pass,2025-10-03 19:46:34.559,—,Elena Santos
LOTE-M-SOP-002-2515,WO-1945,2025-10-03,Shift 3,ISBM-002,M-SOP-002,FR-002-HDPE-PCR-300,7198,L,200,0,3,2,5,Conforming,Approved,Approved,Approved - First Pass,2025-10-04 08:02:19.027,—,Diogo Ferreira
LOTE-M-SOP-005-2516,WO-1947,2025-10-04,Shift 1,ISBM-002,M-SOP-005,FR-005-rPET-330,16618,M,315,0,0,3,3,Conforming,Approved,Approved,Approved - First Pass,2025-10-05 21:50:29.257,—,Beatriz Costa
LOTE-M-SOP-008-2517,WO-1950,2025-10-06,SHIFT 3,ISBM-002,M-SOP-008,FR-008-PP-350,17291,M,315,0,14,10,24,Conforming,Approved,Approved,Approved - First Pass,2025-10-06 23:22:16.724,—,Elena Santos
LOTE-M-SOP-002-2518,WO-1951,2025-10-06,Shift 2,ISBM-002,M-SOP-002,FR-002-HDPE-PCR-300,10969,M,315,0,0,6,6,Conforming,Approved,Approved,Approved - First Pass,2025-10-07 17:18:57.348,—,Carlos Mendes
LOTE-M-SOP-008-2519,WO-1953,2025-10-08,Shift 1,ISBM-002,M-SOP-008,FR-008-PET-350,17263,M,315,0,3,13,16,Conforming,Approved,Approved,Approved - First Pass,2025-10-10 00:34:38.875,—,Beatriz Costa
LOTE-M-SOP-005-2520,WO-1955,2025-10-09,Shift 3,ISBM-002,M-SOP-005,FR-005-rPET-330,9990,L,200,0,1,4,5,Conforming,Approved,Approved,Approved - First Pass,2025-10-10 20:14:06.321,—,Beatriz Costa
LOTE-M-SOP-008-2521,WO-1957,2025-10-11,Shift 1,ISBM-002,M-SOP-008,FR-008-PP-350,15409,M,315,0,0,3,3,Conforming,Approved,Approved,Approved - First Pass,2025-10-12 13:19:12.951,—,Beatriz Costa
LOTE-M-SOP-008-2522,WO-1959,2025-10-12,Shift 1,ISBM-002,M-SOP-008,FR-008-HDPE-350,14534,M,315,0,0,5,5,Conforming,Approved,Approved,Approved - First Pass,2025-10-13 23:11:36.183,—,Ana Silva
LOTE-M-SOP-005-2523,WO-1961,2025-10-13,Shift 2,ISBM-002,M-SOP-005,FR-005-rPET-330,13458,M,315,0,3,10,13,Conforming,Approved,Approved,Approved - First Pass,2025-10-14 11:57:45.776,—,Beatriz Costa
LOTE-M-SOP-005-2524,WO-1962,2025-10-14,Shift 1,ISBM-002,M-SOP-005,FR-005-rPET-330,4613,L,200,0,2,2,4,Conforming,Approved,Approved,Approved - First Pass,2025-10-15 14:03:11.880,—,Diogo Ferreira
LOTE-M-SOP-002-2525,WO-1963,2025-10-15,  Shift 3  ,ISBM-002,M-SOP-002,FR-002-HDPE-PCR-300,7511,L,200,0,1,0,1,Conforming,Approved,Approved,Approved - First Pass,2025-10-15 22:25:57.887,—,Beatriz Costa
LOTE-M-SOP-002-2526,WO-1964,2025-10-15,Shift 2,ISBM-002,M-SOP-002,FR-002-HDPE-PCR-300,4815,L,200,0,2,6,8,Conforming,Approved,Approved,Approved - First Pass,2025-10-16 21:45:44.614,—,Beatriz Costa
LOTE-M-SOP-008-2527,WO-1966,2025-10-16,Shift 2,ISBM-002,M-SOP-008,FR-008-LDPE-350,13014,M,315,0,1,5,6,Conforming,Approved,Approved,Approved - First Pass,2025-10-17 20:36:00.563,—,Elena Santos
LOTE-M-SOP-008-2528,WO-1967,2025-10-17,Shift 2,ISBM-002,M-SOP-008,FR-008-PETG-350,10018,M,315,0,2,14,16,Conforming,Approved,Approved,Approved - First Pass,2025-10-18 22:02:19.011,—,Elena Santos
LOTE-M-SOP-002-2529,WO-1969,2025-10-19,Shift 3,ISBM-002,M-SOP-002,FR-002-HDPE-PCR-300,18633,M,315,0,0,6,6,Conforming,Approved,Approved,Approved - First Pass,2025-10-20 00:00:46.727,—,Diogo Ferreira
LOTE-M-SOP-002-2530,WO-1971,2025-10-20,Shift 1,ISBM-002,M-SOP-002,FR-002-HDPE-PCR-300,10307,M,315,0,3,6,9,Conforming,Approved,Approved,Approved - First Pass,2025-10-21 12:13:35.853,—,Elena Santos
LOTE-M-SOP-002-2531,WO-1973,2025-10-21,Shift 2,ISBM-002,M-SOP-002,FR-002-HDPE-PCR-300,10128,M,315,0,2,10,12,Conforming,Approved,Approved,Approved - First Pass,2025-10-23 05:56:52.501,—,Beatriz Costa
LOTE-M-SOP-005-2532,WO-1974,2025-10-22,Shift 2,ISBM-002,M-SOP-005,FR-005-rPET-330,8436,L,200,0,2,5,7,Conforming,Approved,Approved,Approved - First Pass,2025-10-24 03:42:20.733,—,Beatriz Costa
LOTE-M-SOP-008-2533,WO-1975,2025-10-23,Shift 1,ISBM-002,M-SOP-008,FR-008-PET-350,3300,L,200,0,3,1,4,Conforming,Approved,Approved,Approved - First Pass,2025-10-25 02:26:39.864,—,Beatriz Costa
LOTE-M-SOP-002-2534,WO-1976,2025-10-24,Shift 1,ISBM-002,M-SOP-002,FR-002-HDPE-PCR-300,10833,M,315,0,5,2,7,Conforming,Approved,Approved,Approved - First Pass,2025-10-26 00:02:27.300,—,Elena Santos
LOTE-M-SOP-008-2535,WO-1978,2025-10-26,Shift 3,ISBM-002,M-SOP-008,FR-008-PET-350,14033,M,315,0,2,11,13,Conforming,Approved,Approved,Approved - First Pass,2025-10-26 18:12:03.316,—,Ana Silva
LOTE-M-SOP-002-2536,WO-1980,2025-10-27,Shift 1,ISBM-002,M-SOP-002,FR-002-HDPE-PCR-300,10098,M,315,0,0,3,3,Conforming,Approved,Approved,Approved - First Pass,2025-10-28 12:13:41.305,—,Beatriz Costa
LOTE-M-SOP-002-2537,WO-1981,2025-10-27,Shift 3,ISBM-002,M-SOP-002,FR-002-HDPE-PCR-300,9316,L,200,0,0,1,1,Conforming,Approved,Approved,Approved - First Pass,2025-10-29 17:13:53.149,—,Beatriz Costa
LOTE-M-SOP-002-2538,WO-1983,2025-10-29,Shift 1,ISBM-002,M-SOP-002,FR-002-HDPE-PCR-300,11682,M,315,1,2,2,5,Conforming,Rejected,Rejected,Rejected - Scrapped,2025-10-30 08:34:45.529,Leakage:1(Re=1),Ana Silva
LOTE-M-SOP-002-2539,WO-1984,2025-10-30,Shift 3,ISBM-002,M-SOP-002,FR-002-HDPE-PCR-300,9749,L,200,0,0,2,2,Conforming,Approved,Approved,Approved - First Pass,2025-10-31 07:18:04.640,—,Ana Silva
LOTE-M-SOP-008-2540,WO-1986,2025-10-31,Shift 2,ISBM-002,M-SOP-008,FR-008-HDPE-PCR-350,13856,M,315,0,1,9,10,Conforming,Approved,Approved,Approved - First Pass,2025-11-01 22:01:59.675,—,Carlos Mendes
LOTE-M-SOP-008-2541,WO-1987,2025-11-01,Shift 1,ISBM-002,M-SOP-008,FR-008-HDPE-350,7827,L,200,0,1,9,10,Conforming,Approved,Approved,Approved - First Pass,2025-11-02 05:59:40.262,—,Elena Santos
LOTE-M-SOP-008-2542,WO-1988,2025-11-01,Shift 2,ISBM-002,M-SOP-008,FR-008-HDPE-PCR-350,3894,L,200,0,1,2,3,Conforming,Approved,Approved,Approved - First Pass,2025-11-02 23:24:43.080,—,Ana Silva
LOTE-M-SOP-002-2543,WO-1989,2025-11-02,Shift 2,ISBM-002,M-SOP-002,FR-002-HDPE-PCR-300,8356,L,200,0,2,3,5,Conforming,Approved,Approved,Approved - First Pass,2025-11-03 13:33:09.972,—,Diogo Ferreira
LOTE-M-SOP-005-2544,WO-1990,2025-11-03,Shift 1,ISBM-002,M-SOP-005,FR-005-rPET-330,6764,L,200,0,0,3,3,Conforming,Approved,Approved,Approved - First Pass,2025-11-04 13:12:56.238,—,Diogo Ferreira
LOTE-M-SOP-008-2545,WO-1991,2025-11-04,Shift 3,ISBM-002,M-SOP-008,FR-008-PP-PCR-350,5480,L,200,0,0,3,3,Conforming,Approved,Approved,Approved - First Pass,2025-11-05 01:32:20.877,—,Carlos Mendes
LOTE-M-SOP-002-2546,WO-1993,2025-11-05,Shift 1,ISBM-002,M-SOP-002,FR-002-HDPE-PCR-300,15322,M,315,0,7,3,10,Conforming,Approved,Approved,Approved - First Pass,2025-11-06 09:18:28.311,—,Elena Santos
LOTE-M-SOP-002-2547,WO-1995,2025-11-06,Shift 1,ISBM-002,M-SOP-002,FR-002-HDPE-PCR-300,16284,M,315,0,5,11,16,Conforming,Approved,Approved,Approved - First Pass,2025-11-07 07:42:10.101,—,Beatriz Costa
LOTE-M-SOP-005-2548,WO-1997,2025-11-07,Shift 2,ISBM-002,M-SOP-005,FR-005-rPET-330,20300,M,315,0,3,21,24,Conforming,Approved,Approved,Approved - First Pass,2025-11-08 23:07:18.996,—,Elena Santos
LOTE-M-SOP-005-2549,WO-1999,2025-11-09,Shift 1,ISBM-002,M-SOP-005,FR-005-rPET-330,19011,M,315,0,3,23,26,Conforming,Approved,Approved,Approved - First Pass,2025-11-11 02:08:59.888,—,Carlos Mendes
LOTE-M-SOP-005-2550,WO-2001,2025-11-10,Shift 3,ISBM-002,M-SOP-005,FR-005-rPET-330,13899,M,315,0,4,4,8,Conforming,Approved,Approved,Approved - First Pass,2025-11-11 14:11:57.003,—,Carlos Mendes
LOTE-M-SOP-002-2551,WO-2004,2025-11-12,  Shift 1  ,ISBM-002,M-SOP-002,FR-002-HDPE-PCR-300,14340,M,315,0,4,13,17,Conforming,Approved,Approved,Approved - First Pass,2025-11-12 22:14:48.944,—,Ana Silva
LOTE-M-SOP-005-2552,WO-2006,2025-11-13,SHIFT 1,ISBM-002,M-SOP-005,FR-005-rPET-330,11645,M,315,0,4,8,12,Conforming,Approved,Approved,Approved - First Pass,2025-11-14 03:55:49.766,—,Elena Santos
LOTE-M-SOP-002-2553,WO-2007,2025-11-13,Shift 2,ISBM-002,M-SOP-002,FR-002-HDPE-PCR-300,9859,L,200,1,1,3,5,Conforming,Rejected,Approved,Approved - Released on Deviation,2025-11-15 08:36:33.155,—,Elena Santos
LOTE-M-SOP-008-2554,WO-2008,2025-11-14,Shift 2,ISBM-002,M-SOP-008,FR-008-HDPE-350,8412,L,200,0,3,1,4,Conforming,Approved,Approved,Approved - First Pass,2025-11-15 16:17:30.037,—,Diogo Ferreira
LOTE-M-SOP-008-2555,WO-2011,2025-11-16,Shift 2,ISBM-002,M-SOP-008,FR-008-LDPE-350,21543,M,315,0,3,13,16,Conforming,Approved,Approved,Approved - First Pass,2025-11-17 22:39:19.092,—,Diogo Ferreira
LOTE-M-SOP-002-2556,WO-2014,2025-11-19,SHIFT 3,ISBM-002,M-SOP-002,FR-002-HDPE-PCR-300,20344,M,315,0,3,11,14,Conforming,Approved,Approved,Approved - First Pass,2025-11-20 07:14:52.982,—,Beatriz Costa
LOTE-M-SOP-005-2557,WO-2015,2025-11-19,Shift 2,ISBM-002,M-SOP-005,FR-005-rPET-330,5086,L,200,0,5,3,8,Conforming,Approved,Approved,Approved - First Pass,2025-11-20 16:08:32.691,—,Diogo Ferreira
LOTE-M-SOP-002-2558,WO-2018,2025-11-21,Shift 2,ISBM-002,M-SOP-002,FR-002-HDPE-PCR-300,21467,M,315,0,3,15,18,Conforming,Approved,Approved,Approved - First Pass,2025-11-22 12:10:43.607,—,Elena Santos
LOTE-M-SOP-008-2559,WO-2021,2025-11-23,Shift 2,ISBM-002,M-SOP-008,FR-008-PP-PCR-350,23273,M,315,0,4,17,21,Conforming,Approved,Approved,Approved - First Pass,2025-11-25 04:26:38.423,—,Ana Silva
LOTE-M-SOP-008-2560,WO-2022,2025-11-24,Shift 2,ISBM-002,M-SOP-008,FR-008-PP-PCR-350,9692,L,200,0,0,5,5,Conforming,Approved,Approved,Approved - First Pass,2025-11-26 02:49:27.966,—,Beatriz Costa
LOTE-M-SOP-008-2561,WO-2024,2025-11-26,Shift 3,ISBM-002,M-SOP-008,FR-008-rPET-350,10505,M,315,0,4,1,5,Conforming,Approved,Approved,Approved - First Pass,2025-11-26 20:51:48.134,—,Diogo Ferreira
LOTE-M-SOP-005-2562,WO-2027,2025-11-28,Shift 1,ISBM-002,M-SOP-005,FR-005-rPET-330,20568,M,315,0,0,12,12,Conforming,Approved,Approved,Approved - First Pass,2025-11-29 08:49:22.133,—,Ana Silva
LOTE-M-SOP-005-2563,WO-2028,2025-11-29,Shift 3,ISBM-002,M-SOP-005,FR-005-rPET-330,7303,L,200,0,3,6,9,Conforming,Approved,Approved,Approved - First Pass,2025-11-29 19:13:23.873,—,Diogo Ferreira
LOTE-M-SOP-005-2564,WO-2029,2025-11-29,Shift 2,ISBM-002,M-SOP-005,FR-005-rPET-330,8720,L,200,0,0,3,3,Conforming,Approved,Approved,Approved - First Pass,2025-11-30 15:45:25.891,—,Ana Silva
LOTE-M-SOP-005-2565,WO-2030,2025-11-30,Shift 1,ISBM-002,M-SOP-005,FR-005-rPET-330,5761,L,200,0,2,0,2,Conforming,Approved,Approved,Approved - First Pass,2025-12-02 04:22:36.266,—,Carlos Mendes
LOTE-M-SOP-005-2566,WO-2032,2025-12-02,Shift 3,ISBM-002,M-SOP-005,FR-005-rPET-330,17876,M,315,1,3,11,15,Conforming,Rejected,Rejected,Rejected - Scrapped,2025-12-02 20:00:59.959,Leakage:1(Re=1),Diogo Ferreira
LOTE-M-SOP-005-2567,WO-2034,2025-12-03,  Shift 2  ,ISBM-002,M-SOP-005,FR-005-rPET-330,16431,M,315,0,1,6,7,Conforming,Approved,Approved,Approved - First Pass,2025-12-05 05:32:50.279,—,Ana Silva
LOTE-M-SOP-008-2568,WO-2035,2025-12-04,Shift 2,ISBM-002,M-SOP-008,FR-008-HDPE-PCR-350,8152,L,200,0,1,3,4,Conforming,Approved,Approved,Approved - First Pass,2025-12-05 17:14:59.961,—,Ana Silva
LOTE-M-SOP-002-2569,WO-2036,2025-12-05,Shift 1,ISBM-002,M-SOP-002,FR-002-HDPE-PCR-300,6926,L,200,0,1,2,3,Conforming,Approved,Approved,Approved - First Pass,2025-12-06 16:03:24.633,—,Carlos Mendes
LOTE-M-SOP-008-2570,WO-2038,2025-12-06,Shift 2,ISBM-002,M-SOP-008,FR-008-PETG-350,19249,M,315,0,1,7,8,Conforming,Approved,Approved,Approved - First Pass,2025-12-08 00:03:32.062,—,Diogo Ferreira
LOTE-M-SOP-002-2571,WO-2040,2025-12-08,Shift 1,ISBM-002,M-SOP-002,FR-002-HDPE-PCR-300,14261,M,315,0,4,6,10,Conforming,Approved,Approved,Approved - First Pass,2025-12-09 17:06:50.110,—,Ana Silva
LOTE-M-SOP-008-2572,WO-2043,2025-12-10,Shift 1,ISBM-002,M-SOP-008,FR-008-rPET-350,26852,M,315,0,8,16,24,Conforming,Approved,Approved,Approved - First Pass,2025-12-11 07:46:11.205,—,Beatriz Costa
LOTE-M-SOP-008-2573,WO-2044,2025-12-11,Shift 3,ISBM-002,M-SOP-008,FR-008-PET-350,9207,L,200,0,0,5,5,Conforming,Approved,Approved,Approved - First Pass,2025-12-12 14:30:33.081,—,Ana Silva
LOTE-M-SOP-008-2574,WO-2045,2025-12-11,Shift 2,ISBM-002,M-SOP-008,FR-008-HDPE-350,10845,M,315,0,2,4,6,Conforming,Approved,Approved,Approved - First Pass,2025-12-12 20:13:11.211,—,Diogo Ferreira
LOTE-M-SOP-002-2575,WO-2047,2025-12-13,Shift 3,ISBM-002,M-SOP-002,FR-002-HDPE-PCR-300,8457,L,200,0,5,13,18,Conforming,Approved,Approved,Approved - First Pass,2025-12-14 00:24:36.587,—,Ana Silva
LOTE-M-SOP-002-2576,WO-2050,2025-12-14,Shift 1,ISBM-002,M-SOP-002,FR-002-HDPE-PCR-300,22820,M,315,0,2,10,12,Conforming,Approved,Approved,Approved - First Pass,2025-12-15 11:52:21.533,—,Carlos Mendes
LOTE-M-SOP-002-2577,WO-2052,2025-12-15,Shift 3,ISBM-002,M-SOP-002,FR-002-HDPE-PCR-300,8489,L,200,0,6,7,13,Conforming,Approved,Approved,Approved - First Pass,2025-12-16 14:13:34.723,—,Ana Silva
LOTE-M-SOP-002-2578,WO-2054,2025-12-17,Shift 3,ISBM-002,M-SOP-002,FR-002-HDPE-PCR-300,14295,M,315,0,1,11,12,Conforming,Approved,Approved,Approved - First Pass,2025-12-18 13:58:04.866,—,Elena Santos
LOTE-M-SOP-008-2579,WO-2055,2025-12-17,Shift 2,ISBM-002,M-SOP-008,FR-008-PP-350,7798,L,200,0,1,4,5,Conforming,Approved,Approved,Approved - First Pass,2025-12-19 08:21:18.914,—,Beatriz Costa
LOTE-M-SOP-005-2580,WO-2058,2025-12-19,Shift 2,ISBM-002,M-SOP-005,FR-005-rPET-330,19932,M,315,0,2,12,14,Conforming,Approved,Approved,Approved - First Pass,2025-12-20 15:08:20.017,—,Diogo Ferreira
LOTE-M-SOP-002-2581,WO-2060,2025-12-21,Shift 3,ISBM-002,M-SOP-002,FR-002-HDPE-PCR-300,22812,M,315,0,4,12,16,Conforming,Approved,Approved,Approved - First Pass,2025-12-22 09:15:35.351,—,Carlos Mendes
LOTE-M-SOP-008-2582,WO-2061,2025-12-21,Shift 3,ISBM-002,M-SOP-008,FR-008-LDPE-350,4874,L,200,0,1,6,7,Conforming,Approved,Approved,Approved - First Pass,2025-12-23 07:43:39.433,—,Ana Silva
LOTE-M-SOP-005-2583,WO-2062,2025-12-22,Shift 2,ISBM-002,M-SOP-005,FR-005-rPET-330,3727,L,200,0,0,4,4,Conforming,Approved,Approved,Approved - First Pass,2025-12-23 18:48:24.141,—,Ana Silva
LOTE-M-SOP-005-2584,WO-2065,2025-12-24,Shift 2,ISBM-002,M-SOP-005,FR-005-rPET-330,17121,M,315,0,3,9,12,Conforming,Approved,Approved,Approved - First Pass,2025-12-26 00:37:53.514,—,Beatriz Costa
LOTE-M-SOP-008-2585,WO-2068,2025-12-27,Shift 3,ISBM-002,M-SOP-008,FR-008-LDPE-350,23306,M,315,1,4,4,9,Conforming,Rejected,Rejected,Rejected - Scrapped,2025-12-27 17:35:05.128,Leakage:1(Re=1),Carlos Mendes
LOTE-M-SOP-002-2586,WO-2069,2025-12-27,Shift 2,ISBM-002,M-SOP-002,FR-002-HDPE-PCR-300,4558,L,200,0,1,5,6,Conforming,Approved,Approved,Approved - First Pass,2025-12-28 21:48:41.261,—,Diogo Ferreira
LOTE-M-SOP-002-2587,WO-2072,2025-12-29,Shift 1,ISBM-002,M-SOP-002,FR-002-HDPE-PCR-300,19142,M,315,0,3,11,14,Conforming,Approved,Approved,Approved - First Pass,2025-12-30 10:09:19.692,—,Beatriz Costa
LOTE-M-SOP-002-2588,WO-2073,2025-12-29,shift 3,ISBM-002,M-SOP-002,FR-002-HDPE-PCR-300,8067,L,200,0,0,4,4,Conforming,Approved,Approved,Approved - First Pass,2025-12-31 05:33:35.042,—,Carlos Mendes
LOTE-M-SOP-005-2589,WO-2074,2025-12-30,  Shift 2  ,ISBM-002,M-SOP-005,FR-005-rPET-330,7663,L,200,0,0,2,2,Conforming,Approved,Approved,Approved - First Pass,2025-12-31 19:02:17.395,—,Beatriz Costa
LOTE-M-SOP-005-2590,WO-2075,2025-12-31,Shift 1,ISBM-002,M-SOP-005,FR-005-rPET-330,6123,L,200,0,2,2,4,Conforming,Approved,Approved,Approved - First Pass,2025-12-31 22:58:17.271,—,Beatriz Costa
LOTE-M-SOP-005-2591,WO-2077,2026-01-01,Shift 1,ISBM-002,M-SOP-005,FR-005-rPET-330,12286,M,315,0,0,5,5,Conforming,Approved,Approved,Approved - First Pass,2026-01-02 18:34:07.684,—,Diogo Ferreira
LOTE-M-SOP-008-2592,WO-2078,2026-01-02,Shift 3,ISBM-002,M-SOP-008,FR-008-PP-350,3791,L,200,0,2,10,12,Conforming,Approved,Approved,Approved - First Pass,2026-01-03 18:51:36.850,—,Elena Santos
LOTE-M-SOP-008-2593,WO-2080,2026-01-04,Shift 3,ISBM-002,M-SOP-008,FR-008-PET-350,11514,M,315,0,3,7,10,Conforming,Approved,Approved,Approved - First Pass,2026-01-05 08:48:45.555,—,Carlos Mendes
LOTE-M-SOP-002-2594,WO-2081,2026-01-04,Shift 2,ISBM-002,M-SOP-002,FR-002-HDPE-PCR-300,3277,L,200,0,1,3,4,Conforming,Approved,Approved,Approved - First Pass,2026-01-05 19:05:44.344,—,Diogo Ferreira
LOTE-M-SOP-008-2595,WO-2084,2026-01-07,Shift 1,ISBM-002,M-SOP-008,FR-008-HDPE-350,24756,M,315,0,6,10,16,Conforming,Approved,Approved,Approved - First Pass,2026-01-08 10:47:20.643,—,Ana Silva
LOTE-M-SOP-002-2596,WO-2085,2026-01-08,Shift 1,ISBM-002,M-SOP-002,FR-002-HDPE-PCR-300,6378,L,200,0,1,6,7,Conforming,Approved,Approved,Approved - First Pass,2026-01-09 19:42:02.479,—,Beatriz Costa
LOTE-M-SOP-008-2597,WO-2086,2026-01-09,Shift 1,ISBM-002,M-SOP-008,FR-008-HDPE-350,8777,L,200,0,2,3,5,Conforming,Approved,Approved,Approved - First Pass,2026-01-10 08:20:54.812,—,Elena Santos
LOTE-M-SOP-008-2598,WO-2087,2026-01-10,Shift 3,ISBM-002,M-SOP-008,FR-008-LDPE-350,7176,L,200,0,1,4,5,Conforming,Approved,Approved,Approved - First Pass,2026-01-10 20:13:47.989,—,Diogo Ferreira
LOTE-M-SOP-002-2599,WO-2088,2026-01-10,Shift 2,ISBM-002,M-SOP-002,FR-002-HDPE-PCR-300,5812,L,200,0,0,3,3,Conforming,Approved,Approved,Approved - First Pass,2026-01-11 20:44:40.893,—,Carlos Mendes
LOTE-M-SOP-005-2600,WO-2089,2026-01-11,Shift 1,ISBM-002,M-SOP-005,FR-005-rPET-330,10273,M,315,0,0,4,4,Conforming,Approved,Approved,Approved - First Pass,2026-01-12 14:53:15.409,—,Carlos Mendes
LOTE-M-SOP-005-2601,WO-2090,2026-01-12,  Shift 1  ,ISBM-002,M-SOP-005,FR-005-rPET-330,3277,L,200,0,1,5,6,Conforming,Approved,Approved,Approved - First Pass,2026-01-13 07:38:37.552,—,Diogo Ferreira
LOTE-M-SOP-002-2602,WO-2093,2026-01-13,Shift 3,ISBM-002,M-SOP-002,FR-002-HDPE-PCR-300,17621,M,315,0,5,5,10,Conforming,Approved,Approved,Approved - First Pass,2026-01-14 21:48:15.459,—,Ana Silva
LOTE-M-SOP-008-2603,WO-2096,2026-01-16,Shift 3,ISBM-002,M-SOP-008,FR-008-rPET-350,28246,M,315,0,7,17,24,Conforming,Approved,Approved,Approved - First Pass,2026-01-17 11:01:07.359,—,Carlos Mendes
LOTE-M-SOP-005-2604,WO-2097,2026-01-16,  Shift 2  ,ISBM-002,M-SOP-005,FR-005-rPET-330,7286,L,200,0,2,0,2,Conforming,Approved,Approved,Approved - First Pass,2026-01-17 07:56:27.347,—,Diogo Ferreira
LOTE-M-SOP-002-2605,WO-2099,2026-01-18,Shift 3,ISBM-002,M-SOP-002,FR-002-HDPE-PCR-300,14205,M,315,0,4,4,8,Conforming,Approved,Approved,Approved - First Pass,2026-01-19 06:04:38.130,—,Elena Santos
LOTE-M-SOP-002-2606,WO-2102,2026-01-20,Shift 3,ISBM-002,M-SOP-002,FR-002-HDPE-PCR-300,18623,M,315,0,3,6,9,Conforming,Approved,Approved,Approved - First Pass,2026-01-21 16:25:21.105,—,Beatriz Costa
LOTE-M-SOP-002-2607,WO-2104,2026-01-21,  Shift 1  ,ISBM-002,M-SOP-002,FR-002-HDPE-PCR-300,10766,M,315,1,4,6,11,Conforming,Rejected,Rejected,Rejected - Scrapped,2026-01-22 08:24:42.127,Leakage:1(Re=1),Diogo Ferreira
LOTE-M-SOP-008-2608,WO-2105,2026-01-22,SHIFT 3,ISBM-002,M-SOP-008,FR-008-PETG-350,10298,M,315,0,3,1,4,Conforming,Approved,Approved,Approved - First Pass,2026-01-23 14:35:55.138,—,Beatriz Costa
LOTE-M-SOP-002-2609,WO-2106,2026-01-23,Shift 3,ISBM-002,M-SOP-002,FR-002-HDPE-PCR-300,5795,L,200,0,0,2,2,Conforming,Approved,Approved,Approved - First Pass,2026-01-24 01:53:52.076,—,Elena Santos
LOTE-M-SOP-005-2610,WO-2108,2026-01-24,Shift 1,ISBM-002,M-SOP-005,FR-005-rPET-330,21271,M,315,2,2,11,15,Conforming,Rejected,Rejected,Rejected - Scrapped,2026-01-25 11:52:41.007,Leakage:2(Re=1),Carlos Mendes
LOTE-M-SOP-005-2611,WO-2110,2026-01-25,Shift 2,ISBM-002,M-SOP-005,FR-005-rPET-330,11838,M,315,0,0,8,8,Conforming,Approved,Approved,Approved - First Pass,2026-01-27 06:15:14.150,—,Ana Silva
LOTE-M-SOP-008-2612,WO-2112,2026-01-27,Shift 3,ISBM-002,M-SOP-008,FR-008-PP-PCR-350,16142,M,315,1,0,12,13,Conforming,Rejected,Rejected,Rejected - Scrapped,2026-01-28 12:20:22.826,Leakage:1(Re=1),Elena Santos
LOTE-M-SOP-008-2613,WO-2115,2026-01-29,Shift 1,ISBM-002,M-SOP-008,FR-008-LDPE-350,27584,M,315,0,5,7,12,Conforming,Approved,Approved,Approved - First Pass,2026-01-30 18:35:08.867,—,Ana Silva
LOTE-M-SOP-005-2614,WO-2117,2026-01-30,Shift 2,ISBM-002,M-SOP-005,FR-005-rPET-330,18078,M,315,0,5,10,15,Conforming,Approved,Approved,Approved - First Pass,2026-01-31 20:56:35.177,—,Beatriz Costa
LOTE-M-SOP-002-2615,WO-2118,2026-01-31,Shift 2,ISBM-002,M-SOP-002,FR-002-HDPE-PCR-300,6488,L,200,0,0,3,3,Conforming,Approved,Approved,Approved - First Pass,2026-02-01 16:14:47.748,—,Beatriz Costa
LOTE-M-SOP-008-2616,WO-2119,2026-02-01,Shift 3,ISBM-002,M-SOP-008,FR-008-rPET-350,7606,L,200,0,1,0,1,Conforming,Approved,Approved,Approved - First Pass,2026-02-02 04:06:18.996,—,Elena Santos
LOTE-M-SOP-002-2617,WO-2122,2026-02-03,Shift 1,ISBM-002,M-SOP-002,FR-002-HDPE-PCR-300,30024,M,315,0,6,16,22,Conforming,Approved,Approved,Approved - First Pass,2026-02-04 15:36:42.803,—,Carlos Mendes
LOTE-M-SOP-002-2618,WO-2125,2026-02-05,Shift 1,ISBM-002,M-SOP-002,FR-002-HDPE-PCR-300,26407,M,315,0,1,14,15,Conforming,Approved,Approved,Approved - First Pass,2026-02-06 22:37:35.701,—,Diogo Ferreira
LOTE-M-SOP-005-2619,WO-2126,2026-02-06,Shift 1,ISBM-002,M-SOP-005,FR-005-rPET-330,8691,L,200,0,0,2,2,Conforming,Approved,Approved,Approved - First Pass,2026-02-07 11:55:36.045,—,Elena Santos
LOTE-M-SOP-005-2620,WO-2127,2026-02-07,Shift 3,ISBM-002,M-SOP-005,FR-005-rPET-330,4482,L,200,0,0,1,1,Conforming,Approved,Approved,Approved - First Pass,2026-02-07 22:44:13.743,—,Ana Silva
LOTE-M-SOP-005-2621,WO-2129,2026-02-07,Shift 2,ISBM-002,M-SOP-005,FR-005-rPET-330,11778,M,315,0,2,12,14,Conforming,Approved,Approved,Approved - First Pass,2026-02-08 23:43:34.621,—,Carlos Mendes
LOTE-M-SOP-008-2622,WO-2132,2026-02-09,shift 3,ISBM-002,M-SOP-008,FR-008-PET-350,16396,M,315,0,3,11,14,Conforming,Approved,Approved,Approved - First Pass,2026-02-10 21:17:15.831,—,Beatriz Costa
LOTE-M-SOP-008-2623,WO-2134,2026-02-11,Shift 1,ISBM-002,M-SOP-008,FR-008-PETG-350,12910,M,315,0,0,1,1,Conforming,Approved,Approved,Approved - First Pass,2026-02-12 16:24:25.135,—,Elena Santos
LOTE-M-SOP-005-2624,WO-2137,2026-02-13,Shift 1,ISBM-002,M-SOP-005,FR-005-rPET-330,23572,M,315,0,1,10,11,Conforming,Approved,Approved,Approved - First Pass,2026-02-14 20:25:21.276,—,Ana Silva
LOTE-M-SOP-008-2625,WO-2138,2026-02-14,Shift 3,ISBM-002,M-SOP-008,FR-008-LDPE-350,7128,L,200,0,0,5,5,Conforming,Approved,Approved,Approved - First Pass,2026-02-15 07:45:58.397,—,Carlos Mendes
LOTE-M-SOP-002-2626,WO-2139,2026-02-14,Shift 2,ISBM-002,M-SOP-002,FR-002-HDPE-PCR-300,8739,L,200,0,1,6,7,Conforming,Approved,Approved,Approved - First Pass,2026-02-16 00:37:27.016,—,Elena Santos
LOTE-M-SOP-002-2627,WO-2140,2026-02-15,Shift 1,ISBM-002,M-SOP-002,FR-002-HDPE-PCR-300,10630,M,315,0,1,3,4,Conforming,Approved,Approved,Approved - First Pass,2026-02-16 19:05:43.957,—,Elena Santos
LOTE-M-SOP-005-2628,WO-2143,2026-02-17,Shift 2,ISBM-002,M-SOP-005,FR-005-rPET-330,23113,M,315,0,4,13,17,Conforming,Approved,Approved,Approved - First Pass,2026-02-19 00:10:38.890,—,Diogo Ferreira
LOTE-M-SOP-005-2629,WO-2144,2026-02-18,Shift 1,ISBM-002,M-SOP-005,FR-005-rPET-330,8665,L,200,0,1,3,4,Conforming,Approved,Approved,Approved - First Pass,2026-02-19 08:08:11.300,—,Ana Silva
LOTE-M-SOP-002-2630,WO-2146,2026-02-19,Shift 1,ISBM-002,M-SOP-002,FR-002-HDPE-PCR-300,15462,M,315,0,0,8,8,Conforming,Approved,Approved,Approved - First Pass,2026-02-20 10:19:12.615,—,Ana Silva
LOTE-M-SOP-002-2631,WO-2147,2026-02-20,Shift 3,ISBM-002,M-SOP-002,FR-002-HDPE-PCR-300,6968,L,200,0,4,2,6,Conforming,Approved,Approved,Approved - First Pass,2026-02-21 12:46:13.265,—,Ana Silva
LOTE-M-SOP-008-2632,WO-2150,2026-02-21,Shift 2,ISBM-002,M-SOP-008,FR-008-PP-PCR-350,19980,M,315,0,5,13,18,Conforming,Approved,Approved,Approved - First Pass,2026-02-22 17:46:20.539,—,Elena Santos
LOTE-M-SOP-008-2633,WO-2153,2026-02-23,Shift 3,ISBM-002,M-SOP-008,FR-008-HDPE-PCR-350,25930,M,315,0,5,9,14,Conforming,Approved,Approved,Approved - First Pass,2026-02-25 10:07:54.852,—,Elena Santos
LOTE-M-SOP-002-2634,WO-2156,2026-02-26,Shift 1,ISBM-002,M-SOP-002,FR-002-HDPE-PCR-300,19350,M,315,0,3,7,10,Conforming,Approved,Approved,Approved - First Pass,2026-02-27 07:56:40.470,—,Elena Santos
LOTE-M-SOP-005-2635,WO-2157,2026-02-26,Shift 2,ISBM-002,M-SOP-005,FR-005-rPET-330,7266,L,200,0,2,3,5,Conforming,Approved,Approved,Approved - First Pass,2026-02-28 01:07:34.561,—,Beatriz Costa
LOTE-M-SOP-008-2636,WO-2160,2026-03-01,SHIFT 3,ISBM-002,M-SOP-008,FR-008-HDPE-350,19800,M,315,0,4,11,15,Conforming,Approved,Approved,Approved - First Pass,2026-03-02 07:13:52.120,—,Diogo Ferreira
LOTE-M-SOP-005-2637,WO-2161,2026-03-01,Shift 2,ISBM-002,M-SOP-005,FR-005-rPET-330,4474,L,200,0,1,1,2,Conforming,Approved,Approved,Approved - First Pass,2026-03-02 20:31:36.683,—,Diogo Ferreira
LOTE-M-SOP-005-2638,WO-2162,2026-03-02,  Shift 1  ,ISBM-002,M-SOP-005,FR-005-rPET-330,5945,L,200,0,1,6,7,Conforming,Approved,Approved,Approved - First Pass,2026-03-03 04:28:25.871,—,Diogo Ferreira
LOTE-M-SOP-002-2639,WO-2163,2026-03-02,Shift 3,ISBM-002,M-SOP-002,FR-002-HDPE-PCR-300,7218,L,200,0,1,5,6,Conforming,Approved,Approved,Approved - First Pass,2026-03-04 08:43:15.520,—,Diogo Ferreira
LOTE-M-SOP-008-2640,WO-2166,2026-03-05,Shift 3,ISBM-002,M-SOP-008,FR-008-PP-PCR-350,22296,M,315,0,9,7,16,Conforming,Approved,Approved,Approved - First Pass,2026-03-06 01:48:05.979,—,Ana Silva
LOTE-M-SOP-005-2641,WO-2169,2026-03-07,Shift 2,ISBM-002,M-SOP-005,FR-005-rPET-330,27216,M,315,0,2,12,14,Conforming,Approved,Approved,Approved - First Pass,2026-03-08 22:46:49.709,—,Elena Santos
LOTE-M-SOP-008-2642,WO-2171,2026-03-09,Shift 3,ISBM-002,M-SOP-008,FR-008-PET-350,16320,M,315,0,0,10,10,Conforming,Approved,Approved,Approved - First Pass,2026-03-10 01:29:42.414,—,Beatriz Costa
LOTE-M-SOP-005-2643,WO-2172,2026-03-09,Shift 2,ISBM-002,M-SOP-005,FR-005-rPET-330,7127,L,200,0,2,0,2,Conforming,Approved,Approved,Approved - First Pass,2026-03-11 03:08:04.883,—,Beatriz Costa
LOTE-M-SOP-005-2644,WO-2173,2026-03-10,Shift 1,ISBM-002,M-SOP-005,FR-005-rPET-330,6936,L,200,0,2,4,6,Conforming,Approved,Approved,Approved - First Pass,2026-03-11 00:06:19.707,—,Carlos Mendes
LOTE-M-SOP-005-2645,WO-2174,2026-03-10,Shift 2,ISBM-002,M-SOP-005,FR-005-rPET-330,5584,L,200,0,4,4,8,Conforming,Approved,Approved,Approved - First Pass,2026-03-11 09:29:15.404,—,Elena Santos
LOTE-M-SOP-005-2646,WO-2175,2026-03-11,Shift 3,ISBM-002,M-SOP-005,FR-005-rPET-330,5884,L,200,0,0,2,2,Conforming,Approved,Approved,Approved - First Pass,2026-03-12 06:27:08.108,—,Elena Santos
LOTE-M-SOP-008-2647,WO-2176,2026-03-11,Shift 2,ISBM-002,M-SOP-008,FR-008-PET-350,10176,M,315,0,1,6,7,Conforming,Approved,Approved,Approved - First Pass,2026-03-12 19:28:06.591,—,Beatriz Costa
LOTE-M-SOP-002-2648,WO-2178,2026-03-13,Shift 1,ISBM-002,M-SOP-002,FR-002-HDPE-PCR-300,12570,M,315,0,0,8,8,Conforming,Approved,Approved,Approved - First Pass,2026-03-14 09:35:52.686,—,Diogo Ferreira
LOTE-M-SOP-002-2649,WO-2181,2026-03-15,Shift 3,ISBM-002,M-SOP-002,FR-002-HDPE-PCR-300,19528,M,315,0,2,11,13,Conforming,Approved,Approved,Approved - First Pass,2026-03-16 10:30:38.819,—,Ana Silva
LOTE-M-SOP-002-2650,WO-2182,2026-03-15,Shift 2,ISBM-002,M-SOP-002,FR-002-HDPE-PCR-300,12986,M,315,0,4,3,7,Conforming,Approved,Approved,Approved - First Pass,2026-03-17 07:04:46.997,—,Beatriz Costa
LOTE-M-SOP-002-2651,WO-2184,2026-03-17,Shift 2,ISBM-002,M-SOP-002,FR-002-HDPE-PCR-300,15626,M,315,0,5,18,23,Conforming,Approved,Approved,Approved - First Pass,2026-03-19 06:04:13.229,—,Diogo Ferreira
LOTE-M-SOP-002-2652,WO-2186,2026-03-19,Shift 3,ISBM-002,M-SOP-002,FR-002-HDPE-PCR-300,14370,M,315,0,2,13,15,Conforming,Approved,Approved,Approved - First Pass,2026-03-20 05:50:42.238,—,Beatriz Costa
LOTE-M-SOP-002-2653,WO-2187,2026-03-19,Shift 2,ISBM-002,M-SOP-002,FR-002-HDPE-PCR-300,8064,L,200,0,0,0,0,Conforming,Approved,Approved,Approved - First Pass,2026-03-20 15:49:23.849,—,Ana Silva
LOTE-M-SOP-008-2654,WO-2188,2026-03-20,Shift 1,ISBM-002,M-SOP-008,FR-008-LDPE-350,5606,L,200,0,2,3,5,Conforming,Approved,Approved,Approved - First Pass,2026-03-20 23:09:58.361,—,Beatriz Costa
LOTE-M-SOP-002-2655,WO-2189,2026-03-20,Shift 2,ISBM-002,M-SOP-002,FR-002-HDPE-PCR-300,7982,L,200,1,0,7,8,Conforming,Rejected,Approved,Approved - Released on Deviation,2026-03-22 00:16:54.804,—,Ana Silva
LOTE-M-SOP-005-2656,WO-2190,2026-03-21,Shift 1,ISBM-002,M-SOP-005,FR-005-rPET-330,1606,L,200,0,1,1,2,Conforming,Approved,Approved,Approved - First Pass,2026-03-22 14:11:12.152,—,Carlos Mendes
LOTE-M-SOP-005-2657,WO-2193,2026-03-23,Shift 1,ISBM-002,M-SOP-005,FR-005-rPET-330,15090,M,315,0,4,8,12,Conforming,Approved,Approved,Approved - First Pass,2026-03-24 11:03:14.057,—,Ana Silva
LOTE-M-SOP-005-2658,WO-2194,2026-03-24,shift 3,ISBM-002,M-SOP-005,FR-005-rPET-330,8797,L,200,0,0,3,3,Conforming,Approved,Approved,Approved - First Pass,2026-03-25 11:39:55.710,—,Ana Silva
LOTE-M-SOP-002-2659,WO-2195,2026-03-24,Shift 3,ISBM-002,M-SOP-002,FR-002-HDPE-PCR-300,11015,M,315,0,3,7,10,Conforming,Approved,Approved,Approved - First Pass,2026-03-26 08:24:50.608,—,Ana Silva
LOTE-M-SOP-008-2660,WO-2198,2026-03-27,Shift 3,ISBM-002,M-SOP-008,FR-008-PET-350,20887,M,315,0,5,16,21,Conforming,Approved,Approved,Approved - First Pass,2026-03-27 19:58:29.503,—,Ana Silva
LOTE-M-SOP-002-2661,WO-2200,2026-03-28,Shift 1,ISBM-002,M-SOP-002,FR-002-HDPE-PCR-300,11344,M,315,0,1,7,8,Conforming,Approved,Approved,Approved - First Pass,2026-03-29 00:57:48.883,—,Elena Santos
LOTE-M-SOP-002-2662,WO-2201,2026-03-28,Shift 2,ISBM-002,M-SOP-002,FR-002-HDPE-PCR-300,8401,L,200,0,0,2,2,Conforming,Approved,Approved,Approved - First Pass,2026-03-29 17:10:05.810,—,Ana Silva
LOTE-M-SOP-005-2663,WO-2204,2026-03-30,Shift 2,ISBM-002,M-SOP-005,FR-005-rPET-330,19342,M,315,0,3,15,18,Conforming,Approved,Approved,Approved - First Pass,2026-04-01 01:05:24.202,—,Beatriz Costa
LOTE-M-SOP-005-2664,WO-2206,2026-04-01,Shift 1,ISBM-002,M-SOP-005,FR-005-rPET-330,9933,L,200,0,2,15,17,Conforming,Approved,Approved,Approved - First Pass,2026-04-02 11:40:03.184,—,Beatriz Costa
LOTE-M-SOP-002-2665,WO-2208,2026-04-02,Shift 2,ISBM-002,M-SOP-002,FR-002-HDPE-PCR-300,15821,M,315,0,3,13,16,Conforming,Approved,Approved,Approved - First Pass,2026-04-04 02:58:57.832,—,Diogo Ferreira
LOTE-M-SOP-005-2666,WO-2209,2026-04-03,Shift 1,ISBM-002,M-SOP-005,FR-005-rPET-330,8589,L,200,0,1,6,7,Conforming,Approved,Approved,Approved - First Pass,2026-04-04 16:42:00.320,—,Beatriz Costa
LOTE-M-SOP-005-2667,WO-2212,2026-04-05,SHIFT 2,ISBM-002,M-SOP-005,FR-005-rPET-330,18543,M,315,0,5,11,16,Conforming,Approved,Approved,Approved - First Pass,2026-04-06 12:27:32.006,—,Ana Silva
LOTE-M-SOP-002-2668,WO-2215,2026-04-07,Shift 2,ISBM-002,M-SOP-002,FR-002-HDPE-PCR-300,23420,M,315,0,6,15,21,Conforming,Approved,Approved,Approved - First Pass,2026-04-09 04:10:27.042,—,Beatriz Costa
LOTE-M-SOP-005-2669,WO-2217,2026-04-09,Shift 1,ISBM-002,M-SOP-005,FR-005-rPET-330,13540,M,315,0,1,7,8,Conforming,Approved,Approved,Approved - First Pass,2026-04-10 20:15:58.168,—,Ana Silva
LOTE-M-SOP-008-2670,WO-2220,2026-04-11,Shift 1,ISBM-002,M-SOP-008,FR-008-PP-PCR-350,18118,M,315,0,2,20,22,Conforming,Approved,Approved,Approved - First Pass,2026-04-12 12:29:46.488,—,Ana Silva
LOTE-M-SOP-008-2671,WO-2222,2026-04-13,  Shift 3  ,ISBM-002,M-SOP-008,FR-008-HDPE-PCR-350,16362,M,315,0,2,8,10,Conforming,Approved,Approved,Approved - First Pass,2026-04-14 10:01:58.506,—,Carlos Mendes
LOTE-M-SOP-008-2672,WO-2223,2026-04-13,Shift 2,ISBM-002,M-SOP-008,FR-008-PETG-350,10837,M,315,0,1,11,12,Conforming,Approved,Approved,Approved - First Pass,2026-04-14 23:56:43.422,—,Ana Silva
LOTE-M-SOP-002-2673,WO-2224,2026-04-14,Shift 2,ISBM-002,M-SOP-002,FR-002-HDPE-PCR-300,5608,L,200,0,2,4,6,Conforming,Approved,Approved,Approved - First Pass,2026-04-15 13:08:04.986,—,Elena Santos
LOTE-M-SOP-005-2674,WO-2225,2026-04-15,Shift 3,ISBM-002,M-SOP-005,FR-005-rPET-330,3325,L,200,0,0,2,2,Conforming,Approved,Approved,Approved - First Pass,2026-04-15 20:19:15.673,—,Carlos Mendes
LOTE-M-SOP-002-2675,WO-2228,2026-04-17,Shift 3,ISBM-002,M-SOP-002,FR-002-HDPE-PCR-300,26165,M,315,0,6,12,18,Conforming,Approved,Approved,Approved - First Pass,2026-04-17 23:41:19.030,—,Elena Santos
LOTE-M-SOP-005-2676,WO-2229,2026-04-17,Shift 2,ISBM-002,M-SOP-005,FR-005-rPET-330,6610,L,200,0,3,5,8,Conforming,Approved,Approved,Approved - First Pass,2026-04-18 03:18:57.902,—,Carlos Mendes
LOTE-M-SOP-008-2677,WO-2230,2026-04-18,SHIFT 3,ISBM-002,M-SOP-008,FR-008-PP-PCR-350,6478,L,200,0,1,3,4,Conforming,Approved,Approved,Approved - First Pass,2026-04-19 04:05:19.268,—,Beatriz Costa
LOTE-M-SOP-002-2678,WO-2231,2026-04-18,Shift 2,ISBM-002,M-SOP-002,FR-002-HDPE-PCR-300,5999,L,200,0,2,5,7,Conforming,Approved,Approved,Approved - First Pass,2026-04-19 11:19:29.877,—,Diogo Ferreira
LOTE-M-SOP-005-2679,WO-2232,2026-04-19,shift 1,ISBM-002,M-SOP-005,FR-005-rPET-330,8200,L,200,0,0,6,6,Conforming,Approved,Approved,Approved - First Pass,2026-04-21 02:19:30.869,—,Diogo Ferreira
LOTE-M-SOP-008-2680,WO-2235,2026-04-21,Shift 1,ISBM-002,M-SOP-008,FR-008-rPET-350,23492,M,315,0,3,20,23,Conforming,Approved,Approved,Approved - First Pass,2026-04-22 10:43:12.057,—,Ana Silva
LOTE-M-SOP-008-2681,WO-2238,2026-04-23,SHIFT 1,ISBM-002,M-SOP-008,FR-008-rPET-350,14059,M,315,0,5,6,11,Conforming,Approved,Approved,Approved - First Pass,2026-04-24 03:29:35.831,—,Carlos Mendes
LOTE-M-SOP-008-2682,WO-2239,2026-04-23,Shift 2,ISBM-002,M-SOP-008,FR-008-HDPE-350,4663,L,200,0,1,7,8,Conforming,Approved,Approved,Approved - First Pass,2026-04-24 17:03:24.640,—,Elena Santos
LOTE-M-SOP-002-2683,WO-2241,2026-04-25,Shift 1,ISBM-002,M-SOP-002,FR-002-HDPE-PCR-300,15293,M,315,0,2,9,11,Conforming,Approved,Approved,Approved - First Pass,2026-04-26 01:38:01.836,—,Elena Santos
LOTE-M-SOP-002-2684,WO-2242,2026-04-25,shift 3,ISBM-002,M-SOP-002,FR-002-HDPE-PCR-300,6827,L,200,0,1,6,7,Conforming,Approved,Approved,Approved - First Pass,2026-04-26 16:54:27.698,—,Carlos Mendes
LOTE-M-SOP-002-2685,WO-2243,2026-04-26,Shift 1,ISBM-002,M-SOP-002,FR-002-HDPE-PCR-300,7584,L,200,0,1,1,2,Conforming,Approved,Approved,Approved - First Pass,2026-04-27 20:27:42.836,—,Elena Santos
LOTE-M-SOP-008-2686,WO-2244,2026-04-27,shift 3,ISBM-002,M-SOP-008,FR-008-PET-350,11531,M,315,0,1,7,8,Conforming,Approved,Approved,Approved - First Pass,2026-04-28 07:33:23.054,—,Diogo Ferreira
LOTE-M-SOP-002-2687,WO-2246,2026-04-28,Shift 2,ISBM-002,M-SOP-002,FR-002-HDPE-PCR-300,8065,L,200,0,1,5,6,Conforming,Approved,Approved,Approved - First Pass,2026-04-29 04:46:32.732,—,Elena Santos
LOTE-M-SOP-008-2688,WO-2247,2026-04-29,Shift 3,ISBM-002,M-SOP-008,FR-008-HDPE-350,6445,L,200,0,0,0,0,Conforming,Approved,Approved,Approved - First Pass,2026-04-30 08:00:10.455,—,Ana Silva
LOTE-M-SOP-008-2689,WO-2248,2026-04-29,shift 2,ISBM-002,M-SOP-008,FR-008-HDPE-PCR-350,6945,L,200,0,0,5,5,Conforming,Approved,Approved,Approved - First Pass,2026-04-30 12:18:55.027,—,Beatriz Costa
LOTE-M-SOP-005-2690,WO-2250,2026-05-01,Shift 3,ISBM-002,M-SOP-005,FR-005-rPET-330,15554,M,315,0,4,7,11,Conforming,Approved,Approved,Approved - First Pass,2026-05-02 09:25:38.490,—,Carlos Mendes
LOTE-M-SOP-002-2691,WO-2252,2026-05-02,Shift 3,ISBM-002,M-SOP-002,FR-002-HDPE-PCR-300,15273,M,315,0,4,7,11,Conforming,Approved,Approved,Approved - First Pass,2026-05-03 13:52:31.482,—,Beatriz Costa
LOTE-M-SOP-005-2692,WO-2254,2026-05-03,Shift 2,ISBM-002,M-SOP-005,FR-005-rPET-330,14110,M,315,0,1,13,14,Conforming,Approved,Approved,Approved - First Pass,2026-05-04 09:10:55.680,—,Ana Silva
LOTE-M-SOP-008-2693,WO-2256,2026-05-05,Shift 3,ISBM-002,M-SOP-008,FR-008-LDPE-350,19174,M,315,1,3,17,21,Conforming,Rejected,Rejected,Rejected - Scrapped,2026-05-06 02:04:36.646,Leakage:1(Re=1),Elena Santos
LOTE-M-SOP-005-2694,WO-2257,2026-05-05,Shift 2,ISBM-002,M-SOP-005,FR-005-rPET-330,8360,L,200,0,2,1,3,Conforming,Approved,Approved,Approved - First Pass,2026-05-07 15:41:05.558,—,Diogo Ferreira
LOTE-M-SOP-005-2695,WO-2258,2026-05-06,shift 2,ISBM-002,M-SOP-005,FR-005-rPET-330,9136,L,200,0,1,5,6,Conforming,Approved,Approved,Approved - First Pass,2026-05-07 13:25:24.464,—,Elena Santos
LOTE-M-SOP-005-2696,WO-2260,2026-05-08,Shift 1,ISBM-002,M-SOP-005,FR-005-rPET-330,17673,M,315,0,0,5,5,Conforming,Approved,Approved,Approved - First Pass,2026-05-09 04:37:59.755,—,Diogo Ferreira
LOTE-M-SOP-002-2697,WO-2262,2026-05-09,Shift 2,ISBM-002,M-SOP-002,FR-002-HDPE-PCR-300,13009,M,315,0,5,13,18,Conforming,Approved,Approved,Approved - First Pass,2026-05-10 20:36:23.687,—,Diogo Ferreira
LOTE-M-SOP-005-2698,WO-2263,2026-05-10,  Shift 3  ,ISBM-002,M-SOP-005,FR-005-rPET-330,9786,L,200,0,2,3,5,Conforming,Approved,Approved,Approved - First Pass,2026-05-11 07:38:58.281,—,Beatriz Costa
LOTE-M-SOP-005-2699,WO-2264,2026-05-10,Shift 3,ISBM-002,M-SOP-005,FR-005-rPET-330,7068,L,200,0,0,2,2,Conforming,Approved,Approved,Approved - First Pass,2026-05-12 06:41:12.751,—,Elena Santos
LOTE-M-SOP-002-2700,WO-2267,2026-05-13,Shift 3,ISBM-002,M-SOP-002,FR-002-HDPE-PCR-300,24275,M,315,0,0,11,11,Conforming,Approved,Approved,Approved - First Pass,2026-05-14 10:16:59.865,—,Ana Silva
LOTE-M-SOP-005-2701,WO-2268,2026-05-13,Shift 2,ISBM-002,M-SOP-005,FR-005-rPET-330,9101,L,200,0,0,2,2,Conforming,Approved,Approved,Approved - First Pass,2026-05-14 16:20:06.269,—,Elena Santos
LOTE-M-SOP-008-2702,WO-2269,2026-05-14,Shift 2,ISBM-002,M-SOP-008,FR-008-HDPE-PCR-350,9048,L,200,0,2,5,7,Conforming,Approved,Approved,Approved - First Pass,2026-05-15 22:04:48.947,—,Elena Santos
LOTE-M-SOP-008-2703,WO-2271,2026-05-15,Shift 3,ISBM-002,M-SOP-008,FR-008-HDPE-350,12053,M,315,0,1,7,8,Conforming,Approved,Approved,Approved - First Pass,2026-05-16 20:51:38.043,—,Beatriz Costa
LOTE-M-SOP-005-2704,WO-2272,2026-05-16,Shift 1,ISBM-002,M-SOP-005,FR-005-rPET-330,10634,M,315,0,3,7,10,Conforming,Approved,Approved,Approved - First Pass,2026-05-18 05:00:44.855,—,Beatriz Costa
LOTE-M-SOP-002-2705,WO-2274,2026-05-18,Shift 1,ISBM-002,M-SOP-002,FR-002-HDPE-PCR-300,18973,M,315,0,4,6,10,Conforming,Approved,Approved,Approved - First Pass,2026-05-19 08:53:49.362,—,Ana Silva
LOTE-M-SOP-005-2706,WO-2275,2026-05-19,Shift 3,ISBM-002,M-SOP-005,FR-005-rPET-330,8175,L,200,0,2,4,6,Conforming,Approved,Approved,Approved - First Pass,2026-05-19 21:15:28.526,—,Carlos Mendes
LOTE-M-SOP-005-2707,WO-2278,2026-05-20,Shift 3,ISBM-002,M-SOP-005,FR-005-rPET-330,14417,M,315,0,4,9,13,Conforming,Approved,Approved,Approved - First Pass,2026-05-21 16:33:52.805,—,Beatriz Costa
LOTE-M-SOP-002-2708,WO-2279,2026-05-21,Shift 2,ISBM-002,M-SOP-002,FR-002-HDPE-PCR-300,10602,M,315,0,0,7,7,Conforming,Approved,Approved,Approved - First Pass,2026-05-22 14:52:48.992,—,Beatriz Costa
LOTE-M-SOP-005-2709,WO-2282,2026-05-23,Shift 2,ISBM-002,M-SOP-005,FR-005-rPET-330,23861,M,315,0,8,9,17,Conforming,Approved,Approved,Approved - First Pass,2026-05-25 10:28:28.817,—,Beatriz Costa
LOTE-M-SOP-008-2710,WO-2283,2026-05-24,Shift 2,ISBM-002,M-SOP-008,FR-008-HDPE-350,8384,L,200,0,1,1,2,Conforming,Approved,Approved,Approved - First Pass,2026-05-26 04:20:47.130,—,Carlos Mendes
LOTE-M-SOP-008-2711,WO-2284,2026-05-25,Shift 1,ISBM-002,M-SOP-008,FR-008-LDPE-350,8891,L,200,0,2,4,6,Conforming,Approved,Approved,Approved - First Pass,2026-05-26 17:27:25.676,—,Ana Silva
LOTE-M-SOP-008-2712,WO-2287,2026-05-27,Shift 3,ISBM-002,M-SOP-008,FR-008-PP-PCR-350,19003,M,315,0,6,12,18,Conforming,Approved,Approved,Approved - First Pass,2026-05-27 23:11:16.280,—,Beatriz Costa
LOTE-M-SOP-002-2713,WO-2288,2026-05-27,Shift 2,ISBM-002,M-SOP-002,FR-002-HDPE-PCR-300,6649,L,200,0,4,3,7,Conforming,Approved,Approved,Approved - First Pass,2026-05-28 12:24:49.042,—,Elena Santos
LOTE-M-SOP-008-2714,WO-2290,2026-05-28,Shift 2,ISBM-002,M-SOP-008,FR-008-PETG-350,17400,M,315,0,1,4,5,Conforming,Approved,Approved,Approved - First Pass,2026-05-30 04:35:59.950,—,Elena Santos
LOTE-M-SOP-008-2715,WO-2291,2026-05-29,Shift 2,ISBM-002,M-SOP-008,FR-008-PP-PCR-350,4409,L,200,0,1,3,4,Conforming,Approved,Approved,Approved - First Pass,2026-05-30 08:38:06.800,—,Beatriz Costa
LOTE-M-SOP-002-2716,WO-2292,2026-05-30,Shift 3,ISBM-002,M-SOP-002,FR-002-HDPE-PCR-300,7637,L,200,0,3,6,9,Conforming,Approved,Approved,Approved - First Pass,2026-05-31 13:03:12.309,—,Beatriz Costa
LOTE-M-SOP-008-2717,WO-2295,2026-06-01,Shift 3,ISBM-002,M-SOP-008,FR-008-PP-350,20505,M,315,0,5,15,20,Conforming,Approved,Approved,Approved - First Pass,2026-06-01 21:42:02.116,—,Carlos Mendes
LOTE-M-SOP-005-2718,WO-2296,2026-06-01,Shift 2,ISBM-002,M-SOP-005,FR-005-rPET-330,8892,L,200,0,0,4,4,Conforming,Approved,Approved,Approved - First Pass,2026-06-02 13:16:34.494,—,Ana Silva
LOTE-M-SOP-008-2719,WO-2299,2026-06-03,Shift 1,ISBM-002,M-SOP-008,FR-008-rPET-350,24181,M,315,0,3,4,7,Conforming,Approved,Approved,Approved - First Pass,2026-06-04 22:07:23.696,—,Elena Santos
LOTE-M-SOP-002-2720,WO-2301,2026-06-04,shift 2,ISBM-002,M-SOP-002,FR-002-HDPE-PCR-300,14764,M,315,0,3,19,22,Conforming,Approved,Approved,Approved - First Pass,2026-06-05 16:27:49.078,—,Carlos Mendes
LOTE-M-SOP-005-2721,WO-2303,2026-06-06,Shift 3,ISBM-002,M-SOP-005,FR-005-rPET-330,7947,L,200,0,3,3,6,Conforming,Approved,Approved,Approved - First Pass,2026-06-07 06:56:50.520,—,Carlos Mendes
LOTE-M-SOP-008-2722,WO-2306,2026-06-07,Shift 2,ISBM-002,M-SOP-008,FR-008-PET-350,22938,M,315,0,1,10,11,Conforming,Approved,Approved,Approved - First Pass,2026-06-09 02:05:53.496,—,Beatriz Costa
LOTE-M-SOP-005-2723,WO-2308,2026-06-09,Shift 3,ISBM-002,M-SOP-005,FR-005-rPET-330,11704,M,315,0,4,10,14,Conforming,Approved,Approved,Approved - First Pass,2026-06-10 03:09:14.650,—,Elena Santos
LOTE-M-SOP-002-2724,WO-2309,2026-06-09,Shift 3,ISBM-002,M-SOP-002,FR-002-HDPE-PCR-300,5586,L,200,0,1,8,9,Conforming,Approved,Approved,Approved - First Pass,2026-06-10 22:06:42.845,—,Beatriz Costa
LOTE-M-SOP-008-2725,WO-2312,2026-06-11,Shift 1,ISBM-002,M-SOP-008,FR-008-PP-350,21550,M,315,0,1,12,13,Conforming,Approved,Approved,Approved - First Pass,2026-06-12 08:13:18.928,—,Carlos Mendes
LOTE-M-SOP-005-2726,WO-2313,2026-06-12,Shift 1,ISBM-002,M-SOP-005,FR-005-rPET-330,3953,L,200,0,2,4,6,Conforming,Approved,Approved,Approved - First Pass,2026-06-13 01:05:20.165,—,Diogo Ferreira
LOTE-M-SOP-002-2727,WO-2314,2026-06-12,Shift 3,ISBM-002,M-SOP-002,FR-002-HDPE-PCR-300,7691,L,200,0,3,9,12,Conforming,Approved,Approved,Approved - First Pass,2026-06-13 19:06:32.901,—,Elena Santos
LOTE-M-SOP-008-2728,WO-2317,2026-06-14,Shift 3,ISBM-002,M-SOP-008,FR-008-PP-PCR-350,20440,M,315,1,1,10,12,Conforming,Rejected,Rejected,Rejected - Scrapped,2026-06-16 00:57:51.792,Leakage:1(Re=1),Carlos Mendes
LOTE-M-SOP-005-2729,WO-2318,2026-06-15,Shift 1,ISBM-002,M-SOP-005,FR-005-rPET-330,10382,M,315,0,1,5,6,Conforming,Approved,Approved,Approved - First Pass,2026-06-16 14:58:11.345,—,Carlos Mendes
LOTE-M-SOP-005-2730,WO-2320,2026-06-16,Shift 2,ISBM-002,M-SOP-005,FR-005-rPET-330,11534,M,315,0,0,4,4,Conforming,Approved,Approved,Approved - First Pass,2026-06-17 17:12:16.970,—,Beatriz Costa
LOTE-M-SOP-008-2731,WO-2323,2026-06-18,Shift 1,ISBM-002,M-SOP-008,FR-008-PET-350,18640,M,315,0,2,10,12,Conforming,Approved,Approved,Approved - First Pass,2026-06-19 07:00:52.309,—,Diogo Ferreira
LOTE-M-SOP-005-2732,WO-2324,2026-06-19,Shift 3,ISBM-002,M-SOP-005,FR-005-rPET-330,5868,L,200,0,2,3,5,Conforming,Approved,Approved,Approved - First Pass,2026-06-19 22:39:03.373,—,Ana Silva
LOTE-M-SOP-005-2733,WO-2327,2026-06-20,Shift 2,ISBM-002,M-SOP-005,FR-005-rPET-330,16537,M,315,0,2,9,11,Conforming,Approved,Approved,Approved - First Pass,2026-06-22 02:04:38.703,—,Elena Santos
LOTE-M-SOP-002-2734,WO-2330,2026-06-22,Shift 2,ISBM-002,M-SOP-002,FR-002-HDPE-PCR-300,18569,M,315,0,5,15,20,Conforming,Approved,Approved,Approved - First Pass,2026-06-23 18:49:29.175,—,Beatriz Costa
LOTE-M-SOP-002-2735,WO-2333,2026-06-24,SHIFT 2,ISBM-002,M-SOP-002,FR-002-HDPE-PCR-300,18981,M,315,0,4,11,15,Conforming,Approved,Approved,Approved - First Pass,2026-06-25 11:46:51.294,—,Elena Santos
LOTE-M-SOP-002-2736,WO-2335,2026-06-25,Shift 2,ISBM-002,M-SOP-002,FR-002-HDPE-PCR-300,7917,L,200,0,0,7,7,Conforming,Approved,Approved,Approved - First Pass,2026-06-26 22:32:20.997,—,Ana Silva
LOTE-M-SOP-005-2737,WO-2337,2026-06-27,Shift 2,ISBM-002,M-SOP-005,FR-005-rPET-330,16047,M,315,0,8,10,18,Conforming,Approved,Approved,Approved - First Pass,2026-06-28 15:03:33.261,—,Carlos Mendes
LOTE-M-SOP-005-2738,WO-2338,2026-06-28,Shift 1,ISBM-002,M-SOP-005,FR-005-rPET-330,8410,L,200,0,1,4,5,Conforming,Approved,Approved,Approved - First Pass,2026-06-29 05:44:33.859,—,Elena Santos
LOTE-M-SOP-005-2739,WO-2340,2026-06-29,Shift 2,ISBM-002,M-SOP-005,FR-005-rPET-330,13353,M,315,1,3,9,13,Conforming,Rejected,Rejected,Rejected - Scrapped,2026-06-30 19:24:01.284,Leakage:1(Re=1),Diogo Ferreira
LOTE-M-SOP-005-2740,WO-2341,2026-06-30,Shift 3,ISBM-002,M-SOP-005,FR-005-rPET-330,10487,M,315,0,2,2,4,Conforming,Approved,Approved,Approved - First Pass,2026-07-01 12:34:23.336,—,Diogo Ferreira
LOTE-M-SOP-005-2741,WO-2344,2026-07-02,Shift 1,ISBM-002,M-SOP-005,FR-005-rPET-330,23170,M,315,0,2,17,19,Conforming,Approved,Approved,Approved - First Pass,2026-07-03 14:21:52.167,—,Ana Silva
LOTE-M-SOP-008-2742,WO-2346,2026-07-03,Shift 2,ISBM-002,M-SOP-008,FR-008-LDPE-350,11952,M,315,0,1,7,8,Conforming,Approved,Approved,Approved - First Pass,2026-07-04 19:47:44.060,—,Diogo Ferreira
LOTE-M-SOP-005-2743,WO-2349,2026-07-05,Shift 1,ISBM-002,M-SOP-005,FR-005-rPET-330,17681,M,315,0,1,13,14,Conforming,Approved,Approved,Approved - First Pass,2026-07-06 17:18:08.496,—,Elena Santos
LOTE-M-SOP-008-2744,WO-2350,2026-07-06,SHIFT 1,ISBM-002,M-SOP-008,FR-008-HDPE-350,4534,L,200,0,1,1,2,Conforming,Approved,Approved,Approved - First Pass,2026-07-07 04:23:36.778,—,Carlos Mendes
LOTE-M-SOP-005-2745,WO-2352,2026-07-07,Shift 1,ISBM-002,M-SOP-005,FR-005-rPET-330,12684,M,315,0,0,4,4,Conforming,Approved,Approved,Approved - First Pass,2026-07-08 05:23:31.967,—,Elena Santos
LOTE-M-SOP-002-2746,WO-2354,2026-07-08,Shift 3,ISBM-002,M-SOP-002,FR-002-HDPE-PCR-300,11253,M,315,0,4,3,7,Conforming,Approved,Approved,Approved - First Pass,2026-07-09 19:37:38.290,—,Beatriz Costa
LOTE-M-SOP-008-2747,WO-2355,2026-07-09,  Shift 2  ,ISBM-002,M-SOP-008,FR-008-PP-PCR-350,8645,L,200,0,0,0,0,Conforming,Approved,Approved,Approved - First Pass,2026-07-10 22:45:06.715,—,Diogo Ferreira
LOTE-M-SOP-002-2748,WO-2356,2026-07-10,Shift 1,ISBM-002,M-SOP-002,FR-002-HDPE-PCR-300,9827,L,200,0,3,8,11,Conforming,Approved,Approved,Approved - First Pass,2026-07-11 17:27:40.958,—,Elena Santos
LOTE-M-SOP-002-2749,WO-2357,2026-07-11,Shift 3,ISBM-002,M-SOP-002,FR-002-HDPE-PCR-300,7108,L,200,0,0,4,4,Conforming,Approved,Approved,Approved - First Pass,2026-07-12 06:03:20.982,—,Carlos Mendes
LOTE-M-SOP-002-2750,WO-2358,2026-07-11,Shift 2,ISBM-002,M-SOP-002,FR-002-HDPE-PCR-300,4070,L,200,0,2,4,6,Conforming,Approved,Approved,Approved - First Pass,2026-07-12 14:37:21.771,—,Diogo Ferreira
LOTE-M-SOP-002-2751,WO-2361,2026-07-13,Shift 1,ISBM-002,M-SOP-002,FR-002-HDPE-PCR-300,17759,M,315,0,6,6,12,Conforming,Approved,Approved,Approved - First Pass,2026-07-14 21:59:52.886,—,Elena Santos
LOTE-M-SOP-005-2752,WO-2363,2026-07-14,Shift 3,ISBM-002,M-SOP-005,FR-005-rPET-330,21877,M,315,1,0,7,8,Conforming,Rejected,Approved,Approved - Reworked,2026-07-16 13:37:33.767,—,Carlos Mendes
LOTE-M-SOP-005-2753,WO-2365,2026-07-16,Shift 1,ISBM-002,M-SOP-005,FR-005-rPET-330,16699,M,315,0,1,12,13,Conforming,Approved,Approved,Approved - First Pass,2026-07-17 17:15:37.026,—,Carlos Mendes
LOTE-M-SOP-005-2754,WO-2366,2026-07-17,Shift 3,ISBM-002,M-SOP-005,FR-005-rPET-330,8963,L,200,0,0,2,2,Conforming,Approved,Approved,Approved - First Pass,2026-07-18 15:55:32.237,—,Beatriz Costa
LOTE-M-SOP-008-2755,WO-2368,2026-07-18,Shift 2,ISBM-002,M-SOP-008,FR-008-HDPE-350,14291,M,315,0,3,8,11,Conforming,Approved,Approved,Approved - First Pass,2026-07-20 01:45:15.025,—,Ana Silva
LOTE-M-SOP-008-2756,WO-2371,2026-07-21,Shift 3,ISBM-002,M-SOP-008,FR-008-HDPE-PCR-350,24097,M,315,0,3,4,7,Conforming,Approved,Approved,Approved - First Pass,2026-07-22 09:29:46.879,—,Carlos Mendes
LOTE-M-SOP-002-2757,WO-2373,2026-07-22,Shift 2,ISBM-002,M-SOP-002,FR-002-HDPE-PCR-300,18298,M,315,0,3,3,6,Conforming,Approved,Approved,Approved - First Pass,2026-07-24 06:13:15.954,—,Carlos Mendes
LOTE-M-SOP-002-2758,WO-2375,2026-07-24,Shift 3,ISBM-002,M-SOP-002,FR-002-HDPE-PCR-300,16738,M,315,0,1,12,13,Conforming,Approved,Approved,Approved - First Pass,2026-07-25 11:52:39.537,—,Elena Santos
LOTE-M-SOP-005-2759,WO-2376,2026-07-24,Shift 3,ISBM-002,M-SOP-005,FR-005-rPET-330,6912,L,200,0,1,3,4,Conforming,Approved,Approved,Approved - First Pass,2026-07-26 02:17:53.695,—,Elena Santos
LOTE-M-SOP-002-2760,WO-2378,2026-07-26,Shift 3,ISBM-002,M-SOP-002,FR-002-HDPE-PCR-300,12996,M,315,0,0,6,6,Conforming,Approved,Approved,Approved - First Pass,2026-07-27 02:55:17.947,—,Elena Santos
LOTE-M-SOP-005-2761,WO-2381,2026-07-28,Shift 1,ISBM-002,M-SOP-005,FR-005-rPET-330,27976,M,315,1,2,16,19,Conforming,Rejected,Rejected,Rejected - Scrapped,2026-07-29 20:46:32.830,Leakage:1(Re=1),Elena Santos
LOTE-M-SOP-002-2762,WO-2383,2026-07-29,Shift 1,ISBM-002,M-SOP-002,FR-002-HDPE-PCR-300,12167,M,315,0,2,6,8,Conforming,Approved,Approved,Approved - First Pass,2026-07-30 10:15:50.876,—,Beatriz Costa
LOTE-M-SOP-002-2763,WO-2385,2026-07-30,Shift 2,ISBM-002,M-SOP-002,FR-002-HDPE-PCR-300,12221,M,315,0,1,3,4,Conforming,Approved,Approved,Approved - First Pass,2026-08-01 05:11:27.028,—,Beatriz Costa
LOTE-M-SOP-005-2764,WO-2387,2026-08-01,Shift 1,ISBM-002,M-SOP-005,FR-005-rPET-330,13062,M,315,0,0,4,4,Conforming,Approved,Approved,Approved - First Pass,2026-08-02 13:35:30.041,—,Elena Santos
LOTE-M-SOP-008-2765,WO-2389,2026-08-02,Shift 2,ISBM-002,M-SOP-008,FR-008-HDPE-350,10732,M,315,0,3,7,10,Conforming,Approved,Approved,Approved - First Pass,2026-08-03 23:52:56.665,—,Elena Santos
LOTE-M-SOP-002-2766,WO-2390,2026-08-03,Shift 2,ISBM-002,M-SOP-002,FR-002-HDPE-PCR-300,11238,M,315,0,1,12,13,Conforming,Approved,Approved,Approved - First Pass,2026-08-04 11:44:54.351,—,Diogo Ferreira
LOTE-M-SOP-002-2767,WO-2391,2026-08-04,Shift 1,ISBM-002,M-SOP-002,FR-002-HDPE-PCR-300,9180,L,200,0,0,4,4,Conforming,Approved,Approved,Approved - First Pass,2026-08-05 12:33:04.621,—,Beatriz Costa
LOTE-M-SOP-002-2768,WO-2392,2026-08-05,Shift 3,ISBM-002,M-SOP-002,FR-002-HDPE-PCR-300,6904,L,200,0,0,3,3,Conforming,Approved,Approved,Approved - First Pass,2026-08-06 09:38:30.576,—,Beatriz Costa
LOTE-M-SOP-008-2769,WO-2393,2026-08-05,Shift 2,ISBM-002,M-SOP-008,FR-008-PP-PCR-350,8756,L,200,0,1,5,6,Conforming,Approved,Approved,Approved - First Pass,2026-08-07 14:00:34.058,—,Ana Silva
LOTE-M-SOP-005-2770,WO-2394,2026-08-06,Shift 2,ISBM-002,M-SOP-005,FR-005-rPET-330,9971,L,200,0,2,4,6,Conforming,Approved,Approved,Approved - First Pass,2026-08-07 18:48:37.430,—,Diogo Ferreira
LOTE-M-SOP-005-2771,WO-2396,2026-08-08,Shift 3,ISBM-002,M-SOP-005,FR-005-rPET-330,12194,M,315,0,4,3,7,Conforming,Approved,Approved,Approved - First Pass,2026-08-09 09:45:46.232,—,Elena Santos
LOTE-M-SOP-002-2772,WO-2397,2026-08-09,Shift 3,ISBM-002,M-SOP-002,FR-002-HDPE-PCR-300,7098,L,200,0,0,3,3,Conforming,Approved,Approved,Approved - First Pass,2026-08-10 09:30:59.272,—,Elena Santos
LOTE-M-SOP-002-2773,WO-2398,2026-08-09,Shift 2,ISBM-002,M-SOP-002,FR-002-HDPE-PCR-300,6056,L,200,0,0,1,1,Conforming,Approved,Approved,Approved - First Pass,2026-08-10 10:01:43.209,—,Carlos Mendes
LOTE-M-SOP-002-2774,WO-2400,2026-08-10,Shift 2,ISBM-002,M-SOP-002,FR-002-HDPE-PCR-300,16720,M,315,0,0,6,6,Conforming,Approved,Approved,Approved - First Pass,2026-08-11 15:57:27.016,—,Beatriz Costa
LOTE-M-SOP-008-2775,WO-2403,2026-08-13,Shift 3,ISBM-002,M-SOP-008,FR-008-HDPE-PCR-350,22618,M,315,0,4,13,17,Conforming,Approved,Approved,Approved - First Pass,2026-08-14 18:01:49.341,—,Ana Silva
LOTE-M-SOP-002-2776,WO-2404,2026-08-14,Shift 3,ISBM-002,M-SOP-002,FR-002-HDPE-PCR-300,9527,L,200,0,0,1,1,Conforming,Approved,Approved,Approved - First Pass,2026-08-15 07:05:51.944,—,Ana Silva
LOTE-M-SOP-005-2777,WO-2407,2026-08-16,Shift 1,ISBM-002,M-SOP-005,FR-005-rPET-330,29609,M,315,0,2,9,11,Conforming,Approved,Approved,Approved - First Pass,2026-08-17 15:33:06.251,—,Beatriz Costa
LOTE-M-SOP-008-2778,WO-2410,2026-08-18,Shift 1,ISBM-002,M-SOP-008,FR-008-HDPE-PCR-350,24888,M,315,0,6,15,21,Conforming,Approved,Approved,Approved - First Pass,2026-08-19 18:50:44.443,—,Beatriz Costa
LOTE-M-SOP-008-2779,WO-2413,2026-08-20,Shift 2,ISBM-002,M-SOP-008,FR-008-rPET-350,26304,M,315,1,0,21,22,Conforming,Rejected,Rejected,Rejected - Scrapped,2026-08-21 19:06:59.458,Leakage:1(Re=1),Ana Silva
LOTE-M-SOP-008-2780,WO-2416,2026-08-22,Shift 3,ISBM-002,M-SOP-008,FR-008-PETG-350,24565,M,315,0,4,10,14,Conforming,Approved,Approved,Approved - First Pass,2026-08-24 05:21:48.820,—,Elena Santos
LOTE-M-SOP-002-2781,WO-2417,2026-08-23,Shift 2,ISBM-002,M-SOP-002,FR-002-HDPE-PCR-300,8921,L,200,0,2,0,2,Conforming,Approved,Approved,Approved - First Pass,2026-08-24 18:06:39.296,—,Carlos Mendes
LOTE-M-SOP-002-2782,WO-2420,2026-08-26,Shift 3,ISBM-002,M-SOP-002,FR-002-HDPE-PCR-300,20783,M,315,0,2,11,13,Conforming,Approved,Approved,Approved - First Pass,2026-08-27 04:47:42.522,—,Beatriz Costa
LOTE-M-SOP-002-2783,WO-2422,2026-08-27,Shift 2,ISBM-002,M-SOP-002,FR-002-HDPE-PCR-300,16883,M,315,0,6,4,10,Conforming,Approved,Approved,Approved - First Pass,2026-08-28 15:02:42.106,—,Beatriz Costa
LOTE-M-SOP-002-2784,WO-2424,2026-08-29,shift 3,ISBM-002,M-SOP-002,FR-002-HDPE-PCR-300,6116,L,200,0,1,1,2,Conforming,Approved,Approved,Approved - First Pass,2026-08-30 11:27:03.139,—,Beatriz Costa
LOTE-M-SOP-008-2785,WO-2427,2026-08-30,Shift 3,ISBM-002,M-SOP-008,FR-008-rPET-350,19800,M,315,0,2,15,17,Conforming,Approved,Approved,Approved - First Pass,2026-09-01 01:57:56.304,—,Diogo Ferreira
LOTE-M-SOP-002-2786,WO-2429,2026-09-01,Shift 2,ISBM-002,M-SOP-002,FR-002-HDPE-PCR-300,12552,M,315,0,8,5,13,Conforming,Approved,Approved,Approved - First Pass,2026-09-03 01:57:35.000,—,Diogo Ferreira
LOTE-M-SOP-002-2787,WO-2430,2026-09-02,Shift 1,ISBM-002,M-SOP-002,FR-002-HDPE-PCR-300,5359,L,200,0,3,2,5,Conforming,Approved,Approved,Approved - First Pass,2026-09-03 19:05:27.314,—,Ana Silva
LOTE-M-SOP-002-2788,WO-2431,2026-09-03,Shift 3,ISBM-002,M-SOP-002,FR-002-HDPE-PCR-300,7740,L,200,0,2,5,7,Conforming,Approved,Approved,Approved - First Pass,2026-09-04 01:04:09.114,—,Carlos Mendes
LOTE-M-SOP-002-2789,WO-2432,2026-09-03,Shift 2,ISBM-002,M-SOP-002,FR-002-HDPE-PCR-300,9127,L,200,0,0,1,1,Conforming,Approved,Approved,Approved - First Pass,2026-09-04 16:57:42.646,—,Carlos Mendes
LOTE-M-SOP-008-2790,WO-2433,2026-09-04,Shift 2,ISBM-002,M-SOP-008,FR-008-LDPE-350,10673,M,315,0,7,2,9,Conforming,Approved,Approved,Approved - First Pass,2026-09-05 15:29:30.049,—,Beatriz Costa
LOTE-M-SOP-008-2791,WO-2434,2026-09-05,Shift 1,ISBM-002,M-SOP-008,FR-008-PETG-350,6827,L,200,0,0,3,3,Conforming,Approved,Approved,Approved - First Pass,2026-09-06 07:11:23.959,—,Carlos Mendes
LOTE-M-SOP-002-2792,WO-2435,2026-09-06,Shift 3,ISBM-002,M-SOP-002,FR-002-HDPE-PCR-300,8582,L,200,0,2,4,6,Conforming,Approved,Approved,Approved - First Pass,2026-09-07 11:35:18.694,—,Ana Silva
LOTE-M-SOP-005-2793,WO-2437,2026-09-07,Shift 2,ISBM-002,M-SOP-005,FR-005-rPET-330,17669,M,315,0,1,13,14,Conforming,Approved,Approved,Approved - First Pass,2026-09-08 15:49:33.270,—,Diogo Ferreira
LOTE-M-SOP-002-2794,WO-2440,2026-09-09,Shift 2,ISBM-002,M-SOP-002,FR-002-HDPE-PCR-300,14043,M,315,0,2,6,8,Conforming,Approved,Approved,Approved - First Pass,2026-09-10 11:09:37.033,—,Ana Silva
LOTE-M-SOP-005-2795,WO-2442,2026-09-11,Shift 3,ISBM-002,M-SOP-005,FR-005-rPET-330,12817,M,315,0,1,6,7,Conforming,Approved,Approved,Approved - First Pass,2026-09-11 21:45:30.283,—,Carlos Mendes
LOTE-M-SOP-008-2796,WO-2444,2026-09-12,Shift 3,ISBM-002,M-SOP-008,FR-008-LDPE-350,13840,M,315,0,3,3,6,Conforming,Approved,Approved,Approved - First Pass,2026-09-13 04:02:30.816,—,Carlos Mendes
LOTE-M-SOP-008-2797,WO-2445,2026-09-12,Shift 2,ISBM-002,M-SOP-008,FR-008-PP-350,4331,L,200,0,2,2,4,Conforming,Approved,Approved,Approved - First Pass,2026-09-13 03:46:39.030,—,Carlos Mendes
LOTE-M-SOP-008-2798,WO-2446,2026-09-12,Shift 3,ISBM-002,M-SOP-008,FR-008-rPET-350,5944,L,200,0,2,2,4,Conforming,Approved,Approved,Approved - First Pass,2026-09-13 17:03:34.735,—,Carlos Mendes
LOTE-M-SOP-008-2799,WO-2447,2026-09-13,Shift 1,ISBM-002,M-SOP-008,FR-008-PETG-350,8266,L,200,0,0,3,3,Conforming,Approved,Approved,Approved - First Pass,2026-09-14 14:47:48.110,—,Elena Santos
LOTE-M-SOP-005-2800,WO-2449,2026-09-14,Shift 1,ISBM-002,M-SOP-005,FR-005-rPET-330,15223,M,315,0,2,11,13,Conforming,Approved,Approved,Approved - First Pass,2026-09-15 08:39:38.456,—,Beatriz Costa
LOTE-M-SOP-008-2801,WO-2451,2026-09-16,Shift 1,ISBM-002,M-SOP-008,FR-008-LDPE-350,17173,M,315,0,5,10,15,Conforming,Approved,Approved,Approved - First Pass,2026-09-17 04:42:40.585,—,Carlos Mendes
LOTE-M-SOP-005-2802,WO-2452,2026-09-16,Shift 2,ISBM-002,M-SOP-005,FR-005-rPET-330,4348,L,200,0,0,14,14,Conforming,Approved,Approved,Approved - First Pass,2026-09-17 21:53:24.368,—,Carlos Mendes
LOTE-M-SOP-002-2803,WO-2455,2026-09-18,shift 1,ISBM-002,M-SOP-002,FR-002-HDPE-PCR-300,18002,M,315,0,5,6,11,Conforming,Approved,Approved,Approved - First Pass,2026-09-19 03:19:47.180,—,Elena Santos
LOTE-M-SOP-008-2804,WO-2456,2026-09-19,Shift 3,ISBM-002,M-SOP-008,FR-008-LDPE-350,9041,L,200,0,0,2,2,Conforming,Approved,Approved,Approved - First Pass,2026-09-20 05:44:32.289,—,Elena Santos
LOTE-M-SOP-005-2805,WO-2458,2026-09-20,Shift 1,ISBM-002,M-SOP-005,FR-005-rPET-330,11930,M,315,0,5,8,13,Conforming,Approved,Approved,Approved - First Pass,2026-09-21 03:32:48.824,—,Carlos Mendes
LOTE-M-SOP-008-2806,WO-2459,2026-09-20,  Shift 2  ,ISBM-002,M-SOP-008,FR-008-PETG-350,4532,L,200,0,0,4,4,Conforming,Approved,Approved,Approved - First Pass,2026-09-21 16:18:13.153,—,Elena Santos
LOTE-M-SOP-008-2807,WO-2460,2026-09-21,  Shift 3  ,ISBM-002,M-SOP-008,FR-008-PP-PCR-350,5430,L,200,0,0,1,1,Conforming,Approved,Approved,Approved - First Pass,2026-09-22 10:34:48.389,—,Carlos Mendes
LOTE-M-SOP-005-2808,WO-2463,2026-09-23,Shift 2,ISBM-002,M-SOP-005,FR-005-rPET-330,24907,M,315,0,3,10,13,Conforming,Approved,Approved,Approved - First Pass,2026-09-25 06:28:59.751,—,Elena Santos
LOTE-M-SOP-002-2809,WO-2464,2026-09-24,Shift 1,ISBM-002,M-SOP-002,FR-002-HDPE-PCR-300,7069,L,200,0,1,1,2,Conforming,Approved,Approved,Approved - First Pass,2026-09-25 07:19:34.950,—,Diogo Ferreira
LOTE-M-SOP-008-2810,WO-2466,2026-09-26,Shift 3,ISBM-002,M-SOP-008,FR-008-rPET-350,13953,M,315,0,5,3,8,Conforming,Approved,Approved,Approved - First Pass,2026-09-27 08:37:16.769,—,Diogo Ferreira
LOTE-M-SOP-008-2811,WO-2467,2026-09-26,Shift 2,ISBM-002,M-SOP-008,FR-008-HDPE-PCR-350,6562,L,200,0,1,1,2,Conforming,Approved,Approved,Approved - First Pass,2026-09-27 16:21:07.292,—,Diogo Ferreira
LOTE-M-SOP-005-2812,WO-2469,2026-09-27,Shift 2,ISBM-002,M-SOP-005,FR-005-rPET-330,16766,M,315,0,1,2,3,Conforming,Approved,Approved,Approved - First Pass,2026-09-28 18:49:50.337,—,Elena Santos
LOTE-M-SOP-005-2813,WO-2471,2026-09-29,Shift 2,ISBM-002,M-SOP-005,FR-005-rPET-330,17311,M,315,0,3,9,12,Conforming,Approved,Approved,Approved - First Pass,2026-09-30 16:30:15.528,—,Ana Silva
LOTE-M-SOP-002-2814,WO-2472,2026-09-30,Shift 1,ISBM-002,M-SOP-002,FR-002-HDPE-PCR-300,5961,L,200,0,0,0,0,Conforming,Approved,Approved,Approved - First Pass,2026-10-01 04:16:36.270,—,Carlos Mendes
LOTE-M-SOP-005-2815,WO-2473,2026-09-30,Shift 3,ISBM-002,M-SOP-005,FR-005-rPET-330,8490,L,200,0,0,0,0,Conforming,Approved,Approved,Approved - First Pass,2026-10-01 18:19:13.984,—,Carlos Mendes
LOTE-M-SOP-008-2816,WO-2474,2026-10-01,shift 1,ISBM-002,M-SOP-008,FR-008-PETG-350,9197,L,200,1,1,5,7,Conforming,Rejected,Approved,Approved - Released on Deviation,2026-10-02 23:32:55.167,—,Elena Santos
LOTE-M-SOP-002-2817,WO-2475,2026-10-02,shift 1,ISBM-002,M-SOP-002,FR-002-HDPE-PCR-300,9738,L,200,0,0,3,3,Conforming,Approved,Approved,Approved - First Pass,2026-10-03 18:11:11.011,—,Diogo Ferreira
LOTE-M-SOP-008-2818,WO-2476,2026-10-03,Shift 3,ISBM-002,M-SOP-008,FR-008-PETG-350,5710,L,200,0,1,4,5,Conforming,Approved,Approved,Approved - First Pass,2026-10-04 01:14:08.321,—,Elena Santos
LOTE-M-SOP-008-2819,WO-2477,2026-10-03,Shift 2,ISBM-002,M-SOP-008,FR-008-HDPE-PCR-350,8200,L,200,0,2,2,4,Conforming,Approved,Approved,Approved - First Pass,2026-10-04 17:13:32.584,—,Diogo Ferreira
LOTE-M-SOP-002-2820,WO-2478,2026-10-04,SHIFT 1,ISBM-002,M-SOP-002,FR-002-HDPE-PCR-300,10398,M,315,0,0,5,5,Conforming,Approved,Approved,Approved - First Pass,2026-10-06 01:18:31.817,—,Beatriz Costa
LOTE-M-SOP-005-2821,WO-2481,2026-10-06,Shift 2,ISBM-002,M-SOP-005,FR-005-rPET-330,13375,M,315,0,7,12,19,Conforming,Approved,Approved,Approved - First Pass,2026-10-07 15:56:32.243,—,Diogo Ferreira
LOTE-M-SOP-005-2822,WO-2482,2026-10-07,Shift 3,ISBM-002,M-SOP-005,FR-005-rPET-330,7608,L,200,0,3,8,11,Conforming,Approved,Approved,Approved - First Pass,2026-10-08 09:02:33.335,—,Carlos Mendes
LOTE-M-SOP-005-2823,WO-2484,2026-10-08,Shift 1,ISBM-002,M-SOP-005,FR-005-rPET-330,17530,M,315,0,1,11,12,Conforming,Approved,Approved,Approved - First Pass,2026-10-09 15:51:42.848,—,Diogo Ferreira
LOTE-M-SOP-005-2824,WO-2485,2026-10-09,Shift 3,ISBM-002,M-SOP-005,FR-005-rPET-330,4396,L,200,0,0,5,5,Conforming,Approved,Approved,Approved - First Pass,2026-10-09 13:26:22.798,—,Elena Santos
LOTE-M-SOP-002-2825,WO-2488,2026-10-11,Shift 3,ISBM-002,M-SOP-002,FR-002-HDPE-PCR-300,25261,M,315,0,3,12,15,Conforming,Approved,Approved,Approved - First Pass,2026-10-11 21:19:28.265,—,Beatriz Costa
LOTE-M-SOP-005-2826,WO-2490,2026-10-12,Shift 1,ISBM-002,M-SOP-005,FR-005-rPET-330,11253,M,315,0,5,3,8,Conforming,Approved,Approved,Approved - First Pass,2026-10-13 11:33:55.247,—,Ana Silva
LOTE-M-SOP-008-2827,WO-2491,2026-10-12,Shift 2,ISBM-002,M-SOP-008,FR-008-PET-350,4999,L,200,0,1,7,8,Conforming,Approved,Approved,Approved - First Pass,2026-10-13 19:12:27.414,—,Beatriz Costa
LOTE-M-SOP-005-2828,WO-2494,2026-10-15,Shift 3,ISBM-002,M-SOP-005,FR-005-rPET-330,24556,M,315,0,2,12,14,Conforming,Approved,Approved,Approved - First Pass,2026-10-16 13:34:53.206,—,Carlos Mendes
LOTE-M-SOP-005-2829,WO-2495,2026-10-15,Shift 2,ISBM-002,M-SOP-005,FR-005-rPET-330,12083,M,315,0,6,5,11,Conforming,Approved,Approved,Approved - First Pass,2026-10-17 01:21:17.457,—,Diogo Ferreira
LOTE-M-SOP-002-2830,WO-2497,2026-10-17,  Shift 3  ,ISBM-002,M-SOP-002,FR-002-HDPE-PCR-300,12714,M,315,0,4,5,9,Conforming,Approved,Approved,Approved - First Pass,2026-10-18 18:13:50.903,—,Ana Silva
LOTE-M-SOP-005-2831,WO-2498,2026-10-18,Shift 3,ISBM-002,M-SOP-005,FR-005-rPET-330,8771,L,200,0,1,4,5,Conforming,Approved,Approved,Approved - First Pass,2026-10-19 17:14:51.822,—,Carlos Mendes
LOTE-M-SOP-008-2832,WO-2501,2026-10-20,Shift 3,ISBM-002,M-SOP-008,FR-008-rPET-350,18498,M,315,0,4,9,13,Conforming,Approved,Approved,Approved - First Pass,2026-10-21 14:11:49.951,—,Beatriz Costa
LOTE-M-SOP-008-2833,WO-2503,2026-10-21,Shift 2,ISBM-002,M-SOP-008,FR-008-PETG-350,17745,M,315,0,3,11,14,Conforming,Approved,Approved,Approved - First Pass,2026-10-22 18:16:33.051,—,Ana Silva
LOTE-M-SOP-008-2834,WO-2505,2026-10-22,Shift 2,ISBM-002,M-SOP-008,FR-008-LDPE-350,14077,M,315,0,1,9,10,Conforming,Approved,Approved,Approved - First Pass,2026-10-23 21:17:40.237,—,Ana Silva
LOTE-M-SOP-002-2835,WO-2507,2026-10-24,Shift 1,ISBM-002,M-SOP-002,FR-002-HDPE-PCR-300,15007,M,315,0,1,11,12,Conforming,Approved,Approved,Approved - First Pass,2026-10-25 04:07:10.301,—,Elena Santos
LOTE-M-SOP-005-2836,WO-2508,2026-10-25,Shift 3,ISBM-002,M-SOP-005,FR-005-rPET-330,7642,L,200,0,1,1,2,Conforming,Approved,Approved,Approved - First Pass,2026-10-25 19:33:56.158,—,Diogo Ferreira
LOTE-M-SOP-008-2837,WO-2509,2026-10-25,Shift 2,ISBM-002,M-SOP-008,FR-008-PP-PCR-350,9238,L,200,0,0,5,5,Conforming,Approved,Approved,Approved - First Pass,2026-10-26 13:29:15.203,—,Beatriz Costa
LOTE-M-SOP-008-2838,WO-2511,2026-10-27,Shift 1,ISBM-002,M-SOP-008,FR-008-LDPE-350,19545,M,315,0,0,9,9,Conforming,Approved,Approved,Approved - First Pass,2026-10-28 13:29:32.744,—,Carlos Mendes
LOTE-M-SOP-005-2839,WO-2513,2026-10-28,Shift 1,ISBM-002,M-SOP-005,FR-005-rPET-330,10473,M,315,0,0,8,8,Conforming,Approved,Approved,Approved - First Pass,2026-10-29 12:16:24.253,—,Carlos Mendes
LOTE-M-SOP-008-2840,WO-2516,2026-10-30,  Shift 1  ,ISBM-002,M-SOP-008,FR-008-PETG-350,23779,M,315,1,4,8,13,Conforming,Rejected,Rejected,Rejected - Scrapped,2026-10-31 17:38:27.187,Leakage:1(Re=1),Ana Silva
LOTE-M-SOP-002-2841,WO-2519,2026-11-01,Shift 1,ISBM-002,M-SOP-002,FR-002-HDPE-PCR-300,21654,M,315,0,3,12,15,Conforming,Approved,Approved,Approved - First Pass,2026-11-02 10:16:11.454,—,Beatriz Costa
LOTE-M-SOP-002-2842,WO-2522,2026-11-03,Shift 2,ISBM-002,M-SOP-002,FR-002-HDPE-PCR-300,17065,M,315,0,4,8,12,Conforming,Approved,Approved,Approved - First Pass,2026-11-04 17:16:17.074,—,Carlos Mendes
LOTE-M-SOP-002-2843,WO-2523,2026-11-04,SHIFT 1,ISBM-002,M-SOP-002,FR-002-HDPE-PCR-300,9382,L,200,0,0,4,4,Conforming,Approved,Approved,Approved - First Pass,2026-11-05 20:10:12.488,—,Elena Santos
LOTE-M-SOP-008-2844,WO-2526,2026-11-06,Shift 1,ISBM-002,M-SOP-008,FR-008-HDPE-350,14761,M,315,0,1,11,12,Conforming,Approved,Approved,Approved - First Pass,2026-11-07 11:35:59.962,—,Ana Silva
LOTE-M-SOP-002-2845,WO-2527,2026-11-07,Shift 3,ISBM-002,M-SOP-002,FR-002-HDPE-PCR-300,6257,L,200,0,3,2,5,Conforming,Approved,Approved,Approved - First Pass,2026-11-07 18:58:14.320,—,Beatriz Costa
LOTE-M-SOP-008-2846,WO-2529,2026-11-08,Shift 3,ISBM-002,M-SOP-008,FR-008-rPET-350,14445,M,315,0,1,5,6,Conforming,Approved,Approved,Approved - First Pass,2026-11-09 18:31:31.981,—,Elena Santos
LOTE-M-SOP-005-2847,WO-2531,2026-11-09,Shift 3,ISBM-002,M-SOP-005,FR-005-rPET-330,16673,M,315,0,9,9,18,Conforming,Approved,Approved,Approved - First Pass,2026-11-11 04:31:38.435,—,Ana Silva
LOTE-M-SOP-005-2848,WO-2532,2026-11-10,Shift 1,ISBM-002,M-SOP-005,FR-005-rPET-330,9221,L,200,0,1,1,2,Conforming,Approved,Approved,Approved - First Pass,2026-11-11 12:26:40.534,—,Elena Santos
LOTE-M-SOP-002-2849,WO-2533,2026-11-11,Shift 3,ISBM-002,M-SOP-002,FR-002-HDPE-PCR-300,6365,L,200,0,1,7,8,Conforming,Approved,Approved,Approved - First Pass,2026-11-11 20:35:44.094,—,Carlos Mendes
LOTE-M-SOP-008-2850,WO-2534,2026-11-11,Shift 2,ISBM-002,M-SOP-008,FR-008-rPET-350,4950,L,200,0,0,3,3,Conforming,Approved,Approved,Approved - First Pass,2026-11-12 03:43:59.736,—,Beatriz Costa
LOTE-M-SOP-002-2851,WO-2537,2026-11-13,Shift 2,ISBM-002,M-SOP-002,FR-002-HDPE-PCR-300,21729,M,315,0,3,12,15,Conforming,Approved,Approved,Approved - First Pass,2026-11-14 18:52:46.421,—,Diogo Ferreira
LOTE-M-SOP-002-2852,WO-2539,2026-11-15,Shift 3,ISBM-002,M-SOP-002,FR-002-HDPE-PCR-300,12590,M,315,0,0,10,10,Conforming,Approved,Approved,Approved - First Pass,2026-11-16 14:28:35.509,—,Diogo Ferreira
LOTE-M-SOP-002-2853,WO-2540,2026-11-16,Shift 3,ISBM-002,M-SOP-002,FR-002-HDPE-PCR-300,6682,L,200,0,0,4,4,Conforming,Approved,Approved,Approved - First Pass,2026-11-16 23:07:22.120,—,Diogo Ferreira
LOTE-M-SOP-002-2854,WO-2541,2026-11-16,SHIFT 2,ISBM-002,M-SOP-002,FR-002-HDPE-PCR-300,8242,L,200,0,0,4,4,Conforming,Approved,Approved,Approved - First Pass,2026-11-17 21:07:34.156,—,Carlos Mendes
LOTE-M-SOP-002-2855,WO-2544,2026-11-18,shift 2,ISBM-002,M-SOP-002,FR-002-HDPE-PCR-300,19998,M,315,0,1,12,13,Conforming,Approved,Approved,Approved - First Pass,2026-11-19 11:53:56.132,—,Ana Silva
LOTE-M-SOP-005-2856,WO-2546,2026-11-20,Shift 1,ISBM-002,M-SOP-005,FR-005-rPET-330,15328,M,315,0,2,10,12,Conforming,Approved,Approved,Approved - First Pass,2026-11-21 04:22:20.573,—,Ana Silva
LOTE-M-SOP-002-2857,WO-2549,2026-11-22,Shift 2,ISBM-002,M-SOP-002,FR-002-HDPE-PCR-300,26486,M,315,0,6,18,24,Conforming,Approved,Approved,Approved - First Pass,2026-11-23 15:11:20.871,—,Ana Silva
LOTE-M-SOP-008-2858,WO-2552,2026-11-24,Shift 2,ISBM-002,M-SOP-008,FR-008-PET-350,21516,M,315,0,1,18,19,Conforming,Approved,Approved,Approved - First Pass,2026-11-26 00:16:05.159,—,Ana Silva
LOTE-M-SOP-002-2859,WO-2554,2026-11-25,Shift 2,ISBM-002,M-SOP-002,FR-002-HDPE-PCR-300,17262,M,315,0,3,10,13,Conforming,Approved,Approved,Approved - First Pass,2026-11-27 03:57:07.099,—,Elena Santos
LOTE-M-SOP-002-2860,WO-2556,2026-11-27,Shift 3,ISBM-002,M-SOP-002,FR-002-HDPE-PCR-300,15519,M,315,0,0,2,2,Conforming,Approved,Approved,Approved - First Pass,2026-11-28 14:51:28.280,—,Elena Santos
LOTE-M-SOP-005-2861,WO-2557,2026-11-27,Shift 2,ISBM-002,M-SOP-005,FR-005-rPET-330,7312,L,200,0,0,4,4,Conforming,Approved,Approved,Approved - First Pass,2026-11-29 03:28:02.151,—,Carlos Mendes
LOTE-M-SOP-005-2862,WO-2559,2026-11-29,Shift 1,ISBM-002,M-SOP-005,FR-005-rPET-330,20921,M,315,0,4,4,8,Conforming,Approved,Approved,Approved - First Pass,2026-11-30 16:04:45.060,—,Elena Santos
LOTE-M-SOP-008-2863,WO-2561,2026-12-01,Shift 1,ISBM-002,M-SOP-008,FR-008-PET-350,13166,M,315,0,3,1,4,Conforming,Approved,Approved,Approved - First Pass,2026-12-02 10:39:16.485,—,Elena Santos
LOTE-M-SOP-005-2864,WO-2564,2026-12-03,Shift 1,ISBM-002,M-SOP-005,FR-005-rPET-330,26386,M,315,0,2,16,18,Conforming,Approved,Approved,Approved - First Pass,2026-12-04 19:23:33.862,—,Ana Silva
LOTE-M-SOP-002-2865,WO-2565,2026-12-04,Shift 3,ISBM-002,M-SOP-002,FR-002-HDPE-PCR-300,7732,L,200,0,0,4,4,Conforming,Approved,Approved,Approved - First Pass,2026-12-05 08:15:11.420,—,Diogo Ferreira
LOTE-M-SOP-008-2866,WO-2566,2026-12-05,Shift 3,ISBM-002,M-SOP-008,FR-008-PET-350,7649,L,200,0,3,0,3,Conforming,Approved,Approved,Approved - First Pass,2026-12-06 05:42:53.940,—,Ana Silva
LOTE-M-SOP-002-2867,WO-2568,2026-12-06,Shift 1,ISBM-002,M-SOP-002,FR-002-HDPE-PCR-300,12863,M,315,0,2,4,6,Conforming,Approved,Approved,Approved - First Pass,2026-12-07 14:13:50.229,—,Carlos Mendes
LOTE-M-SOP-008-2868,WO-2570,2026-12-07,Shift 1,ISBM-002,M-SOP-008,FR-008-HDPE-PCR-350,13554,M,315,0,2,4,6,Conforming,Approved,Approved,Approved - First Pass,2026-12-08 02:41:17.465,—,Ana Silva
LOTE-M-SOP-002-2869,WO-2571,2026-12-07,Shift 3,ISBM-002,M-SOP-002,FR-002-HDPE-PCR-300,12260,M,315,0,3,5,8,Conforming,Approved,Approved,Approved - First Pass,2026-12-09 12:15:22.027,—,Carlos Mendes
LOTE-M-SOP-008-2870,WO-2572,2026-12-08,Shift 2,ISBM-002,M-SOP-008,FR-008-LDPE-350,5491,L,200,0,0,1,1,Conforming,Approved,Approved,Approved - First Pass,2026-12-09 13:00:28.022,—,Beatriz Costa
LOTE-M-SOP-005-2871,WO-2574,2026-12-09,Shift 2,ISBM-002,M-SOP-005,FR-005-rPET-330,8976,L,200,0,4,5,9,Conforming,Approved,Approved,Approved - First Pass,2026-12-10 18:35:53.343,—,Diogo Ferreira
LOTE-M-SOP-002-2872,WO-2576,2026-12-11,Shift 3,ISBM-002,M-SOP-002,FR-002-HDPE-PCR-300,19409,M,315,1,4,8,13,Conforming,Rejected,Approved,Approved - Released on Deviation,2026-12-12 13:22:41.056,—,Elena Santos
LOTE-M-SOP-005-2873,WO-2578,2026-12-12,Shift 1,ISBM-002,M-SOP-005,FR-005-rPET-330,17770,M,315,0,2,7,9,Conforming,Approved,Approved,Approved - First Pass,2026-12-13 08:47:14.019,—,Ana Silva
LOTE-M-SOP-008-2874,WO-2581,2026-12-14,Shift 1,ISBM-002,M-SOP-008,FR-008-LDPE-350,22066,M,315,0,5,13,18,Conforming,Approved,Approved,Approved - First Pass,2026-12-15 22:04:05.070,—,Beatriz Costa
LOTE-M-SOP-005-2875,WO-2582,2026-12-15,Shift 1,ISBM-002,M-SOP-005,FR-005-rPET-330,6303,L,200,0,1,3,4,Conforming,Approved,Approved,Approved - First Pass,2026-12-16 02:37:04.103,—,Carlos Mendes
LOTE-M-SOP-008-2876,WO-2585,2026-12-17,Shift 3,ISBM-002,M-SOP-008,FR-008-PET-350,21230,M,315,0,5,11,16,Conforming,Approved,Approved,Approved - First Pass,2026-12-17 14:01:39.303,—,Ana Silva
LOTE-M-SOP-005-2877,WO-2586,2026-12-17,Shift 1,ISBM-002,M-SOP-005,FR-005-rPET-330,8321,L,200,0,0,2,2,Conforming,Approved,Approved,Approved - First Pass,2026-12-18 20:41:50.920,—,Ana Silva
LOTE-M-SOP-008-2878,WO-2588,2026-12-18,Shift 2,ISBM-002,M-SOP-008,FR-008-HDPE-PCR-350,13033,M,315,0,1,6,7,Conforming,Approved,Approved,Approved - First Pass,2026-12-19 23:01:09.283,—,Ana Silva
LOTE-M-SOP-005-2879,WO-2590,2026-12-20,Shift 3,ISBM-002,M-SOP-005,FR-005-rPET-330,20664,M,315,0,3,11,14,Conforming,Approved,Approved,Approved - First Pass,2026-12-21 02:01:08.509,—,Beatriz Costa
LOTE-M-SOP-008-2880,WO-2591,2026-12-21,Shift 3,ISBM-002,M-SOP-008,FR-008-HDPE-350,5481,L,200,0,1,5,6,Conforming,Approved,Approved,Approved - First Pass,2026-12-22 06:31:03.121,—,Carlos Mendes
LOTE-M-SOP-005-2881,WO-2593,2026-12-22,Shift 3,ISBM-002,M-SOP-005,FR-005-rPET-330,12501,M,315,0,6,6,12,Conforming,Approved,Approved,Approved - First Pass,2026-12-22 20:08:45.533,—,Beatriz Costa
LOTE-M-SOP-005-2882,WO-2596,2026-12-24,Shift 3,ISBM-002,M-SOP-005,FR-005-rPET-330,26822,M,315,1,1,8,10,Conforming,Rejected,Rejected,Rejected - Scrapped,2026-12-24 16:15:50.289,Leakage:1(Re=1),Carlos Mendes
LOTE-M-SOP-005-2883,WO-2597,2026-12-24,Shift 2,ISBM-002,M-SOP-005,FR-005-rPET-330,7662,L,200,0,4,2,6,Conforming,Approved,Approved,Approved - First Pass,2026-12-25 09:35:20.986,—,Elena Santos
LOTE-M-SOP-008-2884,WO-2600,2026-12-26,Shift 2,ISBM-002,M-SOP-008,FR-008-LDPE-350,23085,M,315,0,6,8,14,Conforming,Approved,Approved,Approved - First Pass,2026-12-27 19:31:42.168,—,Ana Silva
LOTE-M-SOP-008-2885,WO-2601,2026-12-27,shift 1,ISBM-002,M-SOP-008,FR-008-HDPE-PCR-350,12212,M,315,0,0,10,10,Conforming,Approved,Approved,Approved - First Pass,2026-12-28 20:03:36.263,—,Ana Silva
LOTE-M-SOP-002-2886,WO-2604,2026-12-29,Shift 2,ISBM-002,M-SOP-002,FR-002-HDPE-PCR-300,19901,M,315,0,2,10,12,Conforming,Approved,Approved,Approved - First Pass,2026-12-30 15:00:24.378,—,Ana Silva
LOTE-M-SOP-005-2887,WO-2605,2026-12-30,Shift 3,ISBM-002,M-SOP-005,FR-005-rPET-330,6719,L,200,0,2,4,6,Conforming,Approved,Approved,Approved - First Pass,2026-12-31 02:58:07.622,—,Elena Santos
LOTE-M-SOP-005-2888,WO-2606,2026-12-30,Shift 2,ISBM-002,M-SOP-005,FR-005-rPET-330,7947,L,200,0,3,5,8,Conforming,Approved,Approved,Approved - First Pass,2026-12-31 20:56:21.508,—,Beatriz Costa
LOTE-M-SOP-006-2889,WO-2607,2025-07-01,Shift 3,ISBM-003,M-SOP-006,FR-006-rPET-330,7150,L,200,0,0,8,8,Conforming,Approved,Approved,Approved - First Pass,2025-07-02 10:09:41.378,—,Elena Santos
LOTE-M-SOP-021-2890,WO-2608,2025-07-01,Shift 2,ISBM-003,M-SOP-021,FR-021-rPET-750,5546,L,200,0,3,4,7,Conforming,Approved,Approved,Approved - First Pass,2025-07-03 00:17:24.812,—,Diogo Ferreira
LOTE-M-SOP-021-2891,WO-2610,2025-07-03,Shift 1,ISBM-003,M-SOP-021,FR-021-HDPE-750,11229,M,315,0,5,7,12,Conforming,Approved,Approved,Approved - First Pass,2025-07-04 18:19:39.577,—,Carlos Mendes
LOTE-M-SOP-021-2892,WO-2613,2025-07-05,Shift 3,ISBM-003,M-SOP-021,FR-021-rPET-750,15381,M,315,0,6,9,15,Conforming,Approved,Approved,Approved - First Pass,2025-07-05 22:07:58.568,—,Carlos Mendes
LOTE-M-SOP-003-2893,WO-2614,2025-07-05,Shift 2,ISBM-003,M-SOP-003,FR-003-rPET-300,5598,L,200,0,1,2,3,Conforming,Approved,Approved,Approved - First Pass,2025-07-06 21:09:28.165,—,Ana Silva
LOTE-M-SOP-025-2894,WO-2615,2025-07-06,Shift 1,ISBM-003,M-SOP-025,FR-025-PET-1000,3890,L,200,0,2,13,15,Conforming,Approved,Approved,Approved - First Pass,2025-07-07 06:11:52.195,—,Ana Silva
LOTE-M-SOP-009-2895,WO-2617,2025-07-07,Shift 2,ISBM-003,M-SOP-009,FR-009-PETG-350,9356,L,200,0,1,11,12,Conforming,Approved,Approved,Approved - First Pass,2025-07-08 13:16:05.596,—,Ana Silva
LOTE-M-SOP-006-2896,WO-2620,2025-07-09,Shift 2,ISBM-003,M-SOP-006,FR-006-rPET-330,14619,M,315,1,8,26,35,Conforming,Rejected,Rejected,Rejected - Scrapped,2025-07-10 15:42:21.587,Leakage:1(Re=1),Diogo Ferreira
LOTE-M-SOP-003-2897,WO-2622,2025-07-11,Shift 1,ISBM-003,M-SOP-003,FR-003-rPET-300,12050,M,315,0,5,16,21,Conforming,Approved,Approved,Approved - First Pass,2025-07-12 11:07:28.934,—,Elena Santos
LOTE-M-SOP-025-2898,WO-2624,2025-07-13,  Shift 3  ,ISBM-003,M-SOP-025,FR-025-PET-1000,7590,L,200,0,4,15,19,Conforming,Approved,Approved,Approved - First Pass,2025-07-13 16:30:04.494,—,Carlos Mendes
LOTE-M-SOP-025-2899,WO-2625,2025-07-13,Shift 1,ISBM-003,M-SOP-025,FR-025-PET-1000,3971,L,200,0,1,6,7,Conforming,Approved,Approved,Approved - First Pass,2025-07-14 13:58:58.631,—,Carlos Mendes
LOTE-M-SOP-006-2900,WO-2627,2025-07-14,Shift 2,ISBM-003,M-SOP-006,FR-006-rPET-330,11272,M,315,0,2,2,4,Conforming,Approved,Approved,Approved - First Pass,2025-07-15 22:00:48.064,—,Beatriz Costa
LOTE-M-SOP-021-2901,WO-2629,2025-07-16,Shift 1,ISBM-003,M-SOP-021,FR-021-HDPE-750,10530,M,315,0,4,6,10,Conforming,Approved,Approved,Approved - First Pass,2025-07-17 17:39:39.763,—,Carlos Mendes
LOTE-M-SOP-006-2902,WO-2632,2025-07-18,Shift 3,ISBM-003,M-SOP-006,FR-006-rPET-330,17072,M,315,0,6,19,25,Conforming,Approved,Approved,Approved - First Pass,2025-07-19 14:40:05.157,—,Diogo Ferreira
LOTE-M-SOP-009-2903,WO-2633,2025-07-19,Shift 3,ISBM-003,M-SOP-009,FR-009-PETG-350,6783,L,200,0,0,14,14,Conforming,Approved,Approved,Approved - First Pass,2025-07-19 23:56:07.936,—,Ana Silva
LOTE-M-SOP-021-2904,WO-2635,2025-07-20,Shift 3,ISBM-003,M-SOP-021,FR-021-rPET-750,10945,M,315,0,1,13,14,Nonconformance Detected,Approved,Approved,Approved - Reworked,2025-07-21 14:30:19.528,—,Elena Santos
LOTE-M-SOP-003-2905,WO-2637,2025-07-21,Shift 1,ISBM-003,M-SOP-003,FR-003-rPET-300,7448,L,200,0,4,15,19,Conforming,Approved,Approved,Approved - First Pass,2025-07-22 06:28:56.303,—,Diogo Ferreira
LOTE-M-SOP-003-2906,WO-2640,2025-07-23,Shift 3,ISBM-003,M-SOP-003,FR-003-rPET-300,13978,M,315,0,4,15,19,Conforming,Approved,Approved,Approved - First Pass,2025-07-24 02:33:54.007,—,Elena Santos
LOTE-M-SOP-009-2907,WO-2643,2025-07-25,Shift 3,ISBM-003,M-SOP-009,FR-009-rPET-350,21584,M,315,0,9,31,40,Conforming,Approved,Approved,Approved - First Pass,2025-07-26 03:46:37.476,—,Elena Santos
LOTE-M-SOP-006-2908,WO-2644,2025-07-25,Shift 2,ISBM-003,M-SOP-006,FR-006-rPET-330,2899,L,200,0,1,9,10,Conforming,Approved,Approved,Approved - First Pass,2025-07-26 07:30:25.289,—,Diogo Ferreira
LOTE-M-SOP-003-2909,WO-2645,2025-07-26,Shift 3,ISBM-003,M-SOP-003,FR-003-rPET-300,4430,L,200,0,1,4,5,Conforming,Approved,Approved,Approved - First Pass,2025-07-26 21:06:15.765,—,Carlos Mendes
LOTE-M-SOP-021-2910,WO-2646,2025-07-26,Shift 2,ISBM-003,M-SOP-021,FR-021-rPET-750,5912,L,200,0,4,14,18,Conforming,Approved,Approved,Approved - First Pass,2025-07-27 21:02:43.923,—,Ana Silva
LOTE-M-SOP-025-2911,WO-2647,2025-07-27,Shift 1,ISBM-003,M-SOP-025,FR-025-PET-1000,2218,L,200,0,2,7,9,Nonconformance Detected,Approved,Rejected,Rejected - Scrapped,2025-07-28 18:05:37.021,Variable characteristic out of control limits,Diogo Ferreira
LOTE-M-SOP-003-2912,WO-2648,2025-07-28,Shift 3,ISBM-003,M-SOP-003,FR-003-rPET-300,5298,L,200,0,0,2,2,Conforming,Approved,Approved,Approved - First Pass,2025-07-29 02:19:27.687,—,Elena Santos
LOTE-M-SOP-009-2913,WO-2650,2025-07-29,SHIFT 1,ISBM-003,M-SOP-009,FR-009-rPET-350,12203,M,315,1,3,13,17,Nonconformance Detected,Rejected,Approved,Approved - Reworked,2025-07-30 10:43:04.990,—,Carlos Mendes
LOTE-M-SOP-003-2914,WO-2652,2025-07-30,Shift 1,ISBM-003,M-SOP-003,FR-003-rPET-300,11778,M,315,0,3,13,16,Conforming,Approved,Approved,Approved - First Pass,2025-07-31 22:18:23.270,—,Elena Santos
LOTE-M-SOP-006-2915,WO-2654,2025-08-01,Shift 3,ISBM-003,M-SOP-006,FR-006-rPET-330,9428,L,200,0,4,15,19,Conforming,Approved,Approved,Approved - First Pass,2025-08-01 17:44:24.214,—,Elena Santos
LOTE-M-SOP-006-2916,WO-2656,2025-08-02,Shift 3,ISBM-003,M-SOP-006,FR-006-rPET-330,9530,L,200,0,6,15,21,Conforming,Approved,Approved,Approved - First Pass,2025-08-02 20:02:11.486,—,Elena Santos
LOTE-M-SOP-006-2917,WO-2657,2025-08-02,Shift 2,ISBM-003,M-SOP-006,FR-006-rPET-330,6282,L,200,0,4,11,15,Conforming,Approved,Approved,Approved - First Pass,2025-08-03 19:48:34.880,—,Elena Santos
LOTE-M-SOP-009-2918,WO-2659,2025-08-04,Shift 1,ISBM-003,M-SOP-009,FR-009-rPET-350,14558,M,315,1,3,16,20,Nonconformance Detected,Rejected,Approved,Approved - Reworked,2025-08-06 02:34:26.424,—,Elena Santos
LOTE-M-SOP-006-2919,WO-2662,2025-08-06,Shift 1,ISBM-003,M-SOP-006,FR-006-rPET-330,16109,M,315,0,7,25,32,Nonconformance Detected,Approved,Approved,Approved - Reworked,2025-08-07 22:47:51.838,—,Elena Santos
LOTE-M-SOP-021-2920,WO-2663,2025-08-07,Shift 1,ISBM-003,M-SOP-021,FR-021-rPET-750,6206,L,200,0,4,5,9,Conforming,Approved,Approved,Approved - First Pass,2025-08-08 12:02:23.293,—,Ana Silva
LOTE-M-SOP-021-2921,WO-2665,2025-08-09,SHIFT 3,ISBM-003,M-SOP-021,FR-021-HDPE-750,16641,M,315,0,5,13,18,Conforming,Approved,Approved,Approved - First Pass,2025-08-10 12:01:28.842,—,Beatriz Costa
LOTE-M-SOP-003-2922,WO-2667,2025-08-10,Shift 2,ISBM-003,M-SOP-003,FR-003-rPET-300,10607,M,315,0,3,20,23,Conforming,Approved,Approved,Approved - First Pass,2025-08-11 20:41:43.468,—,Beatriz Costa
LOTE-M-SOP-025-2923,WO-2669,2025-08-12,Shift 3,ISBM-003,M-SOP-025,FR-025-PET-1000,7284,L,200,0,2,10,12,Conforming,Approved,Approved,Approved - First Pass,2025-08-13 09:39:29.255,—,Beatriz Costa
LOTE-M-SOP-006-2924,WO-2671,2025-08-13,Shift 3,ISBM-003,M-SOP-006,FR-006-rPET-330,7237,L,200,2,5,11,18,Conforming,Rejected,Rejected,Rejected - Scrapped,2025-08-14 08:44:33.481,Leakage:2(Re=1),Beatriz Costa
LOTE-M-SOP-006-2925,WO-2673,2025-08-14,Shift 3,ISBM-003,M-SOP-006,FR-006-rPET-330,6833,L,200,0,7,8,15,Nonconformance Detected,Approved,Approved,Approved - Reworked,2025-08-15 04:47:31.477,—,Beatriz Costa
LOTE-M-SOP-025-2926,WO-2674,2025-08-14,Shift 2,ISBM-003,M-SOP-025,FR-025-PET-1000,4970,L,200,0,2,2,4,Conforming,Approved,Approved,Approved - First Pass,2025-08-15 19:09:17.521,—,Diogo Ferreira
LOTE-M-SOP-006-2927,WO-2676,2025-08-16,shift 1,ISBM-003,M-SOP-006,FR-006-rPET-330,9294,L,200,0,1,14,15,Conforming,Approved,Approved,Approved - First Pass,2025-08-16 18:36:32.237,—,Carlos Mendes
LOTE-M-SOP-025-2928,WO-2677,2025-08-16,shift 2,ISBM-003,M-SOP-025,FR-025-PET-1000,3489,L,200,0,2,17,19,Conforming,Approved,Approved,Approved - First Pass,2025-08-17 18:51:34.471,—,Beatriz Costa
LOTE-M-SOP-003-2929,WO-2679,2025-08-17,Shift 3,ISBM-003,M-SOP-003,FR-003-rPET-300,7660,L,200,0,6,12,18,Conforming,Approved,Approved,Approved - First Pass,2025-08-19 03:20:12.640,—,Diogo Ferreira
LOTE-M-SOP-009-2930,WO-2680,2025-08-18,Shift 2,ISBM-003,M-SOP-009,FR-009-PETG-350,5960,L,200,0,5,17,22,Conforming,Rejected,Approved,Approved - Reworked,2025-08-19 17:54:04.685,—,Elena Santos
LOTE-M-SOP-006-2931,WO-2682,2025-08-19,Shift 2,ISBM-003,M-SOP-006,FR-006-rPET-330,8737,L,200,0,3,11,14,Conforming,Approved,Approved,Approved - First Pass,2025-08-20 09:25:18.031,—,Carlos Mendes
LOTE-M-SOP-021-2932,WO-2684,2025-08-20,SHIFT 3,ISBM-003,M-SOP-021,FR-021-HDPE-750,12728,M,315,0,2,8,10,Conforming,Approved,Approved,Approved - First Pass,2025-08-22 02:26:57.508,—,Diogo Ferreira
LOTE-M-SOP-025-2933,WO-2685,2025-08-21,Shift 2,ISBM-003,M-SOP-025,FR-025-PET-1000,3121,L,200,0,1,13,14,Conforming,Approved,Approved,Approved - First Pass,2025-08-22 23:49:51.653,—,Beatriz Costa
LOTE-M-SOP-003-2934,WO-2686,2025-08-22,Shift 1,ISBM-003,M-SOP-003,FR-003-rPET-300,2968,L,200,0,0,9,9,Conforming,Approved,Approved,Approved - First Pass,2025-08-23 04:03:07.843,—,Ana Silva
LOTE-M-SOP-025-2935,WO-2687,2025-08-22,SHIFT 3,ISBM-003,M-SOP-025,FR-025-PET-1000,3202,L,200,1,0,6,7,Conforming,Rejected,Rejected,Rejected - Scrapped,2025-08-24 02:10:02.741,Leakage:1(Re=1),Diogo Ferreira
LOTE-M-SOP-003-2936,WO-2690,2025-08-25,Shift 3,ISBM-003,M-SOP-003,FR-003-rPET-300,12848,M,315,0,7,14,21,Conforming,Approved,Approved,Approved - First Pass,2025-08-26 03:38:16.648,—,Diogo Ferreira
LOTE-M-SOP-009-2937,WO-2692,2025-08-26,Shift 1,ISBM-003,M-SOP-009,FR-009-PETG-350,10177,M,315,0,7,20,27,Conforming,Approved,Approved,Approved - First Pass,2025-08-27 11:10:49.917,—,Ana Silva
LOTE-M-SOP-025-2938,WO-2695,2025-08-28,Shift 2,ISBM-003,M-SOP-025,FR-025-PET-1000,12360,M,315,0,9,17,26,Nonconformance Detected,Approved,Approved,Approved - Reworked,2025-08-29 14:48:59.881,—,Ana Silva
LOTE-M-SOP-009-2939,WO-2697,2025-08-30,Shift 3,ISBM-003,M-SOP-009,FR-009-rPET-350,11234,M,315,0,1,16,17,Conforming,Approved,Approved,Approved - First Pass,2025-08-30 20:05:52.302,—,Beatriz Costa
LOTE-M-SOP-009-2940,WO-2698,2025-08-30,Shift 2,ISBM-003,M-SOP-009,FR-009-rPET-350,5830,L,200,0,4,10,14,Conforming,Approved,Approved,Approved - First Pass,2025-09-01 02:21:25.949,—,Ana Silva
LOTE-M-SOP-003-2941,WO-2701,2025-09-01,Shift 2,ISBM-003,M-SOP-003,FR-003-rPET-300,15780,M,315,0,11,13,24,Conforming,Approved,Approved,Approved - First Pass,2025-09-02 17:49:50.831,—,Diogo Ferreira
LOTE-M-SOP-003-2942,WO-2704,2025-09-03,shift 2,ISBM-003,M-SOP-003,FR-003-rPET-300,18364,M,315,0,3,18,21,Conforming,Approved,Approved,Approved - First Pass,2025-09-05 05:33:11.379,—,Beatriz Costa
LOTE-M-SOP-025-2943,WO-2705,2025-09-04,Shift 1,ISBM-003,M-SOP-025,FR-025-PET-1000,4574,L,200,0,0,4,4,Conforming,Approved,Approved,Approved - First Pass,2025-09-05 12:20:01.047,—,Ana Silva
LOTE-M-SOP-003-2944,WO-2707,2025-09-06,Shift 3,ISBM-003,M-SOP-003,FR-003-rPET-300,10138,M,315,0,4,15,19,Conforming,Approved,Approved,Approved - First Pass,2025-09-07 02:39:35.185,—,Ana Silva
LOTE-M-SOP-025-2945,WO-2709,2025-09-07,Shift 1,ISBM-003,M-SOP-025,FR-025-PET-1000,9935,L,200,0,1,18,19,Conforming,Approved,Approved,Approved - First Pass,2025-09-08 12:12:17.873,—,Beatriz Costa
LOTE-M-SOP-003-2946,WO-2710,2025-09-08,Shift 1,ISBM-003,M-SOP-003,FR-003-rPET-300,7365,L,200,0,2,5,7,Conforming,Approved,Approved,Approved - First Pass,2025-09-09 15:18:03.935,—,Elena Santos
LOTE-M-SOP-006-2947,WO-2711,2025-09-09,shift 3,ISBM-003,M-SOP-006,FR-006-rPET-330,3310,L,200,0,2,6,8,Nonconformance Detected,Approved,Approved,Approved - Reworked,2025-09-10 10:29:03.488,—,Diogo Ferreira
LOTE-M-SOP-006-2948,WO-2713,2025-09-10,Shift 3,ISBM-003,M-SOP-006,FR-006-rPET-330,7010,L,200,2,4,18,24,Conforming,Rejected,Rejected,Rejected - Scrapped,2025-09-11 06:42:13.788,Leakage:2(Re=1),Ana Silva
LOTE-M-SOP-009-2949,WO-2716,2025-09-11,shift 2,ISBM-003,M-SOP-009,FR-009-HDPE-350,14684,M,315,0,3,24,27,Conforming,Approved,Approved,Approved - First Pass,2025-09-12 16:18:01.603,—,Beatriz Costa
LOTE-M-SOP-021-2950,WO-2719,2025-09-13,Shift 2,ISBM-003,M-SOP-021,FR-021-rPET-750,23624,M,315,1,7,28,36,Conforming,Rejected,Rejected,Rejected - Scrapped,2025-09-14 18:02:32.500,Leakage:1(Re=1),Carlos Mendes
LOTE-M-SOP-025-2951,WO-2721,2025-09-15,shift 2,ISBM-003,M-SOP-025,FR-025-PET-1000,6344,L,200,0,5,24,29,Nonconformance Detected,Approved,Approved,Approved - Reworked,2025-09-16 19:05:40.789,—,Ana Silva
LOTE-M-SOP-009-2952,WO-2724,2025-09-17,Shift 1,ISBM-003,M-SOP-009,FR-009-HDPE-PCR-350,17257,M,315,0,7,17,24,Nonconformance Detected,Approved,Approved,Approved - Released on Deviation,2025-09-18 10:16:27.704,—,Elena Santos
LOTE-M-SOP-003-2953,WO-2725,2025-09-18,Shift 1,ISBM-003,M-SOP-003,FR-003-rPET-300,3620,L,200,0,2,0,2,Conforming,Approved,Approved,Approved - First Pass,2025-09-19 03:11:06.082,—,Beatriz Costa
LOTE-M-SOP-025-2954,WO-2728,2025-09-20,Shift 1,ISBM-003,M-SOP-025,FR-025-PET-1000,10550,M,315,1,6,21,28,Conforming,Rejected,Approved,Approved - Reworked,2025-09-21 19:57:22.039,—,Ana Silva
LOTE-M-SOP-003-2955,WO-2729,2025-09-20,shift 3,ISBM-003,M-SOP-003,FR-003-rPET-300,2691,L,200,0,1,5,6,Conforming,Approved,Approved,Approved - First Pass,2025-09-22 03:54:45.157,—,Diogo Ferreira
LOTE-M-SOP-003-2956,WO-2732,2025-09-22,Shift 2,ISBM-003,M-SOP-003,FR-003-rPET-300,19106,M,315,0,10,20,30,Conforming,Approved,Approved,Approved - First Pass,2025-09-24 02:54:59.480,—,Elena Santos
LOTE-M-SOP-006-2957,WO-2733,2025-09-23,Shift 1,ISBM-003,M-SOP-006,FR-006-rPET-330,7539,L,200,0,3,5,8,Conforming,Approved,Approved,Approved - First Pass,2025-09-24 11:46:52.732,—,Beatriz Costa
LOTE-M-SOP-021-2958,WO-2734,2025-09-24,Shift 1,ISBM-003,M-SOP-021,FR-021-rPET-750,4619,L,200,0,2,11,13,Conforming,Approved,Approved,Approved - First Pass,2025-09-25 01:43:49.764,—,Elena Santos
LOTE-M-SOP-025-2959,WO-2735,2025-09-24,Shift 2,ISBM-003,M-SOP-025,FR-025-PET-1000,3972,L,200,0,3,0,3,Conforming,Approved,Approved,Approved - First Pass,2025-09-26 01:57:42.978,—,Beatriz Costa
LOTE-M-SOP-003-2960,WO-2737,2025-09-26,Shift 1,ISBM-003,M-SOP-003,FR-003-rPET-300,11339,M,315,0,4,10,14,Conforming,Approved,Approved,Approved - First Pass,2025-09-27 11:05:05.467,—,Beatriz Costa
LOTE-M-SOP-006-2961,WO-2739,2025-09-27,Shift 2,ISBM-003,M-SOP-006,FR-006-rPET-330,11715,M,315,0,2,8,10,Conforming,Approved,Approved,Approved - First Pass,2025-09-28 18:21:16.923,—,Beatriz Costa
LOTE-M-SOP-025-2962,WO-2740,2025-09-28,Shift 2,ISBM-003,M-SOP-025,FR-025-PET-1000,5388,L,200,0,0,4,4,Conforming,Approved,Approved,Approved - First Pass,2025-09-30 02:46:08.080,—,Diogo Ferreira
LOTE-M-SOP-021-2963,WO-2741,2025-09-29,  Shift 1  ,ISBM-003,M-SOP-021,FR-021-rPET-750,2821,L,200,0,2,4,6,Conforming,Approved,Approved,Approved - First Pass,2025-10-01 01:01:25.532,—,Ana Silva
LOTE-M-SOP-025-2964,WO-2742,2025-09-30,Shift 1,ISBM-003,M-SOP-025,FR-025-PET-1000,5602,L,200,0,1,11,12,Conforming,Approved,Approved,Approved - First Pass,2025-10-01 19:19:41.001,—,Beatriz Costa
LOTE-M-SOP-009-2965,WO-2744,2025-10-01,SHIFT 3,ISBM-003,M-SOP-009,FR-009-HDPE-350,11439,M,315,0,4,12,16,Conforming,Approved,Approved,Approved - First Pass,2025-10-02 17:34:41.767,—,Diogo Ferreira
LOTE-M-SOP-009-2966,WO-2745,2025-10-02,Shift 1,ISBM-003,M-SOP-009,FR-009-PET-350,5634,L,200,0,0,8,8,Conforming,Approved,Approved,Approved - First Pass,2025-10-03 12:48:16.331,—,Carlos Mendes
LOTE-M-SOP-021-2967,WO-2748,2025-10-04,Shift 1,ISBM-003,M-SOP-021,FR-021-HDPE-750,16256,M,315,0,4,22,26,Conforming,Approved,Approved,Approved - First Pass,2025-10-05 10:21:27.683,—,Elena Santos
LOTE-M-SOP-025-2968,WO-2749,2025-10-05,Shift 3,ISBM-003,M-SOP-025,FR-025-PET-1000,4460,L,200,0,6,7,13,Conforming,Approved,Approved,Approved - First Pass,2025-10-06 20:50:51.120,—,Diogo Ferreira
LOTE-M-SOP-021-2969,WO-2752,2025-10-07,Shift 3,ISBM-003,M-SOP-021,FR-021-rPET-750,15979,M,315,0,5,20,25,Conforming,Approved,Approved,Approved - First Pass,2025-10-08 06:47:41.543,—,Beatriz Costa
LOTE-M-SOP-009-2970,WO-2754,2025-10-08,Shift 2,ISBM-003,M-SOP-009,FR-009-PETG-350,10835,M,315,0,10,12,22,Conforming,Approved,Approved,Approved - First Pass,2025-10-09 20:47:18.298,—,Ana Silva
LOTE-M-SOP-009-2971,WO-2756,2025-10-10,Shift 1,ISBM-003,M-SOP-009,FR-009-PET-350,11292,M,315,0,6,9,15,Conforming,Approved,Approved,Approved - First Pass,2025-10-10 23:01:56.283,—,Beatriz Costa
LOTE-M-SOP-021-2972,WO-2758,2025-10-11,Shift 2,ISBM-003,M-SOP-021,FR-021-rPET-750,13044,M,315,0,5,22,27,Conforming,Approved,Approved,Approved - First Pass,2025-10-13 02:41:44.580,—,Beatriz Costa
LOTE-M-SOP-025-2973,WO-2759,2025-10-12,Shift 1,ISBM-003,M-SOP-025,FR-025-PET-1000,2888,L,200,1,0,11,12,Conforming,Rejected,Rejected,Rejected - Scrapped,2025-10-13 06:18:56.213,Leakage:1(Re=1),Carlos Mendes
LOTE-M-SOP-021-2974,WO-2760,2025-10-12,Shift 3,ISBM-003,M-SOP-021,FR-021-HDPE-750,4368,L,200,0,3,3,6,Conforming,Approved,Approved,Approved - First Pass,2025-10-14 06:37:29.565,—,Ana Silva
LOTE-M-SOP-021-2975,WO-2761,2025-10-13,Shift 1,ISBM-003,M-SOP-021,FR-021-rPET-750,5530,L,200,0,1,14,15,Conforming,Approved,Approved,Approved - First Pass,2025-10-14 12:51:08.208,—,Ana Silva
LOTE-M-SOP-009-2976,WO-2762,2025-10-14,SHIFT 3,ISBM-003,M-SOP-009,FR-009-PET-350,6037,L,200,0,0,5,5,Conforming,Approved,Approved,Approved - First Pass,2025-10-14 20:17:31.784,—,Beatriz Costa
LOTE-M-SOP-021-2977,WO-2763,2025-10-14,Shift 2,ISBM-003,M-SOP-021,FR-021-rPET-750,3439,L,200,0,2,10,12,Conforming,Approved,Approved,Approved - First Pass,2025-10-16 05:06:50.749,—,Carlos Mendes
LOTE-M-SOP-025-2978,WO-2765,2025-10-16,Shift 3,ISBM-003,M-SOP-025,FR-025-PET-1000,6851,L,200,0,4,11,15,Conforming,Approved,Approved,Approved - First Pass,2025-10-17 11:21:52.536,—,Carlos Mendes
LOTE-M-SOP-025-2979,WO-2766,2025-10-16,Shift 2,ISBM-003,M-SOP-025,FR-025-PET-1000,3716,L,200,0,5,6,11,Conforming,Approved,Approved,Approved - First Pass,2025-10-17 17:54:32.892,—,Elena Santos
LOTE-M-SOP-021-2980,WO-2767,2025-10-17,Shift 2,ISBM-003,M-SOP-021,FR-021-rPET-750,5439,L,200,0,4,5,9,Conforming,Approved,Approved,Approved - First Pass,2025-10-18 15:22:29.511,—,Ana Silva
LOTE-M-SOP-006-2981,WO-2769,2025-10-18,Shift 2,ISBM-003,M-SOP-006,FR-006-rPET-330,9623,L,200,0,8,10,18,Nonconformance Detected,Approved,Approved,Approved - Released on Deviation,2025-10-19 16:04:27.398,—,Beatriz Costa
LOTE-M-SOP-021-2982,WO-2772,2025-10-20,Shift 3,ISBM-003,M-SOP-021,FR-021-rPET-750,9789,L,200,0,1,18,19,Conforming,Approved,Approved,Approved - First Pass,2025-10-22 02:19:14.412,—,Beatriz Costa
LOTE-M-SOP-006-2983,WO-2774,2025-10-22,Shift 1,ISBM-003,M-SOP-006,FR-006-rPET-330,8861,L,200,0,3,10,13,Conforming,Approved,Approved,Approved - First Pass,2025-10-23 07:05:10.269,—,Diogo Ferreira
LOTE-M-SOP-025-2984,WO-2776,2025-10-23,SHIFT 2,ISBM-003,M-SOP-025,FR-025-PET-1000,10694,M,315,0,5,16,21,Nonconformance Detected,Approved,Rejected,Rejected - Scrapped,2025-10-24 23:19:50.113,Variable characteristic out of control limits,Carlos Mendes
LOTE-M-SOP-021-2985,WO-2779,2025-10-26,Shift 1,ISBM-003,M-SOP-021,FR-021-rPET-750,20207,M,315,0,4,14,18,Conforming,Approved,Approved,Approved - First Pass,2025-10-27 13:08:25.085,—,Ana Silva
LOTE-M-SOP-021-2986,WO-2781,2025-10-27,Shift 1,ISBM-003,M-SOP-021,FR-021-rPET-750,6987,L,200,0,1,14,15,Conforming,Approved,Approved,Approved - First Pass,2025-10-28 23:16:45.641,—,Diogo Ferreira
LOTE-M-SOP-003-2987,WO-2783,2025-10-29,shift 3,ISBM-003,M-SOP-003,FR-003-rPET-300,8994,L,200,0,8,16,24,Conforming,Approved,Approved,Approved - First Pass,2025-10-30 02:16:13.012,—,Diogo Ferreira
LOTE-M-SOP-021-2988,WO-2784,2025-10-29,Shift 2,ISBM-003,M-SOP-021,FR-021-HDPE-750,7517,L,200,1,1,3,5,Conforming,Rejected,Approved,Approved - Released on Deviation,2025-10-31 02:58:45.868,—,Diogo Ferreira
LOTE-M-SOP-009-2989,WO-2786,2025-10-31,Shift 1,ISBM-003,M-SOP-009,FR-009-HDPE-PCR-350,10542,M,315,0,2,13,15,Conforming,Approved,Approved,Approved - First Pass,2025-11-01 04:37:52.757,—,Elena Santos
LOTE-M-SOP-003-2990,WO-2787,2025-10-31,Shift 2,ISBM-003,M-SOP-003,FR-003-rPET-300,5810,L,200,0,2,9,11,Conforming,Approved,Approved,Approved - First Pass,2025-11-01 22:10:05.607,—,Elena Santos
LOTE-M-SOP-021-2991,WO-2789,2025-11-02,Shift 2,ISBM-003,M-SOP-021,FR-021-HDPE-750,4873,L,200,0,9,10,19,Conforming,Approved,Approved,Approved - First Pass,2025-11-04 00:53:21.919,—,Beatriz Costa
LOTE-M-SOP-003-2992,WO-2792,2025-11-04,shift 2,ISBM-003,M-SOP-003,FR-003-rPET-300,11883,M,315,0,15,14,29,Conforming,Rejected,Rejected,Rejected - Scrapped,2025-11-05 12:34:14.118,Bubbles:8(Re=6),Elena Santos
LOTE-M-SOP-025-2993,WO-2793,2025-11-05,shift 1,ISBM-003,M-SOP-025,FR-025-PET-1000,3567,L,200,0,2,6,8,Conforming,Approved,Approved,Approved - First Pass,2025-11-06 08:45:49.840,—,Carlos Mendes
LOTE-M-SOP-025-2994,WO-2794,2025-11-05,Shift 2,ISBM-003,M-SOP-025,FR-025-PET-1000,4623,L,200,0,1,12,13,Conforming,Approved,Approved,Approved - First Pass,2025-11-06 19:25:56.612,—,Ana Silva
LOTE-M-SOP-006-2995,WO-2795,2025-11-06,Shift 2,ISBM-003,M-SOP-006,FR-006-rPET-330,7356,L,200,0,1,10,11,Conforming,Approved,Approved,Approved - First Pass,2025-11-07 23:02:34.040,—,Diogo Ferreira
LOTE-M-SOP-006-2996,WO-2796,2025-11-07,Shift 1,ISBM-003,M-SOP-006,FR-006-rPET-330,4171,L,200,0,1,3,4,Conforming,Approved,Approved,Approved - First Pass,2025-11-08 07:42:22.462,—,Ana Silva
LOTE-M-SOP-025-2997,WO-2797,2025-11-08,Shift 3,ISBM-003,M-SOP-025,FR-025-PET-1000,2564,L,200,0,2,1,3,Conforming,Approved,Approved,Approved - First Pass,2025-11-09 05:31:16.427,—,Diogo Ferreira
LOTE-M-SOP-021-2998,WO-2799,2025-11-09,Shift 3,ISBM-003,M-SOP-021,FR-021-rPET-750,9297,L,200,0,5,9,14,Conforming,Approved,Approved,Approved - First Pass,2025-11-10 14:20:41.934,—,Beatriz Costa
LOTE-M-SOP-025-2999,WO-2800,2025-11-10,Shift 3,ISBM-003,M-SOP-025,FR-025-PET-1000,3307,L,200,0,0,7,7,Conforming,Approved,Approved,Approved - First Pass,2025-11-11 02:45:01.410,—,Carlos Mendes
LOTE-M-SOP-021-3000,WO-2801,2025-11-10,Shift 1,ISBM-003,M-SOP-021,FR-021-rPET-750,8454,L,200,0,1,8,9,Conforming,Approved,Approved,Approved - First Pass,2025-11-12 02:09:57.095,—,Carlos Mendes
LOTE-M-SOP-006-3001,WO-2802,2025-11-11,Shift 2,ISBM-003,M-SOP-006,FR-006-rPET-330,8152,L,200,0,3,8,11,Conforming,Approved,Approved,Approved - First Pass,2025-11-13 04:41:59.794,—,Carlos Mendes
LOTE-M-SOP-006-3002,WO-2803,2025-11-12,Shift 1,ISBM-003,M-SOP-006,FR-006-rPET-330,8453,L,200,0,3,8,11,Conforming,Approved,Approved,Approved - First Pass,2025-11-13 12:00:31.679,—,Beatriz Costa
LOTE-M-SOP-003-3003,WO-2805,2025-11-14,Shift 3,ISBM-003,M-SOP-003,FR-003-rPET-300,14691,M,315,0,6,11,17,Conforming,Approved,Approved,Approved - First Pass,2025-11-15 04:37:52.739,—,Carlos Mendes
LOTE-M-SOP-009-3004,WO-2806,2025-11-14,Shift 2,ISBM-003,M-SOP-009,FR-009-PETG-350,4204,L,200,0,1,7,8,Conforming,Approved,Approved,Approved - First Pass,2025-11-15 22:41:34.245,—,Beatriz Costa
LOTE-M-SOP-006-3005,WO-2807,2025-11-15,Shift 1,ISBM-003,M-SOP-006,FR-006-rPET-330,3896,L,200,0,5,1,6,Conforming,Approved,Approved,Approved - First Pass,2025-11-16 07:27:15.499,—,Carlos Mendes
LOTE-M-SOP-025-3006,WO-2808,2025-11-16,Shift 1,ISBM-003,M-SOP-025,FR-025-PET-1000,2406,L,200,0,4,0,4,Conforming,Approved,Approved,Approved - First Pass,2025-11-17 08:31:33.661,—,Beatriz Costa
LOTE-M-SOP-025-3007,WO-2811,2025-11-18,Shift 1,ISBM-003,M-SOP-025,FR-025-PET-1000,10166,M,315,0,8,24,32,Conforming,Approved,Approved,Approved - First Pass,2025-11-19 15:40:24.841,—,Carlos Mendes
LOTE-M-SOP-003-3008,WO-2813,2025-11-20,Shift 3,ISBM-003,M-SOP-003,FR-003-rPET-300,11747,M,315,0,3,6,9,Conforming,Approved,Approved,Approved - First Pass,2025-11-21 01:28:22.473,—,Diogo Ferreira
LOTE-M-SOP-025-3009,WO-2814,2025-11-20,Shift 2,ISBM-003,M-SOP-025,FR-025-PET-1000,4218,L,200,0,4,4,8,Conforming,Approved,Approved,Approved - First Pass,2025-11-21 14:49:38.844,—,Beatriz Costa
LOTE-M-SOP-025-3010,WO-2816,2025-11-22,Shift 1,ISBM-003,M-SOP-025,FR-025-PET-1000,7065,L,200,0,1,13,14,Conforming,Approved,Approved,Approved - First Pass,2025-11-23 12:12:30.284,—,Carlos Mendes
LOTE-M-SOP-025-3011,WO-2819,2025-11-24,Shift 1,ISBM-003,M-SOP-025,FR-025-PET-1000,14570,M,315,0,0,18,18,Conforming,Approved,Approved,Approved - First Pass,2025-11-25 10:47:32.995,—,Beatriz Costa
LOTE-M-SOP-006-3012,WO-2820,2025-11-25,Shift 3,ISBM-003,M-SOP-006,FR-006-rPET-330,3503,L,200,1,1,10,12,Conforming,Rejected,Rejected,Rejected - Scrapped,2025-11-26 02:30:18.041,Leakage:1(Re=1),Diogo Ferreira
LOTE-M-SOP-021-3013,WO-2822,2025-11-26,Shift 1,ISBM-003,M-SOP-021,FR-021-HDPE-750,14098,M,315,0,9,6,15,Conforming,Approved,Approved,Approved - First Pass,2025-11-27 13:17:03.192,—,Diogo Ferreira
LOTE-M-SOP-006-3014,WO-2824,2025-11-28,Shift 3,ISBM-003,M-SOP-006,FR-006-rPET-330,9252,L,200,0,2,6,8,Conforming,Approved,Approved,Approved - First Pass,2025-11-28 18:10:43.258,—,Carlos Mendes
LOTE-M-SOP-006-3015,WO-2826,2025-11-29,Shift 3,ISBM-003,M-SOP-006,FR-006-rPET-330,9627,L,200,2,1,14,17,Nonconformance Detected,Rejected,Rejected,Rejected - Scrapped,2025-11-29 21:14:04.976,Leakage:2(Re=1),Ana Silva
LOTE-M-SOP-009-3016,WO-2827,2025-11-29,Shift 2,ISBM-003,M-SOP-009,FR-009-PETG-350,4653,L,200,0,2,7,9,Conforming,Approved,Approved,Approved - First Pass,2025-11-30 21:34:21.726,—,Elena Santos
LOTE-M-SOP-006-3017,WO-2828,2025-11-30,Shift 1,ISBM-003,M-SOP-006,FR-006-rPET-330,8629,L,200,0,2,9,11,Conforming,Approved,Approved,Approved - First Pass,2025-12-01 15:21:55.775,—,Diogo Ferreira
LOTE-M-SOP-003-3018,WO-2829,2025-12-01,Shift 3,ISBM-003,M-SOP-003,FR-003-rPET-300,3249,L,200,1,4,7,12,Conforming,Rejected,Rejected,Rejected - Scrapped,2025-12-02 03:14:20.369,Leakage:1(Re=1),Diogo Ferreira
LOTE-M-SOP-006-3019,WO-2831,2025-12-02,Shift 1,ISBM-003,M-SOP-006,FR-006-rPET-330,8188,L,200,1,2,12,15,Conforming,Rejected,Rejected,Rejected - Scrapped,2025-12-02 22:16:42.305,Leakage:1(Re=1),Carlos Mendes
LOTE-M-SOP-025-3020,WO-2834,2025-12-04,Shift 1,ISBM-003,M-SOP-025,FR-025-PET-1000,12840,M,315,0,7,21,28,Conforming,Approved,Approved,Approved - First Pass,2025-12-05 23:26:02.221,—,Carlos Mendes
LOTE-M-SOP-025-3021,WO-2836,2025-12-06,Shift 3,ISBM-003,M-SOP-025,FR-025-PET-1000,4723,L,200,0,6,20,26,Conforming,Approved,Approved,Approved - First Pass,2025-12-06 14:34:37.975,—,Ana Silva
LOTE-M-SOP-009-3022,WO-2839,2025-12-07,Shift 2,ISBM-003,M-SOP-009,FR-009-PET-350,10204,M,315,0,3,25,28,Nonconformance Detected,Approved,Approved,Approved - Reworked,2025-12-08 16:44:02.499,—,Elena Santos
LOTE-M-SOP-003-3023,WO-2842,2025-12-09,Shift 3,ISBM-003,M-SOP-003,FR-003-rPET-300,17148,M,315,0,0,9,9,Conforming,Approved,Approved,Approved - First Pass,2025-12-11 01:57:54.987,—,Diogo Ferreira
LOTE-M-SOP-009-3024,WO-2844,2025-12-11,Shift 1,ISBM-003,M-SOP-009,FR-009-HDPE-PCR-350,8221,L,200,0,4,5,9,Conforming,Approved,Approved,Approved - First Pass,2025-12-12 04:42:57.046,—,Diogo Ferreira
LOTE-M-SOP-021-3025,WO-2846,2025-12-12,  Shift 2  ,ISBM-003,M-SOP-021,FR-021-HDPE-750,11913,M,315,0,3,31,34,Nonconformance Detected,Approved,Rejected,Rejected - Scrapped,2025-12-14 05:52:03.924,Variable characteristic out of control limits,Elena Santos
LOTE-M-SOP-021-3026,WO-2847,2025-12-13,SHIFT 1,ISBM-003,M-SOP-021,FR-021-HDPE-750,5415,L,200,0,1,0,1,Conforming,Approved,Approved,Approved - First Pass,2025-12-14 15:24:52.547,—,Beatriz Costa
LOTE-M-SOP-025-3027,WO-2848,2025-12-14,Shift 3,ISBM-003,M-SOP-025,FR-025-PET-1000,3212,L,200,0,2,9,11,Conforming,Approved,Approved,Approved - First Pass,2025-12-14 17:19:26.103,—,Beatriz Costa
LOTE-M-SOP-021-3028,WO-2851,2025-12-15,Shift 2,ISBM-003,M-SOP-021,FR-021-HDPE-750,16381,M,315,0,6,22,28,Conforming,Approved,Approved,Approved - First Pass,2025-12-16 21:40:40.036,—,Elena Santos
LOTE-M-SOP-006-3029,WO-2852,2025-12-16,Shift 1,ISBM-003,M-SOP-006,FR-006-rPET-330,6514,L,200,0,1,3,4,Conforming,Approved,Approved,Approved - First Pass,2025-12-17 07:08:42.708,—,Diogo Ferreira
LOTE-M-SOP-025-3030,WO-2855,2025-12-18,Shift 1,ISBM-003,M-SOP-025,FR-025-PET-1000,10386,M,315,0,11,21,32,Nonconformance Detected,Approved,Approved,Approved - Released on Deviation,2025-12-19 22:08:17.393,—,Beatriz Costa
LOTE-M-SOP-006-3031,WO-2856,2025-12-19,SHIFT 3,ISBM-003,M-SOP-006,FR-006-rPET-330,6944,L,200,0,1,11,12,Conforming,Approved,Approved,Approved - First Pass,2025-12-20 05:02:51.271,—,Elena Santos
LOTE-M-SOP-021-3032,WO-2858,2025-12-20,Shift 1,ISBM-003,M-SOP-021,FR-021-HDPE-750,9514,L,200,0,1,8,9,Conforming,Approved,Approved,Approved - First Pass,2025-12-21 20:24:47.657,—,Elena Santos
LOTE-M-SOP-021-3033,WO-2859,2025-12-21,Shift 3,ISBM-003,M-SOP-021,FR-021-rPET-750,876,L,200,0,2,5,7,Conforming,Approved,Approved,Approved - First Pass,2025-12-21 23:52:42.761,—,Ana Silva
LOTE-M-SOP-003-3034,WO-2860,2025-12-21,Shift 3,ISBM-003,M-SOP-003,FR-003-rPET-300,8278,L,200,0,2,4,6,Conforming,Approved,Approved,Approved - First Pass,2025-12-23 12:15:25.157,—,Diogo Ferreira
LOTE-M-SOP-009-3035,WO-2862,2025-12-23,Shift 1,ISBM-003,M-SOP-009,FR-009-HDPE-350,10226,M,315,0,7,14,21,Conforming,Approved,Approved,Approved - First Pass,2025-12-24 06:31:35.461,—,Beatriz Costa
LOTE-M-SOP-021-3036,WO-2863,2025-12-24,Shift 3,ISBM-003,M-SOP-021,FR-021-HDPE-750,8333,L,200,2,1,5,8,Conforming,Rejected,Rejected,Rejected - Scrapped,2025-12-25 05:22:16.319,Leakage:2(Re=1),Carlos Mendes
LOTE-M-SOP-025-3037,WO-2864,2025-12-25,Shift 3,ISBM-003,M-SOP-025,FR-025-PET-1000,5615,L,200,0,1,3,4,Conforming,Approved,Approved,Approved - First Pass,2025-12-26 05:34:03.123,—,Diogo Ferreira
LOTE-M-SOP-006-3038,WO-2865,2025-12-25,Shift 3,ISBM-003,M-SOP-006,FR-006-rPET-330,2992,L,200,0,2,4,6,Conforming,Approved,Approved,Approved - First Pass,2025-12-26 14:12:42.180,—,Beatriz Costa
LOTE-M-SOP-003-3039,WO-2867,2025-12-27,Shift 3,ISBM-003,M-SOP-003,FR-003-rPET-300,9785,L,200,0,1,6,7,Conforming,Approved,Approved,Approved - First Pass,2025-12-27 21:36:53.134,—,Carlos Mendes
LOTE-M-SOP-006-3040,WO-2870,2025-12-29,Shift 1,ISBM-003,M-SOP-006,FR-006-rPET-330,21285,M,315,0,8,20,28,Conforming,Approved,Approved,Approved - First Pass,2025-12-30 09:09:47.622,—,Elena Santos
LOTE-M-SOP-021-3041,WO-2871,2025-12-30,Shift 3,ISBM-003,M-SOP-021,FR-021-rPET-750,4276,L,200,0,0,13,13,Nonconformance Detected,Approved,Approved,Approved - Reworked,2025-12-31 11:32:19.398,—,Ana Silva
LOTE-M-SOP-021-3042,WO-2873,2025-12-31,Shift 3,ISBM-003,M-SOP-021,FR-021-rPET-750,6809,L,200,0,1,6,7,Conforming,Approved,Approved,Approved - First Pass,2026-01-01 03:42:52.826,—,Carlos Mendes
LOTE-M-SOP-025-3043,WO-2874,2025-12-31,Shift 1,ISBM-003,M-SOP-025,FR-025-PET-1000,3484,L,200,1,0,6,7,Conforming,Rejected,Rejected,Rejected - Scrapped,2026-01-01 09:39:36.104,Leakage:1(Re=1),Elena Santos
LOTE-M-SOP-003-3044,WO-2875,2026-01-01,Shift 3,ISBM-003,M-SOP-003,FR-003-rPET-300,6023,L,200,0,1,4,5,Conforming,Approved,Approved,Approved - First Pass,2026-01-02 14:03:40.873,—,Carlos Mendes
LOTE-M-SOP-025-3045,WO-2878,2026-01-02,Shift 2,ISBM-003,M-SOP-025,FR-025-PET-1000,9166,L,200,0,3,27,30,Conforming,Approved,Approved,Approved - First Pass,2026-01-04 04:07:28.369,—,Ana Silva
LOTE-M-SOP-021-3046,WO-2879,2026-01-03,Shift 1,ISBM-003,M-SOP-021,FR-021-HDPE-750,3720,L,200,0,1,2,3,Conforming,Approved,Approved,Approved - First Pass,2026-01-04 11:20:10.298,—,Diogo Ferreira
LOTE-M-SOP-025-3047,WO-2880,2026-01-04,Shift 3,ISBM-003,M-SOP-025,FR-025-PET-1000,3612,L,200,0,0,13,13,Conforming,Approved,Approved,Approved - First Pass,2026-01-05 18:59:54.587,—,Beatriz Costa
LOTE-M-SOP-025-3048,WO-2881,2026-01-05,Shift 3,ISBM-003,M-SOP-025,FR-025-PET-1000,3550,L,200,0,2,9,11,Conforming,Approved,Approved,Approved - First Pass,2026-01-06 03:35:31.812,—,Ana Silva
LOTE-M-SOP-009-3049,WO-2882,2026-01-05,Shift 2,ISBM-003,M-SOP-009,FR-009-HDPE-350,2877,L,200,1,1,6,8,Conforming,Rejected,Approved,Approved - Released on Deviation,2026-01-06 11:03:01.938,—,Ana Silva
LOTE-M-SOP-025-3050,WO-2884,2026-01-06,Shift 2,ISBM-003,M-SOP-025,FR-025-PET-1000,6111,L,200,0,6,4,10,Conforming,Approved,Approved,Approved - First Pass,2026-01-07 20:32:47.553,—,Beatriz Costa
LOTE-M-SOP-009-3051,WO-2885,2026-01-07,Shift 1,ISBM-003,M-SOP-009,FR-009-PETG-350,4133,L,200,0,2,9,11,Conforming,Approved,Approved,Approved - First Pass,2026-01-08 06:58:52.677,—,Ana Silva
LOTE-M-SOP-009-3052,WO-2888,2026-01-09,Shift 1,ISBM-003,M-SOP-009,FR-009-HDPE-PCR-350,13745,M,315,0,4,14,18,Nonconformance Detected,Approved,Approved,Approved - Reworked,2026-01-10 09:57:03.838,—,Elena Santos
LOTE-M-SOP-003-3053,WO-2889,2026-01-10,Shift 3,ISBM-003,M-SOP-003,FR-003-rPET-300,7697,L,200,0,0,10,10,Conforming,Approved,Approved,Approved - First Pass,2026-01-11 10:30:53.361,—,Beatriz Costa
LOTE-M-SOP-021-3054,WO-2892,2026-01-12,Shift 1,ISBM-003,M-SOP-021,FR-021-HDPE-750,17373,M,315,0,8,16,24,Conforming,Approved,Approved,Approved - First Pass,2026-01-13 16:12:50.503,—,Diogo Ferreira
LOTE-M-SOP-009-3055,WO-2894,2026-01-13,Shift 2,ISBM-003,M-SOP-009,FR-009-HDPE-PCR-350,8947,L,200,0,8,22,30,Conforming,Approved,Approved,Approved - First Pass,2026-01-15 00:41:34.209,—,Carlos Mendes
LOTE-M-SOP-006-3056,WO-2896,2026-01-15,Shift 3,ISBM-003,M-SOP-006,FR-006-rPET-330,11868,M,315,0,1,13,14,Conforming,Approved,Approved,Approved - First Pass,2026-01-15 19:45:26.565,—,Elena Santos
LOTE-M-SOP-025-3057,WO-2899,2026-01-17,Shift 3,ISBM-003,M-SOP-025,FR-025-PET-1000,11156,M,315,0,9,17,26,Nonconformance Detected,Approved,Approved,Approved - Released on Deviation,2026-01-17 21:59:52.509,—,Elena Santos
LOTE-M-SOP-006-3058,WO-2901,2026-01-18,Shift 1,ISBM-003,M-SOP-006,FR-006-rPET-330,14977,M,315,0,6,27,33,Conforming,Approved,Approved,Approved - First Pass,2026-01-19 14:03:24.282,—,Carlos Mendes
LOTE-M-SOP-025-3059,WO-2903,2026-01-19,Shift 2,ISBM-003,M-SOP-025,FR-025-PET-1000,5336,L,200,1,2,11,14,Nonconformance Detected,Rejected,Rejected,Rejected - Scrapped,2026-01-20 23:37:29.010,Leakage:1(Re=1),Ana Silva
LOTE-M-SOP-003-3060,WO-2904,2026-01-20,Shift 1,ISBM-003,M-SOP-003,FR-003-rPET-300,6205,L,200,0,0,2,2,Conforming,Approved,Approved,Approved - First Pass,2026-01-21 18:26:15.126,—,Diogo Ferreira
LOTE-M-SOP-006-3061,WO-2906,2026-01-22,Shift 3,ISBM-003,M-SOP-006,FR-006-rPET-330,11436,M,315,0,3,13,16,Conforming,Approved,Approved,Approved - First Pass,2026-01-22 17:49:42.461,—,Elena Santos
LOTE-M-SOP-025-3062,WO-2909,2026-01-24,Shift 3,ISBM-003,M-SOP-025,FR-025-PET-1000,12263,M,315,0,10,20,30,Conforming,Approved,Approved,Approved - First Pass,2026-01-25 10:44:06.418,—,Diogo Ferreira
LOTE-M-SOP-006-3063,WO-2910,2026-01-24,Shift 2,ISBM-003,M-SOP-006,FR-006-rPET-330,5169,L,200,0,1,8,9,Conforming,Approved,Approved,Approved - First Pass,2026-01-25 17:17:09.421,—,Carlos Mendes
LOTE-M-SOP-006-3064,WO-2911,2026-01-25,Shift 1,ISBM-003,M-SOP-006,FR-006-rPET-330,4472,L,200,0,3,10,13,Conforming,Approved,Approved,Approved - First Pass,2026-01-26 20:05:27.182,—,Elena Santos
LOTE-M-SOP-006-3065,WO-2913,2026-01-26,Shift 2,ISBM-003,M-SOP-006,FR-006-rPET-330,7324,L,200,1,8,13,22,Conforming,Rejected,Rejected,Rejected - Scrapped,2026-01-27 16:39:17.269,Leakage:1(Re=1),Carlos Mendes
LOTE-M-SOP-025-3066,WO-2916,2026-01-28,Shift 2,ISBM-003,M-SOP-025,FR-025-PET-1000,12813,M,315,0,3,32,35,Conforming,Approved,Approved,Approved - First Pass,2026-01-30 05:16:38.880,—,Beatriz Costa
LOTE-M-SOP-009-3067,WO-2917,2026-01-29,shift 1,ISBM-003,M-SOP-009,FR-009-HDPE-350,7050,L,200,0,2,2,4,Conforming,Approved,Approved,Approved - First Pass,2026-01-31 01:16:53.172,—,Beatriz Costa
LOTE-M-SOP-021-3068,WO-2920,2026-01-31,Shift 2,ISBM-003,M-SOP-021,FR-021-HDPE-750,15679,M,315,0,8,13,21,Conforming,Approved,Approved,Approved - First Pass,2026-02-01 06:49:04.189,—,Ana Silva
LOTE-M-SOP-003-3069,WO-2922,2026-02-01,shift 2,ISBM-003,M-SOP-003,FR-003-rPET-300,10993,M,315,0,1,21,22,Conforming,Approved,Approved,Approved - First Pass,2026-02-03 03:14:48.526,—,Ana Silva
LOTE-M-SOP-006-3070,WO-2924,2026-02-03,Shift 1,ISBM-003,M-SOP-006,FR-006-rPET-330,10501,M,315,0,1,9,10,Conforming,Approved,Approved,Approved - First Pass,2026-02-04 11:56:12.409,—,Beatriz Costa
LOTE-M-SOP-025-3071,WO-2925,2026-02-03,  Shift 3  ,ISBM-003,M-SOP-025,FR-025-PET-1000,2710,L,200,0,1,6,7,Conforming,Approved,Approved,Approved - First Pass,2026-02-04 23:56:47.586,—,Beatriz Costa
LOTE-M-SOP-006-3072,WO-2928,2026-02-05,Shift 2,ISBM-003,M-SOP-006,FR-006-rPET-330,13664,M,315,2,7,19,28,Conforming,Rejected,Rejected,Rejected - Scrapped,2026-02-06 17:46:38.557,Leakage:2(Re=1),Elena Santos
LOTE-M-SOP-003-3073,WO-2929,2026-02-06,Shift 1,ISBM-003,M-SOP-003,FR-003-rPET-300,6777,L,200,0,0,7,7,Conforming,Approved,Approved,Approved - First Pass,2026-02-07 11:10:04.384,—,Diogo Ferreira
LOTE-M-SOP-006-3074,WO-2931,2026-02-07,Shift 2,ISBM-003,M-SOP-006,FR-006-rPET-330,8629,L,200,0,6,12,18,Conforming,Approved,Approved,Approved - First Pass,2026-02-09 02:30:49.065,—,Beatriz Costa
LOTE-M-SOP-021-3075,WO-2932,2026-02-08,Shift 1,ISBM-003,M-SOP-021,FR-021-HDPE-750,5845,L,200,0,1,6,7,Conforming,Approved,Approved,Approved - First Pass,2026-02-09 15:10:22.883,—,Beatriz Costa
LOTE-M-SOP-009-3076,WO-2934,2026-02-10,Shift 3,ISBM-003,M-SOP-009,FR-009-PET-350,13206,M,315,0,3,6,9,Conforming,Approved,Approved,Approved - First Pass,2026-02-11 00:59:21.092,—,Carlos Mendes
LOTE-M-SOP-003-3077,WO-2937,2026-02-12,Shift 3,ISBM-003,M-SOP-003,FR-003-rPET-300,14306,M,315,1,6,21,28,Conforming,Rejected,Rejected,Rejected - Scrapped,2026-02-13 01:38:09.089,Leakage:1(Re=1),Elena Santos
LOTE-M-SOP-003-3078,WO-2939,2026-02-13,Shift 1,ISBM-003,M-SOP-003,FR-003-rPET-300,11767,M,315,0,0,14,14,Conforming,Approved,Approved,Approved - First Pass,2026-02-14 10:06:57.358,—,Carlos Mendes
LOTE-M-SOP-021-3079,WO-2940,2026-02-14,Shift 3,ISBM-003,M-SOP-021,FR-021-HDPE-750,7618,L,200,0,0,11,11,Conforming,Approved,Approved,Approved - First Pass,2026-02-15 09:30:25.568,—,Ana Silva
LOTE-M-SOP-025-3080,WO-2942,2026-02-15,Shift 2,ISBM-003,M-SOP-025,FR-025-PET-1000,10199,M,315,0,2,12,14,Conforming,Approved,Approved,Approved - First Pass,2026-02-17 05:23:13.783,—,Carlos Mendes
LOTE-M-SOP-003-3081,WO-2943,2026-02-16,Shift 1,ISBM-003,M-SOP-003,FR-003-rPET-300,5250,L,200,0,0,5,5,Conforming,Approved,Approved,Approved - First Pass,2026-02-17 16:40:22.596,—,Ana Silva
LOTE-M-SOP-021-3082,WO-2944,2026-02-17,Shift 3,ISBM-003,M-SOP-021,FR-021-HDPE-750,5396,L,200,0,1,5,6,Conforming,Approved,Approved,Approved - First Pass,2026-02-18 03:23:51.633,—,Diogo Ferreira
LOTE-M-SOP-006-3083,WO-2945,2026-02-17,Shift 2,ISBM-003,M-SOP-006,FR-006-rPET-330,5592,L,200,0,0,13,13,Conforming,Approved,Approved,Approved - First Pass,2026-02-19 03:13:55.663,—,Elena Santos
LOTE-M-SOP-009-3084,WO-2948,2026-02-19,Shift 1,ISBM-003,M-SOP-009,FR-009-rPET-350,12745,M,315,0,13,13,26,Conforming,Approved,Approved,Approved - First Pass,2026-02-20 13:46:08.233,—,Ana Silva
LOTE-M-SOP-003-3085,WO-2949,2026-02-19,Shift 3,ISBM-003,M-SOP-003,FR-003-rPET-300,3910,L,200,0,0,3,3,Conforming,Approved,Approved,Approved - First Pass,2026-02-21 00:22:48.897,—,Carlos Mendes
LOTE-M-SOP-009-3086,WO-2950,2026-02-20,Shift 2,ISBM-003,M-SOP-009,FR-009-rPET-350,4084,L,200,1,1,10,12,Conforming,Rejected,Rejected,Rejected - Scrapped,2026-02-22 04:51:34.082,Leakage:1(Re=1),Elena Santos
LOTE-M-SOP-025-3087,WO-2951,2026-02-21,Shift 1,ISBM-003,M-SOP-025,FR-025-PET-1000,4771,L,200,2,1,1,4,Conforming,Rejected,Rejected,Rejected - Scrapped,2026-02-22 20:10:08.971,Leakage:2(Re=1),Diogo Ferreira
LOTE-M-SOP-006-3088,WO-2953,2026-02-23,Shift 3,ISBM-003,M-SOP-006,FR-006-rPET-330,11078,M,315,0,6,12,18,Conforming,Approved,Approved,Approved - First Pass,2026-02-23 16:39:49.125,—,Elena Santos
LOTE-M-SOP-003-3089,WO-2956,2026-02-24,Shift 2,ISBM-003,M-SOP-003,FR-003-rPET-300,12713,M,315,1,12,10,23,Conforming,Rejected,Rejected,Rejected - Scrapped,2026-02-26 03:57:03.958,Leakage:1(Re=1),Elena Santos
LOTE-M-SOP-009-3090,WO-2959,2026-02-26,Shift 3,ISBM-003,M-SOP-009,FR-009-PET-350,15157,M,315,0,8,13,21,Conforming,Approved,Approved,Approved - First Pass,2026-02-27 17:17:14.426,—,Elena Santos
LOTE-M-SOP-003-3091,WO-2962,2026-02-28,Shift 3,ISBM-003,M-SOP-003,FR-003-rPET-300,17868,M,315,0,1,16,17,Conforming,Approved,Approved,Approved - First Pass,2026-03-02 08:04:41.170,—,Beatriz Costa
LOTE-M-SOP-003-3092,WO-2964,2026-03-02,Shift 3,ISBM-003,M-SOP-003,FR-003-rPET-300,7219,L,200,2,4,14,20,Conforming,Rejected,Rejected,Rejected - Scrapped,2026-03-03 07:59:21.538,Leakage:2(Re=1),Ana Silva
LOTE-M-SOP-025-3093,WO-2965,2026-03-02,Shift 2,ISBM-003,M-SOP-025,FR-025-PET-1000,6074,L,200,0,5,9,14,Conforming,Approved,Approved,Approved - First Pass,2026-03-04 07:00:57.714,—,Carlos Mendes
LOTE-M-SOP-006-3094,WO-2966,2026-03-03,Shift 2,ISBM-003,M-SOP-006,FR-006-rPET-330,8326,L,200,0,5,3,8,Conforming,Approved,Approved,Approved - First Pass,2026-03-05 04:47:07.188,—,Beatriz Costa
LOTE-M-SOP-006-3095,WO-2967,2026-03-04,Shift 2,ISBM-003,M-SOP-006,FR-006-rPET-330,4631,L,200,0,3,10,13,Conforming,Approved,Approved,Approved - First Pass,2026-03-05 16:38:48.063,—,Elena Santos
LOTE-M-SOP-003-3096,WO-2968,2026-03-05,SHIFT 1,ISBM-003,M-SOP-003,FR-003-rPET-300,2486,L,200,0,4,1,5,Conforming,Approved,Approved,Approved - First Pass,2026-03-06 16:23:34.776,—,Diogo Ferreira
LOTE-M-SOP-009-3097,WO-2970,2026-03-06,Shift 2,ISBM-003,M-SOP-009,FR-009-HDPE-350,11863,M,315,0,3,11,14,Conforming,Approved,Approved,Approved - First Pass,2026-03-07 13:34:50.807,—,Beatriz Costa
LOTE-M-SOP-021-3098,WO-2972,2026-03-08,Shift 1,ISBM-003,M-SOP-021,FR-021-HDPE-750,15220,M,315,0,1,10,11,Conforming,Approved,Approved,Approved - First Pass,2026-03-09 02:05:23.981,—,Ana Silva
LOTE-M-SOP-009-3099,WO-2975,2026-03-10,Shift 2,ISBM-003,M-SOP-009,FR-009-HDPE-PCR-350,19277,M,315,2,6,26,34,Conforming,Rejected,Rejected,Rejected - Scrapped,2026-03-11 19:26:50.611,Leakage:2(Re=1),Ana Silva
LOTE-M-SOP-003-3100,WO-2976,2026-03-11,Shift 2,ISBM-003,M-SOP-003,FR-003-rPET-300,9754,L,200,0,2,10,12,Conforming,Approved,Approved,Approved - First Pass,2026-03-13 10:29:07.814,—,Elena Santos
LOTE-M-SOP-009-3101,WO-2977,2026-03-12,Shift 2,ISBM-003,M-SOP-009,FR-009-HDPE-350,5625,L,200,0,3,0,3,Conforming,Approved,Approved,Approved - First Pass,2026-03-13 15:25:46.729,—,Ana Silva
LOTE-M-SOP-009-3102,WO-2980,2026-03-14,Shift 1,ISBM-003,M-SOP-009,FR-009-HDPE-350,14450,M,315,0,4,18,22,Conforming,Approved,Approved,Approved - First Pass,2026-03-15 17:17:19.517,—,Ana Silva
LOTE-M-SOP-021-3103,WO-2983,2026-03-16,Shift 2,ISBM-003,M-SOP-021,FR-021-rPET-750,14837,M,315,0,12,30,42,Conforming,Approved,Approved,Approved - First Pass,2026-03-17 17:14:11.069,—,Ana Silva
LOTE-M-SOP-021-3104,WO-2984,2026-03-17,Shift 3,ISBM-003,M-SOP-021,FR-021-HDPE-750,4522,L,200,0,6,6,12,Conforming,Approved,Approved,Approved - First Pass,2026-03-18 16:03:01.586,—,Elena Santos
LOTE-M-SOP-003-3105,WO-2985,2026-03-17,Shift 3,ISBM-003,M-SOP-003,FR-003-rPET-300,6027,L,200,0,8,13,21,Conforming,Approved,Approved,Approved - First Pass,2026-03-18 20:15:01.825,—,Carlos Mendes
LOTE-M-SOP-006-3106,WO-2987,2026-03-19,shift 3,ISBM-003,M-SOP-006,FR-006-rPET-330,10599,M,315,1,7,20,28,Conforming,Rejected,Rejected,Rejected - Scrapped,2026-03-20 01:45:47.666,Leakage:1(Re=1),Ana Silva
LOTE-M-SOP-009-3107,WO-2990,2026-03-20,Shift 3,ISBM-003,M-SOP-009,FR-009-PET-350,14684,M,315,0,3,11,14,Nonconformance Detected,Approved,Approved,Approved - Reworked,2026-03-22 09:31:14.418,—,Diogo Ferreira
LOTE-M-SOP-025-3108,WO-2992,2026-03-22,Shift 2,ISBM-003,M-SOP-025,FR-025-PET-1000,8520,L,200,1,8,10,19,Conforming,Rejected,Rejected,Rejected - Scrapped,2026-03-23 21:53:29.962,Leakage:1(Re=1),Beatriz Costa
LOTE-M-SOP-021-3109,WO-2994,2026-03-24,Shift 1,ISBM-003,M-SOP-021,FR-021-rPET-750,8271,L,200,0,5,10,15,Conforming,Approved,Approved,Approved - First Pass,2026-03-25 18:37:00.866,—,Beatriz Costa
LOTE-M-SOP-009-3110,WO-2995,2026-03-25,Shift 3,ISBM-003,M-SOP-009,FR-009-PETG-350,9337,L,200,0,0,8,8,Conforming,Approved,Approved,Approved - First Pass,2026-03-26 18:26:48.897,—,Beatriz Costa
LOTE-M-SOP-009-3111,WO-2997,2026-03-26,Shift 2,ISBM-003,M-SOP-009,FR-009-PET-350,13536,M,315,0,2,7,9,Conforming,Approved,Approved,Approved - First Pass,2026-03-27 16:33:38.797,—,Beatriz Costa
LOTE-M-SOP-021-3112,WO-2999,2026-03-28,Shift 1,ISBM-003,M-SOP-021,FR-021-HDPE-750,9248,L,200,0,1,10,11,Conforming,Approved,Approved,Approved - First Pass,2026-03-29 10:36:27.747,—,Carlos Mendes
LOTE-M-SOP-006-3113,WO-3001,2026-03-29,Shift 1,ISBM-003,M-SOP-006,FR-006-rPET-330,5734,L,200,0,3,16,19,Conforming,Approved,Approved,Approved - First Pass,2026-03-30 20:34:22.602,—,Diogo Ferreira
LOTE-M-SOP-021-3114,WO-3004,2026-03-31,shift 2,ISBM-003,M-SOP-021,FR-021-HDPE-750,19721,M,315,0,0,14,14,Conforming,Approved,Approved,Approved - First Pass,2026-04-01 13:48:53.253,—,Elena Santos
LOTE-M-SOP-009-3115,WO-3007,2026-04-02,Shift 2,ISBM-003,M-SOP-009,FR-009-HDPE-350,14088,M,315,1,3,23,27,Nonconformance Detected,Rejected,Rejected,Rejected - Scrapped,2026-04-04 02:44:54.055,Leakage:1(Re=1),Beatriz Costa
LOTE-M-SOP-025-3116,WO-3009,2026-04-04,Shift 3,ISBM-003,M-SOP-025,FR-025-PET-1000,9078,L,200,0,6,11,17,Conforming,Approved,Approved,Approved - First Pass,2026-04-04 21:13:29.305,—,Beatriz Costa
LOTE-M-SOP-003-3117,WO-3012,2026-04-06,Shift 1,ISBM-003,M-SOP-003,FR-003-rPET-300,18203,M,315,0,9,14,23,Conforming,Approved,Approved,Approved - First Pass,2026-04-07 18:08:35.177,—,Diogo Ferreira
LOTE-M-SOP-009-3118,WO-3013,2026-04-07,Shift 1,ISBM-003,M-SOP-009,FR-009-HDPE-350,6930,L,200,0,2,10,12,Conforming,Approved,Approved,Approved - First Pass,2026-04-08 01:19:52.530,—,Carlos Mendes
LOTE-M-SOP-025-3119,WO-3014,2026-04-08,Shift 3,ISBM-003,M-SOP-025,FR-025-PET-1000,3339,L,200,0,0,12,12,Conforming,Approved,Approved,Approved - First Pass,2026-04-09 02:00:36.605,—,Diogo Ferreira
LOTE-M-SOP-003-3120,WO-3015,2026-04-08,Shift 2,ISBM-003,M-SOP-003,FR-003-rPET-300,7148,L,200,0,3,5,8,Conforming,Approved,Approved,Approved - First Pass,2026-04-09 18:58:06.149,—,Beatriz Costa
LOTE-M-SOP-006-3121,WO-3016,2026-04-09,Shift 1,ISBM-003,M-SOP-006,FR-006-rPET-330,4340,L,200,0,2,2,4,Conforming,Approved,Approved,Approved - First Pass,2026-04-10 18:28:47.169,—,Ana Silva
LOTE-M-SOP-003-3122,WO-3018,2026-04-11,Shift 1,ISBM-003,M-SOP-003,FR-003-rPET-300,13526,M,315,0,2,15,17,Conforming,Approved,Approved,Approved - First Pass,2026-04-12 07:45:15.715,—,Ana Silva
LOTE-M-SOP-025-3123,WO-3019,2026-04-12,Shift 3,ISBM-003,M-SOP-025,FR-025-PET-1000,2538,L,200,0,1,6,7,Conforming,Approved,Approved,Approved - First Pass,2026-04-13 12:39:01.874,—,Carlos Mendes
LOTE-M-SOP-021-3124,WO-3022,2026-04-14,Shift 3,ISBM-003,M-SOP-021,FR-021-HDPE-750,10793,M,315,0,2,20,22,Conforming,Approved,Approved,Approved - First Pass,2026-04-15 01:19:40.704,—,Elena Santos
LOTE-M-SOP-006-3125,WO-3024,2026-04-15,Shift 2,ISBM-003,M-SOP-006,FR-006-rPET-330,9395,L,200,0,3,18,21,Conforming,Approved,Approved,Approved - First Pass,2026-04-16 16:51:40.949,—,Beatriz Costa
LOTE-M-SOP-006-3126,WO-3025,2026-04-16,Shift 3,ISBM-003,M-SOP-006,FR-006-rPET-330,4218,L,200,0,2,7,9,Conforming,Approved,Approved,Approved - First Pass,2026-04-16 21:06:53.575,—,Ana Silva
LOTE-M-SOP-003-3127,WO-3027,2026-04-17,SHIFT 1,ISBM-003,M-SOP-003,FR-003-rPET-300,7139,L,200,0,2,17,19,Conforming,Approved,Approved,Approved - First Pass,2026-04-18 06:12:45.929,—,Diogo Ferreira
LOTE-M-SOP-025-3128,WO-3030,2026-04-19,Shift 1,ISBM-003,M-SOP-025,FR-025-PET-1000,5487,L,200,0,5,27,32,Conforming,Approved,Approved,Approved - First Pass,2026-04-19 23:30:41.651,—,Ana Silva
LOTE-M-SOP-021-3129,WO-3033,2026-04-21,Shift 1,ISBM-003,M-SOP-021,FR-021-rPET-750,20206,M,315,0,4,13,17,Conforming,Approved,Approved,Approved - First Pass,2026-04-22 20:12:47.417,—,Beatriz Costa
LOTE-M-SOP-006-3130,WO-3036,2026-04-23,Shift 2,ISBM-003,M-SOP-006,FR-006-rPET-330,13927,M,315,1,5,15,21,Conforming,Rejected,Rejected,Rejected - Scrapped,2026-04-25 01:31:54.219,Leakage:1(Re=1),Ana Silva
LOTE-M-SOP-025-3131,WO-3039,2026-04-25,Shift 2,ISBM-003,M-SOP-025,FR-025-PET-1000,11375,M,315,1,3,17,21,Conforming,Rejected,Rejected,Rejected - Scrapped,2026-04-26 20:10:49.740,Leakage:1(Re=1),Beatriz Costa
LOTE-M-SOP-021-3132,WO-3040,2026-04-26,Shift 2,ISBM-003,M-SOP-021,FR-021-HDPE-750,5518,L,200,1,2,8,11,Nonconformance Detected,Rejected,Rejected,Rejected - Scrapped,2026-04-27 13:30:25.784,Leakage:1(Re=1),Beatriz Costa
LOTE-M-SOP-025-3133,WO-3041,2026-04-27,Shift 1,ISBM-003,M-SOP-025,FR-025-PET-1000,5647,L,200,1,0,4,5,Conforming,Rejected,Rejected,Rejected - Scrapped,2026-04-28 13:06:44.807,Leakage:1(Re=1),Carlos Mendes
LOTE-M-SOP-003-3134,WO-3043,2026-04-28,Shift 3,ISBM-003,M-SOP-003,FR-003-rPET-300,9547,L,200,0,4,8,12,Conforming,Approved,Approved,Approved - First Pass,2026-04-29 20:13:12.030,—,Carlos Mendes
LOTE-M-SOP-025-3135,WO-3045,2026-04-30,Shift 1,ISBM-003,M-SOP-025,FR-025-PET-1000,7790,L,200,0,3,16,19,Conforming,Approved,Approved,Approved - First Pass,2026-05-01 09:43:07.616,—,Ana Silva
LOTE-M-SOP-006-3136,WO-3047,2026-05-01,Shift 2,ISBM-003,M-SOP-006,FR-006-rPET-330,9249,L,200,0,3,17,20,Conforming,Approved,Approved,Approved - First Pass,2026-05-03 03:51:59.807,—,Elena Santos
LOTE-M-SOP-021-3137,WO-3050,2026-05-03,Shift 1,ISBM-003,M-SOP-021,FR-021-HDPE-750,15032,M,315,0,7,18,25,Conforming,Approved,Approved,Approved - First Pass,2026-05-04 14:11:41.189,—,Ana Silva
LOTE-M-SOP-009-3138,WO-3051,2026-05-04,Shift 1,ISBM-003,M-SOP-009,FR-009-PET-350,6159,L,200,0,6,4,10,Conforming,Approved,Approved,Approved - First Pass,2026-05-05 14:47:22.659,—,Ana Silva
LOTE-M-SOP-025-3139,WO-3052,2026-05-05,Shift 3,ISBM-003,M-SOP-025,FR-025-PET-1000,3699,L,200,0,1,4,5,Nonconformance Detected,Approved,Rejected,Rejected - Scrapped,2026-05-06 05:01:51.553,Variable characteristic out of control limits,Carlos Mendes
LOTE-M-SOP-006-3140,WO-3054,2026-05-06,  Shift 1  ,ISBM-003,M-SOP-006,FR-006-rPET-330,13544,M,315,1,4,19,24,Conforming,Rejected,Rejected,Rejected - Scrapped,2026-05-07 20:05:25.253,Leakage:1(Re=1),Diogo Ferreira
LOTE-M-SOP-025-3141,WO-3056,2026-05-07,Shift 3,ISBM-003,M-SOP-025,FR-025-PET-1000,4917,L,200,0,2,12,14,Conforming,Approved,Approved,Approved - First Pass,2026-05-09 17:19:22.606,—,Beatriz Costa
LOTE-M-SOP-009-3142,WO-3058,2026-05-09,Shift 1,ISBM-003,M-SOP-009,FR-009-HDPE-PCR-350,7968,L,200,0,7,30,37,Conforming,Approved,Approved,Approved - First Pass,2026-05-10 02:46:59.572,—,Beatriz Costa
LOTE-M-SOP-003-3143,WO-3061,2026-05-11,Shift 1,ISBM-003,M-SOP-003,FR-003-rPET-300,15174,M,315,0,4,29,33,Conforming,Approved,Approved,Approved - First Pass,2026-05-12 05:26:01.281,—,Carlos Mendes
LOTE-M-SOP-006-3144,WO-3063,2026-05-12,Shift 1,ISBM-003,M-SOP-006,FR-006-rPET-330,12360,M,315,0,3,18,21,Nonconformance Detected,Approved,Approved,Approved - Reworked,2026-05-13 13:04:29.263,—,Beatriz Costa
LOTE-M-SOP-009-3145,WO-3065,2026-05-14,Shift 3,ISBM-003,M-SOP-009,FR-009-PET-350,13552,M,315,0,1,9,10,Conforming,Approved,Approved,Approved - First Pass,2026-05-15 13:23:54.039,—,Beatriz Costa
LOTE-M-SOP-009-3146,WO-3067,2026-05-15,Shift 1,ISBM-003,M-SOP-009,FR-009-rPET-350,13570,M,315,0,0,5,5,Conforming,Approved,Approved,Approved - First Pass,2026-05-16 17:39:49.738,—,Elena Santos
LOTE-M-SOP-003-3147,WO-3070,2026-05-17,Shift 2,ISBM-003,M-SOP-003,FR-003-rPET-300,19660,M,315,3,7,24,34,Nonconformance Detected,Rejected,Rejected,Rejected - Scrapped,2026-05-19 01:15:16.687,Leakage:2(Re=1),Beatriz Costa
LOTE-M-SOP-025-3148,WO-3071,2026-05-18,Shift 2,ISBM-003,M-SOP-025,FR-025-PET-1000,2963,L,200,0,4,8,12,Conforming,Approved,Approved,Approved - First Pass,2026-05-19 10:58:58.684,—,Elena Santos
LOTE-M-SOP-025-3149,WO-3073,2026-05-20,Shift 3,ISBM-003,M-SOP-025,FR-025-PET-1000,7282,L,200,0,1,7,8,Conforming,Approved,Approved,Approved - First Pass,2026-05-21 05:13:47.145,—,Diogo Ferreira
LOTE-M-SOP-009-3150,WO-3074,2026-05-20,Shift 1,ISBM-003,M-SOP-009,FR-009-HDPE-350,4744,L,200,0,2,0,2,Conforming,Approved,Approved,Approved - First Pass,2026-05-22 03:58:47.435,—,Elena Santos
LOTE-M-SOP-003-3151,WO-3076,2026-05-22,Shift 3,ISBM-003,M-SOP-003,FR-003-rPET-300,7219,L,200,1,3,2,6,Conforming,Rejected,Rejected,Rejected - Scrapped,2026-05-22 12:36:04.283,Leakage:1(Re=1),Ana Silva
LOTE-M-SOP-003-3152,WO-3078,2026-05-23,Shift 1,ISBM-003,M-SOP-003,FR-003-rPET-300,8742,L,200,0,7,1,8,Conforming,Approved,Approved,Approved - First Pass,2026-05-24 22:47:20.688,—,Diogo Ferreira
LOTE-M-SOP-025-3153,WO-3079,2026-05-24,Shift 3,ISBM-003,M-SOP-025,FR-025-PET-1000,3056,L,200,0,4,6,10,Conforming,Approved,Approved,Approved - First Pass,2026-05-25 05:19:43.381,—,Beatriz Costa
LOTE-M-SOP-025-3154,WO-3082,2026-05-25,Shift 3,ISBM-003,M-SOP-025,FR-025-PET-1000,8685,L,200,0,3,20,23,Conforming,Approved,Approved,Approved - First Pass,2026-05-27 09:01:52.372,—,Beatriz Costa
LOTE-M-SOP-009-3155,WO-3084,2026-05-27,Shift 1,ISBM-003,M-SOP-009,FR-009-PETG-350,11682,M,315,0,7,0,7,Nonconformance Detected,Approved,Approved,Approved - Reworked,2026-05-29 02:37:40.469,—,Beatriz Costa
LOTE-M-SOP-021-3156,WO-3087,2026-05-29,Shift 1,ISBM-003,M-SOP-021,FR-021-rPET-750,16116,M,315,1,4,15,20,Conforming,Rejected,Approved,Approved - Released on Deviation,2026-05-30 19:34:02.100,—,Ana Silva
LOTE-M-SOP-025-3157,WO-3089,2026-05-30,Shift 2,ISBM-003,M-SOP-025,FR-025-PET-1000,8631,L,200,0,4,16,20,Conforming,Approved,Approved,Approved - First Pass,2026-06-01 08:26:02.971,—,Carlos Mendes
LOTE-M-SOP-006-3158,WO-3091,2026-06-01,SHIFT 1,ISBM-003,M-SOP-006,FR-006-rPET-330,8983,L,200,0,5,11,16,Conforming,Approved,Approved,Approved - First Pass,2026-06-02 13:18:53.556,—,Elena Santos
LOTE-M-SOP-006-3159,WO-3092,2026-06-01,Shift 3,ISBM-003,M-SOP-006,FR-006-rPET-330,621,L,200,0,1,0,1,Conforming,Approved,Approved,Approved - First Pass,2026-06-02 23:23:23.271,—,Beatriz Costa
LOTE-M-SOP-006-3160,WO-3094,2026-06-03,Shift 3,ISBM-003,M-SOP-006,FR-006-rPET-330,12877,M,315,0,3,8,11,Conforming,Approved,Approved,Approved - First Pass,2026-06-03 23:31:28.790,—,Carlos Mendes
LOTE-M-SOP-025-3161,WO-3095,2026-06-03,Shift 3,ISBM-003,M-SOP-025,FR-025-PET-1000,3123,L,200,0,1,5,6,Conforming,Approved,Approved,Approved - First Pass,2026-06-04 18:46:41.279,—,Ana Silva
LOTE-M-SOP-009-3162,WO-3097,2026-06-05,Shift 1,ISBM-003,M-SOP-009,FR-009-HDPE-350,11294,M,315,1,2,16,19,Nonconformance Detected,Rejected,Approved,Approved - Reworked,2026-06-06 13:06:07.890,—,Carlos Mendes
LOTE-M-SOP-025-3163,WO-3100,2026-06-07,Shift 3,ISBM-003,M-SOP-025,FR-025-PET-1000,13163,M,315,1,9,22,32,Conforming,Rejected,Rejected,Rejected - Scrapped,2026-06-08 13:07:17.035,Leakage:1(Re=1),Ana Silva
LOTE-M-SOP-009-3164,WO-3102,2026-06-08,Shift 2,ISBM-003,M-SOP-009,FR-009-PETG-350,10280,M,315,0,2,10,12,Conforming,Approved,Approved,Approved - First Pass,2026-06-09 19:25:06.306,—,Elena Santos
LOTE-M-SOP-003-3165,WO-3103,2026-06-09,Shift 1,ISBM-003,M-SOP-003,FR-003-rPET-300,3862,L,200,0,3,3,6,Conforming,Approved,Approved,Approved - First Pass,2026-06-10 18:09:09.663,—,Elena Santos
LOTE-M-SOP-006-3166,WO-3104,2026-06-10,Shift 3,ISBM-003,M-SOP-006,FR-006-rPET-330,8627,L,200,0,1,3,4,Conforming,Approved,Approved,Approved - First Pass,2026-06-11 10:40:33.548,—,Diogo Ferreira
LOTE-M-SOP-009-3167,WO-3105,2026-06-11,Shift 3,ISBM-003,M-SOP-009,FR-009-rPET-350,2437,L,200,0,2,10,12,Conforming,Approved,Approved,Approved - First Pass,2026-06-12 07:45:30.554,—,Elena Santos
LOTE-M-SOP-006-3168,WO-3106,2026-06-11,Shift 3,ISBM-003,M-SOP-006,FR-006-rPET-330,2557,L,200,0,4,2,6,Conforming,Approved,Approved,Approved - First Pass,2026-06-13 04:09:46.716,—,Carlos Mendes
LOTE-M-SOP-025-3169,WO-3109,2026-06-13,Shift 2,ISBM-003,M-SOP-025,FR-025-PET-1000,9421,L,200,1,7,10,18,Conforming,Rejected,Rejected,Rejected - Scrapped,2026-06-15 06:25:48.278,Leakage:1(Re=1),Carlos Mendes
LOTE-M-SOP-021-3170,WO-3110,2026-06-14,Shift 2,ISBM-003,M-SOP-021,FR-021-rPET-750,4995,L,200,0,1,5,6,Conforming,Approved,Approved,Approved - First Pass,2026-06-15 21:40:38.489,—,Elena Santos
LOTE-M-SOP-009-3171,WO-3113,2026-06-16,Shift 1,ISBM-003,M-SOP-009,FR-009-HDPE-PCR-350,15577,M,315,0,5,20,25,Conforming,Approved,Approved,Approved - First Pass,2026-06-17 11:09:01.132,—,Beatriz Costa
LOTE-M-SOP-009-3172,WO-3115,2026-06-17,Shift 2,ISBM-003,M-SOP-009,FR-009-rPET-350,14071,M,315,1,7,20,28,Conforming,Rejected,Rejected,Rejected - Scrapped,2026-06-19 04:30:21.246,Leakage:1(Re=1),Beatriz Costa
LOTE-M-SOP-025-3173,WO-3118,2026-06-19,Shift 3,ISBM-003,M-SOP-025,FR-025-PET-1000,12113,M,315,0,1,19,20,Conforming,Approved,Approved,Approved - First Pass,2026-06-21 06:29:26.244,—,Ana Silva
LOTE-M-SOP-006-3174,WO-3119,2026-06-20,Shift 1,ISBM-003,M-SOP-006,FR-006-rPET-330,5859,L,200,0,2,3,5,Nonconformance Detected,Approved,Approved,Approved - Released on Deviation,2026-06-21 17:54:42.399,—,Ana Silva
LOTE-M-SOP-003-3175,WO-3122,2026-06-22,Shift 3,ISBM-003,M-SOP-003,FR-003-rPET-300,19368,M,315,0,14,11,25,Conforming,Approved,Approved,Approved - First Pass,2026-06-24 07:57:36.164,—,Diogo Ferreira
LOTE-M-SOP-006-3176,WO-3123,2026-06-23,Shift 2,ISBM-003,M-SOP-006,FR-006-rPET-330,5848,L,200,0,3,13,16,Conforming,Approved,Approved,Approved - First Pass,2026-06-25 04:30:26.166,—,Carlos Mendes
LOTE-M-SOP-006-3177,WO-3124,2026-06-24,Shift 1,ISBM-003,M-SOP-006,FR-006-rPET-330,6220,L,200,0,0,1,1,Conforming,Approved,Approved,Approved - First Pass,2026-06-25 09:44:39.844,—,Carlos Mendes
LOTE-M-SOP-006-3178,WO-3126,2026-06-25,Shift 2,ISBM-003,M-SOP-006,FR-006-rPET-330,9167,L,200,0,8,21,29,Conforming,Approved,Approved,Approved - First Pass,2026-06-26 15:06:19.212,—,Carlos Mendes
LOTE-M-SOP-003-3179,WO-3128,2026-06-27,Shift 3,ISBM-003,M-SOP-003,FR-003-rPET-300,9755,L,200,0,1,14,15,Conforming,Approved,Approved,Approved - First Pass,2026-06-28 12:27:18.620,—,Elena Santos
LOTE-M-SOP-006-3180,WO-3131,2026-06-29,Shift 1,ISBM-003,M-SOP-006,FR-006-rPET-330,17775,M,315,0,10,8,18,Conforming,Approved,Approved,Approved - First Pass,2026-06-30 15:28:53.623,—,Carlos Mendes
LOTE-M-SOP-025-3181,WO-3134,2026-07-01,Shift 3,ISBM-003,M-SOP-025,FR-025-PET-1000,10015,M,315,0,4,14,18,Conforming,Approved,Approved,Approved - First Pass,2026-07-02 01:18:42.990,—,Ana Silva
LOTE-M-SOP-003-3182,WO-3135,2026-07-01,Shift 2,ISBM-003,M-SOP-003,FR-003-rPET-300,4599,L,200,0,1,11,12,Conforming,Approved,Approved,Approved - First Pass,2026-07-02 08:02:33.326,—,Diogo Ferreira
LOTE-M-SOP-003-3183,WO-3136,2026-07-02,Shift 3,ISBM-003,M-SOP-003,FR-003-rPET-300,5429,L,200,0,2,4,6,Conforming,Approved,Approved,Approved - First Pass,2026-07-02 20:19:42.087,—,Ana Silva
LOTE-M-SOP-003-3184,WO-3137,2026-07-02,Shift 2,ISBM-003,M-SOP-003,FR-003-rPET-300,4681,L,200,0,1,13,14,Conforming,Approved,Approved,Approved - First Pass,2026-07-03 13:54:26.147,—,Ana Silva
LOTE-M-SOP-025-3185,WO-3140,2026-07-04,Shift 2,ISBM-003,M-SOP-025,FR-025-PET-1000,11224,M,315,1,5,22,28,Nonconformance Detected,Rejected,Rejected,Rejected - Scrapped,2026-07-05 07:49:26.873,Leakage:1(Re=1),Beatriz Costa
LOTE-M-SOP-009-3186,WO-3142,2026-07-05,Shift 1,ISBM-003,M-SOP-009,FR-009-PETG-350,9945,L,200,0,1,10,11,Conforming,Approved,Approved,Approved - First Pass,2026-07-06 22:03:58.773,—,Ana Silva
LOTE-M-SOP-009-3187,WO-3144,2026-07-07,Shift 3,ISBM-003,M-SOP-009,FR-009-HDPE-350,12883,M,315,1,6,10,17,Conforming,Rejected,Rejected,Rejected - Scrapped,2026-07-08 12:59:29.970,Leakage:1(Re=1),Ana Silva
LOTE-M-SOP-003-3188,WO-3146,2026-07-08,Shift 1,ISBM-003,M-SOP-003,FR-003-rPET-300,12411,M,315,1,1,9,11,Conforming,Rejected,Rejected,Rejected - Scrapped,2026-07-09 13:06:00.834,Leakage:1(Re=1),Beatriz Costa
LOTE-M-SOP-006-3189,WO-3149,2026-07-10,Shift 3,ISBM-003,M-SOP-006,FR-006-rPET-330,17166,M,315,0,8,22,30,Conforming,Approved,Approved,Approved - First Pass,2026-07-12 03:51:50.782,—,Ana Silva
LOTE-M-SOP-003-3190,WO-3150,2026-07-11,Shift 2,ISBM-003,M-SOP-003,FR-003-rPET-300,4783,L,200,0,5,5,10,Conforming,Approved,Approved,Approved - First Pass,2026-07-13 01:13:31.531,—,Beatriz Costa
LOTE-M-SOP-006-3191,WO-3153,2026-07-14,Shift 3,ISBM-003,M-SOP-006,FR-006-rPET-330,10860,M,315,0,10,24,34,Nonconformance Detected,Approved,Approved,Approved - Reworked,2026-07-14 21:29:45.725,—,Elena Santos
LOTE-M-SOP-021-3192,WO-3154,2026-07-14,Shift 1,ISBM-003,M-SOP-021,FR-021-HDPE-750,7047,L,200,0,2,2,4,Conforming,Approved,Approved,Approved - First Pass,2026-07-15 13:12:38.805,—,Carlos Mendes
LOTE-M-SOP-021-3193,WO-3156,2026-07-15,Shift 3,ISBM-003,M-SOP-021,FR-021-rPET-750,16603,M,315,0,1,7,8,Conforming,Approved,Approved,Approved - First Pass,2026-07-17 03:42:24.817,—,Elena Santos
LOTE-M-SOP-006-3194,WO-3158,2026-07-17,Shift 1,ISBM-003,M-SOP-006,FR-006-rPET-330,11666,M,315,0,7,20,27,Conforming,Approved,Approved,Approved - First Pass,2026-07-18 12:18:26.156,—,Carlos Mendes
LOTE-M-SOP-006-3195,WO-3160,2026-07-18,Shift 3,ISBM-003,M-SOP-006,FR-006-rPET-330,10019,M,315,0,6,15,21,Conforming,Approved,Approved,Approved - First Pass,2026-07-20 06:08:14.304,—,Beatriz Costa
LOTE-M-SOP-025-3196,WO-3162,2026-07-20,Shift 3,ISBM-003,M-SOP-025,FR-025-PET-1000,8482,L,200,0,5,4,9,Conforming,Approved,Approved,Approved - First Pass,2026-07-21 07:03:25.053,—,Ana Silva
LOTE-M-SOP-003-3197,WO-3165,2026-07-22,Shift 2,ISBM-003,M-SOP-003,FR-003-rPET-300,16848,M,315,0,12,19,31,Conforming,Approved,Approved,Approved - First Pass,2026-07-24 08:20:52.356,—,Diogo Ferreira
LOTE-M-SOP-009-3198,WO-3166,2026-07-23,Shift 2,ISBM-003,M-SOP-009,FR-009-rPET-350,3640,L,200,0,2,11,13,Conforming,Approved,Approved,Approved - First Pass,2026-07-24 08:12:16.994,—,Ana Silva
LOTE-M-SOP-003-3199,WO-3167,2026-07-24,Shift 3,ISBM-003,M-SOP-003,FR-003-rPET-300,6699,L,200,0,1,9,10,Conforming,Approved,Approved,Approved - First Pass,2026-07-25 06:59:59.317,—,Elena Santos
LOTE-M-SOP-003-3200,WO-3169,2026-07-25,Shift 1,ISBM-003,M-SOP-003,FR-003-rPET-300,11047,M,315,0,9,21,30,Conforming,Approved,Approved,Approved - First Pass,2026-07-26 06:21:40.615,—,Beatriz Costa
LOTE-M-SOP-025-3201,WO-3172,2026-07-27,Shift 1,ISBM-003,M-SOP-025,FR-025-PET-1000,7780,L,200,0,4,18,22,Conforming,Approved,Approved,Approved - First Pass,2026-07-28 09:47:01.588,—,Carlos Mendes
LOTE-M-SOP-025-3202,WO-3173,2026-07-28,Shift 1,ISBM-003,M-SOP-025,FR-025-PET-1000,5425,L,200,0,5,3,8,Conforming,Approved,Approved,Approved - First Pass,2026-07-29 03:09:10.359,—,Elena Santos
LOTE-M-SOP-003-3203,WO-3176,2026-07-30,Shift 1,ISBM-003,M-SOP-003,FR-003-rPET-300,14240,M,315,0,11,19,30,Conforming,Approved,Approved,Approved - First Pass,2026-07-31 13:19:21.183,—,Diogo Ferreira
LOTE-M-SOP-021-3204,WO-3178,2026-07-31,Shift 2,ISBM-003,M-SOP-021,FR-021-HDPE-750,8805,L,200,0,3,17,20,Nonconformance Detected,Approved,Approved,Approved - Reworked,2026-08-02 08:07:29.484,—,Ana Silva
LOTE-M-SOP-025-3205,WO-3179,2026-08-01,Shift 1,ISBM-003,M-SOP-025,FR-025-PET-1000,2218,L,200,0,0,6,6,Conforming,Approved,Approved,Approved - First Pass,2026-08-02 04:06:02.387,—,Diogo Ferreira
LOTE-M-SOP-003-3206,WO-3182,2026-08-03,Shift 3,ISBM-003,M-SOP-003,FR-003-rPET-300,16166,M,315,0,3,20,23,Conforming,Approved,Approved,Approved - First Pass,2026-08-04 16:31:50.294,—,Diogo Ferreira
LOTE-M-SOP-021-3207,WO-3183,2026-08-03,SHIFT 3,ISBM-003,M-SOP-021,FR-021-rPET-750,4451,L,200,0,2,15,17,Conforming,Approved,Approved,Approved - First Pass,2026-08-05 10:19:32.819,—,Ana Silva
LOTE-M-SOP-006-3208,WO-3185,2026-08-05,Shift 1,ISBM-003,M-SOP-006,FR-006-rPET-330,11861,M,315,0,3,21,24,Conforming,Approved,Approved,Approved - First Pass,2026-08-06 07:16:49.956,—,Diogo Ferreira
LOTE-M-SOP-025-3209,WO-3186,2026-08-06,Shift 3,ISBM-003,M-SOP-025,FR-025-PET-1000,3729,L,200,1,2,4,7,Conforming,Rejected,Rejected,Rejected - Scrapped,2026-08-07 08:30:51.345,Leakage:1(Re=1),Elena Santos
LOTE-M-SOP-009-3210,WO-3187,2026-08-06,Shift 2,ISBM-003,M-SOP-009,FR-009-HDPE-350,3875,L,200,0,2,12,14,Nonconformance Detected,Approved,Approved,Approved - Reworked,2026-08-08 06:54:17.499,—,Elena Santos
LOTE-M-SOP-025-3211,WO-3188,2026-08-07,Shift 2,ISBM-003,M-SOP-025,FR-025-PET-1000,4811,L,200,0,0,6,6,Conforming,Approved,Approved,Approved - First Pass,2026-08-08 16:31:54.279,—,Diogo Ferreira
LOTE-M-SOP-009-3212,WO-3191,2026-08-09,Shift 2,ISBM-003,M-SOP-009,FR-009-PET-350,18697,M,315,0,4,21,25,Conforming,Approved,Approved,Approved - First Pass,2026-08-11 02:07:25.855,—,Beatriz Costa
LOTE-M-SOP-009-3213,WO-3194,2026-08-12,Shift 3,ISBM-003,M-SOP-009,FR-009-PETG-350,17118,M,315,1,5,15,21,Conforming,Rejected,Rejected,Rejected - Scrapped,2026-08-13 07:34:53.979,Leakage:1(Re=1),Beatriz Costa
LOTE-M-SOP-021-3214,WO-3196,2026-08-13,Shift 1,ISBM-003,M-SOP-021,FR-021-rPET-750,8211,L,200,1,4,5,10,Conforming,Rejected,Rejected,Rejected - Scrapped,2026-08-14 03:06:25.763,Leakage:1(Re=1),Elena Santos
LOTE-M-SOP-009-3215,WO-3197,2026-08-13,Shift 2,ISBM-003,M-SOP-009,FR-009-rPET-350,5617,L,200,0,2,0,2,Conforming,Approved,Approved,Approved - First Pass,2026-08-14 23:11:50.339,—,Elena Santos
LOTE-M-SOP-009-3216,WO-3198,2026-08-14,Shift 1,ISBM-003,M-SOP-009,FR-009-PET-350,7108,L,200,2,6,4,12,Conforming,Rejected,Rejected,Rejected - Scrapped,2026-08-15 10:09:48.903,Leakage:2(Re=1),Elena Santos
LOTE-M-SOP-025-3217,WO-3199,2026-08-15,Shift 3,ISBM-003,M-SOP-025,FR-025-PET-1000,4477,L,200,0,1,3,4,Conforming,Approved,Approved,Approved - First Pass,2026-08-16 05:40:23.865,—,Ana Silva
LOTE-M-SOP-009-3218,WO-3200,2026-08-15,Shift 2,ISBM-003,M-SOP-009,FR-009-PETG-350,4180,L,200,0,0,14,14,Conforming,Approved,Approved,Approved - First Pass,2026-08-16 14:10:58.863,—,Beatriz Costa
LOTE-M-SOP-025-3219,WO-3201,2026-08-16,Shift 1,ISBM-003,M-SOP-025,FR-025-PET-1000,3050,L,200,0,1,4,5,Conforming,Approved,Approved,Approved - First Pass,2026-08-17 10:44:34.000,—,Beatriz Costa
LOTE-M-SOP-009-3220,WO-3203,2026-08-17,Shift 1,ISBM-003,M-SOP-009,FR-009-HDPE-350,7353,L,200,0,5,18,23,Conforming,Approved,Approved,Approved - First Pass,2026-08-18 05:31:40.415,—,Ana Silva
LOTE-M-SOP-006-3221,WO-3204,2026-08-17,Shift 3,ISBM-003,M-SOP-006,FR-006-rPET-330,3824,L,200,0,2,4,6,Conforming,Approved,Approved,Approved - First Pass,2026-08-19 01:20:33.831,—,Ana Silva
LOTE-M-SOP-003-3222,WO-3205,2026-08-18,Shift 1,ISBM-003,M-SOP-003,FR-003-rPET-300,6638,L,200,0,1,10,11,Conforming,Approved,Approved,Approved - First Pass,2026-08-19 09:54:36.296,—,Ana Silva
LOTE-M-SOP-021-3223,WO-3207,2026-08-20,Shift 3,ISBM-003,M-SOP-021,FR-021-rPET-750,11588,M,315,0,6,19,25,Conforming,Approved,Approved,Approved - First Pass,2026-08-20 23:14:24.562,—,Carlos Mendes
LOTE-M-SOP-003-3224,WO-3210,2026-08-22,Shift 3,ISBM-003,M-SOP-003,FR-003-rPET-300,18007,M,315,0,3,12,15,Nonconformance Detected,Approved,Approved,Approved - Reworked,2026-08-23 07:44:48.832,—,Ana Silva
LOTE-M-SOP-009-3225,WO-3211,2026-08-22,Shift 2,ISBM-003,M-SOP-009,FR-009-HDPE-350,4290,L,200,0,3,8,11,Conforming,Approved,Approved,Approved - First Pass,2026-08-23 16:24:07.146,—,Beatriz Costa
LOTE-M-SOP-025-3226,WO-3212,2026-08-23,Shift 1,ISBM-003,M-SOP-025,FR-025-PET-1000,3661,L,200,0,4,0,4,Conforming,Approved,Approved,Approved - First Pass,2026-08-24 21:26:25.590,—,Carlos Mendes
LOTE-M-SOP-021-3227,WO-3215,2026-08-25,Shift 1,ISBM-003,M-SOP-021,FR-021-rPET-750,14924,M,315,0,2,16,18,Conforming,Approved,Approved,Approved - First Pass,2026-08-26 11:56:32.429,—,Diogo Ferreira
LOTE-M-SOP-009-3228,WO-3216,2026-08-25,Shift 2,ISBM-003,M-SOP-009,FR-009-HDPE-PCR-350,4728,L,200,0,4,6,10,Conforming,Approved,Approved,Approved - First Pass,2026-08-27 01:53:27.087,—,Diogo Ferreira
LOTE-M-SOP-006-3229,WO-3219,2026-08-27,Shift 2,ISBM-003,M-SOP-006,FR-006-rPET-330,15694,M,315,0,5,27,32,Conforming,Rejected,Rejected,Rejected - Scrapped,2026-08-29 04:13:14.616,Color:12(Re=11),Diogo Ferreira
LOTE-M-SOP-006-3230,WO-3221,2026-08-29,Shift 3,ISBM-003,M-SOP-006,FR-006-rPET-330,11250,M,315,0,5,14,19,Conforming,Approved,Approved,Approved - First Pass,2026-08-30 09:40:17.522,—,Ana Silva
LOTE-M-SOP-003-3231,WO-3224,2026-08-31,Shift 3,ISBM-003,M-SOP-003,FR-003-rPET-300,19197,M,315,0,11,18,29,Nonconformance Detected,Approved,Approved,Approved - Reworked,2026-09-01 15:37:48.894,—,Elena Santos
LOTE-M-SOP-025-3232,WO-3226,2026-09-01,Shift 1,ISBM-003,M-SOP-025,FR-025-PET-1000,7740,L,200,0,8,15,23,Conforming,Approved,Approved,Approved - First Pass,2026-09-02 18:53:53.375,—,Carlos Mendes
LOTE-M-SOP-009-3233,WO-3229,2026-09-03,Shift 3,ISBM-003,M-SOP-009,FR-009-PET-350,17229,M,315,2,3,23,28,Conforming,Rejected,Rejected,Rejected - Scrapped,2026-09-04 07:11:18.140,Leakage:2(Re=1),Carlos Mendes
LOTE-M-SOP-006-3234,WO-3232,2026-09-05,Shift 3,ISBM-003,M-SOP-006,FR-006-rPET-330,16642,M,315,1,7,29,37,Conforming,Rejected,Rejected,Rejected - Scrapped,2026-09-06 06:11:56.398,Leakage:1(Re=1),Beatriz Costa
LOTE-M-SOP-009-3235,WO-3235,2026-09-07,Shift 1,ISBM-003,M-SOP-009,FR-009-PETG-350,20644,M,315,0,4,24,28,Nonconformance Detected,Approved,Rejected,Rejected - Scrapped,2026-09-08 09:21:55.072,Variable characteristic out of control limits,Elena Santos
LOTE-M-SOP-003-3236,WO-3238,2026-09-09,Shift 3,ISBM-003,M-SOP-003,FR-003-rPET-300,17664,M,315,1,0,16,17,Conforming,Rejected,Rejected,Rejected - Scrapped,2026-09-10 16:17:45.557,Leakage:1(Re=1),Elena Santos
LOTE-M-SOP-025-3237,WO-3241,2026-09-11,Shift 3,ISBM-003,M-SOP-025,FR-025-PET-1000,7385,L,200,0,6,16,22,Conforming,Approved,Approved,Approved - First Pass,2026-09-12 15:47:20.199,—,Diogo Ferreira
LOTE-M-SOP-025-3238,WO-3244,2026-09-13,Shift 2,ISBM-003,M-SOP-025,FR-025-PET-1000,13905,M,315,0,7,16,23,Conforming,Approved,Approved,Approved - First Pass,2026-09-15 09:34:09.237,—,Ana Silva
LOTE-M-SOP-021-3239,WO-3246,2026-09-15,Shift 1,ISBM-003,M-SOP-021,FR-021-rPET-750,5069,L,200,0,12,11,23,Conforming,Approved,Approved,Approved - First Pass,2026-09-16 08:14:32.028,—,Beatriz Costa
LOTE-M-SOP-003-3240,WO-3248,2026-09-17,Shift 3,ISBM-003,M-SOP-003,FR-003-rPET-300,5976,L,200,0,3,16,19,Conforming,Approved,Approved,Approved - First Pass,2026-09-18 01:33:14.838,—,Elena Santos
LOTE-M-SOP-006-3241,WO-3250,2026-09-18,Shift 1,ISBM-003,M-SOP-006,FR-006-rPET-330,13672,M,315,1,0,10,11,Nonconformance Detected,Rejected,Rejected,Rejected - Scrapped,2026-09-19 18:50:51.300,Leakage:1(Re=1),Carlos Mendes
LOTE-M-SOP-003-3242,WO-3252,2026-09-20,Shift 3,ISBM-003,M-SOP-003,FR-003-rPET-300,8268,L,200,0,3,3,6,Conforming,Approved,Approved,Approved - First Pass,2026-09-20 16:18:43.647,—,Elena Santos
LOTE-M-SOP-009-3243,WO-3254,2026-09-21,Shift 3,ISBM-003,M-SOP-009,FR-009-PETG-350,7079,L,200,0,2,13,15,Conforming,Approved,Approved,Approved - First Pass,2026-09-22 03:53:53.157,—,Diogo Ferreira
LOTE-M-SOP-021-3244,WO-3257,2026-09-23,Shift 1,ISBM-003,M-SOP-021,FR-021-HDPE-750,21703,M,315,0,8,28,36,Conforming,Approved,Approved,Approved - First Pass,2026-09-24 02:15:42.958,—,Carlos Mendes
LOTE-M-SOP-003-3245,WO-3258,2026-09-24,SHIFT 3,ISBM-003,M-SOP-003,FR-003-rPET-300,4460,L,200,0,5,1,6,Conforming,Approved,Approved,Approved - First Pass,2026-09-24 19:09:46.118,—,Diogo Ferreira
LOTE-M-SOP-021-3246,WO-3259,2026-09-24,Shift 2,ISBM-003,M-SOP-021,FR-021-HDPE-750,7130,L,200,0,2,8,10,Conforming,Approved,Approved,Approved - First Pass,2026-09-25 21:44:44.965,—,Ana Silva
LOTE-M-SOP-025-3247,WO-3262,2026-09-26,Shift 2,ISBM-003,M-SOP-025,FR-025-PET-1000,8596,L,200,0,6,24,30,Conforming,Approved,Approved,Approved - First Pass,2026-09-27 09:05:01.143,—,Ana Silva
LOTE-M-SOP-025-3248,WO-3265,2026-09-28,Shift 1,ISBM-003,M-SOP-025,FR-025-PET-1000,10450,M,315,2,9,11,22,Conforming,Rejected,Rejected,Rejected - Scrapped,2026-09-29 03:18:47.081,Leakage:1(Re=1),Ana Silva
LOTE-M-SOP-006-3249,WO-3266,2026-09-29,SHIFT 3,ISBM-003,M-SOP-006,FR-006-rPET-330,4913,L,200,0,5,0,5,Conforming,Approved,Approved,Approved - First Pass,2026-09-29 18:02:39.574,—,Diogo Ferreira
LOTE-M-SOP-021-3250,WO-3268,2026-09-30,Shift 3,ISBM-003,M-SOP-021,FR-021-rPET-750,7142,L,200,1,2,11,14,Conforming,Rejected,Rejected,Rejected - Scrapped,2026-09-30 16:50:12.537,Leakage:1(Re=1),Elena Santos
LOTE-M-SOP-021-3251,WO-3270,2026-10-01,Shift 3,ISBM-003,M-SOP-021,FR-021-HDPE-750,8427,L,200,0,9,15,24,Nonconformance Detected,Approved,Rejected,Rejected - Scrapped,2026-10-02 07:27:30.496,Variable characteristic out of control limits,Carlos Mendes
LOTE-M-SOP-006-3252,WO-3273,2026-10-02,Shift 3,ISBM-003,M-SOP-006,FR-006-rPET-330,16279,M,315,0,14,11,25,Conforming,Approved,Approved,Approved - First Pass,2026-10-03 21:18:23.232,—,Ana Silva
LOTE-M-SOP-025-3253,WO-3276,2026-10-05,Shift 3,ISBM-003,M-SOP-025,FR-025-PET-1000,8762,L,200,1,3,15,19,Conforming,Rejected,Rejected,Rejected - Scrapped,2026-10-06 12:40:16.589,Leakage:1(Re=1),Diogo Ferreira
LOTE-M-SOP-003-3254,WO-3278,2026-10-06,Shift 1,ISBM-003,M-SOP-003,FR-003-rPET-300,11212,M,315,1,11,13,25,Conforming,Rejected,Rejected,Rejected - Scrapped,2026-10-07 11:34:14.273,Leakage:1(Re=1),Elena Santos
LOTE-M-SOP-003-3255,WO-3281,2026-10-08,Shift 1,ISBM-003,M-SOP-003,FR-003-rPET-300,15803,M,315,1,7,12,20,Conforming,Rejected,Rejected,Rejected - Scrapped,2026-10-09 03:05:47.289,Leakage:1(Re=1),Beatriz Costa
LOTE-M-SOP-025-3256,WO-3283,2026-10-09,Shift 2,ISBM-003,M-SOP-025,FR-025-PET-1000,9989,L,200,0,5,16,21,Conforming,Approved,Approved,Approved - First Pass,2026-10-10 14:08:46.768,—,Ana Silva
LOTE-M-SOP-003-3257,WO-3284,2026-10-10,Shift 1,ISBM-003,M-SOP-003,FR-003-rPET-300,3859,L,200,0,2,6,8,Conforming,Approved,Approved,Approved - First Pass,2026-10-11 07:44:33.422,—,Ana Silva
LOTE-M-SOP-009-3258,WO-3287,2026-10-12,Shift 1,ISBM-003,M-SOP-009,FR-009-HDPE-350,14379,M,315,0,9,21,30,Conforming,Approved,Approved,Approved - First Pass,2026-10-13 13:29:00.309,—,Elena Santos
LOTE-M-SOP-021-3259,WO-3288,2026-10-12,Shift 2,ISBM-003,M-SOP-021,FR-021-HDPE-750,3145,L,200,0,4,4,8,Conforming,Approved,Approved,Approved - First Pass,2026-10-13 10:11:59.388,—,Carlos Mendes
LOTE-M-SOP-009-3260,WO-3289,2026-10-13,Shift 3,ISBM-003,M-SOP-009,FR-009-PET-350,7428,L,200,0,0,0,0,Conforming,Approved,Approved,Approved - First Pass,2026-10-14 21:00:37.453,—,Ana Silva
LOTE-M-SOP-003-3261,WO-3291,2026-10-14,Shift 3,ISBM-003,M-SOP-003,FR-003-rPET-300,12458,M,315,0,3,14,17,Conforming,Approved,Approved,Approved - First Pass,2026-10-15 21:22:25.335,—,Ana Silva
LOTE-M-SOP-025-3262,WO-3293,2026-10-16,Shift 3,ISBM-003,M-SOP-025,FR-025-PET-1000,5851,L,200,1,7,29,37,Conforming,Rejected,Rejected,Rejected - Scrapped,2026-10-17 03:04:33.451,Leakage:1(Re=1),Elena Santos
LOTE-M-SOP-021-3263,WO-3294,2026-10-16,SHIFT 2,ISBM-003,M-SOP-021,FR-021-HDPE-750,3262,L,200,0,5,14,19,Conforming,Approved,Approved,Approved - First Pass,2026-10-18 00:00:37.174,—,Elena Santos
LOTE-M-SOP-009-3264,WO-3296,2026-10-17,Shift 3,ISBM-003,M-SOP-009,FR-009-rPET-350,9625,L,200,0,12,14,26,Conforming,Approved,Approved,Approved - First Pass,2026-10-19 02:43:19.194,—,Carlos Mendes
LOTE-M-SOP-006-3265,WO-3297,2026-10-18,Shift 1,ISBM-003,M-SOP-006,FR-006-rPET-330,8009,L,200,0,4,4,8,Conforming,Approved,Approved,Approved - First Pass,2026-10-19 13:36:23.380,—,Diogo Ferreira
LOTE-M-SOP-009-3266,WO-3300,2026-10-20,SHIFT 2,ISBM-003,M-SOP-009,FR-009-rPET-350,16895,M,315,1,8,17,26,Conforming,Rejected,Rejected,Rejected - Scrapped,2026-10-21 21:51:23.394,Leakage:1(Re=1),Elena Santos
LOTE-M-SOP-009-3267,WO-3302,2026-10-21,Shift 2,ISBM-003,M-SOP-009,FR-009-HDPE-PCR-350,10746,M,315,0,2,0,2,Conforming,Approved,Approved,Approved - First Pass,2026-10-22 23:48:23.234,—,Diogo Ferreira
LOTE-M-SOP-006-3268,WO-3304,2026-10-23,Shift 1,ISBM-003,M-SOP-006,FR-006-rPET-330,11970,M,315,0,3,10,13,Conforming,Approved,Approved,Approved - First Pass,2026-10-24 09:24:31.648,—,Beatriz Costa
LOTE-M-SOP-009-3269,WO-3305,2026-10-24,Shift 3,ISBM-003,M-SOP-009,FR-009-HDPE-350,8085,L,200,0,0,18,18,Conforming,Approved,Approved,Approved - First Pass,2026-10-25 00:23:20.522,—,Carlos Mendes
LOTE-M-SOP-009-3270,WO-3307,2026-10-25,SHIFT 2,ISBM-003,M-SOP-009,FR-009-rPET-350,13888,M,315,0,2,21,23,Nonconformance Detected,Approved,Approved,Approved - Reworked,2026-10-27 00:48:48.977,—,Beatriz Costa
LOTE-M-SOP-006-3271,WO-3308,2026-10-26,Shift 2,ISBM-003,M-SOP-006,FR-006-rPET-330,8273,L,200,1,2,7,10,Nonconformance Detected,Rejected,Approved,Approved - Released on Deviation,2026-10-28 03:20:33.150,—,Beatriz Costa
LOTE-M-SOP-021-3272,WO-3309,2026-10-27,Shift 1,ISBM-003,M-SOP-021,FR-021-HDPE-750,4017,L,200,0,0,5,5,Conforming,Approved,Approved,Approved - First Pass,2026-10-28 08:24:42.618,—,Ana Silva
LOTE-M-SOP-006-3273,WO-3310,2026-10-28,Shift 3,ISBM-003,M-SOP-006,FR-006-rPET-330,4157,L,200,0,2,11,13,Conforming,Approved,Approved,Approved - First Pass,2026-10-29 00:19:40.139,—,Elena Santos
LOTE-M-SOP-009-3274,WO-3313,2026-10-29,Shift 2,ISBM-003,M-SOP-009,FR-009-HDPE-350,16191,M,315,0,9,29,38,Conforming,Approved,Approved,Approved - First Pass,2026-10-31 08:03:51.290,—,Ana Silva
LOTE-M-SOP-009-3275,WO-3314,2026-10-30,Shift 2,ISBM-003,M-SOP-009,FR-009-PET-350,5034,L,200,0,0,12,12,Conforming,Approved,Approved,Approved - First Pass,2026-10-31 16:41:47.843,—,Elena Santos
LOTE-M-SOP-009-3276,WO-3315,2026-10-31,Shift 2,ISBM-003,M-SOP-009,FR-009-rPET-350,5241,L,200,0,5,5,10,Conforming,Approved,Approved,Approved - First Pass,2026-11-01 12:47:26.857,—,Elena Santos
LOTE-M-SOP-009-3277,WO-3316,2026-11-01,Shift 3,ISBM-003,M-SOP-009,FR-009-rPET-350,6788,L,200,0,0,3,3,Conforming,Approved,Approved,Approved - First Pass,2026-11-02 05:09:22.969,—,Ana Silva
LOTE-M-SOP-021-3278,WO-3317,2026-11-01,Shift 3,ISBM-003,M-SOP-021,FR-021-HDPE-750,2840,L,200,0,2,10,12,Conforming,Approved,Approved,Approved - First Pass,2026-11-02 22:50:15.384,—,Diogo Ferreira
LOTE-M-SOP-003-3279,WO-3320,2026-11-03,Shift 2,ISBM-003,M-SOP-003,FR-003-rPET-300,13749,M,315,0,8,6,14,Nonconformance Detected,Approved,Approved,Approved - Reworked,2026-11-04 21:19:37.235,—,Carlos Mendes
LOTE-M-SOP-021-3280,WO-3323,2026-11-05,Shift 2,ISBM-003,M-SOP-021,FR-021-HDPE-750,15030,M,315,0,9,14,23,Conforming,Approved,Approved,Approved - First Pass,2026-11-06 16:29:59.476,—,Diogo Ferreira
LOTE-M-SOP-025-3281,WO-3325,2026-11-06,Shift 2,ISBM-003,M-SOP-025,FR-025-PET-1000,5838,L,200,0,1,13,14,Conforming,Approved,Approved,Approved - First Pass,2026-11-08 03:19:01.756,—,Beatriz Costa
LOTE-M-SOP-021-3282,WO-3328,2026-11-08,Shift 2,ISBM-003,M-SOP-021,FR-021-HDPE-750,19252,M,315,0,10,16,26,Nonconformance Detected,Approved,Approved,Approved - Reworked,2026-11-10 00:30:02.660,—,Diogo Ferreira
LOTE-M-SOP-009-3283,WO-3330,2026-11-10,Shift 2,ISBM-003,M-SOP-009,FR-009-HDPE-PCR-350,14749,M,315,1,6,11,18,Nonconformance Detected,Rejected,Rejected,Rejected - Scrapped,2026-11-12 05:38:35.636,Leakage:1(Re=1),Ana Silva
LOTE-M-SOP-021-3284,WO-3331,2026-11-11,Shift 1,ISBM-003,M-SOP-021,FR-021-HDPE-750,5081,L,200,0,3,3,6,Conforming,Approved,Approved,Approved - First Pass,2026-11-12 06:06:39.478,—,Elena Santos
LOTE-M-SOP-009-3285,WO-3334,2026-11-13,shift 2,ISBM-003,M-SOP-009,FR-009-rPET-350,17194,M,315,0,10,16,26,Nonconformance Detected,Approved,Approved,Approved - Reworked,2026-11-15 09:04:17.882,—,Elena Santos
LOTE-M-SOP-006-3286,WO-3336,2026-11-15,Shift 1,ISBM-003,M-SOP-006,FR-006-rPET-330,10537,M,315,0,7,9,16,Conforming,Approved,Approved,Approved - First Pass,2026-11-16 02:42:56.802,—,Elena Santos
LOTE-M-SOP-003-3287,WO-3337,2026-11-15,Shift 3,ISBM-003,M-SOP-003,FR-003-rPET-300,6395,L,200,0,1,8,9,Conforming,Approved,Approved,Approved - First Pass,2026-11-17 04:06:09.975,—,Carlos Mendes
LOTE-M-SOP-003-3288,WO-3339,2026-11-17,Shift 1,ISBM-003,M-SOP-003,FR-003-rPET-300,9097,L,200,0,8,15,23,Conforming,Approved,Approved,Approved - First Pass,2026-11-19 02:49:26.277,—,Beatriz Costa
LOTE-M-SOP-025-3289,WO-3340,2026-11-18,Shift 1,ISBM-003,M-SOP-025,FR-025-PET-1000,3188,L,200,1,1,1,3,Conforming,Rejected,Rejected,Rejected - Scrapped,2026-11-19 14:19:54.534,Leakage:1(Re=1),Beatriz Costa
LOTE-M-SOP-009-3290,WO-3343,2026-11-20,  Shift 2  ,ISBM-003,M-SOP-009,FR-009-PETG-350,18636,M,315,0,3,23,26,Conforming,Rejected,Approved,Approved - Reworked,2026-11-21 20:07:12.653,—,Carlos Mendes
LOTE-M-SOP-025-3291,WO-3345,2026-11-22,Shift 3,ISBM-003,M-SOP-025,FR-025-PET-1000,8953,L,200,0,4,12,16,Conforming,Approved,Approved,Approved - First Pass,2026-11-23 01:30:03.056,—,Ana Silva
LOTE-M-SOP-021-3292,WO-3346,2026-11-22,Shift 2,ISBM-003,M-SOP-021,FR-021-HDPE-750,6470,L,200,1,1,8,10,Conforming,Rejected,Rejected,Rejected - Scrapped,2026-11-24 02:41:13.444,Leakage:1(Re=1),Ana Silva
LOTE-M-SOP-006-3293,WO-3349,2026-11-24,Shift 3,ISBM-003,M-SOP-006,FR-006-rPET-330,12928,M,315,0,4,24,28,Conforming,Approved,Approved,Approved - First Pass,2026-11-25 22:59:09.401,—,Diogo Ferreira
LOTE-M-SOP-025-3294,WO-3350,2026-11-25,Shift 2,ISBM-003,M-SOP-025,FR-025-PET-1000,3032,L,200,0,5,14,19,Conforming,Approved,Approved,Approved - First Pass,2026-11-27 02:01:22.769,—,Ana Silva
LOTE-M-SOP-003-3295,WO-3353,2026-11-27,Shift 3,ISBM-003,M-SOP-003,FR-003-rPET-300,21534,M,315,0,3,17,20,Nonconformance Detected,Approved,Approved,Approved - Released on Deviation,2026-11-28 23:49:04.048,—,Diogo Ferreira
LOTE-M-SOP-021-3296,WO-3354,2026-11-28,Shift 2,ISBM-003,M-SOP-021,FR-021-rPET-750,5431,L,200,0,1,7,8,Conforming,Approved,Approved,Approved - First Pass,2026-11-29 16:07:51.699,—,Elena Santos
LOTE-M-SOP-003-3297,WO-3357,2026-11-30,Shift 2,ISBM-003,M-SOP-003,FR-003-rPET-300,13047,M,315,1,5,7,13,Conforming,Rejected,Rejected,Rejected - Scrapped,2026-12-01 17:42:19.338,Leakage:1(Re=1),Carlos Mendes
LOTE-M-SOP-009-3298,WO-3360,2026-12-02,Shift 2,ISBM-003,M-SOP-009,FR-009-PET-350,13833,M,315,0,2,14,16,Nonconformance Detected,Approved,Approved,Approved - Reworked,2026-12-04 01:05:06.649,—,Beatriz Costa
LOTE-M-SOP-025-3299,WO-3361,2026-12-03,Shift 1,ISBM-003,M-SOP-025,FR-025-PET-1000,3493,L,200,0,1,6,7,Conforming,Approved,Approved,Approved - First Pass,2026-12-04 14:36:59.895,—,Ana Silva
LOTE-M-SOP-021-3300,WO-3363,2026-12-04,Shift 1,ISBM-003,M-SOP-021,FR-021-HDPE-750,11022,M,315,0,8,7,15,Nonconformance Detected,Approved,Approved,Approved - Reworked,2026-12-05 19:00:30.469,—,Diogo Ferreira
LOTE-M-SOP-006-3301,WO-3365,2026-12-05,Shift 2,ISBM-003,M-SOP-006,FR-006-rPET-330,13861,M,315,0,3,10,13,Conforming,Approved,Approved,Approved - First Pass,2026-12-06 13:28:10.148,—,Diogo Ferreira
LOTE-M-SOP-006-3302,WO-3367,2026-12-07,Shift 3,ISBM-003,M-SOP-006,FR-006-rPET-330,11535,M,315,0,3,13,16,Nonconformance Detected,Approved,Approved,Approved - Reworked,2026-12-08 22:56:04.923,—,Carlos Mendes
LOTE-M-SOP-006-3303,WO-3370,2026-12-09,Shift 2,ISBM-003,M-SOP-006,FR-006-rPET-330,17812,M,315,1,3,22,26,Conforming,Rejected,Rejected,Rejected - Scrapped,2026-12-10 19:42:51.737,Leakage:1(Re=1),Elena Santos
LOTE-M-SOP-025-3304,WO-3373,2026-12-11,Shift 2,ISBM-003,M-SOP-025,FR-025-PET-1000,12173,M,315,1,5,20,26,Conforming,Rejected,Rejected,Rejected - Scrapped,2026-12-13 07:44:17.321,Leakage:1(Re=1),Elena Santos
LOTE-M-SOP-025-3305,WO-3375,2026-12-13,Shift 1,ISBM-003,M-SOP-025,FR-025-PET-1000,7640,L,200,2,5,16,23,Nonconformance Detected,Rejected,Rejected,Rejected - Scrapped,2026-12-14 15:37:28.987,Leakage:2(Re=1),Carlos Mendes
LOTE-M-SOP-025-3306,WO-3376,2026-12-13,Shift 2,ISBM-003,M-SOP-025,FR-025-PET-1000,4316,L,200,0,0,4,4,Conforming,Approved,Approved,Approved - First Pass,2026-12-15 04:20:37.279,—,Elena Santos
LOTE-M-SOP-009-3307,WO-3377,2026-12-14,Shift 2,ISBM-003,M-SOP-009,FR-009-HDPE-350,2684,L,200,0,3,3,6,Conforming,Approved,Approved,Approved - First Pass,2026-12-15 09:10:32.779,—,Elena Santos
LOTE-M-SOP-006-3308,WO-3379,2026-12-15,Shift 2,ISBM-003,M-SOP-006,FR-006-rPET-330,10712,M,315,0,3,14,17,Conforming,Approved,Approved,Approved - First Pass,2026-12-17 08:31:17.330,—,Carlos Mendes
LOTE-M-SOP-009-3309,WO-3382,2026-12-18,Shift 3,ISBM-003,M-SOP-009,FR-009-PET-350,19559,M,315,0,5,26,31,Conforming,Approved,Approved,Approved - First Pass,2026-12-19 04:42:55.412,—,Diogo Ferreira
LOTE-M-SOP-006-3310,WO-3383,2026-12-18,Shift 2,ISBM-003,M-SOP-006,FR-006-rPET-330,4714,L,200,0,0,5,5,Conforming,Approved,Approved,Approved - First Pass,2026-12-20 02:34:47.048,—,Carlos Mendes
LOTE-M-SOP-021-3311,WO-3384,2026-12-19,Shift 1,ISBM-003,M-SOP-021,FR-021-HDPE-750,6414,L,200,0,0,3,3,Conforming,Approved,Approved,Approved - First Pass,2026-12-20 16:32:38.052,—,Beatriz Costa
LOTE-M-SOP-006-3312,WO-3386,2026-12-20,Shift 2,ISBM-003,M-SOP-006,FR-006-rPET-330,8397,L,200,0,2,15,17,Conforming,Approved,Approved,Approved - First Pass,2026-12-22 02:55:50.848,—,Elena Santos
LOTE-M-SOP-021-3313,WO-3387,2026-12-21,Shift 1,ISBM-003,M-SOP-021,FR-021-HDPE-750,5567,L,200,0,0,3,3,Conforming,Approved,Approved,Approved - First Pass,2026-12-22 20:44:20.071,—,Diogo Ferreira
LOTE-M-SOP-009-3314,WO-3389,2026-12-22,Shift 3,ISBM-003,M-SOP-009,FR-009-HDPE-350,14113,M,315,0,3,7,10,Conforming,Approved,Approved,Approved - First Pass,2026-12-24 10:03:35.326,—,Diogo Ferreira
LOTE-M-SOP-021-3315,WO-3391,2026-12-24,Shift 2,ISBM-003,M-SOP-021,FR-021-rPET-750,11449,M,315,0,3,29,32,Conforming,Approved,Approved,Approved - First Pass,2026-12-26 04:57:48.695,—,Carlos Mendes
LOTE-M-SOP-025-3316,WO-3392,2026-12-25,Shift 2,ISBM-003,M-SOP-025,FR-025-PET-1000,2597,L,200,0,0,3,3,Conforming,Approved,Approved,Approved - First Pass,2026-12-26 19:10:46.898,—,Diogo Ferreira
LOTE-M-SOP-021-3317,WO-3393,2026-12-26,Shift 2,ISBM-003,M-SOP-021,FR-021-HDPE-750,5166,L,200,0,3,9,12,Conforming,Approved,Approved,Approved - First Pass,2026-12-28 05:52:31.737,—,Ana Silva
LOTE-M-SOP-006-3318,WO-3395,2026-12-28,Shift 3,ISBM-003,M-SOP-006,FR-006-rPET-330,11981,M,315,0,5,12,17,Conforming,Approved,Approved,Approved - First Pass,2026-12-29 01:31:09.918,—,Elena Santos
LOTE-M-SOP-025-3319,WO-3398,2026-12-29,Shift 1,ISBM-003,M-SOP-025,FR-025-PET-1000,8024,L,200,0,5,19,24,Conforming,Approved,Approved,Approved - First Pass,2026-12-30 19:27:54.956,—,Beatriz Costa
LOTE-M-SOP-006-3320,WO-3399,2026-12-30,Shift 3,ISBM-003,M-SOP-006,FR-006-rPET-330,4896,L,200,1,4,1,6,Conforming,Rejected,Rejected,Rejected - Scrapped,2026-12-31 11:46:35.607,Leakage:1(Re=1),Beatriz Costa
LOTE-M-SOP-025-3321,WO-3400,2026-12-30,shift 2,ISBM-003,M-SOP-025,FR-025-PET-1000,3668,L,200,0,3,7,10,Conforming,Approved,Approved,Approved - First Pass,2026-12-31 23:51:32.327,—,Elena Santos
LOTE-M-SOP-029-3322,WO-3401,2025-07-01,Shift 3,ISBM-004,M-SOP-029,FR-029-MDPE-5000,467,L,200,0,2,2,4,Conforming,Approved,Approved,Approved - First Pass,2025-07-01 17:54:26.202,—,Ana Silva
LOTE-M-SOP-026-3323,WO-3402,2025-07-01,Shift 2,ISBM-004,M-SOP-026,FR-026-HDPE-4000,2722,L,200,0,5,0,5,Conforming,Approved,Approved,Approved - First Pass,2025-07-03 00:20:40.556,—,Ana Silva
LOTE-M-SOP-004-3324,WO-3405,2025-07-03,SHIFT 2,ISBM-004,M-SOP-004,FR-004-rPET-330,21681,M,315,0,2,8,10,Conforming,Approved,Approved,Approved - First Pass,2025-07-04 21:45:01.295,—,Ana Silva
LOTE-M-SOP-004-3325,WO-3407,2025-07-05,shift 1,ISBM-004,M-SOP-004,FR-004-rPET-330,20802,M,315,0,4,13,17,Conforming,Approved,Approved,Approved - First Pass,2025-07-06 20:32:00.675,—,Carlos Mendes
LOTE-M-SOP-026-3326,WO-3408,2025-07-06,Shift 1,ISBM-004,M-SOP-026,FR-026-HDPE-4000,1616,L,200,0,6,2,8,Conforming,Approved,Approved,Approved - First Pass,2025-07-07 03:24:29.161,—,Diogo Ferreira
LOTE-M-SOP-029-3327,WO-3410,2025-07-07,Shift 1,ISBM-004,M-SOP-029,FR-029-MDPE-5000,1927,L,200,0,1,7,8,Conforming,Approved,Approved,Approved - First Pass,2025-07-08 07:01:43.560,—,Elena Santos
LOTE-M-SOP-012-3328,WO-3411,2025-07-08,Shift 3,ISBM-004,M-SOP-012,FR-012-PET-400,5076,L,200,0,0,1,1,Conforming,Approved,Approved,Approved - First Pass,2025-07-08 14:35:24.564,—,Elena Santos
LOTE-M-SOP-004-3329,WO-3412,2025-07-08,Shift 1,ISBM-004,M-SOP-004,FR-004-rPET-330,7514,L,200,0,2,0,2,Conforming,Approved,Approved,Approved - First Pass,2025-07-09 21:35:11.076,—,Carlos Mendes
LOTE-M-SOP-004-3330,WO-3415,2025-07-10,Shift 3,ISBM-004,M-SOP-004,FR-004-rPET-330,18789,M,315,0,3,4,7,Conforming,Approved,Approved,Approved - First Pass,2025-07-10 16:14:12.830,—,Carlos Mendes
LOTE-M-SOP-004-3331,WO-3417,2025-07-11,Shift 1,ISBM-004,M-SOP-004,FR-004-rPET-330,20115,M,315,0,0,10,10,Conforming,Approved,Approved,Approved - First Pass,2025-07-12 20:52:34.398,—,Diogo Ferreira
LOTE-M-SOP-029-3332,WO-3418,2025-07-12,Shift 3,ISBM-004,M-SOP-029,FR-029-MDPE-5000,1589,L,200,0,0,3,3,Conforming,Approved,Approved,Approved - First Pass,2025-07-13 05:34:29.559,—,Beatriz Costa
LOTE-M-SOP-004-3333,WO-3421,2025-07-14,Shift 3,ISBM-004,M-SOP-004,FR-004-rPET-330,22896,M,315,0,2,10,12,Conforming,Approved,Approved,Approved - First Pass,2025-07-15 16:08:00.504,—,Diogo Ferreira
LOTE-M-SOP-026-3334,WO-3423,2025-07-15,shift 2,ISBM-004,M-SOP-026,FR-026-HDPE-4000,5154,L,200,0,7,7,14,Conforming,Approved,Approved,Approved - First Pass,2025-07-16 11:54:27.337,—,Carlos Mendes
LOTE-M-SOP-004-3335,WO-3425,2025-07-17,Shift 3,ISBM-004,M-SOP-004,FR-004-rPET-330,20340,M,315,0,2,8,10,Conforming,Approved,Approved,Approved - First Pass,2025-07-18 11:02:46.613,—,Carlos Mendes
LOTE-M-SOP-004-3336,WO-3427,2025-07-18,Shift 1,ISBM-004,M-SOP-004,FR-004-rPET-330,20004,M,315,0,1,6,7,Conforming,Approved,Approved,Approved - First Pass,2025-07-20 02:17:40.578,—,Elena Santos
LOTE-M-SOP-012-3337,WO-3428,2025-07-19,Shift 1,ISBM-004,M-SOP-012,FR-012-PET-400,9112,L,200,0,2,3,5,Conforming,Approved,Approved,Approved - First Pass,2025-07-20 23:45:58.681,—,Diogo Ferreira
LOTE-M-SOP-012-3338,WO-3430,2025-07-21,Shift 3,ISBM-004,M-SOP-012,FR-012-PET-400,17126,M,315,1,3,10,14,Conforming,Rejected,Rejected,Rejected - Scrapped,2025-07-22 01:50:17.613,Leakage:1(Re=1),Diogo Ferreira
LOTE-M-SOP-026-3339,WO-3433,2025-07-23,Shift 1,ISBM-004,M-SOP-026,FR-026-HDPE-4000,9734,L,200,0,1,17,18,Conforming,Approved,Approved,Approved - First Pass,2025-07-24 18:08:40.100,—,Elena Santos
LOTE-M-SOP-029-3340,WO-3434,2025-07-24,Shift 3,ISBM-004,M-SOP-029,FR-029-MDPE-5000,1256,L,200,0,2,2,4,Conforming,Approved,Approved,Approved - First Pass,2025-07-25 00:19:23.141,—,Diogo Ferreira
LOTE-M-SOP-012-3341,WO-3435,2025-07-24,Shift 2,ISBM-004,M-SOP-012,FR-012-PET-400,10301,M,315,0,4,6,10,Conforming,Approved,Approved,Approved - First Pass,2025-07-26 05:36:22.855,—,Beatriz Costa
LOTE-M-SOP-012-3342,WO-3437,2025-07-26,Shift 3,ISBM-004,M-SOP-012,FR-012-PET-400,12560,M,315,2,1,2,5,Conforming,Rejected,Rejected,Rejected - Scrapped,2025-07-27 15:46:57.220,Leakage:1(Re=1),Elena Santos
LOTE-M-SOP-004-3343,WO-3440,2025-07-28,Shift 3,ISBM-004,M-SOP-004,FR-004-rPET-330,24807,M,315,0,5,17,22,Conforming,Approved,Approved,Approved - First Pass,2025-07-29 04:04:32.567,—,Elena Santos
LOTE-M-SOP-026-3344,WO-3442,2025-07-29,Shift 2,ISBM-004,M-SOP-026,FR-026-HDPE-4000,6446,L,200,0,5,4,9,Conforming,Approved,Approved,Approved - First Pass,2025-07-31 04:46:06.150,—,Carlos Mendes
LOTE-M-SOP-026-3345,WO-3443,2025-07-30,Shift 1,ISBM-004,M-SOP-026,FR-026-HDPE-4000,2305,L,200,0,0,5,5,Conforming,Approved,Approved,Approved - First Pass,2025-07-31 06:05:59.586,—,Elena Santos
LOTE-M-SOP-012-3346,WO-3444,2025-07-31,SHIFT 3,ISBM-004,M-SOP-012,FR-012-PET-400,8398,L,200,0,4,1,5,Conforming,Approved,Approved,Approved - First Pass,2025-08-01 02:28:17.216,—,Ana Silva
LOTE-M-SOP-029-3347,WO-3447,2025-08-02,Shift 3,ISBM-004,M-SOP-029,FR-029-MDPE-5000,1708,L,200,0,5,6,11,Conforming,Approved,Approved,Approved - First Pass,2025-08-02 20:13:18.175,—,Beatriz Costa
LOTE-M-SOP-026-3348,WO-3449,2025-08-03,Shift 3,ISBM-004,M-SOP-026,FR-026-HDPE-4000,4668,L,200,0,3,5,8,Conforming,Approved,Approved,Approved - First Pass,2025-08-04 04:51:11.156,—,Elena Santos
LOTE-M-SOP-029-3349,WO-3450,2025-08-03,Shift 2,ISBM-004,M-SOP-029,FR-029-MDPE-5000,1254,L,200,0,3,2,5,Conforming,Approved,Approved,Approved - First Pass,2025-08-04 18:05:21.486,—,Beatriz Costa
LOTE-M-SOP-026-3350,WO-3452,2025-08-05,SHIFT 3,ISBM-004,M-SOP-026,FR-026-HDPE-4000,5732,L,200,0,4,7,11,Conforming,Approved,Approved,Approved - First Pass,2025-08-06 04:52:12.308,—,Carlos Mendes
LOTE-M-SOP-012-3351,WO-3453,2025-08-05,Shift 2,ISBM-004,M-SOP-012,FR-012-PET-400,8120,L,200,0,0,3,3,Conforming,Approved,Approved,Approved - First Pass,2025-08-06 17:50:06.773,—,Diogo Ferreira
LOTE-M-SOP-012-3352,WO-3455,2025-08-06,shift 3,ISBM-004,M-SOP-012,FR-012-PET-400,5747,L,200,0,2,6,8,Conforming,Approved,Approved,Approved - First Pass,2025-08-08 11:31:52.074,—,Ana Silva
LOTE-M-SOP-012-3353,WO-3456,2025-08-07,Shift 2,ISBM-004,M-SOP-012,FR-012-PET-400,9686,L,200,0,0,0,0,Conforming,Approved,Approved,Approved - First Pass,2025-08-09 00:32:11.001,—,Elena Santos
LOTE-M-SOP-012-3354,WO-3457,2025-08-08,Shift 1,ISBM-004,M-SOP-012,FR-012-PET-400,8766,L,200,0,2,4,6,Conforming,Approved,Approved,Approved - First Pass,2025-08-09 12:09:03.231,—,Carlos Mendes
LOTE-M-SOP-026-3355,WO-3458,2025-08-09,Shift 1,ISBM-004,M-SOP-026,FR-026-HDPE-4000,3569,L,200,0,0,5,5,Conforming,Approved,Approved,Approved - First Pass,2025-08-10 16:46:23.535,—,Beatriz Costa
LOTE-M-SOP-012-3356,WO-3461,2025-08-11,Shift 3,ISBM-004,M-SOP-012,FR-012-PET-400,23675,M,315,0,6,8,14,Conforming,Approved,Approved,Approved - First Pass,2025-08-12 00:40:57.298,—,Beatriz Costa
LOTE-M-SOP-012-3357,WO-3462,2025-08-11,Shift 2,ISBM-004,M-SOP-012,FR-012-PET-400,8954,L,200,0,1,4,5,Conforming,Approved,Approved,Approved - First Pass,2025-08-13 04:04:11.081,—,Elena Santos
LOTE-M-SOP-012-3358,WO-3463,2025-08-12,Shift 1,ISBM-004,M-SOP-012,FR-012-PET-400,7605,L,200,0,0,3,3,Conforming,Approved,Approved,Approved - First Pass,2025-08-13 17:23:41.416,—,Carlos Mendes
LOTE-M-SOP-026-3359,WO-3465,2025-08-14,Shift 3,ISBM-004,M-SOP-026,FR-026-HDPE-4000,3494,L,200,0,4,6,10,Conforming,Approved,Approved,Approved - First Pass,2025-08-14 21:42:26.139,—,Elena Santos
LOTE-M-SOP-004-3360,WO-3466,2025-08-14,Shift 2,ISBM-004,M-SOP-004,FR-004-rPET-330,8832,L,200,0,2,10,12,Conforming,Approved,Approved,Approved - First Pass,2025-08-15 17:28:50.060,—,Carlos Mendes
LOTE-M-SOP-012-3361,WO-3469,2025-08-16,Shift 2,ISBM-004,M-SOP-012,FR-012-PET-400,23734,M,315,0,7,6,13,Conforming,Approved,Approved,Approved - First Pass,2025-08-17 17:06:36.140,—,Diogo Ferreira
LOTE-M-SOP-012-3362,WO-3470,2025-08-17,Shift 1,ISBM-004,M-SOP-012,FR-012-PET-400,6835,L,200,0,2,6,8,Conforming,Approved,Approved,Approved - First Pass,2025-08-18 09:12:22.801,—,Carlos Mendes
LOTE-M-SOP-012-3363,WO-3471,2025-08-17,Shift 2,ISBM-004,M-SOP-012,FR-012-PET-400,8774,L,200,0,1,3,4,Conforming,Approved,Approved,Approved - First Pass,2025-08-18 22:33:21.644,—,Ana Silva
LOTE-M-SOP-004-3364,WO-3474,2025-08-20,Shift 3,ISBM-004,M-SOP-004,FR-004-rPET-330,28313,M,315,0,3,11,14,Conforming,Approved,Approved,Approved - First Pass,2025-08-20 19:15:46.098,—,Diogo Ferreira
LOTE-M-SOP-004-3365,WO-3476,2025-08-21,Shift 1,ISBM-004,M-SOP-004,FR-004-rPET-330,17735,M,315,0,1,8,9,Conforming,Approved,Approved,Approved - First Pass,2025-08-22 10:37:36.977,—,Diogo Ferreira
LOTE-M-SOP-026-3366,WO-3478,2025-08-22,Shift 2,ISBM-004,M-SOP-026,FR-026-HDPE-4000,6050,L,200,1,2,7,10,Conforming,Rejected,Rejected,Rejected - Scrapped,2025-08-23 20:51:28.717,Leakage:1(Re=1),Ana Silva
LOTE-M-SOP-026-3367,WO-3481,2025-08-24,Shift 3,ISBM-004,M-SOP-026,FR-026-HDPE-4000,6920,L,200,0,2,9,11,Conforming,Approved,Approved,Approved - First Pass,2025-08-26 03:39:09.076,—,Ana Silva
LOTE-M-SOP-012-3368,WO-3484,2025-08-27,Shift 3,ISBM-004,M-SOP-012,FR-012-PET-400,25594,M,315,0,4,7,11,Conforming,Approved,Approved,Approved - First Pass,2025-08-28 02:22:41.727,—,Diogo Ferreira
LOTE-M-SOP-012-3369,WO-3486,2025-08-28,Shift 2,ISBM-004,M-SOP-012,FR-012-PET-400,10538,M,315,0,3,16,19,Conforming,Approved,Approved,Approved - First Pass,2025-08-29 14:58:01.608,—,Diogo Ferreira
LOTE-M-SOP-012-3370,WO-3487,2025-08-29,Shift 1,ISBM-004,M-SOP-012,FR-012-PET-400,4885,L,200,0,3,3,6,Conforming,Approved,Approved,Approved - First Pass,2025-08-30 04:30:51.723,—,Carlos Mendes
LOTE-M-SOP-004-3371,WO-3490,2025-08-31,Shift 1,ISBM-004,M-SOP-004,FR-004-rPET-330,26990,M,315,0,2,4,6,Conforming,Approved,Approved,Approved - First Pass,2025-09-01 18:40:51.719,—,Carlos Mendes
LOTE-M-SOP-026-3372,WO-3493,2025-09-02,shift 1,ISBM-004,M-SOP-026,FR-026-HDPE-4000,6359,L,200,0,4,5,9,Conforming,Approved,Approved,Approved - First Pass,2025-09-03 01:19:48.020,—,Elena Santos
LOTE-M-SOP-012-3373,WO-3495,2025-09-03,Shift 1,ISBM-004,M-SOP-012,FR-012-PET-400,13807,M,315,0,7,4,11,Conforming,Approved,Approved,Approved - First Pass,2025-09-05 01:00:36.337,—,Beatriz Costa
LOTE-M-SOP-012-3374,WO-3496,2025-09-04,Shift 1,ISBM-004,M-SOP-012,FR-012-PET-400,8733,L,200,0,0,4,4,Conforming,Approved,Approved,Approved - First Pass,2025-09-05 21:46:22.520,—,Ana Silva
LOTE-M-SOP-004-3375,WO-3498,2025-09-05,Shift 2,ISBM-004,M-SOP-004,FR-004-rPET-330,7069,L,200,1,5,2,8,Conforming,Rejected,Approved,Approved - Reworked,2025-09-07 06:58:22.810,—,Beatriz Costa
LOTE-M-SOP-012-3376,WO-3501,2025-09-07,Shift 2,ISBM-004,M-SOP-012,FR-012-PET-400,16614,M,315,0,3,8,11,Conforming,Approved,Approved,Approved - First Pass,2025-09-08 11:09:40.475,—,Ana Silva
LOTE-M-SOP-004-3377,WO-3502,2025-09-07,Shift 3,ISBM-004,M-SOP-004,FR-004-rPET-330,5122,L,200,0,1,1,2,Conforming,Approved,Approved,Approved - First Pass,2025-09-08 17:35:04.911,—,Elena Santos
LOTE-M-SOP-029-3378,WO-3503,2025-09-08,Shift 1,ISBM-004,M-SOP-029,FR-029-MDPE-5000,1044,L,200,0,0,6,6,Conforming,Approved,Approved,Approved - First Pass,2025-09-09 20:13:08.430,—,Beatriz Costa
LOTE-M-SOP-004-3379,WO-3505,2025-09-09,Shift 3,ISBM-004,M-SOP-004,FR-004-rPET-330,15537,M,315,0,4,15,19,Conforming,Approved,Approved,Approved - First Pass,2025-09-11 12:59:39.958,—,Beatriz Costa
LOTE-M-SOP-004-3380,WO-3507,2025-09-11,Shift 2,ISBM-004,M-SOP-004,FR-004-rPET-330,16748,M,315,0,4,9,13,Conforming,Approved,Approved,Approved - First Pass,2025-09-12 17:54:28.241,—,Ana Silva
LOTE-M-SOP-012-3381,WO-3508,2025-09-12,Shift 1,ISBM-004,M-SOP-012,FR-012-PET-400,9840,L,200,0,3,9,12,Conforming,Approved,Approved,Approved - First Pass,2025-09-13 19:20:36.016,—,Ana Silva
LOTE-M-SOP-004-3382,WO-3509,2025-09-13,Shift 1,ISBM-004,M-SOP-004,FR-004-rPET-330,9408,L,200,0,0,3,3,Conforming,Approved,Approved,Approved - First Pass,2025-09-14 13:05:20.949,—,Carlos Mendes
LOTE-M-SOP-012-3383,WO-3512,2025-09-15,Shift 1,ISBM-004,M-SOP-012,FR-012-PET-400,23889,M,315,0,1,8,9,Conforming,Approved,Approved,Approved - First Pass,2025-09-16 11:44:02.700,—,Ana Silva
LOTE-M-SOP-029-3384,WO-3514,2025-09-16,Shift 3,ISBM-004,M-SOP-029,FR-029-MDPE-5000,1913,L,200,0,0,2,2,Conforming,Approved,Approved,Approved - First Pass,2025-09-17 13:28:00.147,—,Diogo Ferreira
LOTE-M-SOP-026-3385,WO-3517,2025-09-18,Shift 3,ISBM-004,M-SOP-026,FR-026-HDPE-4000,6338,L,200,0,2,12,14,Conforming,Approved,Approved,Approved - First Pass,2025-09-20 06:39:42.196,—,Beatriz Costa
LOTE-M-SOP-012-3386,WO-3518,2025-09-19,Shift 2,ISBM-004,M-SOP-012,FR-012-PET-400,5473,L,200,0,1,1,2,Conforming,Approved,Approved,Approved - First Pass,2025-09-21 01:15:45.653,—,Carlos Mendes
LOTE-M-SOP-029-3387,WO-3520,2025-09-20,Shift 3,ISBM-004,M-SOP-029,FR-029-MDPE-5000,2116,L,200,0,1,4,5,Conforming,Approved,Approved,Approved - First Pass,2025-09-21 14:34:07.983,—,Carlos Mendes
LOTE-M-SOP-029-3388,WO-3523,2025-09-22,Shift 1,ISBM-004,M-SOP-029,FR-029-MDPE-5000,3648,L,200,0,0,11,11,Conforming,Approved,Approved,Approved - First Pass,2025-09-23 16:48:01.084,—,Diogo Ferreira
LOTE-M-SOP-004-3389,WO-3526,2025-09-25,Shift 3,ISBM-004,M-SOP-004,FR-004-rPET-330,22260,M,315,0,2,7,9,Conforming,Approved,Approved,Approved - First Pass,2025-09-25 21:25:14.789,—,Diogo Ferreira
LOTE-M-SOP-004-3390,WO-3528,2025-09-26,Shift 3,ISBM-004,M-SOP-004,FR-004-rPET-330,10212,M,315,0,3,8,11,Conforming,Approved,Approved,Approved - First Pass,2025-09-27 05:46:54.570,—,Carlos Mendes
LOTE-M-SOP-012-3391,WO-3531,2025-09-27,Shift 2,ISBM-004,M-SOP-012,FR-012-PET-400,14410,M,315,0,5,8,13,Conforming,Approved,Approved,Approved - First Pass,2025-09-28 11:14:55.206,—,Elena Santos
LOTE-M-SOP-012-3392,WO-3534,2025-09-29,Shift 1,ISBM-004,M-SOP-012,FR-012-PET-400,17178,M,315,0,2,10,12,Conforming,Approved,Approved,Approved - First Pass,2025-09-30 08:49:08.443,—,Elena Santos
LOTE-M-SOP-012-3393,WO-3535,2025-09-29,Shift 2,ISBM-004,M-SOP-012,FR-012-PET-400,8916,L,200,0,1,3,4,Conforming,Approved,Approved,Approved - First Pass,2025-10-01 01:28:18.595,—,Carlos Mendes
LOTE-M-SOP-029-3394,WO-3537,2025-10-01,Shift 3,ISBM-004,M-SOP-029,FR-029-MDPE-5000,2049,L,200,0,0,3,3,Conforming,Approved,Approved,Approved - First Pass,2025-10-01 23:06:05.698,—,Carlos Mendes
LOTE-M-SOP-012-3395,WO-3540,2025-10-03,Shift 3,ISBM-004,M-SOP-012,FR-012-PET-400,26207,M,315,1,6,8,15,Conforming,Rejected,Rejected,Rejected - Scrapped,2025-10-04 11:42:50.273,Leakage:1(Re=1),Carlos Mendes
LOTE-M-SOP-004-3396,WO-3542,2025-10-04,Shift 2,ISBM-004,M-SOP-004,FR-004-rPET-330,15317,M,315,0,3,5,8,Conforming,Approved,Approved,Approved - First Pass,2025-10-05 12:04:38.042,—,Elena Santos
LOTE-M-SOP-012-3397,WO-3543,2025-10-05,Shift 1,ISBM-004,M-SOP-012,FR-012-PET-400,9836,L,200,0,2,2,4,Conforming,Approved,Approved,Approved - First Pass,2025-10-06 19:49:19.508,—,Beatriz Costa
LOTE-M-SOP-026-3398,WO-3544,2025-10-06,Shift 1,ISBM-004,M-SOP-026,FR-026-HDPE-4000,3201,L,200,0,1,5,6,Conforming,Approved,Approved,Approved - First Pass,2025-10-07 14:41:34.743,—,Carlos Mendes
LOTE-M-SOP-004-3399,WO-3547,2025-10-08,Shift 1,ISBM-004,M-SOP-004,FR-004-rPET-330,14134,M,315,0,4,8,12,Conforming,Approved,Approved,Approved - First Pass,2025-10-09 02:06:41.406,—,Diogo Ferreira
LOTE-M-SOP-026-3400,WO-3548,2025-10-08,Shift 2,ISBM-004,M-SOP-026,FR-026-HDPE-4000,3155,L,200,1,1,5,7,Conforming,Rejected,Rejected,Rejected - Scrapped,2025-10-09 20:32:01.118,Leakage:1(Re=1),Carlos Mendes
LOTE-M-SOP-029-3401,WO-3549,2025-10-09,Shift 2,ISBM-004,M-SOP-029,FR-029-MDPE-5000,1697,L,200,0,1,7,8,Conforming,Approved,Approved,Approved - First Pass,2025-10-10 14:18:09.543,—,Carlos Mendes
LOTE-M-SOP-029-3402,WO-3550,2025-10-10,Shift 1,ISBM-004,M-SOP-029,FR-029-MDPE-5000,1467,L,200,0,1,1,2,Conforming,Approved,Approved,Approved - First Pass,2025-10-11 09:40:20.497,—,Elena Santos
LOTE-M-SOP-004-3403,WO-3552,2025-10-11,Shift 2,ISBM-004,M-SOP-004,FR-004-rPET-330,18541,M,315,0,1,10,11,Conforming,Approved,Approved,Approved - First Pass,2025-10-13 01:30:49.701,—,Elena Santos
LOTE-M-SOP-012-3404,WO-3554,2025-10-13,Shift 1,ISBM-004,M-SOP-012,FR-012-PET-400,15899,M,315,0,0,8,8,Conforming,Approved,Approved,Approved - First Pass,2025-10-14 18:24:53.869,—,Ana Silva
LOTE-M-SOP-029-3405,WO-3555,2025-10-14,shift 3,ISBM-004,M-SOP-029,FR-029-MDPE-5000,987,L,200,0,3,2,5,Conforming,Approved,Approved,Approved - First Pass,2025-10-14 23:56:07.519,—,Elena Santos
LOTE-M-SOP-029-3406,WO-3557,2025-10-15,Shift 3,ISBM-004,M-SOP-029,FR-029-MDPE-5000,2184,L,200,0,7,3,10,Conforming,Approved,Approved,Approved - First Pass,2025-10-16 00:03:38.623,—,Carlos Mendes
LOTE-M-SOP-004-3407,WO-3558,2025-10-15,Shift 2,ISBM-004,M-SOP-004,FR-004-rPET-330,9002,L,200,0,0,3,3,Conforming,Approved,Approved,Approved - First Pass,2025-10-17 05:02:47.583,—,Ana Silva
LOTE-M-SOP-004-3408,WO-3559,2025-10-16,Shift 1,ISBM-004,M-SOP-004,FR-004-rPET-330,6754,L,200,0,1,3,4,Conforming,Approved,Approved,Approved - First Pass,2025-10-17 10:12:57.309,—,Elena Santos
LOTE-M-SOP-029-3409,WO-3560,2025-10-17,Shift 3,ISBM-004,M-SOP-029,FR-029-MDPE-5000,1218,L,200,0,2,4,6,Conforming,Approved,Approved,Approved - First Pass,2025-10-17 23:07:49.725,—,Diogo Ferreira
LOTE-M-SOP-026-3410,WO-3562,2025-10-18,Shift 3,ISBM-004,M-SOP-026,FR-026-HDPE-4000,4764,L,200,0,3,16,19,Conforming,Approved,Approved,Approved - First Pass,2025-10-18 23:39:37.868,—,Diogo Ferreira
LOTE-M-SOP-026-3411,WO-3565,2025-10-20,Shift 3,ISBM-004,M-SOP-026,FR-026-HDPE-4000,7269,L,200,0,3,7,10,Conforming,Approved,Approved,Approved - First Pass,2025-10-21 03:52:48.069,—,Beatriz Costa
LOTE-M-SOP-026-3412,WO-3566,2025-10-20,Shift 2,ISBM-004,M-SOP-026,FR-026-HDPE-4000,2916,L,200,0,2,4,6,Conforming,Approved,Approved,Approved - First Pass,2025-10-22 11:53:21.674,—,Diogo Ferreira
LOTE-M-SOP-029-3413,WO-3569,2025-10-22,Shift 3,ISBM-004,M-SOP-029,FR-029-MDPE-5000,2477,L,200,1,6,10,17,Conforming,Rejected,Rejected,Rejected - Scrapped,2025-10-23 14:40:15.145,Leakage:1(Re=1),Elena Santos
LOTE-M-SOP-004-3414,WO-3570,2025-10-23,Shift 1,ISBM-004,M-SOP-004,FR-004-rPET-330,7796,L,200,0,5,4,9,Conforming,Approved,Approved,Approved - First Pass,2025-10-24 23:10:39.849,—,Elena Santos
LOTE-M-SOP-004-3415,WO-3571,2025-10-24,  Shift 1  ,ISBM-004,M-SOP-004,FR-004-rPET-330,12055,M,315,0,2,5,7,Conforming,Approved,Approved,Approved - First Pass,2025-10-25 18:35:33.078,—,Beatriz Costa
LOTE-M-SOP-026-3416,WO-3573,2025-10-25,Shift 2,ISBM-004,M-SOP-026,FR-026-HDPE-4000,3558,L,200,0,1,8,9,Conforming,Approved,Approved,Approved - First Pass,2025-10-26 18:53:56.089,—,Elena Santos
LOTE-M-SOP-012-3417,WO-3575,2025-10-27,Shift 3,ISBM-004,M-SOP-012,FR-012-PET-400,11694,M,315,0,1,0,1,Conforming,Approved,Approved,Approved - First Pass,2025-10-27 20:25:17.884,—,Diogo Ferreira
LOTE-M-SOP-012-3418,WO-3578,2025-10-28,Shift 2,ISBM-004,M-SOP-012,FR-012-PET-400,14412,M,315,0,3,16,19,Conforming,Approved,Approved,Approved - First Pass,2025-10-29 12:21:37.385,—,Beatriz Costa
LOTE-M-SOP-004-3419,WO-3580,2025-10-30,Shift 3,ISBM-004,M-SOP-004,FR-004-rPET-330,18165,M,315,0,2,4,6,Conforming,Approved,Approved,Approved - First Pass,2025-10-31 19:06:51.454,—,Elena Santos
LOTE-M-SOP-029-3420,WO-3582,2025-10-31,SHIFT 2,ISBM-004,M-SOP-029,FR-029-MDPE-5000,1872,L,200,0,2,11,13,Conforming,Approved,Approved,Approved - First Pass,2025-11-01 06:09:55.303,—,Carlos Mendes
LOTE-M-SOP-029-3421,WO-3584,2025-11-02,Shift 3,ISBM-004,M-SOP-029,FR-029-MDPE-5000,2504,L,200,2,2,5,9,Conforming,Rejected,Approved,Approved - Reworked,2025-11-03 00:22:51.563,—,Diogo Ferreira
LOTE-M-SOP-029-3422,WO-3587,2025-11-03,Shift 2,ISBM-004,M-SOP-029,FR-029-MDPE-5000,3373,L,200,0,5,9,14,Conforming,Approved,Approved,Approved - First Pass,2025-11-04 10:31:24.080,—,Carlos Mendes
LOTE-M-SOP-004-3423,WO-3590,2025-11-05,Shift 3,ISBM-004,M-SOP-004,FR-004-rPET-330,19849,M,315,0,7,10,17,Conforming,Approved,Approved,Approved - First Pass,2025-11-07 00:25:04.521,—,Carlos Mendes
LOTE-M-SOP-026-3424,WO-3592,2025-11-07,Shift 1,ISBM-004,M-SOP-026,FR-026-HDPE-4000,6999,L,200,0,4,1,5,Conforming,Approved,Approved,Approved - First Pass,2025-11-08 12:14:19.770,—,Ana Silva
LOTE-M-SOP-012-3425,WO-3593,2025-11-08,Shift 3,ISBM-004,M-SOP-012,FR-012-PET-400,7977,L,200,0,0,8,8,Conforming,Approved,Approved,Approved - First Pass,2025-11-08 20:45:37.020,—,Carlos Mendes
LOTE-M-SOP-026-3426,WO-3596,2025-11-10,Shift 3,ISBM-004,M-SOP-026,FR-026-HDPE-4000,7723,L,200,0,1,6,7,Conforming,Approved,Approved,Approved - First Pass,2025-11-11 05:04:30.990,—,Diogo Ferreira
LOTE-M-SOP-029-3427,WO-3598,2025-11-11,Shift 1,ISBM-004,M-SOP-029,FR-029-MDPE-5000,1782,L,200,0,1,6,7,Conforming,Approved,Approved,Approved - First Pass,2025-11-12 15:40:54.512,—,Diogo Ferreira
LOTE-M-SOP-026-3428,WO-3599,2025-11-12,Shift 3,ISBM-004,M-SOP-026,FR-026-HDPE-4000,3430,L,200,0,0,4,4,Conforming,Approved,Approved,Approved - First Pass,2025-11-13 05:57:27.506,—,Elena Santos
LOTE-M-SOP-029-3429,WO-3602,2025-11-14,Shift 3,ISBM-004,M-SOP-029,FR-029-MDPE-5000,4086,L,200,0,7,13,20,Conforming,Approved,Approved,Approved - First Pass,2025-11-15 05:36:31.532,—,Beatriz Costa
LOTE-M-SOP-004-3430,WO-3605,2025-11-16,Shift 3,ISBM-004,M-SOP-004,FR-004-rPET-330,15968,M,315,0,3,5,8,Conforming,Approved,Approved,Approved - First Pass,2025-11-16 17:46:13.472,—,Ana Silva
LOTE-M-SOP-004-3431,WO-3607,2025-11-17,Shift 3,ISBM-004,M-SOP-004,FR-004-rPET-330,13326,M,315,0,2,5,7,Conforming,Approved,Approved,Approved - First Pass,2025-11-18 11:45:52.715,—,Beatriz Costa
LOTE-M-SOP-012-3432,WO-3610,2025-11-19,Shift 3,ISBM-004,M-SOP-012,FR-012-PET-400,21914,M,315,0,2,15,17,Conforming,Approved,Approved,Approved - First Pass,2025-11-20 07:44:40.739,—,Diogo Ferreira
LOTE-M-SOP-012-3433,WO-3611,2025-11-19,  Shift 2  ,ISBM-004,M-SOP-012,FR-012-PET-400,5960,L,200,0,2,5,7,Conforming,Approved,Approved,Approved - First Pass,2025-11-20 22:37:06.689,—,Elena Santos
LOTE-M-SOP-029-3434,WO-3613,2025-11-20,Shift 2,ISBM-004,M-SOP-029,FR-029-MDPE-5000,2313,L,200,0,2,9,11,Conforming,Approved,Approved,Approved - First Pass,2025-11-22 00:42:20.542,—,Ana Silva
LOTE-M-SOP-029-3435,WO-3615,2025-11-21,Shift 3,ISBM-004,M-SOP-029,FR-029-MDPE-5000,807,L,200,0,1,5,6,Conforming,Approved,Approved,Approved - First Pass,2025-11-22 12:52:08.919,—,Beatriz Costa
LOTE-M-SOP-012-3436,WO-3618,2025-11-23,Shift 2,ISBM-004,M-SOP-012,FR-012-PET-400,25711,M,315,0,4,9,13,Conforming,Approved,Approved,Approved - First Pass,2025-11-25 04:06:57.107,—,Diogo Ferreira
LOTE-M-SOP-004-3437,WO-3619,2025-11-24,Shift 1,ISBM-004,M-SOP-004,FR-004-rPET-330,8769,L,200,0,0,0,0,Conforming,Approved,Approved,Approved - First Pass,2025-11-25 19:44:21.082,—,Diogo Ferreira
LOTE-M-SOP-012-3438,WO-3620,2025-11-25,Shift 3,ISBM-004,M-SOP-012,FR-012-PET-400,6751,L,200,0,0,1,1,Conforming,Approved,Approved,Approved - First Pass,2025-11-26 04:07:26.951,—,Diogo Ferreira
LOTE-M-SOP-029-3439,WO-3622,2025-11-26,Shift 1,ISBM-004,M-SOP-029,FR-029-MDPE-5000,2266,L,200,0,8,18,26,Conforming,Rejected,Rejected,Rejected - Scrapped,2025-11-27 19:24:14.783,Bubbles:6(Re=6),Ana Silva
LOTE-M-SOP-012-3440,WO-3625,2025-11-28,Shift 2,ISBM-004,M-SOP-012,FR-012-PET-400,26354,M,315,0,7,17,24,Conforming,Approved,Approved,Approved - First Pass,2025-11-29 22:56:17.820,—,Diogo Ferreira
LOTE-M-SOP-026-3441,WO-3628,2025-11-30,Shift 2,ISBM-004,M-SOP-026,FR-026-HDPE-4000,7363,L,200,0,1,19,20,Conforming,Approved,Approved,Approved - First Pass,2025-12-01 16:42:48.060,—,Ana Silva
LOTE-M-SOP-012-3442,WO-3630,2025-12-02,shift 3,ISBM-004,M-SOP-012,FR-012-PET-400,11519,M,315,0,4,8,12,Conforming,Approved,Approved,Approved - First Pass,2025-12-02 16:25:54.996,—,Diogo Ferreira
LOTE-M-SOP-004-3443,WO-3633,2025-12-03,Shift 2,ISBM-004,M-SOP-004,FR-004-rPET-330,17300,M,315,0,4,13,17,Conforming,Approved,Approved,Approved - First Pass,2025-12-04 07:41:06.742,—,Ana Silva
LOTE-M-SOP-004-3444,WO-3635,2025-12-04,Shift 2,ISBM-004,M-SOP-004,FR-004-rPET-330,19985,M,315,0,2,7,9,Conforming,Approved,Approved,Approved - First Pass,2025-12-05 22:57:05.562,—,Elena Santos
LOTE-M-SOP-012-3445,WO-3637,2025-12-06,Shift 1,ISBM-004,M-SOP-012,FR-012-PET-400,15203,M,315,0,3,5,8,Conforming,Approved,Approved,Approved - First Pass,2025-12-07 21:07:41.969,—,Ana Silva
LOTE-M-SOP-026-3446,WO-3638,2025-12-07,Shift 3,ISBM-004,M-SOP-026,FR-026-HDPE-4000,2400,L,200,0,0,2,2,Conforming,Approved,Approved,Approved - First Pass,2025-12-08 17:07:48.309,—,Ana Silva
LOTE-M-SOP-026-3447,WO-3640,2025-12-08,Shift 1,ISBM-004,M-SOP-026,FR-026-HDPE-4000,4468,L,200,0,0,10,10,Conforming,Approved,Approved,Approved - First Pass,2025-12-09 11:33:57.686,—,Carlos Mendes
LOTE-M-SOP-029-3448,WO-3641,2025-12-09,Shift 3,ISBM-004,M-SOP-029,FR-029-MDPE-5000,854,L,200,0,0,6,6,Conforming,Approved,Approved,Approved - First Pass,2025-12-09 17:36:54.849,—,Ana Silva
LOTE-M-SOP-029-3449,WO-3642,2025-12-09,Shift 1,ISBM-004,M-SOP-029,FR-029-MDPE-5000,800,L,200,0,1,1,2,Conforming,Approved,Approved,Approved - First Pass,2025-12-10 06:25:44.168,—,Elena Santos
LOTE-M-SOP-004-3450,WO-3643,2025-12-10,Shift 3,ISBM-004,M-SOP-004,FR-004-rPET-330,8232,L,200,0,0,4,4,Conforming,Approved,Approved,Approved - First Pass,2025-12-11 02:01:51.056,—,Beatriz Costa
LOTE-M-SOP-029-3451,WO-3644,2025-12-10,Shift 2,ISBM-004,M-SOP-029,FR-029-MDPE-5000,1114,L,200,0,3,2,5,Conforming,Approved,Approved,Approved - First Pass,2025-12-12 03:29:34.488,—,Ana Silva
LOTE-M-SOP-004-3452,WO-3647,2025-12-12,Shift 3,ISBM-004,M-SOP-004,FR-004-rPET-330,18627,M,315,0,2,9,11,Conforming,Approved,Approved,Approved - First Pass,2025-12-13 21:34:50.760,—,Elena Santos
LOTE-M-SOP-004-3453,WO-3649,2025-12-14,Shift 1,ISBM-004,M-SOP-004,FR-004-rPET-330,17670,M,315,0,2,6,8,Conforming,Approved,Approved,Approved - First Pass,2025-12-15 00:27:33.448,—,Elena Santos
LOTE-M-SOP-026-3454,WO-3652,2025-12-16,Shift 3,ISBM-004,M-SOP-026,FR-026-HDPE-4000,6591,L,200,0,3,7,10,Conforming,Approved,Approved,Approved - First Pass,2025-12-16 23:00:28.248,—,Elena Santos
LOTE-M-SOP-029-3455,WO-3653,2025-12-16,shift 1,ISBM-004,M-SOP-029,FR-029-MDPE-5000,1017,L,200,0,0,0,0,Conforming,Approved,Approved,Approved - First Pass,2025-12-17 13:31:21.348,—,Diogo Ferreira
LOTE-M-SOP-029-3456,WO-3655,2025-12-17,  Shift 2  ,ISBM-004,M-SOP-029,FR-029-MDPE-5000,1747,L,200,0,5,3,8,Conforming,Approved,Approved,Approved - First Pass,2025-12-18 05:15:44.101,—,Elena Santos
LOTE-M-SOP-004-3457,WO-3657,2025-12-19,SHIFT 3,ISBM-004,M-SOP-004,FR-004-rPET-330,17073,M,315,0,1,6,7,Conforming,Approved,Approved,Approved - First Pass,2025-12-20 03:28:03.725,—,Diogo Ferreira
LOTE-M-SOP-029-3458,WO-3660,2025-12-21,Shift 3,ISBM-004,M-SOP-029,FR-029-MDPE-5000,3037,L,200,0,2,9,11,Conforming,Approved,Approved,Approved - First Pass,2025-12-22 09:45:16.502,—,Elena Santos
LOTE-M-SOP-004-3459,WO-3661,2025-12-21,Shift 2,ISBM-004,M-SOP-004,FR-004-rPET-330,6074,L,200,0,1,2,3,Conforming,Approved,Approved,Approved - First Pass,2025-12-22 15:59:32.623,—,Diogo Ferreira
LOTE-M-SOP-004-3460,WO-3663,2025-12-22,Shift 3,ISBM-004,M-SOP-004,FR-004-rPET-330,17449,M,315,0,3,9,12,Conforming,Approved,Approved,Approved - First Pass,2025-12-23 19:25:16.185,—,Beatriz Costa
LOTE-M-SOP-029-3461,WO-3666,2025-12-24,Shift 3,ISBM-004,M-SOP-029,FR-029-MDPE-5000,2785,L,200,0,4,10,14,Conforming,Approved,Approved,Approved - First Pass,2025-12-26 06:10:47.332,—,Ana Silva
LOTE-M-SOP-029-3462,WO-3668,2025-12-26,Shift 1,ISBM-004,M-SOP-029,FR-029-MDPE-5000,2655,L,200,0,2,4,6,Conforming,Approved,Approved,Approved - First Pass,2025-12-27 14:51:50.415,—,Diogo Ferreira
LOTE-M-SOP-004-3463,WO-3669,2025-12-26,Shift 3,ISBM-004,M-SOP-004,FR-004-rPET-330,7623,L,200,0,0,4,4,Conforming,Approved,Approved,Approved - First Pass,2025-12-28 02:39:10.607,—,Elena Santos
LOTE-M-SOP-004-3464,WO-3670,2025-12-27,Shift 1,ISBM-004,M-SOP-004,FR-004-rPET-330,11005,M,315,0,3,5,8,Conforming,Approved,Approved,Approved - First Pass,2025-12-28 19:12:11.855,—,Elena Santos
LOTE-M-SOP-029-3465,WO-3673,2025-12-30,Shift 3,ISBM-004,M-SOP-029,FR-029-MDPE-5000,3629,L,200,0,3,15,18,Conforming,Approved,Approved,Approved - First Pass,2025-12-31 10:22:32.232,—,Diogo Ferreira
LOTE-M-SOP-012-3466,WO-3675,2025-12-31,Shift 1,ISBM-004,M-SOP-012,FR-012-PET-400,14389,M,315,0,1,5,6,Conforming,Approved,Approved,Approved - First Pass,2026-01-01 18:30:51.927,—,Elena Santos
LOTE-M-SOP-026-3467,WO-3676,2026-01-01,Shift 3,ISBM-004,M-SOP-026,FR-026-HDPE-4000,2975,L,200,0,1,5,6,Conforming,Approved,Approved,Approved - First Pass,2026-01-02 09:34:42.539,—,Diogo Ferreira
LOTE-M-SOP-029-3468,WO-3679,2026-01-03,Shift 3,ISBM-004,M-SOP-029,FR-029-MDPE-5000,1961,L,200,0,3,11,14,Conforming,Approved,Approved,Approved - First Pass,2026-01-03 23:42:06.501,—,Carlos Mendes
LOTE-M-SOP-026-3469,WO-3682,2026-01-04,Shift 3,ISBM-004,M-SOP-026,FR-026-HDPE-4000,8263,L,200,0,2,4,6,Conforming,Approved,Approved,Approved - First Pass,2026-01-06 02:58:30.038,—,Beatriz Costa
LOTE-M-SOP-026-3470,WO-3683,2026-01-05,Shift 2,ISBM-004,M-SOP-026,FR-026-HDPE-4000,1078,L,200,0,1,1,2,Conforming,Approved,Approved,Approved - First Pass,2026-01-06 18:00:12.161,—,Diogo Ferreira
LOTE-M-SOP-012-3471,WO-3685,2026-01-06,Shift 2,ISBM-004,M-SOP-012,FR-012-PET-400,13427,M,315,0,5,7,12,Conforming,Approved,Approved,Approved - First Pass,2026-01-08 05:41:51.387,—,Ana Silva
LOTE-M-SOP-012-3472,WO-3688,2026-01-09,shift 3,ISBM-004,M-SOP-012,FR-012-PET-400,22395,M,315,0,3,6,9,Conforming,Approved,Approved,Approved - First Pass,2026-01-10 01:07:48.276,—,Elena Santos
LOTE-M-SOP-026-3473,WO-3689,2026-01-09,Shift 2,ISBM-004,M-SOP-026,FR-026-HDPE-4000,2717,L,200,0,1,3,4,Conforming,Approved,Approved,Approved - First Pass,2026-01-10 21:56:19.503,—,Elena Santos
LOTE-M-SOP-012-3474,WO-3692,2026-01-11,Shift 1,ISBM-004,M-SOP-012,FR-012-PET-400,20249,M,315,0,5,11,16,Conforming,Approved,Approved,Approved - First Pass,2026-01-12 12:59:22.321,—,Carlos Mendes
LOTE-M-SOP-026-3475,WO-3694,2026-01-13,Shift 3,ISBM-004,M-SOP-026,FR-026-HDPE-4000,4690,L,200,0,1,4,5,Conforming,Approved,Approved,Approved - First Pass,2026-01-14 02:11:17.465,—,Elena Santos
LOTE-M-SOP-026-3476,WO-3697,2026-01-14,Shift 3,ISBM-004,M-SOP-026,FR-026-HDPE-4000,7752,L,200,0,5,15,20,Conforming,Approved,Approved,Approved - First Pass,2026-01-15 12:05:45.879,—,Beatriz Costa
LOTE-M-SOP-029-3477,WO-3699,2026-01-16,Shift 3,ISBM-004,M-SOP-029,FR-029-MDPE-5000,3098,L,200,0,2,7,9,Conforming,Approved,Approved,Approved - First Pass,2026-01-17 11:27:35.902,—,Diogo Ferreira
LOTE-M-SOP-026-3478,WO-3701,2026-01-17,Shift 2,ISBM-004,M-SOP-026,FR-026-HDPE-4000,4538,L,200,0,5,6,11,Conforming,Approved,Approved,Approved - First Pass,2026-01-18 14:01:53.411,—,Diogo Ferreira
LOTE-M-SOP-029-3479,WO-3702,2026-01-18,Shift 1,ISBM-004,M-SOP-029,FR-029-MDPE-5000,1540,L,200,0,0,7,7,Conforming,Approved,Approved,Approved - First Pass,2026-01-19 10:58:08.986,—,Beatriz Costa
LOTE-M-SOP-012-3480,WO-3704,2026-01-19,Shift 2,ISBM-004,M-SOP-012,FR-012-PET-400,14366,M,315,0,6,9,15,Conforming,Approved,Approved,Approved - First Pass,2026-01-20 18:25:22.311,—,Ana Silva
LOTE-M-SOP-004-3481,WO-3705,2026-01-20,Shift 1,ISBM-004,M-SOP-004,FR-004-rPET-330,6237,L,200,0,0,0,0,Conforming,Approved,Approved,Approved - First Pass,2026-01-21 10:46:21.131,—,Diogo Ferreira
LOTE-M-SOP-004-3482,WO-3706,2026-01-21,Shift 3,ISBM-004,M-SOP-004,FR-004-rPET-330,9734,L,200,0,0,6,6,Conforming,Approved,Approved,Approved - First Pass,2026-01-22 04:28:28.662,—,Beatriz Costa
LOTE-M-SOP-004-3483,WO-3709,2026-01-23,Shift 3,ISBM-004,M-SOP-004,FR-004-rPET-330,23658,M,315,0,4,12,16,Conforming,Approved,Approved,Approved - First Pass,2026-01-24 08:36:23.153,—,Elena Santos
LOTE-M-SOP-026-3484,WO-3710,2026-01-23,Shift 3,ISBM-004,M-SOP-026,FR-026-HDPE-4000,3646,L,200,0,0,2,2,Conforming,Approved,Approved,Approved - First Pass,2026-01-24 20:06:20.524,—,Diogo Ferreira
LOTE-M-SOP-029-3485,WO-3713,2026-01-26,Shift 1,ISBM-004,M-SOP-029,FR-029-MDPE-5000,4474,L,200,0,1,13,14,Conforming,Approved,Approved,Approved - First Pass,2026-01-28 00:40:43.445,—,Beatriz Costa
LOTE-M-SOP-004-3486,WO-3716,2026-01-28,Shift 2,ISBM-004,M-SOP-004,FR-004-rPET-330,27521,M,315,1,5,11,17,Conforming,Rejected,Approved,Approved - Reworked,2026-01-29 23:45:21.516,—,Diogo Ferreira
LOTE-M-SOP-029-3487,WO-3717,2026-01-29,Shift 1,ISBM-004,M-SOP-029,FR-029-MDPE-5000,1285,L,200,0,1,0,1,Conforming,Approved,Approved,Approved - First Pass,2026-01-30 15:33:52.467,—,Beatriz Costa
LOTE-M-SOP-026-3488,WO-3719,2026-01-31,Shift 3,ISBM-004,M-SOP-026,FR-026-HDPE-4000,5809,L,200,0,0,11,11,Conforming,Approved,Approved,Approved - First Pass,2026-01-31 22:28:30.705,—,Beatriz Costa
LOTE-M-SOP-012-3489,WO-3720,2026-01-31,Shift 2,ISBM-004,M-SOP-012,FR-012-PET-400,5618,L,200,0,1,1,2,Conforming,Approved,Approved,Approved - First Pass,2026-02-01 13:41:00.542,—,Diogo Ferreira
LOTE-M-SOP-012-3490,WO-3722,2026-02-01,Shift 3,ISBM-004,M-SOP-012,FR-012-PET-400,15747,M,315,0,1,6,7,Conforming,Approved,Approved,Approved - First Pass,2026-02-02 21:00:27.647,—,Diogo Ferreira
LOTE-M-SOP-026-3491,WO-3723,2026-02-02,Shift 1,ISBM-004,M-SOP-026,FR-026-HDPE-4000,2164,L,200,0,0,0,0,Conforming,Approved,Approved,Approved - First Pass,2026-02-03 11:43:57.476,—,Elena Santos
LOTE-M-SOP-026-3492,WO-3725,2026-02-04,Shift 3,ISBM-004,M-SOP-026,FR-026-HDPE-4000,5045,L,200,0,4,3,7,Conforming,Approved,Approved,Approved - First Pass,2026-02-05 04:19:48.743,—,Ana Silva
LOTE-M-SOP-004-3493,WO-3728,2026-02-06,Shift 1,ISBM-004,M-SOP-004,FR-004-rPET-330,13956,M,315,0,3,9,12,Conforming,Approved,Approved,Approved - First Pass,2026-02-07 09:10:18.428,—,Carlos Mendes
LOTE-M-SOP-004-3494,WO-3731,2026-02-08,Shift 1,ISBM-004,M-SOP-004,FR-004-rPET-330,29675,M,315,0,4,9,13,Conforming,Approved,Approved,Approved - First Pass,2026-02-10 00:41:47.307,—,Elena Santos
LOTE-M-SOP-004-3495,WO-3733,2026-02-10,Shift 3,ISBM-004,M-SOP-004,FR-004-rPET-330,11515,M,315,0,5,6,11,Conforming,Approved,Approved,Approved - First Pass,2026-02-11 01:44:24.053,—,Beatriz Costa
LOTE-M-SOP-012-3496,WO-3736,2026-02-12,  Shift 3  ,ISBM-004,M-SOP-012,FR-012-PET-400,26955,M,315,0,1,20,21,Conforming,Approved,Approved,Approved - First Pass,2026-02-13 07:08:56.718,—,Diogo Ferreira
LOTE-M-SOP-004-3497,WO-3738,2026-02-13,shift 3,ISBM-004,M-SOP-004,FR-004-rPET-330,8394,L,200,0,1,8,9,Conforming,Approved,Approved,Approved - First Pass,2026-02-13 12:50:29.023,—,Diogo Ferreira
LOTE-M-SOP-012-3498,WO-3740,2026-02-13,Shift 3,ISBM-004,M-SOP-012,FR-012-PET-400,10312,M,315,0,0,7,7,Conforming,Approved,Approved,Approved - First Pass,2026-02-15 04:39:25.948,—,Ana Silva
LOTE-M-SOP-012-3499,WO-3741,2026-02-14,Shift 1,ISBM-004,M-SOP-012,FR-012-PET-400,9451,L,200,0,2,2,4,Conforming,Approved,Approved,Approved - First Pass,2026-02-15 14:08:48.973,—,Elena Santos
LOTE-M-SOP-026-3500,WO-3743,2026-02-15,Shift 2,ISBM-004,M-SOP-026,FR-026-HDPE-4000,5277,L,200,0,4,3,7,Conforming,Approved,Approved,Approved - First Pass,2026-02-17 02:29:46.825,—,Beatriz Costa
LOTE-M-SOP-026-3501,WO-3746,2026-02-17,Shift 2,ISBM-004,M-SOP-026,FR-026-HDPE-4000,7600,L,200,0,5,8,13,Conforming,Approved,Approved,Approved - First Pass,2026-02-18 11:58:44.414,—,Ana Silva
LOTE-M-SOP-026-3502,WO-3748,2026-02-19,Shift 3,ISBM-004,M-SOP-026,FR-026-HDPE-4000,6026,L,200,0,1,5,6,Conforming,Approved,Approved,Approved - First Pass,2026-02-20 05:30:01.413,—,Carlos Mendes
LOTE-M-SOP-012-3503,WO-3750,2026-02-20,Shift 2,ISBM-004,M-SOP-012,FR-012-PET-400,12371,M,315,0,2,3,5,Conforming,Approved,Approved,Approved - First Pass,2026-02-21 13:38:40.723,—,Carlos Mendes
LOTE-M-SOP-029-3504,WO-3752,2026-02-21,Shift 3,ISBM-004,M-SOP-029,FR-029-MDPE-5000,1596,L,200,0,3,4,7,Conforming,Approved,Approved,Approved - First Pass,2026-02-23 07:45:22.439,—,Carlos Mendes
LOTE-M-SOP-029-3505,WO-3753,2026-02-22,Shift 3,ISBM-004,M-SOP-029,FR-029-MDPE-5000,784,L,200,0,0,4,4,Conforming,Approved,Approved,Approved - First Pass,2026-02-23 16:01:25.271,—,Diogo Ferreira
LOTE-M-SOP-012-3506,WO-3755,2026-02-24,Shift 3,ISBM-004,M-SOP-012,FR-012-PET-400,17764,M,315,0,3,2,5,Conforming,Approved,Approved,Approved - First Pass,2026-02-25 16:27:34.660,—,Ana Silva
LOTE-M-SOP-026-3507,WO-3756,2026-02-24,Shift 3,ISBM-004,M-SOP-026,FR-026-HDPE-4000,1770,L,200,1,2,5,8,Conforming,Rejected,Rejected,Rejected - Scrapped,2026-02-26 07:24:51.383,Leakage:1(Re=1),Elena Santos
LOTE-M-SOP-026-3508,WO-3759,2026-02-26,Shift 2,ISBM-004,M-SOP-026,FR-026-HDPE-4000,7906,L,200,0,5,8,13,Conforming,Approved,Approved,Approved - First Pass,2026-02-27 14:22:48.610,—,Elena Santos
LOTE-M-SOP-004-3509,WO-3760,2026-02-27,Shift 1,ISBM-004,M-SOP-004,FR-004-rPET-330,5471,L,200,0,1,2,3,Conforming,Approved,Approved,Approved - First Pass,2026-02-28 11:27:45.130,—,Carlos Mendes
LOTE-M-SOP-012-3510,WO-3762,2026-03-01,Shift 3,ISBM-004,M-SOP-012,FR-012-PET-400,14255,M,315,0,3,8,11,Conforming,Approved,Approved,Approved - First Pass,2026-03-01 23:38:39.481,—,Diogo Ferreira
LOTE-M-SOP-004-3511,WO-3764,2026-03-02,Shift 1,ISBM-004,M-SOP-004,FR-004-rPET-330,14998,M,315,0,2,7,9,Conforming,Approved,Approved,Approved - First Pass,2026-03-03 08:27:18.685,—,Carlos Mendes
LOTE-M-SOP-029-3512,WO-3767,2026-03-04,Shift 2,ISBM-004,M-SOP-029,FR-029-MDPE-5000,3665,L,200,0,0,20,20,Conforming,Approved,Approved,Approved - First Pass,2026-03-06 14:05:07.173,—,Carlos Mendes
LOTE-M-SOP-029-3513,WO-3768,2026-03-05,Shift 2,ISBM-004,M-SOP-029,FR-029-MDPE-5000,1360,L,200,0,0,4,4,Conforming,Approved,Approved,Approved - First Pass,2026-03-06 20:20:26.825,—,Beatriz Costa
LOTE-M-SOP-026-3514,WO-3769,2026-03-06,Shift 1,ISBM-004,M-SOP-026,FR-026-HDPE-4000,2468,L,200,0,1,0,1,Conforming,Approved,Approved,Approved - First Pass,2026-03-07 17:50:12.235,—,Diogo Ferreira
LOTE-M-SOP-004-3515,WO-3772,2026-03-08,Shift 1,ISBM-004,M-SOP-004,FR-004-rPET-330,23097,M,315,1,2,4,7,Conforming,Rejected,Rejected,Rejected - Scrapped,2026-03-09 09:23:28.448,Leakage:1(Re=1),Elena Santos
LOTE-M-SOP-012-3516,WO-3774,2026-03-09,Shift 1,ISBM-004,M-SOP-012,FR-012-PET-400,9087,L,200,0,0,7,7,Conforming,Approved,Approved,Approved - First Pass,2026-03-10 06:25:02.962,—,Beatriz Costa
LOTE-M-SOP-004-3517,WO-3776,2026-03-10,Shift 2,ISBM-004,M-SOP-004,FR-004-rPET-330,17259,M,315,0,1,4,5,Conforming,Approved,Approved,Approved - First Pass,2026-03-11 22:13:40.520,—,Ana Silva
LOTE-M-SOP-029-3518,WO-3777,2026-03-11,Shift 2,ISBM-004,M-SOP-029,FR-029-MDPE-5000,1509,L,200,0,2,3,5,Conforming,Approved,Approved,Approved - First Pass,2026-03-12 10:23:00.055,—,Beatriz Costa
LOTE-M-SOP-026-3519,WO-3778,2026-03-12,Shift 1,ISBM-004,M-SOP-026,FR-026-HDPE-4000,2678,L,200,0,4,3,7,Conforming,Approved,Approved,Approved - First Pass,2026-03-13 20:45:45.199,—,Elena Santos
LOTE-M-SOP-029-3520,WO-3781,2026-03-14,Shift 3,ISBM-004,M-SOP-029,FR-029-MDPE-5000,2935,L,200,0,0,9,9,Conforming,Approved,Approved,Approved - First Pass,2026-03-14 20:17:44.014,—,Beatriz Costa
LOTE-M-SOP-012-3521,WO-3784,2026-03-15,Shift 3,ISBM-004,M-SOP-012,FR-012-PET-400,17151,M,315,0,0,11,11,Conforming,Approved,Approved,Approved - First Pass,2026-03-16 22:42:39.375,—,Ana Silva
LOTE-M-SOP-026-3522,WO-3786,2026-03-17,Shift 3,ISBM-004,M-SOP-026,FR-026-HDPE-4000,5267,L,200,0,3,5,8,Conforming,Approved,Approved,Approved - First Pass,2026-03-17 22:58:23.240,—,Beatriz Costa
LOTE-M-SOP-012-3523,WO-3787,2026-03-17,Shift 2,ISBM-004,M-SOP-012,FR-012-PET-400,5286,L,200,0,2,5,7,Conforming,Approved,Approved,Approved - First Pass,2026-03-18 15:07:38.583,—,Diogo Ferreira
LOTE-M-SOP-029-3524,WO-3789,2026-03-18,Shift 3,ISBM-004,M-SOP-029,FR-029-MDPE-5000,1523,L,200,0,1,4,5,Conforming,Approved,Approved,Approved - First Pass,2026-03-20 05:46:40.588,—,Carlos Mendes
LOTE-M-SOP-026-3525,WO-3791,2026-03-20,shift 3,ISBM-004,M-SOP-026,FR-026-HDPE-4000,4823,L,200,0,0,8,8,Conforming,Approved,Approved,Approved - First Pass,2026-03-21 10:36:31.303,—,Carlos Mendes
LOTE-M-SOP-012-3526,WO-3794,2026-03-22,Shift 1,ISBM-004,M-SOP-012,FR-012-PET-400,24726,M,315,0,1,13,14,Conforming,Approved,Approved,Approved - First Pass,2026-03-23 10:01:06.427,—,Beatriz Costa
LOTE-M-SOP-004-3527,WO-3796,2026-03-23,Shift 1,ISBM-004,M-SOP-004,FR-004-rPET-330,14800,M,315,0,2,10,12,Conforming,Approved,Approved,Approved - First Pass,2026-03-24 08:12:54.296,—,Ana Silva
LOTE-M-SOP-012-3528,WO-3797,2026-03-24,Shift 3,ISBM-004,M-SOP-012,FR-012-PET-400,8687,L,200,0,0,4,4,Conforming,Approved,Approved,Approved - First Pass,2026-03-25 06:12:41.819,—,Elena Santos
LOTE-M-SOP-012-3529,WO-3800,2026-03-25,Shift 3,ISBM-004,M-SOP-012,FR-012-PET-400,17258,M,315,0,2,11,13,Conforming,Approved,Approved,Approved - First Pass,2026-03-27 06:06:19.872,—,Ana Silva
LOTE-M-SOP-004-3530,WO-3802,2026-03-27,Shift 1,ISBM-004,M-SOP-004,FR-004-rPET-330,14985,M,315,0,4,16,20,Conforming,Approved,Approved,Approved - First Pass,2026-03-28 22:26:00.859,—,Diogo Ferreira
LOTE-M-SOP-029-3531,WO-3803,2026-03-28,Shift 1,ISBM-004,M-SOP-029,FR-029-MDPE-5000,1180,L,200,0,1,2,3,Conforming,Approved,Approved,Approved - First Pass,2026-03-29 19:13:37.374,—,Carlos Mendes
LOTE-M-SOP-026-3532,WO-3806,2026-03-30,Shift 2,ISBM-004,M-SOP-026,FR-026-HDPE-4000,9892,L,200,0,0,11,11,Conforming,Approved,Approved,Approved - First Pass,2026-03-31 23:49:37.644,—,Diogo Ferreira
LOTE-M-SOP-029-3533,WO-3808,2026-03-31,  Shift 3  ,ISBM-004,M-SOP-029,FR-029-MDPE-5000,1914,L,200,0,3,9,12,Conforming,Approved,Approved,Approved - First Pass,2026-04-02 02:31:20.111,—,Elena Santos
LOTE-M-SOP-029-3534,WO-3810,2026-04-02,Shift 1,ISBM-004,M-SOP-029,FR-029-MDPE-5000,2009,L,200,0,0,4,4,Conforming,Approved,Approved,Approved - First Pass,2026-04-03 18:29:57.677,—,Elena Santos
LOTE-M-SOP-026-3535,WO-3812,2026-04-03,Shift 2,ISBM-004,M-SOP-026,FR-026-HDPE-4000,4949,L,200,0,3,12,15,Conforming,Approved,Approved,Approved - First Pass,2026-04-04 15:42:27.016,—,Carlos Mendes
LOTE-M-SOP-029-3536,WO-3814,2026-04-04,Shift 2,ISBM-004,M-SOP-029,FR-029-MDPE-5000,2478,L,200,0,2,3,5,Conforming,Approved,Approved,Approved - First Pass,2026-04-05 22:53:24.640,—,Ana Silva
LOTE-M-SOP-026-3537,WO-3815,2026-04-05,Shift 1,ISBM-004,M-SOP-026,FR-026-HDPE-4000,3087,L,200,0,1,4,5,Conforming,Approved,Approved,Approved - First Pass,2026-04-07 01:33:55.470,—,Elena Santos
LOTE-M-SOP-026-3538,WO-3817,2026-04-07,Shift 3,ISBM-004,M-SOP-026,FR-026-HDPE-4000,4520,L,200,0,1,4,5,Conforming,Approved,Approved,Approved - First Pass,2026-04-08 01:57:35.821,—,Carlos Mendes
LOTE-M-SOP-029-3539,WO-3820,2026-04-09,shift 3,ISBM-004,M-SOP-029,FR-029-MDPE-5000,2936,L,200,1,4,8,13,Conforming,Rejected,Rejected,Rejected - Scrapped,2026-04-10 07:47:31.455,Leakage:1(Re=1),Diogo Ferreira
LOTE-M-SOP-004-3540,WO-3821,2026-04-09,SHIFT 3,ISBM-004,M-SOP-004,FR-004-rPET-330,6859,L,200,0,1,6,7,Conforming,Approved,Approved,Approved - First Pass,2026-04-11 07:44:24.561,—,Beatriz Costa
LOTE-M-SOP-004-3541,WO-3822,2026-04-10,Shift 2,ISBM-004,M-SOP-004,FR-004-rPET-330,9893,L,200,0,2,2,4,Conforming,Approved,Approved,Approved - First Pass,2026-04-11 15:55:41.997,—,Ana Silva
LOTE-M-SOP-004-3542,WO-3824,2026-04-12,Shift 3,ISBM-004,M-SOP-004,FR-004-rPET-330,19382,M,315,0,4,10,14,Conforming,Approved,Approved,Approved - First Pass,2026-04-13 18:02:19.680,—,Diogo Ferreira
LOTE-M-SOP-012-3543,WO-3826,2026-04-13,Shift 1,ISBM-004,M-SOP-012,FR-012-PET-400,4750,L,200,0,6,8,14,Conforming,Approved,Approved,Approved - First Pass,2026-04-14 16:54:52.467,—,Diogo Ferreira
LOTE-M-SOP-026-3544,WO-3827,2026-04-14,Shift 3,ISBM-004,M-SOP-026,FR-026-HDPE-4000,2344,L,200,0,0,7,7,Conforming,Approved,Approved,Approved - First Pass,2026-04-15 09:16:51.522,—,Diogo Ferreira
LOTE-M-SOP-029-3545,WO-3829,2026-04-15,Shift 2,ISBM-004,M-SOP-029,FR-029-MDPE-5000,2400,L,200,0,4,13,17,Conforming,Approved,Approved,Approved - First Pass,2026-04-17 03:08:16.948,—,Beatriz Costa
LOTE-M-SOP-004-3546,WO-3832,2026-04-17,Shift 3,ISBM-004,M-SOP-004,FR-004-rPET-330,27352,M,315,0,6,10,16,Conforming,Approved,Approved,Approved - First Pass,2026-04-18 17:13:04.271,—,Beatriz Costa
LOTE-M-SOP-026-3547,WO-3834,2026-04-19,Shift 1,ISBM-004,M-SOP-026,FR-026-HDPE-4000,6151,L,200,0,2,9,11,Conforming,Approved,Approved,Approved - First Pass,2026-04-20 17:20:04.874,—,Diogo Ferreira
LOTE-M-SOP-026-3548,WO-3837,2026-04-21,SHIFT 1,ISBM-004,M-SOP-026,FR-026-HDPE-4000,5772,L,200,0,3,10,13,Conforming,Approved,Approved,Approved - First Pass,2026-04-22 11:03:13.547,—,Ana Silva
LOTE-M-SOP-004-3549,WO-3839,2026-04-23,Shift 3,ISBM-004,M-SOP-004,FR-004-rPET-330,12133,M,315,0,1,7,8,Conforming,Approved,Approved,Approved - First Pass,2026-04-24 04:00:07.300,—,Diogo Ferreira
LOTE-M-SOP-012-3550,WO-3840,2026-04-23,Shift 2,ISBM-004,M-SOP-012,FR-012-PET-400,6070,L,200,0,1,12,13,Conforming,Approved,Approved,Approved - First Pass,2026-04-24 19:23:08.454,—,Diogo Ferreira
LOTE-M-SOP-029-3551,WO-3841,2026-04-24,Shift 1,ISBM-004,M-SOP-029,FR-029-MDPE-5000,971,L,200,0,1,6,7,Conforming,Approved,Approved,Approved - First Pass,2026-04-25 14:32:24.183,—,Elena Santos
LOTE-M-SOP-029-3552,WO-3842,2026-04-25,Shift 3,ISBM-004,M-SOP-029,FR-029-MDPE-5000,1069,L,200,0,2,3,5,Conforming,Approved,Approved,Approved - First Pass,2026-04-25 17:35:44.569,—,Beatriz Costa
LOTE-M-SOP-012-3553,WO-3843,2026-04-25,Shift 2,ISBM-004,M-SOP-012,FR-012-PET-400,11901,M,315,0,6,12,18,Conforming,Approved,Approved,Approved - First Pass,2026-04-26 17:17:24.656,—,Elena Santos
LOTE-M-SOP-026-3554,WO-3844,2026-04-26,Shift 1,ISBM-004,M-SOP-026,FR-026-HDPE-4000,3842,L,200,0,2,6,8,Conforming,Approved,Approved,Approved - First Pass,2026-04-27 22:00:49.155,—,Diogo Ferreira
LOTE-M-SOP-029-3555,WO-3845,2026-04-27,Shift 1,ISBM-004,M-SOP-029,FR-029-MDPE-5000,909,L,200,0,2,5,7,Conforming,Approved,Approved,Approved - First Pass,2026-04-28 12:55:14.833,—,Carlos Mendes
LOTE-M-SOP-026-3556,WO-3846,2026-04-27,Shift 3,ISBM-004,M-SOP-026,FR-026-HDPE-4000,2938,L,200,0,0,0,0,Conforming,Approved,Approved,Approved - First Pass,2026-04-28 22:17:30.580,—,Carlos Mendes
LOTE-M-SOP-004-3557,WO-3849,2026-04-30,Shift 3,ISBM-004,M-SOP-004,FR-004-rPET-330,21205,M,315,0,4,10,14,Conforming,Approved,Approved,Approved - First Pass,2026-05-01 11:23:39.584,—,Carlos Mendes
LOTE-M-SOP-026-3558,WO-3850,2026-04-30,shift 3,ISBM-004,M-SOP-026,FR-026-HDPE-4000,2762,L,200,0,1,2,3,Conforming,Approved,Approved,Approved - First Pass,2026-05-02 12:28:18.143,—,Ana Silva
LOTE-M-SOP-012-3559,WO-3853,2026-05-02,Shift 3,ISBM-004,M-SOP-012,FR-012-PET-400,15536,M,315,0,2,16,18,Conforming,Approved,Approved,Approved - First Pass,2026-05-03 23:46:19.799,—,Ana Silva
LOTE-M-SOP-029-3560,WO-3856,2026-05-05,  Shift 3  ,ISBM-004,M-SOP-029,FR-029-MDPE-5000,3457,L,200,0,0,11,11,Conforming,Approved,Approved,Approved - First Pass,2026-05-05 23:40:35.141,—,Diogo Ferreira
LOTE-M-SOP-029-3561,WO-3859,2026-05-06,Shift 2,ISBM-004,M-SOP-029,FR-029-MDPE-5000,3616,L,200,0,3,8,11,Conforming,Approved,Approved,Approved - First Pass,2026-05-07 20:34:45.950,—,Diogo Ferreira
LOTE-M-SOP-012-3562,WO-3862,2026-05-09,SHIFT 3,ISBM-004,M-SOP-012,FR-012-PET-400,20016,M,315,0,1,16,17,Conforming,Approved,Approved,Approved - First Pass,2026-05-10 00:52:27.090,—,Diogo Ferreira
LOTE-M-SOP-029-3563,WO-3865,2026-05-10,Shift 2,ISBM-004,M-SOP-029,FR-029-MDPE-5000,2574,L,200,0,3,14,17,Conforming,Approved,Approved,Approved - First Pass,2026-05-11 17:45:04.830,—,Elena Santos
LOTE-M-SOP-029-3564,WO-3866,2026-05-11,Shift 1,ISBM-004,M-SOP-029,FR-029-MDPE-5000,691,L,200,0,0,0,0,Conforming,Approved,Approved,Approved - First Pass,2026-05-12 00:43:28.102,—,Ana Silva
LOTE-M-SOP-026-3565,WO-3867,2026-05-11,Shift 2,ISBM-004,M-SOP-026,FR-026-HDPE-4000,2781,L,200,0,0,8,8,Conforming,Approved,Approved,Approved - First Pass,2026-05-12 21:27:47.662,—,Beatriz Costa
LOTE-M-SOP-029-3566,WO-3868,2026-05-12,Shift 1,ISBM-004,M-SOP-029,FR-029-MDPE-5000,687,L,200,0,1,5,6,Conforming,Approved,Approved,Approved - First Pass,2026-05-13 04:34:23.086,—,Carlos Mendes
LOTE-M-SOP-012-3567,WO-3870,2026-05-13,Shift 3,ISBM-004,M-SOP-012,FR-012-PET-400,17581,M,315,0,3,11,14,Conforming,Approved,Approved,Approved - First Pass,2026-05-14 20:16:48.177,—,Carlos Mendes
LOTE-M-SOP-026-3568,WO-3871,2026-05-14,Shift 2,ISBM-004,M-SOP-026,FR-026-HDPE-4000,2032,L,200,0,0,0,0,Conforming,Approved,Approved,Approved - First Pass,2026-05-15 11:16:39.821,—,Beatriz Costa
LOTE-M-SOP-026-3569,WO-3874,2026-05-16,Shift 1,ISBM-004,M-SOP-026,FR-026-HDPE-4000,5520,L,200,0,1,13,14,Conforming,Approved,Approved,Approved - First Pass,2026-05-17 18:17:55.752,—,Carlos Mendes
LOTE-M-SOP-026-3570,WO-3875,2026-05-17,Shift 3,ISBM-004,M-SOP-026,FR-026-HDPE-4000,1189,L,200,0,0,6,6,Conforming,Approved,Approved,Approved - First Pass,2026-05-17 16:23:28.493,—,Elena Santos
LOTE-M-SOP-012-3571,WO-3876,2026-05-17,Shift 1,ISBM-004,M-SOP-012,FR-012-PET-400,6559,L,200,0,2,5,7,Conforming,Approved,Approved,Approved - First Pass,2026-05-18 21:58:54.131,—,Beatriz Costa
LOTE-M-SOP-029-3572,WO-3878,2026-05-18,Shift 2,ISBM-004,M-SOP-029,FR-029-MDPE-5000,2449,L,200,0,5,13,18,Conforming,Approved,Approved,Approved - First Pass,2026-05-19 23:22:15.096,—,Beatriz Costa
LOTE-M-SOP-029-3573,WO-3879,2026-05-19,Shift 2,ISBM-004,M-SOP-029,FR-029-MDPE-5000,1137,L,200,0,1,4,5,Conforming,Approved,Approved,Approved - First Pass,2026-05-20 12:17:17.593,—,Carlos Mendes
LOTE-M-SOP-029-3574,WO-3882,2026-05-21,Shift 2,ISBM-004,M-SOP-029,FR-029-MDPE-5000,4229,L,200,0,3,7,10,Conforming,Approved,Approved,Approved - First Pass,2026-05-23 00:37:38.170,—,Diogo Ferreira
LOTE-M-SOP-012-3575,WO-3883,2026-05-22,Shift 2,ISBM-004,M-SOP-012,FR-012-PET-400,6873,L,200,0,1,5,6,Conforming,Approved,Approved,Approved - First Pass,2026-05-23 20:34:06.332,—,Carlos Mendes
LOTE-M-SOP-012-3576,WO-3885,2026-05-23,Shift 2,ISBM-004,M-SOP-012,FR-012-PET-400,12562,M,315,0,2,13,15,Conforming,Approved,Approved,Approved - First Pass,2026-05-24 11:04:18.917,—,Carlos Mendes
LOTE-M-SOP-029-3577,WO-3888,2026-05-25,Shift 1,ISBM-004,M-SOP-029,FR-029-MDPE-5000,3267,L,200,0,1,2,3,Conforming,Approved,Approved,Approved - First Pass,2026-05-26 11:36:46.282,—,Ana Silva
LOTE-M-SOP-026-3578,WO-3891,2026-05-27,Shift 2,ISBM-004,M-SOP-026,FR-026-HDPE-4000,9783,L,200,0,3,9,12,Conforming,Approved,Approved,Approved - First Pass,2026-05-28 22:44:38.385,—,Ana Silva
LOTE-M-SOP-004-3579,WO-3894,2026-05-30,Shift 1,ISBM-004,M-SOP-004,FR-004-rPET-330,25302,M,315,0,2,5,7,Conforming,Approved,Approved,Approved - First Pass,2026-05-31 12:56:30.850,—,Diogo Ferreira
LOTE-M-SOP-012-3580,WO-3896,2026-06-01,Shift 3,ISBM-004,M-SOP-012,FR-012-PET-400,16867,M,315,0,0,2,2,Conforming,Approved,Approved,Approved - First Pass,2026-06-02 11:26:59.481,—,Diogo Ferreira
LOTE-M-SOP-004-3581,WO-3897,2026-06-01,Shift 2,ISBM-004,M-SOP-004,FR-004-rPET-330,1508,L,200,0,0,2,2,Conforming,Approved,Approved,Approved - First Pass,2026-06-02 12:42:42.676,—,Carlos Mendes
LOTE-M-SOP-004-3582,WO-3899,2026-06-03,Shift 1,ISBM-004,M-SOP-004,FR-004-rPET-330,18196,M,315,0,0,8,8,Conforming,Approved,Approved,Approved - First Pass,2026-06-04 10:53:13.711,—,Ana Silva
LOTE-M-SOP-012-3583,WO-3901,2026-06-04,Shift 1,ISBM-004,M-SOP-012,FR-012-PET-400,14492,M,315,1,1,4,6,Conforming,Rejected,Rejected,Rejected - Scrapped,2026-06-05 14:29:01.413,Leakage:1(Re=1),Ana Silva
LOTE-M-SOP-029-3584,WO-3904,2026-06-06,Shift 2,ISBM-004,M-SOP-029,FR-029-MDPE-5000,4283,L,200,0,3,8,11,Conforming,Approved,Approved,Approved - First Pass,2026-06-08 06:58:45.597,—,Ana Silva
LOTE-M-SOP-004-3585,WO-3906,2026-06-08,Shift 2,ISBM-004,M-SOP-004,FR-004-rPET-330,17420,M,315,0,10,9,19,Conforming,Approved,Approved,Approved - First Pass,2026-06-10 02:58:06.500,—,Elena Santos
LOTE-M-SOP-004-3586,WO-3907,2026-06-09,Shift 1,ISBM-004,M-SOP-004,FR-004-rPET-330,6320,L,200,0,0,7,7,Conforming,Approved,Approved,Approved - First Pass,2026-06-10 14:52:03.732,—,Carlos Mendes
LOTE-M-SOP-012-3587,WO-3908,2026-06-09,Shift 2,ISBM-004,M-SOP-012,FR-012-PET-400,8271,L,200,0,1,2,3,Conforming,Approved,Approved,Approved - First Pass,2026-06-11 06:48:07.032,—,Carlos Mendes
LOTE-M-SOP-026-3588,WO-3909,2026-06-10,Shift 2,ISBM-004,M-SOP-026,FR-026-HDPE-4000,1615,L,200,0,0,3,3,Conforming,Approved,Approved,Approved - First Pass,2026-06-11 22:32:44.575,—,Ana Silva
LOTE-M-SOP-004-3589,WO-3912,2026-06-12,Shift 2,ISBM-004,M-SOP-004,FR-004-rPET-330,31474,M,315,0,1,14,15,Conforming,Approved,Approved,Approved - First Pass,2026-06-13 23:11:03.279,—,Diogo Ferreira
LOTE-M-SOP-026-3590,WO-3915,2026-06-14,Shift 2,ISBM-004,M-SOP-026,FR-026-HDPE-4000,5789,L,200,0,3,15,18,Conforming,Approved,Approved,Approved - First Pass,2026-06-15 19:47:07.308,—,Ana Silva
LOTE-M-SOP-004-3591,WO-3916,2026-06-15,Shift 1,ISBM-004,M-SOP-004,FR-004-rPET-330,7417,L,200,0,1,5,6,Conforming,Approved,Approved,Approved - First Pass,2026-06-16 05:08:48.916,—,Beatriz Costa
LOTE-M-SOP-004-3592,WO-3918,2026-06-16,Shift 3,ISBM-004,M-SOP-004,FR-004-rPET-330,14441,M,315,0,1,8,9,Conforming,Approved,Approved,Approved - First Pass,2026-06-17 20:07:15.488,—,Carlos Mendes
LOTE-M-SOP-012-3593,WO-3921,2026-06-18,Shift 2,ISBM-004,M-SOP-012,FR-012-PET-400,19407,M,315,0,4,8,12,Conforming,Approved,Approved,Approved - First Pass,2026-06-20 06:16:02.465,—,Carlos Mendes
LOTE-M-SOP-026-3594,WO-3923,2026-06-20,Shift 1,ISBM-004,M-SOP-026,FR-026-HDPE-4000,6586,L,200,0,1,2,3,Conforming,Approved,Approved,Approved - First Pass,2026-06-21 14:22:11.691,—,Elena Santos
LOTE-M-SOP-029-3595,WO-3926,2026-06-22,Shift 1,ISBM-004,M-SOP-029,FR-029-MDPE-5000,3146,L,200,0,1,9,10,Conforming,Approved,Approved,Approved - First Pass,2026-06-23 13:48:04.277,—,Elena Santos
LOTE-M-SOP-029-3596,WO-3927,2026-06-23,Shift 3,ISBM-004,M-SOP-029,FR-029-MDPE-5000,1500,L,200,0,3,3,6,Conforming,Approved,Approved,Approved - First Pass,2026-06-23 23:36:05.545,—,Elena Santos
LOTE-M-SOP-029-3597,WO-3928,2026-06-23,Shift 2,ISBM-004,M-SOP-029,FR-029-MDPE-5000,758,L,200,0,2,2,4,Conforming,Approved,Approved,Approved - First Pass,2026-06-24 17:53:30.540,—,Ana Silva
LOTE-M-SOP-004-3598,WO-3931,2026-06-25,  Shift 1  ,ISBM-004,M-SOP-004,FR-004-rPET-330,22604,M,315,0,5,13,18,Conforming,Approved,Approved,Approved - First Pass,2026-06-26 07:58:23.443,—,Ana Silva
LOTE-M-SOP-026-3599,WO-3932,2026-06-26,Shift 1,ISBM-004,M-SOP-026,FR-026-HDPE-4000,2349,L,200,0,0,3,3,Conforming,Approved,Approved,Approved - First Pass,2026-06-27 09:23:33.831,—,Carlos Mendes
LOTE-M-SOP-004-3600,WO-3934,2026-06-27,Shift 1,ISBM-004,M-SOP-004,FR-004-rPET-330,9053,L,200,0,3,4,7,Conforming,Approved,Approved,Approved - First Pass,2026-06-28 16:12:25.881,—,Elena Santos
LOTE-M-SOP-026-3601,WO-3935,2026-06-28,Shift 3,ISBM-004,M-SOP-026,FR-026-HDPE-4000,306,L,200,0,3,5,8,Conforming,Approved,Approved,Approved - First Pass,2026-06-29 19:30:42.560,—,Carlos Mendes
LOTE-M-SOP-026-3602,WO-3936,2026-06-29,Shift 3,ISBM-004,M-SOP-026,FR-026-HDPE-4000,1812,L,200,0,0,5,5,Conforming,Approved,Approved,Approved - First Pass,2026-06-30 10:44:27.936,—,Diogo Ferreira
LOTE-M-SOP-026-3603,WO-3938,2026-06-30,Shift 3,ISBM-004,M-SOP-026,FR-026-HDPE-4000,3790,L,200,0,2,8,10,Conforming,Approved,Approved,Approved - First Pass,2026-07-01 00:31:11.685,—,Elena Santos
LOTE-M-SOP-012-3604,WO-3941,2026-07-02,Shift 3,ISBM-004,M-SOP-012,FR-012-PET-400,16647,M,315,0,5,10,15,Conforming,Approved,Approved,Approved - First Pass,2026-07-02 21:09:41.945,—,Beatriz Costa
LOTE-M-SOP-026-3605,WO-3943,2026-07-03,Shift 3,ISBM-004,M-SOP-026,FR-026-HDPE-4000,4703,L,200,0,4,3,7,Conforming,Approved,Approved,Approved - First Pass,2026-07-04 20:00:51.286,—,Elena Santos
LOTE-M-SOP-026-3606,WO-3946,2026-07-05,Shift 2,ISBM-004,M-SOP-026,FR-026-HDPE-4000,9297,L,200,0,5,11,16,Conforming,Approved,Approved,Approved - First Pass,2026-07-06 14:31:54.740,—,Diogo Ferreira
LOTE-M-SOP-012-3607,WO-3948,2026-07-07,Shift 3,ISBM-004,M-SOP-012,FR-012-PET-400,9817,L,200,0,4,5,9,Conforming,Approved,Approved,Approved - First Pass,2026-07-08 06:50:39.347,—,Beatriz Costa
LOTE-M-SOP-029-3608,WO-3949,2026-07-07,Shift 2,ISBM-004,M-SOP-029,FR-029-MDPE-5000,1900,L,200,0,1,2,3,Conforming,Approved,Approved,Approved - First Pass,2026-07-09 01:58:53.219,—,Elena Santos
LOTE-M-SOP-029-3609,WO-3951,2026-07-09,shift 3,ISBM-004,M-SOP-029,FR-029-MDPE-5000,1787,L,200,0,6,10,16,Conforming,Approved,Approved,Approved - First Pass,2026-07-10 12:23:14.454,—,Beatriz Costa
LOTE-M-SOP-026-3610,WO-3952,2026-07-10,Shift 3,ISBM-004,M-SOP-026,FR-026-HDPE-4000,3485,L,200,0,1,2,3,Conforming,Approved,Approved,Approved - First Pass,2026-07-11 11:35:11.832,—,Ana Silva
LOTE-M-SOP-026-3611,WO-3955,2026-07-12,Shift 2,ISBM-004,M-SOP-026,FR-026-HDPE-4000,6462,L,200,0,6,17,23,Conforming,Approved,Approved,Approved - First Pass,2026-07-13 12:28:18.730,—,Elena Santos
LOTE-M-SOP-004-3612,WO-3956,2026-07-13,Shift 3,ISBM-004,M-SOP-004,FR-004-rPET-330,4997,L,200,0,1,3,4,Conforming,Approved,Approved,Approved - First Pass,2026-07-14 08:37:10.984,—,Elena Santos
LOTE-M-SOP-026-3613,WO-3957,2026-07-13,Shift 2,ISBM-004,M-SOP-026,FR-026-HDPE-4000,3287,L,200,0,1,5,6,Conforming,Approved,Approved,Approved - First Pass,2026-07-15 01:30:18.777,—,Diogo Ferreira
LOTE-M-SOP-029-3614,WO-3959,2026-07-15,Shift 3,ISBM-004,M-SOP-029,FR-029-MDPE-5000,2420,L,200,0,7,7,14,Conforming,Approved,Approved,Approved - First Pass,2026-07-15 23:59:05.843,—,Diogo Ferreira
LOTE-M-SOP-029-3615,WO-3962,2026-07-17,Shift 3,ISBM-004,M-SOP-029,FR-029-MDPE-5000,2926,L,200,0,2,14,16,Conforming,Approved,Approved,Approved - First Pass,2026-07-18 03:50:50.140,—,Beatriz Costa
LOTE-M-SOP-026-3616,WO-3963,2026-07-17,Shift 1,ISBM-004,M-SOP-026,FR-026-HDPE-4000,2112,L,200,0,0,3,3,Conforming,Approved,Approved,Approved - First Pass,2026-07-18 11:04:25.600,—,Diogo Ferreira
LOTE-M-SOP-029-3617,WO-3966,2026-07-19,Shift 2,ISBM-004,M-SOP-029,FR-029-MDPE-5000,3512,L,200,0,5,21,26,Conforming,Approved,Approved,Approved - First Pass,2026-07-20 16:42:55.265,—,Elena Santos
LOTE-M-SOP-026-3618,WO-3967,2026-07-20,shift 3,ISBM-004,M-SOP-026,FR-026-HDPE-4000,2822,L,200,0,1,5,6,Conforming,Approved,Approved,Approved - First Pass,2026-07-21 02:14:24.236,—,Ana Silva
LOTE-M-SOP-012-3619,WO-3968,2026-07-21,Shift 3,ISBM-004,M-SOP-012,FR-012-PET-400,7189,L,200,0,0,3,3,Conforming,Approved,Approved,Approved - First Pass,2026-07-21 23:52:26.546,—,Beatriz Costa
LOTE-M-SOP-029-3620,WO-3969,2026-07-21,Shift 3,ISBM-004,M-SOP-029,FR-029-MDPE-5000,779,L,200,0,1,0,1,Conforming,Approved,Approved,Approved - First Pass,2026-07-22 12:52:52.631,—,Elena Santos
LOTE-M-SOP-004-3621,WO-3971,2026-07-23,Shift 3,ISBM-004,M-SOP-004,FR-004-rPET-330,14642,M,315,0,0,3,3,Conforming,Approved,Approved,Approved - First Pass,2026-07-24 08:32:55.055,—,Carlos Mendes
LOTE-M-SOP-012-3622,WO-3974,2026-07-25,Shift 1,ISBM-004,M-SOP-012,FR-012-PET-400,20018,M,315,0,3,7,10,Conforming,Approved,Approved,Approved - First Pass,2026-07-25 21:58:57.122,—,Diogo Ferreira
LOTE-M-SOP-004-3623,WO-3977,2026-07-27,Shift 1,ISBM-004,M-SOP-004,FR-004-rPET-330,23343,M,315,0,4,14,18,Conforming,Approved,Approved,Approved - First Pass,2026-07-28 06:51:23.990,—,Elena Santos
LOTE-M-SOP-004-3624,WO-3980,2026-07-29,Shift 3,ISBM-004,M-SOP-004,FR-004-rPET-330,15617,M,315,0,4,18,22,Conforming,Approved,Approved,Approved - First Pass,2026-07-30 05:13:18.841,—,Beatriz Costa
LOTE-M-SOP-004-3625,WO-3982,2026-07-30,Shift 1,ISBM-004,M-SOP-004,FR-004-rPET-330,9854,L,200,0,2,4,6,Conforming,Approved,Approved,Approved - First Pass,2026-07-31 08:46:00.056,—,Beatriz Costa
LOTE-M-SOP-004-3626,WO-3985,2026-08-01,Shift 1,ISBM-004,M-SOP-004,FR-004-rPET-330,16291,M,315,1,4,12,17,Conforming,Rejected,Rejected,Rejected - Scrapped,2026-08-02 15:21:35.051,Leakage:1(Re=1),Carlos Mendes
LOTE-M-SOP-004-3627,WO-3987,2026-08-02,Shift 2,ISBM-004,M-SOP-004,FR-004-rPET-330,12956,M,315,0,2,4,6,Conforming,Approved,Approved,Approved - First Pass,2026-08-04 07:12:25.857,—,Diogo Ferreira
LOTE-M-SOP-004-3628,WO-3989,2026-08-04,Shift 1,ISBM-004,M-SOP-004,FR-004-rPET-330,13008,M,315,0,3,7,10,Conforming,Approved,Approved,Approved - First Pass,2026-08-05 07:33:58.214,—,Diogo Ferreira
LOTE-M-SOP-004-3629,WO-3990,2026-08-05,Shift 3,ISBM-004,M-SOP-004,FR-004-rPET-330,8252,L,200,0,2,8,10,Conforming,Approved,Approved,Approved - First Pass,2026-08-05 19:36:04.464,—,Beatriz Costa
LOTE-M-SOP-004-3630,WO-3992,2026-08-06,Shift 1,ISBM-004,M-SOP-004,FR-004-rPET-330,13626,M,315,0,2,6,8,Conforming,Approved,Approved,Approved - First Pass,2026-08-07 11:29:23.207,—,Elena Santos
LOTE-M-SOP-026-3631,WO-3995,2026-08-08,SHIFT 3,ISBM-004,M-SOP-026,FR-026-HDPE-4000,8586,L,200,0,2,10,12,Conforming,Approved,Approved,Approved - First Pass,2026-08-09 19:22:45.247,—,Diogo Ferreira
LOTE-M-SOP-012-3632,WO-3998,2026-08-10,Shift 1,ISBM-004,M-SOP-012,FR-012-PET-400,24004,M,315,0,2,3,5,Conforming,Approved,Approved,Approved - First Pass,2026-08-11 15:05:55.014,—,Diogo Ferreira
LOTE-M-SOP-029-3633,WO-4000,2026-08-11,Shift 3,ISBM-004,M-SOP-029,FR-029-MDPE-5000,2564,L,200,0,2,5,7,Conforming,Approved,Approved,Approved - First Pass,2026-08-12 21:27:28.736,—,Beatriz Costa
LOTE-M-SOP-029-3634,WO-4002,2026-08-13,SHIFT 3,ISBM-004,M-SOP-029,FR-029-MDPE-5000,2624,L,200,0,5,5,10,Conforming,Approved,Approved,Approved - First Pass,2026-08-14 00:25:21.588,—,Ana Silva
LOTE-M-SOP-012-3635,WO-4005,2026-08-15,Shift 3,ISBM-004,M-SOP-012,FR-012-PET-400,23813,M,315,1,5,9,15,Conforming,Rejected,Rejected,Rejected - Scrapped,2026-08-16 15:50:42.201,Leakage:1(Re=1),Diogo Ferreira
LOTE-M-SOP-012-3636,WO-4008,2026-08-16,Shift 2,ISBM-004,M-SOP-012,FR-012-PET-400,20171,M,315,0,9,16,25,Conforming,Approved,Approved,Approved - First Pass,2026-08-17 17:25:13.886,—,Elena Santos
LOTE-M-SOP-012-3637,WO-4009,2026-08-17,Shift 2,ISBM-004,M-SOP-012,FR-012-PET-400,7882,L,200,0,2,5,7,Conforming,Approved,Approved,Approved - First Pass,2026-08-18 10:04:52.509,—,Beatriz Costa
LOTE-M-SOP-029-3638,WO-4011,2026-08-18,Shift 2,ISBM-004,M-SOP-029,FR-029-MDPE-5000,1765,L,200,0,1,8,9,Conforming,Approved,Approved,Approved - First Pass,2026-08-19 21:05:03.637,—,Carlos Mendes
LOTE-M-SOP-004-3639,WO-4014,2026-08-20,Shift 3,ISBM-004,M-SOP-004,FR-004-rPET-330,24482,M,315,0,5,12,17,Conforming,Approved,Approved,Approved - First Pass,2026-08-21 22:27:49.004,—,Diogo Ferreira
LOTE-M-SOP-012-3640,WO-4015,2026-08-21,Shift 2,ISBM-004,M-SOP-012,FR-012-PET-400,4332,L,200,0,1,4,5,Conforming,Approved,Approved,Approved - First Pass,2026-08-22 14:07:39.177,—,Beatriz Costa
LOTE-M-SOP-026-3641,WO-4017,2026-08-23,shift 3,ISBM-004,M-SOP-026,FR-026-HDPE-4000,5131,L,200,0,4,5,9,Conforming,Approved,Approved,Approved - First Pass,2026-08-23 21:10:50.200,—,Beatriz Costa
LOTE-M-SOP-004-3642,WO-4018,2026-08-23,Shift 2,ISBM-004,M-SOP-004,FR-004-rPET-330,7040,L,200,0,0,3,3,Conforming,Approved,Approved,Approved - First Pass,2026-08-24 09:41:13.067,—,Diogo Ferreira
LOTE-M-SOP-029-3643,WO-4019,2026-08-24,Shift 1,ISBM-004,M-SOP-029,FR-029-MDPE-5000,1087,L,200,0,3,2,5,Conforming,Approved,Approved,Approved - First Pass,2026-08-25 10:02:43.603,—,Beatriz Costa
LOTE-M-SOP-012-3644,WO-4022,2026-08-26,Shift 2,ISBM-004,M-SOP-012,FR-012-PET-400,27309,M,315,0,0,13,13,Conforming,Approved,Approved,Approved - First Pass,2026-08-28 00:13:34.697,—,Diogo Ferreira
LOTE-M-SOP-029-3645,WO-4023,2026-08-27,Shift 1,ISBM-004,M-SOP-029,FR-029-MDPE-5000,436,L,200,0,0,2,2,Conforming,Approved,Approved,Approved - First Pass,2026-08-28 03:50:47.829,—,Diogo Ferreira
LOTE-M-SOP-004-3646,WO-4024,2026-08-27,Shift 3,ISBM-004,M-SOP-004,FR-004-rPET-330,12043,M,315,0,0,3,3,Conforming,Approved,Approved,Approved - First Pass,2026-08-29 04:42:53.524,—,Carlos Mendes
LOTE-M-SOP-012-3647,WO-4026,2026-08-29,Shift 2,ISBM-004,M-SOP-012,FR-012-PET-400,12929,M,315,0,5,14,19,Conforming,Approved,Approved,Approved - First Pass,2026-08-30 17:20:07.567,—,Diogo Ferreira
LOTE-M-SOP-004-3648,WO-4029,2026-09-01,Shift 3,ISBM-004,M-SOP-004,FR-004-rPET-330,31494,M,315,0,5,15,20,Conforming,Approved,Approved,Approved - First Pass,2026-09-02 03:10:06.306,—,Carlos Mendes
LOTE-M-SOP-026-3649,WO-4030,2026-09-01,Shift 2,ISBM-004,M-SOP-026,FR-026-HDPE-4000,2683,L,200,0,1,8,9,Conforming,Approved,Approved,Approved - First Pass,2026-09-03 00:45:43.653,—,Elena Santos
LOTE-M-SOP-026-3650,WO-4033,2026-09-03,Shift 1,ISBM-004,M-SOP-026,FR-026-HDPE-4000,5167,L,200,0,4,8,12,Conforming,Approved,Approved,Approved - First Pass,2026-09-04 14:59:10.196,—,Diogo Ferreira
LOTE-M-SOP-004-3651,WO-4034,2026-09-04,Shift 1,ISBM-004,M-SOP-004,FR-004-rPET-330,2664,L,200,0,0,5,5,Conforming,Approved,Approved,Approved - First Pass,2026-09-05 06:30:14.361,—,Diogo Ferreira
LOTE-M-SOP-029-3652,WO-4037,2026-09-05,Shift 3,ISBM-004,M-SOP-029,FR-029-MDPE-5000,2759,L,200,0,5,10,15,Conforming,Approved,Approved,Approved - First Pass,2026-09-06 23:28:04.830,—,Diogo Ferreira
LOTE-M-SOP-012-3653,WO-4040,2026-09-08,Shift 3,ISBM-004,M-SOP-012,FR-012-PET-400,29387,M,315,0,1,8,9,Conforming,Approved,Approved,Approved - First Pass,2026-09-08 19:21:18.941,—,Diogo Ferreira
LOTE-M-SOP-004-3654,WO-4043,2026-09-10,Shift 1,ISBM-004,M-SOP-004,FR-004-rPET-330,21777,M,315,0,5,10,15,Conforming,Approved,Approved,Approved - First Pass,2026-09-11 04:07:46.801,—,Ana Silva
LOTE-M-SOP-026-3655,WO-4046,2026-09-12,Shift 3,ISBM-004,M-SOP-026,FR-026-HDPE-4000,7759,L,200,0,6,13,19,Conforming,Approved,Approved,Approved - First Pass,2026-09-13 01:56:51.827,—,Beatriz Costa
LOTE-M-SOP-004-3656,WO-4047,2026-09-12,shift 2,ISBM-004,M-SOP-004,FR-004-rPET-330,6607,L,200,0,0,7,7,Conforming,Approved,Approved,Approved - First Pass,2026-09-14 07:58:25.329,—,Elena Santos
LOTE-M-SOP-026-3657,WO-4049,2026-09-14,Shift 1,ISBM-004,M-SOP-026,FR-026-HDPE-4000,7025,L,200,0,0,3,3,Conforming,Approved,Approved,Approved - First Pass,2026-09-15 21:36:00.837,—,Beatriz Costa
LOTE-M-SOP-026-3658,WO-4050,2026-09-15,Shift 1,ISBM-004,M-SOP-026,FR-026-HDPE-4000,2535,L,200,0,0,3,3,Conforming,Approved,Approved,Approved - First Pass,2026-09-16 20:57:47.331,—,Ana Silva
LOTE-M-SOP-012-3659,WO-4051,2026-09-16,Shift 1,ISBM-004,M-SOP-012,FR-012-PET-400,6244,L,200,0,0,1,1,Conforming,Approved,Approved,Approved - First Pass,2026-09-17 02:59:26.028,—,Carlos Mendes
LOTE-M-SOP-012-3660,WO-4052,2026-09-16,Shift 2,ISBM-004,M-SOP-012,FR-012-PET-400,5199,L,200,0,3,2,5,Conforming,Approved,Approved,Approved - First Pass,2026-09-17 17:33:06.039,—,Carlos Mendes
LOTE-M-SOP-029-3661,WO-4053,2026-09-17,Shift 1,ISBM-004,M-SOP-029,FR-029-MDPE-5000,1226,L,200,0,3,2,5,Conforming,Approved,Approved,Approved - First Pass,2026-09-18 15:52:05.939,—,Carlos Mendes
LOTE-M-SOP-026-3662,WO-4055,2026-09-19,Shift 1,ISBM-004,M-SOP-026,FR-026-HDPE-4000,5629,L,200,0,1,16,17,Conforming,Approved,Approved,Approved - First Pass,2026-09-20 03:15:44.110,—,Ana Silva
LOTE-M-SOP-029-3663,WO-4056,2026-09-19,Shift 3,ISBM-004,M-SOP-029,FR-029-MDPE-5000,1170,L,200,0,0,2,2,Conforming,Approved,Approved,Approved - First Pass,2026-09-20 20:57:25.994,—,Carlos Mendes
LOTE-M-SOP-004-3664,WO-4059,2026-09-21,Shift 3,ISBM-004,M-SOP-004,FR-004-rPET-330,11831,M,315,0,2,11,13,Conforming,Approved,Approved,Approved - First Pass,2026-09-22 13:56:45.520,—,Diogo Ferreira
LOTE-M-SOP-029-3665,WO-4060,2026-09-22,Shift 1,ISBM-004,M-SOP-029,FR-029-MDPE-5000,708,L,200,0,0,8,8,Conforming,Approved,Approved,Approved - First Pass,2026-09-23 17:04:02.866,—,Diogo Ferreira
LOTE-M-SOP-012-3666,WO-4063,2026-09-24,Shift 1,ISBM-004,M-SOP-012,FR-012-PET-400,18161,M,315,0,2,15,17,Conforming,Approved,Approved,Approved - First Pass,2026-09-25 13:02:27.521,—,Diogo Ferreira
LOTE-M-SOP-026-3667,WO-4065,2026-09-25,Shift 1,ISBM-004,M-SOP-026,FR-026-HDPE-4000,4978,L,200,0,0,8,8,Conforming,Approved,Approved,Approved - First Pass,2026-09-26 19:37:51.339,—,Elena Santos
LOTE-M-SOP-004-3668,WO-4066,2026-09-26,  Shift 3  ,ISBM-004,M-SOP-004,FR-004-rPET-330,8443,L,200,0,0,5,5,Conforming,Approved,Approved,Approved - First Pass,2026-09-27 07:41:41.981,—,Beatriz Costa
LOTE-M-SOP-029-3669,WO-4069,2026-09-28,Shift 1,ISBM-004,M-SOP-029,FR-029-MDPE-5000,4656,L,200,0,3,16,19,Conforming,Approved,Approved,Approved - First Pass,2026-09-29 17:11:56.050,—,Diogo Ferreira
LOTE-M-SOP-004-3670,WO-4070,2026-09-29,Shift 1,ISBM-004,M-SOP-004,FR-004-rPET-330,4998,L,200,0,3,6,9,Conforming,Approved,Approved,Approved - First Pass,2026-09-30 13:02:18.000,—,Beatriz Costa
LOTE-M-SOP-029-3671,WO-4071,2026-09-29,Shift 3,ISBM-004,M-SOP-029,FR-029-MDPE-5000,779,L,200,0,1,0,1,Conforming,Approved,Approved,Approved - First Pass,2026-09-30 22:50:53.553,—,Elena Santos
LOTE-M-SOP-004-3672,WO-4074,2026-10-02,Shift 3,ISBM-004,M-SOP-004,FR-004-rPET-330,26416,M,315,0,2,10,12,Conforming,Approved,Approved,Approved - First Pass,2026-10-03 08:10:06.671,—,Ana Silva
LOTE-M-SOP-026-3673,WO-4075,2026-10-02,shift 2,ISBM-004,M-SOP-026,FR-026-HDPE-4000,1813,L,200,0,1,2,3,Conforming,Approved,Approved,Approved - First Pass,2026-10-04 02:04:30.742,—,Diogo Ferreira
LOTE-M-SOP-029-3674,WO-4076,2026-10-03,Shift 1,ISBM-004,M-SOP-029,FR-029-MDPE-5000,1567,L,200,0,3,3,6,Conforming,Approved,Approved,Approved - First Pass,2026-10-04 15:47:36.944,—,Diogo Ferreira
LOTE-M-SOP-012-3675,WO-4079,2026-10-05,Shift 1,ISBM-004,M-SOP-012,FR-012-PET-400,25130,M,315,0,3,9,12,Conforming,Approved,Approved,Approved - First Pass,2026-10-06 14:38:13.642,—,Diogo Ferreira
LOTE-M-SOP-012-3676,WO-4081,2026-10-07,Shift 3,ISBM-004,M-SOP-012,FR-012-PET-400,16465,M,315,0,2,5,7,Conforming,Approved,Approved,Approved - First Pass,2026-10-08 05:53:59.676,—,Beatriz Costa
LOTE-M-SOP-029-3677,WO-4082,2026-10-08,SHIFT 1,ISBM-004,M-SOP-029,FR-029-MDPE-5000,942,L,200,0,1,0,1,Conforming,Approved,Approved,Approved - First Pass,2026-10-08 22:23:30.350,—,Diogo Ferreira
LOTE-M-SOP-029-3678,WO-4083,2026-10-08,Shift 2,ISBM-004,M-SOP-029,FR-029-MDPE-5000,544,L,200,0,4,5,9,Conforming,Approved,Approved,Approved - First Pass,2026-10-09 19:45:58.760,—,Carlos Mendes
LOTE-M-SOP-012-3679,WO-4084,2026-10-09,Shift 1,ISBM-004,M-SOP-012,FR-012-PET-400,4220,L,200,0,3,2,5,Conforming,Approved,Approved,Approved - First Pass,2026-10-10 02:56:12.171,—,Beatriz Costa
LOTE-M-SOP-026-3680,WO-4087,2026-10-11,Shift 1,ISBM-004,M-SOP-026,FR-026-HDPE-4000,7408,L,200,0,2,13,15,Conforming,Approved,Approved,Approved - First Pass,2026-10-12 05:41:35.578,—,Diogo Ferreira
LOTE-M-SOP-026-3681,WO-4090,2026-10-13,Shift 1,ISBM-004,M-SOP-026,FR-026-HDPE-4000,6846,L,200,0,2,12,14,Conforming,Approved,Approved,Approved - First Pass,2026-10-14 09:47:48.287,—,Diogo Ferreira
LOTE-M-SOP-012-3682,WO-4092,2026-10-15,Shift 1,ISBM-004,M-SOP-012,FR-012-PET-400,6056,L,200,0,0,9,9,Conforming,Approved,Approved,Approved - First Pass,2026-10-16 03:37:12.951,—,Diogo Ferreira
LOTE-M-SOP-029-3683,WO-4095,2026-10-17,Shift 3,ISBM-004,M-SOP-029,FR-029-MDPE-5000,4021,L,200,1,6,5,12,Conforming,Rejected,Approved,Approved - Reworked,2026-10-18 13:36:45.289,—,Diogo Ferreira
LOTE-M-SOP-012-3684,WO-4096,2026-10-18,  Shift 3  ,ISBM-004,M-SOP-012,FR-012-PET-400,6756,L,200,0,1,1,2,Conforming,Approved,Approved,Approved - First Pass,2026-10-19 01:32:17.404,—,Diogo Ferreira
LOTE-M-SOP-026-3685,WO-4097,2026-10-18,Shift 2,ISBM-004,M-SOP-026,FR-026-HDPE-4000,1785,L,200,0,0,1,1,Conforming,Approved,Approved,Approved - First Pass,2026-10-20 01:25:08.873,—,Carlos Mendes
LOTE-M-SOP-012-3686,WO-4100,2026-10-20,Shift 2,ISBM-004,M-SOP-012,FR-012-PET-400,23830,M,315,0,6,9,15,Conforming,Approved,Approved,Approved - First Pass,2026-10-22 02:09:34.344,—,Carlos Mendes
LOTE-M-SOP-029-3687,WO-4102,2026-10-21,Shift 3,ISBM-004,M-SOP-029,FR-029-MDPE-5000,2336,L,200,0,2,10,12,Conforming,Approved,Approved,Approved - First Pass,2026-10-22 20:12:32.730,—,Elena Santos
LOTE-M-SOP-029-3688,WO-4103,2026-10-22,Shift 2,ISBM-004,M-SOP-029,FR-029-MDPE-5000,1207,L,200,0,2,5,7,Conforming,Approved,Approved,Approved - First Pass,2026-10-23 13:16:28.756,—,Carlos Mendes
LOTE-M-SOP-026-3689,WO-4104,2026-10-23,Shift 1,ISBM-004,M-SOP-026,FR-026-HDPE-4000,4541,L,200,0,4,2,6,Conforming,Approved,Approved,Approved - First Pass,2026-10-24 10:22:15.352,—,Carlos Mendes
LOTE-M-SOP-029-3690,WO-4105,2026-10-24,Shift 1,ISBM-004,M-SOP-029,FR-029-MDPE-5000,894,L,200,0,1,3,4,Conforming,Approved,Approved,Approved - First Pass,2026-10-25 15:11:53.211,—,Beatriz Costa
LOTE-M-SOP-012-3691,WO-4106,2026-10-24,Shift 2,ISBM-004,M-SOP-012,FR-012-PET-400,4251,L,200,0,0,8,8,Conforming,Approved,Approved,Approved - First Pass,2026-10-26 07:10:10.905,—,Elena Santos
LOTE-M-SOP-029-3692,WO-4107,2026-10-25,Shift 2,ISBM-004,M-SOP-029,FR-029-MDPE-5000,813,L,200,0,2,5,7,Conforming,Approved,Approved,Approved - First Pass,2026-10-26 10:56:32.861,—,Elena Santos
LOTE-M-SOP-026-3693,WO-4108,2026-10-26,Shift 1,ISBM-004,M-SOP-026,FR-026-HDPE-4000,1456,L,200,0,1,7,8,Conforming,Approved,Approved,Approved - First Pass,2026-10-27 12:15:25.828,—,Carlos Mendes
LOTE-M-SOP-029-3694,WO-4110,2026-10-27,Shift 2,ISBM-004,M-SOP-029,FR-029-MDPE-5000,2214,L,200,0,4,4,8,Conforming,Approved,Approved,Approved - First Pass,2026-10-29 04:04:45.025,—,Carlos Mendes
LOTE-M-SOP-012-3695,WO-4112,2026-10-29,Shift 3,ISBM-004,M-SOP-012,FR-012-PET-400,19583,M,315,0,2,14,16,Conforming,Approved,Approved,Approved - First Pass,2026-10-30 04:18:32.989,—,Carlos Mendes
LOTE-M-SOP-012-3696,WO-4113,2026-10-29,Shift 3,ISBM-004,M-SOP-012,FR-012-PET-400,8004,L,200,0,1,0,1,Conforming,Approved,Approved,Approved - First Pass,2026-10-30 20:19:36.505,—,Elena Santos
LOTE-M-SOP-012-3697,WO-4114,2026-10-30,Shift 2,ISBM-004,M-SOP-012,FR-012-PET-400,2161,L,200,0,2,2,4,Conforming,Approved,Approved,Approved - First Pass,2026-10-31 18:55:54.539,—,Beatriz Costa
LOTE-M-SOP-012-3698,WO-4116,2026-11-01,Shift 3,ISBM-004,M-SOP-012,FR-012-PET-400,16391,M,315,0,1,9,10,Conforming,Approved,Approved,Approved - First Pass,2026-11-01 17:10:47.476,—,Elena Santos
LOTE-M-SOP-029-3699,WO-4119,2026-11-03,Shift 1,ISBM-004,M-SOP-029,FR-029-MDPE-5000,3793,L,200,0,6,6,12,Conforming,Approved,Approved,Approved - First Pass,2026-11-04 08:18:14.057,—,Elena Santos
LOTE-M-SOP-026-3700,WO-4121,2026-11-04,Shift 2,ISBM-004,M-SOP-026,FR-026-HDPE-4000,7114,L,200,0,3,6,9,Conforming,Approved,Approved,Approved - First Pass,2026-11-05 16:01:43.287,—,Diogo Ferreira
LOTE-M-SOP-004-3701,WO-4124,2026-11-07,Shift 3,ISBM-004,M-SOP-004,FR-004-rPET-330,25904,M,315,0,4,17,21,Conforming,Approved,Approved,Approved - First Pass,2026-11-07 23:15:33.221,—,Beatriz Costa
LOTE-M-SOP-026-3702,WO-4125,2026-11-07,Shift 2,ISBM-004,M-SOP-026,FR-026-HDPE-4000,2551,L,200,0,0,4,4,Conforming,Approved,Approved,Approved - First Pass,2026-11-08 13:24:01.194,—,Elena Santos
LOTE-M-SOP-026-3703,WO-4127,2026-11-09,Shift 1,ISBM-004,M-SOP-026,FR-026-HDPE-4000,5576,L,200,0,1,9,10,Conforming,Approved,Approved,Approved - First Pass,2026-11-10 03:33:33.956,—,Carlos Mendes
LOTE-M-SOP-012-3704,WO-4129,2026-11-10,Shift 2,ISBM-004,M-SOP-012,FR-012-PET-400,14304,M,315,0,2,13,15,Conforming,Approved,Approved,Approved - First Pass,2026-11-11 17:08:33.160,—,Diogo Ferreira
LOTE-M-SOP-012-3705,WO-4132,2026-11-12,Shift 2,ISBM-004,M-SOP-012,FR-012-PET-400,25349,M,315,0,0,4,4,Conforming,Approved,Approved,Approved - First Pass,2026-11-13 20:43:24.995,—,Diogo Ferreira
LOTE-M-SOP-029-3706,WO-4135,2026-11-15,Shift 1,ISBM-004,M-SOP-029,FR-029-MDPE-5000,3656,L,200,0,1,5,6,Conforming,Approved,Approved,Approved - First Pass,2026-11-16 05:01:03.930,—,Carlos Mendes
LOTE-M-SOP-004-3707,WO-4137,2026-11-16,Shift 2,ISBM-004,M-SOP-004,FR-004-rPET-330,15380,M,315,0,5,12,17,Conforming,Approved,Approved,Approved - First Pass,2026-11-17 16:06:55.478,—,Carlos Mendes
LOTE-M-SOP-012-3708,WO-4139,2026-11-17,Shift 2,ISBM-004,M-SOP-012,FR-012-PET-400,9617,L,200,0,1,11,12,Conforming,Approved,Approved,Approved - First Pass,2026-11-18 12:27:44.149,—,Carlos Mendes
LOTE-M-SOP-026-3709,WO-4141,2026-11-18,Shift 1,ISBM-004,M-SOP-026,FR-026-HDPE-4000,3670,L,200,1,2,13,16,Conforming,Rejected,Rejected,Rejected - Scrapped,2026-11-19 16:25:29.442,Leakage:1(Re=1),Carlos Mendes
LOTE-M-SOP-012-3710,WO-4144,2026-11-20,SHIFT 2,ISBM-004,M-SOP-012,FR-012-PET-400,28549,M,315,0,6,11,17,Conforming,Approved,Approved,Approved - First Pass,2026-11-21 11:27:34.396,—,Elena Santos
LOTE-M-SOP-026-3711,WO-4147,2026-11-23,Shift 3,ISBM-004,M-SOP-026,FR-026-HDPE-4000,8550,L,200,0,2,4,6,Conforming,Approved,Approved,Approved - First Pass,2026-11-24 02:26:07.299,—,Diogo Ferreira
LOTE-M-SOP-029-3712,WO-4148,2026-11-24,Shift 3,ISBM-004,M-SOP-029,FR-029-MDPE-5000,1153,L,200,0,0,0,0,Conforming,Approved,Approved,Approved - First Pass,2026-11-24 22:06:15.867,—,Carlos Mendes
LOTE-M-SOP-004-3713,WO-4149,2026-11-24,Shift 2,ISBM-004,M-SOP-004,FR-004-rPET-330,4973,L,200,0,1,3,4,Conforming,Approved,Approved,Approved - First Pass,2026-11-25 09:15:07.074,—,Beatriz Costa
LOTE-M-SOP-004-3714,WO-4150,2026-11-25,Shift 3,ISBM-004,M-SOP-004,FR-004-rPET-330,3920,L,200,0,0,2,2,Conforming,Approved,Approved,Approved - First Pass,2026-11-26 12:52:08.964,—,Carlos Mendes
LOTE-M-SOP-029-3715,WO-4151,2026-11-25,Shift 2,ISBM-004,M-SOP-029,FR-029-MDPE-5000,739,L,200,0,1,4,5,Conforming,Approved,Approved,Approved - First Pass,2026-11-27 03:10:51.504,—,Elena Santos
LOTE-M-SOP-004-3716,WO-4154,2026-11-27,Shift 2,ISBM-004,M-SOP-004,FR-004-rPET-330,17689,M,315,0,4,12,16,Conforming,Approved,Approved,Approved - First Pass,2026-11-29 08:19:10.889,—,Carlos Mendes
LOTE-M-SOP-029-3717,WO-4155,2026-11-28,Shift 2,ISBM-004,M-SOP-029,FR-029-MDPE-5000,1516,L,200,0,0,6,6,Conforming,Approved,Approved,Approved - First Pass,2026-11-30 05:57:50.924,—,Carlos Mendes
LOTE-M-SOP-026-3718,WO-4158,2026-12-01,shift 3,ISBM-004,M-SOP-026,FR-026-HDPE-4000,6879,L,200,0,2,6,8,Conforming,Approved,Approved,Approved - First Pass,2026-12-02 06:22:09.323,—,Diogo Ferreira
LOTE-M-SOP-004-3719,WO-4159,2026-12-01,Shift 2,ISBM-004,M-SOP-004,FR-004-rPET-330,4542,L,200,0,1,3,4,Conforming,Approved,Approved,Approved - First Pass,2026-12-02 19:08:33.909,—,Elena Santos
LOTE-M-SOP-012-3720,WO-4162,2026-12-04,Shift 1,ISBM-004,M-SOP-012,FR-012-PET-400,17897,M,315,0,5,12,17,Conforming,Approved,Approved,Approved - First Pass,2026-12-05 06:21:12.699,—,Carlos Mendes
LOTE-M-SOP-026-3721,WO-4165,2026-12-06,Shift 1,ISBM-004,M-SOP-026,FR-026-HDPE-4000,8119,L,200,0,2,15,17,Conforming,Approved,Approved,Approved - First Pass,2026-12-07 19:17:49.361,—,Diogo Ferreira
LOTE-M-SOP-026-3722,WO-4168,2026-12-08,  Shift 1  ,ISBM-004,M-SOP-026,FR-026-HDPE-4000,8885,L,200,0,9,6,15,Conforming,Approved,Approved,Approved - First Pass,2026-12-10 00:08:02.711,—,Elena Santos
LOTE-M-SOP-004-3723,WO-4170,2026-12-09,Shift 2,ISBM-004,M-SOP-004,FR-004-rPET-330,15613,M,315,0,3,5,8,Conforming,Approved,Approved,Approved - First Pass,2026-12-10 19:29:37.256,—,Elena Santos
LOTE-M-SOP-004-3724,WO-4173,2026-12-12,Shift 1,ISBM-004,M-SOP-004,FR-004-rPET-330,21176,M,315,0,0,14,14,Conforming,Approved,Approved,Approved - First Pass,2026-12-13 02:17:49.504,—,Carlos Mendes
LOTE-M-SOP-026-3725,WO-4174,2026-12-12,Shift 2,ISBM-004,M-SOP-026,FR-026-HDPE-4000,2059,L,200,0,1,2,3,Conforming,Approved,Approved,Approved - First Pass,2026-12-14 02:10:16.269,—,Elena Santos
LOTE-M-SOP-004-3726,WO-4176,2026-12-13,Shift 2,ISBM-004,M-SOP-004,FR-004-rPET-330,8840,L,200,0,1,7,8,Conforming,Approved,Approved,Approved - First Pass,2026-12-15 00:20:57.459,—,Ana Silva
LOTE-M-SOP-029-3727,WO-4178,2026-12-15,Shift 3,ISBM-004,M-SOP-029,FR-029-MDPE-5000,2569,L,200,0,4,3,7,Conforming,Approved,Approved,Approved - First Pass,2026-12-15 19:35:58.210,—,Diogo Ferreira
LOTE-M-SOP-026-3728,WO-4179,2026-12-15,Shift 2,ISBM-004,M-SOP-026,FR-026-HDPE-4000,3598,L,200,0,2,2,4,Conforming,Approved,Approved,Approved - First Pass,2026-12-16 19:14:46.717,—,Beatriz Costa
LOTE-M-SOP-012-3729,WO-4181,2026-12-17,Shift 1,ISBM-004,M-SOP-012,FR-012-PET-400,20328,M,315,0,3,6,9,Conforming,Approved,Approved,Approved - First Pass,2026-12-18 19:26:23.719,—,Carlos Mendes
LOTE-M-SOP-029-3730,WO-4183,2026-12-18,  Shift 3  ,ISBM-004,M-SOP-029,FR-029-MDPE-5000,2356,L,200,0,4,4,8,Conforming,Approved,Approved,Approved - First Pass,2026-12-20 05:46:34.529,—,Carlos Mendes
LOTE-M-SOP-004-3731,WO-4185,2026-12-20,Shift 3,ISBM-004,M-SOP-004,FR-004-rPET-330,19490,M,315,0,0,6,6,Conforming,Approved,Approved,Approved - First Pass,2026-12-21 19:01:01.664,—,Elena Santos
LOTE-M-SOP-004-3732,WO-4186,2026-12-21,Shift 3,ISBM-004,M-SOP-004,FR-004-rPET-330,8513,L,200,0,2,5,7,Conforming,Approved,Approved,Approved - First Pass,2026-12-22 10:29:21.590,—,Elena Santos
LOTE-M-SOP-026-3733,WO-4188,2026-12-22,Shift 1,ISBM-004,M-SOP-026,FR-026-HDPE-4000,3333,L,200,1,1,9,11,Conforming,Rejected,Rejected,Rejected - Scrapped,2026-12-23 03:56:53.541,Leakage:1(Re=1),Beatriz Costa
LOTE-M-SOP-004-3734,WO-4190,2026-12-23,Shift 2,ISBM-004,M-SOP-004,FR-004-rPET-330,10483,M,315,0,4,11,15,Conforming,Approved,Approved,Approved - First Pass,2026-12-24 18:42:48.801,—,Diogo Ferreira
LOTE-M-SOP-012-3735,WO-4193,2026-12-25,Shift 2,ISBM-004,M-SOP-012,FR-012-PET-400,26770,M,315,0,4,12,16,Conforming,Approved,Approved,Approved - First Pass,2026-12-27 03:57:55.614,—,Diogo Ferreira
LOTE-M-SOP-026-3736,WO-4194,2026-12-26,Shift 1,ISBM-004,M-SOP-026,FR-026-HDPE-4000,2484,L,200,0,0,1,1,Conforming,Approved,Approved,Approved - First Pass,2026-12-27 18:51:24.144,—,Ana Silva
LOTE-M-SOP-026-3737,WO-4197,2026-12-28,Shift 1,ISBM-004,M-SOP-026,FR-026-HDPE-4000,8289,L,200,0,5,13,18,Conforming,Approved,Approved,Approved - First Pass,2026-12-29 13:28:48.103,—,Diogo Ferreira
LOTE-M-SOP-026-3738,WO-4200,2026-12-30,Shift 3,ISBM-004,M-SOP-026,FR-026-HDPE-4000,8629,L,200,0,7,13,20,Conforming,Approved,Approved,Approved - First Pass,2026-12-31 08:31:14.440,—,Diogo Ferreira
LOTE-M-SOP-004-3739,WO-4201,2026-12-30,Shift 2,ISBM-004,M-SOP-004,FR-004-rPET-330,10019,M,315,1,1,11,13,Conforming,Rejected,Rejected,Rejected - Scrapped,2026-12-31 21:41:41.731,Leakage:1(Re=1),Elena Santos
LOTE-M-SOP-010-3740,WO-4202,2025-07-01,Shift 3,ISBM-005,M-SOP-010,FR-010-PET-400,5410,L,200,0,2,3,5,Conforming,Approved,Approved,Approved - First Pass,2025-07-02 00:37:58.132,—,Carlos Mendes
LOTE-M-SOP-023-3741,WO-4204,2025-07-02,shift 1,ISBM-005,M-SOP-023,FR-023-HDPE-1000,5561,L,200,0,1,4,5,Conforming,Approved,Approved,Approved - First Pass,2025-07-03 14:40:41.887,—,Ana Silva
LOTE-M-SOP-013-3742,WO-4206,2025-07-04,Shift 3,ISBM-005,M-SOP-013,FR-013-LDPE-500,12802,M,315,0,3,3,6,Conforming,Approved,Approved,Approved - First Pass,2025-07-05 01:39:19.129,—,Diogo Ferreira
LOTE-M-SOP-027-3743,WO-4207,2025-07-04,Shift 3,ISBM-005,M-SOP-027,FR-027-HDPE-5000,1389,L,200,0,2,5,7,Conforming,Approved,Approved,Approved - First Pass,2025-07-06 10:54:35.786,—,Diogo Ferreira
LOTE-M-SOP-027-3744,WO-4209,2025-07-06,Shift 3,ISBM-005,M-SOP-027,FR-027-HDPE-5000,1948,L,200,0,1,7,8,Conforming,Approved,Approved,Approved - First Pass,2025-07-07 10:05:20.515,—,Diogo Ferreira
LOTE-M-SOP-027-3745,WO-4212,2025-07-08,Shift 1,ISBM-005,M-SOP-027,FR-027-HDPE-5000,3356,L,200,0,6,15,21,Conforming,Approved,Approved,Approved - First Pass,2025-07-09 12:38:26.051,—,Elena Santos
LOTE-M-SOP-010-3746,WO-4213,2025-07-08,Shift 2,ISBM-005,M-SOP-010,FR-010-PET-400,8593,L,200,0,2,5,7,Conforming,Approved,Approved,Approved - First Pass,2025-07-09 21:12:50.144,—,Ana Silva
LOTE-M-SOP-010-3747,WO-4214,2025-07-09,Shift 2,ISBM-005,M-SOP-010,FR-010-PET-400,4770,L,200,0,1,1,2,Conforming,Approved,Approved,Approved - First Pass,2025-07-10 09:34:22.295,—,Diogo Ferreira
LOTE-M-SOP-013-3748,WO-4217,2025-07-11,Shift 2,ISBM-005,M-SOP-013,FR-013-rPET-500,26620,M,315,0,8,11,19,Conforming,Approved,Approved,Approved - First Pass,2025-07-13 03:11:44.234,—,Diogo Ferreira
LOTE-M-SOP-013-3749,WO-4218,2025-07-12,Shift 1,ISBM-005,M-SOP-013,FR-013-HDPE-PCR-500,9276,L,200,0,1,1,2,Conforming,Approved,Approved,Approved - First Pass,2025-07-13 18:26:54.845,—,Carlos Mendes
LOTE-M-SOP-010-3750,WO-4221,2025-07-15,SHIFT 1,ISBM-005,M-SOP-010,FR-010-PET-400,23183,M,315,0,1,4,5,Conforming,Approved,Approved,Approved - First Pass,2025-07-16 02:05:03.060,—,Ana Silva
LOTE-M-SOP-023-3751,WO-4224,2025-07-17,Shift 1,ISBM-005,M-SOP-023,FR-023-HDPE-1000,10184,M,315,0,2,5,7,Conforming,Approved,Approved,Approved - First Pass,2025-07-18 13:54:58.039,—,Beatriz Costa
LOTE-M-SOP-027-3752,WO-4225,2025-07-17,Shift 3,ISBM-005,M-SOP-027,FR-027-HDPE-5000,1042,L,200,0,1,1,2,Conforming,Approved,Approved,Approved - First Pass,2025-07-19 03:57:41.728,—,Diogo Ferreira
LOTE-M-SOP-027-3753,WO-4227,2025-07-19,Shift 1,ISBM-005,M-SOP-027,FR-027-HDPE-5000,1953,L,200,0,1,8,9,Conforming,Approved,Approved,Approved - First Pass,2025-07-20 08:27:15.525,—,Elena Santos
LOTE-M-SOP-027-3754,WO-4228,2025-07-20,Shift 3,ISBM-005,M-SOP-027,FR-027-HDPE-5000,1465,L,200,0,0,2,2,Conforming,Approved,Approved,Approved - First Pass,2025-07-21 14:38:40.059,—,Carlos Mendes
LOTE-M-SOP-013-3755,WO-4229,2025-07-21,Shift 3,ISBM-005,M-SOP-013,FR-013-PVC-500,4327,L,200,0,4,0,4,Conforming,Approved,Approved,Approved - First Pass,2025-07-22 01:25:04.007,—,Carlos Mendes
LOTE-M-SOP-013-3756,WO-4230,2025-07-21,Shift 1,ISBM-005,M-SOP-013,FR-013-HDPE-500,8416,L,200,0,4,8,12,Conforming,Approved,Approved,Approved - First Pass,2025-07-22 18:04:23.914,—,Diogo Ferreira
LOTE-M-SOP-013-3757,WO-4233,2025-07-24,Shift 3,ISBM-005,M-SOP-013,FR-013-PP-PCR-500,23920,M,315,0,4,8,12,Conforming,Approved,Approved,Approved - First Pass,2025-07-25 01:21:35.123,—,Diogo Ferreira
LOTE-M-SOP-023-3758,WO-4235,2025-07-25,Shift 3,ISBM-005,M-SOP-023,FR-023-HDPE-1000,9208,L,200,0,1,3,4,Conforming,Approved,Approved,Approved - First Pass,2025-07-26 14:49:11.082,—,Beatriz Costa
LOTE-M-SOP-027-3759,WO-4236,2025-07-26,SHIFT 3,ISBM-005,M-SOP-027,FR-027-HDPE-5000,674,L,200,0,0,3,3,Conforming,Approved,Approved,Approved - First Pass,2025-07-27 06:50:20.763,—,Ana Silva
LOTE-M-SOP-027-3760,WO-4238,2025-07-27,Shift 1,ISBM-005,M-SOP-027,FR-027-HDPE-5000,2054,L,200,0,1,5,6,Conforming,Approved,Approved,Approved - First Pass,2025-07-28 17:07:04.136,—,Elena Santos
LOTE-M-SOP-027-3761,WO-4239,2025-07-28,Shift 3,ISBM-005,M-SOP-027,FR-027-HDPE-5000,1210,L,200,0,1,1,2,Conforming,Approved,Approved,Approved - First Pass,2025-07-29 00:50:32.469,—,Carlos Mendes
LOTE-M-SOP-023-3762,WO-4241,2025-07-29,Shift 2,ISBM-005,M-SOP-023,FR-023-rPET-1000,9185,L,200,0,2,17,19,Conforming,Approved,Approved,Approved - First Pass,2025-07-30 15:15:51.392,—,Ana Silva
LOTE-M-SOP-010-3763,WO-4243,2025-07-31,Shift 3,ISBM-005,M-SOP-010,FR-010-PET-400,11497,M,315,0,0,4,4,Conforming,Approved,Approved,Approved - First Pass,2025-08-01 17:40:37.874,—,Diogo Ferreira
LOTE-M-SOP-010-3764,WO-4244,2025-08-01,Shift 3,ISBM-005,M-SOP-010,FR-010-PET-400,6537,L,200,0,1,0,1,Conforming,Approved,Approved,Approved - First Pass,2025-08-02 13:52:35.961,—,Beatriz Costa
LOTE-M-SOP-010-3765,WO-4245,2025-08-02,Shift 3,ISBM-005,M-SOP-010,FR-010-PET-400,6491,L,200,0,0,2,2,Conforming,Approved,Approved,Approved - First Pass,2025-08-02 20:26:25.787,—,Ana Silva
LOTE-M-SOP-010-3766,WO-4246,2025-08-02,Shift 1,ISBM-005,M-SOP-010,FR-010-PET-400,5440,L,200,0,0,4,4,Conforming,Approved,Approved,Approved - First Pass,2025-08-03 09:40:56.156,—,Elena Santos
LOTE-M-SOP-013-3767,WO-4248,2025-08-04,Shift 3,ISBM-005,M-SOP-013,FR-013-LDPE-500,14086,M,315,0,1,5,6,Conforming,Approved,Approved,Approved - First Pass,2025-08-04 18:03:03.617,—,Carlos Mendes
LOTE-M-SOP-023-3768,WO-4250,2025-08-05,Shift 2,ISBM-005,M-SOP-023,FR-023-HDPE-1000,5422,L,200,0,3,10,13,Conforming,Approved,Approved,Approved - First Pass,2025-08-06 15:49:38.929,—,Carlos Mendes
LOTE-M-SOP-013-3769,WO-4252,2025-08-07,Shift 3,ISBM-005,M-SOP-013,FR-013-LDPE-500,11251,M,315,0,2,7,9,Conforming,Approved,Approved,Approved - First Pass,2025-08-07 18:01:28.130,—,Ana Silva
LOTE-M-SOP-010-3770,WO-4255,2025-08-09,Shift 3,ISBM-005,M-SOP-010,FR-010-PET-400,26526,M,315,0,4,12,16,Conforming,Approved,Approved,Approved - First Pass,2025-08-10 06:32:58.115,—,Elena Santos
LOTE-M-SOP-027-3771,WO-4258,2025-08-11,  Shift 2  ,ISBM-005,M-SOP-027,FR-027-HDPE-5000,4585,L,200,0,3,15,18,Conforming,Approved,Approved,Approved - First Pass,2025-08-13 14:16:27.753,—,Beatriz Costa
LOTE-M-SOP-010-3772,WO-4260,2025-08-13,Shift 1,ISBM-005,M-SOP-010,FR-010-PET-400,17161,M,315,0,3,6,9,Conforming,Approved,Approved,Approved - First Pass,2025-08-14 16:26:08.621,—,Diogo Ferreira
LOTE-M-SOP-013-3773,WO-4261,2025-08-14,SHIFT 1,ISBM-005,M-SOP-013,FR-013-MDPE-500,6719,L,200,0,0,5,5,Conforming,Approved,Approved,Approved - First Pass,2025-08-15 13:08:05.433,—,Beatriz Costa
LOTE-M-SOP-023-3774,WO-4263,2025-08-15,Shift 2,ISBM-005,M-SOP-023,FR-023-HDPE-1000,7329,L,200,0,0,1,1,Conforming,Approved,Approved,Approved - First Pass,2025-08-17 01:38:41.523,—,Ana Silva
LOTE-M-SOP-023-3775,WO-4264,2025-08-16,Shift 1,ISBM-005,M-SOP-023,FR-023-rPET-1000,3525,L,200,0,1,7,8,Conforming,Approved,Approved,Approved - First Pass,2025-08-17 12:26:29.908,—,Diogo Ferreira
LOTE-M-SOP-023-3776,WO-4267,2025-08-18,Shift 2,ISBM-005,M-SOP-023,FR-023-HDPE-1000,10097,M,315,0,1,10,11,Conforming,Approved,Approved,Approved - First Pass,2025-08-20 01:52:56.710,—,Ana Silva
LOTE-M-SOP-027-3777,WO-4268,2025-08-19,Shift 1,ISBM-005,M-SOP-027,FR-027-HDPE-5000,1244,L,200,0,4,3,7,Conforming,Approved,Approved,Approved - First Pass,2025-08-20 17:40:52.623,—,Ana Silva
LOTE-M-SOP-023-3778,WO-4269,2025-08-20,Shift 3,ISBM-005,M-SOP-023,FR-023-HDPE-1000,1525,L,200,0,3,2,5,Conforming,Approved,Approved,Approved - First Pass,2025-08-20 23:05:59.911,—,Ana Silva
LOTE-M-SOP-010-3779,WO-4270,2025-08-20,Shift 2,ISBM-005,M-SOP-010,FR-010-PET-400,7686,L,200,0,0,3,3,Conforming,Approved,Approved,Approved - First Pass,2025-08-21 18:09:46.154,—,Beatriz Costa
LOTE-M-SOP-027-3780,WO-4271,2025-08-21,Shift 1,ISBM-005,M-SOP-027,FR-027-HDPE-5000,300,L,200,0,0,1,1,Conforming,Approved,Approved,Approved - First Pass,2025-08-22 20:41:52.368,—,Elena Santos
LOTE-M-SOP-013-3781,WO-4273,2025-08-22,shift 3,ISBM-005,M-SOP-013,FR-013-PET-500,12922,M,315,0,0,4,4,Conforming,Approved,Approved,Approved - First Pass,2025-08-23 18:34:54.848,—,Beatriz Costa
LOTE-M-SOP-023-3782,WO-4275,2025-08-24,Shift 2,ISBM-005,M-SOP-023,FR-023-HDPE-1000,3289,L,200,0,2,4,6,Conforming,Approved,Approved,Approved - First Pass,2025-08-25 15:50:43.725,—,Diogo Ferreira
LOTE-M-SOP-027-3783,WO-4278,2025-08-26,Shift 1,ISBM-005,M-SOP-027,FR-027-HDPE-5000,2303,L,200,0,6,4,10,Conforming,Approved,Approved,Approved - First Pass,2025-08-27 19:39:53.503,—,Beatriz Costa
LOTE-M-SOP-023-3784,WO-4280,2025-08-27,  Shift 2  ,ISBM-005,M-SOP-023,FR-023-HDPE-1000,6524,L,200,0,1,6,7,Conforming,Approved,Approved,Approved - First Pass,2025-08-28 18:07:13.207,—,Elena Santos
LOTE-M-SOP-010-3785,WO-4281,2025-08-28,Shift 1,ISBM-005,M-SOP-010,FR-010-PET-400,7252,L,200,0,4,5,9,Conforming,Approved,Approved,Approved - First Pass,2025-08-29 13:56:41.663,—,Beatriz Costa
LOTE-M-SOP-013-3786,WO-4283,2025-08-30,Shift 3,ISBM-005,M-SOP-013,FR-013-HDPE-500,16834,M,315,0,1,2,3,Conforming,Approved,Approved,Approved - First Pass,2025-08-31 15:43:50.945,—,Elena Santos
LOTE-M-SOP-027-3787,WO-4284,2025-08-31,SHIFT 3,ISBM-005,M-SOP-027,FR-027-HDPE-5000,907,L,200,0,2,1,3,Conforming,Approved,Approved,Approved - First Pass,2025-09-01 08:05:23.148,—,Carlos Mendes
LOTE-M-SOP-027-3788,WO-4285,2025-09-01,Shift 3,ISBM-005,M-SOP-027,FR-027-HDPE-5000,876,L,200,0,3,3,6,Conforming,Approved,Approved,Approved - First Pass,2025-09-01 15:13:42.527,—,Elena Santos
LOTE-M-SOP-027-3789,WO-4287,2025-09-02,Shift 3,ISBM-005,M-SOP-027,FR-027-HDPE-5000,1691,L,200,0,0,8,8,Conforming,Approved,Approved,Approved - First Pass,2025-09-03 09:54:58.856,—,Beatriz Costa
LOTE-M-SOP-023-3790,WO-4288,2025-09-03,Shift 1,ISBM-005,M-SOP-023,FR-023-HDPE-1000,3085,L,200,0,0,6,6,Conforming,Approved,Approved,Approved - First Pass,2025-09-04 10:58:24.319,—,Carlos Mendes
LOTE-M-SOP-027-3791,WO-4290,2025-09-04,Shift 1,ISBM-005,M-SOP-027,FR-027-HDPE-5000,2026,L,200,0,2,11,13,Conforming,Approved,Approved,Approved - First Pass,2025-09-05 21:12:42.527,—,Ana Silva
LOTE-M-SOP-023-3792,WO-4291,2025-09-05,SHIFT 3,ISBM-005,M-SOP-023,FR-023-rPET-1000,4572,L,200,0,2,2,4,Conforming,Approved,Approved,Approved - First Pass,2025-09-06 02:09:39.820,—,Ana Silva
LOTE-M-SOP-010-3793,WO-4293,2025-09-06,Shift 3,ISBM-005,M-SOP-010,FR-010-PET-400,17418,M,315,0,0,5,5,Conforming,Approved,Approved,Approved - First Pass,2025-09-07 22:24:28.833,—,Carlos Mendes
LOTE-M-SOP-013-3794,WO-4295,2025-09-08,Shift 1,ISBM-005,M-SOP-013,FR-013-rPET-500,14962,M,315,0,2,5,7,Conforming,Approved,Approved,Approved - First Pass,2025-09-09 23:36:58.465,—,Beatriz Costa
LOTE-M-SOP-027-3795,WO-4296,2025-09-09,Shift 1,ISBM-005,M-SOP-027,FR-027-HDPE-5000,798,L,200,0,1,3,4,Conforming,Approved,Approved,Approved - First Pass,2025-09-10 05:48:16.832,—,Elena Santos
LOTE-M-SOP-013-3796,WO-4297,2025-09-09,Shift 2,ISBM-005,M-SOP-013,FR-013-PP-500,3277,L,200,0,7,10,17,Conforming,Approved,Approved,Approved - First Pass,2025-09-11 04:17:05.778,—,Carlos Mendes
LOTE-M-SOP-027-3797,WO-4299,2025-09-11,Shift 1,ISBM-005,M-SOP-027,FR-027-HDPE-5000,1506,L,200,0,3,19,22,Conforming,Approved,Approved,Approved - First Pass,2025-09-12 15:23:47.573,—,Beatriz Costa
LOTE-M-SOP-010-3798,WO-4300,2025-09-12,Shift 1,ISBM-005,M-SOP-010,FR-010-PET-400,11024,M,315,0,2,5,7,Conforming,Approved,Approved,Approved - First Pass,2025-09-13 22:44:43.855,—,Beatriz Costa
LOTE-M-SOP-027-3799,WO-4303,2025-09-14,Shift 1,ISBM-005,M-SOP-027,FR-027-HDPE-5000,2027,L,200,0,5,10,15,Conforming,Approved,Approved,Approved - First Pass,2025-09-15 02:08:10.941,—,Diogo Ferreira
LOTE-M-SOP-027-3800,WO-4305,2025-09-15,Shift 2,ISBM-005,M-SOP-027,FR-027-HDPE-5000,2461,L,200,0,2,4,6,Conforming,Approved,Approved,Approved - First Pass,2025-09-17 06:51:28.248,—,Diogo Ferreira
LOTE-M-SOP-023-3801,WO-4308,2025-09-18,Shift 3,ISBM-005,M-SOP-023,FR-023-HDPE-1000,9041,L,200,0,5,14,19,Conforming,Approved,Approved,Approved - First Pass,2025-09-19 07:44:12.851,—,Beatriz Costa
LOTE-M-SOP-023-3802,WO-4309,2025-09-18,Shift 2,ISBM-005,M-SOP-023,FR-023-rPET-1000,2316,L,200,0,0,12,12,Conforming,Approved,Approved,Approved - First Pass,2025-09-19 17:43:13.929,—,Ana Silva
LOTE-M-SOP-027-3803,WO-4311,2025-09-19,  Shift 2  ,ISBM-005,M-SOP-027,FR-027-HDPE-5000,2010,L,200,0,0,6,6,Conforming,Approved,Approved,Approved - First Pass,2025-09-21 05:54:57.020,—,Carlos Mendes
LOTE-M-SOP-023-3804,WO-4312,2025-09-20,Shift 2,ISBM-005,M-SOP-023,FR-023-HDPE-1000,5430,L,200,0,2,3,5,Conforming,Approved,Approved,Approved - First Pass,2025-09-21 19:48:02.719,—,Beatriz Costa
LOTE-M-SOP-023-3805,WO-4315,2025-09-22,  Shift 3  ,ISBM-005,M-SOP-023,FR-023-rPET-1000,10180,M,315,0,7,8,15,Conforming,Approved,Approved,Approved - First Pass,2025-09-24 08:32:42.956,—,Ana Silva
LOTE-M-SOP-023-3806,WO-4318,2025-09-24,Shift 2,ISBM-005,M-SOP-023,FR-023-rPET-1000,8789,L,200,0,7,14,21,Conforming,Approved,Approved,Approved - First Pass,2025-09-26 04:34:00.608,—,Diogo Ferreira
LOTE-M-SOP-027-3807,WO-4321,2025-09-26,Shift 2,ISBM-005,M-SOP-027,FR-027-HDPE-5000,3053,L,200,1,4,10,15,Conforming,Rejected,Rejected,Rejected - Scrapped,2025-09-28 00:15:37.153,Leakage:1(Re=1),Elena Santos
LOTE-M-SOP-027-3808,WO-4322,2025-09-27,Shift 2,ISBM-005,M-SOP-027,FR-027-HDPE-5000,1232,L,200,0,1,11,12,Conforming,Approved,Approved,Approved - First Pass,2025-09-28 22:04:45.044,—,Ana Silva
LOTE-M-SOP-023-3809,WO-4323,2025-09-28,Shift 1,ISBM-005,M-SOP-023,FR-023-rPET-1000,4553,L,200,0,0,1,1,Conforming,Approved,Approved,Approved - First Pass,2025-09-29 09:22:50.057,—,Beatriz Costa
LOTE-M-SOP-027-3810,WO-4325,2025-09-29,Shift 2,ISBM-005,M-SOP-027,FR-027-HDPE-5000,1779,L,200,0,3,5,8,Conforming,Approved,Approved,Approved - First Pass,2025-09-30 18:37:09.675,—,Ana Silva
LOTE-M-SOP-027-3811,WO-4326,2025-09-30,Shift 1,ISBM-005,M-SOP-027,FR-027-HDPE-5000,759,L,200,0,3,6,9,Conforming,Approved,Approved,Approved - First Pass,2025-10-01 06:19:44.786,—,Diogo Ferreira
LOTE-M-SOP-027-3812,WO-4327,2025-09-30,Shift 2,ISBM-005,M-SOP-027,FR-027-HDPE-5000,1323,L,200,0,2,5,7,Conforming,Approved,Approved,Approved - First Pass,2025-10-01 17:59:57.925,—,Diogo Ferreira
LOTE-M-SOP-027-3813,WO-4330,2025-10-03,Shift 3,ISBM-005,M-SOP-027,FR-027-HDPE-5000,3712,L,200,0,1,4,5,Conforming,Approved,Approved,Approved - First Pass,2025-10-04 10:24:53.535,—,Beatriz Costa
LOTE-M-SOP-013-3814,WO-4333,2025-10-05,Shift 3,ISBM-005,M-SOP-013,FR-013-PP-PCR-500,15126,M,315,1,2,11,14,Conforming,Rejected,Rejected,Rejected - Scrapped,2025-10-06 05:08:57.253,Leakage:1(Re=1),Beatriz Costa
LOTE-M-SOP-027-3815,WO-4335,2025-10-06,Shift 1,ISBM-005,M-SOP-027,FR-027-HDPE-5000,2762,L,200,0,0,12,12,Conforming,Approved,Approved,Approved - First Pass,2025-10-08 01:25:34.647,—,Diogo Ferreira
LOTE-M-SOP-010-3816,WO-4337,2025-10-07,SHIFT 2,ISBM-005,M-SOP-010,FR-010-PET-400,10931,M,315,0,3,4,7,Conforming,Approved,Approved,Approved - First Pass,2025-10-08 13:45:22.275,—,Beatriz Costa
LOTE-M-SOP-023-3817,WO-4340,2025-10-09,Shift 2,ISBM-005,M-SOP-023,FR-023-HDPE-1000,8197,L,200,0,7,18,25,Conforming,Approved,Approved,Approved - First Pass,2025-10-10 09:19:47.440,—,Ana Silva
LOTE-M-SOP-023-3818,WO-4342,2025-10-10,Shift 3,ISBM-005,M-SOP-023,FR-023-HDPE-1000,7710,L,200,0,1,3,4,Conforming,Approved,Approved,Approved - First Pass,2025-10-12 04:09:57.894,—,Beatriz Costa
LOTE-M-SOP-010-3819,WO-4343,2025-10-11,Shift 2,ISBM-005,M-SOP-010,FR-010-PET-400,9994,L,200,0,0,2,2,Conforming,Approved,Approved,Approved - First Pass,2025-10-12 19:23:02.831,—,Ana Silva
LOTE-M-SOP-027-3820,WO-4345,2025-10-13,Shift 2,ISBM-005,M-SOP-027,FR-027-HDPE-5000,2554,L,200,0,3,16,19,Conforming,Approved,Approved,Approved - First Pass,2025-10-14 19:17:09.358,—,Elena Santos
LOTE-M-SOP-013-3821,WO-4347,2025-10-15,Shift 1,ISBM-005,M-SOP-013,FR-013-HDPE-500,18783,M,315,0,5,14,19,Conforming,Approved,Approved,Approved - First Pass,2025-10-16 04:52:43.756,—,Beatriz Costa
LOTE-M-SOP-023-3822,WO-4349,2025-10-17,Shift 3,ISBM-005,M-SOP-023,FR-023-rPET-1000,6084,L,200,0,2,3,5,Conforming,Approved,Approved,Approved - First Pass,2025-10-17 22:18:40.769,—,Ana Silva
LOTE-M-SOP-023-3823,WO-4352,2025-10-18,Shift 3,ISBM-005,M-SOP-023,FR-023-HDPE-1000,6284,L,200,0,3,10,13,Conforming,Approved,Approved,Approved - First Pass,2025-10-20 01:34:02.037,—,Elena Santos
LOTE-M-SOP-027-3824,WO-4353,2025-10-19,Shift 2,ISBM-005,M-SOP-027,FR-027-HDPE-5000,1060,L,200,0,0,4,4,Conforming,Approved,Approved,Approved - First Pass,2025-10-20 21:35:13.783,—,Ana Silva
LOTE-M-SOP-010-3825,WO-4355,2025-10-21,Shift 1,ISBM-005,M-SOP-010,FR-010-PET-400,12210,M,315,0,2,3,5,Conforming,Approved,Approved,Approved - First Pass,2025-10-22 18:43:51.836,—,Beatriz Costa
LOTE-M-SOP-010-3826,WO-4356,2025-10-21,shift 3,ISBM-005,M-SOP-010,FR-010-PET-400,2745,L,200,1,0,7,8,Conforming,Rejected,Rejected,Rejected - Scrapped,2025-10-22 16:59:17.817,Leakage:1(Re=1),Elena Santos
LOTE-M-SOP-027-3827,WO-4358,2025-10-23,Shift 3,ISBM-005,M-SOP-027,FR-027-HDPE-5000,471,L,200,0,0,16,16,Conforming,Approved,Approved,Approved - First Pass,2025-10-23 22:30:33.350,—,Carlos Mendes
LOTE-M-SOP-023-3828,WO-4359,2025-10-23,Shift 2,ISBM-005,M-SOP-023,FR-023-HDPE-1000,2465,L,200,0,2,4,6,Conforming,Approved,Approved,Approved - First Pass,2025-10-24 10:39:54.239,—,Diogo Ferreira
LOTE-M-SOP-010-3829,WO-4360,2025-10-24,Shift 1,ISBM-005,M-SOP-010,FR-010-PET-400,11310,M,315,0,1,4,5,Conforming,Approved,Approved,Approved - First Pass,2025-10-25 17:16:48.928,—,Elena Santos
LOTE-M-SOP-010-3830,WO-4361,2025-10-25,Shift 3,ISBM-005,M-SOP-010,FR-010-PET-400,4943,L,200,0,0,3,3,Conforming,Approved,Approved,Approved - First Pass,2025-10-26 15:41:38.059,—,Beatriz Costa
LOTE-M-SOP-027-3831,WO-4362,2025-10-26,Shift 3,ISBM-005,M-SOP-027,FR-027-HDPE-5000,688,L,200,0,2,4,6,Conforming,Approved,Approved,Approved - First Pass,2025-10-27 03:49:59.457,—,Beatriz Costa
LOTE-M-SOP-027-3832,WO-4363,2025-10-27,Shift 3,ISBM-005,M-SOP-027,FR-027-HDPE-5000,709,L,200,0,0,7,7,Conforming,Approved,Approved,Approved - First Pass,2025-10-28 03:42:45.859,—,Elena Santos
LOTE-M-SOP-023-3833,WO-4365,2025-10-28,Shift 1,ISBM-005,M-SOP-023,FR-023-HDPE-1000,6853,L,200,0,1,5,6,Conforming,Approved,Approved,Approved - First Pass,2025-10-29 11:22:09.405,—,Beatriz Costa
LOTE-M-SOP-013-3834,WO-4367,2025-10-30,Shift 1,ISBM-005,M-SOP-013,FR-013-HDPE-500,8011,L,200,0,6,3,9,Conforming,Approved,Approved,Approved - First Pass,2025-10-31 03:48:10.784,—,Elena Santos
LOTE-M-SOP-013-3835,WO-4368,2025-10-30,Shift 2,ISBM-005,M-SOP-013,FR-013-PP-500,10719,M,315,0,0,3,3,Conforming,Approved,Approved,Approved - First Pass,2025-11-01 11:50:06.030,—,Beatriz Costa
LOTE-M-SOP-023-3836,WO-4369,2025-10-31,Shift 2,ISBM-005,M-SOP-023,FR-023-rPET-1000,2018,L,200,0,4,7,11,Conforming,Approved,Approved,Approved - First Pass,2025-11-01 12:50:01.201,—,Carlos Mendes
LOTE-M-SOP-013-3837,WO-4372,2025-11-03,Shift 3,ISBM-005,M-SOP-013,FR-013-PET-500,15715,M,315,0,1,20,21,Conforming,Approved,Approved,Approved - First Pass,2025-11-04 14:25:50.521,—,Elena Santos
LOTE-M-SOP-023-3838,WO-4374,2025-11-04,Shift 2,ISBM-005,M-SOP-023,FR-023-HDPE-1000,4907,L,200,0,4,6,10,Conforming,Approved,Approved,Approved - First Pass,2025-11-05 22:48:45.737,—,Carlos Mendes
LOTE-M-SOP-023-3839,WO-4377,2025-11-07,Shift 3,ISBM-005,M-SOP-023,FR-023-rPET-1000,9189,L,200,0,2,6,8,Conforming,Approved,Approved,Approved - First Pass,2025-11-07 22:45:39.298,—,Elena Santos
LOTE-M-SOP-027-3840,WO-4378,2025-11-07,shift 2,ISBM-005,M-SOP-027,FR-027-HDPE-5000,1423,L,200,0,1,6,7,Conforming,Approved,Approved,Approved - First Pass,2025-11-08 18:02:40.690,—,Diogo Ferreira
LOTE-M-SOP-013-3841,WO-4380,2025-11-09,Shift 1,ISBM-005,M-SOP-013,FR-013-PP-PCR-500,13671,M,315,0,2,6,8,Conforming,Approved,Approved,Approved - First Pass,2025-11-10 16:23:29.020,—,Beatriz Costa
LOTE-M-SOP-027-3842,WO-4382,2025-11-10,Shift 2,ISBM-005,M-SOP-027,FR-027-HDPE-5000,1547,L,200,0,2,15,17,Conforming,Approved,Approved,Approved - First Pass,2025-11-11 12:08:26.928,—,Beatriz Costa
LOTE-M-SOP-013-3843,WO-4384,2025-11-12,Shift 3,ISBM-005,M-SOP-013,FR-013-PP-500,12968,M,315,0,4,15,19,Conforming,Approved,Approved,Approved - First Pass,2025-11-12 17:22:52.857,—,Ana Silva
LOTE-M-SOP-010-3844,WO-4386,2025-11-13,Shift 1,ISBM-005,M-SOP-010,FR-010-PET-400,17365,M,315,0,1,7,8,Conforming,Approved,Approved,Approved - First Pass,2025-11-14 01:54:20.118,—,Diogo Ferreira
LOTE-M-SOP-023-3845,WO-4389,2025-11-15,Shift 1,ISBM-005,M-SOP-023,FR-023-HDPE-1000,9359,L,200,0,7,5,12,Conforming,Approved,Approved,Approved - First Pass,2025-11-16 11:34:11.566,—,Ana Silva
LOTE-M-SOP-023-3846,WO-4390,2025-11-15,Shift 3,ISBM-005,M-SOP-023,FR-023-HDPE-1000,1782,L,200,0,0,4,4,Conforming,Approved,Approved,Approved - First Pass,2025-11-17 05:35:03.059,—,Diogo Ferreira
LOTE-M-SOP-010-3847,WO-4393,2025-11-17,Shift 2,ISBM-005,M-SOP-010,FR-010-PET-400,20171,M,315,1,10,8,19,Conforming,Rejected,Rejected,Rejected - Scrapped,2025-11-18 19:44:56.929,Leakage:1(Re=1),Elena Santos
LOTE-M-SOP-027-3848,WO-4395,2025-11-19,Shift 3,ISBM-005,M-SOP-027,FR-027-HDPE-5000,1427,L,200,0,0,13,13,Conforming,Approved,Approved,Approved - First Pass,2025-11-20 10:37:58.893,—,Diogo Ferreira
LOTE-M-SOP-023-3849,WO-4396,2025-11-19,Shift 2,ISBM-005,M-SOP-023,FR-023-rPET-1000,3080,L,200,0,1,1,2,Conforming,Approved,Approved,Approved - First Pass,2025-11-20 22:27:19.962,—,Diogo Ferreira
LOTE-M-SOP-023-3850,WO-4397,2025-11-20,Shift 1,ISBM-005,M-SOP-023,FR-023-rPET-1000,4552,L,200,0,0,2,2,Conforming,Approved,Approved,Approved - First Pass,2025-11-21 20:24:23.483,—,Ana Silva
LOTE-M-SOP-013-3851,WO-4398,2025-11-21,Shift 1,ISBM-005,M-SOP-013,FR-013-PET-500,3614,L,200,0,2,0,2,Conforming,Approved,Approved,Approved - First Pass,2025-11-22 03:31:16.324,—,Diogo Ferreira
LOTE-M-SOP-023-3852,WO-4399,2025-11-22,Shift 3,ISBM-005,M-SOP-023,FR-023-rPET-1000,3654,L,200,0,0,5,5,Conforming,Approved,Approved,Approved - First Pass,2025-11-22 22:59:42.705,—,Diogo Ferreira
LOTE-M-SOP-027-3853,WO-4401,2025-11-23,Shift 1,ISBM-005,M-SOP-027,FR-027-HDPE-5000,2222,L,200,0,3,5,8,Conforming,Approved,Approved,Approved - First Pass,2025-11-24 16:19:11.608,—,Ana Silva
LOTE-M-SOP-023-3854,WO-4404,2025-11-25,Shift 2,ISBM-005,M-SOP-023,FR-023-rPET-1000,9613,L,200,0,5,11,16,Conforming,Approved,Approved,Approved - First Pass,2025-11-27 03:29:41.981,—,Diogo Ferreira
LOTE-M-SOP-013-3855,WO-4406,2025-11-27,Shift 2,ISBM-005,M-SOP-013,FR-013-rPET-500,16693,M,315,0,5,4,9,Conforming,Approved,Approved,Approved - First Pass,2025-11-28 13:14:55.389,—,Beatriz Costa
LOTE-M-SOP-023-3856,WO-4407,2025-11-28,Shift 1,ISBM-005,M-SOP-023,FR-023-HDPE-1000,2515,L,200,0,1,6,7,Conforming,Approved,Approved,Approved - First Pass,2025-11-29 22:49:47.518,—,Diogo Ferreira
LOTE-M-SOP-013-3857,WO-4409,2025-11-29,Shift 2,ISBM-005,M-SOP-013,FR-013-PP-500,12904,M,315,0,2,9,11,Conforming,Approved,Approved,Approved - First Pass,2025-11-30 14:41:54.196,—,Elena Santos
LOTE-M-SOP-027-3858,WO-4411,2025-12-01,  Shift 3  ,ISBM-005,M-SOP-027,FR-027-HDPE-5000,1511,L,200,0,1,7,8,Conforming,Approved,Approved,Approved - First Pass,2025-12-01 13:23:40.622,—,Beatriz Costa
LOTE-M-SOP-023-3859,WO-4412,2025-12-01,Shift 1,ISBM-005,M-SOP-023,FR-023-rPET-1000,3221,L,200,0,1,2,3,Conforming,Approved,Approved,Approved - First Pass,2025-12-02 11:56:34.861,—,Ana Silva
LOTE-M-SOP-013-3860,WO-4414,2025-12-02,Shift 3,ISBM-005,M-SOP-013,FR-013-HDPE-500,14552,M,315,0,0,9,9,Conforming,Approved,Approved,Approved - First Pass,2025-12-04 07:57:27.944,—,Elena Santos
LOTE-M-SOP-013-3861,WO-4415,2025-12-03,Shift 2,ISBM-005,M-SOP-013,FR-013-PVC-500,5934,L,200,0,0,7,7,Conforming,Approved,Approved,Approved - First Pass,2025-12-04 18:50:48.847,—,Diogo Ferreira
LOTE-M-SOP-013-3862,WO-4418,2025-12-05,  Shift 1  ,ISBM-005,M-SOP-013,FR-013-MDPE-500,14609,M,315,0,2,8,10,Conforming,Approved,Approved,Approved - First Pass,2025-12-06 15:26:21.720,—,Ana Silva
LOTE-M-SOP-010-3863,WO-4419,2025-12-06,Shift 3,ISBM-005,M-SOP-010,FR-010-PET-400,6764,L,200,0,0,4,4,Conforming,Approved,Approved,Approved - First Pass,2025-12-07 14:18:53.313,—,Carlos Mendes
LOTE-M-SOP-013-3864,WO-4421,2025-12-07,Shift 2,ISBM-005,M-SOP-013,FR-013-PP-500,8945,L,200,0,1,5,6,Conforming,Approved,Approved,Approved - First Pass,2025-12-08 19:07:08.003,—,Carlos Mendes
LOTE-M-SOP-013-3865,WO-4422,2025-12-08,Shift 1,ISBM-005,M-SOP-013,FR-013-PP-500,7011,L,200,0,0,4,4,Conforming,Approved,Approved,Approved - First Pass,2025-12-09 07:48:19.114,—,Ana Silva
LOTE-M-SOP-010-3866,WO-4424,2025-12-10,Shift 3,ISBM-005,M-SOP-010,FR-010-PET-400,18168,M,315,0,7,17,24,Conforming,Approved,Approved,Approved - First Pass,2025-12-11 11:33:26.302,—,Ana Silva
LOTE-M-SOP-010-3867,WO-4426,2025-12-11,Shift 2,ISBM-005,M-SOP-010,FR-010-PET-400,12726,M,315,0,1,8,9,Conforming,Approved,Approved,Approved - First Pass,2025-12-13 01:29:47.708,—,Beatriz Costa
LOTE-M-SOP-023-3868,WO-4427,2025-12-12,Shift 2,ISBM-005,M-SOP-023,FR-023-rPET-1000,5085,L,200,0,2,3,5,Conforming,Approved,Approved,Approved - First Pass,2025-12-14 06:18:49.091,—,Carlos Mendes
LOTE-M-SOP-027-3869,WO-4428,2025-12-13,Shift 2,ISBM-005,M-SOP-027,FR-027-HDPE-5000,1355,L,200,0,0,5,5,Conforming,Approved,Approved,Approved - First Pass,2025-12-15 06:38:32.249,—,Elena Santos
LOTE-M-SOP-027-3870,WO-4430,2025-12-15,Shift 1,ISBM-005,M-SOP-027,FR-027-HDPE-5000,2103,L,200,0,1,10,11,Conforming,Approved,Approved,Approved - First Pass,2025-12-16 17:30:53.067,—,Carlos Mendes
LOTE-M-SOP-023-3871,WO-4431,2025-12-16,Shift 3,ISBM-005,M-SOP-023,FR-023-rPET-1000,4033,L,200,0,0,4,4,Conforming,Approved,Approved,Approved - First Pass,2025-12-17 11:56:12.088,—,Carlos Mendes
LOTE-M-SOP-010-3872,WO-4433,2025-12-17,Shift 2,ISBM-005,M-SOP-010,FR-010-PET-400,13454,M,315,0,0,6,6,Conforming,Approved,Approved,Approved - First Pass,2025-12-18 21:40:06.508,—,Diogo Ferreira
LOTE-M-SOP-027-3873,WO-4435,2025-12-19,Shift 2,ISBM-005,M-SOP-027,FR-027-HDPE-5000,1630,L,200,0,2,9,11,Conforming,Approved,Approved,Approved - First Pass,2025-12-21 07:29:43.602,—,Elena Santos
LOTE-M-SOP-023-3874,WO-4437,2025-12-21,Shift 1,ISBM-005,M-SOP-023,FR-023-rPET-1000,10582,M,315,1,1,10,12,Conforming,Rejected,Rejected,Rejected - Scrapped,2025-12-22 18:23:11.151,Leakage:1(Re=1),Beatriz Costa
LOTE-M-SOP-010-3875,WO-4438,2025-12-22,Shift 3,ISBM-005,M-SOP-010,FR-010-PET-400,7979,L,200,0,0,8,8,Conforming,Approved,Approved,Approved - First Pass,2025-12-23 09:31:11.145,—,Diogo Ferreira
LOTE-M-SOP-013-3876,WO-4440,2025-12-23,Shift 3,ISBM-005,M-SOP-013,FR-013-PVC-500,10031,M,315,0,3,10,13,Conforming,Approved,Approved,Approved - First Pass,2025-12-24 17:17:21.770,—,Diogo Ferreira
LOTE-M-SOP-023-3877,WO-4441,2025-12-24,Shift 2,ISBM-005,M-SOP-023,FR-023-rPET-1000,2193,L,200,0,2,6,8,Conforming,Approved,Approved,Approved - First Pass,2025-12-25 14:51:10.229,—,Carlos Mendes
LOTE-M-SOP-013-3878,WO-4443,2025-12-25,Shift 1,ISBM-005,M-SOP-013,FR-013-PVC-500,10999,M,315,0,4,6,10,Conforming,Approved,Approved,Approved - First Pass,2025-12-26 17:45:23.346,—,Elena Santos
LOTE-M-SOP-013-3879,WO-4445,2025-12-26,Shift 3,ISBM-005,M-SOP-013,FR-013-PET-500,11618,M,315,0,2,6,8,Conforming,Approved,Approved,Approved - First Pass,2025-12-28 11:55:28.836,—,Ana Silva
LOTE-M-SOP-027-3880,WO-4448,2025-12-28,Shift 3,ISBM-005,M-SOP-027,FR-027-HDPE-5000,2369,L,200,0,4,3,7,Conforming,Approved,Approved,Approved - First Pass,2025-12-29 23:13:14.755,—,Beatriz Costa
LOTE-M-SOP-027-3881,WO-4449,2025-12-29,Shift 1,ISBM-005,M-SOP-027,FR-027-HDPE-5000,807,L,200,0,1,1,2,Conforming,Approved,Approved,Approved - First Pass,2025-12-30 14:10:28.140,—,Elena Santos
LOTE-M-SOP-023-3882,WO-4450,2025-12-30,Shift 3,ISBM-005,M-SOP-023,FR-023-rPET-1000,1167,L,200,0,2,2,4,Conforming,Approved,Approved,Approved - First Pass,2025-12-31 02:03:53.983,—,Carlos Mendes
LOTE-M-SOP-010-3883,WO-4451,2025-12-30,Shift 2,ISBM-005,M-SOP-010,FR-010-PET-400,5956,L,200,0,3,2,5,Conforming,Approved,Approved,Approved - First Pass,2025-12-31 09:12:21.863,—,Ana Silva
LOTE-M-SOP-023-3884,WO-4452,2025-12-31,Shift 1,ISBM-005,M-SOP-023,FR-023-rPET-1000,4202,L,200,0,2,4,6,Conforming,Approved,Approved,Approved - First Pass,2026-01-02 00:31:07.043,—,Ana Silva
LOTE-M-SOP-010-3885,WO-4454,2026-01-02,Shift 3,ISBM-005,M-SOP-010,FR-010-PET-400,17070,M,315,0,3,10,13,Conforming,Approved,Approved,Approved - First Pass,2026-01-03 14:53:40.330,—,Ana Silva
LOTE-M-SOP-013-3886,WO-4455,2026-01-03,Shift 3,ISBM-005,M-SOP-013,FR-013-HDPE-500,2352,L,200,0,2,3,5,Conforming,Approved,Approved,Approved - First Pass,2026-01-04 06:53:54.741,—,Carlos Mendes
LOTE-M-SOP-023-3887,WO-4458,2026-01-05,Shift 3,ISBM-005,M-SOP-023,FR-023-rPET-1000,11575,M,315,0,7,6,13,Conforming,Approved,Approved,Approved - First Pass,2026-01-05 23:57:02.399,—,Elena Santos
LOTE-M-SOP-027-3888,WO-4459,2026-01-05,Shift 2,ISBM-005,M-SOP-027,FR-027-HDPE-5000,961,L,200,0,2,2,4,Conforming,Approved,Approved,Approved - First Pass,2026-01-07 02:42:58.449,—,Diogo Ferreira
LOTE-M-SOP-013-3889,WO-4461,2026-01-07,Shift 2,ISBM-005,M-SOP-013,FR-013-HDPE-PCR-500,16293,M,315,0,4,12,16,Conforming,Approved,Approved,Approved - First Pass,2026-01-08 18:19:40.124,—,Ana Silva
LOTE-M-SOP-013-3890,WO-4463,2026-01-09,Shift 1,ISBM-005,M-SOP-013,FR-013-PVC-500,10069,M,315,1,2,4,7,Conforming,Rejected,Rejected,Rejected - Scrapped,2026-01-10 09:16:05.720,Leakage:1(Re=1),Carlos Mendes
LOTE-M-SOP-010-3891,WO-4465,2026-01-10,Shift 2,ISBM-005,M-SOP-010,FR-010-PET-400,13607,M,315,0,5,9,14,Conforming,Approved,Approved,Approved - First Pass,2026-01-11 15:25:02.431,—,Carlos Mendes
LOTE-M-SOP-027-3892,WO-4466,2026-01-11,shift 1,ISBM-005,M-SOP-027,FR-027-HDPE-5000,1434,L,200,1,0,0,1,Conforming,Rejected,Rejected,Rejected - Scrapped,2026-01-12 08:11:08.594,Leakage:1(Re=1),Carlos Mendes
LOTE-M-SOP-027-3893,WO-4467,2026-01-12,SHIFT 3,ISBM-005,M-SOP-027,FR-027-HDPE-5000,731,L,200,0,2,1,3,Conforming,Approved,Approved,Approved - First Pass,2026-01-13 13:25:45.650,—,Diogo Ferreira
LOTE-M-SOP-023-3894,WO-4468,2026-01-13,Shift 3,ISBM-005,M-SOP-023,FR-023-HDPE-1000,5610,L,200,0,2,4,6,Conforming,Approved,Approved,Approved - First Pass,2026-01-14 16:51:15.795,—,Beatriz Costa
LOTE-M-SOP-023-3895,WO-4470,2026-01-14,SHIFT 2,ISBM-005,M-SOP-023,FR-023-HDPE-1000,5879,L,200,0,6,3,9,Conforming,Approved,Approved,Approved - First Pass,2026-01-15 11:52:50.342,—,Carlos Mendes
LOTE-M-SOP-023-3896,WO-4473,2026-01-16,Shift 2,ISBM-005,M-SOP-023,FR-023-HDPE-1000,9368,L,200,0,5,8,13,Conforming,Approved,Approved,Approved - First Pass,2026-01-18 00:18:08.434,—,Elena Santos
LOTE-M-SOP-010-3897,WO-4475,2026-01-18,Shift 1,ISBM-005,M-SOP-010,FR-010-PET-400,17609,M,315,0,3,2,5,Conforming,Approved,Approved,Approved - First Pass,2026-01-19 04:55:54.058,—,Elena Santos
LOTE-M-SOP-027-3898,WO-4476,2026-01-19,shift 3,ISBM-005,M-SOP-027,FR-027-HDPE-5000,1329,L,200,0,1,2,3,Conforming,Approved,Approved,Approved - First Pass,2026-01-20 13:31:35.052,—,Ana Silva
LOTE-M-SOP-023-3899,WO-4477,2026-01-19,Shift 2,ISBM-005,M-SOP-023,FR-023-HDPE-1000,1515,L,200,0,5,0,5,Conforming,Approved,Approved,Approved - First Pass,2026-01-21 08:23:33.929,—,Diogo Ferreira
LOTE-M-SOP-013-3900,WO-4479,2026-01-21,Shift 3,ISBM-005,M-SOP-013,FR-013-rPET-500,12362,M,315,0,2,14,16,Conforming,Approved,Approved,Approved - First Pass,2026-01-22 12:06:49.881,—,Beatriz Costa
LOTE-M-SOP-027-3901,WO-4481,2026-01-22,Shift 2,ISBM-005,M-SOP-027,FR-027-HDPE-5000,2372,L,200,0,0,3,3,Conforming,Approved,Approved,Approved - First Pass,2026-01-23 21:10:55.055,—,Diogo Ferreira
LOTE-M-SOP-027-3902,WO-4482,2026-01-23,Shift 1,ISBM-005,M-SOP-027,FR-027-HDPE-5000,1266,L,200,0,1,5,6,Conforming,Approved,Approved,Approved - First Pass,2026-01-24 07:08:41.039,—,Carlos Mendes
LOTE-M-SOP-013-3903,WO-4483,2026-01-24,Shift 1,ISBM-005,M-SOP-013,FR-013-LDPE-500,9715,L,200,0,0,2,2,Conforming,Approved,Approved,Approved - First Pass,2026-01-25 09:15:51.992,—,Ana Silva
LOTE-M-SOP-027-3904,WO-4486,2026-01-26,Shift 3,ISBM-005,M-SOP-027,FR-027-HDPE-5000,3008,L,200,0,5,16,21,Conforming,Approved,Approved,Approved - First Pass,2026-01-27 02:24:18.195,—,Ana Silva
LOTE-M-SOP-027-3905,WO-4488,2026-01-27,Shift 1,ISBM-005,M-SOP-027,FR-027-HDPE-5000,1656,L,200,0,3,5,8,Conforming,Approved,Approved,Approved - First Pass,2026-01-28 10:04:30.397,—,Elena Santos
LOTE-M-SOP-013-3906,WO-4491,2026-01-29,Shift 1,ISBM-005,M-SOP-013,FR-013-PVC-500,23711,M,315,0,8,15,23,Conforming,Approved,Approved,Approved - First Pass,2026-01-30 08:49:39.807,—,Elena Santos
LOTE-M-SOP-023-3907,WO-4494,2026-01-31,Shift 2,ISBM-005,M-SOP-023,FR-023-rPET-1000,13216,M,315,1,5,9,15,Conforming,Rejected,Rejected,Rejected - Scrapped,2026-02-02 05:16:30.292,Leakage:1(Re=1),Diogo Ferreira
LOTE-M-SOP-027-3908,WO-4496,2026-02-02,Shift 1,ISBM-005,M-SOP-027,FR-027-HDPE-5000,1685,L,200,0,1,14,15,Conforming,Approved,Approved,Approved - First Pass,2026-02-03 12:55:37.593,—,Ana Silva
LOTE-M-SOP-023-3909,WO-4498,2026-02-03,Shift 2,ISBM-005,M-SOP-023,FR-023-rPET-1000,5151,L,200,1,6,8,15,Conforming,Rejected,Rejected,Rejected - Scrapped,2026-02-05 00:21:01.576,Leakage:1(Re=1),Elena Santos
LOTE-M-SOP-013-3910,WO-4500,2026-02-05,Shift 1,ISBM-005,M-SOP-013,FR-013-HDPE-PCR-500,14922,M,315,0,2,1,3,Conforming,Approved,Approved,Approved - First Pass,2026-02-06 12:56:55.469,—,Ana Silva
LOTE-M-SOP-027-3911,WO-4502,2026-02-06,Shift 3,ISBM-005,M-SOP-027,FR-027-HDPE-5000,2920,L,200,0,0,4,4,Conforming,Approved,Approved,Approved - First Pass,2026-02-07 15:40:10.324,—,Diogo Ferreira
LOTE-M-SOP-013-3912,WO-4505,2026-02-09,Shift 1,ISBM-005,M-SOP-013,FR-013-PET-500,31430,M,315,1,3,14,18,Conforming,Rejected,Rejected,Rejected - Scrapped,2026-02-10 19:46:05.265,Leakage:1(Re=1),Carlos Mendes
LOTE-M-SOP-010-3913,WO-4507,2026-02-11,  Shift 3  ,ISBM-005,M-SOP-010,FR-010-PET-400,15116,M,315,0,1,2,3,Conforming,Approved,Approved,Approved - First Pass,2026-02-12 04:12:38.960,—,Carlos Mendes
LOTE-M-SOP-023-3914,WO-4508,2026-02-11,Shift 2,ISBM-005,M-SOP-023,FR-023-rPET-1000,1207,L,200,0,0,1,1,Conforming,Approved,Approved,Approved - First Pass,2026-02-12 19:10:03.407,—,Beatriz Costa
LOTE-M-SOP-010-3915,WO-4511,2026-02-14,Shift 3,ISBM-005,M-SOP-010,FR-010-PET-400,19750,M,315,0,6,5,11,Conforming,Approved,Approved,Approved - First Pass,2026-02-15 21:27:17.887,—,Beatriz Costa
LOTE-M-SOP-010-3916,WO-4513,2026-02-15,Shift 2,ISBM-005,M-SOP-010,FR-010-PET-400,16402,M,315,0,5,7,12,Conforming,Approved,Approved,Approved - First Pass,2026-02-17 00:14:50.899,—,Carlos Mendes
LOTE-M-SOP-027-3917,WO-4514,2026-02-16,Shift 1,ISBM-005,M-SOP-027,FR-027-HDPE-5000,1613,L,200,0,0,2,2,Conforming,Approved,Approved,Approved - First Pass,2026-02-17 14:20:34.724,—,Carlos Mendes
LOTE-M-SOP-010-3918,WO-4516,2026-02-18,Shift 3,ISBM-005,M-SOP-010,FR-010-PET-400,12220,M,315,1,3,11,15,Conforming,Rejected,Rejected,Rejected - Scrapped,2026-02-18 22:19:47.984,Leakage:1(Re=1),Elena Santos
LOTE-M-SOP-027-3919,WO-4517,2026-02-18,Shift 2,ISBM-005,M-SOP-027,FR-027-HDPE-5000,1359,L,200,0,1,7,8,Conforming,Approved,Approved,Approved - First Pass,2026-02-19 10:42:57.095,—,Diogo Ferreira
LOTE-M-SOP-023-3920,WO-4518,2026-02-19,Shift 1,ISBM-005,M-SOP-023,FR-023-rPET-1000,1530,L,200,0,1,3,4,Conforming,Approved,Approved,Approved - First Pass,2026-02-20 11:36:21.059,—,Ana Silva
LOTE-M-SOP-013-3921,WO-4519,2026-02-20,Shift 3,ISBM-005,M-SOP-013,FR-013-HDPE-500,5718,L,200,0,2,1,3,Conforming,Approved,Approved,Approved - First Pass,2026-02-21 04:42:08.798,—,Diogo Ferreira
LOTE-M-SOP-023-3922,WO-4521,2026-02-21,Shift 1,ISBM-005,M-SOP-023,FR-023-rPET-1000,4066,L,200,1,2,8,11,Conforming,Rejected,Rejected,Rejected - Scrapped,2026-02-22 15:21:11.964,Leakage:1(Re=1),Beatriz Costa
LOTE-M-SOP-013-3923,WO-4522,2026-02-22,Shift 3,ISBM-005,M-SOP-013,FR-013-PET-500,4943,L,200,0,2,4,6,Conforming,Approved,Approved,Approved - First Pass,2026-02-23 08:39:32.651,—,Carlos Mendes
LOTE-M-SOP-010-3924,WO-4523,2026-02-22,Shift 2,ISBM-005,M-SOP-010,FR-010-PET-400,10251,M,315,0,2,5,7,Conforming,Approved,Approved,Approved - First Pass,2026-02-24 04:53:41.128,—,Carlos Mendes
LOTE-M-SOP-027-3925,WO-4524,2026-02-23,Shift 2,ISBM-005,M-SOP-027,FR-027-HDPE-5000,734,L,200,0,0,5,5,Conforming,Approved,Approved,Approved - First Pass,2026-02-25 04:00:12.855,—,Ana Silva
LOTE-M-SOP-010-3926,WO-4526,2026-02-25,shift 3,ISBM-005,M-SOP-010,FR-010-PET-400,15563,M,315,0,4,5,9,Conforming,Approved,Approved,Approved - First Pass,2026-02-26 07:42:08.934,—,Beatriz Costa
LOTE-M-SOP-013-3927,WO-4527,2026-02-25,Shift 2,ISBM-005,M-SOP-013,FR-013-rPET-500,5862,L,200,0,0,8,8,Conforming,Approved,Approved,Approved - First Pass,2026-02-26 21:12:59.701,—,Ana Silva
LOTE-M-SOP-010-3928,WO-4528,2026-02-26,Shift 1,ISBM-005,M-SOP-010,FR-010-PET-400,4384,L,200,0,0,5,5,Conforming,Approved,Approved,Approved - First Pass,2026-02-28 01:13:36.603,—,Diogo Ferreira
LOTE-M-SOP-010-3929,WO-4529,2026-02-27,Shift 1,ISBM-005,M-SOP-010,FR-010-PET-400,1719,L,200,0,3,5,8,Conforming,Approved,Approved,Approved - First Pass,2026-02-28 01:11:18.686,—,Beatriz Costa
LOTE-M-SOP-013-3930,WO-4531,2026-02-28,Shift 1,ISBM-005,M-SOP-013,FR-013-rPET-500,15935,M,315,0,3,5,8,Conforming,Approved,Approved,Approved - First Pass,2026-03-01 20:47:30.770,—,Ana Silva
LOTE-M-SOP-010-3931,WO-4532,2026-03-01,Shift 1,ISBM-005,M-SOP-010,FR-010-PET-400,5766,L,200,0,1,10,11,Conforming,Approved,Approved,Approved - First Pass,2026-03-02 07:32:18.939,—,Ana Silva
LOTE-M-SOP-023-3932,WO-4533,2026-03-01,Shift 2,ISBM-005,M-SOP-023,FR-023-rPET-1000,2325,L,200,0,2,8,10,Conforming,Approved,Approved,Approved - First Pass,2026-03-02 17:57:57.213,—,Diogo Ferreira
LOTE-M-SOP-010-3933,WO-4534,2026-03-02,Shift 2,ISBM-005,M-SOP-010,FR-010-PET-400,9962,L,200,0,0,13,13,Conforming,Approved,Approved,Approved - First Pass,2026-03-03 16:26:28.171,—,Carlos Mendes
LOTE-M-SOP-013-3934,WO-4536,2026-03-04,Shift 3,ISBM-005,M-SOP-013,FR-013-PP-500,10868,M,315,0,5,5,10,Conforming,Approved,Approved,Approved - First Pass,2026-03-05 03:41:30.781,—,Beatriz Costa
LOTE-M-SOP-010-3935,WO-4537,2026-03-05,Shift 3,ISBM-005,M-SOP-010,FR-010-PET-400,6785,L,200,0,0,3,3,Conforming,Approved,Approved,Approved - First Pass,2026-03-06 06:21:17.743,—,Elena Santos
LOTE-M-SOP-027-3936,WO-4540,2026-03-07,Shift 3,ISBM-005,M-SOP-027,FR-027-HDPE-5000,2374,L,200,0,4,8,12,Conforming,Approved,Approved,Approved - First Pass,2026-03-08 05:10:36.709,—,Carlos Mendes
LOTE-M-SOP-023-3937,WO-4543,2026-03-09,Shift 3,ISBM-005,M-SOP-023,FR-023-rPET-1000,7665,L,200,0,4,8,12,Conforming,Approved,Approved,Approved - First Pass,2026-03-10 00:32:02.641,—,Elena Santos
LOTE-M-SOP-027-3938,WO-4544,2026-03-09,Shift 2,ISBM-005,M-SOP-027,FR-027-HDPE-5000,1740,L,200,0,0,4,4,Conforming,Approved,Approved,Approved - First Pass,2026-03-11 05:37:18.676,—,Beatriz Costa
LOTE-M-SOP-010-3939,WO-4546,2026-03-11,Shift 1,ISBM-005,M-SOP-010,FR-010-PET-400,14339,M,315,0,2,5,7,Conforming,Approved,Approved,Approved - First Pass,2026-03-12 10:35:53.106,—,Carlos Mendes
LOTE-M-SOP-027-3940,WO-4548,2026-03-12,Shift 3,ISBM-005,M-SOP-027,FR-027-HDPE-5000,2632,L,200,0,2,2,4,Conforming,Approved,Approved,Approved - First Pass,2026-03-13 23:57:25.521,—,Beatriz Costa
LOTE-M-SOP-013-3941,WO-4551,2026-03-15,Shift 3,ISBM-005,M-SOP-013,FR-013-LDPE-500,24016,M,315,0,4,5,9,Conforming,Approved,Approved,Approved - First Pass,2026-03-16 01:20:41.476,—,Diogo Ferreira
LOTE-M-SOP-013-3942,WO-4552,2026-03-15,Shift 2,ISBM-005,M-SOP-013,FR-013-PP-500,8353,L,200,0,0,8,8,Conforming,Approved,Approved,Approved - First Pass,2026-03-16 13:44:33.742,—,Diogo Ferreira
LOTE-M-SOP-013-3943,WO-4554,2026-03-17,Shift 3,ISBM-005,M-SOP-013,FR-013-HDPE-500,16872,M,315,0,2,8,10,Conforming,Approved,Approved,Approved - First Pass,2026-03-18 00:34:01.610,—,Diogo Ferreira
LOTE-M-SOP-013-3944,WO-4556,2026-03-18,Shift 3,ISBM-005,M-SOP-013,FR-013-MDPE-500,16195,M,315,0,2,5,7,Conforming,Approved,Approved,Approved - First Pass,2026-03-20 02:31:45.892,—,Carlos Mendes
LOTE-M-SOP-013-3945,WO-4558,2026-03-20,Shift 3,ISBM-005,M-SOP-013,FR-013-HDPE-500,9134,L,200,0,1,5,6,Conforming,Approved,Approved,Approved - First Pass,2026-03-21 04:38:41.643,—,Carlos Mendes
LOTE-M-SOP-010-3946,WO-4559,2026-03-20,Shift 3,ISBM-005,M-SOP-010,FR-010-PET-400,6235,L,200,0,2,2,4,Conforming,Approved,Approved,Approved - First Pass,2026-03-22 02:00:31.703,—,Beatriz Costa
LOTE-M-SOP-013-3947,WO-4561,2026-03-22,Shift 1,ISBM-005,M-SOP-013,FR-013-PP-PCR-500,15189,M,315,0,6,3,9,Conforming,Approved,Approved,Approved - First Pass,2026-03-23 12:53:09.270,—,Beatriz Costa
LOTE-M-SOP-023-3948,WO-4562,2026-03-22,Shift 3,ISBM-005,M-SOP-023,FR-023-HDPE-1000,4613,L,200,0,0,2,2,Conforming,Approved,Approved,Approved - First Pass,2026-03-24 02:25:16.116,—,Beatriz Costa
LOTE-M-SOP-023-3949,WO-4565,2026-03-25,Shift 1,ISBM-005,M-SOP-023,FR-023-rPET-1000,9582,L,200,0,0,13,13,Conforming,Approved,Approved,Approved - First Pass,2026-03-26 08:41:47.265,—,Carlos Mendes
LOTE-M-SOP-023-3950,WO-4566,2026-03-26,Shift 3,ISBM-005,M-SOP-023,FR-023-rPET-1000,4059,L,200,0,0,3,3,Conforming,Approved,Approved,Approved - First Pass,2026-03-27 03:03:59.941,—,Carlos Mendes
LOTE-M-SOP-013-3951,WO-4569,2026-03-27,Shift 2,ISBM-005,M-SOP-013,FR-013-PP-PCR-500,19849,M,315,0,4,21,25,Conforming,Approved,Approved,Approved - First Pass,2026-03-29 01:01:22.844,—,Ana Silva
LOTE-M-SOP-023-3952,WO-4572,2026-03-29,Shift 3,ISBM-005,M-SOP-023,FR-023-HDPE-1000,10951,M,315,0,1,3,4,Conforming,Approved,Approved,Approved - First Pass,2026-03-30 17:20:15.330,—,Carlos Mendes
LOTE-M-SOP-023-3953,WO-4573,2026-03-30,Shift 1,ISBM-005,M-SOP-023,FR-023-HDPE-1000,1297,L,200,0,3,0,3,Conforming,Approved,Approved,Approved - First Pass,2026-03-31 20:18:01.152,—,Carlos Mendes
LOTE-M-SOP-027-3954,WO-4575,2026-03-31,Shift 2,ISBM-005,M-SOP-027,FR-027-HDPE-5000,2403,L,200,0,3,18,21,Conforming,Approved,Approved,Approved - First Pass,2026-04-01 21:45:31.905,—,Carlos Mendes
LOTE-M-SOP-027-3955,WO-4577,2026-04-02,Shift 1,ISBM-005,M-SOP-027,FR-027-HDPE-5000,1359,L,200,0,1,5,6,Conforming,Approved,Approved,Approved - First Pass,2026-04-03 15:44:35.333,—,Beatriz Costa
LOTE-M-SOP-023-3956,WO-4580,2026-04-04,Shift 2,ISBM-005,M-SOP-023,FR-023-rPET-1000,10503,M,315,0,2,9,11,Conforming,Approved,Approved,Approved - First Pass,2026-04-06 01:24:14.065,—,Beatriz Costa
LOTE-M-SOP-023-3957,WO-4581,2026-04-05,shift 1,ISBM-005,M-SOP-023,FR-023-HDPE-1000,3543,L,200,0,0,1,1,Conforming,Approved,Approved,Approved - First Pass,2026-04-06 06:47:48.046,—,Elena Santos
LOTE-M-SOP-023-3958,WO-4582,2026-04-06,shift 3,ISBM-005,M-SOP-023,FR-023-HDPE-1000,2357,L,200,0,0,6,6,Conforming,Approved,Approved,Approved - First Pass,2026-04-06 16:12:02.417,—,Beatriz Costa
LOTE-M-SOP-023-3959,WO-4583,2026-04-06,Shift 1,ISBM-005,M-SOP-023,FR-023-HDPE-1000,3615,L,200,0,0,2,2,Conforming,Approved,Approved,Approved - First Pass,2026-04-07 13:03:51.863,—,Diogo Ferreira
LOTE-M-SOP-013-3960,WO-4585,2026-04-07,SHIFT 1,ISBM-005,M-SOP-013,FR-013-PP-PCR-500,8603,L,200,0,1,14,15,Conforming,Approved,Approved,Approved - First Pass,2026-04-08 20:14:48.244,—,Ana Silva
LOTE-M-SOP-027-3961,WO-4586,2026-04-08,Shift 1,ISBM-005,M-SOP-027,FR-027-HDPE-5000,760,L,200,0,2,1,3,Conforming,Approved,Approved,Approved - First Pass,2026-04-09 04:49:45.173,—,Carlos Mendes
LOTE-M-SOP-013-3962,WO-4588,2026-04-09,Shift 1,ISBM-005,M-SOP-013,FR-013-PP-PCR-500,13626,M,315,0,2,1,3,Conforming,Approved,Approved,Approved - First Pass,2026-04-10 08:43:36.157,—,Beatriz Costa
LOTE-M-SOP-027-3963,WO-4590,2026-04-11,Shift 3,ISBM-005,M-SOP-027,FR-027-HDPE-5000,2561,L,200,0,1,10,11,Conforming,Approved,Approved,Approved - First Pass,2026-04-12 09:46:58.836,—,Ana Silva
LOTE-M-SOP-027-3964,WO-4592,2026-04-12,Shift 2,ISBM-005,M-SOP-027,FR-027-HDPE-5000,2861,L,200,0,1,8,9,Conforming,Approved,Approved,Approved - First Pass,2026-04-13 18:50:25.488,—,Ana Silva
LOTE-M-SOP-010-3965,WO-4595,2026-04-15,Shift 3,ISBM-005,M-SOP-010,FR-010-PET-400,22566,M,315,0,4,5,9,Conforming,Approved,Approved,Approved - First Pass,2026-04-16 10:00:18.754,—,Diogo Ferreira
LOTE-M-SOP-013-3966,WO-4596,2026-04-15,Shift 2,ISBM-005,M-SOP-013,FR-013-HDPE-PCR-500,6961,L,200,0,2,9,11,Conforming,Approved,Approved,Approved - First Pass,2026-04-16 21:41:35.299,—,Beatriz Costa
LOTE-M-SOP-010-3967,WO-4598,2026-04-17,Shift 3,ISBM-005,M-SOP-010,FR-010-PET-400,15428,M,315,0,3,4,7,Conforming,Approved,Approved,Approved - First Pass,2026-04-18 15:05:17.680,—,Elena Santos
LOTE-M-SOP-027-3968,WO-4600,2026-04-19,Shift 3,ISBM-005,M-SOP-027,FR-027-HDPE-5000,1651,L,200,0,4,3,7,Conforming,Approved,Approved,Approved - First Pass,2026-04-20 12:00:32.124,—,Beatriz Costa
LOTE-M-SOP-027-3969,WO-4602,2026-04-20,Shift 1,ISBM-005,M-SOP-027,FR-027-HDPE-5000,1988,L,200,0,0,3,3,Conforming,Approved,Approved,Approved - First Pass,2026-04-21 13:28:05.554,—,Elena Santos
LOTE-M-SOP-013-3970,WO-4604,2026-04-22,Shift 3,ISBM-005,M-SOP-013,FR-013-LDPE-500,14644,M,315,0,2,7,9,Conforming,Approved,Approved,Approved - First Pass,2026-04-22 18:49:37.945,—,Carlos Mendes
LOTE-M-SOP-010-3971,WO-4605,2026-04-22,Shift 2,ISBM-005,M-SOP-010,FR-010-PET-400,4758,L,200,0,1,7,8,Conforming,Approved,Approved,Approved - First Pass,2026-04-23 18:14:05.572,—,Elena Santos
LOTE-M-SOP-013-3972,WO-4607,2026-04-24,  Shift 3  ,ISBM-005,M-SOP-013,FR-013-PET-500,11145,M,315,0,1,5,6,Conforming,Approved,Approved,Approved - First Pass,2026-04-25 06:24:40.633,—,Ana Silva
LOTE-M-SOP-023-3973,WO-4608,2026-04-24,Shift 2,ISBM-005,M-SOP-023,FR-023-rPET-1000,5404,L,200,0,3,8,11,Conforming,Approved,Approved,Approved - First Pass,2026-04-25 22:39:08.832,—,Elena Santos
LOTE-M-SOP-027-3974,WO-4610,2026-04-26,Shift 1,ISBM-005,M-SOP-027,FR-027-HDPE-5000,1362,L,200,0,1,13,14,Conforming,Approved,Approved,Approved - First Pass,2026-04-27 10:32:29.251,—,Ana Silva
LOTE-M-SOP-010-3975,WO-4613,2026-04-28,Shift 2,ISBM-005,M-SOP-010,FR-010-PET-400,24156,M,315,0,8,10,18,Conforming,Approved,Approved,Approved - First Pass,2026-04-29 20:14:19.039,—,Beatriz Costa
LOTE-M-SOP-013-3976,WO-4615,2026-04-30,SHIFT 1,ISBM-005,M-SOP-013,FR-013-PVC-500,7639,L,200,0,0,6,6,Conforming,Approved,Approved,Approved - First Pass,2026-04-30 21:32:39.551,—,Beatriz Costa
LOTE-M-SOP-013-3977,WO-4617,2026-05-01,Shift 1,ISBM-005,M-SOP-013,FR-013-MDPE-500,10182,M,315,0,1,11,12,Conforming,Approved,Approved,Approved - First Pass,2026-05-02 12:02:55.478,—,Elena Santos
LOTE-M-SOP-023-3978,WO-4619,2026-05-02,Shift 2,ISBM-005,M-SOP-023,FR-023-HDPE-1000,7842,L,200,0,5,12,17,Conforming,Approved,Approved,Approved - First Pass,2026-05-04 01:41:36.861,—,Elena Santos
LOTE-M-SOP-010-3979,WO-4621,2026-05-03,  Shift 2  ,ISBM-005,M-SOP-010,FR-010-PET-400,13367,M,315,1,3,12,16,Conforming,Rejected,Rejected,Rejected - Scrapped,2026-05-04 22:04:20.518,Leakage:1(Re=1),Carlos Mendes
LOTE-M-SOP-010-3980,WO-4622,2026-05-04,Shift 1,ISBM-005,M-SOP-010,FR-010-PET-400,7624,L,200,0,0,1,1,Conforming,Approved,Approved,Approved - First Pass,2026-05-05 12:49:27.436,—,Diogo Ferreira
LOTE-M-SOP-013-3981,WO-4623,2026-05-05,Shift 3,ISBM-005,M-SOP-013,FR-013-rPET-500,3854,L,200,0,0,4,4,Conforming,Approved,Approved,Approved - First Pass,2026-05-06 00:31:10.143,—,Diogo Ferreira
LOTE-M-SOP-027-3982,WO-4626,2026-05-07,Shift 1,ISBM-005,M-SOP-027,FR-027-HDPE-5000,4025,L,200,0,3,4,7,Conforming,Approved,Approved,Approved - First Pass,2026-05-08 10:38:40.680,—,Beatriz Costa
LOTE-M-SOP-023-3983,WO-4628,2026-05-09,Shift 3,ISBM-005,M-SOP-023,FR-023-HDPE-1000,5203,L,200,0,3,11,14,Conforming,Approved,Approved,Approved - First Pass,2026-05-10 16:05:34.416,—,Carlos Mendes
LOTE-M-SOP-023-3984,WO-4631,2026-05-11,shift 1,ISBM-005,M-SOP-023,FR-023-rPET-1000,10569,M,315,0,4,14,18,Conforming,Approved,Approved,Approved - First Pass,2026-05-12 05:13:55.569,—,Carlos Mendes
LOTE-M-SOP-023-3985,WO-4633,2026-05-12,Shift 2,ISBM-005,M-SOP-023,FR-023-rPET-1000,9405,L,200,0,4,2,6,Conforming,Approved,Approved,Approved - First Pass,2026-05-14 13:38:08.218,—,Elena Santos
LOTE-M-SOP-010-3986,WO-4634,2026-05-13,Shift 2,ISBM-005,M-SOP-010,FR-010-PET-400,7796,L,200,0,0,5,5,Conforming,Approved,Approved,Approved - First Pass,2026-05-14 21:32:35.319,—,Ana Silva
LOTE-M-SOP-023-3987,WO-4635,2026-05-14,Shift 2,ISBM-005,M-SOP-023,FR-023-HDPE-1000,4674,L,200,0,0,7,7,Conforming,Approved,Approved,Approved - First Pass,2026-05-15 13:21:45.305,—,Carlos Mendes
LOTE-M-SOP-027-3988,WO-4638,2026-05-16,Shift 3,ISBM-005,M-SOP-027,FR-027-HDPE-5000,4021,L,200,0,3,3,6,Conforming,Approved,Approved,Approved - First Pass,2026-05-17 19:25:26.046,—,Elena Santos
LOTE-M-SOP-027-3989,WO-4640,2026-05-18,Shift 1,ISBM-005,M-SOP-027,FR-027-HDPE-5000,2956,L,200,0,0,2,2,Conforming,Approved,Approved,Approved - First Pass,2026-05-20 00:44:14.612,—,Ana Silva
LOTE-M-SOP-027-3990,WO-4642,2026-05-19,Shift 2,ISBM-005,M-SOP-027,FR-027-HDPE-5000,1464,L,200,0,0,1,1,Conforming,Approved,Approved,Approved - First Pass,2026-05-20 12:41:40.066,—,Beatriz Costa
LOTE-M-SOP-027-3991,WO-4643,2026-05-20,Shift 3,ISBM-005,M-SOP-027,FR-027-HDPE-5000,802,L,200,0,1,3,4,Conforming,Approved,Approved,Approved - First Pass,2026-05-20 22:50:10.403,—,Elena Santos
LOTE-M-SOP-027-3992,WO-4645,2026-05-21,SHIFT 2,ISBM-005,M-SOP-027,FR-027-HDPE-5000,1763,L,200,0,0,15,15,Conforming,Approved,Approved,Approved - First Pass,2026-05-22 22:34:49.841,—,Elena Santos
LOTE-M-SOP-013-3993,WO-4648,2026-05-23,Shift 3,ISBM-005,M-SOP-013,FR-013-PET-500,16576,M,315,0,3,12,15,Conforming,Approved,Approved,Approved - First Pass,2026-05-23 18:24:59.229,—,Elena Santos
LOTE-M-SOP-013-3994,WO-4650,2026-05-24,Shift 1,ISBM-005,M-SOP-013,FR-013-PET-500,12421,M,315,0,2,8,10,Conforming,Approved,Approved,Approved - First Pass,2026-05-25 01:44:43.362,—,Beatriz Costa
LOTE-M-SOP-013-3995,WO-4652,2026-05-25,Shift 2,ISBM-005,M-SOP-013,FR-013-MDPE-500,14708,M,315,0,1,6,7,Conforming,Approved,Approved,Approved - First Pass,2026-05-26 10:00:54.834,—,Elena Santos
LOTE-M-SOP-013-3996,WO-4654,2026-05-26,Shift 2,ISBM-005,M-SOP-013,FR-013-PP-PCR-500,15240,M,315,0,3,7,10,Conforming,Approved,Approved,Approved - First Pass,2026-05-27 23:33:43.293,—,Diogo Ferreira
LOTE-M-SOP-027-3997,WO-4655,2026-05-27,Shift 1,ISBM-005,M-SOP-027,FR-027-HDPE-5000,928,L,200,0,0,3,3,Conforming,Approved,Approved,Approved - First Pass,2026-05-28 11:01:08.985,—,Ana Silva
LOTE-M-SOP-027-3998,WO-4656,2026-05-28,Shift 3,ISBM-005,M-SOP-027,FR-027-HDPE-5000,1305,L,200,0,0,6,6,Conforming,Approved,Approved,Approved - First Pass,2026-05-29 08:18:51.763,—,Ana Silva
LOTE-M-SOP-023-3999,WO-4657,2026-05-28,Shift 3,ISBM-005,M-SOP-023,FR-023-rPET-1000,2392,L,200,0,0,1,1,Conforming,Approved,Approved,Approved - First Pass,2026-05-29 22:13:28.268,—,Ana Silva
LOTE-M-SOP-010-4000,WO-4658,2026-05-29,Shift 1,ISBM-005,M-SOP-010,FR-010-PET-400,8693,L,200,0,0,6,6,Conforming,Approved,Approved,Approved - First Pass,2026-05-30 21:44:21.170,—,Elena Santos
LOTE-M-SOP-027-4001,WO-4659,2026-05-30,shift 3,ISBM-005,M-SOP-027,FR-027-HDPE-5000,1908,L,200,0,1,5,6,Conforming,Approved,Approved,Approved - First Pass,2026-05-31 13:36:48.323,—,Ana Silva
LOTE-M-SOP-010-4002,WO-4660,2026-05-31,Shift 3,ISBM-005,M-SOP-010,FR-010-PET-400,7619,L,200,0,1,2,3,Conforming,Approved,Approved,Approved - First Pass,2026-06-01 07:45:04.666,—,Beatriz Costa
LOTE-M-SOP-027-4003,WO-4662,2026-06-01,Shift 2,ISBM-005,M-SOP-027,FR-027-HDPE-5000,1616,L,200,0,5,6,11,Conforming,Approved,Approved,Approved - First Pass,2026-06-02 22:41:19.985,—,Beatriz Costa
LOTE-M-SOP-023-4004,WO-4664,2026-06-03,Shift 1,ISBM-005,M-SOP-023,FR-023-HDPE-1000,6326,L,200,0,5,9,14,Conforming,Approved,Approved,Approved - First Pass,2026-06-04 07:31:09.352,—,Diogo Ferreira
LOTE-M-SOP-027-4005,WO-4666,2026-06-04,Shift 2,ISBM-005,M-SOP-027,FR-027-HDPE-5000,2500,L,200,0,3,6,9,Conforming,Approved,Approved,Approved - First Pass,2026-06-06 05:14:34.601,—,Elena Santos
LOTE-M-SOP-013-4006,WO-4667,2026-06-05,Shift 1,ISBM-005,M-SOP-013,FR-013-HDPE-500,8731,L,200,0,0,0,0,Conforming,Approved,Approved,Approved - First Pass,2026-06-06 17:20:38.783,—,Elena Santos
LOTE-M-SOP-013-4007,WO-4668,2026-06-06,Shift 3,ISBM-005,M-SOP-013,FR-013-PP-PCR-500,1445,L,200,0,0,2,2,Conforming,Approved,Approved,Approved - First Pass,2026-06-07 11:09:41.336,—,Carlos Mendes
LOTE-M-SOP-013-4008,WO-4669,2026-06-07,Shift 3,ISBM-005,M-SOP-013,FR-013-PET-500,9922,L,200,0,0,1,1,Conforming,Approved,Approved,Approved - First Pass,2026-06-08 03:28:06.597,—,Ana Silva
LOTE-M-SOP-023-4009,WO-4671,2026-06-08,SHIFT 2,ISBM-005,M-SOP-023,FR-023-rPET-1000,7095,L,200,0,4,7,11,Conforming,Approved,Approved,Approved - First Pass,2026-06-09 14:37:13.775,—,Diogo Ferreira
LOTE-M-SOP-013-4010,WO-4672,2026-06-09,Shift 1,ISBM-005,M-SOP-013,FR-013-PP-500,8733,L,200,0,0,2,2,Conforming,Approved,Approved,Approved - First Pass,2026-06-10 15:32:26.702,—,Beatriz Costa
LOTE-M-SOP-013-4011,WO-4673,2026-06-10,Shift 1,ISBM-005,M-SOP-013,FR-013-HDPE-500,7222,L,200,0,2,2,4,Conforming,Approved,Approved,Approved - First Pass,2026-06-11 17:25:04.906,—,Diogo Ferreira
LOTE-M-SOP-023-4012,WO-4675,2026-06-12,Shift 3,ISBM-005,M-SOP-023,FR-023-rPET-1000,2220,L,200,0,1,15,16,Conforming,Approved,Approved,Approved - First Pass,2026-06-12 22:49:02.570,—,Diogo Ferreira
LOTE-M-SOP-010-4013,WO-4678,2026-06-14,Shift 1,ISBM-005,M-SOP-010,FR-010-PET-400,24992,M,315,0,6,11,17,Conforming,Approved,Approved,Approved - First Pass,2026-06-15 08:21:14.488,—,Ana Silva
LOTE-M-SOP-023-4014,WO-4680,2026-06-16,Shift 3,ISBM-005,M-SOP-023,FR-023-rPET-1000,5197,L,200,0,3,14,17,Conforming,Approved,Approved,Approved - First Pass,2026-06-16 12:39:59.922,—,Beatriz Costa
LOTE-M-SOP-027-4015,WO-4683,2026-06-17,Shift 3,ISBM-005,M-SOP-027,FR-027-HDPE-5000,3147,L,200,1,3,11,15,Conforming,Rejected,Rejected,Rejected - Scrapped,2026-06-19 07:42:53.244,Leakage:1(Re=1),Elena Santos
LOTE-M-SOP-023-4016,WO-4686,2026-06-20,  Shift 1  ,ISBM-005,M-SOP-023,FR-023-HDPE-1000,13620,M,315,0,5,15,20,Conforming,Approved,Approved,Approved - First Pass,2026-06-21 12:43:38.564,—,Ana Silva
LOTE-M-SOP-027-4017,WO-4687,2026-06-21,  Shift 3  ,ISBM-005,M-SOP-027,FR-027-HDPE-5000,618,L,200,0,2,2,4,Conforming,Approved,Approved,Approved - First Pass,2026-06-21 23:26:58.628,—,Diogo Ferreira
LOTE-M-SOP-010-4018,WO-4689,2026-06-22,Shift 2,ISBM-005,M-SOP-010,FR-010-PET-400,8032,L,200,0,3,6,9,Conforming,Approved,Approved,Approved - First Pass,2026-06-23 15:15:24.429,—,Beatriz Costa
LOTE-M-SOP-027-4019,WO-4690,2026-06-23,Shift 1,ISBM-005,M-SOP-027,FR-027-HDPE-5000,658,L,200,0,0,3,3,Conforming,Approved,Approved,Approved - First Pass,2026-06-24 01:12:34.804,—,Beatriz Costa
LOTE-M-SOP-010-4020,WO-4691,2026-06-23,Shift 3,ISBM-005,M-SOP-010,FR-010-PET-400,11249,M,315,0,1,8,9,Conforming,Approved,Approved,Approved - First Pass,2026-06-25 16:29:07.145,—,Carlos Mendes
LOTE-M-SOP-010-4021,WO-4693,2026-06-25,Shift 2,ISBM-005,M-SOP-010,FR-010-PET-400,13115,M,315,0,1,11,12,Conforming,Approved,Approved,Approved - First Pass,2026-06-26 22:31:43.640,—,Elena Santos
LOTE-M-SOP-013-4022,WO-4695,2026-06-27,SHIFT 3,ISBM-005,M-SOP-013,FR-013-PVC-500,14492,M,315,0,1,4,5,Conforming,Approved,Approved,Approved - First Pass,2026-06-28 07:15:54.234,—,Ana Silva
LOTE-M-SOP-023-4023,WO-4697,2026-06-28,Shift 2,ISBM-005,M-SOP-023,FR-023-HDPE-1000,5883,L,200,0,3,5,8,Conforming,Approved,Approved,Approved - First Pass,2026-06-29 13:08:35.920,—,Diogo Ferreira
LOTE-M-SOP-010-4024,WO-4700,2026-06-30,  Shift 1  ,ISBM-005,M-SOP-010,FR-010-PET-400,15012,M,315,0,0,7,7,Conforming,Approved,Approved,Approved - First Pass,2026-07-01 15:46:48.509,—,Ana Silva
LOTE-M-SOP-027-4025,WO-4702,2026-07-01,Shift 2,ISBM-005,M-SOP-027,FR-027-HDPE-5000,1914,L,200,0,2,7,9,Conforming,Approved,Approved,Approved - First Pass,2026-07-03 10:00:26.409,—,Ana Silva
LOTE-M-SOP-027-4026,WO-4703,2026-07-02,Shift 2,ISBM-005,M-SOP-027,FR-027-HDPE-5000,1450,L,200,0,1,1,2,Conforming,Approved,Approved,Approved - First Pass,2026-07-03 21:10:56.897,—,Carlos Mendes
LOTE-M-SOP-027-4027,WO-4705,2026-07-03,Shift 2,ISBM-005,M-SOP-027,FR-027-HDPE-5000,1273,L,200,0,0,7,7,Conforming,Approved,Approved,Approved - First Pass,2026-07-05 00:15:00.804,—,Elena Santos
LOTE-M-SOP-013-4028,WO-4706,2026-07-04,Shift 1,ISBM-005,M-SOP-013,FR-013-PVC-500,6518,L,200,0,1,4,5,Conforming,Approved,Approved,Approved - First Pass,2026-07-06 01:41:36.916,—,Beatriz Costa
LOTE-M-SOP-027-4029,WO-4707,2026-07-05,Shift 1,ISBM-005,M-SOP-027,FR-027-HDPE-5000,1680,L,200,0,1,1,2,Conforming,Approved,Approved,Approved - First Pass,2026-07-06 14:30:25.800,—,Carlos Mendes
LOTE-M-SOP-027-4030,WO-4710,2026-07-07,Shift 2,ISBM-005,M-SOP-027,FR-027-HDPE-5000,3150,L,200,0,2,14,16,Conforming,Approved,Approved,Approved - First Pass,2026-07-08 16:43:29.051,—,Carlos Mendes
LOTE-M-SOP-023-4031,WO-4712,2026-07-09,Shift 3,ISBM-005,M-SOP-023,FR-023-HDPE-1000,5218,L,200,0,2,6,8,Conforming,Approved,Approved,Approved - First Pass,2026-07-10 08:35:57.639,—,Diogo Ferreira
LOTE-M-SOP-010-4032,WO-4714,2026-07-10,Shift 2,ISBM-005,M-SOP-010,FR-010-PET-400,12627,M,315,0,2,1,3,Conforming,Approved,Approved,Approved - First Pass,2026-07-11 23:34:21.925,—,Carlos Mendes
LOTE-M-SOP-013-4033,WO-4716,2026-07-12,Shift 1,ISBM-005,M-SOP-013,FR-013-PP-500,18089,M,315,0,1,7,8,Conforming,Approved,Approved,Approved - First Pass,2026-07-13 14:22:54.411,—,Diogo Ferreira
LOTE-M-SOP-027-4034,WO-4719,2026-07-14,Shift 3,ISBM-005,M-SOP-027,FR-027-HDPE-5000,2520,L,200,0,3,24,27,Conforming,Approved,Approved,Approved - First Pass,2026-07-15 15:28:35.127,—,Ana Silva
LOTE-M-SOP-013-4035,WO-4721,2026-07-15,  Shift 3  ,ISBM-005,M-SOP-013,FR-013-PVC-500,11787,M,315,0,2,5,7,Conforming,Approved,Approved,Approved - First Pass,2026-07-16 22:47:39.298,—,Carlos Mendes
LOTE-M-SOP-023-4036,WO-4723,2026-07-17,Shift 1,ISBM-005,M-SOP-023,FR-023-rPET-1000,7918,L,200,0,2,13,15,Conforming,Approved,Approved,Approved - First Pass,2026-07-18 23:15:59.261,—,Beatriz Costa
LOTE-M-SOP-010-4037,WO-4725,2026-07-19,Shift 3,ISBM-005,M-SOP-010,FR-010-PET-400,13985,M,315,0,4,3,7,Conforming,Approved,Approved,Approved - First Pass,2026-07-20 00:24:33.262,—,Beatriz Costa
LOTE-M-SOP-010-4038,WO-4727,2026-07-20,Shift 3,ISBM-005,M-SOP-010,FR-010-PET-400,11136,M,315,0,0,3,3,Conforming,Approved,Approved,Approved - First Pass,2026-07-21 05:51:01.917,—,Diogo Ferreira
LOTE-M-SOP-013-4039,WO-4728,2026-07-20,Shift 2,ISBM-005,M-SOP-013,FR-013-PP-PCR-500,9432,L,200,0,3,11,14,Conforming,Approved,Approved,Approved - First Pass,2026-07-22 03:07:47.886,—,Beatriz Costa
LOTE-M-SOP-027-4040,WO-4729,2026-07-21,Shift 2,ISBM-005,M-SOP-027,FR-027-HDPE-5000,834,L,200,0,1,2,3,Conforming,Approved,Approved,Approved - First Pass,2026-07-23 07:15:38.352,—,Carlos Mendes
LOTE-M-SOP-013-4041,WO-4731,2026-07-23,Shift 1,ISBM-005,M-SOP-013,FR-013-HDPE-500,16025,M,315,0,1,3,4,Conforming,Approved,Approved,Approved - First Pass,2026-07-24 09:07:33.061,—,Ana Silva
LOTE-M-SOP-027-4042,WO-4732,2026-07-24,Shift 1,ISBM-005,M-SOP-027,FR-027-HDPE-5000,1672,L,200,0,1,2,3,Conforming,Approved,Approved,Approved - First Pass,2026-07-25 09:33:38.468,—,Ana Silva
LOTE-M-SOP-013-4043,WO-4734,2026-07-26,Shift 1,ISBM-005,M-SOP-013,FR-013-HDPE-500,15138,M,315,0,0,6,6,Conforming,Approved,Approved,Approved - First Pass,2026-07-27 05:57:05.091,—,Elena Santos
LOTE-M-SOP-027-4044,WO-4735,2026-07-26,Shift 3,ISBM-005,M-SOP-027,FR-027-HDPE-5000,1445,L,200,0,0,3,3,Conforming,Approved,Approved,Approved - First Pass,2026-07-28 07:23:06.096,—,Diogo Ferreira
LOTE-M-SOP-010-4045,WO-4736,2026-07-27,Shift 2,ISBM-005,M-SOP-010,FR-010-PET-400,234,L,200,0,2,10,12,Conforming,Approved,Approved,Approved - First Pass,2026-07-28 19:08:20.843,—,Beatriz Costa
LOTE-M-SOP-023-4046,WO-4737,2026-07-28,Shift 1,ISBM-005,M-SOP-023,FR-023-rPET-1000,3800,L,200,0,0,3,3,Conforming,Approved,Approved,Approved - First Pass,2026-07-29 12:37:30.796,—,Diogo Ferreira
LOTE-M-SOP-010-4047,WO-4738,2026-07-29,Shift 3,ISBM-005,M-SOP-010,FR-010-PET-400,7803,L,200,0,0,1,1,Conforming,Approved,Approved,Approved - First Pass,2026-07-30 09:19:20.473,—,Elena Santos
LOTE-M-SOP-023-4048,WO-4739,2026-07-30,Shift 3,ISBM-005,M-SOP-023,FR-023-HDPE-1000,2336,L,200,0,0,7,7,Conforming,Approved,Approved,Approved - First Pass,2026-07-31 05:04:41.308,—,Elena Santos
LOTE-M-SOP-023-4049,WO-4740,2026-07-30,Shift 2,ISBM-005,M-SOP-023,FR-023-rPET-1000,3390,L,200,0,0,5,5,Conforming,Approved,Approved,Approved - First Pass,2026-08-01 03:56:12.362,—,Diogo Ferreira
LOTE-M-SOP-027-4050,WO-4741,2026-07-31,Shift 2,ISBM-005,M-SOP-027,FR-027-HDPE-5000,974,L,200,0,1,7,8,Conforming,Approved,Approved,Approved - First Pass,2026-08-01 11:16:04.322,—,Elena Santos
LOTE-M-SOP-013-4051,WO-4742,2026-08-01,Shift 3,ISBM-005,M-SOP-013,FR-013-PP-500,8419,L,200,0,1,3,4,Conforming,Approved,Approved,Approved - First Pass,2026-08-02 05:40:06.146,—,Beatriz Costa
LOTE-M-SOP-010-4052,WO-4744,2026-08-03,Shift 3,ISBM-005,M-SOP-010,FR-010-PET-400,16376,M,315,0,4,5,9,Conforming,Approved,Approved,Approved - First Pass,2026-08-04 00:17:41.835,—,Carlos Mendes
LOTE-M-SOP-023-4053,WO-4746,2026-08-04,Shift 2,ISBM-005,M-SOP-023,FR-023-HDPE-1000,8348,L,200,0,2,8,10,Conforming,Approved,Approved,Approved - First Pass,2026-08-05 10:06:36.448,—,Carlos Mendes
LOTE-M-SOP-023-4054,WO-4749,2026-08-07,Shift 3,ISBM-005,M-SOP-023,FR-023-rPET-1000,11739,M,315,0,1,8,9,Conforming,Approved,Approved,Approved - First Pass,2026-08-08 05:33:45.567,—,Ana Silva
LOTE-M-SOP-027-4055,WO-4750,2026-08-07,Shift 2,ISBM-005,M-SOP-027,FR-027-HDPE-5000,530,L,200,0,1,4,5,Conforming,Approved,Approved,Approved - First Pass,2026-08-08 22:05:56.865,—,Ana Silva
LOTE-M-SOP-027-4056,WO-4752,2026-08-09,Shift 1,ISBM-005,M-SOP-027,FR-027-HDPE-5000,1271,L,200,0,1,2,3,Conforming,Approved,Approved,Approved - First Pass,2026-08-10 08:35:28.080,—,Ana Silva
LOTE-M-SOP-027-4057,WO-4755,2026-08-11,Shift 3,ISBM-005,M-SOP-027,FR-027-HDPE-5000,4250,L,200,0,2,13,15,Conforming,Approved,Approved,Approved - First Pass,2026-08-12 02:17:07.790,—,Carlos Mendes
LOTE-M-SOP-023-4058,WO-4757,2026-08-12,Shift 1,ISBM-005,M-SOP-023,FR-023-HDPE-1000,2499,L,200,0,1,10,11,Conforming,Approved,Approved,Approved - First Pass,2026-08-13 11:08:38.541,—,Carlos Mendes
LOTE-M-SOP-023-4059,WO-4760,2026-08-14,Shift 3,ISBM-005,M-SOP-023,FR-023-HDPE-1000,8799,L,200,0,0,13,13,Conforming,Approved,Approved,Approved - First Pass,2026-08-16 03:07:47.658,—,Carlos Mendes
LOTE-M-SOP-023-4060,WO-4762,2026-08-16,Shift 1,ISBM-005,M-SOP-023,FR-023-rPET-1000,7230,L,200,0,1,9,10,Conforming,Approved,Approved,Approved - First Pass,2026-08-17 17:17:02.683,—,Elena Santos
LOTE-M-SOP-010-4061,WO-4765,2026-08-18,Shift 3,ISBM-005,M-SOP-010,FR-010-PET-400,16295,M,315,0,2,9,11,Conforming,Approved,Approved,Approved - First Pass,2026-08-19 12:22:39.904,—,Carlos Mendes
LOTE-M-SOP-027-4062,WO-4766,2026-08-19,Shift 3,ISBM-005,M-SOP-027,FR-027-HDPE-5000,725,L,200,0,1,2,3,Conforming,Approved,Approved,Approved - First Pass,2026-08-19 22:07:56.238,—,Diogo Ferreira
LOTE-M-SOP-023-4063,WO-4768,2026-08-20,Shift 1,ISBM-005,M-SOP-023,FR-023-HDPE-1000,7461,L,200,0,1,6,7,Conforming,Approved,Approved,Approved - First Pass,2026-08-21 06:17:04.215,—,Carlos Mendes
LOTE-M-SOP-013-4064,WO-4770,2026-08-21,shift 2,ISBM-005,M-SOP-013,FR-013-HDPE-PCR-500,15006,M,315,0,2,3,5,Conforming,Approved,Approved,Approved - First Pass,2026-08-22 18:39:08.709,—,Ana Silva
LOTE-M-SOP-010-4065,WO-4773,2026-08-24,Shift 3,ISBM-005,M-SOP-010,FR-010-PET-400,15376,M,315,0,1,10,11,Conforming,Approved,Approved,Approved - First Pass,2026-08-25 09:09:18.460,—,Diogo Ferreira
LOTE-M-SOP-013-4066,WO-4774,2026-08-24,Shift 2,ISBM-005,M-SOP-013,FR-013-HDPE-500,8480,L,200,0,1,2,3,Conforming,Approved,Approved,Approved - First Pass,2026-08-26 01:24:46.123,—,Elena Santos
LOTE-M-SOP-013-4067,WO-4777,2026-08-27,Shift 3,ISBM-005,M-SOP-013,FR-013-MDPE-500,24388,M,315,1,5,2,8,Conforming,Rejected,Rejected,Rejected - Scrapped,2026-08-28 15:18:39.636,Leakage:1(Re=1),Elena Santos
LOTE-M-SOP-013-4068,WO-4779,2026-08-28,Shift 2,ISBM-005,M-SOP-013,FR-013-PP-500,13021,M,315,0,1,8,9,Conforming,Approved,Approved,Approved - First Pass,2026-08-29 20:33:43.085,—,Carlos Mendes
LOTE-M-SOP-023-4069,WO-4780,2026-08-29,Shift 1,ISBM-005,M-SOP-023,FR-023-HDPE-1000,1568,L,200,0,1,9,10,Conforming,Approved,Approved,Approved - First Pass,2026-08-30 04:03:07.190,—,Beatriz Costa
LOTE-M-SOP-010-4070,WO-4782,2026-08-30,Shift 2,ISBM-005,M-SOP-010,FR-010-PET-400,18629,M,315,0,3,20,23,Conforming,Approved,Approved,Approved - First Pass,2026-08-31 15:59:43.552,—,Diogo Ferreira
LOTE-M-SOP-010-4071,WO-4784,2026-09-01,SHIFT 3,ISBM-005,M-SOP-010,FR-010-PET-400,12052,M,315,0,4,5,9,Conforming,Approved,Approved,Approved - First Pass,2026-09-02 14:00:02.243,—,Elena Santos
LOTE-M-SOP-023-4072,WO-4787,2026-09-03,Shift 1,ISBM-005,M-SOP-023,FR-023-rPET-1000,8446,L,200,0,4,8,12,Conforming,Approved,Approved,Approved - First Pass,2026-09-04 07:54:44.218,—,Elena Santos
LOTE-M-SOP-027-4073,WO-4789,2026-09-04,Shift 2,ISBM-005,M-SOP-027,FR-027-HDPE-5000,2249,L,200,0,3,11,14,Conforming,Approved,Approved,Approved - First Pass,2026-09-05 20:20:46.133,—,Elena Santos
LOTE-M-SOP-010-4074,WO-4792,2026-09-06,Shift 2,ISBM-005,M-SOP-010,FR-010-PET-400,20990,M,315,0,3,10,13,Conforming,Approved,Approved,Approved - First Pass,2026-09-07 22:21:09.385,—,Ana Silva
LOTE-M-SOP-023-4075,WO-4794,2026-09-08,Shift 3,ISBM-005,M-SOP-023,FR-023-rPET-1000,3563,L,200,0,4,9,13,Conforming,Approved,Approved,Approved - First Pass,2026-09-09 12:29:54.264,—,Ana Silva
LOTE-M-SOP-013-4076,WO-4796,2026-09-09,Shift 1,ISBM-005,M-SOP-013,FR-013-HDPE-500,11754,M,315,0,4,6,10,Conforming,Approved,Approved,Approved - First Pass,2026-09-10 16:36:25.305,—,Diogo Ferreira
LOTE-M-SOP-010-4077,WO-4798,2026-09-11,Shift 3,ISBM-005,M-SOP-010,FR-010-PET-400,8641,L,200,0,4,5,9,Conforming,Approved,Approved,Approved - First Pass,2026-09-12 04:40:16.717,—,Elena Santos
LOTE-M-SOP-013-4078,WO-4800,2026-09-12,Shift 1,ISBM-005,M-SOP-013,FR-013-PP-PCR-500,13238,M,315,0,1,12,13,Conforming,Approved,Approved,Approved - First Pass,2026-09-13 18:59:06.509,—,Elena Santos
LOTE-M-SOP-013-4079,WO-4801,2026-09-13,SHIFT 1,ISBM-005,M-SOP-013,FR-013-HDPE-PCR-500,3695,L,200,0,1,8,9,Conforming,Approved,Approved,Approved - First Pass,2026-09-14 04:34:07.436,—,Carlos Mendes
LOTE-M-SOP-027-4080,WO-4802,2026-09-14,Shift 3,ISBM-005,M-SOP-027,FR-027-HDPE-5000,735,L,200,0,0,3,3,Conforming,Approved,Approved,Approved - First Pass,2026-09-14 17:33:23.878,—,Diogo Ferreira
LOTE-M-SOP-023-4081,WO-4804,2026-09-15,Shift 3,ISBM-005,M-SOP-023,FR-023-HDPE-1000,6347,L,200,0,0,3,3,Conforming,Approved,Approved,Approved - First Pass,2026-09-16 01:10:48.767,—,Beatriz Costa
LOTE-M-SOP-027-4082,WO-4806,2026-09-16,SHIFT 2,ISBM-005,M-SOP-027,FR-027-HDPE-5000,2600,L,200,0,2,6,8,Conforming,Approved,Approved,Approved - First Pass,2026-09-18 00:52:48.603,—,Diogo Ferreira
LOTE-M-SOP-010-4083,WO-4809,2026-09-18,SHIFT 3,ISBM-005,M-SOP-010,FR-010-PET-400,20212,M,315,0,6,11,17,Conforming,Approved,Approved,Approved - First Pass,2026-09-20 03:09:58.898,—,Carlos Mendes
LOTE-M-SOP-013-4084,WO-4811,2026-09-20,Shift 3,ISBM-005,M-SOP-013,FR-013-PVC-500,7850,L,200,0,2,8,10,Conforming,Approved,Approved,Approved - First Pass,2026-09-20 21:37:50.025,—,Carlos Mendes
LOTE-M-SOP-010-4085,WO-4813,2026-09-21,Shift 1,ISBM-005,M-SOP-010,FR-010-PET-400,15183,M,315,0,1,13,14,Conforming,Approved,Approved,Approved - First Pass,2026-09-23 00:59:05.976,—,Ana Silva
LOTE-M-SOP-010-4086,WO-4815,2026-09-22,Shift 3,ISBM-005,M-SOP-010,FR-010-PET-400,14927,M,315,0,6,6,12,Conforming,Approved,Approved,Approved - First Pass,2026-09-23 23:27:59.083,—,Ana Silva
LOTE-M-SOP-013-4087,WO-4816,2026-09-23,Shift 2,ISBM-005,M-SOP-013,FR-013-HDPE-500,9367,L,200,0,1,3,4,Conforming,Approved,Approved,Approved - First Pass,2026-09-25 06:26:06.939,—,Beatriz Costa
LOTE-M-SOP-013-4088,WO-4819,2026-09-25,Shift 2,ISBM-005,M-SOP-013,FR-013-HDPE-500,17516,M,315,0,8,8,16,Conforming,Approved,Approved,Approved - First Pass,2026-09-26 12:41:52.355,—,Ana Silva
LOTE-M-SOP-013-4089,WO-4822,2026-09-27,Shift 1,ISBM-005,M-SOP-013,FR-013-HDPE-500,16440,M,315,0,1,18,19,Conforming,Approved,Approved,Approved - First Pass,2026-09-28 11:42:32.695,—,Diogo Ferreira
LOTE-M-SOP-013-4090,WO-4823,2026-09-27,Shift 2,ISBM-005,M-SOP-013,FR-013-HDPE-500,9150,L,200,0,0,3,3,Conforming,Approved,Approved,Approved - First Pass,2026-09-29 06:07:04.348,—,Elena Santos
LOTE-M-SOP-013-4091,WO-4825,2026-09-29,Shift 1,ISBM-005,M-SOP-013,FR-013-PVC-500,12714,M,315,0,2,11,13,Conforming,Approved,Approved,Approved - First Pass,2026-10-01 00:37:22.175,—,Elena Santos
LOTE-M-SOP-023-4092,WO-4827,2026-10-01,Shift 3,ISBM-005,M-SOP-023,FR-023-HDPE-1000,5961,L,200,0,0,11,11,Conforming,Approved,Approved,Approved - First Pass,2026-10-02 00:26:00.308,—,Ana Silva
LOTE-M-SOP-023-4093,WO-4828,2026-10-01,Shift 2,ISBM-005,M-SOP-023,FR-023-rPET-1000,4618,L,200,1,3,2,6,Conforming,Rejected,Rejected,Rejected - Scrapped,2026-10-03 03:34:40.469,Leakage:1(Re=1),Elena Santos
LOTE-M-SOP-013-4094,WO-4829,2026-10-02,Shift 1,ISBM-005,M-SOP-013,FR-013-HDPE-PCR-500,8023,L,200,0,0,1,1,Conforming,Approved,Approved,Approved - First Pass,2026-10-03 17:19:50.568,—,Beatriz Costa
LOTE-M-SOP-023-4095,WO-4830,2026-10-03,Shift 3,ISBM-005,M-SOP-023,FR-023-HDPE-1000,2027,L,200,0,0,4,4,Conforming,Approved,Approved,Approved - First Pass,2026-10-04 16:36:30.923,—,Ana Silva
LOTE-M-SOP-013-4096,WO-4832,2026-10-04,Shift 2,ISBM-005,M-SOP-013,FR-013-PP-500,10917,M,315,0,2,11,13,Conforming,Approved,Approved,Approved - First Pass,2026-10-05 13:16:04.849,—,Carlos Mendes
LOTE-M-SOP-010-4097,WO-4833,2026-10-05,shift 1,ISBM-005,M-SOP-010,FR-010-PET-400,9841,L,200,0,0,6,6,Conforming,Approved,Approved,Approved - First Pass,2026-10-06 18:00:58.912,—,Elena Santos
LOTE-M-SOP-010-4098,WO-4836,2026-10-08,Shift 3,ISBM-005,M-SOP-010,FR-010-PET-400,28868,M,315,0,3,12,15,Conforming,Approved,Approved,Approved - First Pass,2026-10-09 13:44:10.532,—,Carlos Mendes
LOTE-M-SOP-023-4099,WO-4837,2026-10-08,Shift 2,ISBM-005,M-SOP-023,FR-023-HDPE-1000,1633,L,200,0,5,12,17,Conforming,Approved,Approved,Approved - First Pass,2026-10-10 04:11:14.784,—,Elena Santos
LOTE-M-SOP-027-4100,WO-4839,2026-10-10,Shift 3,ISBM-005,M-SOP-027,FR-027-HDPE-5000,1817,L,200,0,2,9,11,Conforming,Approved,Approved,Approved - First Pass,2026-10-10 23:14:02.305,—,Carlos Mendes
LOTE-M-SOP-023-4101,WO-4840,2026-10-10,Shift 2,ISBM-005,M-SOP-023,FR-023-HDPE-1000,3629,L,200,0,0,4,4,Conforming,Approved,Approved,Approved - First Pass,2026-10-12 03:56:47.277,—,Ana Silva
LOTE-M-SOP-023-4102,WO-4841,2026-10-11,Shift 1,ISBM-005,M-SOP-023,FR-023-HDPE-1000,1455,L,200,0,1,3,4,Conforming,Approved,Approved,Approved - First Pass,2026-10-11 23:51:18.735,—,Ana Silva
LOTE-M-SOP-010-4103,WO-4842,2026-10-11,Shift 3,ISBM-005,M-SOP-010,FR-010-PET-400,6250,L,200,0,0,4,4,Conforming,Approved,Approved,Approved - First Pass,2026-10-12 17:22:03.536,—,Ana Silva
LOTE-M-SOP-013-4104,WO-4843,2026-10-12,  Shift 2  ,ISBM-005,M-SOP-013,FR-013-PP-PCR-500,7716,L,200,0,0,3,3,Conforming,Approved,Approved,Approved - First Pass,2026-10-13 09:04:56.648,—,Carlos Mendes
LOTE-M-SOP-023-4105,WO-4844,2026-10-13,Shift 1,ISBM-005,M-SOP-023,FR-023-rPET-1000,3266,L,200,0,2,4,6,Conforming,Approved,Approved,Approved - First Pass,2026-10-14 14:55:44.901,—,Elena Santos
LOTE-M-SOP-010-4106,WO-4845,2026-10-13,Shift 2,ISBM-005,M-SOP-010,FR-010-PET-400,7560,L,200,0,1,0,1,Conforming,Approved,Approved,Approved - First Pass,2026-10-14 23:49:16.185,—,Beatriz Costa
LOTE-M-SOP-023-4107,WO-4848,2026-10-15,Shift 2,ISBM-005,M-SOP-023,FR-023-HDPE-1000,10858,M,315,0,2,16,18,Conforming,Approved,Approved,Approved - First Pass,2026-10-16 23:04:20.147,—,Elena Santos
LOTE-M-SOP-027-4108,WO-4849,2026-10-16,Shift 2,ISBM-005,M-SOP-027,FR-027-HDPE-5000,1864,L,200,0,0,0,0,Conforming,Approved,Approved,Approved - First Pass,2026-10-17 23:23:01.716,—,Diogo Ferreira
LOTE-M-SOP-027-4109,WO-4850,2026-10-17,  Shift 1  ,ISBM-005,M-SOP-027,FR-027-HDPE-5000,767,L,200,0,2,3,5,Conforming,Approved,Approved,Approved - First Pass,2026-10-18 13:49:52.927,—,Ana Silva
LOTE-M-SOP-010-4110,WO-4851,2026-10-18,Shift 1,ISBM-005,M-SOP-010,FR-010-PET-400,4635,L,200,0,2,8,10,Conforming,Approved,Approved,Approved - First Pass,2026-10-19 16:19:21.528,—,Ana Silva
LOTE-M-SOP-023-4111,WO-4854,2026-10-21,Shift 3,ISBM-005,M-SOP-023,FR-023-rPET-1000,10362,M,315,0,3,14,17,Conforming,Approved,Approved,Approved - First Pass,2026-10-22 14:45:53.885,—,Diogo Ferreira
LOTE-M-SOP-010-4112,WO-4855,2026-10-21,Shift 2,ISBM-005,M-SOP-010,FR-010-PET-400,3644,L,200,0,4,3,7,Conforming,Approved,Approved,Approved - First Pass,2026-10-23 09:12:47.318,—,Diogo Ferreira
LOTE-M-SOP-023-4113,WO-4857,2026-10-23,  Shift 1  ,ISBM-005,M-SOP-023,FR-023-rPET-1000,5107,L,200,0,4,9,13,Conforming,Approved,Approved,Approved - First Pass,2026-10-24 08:23:51.269,—,Carlos Mendes
LOTE-M-SOP-027-4114,WO-4859,2026-10-24,Shift 2,ISBM-005,M-SOP-027,FR-027-HDPE-5000,2199,L,200,1,0,5,6,Conforming,Rejected,Rejected,Rejected - Scrapped,2026-10-26 04:36:03.932,Leakage:1(Re=1),Diogo Ferreira
LOTE-M-SOP-013-4115,WO-4860,2026-10-25,Shift 2,ISBM-005,M-SOP-013,FR-013-MDPE-500,7769,L,200,0,4,6,10,Conforming,Approved,Approved,Approved - First Pass,2026-10-26 23:45:43.000,—,Diogo Ferreira
LOTE-M-SOP-010-4116,WO-4861,2026-10-26,Shift 1,ISBM-005,M-SOP-010,FR-010-PET-400,6490,L,200,0,0,2,2,Conforming,Approved,Approved,Approved - First Pass,2026-10-27 23:10:58.720,—,Beatriz Costa
LOTE-M-SOP-027-4117,WO-4862,2026-10-27,Shift 3,ISBM-005,M-SOP-027,FR-027-HDPE-5000,950,L,200,0,1,5,6,Conforming,Approved,Approved,Approved - First Pass,2026-10-28 05:00:45.953,—,Elena Santos
LOTE-M-SOP-010-4118,WO-4864,2026-10-28,Shift 2,ISBM-005,M-SOP-010,FR-010-PET-400,8912,L,200,0,2,3,5,Conforming,Approved,Approved,Approved - First Pass,2026-10-29 20:53:35.068,—,Elena Santos
LOTE-M-SOP-023-4119,WO-4867,2026-10-30,Shift 1,ISBM-005,M-SOP-023,FR-023-HDPE-1000,9868,L,200,0,2,6,8,Conforming,Approved,Approved,Approved - First Pass,2026-10-31 11:40:10.334,—,Beatriz Costa
LOTE-M-SOP-010-4120,WO-4868,2026-10-31,shift 1,ISBM-005,M-SOP-010,FR-010-PET-400,10606,M,315,0,0,2,2,Conforming,Approved,Approved,Approved - First Pass,2026-11-01 20:49:21.112,—,Elena Santos
LOTE-M-SOP-027-4121,WO-4870,2026-11-02,Shift 3,ISBM-005,M-SOP-027,FR-027-HDPE-5000,2613,L,200,0,1,5,6,Conforming,Approved,Approved,Approved - First Pass,2026-11-03 10:58:22.013,—,Beatriz Costa
LOTE-M-SOP-013-4122,WO-4873,2026-11-04,Shift 2,ISBM-005,M-SOP-013,FR-013-PP-PCR-500,18941,M,315,0,8,11,19,Conforming,Approved,Approved,Approved - First Pass,2026-11-05 19:05:04.801,—,Carlos Mendes
LOTE-M-SOP-023-4123,WO-4875,2026-11-06,Shift 2,ISBM-005,M-SOP-023,FR-023-rPET-1000,4603,L,200,0,1,7,8,Conforming,Approved,Approved,Approved - First Pass,2026-11-08 00:03:32.651,—,Ana Silva
LOTE-M-SOP-027-4124,WO-4877,2026-11-08,Shift 2,ISBM-005,M-SOP-027,FR-027-HDPE-5000,1634,L,200,0,3,9,12,Conforming,Approved,Approved,Approved - First Pass,2026-11-09 05:05:20.158,—,Diogo Ferreira
LOTE-M-SOP-013-4125,WO-4878,2026-11-09,Shift 3,ISBM-005,M-SOP-013,FR-013-PP-PCR-500,9281,L,200,0,3,9,12,Conforming,Approved,Approved,Approved - First Pass,2026-11-10 06:07:37.588,—,Beatriz Costa
LOTE-M-SOP-023-4126,WO-4879,2026-11-09,Shift 2,ISBM-005,M-SOP-023,FR-023-rPET-1000,2796,L,200,0,3,3,6,Conforming,Approved,Approved,Approved - First Pass,2026-11-11 02:34:33.540,—,Carlos Mendes
LOTE-M-SOP-010-4127,WO-4881,2026-11-10,Shift 3,ISBM-005,M-SOP-010,FR-010-PET-400,12837,M,315,0,1,7,8,Conforming,Approved,Approved,Approved - First Pass,2026-11-11 16:44:17.912,—,Ana Silva
LOTE-M-SOP-010-4128,WO-4884,2026-11-13,Shift 1,ISBM-005,M-SOP-010,FR-010-PET-400,20525,M,315,0,4,12,16,Conforming,Approved,Approved,Approved - First Pass,2026-11-14 21:25:44.951,—,Carlos Mendes
LOTE-M-SOP-010-4129,WO-4887,2026-11-15,Shift 2,ISBM-005,M-SOP-010,FR-010-PET-400,25458,M,315,0,2,11,13,Conforming,Approved,Approved,Approved - First Pass,2026-11-17 01:37:17.970,—,Beatriz Costa
LOTE-M-SOP-013-4130,WO-4889,2026-11-17,Shift 3,ISBM-005,M-SOP-013,FR-013-HDPE-500,10496,M,315,1,2,7,10,Conforming,Rejected,Approved,Approved - Released on Deviation,2026-11-17 22:36:08.225,—,Beatriz Costa
LOTE-M-SOP-013-4131,WO-4891,2026-11-18,Shift 2,ISBM-005,M-SOP-013,FR-013-PET-500,14096,M,315,0,2,13,15,Conforming,Approved,Approved,Approved - First Pass,2026-11-19 18:27:09.291,—,Elena Santos
LOTE-M-SOP-023-4132,WO-4893,2026-11-19,Shift 2,ISBM-005,M-SOP-023,FR-023-rPET-1000,7736,L,200,0,0,10,10,Conforming,Approved,Approved,Approved - First Pass,2026-11-21 02:42:25.053,—,Diogo Ferreira
LOTE-M-SOP-010-4133,WO-4896,2026-11-22,Shift 1,ISBM-005,M-SOP-010,FR-010-PET-400,30510,M,315,0,4,18,22,Conforming,Approved,Approved,Approved - First Pass,2026-11-23 13:17:18.339,—,Beatriz Costa
LOTE-M-SOP-027-4134,WO-4899,2026-11-24,Shift 1,ISBM-005,M-SOP-027,FR-027-HDPE-5000,3140,L,200,0,2,8,10,Conforming,Approved,Approved,Approved - First Pass,2026-11-25 17:04:46.916,—,Diogo Ferreira
LOTE-M-SOP-027-4135,WO-4900,2026-11-25,Shift 3,ISBM-005,M-SOP-027,FR-027-HDPE-5000,1276,L,200,0,0,10,10,Conforming,Approved,Approved,Approved - First Pass,2026-11-26 03:24:46.415,—,Diogo Ferreira
LOTE-M-SOP-023-4136,WO-4901,2026-11-25,Shift 2,ISBM-005,M-SOP-023,FR-023-rPET-1000,3362,L,200,0,0,3,3,Conforming,Approved,Approved,Approved - First Pass,2026-11-27 08:02:39.228,—,Carlos Mendes
LOTE-M-SOP-013-4137,WO-4903,2026-11-27,Shift 3,ISBM-005,M-SOP-013,FR-013-PVC-500,12352,M,315,0,2,12,14,Conforming,Approved,Approved,Approved - First Pass,2026-11-28 05:23:35.688,—,Carlos Mendes
LOTE-M-SOP-023-4138,WO-4904,2026-11-27,Shift 3,ISBM-005,M-SOP-023,FR-023-HDPE-1000,2548,L,200,1,0,3,4,Conforming,Rejected,Rejected,Rejected - Scrapped,2026-11-28 18:46:03.527,Leakage:1(Re=1),Ana Silva
LOTE-M-SOP-010-4139,WO-4907,2026-11-29,Shift 2,ISBM-005,M-SOP-010,FR-010-PET-400,17423,M,315,0,4,15,19,Conforming,Approved,Approved,Approved - First Pass,2026-11-30 21:43:33.331,—,Ana Silva
LOTE-M-SOP-013-4140,WO-4908,2026-11-30,SHIFT 1,ISBM-005,M-SOP-013,FR-013-LDPE-500,6706,L,200,0,2,7,9,Conforming,Approved,Approved,Approved - First Pass,2026-12-01 04:48:13.742,—,Elena Santos
LOTE-M-SOP-013-4141,WO-4909,2026-12-01,Shift 3,ISBM-005,M-SOP-013,FR-013-MDPE-500,8791,L,200,0,1,8,9,Conforming,Approved,Approved,Approved - First Pass,2026-12-02 12:20:50.989,—,Beatriz Costa
LOTE-M-SOP-023-4142,WO-4912,2026-12-03,Shift 3,ISBM-005,M-SOP-023,FR-023-HDPE-1000,6174,L,200,0,5,3,8,Conforming,Approved,Approved,Approved - First Pass,2026-12-04 14:26:03.085,—,Ana Silva
LOTE-M-SOP-013-4143,WO-4913,2026-12-04,Shift 3,ISBM-005,M-SOP-013,FR-013-rPET-500,6597,L,200,0,2,6,8,Conforming,Approved,Approved,Approved - First Pass,2026-12-05 15:20:46.743,—,Elena Santos
LOTE-M-SOP-010-4144,WO-4914,2026-12-05,Shift 3,ISBM-005,M-SOP-010,FR-010-PET-400,8725,L,200,0,2,3,5,Conforming,Approved,Approved,Approved - First Pass,2026-12-05 22:22:49.759,—,Elena Santos
LOTE-M-SOP-013-4145,WO-4915,2026-12-05,Shift 2,ISBM-005,M-SOP-013,FR-013-HDPE-500,7274,L,200,0,2,3,5,Conforming,Approved,Approved,Approved - First Pass,2026-12-06 15:46:31.413,—,Diogo Ferreira
LOTE-M-SOP-013-4146,WO-4916,2026-12-06,Shift 2,ISBM-005,M-SOP-013,FR-013-rPET-500,7831,L,200,0,0,3,3,Conforming,Approved,Approved,Approved - First Pass,2026-12-07 20:22:07.464,—,Beatriz Costa
LOTE-M-SOP-027-4147,WO-4917,2026-12-07,Shift 1,ISBM-005,M-SOP-027,FR-027-HDPE-5000,995,L,200,0,0,0,0,Conforming,Approved,Approved,Approved - First Pass,2026-12-08 23:05:38.870,—,Beatriz Costa
LOTE-M-SOP-027-4148,WO-4918,2026-12-08,Shift 3,ISBM-005,M-SOP-027,FR-027-HDPE-5000,1075,L,200,0,1,5,6,Conforming,Approved,Approved,Approved - First Pass,2026-12-08 21:33:41.104,—,Carlos Mendes
LOTE-M-SOP-023-4149,WO-4919,2026-12-08,Shift 2,ISBM-005,M-SOP-023,FR-023-rPET-1000,1577,L,200,0,3,4,7,Conforming,Approved,Approved,Approved - First Pass,2026-12-10 07:10:33.437,—,Ana Silva
LOTE-M-SOP-013-4150,WO-4922,2026-12-11,Shift 1,ISBM-005,M-SOP-013,FR-013-HDPE-PCR-500,21478,M,315,0,2,19,21,Conforming,Approved,Approved,Approved - First Pass,2026-12-11 20:35:39.669,—,Carlos Mendes
LOTE-M-SOP-027-4151,WO-4924,2026-12-12,  Shift 2  ,ISBM-005,M-SOP-027,FR-027-HDPE-5000,2193,L,200,0,3,8,11,Conforming,Approved,Approved,Approved - First Pass,2026-12-13 17:50:51.029,—,Elena Santos
LOTE-M-SOP-023-4152,WO-4926,2026-12-14,Shift 1,ISBM-005,M-SOP-023,FR-023-rPET-1000,8648,L,200,0,1,2,3,Conforming,Approved,Approved,Approved - First Pass,2026-12-15 18:51:46.808,—,Carlos Mendes
LOTE-M-SOP-013-4153,WO-4929,2026-12-16,Shift 1,ISBM-005,M-SOP-013,FR-013-LDPE-500,16893,M,315,1,6,12,19,Conforming,Rejected,Rejected,Rejected - Scrapped,2026-12-17 06:36:44.066,Leakage:1(Re=1),Elena Santos
LOTE-M-SOP-023-4154,WO-4930,2026-12-16,Shift 3,ISBM-005,M-SOP-023,FR-023-rPET-1000,2810,L,200,0,2,3,5,Conforming,Approved,Approved,Approved - First Pass,2026-12-18 02:14:18.642,—,Elena Santos
LOTE-M-SOP-010-4155,WO-4933,2026-12-19,Shift 3,ISBM-005,M-SOP-010,FR-010-PET-400,30067,M,315,0,3,8,11,Conforming,Approved,Approved,Approved - First Pass,2026-12-20 10:35:58.167,—,Diogo Ferreira
LOTE-M-SOP-013-4156,WO-4936,2026-12-21,Shift 2,ISBM-005,M-SOP-013,FR-013-HDPE-500,19367,M,315,0,5,12,17,Conforming,Approved,Approved,Approved - First Pass,2026-12-22 17:14:50.175,—,Diogo Ferreira
LOTE-M-SOP-013-4157,WO-4938,2026-12-23,Shift 3,ISBM-005,M-SOP-013,FR-013-PET-500,16033,M,315,0,2,11,13,Conforming,Approved,Approved,Approved - First Pass,2026-12-24 03:19:00.749,—,Elena Santos
LOTE-M-SOP-023-4158,WO-4940,2026-12-24,Shift 2,ISBM-005,M-SOP-023,FR-023-HDPE-1000,7248,L,200,0,2,11,13,Conforming,Approved,Approved,Approved - First Pass,2026-12-26 13:35:02.602,—,Ana Silva
LOTE-M-SOP-010-4159,WO-4942,2026-12-26,shift 1,ISBM-005,M-SOP-010,FR-010-PET-400,16456,M,315,0,3,3,6,Conforming,Approved,Approved,Approved - First Pass,2026-12-27 19:25:29.018,—,Ana Silva
LOTE-M-SOP-013-4160,WO-4945,2026-12-28,Shift 2,ISBM-005,M-SOP-013,FR-013-PET-500,21254,M,315,0,7,18,25,Conforming,Approved,Approved,Approved - First Pass,2026-12-30 07:20:37.903,—,Diogo Ferreira
LOTE-M-SOP-023-4161,WO-4947,2026-12-30,Shift 3,ISBM-005,M-SOP-023,FR-023-HDPE-1000,6079,L,200,0,6,13,19,Conforming,Approved,Approved,Approved - First Pass,2026-12-31 07:43:36.716,—,Beatriz Costa
LOTE-M-SOP-023-4162,WO-4948,2026-12-30,Shift 2,ISBM-005,M-SOP-023,FR-023-HDPE-1000,4033,L,200,0,2,6,8,Conforming,Approved,Approved,Approved - First Pass,2026-12-31 22:25:41.024,—,Diogo Ferreira
LOTE-M-SOP-011-4163,WO-4949,2025-07-01,Shift 3,ISBM-006,M-SOP-011,FR-011-PET-400,6082,L,200,0,0,1,1,Conforming,Approved,Approved,Approved - First Pass,2025-07-02 00:56:05.707,—,Carlos Mendes
LOTE-M-SOP-024-4164,WO-4951,2025-07-02,Shift 1,ISBM-006,M-SOP-024,FR-024-PET-1000,6929,L,200,0,4,6,10,Conforming,Approved,Approved,Approved - First Pass,2025-07-03 08:48:13.471,—,Carlos Mendes
LOTE-M-SOP-018-4165,WO-4952,2025-07-02,Shift 3,ISBM-006,M-SOP-018,FR-018-PETG-600,11951,M,315,0,2,14,16,Conforming,Approved,Approved,Approved - First Pass,2025-07-04 02:40:03.705,—,Diogo Ferreira
LOTE-M-SOP-024-4166,WO-4953,2025-07-03,Shift 3,ISBM-006,M-SOP-024,FR-024-PET-1000,4047,L,200,0,3,3,6,Conforming,Approved,Approved,Approved - First Pass,2025-07-05 04:37:57.244,—,Carlos Mendes
LOTE-M-SOP-028-4167,WO-4955,2025-07-05,SHIFT 1,ISBM-006,M-SOP-028,FR-028-HDPE-5000,2427,L,200,0,2,7,9,Conforming,Approved,Approved,Approved - First Pass,2025-07-06 17:13:21.849,—,Diogo Ferreira
LOTE-M-SOP-024-4168,WO-4957,2025-07-06,Shift 2,ISBM-006,M-SOP-024,FR-024-PET-1000,8110,L,200,0,1,5,6,Conforming,Approved,Approved,Approved - First Pass,2025-07-08 01:51:14.619,—,Beatriz Costa
LOTE-M-SOP-018-4169,WO-4959,2025-07-08,Shift 1,ISBM-006,M-SOP-018,FR-018-PET-600,14300,M,315,0,0,6,6,Conforming,Approved,Approved,Approved - First Pass,2025-07-09 15:33:06.800,—,Diogo Ferreira
LOTE-M-SOP-011-4170,WO-4960,2025-07-09,Shift 1,ISBM-006,M-SOP-011,FR-011-PET-400,5874,L,200,0,0,8,8,Conforming,Approved,Approved,Approved - First Pass,2025-07-10 00:18:32.653,—,Ana Silva
LOTE-M-SOP-024-4171,WO-4961,2025-07-09,Shift 2,ISBM-006,M-SOP-024,FR-024-PET-1000,3211,L,200,0,0,2,2,Conforming,Approved,Approved,Approved - First Pass,2025-07-11 02:48:51.102,—,Ana Silva
LOTE-M-SOP-018-4172,WO-4963,2025-07-10,SHIFT 3,ISBM-006,M-SOP-018,FR-018-rPET-600,17567,M,315,0,0,9,9,Conforming,Approved,Approved,Approved - First Pass,2025-07-12 18:15:15.726,—,Ana Silva
LOTE-M-SOP-011-4173,WO-4965,2025-07-12,Shift 2,ISBM-006,M-SOP-011,FR-011-PET-400,16220,M,315,0,3,15,18,Conforming,Approved,Approved,Approved - First Pass,2025-07-14 01:17:36.076,—,Diogo Ferreira
LOTE-M-SOP-011-4174,WO-4967,2025-07-13,SHIFT 2,ISBM-006,M-SOP-011,FR-011-PET-400,5853,L,200,0,2,1,3,Conforming,Approved,Approved,Approved - First Pass,2025-07-15 02:47:16.677,—,Carlos Mendes
LOTE-M-SOP-024-4175,WO-4970,2025-07-15,Shift 3,ISBM-006,M-SOP-024,FR-024-PET-1000,13636,M,315,0,3,12,15,Conforming,Approved,Approved,Approved - First Pass,2025-07-17 01:51:01.383,—,Diogo Ferreira
LOTE-M-SOP-014-4176,WO-4973,2025-07-18,Shift 3,ISBM-006,M-SOP-014,FR-014-rPET-500,21914,M,315,0,1,10,11,Conforming,Approved,Approved,Approved - First Pass,2025-07-19 03:44:31.136,—,Beatriz Costa
LOTE-M-SOP-018-4177,WO-4974,2025-07-18,SHIFT 2,ISBM-006,M-SOP-018,FR-018-PP-600,6710,L,200,0,4,2,6,Conforming,Approved,Approved,Approved - First Pass,2025-07-19 14:00:27.419,—,Carlos Mendes
LOTE-M-SOP-011-4178,WO-4976,2025-07-20,Shift 3,ISBM-006,M-SOP-011,FR-011-PET-400,20454,M,315,0,1,14,15,Conforming,Approved,Approved,Approved - First Pass,2025-07-21 04:37:50.587,—,Ana Silva
LOTE-M-SOP-024-4179,WO-4979,2025-07-22,  Shift 2  ,ISBM-006,M-SOP-024,FR-024-PET-1000,13082,M,315,0,7,17,24,Conforming,Approved,Approved,Approved - First Pass,2025-07-23 22:00:04.744,—,Elena Santos
LOTE-M-SOP-011-4180,WO-4982,2025-07-24,Shift 3,ISBM-006,M-SOP-011,FR-011-PET-400,24147,M,315,0,4,14,18,Conforming,Approved,Approved,Approved - First Pass,2025-07-25 06:37:55.635,—,Ana Silva
LOTE-M-SOP-011-4181,WO-4984,2025-07-25,Shift 2,ISBM-006,M-SOP-011,FR-011-PET-400,17488,M,315,0,2,7,9,Conforming,Approved,Approved,Approved - First Pass,2025-07-26 23:19:36.266,—,Carlos Mendes
LOTE-M-SOP-014-4182,WO-4985,2025-07-26,Shift 2,ISBM-006,M-SOP-014,FR-014-HDPE-PCR-500,7099,L,200,0,1,9,10,Conforming,Approved,Approved,Approved - First Pass,2025-07-27 23:57:26.896,—,Beatriz Costa
LOTE-M-SOP-028-4183,WO-4986,2025-07-27,Shift 1,ISBM-006,M-SOP-028,FR-028-HDPE-5000,1697,L,200,0,4,2,6,Conforming,Approved,Approved,Approved - First Pass,2025-07-28 17:03:45.284,—,Ana Silva
LOTE-M-SOP-028-4184,WO-4989,2025-07-29,Shift 2,ISBM-006,M-SOP-028,FR-028-HDPE-5000,2933,L,200,0,2,10,12,Conforming,Approved,Approved,Approved - First Pass,2025-07-30 17:59:30.280,—,Carlos Mendes
LOTE-M-SOP-018-4185,WO-4992,2025-07-31,Shift 2,ISBM-006,M-SOP-018,FR-018-PETG-600,22236,M,315,0,2,9,11,Conforming,Approved,Approved,Approved - First Pass,2025-08-02 00:00:24.052,—,Diogo Ferreira
LOTE-M-SOP-018-4186,WO-4995,2025-08-02,Shift 2,ISBM-006,M-SOP-018,FR-018-PETG-600,14925,M,315,0,3,4,7,Conforming,Approved,Approved,Approved - First Pass,2025-08-03 20:21:16.758,—,Elena Santos
LOTE-M-SOP-018-4187,WO-4996,2025-08-03,Shift 1,ISBM-006,M-SOP-018,FR-018-rPET-600,8849,L,200,0,1,7,8,Conforming,Approved,Approved,Approved - First Pass,2025-08-04 19:00:12.799,—,Ana Silva
LOTE-M-SOP-028-4188,WO-4997,2025-08-04,Shift 1,ISBM-006,M-SOP-028,FR-028-HDPE-5000,1212,L,200,0,0,4,4,Conforming,Approved,Approved,Approved - First Pass,2025-08-05 14:15:40.590,—,Ana Silva
LOTE-M-SOP-024-4189,WO-5000,2025-08-06,shift 3,ISBM-006,M-SOP-024,FR-024-PET-1000,9511,L,200,0,0,14,14,Conforming,Approved,Approved,Approved - First Pass,2025-08-07 11:04:00.650,—,Diogo Ferreira
LOTE-M-SOP-014-4190,WO-5003,2025-08-08,Shift 1,ISBM-006,M-SOP-014,FR-014-HDPE-PCR-500,28146,M,315,0,6,15,21,Conforming,Approved,Approved,Approved - First Pass,2025-08-09 15:19:20.118,—,Elena Santos
LOTE-M-SOP-024-4191,WO-5005,2025-08-09,Shift 2,ISBM-006,M-SOP-024,FR-024-PET-1000,4682,L,200,0,0,5,5,Conforming,Approved,Approved,Approved - First Pass,2025-08-10 11:27:14.416,—,Carlos Mendes
LOTE-M-SOP-014-4192,WO-5007,2025-08-11,Shift 3,ISBM-006,M-SOP-014,FR-014-PP-PCR-500,16866,M,315,0,4,7,11,Conforming,Approved,Approved,Approved - First Pass,2025-08-12 07:52:12.884,—,Diogo Ferreira
LOTE-M-SOP-018-4193,WO-5010,2025-08-13,Shift 1,ISBM-006,M-SOP-018,FR-018-MDPE-600,28001,M,315,0,8,13,21,Conforming,Approved,Approved,Approved - First Pass,2025-08-14 10:41:18.165,—,Beatriz Costa
LOTE-M-SOP-018-4194,WO-5012,2025-08-15,Shift 3,ISBM-006,M-SOP-018,FR-018-PP-600,15356,M,315,0,2,13,15,Conforming,Approved,Approved,Approved - First Pass,2025-08-15 18:16:39.717,—,Beatriz Costa
LOTE-M-SOP-024-4195,WO-5013,2025-08-15,Shift 2,ISBM-006,M-SOP-024,FR-024-PET-1000,2520,L,200,0,3,12,15,Conforming,Approved,Approved,Approved - First Pass,2025-08-17 02:34:09.717,—,Elena Santos
LOTE-M-SOP-011-4196,WO-5014,2025-08-16,Shift 2,ISBM-006,M-SOP-011,FR-011-PET-400,4664,L,200,0,2,3,5,Conforming,Approved,Approved,Approved - First Pass,2025-08-17 16:18:45.053,—,Beatriz Costa
LOTE-M-SOP-011-4197,WO-5017,2025-08-18,  Shift 1  ,ISBM-006,M-SOP-011,FR-011-PET-400,17977,M,315,0,4,16,20,Conforming,Approved,Approved,Approved - First Pass,2025-08-19 02:10:09.281,—,Beatriz Costa
LOTE-M-SOP-024-4198,WO-5018,2025-08-18,Shift 2,ISBM-006,M-SOP-024,FR-024-PET-1000,1613,L,200,0,0,6,6,Conforming,Approved,Approved,Approved - First Pass,2025-08-20 07:22:53.840,—,Beatriz Costa
LOTE-M-SOP-011-4199,WO-5019,2025-08-19,Shift 2,ISBM-006,M-SOP-011,FR-011-PET-400,4402,L,200,0,1,0,1,Conforming,Approved,Approved,Approved - First Pass,2025-08-20 14:16:23.407,—,Elena Santos
LOTE-M-SOP-014-4200,WO-5022,2025-08-21,shift 2,ISBM-006,M-SOP-014,FR-014-PETG-500,21794,M,315,0,3,11,14,Conforming,Approved,Approved,Approved - First Pass,2025-08-23 08:30:29.557,—,Diogo Ferreira
LOTE-M-SOP-028-4201,WO-5024,2025-08-23,Shift 1,ISBM-006,M-SOP-028,FR-028-HDPE-5000,1659,L,200,0,2,5,7,Conforming,Approved,Approved,Approved - First Pass,2025-08-24 12:31:23.321,—,Elena Santos
LOTE-M-SOP-028-4202,WO-5026,2025-08-24,Shift 1,ISBM-006,M-SOP-028,FR-028-HDPE-5000,1553,L,200,0,3,5,8,Conforming,Approved,Approved,Approved - First Pass,2025-08-24 23:27:29.389,—,Beatriz Costa
LOTE-M-SOP-014-4203,WO-5029,2025-08-26,Shift 1,ISBM-006,M-SOP-014,FR-014-PETG-500,24106,M,315,0,3,13,16,Conforming,Approved,Approved,Approved - First Pass,2025-08-27 01:16:19.474,—,Ana Silva
LOTE-M-SOP-028-4204,WO-5030,2025-08-26,Shift 2,ISBM-006,M-SOP-028,FR-028-HDPE-5000,1506,L,200,0,2,3,5,Conforming,Approved,Approved,Approved - First Pass,2025-08-28 03:45:12.858,—,Beatriz Costa
LOTE-M-SOP-011-4205,WO-5032,2025-08-28,Shift 1,ISBM-006,M-SOP-011,FR-011-PET-400,18231,M,315,0,1,6,7,Conforming,Approved,Approved,Approved - First Pass,2025-08-29 18:32:52.849,—,Carlos Mendes
LOTE-M-SOP-011-4206,WO-5033,2025-08-29,Shift 3,ISBM-006,M-SOP-011,FR-011-PET-400,8013,L,200,0,0,5,5,Conforming,Approved,Approved,Approved - First Pass,2025-08-30 04:51:13.575,—,Ana Silva
LOTE-M-SOP-028-4207,WO-5036,2025-08-31,Shift 1,ISBM-006,M-SOP-028,FR-028-HDPE-5000,4165,L,200,0,3,15,18,Conforming,Approved,Approved,Approved - First Pass,2025-09-01 00:15:34.694,—,Elena Santos
LOTE-M-SOP-011-4208,WO-5039,2025-09-02,Shift 1,ISBM-006,M-SOP-011,FR-011-PET-400,18344,M,315,0,0,5,5,Conforming,Approved,Approved,Approved - First Pass,2025-09-03 14:05:28.998,—,Diogo Ferreira
LOTE-M-SOP-018-4209,WO-5040,2025-09-02,shift 3,ISBM-006,M-SOP-018,FR-018-LDPE-600,11929,M,315,0,2,1,3,Conforming,Approved,Approved,Approved - First Pass,2025-09-04 05:11:38.666,—,Carlos Mendes
LOTE-M-SOP-014-4210,WO-5041,2025-09-03,Shift 2,ISBM-006,M-SOP-014,FR-014-PP-PCR-500,7615,L,200,0,0,0,0,Conforming,Approved,Approved,Approved - First Pass,2025-09-04 22:08:11.992,—,Ana Silva
LOTE-M-SOP-018-4211,WO-5043,2025-09-05,Shift 3,ISBM-006,M-SOP-018,FR-018-PP-600,10655,M,315,0,5,9,14,Conforming,Approved,Approved,Approved - First Pass,2025-09-06 06:41:30.857,—,Ana Silva
LOTE-M-SOP-018-4212,WO-5046,2025-09-06,Shift 3,ISBM-006,M-SOP-018,FR-018-rPET-600,20450,M,315,0,2,10,12,Conforming,Approved,Approved,Approved - First Pass,2025-09-07 09:46:10.778,—,Elena Santos
LOTE-M-SOP-018-4213,WO-5048,2025-09-08,Shift 3,ISBM-006,M-SOP-018,FR-018-PP-600,19706,M,315,0,4,10,14,Conforming,Approved,Approved,Approved - First Pass,2025-09-09 15:17:23.420,—,Beatriz Costa
LOTE-M-SOP-024-4214,WO-5049,2025-09-09,Shift 3,ISBM-006,M-SOP-024,FR-024-PET-1000,2640,L,200,0,1,5,6,Conforming,Approved,Approved,Approved - First Pass,2025-09-10 02:30:19.390,—,Diogo Ferreira
LOTE-M-SOP-024-4215,WO-5050,2025-09-09,Shift 1,ISBM-006,M-SOP-024,FR-024-PET-1000,5056,L,200,0,0,1,1,Conforming,Approved,Approved,Approved - First Pass,2025-09-10 15:20:05.977,—,Diogo Ferreira
LOTE-M-SOP-014-4216,WO-5051,2025-09-10,Shift 1,ISBM-006,M-SOP-014,FR-014-rPET-500,7874,L,200,0,0,1,1,Conforming,Approved,Approved,Approved - First Pass,2025-09-11 09:14:53.316,—,Ana Silva
LOTE-M-SOP-028-4217,WO-5054,2025-09-12,Shift 2,ISBM-006,M-SOP-028,FR-028-HDPE-5000,2797,L,200,0,2,18,20,Conforming,Approved,Approved,Approved - First Pass,2025-09-13 16:26:30.954,—,Elena Santos
LOTE-M-SOP-014-4218,WO-5057,2025-09-14,Shift 1,ISBM-006,M-SOP-014,FR-014-PP-PCR-500,21626,M,315,0,3,11,14,Conforming,Approved,Approved,Approved - First Pass,2025-09-15 17:33:00.306,—,Ana Silva
LOTE-M-SOP-024-4219,WO-5058,2025-09-15,Shift 3,ISBM-006,M-SOP-024,FR-024-PET-1000,1868,L,200,0,1,6,7,Conforming,Approved,Approved,Approved - First Pass,2025-09-16 06:03:01.117,—,Beatriz Costa
LOTE-M-SOP-018-4220,WO-5060,2025-09-16,Shift 1,ISBM-006,M-SOP-018,FR-018-LDPE-600,14877,M,315,0,9,12,21,Conforming,Approved,Approved,Approved - First Pass,2025-09-17 16:14:50.148,—,Carlos Mendes
LOTE-M-SOP-024-4221,WO-5061,2025-09-17,Shift 1,ISBM-006,M-SOP-024,FR-024-PET-1000,2537,L,200,0,1,0,1,Conforming,Approved,Approved,Approved - First Pass,2025-09-18 02:50:06.267,—,Carlos Mendes
LOTE-M-SOP-014-4222,WO-5063,2025-09-18,Shift 1,ISBM-006,M-SOP-014,FR-014-HDPE-PCR-500,9650,L,200,0,1,4,5,Conforming,Approved,Approved,Approved - First Pass,2025-09-19 15:53:14.038,—,Ana Silva
LOTE-M-SOP-011-4223,WO-5064,2025-09-19,Shift 3,ISBM-006,M-SOP-011,FR-011-PET-400,10014,M,315,0,1,7,8,Conforming,Approved,Approved,Approved - First Pass,2025-09-20 11:42:18.533,—,Beatriz Costa
LOTE-M-SOP-014-4224,WO-5066,2025-09-20,Shift 2,ISBM-006,M-SOP-014,FR-014-PP-PCR-500,14334,M,315,0,7,4,11,Conforming,Approved,Approved,Approved - First Pass,2025-09-21 23:02:33.089,—,Elena Santos
LOTE-M-SOP-024-4225,WO-5069,2025-09-22,Shift 1,ISBM-006,M-SOP-024,FR-024-PET-1000,11139,M,315,0,3,4,7,Conforming,Approved,Approved,Approved - First Pass,2025-09-24 07:25:52.140,—,Beatriz Costa
LOTE-M-SOP-028-4226,WO-5071,2025-09-24,Shift 1,ISBM-006,M-SOP-028,FR-028-HDPE-5000,1402,L,200,0,0,9,9,Conforming,Approved,Approved,Approved - First Pass,2025-09-24 19:37:09.205,—,Diogo Ferreira
LOTE-M-SOP-014-4227,WO-5074,2025-09-26,Shift 3,ISBM-006,M-SOP-014,FR-014-PP-500,23932,M,315,0,4,18,22,Conforming,Approved,Approved,Approved - First Pass,2025-09-27 12:32:44.992,—,Elena Santos
LOTE-M-SOP-014-4228,WO-5075,2025-09-26,Shift 2,ISBM-006,M-SOP-014,FR-014-HDPE-500,7129,L,200,0,3,7,10,Conforming,Approved,Approved,Approved - First Pass,2025-09-28 00:10:04.439,—,Beatriz Costa
LOTE-M-SOP-011-4229,WO-5078,2025-09-28,Shift 2,ISBM-006,M-SOP-011,FR-011-PET-400,25484,M,315,0,3,13,16,Conforming,Approved,Approved,Approved - First Pass,2025-09-29 23:57:31.157,—,Elena Santos
LOTE-M-SOP-028-4230,WO-5079,2025-09-29,Shift 1,ISBM-006,M-SOP-028,FR-028-HDPE-5000,654,L,200,0,0,4,4,Conforming,Approved,Approved,Approved - First Pass,2025-09-30 22:25:25.060,—,Elena Santos
LOTE-M-SOP-018-4231,WO-5080,2025-09-30,Shift 1,ISBM-006,M-SOP-018,FR-018-rPET-600,8368,L,200,0,1,0,1,Conforming,Approved,Approved,Approved - First Pass,2025-10-01 12:30:49.869,—,Ana Silva
LOTE-M-SOP-018-4232,WO-5081,2025-09-30,Shift 3,ISBM-006,M-SOP-018,FR-018-LDPE-600,5838,L,200,0,0,4,4,Conforming,Approved,Approved,Approved - First Pass,2025-10-02 04:10:36.048,—,Ana Silva
LOTE-M-SOP-024-4233,WO-5082,2025-10-01,Shift 1,ISBM-006,M-SOP-024,FR-024-PET-1000,3439,L,200,0,0,3,3,Conforming,Approved,Approved,Approved - First Pass,2025-10-02 18:44:41.845,—,Beatriz Costa
LOTE-M-SOP-014-4234,WO-5085,2025-10-03,Shift 2,ISBM-006,M-SOP-014,FR-014-HDPE-500,17227,M,315,0,3,11,14,Conforming,Approved,Approved,Approved - First Pass,2025-10-04 09:25:35.108,—,Elena Santos
LOTE-M-SOP-011-4235,WO-5087,2025-10-05,Shift 3,ISBM-006,M-SOP-011,FR-011-PET-400,13839,M,315,0,3,15,18,Conforming,Approved,Approved,Approved - First Pass,2025-10-05 17:56:30.159,—,Ana Silva
LOTE-M-SOP-011-4236,WO-5090,2025-10-07,Shift 3,ISBM-006,M-SOP-011,FR-011-PET-400,29748,M,315,0,1,5,6,Conforming,Approved,Approved,Approved - First Pass,2025-10-08 10:12:55.196,—,Diogo Ferreira
LOTE-M-SOP-018-4237,WO-5092,2025-10-08,Shift 2,ISBM-006,M-SOP-018,FR-018-HDPE-600,14619,M,315,0,6,6,12,Conforming,Approved,Approved,Approved - First Pass,2025-10-09 22:47:37.702,—,Ana Silva
LOTE-M-SOP-028-4238,WO-5093,2025-10-09,shift 2,ISBM-006,M-SOP-028,FR-028-HDPE-5000,818,L,200,1,3,4,8,Conforming,Rejected,Rejected,Rejected - Scrapped,2025-10-10 09:31:01.361,Leakage:1(Re=1),Diogo Ferreira
LOTE-M-SOP-028-4239,WO-5094,2025-10-10,Shift 3,ISBM-006,M-SOP-028,FR-028-HDPE-5000,1083,L,200,0,2,3,5,Conforming,Approved,Approved,Approved - First Pass,2025-10-10 21:06:12.459,—,Elena Santos
LOTE-M-SOP-028-4240,WO-5096,2025-10-11,Shift 3,ISBM-006,M-SOP-028,FR-028-HDPE-5000,2603,L,200,1,3,7,11,Conforming,Rejected,Rejected,Rejected - Scrapped,2025-10-12 05:14:57.632,Leakage:1(Re=1),Elena Santos
LOTE-M-SOP-028-4241,WO-5099,2025-10-13,Shift 1,ISBM-006,M-SOP-028,FR-028-HDPE-5000,3773,L,200,0,4,12,16,Conforming,Approved,Approved,Approved - First Pass,2025-10-14 14:02:13.957,—,Carlos Mendes
LOTE-M-SOP-024-4242,WO-5101,2025-10-14,Shift 2,ISBM-006,M-SOP-024,FR-024-PET-1000,5246,L,200,0,1,9,10,Conforming,Approved,Approved,Approved - First Pass,2025-10-15 21:46:03.991,—,Elena Santos
LOTE-M-SOP-028-4243,WO-5103,2025-10-16,Shift 3,ISBM-006,M-SOP-028,FR-028-HDPE-5000,2445,L,200,0,4,8,12,Conforming,Approved,Approved,Approved - First Pass,2025-10-17 07:39:33.781,—,Elena Santos
LOTE-M-SOP-028-4244,WO-5104,2025-10-17,Shift 3,ISBM-006,M-SOP-028,FR-028-HDPE-5000,951,L,200,0,0,3,3,Conforming,Approved,Approved,Approved - First Pass,2025-10-18 06:43:20.389,—,Elena Santos
LOTE-M-SOP-018-4245,WO-5106,2025-10-18,Shift 3,ISBM-006,M-SOP-018,FR-018-rPET-600,10486,M,315,0,3,7,10,Conforming,Approved,Approved,Approved - First Pass,2025-10-19 03:40:39.607,—,Diogo Ferreira
LOTE-M-SOP-011-4246,WO-5107,2025-10-18,Shift 2,ISBM-006,M-SOP-011,FR-011-PET-400,8225,L,200,0,1,1,2,Conforming,Approved,Approved,Approved - First Pass,2025-10-19 09:53:45.473,—,Beatriz Costa
LOTE-M-SOP-018-4247,WO-5108,2025-10-19,Shift 1,ISBM-006,M-SOP-018,FR-018-HDPE-600,6188,L,200,0,0,1,1,Conforming,Approved,Approved,Approved - First Pass,2025-10-20 00:06:15.791,—,Beatriz Costa
LOTE-M-SOP-014-4248,WO-5110,2025-10-20,Shift 2,ISBM-006,M-SOP-014,FR-014-PP-500,20325,M,315,0,5,23,28,Conforming,Approved,Approved,Approved - First Pass,2025-10-21 16:08:20.488,—,Beatriz Costa
LOTE-M-SOP-024-4249,WO-5111,2025-10-21,Shift 2,ISBM-006,M-SOP-024,FR-024-PET-1000,2444,L,200,0,1,3,4,Conforming,Approved,Approved,Approved - First Pass,2025-10-22 09:14:53.216,—,Elena Santos
LOTE-M-SOP-014-4250,WO-5114,2025-10-23,SHIFT 2,ISBM-006,M-SOP-014,FR-014-rPET-500,27175,M,315,0,4,18,22,Conforming,Approved,Approved,Approved - First Pass,2025-10-24 20:28:31.032,—,Ana Silva
LOTE-M-SOP-011-4251,WO-5115,2025-10-24,  Shift 1  ,ISBM-006,M-SOP-011,FR-011-PET-400,11575,M,315,0,4,5,9,Conforming,Approved,Approved,Approved - First Pass,2025-10-26 02:21:54.819,—,Elena Santos
LOTE-M-SOP-011-4252,WO-5116,2025-10-25,shift 1,ISBM-006,M-SOP-011,FR-011-PET-400,11363,M,315,1,1,0,2,Conforming,Rejected,Rejected,Rejected - Scrapped,2025-10-26 09:03:53.031,Leakage:1(Re=1),Carlos Mendes
LOTE-M-SOP-018-4253,WO-5118,2025-10-27,Shift 3,ISBM-006,M-SOP-018,FR-018-PETG-600,12322,M,315,0,6,6,12,Conforming,Approved,Approved,Approved - First Pass,2025-10-27 22:42:20.707,—,Diogo Ferreira
LOTE-M-SOP-024-4254,WO-5121,2025-10-28,Shift 2,ISBM-006,M-SOP-024,FR-024-PET-1000,9878,L,200,0,3,20,23,Conforming,Approved,Approved,Approved - First Pass,2025-10-29 16:58:06.211,—,Elena Santos
LOTE-M-SOP-011-4255,WO-5124,2025-10-31,Shift 3,ISBM-006,M-SOP-011,FR-011-PET-400,25388,M,315,0,6,14,20,Conforming,Approved,Approved,Approved - First Pass,2025-11-01 04:57:18.477,—,Diogo Ferreira
LOTE-M-SOP-014-4256,WO-5127,2025-11-01,Shift 2,ISBM-006,M-SOP-014,FR-014-PP-PCR-500,24836,M,315,0,1,9,10,Conforming,Approved,Approved,Approved - First Pass,2025-11-02 18:40:49.425,—,Diogo Ferreira
LOTE-M-SOP-024-4257,WO-5129,2025-11-03,Shift 1,ISBM-006,M-SOP-024,FR-024-PET-1000,7287,L,200,0,0,7,7,Conforming,Approved,Approved,Approved - First Pass,2025-11-04 08:43:26.278,—,Ana Silva
LOTE-M-SOP-018-4258,WO-5131,2025-11-04,Shift 2,ISBM-006,M-SOP-018,FR-018-PET-600,10151,M,315,0,4,9,13,Conforming,Approved,Approved,Approved - First Pass,2025-11-05 20:25:29.746,—,Carlos Mendes
LOTE-M-SOP-014-4259,WO-5133,2025-11-06,Shift 1,ISBM-006,M-SOP-014,FR-014-PETG-500,6987,L,200,0,2,7,9,Conforming,Approved,Approved,Approved - First Pass,2025-11-07 04:54:10.630,—,Elena Santos
LOTE-M-SOP-028-4260,WO-5135,2025-11-07,Shift 2,ISBM-006,M-SOP-028,FR-028-HDPE-5000,1785,L,200,1,1,4,6,Conforming,Rejected,Rejected,Rejected - Scrapped,2025-11-08 19:30:21.851,Leakage:1(Re=1),Carlos Mendes
LOTE-M-SOP-024-4261,WO-5137,2025-11-08,Shift 3,ISBM-006,M-SOP-024,FR-024-PET-1000,10153,M,315,0,2,7,9,Conforming,Approved,Approved,Approved - First Pass,2025-11-10 12:51:11.688,—,Beatriz Costa
LOTE-M-SOP-024-4262,WO-5139,2025-11-10,Shift 1,ISBM-006,M-SOP-024,FR-024-PET-1000,7425,L,200,1,3,11,15,Conforming,Rejected,Approved,Approved - Released on Deviation,2025-11-11 11:43:43.912,—,Diogo Ferreira
LOTE-M-SOP-028-4263,WO-5140,2025-11-11,Shift 3,ISBM-006,M-SOP-028,FR-028-HDPE-5000,1268,L,200,0,1,3,4,Conforming,Approved,Approved,Approved - First Pass,2025-11-12 04:43:08.962,—,Diogo Ferreira
LOTE-M-SOP-018-4264,WO-5141,2025-11-12,Shift 3,ISBM-006,M-SOP-018,FR-018-LDPE-600,793,L,200,0,0,5,5,Conforming,Approved,Approved,Approved - First Pass,2025-11-13 02:14:14.846,—,Diogo Ferreira
LOTE-M-SOP-024-4265,WO-5142,2025-11-12,Shift 2,ISBM-006,M-SOP-024,FR-024-PET-1000,3939,L,200,0,2,6,8,Conforming,Approved,Approved,Approved - First Pass,2025-11-13 13:43:26.038,—,Beatriz Costa
LOTE-M-SOP-014-4266,WO-5143,2025-11-13,Shift 1,ISBM-006,M-SOP-014,FR-014-PETG-500,7834,L,200,0,0,1,1,Conforming,Approved,Approved,Approved - First Pass,2025-11-14 08:48:35.007,—,Ana Silva
LOTE-M-SOP-011-4267,WO-5146,2025-11-15,Shift 2,ISBM-006,M-SOP-011,FR-011-PET-400,26794,M,315,0,4,18,22,Conforming,Approved,Approved,Approved - First Pass,2025-11-16 19:45:07.048,—,Beatriz Costa
LOTE-M-SOP-018-4268,WO-5148,2025-11-17,Shift 1,ISBM-006,M-SOP-018,FR-018-HDPE-PCR-600,16035,M,315,0,1,2,3,Conforming,Approved,Approved,Approved - First Pass,2025-11-18 07:11:42.532,—,Beatriz Costa
LOTE-M-SOP-018-4269,WO-5150,2025-11-18,Shift 1,ISBM-006,M-SOP-018,FR-018-rPET-600,14706,M,315,0,0,5,5,Conforming,Approved,Approved,Approved - First Pass,2025-11-19 10:05:05.032,—,Carlos Mendes
LOTE-M-SOP-014-4270,WO-5152,2025-11-19,Shift 2,ISBM-006,M-SOP-014,FR-014-PETG-500,17234,M,315,0,2,4,6,Conforming,Approved,Approved,Approved - First Pass,2025-11-20 20:00:04.740,—,Diogo Ferreira
LOTE-M-SOP-011-4271,WO-5153,2025-11-20,Shift 1,ISBM-006,M-SOP-011,FR-011-PET-400,7735,L,200,0,0,7,7,Conforming,Approved,Approved,Approved - First Pass,2025-11-21 12:52:58.316,—,Carlos Mendes
LOTE-M-SOP-011-4272,WO-5155,2025-11-21,Shift 1,ISBM-006,M-SOP-011,FR-011-PET-400,11610,M,315,0,4,7,11,Conforming,Approved,Approved,Approved - First Pass,2025-11-22 07:47:25.328,—,Beatriz Costa
LOTE-M-SOP-011-4273,WO-5156,2025-11-22,Shift 3,ISBM-006,M-SOP-011,FR-011-PET-400,11073,M,315,0,0,4,4,Conforming,Approved,Approved,Approved - First Pass,2025-11-23 15:55:48.348,—,Beatriz Costa
LOTE-M-SOP-024-4274,WO-5159,2025-11-24,Shift 3,ISBM-006,M-SOP-024,FR-024-PET-1000,8848,L,200,0,7,7,14,Conforming,Approved,Approved,Approved - First Pass,2025-11-25 00:43:24.935,—,Diogo Ferreira
LOTE-M-SOP-028-4275,WO-5161,2025-11-25,Shift 3,ISBM-006,M-SOP-028,FR-028-HDPE-5000,1790,L,200,0,2,5,7,Conforming,Approved,Approved,Approved - First Pass,2025-11-26 16:25:16.859,—,Diogo Ferreira
LOTE-M-SOP-024-4276,WO-5164,2025-11-27,Shift 1,ISBM-006,M-SOP-024,FR-024-PET-1000,8652,L,200,0,5,12,17,Conforming,Approved,Approved,Approved - First Pass,2025-11-28 12:29:51.545,—,Carlos Mendes
LOTE-M-SOP-028-4277,WO-5167,2025-11-29,shift 3,ISBM-006,M-SOP-028,FR-028-HDPE-5000,2702,L,200,1,6,15,22,Conforming,Rejected,Rejected,Rejected - Scrapped,2025-11-30 12:17:13.929,Leakage:1(Re=1),Diogo Ferreira
LOTE-M-SOP-024-4278,WO-5168,2025-11-29,Shift 2,ISBM-006,M-SOP-024,FR-024-PET-1000,2905,L,200,0,1,1,2,Conforming,Approved,Approved,Approved - First Pass,2025-11-30 22:33:43.725,—,Beatriz Costa
LOTE-M-SOP-014-4279,WO-5170,2025-11-30,Shift 2,ISBM-006,M-SOP-014,FR-014-HDPE-500,10235,M,315,0,0,11,11,Conforming,Approved,Approved,Approved - First Pass,2025-12-02 11:48:59.014,—,Carlos Mendes
LOTE-M-SOP-024-4280,WO-5172,2025-12-02,Shift 2,ISBM-006,M-SOP-024,FR-024-PET-1000,8439,L,200,0,0,4,4,Conforming,Approved,Approved,Approved - First Pass,2025-12-03 13:03:33.907,—,Beatriz Costa
LOTE-M-SOP-028-4281,WO-5173,2025-12-03,shift 1,ISBM-006,M-SOP-028,FR-028-HDPE-5000,1424,L,200,0,0,0,0,Conforming,Approved,Approved,Approved - First Pass,2025-12-04 06:43:32.500,—,Ana Silva
LOTE-M-SOP-018-4282,WO-5174,2025-12-04,Shift 3,ISBM-006,M-SOP-018,FR-018-PP-600,5418,L,200,0,0,3,3,Conforming,Approved,Approved,Approved - First Pass,2025-12-04 14:33:16.775,—,Carlos Mendes
LOTE-M-SOP-024-4283,WO-5175,2025-12-04,Shift 2,ISBM-006,M-SOP-024,FR-024-PET-1000,3535,L,200,0,0,4,4,Conforming,Approved,Approved,Approved - First Pass,2025-12-05 15:42:57.085,—,Elena Santos
LOTE-M-SOP-014-4284,WO-5176,2025-12-05,Shift 3,ISBM-006,M-SOP-014,FR-014-HDPE-500,9812,L,200,0,0,3,3,Conforming,Approved,Approved,Approved - First Pass,2025-12-06 15:24:14.173,—,Elena Santos
LOTE-M-SOP-014-4285,WO-5178,2025-12-06,Shift 2,ISBM-006,M-SOP-014,FR-014-PP-PCR-500,14795,M,315,0,0,5,5,Conforming,Approved,Approved,Approved - First Pass,2025-12-08 08:22:55.050,—,Beatriz Costa
LOTE-M-SOP-024-4286,WO-5181,2025-12-09,Shift 3,ISBM-006,M-SOP-024,FR-024-PET-1000,13239,M,315,0,5,18,23,Conforming,Approved,Approved,Approved - First Pass,2025-12-10 11:06:39.621,—,Elena Santos
LOTE-M-SOP-011-4287,WO-5184,2025-12-11,Shift 2,ISBM-006,M-SOP-011,FR-011-PET-400,23992,M,315,0,7,11,18,Conforming,Approved,Approved,Approved - First Pass,2025-12-13 00:11:33.861,—,Beatriz Costa
LOTE-M-SOP-024-4288,WO-5185,2025-12-12,Shift 1,ISBM-006,M-SOP-024,FR-024-PET-1000,5641,L,200,0,2,2,4,Conforming,Approved,Approved,Approved - First Pass,2025-12-13 16:26:09.486,—,Beatriz Costa
LOTE-M-SOP-028-4289,WO-5186,2025-12-13,Shift 3,ISBM-006,M-SOP-028,FR-028-HDPE-5000,1221,L,200,0,0,1,1,Conforming,Approved,Approved,Approved - First Pass,2025-12-14 09:10:44.808,—,Ana Silva
LOTE-M-SOP-011-4290,WO-5187,2025-12-13,Shift 2,ISBM-006,M-SOP-011,FR-011-PET-400,7366,L,200,0,1,12,13,Conforming,Approved,Approved,Approved - First Pass,2025-12-15 03:15:44.180,—,Diogo Ferreira
LOTE-M-SOP-011-4291,WO-5189,2025-12-15,Shift 1,ISBM-006,M-SOP-011,FR-011-PET-400,14562,M,315,0,5,5,10,Conforming,Approved,Approved,Approved - First Pass,2025-12-16 11:17:08.547,—,Carlos Mendes
LOTE-M-SOP-011-4292,WO-5192,2025-12-17,  Shift 1  ,ISBM-006,M-SOP-011,FR-011-PET-400,23212,M,315,1,4,15,20,Conforming,Rejected,Rejected,Rejected - Scrapped,2025-12-18 14:46:08.822,Leakage:1(Re=1),Diogo Ferreira
LOTE-M-SOP-018-4293,WO-5193,2025-12-18,Shift 1,ISBM-006,M-SOP-018,FR-018-PP-PCR-600,6635,L,200,0,0,5,5,Conforming,Approved,Approved,Approved - First Pass,2025-12-19 07:07:26.450,—,Carlos Mendes
LOTE-M-SOP-024-4294,WO-5195,2025-12-19,Shift 2,ISBM-006,M-SOP-024,FR-024-PET-1000,7232,L,200,1,3,9,13,Conforming,Rejected,Rejected,Rejected - Scrapped,2025-12-20 19:34:55.116,Leakage:1(Re=1),Elena Santos
LOTE-M-SOP-014-4295,WO-5196,2025-12-20,Shift 1,ISBM-006,M-SOP-014,FR-014-PP-PCR-500,4044,L,200,0,0,2,2,Conforming,Approved,Approved,Approved - First Pass,2025-12-21 17:14:50.264,—,Beatriz Costa
LOTE-M-SOP-018-4296,WO-5197,2025-12-21,shift 3,ISBM-006,M-SOP-018,FR-018-LDPE-600,10516,M,315,0,1,7,8,Conforming,Approved,Approved,Approved - First Pass,2025-12-21 22:22:21.778,—,Carlos Mendes
LOTE-M-SOP-014-4297,WO-5199,2025-12-22,SHIFT 1,ISBM-006,M-SOP-014,FR-014-HDPE-500,15337,M,315,0,3,10,13,Conforming,Approved,Approved,Approved - First Pass,2025-12-23 07:18:56.740,—,Diogo Ferreira
LOTE-M-SOP-018-4298,WO-5200,2025-12-23,Shift 3,ISBM-006,M-SOP-018,FR-018-HDPE-600,5307,L,200,0,0,5,5,Conforming,Approved,Approved,Approved - First Pass,2025-12-24 16:10:18.209,—,Ana Silva
LOTE-M-SOP-014-4299,WO-5201,2025-12-24,Shift 3,ISBM-006,M-SOP-014,FR-014-PP-500,6164,L,200,0,2,5,7,Conforming,Approved,Approved,Approved - First Pass,2025-12-25 07:47:47.742,—,Diogo Ferreira
LOTE-M-SOP-018-4300,WO-5203,2025-12-25,Shift 1,ISBM-006,M-SOP-018,FR-018-PP-600,12588,M,315,0,2,6,8,Conforming,Approved,Approved,Approved - First Pass,2025-12-26 11:15:07.556,—,Ana Silva
LOTE-M-SOP-011-4301,WO-5205,2025-12-26,Shift 2,ISBM-006,M-SOP-011,FR-011-PET-400,10964,M,315,0,0,4,4,Conforming,Approved,Approved,Approved - First Pass,2025-12-27 10:20:36.681,—,Diogo Ferreira
LOTE-M-SOP-024-4302,WO-5206,2025-12-27,Shift 1,ISBM-006,M-SOP-024,FR-024-PET-1000,3510,L,200,0,2,6,8,Conforming,Approved,Approved,Approved - First Pass,2025-12-28 02:42:37.849,—,Ana Silva
LOTE-M-SOP-024-4303,WO-5207,2025-12-27,Shift 2,ISBM-006,M-SOP-024,FR-024-PET-1000,3455,L,200,0,3,0,3,Conforming,Approved,Approved,Approved - First Pass,2025-12-28 16:06:12.846,—,Ana Silva
LOTE-M-SOP-018-4304,WO-5210,2025-12-30,Shift 3,ISBM-006,M-SOP-018,FR-018-MDPE-600,27279,M,315,0,2,8,10,Conforming,Approved,Approved,Approved - First Pass,2025-12-30 23:04:39.219,—,Carlos Mendes
LOTE-M-SOP-014-4305,WO-5213,2026-01-01,Shift 3,ISBM-006,M-SOP-014,FR-014-PP-500,27213,M,315,0,3,14,17,Conforming,Approved,Approved,Approved - First Pass,2026-01-02 06:15:01.420,—,Elena Santos
LOTE-M-SOP-018-4306,WO-5214,2026-01-02,Shift 3,ISBM-006,M-SOP-018,FR-018-PP-600,7279,L,200,0,2,7,9,Conforming,Approved,Approved,Approved - First Pass,2026-01-02 21:54:51.965,—,Ana Silva
LOTE-M-SOP-018-4307,WO-5217,2026-01-03,Shift 2,ISBM-006,M-SOP-018,FR-018-rPET-600,18056,M,315,0,1,17,18,Conforming,Approved,Approved,Approved - First Pass,2026-01-04 09:09:52.114,—,Carlos Mendes
LOTE-M-SOP-018-4308,WO-5218,2026-01-04,Shift 3,ISBM-006,M-SOP-018,FR-018-rPET-600,12845,M,315,0,1,2,3,Conforming,Approved,Approved,Approved - First Pass,2026-01-05 17:06:05.403,—,Elena Santos
LOTE-M-SOP-018-4309,WO-5220,2026-01-05,Shift 2,ISBM-006,M-SOP-018,FR-018-PETG-600,16867,M,315,0,4,4,8,Conforming,Approved,Approved,Approved - First Pass,2026-01-06 16:39:05.847,—,Carlos Mendes
LOTE-M-SOP-014-4310,WO-5221,2026-01-06,Shift 1,ISBM-006,M-SOP-014,FR-014-HDPE-PCR-500,6296,L,200,0,0,1,1,Conforming,Approved,Approved,Approved - First Pass,2026-01-07 15:01:37.383,—,Elena Santos
LOTE-M-SOP-018-4311,WO-5222,2026-01-07,Shift 3,ISBM-006,M-SOP-018,FR-018-MDPE-600,9407,L,200,0,2,3,5,Conforming,Approved,Approved,Approved - First Pass,2026-01-08 12:17:40.303,—,Ana Silva
LOTE-M-SOP-024-4312,WO-5224,2026-01-08,  Shift 1  ,ISBM-006,M-SOP-024,FR-024-PET-1000,7186,L,200,0,3,4,7,Conforming,Approved,Approved,Approved - First Pass,2026-01-09 23:01:45.698,—,Ana Silva
LOTE-M-SOP-018-4313,WO-5226,2026-01-10,shift 3,ISBM-006,M-SOP-018,FR-018-PP-PCR-600,14778,M,315,0,1,4,5,Conforming,Approved,Approved,Approved - First Pass,2026-01-11 11:54:03.175,—,Elena Santos
LOTE-M-SOP-011-4314,WO-5227,2026-01-10,Shift 3,ISBM-006,M-SOP-011,FR-011-PET-400,1756,L,200,0,0,1,1,Conforming,Approved,Approved,Approved - First Pass,2026-01-12 07:59:21.528,—,Ana Silva
LOTE-M-SOP-024-4315,WO-5230,2026-01-13,Shift 3,ISBM-006,M-SOP-024,FR-024-PET-1000,11601,M,315,0,5,5,10,Conforming,Approved,Approved,Approved - First Pass,2026-01-14 10:33:52.388,—,Elena Santos
LOTE-M-SOP-011-4316,WO-5232,2026-01-14,shift 1,ISBM-006,M-SOP-011,FR-011-PET-400,15545,M,315,0,1,5,6,Conforming,Approved,Approved,Approved - First Pass,2026-01-15 10:07:15.812,—,Elena Santos
LOTE-M-SOP-018-4317,WO-5234,2026-01-15,Shift 2,ISBM-006,M-SOP-018,FR-018-LDPE-600,17309,M,315,0,2,8,10,Conforming,Approved,Approved,Approved - First Pass,2026-01-17 00:23:50.162,—,Ana Silva
LOTE-M-SOP-018-4318,WO-5237,2026-01-17,Shift 3,ISBM-006,M-SOP-018,FR-018-HDPE-PCR-600,16004,M,315,0,4,10,14,Conforming,Approved,Approved,Approved - First Pass,2026-01-18 02:17:58.421,—,Elena Santos
LOTE-M-SOP-011-4319,WO-5239,2026-01-18,Shift 1,ISBM-006,M-SOP-011,FR-011-PET-400,10629,M,315,0,5,5,10,Conforming,Approved,Approved,Approved - First Pass,2026-01-19 14:02:58.482,—,Diogo Ferreira
LOTE-M-SOP-018-4320,WO-5242,2026-01-20,SHIFT 1,ISBM-006,M-SOP-018,FR-018-PP-600,25420,M,315,0,2,9,11,Conforming,Approved,Approved,Approved - First Pass,2026-01-21 06:17:05.130,—,Carlos Mendes
LOTE-M-SOP-028-4321,WO-5244,2026-01-21,Shift 2,ISBM-006,M-SOP-028,FR-028-HDPE-5000,1887,L,200,0,2,10,12,Conforming,Approved,Approved,Approved - First Pass,2026-01-22 16:44:22.836,—,Beatriz Costa
LOTE-M-SOP-018-4322,WO-5245,2026-01-22,Shift 1,ISBM-006,M-SOP-018,FR-018-PETG-600,6825,L,200,0,4,3,7,Conforming,Approved,Approved,Approved - First Pass,2026-01-23 10:10:51.597,—,Ana Silva
LOTE-M-SOP-018-4323,WO-5246,2026-01-23,Shift 3,ISBM-006,M-SOP-018,FR-018-HDPE-PCR-600,6783,L,200,0,1,4,5,Conforming,Approved,Approved,Approved - First Pass,2026-01-24 03:19:51.757,—,Beatriz Costa
LOTE-M-SOP-028-4324,WO-5248,2026-01-24,Shift 1,ISBM-006,M-SOP-028,FR-028-HDPE-5000,1915,L,200,0,2,7,9,Conforming,Approved,Approved,Approved - First Pass,2026-01-25 07:05:08.317,—,Diogo Ferreira
LOTE-M-SOP-028-4325,WO-5251,2026-01-26,Shift 3,ISBM-006,M-SOP-028,FR-028-HDPE-5000,3866,L,200,0,2,10,12,Conforming,Approved,Approved,Approved - First Pass,2026-01-27 11:39:42.790,—,Elena Santos
LOTE-M-SOP-018-4326,WO-5252,2026-01-26,Shift 2,ISBM-006,M-SOP-018,FR-018-HDPE-PCR-600,8484,L,200,0,0,1,1,Conforming,Approved,Approved,Approved - First Pass,2026-01-28 02:51:59.521,—,Elena Santos
LOTE-M-SOP-028-4327,WO-5254,2026-01-28,Shift 3,ISBM-006,M-SOP-028,FR-028-HDPE-5000,1862,L,200,0,1,8,9,Conforming,Approved,Approved,Approved - First Pass,2026-01-28 18:01:32.147,—,Carlos Mendes
LOTE-M-SOP-028-4328,WO-5255,2026-01-28,Shift 2,ISBM-006,M-SOP-028,FR-028-HDPE-5000,1086,L,200,0,2,1,3,Conforming,Approved,Approved,Approved - First Pass,2026-01-29 08:36:40.282,—,Elena Santos
LOTE-M-SOP-018-4329,WO-5258,2026-01-30,Shift 2,ISBM-006,M-SOP-018,FR-018-LDPE-600,17318,M,315,0,5,15,20,Conforming,Approved,Approved,Approved - First Pass,2026-01-31 17:09:40.527,—,Elena Santos
LOTE-M-SOP-018-4330,WO-5259,2026-01-31,Shift 1,ISBM-006,M-SOP-018,FR-018-PP-PCR-600,4715,L,200,0,1,8,9,Conforming,Approved,Approved,Approved - First Pass,2026-02-01 12:57:00.713,—,Ana Silva
LOTE-M-SOP-018-4331,WO-5260,2026-01-31,Shift 3,ISBM-006,M-SOP-018,FR-018-HDPE-PCR-600,5204,L,200,0,2,5,7,Conforming,Approved,Approved,Approved - First Pass,2026-02-01 13:11:47.349,—,Beatriz Costa
LOTE-M-SOP-018-4332,WO-5263,2026-02-02,Shift 3,ISBM-006,M-SOP-018,FR-018-PET-600,23650,M,315,0,7,9,16,Conforming,Approved,Approved,Approved - First Pass,2026-02-04 06:17:01.788,—,Beatriz Costa
LOTE-M-SOP-011-4333,WO-5265,2026-02-04,  Shift 3  ,ISBM-006,M-SOP-011,FR-011-PET-400,16717,M,315,0,4,5,9,Conforming,Approved,Approved,Approved - First Pass,2026-02-05 04:28:55.775,—,Carlos Mendes
LOTE-M-SOP-011-4334,WO-5266,2026-02-04,Shift 2,ISBM-006,M-SOP-011,FR-011-PET-400,7125,L,200,0,1,1,2,Conforming,Approved,Approved,Approved - First Pass,2026-02-05 20:08:25.301,—,Diogo Ferreira
LOTE-M-SOP-028-4335,WO-5268,2026-02-06,shift 1,ISBM-006,M-SOP-028,FR-028-HDPE-5000,1892,L,200,0,1,0,1,Conforming,Approved,Approved,Approved - First Pass,2026-02-07 05:10:24.570,—,Diogo Ferreira
LOTE-M-SOP-014-4336,WO-5270,2026-02-07,Shift 1,ISBM-006,M-SOP-014,FR-014-PP-PCR-500,9847,L,200,0,4,1,5,Conforming,Approved,Approved,Approved - First Pass,2026-02-08 11:22:52.083,—,Diogo Ferreira
LOTE-M-SOP-014-4337,WO-5272,2026-02-08,Shift 1,ISBM-006,M-SOP-014,FR-014-PP-PCR-500,10895,M,315,0,0,9,9,Conforming,Approved,Approved,Approved - First Pass,2026-02-08 23:43:05.665,—,Ana Silva
LOTE-M-SOP-024-4338,WO-5274,2026-02-09,Shift 2,ISBM-006,M-SOP-024,FR-024-PET-1000,8521,L,200,0,2,16,18,Conforming,Approved,Approved,Approved - First Pass,2026-02-11 02:06:29.675,—,Carlos Mendes
LOTE-M-SOP-028-4339,WO-5275,2026-02-10,Shift 1,ISBM-006,M-SOP-028,FR-028-HDPE-5000,767,L,200,0,0,6,6,Conforming,Approved,Approved,Approved - First Pass,2026-02-11 16:31:02.437,—,Diogo Ferreira
LOTE-M-SOP-024-4340,WO-5276,2026-02-11,Shift 3,ISBM-006,M-SOP-024,FR-024-PET-1000,4719,L,200,0,2,5,7,Conforming,Approved,Approved,Approved - First Pass,2026-02-12 00:17:32.669,—,Carlos Mendes
LOTE-M-SOP-024-4341,WO-5278,2026-02-12,Shift 2,ISBM-006,M-SOP-024,FR-024-PET-1000,6604,L,200,0,1,7,8,Conforming,Approved,Approved,Approved - First Pass,2026-02-14 00:27:30.615,—,Elena Santos
LOTE-M-SOP-018-4342,WO-5280,2026-02-13,Shift 3,ISBM-006,M-SOP-018,FR-018-PP-PCR-600,12736,M,315,0,0,4,4,Conforming,Approved,Approved,Approved - First Pass,2026-02-14 13:51:11.627,—,Beatriz Costa
LOTE-M-SOP-011-4343,WO-5282,2026-02-15,Shift 3,ISBM-006,M-SOP-011,FR-011-PET-400,15895,M,315,0,1,7,8,Conforming,Approved,Approved,Approved - First Pass,2026-02-16 03:47:03.608,—,Diogo Ferreira
LOTE-M-SOP-024-4344,WO-5284,2026-02-16,Shift 1,ISBM-006,M-SOP-024,FR-024-PET-1000,8718,L,200,0,1,10,11,Conforming,Approved,Approved,Approved - First Pass,2026-02-17 10:45:39.072,—,Diogo Ferreira
LOTE-M-SOP-014-4345,WO-5285,2026-02-17,Shift 1,ISBM-006,M-SOP-014,FR-014-rPET-500,8338,L,200,0,0,1,1,Conforming,Approved,Approved,Approved - First Pass,2026-02-18 05:25:02.773,—,Elena Santos
LOTE-M-SOP-024-4346,WO-5287,2026-02-18,Shift 2,ISBM-006,M-SOP-024,FR-024-PET-1000,7315,L,200,0,2,9,11,Conforming,Approved,Approved,Approved - First Pass,2026-02-20 02:30:14.281,—,Carlos Mendes
LOTE-M-SOP-011-4347,WO-5290,2026-02-20,Shift 2,ISBM-006,M-SOP-011,FR-011-PET-400,18645,M,315,0,3,3,6,Conforming,Approved,Approved,Approved - First Pass,2026-02-21 15:18:19.163,—,Elena Santos
LOTE-M-SOP-014-4348,WO-5292,2026-02-22,Shift 3,ISBM-006,M-SOP-014,FR-014-HDPE-500,13979,M,315,0,2,2,4,Conforming,Approved,Approved,Approved - First Pass,2026-02-23 01:47:00.663,—,Elena Santos
LOTE-M-SOP-028-4349,WO-5294,2026-02-23,Shift 2,ISBM-006,M-SOP-028,FR-028-HDPE-5000,2427,L,200,1,1,15,17,Conforming,Rejected,Approved,Approved - Released on Deviation,2026-02-24 18:30:06.382,—,Beatriz Costa
LOTE-M-SOP-018-4350,WO-5297,2026-02-26,Shift 3,ISBM-006,M-SOP-018,FR-018-HDPE-PCR-600,28676,M,315,1,2,7,10,Conforming,Rejected,Rejected,Rejected - Scrapped,2026-02-27 00:39:27.342,Leakage:1(Re=1),Diogo Ferreira
LOTE-M-SOP-018-4351,WO-5300,2026-02-28,Shift 1,ISBM-006,M-SOP-018,FR-018-PET-600,20238,M,315,0,4,10,14,Conforming,Approved,Approved,Approved - First Pass,2026-03-01 02:18:36.230,—,Elena Santos
LOTE-M-SOP-018-4352,WO-5303,2026-03-02,Shift 3,ISBM-006,M-SOP-018,FR-018-HDPE-600,17789,M,315,0,1,13,14,Conforming,Approved,Approved,Approved - First Pass,2026-03-03 01:49:14.615,—,Beatriz Costa
LOTE-M-SOP-018-4353,WO-5305,2026-03-03,Shift 1,ISBM-006,M-SOP-018,FR-018-PET-600,20288,M,315,0,4,4,8,Conforming,Approved,Approved,Approved - First Pass,2026-03-04 20:50:36.368,—,Beatriz Costa
LOTE-M-SOP-024-4354,WO-5308,2026-03-05,Shift 1,ISBM-006,M-SOP-024,FR-024-PET-1000,12204,M,315,0,3,15,18,Conforming,Approved,Approved,Approved - First Pass,2026-03-06 15:45:52.151,—,Diogo Ferreira
LOTE-M-SOP-014-4355,WO-5310,2026-03-07,Shift 3,ISBM-006,M-SOP-014,FR-014-PP-PCR-500,16588,M,315,0,4,10,14,Conforming,Approved,Approved,Approved - First Pass,2026-03-08 06:43:16.337,—,Beatriz Costa
LOTE-M-SOP-024-4356,WO-5312,2026-03-08,Shift 1,ISBM-006,M-SOP-024,FR-024-PET-1000,6771,L,200,0,1,1,2,Conforming,Approved,Approved,Approved - First Pass,2026-03-09 15:43:37.928,—,Beatriz Costa
LOTE-M-SOP-028-4357,WO-5314,2026-03-09,SHIFT 2,ISBM-006,M-SOP-028,FR-028-HDPE-5000,1980,L,200,0,3,14,17,Conforming,Approved,Approved,Approved - First Pass,2026-03-10 09:28:07.677,—,Carlos Mendes
LOTE-M-SOP-018-4358,WO-5317,2026-03-11,Shift 3,ISBM-006,M-SOP-018,FR-018-HDPE-PCR-600,24957,M,315,0,2,5,7,Conforming,Approved,Approved,Approved - First Pass,2026-03-12 20:19:20.060,—,Ana Silva
LOTE-M-SOP-028-4359,WO-5318,2026-03-12,shift 2,ISBM-006,M-SOP-028,FR-028-HDPE-5000,1130,L,200,0,3,1,4,Conforming,Approved,Approved,Approved - First Pass,2026-03-13 20:58:29.003,—,Beatriz Costa
LOTE-M-SOP-014-4360,WO-5321,2026-03-14,Shift 2,ISBM-006,M-SOP-014,FR-014-HDPE-PCR-500,22935,M,315,0,3,16,19,Conforming,Approved,Approved,Approved - First Pass,2026-03-15 07:56:20.394,—,Elena Santos
LOTE-M-SOP-018-4361,WO-5323,2026-03-15,Shift 2,ISBM-006,M-SOP-018,FR-018-HDPE-600,16075,M,315,0,2,22,24,Conforming,Approved,Approved,Approved - First Pass,2026-03-16 23:44:18.644,—,Diogo Ferreira
LOTE-M-SOP-028-4362,WO-5326,2026-03-17,Shift 2,ISBM-006,M-SOP-028,FR-028-HDPE-5000,3943,L,200,0,3,13,16,Conforming,Approved,Approved,Approved - First Pass,2026-03-19 00:46:06.385,—,Elena Santos
LOTE-M-SOP-014-4363,WO-5327,2026-03-18,Shift 2,ISBM-006,M-SOP-014,FR-014-PETG-500,9404,L,200,0,1,10,11,Conforming,Approved,Approved,Approved - First Pass,2026-03-19 23:29:00.674,—,Carlos Mendes
LOTE-M-SOP-024-4364,WO-5329,2026-03-20,Shift 3,ISBM-006,M-SOP-024,FR-024-PET-1000,4862,L,200,0,2,9,11,Conforming,Approved,Approved,Approved - First Pass,2026-03-20 23:34:12.025,—,Ana Silva
LOTE-M-SOP-028-4365,WO-5331,2026-03-21,Shift 1,ISBM-006,M-SOP-028,FR-028-HDPE-5000,2293,L,200,0,3,3,6,Conforming,Approved,Approved,Approved - First Pass,2026-03-22 23:07:40.472,—,Diogo Ferreira
LOTE-M-SOP-011-4366,WO-5334,2026-03-23,Shift 2,ISBM-006,M-SOP-011,FR-011-PET-400,23996,M,315,0,2,11,13,Conforming,Approved,Approved,Approved - First Pass,2026-03-25 08:42:53.682,—,Ana Silva
LOTE-M-SOP-011-4367,WO-5335,2026-03-24,Shift 2,ISBM-006,M-SOP-011,FR-011-PET-400,8079,L,200,0,0,5,5,Conforming,Approved,Approved,Approved - First Pass,2026-03-26 02:54:28.133,—,Beatriz Costa
LOTE-M-SOP-024-4368,WO-5336,2026-03-25,Shift 1,ISBM-006,M-SOP-024,FR-024-PET-1000,1774,L,200,0,0,6,6,Conforming,Approved,Approved,Approved - First Pass,2026-03-26 14:29:03.674,—,Beatriz Costa
LOTE-M-SOP-014-4369,WO-5339,2026-03-27,Shift 1,ISBM-006,M-SOP-014,FR-014-HDPE-PCR-500,20943,M,315,0,2,13,15,Conforming,Approved,Approved,Approved - First Pass,2026-03-28 14:06:47.027,—,Ana Silva
LOTE-M-SOP-011-4370,WO-5340,2026-03-28,Shift 3,ISBM-006,M-SOP-011,FR-011-PET-400,5712,L,200,0,3,3,6,Conforming,Approved,Approved,Approved - First Pass,2026-03-28 23:54:22.209,—,Carlos Mendes
LOTE-M-SOP-028-4371,WO-5342,2026-03-29,Shift 1,ISBM-006,M-SOP-028,FR-028-HDPE-5000,3190,L,200,0,0,9,9,Conforming,Approved,Approved,Approved - First Pass,2026-03-30 15:14:46.647,—,Diogo Ferreira
LOTE-M-SOP-018-4372,WO-5343,2026-03-30,SHIFT 3,ISBM-006,M-SOP-018,FR-018-PETG-600,12214,M,315,0,1,0,1,Conforming,Approved,Approved,Approved - First Pass,2026-03-31 07:42:50.965,—,Elena Santos
LOTE-M-SOP-014-4373,WO-5344,2026-03-31,Shift 3,ISBM-006,M-SOP-014,FR-014-HDPE-500,6177,L,200,0,2,7,9,Conforming,Approved,Approved,Approved - First Pass,2026-03-31 22:28:31.427,—,Elena Santos
LOTE-M-SOP-011-4374,WO-5345,2026-03-31,Shift 2,ISBM-006,M-SOP-011,FR-011-PET-400,10403,M,315,0,2,1,3,Conforming,Approved,Approved,Approved - First Pass,2026-04-01 18:49:53.372,—,Diogo Ferreira
LOTE-M-SOP-024-4375,WO-5347,2026-04-02,Shift 1,ISBM-006,M-SOP-024,FR-024-PET-1000,6444,L,200,0,1,8,9,Conforming,Approved,Approved,Approved - First Pass,2026-04-03 04:43:28.266,—,Ana Silva
LOTE-M-SOP-018-4376,WO-5349,2026-04-03,  Shift 3  ,ISBM-006,M-SOP-018,FR-018-MDPE-600,14433,M,315,0,3,13,16,Conforming,Approved,Approved,Approved - First Pass,2026-04-04 14:54:11.329,—,Ana Silva
LOTE-M-SOP-028-4377,WO-5350,2026-04-04,Shift 3,ISBM-006,M-SOP-028,FR-028-HDPE-5000,1199,L,200,0,0,2,2,Conforming,Approved,Approved,Approved - First Pass,2026-04-05 09:45:16.319,—,Diogo Ferreira
LOTE-M-SOP-011-4378,WO-5351,2026-04-04,Shift 2,ISBM-006,M-SOP-011,FR-011-PET-400,5679,L,200,0,0,7,7,Conforming,Approved,Approved,Approved - First Pass,2026-04-05 21:47:04.008,—,Diogo Ferreira
LOTE-M-SOP-028-4379,WO-5352,2026-04-05,shift 1,ISBM-006,M-SOP-028,FR-028-HDPE-5000,1297,L,200,0,0,1,1,Conforming,Approved,Approved,Approved - First Pass,2026-04-06 11:02:05.821,—,Elena Santos
LOTE-M-SOP-018-4380,WO-5355,2026-04-07,Shift 1,ISBM-006,M-SOP-018,FR-018-MDPE-600,26962,M,315,1,1,14,16,Conforming,Rejected,Rejected,Rejected - Scrapped,2026-04-09 04:43:07.458,Leakage:1(Re=1),Diogo Ferreira
LOTE-M-SOP-014-4381,WO-5358,2026-04-10,Shift 3,ISBM-006,M-SOP-014,FR-014-PP-500,27755,M,315,0,5,20,25,Conforming,Approved,Approved,Approved - First Pass,2026-04-10 17:45:44.772,—,Diogo Ferreira
LOTE-M-SOP-018-4382,WO-5360,2026-04-11,Shift 1,ISBM-006,M-SOP-018,FR-018-HDPE-PCR-600,13246,M,315,0,0,7,7,Conforming,Approved,Approved,Approved - First Pass,2026-04-12 03:31:25.083,—,Ana Silva
LOTE-M-SOP-011-4383,WO-5361,2026-04-11,Shift 2,ISBM-006,M-SOP-011,FR-011-PET-400,5018,L,200,0,1,3,4,Conforming,Approved,Approved,Approved - First Pass,2026-04-12 16:12:40.000,—,Ana Silva
LOTE-M-SOP-024-4384,WO-5362,2026-04-12,Shift 1,ISBM-006,M-SOP-024,FR-024-PET-1000,4427,L,200,0,1,5,6,Conforming,Approved,Approved,Approved - First Pass,2026-04-14 04:10:44.065,—,Beatriz Costa
LOTE-M-SOP-014-4385,WO-5363,2026-04-13,Shift 1,ISBM-006,M-SOP-014,FR-014-rPET-500,9343,L,200,0,0,3,3,Conforming,Approved,Approved,Approved - First Pass,2026-04-14 12:42:57.383,—,Carlos Mendes
LOTE-M-SOP-028-4386,WO-5365,2026-04-15,Shift 3,ISBM-006,M-SOP-028,FR-028-HDPE-5000,2450,L,200,0,0,5,5,Conforming,Approved,Approved,Approved - First Pass,2026-04-16 11:14:14.425,—,Elena Santos
LOTE-M-SOP-024-4387,WO-5366,2026-04-15,Shift 3,ISBM-006,M-SOP-024,FR-024-PET-1000,3866,L,200,0,2,0,2,Conforming,Approved,Approved,Approved - First Pass,2026-04-16 23:21:13.075,—,Beatriz Costa
LOTE-M-SOP-011-4388,WO-5368,2026-04-17,Shift 1,ISBM-006,M-SOP-011,FR-011-PET-400,15285,M,315,0,5,13,18,Conforming,Approved,Approved,Approved - First Pass,2026-04-18 13:14:32.101,—,Ana Silva
LOTE-M-SOP-018-4389,WO-5371,2026-04-18,Shift 3,ISBM-006,M-SOP-018,FR-018-HDPE-PCR-600,19601,M,315,0,2,3,5,Conforming,Approved,Approved,Approved - First Pass,2026-04-19 15:34:07.228,—,Ana Silva
LOTE-M-SOP-011-4390,WO-5373,2026-04-20,Shift 3,ISBM-006,M-SOP-011,FR-011-PET-400,13453,M,315,1,2,11,14,Conforming,Rejected,Approved,Approved - Reworked,2026-04-21 05:06:25.762,—,Diogo Ferreira
LOTE-M-SOP-028-4391,WO-5375,2026-04-21,shift 3,ISBM-006,M-SOP-028,FR-028-HDPE-5000,1456,L,200,0,1,0,1,Conforming,Approved,Approved,Approved - First Pass,2026-04-22 14:03:14.366,—,Carlos Mendes
LOTE-M-SOP-018-4392,WO-5377,2026-04-22,Shift 2,ISBM-006,M-SOP-018,FR-018-PP-600,7123,L,200,0,2,7,9,Conforming,Approved,Approved,Approved - First Pass,2026-04-23 21:52:29.996,—,Ana Silva
LOTE-M-SOP-024-4393,WO-5378,2026-04-23,Shift 1,ISBM-006,M-SOP-024,FR-024-PET-1000,1714,L,200,0,0,3,3,Conforming,Approved,Approved,Approved - First Pass,2026-04-24 15:33:57.655,—,Diogo Ferreira
LOTE-M-SOP-024-4394,WO-5380,2026-04-24,Shift 1,ISBM-006,M-SOP-024,FR-024-PET-1000,7339,L,200,0,1,8,9,Conforming,Approved,Approved,Approved - First Pass,2026-04-25 11:07:51.872,—,Beatriz Costa
LOTE-M-SOP-014-4395,WO-5381,2026-04-25,shift 3,ISBM-006,M-SOP-014,FR-014-PP-500,8254,L,200,0,0,3,3,Conforming,Approved,Approved,Approved - First Pass,2026-04-26 01:02:11.080,—,Diogo Ferreira
LOTE-M-SOP-028-4396,WO-5382,2026-04-25,SHIFT 2,ISBM-006,M-SOP-028,FR-028-HDPE-5000,873,L,200,0,1,4,5,Conforming,Approved,Approved,Approved - First Pass,2026-04-26 17:56:50.610,—,Beatriz Costa
LOTE-M-SOP-028-4397,WO-5384,2026-04-27,Shift 1,ISBM-006,M-SOP-028,FR-028-HDPE-5000,2506,L,200,0,0,3,3,Conforming,Approved,Approved,Approved - First Pass,2026-04-27 22:00:26.110,—,Diogo Ferreira
LOTE-M-SOP-011-4398,WO-5387,2026-04-29,Shift 1,ISBM-006,M-SOP-011,FR-011-PET-400,19767,M,315,0,7,22,29,Conforming,Approved,Approved,Approved - First Pass,2026-04-29 23:23:53.642,—,Diogo Ferreira
LOTE-M-SOP-028-4399,WO-5388,2026-04-29,Shift 2,ISBM-006,M-SOP-028,FR-028-HDPE-5000,1222,L,200,0,0,3,3,Conforming,Approved,Approved,Approved - First Pass,2026-04-30 22:30:37.980,—,Beatriz Costa
LOTE-M-SOP-028-4400,WO-5391,2026-05-01,Shift 2,ISBM-006,M-SOP-028,FR-028-HDPE-5000,3411,L,200,0,0,4,4,Conforming,Approved,Approved,Approved - First Pass,2026-05-03 01:45:21.804,—,Ana Silva
LOTE-M-SOP-018-4401,WO-5394,2026-05-03,SHIFT 1,ISBM-006,M-SOP-018,FR-018-HDPE-600,16603,M,315,0,0,14,14,Conforming,Approved,Approved,Approved - First Pass,2026-05-03 23:53:21.315,—,Beatriz Costa
LOTE-M-SOP-011-4402,WO-5396,2026-05-04,shift 2,ISBM-006,M-SOP-011,FR-011-PET-400,21979,M,315,0,6,6,12,Conforming,Approved,Approved,Approved - First Pass,2026-05-05 18:04:11.941,—,Beatriz Costa
LOTE-M-SOP-011-4403,WO-5399,2026-05-06,SHIFT 3,ISBM-006,M-SOP-011,FR-011-PET-400,21706,M,315,0,6,8,14,Conforming,Approved,Approved,Approved - First Pass,2026-05-07 19:13:29.841,—,Ana Silva
LOTE-M-SOP-024-4404,WO-5401,2026-05-08,Shift 1,ISBM-006,M-SOP-024,FR-024-PET-1000,8875,L,200,0,2,9,11,Conforming,Approved,Approved,Approved - First Pass,2026-05-09 14:14:30.154,—,Ana Silva
LOTE-M-SOP-014-4405,WO-5404,2026-05-10,Shift 2,ISBM-006,M-SOP-014,FR-014-PP-500,21455,M,315,0,5,11,16,Conforming,Approved,Approved,Approved - First Pass,2026-05-11 16:19:54.610,—,Carlos Mendes
LOTE-M-SOP-024-4406,WO-5406,2026-05-12,Shift 3,ISBM-006,M-SOP-024,FR-024-PET-1000,5466,L,200,1,1,5,7,Conforming,Rejected,Rejected,Rejected - Scrapped,2026-05-13 05:33:48.670,Leakage:1(Re=1),Carlos Mendes
LOTE-M-SOP-018-4407,WO-5407,2026-05-12,Shift 2,ISBM-006,M-SOP-018,FR-018-PET-600,4270,L,200,0,1,1,2,Conforming,Approved,Approved,Approved - First Pass,2026-05-13 11:15:51.493,—,Elena Santos
LOTE-M-SOP-024-4408,WO-5410,2026-05-14,Shift 1,ISBM-006,M-SOP-024,FR-024-PET-1000,12315,M,315,0,6,7,13,Conforming,Approved,Approved,Approved - First Pass,2026-05-15 06:06:19.184,—,Diogo Ferreira
LOTE-M-SOP-024-4409,WO-5413,2026-05-16,Shift 3,ISBM-006,M-SOP-024,FR-024-PET-1000,11169,M,315,0,4,11,15,Conforming,Approved,Approved,Approved - First Pass,2026-05-16 23:21:10.147,—,Beatriz Costa
LOTE-M-SOP-018-4410,WO-5414,2026-05-16,Shift 2,ISBM-006,M-SOP-018,FR-018-rPET-600,6084,L,200,0,6,5,11,Conforming,Approved,Approved,Approved - First Pass,2026-05-18 03:24:57.491,—,Ana Silva
LOTE-M-SOP-024-4411,WO-5415,2026-05-17,Shift 1,ISBM-006,M-SOP-024,FR-024-PET-1000,2782,L,200,0,2,4,6,Conforming,Approved,Approved,Approved - First Pass,2026-05-18 14:04:45.355,—,Beatriz Costa
LOTE-M-SOP-018-4412,WO-5417,2026-05-18,Shift 1,ISBM-006,M-SOP-018,FR-018-PETG-600,7890,L,200,0,0,8,8,Conforming,Approved,Approved,Approved - First Pass,2026-05-18 21:52:54.097,—,Ana Silva
LOTE-M-SOP-024-4413,WO-5419,2026-05-19,Shift 1,ISBM-006,M-SOP-024,FR-024-PET-1000,7120,L,200,0,2,8,10,Conforming,Approved,Approved,Approved - First Pass,2026-05-20 16:17:39.588,—,Elena Santos
LOTE-M-SOP-014-4414,WO-5421,2026-05-20,Shift 1,ISBM-006,M-SOP-014,FR-014-HDPE-PCR-500,11761,M,315,0,2,13,15,Conforming,Approved,Approved,Approved - First Pass,2026-05-21 17:14:23.251,—,Elena Santos
LOTE-M-SOP-014-4415,WO-5423,2026-05-21,SHIFT 1,ISBM-006,M-SOP-014,FR-014-HDPE-PCR-500,11973,M,315,0,1,5,6,Conforming,Approved,Approved,Approved - First Pass,2026-05-22 09:51:21.645,—,Ana Silva
LOTE-M-SOP-024-4416,WO-5426,2026-05-23,Shift 1,ISBM-006,M-SOP-024,FR-024-PET-1000,13619,M,315,0,6,10,16,Conforming,Approved,Approved,Approved - First Pass,2026-05-24 18:31:33.333,—,Carlos Mendes
LOTE-M-SOP-028-4417,WO-5428,2026-05-25,Shift 3,ISBM-006,M-SOP-028,FR-028-HDPE-5000,1614,L,200,0,4,8,12,Conforming,Approved,Approved,Approved - First Pass,2026-05-26 08:32:16.173,—,Beatriz Costa
LOTE-M-SOP-014-4418,WO-5429,2026-05-25,shift 2,ISBM-006,M-SOP-014,FR-014-rPET-500,6607,L,200,2,2,7,11,Conforming,Rejected,Rejected,Rejected - Scrapped,2026-05-27 03:30:14.743,Leakage:2(Re=1),Elena Santos
LOTE-M-SOP-018-4419,WO-5432,2026-05-27,Shift 3,ISBM-006,M-SOP-018,FR-018-PETG-600,21783,M,315,0,2,4,6,Conforming,Approved,Approved,Approved - First Pass,2026-05-29 07:58:22.597,—,Beatriz Costa
LOTE-M-SOP-024-4420,WO-5434,2026-05-29,Shift 3,ISBM-006,M-SOP-024,FR-024-PET-1000,5802,L,200,0,3,5,8,Conforming,Approved,Approved,Approved - First Pass,2026-05-30 13:46:13.021,—,Diogo Ferreira
LOTE-M-SOP-018-4421,WO-5436,2026-05-30,Shift 1,ISBM-006,M-SOP-018,FR-018-PET-600,13812,M,315,0,4,6,10,Conforming,Approved,Approved,Approved - First Pass,2026-05-31 18:31:50.917,—,Beatriz Costa
LOTE-M-SOP-024-4422,WO-5439,2026-06-01,Shift 1,ISBM-006,M-SOP-024,FR-024-PET-1000,13167,M,315,0,5,9,14,Conforming,Approved,Approved,Approved - First Pass,2026-06-02 12:16:23.936,—,Ana Silva
LOTE-M-SOP-014-4423,WO-5441,2026-06-02,Shift 3,ISBM-006,M-SOP-014,FR-014-PP-PCR-500,12378,M,315,0,1,1,2,Conforming,Approved,Approved,Approved - First Pass,2026-06-04 05:00:10.412,—,Carlos Mendes
LOTE-M-SOP-014-4424,WO-5442,2026-06-03,Shift 1,ISBM-006,M-SOP-014,FR-014-HDPE-500,9642,L,200,0,0,1,1,Conforming,Approved,Approved,Approved - First Pass,2026-06-05 02:06:02.496,—,Carlos Mendes
LOTE-M-SOP-024-4425,WO-5443,2026-06-04,Shift 1,ISBM-006,M-SOP-024,FR-024-PET-1000,1413,L,200,0,2,6,8,Conforming,Approved,Approved,Approved - First Pass,2026-06-05 18:44:15.837,—,Ana Silva
LOTE-M-SOP-018-4426,WO-5445,2026-06-05,Shift 2,ISBM-006,M-SOP-018,FR-018-HDPE-600,11816,M,315,0,1,7,8,Conforming,Approved,Approved,Approved - First Pass,2026-06-07 05:17:04.319,—,Beatriz Costa
LOTE-M-SOP-028-4427,WO-5446,2026-06-06,Shift 2,ISBM-006,M-SOP-028,FR-028-HDPE-5000,1611,L,200,0,1,4,5,Conforming,Approved,Approved,Approved - First Pass,2026-06-07 18:04:12.203,—,Diogo Ferreira
LOTE-M-SOP-011-4428,WO-5447,2026-06-07,Shift 1,ISBM-006,M-SOP-011,FR-011-PET-400,9428,L,200,0,3,2,5,Conforming,Approved,Approved,Approved - First Pass,2026-06-09 01:08:23.963,—,Ana Silva
LOTE-M-SOP-011-4429,WO-5450,2026-06-09,Shift 2,ISBM-006,M-SOP-011,FR-011-PET-400,22221,M,315,0,2,19,21,Conforming,Approved,Approved,Approved - First Pass,2026-06-11 01:59:24.889,—,Carlos Mendes
LOTE-M-SOP-018-4430,WO-5451,2026-06-10,Shift 1,ISBM-006,M-SOP-018,FR-018-rPET-600,10037,M,315,0,2,15,17,Conforming,Approved,Approved,Approved - First Pass,2026-06-11 10:50:42.556,—,Elena Santos
LOTE-M-SOP-018-4431,WO-5454,2026-06-12,Shift 3,ISBM-006,M-SOP-018,FR-018-HDPE-600,20293,M,315,0,2,10,12,Conforming,Approved,Approved,Approved - First Pass,2026-06-13 06:33:59.516,—,Ana Silva
LOTE-M-SOP-024-4432,WO-5457,2026-06-14,Shift 1,ISBM-006,M-SOP-024,FR-024-PET-1000,10435,M,315,0,3,15,18,Conforming,Approved,Approved,Approved - First Pass,2026-06-14 23:03:40.367,—,Ana Silva
LOTE-M-SOP-028-4433,WO-5458,2026-06-14,Shift 2,ISBM-006,M-SOP-028,FR-028-HDPE-5000,1097,L,200,0,1,5,6,Conforming,Approved,Approved,Approved - First Pass,2026-06-15 18:58:38.581,—,Diogo Ferreira
LOTE-M-SOP-014-4434,WO-5461,2026-06-16,shift 2,ISBM-006,M-SOP-014,FR-014-HDPE-PCR-500,21207,M,315,0,2,21,23,Conforming,Approved,Approved,Approved - First Pass,2026-06-18 11:32:29.583,—,Carlos Mendes
LOTE-M-SOP-028-4435,WO-5464,2026-06-19,shift 1,ISBM-006,M-SOP-028,FR-028-HDPE-5000,3259,L,200,0,3,11,14,Conforming,Approved,Approved,Approved - First Pass,2026-06-20 06:29:07.071,—,Beatriz Costa
LOTE-M-SOP-018-4436,WO-5466,2026-06-20,Shift 2,ISBM-006,M-SOP-018,FR-018-LDPE-600,20288,M,315,0,2,11,13,Conforming,Approved,Approved,Approved - First Pass,2026-06-21 21:22:29.987,—,Diogo Ferreira
LOTE-M-SOP-011-4437,WO-5468,2026-06-21,Shift 3,ISBM-006,M-SOP-011,FR-011-PET-400,12074,M,315,0,0,9,9,Conforming,Approved,Approved,Approved - First Pass,2026-06-22 17:37:38.892,—,Diogo Ferreira
LOTE-M-SOP-028-4438,WO-5471,2026-06-23,Shift 3,ISBM-006,M-SOP-028,FR-028-HDPE-5000,3761,L,200,0,2,10,12,Conforming,Approved,Approved,Approved - First Pass,2026-06-24 23:55:44.667,—,Ana Silva
LOTE-M-SOP-018-4439,WO-5473,2026-06-25,Shift 2,ISBM-006,M-SOP-018,FR-018-PET-600,17143,M,315,0,2,4,6,Conforming,Approved,Approved,Approved - First Pass,2026-06-26 12:33:58.073,—,Diogo Ferreira
LOTE-M-SOP-014-4440,WO-5476,2026-06-27,Shift 1,ISBM-006,M-SOP-014,FR-014-PP-500,19791,M,315,0,0,6,6,Conforming,Approved,Approved,Approved - First Pass,2026-06-28 13:10:33.717,—,Beatriz Costa
LOTE-M-SOP-014-4441,WO-5477,2026-06-28,Shift 3,ISBM-006,M-SOP-014,FR-014-HDPE-500,4926,L,200,0,2,7,9,Conforming,Approved,Approved,Approved - First Pass,2026-06-28 16:14:14.287,—,Ana Silva
LOTE-M-SOP-018-4442,WO-5480,2026-06-29,Shift 2,ISBM-006,M-SOP-018,FR-018-HDPE-PCR-600,24903,M,315,0,3,10,13,Conforming,Approved,Approved,Approved - First Pass,2026-07-01 01:01:26.475,—,Ana Silva
LOTE-M-SOP-028-4443,WO-5481,2026-06-30,shift 2,ISBM-006,M-SOP-028,FR-028-HDPE-5000,1208,L,200,0,1,2,3,Conforming,Approved,Approved,Approved - First Pass,2026-07-01 23:14:56.356,—,Beatriz Costa
LOTE-M-SOP-011-4444,WO-5483,2026-07-02,Shift 3,ISBM-006,M-SOP-011,FR-011-PET-400,15941,M,315,0,3,9,12,Conforming,Approved,Approved,Approved - First Pass,2026-07-02 23:02:50.702,—,Beatriz Costa
LOTE-M-SOP-011-4445,WO-5486,2026-07-03,Shift 2,ISBM-006,M-SOP-011,FR-011-PET-400,23848,M,315,0,1,4,5,Conforming,Approved,Approved,Approved - First Pass,2026-07-04 18:22:20.849,—,Carlos Mendes
LOTE-M-SOP-014-4446,WO-5489,2026-07-05,Shift 2,ISBM-006,M-SOP-014,FR-014-HDPE-500,19023,M,315,0,2,3,5,Conforming,Approved,Approved,Approved - First Pass,2026-07-06 18:49:55.820,—,Beatriz Costa
LOTE-M-SOP-028-4447,WO-5491,2026-07-06,SHIFT 2,ISBM-006,M-SOP-028,FR-028-HDPE-5000,1700,L,200,0,0,4,4,Conforming,Approved,Approved,Approved - First Pass,2026-07-07 07:20:50.459,—,Ana Silva
LOTE-M-SOP-011-4448,WO-5493,2026-07-07,Shift 2,ISBM-006,M-SOP-011,FR-011-PET-400,15869,M,315,0,3,2,5,Conforming,Approved,Approved,Approved - First Pass,2026-07-09 10:07:35.231,—,Diogo Ferreira
LOTE-M-SOP-018-4449,WO-5494,2026-07-08,Shift 2,ISBM-006,M-SOP-018,FR-018-HDPE-PCR-600,7148,L,200,0,0,4,4,Conforming,Approved,Approved,Approved - First Pass,2026-07-09 11:29:59.323,—,Diogo Ferreira
LOTE-M-SOP-024-4450,WO-5496,2026-07-09,Shift 2,ISBM-006,M-SOP-024,FR-024-PET-1000,7757,L,200,0,2,5,7,Conforming,Approved,Approved,Approved - First Pass,2026-07-10 21:58:15.256,—,Diogo Ferreira
LOTE-M-SOP-014-4451,WO-5499,2026-07-12,Shift 3,ISBM-006,M-SOP-014,FR-014-HDPE-500,21044,M,315,0,2,6,8,Conforming,Approved,Approved,Approved - First Pass,2026-07-13 07:06:39.035,—,Elena Santos
LOTE-M-SOP-014-4452,WO-5501,2026-07-13,Shift 1,ISBM-006,M-SOP-014,FR-014-PP-500,10797,M,315,0,0,7,7,Conforming,Approved,Approved,Approved - First Pass,2026-07-14 03:16:00.198,—,Diogo Ferreira
LOTE-M-SOP-028-4453,WO-5504,2026-07-15,Shift 3,ISBM-006,M-SOP-028,FR-028-HDPE-5000,2280,L,200,0,0,14,14,Conforming,Approved,Approved,Approved - First Pass,2026-07-15 13:59:56.816,—,Diogo Ferreira
LOTE-M-SOP-028-4454,WO-5507,2026-07-16,Shift 2,ISBM-006,M-SOP-028,FR-028-HDPE-5000,3862,L,200,0,3,9,12,Conforming,Approved,Approved,Approved - First Pass,2026-07-18 02:45:06.572,—,Ana Silva
LOTE-M-SOP-014-4455,WO-5510,2026-07-19,Shift 3,ISBM-006,M-SOP-014,FR-014-PP-PCR-500,29686,M,315,1,1,13,15,Conforming,Rejected,Rejected,Rejected - Scrapped,2026-07-20 17:20:06.143,Leakage:1(Re=1),Ana Silva
LOTE-M-SOP-024-4456,WO-5512,2026-07-20,Shift 2,ISBM-006,M-SOP-024,FR-024-PET-1000,7791,L,200,0,3,5,8,Conforming,Approved,Approved,Approved - First Pass,2026-07-22 06:07:36.401,—,Beatriz Costa
LOTE-M-SOP-018-4457,WO-5514,2026-07-21,Shift 3,ISBM-006,M-SOP-018,FR-018-PET-600,9712,L,200,0,1,10,11,Conforming,Approved,Approved,Approved - First Pass,2026-07-23 07:48:49.383,—,Elena Santos
LOTE-M-SOP-028-4458,WO-5517,2026-07-24,Shift 3,ISBM-006,M-SOP-028,FR-028-HDPE-5000,2931,L,200,0,6,7,13,Conforming,Approved,Approved,Approved - First Pass,2026-07-25 04:59:33.135,—,Elena Santos
LOTE-M-SOP-028-4459,WO-5520,2026-07-26,Shift 1,ISBM-006,M-SOP-028,FR-028-HDPE-5000,3471,L,200,0,2,10,12,Conforming,Approved,Approved,Approved - First Pass,2026-07-27 08:36:20.377,—,Elena Santos
LOTE-M-SOP-018-4460,WO-5521,2026-07-27,Shift 3,ISBM-006,M-SOP-018,FR-018-MDPE-600,6190,L,200,0,1,3,4,Conforming,Approved,Approved,Approved - First Pass,2026-07-27 13:41:42.717,—,Carlos Mendes
LOTE-M-SOP-028-4461,WO-5523,2026-07-28,Shift 3,ISBM-006,M-SOP-028,FR-028-HDPE-5000,1822,L,200,0,1,11,12,Conforming,Approved,Approved,Approved - First Pass,2026-07-29 06:43:24.929,—,Ana Silva
LOTE-M-SOP-028-4462,WO-5526,2026-07-30,Shift 1,ISBM-006,M-SOP-028,FR-028-HDPE-5000,4550,L,200,0,5,7,12,Conforming,Approved,Approved,Approved - First Pass,2026-07-31 16:11:44.770,—,Beatriz Costa
LOTE-M-SOP-018-4463,WO-5528,2026-08-01,Shift 1,ISBM-006,M-SOP-018,FR-018-PP-600,20027,M,315,0,4,7,11,Conforming,Approved,Approved,Approved - First Pass,2026-08-02 10:12:32.850,—,Carlos Mendes
LOTE-M-SOP-014-4464,WO-5529,2026-08-02,Shift 3,ISBM-006,M-SOP-014,FR-014-PP-500,11548,M,315,0,2,3,5,Conforming,Approved,Approved,Approved - First Pass,2026-08-03 01:33:30.519,—,Carlos Mendes
LOTE-M-SOP-014-4465,WO-5530,2026-08-02,Shift 3,ISBM-006,M-SOP-014,FR-014-PP-500,8828,L,200,0,1,5,6,Conforming,Approved,Approved,Approved - First Pass,2026-08-03 23:44:03.697,—,Beatriz Costa
LOTE-M-SOP-024-4466,WO-5531,2026-08-03,Shift 2,ISBM-006,M-SOP-024,FR-024-PET-1000,4511,L,200,0,4,6,10,Conforming,Approved,Approved,Approved - First Pass,2026-08-04 20:52:51.431,—,Ana Silva
LOTE-M-SOP-011-4467,WO-5532,2026-08-04,Shift 1,ISBM-006,M-SOP-011,FR-011-PET-400,7184,L,200,0,0,3,3,Conforming,Approved,Approved,Approved - First Pass,2026-08-06 04:18:05.875,—,Ana Silva
LOTE-M-SOP-028-4468,WO-5534,2026-08-06,Shift 1,ISBM-006,M-SOP-028,FR-028-HDPE-5000,2239,L,200,0,2,4,6,Conforming,Approved,Approved,Approved - First Pass,2026-08-07 03:32:26.672,—,Elena Santos
LOTE-M-SOP-011-4469,WO-5536,2026-08-07,Shift 2,ISBM-006,M-SOP-011,FR-011-PET-400,18085,M,315,0,4,2,6,Conforming,Approved,Approved,Approved - First Pass,2026-08-08 10:55:29.749,—,Carlos Mendes
LOTE-M-SOP-018-4470,WO-5538,2026-08-09,Shift 3,ISBM-006,M-SOP-018,FR-018-PET-600,16327,M,315,0,1,3,4,Conforming,Approved,Approved,Approved - First Pass,2026-08-10 06:17:58.733,—,Beatriz Costa
LOTE-M-SOP-011-4471,WO-5539,2026-08-09,  Shift 2  ,ISBM-006,M-SOP-011,FR-011-PET-400,8901,L,200,1,1,2,4,Conforming,Rejected,Approved,Approved - Released on Deviation,2026-08-10 19:44:58.418,—,Ana Silva
LOTE-M-SOP-014-4472,WO-5540,2026-08-10,Shift 1,ISBM-006,M-SOP-014,FR-014-HDPE-500,7247,L,200,0,1,3,4,Conforming,Approved,Approved,Approved - First Pass,2026-08-11 13:50:15.704,—,Beatriz Costa
LOTE-M-SOP-024-4473,WO-5541,2026-08-11,SHIFT 3,ISBM-006,M-SOP-024,FR-024-PET-1000,3181,L,200,0,3,10,13,Conforming,Approved,Approved,Approved - First Pass,2026-08-11 16:51:39.165,—,Elena Santos
LOTE-M-SOP-028-4474,WO-5542,2026-08-11,Shift 1,ISBM-006,M-SOP-028,FR-028-HDPE-5000,957,L,200,0,1,4,5,Conforming,Approved,Approved,Approved - First Pass,2026-08-12 16:39:07.840,—,Carlos Mendes
LOTE-M-SOP-028-4475,WO-5544,2026-08-12,shift 2,ISBM-006,M-SOP-028,FR-028-HDPE-5000,2707,L,200,0,2,8,10,Conforming,Approved,Approved,Approved - First Pass,2026-08-13 17:40:15.801,—,Ana Silva
LOTE-M-SOP-024-4476,WO-5546,2026-08-14,Shift 3,ISBM-006,M-SOP-024,FR-024-PET-1000,6611,L,200,0,1,9,10,Conforming,Approved,Approved,Approved - First Pass,2026-08-14 20:41:17.224,—,Beatriz Costa
LOTE-M-SOP-024-4477,WO-5549,2026-08-16,Shift 3,ISBM-006,M-SOP-024,FR-024-PET-1000,11494,M,315,0,4,8,12,Conforming,Approved,Approved,Approved - First Pass,2026-08-17 01:38:45.360,—,Elena Santos
LOTE-M-SOP-014-4478,WO-5551,2026-08-17,Shift 1,ISBM-006,M-SOP-014,FR-014-PP-500,11687,M,315,0,2,15,17,Conforming,Approved,Approved,Approved - First Pass,2026-08-18 11:58:41.730,—,Carlos Mendes
LOTE-M-SOP-028-4479,WO-5554,2026-08-19,Shift 3,ISBM-006,M-SOP-028,FR-028-HDPE-5000,3564,L,200,0,1,8,9,Conforming,Approved,Approved,Approved - First Pass,2026-08-19 19:45:37.154,—,Diogo Ferreira
LOTE-M-SOP-024-4480,WO-5555,2026-08-19,Shift 2,ISBM-006,M-SOP-024,FR-024-PET-1000,1896,L,200,0,0,5,5,Conforming,Approved,Approved,Approved - First Pass,2026-08-20 16:45:33.066,—,Beatriz Costa
LOTE-M-SOP-028-4481,WO-5558,2026-08-21,shift 1,ISBM-006,M-SOP-028,FR-028-HDPE-5000,3420,L,200,0,4,9,13,Conforming,Approved,Approved,Approved - First Pass,2026-08-22 07:59:09.721,—,Ana Silva
LOTE-M-SOP-018-4482,WO-5559,2026-08-22,Shift 1,ISBM-006,M-SOP-018,FR-018-PETG-600,12361,M,315,0,1,0,1,Conforming,Approved,Approved,Approved - First Pass,2026-08-23 21:12:33.817,—,Elena Santos
LOTE-M-SOP-028-4483,WO-5560,2026-08-23,Shift 1,ISBM-006,M-SOP-028,FR-028-HDPE-5000,1200,L,200,0,0,5,5,Conforming,Approved,Approved,Approved - First Pass,2026-08-24 21:38:42.035,—,Beatriz Costa
LOTE-M-SOP-011-4484,WO-5561,2026-08-24,Shift 3,ISBM-006,M-SOP-011,FR-011-PET-400,7595,L,200,0,2,3,5,Conforming,Approved,Approved,Approved - First Pass,2026-08-25 06:33:49.415,—,Elena Santos
LOTE-M-SOP-011-4485,WO-5563,2026-08-25,Shift 1,ISBM-006,M-SOP-011,FR-011-PET-400,16588,M,315,0,1,13,14,Conforming,Approved,Approved,Approved - First Pass,2026-08-26 13:48:44.000,—,Beatriz Costa
LOTE-M-SOP-011-4486,WO-5566,2026-08-27,Shift 1,ISBM-006,M-SOP-011,FR-011-PET-400,22742,M,315,0,5,19,24,Conforming,Approved,Approved,Approved - First Pass,2026-08-28 02:53:56.527,—,Elena Santos
LOTE-M-SOP-018-4487,WO-5568,2026-08-28,Shift 2,ISBM-006,M-SOP-018,FR-018-PP-PCR-600,12717,M,315,0,1,6,7,Conforming,Approved,Approved,Approved - First Pass,2026-08-29 14:57:58.206,—,Diogo Ferreira
LOTE-M-SOP-028-4488,WO-5569,2026-08-29,Shift 3,ISBM-006,M-SOP-028,FR-028-HDPE-5000,1507,L,200,0,1,7,8,Conforming,Approved,Approved,Approved - First Pass,2026-08-30 09:56:51.791,—,Beatriz Costa
LOTE-M-SOP-011-4489,WO-5570,2026-08-30,shift 3,ISBM-006,M-SOP-011,FR-011-PET-400,7645,L,200,0,0,5,5,Conforming,Approved,Approved,Approved - First Pass,2026-08-30 23:40:11.581,—,Beatriz Costa
LOTE-M-SOP-018-4490,WO-5573,2026-09-01,Shift 1,ISBM-006,M-SOP-018,FR-018-rPET-600,30215,M,315,1,4,16,21,Conforming,Rejected,Rejected,Rejected - Scrapped,2026-09-02 09:15:16.534,Leakage:1(Re=1),Ana Silva
LOTE-M-SOP-014-4491,WO-5574,2026-09-02,Shift 3,ISBM-006,M-SOP-014,FR-014-HDPE-500,7421,L,200,0,1,2,3,Conforming,Approved,Approved,Approved - First Pass,2026-09-03 10:17:20.984,—,Carlos Mendes
LOTE-M-SOP-028-4492,WO-5575,2026-09-02,Shift 2,ISBM-006,M-SOP-028,FR-028-HDPE-5000,1245,L,200,1,1,2,4,Conforming,Rejected,Rejected,Rejected - Scrapped,2026-09-03 18:45:43.580,Leakage:1(Re=1),Carlos Mendes
LOTE-M-SOP-028-4493,WO-5577,2026-09-04,Shift 1,ISBM-006,M-SOP-028,FR-028-HDPE-5000,2583,L,200,0,3,2,5,Conforming,Approved,Approved,Approved - First Pass,2026-09-05 01:00:27.267,—,Elena Santos
LOTE-M-SOP-024-4494,WO-5578,2026-09-04,Shift 2,ISBM-006,M-SOP-024,FR-024-PET-1000,3128,L,200,0,1,8,9,Conforming,Approved,Approved,Approved - First Pass,2026-09-05 21:30:38.676,—,Ana Silva
LOTE-M-SOP-018-4495,WO-5579,2026-09-05,Shift 1,ISBM-006,M-SOP-018,FR-018-rPET-600,7523,L,200,0,0,6,6,Conforming,Approved,Approved,Approved - First Pass,2026-09-06 10:21:44.047,—,Ana Silva
LOTE-M-SOP-028-4496,WO-5581,2026-09-07,Shift 3,ISBM-006,M-SOP-028,FR-028-HDPE-5000,2363,L,200,0,1,12,13,Conforming,Approved,Approved,Approved - First Pass,2026-09-07 16:20:24.127,—,Elena Santos
LOTE-M-SOP-011-4497,WO-5582,2026-09-07,Shift 2,ISBM-006,M-SOP-011,FR-011-PET-400,6469,L,200,0,2,5,7,Conforming,Approved,Approved,Approved - First Pass,2026-09-08 19:59:22.456,—,Diogo Ferreira
LOTE-M-SOP-014-4498,WO-5585,2026-09-09,Shift 1,ISBM-006,M-SOP-014,FR-014-PETG-500,26346,M,315,0,2,12,14,Conforming,Approved,Approved,Approved - First Pass,2026-09-11 00:00:55.724,—,Ana Silva
LOTE-M-SOP-024-4499,WO-5587,2026-09-10,Shift 2,ISBM-006,M-SOP-024,FR-024-PET-1000,7903,L,200,0,3,9,12,Conforming,Approved,Approved,Approved - First Pass,2026-09-12 07:38:53.302,—,Ana Silva
LOTE-M-SOP-018-4500,WO-5588,2026-09-11,Shift 2,ISBM-006,M-SOP-018,FR-018-PP-600,7344,L,200,1,1,7,9,Conforming,Rejected,Rejected,Rejected - Scrapped,2026-09-12 14:12:28.667,Leakage:1(Re=1),Diogo Ferreira
LOTE-M-SOP-011-4501,WO-5591,2026-09-13,Shift 2,ISBM-006,M-SOP-011,FR-011-PET-400,19798,M,315,0,3,13,16,Conforming,Approved,Approved,Approved - First Pass,2026-09-14 11:25:07.704,—,Carlos Mendes
LOTE-M-SOP-011-4502,WO-5594,2026-09-15,Shift 2,ISBM-006,M-SOP-011,FR-011-PET-400,23036,M,315,0,6,16,22,Conforming,Approved,Approved,Approved - First Pass,2026-09-16 18:17:11.848,—,Diogo Ferreira
LOTE-M-SOP-024-4503,WO-5596,2026-09-16,Shift 3,ISBM-006,M-SOP-024,FR-024-PET-1000,9520,L,200,0,2,1,3,Conforming,Approved,Approved,Approved - First Pass,2026-09-17 22:12:23.782,—,Diogo Ferreira
LOTE-M-SOP-028-4504,WO-5599,2026-09-19,Shift 3,ISBM-006,M-SOP-028,FR-028-HDPE-5000,2691,L,200,0,2,11,13,Conforming,Approved,Approved,Approved - First Pass,2026-09-20 05:00:17.461,—,Ana Silva
LOTE-M-SOP-024-4505,WO-5600,2026-09-19,Shift 2,ISBM-006,M-SOP-024,FR-024-PET-1000,499,L,200,0,0,2,2,Conforming,Approved,Approved,Approved - First Pass,2026-09-20 17:14:55.284,—,Elena Santos
LOTE-M-SOP-011-4506,WO-5602,2026-09-21,Shift 1,ISBM-006,M-SOP-011,FR-011-PET-400,16650,M,315,0,1,8,9,Conforming,Approved,Approved,Approved - First Pass,2026-09-22 11:11:51.281,—,Diogo Ferreira
LOTE-M-SOP-028-4507,WO-5604,2026-09-22,Shift 1,ISBM-006,M-SOP-028,FR-028-HDPE-5000,1905,L,200,0,1,5,6,Conforming,Approved,Approved,Approved - First Pass,2026-09-23 23:17:02.500,—,Beatriz Costa
LOTE-M-SOP-011-4508,WO-5607,2026-09-24,Shift 1,ISBM-006,M-SOP-011,FR-011-PET-400,25184,M,315,0,3,15,18,Conforming,Approved,Approved,Approved - First Pass,2026-09-26 01:56:28.174,—,Ana Silva
LOTE-M-SOP-024-4509,WO-5608,2026-09-25,Shift 1,ISBM-006,M-SOP-024,FR-024-PET-1000,3920,L,200,0,0,8,8,Conforming,Approved,Approved,Approved - First Pass,2026-09-26 14:53:59.667,—,Elena Santos
LOTE-M-SOP-024-4510,WO-5609,2026-09-26,Shift 3,ISBM-006,M-SOP-024,FR-024-PET-1000,4621,L,200,0,1,2,3,Conforming,Approved,Approved,Approved - First Pass,2026-09-27 11:50:29.099,—,Diogo Ferreira
LOTE-M-SOP-011-4511,WO-5611,2026-09-27,Shift 1,ISBM-006,M-SOP-011,FR-011-PET-400,11695,M,315,0,3,11,14,Conforming,Approved,Approved,Approved - First Pass,2026-09-28 07:21:17.209,—,Elena Santos
LOTE-M-SOP-018-4512,WO-5614,2026-09-29,Shift 1,ISBM-006,M-SOP-018,FR-018-rPET-600,21598,M,315,0,5,14,19,Conforming,Approved,Approved,Approved - First Pass,2026-09-30 00:37:36.021,—,Beatriz Costa
LOTE-M-SOP-011-4513,WO-5615,2026-09-29,Shift 3,ISBM-006,M-SOP-011,FR-011-PET-400,7357,L,200,0,1,1,2,Conforming,Approved,Approved,Approved - First Pass,2026-09-30 18:28:26.200,—,Carlos Mendes
LOTE-M-SOP-018-4514,WO-5617,2026-10-01,Shift 3,ISBM-006,M-SOP-018,FR-018-LDPE-600,15928,M,315,0,5,3,8,Conforming,Approved,Approved,Approved - First Pass,2026-10-02 13:34:13.720,—,Ana Silva
LOTE-M-SOP-014-4515,WO-5620,2026-10-03,shift 1,ISBM-006,M-SOP-014,FR-014-rPET-500,22037,M,315,0,4,19,23,Conforming,Approved,Approved,Approved - First Pass,2026-10-03 22:40:56.654,—,Diogo Ferreira
LOTE-M-SOP-024-4516,WO-5623,2026-10-05,Shift 3,ISBM-006,M-SOP-024,FR-024-PET-1000,11028,M,315,0,8,13,21,Conforming,Approved,Approved,Approved - First Pass,2026-10-05 20:55:57.866,—,Elena Santos
LOTE-M-SOP-014-4517,WO-5626,2026-10-07,Shift 3,ISBM-006,M-SOP-014,FR-014-PP-PCR-500,19268,M,315,0,0,13,13,Conforming,Approved,Approved,Approved - First Pass,2026-10-08 18:09:43.447,—,Ana Silva
LOTE-M-SOP-014-4518,WO-5627,2026-10-08,Shift 3,ISBM-006,M-SOP-014,FR-014-rPET-500,8773,L,200,0,1,2,3,Conforming,Approved,Approved,Approved - First Pass,2026-10-09 14:59:04.532,—,Carlos Mendes
LOTE-M-SOP-014-4519,WO-5630,2026-10-09,Shift 3,ISBM-006,M-SOP-014,FR-014-PP-500,21600,M,315,1,4,18,23,Conforming,Rejected,Rejected,Rejected - Scrapped,2026-10-11 13:17:18.341,Leakage:1(Re=1),Beatriz Costa
LOTE-M-SOP-014-4520,WO-5633,2026-10-12,Shift 3,ISBM-006,M-SOP-014,FR-014-HDPE-PCR-500,14942,M,315,0,4,3,7,Conforming,Approved,Approved,Approved - First Pass,2026-10-12 22:08:29.919,—,Ana Silva
LOTE-M-SOP-014-4521,WO-5634,2026-10-12,Shift 1,ISBM-006,M-SOP-014,FR-014-PP-PCR-500,4881,L,200,0,2,1,3,Conforming,Approved,Approved,Approved - First Pass,2026-10-13 01:06:49.759,—,Elena Santos
LOTE-M-SOP-011-4522,WO-5636,2026-10-13,Shift 1,ISBM-006,M-SOP-011,FR-011-PET-400,12562,M,315,0,3,6,9,Conforming,Approved,Approved,Approved - First Pass,2026-10-14 18:50:30.708,—,Beatriz Costa
LOTE-M-SOP-014-4523,WO-5638,2026-10-14,Shift 3,ISBM-006,M-SOP-014,FR-014-HDPE-PCR-500,17618,M,315,0,3,6,9,Conforming,Approved,Approved,Approved - First Pass,2026-10-15 22:55:57.761,—,Ana Silva
LOTE-M-SOP-028-4524,WO-5641,2026-10-17,Shift 1,ISBM-006,M-SOP-028,FR-028-HDPE-5000,3125,L,200,0,2,6,8,Conforming,Approved,Approved,Approved - First Pass,2026-10-18 03:14:34.733,—,Ana Silva
LOTE-M-SOP-014-4525,WO-5642,2026-10-18,Shift 3,ISBM-006,M-SOP-014,FR-014-rPET-500,6847,L,200,0,0,4,4,Conforming,Approved,Approved,Approved - First Pass,2026-10-19 07:19:19.396,—,Diogo Ferreira
LOTE-M-SOP-024-4526,WO-5645,2026-10-19,SHIFT 2,ISBM-006,M-SOP-024,FR-024-PET-1000,11343,M,315,0,3,8,11,Conforming,Approved,Approved,Approved - First Pass,2026-10-21 06:23:37.877,—,Carlos Mendes
LOTE-M-SOP-018-4527,WO-5647,2026-10-21,Shift 1,ISBM-006,M-SOP-018,FR-018-HDPE-600,20306,M,315,0,6,18,24,Conforming,Approved,Approved,Approved - First Pass,2026-10-22 17:25:10.508,—,Beatriz Costa
LOTE-M-SOP-014-4528,WO-5648,2026-10-22,SHIFT 1,ISBM-006,M-SOP-014,FR-014-HDPE-500,8478,L,200,0,0,11,11,Conforming,Approved,Approved,Approved - First Pass,2026-10-23 02:25:58.064,—,Beatriz Costa
LOTE-M-SOP-028-4529,WO-5650,2026-10-23,Shift 1,ISBM-006,M-SOP-028,FR-028-HDPE-5000,1802,L,200,0,1,2,3,Conforming,Approved,Approved,Approved - First Pass,2026-10-24 07:49:41.038,—,Elena Santos
LOTE-M-SOP-018-4530,WO-5653,2026-10-25,Shift 3,ISBM-006,M-SOP-018,FR-018-rPET-600,22810,M,315,0,3,18,21,Conforming,Approved,Approved,Approved - First Pass,2026-10-26 07:20:39.962,—,Diogo Ferreira
LOTE-M-SOP-011-4531,WO-5654,2026-10-25,shift 3,ISBM-006,M-SOP-011,FR-011-PET-400,4824,L,200,0,4,5,9,Conforming,Approved,Approved,Approved - First Pass,2026-10-27 02:14:20.244,—,Ana Silva
LOTE-M-SOP-011-4532,WO-5655,2026-10-26,Shift 1,ISBM-006,M-SOP-011,FR-011-PET-400,6220,L,200,0,3,2,5,Conforming,Approved,Approved,Approved - First Pass,2026-10-27 14:53:44.170,—,Ana Silva
LOTE-M-SOP-011-4533,WO-5658,2026-10-27,Shift 3,ISBM-006,M-SOP-011,FR-011-PET-400,22743,M,315,0,2,5,7,Conforming,Approved,Approved,Approved - First Pass,2026-10-29 07:16:56.480,—,Ana Silva
LOTE-M-SOP-018-4534,WO-5660,2026-10-29,Shift 2,ISBM-006,M-SOP-018,FR-018-PP-600,12397,M,315,0,5,7,12,Conforming,Approved,Approved,Approved - First Pass,2026-10-30 11:12:14.460,—,Beatriz Costa
LOTE-M-SOP-018-4535,WO-5662,2026-10-30,Shift 2,ISBM-006,M-SOP-018,FR-018-PETG-600,11489,M,315,1,2,4,7,Conforming,Rejected,Rejected,Rejected - Scrapped,2026-11-01 05:19:17.526,Leakage:1(Re=1),Ana Silva
LOTE-M-SOP-011-4536,WO-5663,2026-10-31,Shift 2,ISBM-006,M-SOP-011,FR-011-PET-400,8036,L,200,0,1,5,6,Conforming,Approved,Approved,Approved - First Pass,2026-11-01 16:26:09.981,—,Elena Santos
LOTE-M-SOP-028-4537,WO-5666,2026-11-02,Shift 2,ISBM-006,M-SOP-028,FR-028-HDPE-5000,3546,L,200,1,1,14,16,Conforming,Rejected,Rejected,Rejected - Scrapped,2026-11-03 14:47:59.343,Leakage:1(Re=1),Ana Silva
LOTE-M-SOP-028-4538,WO-5668,2026-11-04,Shift 3,ISBM-006,M-SOP-028,FR-028-HDPE-5000,2044,L,200,0,2,5,7,Conforming,Approved,Approved,Approved - First Pass,2026-11-05 06:06:29.126,—,Elena Santos
LOTE-M-SOP-028-4539,WO-5670,2026-11-05,Shift 3,ISBM-006,M-SOP-028,FR-028-HDPE-5000,2390,L,200,1,5,17,23,Conforming,Rejected,Rejected,Rejected - Scrapped,2026-11-06 09:58:43.939,Leakage:1(Re=1),Carlos Mendes
LOTE-M-SOP-014-4540,WO-5672,2026-11-06,SHIFT 2,ISBM-006,M-SOP-014,FR-014-rPET-500,12949,M,315,0,1,7,8,Conforming,Approved,Approved,Approved - First Pass,2026-11-08 02:26:55.710,—,Elena Santos
LOTE-M-SOP-011-4541,WO-5675,2026-11-09,Shift 3,ISBM-006,M-SOP-011,FR-011-PET-400,23967,M,315,0,0,18,18,Conforming,Approved,Approved,Approved - First Pass,2026-11-09 21:10:09.353,—,Beatriz Costa
LOTE-M-SOP-018-4542,WO-5676,2026-11-09,shift 2,ISBM-006,M-SOP-018,FR-018-PETG-600,4795,L,200,0,3,14,17,Conforming,Approved,Approved,Approved - First Pass,2026-11-10 19:33:42.101,—,Diogo Ferreira
LOTE-M-SOP-024-4543,WO-5679,2026-11-11,Shift 2,ISBM-006,M-SOP-024,FR-024-PET-1000,13140,M,315,0,5,3,8,Conforming,Approved,Approved,Approved - First Pass,2026-11-13 01:08:09.920,—,Carlos Mendes
LOTE-M-SOP-011-4544,WO-5681,2026-11-12,  Shift 2  ,ISBM-006,M-SOP-011,FR-011-PET-400,10800,M,315,0,0,4,4,Conforming,Approved,Approved,Approved - First Pass,2026-11-13 13:28:53.169,—,Elena Santos
LOTE-M-SOP-014-4545,WO-5683,2026-11-14,Shift 3,ISBM-006,M-SOP-014,FR-014-HDPE-PCR-500,13304,M,315,0,1,12,13,Conforming,Approved,Approved,Approved - First Pass,2026-11-15 06:24:29.886,—,Beatriz Costa
LOTE-M-SOP-018-4546,WO-5685,2026-11-15,  Shift 3  ,ISBM-006,M-SOP-018,FR-018-HDPE-600,12086,M,315,0,0,4,4,Conforming,Approved,Approved,Approved - First Pass,2026-11-16 10:10:13.816,—,Diogo Ferreira
LOTE-M-SOP-024-4547,WO-5686,2026-11-15,Shift 2,ISBM-006,M-SOP-024,FR-024-PET-1000,2916,L,200,0,2,2,4,Conforming,Approved,Approved,Approved - First Pass,2026-11-16 22:35:59.769,—,Carlos Mendes
LOTE-M-SOP-014-4548,WO-5687,2026-11-16,Shift 2,ISBM-006,M-SOP-014,FR-014-HDPE-PCR-500,3798,L,200,0,3,9,12,Conforming,Approved,Approved,Approved - First Pass,2026-11-17 22:40:41.185,—,Diogo Ferreira
LOTE-M-SOP-024-4549,WO-5690,2026-11-18,shift 1,ISBM-006,M-SOP-024,FR-024-PET-1000,10346,M,315,0,2,3,5,Conforming,Approved,Approved,Approved - First Pass,2026-11-19 20:54:34.588,—,Diogo Ferreira
LOTE-M-SOP-011-4550,WO-5692,2026-11-20,Shift 3,ISBM-006,M-SOP-011,FR-011-PET-400,17749,M,315,0,3,5,8,Conforming,Approved,Approved,Approved - First Pass,2026-11-21 12:23:01.233,—,Beatriz Costa
LOTE-M-SOP-028-4551,WO-5693,2026-11-21,Shift 3,ISBM-006,M-SOP-028,FR-028-HDPE-5000,1451,L,200,0,1,0,1,Conforming,Approved,Approved,Approved - First Pass,2026-11-22 14:40:01.115,—,Carlos Mendes
LOTE-M-SOP-014-4552,WO-5694,2026-11-22,Shift 3,ISBM-006,M-SOP-014,FR-014-HDPE-PCR-500,6329,L,200,0,0,0,0,Conforming,Approved,Approved,Approved - First Pass,2026-11-23 04:34:23.662,—,Carlos Mendes
LOTE-M-SOP-014-4553,WO-5695,2026-11-23,Shift 3,ISBM-006,M-SOP-014,FR-014-PETG-500,7101,L,200,0,3,1,4,Conforming,Approved,Approved,Approved - First Pass,2026-11-24 07:57:05.446,—,Beatriz Costa
LOTE-M-SOP-028-4554,WO-5696,2026-11-23,SHIFT 2,ISBM-006,M-SOP-028,FR-028-HDPE-5000,1095,L,200,0,0,2,2,Conforming,Approved,Approved,Approved - First Pass,2026-11-24 11:34:34.817,—,Ana Silva
LOTE-M-SOP-014-4555,WO-5697,2026-11-24,SHIFT 1,ISBM-006,M-SOP-014,FR-014-HDPE-500,6145,L,200,0,1,2,3,Conforming,Approved,Approved,Approved - First Pass,2026-11-25 05:59:36.808,—,Elena Santos
LOTE-M-SOP-024-4556,WO-5699,2026-11-25,Shift 2,ISBM-006,M-SOP-024,FR-024-PET-1000,9299,L,200,0,2,12,14,Conforming,Approved,Approved,Approved - First Pass,2026-11-27 08:11:55.764,—,Elena Santos
LOTE-M-SOP-014-4557,WO-5700,2026-11-26,Shift 2,ISBM-006,M-SOP-014,FR-014-PETG-500,4868,L,200,0,0,5,5,Conforming,Approved,Approved,Approved - First Pass,2026-11-27 13:11:46.137,—,Beatriz Costa
LOTE-M-SOP-028-4558,WO-5702,2026-11-27,Shift 2,ISBM-006,M-SOP-028,FR-028-HDPE-5000,1405,L,200,0,3,4,7,Conforming,Approved,Approved,Approved - First Pass,2026-11-29 09:27:20.820,—,Ana Silva
LOTE-M-SOP-011-4559,WO-5705,2026-11-30,Shift 3,ISBM-006,M-SOP-011,FR-011-PET-400,22876,M,315,0,5,10,15,Conforming,Approved,Approved,Approved - First Pass,2026-12-01 02:32:34.398,—,Beatriz Costa
LOTE-M-SOP-011-4560,WO-5708,2026-12-02,Shift 3,ISBM-006,M-SOP-011,FR-011-PET-400,27235,M,315,0,3,11,14,Conforming,Approved,Approved,Approved - First Pass,2026-12-03 15:46:52.107,—,Beatriz Costa
LOTE-M-SOP-024-4561,WO-5709,2026-12-02,SHIFT 3,ISBM-006,M-SOP-024,FR-024-PET-1000,2753,L,200,0,1,3,4,Conforming,Approved,Approved,Approved - First Pass,2026-12-03 22:10:27.695,—,Carlos Mendes
LOTE-M-SOP-011-4562,WO-5712,2026-12-05,Shift 1,ISBM-006,M-SOP-011,FR-011-PET-400,19106,M,315,0,4,10,14,Conforming,Approved,Approved,Approved - First Pass,2026-12-06 08:28:13.168,—,Beatriz Costa
LOTE-M-SOP-011-4563,WO-5713,2026-12-06,Shift 1,ISBM-006,M-SOP-011,FR-011-PET-400,4691,L,200,0,0,2,2,Conforming,Approved,Approved,Approved - First Pass,2026-12-07 01:16:55.185,—,Elena Santos
LOTE-M-SOP-011-4564,WO-5714,2026-12-06,Shift 2,ISBM-006,M-SOP-011,FR-011-PET-400,6544,L,200,0,2,3,5,Conforming,Approved,Approved,Approved - First Pass,2026-12-07 18:01:09.670,—,Elena Santos
LOTE-M-SOP-014-4565,WO-5717,2026-12-08,Shift 1,ISBM-006,M-SOP-014,FR-014-PP-PCR-500,18884,M,315,0,3,9,12,Conforming,Approved,Approved,Approved - First Pass,2026-12-09 12:45:12.845,—,Beatriz Costa
LOTE-M-SOP-014-4566,WO-5719,2026-12-09,Shift 2,ISBM-006,M-SOP-014,FR-014-PP-500,10944,M,315,0,1,9,10,Conforming,Approved,Approved,Approved - First Pass,2026-12-10 19:53:50.411,—,Elena Santos
LOTE-M-SOP-018-4567,WO-5722,2026-12-11,Shift 1,ISBM-006,M-SOP-018,FR-018-PETG-600,22546,M,315,0,4,15,19,Conforming,Approved,Approved,Approved - First Pass,2026-12-12 20:24:26.011,—,Diogo Ferreira
LOTE-M-SOP-018-4568,WO-5725,2026-12-14,Shift 3,ISBM-006,M-SOP-018,FR-018-PET-600,25763,M,315,1,0,9,10,Conforming,Rejected,Rejected,Rejected - Scrapped,2026-12-15 09:30:15.175,Leakage:1(Re=1),Elena Santos
LOTE-M-SOP-014-4569,WO-5727,2026-12-15,Shift 2,ISBM-006,M-SOP-014,FR-014-HDPE-500,19162,M,315,1,4,1,6,Conforming,Rejected,Rejected,Rejected - Scrapped,2026-12-17 00:47:09.955,Leakage:1(Re=1),Elena Santos
LOTE-M-SOP-011-4570,WO-5728,2026-12-16,shift 1,ISBM-006,M-SOP-011,FR-011-PET-400,10510,M,315,0,0,4,4,Conforming,Approved,Approved,Approved - First Pass,2026-12-17 20:57:31.142,—,Ana Silva
LOTE-M-SOP-028-4571,WO-5731,2026-12-18,shift 1,ISBM-006,M-SOP-028,FR-028-HDPE-5000,3388,L,200,0,1,5,6,Conforming,Approved,Approved,Approved - First Pass,2026-12-19 18:49:25.860,—,Elena Santos
LOTE-M-SOP-024-4572,WO-5732,2026-12-19,Shift 1,ISBM-006,M-SOP-024,FR-024-PET-1000,4403,L,200,0,0,3,3,Conforming,Approved,Approved,Approved - First Pass,2026-12-20 13:52:13.531,—,Carlos Mendes
LOTE-M-SOP-011-4573,WO-5733,2026-12-20,SHIFT 3,ISBM-006,M-SOP-011,FR-011-PET-400,7491,L,200,0,0,5,5,Conforming,Approved,Approved,Approved - First Pass,2026-12-21 12:32:31.456,—,Elena Santos
LOTE-M-SOP-018-4574,WO-5736,2026-12-22,  Shift 3  ,ISBM-006,M-SOP-018,FR-018-LDPE-600,24475,M,315,0,2,7,9,Conforming,Approved,Approved,Approved - First Pass,2026-12-23 00:18:18.952,—,Carlos Mendes
LOTE-M-SOP-028-4575,WO-5739,2026-12-24,Shift 1,ISBM-006,M-SOP-028,FR-028-HDPE-5000,4386,L,200,0,3,7,10,Conforming,Approved,Approved,Approved - First Pass,2026-12-25 17:18:36.761,—,Carlos Mendes
LOTE-M-SOP-011-4576,WO-5741,2026-12-25,Shift 2,ISBM-006,M-SOP-011,FR-011-PET-400,12887,M,315,0,9,3,12,Conforming,Approved,Approved,Approved - First Pass,2026-12-26 12:24:17.529,—,Carlos Mendes
LOTE-M-SOP-014-4577,WO-5742,2026-12-26,Shift 1,ISBM-006,M-SOP-014,FR-014-PETG-500,7001,L,200,0,1,1,2,Conforming,Approved,Approved,Approved - First Pass,2026-12-27 08:50:42.975,—,Elena Santos
LOTE-M-SOP-011-4578,WO-5743,2026-12-27,Shift 3,ISBM-006,M-SOP-011,FR-011-PET-400,9577,L,200,0,2,2,4,Conforming,Approved,Approved,Approved - First Pass,2026-12-28 13:02:56.685,—,Ana Silva
LOTE-M-SOP-014-4579,WO-5745,2026-12-28,Shift 2,ISBM-006,M-SOP-014,FR-014-PP-PCR-500,21141,M,315,0,6,10,16,Conforming,Approved,Approved,Approved - First Pass,2026-12-29 22:47:00.900,—,Ana Silva
LOTE-M-SOP-028-4580,WO-5746,2026-12-29,Shift 2,ISBM-006,M-SOP-028,FR-028-HDPE-5000,559,L,200,0,3,0,3,Conforming,Approved,Approved,Approved - First Pass,2026-12-31 01:33:07.548,—,Beatriz Costa
LOTE-M-SOP-011-4581,WO-5747,2026-12-30,shift 1,ISBM-006,M-SOP-011,FR-011-PET-400,4302,L,200,0,1,3,4,Conforming,Approved,Approved,Approved - First Pass,2026-12-31 10:29:38.209,—,Elena Santos
LOTE-M-SOP-015-4582,WO-5750,2025-07-02,SHIFT 1,ISBM-007,M-SOP-015,FR-015-PETG-500,16936,M,315,0,3,16,19,Conforming,Approved,Approved,Approved - First Pass,2025-07-03 19:33:41.143,—,Ana Silva
LOTE-M-SOP-002-4583,WO-5752,2025-07-03,Shift 2,ISBM-007,M-SOP-002,FR-002-HDPE-PCR-300,13706,M,315,0,4,10,14,Conforming,Approved,Approved,Approved - First Pass,2025-07-04 22:52:31.092,—,Diogo Ferreira
LOTE-M-SOP-017-4584,WO-5753,2025-07-04,Shift 1,ISBM-007,M-SOP-017,FR-017-HDPE-PCR-600,6321,L,200,0,1,5,6,Conforming,Approved,Approved,Approved - First Pass,2025-07-05 10:56:22.738,—,Carlos Mendes
LOTE-M-SOP-020-4585,WO-5755,2025-07-05,Shift 1,ISBM-007,M-SOP-020,FR-020-HDPE-750,6478,L,200,0,4,9,13,Conforming,Approved,Approved,Approved - First Pass,2025-07-06 08:40:55.047,—,Elena Santos
LOTE-M-SOP-002-4586,WO-5756,2025-07-06,Shift 1,ISBM-007,M-SOP-002,FR-002-HDPE-PCR-300,4890,L,200,0,0,6,6,Conforming,Approved,Approved,Approved - First Pass,2025-07-07 00:39:31.732,—,Elena Santos
LOTE-M-SOP-020-4587,WO-5757,2025-07-06,Shift 3,ISBM-007,M-SOP-020,FR-020-HDPE-750,6942,L,200,0,0,3,3,Conforming,Approved,Approved,Approved - First Pass,2025-07-08 05:38:05.829,—,Diogo Ferreira
LOTE-M-SOP-017-4588,WO-5759,2025-07-08,Shift 1,ISBM-007,M-SOP-017,FR-017-HDPE-PCR-600,16518,M,315,0,3,1,4,Conforming,Approved,Approved,Approved - First Pass,2025-07-09 01:56:30.706,—,Elena Santos
LOTE-M-SOP-002-4589,WO-5762,2025-07-10,Shift 1,ISBM-007,M-SOP-002,FR-002-HDPE-PCR-300,22359,M,315,0,7,10,17,Conforming,Approved,Approved,Approved - First Pass,2025-07-11 22:29:13.809,—,Diogo Ferreira
LOTE-M-SOP-015-4590,WO-5765,2025-07-13,Shift 3,ISBM-007,M-SOP-015,FR-015-HDPE-PCR-500,17773,M,315,0,0,7,7,Conforming,Approved,Approved,Approved - First Pass,2025-07-13 19:56:38.501,—,Elena Santos
LOTE-M-SOP-017-4591,WO-5766,2025-07-13,Shift 2,ISBM-007,M-SOP-017,FR-017-PP-600,6604,L,200,0,2,4,6,Conforming,Approved,Approved,Approved - First Pass,2025-07-14 22:38:21.066,—,Carlos Mendes
LOTE-M-SOP-017-4592,WO-5768,2025-07-15,Shift 3,ISBM-007,M-SOP-017,FR-017-rPET-600,19794,M,315,1,1,6,8,Conforming,Rejected,Rejected,Rejected - Scrapped,2025-07-16 00:06:08.049,Leakage:1(Re=1),Elena Santos
LOTE-M-SOP-015-4593,WO-5770,2025-07-16,Shift 1,ISBM-007,M-SOP-015,FR-015-HDPE-PCR-500,8938,L,200,0,1,11,12,Conforming,Approved,Approved,Approved - First Pass,2025-07-17 04:41:25.070,—,Elena Santos
LOTE-M-SOP-017-4594,WO-5771,2025-07-16,Shift 2,ISBM-007,M-SOP-017,FR-017-rPET-600,2858,L,200,0,0,6,6,Conforming,Approved,Approved,Approved - First Pass,2025-07-17 18:13:03.528,—,Elena Santos
LOTE-M-SOP-017-4595,WO-5774,2025-07-19,Shift 3,ISBM-007,M-SOP-017,FR-017-HDPE-600,27838,M,315,0,0,16,16,Conforming,Approved,Approved,Approved - First Pass,2025-07-20 13:38:50.045,—,Elena Santos
LOTE-M-SOP-002-4596,WO-5775,2025-07-19,shift 2,ISBM-007,M-SOP-002,FR-002-HDPE-PCR-300,4533,L,200,0,1,4,5,Conforming,Approved,Approved,Approved - First Pass,2025-07-20 23:42:33.643,—,Ana Silva
LOTE-M-SOP-015-4597,WO-5777,2025-07-21,Shift 3,ISBM-007,M-SOP-015,FR-015-HDPE-PCR-500,13174,M,315,0,2,8,10,Conforming,Approved,Approved,Approved - First Pass,2025-07-22 07:27:37.083,—,Carlos Mendes
LOTE-M-SOP-002-4598,WO-5778,2025-07-22,Shift 3,ISBM-007,M-SOP-002,FR-002-HDPE-PCR-300,6483,L,200,0,0,5,5,Conforming,Approved,Approved,Approved - First Pass,2025-07-22 21:02:35.775,—,Ana Silva
LOTE-M-SOP-015-4599,WO-5780,2025-07-23,Shift 3,ISBM-007,M-SOP-015,FR-015-HDPE-500,9494,L,200,0,0,8,8,Conforming,Approved,Approved,Approved - First Pass,2025-07-24 03:24:42.587,—,Ana Silva
LOTE-M-SOP-020-4600,WO-5783,2025-07-25,Shift 3,ISBM-007,M-SOP-020,FR-020-rPET-750,16267,M,315,0,3,15,18,Conforming,Approved,Approved,Approved - First Pass,2025-07-26 15:10:46.621,—,Elena Santos
LOTE-M-SOP-002-4601,WO-5784,2025-07-26,Shift 3,ISBM-007,M-SOP-002,FR-002-HDPE-PCR-300,6306,L,200,0,2,0,2,Conforming,Approved,Approved,Approved - First Pass,2025-07-26 15:23:08.011,—,Beatriz Costa
LOTE-M-SOP-020-4602,WO-5785,2025-07-26,Shift 2,ISBM-007,M-SOP-020,FR-020-PP-750,7410,L,200,0,0,6,6,Conforming,Approved,Approved,Approved - First Pass,2025-07-27 17:48:11.470,—,Beatriz Costa
LOTE-M-SOP-020-4603,WO-5787,2025-07-28,SHIFT 3,ISBM-007,M-SOP-020,FR-020-rPET-750,12247,M,315,0,8,7,15,Conforming,Approved,Approved,Approved - First Pass,2025-07-29 11:18:04.453,—,Beatriz Costa
LOTE-M-SOP-015-4604,WO-5789,2025-07-29,Shift 1,ISBM-007,M-SOP-015,FR-015-HDPE-500,8584,L,200,0,0,8,8,Conforming,Approved,Approved,Approved - First Pass,2025-07-30 03:13:03.067,—,Carlos Mendes
LOTE-M-SOP-002-4605,WO-5790,2025-07-30,Shift 3,ISBM-007,M-SOP-002,FR-002-HDPE-PCR-300,5474,L,200,0,1,4,5,Conforming,Approved,Approved,Approved - First Pass,2025-07-30 21:18:50.696,—,Ana Silva
LOTE-M-SOP-017-4606,WO-5791,2025-07-30,Shift 2,ISBM-007,M-SOP-017,FR-017-rPET-600,10001,M,315,0,0,6,6,Conforming,Approved,Approved,Approved - First Pass,2025-08-01 02:27:44.361,—,Ana Silva
LOTE-M-SOP-020-4607,WO-5793,2025-08-01,Shift 1,ISBM-007,M-SOP-020,FR-020-PP-PCR-750,14488,M,315,0,2,7,9,Conforming,Approved,Approved,Approved - First Pass,2025-08-02 18:56:19.246,—,Carlos Mendes
LOTE-M-SOP-020-4608,WO-5795,2025-08-02,Shift 2,ISBM-007,M-SOP-020,FR-020-HDPE-750,13603,M,315,0,1,6,7,Conforming,Approved,Approved,Approved - First Pass,2025-08-03 21:11:59.874,—,Ana Silva
LOTE-M-SOP-015-4609,WO-5796,2025-08-03,Shift 2,ISBM-007,M-SOP-015,FR-015-HDPE-PCR-500,5094,L,200,0,1,8,9,Conforming,Approved,Approved,Approved - First Pass,2025-08-04 14:03:57.301,—,Diogo Ferreira
LOTE-M-SOP-017-4610,WO-5797,2025-08-04,SHIFT 1,ISBM-007,M-SOP-017,FR-017-HDPE-600,8068,L,200,0,0,3,3,Conforming,Approved,Approved,Approved - First Pass,2025-08-05 15:58:34.352,—,Carlos Mendes
LOTE-M-SOP-020-4611,WO-5799,2025-08-06,Shift 1,ISBM-007,M-SOP-020,FR-020-PP-750,14195,M,315,0,1,0,1,Conforming,Approved,Approved,Approved - First Pass,2025-08-07 08:37:43.634,—,Elena Santos
LOTE-M-SOP-002-4612,WO-5802,2025-08-08,Shift 3,ISBM-007,M-SOP-002,FR-002-HDPE-PCR-300,18992,M,315,0,5,7,12,Conforming,Approved,Approved,Approved - First Pass,2025-08-08 19:00:41.039,—,Ana Silva
LOTE-M-SOP-015-4613,WO-5803,2025-08-08,SHIFT 2,ISBM-007,M-SOP-015,FR-015-PETG-500,4547,L,200,0,3,3,6,Conforming,Approved,Approved,Approved - First Pass,2025-08-10 00:07:23.689,—,Carlos Mendes
LOTE-M-SOP-020-4614,WO-5806,2025-08-10,Shift 3,ISBM-007,M-SOP-020,FR-020-HDPE-PCR-750,22442,M,315,0,3,9,12,Conforming,Approved,Approved,Approved - First Pass,2025-08-12 03:07:22.909,—,Beatriz Costa
LOTE-M-SOP-020-4615,WO-5808,2025-08-12,Shift 3,ISBM-007,M-SOP-020,FR-020-PP-750,8693,L,200,0,2,9,11,Conforming,Approved,Approved,Approved - First Pass,2025-08-13 08:15:15.841,—,Carlos Mendes
LOTE-M-SOP-017-4616,WO-5810,2025-08-13,Shift 3,ISBM-007,M-SOP-017,FR-017-rPET-600,12174,M,315,0,2,3,5,Conforming,Approved,Approved,Approved - First Pass,2025-08-14 02:08:00.777,—,Beatriz Costa
LOTE-M-SOP-015-4617,WO-5813,2025-08-15,Shift 1,ISBM-007,M-SOP-015,FR-015-HDPE-500,18958,M,315,0,1,11,12,Conforming,Approved,Approved,Approved - First Pass,2025-08-16 08:08:09.931,—,Elena Santos
LOTE-M-SOP-020-4618,WO-5816,2025-08-17,Shift 1,ISBM-007,M-SOP-020,FR-020-PET-750,14950,M,315,0,2,12,14,Conforming,Approved,Approved,Approved - First Pass,2025-08-18 06:07:27.942,—,Ana Silva
LOTE-M-SOP-017-4619,WO-5818,2025-08-18,Shift 2,ISBM-007,M-SOP-017,FR-017-HDPE-600,10365,M,315,0,0,6,6,Conforming,Approved,Approved,Approved - First Pass,2025-08-20 03:52:45.819,—,Diogo Ferreira
LOTE-M-SOP-017-4620,WO-5820,2025-08-20,Shift 3,ISBM-007,M-SOP-017,FR-017-HDPE-600,16223,M,315,0,2,8,10,Conforming,Approved,Approved,Approved - First Pass,2025-08-20 23:46:27.155,—,Diogo Ferreira
LOTE-M-SOP-020-4621,WO-5821,2025-08-20,Shift 2,ISBM-007,M-SOP-020,FR-020-HDPE-PCR-750,4852,L,200,0,0,2,2,Conforming,Approved,Approved,Approved - First Pass,2025-08-21 13:49:02.943,—,Carlos Mendes
LOTE-M-SOP-020-4622,WO-5823,2025-08-22,Shift 3,ISBM-007,M-SOP-020,FR-020-HDPE-PCR-750,8988,L,200,0,3,4,7,Conforming,Approved,Approved,Approved - First Pass,2025-08-23 03:59:10.111,—,Elena Santos
LOTE-M-SOP-020-4623,WO-5824,2025-08-22,Shift 2,ISBM-007,M-SOP-020,FR-020-PP-PCR-750,2031,L,200,0,3,9,12,Conforming,Approved,Approved,Approved - First Pass,2025-08-23 20:25:46.660,—,Beatriz Costa
LOTE-M-SOP-002-4624,WO-5827,2025-08-25,Shift 3,ISBM-007,M-SOP-002,FR-002-HDPE-PCR-300,20579,M,315,0,4,20,24,Conforming,Approved,Approved,Approved - First Pass,2025-08-25 16:27:48.047,—,Elena Santos
LOTE-M-SOP-002-4625,WO-5828,2025-08-25,Shift 1,ISBM-007,M-SOP-002,FR-002-HDPE-PCR-300,5789,L,200,0,0,4,4,Conforming,Approved,Approved,Approved - First Pass,2025-08-26 19:36:06.015,—,Ana Silva
LOTE-M-SOP-017-4626,WO-5830,2025-08-26,Shift 2,ISBM-007,M-SOP-017,FR-017-HDPE-600,15857,M,315,0,1,3,4,Conforming,Approved,Approved,Approved - First Pass,2025-08-27 21:59:25.919,—,Diogo Ferreira
LOTE-M-SOP-002-4627,WO-5833,2025-08-29,Shift 3,ISBM-007,M-SOP-002,FR-002-HDPE-PCR-300,20202,M,315,0,1,6,7,Conforming,Approved,Approved,Approved - First Pass,2025-08-29 20:08:51.513,—,Elena Santos
LOTE-M-SOP-002-4628,WO-5835,2025-08-30,SHIFT 3,ISBM-007,M-SOP-002,FR-002-HDPE-PCR-300,11029,M,315,0,6,1,7,Conforming,Approved,Approved,Approved - First Pass,2025-08-31 02:22:26.976,—,Beatriz Costa
LOTE-M-SOP-015-4629,WO-5836,2025-08-30,shift 2,ISBM-007,M-SOP-015,FR-015-rPET-500,6136,L,200,0,1,2,3,Conforming,Approved,Approved,Approved - First Pass,2025-08-31 23:04:07.233,—,Beatriz Costa
LOTE-M-SOP-017-4630,WO-5838,2025-09-01,Shift 1,ISBM-007,M-SOP-017,FR-017-rPET-600,15296,M,315,0,5,10,15,Conforming,Approved,Approved,Approved - First Pass,2025-09-02 16:17:13.671,—,Carlos Mendes
LOTE-M-SOP-002-4631,WO-5841,2025-09-03,Shift 2,ISBM-007,M-SOP-002,FR-002-HDPE-PCR-300,20018,M,315,0,4,10,14,Conforming,Approved,Approved,Approved - First Pass,2025-09-05 00:52:40.590,—,Carlos Mendes
LOTE-M-SOP-015-4632,WO-5843,2025-09-05,Shift 3,ISBM-007,M-SOP-015,FR-015-HDPE-PCR-500,9746,L,200,0,0,3,3,Conforming,Approved,Approved,Approved - First Pass,2025-09-06 06:19:26.415,—,Ana Silva
LOTE-M-SOP-017-4633,WO-5846,2025-09-07,shift 1,ISBM-007,M-SOP-017,FR-017-PP-PCR-600,17312,M,315,0,4,14,18,Conforming,Approved,Approved,Approved - First Pass,2025-09-08 09:33:20.289,—,Elena Santos
LOTE-M-SOP-002-4634,WO-5848,2025-09-08,Shift 1,ISBM-007,M-SOP-002,FR-002-HDPE-PCR-300,12986,M,315,0,5,4,9,Conforming,Approved,Approved,Approved - First Pass,2025-09-09 05:53:38.585,—,Carlos Mendes
LOTE-M-SOP-017-4635,WO-5849,2025-09-09,  Shift 3  ,ISBM-007,M-SOP-017,FR-017-rPET-600,7989,L,200,0,0,3,3,Conforming,Approved,Approved,Approved - First Pass,2025-09-10 09:55:32.868,—,Elena Santos
LOTE-M-SOP-020-4636,WO-5852,2025-09-11,Shift 1,ISBM-007,M-SOP-020,FR-020-HDPE-750,18042,M,315,0,2,12,14,Conforming,Approved,Approved,Approved - First Pass,2025-09-12 01:59:14.025,—,Ana Silva
LOTE-M-SOP-002-4637,WO-5853,2025-09-11,Shift 3,ISBM-007,M-SOP-002,FR-002-HDPE-PCR-300,8264,L,200,0,0,2,2,Conforming,Approved,Approved,Approved - First Pass,2025-09-12 19:15:03.912,—,Elena Santos
LOTE-M-SOP-017-4638,WO-5855,2025-09-13,Shift 3,ISBM-007,M-SOP-017,FR-017-rPET-600,13279,M,315,0,1,10,11,Conforming,Approved,Approved,Approved - First Pass,2025-09-14 05:19:15.522,—,Elena Santos
LOTE-M-SOP-015-4639,WO-5857,2025-09-14,Shift 1,ISBM-007,M-SOP-015,FR-015-rPET-500,12424,M,315,0,1,16,17,Conforming,Approved,Approved,Approved - First Pass,2025-09-15 06:10:31.125,—,Carlos Mendes
LOTE-M-SOP-017-4640,WO-5859,2025-09-15,shift 2,ISBM-007,M-SOP-017,FR-017-rPET-600,11939,M,315,0,0,5,5,Conforming,Approved,Approved,Approved - First Pass,2025-09-16 15:57:26.952,—,Carlos Mendes
LOTE-M-SOP-015-4641,WO-5862,2025-09-17,  Shift 1  ,ISBM-007,M-SOP-015,FR-015-PETG-500,19411,M,315,0,2,18,20,Conforming,Approved,Approved,Approved - First Pass,2025-09-18 12:46:49.499,—,Diogo Ferreira
LOTE-M-SOP-015-4642,WO-5864,2025-09-18,Shift 2,ISBM-007,M-SOP-015,FR-015-HDPE-500,8470,L,200,0,1,11,12,Conforming,Approved,Approved,Approved - First Pass,2025-09-19 10:54:12.204,—,Ana Silva
LOTE-M-SOP-017-4643,WO-5866,2025-09-19,Shift 2,ISBM-007,M-SOP-017,FR-017-HDPE-PCR-600,7161,L,200,0,0,11,11,Conforming,Approved,Approved,Approved - First Pass,2025-09-21 09:07:40.083,—,Ana Silva
LOTE-M-SOP-015-4644,WO-5869,2025-09-22,Shift 3,ISBM-007,M-SOP-015,FR-015-PETG-500,15689,M,315,0,4,15,19,Conforming,Approved,Approved,Approved - First Pass,2025-09-22 20:28:01.460,—,Carlos Mendes
LOTE-M-SOP-017-4645,WO-5872,2025-09-24,Shift 1,ISBM-007,M-SOP-017,FR-017-PP-600,27062,M,315,0,2,14,16,Conforming,Approved,Approved,Approved - First Pass,2025-09-25 07:48:07.236,—,Beatriz Costa
LOTE-M-SOP-017-4646,WO-5875,2025-09-26,  Shift 2  ,ISBM-007,M-SOP-017,FR-017-HDPE-PCR-600,27269,M,315,0,4,18,22,Conforming,Approved,Approved,Approved - First Pass,2025-09-28 01:44:24.212,—,Diogo Ferreira
LOTE-M-SOP-015-4647,WO-5877,2025-09-28,  Shift 3  ,ISBM-007,M-SOP-015,FR-015-HDPE-PCR-500,12180,M,315,0,1,4,5,Conforming,Approved,Approved,Approved - First Pass,2025-09-29 11:06:00.588,—,Elena Santos
LOTE-M-SOP-002-4648,WO-5878,2025-09-28,Shift 3,ISBM-007,M-SOP-002,FR-002-HDPE-PCR-300,8166,L,200,0,1,2,3,Conforming,Approved,Approved,Approved - First Pass,2025-09-30 00:39:17.051,—,Carlos Mendes
LOTE-M-SOP-015-4649,WO-5880,2025-09-30,Shift 1,ISBM-007,M-SOP-015,FR-015-HDPE-PCR-500,10966,M,315,0,1,10,11,Conforming,Approved,Approved,Approved - First Pass,2025-10-01 17:51:43.575,—,Ana Silva
LOTE-M-SOP-020-4650,WO-5882,2025-10-01,Shift 2,ISBM-007,M-SOP-020,FR-020-HDPE-750,13486,M,315,0,3,16,19,Conforming,Approved,Approved,Approved - First Pass,2025-10-02 16:47:54.832,—,Diogo Ferreira
LOTE-M-SOP-017-4651,WO-5884,2025-10-03,Shift 3,ISBM-007,M-SOP-017,FR-017-HDPE-600,14926,M,315,0,3,13,16,Conforming,Approved,Approved,Approved - First Pass,2025-10-04 04:19:45.548,—,Carlos Mendes
LOTE-M-SOP-015-4652,WO-5887,2025-10-05,Shift 1,ISBM-007,M-SOP-015,FR-015-rPET-500,15309,M,315,0,3,17,20,Conforming,Approved,Approved,Approved - First Pass,2025-10-05 20:53:19.703,—,Carlos Mendes
LOTE-M-SOP-020-4653,WO-5888,2025-10-05,Shift 2,ISBM-007,M-SOP-020,FR-020-rPET-750,5206,L,200,0,2,4,6,Conforming,Approved,Approved,Approved - First Pass,2025-10-07 04:06:25.684,—,Ana Silva
LOTE-M-SOP-015-4654,WO-5890,2025-10-07,Shift 1,ISBM-007,M-SOP-015,FR-015-PETG-500,9239,L,200,0,4,15,19,Conforming,Approved,Approved,Approved - First Pass,2025-10-07 19:48:31.480,—,Carlos Mendes
LOTE-M-SOP-020-4655,WO-5892,2025-10-08,Shift 2,ISBM-007,M-SOP-020,FR-020-HDPE-750,10644,M,315,1,0,2,3,Conforming,Rejected,Rejected,Rejected - Scrapped,2025-10-09 08:02:06.668,Leakage:1(Re=1),Carlos Mendes
LOTE-M-SOP-015-4656,WO-5894,2025-10-10,Shift 3,ISBM-007,M-SOP-015,FR-015-HDPE-500,14551,M,315,0,4,13,17,Conforming,Approved,Approved,Approved - First Pass,2025-10-11 08:23:18.924,—,Beatriz Costa
LOTE-M-SOP-015-4657,WO-5895,2025-10-10,Shift 2,ISBM-007,M-SOP-015,FR-015-HDPE-500,5780,L,200,0,0,6,6,Conforming,Approved,Approved,Approved - First Pass,2025-10-11 15:47:24.259,—,Beatriz Costa
LOTE-M-SOP-017-4658,WO-5896,2025-10-11,Shift 1,ISBM-007,M-SOP-017,FR-017-PP-600,6124,L,200,0,1,0,1,Conforming,Approved,Approved,Approved - First Pass,2025-10-12 10:35:35.243,—,Ana Silva
LOTE-M-SOP-020-4659,WO-5897,2025-10-12,Shift 1,ISBM-007,M-SOP-020,FR-020-rPET-750,3864,L,200,0,0,8,8,Conforming,Approved,Approved,Approved - First Pass,2025-10-12 18:20:08.185,—,Ana Silva
LOTE-M-SOP-020-4660,WO-5900,2025-10-14,Shift 3,ISBM-007,M-SOP-020,FR-020-rPET-750,17319,M,315,0,4,12,16,Conforming,Approved,Approved,Approved - First Pass,2025-10-16 00:24:40.341,—,Beatriz Costa
LOTE-M-SOP-020-4661,WO-5901,2025-10-15,Shift 3,ISBM-007,M-SOP-020,FR-020-rPET-750,5143,L,200,0,0,6,6,Conforming,Approved,Approved,Approved - First Pass,2025-10-16 04:35:35.712,—,Carlos Mendes
LOTE-M-SOP-015-4662,WO-5902,2025-10-15,Shift 2,ISBM-007,M-SOP-015,FR-015-rPET-500,2805,L,200,0,0,5,5,Conforming,Approved,Approved,Approved - First Pass,2025-10-16 19:08:58.541,—,Diogo Ferreira
LOTE-M-SOP-015-4663,WO-5903,2025-10-16,Shift 1,ISBM-007,M-SOP-015,FR-015-HDPE-PCR-500,5300,L,200,0,1,4,5,Conforming,Approved,Approved,Approved - First Pass,2025-10-16 21:44:13.260,—,Ana Silva
LOTE-M-SOP-015-4664,WO-5906,2025-10-18,Shift 3,ISBM-007,M-SOP-015,FR-015-PETG-500,15993,M,315,0,7,13,20,Conforming,Approved,Approved,Approved - First Pass,2025-10-19 08:08:10.201,—,Carlos Mendes
LOTE-M-SOP-017-4665,WO-5908,2025-10-19,Shift 3,ISBM-007,M-SOP-017,FR-017-PP-600,14605,M,315,0,1,8,9,Conforming,Approved,Approved,Approved - First Pass,2025-10-20 02:56:48.964,—,Carlos Mendes
LOTE-M-SOP-020-4666,WO-5910,2025-10-20,Shift 1,ISBM-007,M-SOP-020,FR-020-HDPE-PCR-750,12841,M,315,0,0,9,9,Conforming,Approved,Approved,Approved - First Pass,2025-10-21 08:23:34.446,—,Ana Silva
LOTE-M-SOP-017-4667,WO-5912,2025-10-21,Shift 2,ISBM-007,M-SOP-017,FR-017-HDPE-PCR-600,13099,M,315,0,1,11,12,Conforming,Approved,Approved,Approved - First Pass,2025-10-23 04:23:44.465,—,Ana Silva
LOTE-M-SOP-017-4668,WO-5915,2025-10-23,Shift 1,ISBM-007,M-SOP-017,FR-017-HDPE-600,14495,M,315,0,2,13,15,Conforming,Approved,Approved,Approved - First Pass,2025-10-24 18:33:35.595,—,Beatriz Costa
LOTE-M-SOP-020-4669,WO-5916,2025-10-24,Shift 1,ISBM-007,M-SOP-020,FR-020-PP-750,2813,L,200,0,1,1,2,Conforming,Approved,Approved,Approved - First Pass,2025-10-25 03:49:49.083,—,Ana Silva
LOTE-M-SOP-002-4670,WO-5917,2025-10-25,Shift 3,ISBM-007,M-SOP-002,FR-002-HDPE-PCR-300,5790,L,200,0,0,1,1,Conforming,Approved,Approved,Approved - First Pass,2025-10-26 06:20:24.212,—,Elena Santos
LOTE-M-SOP-017-4671,WO-5919,2025-10-26,Shift 1,ISBM-007,M-SOP-017,FR-017-rPET-600,5484,L,200,0,2,4,6,Conforming,Approved,Approved,Approved - First Pass,2025-10-27 01:29:33.193,—,Beatriz Costa
LOTE-M-SOP-017-4672,WO-5922,2025-10-28,Shift 3,ISBM-007,M-SOP-017,FR-017-HDPE-600,24574,M,315,0,3,15,18,Conforming,Approved,Approved,Approved - First Pass,2025-10-28 17:19:51.470,—,Carlos Mendes
LOTE-M-SOP-017-4673,WO-5924,2025-10-28,Shift 2,ISBM-007,M-SOP-017,FR-017-HDPE-600,9340,L,200,0,1,12,13,Conforming,Approved,Approved,Approved - First Pass,2025-10-29 13:03:08.200,—,Ana Silva
LOTE-M-SOP-017-4674,WO-5927,2025-10-30,Shift 2,ISBM-007,M-SOP-017,FR-017-PP-PCR-600,22672,M,315,0,3,10,13,Conforming,Approved,Approved,Approved - First Pass,2025-10-31 21:25:14.975,—,Ana Silva
LOTE-M-SOP-017-4675,WO-5928,2025-10-31,  Shift 1  ,ISBM-007,M-SOP-017,FR-017-rPET-600,6798,L,200,0,0,1,1,Conforming,Approved,Approved,Approved - First Pass,2025-11-01 03:52:48.603,—,Carlos Mendes
LOTE-M-SOP-015-4676,WO-5931,2025-11-02,Shift 1,ISBM-007,M-SOP-015,FR-015-HDPE-500,21516,M,315,0,3,9,12,Conforming,Approved,Approved,Approved - First Pass,2025-11-03 23:58:54.042,—,Beatriz Costa
LOTE-M-SOP-015-4677,WO-5933,2025-11-03,Shift 3,ISBM-007,M-SOP-015,FR-015-rPET-500,10382,M,315,0,1,14,15,Conforming,Approved,Approved,Approved - First Pass,2025-11-05 02:13:19.213,—,Beatriz Costa
LOTE-M-SOP-020-4678,WO-5934,2025-11-04,shift 2,ISBM-007,M-SOP-020,FR-020-PP-750,3277,L,200,0,1,7,8,Conforming,Approved,Approved,Approved - First Pass,2025-11-05 05:46:14.601,—,Elena Santos
LOTE-M-SOP-015-4679,WO-5935,2025-11-05,Shift 3,ISBM-007,M-SOP-015,FR-015-HDPE-PCR-500,4834,L,200,0,2,5,7,Conforming,Approved,Approved,Approved - First Pass,2025-11-06 03:25:47.492,—,Beatriz Costa
LOTE-M-SOP-002-4680,WO-5937,2025-11-06,Shift 1,ISBM-007,M-SOP-002,FR-002-HDPE-PCR-300,15768,M,315,1,1,8,10,Conforming,Rejected,Approved,Approved - Released on Deviation,2025-11-07 14:21:07.865,—,Beatriz Costa
LOTE-M-SOP-017-4681,WO-5940,2025-11-08,Shift 1,ISBM-007,M-SOP-017,FR-017-HDPE-600,20170,M,315,0,4,11,15,Conforming,Approved,Approved,Approved - First Pass,2025-11-09 02:40:10.782,—,Ana Silva
LOTE-M-SOP-020-4682,WO-5941,2025-11-08,Shift 2,ISBM-007,M-SOP-020,FR-020-HDPE-750,5365,L,200,0,0,6,6,Conforming,Approved,Approved,Approved - First Pass,2025-11-10 03:15:36.476,—,Beatriz Costa
LOTE-M-SOP-002-4683,WO-5942,2025-11-09,Shift 2,ISBM-007,M-SOP-002,FR-002-HDPE-PCR-300,6672,L,200,0,0,6,6,Conforming,Approved,Approved,Approved - First Pass,2025-11-10 09:26:53.847,—,Carlos Mendes
LOTE-M-SOP-017-4684,WO-5944,2025-11-10,Shift 2,ISBM-007,M-SOP-017,FR-017-PP-PCR-600,13104,M,315,0,0,7,7,Conforming,Approved,Approved,Approved - First Pass,2025-11-12 05:11:38.851,—,Elena Santos
LOTE-M-SOP-017-4685,WO-5946,2025-11-12,Shift 3,ISBM-007,M-SOP-017,FR-017-PP-600,16664,M,315,0,2,6,8,Conforming,Approved,Approved,Approved - First Pass,2025-11-13 01:54:25.875,—,Ana Silva
LOTE-M-SOP-017-4686,WO-5949,2025-11-14,Shift 3,ISBM-007,M-SOP-017,FR-017-HDPE-PCR-600,17791,M,315,0,3,11,14,Conforming,Approved,Approved,Approved - First Pass,2025-11-14 19:22:16.780,—,Elena Santos
LOTE-M-SOP-020-4687,WO-5950,2025-11-14,Shift 2,ISBM-007,M-SOP-020,FR-020-PP-750,2160,L,200,0,1,6,7,Conforming,Approved,Approved,Approved - First Pass,2025-11-15 20:16:15.682,—,Elena Santos
LOTE-M-SOP-002-4688,WO-5952,2025-11-15,Shift 3,ISBM-007,M-SOP-002,FR-002-HDPE-PCR-300,9569,L,200,0,4,5,9,Conforming,Approved,Approved,Approved - First Pass,2025-11-17 06:51:22.350,—,Ana Silva
LOTE-M-SOP-015-4689,WO-5953,2025-11-16,Shift 3,ISBM-007,M-SOP-015,FR-015-HDPE-500,7038,L,200,0,0,6,6,Conforming,Approved,Approved,Approved - First Pass,2025-11-17 18:08:13.989,—,Beatriz Costa
LOTE-M-SOP-020-4690,WO-5956,2025-11-18,Shift 2,ISBM-007,M-SOP-020,FR-020-HDPE-PCR-750,13661,M,315,0,2,9,11,Conforming,Approved,Approved,Approved - First Pass,2025-11-19 19:30:29.537,—,Ana Silva
LOTE-M-SOP-015-4691,WO-5957,2025-11-19,Shift 1,ISBM-007,M-SOP-015,FR-015-HDPE-500,4825,L,200,0,0,3,3,Conforming,Approved,Approved,Approved - First Pass,2025-11-20 07:35:19.486,—,Ana Silva
LOTE-M-SOP-002-4692,WO-5960,2025-11-21,Shift 1,ISBM-007,M-SOP-002,FR-002-HDPE-PCR-300,16847,M,315,0,1,14,15,Conforming,Approved,Approved,Approved - First Pass,2025-11-22 06:42:05.487,—,Beatriz Costa
LOTE-M-SOP-020-4693,WO-5961,2025-11-22,Shift 3,ISBM-007,M-SOP-020,FR-020-PP-PCR-750,3467,L,200,0,1,7,8,Conforming,Approved,Approved,Approved - First Pass,2025-11-22 16:28:22.673,—,Elena Santos
LOTE-M-SOP-015-4694,WO-5963,2025-11-23,Shift 3,ISBM-007,M-SOP-015,FR-015-PETG-500,11044,M,315,0,1,8,9,Conforming,Approved,Approved,Approved - First Pass,2025-11-24 09:43:28.183,—,Elena Santos
LOTE-M-SOP-020-4695,WO-5966,2025-11-25,Shift 3,ISBM-007,M-SOP-020,FR-020-HDPE-PCR-750,16818,M,315,0,0,17,17,Conforming,Approved,Approved,Approved - First Pass,2025-11-26 06:11:53.479,—,Elena Santos
LOTE-M-SOP-015-4696,WO-5969,2025-11-27,Shift 1,ISBM-007,M-SOP-015,FR-015-HDPE-PCR-500,17617,M,315,0,3,14,17,Conforming,Approved,Approved,Approved - First Pass,2025-11-28 05:52:28.569,—,Carlos Mendes
LOTE-M-SOP-017-4697,WO-5972,2025-11-30,Shift 3,ISBM-007,M-SOP-017,FR-017-HDPE-600,22709,M,315,0,4,8,12,Conforming,Approved,Approved,Approved - First Pass,2025-11-30 19:13:43.582,—,Beatriz Costa
LOTE-M-SOP-015-4698,WO-5973,2025-11-30,SHIFT 2,ISBM-007,M-SOP-015,FR-015-rPET-500,6394,L,200,0,0,4,4,Conforming,Approved,Approved,Approved - First Pass,2025-12-01 13:08:24.039,—,Elena Santos
LOTE-M-SOP-020-4699,WO-5976,2025-12-03,Shift 3,ISBM-007,M-SOP-020,FR-020-HDPE-750,13062,M,315,0,0,3,3,Conforming,Approved,Approved,Approved - First Pass,2025-12-04 12:16:08.037,—,Elena Santos
LOTE-M-SOP-015-4700,WO-5978,2025-12-04,Shift 1,ISBM-007,M-SOP-015,FR-015-rPET-500,12640,M,315,0,4,3,7,Conforming,Approved,Approved,Approved - First Pass,2025-12-05 14:48:38.777,—,Elena Santos
LOTE-M-SOP-002-4701,WO-5979,2025-12-05,Shift 3,ISBM-007,M-SOP-002,FR-002-HDPE-PCR-300,3312,L,200,0,3,5,8,Conforming,Approved,Approved,Approved - First Pass,2025-12-06 02:00:08.976,—,Beatriz Costa
LOTE-M-SOP-015-4702,WO-5981,2025-12-06,Shift 1,ISBM-007,M-SOP-015,FR-015-HDPE-PCR-500,11997,M,315,0,1,17,18,Conforming,Approved,Approved,Approved - First Pass,2025-12-07 19:27:20.516,—,Diogo Ferreira
LOTE-M-SOP-015-4703,WO-5982,2025-12-07,Shift 3,ISBM-007,M-SOP-015,FR-015-HDPE-500,5733,L,200,0,1,9,10,Conforming,Approved,Approved,Approved - First Pass,2025-12-08 09:44:02.949,—,Ana Silva
LOTE-M-SOP-015-4704,WO-5984,2025-12-08,shift 1,ISBM-007,M-SOP-015,FR-015-HDPE-500,8725,L,200,0,0,4,4,Conforming,Approved,Approved,Approved - First Pass,2025-12-09 14:40:55.855,—,Beatriz Costa
LOTE-M-SOP-002-4705,WO-5986,2025-12-09,Shift 2,ISBM-007,M-SOP-002,FR-002-HDPE-PCR-300,15446,M,315,0,0,9,9,Conforming,Approved,Approved,Approved - First Pass,2025-12-10 10:33:55.664,—,Beatriz Costa
LOTE-M-SOP-002-4706,WO-5987,2025-12-10,Shift 1,ISBM-007,M-SOP-002,FR-002-HDPE-PCR-300,7507,L,200,0,2,4,6,Conforming,Approved,Approved,Approved - First Pass,2025-12-11 21:48:28.886,—,Diogo Ferreira
LOTE-M-SOP-020-4707,WO-5990,2025-12-12,Shift 2,ISBM-007,M-SOP-020,FR-020-rPET-750,14048,M,315,0,0,8,8,Conforming,Approved,Approved,Approved - First Pass,2025-12-13 17:16:48.141,—,Elena Santos
LOTE-M-SOP-002-4708,WO-5992,2025-12-13,Shift 2,ISBM-007,M-SOP-002,FR-002-HDPE-PCR-300,14673,M,315,0,3,8,11,Conforming,Approved,Approved,Approved - First Pass,2025-12-15 09:20:41.074,—,Ana Silva
LOTE-M-SOP-002-4709,WO-5993,2025-12-14,Shift 2,ISBM-007,M-SOP-002,FR-002-HDPE-PCR-300,6542,L,200,0,1,3,4,Conforming,Approved,Approved,Approved - First Pass,2025-12-15 18:24:03.293,—,Elena Santos
LOTE-M-SOP-017-4710,WO-5994,2025-12-15,Shift 3,ISBM-007,M-SOP-017,FR-017-PP-600,7171,L,200,0,0,0,0,Conforming,Approved,Approved,Approved - First Pass,2025-12-16 07:38:01.322,—,Elena Santos
LOTE-M-SOP-015-4711,WO-5995,2025-12-15,Shift 2,ISBM-007,M-SOP-015,FR-015-HDPE-500,4498,L,200,0,0,6,6,Conforming,Approved,Approved,Approved - First Pass,2025-12-16 23:41:37.413,—,Beatriz Costa
LOTE-M-SOP-002-4712,WO-5996,2025-12-16,Shift 1,ISBM-007,M-SOP-002,FR-002-HDPE-PCR-300,5597,L,200,0,1,2,3,Conforming,Approved,Approved,Approved - First Pass,2025-12-17 08:49:09.100,—,Elena Santos
LOTE-M-SOP-017-4713,WO-5997,2025-12-17,Shift 3,ISBM-007,M-SOP-017,FR-017-PP-PCR-600,8725,L,200,0,0,5,5,Conforming,Approved,Approved,Approved - First Pass,2025-12-17 18:53:48.311,—,Beatriz Costa
LOTE-M-SOP-020-4714,WO-6000,2025-12-19,Shift 3,ISBM-007,M-SOP-020,FR-020-PET-750,13916,M,315,0,1,13,14,Conforming,Approved,Approved,Approved - First Pass,2025-12-20 02:37:01.178,—,Carlos Mendes
LOTE-M-SOP-002-4715,WO-6002,2025-12-20,shift 1,ISBM-007,M-SOP-002,FR-002-HDPE-PCR-300,8388,L,200,0,0,2,2,Conforming,Approved,Approved,Approved - First Pass,2025-12-21 08:05:27.621,—,Beatriz Costa
LOTE-M-SOP-020-4716,WO-6004,2025-12-21,Shift 3,ISBM-007,M-SOP-020,FR-020-HDPE-750,11974,M,315,0,1,10,11,Conforming,Approved,Approved,Approved - First Pass,2025-12-23 03:19:58.687,—,Diogo Ferreira
LOTE-M-SOP-020-4717,WO-6006,2025-12-23,Shift 3,ISBM-007,M-SOP-020,FR-020-PP-750,10595,M,315,0,2,7,9,Conforming,Approved,Approved,Approved - First Pass,2025-12-24 05:45:15.396,—,Diogo Ferreira
LOTE-M-SOP-002-4718,WO-6007,2025-12-24,Shift 3,ISBM-007,M-SOP-002,FR-002-HDPE-PCR-300,4896,L,200,0,1,1,2,Conforming,Approved,Approved,Approved - First Pass,2025-12-25 03:27:12.227,—,Elena Santos
LOTE-M-SOP-017-4719,WO-6009,2025-12-25,Shift 3,ISBM-007,M-SOP-017,FR-017-rPET-600,11611,M,315,0,2,2,4,Conforming,Approved,Approved,Approved - First Pass,2025-12-25 19:53:48.706,—,Ana Silva
LOTE-M-SOP-015-4720,WO-6012,2025-12-27,Shift 3,ISBM-007,M-SOP-015,FR-015-PETG-500,18496,M,315,0,3,6,9,Conforming,Approved,Approved,Approved - First Pass,2025-12-28 00:41:45.269,—,Diogo Ferreira
LOTE-M-SOP-020-4721,WO-6013,2025-12-27,Shift 2,ISBM-007,M-SOP-020,FR-020-HDPE-750,5483,L,200,0,0,4,4,Conforming,Approved,Approved,Approved - First Pass,2025-12-29 00:46:53.979,—,Diogo Ferreira
LOTE-M-SOP-002-4722,WO-6016,2025-12-29,Shift 2,ISBM-007,M-SOP-002,FR-002-HDPE-PCR-300,21785,M,315,0,2,15,17,Conforming,Approved,Approved,Approved - First Pass,2025-12-31 05:39:06.054,—,Carlos Mendes
LOTE-M-SOP-002-4723,WO-6018,2025-12-31,Shift 1,ISBM-007,M-SOP-002,FR-002-HDPE-PCR-300,11719,M,315,0,4,13,17,Conforming,Approved,Approved,Approved - First Pass,2026-01-01 00:35:55.018,—,Carlos Mendes
LOTE-M-SOP-017-4724,WO-6019,2025-12-31,Shift 2,ISBM-007,M-SOP-017,FR-017-HDPE-600,10775,M,315,0,1,7,8,Conforming,Approved,Approved,Approved - First Pass,2026-01-02 03:47:25.982,—,Diogo Ferreira
LOTE-M-SOP-020-4725,WO-6020,2026-01-01,Shift 2,ISBM-007,M-SOP-020,FR-020-HDPE-750,4657,L,200,0,1,0,1,Conforming,Approved,Approved,Approved - First Pass,2026-01-03 02:41:18.502,—,Diogo Ferreira
LOTE-M-SOP-015-4726,WO-6022,2026-01-03,SHIFT 3,ISBM-007,M-SOP-015,FR-015-HDPE-PCR-500,9819,L,200,0,1,12,13,Conforming,Approved,Approved,Approved - First Pass,2026-01-04 05:30:29.117,—,Ana Silva
LOTE-M-SOP-017-4727,WO-6023,2026-01-03,Shift 3,ISBM-007,M-SOP-017,FR-017-HDPE-PCR-600,8417,L,200,0,1,6,7,Conforming,Approved,Approved,Approved - First Pass,2026-01-04 19:17:52.846,—,Carlos Mendes
LOTE-M-SOP-017-4728,WO-6025,2026-01-05,Shift 3,ISBM-007,M-SOP-017,FR-017-PP-PCR-600,15002,M,315,0,3,6,9,Conforming,Approved,Approved,Approved - First Pass,2026-01-06 00:15:11.370,—,Beatriz Costa
LOTE-M-SOP-015-4729,WO-6026,2026-01-05,Shift 2,ISBM-007,M-SOP-015,FR-015-HDPE-PCR-500,1595,L,200,0,0,5,5,Conforming,Approved,Approved,Approved - First Pass,2026-01-06 23:03:16.644,—,Carlos Mendes
LOTE-M-SOP-002-4730,WO-6029,2026-01-07,Shift 2,ISBM-007,M-SOP-002,FR-002-HDPE-PCR-300,14689,M,315,0,2,8,10,Conforming,Approved,Approved,Approved - First Pass,2026-01-09 03:49:02.019,—,Ana Silva
LOTE-M-SOP-017-4731,WO-6030,2026-01-08,Shift 1,ISBM-007,M-SOP-017,FR-017-PP-PCR-600,5574,L,200,0,0,0,0,Conforming,Approved,Approved,Approved - First Pass,2026-01-09 13:54:38.548,—,Ana Silva
LOTE-M-SOP-020-4732,WO-6031,2026-01-08,Shift 2,ISBM-007,M-SOP-020,FR-020-PET-750,2914,L,200,1,0,5,6,Conforming,Rejected,Rejected,Rejected - Scrapped,2026-01-09 13:18:20.571,Leakage:1(Re=1),Ana Silva
LOTE-M-SOP-017-4733,WO-6032,2026-01-09,Shift 1,ISBM-007,M-SOP-017,FR-017-PP-PCR-600,6689,L,200,0,1,4,5,Conforming,Approved,Approved,Approved - First Pass,2026-01-10 06:53:47.526,—,Ana Silva
LOTE-M-SOP-017-4734,WO-6035,2026-01-11,shift 2,ISBM-007,M-SOP-017,FR-017-rPET-600,22482,M,315,0,3,7,10,Conforming,Approved,Approved,Approved - First Pass,2026-01-12 14:09:52.087,—,Beatriz Costa
LOTE-M-SOP-020-4735,WO-6037,2026-01-13,Shift 1,ISBM-007,M-SOP-020,FR-020-HDPE-PCR-750,14303,M,315,0,1,7,8,Conforming,Approved,Approved,Approved - First Pass,2026-01-15 00:21:18.944,—,Carlos Mendes
LOTE-M-SOP-017-4736,WO-6038,2026-01-14,Shift 1,ISBM-007,M-SOP-017,FR-017-PP-PCR-600,5650,L,200,0,2,1,3,Conforming,Approved,Approved,Approved - First Pass,2026-01-14 22:58:27.707,—,Ana Silva
LOTE-M-SOP-002-4737,WO-6041,2026-01-16,Shift 3,ISBM-007,M-SOP-002,FR-002-HDPE-PCR-300,20161,M,315,0,0,7,7,Conforming,Approved,Approved,Approved - First Pass,2026-01-16 23:10:31.480,—,Beatriz Costa
LOTE-M-SOP-002-4738,WO-6044,2026-01-17,Shift 2,ISBM-007,M-SOP-002,FR-002-HDPE-PCR-300,16045,M,315,0,4,12,16,Conforming,Approved,Approved,Approved - First Pass,2026-01-18 15:27:33.741,—,Carlos Mendes
LOTE-M-SOP-017-4739,WO-6046,2026-01-19,Shift 3,ISBM-007,M-SOP-017,FR-017-HDPE-PCR-600,16713,M,315,0,1,7,8,Conforming,Approved,Approved,Approved - First Pass,2026-01-20 05:25:48.441,—,Diogo Ferreira
LOTE-M-SOP-020-4740,WO-6047,2026-01-19,Shift 2,ISBM-007,M-SOP-020,FR-020-PET-750,5561,L,200,0,0,7,7,Conforming,Approved,Approved,Approved - First Pass,2026-01-20 20:27:32.981,—,Beatriz Costa
LOTE-M-SOP-020-4741,WO-6050,2026-01-21,Shift 1,ISBM-007,M-SOP-020,FR-020-PP-PCR-750,12392,M,315,0,4,9,13,Conforming,Approved,Approved,Approved - First Pass,2026-01-22 07:28:44.929,—,Diogo Ferreira
LOTE-M-SOP-015-4742,WO-6051,2026-01-22,Shift 3,ISBM-007,M-SOP-015,FR-015-PETG-500,5149,L,200,1,0,9,10,Conforming,Rejected,Rejected,Rejected - Scrapped,2026-01-23 01:30:08.587,Leakage:1(Re=1),Beatriz Costa
LOTE-M-SOP-017-4743,WO-6053,2026-01-23,SHIFT 1,ISBM-007,M-SOP-017,FR-017-PP-PCR-600,21972,M,315,0,7,9,16,Conforming,Approved,Approved,Approved - First Pass,2026-01-25 02:17:58.224,—,Diogo Ferreira
LOTE-M-SOP-017-4744,WO-6056,2026-01-25,Shift 1,ISBM-007,M-SOP-017,FR-017-PP-PCR-600,20575,M,315,0,5,11,16,Conforming,Approved,Approved,Approved - First Pass,2026-01-26 20:16:19.693,—,Diogo Ferreira
LOTE-M-SOP-017-4745,WO-6057,2026-01-26,Shift 1,ISBM-007,M-SOP-017,FR-017-PP-PCR-600,11318,M,315,0,3,8,11,Conforming,Approved,Approved,Approved - First Pass,2026-01-27 10:29:23.638,—,Carlos Mendes
LOTE-M-SOP-015-4746,WO-6059,2026-01-27,Shift 2,ISBM-007,M-SOP-015,FR-015-rPET-500,11311,M,315,0,4,1,5,Conforming,Approved,Approved,Approved - First Pass,2026-01-28 09:36:35.199,—,Elena Santos
LOTE-M-SOP-002-4747,WO-6060,2026-01-28,Shift 1,ISBM-007,M-SOP-002,FR-002-HDPE-PCR-300,6682,L,200,0,0,0,0,Conforming,Approved,Approved,Approved - First Pass,2026-01-29 11:32:58.353,—,Elena Santos
LOTE-M-SOP-015-4748,WO-6062,2026-01-29,Shift 2,ISBM-007,M-SOP-015,FR-015-HDPE-500,11048,M,315,0,1,15,16,Conforming,Approved,Approved,Approved - First Pass,2026-01-30 18:01:42.942,—,Diogo Ferreira
LOTE-M-SOP-020-4749,WO-6064,2026-01-31,Shift 3,ISBM-007,M-SOP-020,FR-020-PP-750,10973,M,315,0,1,10,11,Conforming,Approved,Approved,Approved - First Pass,2026-01-31 22:50:15.081,—,Carlos Mendes
LOTE-M-SOP-002-4750,WO-6065,2026-01-31,  Shift 1  ,ISBM-007,M-SOP-002,FR-002-HDPE-PCR-300,7666,L,200,0,1,6,7,Conforming,Approved,Approved,Approved - First Pass,2026-02-01 10:09:29.511,—,Ana Silva
LOTE-M-SOP-020-4751,WO-6067,2026-02-02,Shift 3,ISBM-007,M-SOP-020,FR-020-HDPE-750,9383,L,200,0,2,6,8,Conforming,Approved,Approved,Approved - First Pass,2026-02-03 05:30:00.992,—,Diogo Ferreira
LOTE-M-SOP-002-4752,WO-6068,2026-02-02,SHIFT 2,ISBM-007,M-SOP-002,FR-002-HDPE-PCR-300,9081,L,200,0,0,3,3,Conforming,Approved,Approved,Approved - First Pass,2026-02-04 06:17:54.129,—,Diogo Ferreira
LOTE-M-SOP-002-4753,WO-6069,2026-02-03,Shift 2,ISBM-007,M-SOP-002,FR-002-HDPE-PCR-300,5275,L,200,0,1,0,1,Conforming,Approved,Approved,Approved - First Pass,2026-02-04 23:52:27.809,—,Elena Santos
LOTE-M-SOP-017-4754,WO-6070,2026-02-04,Shift 1,ISBM-007,M-SOP-017,FR-017-PP-600,9570,L,200,0,0,9,9,Conforming,Approved,Approved,Approved - First Pass,2026-02-05 20:51:53.528,—,Carlos Mendes
LOTE-M-SOP-015-4755,WO-6071,2026-02-05,Shift 3,ISBM-007,M-SOP-015,FR-015-HDPE-PCR-500,5198,L,200,0,0,2,2,Conforming,Approved,Approved,Approved - First Pass,2026-02-06 04:38:59.674,—,Ana Silva
LOTE-M-SOP-020-4756,WO-6072,2026-02-05,Shift 2,ISBM-007,M-SOP-020,FR-020-HDPE-PCR-750,5967,L,200,0,0,4,4,Conforming,Approved,Approved,Approved - First Pass,2026-02-07 06:04:25.210,—,Diogo Ferreira
LOTE-M-SOP-020-4757,WO-6074,2026-02-07,SHIFT 1,ISBM-007,M-SOP-020,FR-020-PP-750,12316,M,315,0,0,9,9,Conforming,Approved,Approved,Approved - First Pass,2026-02-08 06:46:24.767,—,Elena Santos
LOTE-M-SOP-020-4758,WO-6075,2026-02-08,Shift 3,ISBM-007,M-SOP-020,FR-020-PP-750,6894,L,200,0,0,9,9,Conforming,Approved,Approved,Approved - First Pass,2026-02-09 03:14:30.607,—,Elena Santos
LOTE-M-SOP-015-4759,WO-6078,2026-02-10,Shift 1,ISBM-007,M-SOP-015,FR-015-HDPE-PCR-500,19284,M,315,0,3,6,9,Conforming,Approved,Approved,Approved - First Pass,2026-02-11 16:46:14.595,—,Carlos Mendes
LOTE-M-SOP-002-4760,WO-6080,2026-02-11,Shift 2,ISBM-007,M-SOP-002,FR-002-HDPE-PCR-300,12567,M,315,0,3,4,7,Conforming,Approved,Approved,Approved - First Pass,2026-02-12 16:47:10.338,—,Beatriz Costa
LOTE-M-SOP-015-4761,WO-6081,2026-02-12,Shift 1,ISBM-007,M-SOP-015,FR-015-PETG-500,3583,L,200,0,0,2,2,Conforming,Approved,Approved,Approved - First Pass,2026-02-13 13:11:46.103,—,Diogo Ferreira
LOTE-M-SOP-020-4762,WO-6082,2026-02-13,Shift 3,ISBM-007,M-SOP-020,FR-020-HDPE-PCR-750,5643,L,200,0,0,3,3,Conforming,Approved,Approved,Approved - First Pass,2026-02-14 12:43:32.170,—,Beatriz Costa
LOTE-M-SOP-020-4763,WO-6085,2026-02-15,Shift 3,ISBM-007,M-SOP-020,FR-020-PET-750,13023,M,315,0,1,1,2,Conforming,Approved,Approved,Approved - First Pass,2026-02-16 11:05:26.470,—,Carlos Mendes
LOTE-M-SOP-015-4764,WO-6086,2026-02-15,Shift 2,ISBM-007,M-SOP-015,FR-015-HDPE-500,3597,L,200,0,0,10,10,Conforming,Approved,Approved,Approved - First Pass,2026-02-17 03:59:38.512,—,Ana Silva
LOTE-M-SOP-002-4765,WO-6088,2026-02-17,Shift 3,ISBM-007,M-SOP-002,FR-002-HDPE-PCR-300,12571,M,315,0,3,7,10,Conforming,Approved,Approved,Approved - First Pass,2026-02-18 08:21:04.481,—,Elena Santos
LOTE-M-SOP-020-4766,WO-6089,2026-02-18,Shift 3,ISBM-007,M-SOP-020,FR-020-PP-PCR-750,4365,L,200,0,2,3,5,Conforming,Approved,Approved,Approved - First Pass,2026-02-18 17:43:06.869,—,Carlos Mendes
LOTE-M-SOP-020-4767,WO-6090,2026-02-18,Shift 2,ISBM-007,M-SOP-020,FR-020-PET-750,5664,L,200,0,1,8,9,Conforming,Approved,Approved,Approved - First Pass,2026-02-19 14:59:32.597,—,Elena Santos
LOTE-M-SOP-002-4768,WO-6092,2026-02-20,Shift 3,ISBM-007,M-SOP-002,FR-002-HDPE-PCR-300,12871,M,315,0,1,2,3,Conforming,Approved,Approved,Approved - First Pass,2026-02-21 08:58:36.878,—,Diogo Ferreira
LOTE-M-SOP-002-4769,WO-6093,2026-02-20,Shift 2,ISBM-007,M-SOP-002,FR-002-HDPE-PCR-300,9740,L,200,0,3,4,7,Conforming,Approved,Approved,Approved - First Pass,2026-02-21 21:56:32.503,—,Ana Silva
LOTE-M-SOP-017-4770,WO-6095,2026-02-22,Shift 1,ISBM-007,M-SOP-017,FR-017-rPET-600,15172,M,315,0,3,10,13,Conforming,Approved,Approved,Approved - First Pass,2026-02-23 07:36:41.165,—,Elena Santos
LOTE-M-SOP-017-4771,WO-6096,2026-02-22,Shift 3,ISBM-007,M-SOP-017,FR-017-PP-600,8940,L,200,0,0,3,3,Conforming,Approved,Approved,Approved - First Pass,2026-02-24 10:22:29.164,—,Ana Silva
LOTE-M-SOP-017-4772,WO-6097,2026-02-23,Shift 2,ISBM-007,M-SOP-017,FR-017-PP-PCR-600,8989,L,200,0,1,8,9,Conforming,Approved,Approved,Approved - First Pass,2026-02-25 06:10:32.567,—,Carlos Mendes
LOTE-M-SOP-002-4773,WO-6099,2026-02-25,Shift 1,ISBM-007,M-SOP-002,FR-002-HDPE-PCR-300,13811,M,315,0,3,5,8,Conforming,Approved,Approved,Approved - First Pass,2026-02-26 01:02:30.327,—,Elena Santos
LOTE-M-SOP-017-4774,WO-6100,2026-02-25,Shift 2,ISBM-007,M-SOP-017,FR-017-PP-PCR-600,11724,M,315,0,2,2,4,Conforming,Approved,Approved,Approved - First Pass,2026-02-27 09:57:50.400,—,Carlos Mendes
LOTE-M-SOP-020-4775,WO-6102,2026-02-27,Shift 1,ISBM-007,M-SOP-020,FR-020-HDPE-PCR-750,11810,M,315,0,5,7,12,Conforming,Approved,Approved,Approved - First Pass,2026-02-28 13:40:43.706,—,Beatriz Costa
LOTE-M-SOP-020-4776,WO-6103,2026-02-28,Shift 3,ISBM-007,M-SOP-020,FR-020-PET-750,6477,L,200,0,1,1,2,Conforming,Approved,Approved,Approved - First Pass,2026-03-01 06:29:57.807,—,Elena Santos
LOTE-M-SOP-002-4777,WO-6104,2026-03-01,Shift 3,ISBM-007,M-SOP-002,FR-002-HDPE-PCR-300,4962,L,200,0,0,5,5,Conforming,Approved,Approved,Approved - First Pass,2026-03-01 23:35:08.641,—,Elena Santos
LOTE-M-SOP-020-4778,WO-6107,2026-03-03,Shift 1,ISBM-007,M-SOP-020,FR-020-HDPE-750,15833,M,315,0,1,11,12,Conforming,Approved,Approved,Approved - First Pass,2026-03-04 13:46:34.539,—,Elena Santos
LOTE-M-SOP-015-4779,WO-6109,2026-03-04,Shift 1,ISBM-007,M-SOP-015,FR-015-HDPE-500,10323,M,315,0,2,5,7,Conforming,Approved,Approved,Approved - First Pass,2026-03-05 20:14:14.179,—,Carlos Mendes
LOTE-M-SOP-015-4780,WO-6112,2026-03-06,Shift 3,ISBM-007,M-SOP-015,FR-015-HDPE-500,17126,M,315,0,2,18,20,Conforming,Approved,Approved,Approved - First Pass,2026-03-07 01:09:36.396,—,Carlos Mendes
LOTE-M-SOP-017-4781,WO-6114,2026-03-07,Shift 1,ISBM-007,M-SOP-017,FR-017-HDPE-600,15944,M,315,0,4,0,4,Conforming,Approved,Approved,Approved - First Pass,2026-03-09 01:07:50.878,—,Carlos Mendes
LOTE-M-SOP-015-4782,WO-6115,2026-03-08,Shift 1,ISBM-007,M-SOP-015,FR-015-HDPE-PCR-500,6811,L,200,0,1,2,3,Conforming,Approved,Approved,Approved - First Pass,2026-03-09 19:10:10.986,—,Carlos Mendes
LOTE-M-SOP-020-4783,WO-6117,2026-03-09,Shift 3,ISBM-007,M-SOP-020,FR-020-rPET-750,10242,M,315,0,1,7,8,Conforming,Approved,Approved,Approved - First Pass,2026-03-11 07:21:52.467,—,Beatriz Costa
LOTE-M-SOP-015-4784,WO-6118,2026-03-10,Shift 2,ISBM-007,M-SOP-015,FR-015-PETG-500,7087,L,200,0,3,7,10,Conforming,Approved,Approved,Approved - First Pass,2026-03-12 00:55:52.899,—,Carlos Mendes
LOTE-M-SOP-015-4785,WO-6120,2026-03-11,  Shift 2  ,ISBM-007,M-SOP-015,FR-015-rPET-500,12147,M,315,0,5,3,8,Conforming,Approved,Approved,Approved - First Pass,2026-03-12 15:51:18.084,—,Diogo Ferreira
LOTE-M-SOP-002-4786,WO-6121,2026-03-12,Shift 1,ISBM-007,M-SOP-002,FR-002-HDPE-PCR-300,6222,L,200,0,2,0,2,Conforming,Approved,Approved,Approved - First Pass,2026-03-13 23:04:35.917,—,Beatriz Costa
LOTE-M-SOP-002-4787,WO-6122,2026-03-13,Shift 3,ISBM-007,M-SOP-002,FR-002-HDPE-PCR-300,5234,L,200,0,0,0,0,Conforming,Approved,Approved,Approved - First Pass,2026-03-14 05:58:12.551,—,Elena Santos
LOTE-M-SOP-002-4788,WO-6124,2026-03-14,Shift 1,ISBM-007,M-SOP-002,FR-002-HDPE-PCR-300,13382,M,315,0,2,6,8,Conforming,Approved,Approved,Approved - First Pass,2026-03-15 16:26:12.184,—,Ana Silva
LOTE-M-SOP-002-4789,WO-6125,2026-03-14,Shift 3,ISBM-007,M-SOP-002,FR-002-HDPE-PCR-300,6212,L,200,0,1,1,2,Conforming,Approved,Approved,Approved - First Pass,2026-03-15 21:28:41.715,—,Ana Silva
LOTE-M-SOP-002-4790,WO-6128,2026-03-16,Shift 2,ISBM-007,M-SOP-002,FR-002-HDPE-PCR-300,19105,M,315,0,11,13,24,Conforming,Approved,Approved,Approved - First Pass,2026-03-17 23:42:56.608,—,Beatriz Costa
LOTE-M-SOP-020-4791,WO-6129,2026-03-17,Shift 2,ISBM-007,M-SOP-020,FR-020-HDPE-PCR-750,703,L,200,0,2,6,8,Conforming,Approved,Approved,Approved - First Pass,2026-03-18 10:03:00.423,—,Beatriz Costa
LOTE-M-SOP-020-4792,WO-6132,2026-03-19,Shift 3,ISBM-007,M-SOP-020,FR-020-rPET-750,17252,M,315,0,3,9,12,Conforming,Approved,Approved,Approved - First Pass,2026-03-20 12:55:26.635,—,Elena Santos
LOTE-M-SOP-017-4793,WO-6135,2026-03-21,Shift 1,ISBM-007,M-SOP-017,FR-017-HDPE-PCR-600,21184,M,315,1,6,12,19,Conforming,Rejected,Approved,Approved - Reworked,2026-03-22 18:47:27.990,—,Elena Santos
LOTE-M-SOP-015-4794,WO-6136,2026-03-22,Shift 1,ISBM-007,M-SOP-015,FR-015-HDPE-PCR-500,4051,L,200,0,1,4,5,Conforming,Approved,Approved,Approved - First Pass,2026-03-23 17:31:00.224,—,Beatriz Costa
LOTE-M-SOP-017-4795,WO-6139,2026-03-24,Shift 1,ISBM-007,M-SOP-017,FR-017-HDPE-PCR-600,21522,M,315,0,5,9,14,Conforming,Approved,Approved,Approved - First Pass,2026-03-25 12:49:42.312,—,Carlos Mendes
LOTE-M-SOP-017-4796,WO-6142,2026-03-26,Shift 1,ISBM-007,M-SOP-017,FR-017-PP-600,18478,M,315,0,3,14,17,Conforming,Approved,Approved,Approved - First Pass,2026-03-27 12:51:06.213,—,Ana Silva
LOTE-M-SOP-017-4797,WO-6144,2026-03-27,  Shift 2  ,ISBM-007,M-SOP-017,FR-017-HDPE-600,16834,M,315,0,1,14,15,Conforming,Approved,Approved,Approved - First Pass,2026-03-28 08:22:40.491,—,Ana Silva
LOTE-M-SOP-020-4798,WO-6146,2026-03-29,Shift 3,ISBM-007,M-SOP-020,FR-020-PP-750,11378,M,315,0,3,10,13,Conforming,Approved,Approved,Approved - First Pass,2026-03-29 20:40:07.442,—,Carlos Mendes
LOTE-M-SOP-020-4799,WO-6148,2026-03-30,Shift 1,ISBM-007,M-SOP-020,FR-020-PET-750,12519,M,315,0,0,13,13,Conforming,Approved,Approved,Approved - First Pass,2026-03-30 22:48:17.306,—,Carlos Mendes
LOTE-M-SOP-015-4800,WO-6151,2026-04-01,Shift 2,ISBM-007,M-SOP-015,FR-015-HDPE-PCR-500,15130,M,315,0,2,7,9,Conforming,Approved,Approved,Approved - First Pass,2026-04-02 22:26:40.082,—,Diogo Ferreira
LOTE-M-SOP-002-4801,WO-6153,2026-04-03,Shift 3,ISBM-007,M-SOP-002,FR-002-HDPE-PCR-300,18301,M,315,0,2,10,12,Conforming,Approved,Approved,Approved - First Pass,2026-04-04 06:41:50.870,—,Diogo Ferreira
LOTE-M-SOP-015-4802,WO-6156,2026-04-05,Shift 1,ISBM-007,M-SOP-015,FR-015-rPET-500,18396,M,315,0,2,11,13,Conforming,Approved,Approved,Approved - First Pass,2026-04-06 14:10:50.289,—,Beatriz Costa
LOTE-M-SOP-017-4803,WO-6159,2026-04-07,Shift 2,ISBM-007,M-SOP-017,FR-017-PP-PCR-600,18700,M,315,0,3,17,20,Conforming,Approved,Approved,Approved - First Pass,2026-04-08 12:50:58.964,—,Carlos Mendes
LOTE-M-SOP-002-4804,WO-6161,2026-04-08,Shift 2,ISBM-007,M-SOP-002,FR-002-HDPE-PCR-300,8322,L,200,0,4,5,9,Conforming,Approved,Approved,Approved - First Pass,2026-04-10 04:25:45.358,—,Diogo Ferreira
LOTE-M-SOP-017-4805,WO-6162,2026-04-09,Shift 2,ISBM-007,M-SOP-017,FR-017-PP-600,3739,L,200,0,3,6,9,Conforming,Approved,Approved,Approved - First Pass,2026-04-11 07:00:41.752,—,Beatriz Costa
LOTE-M-SOP-017-4806,WO-6163,2026-04-10,SHIFT 1,ISBM-007,M-SOP-017,FR-017-rPET-600,4800,L,200,0,2,3,5,Conforming,Approved,Approved,Approved - First Pass,2026-04-11 16:21:28.802,—,Diogo Ferreira
LOTE-M-SOP-002-4807,WO-6166,2026-04-12,SHIFT 1,ISBM-007,M-SOP-002,FR-002-HDPE-PCR-300,25093,M,315,0,1,25,26,Conforming,Approved,Approved,Approved - First Pass,2026-04-13 22:46:44.264,—,Diogo Ferreira
LOTE-M-SOP-002-4808,WO-6167,2026-04-13,Shift 3,ISBM-007,M-SOP-002,FR-002-HDPE-PCR-300,6315,L,200,0,1,4,5,Conforming,Approved,Approved,Approved - First Pass,2026-04-14 08:10:35.888,—,Elena Santos
LOTE-M-SOP-015-4809,WO-6170,2026-04-15,Shift 3,ISBM-007,M-SOP-015,FR-015-PETG-500,12465,M,315,0,3,10,13,Conforming,Approved,Approved,Approved - First Pass,2026-04-15 22:09:01.578,—,Beatriz Costa
LOTE-M-SOP-017-4810,WO-6172,2026-04-16,Shift 1,ISBM-007,M-SOP-017,FR-017-PP-600,16414,M,315,0,2,4,6,Conforming,Approved,Approved,Approved - First Pass,2026-04-17 04:37:33.084,—,Elena Santos
LOTE-M-SOP-002-4811,WO-6175,2026-04-18,Shift 3,ISBM-007,M-SOP-002,FR-002-HDPE-PCR-300,16629,M,315,1,0,18,19,Conforming,Rejected,Rejected,Rejected - Scrapped,2026-04-19 04:55:49.179,Leakage:1(Re=1),Beatriz Costa
LOTE-M-SOP-017-4812,WO-6177,2026-04-19,Shift 1,ISBM-007,M-SOP-017,FR-017-PP-600,14886,M,315,0,1,10,11,Conforming,Approved,Approved,Approved - First Pass,2026-04-20 12:56:31.852,—,Diogo Ferreira
LOTE-M-SOP-020-4813,WO-6178,2026-04-20,Shift 3,ISBM-007,M-SOP-020,FR-020-HDPE-750,5720,L,200,0,0,2,2,Conforming,Approved,Approved,Approved - First Pass,2026-04-20 19:14:50.411,—,Elena Santos
LOTE-M-SOP-020-4814,WO-6179,2026-04-20,Shift 2,ISBM-007,M-SOP-020,FR-020-rPET-750,4856,L,200,0,1,2,3,Conforming,Approved,Approved,Approved - First Pass,2026-04-21 05:35:21.378,—,Diogo Ferreira
LOTE-M-SOP-015-4815,WO-6181,2026-04-22,Shift 3,ISBM-007,M-SOP-015,FR-015-HDPE-500,11042,M,315,0,2,6,8,Conforming,Approved,Approved,Approved - First Pass,2026-04-23 05:19:06.856,—,Carlos Mendes
LOTE-M-SOP-002-4816,WO-6182,2026-04-22,Shift 2,ISBM-007,M-SOP-002,FR-002-HDPE-PCR-300,4384,L,200,0,0,3,3,Conforming,Approved,Approved,Approved - First Pass,2026-04-23 10:01:09.200,—,Carlos Mendes
LOTE-M-SOP-015-4817,WO-6183,2026-04-23,Shift 1,ISBM-007,M-SOP-015,FR-015-PETG-500,4471,L,200,0,1,2,3,Conforming,Approved,Approved,Approved - First Pass,2026-04-24 07:38:18.457,—,Beatriz Costa
LOTE-M-SOP-020-4818,WO-6184,2026-04-24,  Shift 3  ,ISBM-007,M-SOP-020,FR-020-HDPE-750,4417,L,200,0,0,5,5,Conforming,Approved,Approved,Approved - First Pass,2026-04-25 05:21:14.241,—,Beatriz Costa
LOTE-M-SOP-020-4819,WO-6185,2026-04-24,Shift 2,ISBM-007,M-SOP-020,FR-020-PP-PCR-750,6832,L,200,0,2,7,9,Conforming,Approved,Approved,Approved - First Pass,2026-04-25 11:27:03.981,—,Ana Silva
LOTE-M-SOP-015-4820,WO-6187,2026-04-26,Shift 3,ISBM-007,M-SOP-015,FR-015-rPET-500,14231,M,315,0,2,7,9,Conforming,Approved,Approved,Approved - First Pass,2026-04-27 12:52:09.123,—,Elena Santos
LOTE-M-SOP-020-4821,WO-6189,2026-04-27,Shift 2,ISBM-007,M-SOP-020,FR-020-PET-750,5418,L,200,0,3,5,8,Conforming,Approved,Approved,Approved - First Pass,2026-04-28 16:51:40.377,—,Elena Santos
LOTE-M-SOP-017-4822,WO-6190,2026-04-28,Shift 2,ISBM-007,M-SOP-017,FR-017-PP-PCR-600,4961,L,200,0,0,4,4,Conforming,Approved,Approved,Approved - First Pass,2026-04-29 14:40:53.526,—,Beatriz Costa
LOTE-M-SOP-015-4823,WO-6191,2026-04-29,SHIFT 3,ISBM-007,M-SOP-015,FR-015-PETG-500,5179,L,200,0,0,6,6,Conforming,Approved,Approved,Approved - First Pass,2026-04-30 00:24:48.450,—,Beatriz Costa
LOTE-M-SOP-015-4824,WO-6193,2026-04-30,Shift 3,ISBM-007,M-SOP-015,FR-015-HDPE-PCR-500,9144,L,200,0,0,4,4,Conforming,Approved,Approved,Approved - First Pass,2026-05-01 11:35:35.008,—,Carlos Mendes
LOTE-M-SOP-017-4825,WO-6196,2026-05-02,Shift 1,ISBM-007,M-SOP-017,FR-017-rPET-600,21835,M,315,0,5,7,12,Conforming,Approved,Approved,Approved - First Pass,2026-05-03 03:59:09.951,—,Diogo Ferreira
LOTE-M-SOP-017-4826,WO-6198,2026-05-03,Shift 3,ISBM-007,M-SOP-017,FR-017-HDPE-PCR-600,10411,M,315,0,1,8,9,Conforming,Approved,Approved,Approved - First Pass,2026-05-04 04:01:56.810,—,Beatriz Costa
LOTE-M-SOP-002-4827,WO-6199,2026-05-03,Shift 2,ISBM-007,M-SOP-002,FR-002-HDPE-PCR-300,7854,L,200,0,6,4,10,Conforming,Approved,Approved,Approved - First Pass,2026-05-04 17:51:38.067,—,Elena Santos
LOTE-M-SOP-017-4828,WO-6202,2026-05-05,Shift 3,ISBM-007,M-SOP-017,FR-017-HDPE-600,16466,M,315,0,5,9,14,Conforming,Approved,Approved,Approved - First Pass,2026-05-06 21:18:09.248,—,Ana Silva
LOTE-M-SOP-020-4829,WO-6203,2026-05-06,Shift 1,ISBM-007,M-SOP-020,FR-020-PET-750,6582,L,200,0,4,1,5,Conforming,Approved,Approved,Approved - First Pass,2026-05-07 17:55:16.826,—,Beatriz Costa
LOTE-M-SOP-017-4830,WO-6204,2026-05-07,Shift 3,ISBM-007,M-SOP-017,FR-017-PP-PCR-600,8028,L,200,0,1,0,1,Conforming,Approved,Approved,Approved - First Pass,2026-05-08 10:23:27.968,—,Diogo Ferreira
LOTE-M-SOP-020-4831,WO-6206,2026-05-08,Shift 1,ISBM-007,M-SOP-020,FR-020-rPET-750,11571,M,315,0,3,11,14,Conforming,Approved,Approved,Approved - First Pass,2026-05-09 11:56:19.781,—,Elena Santos
LOTE-M-SOP-002-4832,WO-6207,2026-05-09,shift 3,ISBM-007,M-SOP-002,FR-002-HDPE-PCR-300,4136,L,200,0,2,3,5,Conforming,Approved,Approved,Approved - First Pass,2026-05-10 08:31:56.530,—,Beatriz Costa
LOTE-M-SOP-002-4833,WO-6209,2026-05-10,Shift 1,ISBM-007,M-SOP-002,FR-002-HDPE-PCR-300,15127,M,315,0,2,17,19,Conforming,Approved,Approved,Approved - First Pass,2026-05-11 00:17:08.419,—,Elena Santos
LOTE-M-SOP-015-4834,WO-6210,2026-05-10,SHIFT 2,ISBM-007,M-SOP-015,FR-015-PETG-500,1848,L,200,0,3,7,10,Conforming,Approved,Approved,Approved - First Pass,2026-05-11 14:26:15.119,—,Ana Silva
LOTE-M-SOP-020-4835,WO-6211,2026-05-11,Shift 1,ISBM-007,M-SOP-020,FR-020-HDPE-PCR-750,6047,L,200,1,1,0,2,Conforming,Rejected,Rejected,Rejected - Scrapped,2026-05-12 14:25:48.378,Leakage:1(Re=1),Elena Santos
LOTE-M-SOP-015-4836,WO-6214,2026-05-13,shift 1,ISBM-007,M-SOP-015,FR-015-PETG-500,14265,M,315,0,3,12,15,Conforming,Approved,Approved,Approved - First Pass,2026-05-14 22:35:35.172,—,Diogo Ferreira
LOTE-M-SOP-020-4837,WO-6216,2026-05-15,Shift 3,ISBM-007,M-SOP-020,FR-020-HDPE-PCR-750,6611,L,200,0,3,10,13,Conforming,Approved,Approved,Approved - First Pass,2026-05-15 20:31:30.294,—,Elena Santos
LOTE-M-SOP-015-4838,WO-6219,2026-05-16,Shift 2,ISBM-007,M-SOP-015,FR-015-HDPE-PCR-500,13995,M,315,0,5,24,29,Conforming,Approved,Approved,Approved - First Pass,2026-05-17 04:33:10.589,—,Carlos Mendes
LOTE-M-SOP-015-4839,WO-6222,2026-05-18,Shift 1,ISBM-007,M-SOP-015,FR-015-PETG-500,10802,M,315,0,2,7,9,Conforming,Approved,Approved,Approved - First Pass,2026-05-19 06:23:14.668,—,Beatriz Costa
LOTE-M-SOP-017-4840,WO-6223,2026-05-18,Shift 2,ISBM-007,M-SOP-017,FR-017-rPET-600,5417,L,200,0,0,6,6,Conforming,Approved,Approved,Approved - First Pass,2026-05-20 04:02:38.697,—,Ana Silva
LOTE-M-SOP-015-4841,WO-6224,2026-05-19,Shift 1,ISBM-007,M-SOP-015,FR-015-PETG-500,1848,L,200,0,1,2,3,Conforming,Approved,Approved,Approved - First Pass,2026-05-20 11:00:19.286,—,Ana Silva
LOTE-M-SOP-017-4842,WO-6227,2026-05-21,SHIFT 1,ISBM-007,M-SOP-017,FR-017-HDPE-600,32745,M,315,1,8,6,15,Conforming,Rejected,Rejected,Rejected - Scrapped,2026-05-22 22:47:10.693,Leakage:1(Re=1),Beatriz Costa
LOTE-M-SOP-002-4843,WO-6229,2026-05-22,Shift 2,ISBM-007,M-SOP-002,FR-002-HDPE-PCR-300,9109,L,200,0,8,6,14,Conforming,Approved,Approved,Approved - First Pass,2026-05-23 17:55:09.367,—,Carlos Mendes
LOTE-M-SOP-015-4844,WO-6230,2026-05-23,Shift 1,ISBM-007,M-SOP-015,FR-015-HDPE-PCR-500,6438,L,200,0,1,6,7,Conforming,Approved,Approved,Approved - First Pass,2026-05-24 10:46:46.239,—,Diogo Ferreira
LOTE-M-SOP-020-4845,WO-6232,2026-05-24,Shift 2,ISBM-007,M-SOP-020,FR-020-rPET-750,3354,L,200,0,1,6,7,Conforming,Approved,Approved,Approved - First Pass,2026-05-25 20:30:32.133,—,Beatriz Costa
LOTE-M-SOP-017-4846,WO-6234,2026-05-26,shift 3,ISBM-007,M-SOP-017,FR-017-HDPE-PCR-600,16581,M,315,0,3,14,17,Conforming,Approved,Approved,Approved - First Pass,2026-05-27 10:54:13.010,—,Carlos Mendes
LOTE-M-SOP-015-4847,WO-6237,2026-05-27,Shift 2,ISBM-007,M-SOP-015,FR-015-HDPE-500,11675,M,315,0,5,4,9,Conforming,Approved,Approved,Approved - First Pass,2026-05-28 22:43:02.795,—,Diogo Ferreira
LOTE-M-SOP-020-4848,WO-6238,2026-05-28,Shift 1,ISBM-007,M-SOP-020,FR-020-PET-750,7849,L,200,0,0,2,2,Conforming,Approved,Approved,Approved - First Pass,2026-05-29 09:45:55.396,—,Diogo Ferreira
LOTE-M-SOP-002-4849,WO-6239,2026-05-29,Shift 1,ISBM-007,M-SOP-002,FR-002-HDPE-PCR-300,6695,L,200,0,2,0,2,Conforming,Approved,Approved,Approved - First Pass,2026-05-30 15:26:04.300,—,Diogo Ferreira
LOTE-M-SOP-002-4850,WO-6242,2026-05-31,Shift 1,ISBM-007,M-SOP-002,FR-002-HDPE-PCR-300,22370,M,315,0,5,6,11,Conforming,Approved,Approved,Approved - First Pass,2026-06-01 15:58:31.513,—,Ana Silva
LOTE-M-SOP-015-4851,WO-6243,2026-06-01,Shift 1,ISBM-007,M-SOP-015,FR-015-PETG-500,4139,L,200,0,0,8,8,Conforming,Approved,Approved,Approved - First Pass,2026-06-02 03:17:25.820,—,Diogo Ferreira
LOTE-M-SOP-002-4852,WO-6245,2026-06-02,Shift 2,ISBM-007,M-SOP-002,FR-002-HDPE-PCR-300,15352,M,315,0,2,15,17,Conforming,Approved,Approved,Approved - First Pass,2026-06-04 00:03:00.046,—,Diogo Ferreira
LOTE-M-SOP-017-4853,WO-6246,2026-06-03,Shift 1,ISBM-007,M-SOP-017,FR-017-PP-600,9137,L,200,0,1,1,2,Conforming,Approved,Approved,Approved - First Pass,2026-06-04 20:52:32.186,—,Elena Santos
LOTE-M-SOP-017-4854,WO-6248,2026-06-04,Shift 2,ISBM-007,M-SOP-017,FR-017-HDPE-PCR-600,15585,M,315,0,2,7,9,Conforming,Approved,Approved,Approved - First Pass,2026-06-06 03:43:42.557,—,Beatriz Costa
LOTE-M-SOP-020-4855,WO-6251,2026-06-07,Shift 3,ISBM-007,M-SOP-020,FR-020-PET-750,16320,M,315,0,0,8,8,Conforming,Approved,Approved,Approved - First Pass,2026-06-08 12:58:38.413,—,Ana Silva
LOTE-M-SOP-017-4856,WO-6254,2026-06-08,Shift 2,ISBM-007,M-SOP-017,FR-017-HDPE-PCR-600,16251,M,315,0,8,21,29,Conforming,Approved,Approved,Approved - First Pass,2026-06-10 01:45:47.563,—,Diogo Ferreira
LOTE-M-SOP-020-4857,WO-6255,2026-06-09,SHIFT 2,ISBM-007,M-SOP-020,FR-020-PET-750,4960,L,200,0,0,0,0,Conforming,Approved,Approved,Approved - First Pass,2026-06-10 19:06:54.659,—,Ana Silva
LOTE-M-SOP-020-4858,WO-6256,2026-06-10,Shift 1,ISBM-007,M-SOP-020,FR-020-rPET-750,7294,L,200,0,0,2,2,Conforming,Approved,Approved,Approved - First Pass,2026-06-11 11:37:17.031,—,Beatriz Costa
LOTE-M-SOP-017-4859,WO-6258,2026-06-11,Shift 2,ISBM-007,M-SOP-017,FR-017-PP-600,17494,M,315,0,1,1,2,Conforming,Approved,Approved,Approved - First Pass,2026-06-13 05:05:58.409,—,Elena Santos
LOTE-M-SOP-017-4860,WO-6259,2026-06-12,SHIFT 1,ISBM-007,M-SOP-017,FR-017-PP-PCR-600,9311,L,200,0,0,1,1,Conforming,Approved,Approved,Approved - First Pass,2026-06-13 08:23:14.774,—,Beatriz Costa
LOTE-M-SOP-002-4861,WO-6260,2026-06-13,Shift 3,ISBM-007,M-SOP-002,FR-002-HDPE-PCR-300,7901,L,200,0,0,8,8,Conforming,Approved,Approved,Approved - First Pass,2026-06-13 22:46:07.215,—,Elena Santos
LOTE-M-SOP-015-4862,WO-6262,2026-06-14,Shift 1,ISBM-007,M-SOP-015,FR-015-rPET-500,8135,L,200,0,2,9,11,Conforming,Approved,Approved,Approved - First Pass,2026-06-15 06:56:59.894,—,Elena Santos
LOTE-M-SOP-015-4863,WO-6264,2026-06-15,Shift 2,ISBM-007,M-SOP-015,FR-015-HDPE-PCR-500,11341,M,315,0,2,5,7,Conforming,Approved,Approved,Approved - First Pass,2026-06-17 03:47:04.378,—,Beatriz Costa
LOTE-M-SOP-020-4864,WO-6267,2026-06-18,  Shift 1  ,ISBM-007,M-SOP-020,FR-020-PP-PCR-750,16210,M,315,0,5,15,20,Conforming,Approved,Approved,Approved - First Pass,2026-06-19 01:30:44.362,—,Elena Santos
LOTE-M-SOP-020-4865,WO-6268,2026-06-18,Shift 2,ISBM-007,M-SOP-020,FR-020-rPET-750,5061,L,200,0,0,2,2,Conforming,Approved,Approved,Approved - First Pass,2026-06-19 14:53:43.735,—,Beatriz Costa
LOTE-M-SOP-020-4866,WO-6269,2026-06-19,shift 1,ISBM-007,M-SOP-020,FR-020-HDPE-PCR-750,7479,L,200,0,1,3,4,Conforming,Approved,Approved,Approved - First Pass,2026-06-20 16:33:18.726,—,Beatriz Costa
LOTE-M-SOP-020-4867,WO-6270,2026-06-20,Shift 3,ISBM-007,M-SOP-020,FR-020-PP-750,7251,L,200,0,1,1,2,Conforming,Approved,Approved,Approved - First Pass,2026-06-21 03:29:16.563,—,Carlos Mendes
LOTE-M-SOP-020-4868,WO-6271,2026-06-20,Shift 3,ISBM-007,M-SOP-020,FR-020-HDPE-750,7033,L,200,0,0,4,4,Conforming,Approved,Approved,Approved - First Pass,2026-06-22 03:58:21.641,—,Ana Silva
LOTE-M-SOP-002-4869,WO-6274,2026-06-22,Shift 2,ISBM-007,M-SOP-002,FR-002-HDPE-PCR-300,17721,M,315,0,2,7,9,Conforming,Approved,Approved,Approved - First Pass,2026-06-23 17:45:24.407,—,Carlos Mendes
LOTE-M-SOP-015-4870,WO-6276,2026-06-23,Shift 2,ISBM-007,M-SOP-015,FR-015-HDPE-500,8072,L,200,0,4,12,16,Conforming,Approved,Approved,Approved - First Pass,2026-06-24 16:29:28.312,—,Carlos Mendes
LOTE-M-SOP-015-4871,WO-6277,2026-06-24,SHIFT 1,ISBM-007,M-SOP-015,FR-015-PETG-500,5769,L,200,0,1,1,2,Conforming,Approved,Approved,Approved - First Pass,2026-06-25 07:30:04.434,—,Carlos Mendes
LOTE-M-SOP-002-4872,WO-6279,2026-06-25,Shift 1,ISBM-007,M-SOP-002,FR-002-HDPE-PCR-300,11218,M,315,0,1,1,2,Conforming,Approved,Approved,Approved - First Pass,2026-06-26 03:33:59.002,—,Ana Silva
LOTE-M-SOP-017-4873,WO-6282,2026-06-27,Shift 1,ISBM-007,M-SOP-017,FR-017-PP-600,26471,M,315,1,4,18,23,Conforming,Rejected,Rejected,Rejected - Scrapped,2026-06-28 12:39:55.084,Leakage:1(Re=1),Elena Santos
LOTE-M-SOP-017-4874,WO-6284,2026-06-28,Shift 1,ISBM-007,M-SOP-017,FR-017-HDPE-600,12036,M,315,0,2,8,10,Conforming,Approved,Approved,Approved - First Pass,2026-06-29 08:37:16.840,—,Ana Silva
LOTE-M-SOP-002-4875,WO-6285,2026-06-29,Shift 3,ISBM-007,M-SOP-002,FR-002-HDPE-PCR-300,6652,L,200,0,0,3,3,Conforming,Approved,Approved,Approved - First Pass,2026-06-29 21:24:20.349,—,Diogo Ferreira
LOTE-M-SOP-015-4876,WO-6287,2026-06-30,Shift 1,ISBM-007,M-SOP-015,FR-015-rPET-500,10371,M,315,0,3,2,5,Conforming,Approved,Approved,Approved - First Pass,2026-07-01 05:45:52.048,—,Diogo Ferreira
LOTE-M-SOP-002-4877,WO-6288,2026-07-01,Shift 3,ISBM-007,M-SOP-002,FR-002-HDPE-PCR-300,5112,L,200,0,2,0,2,Conforming,Approved,Approved,Approved - First Pass,2026-07-02 01:23:16.633,—,Ana Silva
LOTE-M-SOP-002-4878,WO-6290,2026-07-02,Shift 1,ISBM-007,M-SOP-002,FR-002-HDPE-PCR-300,15091,M,315,0,3,9,12,Conforming,Approved,Approved,Approved - First Pass,2026-07-03 08:13:17.366,—,Beatriz Costa
LOTE-M-SOP-017-4879,WO-6292,2026-07-03,Shift 1,ISBM-007,M-SOP-017,FR-017-HDPE-PCR-600,13632,M,315,0,1,3,4,Conforming,Approved,Approved,Approved - First Pass,2026-07-04 10:05:37.958,—,Beatriz Costa
LOTE-M-SOP-020-4880,WO-6295,2026-07-05,Shift 1,ISBM-007,M-SOP-020,FR-020-HDPE-750,9879,L,200,0,5,17,22,Conforming,Approved,Approved,Approved - First Pass,2026-07-06 16:05:50.370,—,Diogo Ferreira
LOTE-M-SOP-017-4881,WO-6296,2026-07-06,Shift 3,ISBM-007,M-SOP-017,FR-017-PP-600,6965,L,200,0,2,8,10,Conforming,Approved,Approved,Approved - First Pass,2026-07-07 06:59:51.844,—,Carlos Mendes
LOTE-M-SOP-002-4882,WO-6298,2026-07-07,Shift 1,ISBM-007,M-SOP-002,FR-002-HDPE-PCR-300,18112,M,315,0,3,10,13,Conforming,Approved,Approved,Approved - First Pass,2026-07-08 21:00:30.554,—,Ana Silva
LOTE-M-SOP-002-4883,WO-6300,2026-07-09,Shift 3,ISBM-007,M-SOP-002,FR-002-HDPE-PCR-300,13268,M,315,0,2,7,9,Conforming,Approved,Approved,Approved - First Pass,2026-07-10 04:04:25.607,—,Carlos Mendes
LOTE-M-SOP-015-4884,WO-6301,2026-07-09,Shift 2,ISBM-007,M-SOP-015,FR-015-PETG-500,8092,L,200,0,1,6,7,Conforming,Approved,Approved,Approved - First Pass,2026-07-11 09:26:56.227,—,Beatriz Costa
LOTE-M-SOP-020-4885,WO-6302,2026-07-10,Shift 2,ISBM-007,M-SOP-020,FR-020-HDPE-750,8260,L,200,0,3,0,3,Conforming,Approved,Approved,Approved - First Pass,2026-07-11 16:38:14.295,—,Beatriz Costa
LOTE-M-SOP-020-4886,WO-6305,2026-07-12,Shift 2,ISBM-007,M-SOP-020,FR-020-rPET-750,15910,M,315,0,1,14,15,Conforming,Approved,Approved,Approved - First Pass,2026-07-14 01:22:48.290,—,Carlos Mendes
LOTE-M-SOP-002-4887,WO-6308,2026-07-14,Shift 2,ISBM-007,M-SOP-002,FR-002-HDPE-PCR-300,23646,M,315,0,3,7,10,Conforming,Approved,Approved,Approved - First Pass,2026-07-16 03:28:02.907,—,Carlos Mendes
LOTE-M-SOP-015-4888,WO-6311,2026-07-17,Shift 3,ISBM-007,M-SOP-015,FR-015-rPET-500,15463,M,315,0,3,6,9,Conforming,Approved,Approved,Approved - First Pass,2026-07-18 06:20:12.936,—,Beatriz Costa
LOTE-M-SOP-002-4889,WO-6314,2026-07-19,Shift 1,ISBM-007,M-SOP-002,FR-002-HDPE-PCR-300,25758,M,315,0,5,30,35,Conforming,Approved,Approved,Approved - First Pass,2026-07-20 15:10:24.982,—,Ana Silva
LOTE-M-SOP-015-4890,WO-6315,2026-07-20,Shift 3,ISBM-007,M-SOP-015,FR-015-PETG-500,3587,L,200,0,2,5,7,Conforming,Approved,Approved,Approved - First Pass,2026-07-21 09:33:57.966,—,Carlos Mendes
LOTE-M-SOP-020-4891,WO-6316,2026-07-20,Shift 2,ISBM-007,M-SOP-020,FR-020-PP-PCR-750,4531,L,200,0,2,5,7,Conforming,Approved,Approved,Approved - First Pass,2026-07-22 05:34:33.111,—,Diogo Ferreira
LOTE-M-SOP-020-4892,WO-6317,2026-07-21,Shift 1,ISBM-007,M-SOP-020,FR-020-rPET-750,7371,L,200,0,3,5,8,Conforming,Approved,Approved,Approved - First Pass,2026-07-22 20:03:31.013,—,Carlos Mendes
LOTE-M-SOP-002-4893,WO-6319,2026-07-22,Shift 2,ISBM-007,M-SOP-002,FR-002-HDPE-PCR-300,9926,L,200,1,4,7,12,Conforming,Rejected,Rejected,Rejected - Scrapped,2026-07-23 16:41:09.230,Leakage:1(Re=1),Carlos Mendes
LOTE-M-SOP-020-4894,WO-6321,2026-07-23,Shift 3,ISBM-007,M-SOP-020,FR-020-PET-750,8375,L,200,0,1,8,9,Conforming,Approved,Approved,Approved - First Pass,2026-07-24 22:07:52.379,—,Ana Silva
LOTE-M-SOP-002-4895,WO-6323,2026-07-24,Shift 3,ISBM-007,M-SOP-002,FR-002-HDPE-PCR-300,9898,L,200,0,0,10,10,Conforming,Approved,Approved,Approved - First Pass,2026-07-25 11:44:16.239,—,Elena Santos
LOTE-M-SOP-017-4896,WO-6326,2026-07-26,Shift 2,ISBM-007,M-SOP-017,FR-017-PP-PCR-600,26678,M,315,0,4,4,8,Conforming,Approved,Approved,Approved - First Pass,2026-07-28 04:19:33.323,—,Beatriz Costa
LOTE-M-SOP-015-4897,WO-6327,2026-07-27,Shift 1,ISBM-007,M-SOP-015,FR-015-HDPE-500,4662,L,200,0,0,3,3,Conforming,Approved,Approved,Approved - First Pass,2026-07-28 08:02:41.674,—,Ana Silva
LOTE-M-SOP-017-4898,WO-6329,2026-07-28,Shift 3,ISBM-007,M-SOP-017,FR-017-PP-600,15391,M,315,0,1,13,14,Conforming,Approved,Approved,Approved - First Pass,2026-07-30 02:10:19.626,—,Diogo Ferreira
LOTE-M-SOP-017-4899,WO-6332,2026-07-31,Shift 3,ISBM-007,M-SOP-017,FR-017-HDPE-PCR-600,21105,M,315,0,0,15,15,Conforming,Approved,Approved,Approved - First Pass,2026-08-01 06:08:31.589,—,Carlos Mendes
LOTE-M-SOP-020-4900,WO-6335,2026-08-02,Shift 3,ISBM-007,M-SOP-020,FR-020-HDPE-750,18866,M,315,0,1,16,17,Conforming,Approved,Approved,Approved - First Pass,2026-08-03 04:10:50.855,—,Ana Silva
LOTE-M-SOP-015-4901,WO-6336,2026-08-02,Shift 2,ISBM-007,M-SOP-015,FR-015-HDPE-PCR-500,6192,L,200,0,0,7,7,Conforming,Approved,Approved,Approved - First Pass,2026-08-04 00:00:56.948,—,Diogo Ferreira
LOTE-M-SOP-020-4902,WO-6337,2026-08-03,  Shift 1  ,ISBM-007,M-SOP-020,FR-020-HDPE-PCR-750,4898,L,200,0,1,5,6,Conforming,Approved,Approved,Approved - First Pass,2026-08-04 05:10:53.356,—,Beatriz Costa
LOTE-M-SOP-020-4903,WO-6339,2026-08-04,Shift 1,ISBM-007,M-SOP-020,FR-020-PET-750,8696,L,200,0,0,5,5,Conforming,Approved,Approved,Approved - First Pass,2026-08-05 08:43:11.599,—,Carlos Mendes
LOTE-M-SOP-020-4904,WO-6340,2026-08-04,Shift 3,ISBM-007,M-SOP-020,FR-020-HDPE-750,4516,L,200,0,0,3,3,Conforming,Approved,Approved,Approved - First Pass,2026-08-05 14:48:49.669,—,Ana Silva
LOTE-M-SOP-020-4905,WO-6341,2026-08-05,Shift 1,ISBM-007,M-SOP-020,FR-020-PET-750,4512,L,200,0,0,2,2,Conforming,Approved,Approved,Approved - First Pass,2026-08-06 10:21:04.458,—,Beatriz Costa
LOTE-M-SOP-020-4906,WO-6342,2026-08-06,shift 3,ISBM-007,M-SOP-020,FR-020-rPET-750,6688,L,200,0,4,8,12,Conforming,Approved,Approved,Approved - First Pass,2026-08-07 03:39:36.740,—,Elena Santos
LOTE-M-SOP-015-4907,WO-6343,2026-08-06,Shift 2,ISBM-007,M-SOP-015,FR-015-HDPE-500,4893,L,200,0,2,3,5,Conforming,Approved,Approved,Approved - First Pass,2026-08-07 13:15:52.551,—,Beatriz Costa
LOTE-M-SOP-002-4908,WO-6344,2026-08-07,Shift 1,ISBM-007,M-SOP-002,FR-002-HDPE-PCR-300,6443,L,200,0,3,5,8,Conforming,Approved,Approved,Approved - First Pass,2026-08-08 04:15:25.493,—,Carlos Mendes
LOTE-M-SOP-020-4909,WO-6347,2026-08-09,Shift 1,ISBM-007,M-SOP-020,FR-020-HDPE-750,17636,M,315,0,3,20,23,Conforming,Approved,Approved,Approved - First Pass,2026-08-10 08:32:13.623,—,Diogo Ferreira
LOTE-M-SOP-015-4910,WO-6348,2026-08-10,Shift 1,ISBM-007,M-SOP-015,FR-015-rPET-500,4354,L,200,0,0,1,1,Conforming,Approved,Approved,Approved - First Pass,2026-08-11 12:07:25.186,—,Ana Silva
LOTE-M-SOP-002-4911,WO-6349,2026-08-10,Shift 3,ISBM-007,M-SOP-002,FR-002-HDPE-PCR-300,7348,L,200,0,0,2,2,Conforming,Approved,Approved,Approved - First Pass,2026-08-12 03:54:19.346,—,Beatriz Costa
LOTE-M-SOP-017-4912,WO-6350,2026-08-11,Shift 2,ISBM-007,M-SOP-017,FR-017-PP-600,9063,L,200,0,1,2,3,Conforming,Approved,Approved,Approved - First Pass,2026-08-12 08:16:24.152,—,Diogo Ferreira
LOTE-M-SOP-020-4913,WO-6352,2026-08-12,Shift 3,ISBM-007,M-SOP-020,FR-020-PET-750,12531,M,315,0,2,7,9,Conforming,Approved,Approved,Approved - First Pass,2026-08-14 02:10:31.776,—,Ana Silva
LOTE-M-SOP-015-4914,WO-6354,2026-08-14,Shift 1,ISBM-007,M-SOP-015,FR-015-rPET-500,10990,M,315,0,7,9,16,Conforming,Approved,Approved,Approved - First Pass,2026-08-15 16:45:52.827,—,Diogo Ferreira
LOTE-M-SOP-002-4915,WO-6357,2026-08-16,Shift 2,ISBM-007,M-SOP-002,FR-002-HDPE-PCR-300,20674,M,315,0,7,19,26,Conforming,Approved,Approved,Approved - First Pass,2026-08-18 08:48:40.476,—,Elena Santos
LOTE-M-SOP-002-4916,WO-6358,2026-08-17,Shift 1,ISBM-007,M-SOP-002,FR-002-HDPE-PCR-300,5448,L,200,0,1,3,4,Conforming,Approved,Approved,Approved - First Pass,2026-08-18 08:57:16.339,—,Elena Santos
LOTE-M-SOP-002-4917,WO-6361,2026-08-19,Shift 1,ISBM-007,M-SOP-002,FR-002-HDPE-PCR-300,24927,M,315,0,2,4,6,Conforming,Approved,Approved,Approved - First Pass,2026-08-20 17:10:55.342,—,Carlos Mendes
LOTE-M-SOP-015-4918,WO-6363,2026-08-20,Shift 2,ISBM-007,M-SOP-015,FR-015-PETG-500,9505,L,200,0,0,7,7,Conforming,Approved,Approved,Approved - First Pass,2026-08-21 22:52:07.183,—,Diogo Ferreira
LOTE-M-SOP-017-4919,WO-6364,2026-08-21,Shift 1,ISBM-007,M-SOP-017,FR-017-PP-PCR-600,8633,L,200,0,3,3,6,Conforming,Approved,Approved,Approved - First Pass,2026-08-23 05:00:33.373,—,Diogo Ferreira
LOTE-M-SOP-017-4920,WO-6367,2026-08-23,Shift 1,ISBM-007,M-SOP-017,FR-017-HDPE-600,23743,M,315,0,1,10,11,Conforming,Approved,Approved,Approved - First Pass,2026-08-25 03:00:58.462,—,Ana Silva
LOTE-M-SOP-015-4921,WO-6369,2026-08-24,Shift 2,ISBM-007,M-SOP-015,FR-015-PETG-500,10161,M,315,0,4,10,14,Conforming,Approved,Approved,Approved - First Pass,2026-08-25 21:24:45.253,—,Ana Silva
LOTE-M-SOP-002-4922,WO-6372,2026-08-27,Shift 3,ISBM-007,M-SOP-002,FR-002-HDPE-PCR-300,21657,M,315,0,1,6,7,Conforming,Approved,Approved,Approved - First Pass,2026-08-28 04:35:43.595,—,Elena Santos
LOTE-M-SOP-002-4923,WO-6374,2026-08-28,shift 1,ISBM-007,M-SOP-002,FR-002-HDPE-PCR-300,15333,M,315,0,2,11,13,Conforming,Approved,Approved,Approved - First Pass,2026-08-29 12:27:45.056,—,Carlos Mendes
LOTE-M-SOP-017-4924,WO-6377,2026-08-30,Shift 1,ISBM-007,M-SOP-017,FR-017-HDPE-600,24729,M,315,0,1,9,10,Conforming,Approved,Approved,Approved - First Pass,2026-08-31 23:40:11.580,—,Ana Silva
LOTE-M-SOP-020-4925,WO-6380,2026-09-01,Shift 2,ISBM-007,M-SOP-020,FR-020-HDPE-750,15474,M,315,0,4,11,15,Conforming,Approved,Approved,Approved - First Pass,2026-09-03 00:29:52.340,—,Diogo Ferreira
LOTE-M-SOP-017-4926,WO-6383,2026-09-03,Shift 2,ISBM-007,M-SOP-017,FR-017-PP-600,20631,M,315,0,5,7,12,Conforming,Approved,Approved,Approved - First Pass,2026-09-05 01:20:24.071,—,Elena Santos
LOTE-M-SOP-020-4927,WO-6384,2026-09-04,Shift 1,ISBM-007,M-SOP-020,FR-020-PP-750,5803,L,200,0,0,4,4,Conforming,Approved,Approved,Approved - First Pass,2026-09-05 13:53:35.051,—,Carlos Mendes
LOTE-M-SOP-017-4928,WO-6385,2026-09-05,Shift 3,ISBM-007,M-SOP-017,FR-017-rPET-600,3737,L,200,0,0,3,3,Conforming,Approved,Approved,Approved - First Pass,2026-09-05 23:17:04.053,—,Elena Santos
LOTE-M-SOP-020-4929,WO-6387,2026-09-06,Shift 3,ISBM-007,M-SOP-020,FR-020-PP-750,8920,L,200,0,4,2,6,Conforming,Approved,Approved,Approved - First Pass,2026-09-07 01:23:48.908,—,Diogo Ferreira
LOTE-M-SOP-002-4930,WO-6388,2026-09-06,Shift 2,ISBM-007,M-SOP-002,FR-002-HDPE-PCR-300,5762,L,200,0,0,7,7,Conforming,Approved,Approved,Approved - First Pass,2026-09-07 20:16:26.563,—,Diogo Ferreira
LOTE-M-SOP-015-4931,WO-6391,2026-09-08,Shift 2,ISBM-007,M-SOP-015,FR-015-HDPE-500,17876,M,315,0,3,5,8,Conforming,Approved,Approved,Approved - First Pass,2026-09-09 17:26:42.985,—,Diogo Ferreira
LOTE-M-SOP-015-4932,WO-6394,2026-09-10,shift 2,ISBM-007,M-SOP-015,FR-015-HDPE-500,20745,M,315,0,3,12,15,Conforming,Approved,Approved,Approved - First Pass,2026-09-11 12:01:05.598,—,Elena Santos
LOTE-M-SOP-017-4933,WO-6395,2026-09-11,Shift 1,ISBM-007,M-SOP-017,FR-017-HDPE-PCR-600,7583,L,200,0,0,6,6,Conforming,Approved,Approved,Approved - First Pass,2026-09-12 14:15:19.150,—,Beatriz Costa
LOTE-M-SOP-017-4934,WO-6396,2026-09-12,Shift 1,ISBM-007,M-SOP-017,FR-017-PP-600,7198,L,200,0,1,6,7,Conforming,Approved,Approved,Approved - First Pass,2026-09-13 16:59:56.329,—,Elena Santos
LOTE-M-SOP-002-4935,WO-6397,2026-09-13,Shift 3,ISBM-007,M-SOP-002,FR-002-HDPE-PCR-300,6176,L,200,0,2,5,7,Conforming,Approved,Approved,Approved - First Pass,2026-09-14 08:26:44.152,—,Diogo Ferreira
LOTE-M-SOP-015-4936,WO-6398,2026-09-13,Shift 2,ISBM-007,M-SOP-015,FR-015-PETG-500,5905,L,200,0,0,2,2,Conforming,Approved,Approved,Approved - First Pass,2026-09-14 16:16:59.546,—,Elena Santos
LOTE-M-SOP-017-4937,WO-6400,2026-09-15,Shift 3,ISBM-007,M-SOP-017,FR-017-PP-PCR-600,17163,M,315,0,4,7,11,Conforming,Approved,Approved,Approved - First Pass,2026-09-15 18:33:06.663,—,Diogo Ferreira
LOTE-M-SOP-017-4938,WO-6402,2026-09-16,Shift 3,ISBM-007,M-SOP-017,FR-017-rPET-600,11101,M,315,1,0,14,15,Conforming,Rejected,Rejected,Rejected - Scrapped,2026-09-17 07:29:00.680,Leakage:1(Re=1),Ana Silva
LOTE-M-SOP-015-4939,WO-6405,2026-09-17,Shift 3,ISBM-007,M-SOP-015,FR-015-HDPE-500,13874,M,315,0,1,8,9,Conforming,Approved,Approved,Approved - First Pass,2026-09-19 07:30:39.181,—,Elena Santos
LOTE-M-SOP-017-4940,WO-6406,2026-09-18,Shift 2,ISBM-007,M-SOP-017,FR-017-rPET-600,7329,L,200,0,2,3,5,Conforming,Approved,Approved,Approved - First Pass,2026-09-19 16:20:32.702,—,Elena Santos
LOTE-M-SOP-017-4941,WO-6408,2026-09-19,Shift 2,ISBM-007,M-SOP-017,FR-017-HDPE-600,15232,M,315,0,4,9,13,Conforming,Approved,Approved,Approved - First Pass,2026-09-21 00:46:50.646,—,Carlos Mendes
LOTE-M-SOP-017-4942,WO-6409,2026-09-20,Shift 2,ISBM-007,M-SOP-017,FR-017-rPET-600,8630,L,200,0,0,7,7,Conforming,Approved,Approved,Approved - First Pass,2026-09-21 22:44:59.060,—,Beatriz Costa
LOTE-M-SOP-017-4943,WO-6411,2026-09-22,Shift 3,ISBM-007,M-SOP-017,FR-017-HDPE-600,16658,M,315,0,3,6,9,Conforming,Approved,Approved,Approved - First Pass,2026-09-23 09:52:10.050,—,Ana Silva
LOTE-M-SOP-017-4944,WO-6414,2026-09-24,Shift 1,ISBM-007,M-SOP-017,FR-017-PP-600,18450,M,315,0,5,15,20,Conforming,Approved,Approved,Approved - First Pass,2026-09-25 08:06:10.765,—,Carlos Mendes
LOTE-M-SOP-002-4945,WO-6417,2026-09-26,Shift 3,ISBM-007,M-SOP-002,FR-002-HDPE-PCR-300,14828,M,315,0,5,14,19,Conforming,Approved,Approved,Approved - First Pass,2026-09-27 05:45:12.662,—,Carlos Mendes
LOTE-M-SOP-002-4946,WO-6420,2026-09-28,Shift 3,ISBM-007,M-SOP-002,FR-002-HDPE-PCR-300,19081,M,315,1,3,16,20,Conforming,Rejected,Approved,Approved - Released on Deviation,2026-09-28 20:36:37.539,—,Elena Santos
LOTE-M-SOP-002-4947,WO-6421,2026-09-28,Shift 2,ISBM-007,M-SOP-002,FR-002-HDPE-PCR-300,3955,L,200,0,2,2,4,Conforming,Approved,Approved,Approved - First Pass,2026-09-29 04:51:00.683,—,Beatriz Costa
LOTE-M-SOP-002-4948,WO-6424,2026-09-30,Shift 3,ISBM-007,M-SOP-002,FR-002-HDPE-PCR-300,14347,M,315,0,2,8,10,Conforming,Approved,Approved,Approved - First Pass,2026-09-30 17:46:52.086,—,Ana Silva
LOTE-M-SOP-017-4949,WO-6427,2026-10-01,Shift 3,ISBM-007,M-SOP-017,FR-017-rPET-600,17952,M,315,0,3,9,12,Conforming,Approved,Approved,Approved - First Pass,2026-10-03 04:53:59.459,—,Diogo Ferreira
LOTE-M-SOP-017-4950,WO-6430,2026-10-04,Shift 3,ISBM-007,M-SOP-017,FR-017-HDPE-600,23767,M,315,0,3,9,12,Conforming,Approved,Approved,Approved - First Pass,2026-10-05 07:38:43.394,—,Carlos Mendes
LOTE-M-SOP-020-4951,WO-6431,2026-10-05,Shift 3,ISBM-007,M-SOP-020,FR-020-PP-750,7297,L,200,0,0,8,8,Conforming,Approved,Approved,Approved - First Pass,2026-10-06 06:24:18.778,—,Elena Santos
LOTE-M-SOP-002-4952,WO-6433,2026-10-06,Shift 1,ISBM-007,M-SOP-002,FR-002-HDPE-PCR-300,12714,M,315,0,2,0,2,Conforming,Approved,Approved,Approved - First Pass,2026-10-07 03:36:41.059,—,Elena Santos
LOTE-M-SOP-015-4953,WO-6434,2026-10-07,Shift 3,ISBM-007,M-SOP-015,FR-015-rPET-500,7527,L,200,0,2,2,4,Conforming,Approved,Approved,Approved - First Pass,2026-10-08 05:58:28.924,—,Beatriz Costa
LOTE-M-SOP-015-4954,WO-6435,2026-10-07,Shift 2,ISBM-007,M-SOP-015,FR-015-HDPE-PCR-500,3698,L,200,0,1,1,2,Conforming,Approved,Approved,Approved - First Pass,2026-10-08 05:55:51.487,—,Ana Silva
LOTE-M-SOP-020-4955,WO-6436,2026-10-08,Shift 1,ISBM-007,M-SOP-020,FR-020-HDPE-PCR-750,7970,L,200,0,0,1,1,Conforming,Approved,Approved,Approved - First Pass,2026-10-09 13:51:09.134,—,Elena Santos
LOTE-M-SOP-017-4956,WO-6438,2026-10-09,shift 2,ISBM-007,M-SOP-017,FR-017-HDPE-600,16910,M,315,0,4,8,12,Conforming,Approved,Approved,Approved - First Pass,2026-10-10 22:44:04.706,—,Elena Santos
LOTE-M-SOP-020-4957,WO-6440,2026-10-10,SHIFT 2,ISBM-007,M-SOP-020,FR-020-rPET-750,9481,L,200,0,1,2,3,Conforming,Approved,Approved,Approved - First Pass,2026-10-12 06:23:54.399,—,Diogo Ferreira
LOTE-M-SOP-017-4958,WO-6442,2026-10-12,Shift 1,ISBM-007,M-SOP-017,FR-017-PP-600,19303,M,315,0,2,5,7,Conforming,Approved,Approved,Approved - First Pass,2026-10-13 15:03:19.316,—,Diogo Ferreira
LOTE-M-SOP-002-4959,WO-6444,2026-10-13,Shift 2,ISBM-007,M-SOP-002,FR-002-HDPE-PCR-300,12491,M,315,0,4,7,11,Conforming,Approved,Approved,Approved - First Pass,2026-10-14 14:34:43.001,—,Ana Silva
LOTE-M-SOP-015-4960,WO-6445,2026-10-14,Shift 3,ISBM-007,M-SOP-015,FR-015-rPET-500,5082,L,200,0,0,4,4,Conforming,Approved,Approved,Approved - First Pass,2026-10-15 04:34:59.636,—,Beatriz Costa
LOTE-M-SOP-015-4961,WO-6447,2026-10-15,Shift 3,ISBM-007,M-SOP-015,FR-015-HDPE-500,13725,M,315,0,3,6,9,Conforming,Approved,Approved,Approved - First Pass,2026-10-16 13:03:53.586,—,Ana Silva
LOTE-M-SOP-017-4962,WO-6450,2026-10-17,SHIFT 3,ISBM-007,M-SOP-017,FR-017-PP-PCR-600,21089,M,315,0,2,8,10,Conforming,Approved,Approved,Approved - First Pass,2026-10-18 09:09:17.321,—,Ana Silva
LOTE-M-SOP-017-4963,WO-6452,2026-10-18,Shift 2,ISBM-007,M-SOP-017,FR-017-PP-PCR-600,15298,M,315,0,1,5,6,Conforming,Approved,Approved,Approved - First Pass,2026-10-19 16:48:54.111,—,Diogo Ferreira
LOTE-M-SOP-015-4964,WO-6453,2026-10-19,Shift 1,ISBM-007,M-SOP-015,FR-015-HDPE-500,3672,L,200,0,2,3,5,Conforming,Approved,Approved,Approved - First Pass,2026-10-20 02:02:26.930,—,Carlos Mendes
LOTE-M-SOP-020-4965,WO-6455,2026-10-20,Shift 2,ISBM-007,M-SOP-020,FR-020-HDPE-750,12253,M,315,0,1,7,8,Conforming,Approved,Approved,Approved - First Pass,2026-10-22 03:19:04.759,—,Ana Silva
LOTE-M-SOP-002-4966,WO-6457,2026-10-22,Shift 3,ISBM-007,M-SOP-002,FR-002-HDPE-PCR-300,11979,M,315,0,3,16,19,Conforming,Approved,Approved,Approved - First Pass,2026-10-23 15:05:18.873,—,Beatriz Costa
LOTE-M-SOP-015-4967,WO-6459,2026-10-23,Shift 2,ISBM-007,M-SOP-015,FR-015-rPET-500,15470,M,315,0,2,16,18,Conforming,Approved,Approved,Approved - First Pass,2026-10-24 19:51:27.631,—,Ana Silva
LOTE-M-SOP-017-4968,WO-6461,2026-10-25,Shift 3,ISBM-007,M-SOP-017,FR-017-HDPE-PCR-600,18188,M,315,0,1,9,10,Conforming,Approved,Approved,Approved - First Pass,2026-10-26 12:40:28.512,—,Diogo Ferreira
LOTE-M-SOP-020-4969,WO-6462,2026-10-25,Shift 3,ISBM-007,M-SOP-020,FR-020-rPET-750,8653,L,200,0,0,3,3,Conforming,Approved,Approved,Approved - First Pass,2026-10-27 08:01:27.766,—,Carlos Mendes
LOTE-M-SOP-002-4970,WO-6465,2026-10-28,Shift 1,ISBM-007,M-SOP-002,FR-002-HDPE-PCR-300,16252,M,315,0,3,11,14,Conforming,Approved,Approved,Approved - First Pass,2026-10-29 13:55:53.783,—,Diogo Ferreira
LOTE-M-SOP-017-4971,WO-6466,2026-10-29,Shift 3,ISBM-007,M-SOP-017,FR-017-PP-PCR-600,6498,L,200,0,1,4,5,Conforming,Approved,Approved,Approved - First Pass,2026-10-30 12:27:57.461,—,Elena Santos
LOTE-M-SOP-002-4972,WO-6467,2026-10-29,Shift 2,ISBM-007,M-SOP-002,FR-002-HDPE-PCR-300,6543,L,200,0,0,5,5,Conforming,Approved,Approved,Approved - First Pass,2026-10-30 22:21:04.755,—,Elena Santos
LOTE-M-SOP-017-4973,WO-6469,2026-10-30,Shift 2,ISBM-007,M-SOP-017,FR-017-PP-600,12822,M,315,0,2,8,10,Conforming,Approved,Approved,Approved - First Pass,2026-10-31 17:03:47.039,—,Elena Santos
LOTE-M-SOP-020-4974,WO-6471,2026-11-01,Shift 3,ISBM-007,M-SOP-020,FR-020-rPET-750,13916,M,315,0,1,6,7,Conforming,Approved,Approved,Approved - First Pass,2026-11-02 03:24:20.943,—,Diogo Ferreira
LOTE-M-SOP-020-4975,WO-6472,2026-11-01,Shift 3,ISBM-007,M-SOP-020,FR-020-PET-750,6252,L,200,0,1,2,3,Conforming,Approved,Approved,Approved - First Pass,2026-11-03 12:28:04.009,—,Carlos Mendes
LOTE-M-SOP-002-4976,WO-6474,2026-11-03,Shift 1,ISBM-007,M-SOP-002,FR-002-HDPE-PCR-300,8049,L,200,0,2,6,8,Conforming,Approved,Approved,Approved - First Pass,2026-11-04 13:22:22.587,—,Carlos Mendes
LOTE-M-SOP-015-4977,WO-6477,2026-11-05,Shift 3,ISBM-007,M-SOP-015,FR-015-HDPE-PCR-500,13762,M,315,0,4,9,13,Conforming,Approved,Approved,Approved - First Pass,2026-11-06 03:13:23.803,—,Carlos Mendes
LOTE-M-SOP-015-4978,WO-6478,2026-11-05,Shift 1,ISBM-007,M-SOP-015,FR-015-rPET-500,4063,L,200,0,0,5,5,Conforming,Approved,Approved,Approved - First Pass,2026-11-06 04:37:08.837,—,Elena Santos
LOTE-M-SOP-017-4979,WO-6481,2026-11-07,Shift 1,ISBM-007,M-SOP-017,FR-017-rPET-600,25672,M,315,0,1,12,13,Conforming,Approved,Approved,Approved - First Pass,2026-11-08 02:53:10.809,—,Carlos Mendes
LOTE-M-SOP-017-4980,WO-6483,2026-11-08,Shift 1,ISBM-007,M-SOP-017,FR-017-PP-PCR-600,11869,M,315,0,3,6,9,Conforming,Approved,Approved,Approved - First Pass,2026-11-09 16:06:08.094,—,Diogo Ferreira
LOTE-M-SOP-015-4981,WO-6485,2026-11-09,Shift 2,ISBM-007,M-SOP-015,FR-015-HDPE-500,7143,L,200,0,1,5,6,Conforming,Approved,Approved,Approved - First Pass,2026-11-11 01:29:54.889,—,Diogo Ferreira
LOTE-M-SOP-002-4982,WO-6487,2026-11-11,Shift 3,ISBM-007,M-SOP-002,FR-002-HDPE-PCR-300,14257,M,315,0,2,3,5,Conforming,Approved,Approved,Approved - First Pass,2026-11-12 03:32:51.739,—,Beatriz Costa
LOTE-M-SOP-002-4983,WO-6488,2026-11-11,Shift 2,ISBM-007,M-SOP-002,FR-002-HDPE-PCR-300,4300,L,200,0,1,4,5,Conforming,Approved,Approved,Approved - First Pass,2026-11-12 20:21:46.507,—,Carlos Mendes
LOTE-M-SOP-017-4984,WO-6490,2026-11-13,SHIFT 3,ISBM-007,M-SOP-017,FR-017-HDPE-600,10090,M,315,0,2,8,10,Conforming,Approved,Approved,Approved - First Pass,2026-11-14 02:14:53.676,—,Diogo Ferreira
LOTE-M-SOP-020-4985,WO-6491,2026-11-13,Shift 2,ISBM-007,M-SOP-020,FR-020-PET-750,4616,L,200,0,0,3,3,Conforming,Approved,Approved,Approved - First Pass,2026-11-14 22:26:27.119,—,Ana Silva
LOTE-M-SOP-020-4986,WO-6493,2026-11-14,shift 2,ISBM-007,M-SOP-020,FR-020-PET-750,8317,L,200,0,5,3,8,Conforming,Approved,Approved,Approved - First Pass,2026-11-15 18:21:06.862,—,Diogo Ferreira
LOTE-M-SOP-015-4987,WO-6495,2026-11-16,  Shift 3  ,ISBM-007,M-SOP-015,FR-015-PETG-500,9148,L,200,0,1,5,6,Conforming,Approved,Approved,Approved - First Pass,2026-11-16 15:18:18.714,—,Diogo Ferreira
LOTE-M-SOP-002-4988,WO-6498,2026-11-18,Shift 3,ISBM-007,M-SOP-002,FR-002-HDPE-PCR-300,20609,M,315,0,4,9,13,Conforming,Approved,Approved,Approved - First Pass,2026-11-19 00:24:50.204,—,Beatriz Costa
LOTE-M-SOP-020-4989,WO-6499,2026-11-18,  Shift 2  ,ISBM-007,M-SOP-020,FR-020-HDPE-PCR-750,6329,L,200,0,1,9,10,Conforming,Approved,Approved,Approved - First Pass,2026-11-19 12:03:19.922,—,Beatriz Costa
LOTE-M-SOP-017-4990,WO-6500,2026-11-19,Shift 1,ISBM-007,M-SOP-017,FR-017-rPET-600,6925,L,200,0,0,1,1,Conforming,Approved,Approved,Approved - First Pass,2026-11-20 13:48:00.993,—,Carlos Mendes
LOTE-M-SOP-020-4991,WO-6501,2026-11-20,Shift 3,ISBM-007,M-SOP-020,FR-020-HDPE-750,8139,L,200,0,2,6,8,Conforming,Approved,Approved,Approved - First Pass,2026-11-21 12:19:10.445,—,Beatriz Costa
LOTE-M-SOP-020-4992,WO-6502,2026-11-20,  Shift 3  ,ISBM-007,M-SOP-020,FR-020-PET-750,3718,L,200,0,1,0,1,Conforming,Approved,Approved,Approved - First Pass,2026-11-22 05:24:58.052,—,Carlos Mendes
LOTE-M-SOP-020-4993,WO-6505,2026-11-22,SHIFT 2,ISBM-007,M-SOP-020,FR-020-PP-PCR-750,17217,M,315,0,3,10,13,Conforming,Approved,Approved,Approved - First Pass,2026-11-24 04:16:02.259,—,Ana Silva
LOTE-M-SOP-015-4994,WO-6507,2026-11-24,Shift 3,ISBM-007,M-SOP-015,FR-015-rPET-500,8827,L,200,1,0,7,8,Conforming,Rejected,Rejected,Rejected - Scrapped,2026-11-25 10:02:23.986,Leakage:1(Re=1),Beatriz Costa
LOTE-M-SOP-015-4995,WO-6509,2026-11-25,Shift 1,ISBM-007,M-SOP-015,FR-015-HDPE-PCR-500,7726,L,200,0,0,9,9,Conforming,Approved,Approved,Approved - First Pass,2026-11-26 12:19:47.608,—,Elena Santos
LOTE-M-SOP-020-4996,WO-6511,2026-11-26,Shift 2,ISBM-007,M-SOP-020,FR-020-PET-750,4618,L,200,1,5,4,10,Conforming,Rejected,Rejected,Rejected - Scrapped,2026-11-27 15:08:54.961,Leakage:1(Re=1),Diogo Ferreira
LOTE-M-SOP-015-4997,WO-6512,2026-11-27,Shift 1,ISBM-007,M-SOP-015,FR-015-HDPE-PCR-500,7274,L,200,0,0,0,0,Conforming,Approved,Approved,Approved - First Pass,2026-11-28 21:53:12.671,—,Beatriz Costa
LOTE-M-SOP-020-4998,WO-6514,2026-11-28,Shift 3,ISBM-007,M-SOP-020,FR-020-PP-750,8973,L,200,0,2,4,6,Conforming,Approved,Approved,Approved - First Pass,2026-11-29 20:47:59.237,—,Ana Silva
LOTE-M-SOP-017-4999,WO-6516,2026-11-30,Shift 3,ISBM-007,M-SOP-017,FR-017-HDPE-600,12667,M,315,0,1,4,5,Conforming,Approved,Approved,Approved - First Pass,2026-11-30 17:45:55.049,—,Beatriz Costa
LOTE-M-SOP-002-5000,WO-6518,2026-11-30,Shift 3,ISBM-007,M-SOP-002,FR-002-HDPE-PCR-300,11957,M,315,0,1,11,12,Conforming,Approved,Approved,Approved - First Pass,2026-12-01 17:04:18.987,—,Diogo Ferreira
LOTE-M-SOP-017-5001,WO-6520,2026-12-02,Shift 1,ISBM-007,M-SOP-017,FR-017-rPET-600,19192,M,315,0,1,10,11,Conforming,Approved,Approved,Approved - First Pass,2026-12-03 15:30:21.421,—,Carlos Mendes
LOTE-M-SOP-020-5002,WO-6523,2026-12-04,Shift 2,ISBM-007,M-SOP-020,FR-020-rPET-750,16319,M,315,0,0,14,14,Conforming,Approved,Approved,Approved - First Pass,2026-12-06 00:07:20.641,—,Diogo Ferreira
LOTE-M-SOP-002-5003,WO-6526,2026-12-06,Shift 2,ISBM-007,M-SOP-002,FR-002-HDPE-PCR-300,20488,M,315,0,2,8,10,Conforming,Approved,Approved,Approved - First Pass,2026-12-08 01:51:50.282,—,Elena Santos
LOTE-M-SOP-002-5004,WO-6527,2026-12-07,Shift 1,ISBM-007,M-SOP-002,FR-002-HDPE-PCR-300,7933,L,200,0,2,2,4,Conforming,Approved,Approved,Approved - First Pass,2026-12-08 16:28:44.258,—,Elena Santos
LOTE-M-SOP-020-5005,WO-6530,2026-12-09,Shift 1,ISBM-007,M-SOP-020,FR-020-PET-750,14404,M,315,1,5,21,27,Conforming,Rejected,Rejected,Rejected - Scrapped,2026-12-10 03:08:53.130,Leakage:1(Re=1),Carlos Mendes
LOTE-M-SOP-020-5006,WO-6532,2026-12-10,  Shift 3  ,ISBM-007,M-SOP-020,FR-020-HDPE-PCR-750,8960,L,200,0,5,5,10,Conforming,Approved,Approved,Approved - First Pass,2026-12-11 14:08:33.832,—,Carlos Mendes
LOTE-M-SOP-002-5007,WO-6535,2026-12-12,Shift 2,ISBM-007,M-SOP-002,FR-002-HDPE-PCR-300,13836,M,315,0,1,9,10,Conforming,Approved,Approved,Approved - First Pass,2026-12-13 06:26:55.674,—,Ana Silva
LOTE-M-SOP-002-5008,WO-6536,2026-12-13,Shift 3,ISBM-007,M-SOP-002,FR-002-HDPE-PCR-300,5389,L,200,0,1,0,1,Conforming,Approved,Approved,Approved - First Pass,2026-12-13 19:21:12.309,—,Elena Santos
LOTE-M-SOP-020-5009,WO-6537,2026-12-13,Shift 1,ISBM-007,M-SOP-020,FR-020-PP-PCR-750,6771,L,200,0,0,1,1,Conforming,Approved,Approved,Approved - First Pass,2026-12-14 16:28:51.358,—,Ana Silva
LOTE-M-SOP-002-5010,WO-6538,2026-12-14,Shift 3,ISBM-007,M-SOP-002,FR-002-HDPE-PCR-300,4049,L,200,0,1,2,3,Conforming,Approved,Approved,Approved - First Pass,2026-12-15 06:29:02.310,—,Beatriz Costa
LOTE-M-SOP-015-5011,WO-6539,2026-12-14,Shift 2,ISBM-007,M-SOP-015,FR-015-HDPE-500,5574,L,200,1,0,3,4,Conforming,Rejected,Rejected,Rejected - Scrapped,2026-12-16 05:57:25.851,Leakage:1(Re=1),Beatriz Costa
LOTE-M-SOP-017-5012,WO-6540,2026-12-15,Shift 2,ISBM-007,M-SOP-017,FR-017-HDPE-PCR-600,7501,L,200,0,1,1,2,Conforming,Approved,Approved,Approved - First Pass,2026-12-17 09:23:04.724,—,Ana Silva
LOTE-M-SOP-017-5013,WO-6541,2026-12-16,Shift 2,ISBM-007,M-SOP-017,FR-017-PP-PCR-600,7274,L,200,0,1,4,5,Conforming,Approved,Approved,Approved - First Pass,2026-12-17 21:33:29.642,—,Ana Silva
LOTE-M-SOP-002-5014,WO-6542,2026-12-17,Shift 1,ISBM-007,M-SOP-002,FR-002-HDPE-PCR-300,5876,L,200,0,0,6,6,Conforming,Approved,Approved,Approved - First Pass,2026-12-18 02:46:43.082,—,Diogo Ferreira
LOTE-M-SOP-015-5015,WO-6544,2026-12-18,Shift 2,ISBM-007,M-SOP-015,FR-015-HDPE-500,12441,M,315,0,2,8,10,Conforming,Approved,Approved,Approved - First Pass,2026-12-20 01:37:38.665,—,Diogo Ferreira
LOTE-M-SOP-020-5016,WO-6546,2026-12-20,Shift 3,ISBM-007,M-SOP-020,FR-020-HDPE-750,14646,M,315,0,4,9,13,Conforming,Approved,Approved,Approved - First Pass,2026-12-21 12:25:48.568,—,Diogo Ferreira
LOTE-M-SOP-002-5017,WO-6548,2026-12-21,Shift 1,ISBM-007,M-SOP-002,FR-002-HDPE-PCR-300,9939,L,200,0,1,6,7,Conforming,Approved,Approved,Approved - First Pass,2026-12-22 09:43:11.045,—,Carlos Mendes
LOTE-M-SOP-020-5018,WO-6551,2026-12-23,Shift 3,ISBM-007,M-SOP-020,FR-020-rPET-750,14151,M,315,1,2,2,5,Conforming,Rejected,Rejected,Rejected - Scrapped,2026-12-24 00:10:36.724,Leakage:1(Re=1),Ana Silva
LOTE-M-SOP-020-5019,WO-6553,2026-12-24,Shift 1,ISBM-007,M-SOP-020,FR-020-PET-750,11734,M,315,0,4,3,7,Conforming,Approved,Approved,Approved - First Pass,2026-12-25 19:58:28.357,—,Carlos Mendes
LOTE-M-SOP-015-5020,WO-6556,2026-12-26,shift 2,ISBM-007,M-SOP-015,FR-015-rPET-500,16065,M,315,0,3,16,19,Conforming,Approved,Approved,Approved - First Pass,2026-12-27 13:18:24.074,—,Diogo Ferreira
LOTE-M-SOP-020-5021,WO-6558,2026-12-27,Shift 2,ISBM-007,M-SOP-020,FR-020-rPET-750,8527,L,200,0,1,15,16,Conforming,Approved,Approved,Approved - First Pass,2026-12-28 12:12:16.961,—,Ana Silva
LOTE-M-SOP-015-5022,WO-6560,2026-12-29,Shift 3,ISBM-007,M-SOP-015,FR-015-HDPE-PCR-500,10555,M,315,0,2,7,9,Conforming,Approved,Approved,Approved - First Pass,2026-12-30 10:56:17.442,—,Elena Santos
LOTE-M-SOP-015-5023,WO-6561,2026-12-29,Shift 2,ISBM-007,M-SOP-015,FR-015-HDPE-500,661,L,200,0,3,6,9,Conforming,Approved,Approved,Approved - First Pass,2026-12-30 20:52:12.015,—,Carlos Mendes
LOTE-M-SOP-017-5024,WO-6563,2026-12-30,Shift 2,ISBM-007,M-SOP-017,FR-017-PP-PCR-600,12304,M,315,0,4,6,10,Conforming,Approved,Approved,Approved - First Pass,2027-01-01 04:00:36.084,—,Diogo Ferreira
LOTE-M-SOP-016-5025,WO-6564,2025-07-01,Shift 3,ISBM-008,M-SOP-016,FR-016-HDPE-600,7288,L,200,0,0,6,6,Conforming,Approved,Approved,Approved - First Pass,2025-07-02 07:51:16.002,—,Diogo Ferreira
LOTE-M-SOP-022-5026,WO-6565,2025-07-01,Shift 2,ISBM-008,M-SOP-022,FR-022-PP-PCR-1000,5014,L,200,0,2,5,7,Conforming,Approved,Approved,Approved - First Pass,2025-07-03 03:00:01.461,—,Ana Silva
LOTE-M-SOP-022-5027,WO-6566,2025-07-02,Shift 1,ISBM-008,M-SOP-022,FR-022-HDPE-PCR-1000,6720,L,200,0,0,2,2,Conforming,Approved,Approved,Approved - First Pass,2025-07-03 17:35:00.025,—,Elena Santos
LOTE-M-SOP-016-5028,WO-6568,2025-07-03,SHIFT 2,ISBM-008,M-SOP-016,FR-016-HDPE-600,10383,M,315,1,7,4,12,Conforming,Rejected,Rejected,Rejected - Scrapped,2025-07-04 15:48:09.276,Leakage:1(Re=1),Ana Silva
LOTE-M-SOP-022-5029,WO-6570,2025-07-05,Shift 3,ISBM-008,M-SOP-022,FR-022-PETG-1000,12821,M,315,0,2,5,7,Conforming,Approved,Approved,Approved - First Pass,2025-07-06 07:14:25.751,—,Carlos Mendes
LOTE-M-SOP-016-5030,WO-6572,2025-07-06,Shift 1,ISBM-008,M-SOP-016,FR-016-HDPE-600,10095,M,315,0,3,3,6,Conforming,Approved,Approved,Approved - First Pass,2025-07-07 14:20:00.206,—,Beatriz Costa
LOTE-M-SOP-022-5031,WO-6575,2025-07-08,Shift 1,ISBM-008,M-SOP-022,FR-022-rPET-1000,18245,M,315,0,2,9,11,Conforming,Approved,Approved,Approved - First Pass,2025-07-09 14:59:19.404,—,Carlos Mendes
LOTE-M-SOP-019-5032,WO-6576,2025-07-09,Shift 3,ISBM-008,M-SOP-019,FR-019-PVC-750,9138,L,200,0,1,1,2,Conforming,Approved,Approved,Approved - First Pass,2025-07-10 04:50:17.294,—,Beatriz Costa
LOTE-M-SOP-022-5033,WO-6578,2025-07-10,Shift 1,ISBM-008,M-SOP-022,FR-022-PP-1000,8002,L,200,0,1,7,8,Conforming,Approved,Approved,Approved - First Pass,2025-07-11 04:22:40.681,—,Diogo Ferreira
LOTE-M-SOP-019-5034,WO-6580,2025-07-11,Shift 2,ISBM-008,M-SOP-019,FR-019-HDPE-600,16207,M,315,1,3,11,15,Conforming,Rejected,Rejected,Rejected - Scrapped,2025-07-12 16:38:02.627,Leakage:1(Re=1),Diogo Ferreira
LOTE-M-SOP-019-5035,WO-6582,2025-07-13,  Shift 3  ,ISBM-008,M-SOP-019,FR-019-HDPE-600,7526,L,200,0,1,3,4,Conforming,Approved,Approved,Approved - First Pass,2025-07-14 09:30:19.798,—,Elena Santos
LOTE-M-SOP-016-5036,WO-6583,2025-07-13,Shift 3,ISBM-008,M-SOP-016,FR-016-HDPE-600,10484,M,315,0,2,10,12,Conforming,Approved,Approved,Approved - First Pass,2025-07-15 05:01:14.708,—,Ana Silva
LOTE-M-SOP-019-5037,WO-6585,2025-07-15,Shift 1,ISBM-008,M-SOP-019,FR-019-rPET-600,14961,M,315,0,0,1,1,Conforming,Approved,Approved,Approved - First Pass,2025-07-16 07:10:04.271,—,Diogo Ferreira
LOTE-M-SOP-022-5038,WO-6588,2025-07-17,Shift 2,ISBM-008,M-SOP-022,FR-022-MDPE-1000,21191,M,315,0,1,19,20,Conforming,Approved,Approved,Approved - First Pass,2025-07-19 06:40:21.587,—,Beatriz Costa
LOTE-M-SOP-022-5039,WO-6590,2025-07-19,Shift 1,ISBM-008,M-SOP-022,FR-022-HDPE-PCR-1000,13516,M,315,0,4,10,14,Conforming,Approved,Approved,Approved - First Pass,2025-07-20 11:29:52.800,—,Beatriz Costa
LOTE-M-SOP-019-5040,WO-6591,2025-07-20,SHIFT 1,ISBM-008,M-SOP-019,FR-019-PET-750,4220,L,200,0,2,2,4,Conforming,Approved,Approved,Approved - First Pass,2025-07-21 11:29:35.612,—,Beatriz Costa
LOTE-M-SOP-022-5041,WO-6594,2025-07-21,Shift 1,ISBM-008,M-SOP-022,FR-022-PETG-1000,14765,M,315,0,3,18,21,Conforming,Approved,Approved,Approved - First Pass,2025-07-22 20:00:02.940,—,Elena Santos
LOTE-M-SOP-019-5042,WO-6595,2025-07-22,Shift 1,ISBM-008,M-SOP-019,FR-019-PVC-750,6240,L,200,0,3,4,7,Conforming,Approved,Approved,Approved - First Pass,2025-07-23 22:12:05.828,—,Beatriz Costa
LOTE-M-SOP-016-5043,WO-6597,2025-07-24,Shift 3,ISBM-008,M-SOP-016,FR-016-HDPE-600,15585,M,315,0,0,5,5,Conforming,Approved,Approved,Approved - First Pass,2025-07-25 08:49:13.442,—,Diogo Ferreira
LOTE-M-SOP-022-5044,WO-6599,2025-07-25,Shift 3,ISBM-008,M-SOP-022,FR-022-HDPE-PCR-1000,9388,L,200,0,1,15,16,Conforming,Approved,Approved,Approved - First Pass,2025-07-26 01:05:34.957,—,Ana Silva
LOTE-M-SOP-019-5045,WO-6602,2025-07-27,Shift 3,ISBM-008,M-SOP-019,FR-019-PETG-750,26294,M,315,0,4,8,12,Conforming,Approved,Approved,Approved - First Pass,2025-07-28 08:53:19.752,—,Beatriz Costa
LOTE-M-SOP-019-5046,WO-6605,2025-07-29,Shift 1,ISBM-008,M-SOP-019,FR-019-PET-750,20025,M,315,0,4,12,16,Conforming,Approved,Approved,Approved - First Pass,2025-07-30 00:53:09.322,—,Beatriz Costa
LOTE-M-SOP-019-5047,WO-6607,2025-07-30,Shift 2,ISBM-008,M-SOP-019,FR-019-PETG-750,17777,M,315,0,0,8,8,Conforming,Approved,Approved,Approved - First Pass,2025-07-31 22:07:25.867,—,Elena Santos
LOTE-M-SOP-019-5048,WO-6609,2025-07-31,Shift 2,ISBM-008,M-SOP-019,FR-019-HDPE-600,18389,M,315,0,4,12,16,Conforming,Approved,Approved,Approved - First Pass,2025-08-01 15:25:44.196,—,Elena Santos
LOTE-M-SOP-016-5049,WO-6612,2025-08-03,Shift 1,ISBM-008,M-SOP-016,FR-016-HDPE-600,20754,M,315,0,2,19,21,Conforming,Approved,Approved,Approved - First Pass,2025-08-04 19:11:43.219,—,Carlos Mendes
LOTE-M-SOP-019-5050,WO-6614,2025-08-04,Shift 2,ISBM-008,M-SOP-019,FR-019-PP-750,9291,L,200,0,5,7,12,Conforming,Approved,Approved,Approved - First Pass,2025-08-05 14:32:14.846,—,Elena Santos
LOTE-M-SOP-016-5051,WO-6616,2025-08-06,Shift 1,ISBM-008,M-SOP-016,FR-016-HDPE-600,11310,M,315,1,1,9,11,Conforming,Rejected,Approved,Approved - Released on Deviation,2025-08-07 13:34:55.846,—,Carlos Mendes
LOTE-M-SOP-019-5052,WO-6618,2025-08-07,Shift 2,ISBM-008,M-SOP-019,FR-019-HDPE-PCR-750,15703,M,315,0,1,8,9,Conforming,Approved,Approved,Approved - First Pass,2025-08-09 07:43:46.668,—,Ana Silva
LOTE-M-SOP-022-5053,WO-6620,2025-08-09,Shift 2,ISBM-008,M-SOP-022,FR-022-HDPE-PCR-1000,8777,L,200,0,3,12,15,Conforming,Approved,Approved,Approved - First Pass,2025-08-11 02:25:54.027,—,Elena Santos
LOTE-M-SOP-019-5054,WO-6622,2025-08-11,Shift 3,ISBM-008,M-SOP-019,FR-019-MDPE-750,17359,M,315,0,4,9,13,Conforming,Approved,Approved,Approved - First Pass,2025-08-11 23:02:44.096,—,Elena Santos
LOTE-M-SOP-022-5055,WO-6624,2025-08-12,Shift 1,ISBM-008,M-SOP-022,FR-022-PVC-1000,10940,M,315,0,5,3,8,Conforming,Approved,Approved,Approved - First Pass,2025-08-13 21:31:32.433,—,Beatriz Costa
LOTE-M-SOP-019-5056,WO-6626,2025-08-14,shift 3,ISBM-008,M-SOP-019,FR-019-PET-750,15055,M,315,0,0,5,5,Conforming,Approved,Approved,Approved - First Pass,2025-08-15 06:22:40.768,—,Elena Santos
LOTE-M-SOP-016-5057,WO-6629,2025-08-16,  Shift 3  ,ISBM-008,M-SOP-016,FR-016-HDPE-600,21213,M,315,0,2,16,18,Conforming,Approved,Approved,Approved - First Pass,2025-08-16 20:05:36.191,—,Diogo Ferreira
LOTE-M-SOP-022-5058,WO-6631,2025-08-17,Shift 3,ISBM-008,M-SOP-022,FR-022-PP-1000,9578,L,200,1,0,7,8,Conforming,Rejected,Rejected,Rejected - Scrapped,2025-08-18 04:30:55.173,Leakage:1(Re=1),Elena Santos
LOTE-M-SOP-016-5059,WO-6633,2025-08-18,Shift 1,ISBM-008,M-SOP-016,FR-016-HDPE-600,13937,M,315,0,1,9,10,Conforming,Approved,Approved,Approved - First Pass,2025-08-19 08:01:41.089,—,Beatriz Costa
LOTE-M-SOP-016-5060,WO-6634,2025-08-18,Shift 3,ISBM-008,M-SOP-016,FR-016-HDPE-600,5708,L,200,0,1,4,5,Conforming,Approved,Approved,Approved - First Pass,2025-08-20 02:34:18.976,—,Beatriz Costa
LOTE-M-SOP-022-5061,WO-6635,2025-08-19,  Shift 2  ,ISBM-008,M-SOP-022,FR-022-PETG-1000,5630,L,200,0,0,3,3,Conforming,Approved,Approved,Approved - First Pass,2025-08-20 20:34:09.932,—,Beatriz Costa
LOTE-M-SOP-019-5062,WO-6636,2025-08-20,Shift 1,ISBM-008,M-SOP-019,FR-019-HDPE-PCR-750,8680,L,200,0,1,0,1,Conforming,Approved,Approved,Approved - First Pass,2025-08-21 14:49:22.447,—,Carlos Mendes
LOTE-M-SOP-019-5063,WO-6637,2025-08-21,Shift 3,ISBM-008,M-SOP-019,FR-019-rPET-600,8666,L,200,0,0,4,4,Conforming,Approved,Approved,Approved - First Pass,2025-08-22 04:16:46.431,—,Carlos Mendes
LOTE-M-SOP-019-5064,WO-6638,2025-08-21,Shift 2,ISBM-008,M-SOP-019,FR-019-PVC-750,6367,L,200,0,4,3,7,Conforming,Approved,Approved,Approved - First Pass,2025-08-22 17:18:35.772,—,Ana Silva
LOTE-M-SOP-016-5065,WO-6639,2025-08-22,Shift 1,ISBM-008,M-SOP-016,FR-016-HDPE-600,9856,L,200,0,5,5,10,Conforming,Approved,Approved,Approved - First Pass,2025-08-23 05:45:29.320,—,Ana Silva
LOTE-M-SOP-022-5066,WO-6640,2025-08-23,Shift 3,ISBM-008,M-SOP-022,FR-022-PP-1000,10251,M,315,0,2,3,5,Conforming,Approved,Approved,Approved - First Pass,2025-08-24 16:01:25.916,—,Diogo Ferreira
LOTE-M-SOP-016-5067,WO-6641,2025-08-24,Shift 3,ISBM-008,M-SOP-016,FR-016-HDPE-600,8438,L,200,0,2,2,4,Conforming,Approved,Approved,Approved - First Pass,2025-08-25 09:32:52.277,—,Beatriz Costa
LOTE-M-SOP-022-5068,WO-6642,2025-08-24,Shift 2,ISBM-008,M-SOP-022,FR-022-PVC-1000,3613,L,200,0,2,2,4,Conforming,Approved,Approved,Approved - First Pass,2025-08-25 22:58:42.173,—,Carlos Mendes
LOTE-M-SOP-019-5069,WO-6643,2025-08-25,Shift 1,ISBM-008,M-SOP-019,FR-019-PP-750,6562,L,200,0,1,0,1,Conforming,Approved,Approved,Approved - First Pass,2025-08-26 16:16:07.926,—,Ana Silva
LOTE-M-SOP-022-5070,WO-6644,2025-08-26,Shift 1,ISBM-008,M-SOP-022,FR-022-HDPE-1000,6009,L,200,0,2,3,5,Conforming,Approved,Approved,Approved - First Pass,2025-08-27 17:45:22.788,—,Elena Santos
LOTE-M-SOP-019-5071,WO-6647,2025-08-28,Shift 2,ISBM-008,M-SOP-019,FR-019-rPET-750,28404,M,315,0,6,16,22,Conforming,Approved,Approved,Approved - First Pass,2025-08-30 04:11:02.555,—,Beatriz Costa
LOTE-M-SOP-016-5072,WO-6648,2025-08-29,Shift 1,ISBM-008,M-SOP-016,FR-016-HDPE-600,7184,L,200,0,2,4,6,Conforming,Approved,Approved,Approved - First Pass,2025-08-30 17:35:10.618,—,Beatriz Costa
LOTE-M-SOP-019-5073,WO-6651,2025-08-31,SHIFT 2,ISBM-008,M-SOP-019,FR-019-PET-600,23205,M,315,1,3,13,17,Conforming,Rejected,Rejected,Rejected - Scrapped,2025-09-01 21:36:26.448,Leakage:1(Re=1),Diogo Ferreira
LOTE-M-SOP-022-5074,WO-6652,2025-09-01,Shift 1,ISBM-008,M-SOP-022,FR-022-PP-1000,3935,L,200,0,4,1,5,Conforming,Approved,Approved,Approved - First Pass,2025-09-02 10:25:14.724,—,Diogo Ferreira
LOTE-M-SOP-016-5075,WO-6653,2025-09-01,Shift 3,ISBM-008,M-SOP-016,FR-016-HDPE-600,7960,L,200,0,2,3,5,Conforming,Approved,Approved,Approved - First Pass,2025-09-03 03:47:37.256,—,Beatriz Costa
LOTE-M-SOP-022-5076,WO-6654,2025-09-02,  Shift 2  ,ISBM-008,M-SOP-022,FR-022-PP-1000,5397,L,200,0,2,5,7,Conforming,Approved,Approved,Approved - First Pass,2025-09-04 04:52:02.943,—,Ana Silva
LOTE-M-SOP-016-5077,WO-6656,2025-09-04,Shift 1,ISBM-008,M-SOP-016,FR-016-HDPE-600,15936,M,315,1,0,7,8,Conforming,Rejected,Approved,Approved - Released on Deviation,2025-09-05 05:53:08.721,—,Carlos Mendes
LOTE-M-SOP-022-5078,WO-6657,2025-09-04,Shift 3,ISBM-008,M-SOP-022,FR-022-PP-PCR-1000,5163,L,200,0,0,3,3,Conforming,Approved,Approved,Approved - First Pass,2025-09-05 21:22:28.645,—,Elena Santos
LOTE-M-SOP-022-5079,WO-6659,2025-09-06,Shift 1,ISBM-008,M-SOP-022,FR-022-HDPE-PCR-1000,8769,L,200,0,0,8,8,Conforming,Approved,Approved,Approved - First Pass,2025-09-07 16:05:14.835,—,Ana Silva
LOTE-M-SOP-016-5080,WO-6661,2025-09-08,Shift 3,ISBM-008,M-SOP-016,FR-016-HDPE-600,12306,M,315,0,1,5,6,Conforming,Approved,Approved,Approved - First Pass,2025-09-09 00:33:58.154,—,Ana Silva
LOTE-M-SOP-022-5081,WO-6662,2025-09-08,Shift 2,ISBM-008,M-SOP-022,FR-022-HDPE-PCR-1000,2842,L,200,0,0,9,9,Conforming,Approved,Approved,Approved - First Pass,2025-09-09 13:57:03.673,—,Ana Silva
LOTE-M-SOP-019-5082,WO-6663,2025-09-09,Shift 1,ISBM-008,M-SOP-019,FR-019-MDPE-750,8989,L,200,0,0,5,5,Conforming,Approved,Approved,Approved - First Pass,2025-09-10 10:08:25.427,—,Elena Santos
LOTE-M-SOP-019-5083,WO-6664,2025-09-09,Shift 3,ISBM-008,M-SOP-019,FR-019-PET-600,6830,L,200,0,0,6,6,Conforming,Approved,Approved,Approved - First Pass,2025-09-11 04:09:48.679,—,Elena Santos
LOTE-M-SOP-019-5084,WO-6666,2025-09-11,Shift 3,ISBM-008,M-SOP-019,FR-019-PETG-750,12772,M,315,0,3,9,12,Conforming,Approved,Approved,Approved - First Pass,2025-09-12 07:10:26.750,—,Elena Santos
LOTE-M-SOP-019-5085,WO-6669,2025-09-12,Shift 2,ISBM-008,M-SOP-019,FR-019-PVC-750,19995,M,315,0,3,29,32,Conforming,Approved,Approved,Approved - First Pass,2025-09-13 23:20:48.374,—,Diogo Ferreira
LOTE-M-SOP-016-5086,WO-6672,2025-09-15,Shift 3,ISBM-008,M-SOP-016,FR-016-HDPE-600,20393,M,315,1,7,17,25,Conforming,Rejected,Rejected,Rejected - Scrapped,2025-09-16 06:59:56.992,Leakage:1(Re=1),Ana Silva
LOTE-M-SOP-016-5087,WO-6675,2025-09-17,Shift 1,ISBM-008,M-SOP-016,FR-016-HDPE-600,26180,M,315,0,3,12,15,Conforming,Approved,Approved,Approved - First Pass,2025-09-18 17:52:09.283,—,Elena Santos
LOTE-M-SOP-019-5088,WO-6676,2025-09-18,Shift 1,ISBM-008,M-SOP-019,FR-019-PET-750,5292,L,200,0,0,3,3,Conforming,Approved,Approved,Approved - First Pass,2025-09-19 14:53:56.894,—,Carlos Mendes
LOTE-M-SOP-016-5089,WO-6679,2025-09-20,Shift 1,ISBM-008,M-SOP-016,FR-016-HDPE-600,25996,M,315,0,2,23,25,Conforming,Approved,Approved,Approved - First Pass,2025-09-21 08:14:30.370,—,Carlos Mendes
LOTE-M-SOP-022-5090,WO-6681,2025-09-21,Shift 2,ISBM-008,M-SOP-022,FR-022-PP-1000,11629,M,315,0,6,9,15,Conforming,Approved,Approved,Approved - First Pass,2025-09-23 01:55:16.070,—,Beatriz Costa
LOTE-M-SOP-022-5091,WO-6684,2025-09-24,Shift 3,ISBM-008,M-SOP-022,FR-022-PETG-1000,15512,M,315,0,1,8,9,Conforming,Approved,Approved,Approved - First Pass,2025-09-25 19:36:32.874,—,Diogo Ferreira
LOTE-M-SOP-019-5092,WO-6685,2025-09-25,SHIFT 3,ISBM-008,M-SOP-019,FR-019-PET-600,8639,L,200,0,2,4,6,Conforming,Approved,Approved,Approved - First Pass,2025-09-26 00:56:17.868,—,Ana Silva
LOTE-M-SOP-016-5093,WO-6687,2025-09-26,Shift 2,ISBM-008,M-SOP-016,FR-016-HDPE-600,13560,M,315,1,2,12,15,Conforming,Rejected,Rejected,Rejected - Scrapped,2025-09-28 01:10:17.481,Leakage:1(Re=1),Elena Santos
LOTE-M-SOP-016-5094,WO-6689,2025-09-27,Shift 2,ISBM-008,M-SOP-016,FR-016-HDPE-600,15176,M,315,0,3,26,29,Conforming,Approved,Approved,Approved - First Pass,2025-09-29 07:27:40.815,—,Elena Santos
LOTE-M-SOP-016-5095,WO-6690,2025-09-28,Shift 2,ISBM-008,M-SOP-016,FR-016-HDPE-600,5749,L,200,0,0,2,2,Conforming,Approved,Approved,Approved - First Pass,2025-09-29 23:38:59.846,—,Carlos Mendes
LOTE-M-SOP-019-5096,WO-6693,2025-09-30,Shift 2,ISBM-008,M-SOP-019,FR-019-PETG-750,25926,M,315,0,6,10,16,Conforming,Approved,Approved,Approved - First Pass,2025-10-01 10:25:52.016,—,Diogo Ferreira
LOTE-M-SOP-022-5097,WO-6696,2025-10-02,Shift 3,ISBM-008,M-SOP-022,FR-022-PP-PCR-1000,11541,M,315,1,1,10,12,Conforming,Rejected,Rejected,Rejected - Scrapped,2025-10-02 15:56:23.802,Leakage:1(Re=1),Beatriz Costa
LOTE-M-SOP-016-5098,WO-6697,2025-10-02,Shift 2,ISBM-008,M-SOP-016,FR-016-HDPE-600,7307,L,200,0,2,1,3,Conforming,Approved,Approved,Approved - First Pass,2025-10-03 08:43:35.476,—,Ana Silva
LOTE-M-SOP-022-5099,WO-6700,2025-10-04,Shift 2,ISBM-008,M-SOP-022,FR-022-HDPE-PCR-1000,17738,M,315,0,8,9,17,Conforming,Approved,Approved,Approved - First Pass,2025-10-05 07:32:51.853,—,Carlos Mendes
LOTE-M-SOP-022-5100,WO-6701,2025-10-05,Shift 3,ISBM-008,M-SOP-022,FR-022-PP-PCR-1000,5779,L,200,0,4,3,7,Conforming,Approved,Approved,Approved - First Pass,2025-10-06 18:30:28.284,—,Beatriz Costa
LOTE-M-SOP-022-5101,WO-6703,2025-10-06,Shift 1,ISBM-008,M-SOP-022,FR-022-PET-1000,7520,L,200,0,2,15,17,Conforming,Approved,Approved,Approved - First Pass,2025-10-07 00:48:30.510,—,Elena Santos
LOTE-M-SOP-019-5102,WO-6705,2025-10-07,Shift 2,ISBM-008,M-SOP-019,FR-019-HDPE-750,15832,M,315,0,2,11,13,Conforming,Approved,Approved,Approved - First Pass,2025-10-08 13:41:55.440,—,Elena Santos
LOTE-M-SOP-022-5103,WO-6706,2025-10-08,Shift 1,ISBM-008,M-SOP-022,FR-022-PET-1000,8996,L,200,0,1,3,4,Conforming,Approved,Approved,Approved - First Pass,2025-10-09 17:20:42.460,—,Carlos Mendes
LOTE-M-SOP-016-5104,WO-6708,2025-10-10,shift 3,ISBM-008,M-SOP-016,FR-016-HDPE-600,16792,M,315,0,8,11,19,Conforming,Approved,Approved,Approved - First Pass,2025-10-10 21:48:18.735,—,Diogo Ferreira
LOTE-M-SOP-019-5105,WO-6710,2025-10-11,Shift 1,ISBM-008,M-SOP-019,FR-019-MDPE-750,11834,M,315,0,3,9,12,Conforming,Approved,Approved,Approved - First Pass,2025-10-12 12:19:59.423,—,Elena Santos
LOTE-M-SOP-016-5106,WO-6711,2025-10-11,Shift 3,ISBM-008,M-SOP-016,FR-016-HDPE-600,5378,L,200,0,1,5,6,Conforming,Approved,Approved,Approved - First Pass,2025-10-12 19:49:44.437,—,Beatriz Costa
LOTE-M-SOP-019-5107,WO-6713,2025-10-13,  Shift 1  ,ISBM-008,M-SOP-019,FR-019-HDPE-PCR-750,17252,M,315,0,5,5,10,Conforming,Approved,Approved,Approved - First Pass,2025-10-14 12:23:45.124,—,Beatriz Costa
LOTE-M-SOP-016-5108,WO-6714,2025-10-13,Shift 3,ISBM-008,M-SOP-016,FR-016-HDPE-600,8122,L,200,0,2,4,6,Conforming,Approved,Approved,Approved - First Pass,2025-10-14 16:26:12.670,—,Carlos Mendes
LOTE-M-SOP-016-5109,WO-6715,2025-10-14,Shift 2,ISBM-008,M-SOP-016,FR-016-HDPE-600,8941,L,200,0,0,2,2,Conforming,Approved,Approved,Approved - First Pass,2025-10-15 22:36:33.823,—,Beatriz Costa
LOTE-M-SOP-022-5110,WO-6716,2025-10-15,Shift 1,ISBM-008,M-SOP-022,FR-022-PP-PCR-1000,4613,L,200,0,1,2,3,Conforming,Approved,Approved,Approved - First Pass,2025-10-16 20:36:41.339,—,Ana Silva
LOTE-M-SOP-019-5111,WO-6717,2025-10-16,Shift 3,ISBM-008,M-SOP-019,FR-019-HDPE-PCR-750,5276,L,200,0,1,3,4,Conforming,Approved,Approved,Approved - First Pass,2025-10-17 06:39:36.652,—,Ana Silva
LOTE-M-SOP-022-5112,WO-6718,2025-10-16,Shift 3,ISBM-008,M-SOP-022,FR-022-HDPE-PCR-1000,4899,L,200,0,1,2,3,Conforming,Approved,Approved,Approved - First Pass,2025-10-17 13:27:27.994,—,Diogo Ferreira
LOTE-M-SOP-019-5113,WO-6721,2025-10-18,Shift 1,ISBM-008,M-SOP-019,FR-019-rPET-600,24302,M,315,0,10,3,13,Conforming,Approved,Approved,Approved - First Pass,2025-10-19 16:08:38.705,—,Ana Silva
LOTE-M-SOP-022-5114,WO-6723,2025-10-19,Shift 2,ISBM-008,M-SOP-022,FR-022-MDPE-1000,7738,L,200,0,1,3,4,Conforming,Approved,Approved,Approved - First Pass,2025-10-20 20:57:47.307,—,Ana Silva
LOTE-M-SOP-019-5115,WO-6724,2025-10-20,Shift 1,ISBM-008,M-SOP-019,FR-019-MDPE-750,4309,L,200,0,1,1,2,Conforming,Approved,Approved,Approved - First Pass,2025-10-21 16:29:05.409,—,Beatriz Costa
LOTE-M-SOP-019-5116,WO-6726,2025-10-21,shift 3,ISBM-008,M-SOP-019,FR-019-PP-750,15360,M,315,0,3,6,9,Conforming,Approved,Approved,Approved - First Pass,2025-10-23 08:10:22.428,—,Ana Silva
LOTE-M-SOP-022-5117,WO-6729,2025-10-24,Shift 1,ISBM-008,M-SOP-022,FR-022-PETG-1000,19523,M,315,0,0,12,12,Conforming,Approved,Approved,Approved - First Pass,2025-10-25 07:19:35.581,—,Beatriz Costa
LOTE-M-SOP-019-5118,WO-6731,2025-10-25,Shift 1,ISBM-008,M-SOP-019,FR-019-PET-600,18234,M,315,0,4,7,11,Conforming,Approved,Approved,Approved - First Pass,2025-10-26 15:21:58.676,—,Beatriz Costa
LOTE-M-SOP-019-5119,WO-6733,2025-10-27,Shift 3,ISBM-008,M-SOP-019,FR-019-MDPE-750,20540,M,315,0,4,12,16,Conforming,Approved,Approved,Approved - First Pass,2025-10-28 01:51:22.441,—,Beatriz Costa
LOTE-M-SOP-016-5120,WO-6736,2025-10-29,Shift 1,ISBM-008,M-SOP-016,FR-016-HDPE-600,21864,M,315,1,4,7,12,Conforming,Rejected,Approved,Approved - Released on Deviation,2025-10-30 21:30:28.594,—,Elena Santos
LOTE-M-SOP-022-5121,WO-6738,2025-10-30,Shift 2,ISBM-008,M-SOP-022,FR-022-PETG-1000,12731,M,315,0,3,14,17,Conforming,Approved,Approved,Approved - First Pass,2025-11-01 06:12:22.611,—,Ana Silva
LOTE-M-SOP-019-5122,WO-6740,2025-11-01,Shift 3,ISBM-008,M-SOP-019,FR-019-PETG-750,16144,M,315,0,1,13,14,Conforming,Approved,Approved,Approved - First Pass,2025-11-02 08:26:14.641,—,Diogo Ferreira
LOTE-M-SOP-016-5123,WO-6743,2025-11-03,Shift 3,ISBM-008,M-SOP-016,FR-016-HDPE-600,26312,M,315,0,2,8,10,Conforming,Approved,Approved,Approved - First Pass,2025-11-04 10:00:41.941,—,Beatriz Costa
LOTE-M-SOP-022-5124,WO-6746,2025-11-05,Shift 1,ISBM-008,M-SOP-022,FR-022-PP-PCR-1000,21772,M,315,0,0,1,1,Conforming,Approved,Approved,Approved - First Pass,2025-11-06 17:05:40.278,—,Diogo Ferreira
LOTE-M-SOP-022-5125,WO-6749,2025-11-07,shift 1,ISBM-008,M-SOP-022,FR-022-PET-1000,14601,M,315,0,7,17,24,Conforming,Approved,Approved,Approved - First Pass,2025-11-08 15:04:56.635,—,Elena Santos
LOTE-M-SOP-022-5126,WO-6750,2025-11-08,Shift 3,ISBM-008,M-SOP-022,FR-022-PP-PCR-1000,8562,L,200,0,1,2,3,Conforming,Approved,Approved,Approved - First Pass,2025-11-09 00:31:45.880,—,Elena Santos
LOTE-M-SOP-016-5127,WO-6753,2025-11-10,Shift 1,ISBM-008,M-SOP-016,FR-016-HDPE-600,19621,M,315,0,1,10,11,Conforming,Approved,Approved,Approved - First Pass,2025-11-11 01:47:04.049,—,Carlos Mendes
LOTE-M-SOP-019-5128,WO-6755,2025-11-11,Shift 1,ISBM-008,M-SOP-019,FR-019-MDPE-750,14503,M,315,0,3,8,11,Conforming,Approved,Approved,Approved - First Pass,2025-11-12 18:27:28.944,—,Elena Santos
LOTE-M-SOP-016-5129,WO-6756,2025-11-12,Shift 3,ISBM-008,M-SOP-016,FR-016-HDPE-600,6288,L,200,0,0,7,7,Conforming,Approved,Approved,Approved - First Pass,2025-11-12 23:13:43.146,—,Diogo Ferreira
LOTE-M-SOP-019-5130,WO-6757,2025-11-12,Shift 2,ISBM-008,M-SOP-019,FR-019-PET-600,11244,M,315,0,0,19,19,Conforming,Approved,Approved,Approved - First Pass,2025-11-14 00:25:44.504,—,Carlos Mendes
LOTE-M-SOP-019-5131,WO-6758,2025-11-13,Shift 2,ISBM-008,M-SOP-019,FR-019-PVC-750,4373,L,200,0,0,2,2,Conforming,Approved,Approved,Approved - First Pass,2025-11-14 23:31:40.566,—,Beatriz Costa
LOTE-M-SOP-016-5132,WO-6759,2025-11-14,Shift 1,ISBM-008,M-SOP-016,FR-016-HDPE-600,7802,L,200,0,2,11,13,Conforming,Approved,Approved,Approved - First Pass,2025-11-15 12:38:33.289,—,Diogo Ferreira
LOTE-M-SOP-019-5133,WO-6761,2025-11-15,Shift 2,ISBM-008,M-SOP-019,FR-019-rPET-750,13178,M,315,0,0,12,12,Conforming,Approved,Approved,Approved - First Pass,2025-11-17 07:01:43.159,—,Beatriz Costa
LOTE-M-SOP-016-5134,WO-6763,2025-11-17,Shift 1,ISBM-008,M-SOP-016,FR-016-HDPE-600,14392,M,315,0,3,7,10,Conforming,Approved,Approved,Approved - First Pass,2025-11-18 12:14:20.011,—,Carlos Mendes
LOTE-M-SOP-016-5135,WO-6765,2025-11-18,shift 2,ISBM-008,M-SOP-016,FR-016-HDPE-600,16067,M,315,0,3,7,10,Conforming,Approved,Approved,Approved - First Pass,2025-11-19 09:53:47.873,—,Carlos Mendes
LOTE-M-SOP-022-5136,WO-6766,2025-11-19,Shift 1,ISBM-008,M-SOP-022,FR-022-MDPE-1000,1827,L,200,0,2,6,8,Conforming,Approved,Approved,Approved - First Pass,2025-11-20 08:09:12.401,—,Diogo Ferreira
LOTE-M-SOP-019-5137,WO-6767,2025-11-20,Shift 3,ISBM-008,M-SOP-019,FR-019-HDPE-PCR-750,9876,L,200,0,0,6,6,Conforming,Approved,Approved,Approved - First Pass,2025-11-21 02:20:32.518,—,Carlos Mendes
LOTE-M-SOP-019-5138,WO-6770,2025-11-22,Shift 3,ISBM-008,M-SOP-019,FR-019-HDPE-600,20944,M,315,0,3,8,11,Conforming,Approved,Approved,Approved - First Pass,2025-11-23 07:07:50.352,—,Beatriz Costa
LOTE-M-SOP-022-5139,WO-6772,2025-11-23,Shift 1,ISBM-008,M-SOP-022,FR-022-MDPE-1000,12463,M,315,0,4,6,10,Conforming,Approved,Approved,Approved - First Pass,2025-11-24 12:50:28.601,—,Elena Santos
LOTE-M-SOP-019-5140,WO-6774,2025-11-24,Shift 2,ISBM-008,M-SOP-019,FR-019-PET-600,20197,M,315,0,6,21,27,Conforming,Approved,Approved,Approved - First Pass,2025-11-26 03:15:08.774,—,Elena Santos
LOTE-M-SOP-022-5141,WO-6775,2025-11-25,shift 1,ISBM-008,M-SOP-022,FR-022-MDPE-1000,3416,L,200,0,1,4,5,Conforming,Approved,Approved,Approved - First Pass,2025-11-26 20:06:41.453,—,Carlos Mendes
LOTE-M-SOP-016-5142,WO-6778,2025-11-27,shift 2,ISBM-008,M-SOP-016,FR-016-HDPE-600,23205,M,315,0,3,8,11,Conforming,Approved,Approved,Approved - First Pass,2025-11-28 17:44:04.921,—,Elena Santos
LOTE-M-SOP-016-5143,WO-6780,2025-11-29,shift 3,ISBM-008,M-SOP-016,FR-016-HDPE-600,9369,L,200,0,1,9,10,Conforming,Approved,Approved,Approved - First Pass,2025-11-30 08:54:39.316,—,Carlos Mendes
LOTE-M-SOP-019-5144,WO-6781,2025-11-29,Shift 3,ISBM-008,M-SOP-019,FR-019-rPET-750,9232,L,200,0,0,2,2,Conforming,Approved,Approved,Approved - First Pass,2025-12-01 06:41:38.299,—,Ana Silva
LOTE-M-SOP-016-5145,WO-6783,2025-12-01,Shift 1,ISBM-008,M-SOP-016,FR-016-HDPE-600,15153,M,315,0,2,13,15,Conforming,Approved,Approved,Approved - First Pass,2025-12-02 23:36:25.113,—,Diogo Ferreira
LOTE-M-SOP-016-5146,WO-6784,2025-12-02,Shift 1,ISBM-008,M-SOP-016,FR-016-HDPE-600,8584,L,200,0,0,4,4,Conforming,Approved,Approved,Approved - First Pass,2025-12-03 03:50:38.003,—,Diogo Ferreira
LOTE-M-SOP-022-5147,WO-6787,2025-12-04,Shift 3,ISBM-008,M-SOP-022,FR-022-PVC-1000,13108,M,315,1,1,14,16,Conforming,Rejected,Rejected,Rejected - Scrapped,2025-12-05 01:15:39.785,Leakage:1(Re=1),Carlos Mendes
LOTE-M-SOP-016-5148,WO-6790,2025-12-06,Shift 3,ISBM-008,M-SOP-016,FR-016-HDPE-600,23477,M,315,0,2,21,23,Conforming,Approved,Approved,Approved - First Pass,2025-12-07 00:09:24.260,—,Diogo Ferreira
LOTE-M-SOP-019-5149,WO-6792,2025-12-07,Shift 2,ISBM-008,M-SOP-019,FR-019-PP-750,18789,M,315,0,4,5,9,Conforming,Approved,Approved,Approved - First Pass,2025-12-09 03:48:24.871,—,Elena Santos
LOTE-M-SOP-022-5150,WO-6795,2025-12-10,Shift 3,ISBM-008,M-SOP-022,FR-022-PVC-1000,18435,M,315,0,2,10,12,Conforming,Approved,Approved,Approved - First Pass,2025-12-11 11:10:11.714,—,Ana Silva
LOTE-M-SOP-016-5151,WO-6798,2025-12-12,Shift 3,ISBM-008,M-SOP-016,FR-016-HDPE-600,18017,M,315,0,0,4,4,Conforming,Approved,Approved,Approved - First Pass,2025-12-13 09:29:50.633,—,Carlos Mendes
LOTE-M-SOP-019-5152,WO-6801,2025-12-14,Shift 3,ISBM-008,M-SOP-019,FR-019-PET-750,23688,M,315,0,3,12,15,Conforming,Approved,Approved,Approved - First Pass,2025-12-14 21:16:15.471,—,Diogo Ferreira
LOTE-M-SOP-022-5153,WO-6802,2025-12-14,Shift 2,ISBM-008,M-SOP-022,FR-022-rPET-1000,6613,L,200,0,0,0,0,Conforming,Approved,Approved,Approved - First Pass,2025-12-15 23:42:33.682,—,Ana Silva
LOTE-M-SOP-022-5154,WO-6804,2025-12-15,SHIFT 3,ISBM-008,M-SOP-022,FR-022-PETG-1000,7350,L,200,0,2,3,5,Conforming,Approved,Approved,Approved - First Pass,2025-12-16 20:49:30.592,—,Ana Silva
LOTE-M-SOP-019-5155,WO-6805,2025-12-16,Shift 1,ISBM-008,M-SOP-019,FR-019-PET-600,9441,L,200,0,1,6,7,Conforming,Approved,Approved,Approved - First Pass,2025-12-17 16:15:43.871,—,Ana Silva
LOTE-M-SOP-019-5156,WO-6807,2025-12-17,Shift 2,ISBM-008,M-SOP-019,FR-019-rPET-600,13307,M,315,0,3,9,12,Conforming,Approved,Approved,Approved - First Pass,2025-12-19 06:19:20.257,—,Diogo Ferreira
LOTE-M-SOP-022-5157,WO-6808,2025-12-18,Shift 2,ISBM-008,M-SOP-022,FR-022-PETG-1000,3536,L,200,0,0,1,1,Conforming,Approved,Approved,Approved - First Pass,2025-12-19 21:30:58.550,—,Carlos Mendes
LOTE-M-SOP-019-5158,WO-6810,2025-12-19,Shift 2,ISBM-008,M-SOP-019,FR-019-PP-750,13987,M,315,0,0,0,0,Conforming,Approved,Approved,Approved - First Pass,2025-12-21 12:36:17.700,—,Elena Santos
LOTE-M-SOP-022-5159,WO-6811,2025-12-20,Shift 2,ISBM-008,M-SOP-022,FR-022-PET-1000,6718,L,200,0,1,4,5,Conforming,Approved,Approved,Approved - First Pass,2025-12-21 16:35:59.021,—,Ana Silva
LOTE-M-SOP-016-5160,WO-6814,2025-12-22,Shift 2,ISBM-008,M-SOP-016,FR-016-HDPE-600,15694,M,315,0,3,4,7,Conforming,Approved,Approved,Approved - First Pass,2025-12-23 11:22:37.420,—,Elena Santos
LOTE-M-SOP-022-5161,WO-6816,2025-12-23,Shift 2,ISBM-008,M-SOP-022,FR-022-rPET-1000,10271,M,315,0,1,6,7,Conforming,Approved,Approved,Approved - First Pass,2025-12-24 14:57:17.396,—,Diogo Ferreira
LOTE-M-SOP-019-5162,WO-6818,2025-12-24,  Shift 3  ,ISBM-008,M-SOP-019,FR-019-PP-750,10893,M,315,0,0,14,14,Conforming,Approved,Approved,Approved - First Pass,2025-12-25 22:36:10.694,—,Beatriz Costa
LOTE-M-SOP-019-5163,WO-6820,2025-12-26,Shift 1,ISBM-008,M-SOP-019,FR-019-PVC-750,10991,M,315,0,0,7,7,Conforming,Approved,Approved,Approved - First Pass,2025-12-27 15:23:36.185,—,Diogo Ferreira
LOTE-M-SOP-022-5164,WO-6822,2025-12-27,Shift 2,ISBM-008,M-SOP-022,FR-022-HDPE-PCR-1000,13285,M,315,0,1,17,18,Conforming,Approved,Approved,Approved - First Pass,2025-12-28 19:00:03.991,—,Diogo Ferreira
LOTE-M-SOP-019-5165,WO-6823,2025-12-28,Shift 1,ISBM-008,M-SOP-019,FR-019-PET-750,5355,L,200,0,0,9,9,Conforming,Approved,Approved,Approved - First Pass,2025-12-29 07:32:10.108,—,Carlos Mendes
LOTE-M-SOP-016-5166,WO-6826,2025-12-30,Shift 1,ISBM-008,M-SOP-016,FR-016-HDPE-600,24306,M,315,1,3,7,11,Conforming,Rejected,Rejected,Rejected - Scrapped,2025-12-31 14:53:31.261,Leakage:1(Re=1),Diogo Ferreira
LOTE-M-SOP-022-5167,WO-6829,2026-01-01,Shift 1,ISBM-008,M-SOP-022,FR-022-PET-1000,15543,M,315,1,4,20,25,Conforming,Rejected,Rejected,Rejected - Scrapped,2026-01-02 05:57:07.811,Leakage:1(Re=1),Diogo Ferreira
LOTE-M-SOP-022-5168,WO-6830,2026-01-02,Shift 3,ISBM-008,M-SOP-022,FR-022-PP-1000,8160,L,200,0,4,11,15,Conforming,Approved,Approved,Approved - First Pass,2026-01-03 13:01:30.308,—,Ana Silva
LOTE-M-SOP-016-5169,WO-6832,2026-01-03,Shift 2,ISBM-008,M-SOP-016,FR-016-HDPE-600,14026,M,315,0,1,5,6,Conforming,Approved,Approved,Approved - First Pass,2026-01-04 16:41:21.430,—,Beatriz Costa
LOTE-M-SOP-022-5170,WO-6834,2026-01-04,Shift 2,ISBM-008,M-SOP-022,FR-022-PVC-1000,4656,L,200,0,2,8,10,Conforming,Approved,Approved,Approved - First Pass,2026-01-06 08:18:12.697,—,Ana Silva
LOTE-M-SOP-019-5171,WO-6835,2026-01-05,Shift 2,ISBM-008,M-SOP-019,FR-019-PET-600,9874,L,200,0,2,3,5,Conforming,Approved,Approved,Approved - First Pass,2026-01-07 03:42:15.433,—,Elena Santos
LOTE-M-SOP-019-5172,WO-6837,2026-01-07,Shift 1,ISBM-008,M-SOP-019,FR-019-PVC-750,19301,M,315,0,1,3,4,Conforming,Approved,Approved,Approved - First Pass,2026-01-08 20:22:55.996,—,Elena Santos
LOTE-M-SOP-022-5173,WO-6838,2026-01-08,Shift 3,ISBM-008,M-SOP-022,FR-022-HDPE-1000,3233,L,200,0,2,4,6,Conforming,Approved,Approved,Approved - First Pass,2026-01-09 03:48:59.627,—,Carlos Mendes
LOTE-M-SOP-016-5174,WO-6840,2026-01-09,Shift 2,ISBM-008,M-SOP-016,FR-016-HDPE-600,14715,M,315,0,3,12,15,Conforming,Approved,Approved,Approved - First Pass,2026-01-11 04:47:08.720,—,Elena Santos
LOTE-M-SOP-019-5175,WO-6841,2026-01-10,Shift 2,ISBM-008,M-SOP-019,FR-019-HDPE-600,7687,L,200,0,1,5,6,Conforming,Approved,Approved,Approved - First Pass,2026-01-11 19:20:14.718,—,Elena Santos
LOTE-M-SOP-019-5176,WO-6844,2026-01-12,Shift 1,ISBM-008,M-SOP-019,FR-019-MDPE-750,18568,M,315,0,2,11,13,Conforming,Approved,Approved,Approved - First Pass,2026-01-13 08:56:56.476,—,Carlos Mendes
LOTE-M-SOP-019-5177,WO-6847,2026-01-14,Shift 1,ISBM-008,M-SOP-019,FR-019-PETG-750,19982,M,315,0,2,4,6,Conforming,Approved,Approved,Approved - First Pass,2026-01-15 13:42:30.037,—,Beatriz Costa
LOTE-M-SOP-022-5178,WO-6849,2026-01-15,Shift 2,ISBM-008,M-SOP-022,FR-022-HDPE-1000,8535,L,200,0,1,3,4,Conforming,Approved,Approved,Approved - First Pass,2026-01-16 14:08:53.079,—,Carlos Mendes
LOTE-M-SOP-016-5179,WO-6851,2026-01-17,Shift 1,ISBM-008,M-SOP-016,FR-016-HDPE-600,16951,M,315,0,2,7,9,Conforming,Approved,Approved,Approved - First Pass,2026-01-18 13:56:34.912,—,Beatriz Costa
LOTE-M-SOP-016-5180,WO-6852,2026-01-18,Shift 3,ISBM-008,M-SOP-016,FR-016-HDPE-600,5076,L,200,0,1,1,2,Conforming,Approved,Approved,Approved - First Pass,2026-01-18 23:55:44.593,—,Beatriz Costa
LOTE-M-SOP-019-5181,WO-6854,2026-01-19,Shift 3,ISBM-008,M-SOP-019,FR-019-PETG-750,9688,L,200,0,3,5,8,Conforming,Approved,Approved,Approved - First Pass,2026-01-19 20:55:25.016,—,Carlos Mendes
LOTE-M-SOP-019-5182,WO-6857,2026-01-21,Shift 1,ISBM-008,M-SOP-019,FR-019-PETG-750,24402,M,315,0,3,4,7,Conforming,Approved,Approved,Approved - First Pass,2026-01-22 22:21:56.673,—,Elena Santos
LOTE-M-SOP-022-5183,WO-6858,2026-01-22,Shift 1,ISBM-008,M-SOP-022,FR-022-MDPE-1000,6488,L,200,0,1,0,1,Conforming,Approved,Approved,Approved - First Pass,2026-01-23 14:38:59.574,—,Ana Silva
LOTE-M-SOP-016-5184,WO-6861,2026-01-24,Shift 3,ISBM-008,M-SOP-016,FR-016-HDPE-600,19968,M,315,0,4,10,14,Conforming,Approved,Approved,Approved - First Pass,2026-01-25 04:42:38.180,—,Elena Santos
LOTE-M-SOP-022-5185,WO-6864,2026-01-26,Shift 1,ISBM-008,M-SOP-022,FR-022-rPET-1000,14837,M,315,0,4,4,8,Conforming,Approved,Approved,Approved - First Pass,2026-01-27 08:40:51.845,—,Beatriz Costa
LOTE-M-SOP-022-5186,WO-6866,2026-01-28,Shift 3,ISBM-008,M-SOP-022,FR-022-HDPE-PCR-1000,11578,M,315,1,1,4,6,Conforming,Rejected,Rejected,Rejected - Scrapped,2026-01-28 22:23:32.140,Leakage:1(Re=1),Elena Santos
LOTE-M-SOP-016-5187,WO-6867,2026-01-28,Shift 2,ISBM-008,M-SOP-016,FR-016-HDPE-600,7194,L,200,0,1,6,7,Conforming,Approved,Approved,Approved - First Pass,2026-01-30 00:21:03.379,—,Elena Santos
LOTE-M-SOP-022-5188,WO-6868,2026-01-29,Shift 2,ISBM-008,M-SOP-022,FR-022-PVC-1000,1422,L,200,0,2,3,5,Conforming,Approved,Approved,Approved - First Pass,2026-01-30 22:38:45.689,—,Carlos Mendes
LOTE-M-SOP-016-5189,WO-6869,2026-01-30,Shift 1,ISBM-008,M-SOP-016,FR-016-HDPE-600,6817,L,200,0,1,4,5,Conforming,Approved,Approved,Approved - First Pass,2026-01-31 15:12:38.199,—,Ana Silva
LOTE-M-SOP-016-5190,WO-6870,2026-01-30,  Shift 3  ,ISBM-008,M-SOP-016,FR-016-HDPE-600,8855,L,200,0,2,3,5,Conforming,Approved,Approved,Approved - First Pass,2026-02-01 02:16:39.278,—,Carlos Mendes
LOTE-M-SOP-019-5191,WO-6873,2026-02-02,SHIFT 3,ISBM-008,M-SOP-019,FR-019-PET-600,31500,M,315,0,8,9,17,Conforming,Approved,Approved,Approved - First Pass,2026-02-03 04:57:07.716,—,Elena Santos
LOTE-M-SOP-022-5192,WO-6874,2026-02-03,Shift 3,ISBM-008,M-SOP-022,FR-022-MDPE-1000,4965,L,200,0,0,1,1,Conforming,Approved,Approved,Approved - First Pass,2026-02-04 05:13:26.784,—,Diogo Ferreira
LOTE-M-SOP-022-5193,WO-6877,2026-02-05,shift 3,ISBM-008,M-SOP-022,FR-022-PETG-1000,12952,M,315,0,9,8,17,Conforming,Approved,Approved,Approved - First Pass,2026-02-06 04:01:35.687,—,Elena Santos
LOTE-M-SOP-016-5194,WO-6879,2026-02-06,Shift 3,ISBM-008,M-SOP-016,FR-016-HDPE-600,16857,M,315,0,5,2,7,Conforming,Approved,Approved,Approved - First Pass,2026-02-07 08:57:07.823,—,Elena Santos
LOTE-M-SOP-019-5195,WO-6881,2026-02-07,Shift 2,ISBM-008,M-SOP-019,FR-019-rPET-750,10194,M,315,0,0,7,7,Conforming,Approved,Approved,Approved - First Pass,2026-02-08 07:35:57.311,—,Elena Santos
LOTE-M-SOP-022-5196,WO-6883,2026-02-08,Shift 1,ISBM-008,M-SOP-022,FR-022-PVC-1000,12803,M,315,0,4,3,7,Conforming,Approved,Approved,Approved - First Pass,2026-02-09 22:17:43.128,—,Elena Santos
LOTE-M-SOP-016-5197,WO-6885,2026-02-10,Shift 3,ISBM-008,M-SOP-016,FR-016-HDPE-600,19899,M,315,0,6,11,17,Conforming,Approved,Approved,Approved - First Pass,2026-02-11 18:10:51.773,—,Ana Silva
LOTE-M-SOP-016-5198,WO-6886,2026-02-10,Shift 3,ISBM-008,M-SOP-016,FR-016-HDPE-600,4401,L,200,0,3,5,8,Conforming,Approved,Approved,Approved - First Pass,2026-02-12 00:04:10.986,—,Carlos Mendes
LOTE-M-SOP-022-5199,WO-6887,2026-02-11,Shift 1,ISBM-008,M-SOP-022,FR-022-HDPE-PCR-1000,5182,L,200,0,4,6,10,Conforming,Approved,Approved,Approved - First Pass,2026-02-12 10:15:47.078,—,Elena Santos
LOTE-M-SOP-019-5200,WO-6889,2026-02-12,Shift 1,ISBM-008,M-SOP-019,FR-019-rPET-750,11278,M,315,0,4,6,10,Conforming,Approved,Approved,Approved - First Pass,2026-02-13 03:18:59.664,—,Beatriz Costa
LOTE-M-SOP-019-5201,WO-6890,2026-02-12,Shift 3,ISBM-008,M-SOP-019,FR-019-PET-750,4576,L,200,0,0,2,2,Conforming,Approved,Approved,Approved - First Pass,2026-02-13 21:04:41.276,—,Beatriz Costa
LOTE-M-SOP-022-5202,WO-6892,2026-02-14,Shift 3,ISBM-008,M-SOP-022,FR-022-MDPE-1000,11959,M,315,0,1,12,13,Conforming,Approved,Approved,Approved - First Pass,2026-02-15 03:11:00.548,—,Elena Santos
LOTE-M-SOP-019-5203,WO-6893,2026-02-14,Shift 3,ISBM-008,M-SOP-019,FR-019-PET-750,9477,L,200,0,1,1,2,Conforming,Approved,Approved,Approved - First Pass,2026-02-16 01:50:45.264,—,Beatriz Costa
LOTE-M-SOP-019-5204,WO-6894,2026-02-15,Shift 2,ISBM-008,M-SOP-019,FR-019-HDPE-600,8810,L,200,0,1,4,5,Conforming,Approved,Approved,Approved - First Pass,2026-02-17 00:16:24.617,—,Beatriz Costa
LOTE-M-SOP-022-5205,WO-6895,2026-02-16,Shift 1,ISBM-008,M-SOP-022,FR-022-PP-1000,6365,L,200,0,0,3,3,Conforming,Approved,Approved,Approved - First Pass,2026-02-17 15:30:15.611,—,Ana Silva
LOTE-M-SOP-022-5206,WO-6896,2026-02-17,shift 3,ISBM-008,M-SOP-022,FR-022-PET-1000,5101,L,200,0,3,8,11,Conforming,Approved,Approved,Approved - First Pass,2026-02-17 21:38:41.660,—,Carlos Mendes
LOTE-M-SOP-022-5207,WO-6898,2026-02-18,Shift 1,ISBM-008,M-SOP-022,FR-022-PP-1000,11189,M,315,0,7,6,13,Conforming,Approved,Approved,Approved - First Pass,2026-02-19 18:18:09.159,—,Carlos Mendes
LOTE-M-SOP-019-5208,WO-6900,2026-02-20,Shift 3,ISBM-008,M-SOP-019,FR-019-HDPE-750,21217,M,315,1,4,10,15,Conforming,Rejected,Rejected,Rejected - Scrapped,2026-02-21 09:49:59.509,Leakage:1(Re=1),Beatriz Costa
LOTE-M-SOP-022-5209,WO-6901,2026-02-20,Shift 3,ISBM-008,M-SOP-022,FR-022-HDPE-1000,7247,L,200,0,3,1,4,Conforming,Approved,Approved,Approved - First Pass,2026-02-22 03:17:27.211,—,Elena Santos
LOTE-M-SOP-016-5210,WO-6904,2026-02-22,Shift 2,ISBM-008,M-SOP-016,FR-016-HDPE-600,17570,M,315,1,4,13,18,Conforming,Rejected,Rejected,Rejected - Scrapped,2026-02-24 05:13:39.723,Leakage:1(Re=1),Carlos Mendes
LOTE-M-SOP-022-5211,WO-6907,2026-02-24,Shift 2,ISBM-008,M-SOP-022,FR-022-PETG-1000,16507,M,315,0,3,14,17,Conforming,Approved,Approved,Approved - First Pass,2026-02-25 10:49:48.784,—,Beatriz Costa
LOTE-M-SOP-022-5212,WO-6909,2026-02-25,Shift 2,ISBM-008,M-SOP-022,FR-022-rPET-1000,7328,L,200,0,3,8,11,Conforming,Approved,Approved,Approved - First Pass,2026-02-26 19:33:20.473,—,Elena Santos
LOTE-M-SOP-016-5213,WO-6912,2026-02-27,Shift 1,ISBM-008,M-SOP-016,FR-016-HDPE-600,19989,M,315,0,4,12,16,Conforming,Approved,Approved,Approved - First Pass,2026-02-28 15:17:09.765,—,Carlos Mendes
LOTE-M-SOP-022-5214,WO-6913,2026-02-28,Shift 3,ISBM-008,M-SOP-022,FR-022-HDPE-PCR-1000,5861,L,200,0,0,1,1,Conforming,Approved,Approved,Approved - First Pass,2026-03-01 04:59:47.376,—,Diogo Ferreira
LOTE-M-SOP-022-5215,WO-6915,2026-03-01,Shift 1,ISBM-008,M-SOP-022,FR-022-PVC-1000,12065,M,315,0,2,4,6,Conforming,Approved,Approved,Approved - First Pass,2026-03-02 23:12:04.133,—,Elena Santos
LOTE-M-SOP-022-5216,WO-6917,2026-03-03,Shift 3,ISBM-008,M-SOP-022,FR-022-PETG-1000,8979,L,200,0,1,5,6,Conforming,Approved,Approved,Approved - First Pass,2026-03-03 22:34:22.165,—,Ana Silva
LOTE-M-SOP-022-5217,WO-6920,2026-03-04,Shift 2,ISBM-008,M-SOP-022,FR-022-PETG-1000,14086,M,315,0,6,9,15,Conforming,Approved,Approved,Approved - First Pass,2026-03-05 11:54:39.731,—,Beatriz Costa
LOTE-M-SOP-022-5218,WO-6921,2026-03-05,Shift 1,ISBM-008,M-SOP-022,FR-022-HDPE-PCR-1000,7751,L,200,0,0,3,3,Conforming,Approved,Approved,Approved - First Pass,2026-03-06 20:43:46.784,—,Diogo Ferreira
LOTE-M-SOP-022-5219,WO-6923,2026-03-06,Shift 2,ISBM-008,M-SOP-022,FR-022-PP-1000,9688,L,200,0,2,15,17,Conforming,Approved,Approved,Approved - First Pass,2026-03-07 13:49:50.888,—,Elena Santos
LOTE-M-SOP-022-5220,WO-6924,2026-03-07,Shift 1,ISBM-008,M-SOP-022,FR-022-rPET-1000,4248,L,200,0,1,9,10,Conforming,Approved,Approved,Approved - First Pass,2026-03-08 01:20:21.365,—,Beatriz Costa
LOTE-M-SOP-022-5221,WO-6927,2026-03-08,Shift 3,ISBM-008,M-SOP-022,FR-022-PP-1000,14225,M,315,0,5,17,22,Conforming,Approved,Approved,Approved - First Pass,2026-03-10 05:53:10.439,—,Elena Santos
LOTE-M-SOP-019-5222,WO-6930,2026-03-11,Shift 3,ISBM-008,M-SOP-019,FR-019-PP-750,23037,M,315,0,6,15,21,Conforming,Approved,Approved,Approved - First Pass,2026-03-12 03:14:21.878,—,Beatriz Costa
LOTE-M-SOP-019-5223,WO-6931,2026-03-12,Shift 3,ISBM-008,M-SOP-019,FR-019-PETG-750,5840,L,200,0,0,4,4,Conforming,Approved,Approved,Approved - First Pass,2026-03-12 15:30:17.366,—,Ana Silva
LOTE-M-SOP-016-5224,WO-6933,2026-03-13,Shift 3,ISBM-008,M-SOP-016,FR-016-HDPE-600,10697,M,315,0,3,9,12,Conforming,Approved,Approved,Approved - First Pass,2026-03-14 04:08:31.162,—,Ana Silva
LOTE-M-SOP-016-5225,WO-6934,2026-03-13,Shift 2,ISBM-008,M-SOP-016,FR-016-HDPE-600,7178,L,200,0,2,2,4,Conforming,Approved,Approved,Approved - First Pass,2026-03-15 04:40:15.782,—,Diogo Ferreira
LOTE-M-SOP-019-5226,WO-6937,2026-03-15,Shift 3,ISBM-008,M-SOP-019,FR-019-MDPE-750,23096,M,315,0,5,9,14,Conforming,Approved,Approved,Approved - First Pass,2026-03-17 09:47:10.637,—,Elena Santos
LOTE-M-SOP-016-5227,WO-6938,2026-03-16,Shift 2,ISBM-008,M-SOP-016,FR-016-HDPE-600,6286,L,200,0,2,2,4,Conforming,Approved,Approved,Approved - First Pass,2026-03-17 19:39:59.825,—,Elena Santos
LOTE-M-SOP-022-5228,WO-6940,2026-03-18,SHIFT 1,ISBM-008,M-SOP-022,FR-022-PVC-1000,11436,M,315,0,2,14,16,Conforming,Approved,Approved,Approved - First Pass,2026-03-19 11:58:54.884,—,Elena Santos
LOTE-M-SOP-022-5229,WO-6941,2026-03-18,Shift 2,ISBM-008,M-SOP-022,FR-022-PETG-1000,4870,L,200,1,1,3,5,Conforming,Rejected,Rejected,Rejected - Scrapped,2026-03-20 00:44:11.753,Leakage:1(Re=1),Ana Silva
LOTE-M-SOP-016-5230,WO-6943,2026-03-20,Shift 2,ISBM-008,M-SOP-016,FR-016-HDPE-600,6477,L,200,1,1,7,9,Conforming,Rejected,Rejected,Rejected - Scrapped,2026-03-21 07:31:48.768,Leakage:1(Re=1),Diogo Ferreira
LOTE-M-SOP-019-5231,WO-6946,2026-03-22,Shift 1,ISBM-008,M-SOP-019,FR-019-PP-750,22331,M,315,0,3,11,14,Conforming,Approved,Approved,Approved - First Pass,2026-03-23 05:40:46.255,—,Diogo Ferreira
LOTE-M-SOP-022-5232,WO-6949,2026-03-24,Shift 1,ISBM-008,M-SOP-022,FR-022-HDPE-PCR-1000,19755,M,315,0,3,7,10,Conforming,Approved,Approved,Approved - First Pass,2026-03-25 20:54:51.797,—,Elena Santos
LOTE-M-SOP-016-5233,WO-6952,2026-03-26,Shift 2,ISBM-008,M-SOP-016,FR-016-HDPE-600,23822,M,315,0,5,4,9,Conforming,Approved,Approved,Approved - First Pass,2026-03-28 01:55:56.413,—,Diogo Ferreira
LOTE-M-SOP-022-5234,WO-6954,2026-03-28,Shift 1,ISBM-008,M-SOP-022,FR-022-PET-1000,9525,L,200,0,3,4,7,Conforming,Approved,Approved,Approved - First Pass,2026-03-29 16:47:38.402,—,Beatriz Costa
LOTE-M-SOP-016-5235,WO-6955,2026-03-29,SHIFT 3,ISBM-008,M-SOP-016,FR-016-HDPE-600,9379,L,200,0,0,3,3,Conforming,Approved,Approved,Approved - First Pass,2026-03-30 11:49:14.249,—,Ana Silva
LOTE-M-SOP-022-5236,WO-6957,2026-03-30,Shift 1,ISBM-008,M-SOP-022,FR-022-HDPE-1000,9603,L,200,0,2,8,10,Conforming,Approved,Approved,Approved - First Pass,2026-03-31 14:26:20.276,—,Diogo Ferreira
LOTE-M-SOP-019-5237,WO-6958,2026-03-31,Shift 3,ISBM-008,M-SOP-019,FR-019-PP-750,8147,L,200,0,1,3,4,Conforming,Approved,Approved,Approved - First Pass,2026-04-01 01:01:32.365,—,Beatriz Costa
LOTE-M-SOP-019-5238,WO-6959,2026-03-31,Shift 2,ISBM-008,M-SOP-019,FR-019-PP-750,3477,L,200,0,1,7,8,Conforming,Approved,Approved,Approved - First Pass,2026-04-01 11:10:03.065,—,Carlos Mendes
LOTE-M-SOP-019-5239,WO-6961,2026-04-02,Shift 3,ISBM-008,M-SOP-019,FR-019-PET-600,16698,M,315,0,2,10,12,Conforming,Approved,Approved,Approved - First Pass,2026-04-03 04:22:48.658,—,Beatriz Costa
LOTE-M-SOP-016-5240,WO-6964,2026-04-03,Shift 2,ISBM-008,M-SOP-016,FR-016-HDPE-600,26802,M,315,0,9,16,25,Conforming,Approved,Approved,Approved - First Pass,2026-04-04 22:40:40.979,—,Elena Santos
LOTE-M-SOP-019-5241,WO-6966,2026-04-05,Shift 1,ISBM-008,M-SOP-019,FR-019-PETG-750,19173,M,315,0,1,9,10,Conforming,Approved,Approved,Approved - First Pass,2026-04-06 07:43:24.332,—,Diogo Ferreira
LOTE-M-SOP-022-5242,WO-6967,2026-04-06,Shift 3,ISBM-008,M-SOP-022,FR-022-HDPE-PCR-1000,3256,L,200,0,0,4,4,Conforming,Approved,Approved,Approved - First Pass,2026-04-06 21:48:55.279,—,Elena Santos
LOTE-M-SOP-022-5243,WO-6968,2026-04-06,Shift 1,ISBM-008,M-SOP-022,FR-022-HDPE-1000,6951,L,200,0,2,5,7,Conforming,Approved,Approved,Approved - First Pass,2026-04-07 05:55:00.787,—,Ana Silva
LOTE-M-SOP-022-5244,WO-6971,2026-04-08,Shift 1,ISBM-008,M-SOP-022,FR-022-PVC-1000,13893,M,315,0,2,11,13,Conforming,Approved,Approved,Approved - First Pass,2026-04-09 08:34:40.424,—,Diogo Ferreira
LOTE-M-SOP-016-5245,WO-6972,2026-04-09,Shift 3,ISBM-008,M-SOP-016,FR-016-HDPE-600,6547,L,200,0,0,5,5,Conforming,Approved,Approved,Approved - First Pass,2026-04-10 00:16:01.421,—,Ana Silva
LOTE-M-SOP-019-5246,WO-6974,2026-04-10,Shift 1,ISBM-008,M-SOP-019,FR-019-rPET-600,15278,M,315,0,4,16,20,Conforming,Approved,Approved,Approved - First Pass,2026-04-11 22:54:25.042,—,Elena Santos
LOTE-M-SOP-016-5247,WO-6975,2026-04-11,Shift 1,ISBM-008,M-SOP-016,FR-016-HDPE-600,7746,L,200,0,0,1,1,Conforming,Approved,Approved,Approved - First Pass,2026-04-12 11:50:28.882,—,Carlos Mendes
LOTE-M-SOP-022-5248,WO-6978,2026-04-13,Shift 3,ISBM-008,M-SOP-022,FR-022-HDPE-1000,10295,M,315,0,4,6,10,Conforming,Approved,Approved,Approved - First Pass,2026-04-14 04:35:31.599,—,Elena Santos
LOTE-M-SOP-022-5249,WO-6979,2026-04-13,Shift 2,ISBM-008,M-SOP-022,FR-022-PET-1000,4657,L,200,0,0,2,2,Conforming,Approved,Approved,Approved - First Pass,2026-04-14 07:53:04.019,—,Carlos Mendes
LOTE-M-SOP-019-5250,WO-6980,2026-04-14,Shift 3,ISBM-008,M-SOP-019,FR-019-PET-750,10296,M,315,0,3,3,6,Conforming,Approved,Approved,Approved - First Pass,2026-04-15 01:00:04.994,—,Beatriz Costa
LOTE-M-SOP-019-5251,WO-6983,2026-04-15,Shift 2,ISBM-008,M-SOP-019,FR-019-HDPE-750,14273,M,315,1,2,11,14,Conforming,Rejected,Rejected,Rejected - Scrapped,2026-04-17 10:03:30.587,Leakage:1(Re=1),Diogo Ferreira
LOTE-M-SOP-019-5252,WO-6984,2026-04-16,Shift 2,ISBM-008,M-SOP-019,FR-019-HDPE-600,5155,L,200,0,2,8,10,Conforming,Approved,Approved,Approved - First Pass,2026-04-18 06:16:27.889,—,Carlos Mendes
LOTE-M-SOP-016-5253,WO-6986,2026-04-18,Shift 1,ISBM-008,M-SOP-016,FR-016-HDPE-600,12794,M,315,0,1,1,2,Conforming,Approved,Approved,Approved - First Pass,2026-04-19 11:56:13.052,—,Elena Santos
LOTE-M-SOP-022-5254,WO-6989,2026-04-19,  Shift 2  ,ISBM-008,M-SOP-022,FR-022-PET-1000,15252,M,315,0,8,12,20,Conforming,Approved,Approved,Approved - First Pass,2026-04-20 15:35:41.822,—,Elena Santos
LOTE-M-SOP-019-5255,WO-6990,2026-04-20,Shift 1,ISBM-008,M-SOP-019,FR-019-HDPE-750,6997,L,200,0,2,6,8,Conforming,Approved,Approved,Approved - First Pass,2026-04-21 12:10:08.159,—,Ana Silva
LOTE-M-SOP-016-5256,WO-6991,2026-04-21,Shift 3,ISBM-008,M-SOP-016,FR-016-HDPE-600,5408,L,200,0,1,7,8,Conforming,Approved,Approved,Approved - First Pass,2026-04-21 20:48:49.183,—,Ana Silva
LOTE-M-SOP-019-5257,WO-6992,2026-04-21,Shift 2,ISBM-008,M-SOP-019,FR-019-rPET-600,5710,L,200,0,0,13,13,Conforming,Approved,Approved,Approved - First Pass,2026-04-22 17:07:19.576,—,Ana Silva
LOTE-M-SOP-022-5258,WO-6995,2026-04-23,Shift 2,ISBM-008,M-SOP-022,FR-022-PET-1000,13659,M,315,0,3,6,9,Conforming,Approved,Approved,Approved - First Pass,2026-04-24 16:14:32.633,—,Beatriz Costa
LOTE-M-SOP-016-5259,WO-6997,2026-04-24,Shift 2,ISBM-008,M-SOP-016,FR-016-HDPE-600,14189,M,315,0,0,12,12,Conforming,Approved,Approved,Approved - First Pass,2026-04-26 00:31:22.409,—,Carlos Mendes
LOTE-M-SOP-016-5260,WO-6999,2026-04-26,Shift 3,ISBM-008,M-SOP-016,FR-016-HDPE-600,18189,M,315,0,2,13,15,Conforming,Approved,Approved,Approved - First Pass,2026-04-27 00:54:43.434,—,Beatriz Costa
LOTE-M-SOP-016-5261,WO-7001,2026-04-27,Shift 2,ISBM-008,M-SOP-016,FR-016-HDPE-600,15942,M,315,0,3,13,16,Conforming,Approved,Approved,Approved - First Pass,2026-04-29 04:13:23.600,—,Ana Silva
LOTE-M-SOP-022-5262,WO-7003,2026-04-28,  Shift 3  ,ISBM-008,M-SOP-022,FR-022-PETG-1000,11968,M,315,0,3,7,10,Conforming,Approved,Approved,Approved - First Pass,2026-04-29 19:28:18.050,—,Beatriz Costa
LOTE-M-SOP-022-5263,WO-7006,2026-04-30,Shift 3,ISBM-008,M-SOP-022,FR-022-rPET-1000,18370,M,315,0,2,13,15,Conforming,Approved,Approved,Approved - First Pass,2026-05-02 03:59:37.551,—,Elena Santos
LOTE-M-SOP-019-5264,WO-7009,2026-05-03,SHIFT 3,ISBM-008,M-SOP-019,FR-019-HDPE-600,22046,M,315,0,2,7,9,Conforming,Approved,Approved,Approved - First Pass,2026-05-04 05:32:45.784,—,Ana Silva
LOTE-M-SOP-019-5265,WO-7012,2026-05-04,Shift 3,ISBM-008,M-SOP-019,FR-019-PET-600,15563,M,315,0,5,13,18,Conforming,Approved,Approved,Approved - First Pass,2026-05-05 23:09:56.058,—,Beatriz Costa
LOTE-M-SOP-019-5266,WO-7014,2026-05-06,Shift 1,ISBM-008,M-SOP-019,FR-019-HDPE-600,15941,M,315,0,2,7,9,Conforming,Approved,Approved,Approved - First Pass,2026-05-07 16:23:09.739,—,Ana Silva
LOTE-M-SOP-016-5267,WO-7017,2026-05-08,Shift 3,ISBM-008,M-SOP-016,FR-016-HDPE-600,17825,M,315,0,6,16,22,Conforming,Approved,Approved,Approved - First Pass,2026-05-09 11:40:15.955,—,Diogo Ferreira
LOTE-M-SOP-022-5268,WO-7018,2026-05-09,Shift 3,ISBM-008,M-SOP-022,FR-022-PET-1000,6138,L,200,0,0,4,4,Conforming,Approved,Approved,Approved - First Pass,2026-05-10 05:42:35.987,—,Ana Silva
LOTE-M-SOP-019-5269,WO-7021,2026-05-10,Shift 2,ISBM-008,M-SOP-019,FR-019-PP-750,20863,M,315,0,7,19,26,Conforming,Approved,Approved,Approved - First Pass,2026-05-11 18:02:35.225,—,Carlos Mendes
LOTE-M-SOP-022-5270,WO-7023,2026-05-12,Shift 1,ISBM-008,M-SOP-022,FR-022-HDPE-PCR-1000,15922,M,315,1,2,13,16,Conforming,Rejected,Rejected,Rejected - Scrapped,2026-05-13 13:44:31.058,Leakage:1(Re=1),Ana Silva
LOTE-M-SOP-019-5271,WO-7026,2026-05-14,Shift 2,ISBM-008,M-SOP-019,FR-019-MDPE-750,27025,M,315,0,4,16,20,Conforming,Approved,Approved,Approved - First Pass,2026-05-15 14:32:07.476,—,Beatriz Costa
LOTE-M-SOP-022-5272,WO-7028,2026-05-16,Shift 3,ISBM-008,M-SOP-022,FR-022-HDPE-1000,10466,M,315,0,2,6,8,Conforming,Approved,Approved,Approved - First Pass,2026-05-17 02:16:58.765,—,Ana Silva
LOTE-M-SOP-016-5273,WO-7030,2026-05-17,Shift 1,ISBM-008,M-SOP-016,FR-016-HDPE-600,15550,M,315,0,4,6,10,Conforming,Approved,Approved,Approved - First Pass,2026-05-19 04:23:05.242,—,Diogo Ferreira
LOTE-M-SOP-016-5274,WO-7031,2026-05-18,Shift 1,ISBM-008,M-SOP-016,FR-016-HDPE-600,5706,L,200,0,0,2,2,Conforming,Approved,Approved,Approved - First Pass,2026-05-19 01:11:03.861,—,Beatriz Costa
LOTE-M-SOP-022-5275,WO-7033,2026-05-19,Shift 1,ISBM-008,M-SOP-022,FR-022-PET-1000,8030,L,200,0,2,5,7,Conforming,Approved,Approved,Approved - First Pass,2026-05-20 14:14:41.325,—,Elena Santos
LOTE-M-SOP-022-5276,WO-7035,2026-05-20,Shift 1,ISBM-008,M-SOP-022,FR-022-HDPE-1000,7551,L,200,0,1,4,5,Conforming,Approved,Approved,Approved - First Pass,2026-05-21 14:22:18.419,—,Ana Silva
LOTE-M-SOP-022-5277,WO-7037,2026-05-21,Shift 1,ISBM-008,M-SOP-022,FR-022-PETG-1000,11191,M,315,0,5,4,9,Conforming,Approved,Approved,Approved - First Pass,2026-05-22 04:52:39.390,—,Beatriz Costa
LOTE-M-SOP-022-5278,WO-7038,2026-05-22,Shift 3,ISBM-008,M-SOP-022,FR-022-rPET-1000,3564,L,200,0,2,6,8,Conforming,Approved,Approved,Approved - First Pass,2026-05-23 00:32:42.042,—,Diogo Ferreira
LOTE-M-SOP-016-5279,WO-7040,2026-05-23,Shift 1,ISBM-008,M-SOP-016,FR-016-HDPE-600,13748,M,315,0,2,6,8,Conforming,Approved,Approved,Approved - First Pass,2026-05-24 03:20:14.778,—,Ana Silva
LOTE-M-SOP-016-5280,WO-7041,2026-05-23,shift 2,ISBM-008,M-SOP-016,FR-016-HDPE-600,6913,L,200,0,0,8,8,Conforming,Approved,Approved,Approved - First Pass,2026-05-25 00:40:52.101,—,Ana Silva
LOTE-M-SOP-022-5281,WO-7043,2026-05-25,Shift 1,ISBM-008,M-SOP-022,FR-022-PETG-1000,14702,M,315,0,2,1,3,Conforming,Approved,Approved,Approved - First Pass,2026-05-26 05:23:19.870,—,Elena Santos
LOTE-M-SOP-016-5282,WO-7045,2026-05-26,Shift 2,ISBM-008,M-SOP-016,FR-016-HDPE-600,14747,M,315,0,3,7,10,Conforming,Approved,Approved,Approved - First Pass,2026-05-28 00:44:47.439,—,Diogo Ferreira
LOTE-M-SOP-019-5283,WO-7048,2026-05-28,Shift 1,ISBM-008,M-SOP-019,FR-019-HDPE-750,20403,M,315,0,0,14,14,Conforming,Approved,Approved,Approved - First Pass,2026-05-30 01:35:30.350,—,Diogo Ferreira
LOTE-M-SOP-022-5284,WO-7049,2026-05-29,Shift 1,ISBM-008,M-SOP-022,FR-022-PP-PCR-1000,4216,L,200,0,2,9,11,Conforming,Approved,Approved,Approved - First Pass,2026-05-30 09:19:21.906,—,Beatriz Costa
LOTE-M-SOP-016-5285,WO-7051,2026-05-30,Shift 2,ISBM-008,M-SOP-016,FR-016-HDPE-600,14936,M,315,0,2,11,13,Conforming,Approved,Approved,Approved - First Pass,2026-06-01 00:34:07.876,—,Carlos Mendes
LOTE-M-SOP-016-5286,WO-7052,2026-05-31,shift 2,ISBM-008,M-SOP-016,FR-016-HDPE-600,5700,L,200,0,2,4,6,Conforming,Approved,Approved,Approved - First Pass,2026-06-01 20:56:03.593,—,Carlos Mendes
LOTE-M-SOP-022-5287,WO-7054,2026-06-01,Shift 1,ISBM-008,M-SOP-022,FR-022-PP-PCR-1000,11267,M,315,0,3,6,9,Conforming,Approved,Approved,Approved - First Pass,2026-06-02 15:38:37.848,—,Carlos Mendes
LOTE-M-SOP-016-5288,WO-7055,2026-06-02,Shift 1,ISBM-008,M-SOP-016,FR-016-HDPE-600,4156,L,200,0,1,1,2,Conforming,Approved,Approved,Approved - First Pass,2026-06-03 01:30:39.767,—,Diogo Ferreira
LOTE-M-SOP-019-5289,WO-7057,2026-06-03,Shift 2,ISBM-008,M-SOP-019,FR-019-rPET-750,13893,M,315,0,4,12,16,Conforming,Approved,Approved,Approved - First Pass,2026-06-04 13:33:34.037,—,Carlos Mendes
LOTE-M-SOP-019-5290,WO-7058,2026-06-04,Shift 1,ISBM-008,M-SOP-019,FR-019-HDPE-600,4378,L,200,0,3,2,5,Conforming,Approved,Approved,Approved - First Pass,2026-06-04 18:51:34.128,—,Elena Santos
LOTE-M-SOP-019-5291,WO-7061,2026-06-06,Shift 3,ISBM-008,M-SOP-019,FR-019-rPET-750,18699,M,315,0,0,11,11,Conforming,Approved,Approved,Approved - First Pass,2026-06-07 01:30:06.736,—,Diogo Ferreira
LOTE-M-SOP-019-5292,WO-7064,2026-06-07,Shift 3,ISBM-008,M-SOP-019,FR-019-HDPE-750,23652,M,315,0,0,12,12,Conforming,Approved,Approved,Approved - First Pass,2026-06-08 10:30:27.532,—,Beatriz Costa
LOTE-M-SOP-022-5293,WO-7066,2026-06-09,SHIFT 1,ISBM-008,M-SOP-022,FR-022-PET-1000,7795,L,200,0,5,7,12,Conforming,Approved,Approved,Approved - First Pass,2026-06-10 05:25:32.805,—,Carlos Mendes
LOTE-M-SOP-019-5294,WO-7067,2026-06-10,Shift 3,ISBM-008,M-SOP-019,FR-019-HDPE-750,4606,L,200,1,1,3,5,Conforming,Rejected,Rejected,Rejected - Scrapped,2026-06-10 19:47:50.824,Leakage:1(Re=1),Ana Silva
LOTE-M-SOP-022-5295,WO-7070,2026-06-11,shift 2,ISBM-008,M-SOP-022,FR-022-rPET-1000,18885,M,315,0,5,9,14,Conforming,Approved,Approved,Approved - First Pass,2026-06-13 00:56:41.058,—,Ana Silva
LOTE-M-SOP-022-5296,WO-7071,2026-06-12,Shift 2,ISBM-008,M-SOP-022,FR-022-PETG-1000,6881,L,200,0,2,1,3,Conforming,Approved,Approved,Approved - First Pass,2026-06-14 01:33:26.549,—,Elena Santos
LOTE-M-SOP-016-5297,WO-7072,2026-06-13,shift 1,ISBM-008,M-SOP-016,FR-016-HDPE-600,8232,L,200,0,2,0,2,Conforming,Approved,Approved,Approved - First Pass,2026-06-14 14:46:58.335,—,Ana Silva
LOTE-M-SOP-016-5298,WO-7074,2026-06-14,Shift 2,ISBM-008,M-SOP-016,FR-016-HDPE-600,8168,L,200,0,2,15,17,Conforming,Approved,Approved,Approved - First Pass,2026-06-16 05:21:25.109,—,Diogo Ferreira
LOTE-M-SOP-016-5299,WO-7075,2026-06-15,  Shift 1  ,ISBM-008,M-SOP-016,FR-016-HDPE-600,7720,L,200,0,0,2,2,Conforming,Approved,Approved,Approved - First Pass,2026-06-16 09:08:05.280,—,Diogo Ferreira
LOTE-M-SOP-019-5300,WO-7078,2026-06-17,Shift 2,ISBM-008,M-SOP-019,FR-019-rPET-750,22836,M,315,0,4,13,17,Conforming,Approved,Approved,Approved - First Pass,2026-06-18 20:36:20.938,—,Diogo Ferreira
LOTE-M-SOP-019-5301,WO-7081,2026-06-19,Shift 2,ISBM-008,M-SOP-019,FR-019-HDPE-PCR-750,28143,M,315,0,3,14,17,Conforming,Approved,Approved,Approved - First Pass,2026-06-21 07:04:31.805,—,Elena Santos
LOTE-M-SOP-019-5302,WO-7082,2026-06-20,shift 1,ISBM-008,M-SOP-019,FR-019-MDPE-750,7129,L,200,0,2,1,3,Conforming,Approved,Approved,Approved - First Pass,2026-06-21 05:36:21.193,—,Carlos Mendes
LOTE-M-SOP-019-5303,WO-7083,2026-06-21,Shift 3,ISBM-008,M-SOP-019,FR-019-PET-750,7509,L,200,0,1,2,3,Conforming,Approved,Approved,Approved - First Pass,2026-06-21 19:03:39.909,—,Beatriz Costa
LOTE-M-SOP-019-5304,WO-7086,2026-06-22,shift 2,ISBM-008,M-SOP-019,FR-019-HDPE-600,21141,M,315,0,4,15,19,Conforming,Approved,Approved,Approved - First Pass,2026-06-24 06:31:44.157,—,Ana Silva
LOTE-M-SOP-019-5305,WO-7089,2026-06-25,  Shift 1  ,ISBM-008,M-SOP-019,FR-019-HDPE-750,29979,M,315,0,1,12,13,Conforming,Approved,Approved,Approved - First Pass,2026-06-26 08:56:35.243,—,Ana Silva
LOTE-M-SOP-019-5306,WO-7091,2026-06-26,Shift 2,ISBM-008,M-SOP-019,FR-019-HDPE-600,15196,M,315,0,1,17,18,Conforming,Approved,Approved,Approved - First Pass,2026-06-27 15:03:57.880,—,Beatriz Costa
LOTE-M-SOP-019-5307,WO-7092,2026-06-27,Shift 3,ISBM-008,M-SOP-019,FR-019-rPET-600,4832,L,200,0,2,2,4,Conforming,Approved,Approved,Approved - First Pass,2026-06-27 17:46:36.406,—,Ana Silva
LOTE-M-SOP-016-5308,WO-7093,2026-06-27,Shift 2,ISBM-008,M-SOP-016,FR-016-HDPE-600,7883,L,200,0,4,5,9,Conforming,Approved,Approved,Approved - First Pass,2026-06-28 15:50:44.883,—,Carlos Mendes
LOTE-M-SOP-022-5309,WO-7094,2026-06-28,Shift 1,ISBM-008,M-SOP-022,FR-022-PP-1000,184,L,200,0,0,8,8,Conforming,Approved,Approved,Approved - First Pass,2026-06-29 15:27:51.400,—,Diogo Ferreira
LOTE-M-SOP-022-5310,WO-7097,2026-06-30,Shift 1,ISBM-008,M-SOP-022,FR-022-PETG-1000,15092,M,315,0,3,5,8,Conforming,Approved,Approved,Approved - First Pass,2026-07-01 18:34:45.202,—,Carlos Mendes
LOTE-M-SOP-019-5311,WO-7098,2026-07-01,Shift 1,ISBM-008,M-SOP-019,FR-019-PET-600,5458,L,200,0,1,2,3,Conforming,Approved,Approved,Approved - First Pass,2026-07-02 10:50:29.400,—,Beatriz Costa
LOTE-M-SOP-016-5312,WO-7101,2026-07-03,Shift 2,ISBM-008,M-SOP-016,FR-016-HDPE-600,21472,M,315,0,1,11,12,Conforming,Approved,Approved,Approved - First Pass,2026-07-04 23:54:50.289,—,Diogo Ferreira
LOTE-M-SOP-019-5313,WO-7103,2026-07-05,Shift 1,ISBM-008,M-SOP-019,FR-019-rPET-600,11640,M,315,0,0,14,14,Conforming,Approved,Approved,Approved - First Pass,2026-07-05 22:11:26.569,—,Diogo Ferreira
LOTE-M-SOP-016-5314,WO-7104,2026-07-05,Shift 2,ISBM-008,M-SOP-016,FR-016-HDPE-600,5753,L,200,1,0,5,6,Conforming,Rejected,Rejected,Rejected - Scrapped,2026-07-07 03:51:11.546,Leakage:1(Re=1),Beatriz Costa
LOTE-M-SOP-016-5315,WO-7107,2026-07-07,Shift 3,ISBM-008,M-SOP-016,FR-016-HDPE-600,16810,M,315,0,5,15,20,Conforming,Approved,Approved,Approved - First Pass,2026-07-09 08:47:46.488,—,Elena Santos
LOTE-M-SOP-022-5316,WO-7109,2026-07-09,Shift 2,ISBM-008,M-SOP-022,FR-022-rPET-1000,7829,L,200,0,2,5,7,Conforming,Approved,Approved,Approved - First Pass,2026-07-11 00:09:53.744,—,Elena Santos
LOTE-M-SOP-022-5317,WO-7112,2026-07-11,Shift 2,ISBM-008,M-SOP-022,FR-022-rPET-1000,14742,M,315,1,3,10,14,Conforming,Rejected,Rejected,Rejected - Scrapped,2026-07-12 12:34:46.653,Leakage:1(Re=1),Ana Silva
LOTE-M-SOP-019-5318,WO-7115,2026-07-13,Shift 2,ISBM-008,M-SOP-019,FR-019-PET-750,23384,M,315,0,8,7,15,Conforming,Approved,Approved,Approved - First Pass,2026-07-15 05:26:24.949,—,Elena Santos
LOTE-M-SOP-022-5319,WO-7116,2026-07-14,shift 2,ISBM-008,M-SOP-022,FR-022-HDPE-1000,6646,L,200,0,1,4,5,Conforming,Approved,Approved,Approved - First Pass,2026-07-15 18:47:22.503,—,Beatriz Costa
LOTE-M-SOP-022-5320,WO-7117,2026-07-15,Shift 1,ISBM-008,M-SOP-022,FR-022-MDPE-1000,9062,L,200,0,0,3,3,Conforming,Approved,Approved,Approved - First Pass,2026-07-16 12:31:53.591,—,Beatriz Costa
LOTE-M-SOP-016-5321,WO-7119,2026-07-16,Shift 3,ISBM-008,M-SOP-016,FR-016-HDPE-600,16468,M,315,0,0,8,8,Conforming,Approved,Approved,Approved - First Pass,2026-07-18 11:30:49.246,—,Diogo Ferreira
LOTE-M-SOP-019-5322,WO-7120,2026-07-17,Shift 2,ISBM-008,M-SOP-019,FR-019-MDPE-750,4780,L,200,0,3,4,7,Conforming,Approved,Approved,Approved - First Pass,2026-07-18 16:04:43.652,—,Ana Silva
LOTE-M-SOP-019-5323,WO-7121,2026-07-18,Shift 3,ISBM-008,M-SOP-019,FR-019-PET-750,6013,L,200,0,0,3,3,Conforming,Approved,Approved,Approved - First Pass,2026-07-19 05:32:25.255,—,Diogo Ferreira
LOTE-M-SOP-022-5324,WO-7122,2026-07-18,Shift 2,ISBM-008,M-SOP-022,FR-022-HDPE-PCR-1000,2007,L,200,0,1,9,10,Conforming,Approved,Approved,Approved - First Pass,2026-07-20 01:00:11.015,—,Beatriz Costa
LOTE-M-SOP-019-5325,WO-7124,2026-07-19,Shift 2,ISBM-008,M-SOP-019,FR-019-PET-750,15096,M,315,0,3,2,5,Conforming,Approved,Approved,Approved - First Pass,2026-07-21 07:07:17.900,—,Beatriz Costa
LOTE-M-SOP-019-5326,WO-7125,2026-07-20,Shift 1,ISBM-008,M-SOP-019,FR-019-rPET-600,9203,L,200,0,1,0,1,Conforming,Approved,Approved,Approved - First Pass,2026-07-21 20:19:44.916,—,Ana Silva
LOTE-M-SOP-016-5327,WO-7127,2026-07-22,shift 3,ISBM-008,M-SOP-016,FR-016-HDPE-600,14918,M,315,0,5,8,13,Conforming,Approved,Approved,Approved - First Pass,2026-07-23 01:14:05.663,—,Elena Santos
LOTE-M-SOP-019-5328,WO-7128,2026-07-22,Shift 2,ISBM-008,M-SOP-019,FR-019-rPET-750,7849,L,200,0,1,4,5,Conforming,Approved,Approved,Approved - First Pass,2026-07-23 11:12:22.517,—,Elena Santos
LOTE-M-SOP-019-5329,WO-7129,2026-07-23,SHIFT 1,ISBM-008,M-SOP-019,FR-019-HDPE-750,5620,L,200,0,4,3,7,Conforming,Approved,Approved,Approved - First Pass,2026-07-24 11:14:17.976,—,Elena Santos
LOTE-M-SOP-016-5330,WO-7132,2026-07-25,Shift 3,ISBM-008,M-SOP-016,FR-016-HDPE-600,17239,M,315,0,0,11,11,Conforming,Approved,Approved,Approved - First Pass,2026-07-26 00:49:52.774,—,Beatriz Costa
LOTE-M-SOP-022-5331,WO-7134,2026-07-26,Shift 1,ISBM-008,M-SOP-022,FR-022-PP-1000,13857,M,315,0,1,4,5,Conforming,Approved,Approved,Approved - First Pass,2026-07-27 11:15:51.755,—,Elena Santos
LOTE-M-SOP-016-5332,WO-7136,2026-07-28,Shift 3,ISBM-008,M-SOP-016,FR-016-HDPE-600,11364,M,315,0,1,8,9,Conforming,Approved,Approved,Approved - First Pass,2026-07-29 07:05:55.051,—,Carlos Mendes
LOTE-M-SOP-022-5333,WO-7137,2026-07-28,Shift 1,ISBM-008,M-SOP-022,FR-022-MDPE-1000,5058,L,200,0,2,4,6,Conforming,Approved,Approved,Approved - First Pass,2026-07-29 11:57:31.216,—,Diogo Ferreira
LOTE-M-SOP-022-5334,WO-7138,2026-07-29,Shift 3,ISBM-008,M-SOP-022,FR-022-rPET-1000,3986,L,200,0,0,2,2,Conforming,Approved,Approved,Approved - First Pass,2026-07-29 23:42:11.292,—,Elena Santos
LOTE-M-SOP-016-5335,WO-7139,2026-07-29,Shift 2,ISBM-008,M-SOP-016,FR-016-HDPE-600,6305,L,200,0,1,1,2,Conforming,Approved,Approved,Approved - First Pass,2026-07-30 07:51:04.004,—,Diogo Ferreira
LOTE-M-SOP-022-5336,WO-7140,2026-07-30,Shift 3,ISBM-008,M-SOP-022,FR-022-PP-PCR-1000,5571,L,200,0,2,2,4,Conforming,Approved,Approved,Approved - First Pass,2026-07-31 08:19:20.166,—,Beatriz Costa
LOTE-M-SOP-019-5337,WO-7143,2026-08-01,shift 1,ISBM-008,M-SOP-019,FR-019-PVC-750,30115,M,315,0,13,14,27,Conforming,Approved,Approved,Approved - First Pass,2026-08-02 18:14:47.461,—,Elena Santos
LOTE-M-SOP-019-5338,WO-7145,2026-08-02,Shift 2,ISBM-008,M-SOP-019,FR-019-rPET-600,19399,M,315,0,5,4,9,Conforming,Approved,Approved,Approved - First Pass,2026-08-04 06:00:12.141,—,Beatriz Costa
LOTE-M-SOP-019-5339,WO-7146,2026-08-03,Shift 2,ISBM-008,M-SOP-019,FR-019-PVC-750,8833,L,200,0,4,0,4,Conforming,Approved,Approved,Approved - First Pass,2026-08-05 06:26:07.904,—,Elena Santos
LOTE-M-SOP-022-5340,WO-7148,2026-08-05,Shift 1,ISBM-008,M-SOP-022,FR-022-HDPE-PCR-1000,13298,M,315,0,4,3,7,Conforming,Approved,Approved,Approved - First Pass,2026-08-06 05:06:12.889,—,Elena Santos
LOTE-M-SOP-016-5341,WO-7149,2026-08-06,Shift 3,ISBM-008,M-SOP-016,FR-016-HDPE-600,8397,L,200,0,2,2,4,Conforming,Approved,Approved,Approved - First Pass,2026-08-07 01:49:58.587,—,Beatriz Costa
LOTE-M-SOP-022-5342,WO-7150,2026-08-06,Shift 2,ISBM-008,M-SOP-022,FR-022-HDPE-1000,4328,L,200,0,0,7,7,Conforming,Approved,Approved,Approved - First Pass,2026-08-07 22:03:16.532,—,Diogo Ferreira
LOTE-M-SOP-019-5343,WO-7151,2026-08-07,Shift 1,ISBM-008,M-SOP-019,FR-019-HDPE-PCR-750,6848,L,200,0,3,4,7,Conforming,Approved,Approved,Approved - First Pass,2026-08-08 15:52:07.943,—,Beatriz Costa
LOTE-M-SOP-022-5344,WO-7153,2026-08-08,Shift 1,ISBM-008,M-SOP-022,FR-022-rPET-1000,10967,M,315,0,2,14,16,Conforming,Approved,Approved,Approved - First Pass,2026-08-09 19:00:41.801,—,Ana Silva
LOTE-M-SOP-019-5345,WO-7155,2026-08-09,Shift 2,ISBM-008,M-SOP-019,FR-019-HDPE-PCR-750,7722,L,200,0,3,2,5,Conforming,Approved,Approved,Approved - First Pass,2026-08-11 05:58:17.759,—,Ana Silva
LOTE-M-SOP-022-5346,WO-7156,2026-08-10,Shift 1,ISBM-008,M-SOP-022,FR-022-rPET-1000,5477,L,200,0,1,3,4,Conforming,Approved,Approved,Approved - First Pass,2026-08-11 16:12:44.145,—,Elena Santos
LOTE-M-SOP-016-5347,WO-7157,2026-08-11,Shift 3,ISBM-008,M-SOP-016,FR-016-HDPE-600,3885,L,200,0,0,2,2,Conforming,Approved,Approved,Approved - First Pass,2026-08-12 04:12:28.539,—,Beatriz Costa
LOTE-M-SOP-022-5348,WO-7160,2026-08-13,Shift 2,ISBM-008,M-SOP-022,FR-022-PVC-1000,15915,M,315,0,8,19,27,Conforming,Approved,Approved,Approved - First Pass,2026-08-14 14:59:44.953,—,Elena Santos
LOTE-M-SOP-016-5349,WO-7163,2026-08-15,Shift 1,ISBM-008,M-SOP-016,FR-016-HDPE-600,23633,M,315,1,1,8,10,Conforming,Rejected,Rejected,Rejected - Scrapped,2026-08-16 17:33:47.839,Leakage:1(Re=1),Carlos Mendes
LOTE-M-SOP-016-5350,WO-7165,2026-08-16,Shift 2,ISBM-008,M-SOP-016,FR-016-HDPE-600,16434,M,315,0,3,9,12,Conforming,Approved,Approved,Approved - First Pass,2026-08-18 04:10:05.617,—,Beatriz Costa
LOTE-M-SOP-016-5351,WO-7167,2026-08-18,Shift 1,ISBM-008,M-SOP-016,FR-016-HDPE-600,15853,M,315,0,0,3,3,Conforming,Approved,Approved,Approved - First Pass,2026-08-20 01:12:21.760,—,Diogo Ferreira
LOTE-M-SOP-019-5352,WO-7169,2026-08-20,Shift 3,ISBM-008,M-SOP-019,FR-019-PP-750,17541,M,315,0,4,12,16,Conforming,Approved,Approved,Approved - First Pass,2026-08-21 09:58:29.547,—,Ana Silva
LOTE-M-SOP-016-5353,WO-7170,2026-08-20,Shift 3,ISBM-008,M-SOP-016,FR-016-HDPE-600,8065,L,200,0,0,6,6,Conforming,Approved,Approved,Approved - First Pass,2026-08-21 15:37:56.670,—,Diogo Ferreira
LOTE-M-SOP-019-5354,WO-7172,2026-08-22,  Shift 3  ,ISBM-008,M-SOP-019,FR-019-PET-600,15235,M,315,1,4,1,6,Conforming,Rejected,Rejected,Rejected - Scrapped,2026-08-23 11:29:32.947,Leakage:1(Re=1),Beatriz Costa
LOTE-M-SOP-016-5355,WO-7175,2026-08-24,Shift 1,ISBM-008,M-SOP-016,FR-016-HDPE-600,19382,M,315,0,3,5,8,Conforming,Approved,Approved,Approved - First Pass,2026-08-25 08:11:46.946,—,Carlos Mendes
LOTE-M-SOP-022-5356,WO-7177,2026-08-25,SHIFT 2,ISBM-008,M-SOP-022,FR-022-PET-1000,7828,L,200,0,1,4,5,Conforming,Approved,Approved,Approved - First Pass,2026-08-26 23:07:48.630,—,Carlos Mendes
LOTE-M-SOP-022-5357,WO-7180,2026-08-28,Shift 3,ISBM-008,M-SOP-022,FR-022-rPET-1000,21967,M,315,0,2,9,11,Conforming,Approved,Approved,Approved - First Pass,2026-08-29 02:24:56.023,—,Diogo Ferreira
LOTE-M-SOP-016-5358,WO-7182,2026-08-29,Shift 1,ISBM-008,M-SOP-016,FR-016-HDPE-600,11802,M,315,0,1,3,4,Conforming,Approved,Approved,Approved - First Pass,2026-08-30 13:16:39.644,—,Carlos Mendes
LOTE-M-SOP-022-5359,WO-7184,2026-08-30,Shift 2,ISBM-008,M-SOP-022,FR-022-rPET-1000,11318,M,315,0,0,7,7,Conforming,Approved,Approved,Approved - First Pass,2026-09-01 03:01:34.453,—,Carlos Mendes
LOTE-M-SOP-016-5360,WO-7185,2026-08-31,Shift 1,ISBM-008,M-SOP-016,FR-016-HDPE-600,6746,L,200,0,1,1,2,Conforming,Approved,Approved,Approved - First Pass,2026-09-01 20:37:13.209,—,Carlos Mendes
LOTE-M-SOP-016-5361,WO-7186,2026-09-01,Shift 3,ISBM-008,M-SOP-016,FR-016-HDPE-600,5908,L,200,0,1,5,6,Conforming,Approved,Approved,Approved - First Pass,2026-09-02 01:36:14.127,—,Diogo Ferreira
LOTE-M-SOP-022-5362,WO-7189,2026-09-03,Shift 1,ISBM-008,M-SOP-022,FR-022-HDPE-1000,14352,M,315,0,4,6,10,Conforming,Approved,Approved,Approved - First Pass,2026-09-04 15:00:06.196,—,Ana Silva
LOTE-M-SOP-022-5363,WO-7190,2026-09-03,shift 3,ISBM-008,M-SOP-022,FR-022-PP-PCR-1000,3293,L,200,0,1,3,4,Conforming,Approved,Approved,Approved - First Pass,2026-09-04 16:57:06.332,—,Beatriz Costa
LOTE-M-SOP-019-5364,WO-7193,2026-09-05,Shift 1,ISBM-008,M-SOP-019,FR-019-PET-750,16833,M,315,0,3,14,17,Conforming,Approved,Approved,Approved - First Pass,2026-09-06 13:08:42.677,—,Elena Santos
LOTE-M-SOP-016-5365,WO-7194,2026-09-06,Shift 3,ISBM-008,M-SOP-016,FR-016-HDPE-600,6684,L,200,0,2,2,4,Conforming,Approved,Approved,Approved - First Pass,2026-09-06 18:06:43.163,—,Carlos Mendes
LOTE-M-SOP-016-5366,WO-7196,2026-09-07,Shift 1,ISBM-008,M-SOP-016,FR-016-HDPE-600,11794,M,315,1,1,10,12,Conforming,Rejected,Rejected,Rejected - Scrapped,2026-09-08 06:07:24.399,Leakage:1(Re=1),Beatriz Costa
LOTE-M-SOP-022-5367,WO-7197,2026-09-07,Shift 3,ISBM-008,M-SOP-022,FR-022-PP-PCR-1000,5046,L,200,0,1,4,5,Conforming,Approved,Approved,Approved - First Pass,2026-09-08 14:19:07.438,—,Ana Silva
LOTE-M-SOP-016-5368,WO-7200,2026-09-10,shift 3,ISBM-008,M-SOP-016,FR-016-HDPE-600,21134,M,315,0,5,6,11,Conforming,Approved,Approved,Approved - First Pass,2026-09-11 03:54:13.110,—,Beatriz Costa
LOTE-M-SOP-022-5369,WO-7202,2026-09-11,Shift 1,ISBM-008,M-SOP-022,FR-022-PVC-1000,13439,M,315,1,1,12,14,Conforming,Rejected,Rejected,Rejected - Scrapped,2026-09-12 12:12:13.666,Leakage:1(Re=1),Elena Santos
LOTE-M-SOP-016-5370,WO-7204,2026-09-12,Shift 1,ISBM-008,M-SOP-016,FR-016-HDPE-600,9324,L,200,0,2,7,9,Conforming,Approved,Approved,Approved - First Pass,2026-09-13 05:09:51.743,—,Beatriz Costa
LOTE-M-SOP-016-5371,WO-7207,2026-09-14,Shift 1,ISBM-008,M-SOP-016,FR-016-HDPE-600,24839,M,315,0,6,6,12,Conforming,Approved,Approved,Approved - First Pass,2026-09-15 18:51:42.238,—,Beatriz Costa
LOTE-M-SOP-019-5372,WO-7208,2026-09-15,Shift 3,ISBM-008,M-SOP-019,FR-019-PP-750,8132,L,200,0,2,0,2,Conforming,Approved,Approved,Approved - First Pass,2026-09-15 20:05:24.703,—,Diogo Ferreira
LOTE-M-SOP-022-5373,WO-7209,2026-09-15,Shift 2,ISBM-008,M-SOP-022,FR-022-HDPE-PCR-1000,4497,L,200,1,0,3,4,Conforming,Rejected,Rejected,Rejected - Scrapped,2026-09-16 18:17:58.937,Leakage:1(Re=1),Elena Santos
LOTE-M-SOP-022-5374,WO-7210,2026-09-16,Shift 3,ISBM-008,M-SOP-022,FR-022-PETG-1000,5205,L,200,0,0,2,2,Conforming,Approved,Approved,Approved - First Pass,2026-09-16 23:58:19.007,—,Diogo Ferreira
LOTE-M-SOP-016-5375,WO-7211,2026-09-16,Shift 2,ISBM-008,M-SOP-016,FR-016-HDPE-600,10799,M,315,0,0,19,19,Conforming,Approved,Approved,Approved - First Pass,2026-09-18 12:00:14.425,—,Elena Santos
LOTE-M-SOP-019-5376,WO-7213,2026-09-18,Shift 1,ISBM-008,M-SOP-019,FR-019-PP-750,15820,M,315,0,9,4,13,Conforming,Approved,Approved,Approved - First Pass,2026-09-19 15:44:36.343,—,Elena Santos
LOTE-M-SOP-016-5377,WO-7214,2026-09-19,Shift 3,ISBM-008,M-SOP-016,FR-016-HDPE-600,6853,L,200,0,0,8,8,Conforming,Approved,Approved,Approved - First Pass,2026-09-20 10:03:19.313,—,Elena Santos
LOTE-M-SOP-019-5378,WO-7217,2026-09-21,Shift 1,ISBM-008,M-SOP-019,FR-019-PET-600,26209,M,315,0,4,15,19,Conforming,Approved,Approved,Approved - First Pass,2026-09-22 18:56:16.029,—,Ana Silva
LOTE-M-SOP-016-5379,WO-7220,2026-09-24,Shift 3,ISBM-008,M-SOP-016,FR-016-HDPE-600,20887,M,315,0,6,2,8,Conforming,Approved,Approved,Approved - First Pass,2026-09-25 04:08:33.755,—,Ana Silva
LOTE-M-SOP-022-5380,WO-7223,2026-09-26,shift 3,ISBM-008,M-SOP-022,FR-022-PVC-1000,16330,M,315,0,2,19,21,Conforming,Approved,Approved,Approved - First Pass,2026-09-27 02:00:07.037,—,Diogo Ferreira
LOTE-M-SOP-022-5381,WO-7225,2026-09-27,Shift 3,ISBM-008,M-SOP-022,FR-022-MDPE-1000,10363,M,315,0,6,12,18,Conforming,Approved,Approved,Approved - First Pass,2026-09-28 05:49:49.667,—,Carlos Mendes
LOTE-M-SOP-016-5382,WO-7226,2026-09-27,  Shift 2  ,ISBM-008,M-SOP-016,FR-016-HDPE-600,7793,L,200,0,0,3,3,Conforming,Approved,Approved,Approved - First Pass,2026-09-28 14:58:30.748,—,Ana Silva
LOTE-M-SOP-022-5383,WO-7227,2026-09-28,Shift 1,ISBM-008,M-SOP-022,FR-022-HDPE-PCR-1000,6668,L,200,0,2,5,7,Conforming,Approved,Approved,Approved - First Pass,2026-09-29 09:42:20.291,—,Ana Silva
LOTE-M-SOP-019-5384,WO-7230,2026-09-30,Shift 1,ISBM-008,M-SOP-019,FR-019-PP-750,18273,M,315,0,3,11,14,Conforming,Approved,Approved,Approved - First Pass,2026-10-01 03:30:55.737,—,Ana Silva
LOTE-M-SOP-019-5385,WO-7231,2026-10-01,Shift 3,ISBM-008,M-SOP-019,FR-019-PET-600,10158,M,315,0,0,7,7,Conforming,Approved,Approved,Approved - First Pass,2026-10-02 06:46:10.362,—,Ana Silva
LOTE-M-SOP-019-5386,WO-7232,2026-10-01,Shift 2,ISBM-008,M-SOP-019,FR-019-PET-750,8080,L,200,0,2,1,3,Conforming,Approved,Approved,Approved - First Pass,2026-10-02 20:57:26.946,—,Beatriz Costa
LOTE-M-SOP-019-5387,WO-7235,2026-10-04,Shift 1,ISBM-008,M-SOP-019,FR-019-MDPE-750,28756,M,315,0,4,10,14,Conforming,Approved,Approved,Approved - First Pass,2026-10-05 07:20:30.672,—,Diogo Ferreira
LOTE-M-SOP-016-5388,WO-7237,2026-10-05,Shift 2,ISBM-008,M-SOP-016,FR-016-HDPE-600,15610,M,315,0,0,13,13,Conforming,Approved,Approved,Approved - First Pass,2026-10-06 16:24:53.080,—,Ana Silva
LOTE-M-SOP-019-5389,WO-7240,2026-10-07,Shift 1,ISBM-008,M-SOP-019,FR-019-PET-750,17734,M,315,0,7,19,26,Conforming,Approved,Approved,Approved - First Pass,2026-10-08 22:42:25.115,—,Beatriz Costa
LOTE-M-SOP-022-5390,WO-7241,2026-10-08,Shift 3,ISBM-008,M-SOP-022,FR-022-PP-1000,6077,L,200,0,1,0,1,Conforming,Approved,Approved,Approved - First Pass,2026-10-09 14:09:44.990,—,Ana Silva
LOTE-M-SOP-022-5391,WO-7242,2026-10-08,Shift 2,ISBM-008,M-SOP-022,FR-022-PP-1000,3109,L,200,0,4,3,7,Conforming,Approved,Approved,Approved - First Pass,2026-10-10 06:09:19.158,—,Beatriz Costa
LOTE-M-SOP-019-5392,WO-7243,2026-10-09,Shift 2,ISBM-008,M-SOP-019,FR-019-HDPE-750,8220,L,200,0,0,0,0,Conforming,Approved,Approved,Approved - First Pass,2026-10-11 07:08:39.087,—,Diogo Ferreira
LOTE-M-SOP-016-5393,WO-7245,2026-10-11,Shift 1,ISBM-008,M-SOP-016,FR-016-HDPE-600,11265,M,315,0,3,7,10,Conforming,Approved,Approved,Approved - First Pass,2026-10-12 03:40:46.184,—,Carlos Mendes
LOTE-M-SOP-019-5394,WO-7247,2026-10-12,Shift 1,ISBM-008,M-SOP-019,FR-019-rPET-600,8888,L,200,0,3,12,15,Conforming,Approved,Approved,Approved - First Pass,2026-10-12 22:18:47.407,—,Ana Silva
LOTE-M-SOP-019-5395,WO-7248,2026-10-12,Shift 2,ISBM-008,M-SOP-019,FR-019-PP-750,9203,L,200,0,0,7,7,Conforming,Approved,Approved,Approved - First Pass,2026-10-14 05:25:36.158,—,Diogo Ferreira
LOTE-M-SOP-022-5396,WO-7249,2026-10-13,SHIFT 2,ISBM-008,M-SOP-022,FR-022-rPET-1000,4948,L,200,0,2,6,8,Conforming,Approved,Approved,Approved - First Pass,2026-10-14 07:51:34.609,—,Elena Santos
LOTE-M-SOP-019-5397,WO-7250,2026-10-14,Shift 1,ISBM-008,M-SOP-019,FR-019-HDPE-600,4848,L,200,0,2,4,6,Conforming,Approved,Approved,Approved - First Pass,2026-10-15 04:02:56.623,—,Diogo Ferreira
LOTE-M-SOP-022-5398,WO-7251,2026-10-14,Shift 2,ISBM-008,M-SOP-022,FR-022-HDPE-PCR-1000,4506,L,200,0,1,5,6,Conforming,Approved,Approved,Approved - First Pass,2026-10-16 01:54:14.670,—,Diogo Ferreira
LOTE-M-SOP-016-5399,WO-7253,2026-10-16,Shift 1,ISBM-008,M-SOP-016,FR-016-HDPE-600,19160,M,315,0,2,4,6,Conforming,Approved,Approved,Approved - First Pass,2026-10-17 06:51:23.106,—,Carlos Mendes
LOTE-M-SOP-016-5400,WO-7254,2026-10-17,Shift 3,ISBM-008,M-SOP-016,FR-016-HDPE-600,4368,L,200,0,2,4,6,Conforming,Approved,Approved,Approved - First Pass,2026-10-18 04:33:35.494,—,Carlos Mendes
LOTE-M-SOP-019-5401,WO-7256,2026-10-18,Shift 2,ISBM-008,M-SOP-019,FR-019-HDPE-600,15933,M,315,0,3,8,11,Conforming,Approved,Approved,Approved - First Pass,2026-10-19 22:21:08.738,—,Beatriz Costa
LOTE-M-SOP-016-5402,WO-7258,2026-10-19,Shift 2,ISBM-008,M-SOP-016,FR-016-HDPE-600,14984,M,315,0,0,12,12,Conforming,Approved,Approved,Approved - First Pass,2026-10-20 22:17:03.724,—,Elena Santos
LOTE-M-SOP-022-5403,WO-7260,2026-10-20,Shift 2,ISBM-008,M-SOP-022,FR-022-PP-PCR-1000,11896,M,315,1,0,7,8,Conforming,Rejected,Rejected,Rejected - Scrapped,2026-10-22 13:06:01.321,Leakage:1(Re=1),Ana Silva
LOTE-M-SOP-022-5404,WO-7262,2026-10-22,Shift 1,ISBM-008,M-SOP-022,FR-022-PP-1000,12477,M,315,0,6,11,17,Conforming,Approved,Approved,Approved - First Pass,2026-10-23 16:59:38.089,—,Carlos Mendes
LOTE-M-SOP-022-5405,WO-7263,2026-10-23,Shift 1,ISBM-008,M-SOP-022,FR-022-rPET-1000,6791,L,200,0,0,3,3,Conforming,Approved,Approved,Approved - First Pass,2026-10-24 08:05:42.888,—,Elena Santos
LOTE-M-SOP-016-5406,WO-7264,2026-10-24,Shift 3,ISBM-008,M-SOP-016,FR-016-HDPE-600,4315,L,200,0,1,1,2,Conforming,Approved,Approved,Approved - First Pass,2026-10-24 22:24:19.076,—,Diogo Ferreira
LOTE-M-SOP-022-5407,WO-7265,2026-10-24,Shift 2,ISBM-008,M-SOP-022,FR-022-PP-1000,5511,L,200,0,0,6,6,Conforming,Approved,Approved,Approved - First Pass,2026-10-26 00:27:15.450,—,Beatriz Costa
LOTE-M-SOP-016-5408,WO-7268,2026-10-27,Shift 3,ISBM-008,M-SOP-016,FR-016-HDPE-600,25685,M,315,0,6,18,24,Conforming,Approved,Approved,Approved - First Pass,2026-10-27 20:02:17.963,—,Elena Santos
LOTE-M-SOP-016-5409,WO-7270,2026-10-28,Shift 2,ISBM-008,M-SOP-016,FR-016-HDPE-600,12898,M,315,0,5,16,21,Conforming,Approved,Approved,Approved - First Pass,2026-10-29 14:09:11.585,—,Diogo Ferreira
LOTE-M-SOP-016-5410,WO-7272,2026-10-30,  Shift 3  ,ISBM-008,M-SOP-016,FR-016-HDPE-600,12551,M,315,0,0,8,8,Conforming,Approved,Approved,Approved - First Pass,2026-10-31 08:02:28.994,—,Carlos Mendes
LOTE-M-SOP-019-5411,WO-7273,2026-10-30,Shift 2,ISBM-008,M-SOP-019,FR-019-rPET-750,2672,L,200,0,3,3,6,Conforming,Approved,Approved,Approved - First Pass,2026-11-01 05:04:57.822,—,Carlos Mendes
LOTE-M-SOP-019-5412,WO-7274,2026-10-31,Shift 2,ISBM-008,M-SOP-019,FR-019-PET-750,7556,L,200,0,1,3,4,Conforming,Approved,Approved,Approved - First Pass,2026-11-01 15:09:23.518,—,Ana Silva
LOTE-M-SOP-016-5413,WO-7275,2026-11-01,Shift 1,ISBM-008,M-SOP-016,FR-016-HDPE-600,7701,L,200,0,1,0,1,Conforming,Approved,Approved,Approved - First Pass,2026-11-02 06:31:32.776,—,Beatriz Costa
LOTE-M-SOP-016-5414,WO-7276,2026-11-02,shift 3,ISBM-008,M-SOP-016,FR-016-HDPE-600,9399,L,200,0,1,2,3,Conforming,Approved,Approved,Approved - First Pass,2026-11-03 15:31:05.551,—,Ana Silva
LOTE-M-SOP-019-5415,WO-7277,2026-11-03,Shift 3,ISBM-008,M-SOP-019,FR-019-rPET-750,10767,M,315,0,4,3,7,Conforming,Approved,Approved,Approved - First Pass,2026-11-04 08:10:57.163,—,Diogo Ferreira
LOTE-M-SOP-019-5416,WO-7278,2026-11-03,Shift 2,ISBM-008,M-SOP-019,FR-019-HDPE-PCR-750,7706,L,200,0,0,1,1,Conforming,Approved,Approved,Approved - First Pass,2026-11-04 18:15:32.350,—,Diogo Ferreira
LOTE-M-SOP-016-5417,WO-7280,2026-11-05,Shift 1,ISBM-008,M-SOP-016,FR-016-HDPE-600,17430,M,315,0,2,7,9,Conforming,Approved,Approved,Approved - First Pass,2026-11-06 15:43:04.002,—,Diogo Ferreira
LOTE-M-SOP-022-5418,WO-7283,2026-11-07,Shift 2,ISBM-008,M-SOP-022,FR-022-rPET-1000,20222,M,315,0,6,9,15,Conforming,Approved,Approved,Approved - First Pass,2026-11-08 19:17:18.609,—,Diogo Ferreira
LOTE-M-SOP-016-5419,WO-7285,2026-11-09,Shift 1,ISBM-008,M-SOP-016,FR-016-HDPE-600,15484,M,315,0,3,12,15,Conforming,Approved,Approved,Approved - First Pass,2026-11-10 10:27:06.746,—,Beatriz Costa
LOTE-M-SOP-019-5420,WO-7288,2026-11-11,Shift 1,ISBM-008,M-SOP-019,FR-019-PET-750,17202,M,315,0,3,9,12,Conforming,Approved,Approved,Approved - First Pass,2026-11-12 07:23:24.621,—,Diogo Ferreira
LOTE-M-SOP-019-5421,WO-7289,2026-11-12,Shift 1,ISBM-008,M-SOP-019,FR-019-HDPE-600,3131,L,200,0,0,4,4,Conforming,Approved,Approved,Approved - First Pass,2026-11-12 20:42:26.969,—,Elena Santos
LOTE-M-SOP-019-5422,WO-7292,2026-11-13,Shift 3,ISBM-008,M-SOP-019,FR-019-PET-600,21443,M,315,0,8,6,14,Conforming,Approved,Approved,Approved - First Pass,2026-11-15 02:04:40.616,—,Carlos Mendes
LOTE-M-SOP-019-5423,WO-7293,2026-11-14,Shift 1,ISBM-008,M-SOP-019,FR-019-MDPE-750,7450,L,200,0,0,3,3,Conforming,Approved,Approved,Approved - First Pass,2026-11-15 10:33:34.285,—,Elena Santos
LOTE-M-SOP-019-5424,WO-7295,2026-11-15,Shift 1,ISBM-008,M-SOP-019,FR-019-rPET-750,12361,M,315,0,2,4,6,Conforming,Approved,Approved,Approved - First Pass,2026-11-16 18:00:35.642,—,Ana Silva
LOTE-M-SOP-019-5425,WO-7296,2026-11-16,shift 3,ISBM-008,M-SOP-019,FR-019-MDPE-750,7106,L,200,0,2,0,2,Conforming,Approved,Approved,Approved - First Pass,2026-11-17 01:00:01.304,—,Diogo Ferreira
LOTE-M-SOP-016-5426,WO-7298,2026-11-17,Shift 1,ISBM-008,M-SOP-016,FR-016-HDPE-600,12342,M,315,0,3,3,6,Conforming,Approved,Approved,Approved - First Pass,2026-11-18 01:49:40.716,—,Diogo Ferreira
LOTE-M-SOP-022-5427,WO-7299,2026-11-17,Shift 3,ISBM-008,M-SOP-022,FR-022-PETG-1000,3256,L,200,0,1,6,7,Conforming,Approved,Approved,Approved - First Pass,2026-11-18 23:42:18.380,—,Diogo Ferreira
LOTE-M-SOP-016-5428,WO-7300,2026-11-18,SHIFT 1,ISBM-008,M-SOP-016,FR-016-HDPE-600,8783,L,200,0,0,5,5,Conforming,Approved,Approved,Approved - First Pass,2026-11-19 06:11:58.861,—,Ana Silva
LOTE-M-SOP-019-5429,WO-7301,2026-11-19,Shift 1,ISBM-008,M-SOP-019,FR-019-HDPE-750,9889,L,200,0,1,6,7,Conforming,Approved,Approved,Approved - First Pass,2026-11-20 05:21:50.974,—,Beatriz Costa
LOTE-M-SOP-016-5430,WO-7303,2026-11-21,Shift 3,ISBM-008,M-SOP-016,FR-016-HDPE-600,18541,M,315,0,0,8,8,Conforming,Approved,Approved,Approved - First Pass,2026-11-22 12:57:58.480,—,Diogo Ferreira
LOTE-M-SOP-022-5431,WO-7304,2026-11-21,Shift 3,ISBM-008,M-SOP-022,FR-022-PVC-1000,5716,L,200,0,1,9,10,Conforming,Approved,Approved,Approved - First Pass,2026-11-23 11:43:07.571,—,Carlos Mendes
LOTE-M-SOP-016-5432,WO-7305,2026-11-22,Shift 2,ISBM-008,M-SOP-016,FR-016-HDPE-600,5784,L,200,0,2,4,6,Conforming,Approved,Approved,Approved - First Pass,2026-11-23 23:42:43.725,—,Diogo Ferreira
LOTE-M-SOP-019-5433,WO-7306,2026-11-23,Shift 1,ISBM-008,M-SOP-019,FR-019-rPET-600,8332,L,200,0,3,0,3,Conforming,Approved,Approved,Approved - First Pass,2026-11-24 06:34:29.363,—,Ana Silva
LOTE-M-SOP-022-5434,WO-7307,2026-11-24,Shift 3,ISBM-008,M-SOP-022,FR-022-PP-PCR-1000,5236,L,200,0,2,5,7,Conforming,Approved,Approved,Approved - First Pass,2026-11-25 03:17:27.681,—,Carlos Mendes
LOTE-M-SOP-019-5435,WO-7308,2026-11-24,SHIFT 3,ISBM-008,M-SOP-019,FR-019-PETG-750,8291,L,200,0,3,3,6,Conforming,Approved,Approved,Approved - First Pass,2026-11-25 22:50:51.823,—,Carlos Mendes
LOTE-M-SOP-019-5436,WO-7310,2026-11-26,Shift 3,ISBM-008,M-SOP-019,FR-019-rPET-600,17216,M,315,0,1,4,5,Conforming,Approved,Approved,Approved - First Pass,2026-11-27 12:02:34.826,—,Elena Santos
LOTE-M-SOP-016-5437,WO-7312,2026-11-27,Shift 3,ISBM-008,M-SOP-016,FR-016-HDPE-600,20264,M,315,0,1,11,12,Conforming,Approved,Approved,Approved - First Pass,2026-11-28 23:26:52.790,—,Ana Silva
LOTE-M-SOP-016-5438,WO-7313,2026-11-28,Shift 2,ISBM-008,M-SOP-016,FR-016-HDPE-600,11274,M,315,0,3,5,8,Conforming,Approved,Approved,Approved - First Pass,2026-11-30 01:10:20.988,—,Carlos Mendes
LOTE-M-SOP-016-5439,WO-7315,2026-11-30,Shift 1,ISBM-008,M-SOP-016,FR-016-HDPE-600,18386,M,315,0,1,13,14,Conforming,Approved,Approved,Approved - First Pass,2026-12-01 04:06:16.864,—,Beatriz Costa
LOTE-M-SOP-022-5440,WO-7316,2026-12-01,Shift 3,ISBM-008,M-SOP-022,FR-022-HDPE-1000,9733,L,200,0,2,5,7,Conforming,Approved,Approved,Approved - First Pass,2026-12-02 00:42:03.310,—,Elena Santos
LOTE-M-SOP-016-5441,WO-7317,2026-12-02,Shift 3,ISBM-008,M-SOP-016,FR-016-HDPE-600,7037,L,200,0,4,0,4,Conforming,Approved,Approved,Approved - First Pass,2026-12-02 16:21:17.192,—,Beatriz Costa
LOTE-M-SOP-022-5442,WO-7320,2026-12-03,Shift 2,ISBM-008,M-SOP-022,FR-022-PVC-1000,15151,M,315,1,7,16,24,Conforming,Rejected,Rejected,Rejected - Scrapped,2026-12-05 05:53:55.361,Leakage:1(Re=1),Beatriz Costa
LOTE-M-SOP-016-5443,WO-7323,2026-12-06,Shift 3,ISBM-008,M-SOP-016,FR-016-HDPE-600,20673,M,315,0,4,9,13,Conforming,Approved,Approved,Approved - First Pass,2026-12-07 06:11:32.869,—,Ana Silva
LOTE-M-SOP-019-5444,WO-7324,2026-12-07,Shift 3,ISBM-008,M-SOP-019,FR-019-PET-600,7882,L,200,0,0,6,6,Conforming,Approved,Approved,Approved - First Pass,2026-12-07 18:16:48.715,—,Diogo Ferreira
LOTE-M-SOP-022-5445,WO-7327,2026-12-08,Shift 2,ISBM-008,M-SOP-022,FR-022-rPET-1000,13975,M,315,0,8,10,18,Conforming,Approved,Approved,Approved - First Pass,2026-12-10 08:01:17.110,—,Carlos Mendes
LOTE-M-SOP-016-5446,WO-7329,2026-12-10,Shift 2,ISBM-008,M-SOP-016,FR-016-HDPE-600,13035,M,315,0,2,14,16,Conforming,Approved,Approved,Approved - First Pass,2026-12-12 03:47:37.672,—,Carlos Mendes
LOTE-M-SOP-016-5447,WO-7330,2026-12-11,Shift 2,ISBM-008,M-SOP-016,FR-016-HDPE-600,6444,L,200,0,0,6,6,Conforming,Approved,Approved,Approved - First Pass,2026-12-13 02:29:31.666,—,Beatriz Costa
LOTE-M-SOP-022-5448,WO-7331,2026-12-12,Shift 1,ISBM-008,M-SOP-022,FR-022-HDPE-1000,5374,L,200,0,2,0,2,Conforming,Approved,Approved,Approved - First Pass,2026-12-13 08:55:47.165,—,Ana Silva
LOTE-M-SOP-016-5449,WO-7332,2026-12-13,Shift 1,ISBM-008,M-SOP-016,FR-016-HDPE-600,6476,L,200,0,0,2,2,Conforming,Approved,Approved,Approved - First Pass,2026-12-14 07:13:24.456,—,Carlos Mendes
LOTE-M-SOP-022-5450,WO-7334,2026-12-14,Shift 2,ISBM-008,M-SOP-022,FR-022-PETG-1000,10154,M,315,0,2,7,9,Conforming,Approved,Approved,Approved - First Pass,2026-12-15 23:06:33.836,—,Carlos Mendes
LOTE-M-SOP-019-5451,WO-7335,2026-12-15,Shift 1,ISBM-008,M-SOP-019,FR-019-rPET-600,8050,L,200,0,0,0,0,Conforming,Approved,Approved,Approved - First Pass,2026-12-16 02:35:27.688,—,Elena Santos
LOTE-M-SOP-022-5452,WO-7337,2026-12-16,  Shift 1  ,ISBM-008,M-SOP-022,FR-022-MDPE-1000,9680,L,200,0,0,4,4,Conforming,Approved,Approved,Approved - First Pass,2026-12-17 05:15:38.503,—,Diogo Ferreira
LOTE-M-SOP-022-5453,WO-7340,2026-12-17,Shift 3,ISBM-008,M-SOP-022,FR-022-PETG-1000,13243,M,315,0,3,11,14,Conforming,Approved,Approved,Approved - First Pass,2026-12-19 06:47:23.296,—,Elena Santos
LOTE-M-SOP-016-5454,WO-7341,2026-12-18,Shift 2,ISBM-008,M-SOP-016,FR-016-HDPE-600,8431,L,200,0,2,1,3,Conforming,Approved,Approved,Approved - First Pass,2026-12-20 01:52:46.050,—,Elena Santos
LOTE-M-SOP-022-5455,WO-7343,2026-12-19,Shift 3,ISBM-008,M-SOP-022,FR-022-PETG-1000,9511,L,200,0,1,4,5,Conforming,Approved,Approved,Approved - First Pass,2026-12-20 19:15:09.626,—,Carlos Mendes
LOTE-M-SOP-019-5456,WO-7344,2026-12-20,Shift 2,ISBM-008,M-SOP-019,FR-019-PP-750,4685,L,200,0,3,0,3,Conforming,Approved,Approved,Approved - First Pass,2026-12-21 12:46:53.023,—,Diogo Ferreira
LOTE-M-SOP-019-5457,WO-7346,2026-12-21,Shift 2,ISBM-008,M-SOP-019,FR-019-PET-750,12991,M,315,0,6,10,16,Conforming,Approved,Approved,Approved - First Pass,2026-12-22 21:39:15.815,—,Beatriz Costa
LOTE-M-SOP-019-5458,WO-7348,2026-12-23,Shift 1,ISBM-008,M-SOP-019,FR-019-HDPE-600,16417,M,315,0,0,8,8,Conforming,Approved,Approved,Approved - First Pass,2026-12-24 06:09:25.905,—,Ana Silva
LOTE-M-SOP-016-5459,WO-7349,2026-12-23,Shift 2,ISBM-008,M-SOP-016,FR-016-HDPE-600,6559,L,200,0,0,0,0,Conforming,Approved,Approved,Approved - First Pass,2026-12-24 13:23:18.069,—,Ana Silva
LOTE-M-SOP-019-5460,WO-7352,2026-12-25,Shift 2,ISBM-008,M-SOP-019,FR-019-HDPE-PCR-750,27605,M,315,0,2,7,9,Conforming,Approved,Approved,Approved - First Pass,2026-12-26 15:15:22.663,—,Carlos Mendes
LOTE-M-SOP-019-5461,WO-7354,2026-12-27,Shift 3,ISBM-008,M-SOP-019,FR-019-HDPE-750,13545,M,315,0,3,3,6,Conforming,Approved,Approved,Approved - First Pass,2026-12-28 02:40:10.199,—,Carlos Mendes
LOTE-M-SOP-022-5462,WO-7356,2026-12-28,Shift 3,ISBM-008,M-SOP-022,FR-022-PP-PCR-1000,8291,L,200,0,1,6,7,Conforming,Approved,Approved,Approved - First Pass,2026-12-29 08:34:22.051,—,Ana Silva
LOTE-M-SOP-016-5463,WO-7359,2026-12-30,Shift 3,ISBM-008,M-SOP-016,FR-016-HDPE-600,27275,M,315,0,0,10,10,Conforming,Approved,Approved,Approved - First Pass,2026-12-31 12:11:16.326,—,Elena Santos
LOTE-M-SOP-016-5464,WO-7360,2026-12-30,Shift 2,ISBM-008,M-SOP-016,FR-016-HDPE-600,9955,L,200,0,2,2,4,Conforming,Approved,Approved,Approved - First Pass,2027-01-01 07:05:06.621,—,Carlos Mendes
LOTE-M-SOP-021-7784,WO-16087,2025-07-03,Shift 3,ISBM-003,M-SOP-021,FR-021-rPET-750,5546,L,200,0,1,3,4,Conforming,Approved,Approved,Approved - First Pass,2025-07-04 05:34:04.256,—,Ana Silva
LOTE-M-SOP-020-7785,WO-16088,2026-02-03,Shift 1,ISBM-007,M-SOP-020,FR-020-HDPE-750,9383,L,200,0,0,0,0,Conforming,Approved,Approved,Approved - First Pass,2026-02-04 15:39:34.306,—,Diogo Ferreira
LOTE-M-SOP-007-7786,WO-16089,2025-12-29,Shift 2,ISBM-001,M-SOP-007,FR-007-PVC-350,19480,M,315,0,0,1,1,Conforming,Approved,Approved,Approved - First Pass,2025-12-31 07:53:09.495,—,Diogo Ferreira
LOTE-M-SOP-032-3000,WO-16354,2026-07-07,Shift 3,ISBM-010,M-SOP-032,FP-032-PP-PG-100,9817,L,200,0,6,4,10,Conforming,Approved,Approved,Approved - First Pass,2026-07-08 06:50:39.347,—,Beatriz Costa
LOTE-M-SOP-032-3001,WO-16355,2026-07-07,Shift 2,ISBM-010,M-SOP-032,FP-032-PET-PG-100,1900,L,200,0,3,0,3,Conforming,Approved,Approved,Approved - First Pass,2026-07-09 01:58:53.219,—,Elena Santos
LOTE-M-SOP-033-3000,WO-16357,2026-07-09,shift 3,ISBM-010,M-SOP-033,FP-033-PP-PG-250,1787,L,200,0,10,9,19,Conforming,Approved,Approved,Approved - First Pass,2026-07-10 12:23:14.454,—,Beatriz Costa
LOTE-M-SOP-033-3001,WO-16358,2026-07-10,Shift 3,ISBM-010,M-SOP-033,FP-033-PET-PG-250,3485,L,200,0,0,0,0,Conforming,Approved,Approved,Approved - First Pass,2026-07-11 11:35:11.832,—,Ana Silva
LOTE-M-SOP-032-3002,WO-16361,2026-07-12,Shift 2,ISBM-010,M-SOP-032,FP-032-PP-PG-100,6462,L,200,0,6,16,22,Conforming,Approved,Approved,Approved - First Pass,2026-07-13 12:28:18.730,—,Elena Santos
LOTE-M-SOP-032-3003,WO-16362,2026-07-13,Shift 3,ISBM-010,M-SOP-032,FP-032-PET-PG-100,4997,L,200,0,0,2,2,Conforming,Approved,Approved,Approved - First Pass,2026-07-14 08:37:10.984,—,Elena Santos
LOTE-M-SOP-033-3002,WO-16363,2026-07-13,Shift 2,ISBM-010,M-SOP-033,FP-033-PP-PG-250,3287,L,200,0,0,4,4,Conforming,Approved,Approved,Approved - First Pass,2026-07-15 01:30:18.777,—,Diogo Ferreira
LOTE-M-SOP-033-3003,WO-16367,2026-07-15,Shift 3,ISBM-010,M-SOP-033,FP-033-PET-PG-250,2420,L,200,0,6,6,12,Conforming,Approved,Approved,Approved - First Pass,2026-07-15 23:59:05.843,—,Diogo Ferreira
LOTE-M-SOP-032-3004,WO-16370,2026-07-17,Shift 3,ISBM-010,M-SOP-032,FP-032-PP-PG-100,2926,L,200,0,6,14,20,Conforming,Approved,Approved,Approved - First Pass,2026-07-18 03:50:50.140,—,Beatriz Costa
LOTE-M-SOP-032-3005,WO-16369,2026-07-17,Shift 1,ISBM-010,M-SOP-032,FP-032-PET-PG-100,2112,L,200,0,0,6,6,Conforming,Approved,Approved,Approved - First Pass,2026-07-18 11:04:25.600,—,Diogo Ferreira
LOTE-M-SOP-033-3004,WO-16373,2026-07-19,Shift 2,ISBM-010,M-SOP-033,FP-033-PP-PG-250,3512,L,200,0,3,27,30,Conforming,Approved,Approved,Approved - First Pass,2026-07-20 16:42:55.265,—,Elena Santos
LOTE-M-SOP-033-3005,WO-16374,2026-07-20,shift 3,ISBM-010,M-SOP-033,FP-033-PET-PG-250,2822,L,200,0,1,9,10,Conforming,Approved,Approved,Approved - First Pass,2026-07-21 02:14:24.236,—,Ana Silva
LOTE-M-SOP-032-3006,WO-16375,2026-07-21,Shift 3,ISBM-010,M-SOP-032,FP-032-PP-PG-100,7189,L,200,0,0,7,7,Conforming,Approved,Approved,Approved - First Pass,2026-07-21 23:52:26.546,—,Beatriz Costa
LOTE-M-SOP-032-3007,WO-16376,2026-07-21,Shift 3,ISBM-010,M-SOP-032,FP-032-PET-PG-100,779,L,200,0,1,0,1,Conforming,Approved,Approved,Approved - First Pass,2026-07-22 12:52:52.631,—,Elena Santos
LOTE-M-SOP-033-3006,WO-16378,2026-07-23,Shift 3,ISBM-010,M-SOP-033,FP-033-PP-PG-250,14642,M,315,0,0,3,3,Conforming,Approved,Approved,Approved - First Pass,2026-07-24 08:32:55.055,—,Carlos Mendes
LOTE-M-SOP-033-3007,WO-16381,2026-07-25,Shift 1,ISBM-010,M-SOP-033,FP-033-PET-PG-250,20018,M,315,0,5,6,11,Conforming,Approved,Approved,Approved - First Pass,2026-07-25 21:58:57.122,—,Diogo Ferreira
LOTE-M-SOP-032-3008,WO-16384,2026-07-27,Shift 1,ISBM-010,M-SOP-032,FP-032-PP-PG-100,23343,M,315,0,3,15,18,Conforming,Approved,Approved,Approved - First Pass,2026-07-28 06:51:23.990,—,Elena Santos
LOTE-M-SOP-032-3009,WO-16387,2026-07-29,Shift 3,ISBM-010,M-SOP-032,FP-032-PET-PG-100,15617,M,315,0,2,12,14,Conforming,Approved,Approved,Approved - First Pass,2026-07-30 05:13:18.841,—,Beatriz Costa
LOTE-M-SOP-033-3008,WO-16389,2026-07-30,Shift 1,ISBM-010,M-SOP-033,FP-033-PP-PG-250,9854,L,200,0,3,3,6,Conforming,Approved,Approved,Approved - First Pass,2026-07-31 08:46:00.056,—,Beatriz Costa
LOTE-M-SOP-033-3009,WO-16392,2026-08-01,Shift 1,ISBM-010,M-SOP-033,FP-033-PET-PG-250,16291,M,315,1,5,12,18,Conforming,Rejected,Rejected,Rejected - Segregated,2026-08-02 15:21:35.051,Leakage:1(Re=1),Carlos Mendes
LOTE-M-SOP-032-3010,WO-16394,2026-08-02,Shift 2,ISBM-010,M-SOP-032,FP-032-PP-PG-100,12956,M,315,0,1,4,5,Conforming,Approved,Approved,Approved - First Pass,2026-08-04 07:12:25.857,—,Diogo Ferreira
LOTE-M-SOP-032-3011,WO-16396,2026-08-04,Shift 1,ISBM-010,M-SOP-032,FP-032-PET-PG-100,13008,M,315,0,2,7,9,Conforming,Approved,Approved,Approved - First Pass,2026-08-05 07:33:58.214,—,Diogo Ferreira
LOTE-M-SOP-033-3011,WO-16398,2026-08-05,Shift 3,ISBM-010,M-SOP-033,FP-033-PET-PG-250,8252,L,200,0,1,8,9,Conforming,Approved,Approved,Approved - First Pass,2026-08-05 19:36:04.464,—,Beatriz Costa
LOTE-M-SOP-033-3010,WO-16399,2026-08-06,Shift 1,ISBM-010,M-SOP-033,FP-033-PP-PG-250,13626,M,315,0,2,5,7,Conforming,Approved,Approved,Approved - First Pass,2026-08-07 11:29:23.207,—,Elena Santos
LOTE-M-SOP-032-3012,WO-16402,2026-08-08,SHIFT 3,ISBM-010,M-SOP-032,FP-032-PP-PG-100,8586,L,200,0,2,8,10,Conforming,Approved,Approved,Approved - First Pass,2026-08-09 19:22:45.247,—,Diogo Ferreira
LOTE-M-SOP-032-3013,WO-16405,2026-08-10,Shift 1,ISBM-010,M-SOP-032,FP-032-PET-PG-100,24004,M,315,0,5,5,10,Conforming,Approved,Approved,Approved - First Pass,2026-08-11 15:05:55.014,—,Diogo Ferreira
LOTE-M-SOP-033-3012,WO-16407,2026-08-11,Shift 3,ISBM-010,M-SOP-033,FP-033-PP-PG-250,2564,L,200,0,2,4,6,Conforming,Approved,Approved,Approved - First Pass,2026-08-12 21:27:28.736,—,Beatriz Costa
LOTE-M-SOP-033-3013,WO-16409,2026-08-13,SHIFT 3,ISBM-010,M-SOP-033,FP-033-PET-PG-250,2624,L,200,0,4,3,7,Conforming,Approved,Approved,Approved - First Pass,2026-08-14 00:25:21.588,—,Ana Silva
LOTE-M-SOP-032-3014,WO-16412,2026-08-15,Shift 3,ISBM-010,M-SOP-032,FP-032-PP-PG-100,23813,M,315,1,6,9,16,Conforming,Rejected,Rejected,Rejected - Segregated,2026-08-16 15:50:42.201,Leakage:1(Re=1),Diogo Ferreira
LOTE-M-SOP-032-3015,WO-16415,2026-08-16,Shift 2,ISBM-010,M-SOP-032,FP-032-PET-PG-100,20171,M,315,0,6,15,21,Conforming,Approved,Approved,Approved - First Pass,2026-08-17 17:25:13.886,—,Elena Santos
LOTE-M-SOP-033-3014,WO-16416,2026-08-17,Shift 2,ISBM-010,M-SOP-033,FP-033-PP-PG-250,7882,L,200,0,2,2,4,Conforming,Approved,Approved,Approved - First Pass,2026-08-18 10:04:52.509,—,Beatriz Costa
LOTE-M-SOP-033-3015,WO-16418,2026-08-18,Shift 2,ISBM-010,M-SOP-033,FP-033-PET-PG-250,1765,L,200,0,0,7,7,Conforming,Approved,Approved,Approved - First Pass,2026-08-19 21:05:03.637,—,Carlos Mendes
LOTE-M-SOP-032-3016,WO-16421,2026-08-20,Shift 3,ISBM-010,M-SOP-032,FP-032-PP-PG-100,24482,M,315,0,4,9,13,Conforming,Approved,Approved,Approved - First Pass,2026-08-21 22:27:49.004,—,Diogo Ferreira
LOTE-M-SOP-032-3017,WO-16422,2026-08-21,Shift 2,ISBM-010,M-SOP-032,FP-032-PET-PG-100,4332,L,200,0,1,4,5,Conforming,Approved,Approved,Approved - First Pass,2026-08-22 14:07:39.177,—,Beatriz Costa
LOTE-M-SOP-033-3016,WO-16425,2026-08-23,shift 3,ISBM-010,M-SOP-033,FP-033-PP-PG-250,5131,L,200,0,6,4,10,Conforming,Approved,Approved,Approved - First Pass,2026-08-23 21:10:50.200,—,Beatriz Costa
LOTE-M-SOP-033-3017,WO-16424,2026-08-23,Shift 2,ISBM-010,M-SOP-033,FP-033-PET-PG-250,7040,L,200,0,0,5,5,Conforming,Approved,Approved,Approved - First Pass,2026-08-24 09:41:13.067,—,Diogo Ferreira
LOTE-M-SOP-032-3018,WO-16426,2026-08-24,Shift 1,ISBM-010,M-SOP-032,FP-032-PP-PG-100,1087,L,200,0,0,2,2,Conforming,Approved,Approved,Approved - First Pass,2026-08-25 10:02:43.603,—,Beatriz Costa
LOTE-M-SOP-032-3019,WO-16429,2026-08-26,Shift 2,ISBM-010,M-SOP-032,FP-032-PET-PG-100,27309,M,315,0,0,9,9,Conforming,Approved,Approved,Approved - First Pass,2026-08-28 00:13:34.697,—,Diogo Ferreira
LOTE-M-SOP-033-3018,WO-16430,2026-08-27,Shift 1,ISBM-010,M-SOP-033,FP-033-PP-PG-250,436,L,200,0,0,1,1,Conforming,Approved,Approved,Approved - First Pass,2026-08-28 03:50:47.829,—,Diogo Ferreira
LOTE-M-SOP-033-3019,WO-16431,2026-08-27,Shift 3,ISBM-010,M-SOP-033,FP-033-PET-PG-250,12043,M,315,0,0,2,2,Conforming,Approved,Approved,Approved - First Pass,2026-08-29 04:42:53.524,—,Carlos Mendes
LOTE-M-SOP-032-3020,WO-16433,2026-08-29,Shift 2,ISBM-010,M-SOP-032,FP-032-PP-PG-100,12929,M,315,0,5,6,11,Conforming,Approved,Approved,Approved - First Pass,2026-08-30 17:20:07.567,—,Diogo Ferreira
LOTE-M-SOP-032-3021,WO-16436,2026-09-01,Shift 3,ISBM-010,M-SOP-032,FP-032-PET-PG-100,31494,M,315,0,0,14,14,Conforming,Approved,Approved,Approved - First Pass,2026-09-02 03:10:06.306,—,Carlos Mendes
LOTE-M-SOP-033-3020,WO-16437,2026-09-01,Shift 2,ISBM-010,M-SOP-033,FP-033-PP-PG-250,2683,L,200,0,0,8,8,Conforming,Approved,Approved,Approved - First Pass,2026-09-03 00:45:43.653,—,Elena Santos
LOTE-M-SOP-033-3021,WO-16440,2026-09-03,Shift 1,ISBM-010,M-SOP-033,FP-033-PET-PG-250,5167,L,200,0,4,6,10,Conforming,Approved,Approved,Approved - First Pass,2026-09-04 14:59:10.196,—,Diogo Ferreira
LOTE-M-SOP-032-3023,WO-16442,2026-09-04,Shift 1,ISBM-010,M-SOP-032,FP-032-PET-PG-100,2664,L,200,0,0,6,6,Conforming,Approved,Approved,Approved - First Pass,2026-09-05 06:30:14.361,—,Diogo Ferreira
LOTE-M-SOP-032-3022,WO-16444,2026-09-05,Shift 3,ISBM-010,M-SOP-032,FP-032-PP-PG-100,2759,L,200,0,8,7,15,Conforming,Approved,Approved,Approved - First Pass,2026-09-06 23:28:04.830,—,Diogo Ferreira
LOTE-M-SOP-033-3022,WO-16447,2026-09-08,Shift 3,ISBM-010,M-SOP-033,FP-033-PP-PG-250,29387,M,315,0,0,5,5,Conforming,Approved,Approved,Approved - First Pass,2026-09-08 19:21:18.941,—,Diogo Ferreira
LOTE-M-SOP-033-3023,WO-16450,2026-09-10,Shift 1,ISBM-010,M-SOP-033,FP-033-PET-PG-250,21777,M,315,0,2,4,6,Conforming,Approved,Approved,Approved - First Pass,2026-09-11 04:07:46.801,—,Ana Silva
LOTE-M-SOP-032-3024,WO-16454,2026-09-12,Shift 3,ISBM-010,M-SOP-032,FP-032-PP-PG-100,7759,L,200,0,7,13,20,Conforming,Approved,Approved,Approved - First Pass,2026-09-13 01:56:51.827,—,Beatriz Costa
LOTE-M-SOP-032-3025,WO-16453,2026-09-12,shift 2,ISBM-010,M-SOP-032,FP-032-PET-PG-100,6607,L,200,0,0,5,5,Conforming,Approved,Approved,Approved - First Pass,2026-09-14 07:58:25.329,—,Elena Santos
LOTE-M-SOP-033-3024,WO-16456,2026-09-14,Shift 1,ISBM-010,M-SOP-033,FP-033-PP-PG-250,7025,L,200,0,0,5,5,Conforming,Approved,Approved,Approved - First Pass,2026-09-15 21:36:00.837,—,Beatriz Costa
LOTE-M-SOP-033-3025,WO-16457,2026-09-15,Shift 1,ISBM-010,M-SOP-033,FP-033-PET-PG-250,2535,L,200,0,0,2,2,Conforming,Approved,Approved,Approved - First Pass,2026-09-16 20:57:47.331,—,Ana Silva
LOTE-M-SOP-032-3026,WO-16458,2026-09-16,Shift 1,ISBM-010,M-SOP-032,FP-032-PP-PG-100,6244,L,200,0,0,1,1,Conforming,Approved,Approved,Approved - First Pass,2026-09-17 02:59:26.028,—,Carlos Mendes
LOTE-M-SOP-032-3027,WO-16459,2026-09-16,Shift 2,ISBM-010,M-SOP-032,FP-032-PET-PG-100,5199,L,200,0,2,1,3,Conforming,Approved,Approved,Approved - First Pass,2026-09-17 17:33:06.039,—,Carlos Mendes
LOTE-M-SOP-033-3026,WO-16460,2026-09-17,Shift 1,ISBM-010,M-SOP-033,FP-033-PP-PG-250,1226,L,200,0,5,2,7,Conforming,Approved,Approved,Approved - First Pass,2026-09-18 15:52:05.939,—,Carlos Mendes
LOTE-M-SOP-033-3027,WO-16462,2026-09-19,Shift 1,ISBM-010,M-SOP-033,FP-033-PET-PG-250,5629,L,200,0,1,17,18,Conforming,Approved,Approved,Approved - First Pass,2026-09-20 03:15:44.110,—,Ana Silva
LOTE-M-SOP-032-3028,WO-16463,2026-09-19,Shift 3,ISBM-010,M-SOP-032,FP-032-PP-PG-100,1170,L,200,0,0,1,1,Conforming,Approved,Approved,Approved - First Pass,2026-09-20 20:57:25.994,—,Carlos Mendes
LOTE-M-SOP-032-3029,WO-16466,2026-09-21,Shift 3,ISBM-010,M-SOP-032,FP-032-PET-PG-100,11831,M,315,0,6,16,22,Conforming,Approved,Approved,Approved - First Pass,2026-09-22 13:56:45.520,—,Diogo Ferreira
LOTE-M-SOP-033-3028,WO-16467,2026-09-22,Shift 1,ISBM-010,M-SOP-033,FP-033-PP-PG-250,708,L,200,0,0,8,8,Conforming,Approved,Approved,Approved - First Pass,2026-09-23 17:04:02.866,—,Diogo Ferreira
LOTE-M-SOP-033-3029,WO-16470,2026-09-24,Shift 1,ISBM-010,M-SOP-033,FP-033-PET-PG-250,18161,M,315,0,6,22,28,Conforming,Approved,Approved,Approved - First Pass,2026-09-25 13:02:27.521,—,Diogo Ferreira
LOTE-M-SOP-032-3030,WO-16472,2026-09-25,Shift 1,ISBM-010,M-SOP-032,FP-032-PP-PG-100,4978,L,200,0,0,9,9,Conforming,Approved,Approved,Approved - First Pass,2026-09-26 19:37:51.339,—,Elena Santos
LOTE-M-SOP-032-3031,WO-16473,2026-09-26,  Shift 3  ,ISBM-010,M-SOP-032,FP-032-PET-PG-100,8443,L,200,0,0,7,7,Conforming,Approved,Approved,Approved - First Pass,2026-09-27 07:41:41.981,—,Beatriz Costa
LOTE-M-SOP-033-3030,WO-16476,2026-09-28,Shift 1,ISBM-010,M-SOP-033,FP-033-PP-PG-250,4656,L,200,0,0,20,20,Conforming,Approved,Approved,Approved - First Pass,2026-09-29 17:11:56.050,—,Diogo Ferreira
LOTE-M-SOP-033-3031,WO-16477,2026-09-29,Shift 1,ISBM-010,M-SOP-033,FP-033-PET-PG-250,4998,L,200,0,5,7,12,Conforming,Approved,Approved,Approved - First Pass,2026-09-30 13:02:18.000,—,Beatriz Costa
LOTE-M-SOP-032-3032,WO-16478,2026-09-29,Shift 3,ISBM-010,M-SOP-032,FP-032-PP-PG-100,779,L,200,0,1,0,1,Conforming,Approved,Approved,Approved - First Pass,2026-09-30 22:50:53.553,—,Elena Santos
LOTE-M-SOP-032-3033,WO-16482,2026-10-02,Shift 3,ISBM-010,M-SOP-032,FP-032-PET-PG-100,26416,M,315,0,4,12,16,Conforming,Approved,Approved,Approved - First Pass,2026-10-03 08:10:06.671,—,Ana Silva
LOTE-M-SOP-033-3032,WO-16481,2026-10-02,shift 2,ISBM-010,M-SOP-033,FP-033-PP-PG-250,1813,L,200,0,0,1,1,Conforming,Approved,Approved,Approved - First Pass,2026-10-04 02:04:30.742,—,Diogo Ferreira
LOTE-M-SOP-033-3033,WO-16483,2026-10-03,Shift 1,ISBM-010,M-SOP-033,FP-033-PET-PG-250,1567,L,200,0,1,2,3,Conforming,Approved,Approved,Approved - First Pass,2026-10-04 15:47:36.944,—,Diogo Ferreira
LOTE-M-SOP-032-3034,WO-16486,2026-10-05,Shift 1,ISBM-010,M-SOP-032,FP-032-PP-PG-100,25130,M,315,0,5,9,14,Conforming,Approved,Approved,Approved - First Pass,2026-10-06 14:38:13.642,—,Diogo Ferreira
LOTE-M-SOP-032-3035,WO-16488,2026-10-07,Shift 3,ISBM-010,M-SOP-032,FP-032-PET-PG-100,16465,M,315,0,3,9,12,Conforming,Approved,Approved,Approved - First Pass,2026-10-08 05:53:59.676,—,Beatriz Costa
LOTE-M-SOP-033-3034,WO-16489,2026-10-08,SHIFT 1,ISBM-010,M-SOP-033,FP-033-PP-PG-250,942,L,200,0,1,0,1,Conforming,Approved,Approved,Approved - First Pass,2026-10-08 22:23:30.350,—,Diogo Ferreira
LOTE-M-SOP-033-3035,WO-16490,2026-10-08,Shift 2,ISBM-010,M-SOP-033,FP-033-PET-PG-250,544,L,200,0,5,6,11,Conforming,Approved,Approved,Approved - First Pass,2026-10-09 19:45:58.760,—,Carlos Mendes
LOTE-M-SOP-032-3036,WO-16491,2026-10-09,Shift 1,ISBM-010,M-SOP-032,FP-032-PP-PG-100,4220,L,200,0,0,1,1,Conforming,Approved,Approved,Approved - First Pass,2026-10-10 02:56:12.171,—,Beatriz Costa
LOTE-M-SOP-032-3037,WO-16494,2026-10-11,Shift 1,ISBM-010,M-SOP-032,FP-032-PET-PG-100,7408,L,200,0,4,11,15,Conforming,Approved,Approved,Approved - First Pass,2026-10-12 05:41:35.578,—,Diogo Ferreira
LOTE-M-SOP-033-3036,WO-16497,2026-10-13,Shift 1,ISBM-010,M-SOP-033,FP-033-PP-PG-250,6846,L,200,0,1,5,6,Conforming,Approved,Approved,Approved - First Pass,2026-10-14 09:47:48.287,—,Diogo Ferreira
LOTE-M-SOP-033-3037,WO-16499,2026-10-15,Shift 1,ISBM-010,M-SOP-033,FP-033-PET-PG-250,6056,L,200,0,0,18,18,Conforming,Approved,Approved,Approved - First Pass,2026-10-16 03:37:12.951,—,Diogo Ferreira
LOTE-M-SOP-032-3038,WO-16502,2026-10-17,Shift 3,ISBM-010,M-SOP-032,FP-032-PP-PG-100,4021,L,200,1,10,7,18,Conforming,Rejected,Rejected,Rejected - Segregated,2026-10-18 13:36:45.289,—,Diogo Ferreira
LOTE-M-SOP-033-3038,WO-16504,2026-10-18,  Shift 3  ,ISBM-010,M-SOP-033,FP-033-PP-PG-250,6756,L,200,0,2,0,2,Conforming,Approved,Approved,Approved - First Pass,2026-10-19 01:32:17.404,—,Diogo Ferreira
LOTE-M-SOP-032-3039,WO-16503,2026-10-18,Shift 2,ISBM-010,M-SOP-032,FP-032-PET-PG-100,1785,L,200,0,0,0,0,Conforming,Approved,Approved,Approved - First Pass,2026-10-20 01:25:08.873,—,Carlos Mendes
LOTE-M-SOP-033-3039,WO-16507,2026-10-20,Shift 2,ISBM-010,M-SOP-033,FP-033-PET-PG-250,23830,M,315,0,6,12,18,Conforming,Approved,Approved,Approved - First Pass,2026-10-22 02:09:34.344,—,Carlos Mendes
LOTE-M-SOP-032-3040,WO-16509,2026-10-21,Shift 3,ISBM-010,M-SOP-032,FP-032-PP-PG-100,2336,L,200,0,0,7,7,Conforming,Approved,Approved,Approved - First Pass,2026-10-22 20:12:32.730,—,Elena Santos
LOTE-M-SOP-032-3041,WO-16510,2026-10-22,Shift 2,ISBM-010,M-SOP-032,FP-032-PET-PG-100,1207,L,200,0,1,3,4,Conforming,Approved,Approved,Approved - First Pass,2026-10-23 13:16:28.756,—,Carlos Mendes
LOTE-M-SOP-033-3040,WO-16511,2026-10-23,Shift 1,ISBM-010,M-SOP-033,FP-033-PP-PG-250,4541,L,200,0,2,5,7,Conforming,Approved,Approved,Approved - First Pass,2026-10-24 10:22:15.352,—,Carlos Mendes
LOTE-M-SOP-033-3041,WO-16512,2026-10-24,Shift 1,ISBM-010,M-SOP-033,FP-033-PET-PG-250,894,L,200,0,2,1,3,Conforming,Approved,Approved,Approved - First Pass,2026-10-25 15:11:53.211,—,Beatriz Costa
LOTE-M-SOP-032-3042,WO-16513,2026-10-24,Shift 2,ISBM-010,M-SOP-032,FP-032-PP-PG-100,4251,L,200,0,0,10,10,Conforming,Approved,Approved,Approved - First Pass,2026-10-26 07:10:10.905,—,Elena Santos
LOTE-M-SOP-032-3043,WO-16514,2026-10-25,Shift 2,ISBM-010,M-SOP-032,FP-032-PET-PG-100,813,L,200,0,1,3,4,Conforming,Approved,Approved,Approved - First Pass,2026-10-26 10:56:32.861,—,Elena Santos
LOTE-M-SOP-033-3042,WO-16515,2026-10-26,Shift 1,ISBM-010,M-SOP-033,FP-033-PP-PG-250,1456,L,200,0,0,4,4,Conforming,Approved,Approved,Approved - First Pass,2026-10-27 12:15:25.828,—,Carlos Mendes
LOTE-M-SOP-033-3043,WO-16517,2026-10-27,Shift 2,ISBM-010,M-SOP-033,FP-033-PET-PG-250,2214,L,200,0,3,1,4,Conforming,Approved,Approved,Approved - First Pass,2026-10-29 04:04:45.025,—,Carlos Mendes
LOTE-M-SOP-032-3044,WO-16520,2026-10-29,Shift 3,ISBM-010,M-SOP-032,FP-032-PP-PG-100,19583,M,315,0,3,15,18,Conforming,Approved,Approved,Approved - First Pass,2026-10-30 04:18:32.989,—,Carlos Mendes
LOTE-M-SOP-032-3045,WO-16519,2026-10-29,Shift 3,ISBM-010,M-SOP-032,FP-032-PET-PG-100,8004,L,200,0,1,0,1,Conforming,Approved,Approved,Approved - First Pass,2026-10-30 20:19:36.505,—,Elena Santos
LOTE-M-SOP-033-3044,WO-16521,2026-10-30,Shift 2,ISBM-010,M-SOP-033,FP-033-PP-PG-250,2161,L,200,0,3,5,8,Conforming,Approved,Approved,Approved - First Pass,2026-10-31 18:55:54.539,—,Beatriz Costa
LOTE-M-SOP-033-3045,WO-16525,2026-11-01,Shift 3,ISBM-010,M-SOP-033,FP-033-PET-PG-250,16391,M,315,0,1,7,8,Conforming,Approved,Approved,Approved - First Pass,2026-11-01 17:10:47.476,—,Elena Santos
LOTE-M-SOP-032-3046,WO-16527,2026-11-03,Shift 1,ISBM-010,M-SOP-032,FP-032-PP-PG-100,3793,L,200,0,5,7,12,Conforming,Approved,Approved,Approved - First Pass,2026-11-04 08:18:14.057,—,Elena Santos
LOTE-M-SOP-032-3047,WO-16529,2026-11-04,Shift 2,ISBM-010,M-SOP-032,FP-032-PET-PG-100,7114,L,200,0,4,1,5,Conforming,Approved,Approved,Approved - First Pass,2026-11-05 16:01:43.287,—,Diogo Ferreira
LOTE-M-SOP-033-3046,WO-16532,2026-11-07,Shift 3,ISBM-010,M-SOP-033,FP-033-PP-PG-250,25904,M,315,0,5,14,19,Conforming,Approved,Approved,Approved - First Pass,2026-11-07 23:15:33.221,—,Beatriz Costa
LOTE-M-SOP-033-3047,WO-16533,2026-11-07,Shift 2,ISBM-010,M-SOP-033,FP-033-PET-PG-250,2551,L,200,0,0,2,2,Conforming,Approved,Approved,Approved - First Pass,2026-11-08 13:24:01.194,—,Elena Santos
LOTE-M-SOP-032-3048,WO-16535,2026-11-09,Shift 1,ISBM-010,M-SOP-032,FP-032-PP-PG-100,5576,L,200,0,0,8,8,Conforming,Approved,Approved,Approved - First Pass,2026-11-10 03:33:33.956,—,Carlos Mendes
LOTE-M-SOP-032-3049,WO-16537,2026-11-10,Shift 2,ISBM-010,M-SOP-032,FP-032-PET-PG-100,14304,M,315,0,0,12,12,Conforming,Approved,Approved,Approved - First Pass,2026-11-11 17:08:33.160,—,Diogo Ferreira
LOTE-M-SOP-033-3048,WO-16540,2026-11-12,Shift 2,ISBM-010,M-SOP-033,FP-033-PP-PG-250,25349,M,315,0,0,6,6,Conforming,Approved,Approved,Approved - First Pass,2026-11-13 20:43:24.995,—,Diogo Ferreira
LOTE-M-SOP-033-3049,WO-16543,2026-11-15,Shift 1,ISBM-010,M-SOP-033,FP-033-PET-PG-250,3656,L,200,0,3,1,4,Conforming,Approved,Approved,Approved - First Pass,2026-11-16 05:01:03.930,—,Carlos Mendes
LOTE-M-SOP-032-3050,WO-16545,2026-11-16,Shift 2,ISBM-010,M-SOP-032,FP-032-PP-PG-100,15380,M,315,0,6,14,20,Conforming,Approved,Approved,Approved - First Pass,2026-11-17 16:06:55.478,—,Carlos Mendes
LOTE-M-SOP-032-3051,WO-16546,2026-11-17,Shift 2,ISBM-010,M-SOP-032,FP-032-PET-PG-100,9617,L,200,0,0,6,6,Conforming,Approved,Approved,Approved - First Pass,2026-11-18 12:27:44.149,—,Carlos Mendes
LOTE-M-SOP-033-3050,WO-16549,2026-11-18,Shift 1,ISBM-010,M-SOP-033,FP-033-PP-PG-250,3670,L,200,1,1,10,12,Conforming,Rejected,Rejected,Rejected - Segregated,2026-11-19 16:25:29.442,Leakage:1(Re=1),Carlos Mendes
LOTE-M-SOP-033-3051,WO-16552,2026-11-20,SHIFT 2,ISBM-010,M-SOP-033,FP-033-PET-PG-250,28549,M,315,0,10,20,30,Conforming,Approved,Approved,Approved - First Pass,2026-11-21 11:27:34.396,—,Elena Santos
LOTE-M-SOP-032-3052,WO-16555,2026-11-23,Shift 3,ISBM-010,M-SOP-032,FP-032-PP-PG-100,8550,L,200,0,5,3,8,Conforming,Approved,Approved,Approved - First Pass,2026-11-24 02:26:07.299,—,Diogo Ferreira
LOTE-M-SOP-032-3053,WO-16556,2026-11-24,Shift 3,ISBM-010,M-SOP-032,FP-032-PET-PG-100,1153,L,200,0,0,0,0,Conforming,Approved,Approved,Approved - First Pass,2026-11-24 22:06:15.867,—,Carlos Mendes
LOTE-M-SOP-033-3052,WO-16557,2026-11-24,Shift 2,ISBM-010,M-SOP-033,FP-033-PP-PG-250,4973,L,200,0,1,3,4,Conforming,Approved,Approved,Approved - First Pass,2026-11-25 09:15:07.074,—,Beatriz Costa
LOTE-M-SOP-033-3053,WO-16558,2026-11-25,Shift 3,ISBM-010,M-SOP-033,FP-033-PET-PG-250,3920,L,200,0,0,1,1,Conforming,Approved,Approved,Approved - First Pass,2026-11-26 12:52:08.964,—,Carlos Mendes
LOTE-M-SOP-032-3054,WO-16559,2026-11-25,Shift 2,ISBM-010,M-SOP-032,FP-032-PP-PG-100,739,L,200,0,1,6,7,Conforming,Approved,Approved,Approved - First Pass,2026-11-27 03:10:51.504,—,Elena Santos
LOTE-M-SOP-032-3055,WO-16562,2026-11-27,Shift 2,ISBM-010,M-SOP-032,FP-032-PET-PG-100,17689,M,315,0,2,14,16,Conforming,Approved,Approved,Approved - First Pass,2026-11-29 08:19:10.889,—,Carlos Mendes
LOTE-M-SOP-033-3054,WO-16563,2026-11-28,Shift 2,ISBM-010,M-SOP-033,FP-033-PP-PG-250,1516,L,200,0,0,3,3,Conforming,Approved,Approved,Approved - First Pass,2026-11-30 05:57:50.924,—,Carlos Mendes
LOTE-M-SOP-033-3055,WO-16567,2026-12-01,shift 3,ISBM-010,M-SOP-033,FP-033-PET-PG-250,6879,L,200,0,0,9,9,Conforming,Approved,Approved,Approved - First Pass,2026-12-02 06:22:09.323,—,Diogo Ferreira
LOTE-M-SOP-032-3056,WO-16566,2026-12-01,Shift 2,ISBM-010,M-SOP-032,FP-032-PP-PG-100,4542,L,200,0,1,2,3,Conforming,Approved,Approved,Approved - First Pass,2026-12-02 19:08:33.909,—,Elena Santos
LOTE-M-SOP-032-3057,WO-16570,2026-12-04,Shift 1,ISBM-010,M-SOP-032,FP-032-PET-PG-100,17897,M,315,0,4,14,18,Conforming,Approved,Approved,Approved - First Pass,2026-12-05 06:21:12.699,—,Carlos Mendes
LOTE-M-SOP-033-3056,WO-16573,2026-12-06,Shift 1,ISBM-010,M-SOP-033,FP-033-PP-PG-250,8119,L,200,0,2,16,18,Conforming,Approved,Approved,Approved - First Pass,2026-12-07 19:17:49.361,—,Diogo Ferreira
LOTE-M-SOP-033-3057,WO-16576,2026-12-08,  Shift 1  ,ISBM-010,M-SOP-033,FP-033-PET-PG-250,8885,L,200,0,11,6,17,Conforming,Approved,Approved,Approved - First Pass,2026-12-10 00:08:02.711,—,Elena Santos
LOTE-M-SOP-032-3058,WO-16578,2026-12-09,Shift 2,ISBM-010,M-SOP-032,FP-032-PP-PG-100,15613,M,315,0,0,4,4,Conforming,Approved,Approved,Approved - First Pass,2026-12-10 19:29:37.256,—,Elena Santos
LOTE-M-SOP-032-3059,WO-16582,2026-12-12,Shift 1,ISBM-010,M-SOP-032,FP-032-PET-PG-100,21176,M,315,0,0,25,25,Conforming,Approved,Approved,Approved - First Pass,2026-12-13 02:17:49.504,—,Carlos Mendes
LOTE-M-SOP-033-3058,WO-16581,2026-12-12,Shift 2,ISBM-010,M-SOP-033,FP-033-PP-PG-250,2059,L,200,0,0,2,2,Conforming,Approved,Approved,Approved - First Pass,2026-12-14 02:10:16.269,—,Elena Santos
LOTE-M-SOP-033-3059,WO-16584,2026-12-13,Shift 2,ISBM-010,M-SOP-033,FP-033-PET-PG-250,8840,L,200,0,0,7,7,Conforming,Approved,Approved,Approved - First Pass,2026-12-15 00:20:57.459,—,Ana Silva
LOTE-M-SOP-032-3060,WO-16586,2026-12-15,Shift 3,ISBM-010,M-SOP-032,FP-032-PP-PG-100,2569,L,200,0,1,6,7,Conforming,Approved,Approved,Approved - First Pass,2026-12-15 19:35:58.210,—,Diogo Ferreira
LOTE-M-SOP-032-3061,WO-16587,2026-12-15,Shift 2,ISBM-010,M-SOP-032,FP-032-PET-PG-100,3598,L,200,0,2,1,3,Conforming,Approved,Approved,Approved - First Pass,2026-12-16 19:14:46.717,—,Beatriz Costa
LOTE-M-SOP-033-3060,WO-16589,2026-12-17,Shift 1,ISBM-010,M-SOP-033,FP-033-PP-PG-250,20328,M,315,0,4,9,13,Conforming,Approved,Approved,Approved - First Pass,2026-12-18 19:26:23.719,—,Carlos Mendes
LOTE-M-SOP-033-3061,WO-16591,2026-12-18,  Shift 3  ,ISBM-010,M-SOP-033,FP-033-PET-PG-250,2356,L,200,0,1,6,7,Conforming,Approved,Approved,Approved - First Pass,2026-12-20 05:46:34.529,—,Carlos Mendes
LOTE-M-SOP-032-3062,WO-16593,2026-12-20,Shift 3,ISBM-010,M-SOP-032,FP-032-PP-PG-100,19490,M,315,0,0,5,5,Conforming,Approved,Approved,Approved - First Pass,2026-12-21 19:01:01.664,—,Elena Santos
LOTE-M-SOP-032-3063,WO-16594,2026-12-21,Shift 3,ISBM-010,M-SOP-032,FP-032-PET-PG-100,8513,L,200,0,1,7,8,Conforming,Approved,Approved,Approved - First Pass,2026-12-22 10:29:21.590,—,Elena Santos
LOTE-M-SOP-033-3062,WO-16596,2026-12-22,Shift 1,ISBM-010,M-SOP-033,FP-033-PP-PG-250,3333,L,200,1,1,9,11,Conforming,Rejected,Rejected,Rejected - Segregated,2026-12-23 03:56:53.541,Leakage:1(Re=1),Beatriz Costa
LOTE-M-SOP-033-3063,WO-16597,2026-12-23,Shift 2,ISBM-010,M-SOP-033,FP-033-PET-PG-250,10483,M,315,0,5,8,13,Conforming,Approved,Approved,Approved - First Pass,2026-12-24 18:42:48.801,—,Diogo Ferreira
LOTE-M-SOP-032-3064,WO-16601,2026-12-25,Shift 2,ISBM-010,M-SOP-032,FP-032-PP-PG-100,26770,M,315,0,2,17,19,Conforming,Approved,Approved,Approved - First Pass,2026-12-27 03:57:55.614,—,Diogo Ferreira
LOTE-M-SOP-032-3065,WO-16602,2026-12-26,Shift 1,ISBM-010,M-SOP-032,FP-032-PET-PG-100,2484,L,200,0,0,3,3,Conforming,Approved,Approved,Approved - First Pass,2026-12-27 18:51:24.144,—,Ana Silva
LOTE-M-SOP-033-3064,WO-16605,2026-12-28,Shift 1,ISBM-010,M-SOP-033,FP-033-PP-PG-250,8289,L,200,0,4,11,15,Conforming,Approved,Approved,Approved - First Pass,2026-12-29 13:28:48.103,—,Diogo Ferreira
LOTE-M-SOP-033-3065,WO-16608,2026-12-30,Shift 3,ISBM-010,M-SOP-033,FP-033-PET-PG-250,8629,L,200,0,8,17,25,Conforming,Approved,Approved,Approved - First Pass,2026-12-31 08:31:14.440,—,Diogo Ferreira
LOTE-M-SOP-032-3066,WO-16609,2026-12-30,Shift 2,ISBM-010,M-SOP-032,FP-032-PP-PG-100,10019,M,315,1,1,18,20,Conforming,Rejected,Rejected,Rejected - Segregated,2026-12-31 21:41:41.731,Leakage:1(Re=1),Elena Santos
LOTE-M-SOP-030-3000,WO-16096,2026-07-06,SHIFT 2,ISBM-009,M-SOP-030,FA-030-HDPE-FG-1000,1700,L,200,0,0,6,6,Conforming,Approved,Approved,Approved - First Pass,2026-07-07 07:20:50.459,—,Ana Silva
LOTE-M-SOP-030-3001,WO-16098,2026-07-07,Shift 2,ISBM-009,M-SOP-030,FA-030-PP-FG-1000,15869,M,315,0,7,2,9,Conforming,Approved,Approved,Approved - First Pass,2026-07-09 10:07:35.231,—,Diogo Ferreira
LOTE-M-SOP-031-3000,WO-16099,2026-07-08,Shift 2,ISBM-009,M-SOP-031,FA-031-HDPE-FG-500,7148,L,200,0,0,3,3,Conforming,Approved,Approved,Approved - First Pass,2026-07-09 11:29:59.323,—,Diogo Ferreira
LOTE-M-SOP-031-3001,WO-16101,2026-07-09,Shift 2,ISBM-009,M-SOP-031,FA-031-PP-FG-500,7757,L,200,0,3,4,7,Conforming,Approved,Approved,Approved - First Pass,2026-07-10 21:58:15.256,—,Diogo Ferreira
LOTE-M-SOP-030-3002,WO-16104,2026-07-12,Shift 3,ISBM-009,M-SOP-030,FA-030-HDPE-FG-1000,21044,M,315,0,5,9,14,Conforming,Approved,Approved,Approved - First Pass,2026-07-13 07:06:39.035,—,Elena Santos
LOTE-M-SOP-030-3003,WO-16106,2026-07-13,Shift 1,ISBM-009,M-SOP-030,FA-030-PP-FG-1000,10797,M,315,0,0,12,12,Conforming,Approved,Approved,Approved - First Pass,2026-07-14 03:16:00.198,—,Diogo Ferreira
LOTE-M-SOP-031-3002,WO-16110,2026-07-15,Shift 3,ISBM-009,M-SOP-031,FA-031-HDPE-FG-500,2280,L,200,0,0,20,20,Conforming,Approved,Approved,Approved - First Pass,2026-07-15 13:59:56.816,—,Diogo Ferreira
LOTE-M-SOP-031-3003,WO-16112,2026-07-16,Shift 2,ISBM-009,M-SOP-031,FA-031-PP-FG-500,3862,L,200,0,2,6,8,Conforming,Approved,Approved,Approved - First Pass,2026-07-18 02:45:06.572,—,Ana Silva
LOTE-M-SOP-030-3004,WO-16115,2026-07-19,Shift 3,ISBM-009,M-SOP-030,FA-030-HDPE-FG-1000,29686,M,315,1,1,26,28,Conforming,Rejected,Rejected,Rejected - Segregated,2026-07-20 17:20:06.143,Leakage:1(Re=1),Ana Silva
LOTE-M-SOP-030-3005,WO-16117,2026-07-20,Shift 2,ISBM-009,M-SOP-030,FA-030-PP-FG-1000,7791,L,200,0,8,8,16,Conforming,Approved,Approved,Approved - First Pass,2026-07-22 06:07:36.401,—,Beatriz Costa
LOTE-M-SOP-031-3004,WO-16119,2026-07-21,Shift 3,ISBM-009,M-SOP-031,FA-031-HDPE-FG-500,9712,L,200,0,1,9,10,Conforming,Approved,Approved,Approved - First Pass,2026-07-23 07:48:49.383,—,Elena Santos
LOTE-M-SOP-031-3005,WO-16122,2026-07-24,Shift 3,ISBM-009,M-SOP-031,FA-031-PP-FG-500,2931,L,200,0,6,8,14,Conforming,Approved,Approved,Approved - First Pass,2026-07-25 04:59:33.135,—,Elena Santos
LOTE-M-SOP-030-3006,WO-16125,2026-07-26,Shift 1,ISBM-009,M-SOP-030,FA-030-HDPE-FG-1000,3471,L,200,0,5,12,17,Conforming,Approved,Approved,Approved - First Pass,2026-07-27 08:36:20.377,—,Elena Santos
LOTE-M-SOP-031-3006,WO-16127,2026-07-27,Shift 3,ISBM-009,M-SOP-031,FA-031-HDPE-FG-500,6190,L,200,0,0,2,2,Conforming,Approved,Approved,Approved - First Pass,2026-07-27 13:41:42.717,—,Carlos Mendes
LOTE-M-SOP-030-3007,WO-16128,2026-07-28,Shift 3,ISBM-009,M-SOP-030,FA-030-PP-FG-1000,1822,L,200,0,0,7,7,Conforming,Approved,Approved,Approved - First Pass,2026-07-29 06:43:24.929,—,Ana Silva
LOTE-M-SOP-031-3007,WO-16131,2026-07-30,Shift 1,ISBM-009,M-SOP-031,FA-031-PP-FG-500,4550,L,200,0,1,6,7,Conforming,Approved,Approved,Approved - First Pass,2026-07-31 16:11:44.770,—,Beatriz Costa
LOTE-M-SOP-030-3008,WO-16133,2026-08-01,Shift 1,ISBM-009,M-SOP-030,FA-030-HDPE-FG-1000,20027,M,315,0,7,10,17,Conforming,Approved,Approved,Approved - First Pass,2026-08-02 10:12:32.850,—,Carlos Mendes
LOTE-M-SOP-030-3009,WO-16134,2026-08-02,Shift 3,ISBM-009,M-SOP-030,FA-030-PP-FG-1000,11548,M,315,0,2,2,4,Conforming,Approved,Approved,Approved - First Pass,2026-08-03 01:33:30.519,—,Carlos Mendes
LOTE-M-SOP-031-3008,WO-16135,2026-08-02,Shift 3,ISBM-009,M-SOP-031,FA-031-HDPE-FG-500,8828,L,200,0,0,4,4,Conforming,Approved,Approved,Approved - First Pass,2026-08-03 23:44:03.697,—,Beatriz Costa
LOTE-M-SOP-031-3009,WO-16136,2026-08-03,Shift 2,ISBM-009,M-SOP-031,FA-031-PP-FG-500,4511,L,200,0,3,5,8,Conforming,Approved,Approved,Approved - First Pass,2026-08-04 20:52:51.431,—,Ana Silva
LOTE-M-SOP-030-3010,WO-16137,2026-08-04,Shift 1,ISBM-009,M-SOP-030,FA-030-HDPE-FG-1000,7184,L,200,0,0,6,6,Conforming,Approved,Approved,Approved - First Pass,2026-08-06 04:18:05.875,—,Ana Silva
LOTE-M-SOP-030-3011,WO-16139,2026-08-06,Shift 1,ISBM-009,M-SOP-030,FA-030-PP-FG-1000,2239,L,200,0,3,4,7,Conforming,Approved,Approved,Approved - First Pass,2026-08-07 03:32:26.672,—,Elena Santos
LOTE-M-SOP-031-3010,WO-16141,2026-08-07,Shift 2,ISBM-009,M-SOP-031,FA-031-HDPE-FG-500,18085,M,315,0,3,1,4,Conforming,Approved,Approved,Approved - First Pass,2026-08-08 10:55:29.749,—,Carlos Mendes
LOTE-M-SOP-031-3011,WO-16143,2026-08-09,Shift 3,ISBM-009,M-SOP-031,FA-031-PP-FG-500,16327,M,315,0,0,6,6,Conforming,Approved,Approved,Approved - First Pass,2026-08-10 06:17:58.733,—,Beatriz Costa
LOTE-M-SOP-030-3012,WO-16144,2026-08-09,  Shift 2  ,ISBM-009,M-SOP-030,FA-030-HDPE-FG-1000,8901,L,200,1,2,4,7,Conforming,Rejected,Rejected,Rejected - Segregated,2026-08-10 19:44:58.418,—,Ana Silva
LOTE-M-SOP-030-3013,WO-16145,2026-08-10,Shift 1,ISBM-009,M-SOP-030,FA-030-PP-FG-1000,7247,L,200,0,1,3,4,Conforming,Approved,Approved,Approved - First Pass,2026-08-11 13:50:15.704,—,Beatriz Costa
LOTE-M-SOP-031-3012,WO-16146,2026-08-11,SHIFT 3,ISBM-009,M-SOP-031,FA-031-HDPE-FG-500,3181,L,200,0,2,10,12,Conforming,Approved,Approved,Approved - First Pass,2026-08-11 16:51:39.165,—,Elena Santos
LOTE-M-SOP-031-3013,WO-16147,2026-08-11,Shift 1,ISBM-009,M-SOP-031,FA-031-PP-FG-500,957,L,200,0,0,6,6,Conforming,Approved,Approved,Approved - First Pass,2026-08-12 16:39:07.840,—,Carlos Mendes
LOTE-M-SOP-030-3014,WO-16149,2026-08-12,shift 2,ISBM-009,M-SOP-030,FA-030-HDPE-FG-1000,2707,L,200,0,3,13,16,Conforming,Approved,Approved,Approved - First Pass,2026-08-13 17:40:15.801,—,Ana Silva
LOTE-M-SOP-030-3015,WO-16151,2026-08-14,Shift 3,ISBM-009,M-SOP-030,FA-030-PP-FG-1000,6611,L,200,0,1,16,17,Conforming,Approved,Approved,Approved - First Pass,2026-08-14 20:41:17.224,—,Beatriz Costa
LOTE-M-SOP-031-3014,WO-16154,2026-08-16,Shift 3,ISBM-009,M-SOP-031,FA-031-HDPE-FG-500,11494,M,315,0,1,5,6,Conforming,Approved,Approved,Approved - First Pass,2026-08-17 01:38:45.360,—,Elena Santos
LOTE-M-SOP-031-3015,WO-16156,2026-08-17,Shift 1,ISBM-009,M-SOP-031,FA-031-PP-FG-500,11687,M,315,0,2,13,15,Conforming,Approved,Approved,Approved - First Pass,2026-08-18 11:58:41.730,—,Carlos Mendes
LOTE-M-SOP-030-3016,WO-16159,2026-08-19,Shift 3,ISBM-009,M-SOP-030,FA-030-HDPE-FG-1000,3564,L,200,0,3,7,10,Conforming,Approved,Approved,Approved - First Pass,2026-08-19 19:45:37.154,—,Diogo Ferreira
LOTE-M-SOP-030-3017,WO-16160,2026-08-19,Shift 2,ISBM-009,M-SOP-030,FA-030-PP-FG-1000,1896,L,200,0,0,6,6,Conforming,Approved,Approved,Approved - First Pass,2026-08-20 16:45:33.066,—,Beatriz Costa
LOTE-M-SOP-031-3016,WO-16163,2026-08-21,shift 1,ISBM-009,M-SOP-031,FA-031-HDPE-FG-500,3420,L,200,0,4,10,14,Conforming,Approved,Approved,Approved - First Pass,2026-08-22 07:59:09.721,—,Ana Silva
LOTE-M-SOP-031-3017,WO-16164,2026-08-22,Shift 1,ISBM-009,M-SOP-031,FA-031-PP-FG-500,12361,M,315,0,0,0,0,Conforming,Approved,Approved,Approved - First Pass,2026-08-23 21:12:33.817,—,Elena Santos
LOTE-M-SOP-030-3018,WO-16165,2026-08-23,Shift 1,ISBM-009,M-SOP-030,FA-030-HDPE-FG-1000,1200,L,200,0,0,0,0,Conforming,Approved,Approved,Approved - First Pass,2026-08-24 21:38:42.035,—,Beatriz Costa
LOTE-M-SOP-030-3019,WO-16166,2026-08-24,Shift 3,ISBM-009,M-SOP-030,FA-030-PP-FG-1000,7595,L,200,0,2,5,7,Conforming,Approved,Approved,Approved - First Pass,2026-08-25 06:33:49.415,—,Elena Santos
LOTE-M-SOP-031-3018,WO-16168,2026-08-25,Shift 1,ISBM-009,M-SOP-031,FA-031-HDPE-FG-500,16588,M,315,0,2,14,16,Conforming,Approved,Approved,Approved - First Pass,2026-08-26 13:48:44.000,—,Beatriz Costa
LOTE-M-SOP-031-3019,WO-16171,2026-08-27,Shift 1,ISBM-009,M-SOP-031,FA-031-PP-FG-500,22742,M,315,0,0,16,16,Conforming,Approved,Approved,Approved - First Pass,2026-08-28 02:53:56.527,—,Elena Santos
LOTE-M-SOP-030-3020,WO-16173,2026-08-28,Shift 2,ISBM-009,M-SOP-030,FA-030-HDPE-FG-1000,12717,M,315,0,0,5,5,Conforming,Approved,Approved,Approved - First Pass,2026-08-29 14:57:58.206,—,Diogo Ferreira
LOTE-M-SOP-030-3021,WO-16174,2026-08-29,Shift 3,ISBM-009,M-SOP-030,FA-030-PP-FG-1000,1507,L,200,0,1,10,11,Conforming,Approved,Approved,Approved - First Pass,2026-08-30 09:56:51.791,—,Beatriz Costa
LOTE-M-SOP-031-3020,WO-16175,2026-08-30,shift 3,ISBM-009,M-SOP-031,FA-031-HDPE-FG-500,7645,L,200,0,0,4,4,Conforming,Approved,Approved,Approved - First Pass,2026-08-30 23:40:11.581,—,Beatriz Costa
LOTE-M-SOP-031-3021,WO-16178,2026-09-01,Shift 1,ISBM-009,M-SOP-031,FA-031-PP-FG-500,30215,M,315,1,4,19,24,Conforming,Rejected,Rejected,Rejected - Segregated,2026-09-02 09:15:16.534,Leakage:1(Re=1),Ana Silva
LOTE-M-SOP-030-3022,WO-16179,2026-09-02,Shift 3,ISBM-009,M-SOP-030,FA-030-HDPE-FG-1000,7421,L,200,0,1,4,5,Conforming,Approved,Approved,Approved - First Pass,2026-09-03 10:17:20.984,—,Carlos Mendes
LOTE-M-SOP-030-3023,WO-16180,2026-09-02,Shift 2,ISBM-009,M-SOP-030,FA-030-PP-FG-1000,1245,L,200,1,0,2,3,Conforming,Rejected,Rejected,Rejected - Segregated,2026-09-03 18:45:43.580,Leakage:1(Re=1),Carlos Mendes
LOTE-M-SOP-031-3022,WO-16182,2026-09-04,Shift 1,ISBM-009,M-SOP-031,FA-031-HDPE-FG-500,2583,L,200,0,1,2,3,Conforming,Approved,Approved,Approved - First Pass,2026-09-05 01:00:27.267,—,Elena Santos
LOTE-M-SOP-031-3023,WO-16183,2026-09-04,Shift 2,ISBM-009,M-SOP-031,FA-031-PP-FG-500,3128,L,200,0,0,7,7,Conforming,Approved,Approved,Approved - First Pass,2026-09-05 21:30:38.676,—,Ana Silva
LOTE-M-SOP-030-3024,WO-16184,2026-09-05,Shift 1,ISBM-009,M-SOP-030,FA-030-HDPE-FG-1000,7523,L,200,0,0,5,5,Conforming,Approved,Approved,Approved - First Pass,2026-09-06 10:21:44.047,—,Ana Silva
LOTE-M-SOP-030-3025,WO-16186,2026-09-07,Shift 3,ISBM-009,M-SOP-030,FA-030-PP-FG-1000,2363,L,200,0,1,8,9,Conforming,Approved,Approved,Approved - First Pass,2026-09-07 16:20:24.127,—,Elena Santos
LOTE-M-SOP-031-3024,WO-16187,2026-09-07,Shift 2,ISBM-009,M-SOP-031,FA-031-HDPE-FG-500,6469,L,200,0,0,8,8,Conforming,Approved,Approved,Approved - First Pass,2026-09-08 19:59:22.456,—,Diogo Ferreira
LOTE-M-SOP-031-3025,WO-16190,2026-09-09,Shift 1,ISBM-009,M-SOP-031,FA-031-PP-FG-500,26346,M,315,0,2,12,14,Conforming,Approved,Approved,Approved - First Pass,2026-09-11 00:00:55.724,—,Ana Silva
LOTE-M-SOP-030-3026,WO-16192,2026-09-10,Shift 2,ISBM-009,M-SOP-030,FA-030-HDPE-FG-1000,7903,L,200,0,2,5,7,Conforming,Approved,Approved,Approved - First Pass,2026-09-12 07:38:53.302,—,Ana Silva
LOTE-M-SOP-030-3027,WO-16193,2026-09-11,Shift 2,ISBM-009,M-SOP-030,FA-030-PP-FG-1000,7344,L,200,1,1,5,7,Conforming,Rejected,Rejected,Rejected - Segregated,2026-09-12 14:12:28.667,Leakage:1(Re=1),Diogo Ferreira
LOTE-M-SOP-031-3026,WO-16196,2026-09-13,Shift 2,ISBM-009,M-SOP-031,FA-031-HDPE-FG-500,19798,M,315,0,4,11,15,Conforming,Approved,Approved,Approved - First Pass,2026-09-14 11:25:07.704,—,Carlos Mendes
LOTE-M-SOP-031-3027,WO-16199,2026-09-15,Shift 2,ISBM-009,M-SOP-031,FA-031-PP-FG-500,23036,M,315,0,2,22,24,Conforming,Approved,Approved,Approved - First Pass,2026-09-16 18:17:11.848,—,Diogo Ferreira
LOTE-M-SOP-030-3028,WO-16201,2026-09-16,Shift 3,ISBM-009,M-SOP-030,FA-030-HDPE-FG-1000,9520,L,200,0,2,2,4,Conforming,Approved,Approved,Approved - First Pass,2026-09-17 22:12:23.782,—,Diogo Ferreira
LOTE-M-SOP-030-3029,WO-16204,2026-09-19,Shift 3,ISBM-009,M-SOP-030,FA-030-PP-FG-1000,2691,L,200,0,2,9,11,Conforming,Approved,Approved,Approved - First Pass,2026-09-20 05:00:17.461,—,Ana Silva
LOTE-M-SOP-031-3028,WO-16205,2026-09-19,Shift 2,ISBM-009,M-SOP-031,FA-031-HDPE-FG-500,499,L,200,0,0,0,0,Conforming,Approved,Approved,Approved - First Pass,2026-09-20 17:14:55.284,—,Elena Santos
LOTE-M-SOP-031-3029,WO-16207,2026-09-21,Shift 1,ISBM-009,M-SOP-031,FA-031-PP-FG-500,16650,M,315,0,1,8,9,Conforming,Approved,Approved,Approved - First Pass,2026-09-22 11:11:51.281,—,Diogo Ferreira
LOTE-M-SOP-030-3030,WO-16209,2026-09-22,Shift 1,ISBM-009,M-SOP-030,FA-030-HDPE-FG-1000,1905,L,200,0,1,5,6,Conforming,Approved,Approved,Approved - First Pass,2026-09-23 23:17:02.500,—,Beatriz Costa
LOTE-M-SOP-030-3031,WO-16212,2026-09-24,Shift 1,ISBM-009,M-SOP-030,FA-030-PP-FG-1000,25184,M,315,0,3,11,14,Conforming,Approved,Approved,Approved - First Pass,2026-09-26 01:56:28.174,—,Ana Silva
LOTE-M-SOP-031-3030,WO-16213,2026-09-25,Shift 1,ISBM-009,M-SOP-031,FA-031-HDPE-FG-500,3920,L,200,0,0,7,7,Conforming,Approved,Approved,Approved - First Pass,2026-09-26 14:53:59.667,—,Elena Santos
LOTE-M-SOP-031-3031,WO-16214,2026-09-26,Shift 3,ISBM-009,M-SOP-031,FA-031-PP-FG-500,4621,L,200,0,0,0,0,Conforming,Approved,Approved,Approved - First Pass,2026-09-27 11:50:29.099,—,Diogo Ferreira
LOTE-M-SOP-030-3032,WO-16216,2026-09-27,Shift 1,ISBM-009,M-SOP-030,FA-030-HDPE-FG-1000,11695,M,315,0,4,13,17,Conforming,Approved,Approved,Approved - First Pass,2026-09-28 07:21:17.209,—,Elena Santos
LOTE-M-SOP-030-3033,WO-16219,2026-09-29,Shift 1,ISBM-009,M-SOP-030,FA-030-PP-FG-1000,21598,M,315,0,3,9,12,Conforming,Approved,Approved,Approved - First Pass,2026-09-30 00:37:36.021,—,Beatriz Costa
LOTE-M-SOP-031-3032,WO-16220,2026-09-29,Shift 3,ISBM-009,M-SOP-031,FA-031-HDPE-FG-500,7357,L,200,0,3,2,5,Conforming,Approved,Approved,Approved - First Pass,2026-09-30 18:28:26.200,—,Carlos Mendes
LOTE-M-SOP-031-3033,WO-16223,2026-10-01,Shift 3,ISBM-009,M-SOP-031,FA-031-PP-FG-500,15928,M,315,0,10,1,11,Conforming,Approved,Approved,Approved - First Pass,2026-10-02 13:34:13.720,—,Ana Silva
LOTE-M-SOP-030-3034,WO-16225,2026-10-03,shift 1,ISBM-009,M-SOP-030,FA-030-HDPE-FG-1000,22037,M,315,0,5,25,30,Conforming,Approved,Approved,Approved - First Pass,2026-10-03 22:40:56.654,—,Diogo Ferreira
LOTE-M-SOP-030-3035,WO-16228,2026-10-05,Shift 3,ISBM-009,M-SOP-030,FA-030-PP-FG-1000,11028,M,315,0,12,10,22,Conforming,Approved,Approved,Approved - First Pass,2026-10-05 20:55:57.866,—,Elena Santos
LOTE-M-SOP-031-3034,WO-16231,2026-10-07,Shift 3,ISBM-009,M-SOP-031,FA-031-HDPE-FG-500,19268,M,315,0,0,16,16,Conforming,Approved,Approved,Approved - First Pass,2026-10-08 18:09:43.447,—,Ana Silva
LOTE-M-SOP-031-3035,WO-16232,2026-10-08,Shift 3,ISBM-009,M-SOP-031,FA-031-PP-FG-500,8773,L,200,0,1,3,4,Conforming,Approved,Approved,Approved - First Pass,2026-10-09 14:59:04.532,—,Carlos Mendes
LOTE-M-SOP-030-3036,WO-16235,2026-10-09,Shift 3,ISBM-009,M-SOP-030,FA-030-HDPE-FG-1000,21600,M,315,1,2,23,26,Conforming,Rejected,Rejected,Rejected - Segregated,2026-10-11 13:17:18.341,Leakage:1(Re=1),Beatriz Costa
LOTE-M-SOP-030-3037,WO-16239,2026-10-12,Shift 3,ISBM-009,M-SOP-030,FA-030-PP-FG-1000,14942,M,315,0,4,4,8,Conforming,Approved,Approved,Approved - First Pass,2026-10-12 22:08:29.919,—,Ana Silva
LOTE-M-SOP-031-3037,WO-16240,2026-10-12,Shift 1,ISBM-009,M-SOP-031,FA-031-PP-FG-500,4881,L,200,0,5,1,6,Conforming,Approved,Approved,Approved - First Pass,2026-10-13 01:06:49.759,—,Elena Santos
LOTE-M-SOP-031-3036,WO-16241,2026-10-13,Shift 1,ISBM-009,M-SOP-031,FA-031-HDPE-FG-500,12562,M,315,0,3,9,12,Conforming,Approved,Approved,Approved - First Pass,2026-10-14 18:50:30.708,—,Beatriz Costa
LOTE-M-SOP-030-3038,WO-16243,2026-10-14,Shift 3,ISBM-009,M-SOP-030,FA-030-HDPE-FG-1000,17618,M,315,0,2,7,9,Conforming,Approved,Approved,Approved - First Pass,2026-10-15 22:55:57.761,—,Ana Silva
LOTE-M-SOP-030-3039,WO-16246,2026-10-17,Shift 1,ISBM-009,M-SOP-030,FA-030-PP-FG-1000,3125,L,200,0,4,7,11,Conforming,Approved,Approved,Approved - First Pass,2026-10-18 03:14:34.733,—,Ana Silva
LOTE-M-SOP-031-3038,WO-16247,2026-10-18,Shift 3,ISBM-009,M-SOP-031,FA-031-HDPE-FG-500,6847,L,200,0,0,1,1,Conforming,Approved,Approved,Approved - First Pass,2026-10-19 07:19:19.396,—,Diogo Ferreira
LOTE-M-SOP-031-3039,WO-16250,2026-10-19,SHIFT 2,ISBM-009,M-SOP-031,FA-031-PP-FG-500,11343,M,315,0,4,10,14,Conforming,Approved,Approved,Approved - First Pass,2026-10-21 06:23:37.877,—,Carlos Mendes
LOTE-M-SOP-030-3040,WO-16252,2026-10-21,Shift 1,ISBM-009,M-SOP-030,FA-030-HDPE-FG-1000,20306,M,315,0,8,24,32,Conforming,Approved,Approved,Approved - First Pass,2026-10-22 17:25:10.508,—,Beatriz Costa
LOTE-M-SOP-030-3041,WO-16253,2026-10-22,SHIFT 1,ISBM-009,M-SOP-030,FA-030-PP-FG-1000,8478,L,200,0,0,14,14,Conforming,Approved,Approved,Approved - First Pass,2026-10-23 02:25:58.064,—,Beatriz Costa
LOTE-M-SOP-031-3040,WO-16254,2026-10-23,Shift 1,ISBM-009,M-SOP-031,FA-031-HDPE-FG-500,1802,L,200,0,0,8,8,Conforming,Approved,Approved,Approved - First Pass,2026-10-24 07:49:41.038,—,Elena Santos
LOTE-M-SOP-031-3041,WO-16258,2026-10-25,Shift 3,ISBM-009,M-SOP-031,FA-031-PP-FG-500,22810,M,315,0,1,19,20,Conforming,Approved,Approved,Approved - First Pass,2026-10-26 07:20:39.962,—,Diogo Ferreira
LOTE-M-SOP-030-3042,WO-16259,2026-10-25,shift 3,ISBM-009,M-SOP-030,FA-030-HDPE-FG-1000,4824,L,200,0,7,8,15,Conforming,Approved,Approved,Approved - First Pass,2026-10-27 02:14:20.244,—,Ana Silva
LOTE-M-SOP-030-3043,WO-16260,2026-10-26,Shift 1,ISBM-009,M-SOP-030,FA-030-PP-FG-1000,6220,L,200,0,3,1,4,Conforming,Approved,Approved,Approved - First Pass,2026-10-27 14:53:44.170,—,Ana Silva
LOTE-M-SOP-031-3042,WO-16263,2026-10-27,Shift 3,ISBM-009,M-SOP-031,FA-031-HDPE-FG-500,22743,M,315,0,2,4,6,Conforming,Approved,Approved,Approved - First Pass,2026-10-29 07:16:56.480,—,Ana Silva
LOTE-M-SOP-031-3043,WO-16265,2026-10-29,Shift 2,ISBM-009,M-SOP-031,FA-031-PP-FG-500,12397,M,315,0,5,4,9,Conforming,Approved,Approved,Approved - First Pass,2026-10-30 11:12:14.460,—,Beatriz Costa
LOTE-M-SOP-030-3044,WO-16267,2026-10-30,Shift 2,ISBM-009,M-SOP-030,FA-030-HDPE-FG-1000,11489,M,315,1,0,5,6,Conforming,Rejected,Rejected,Rejected - Segregated,2026-11-01 05:19:17.526,Leakage:1(Re=1),Ana Silva
LOTE-M-SOP-030-3045,WO-16268,2026-10-31,Shift 2,ISBM-009,M-SOP-030,FA-030-PP-FG-1000,8036,L,200,0,3,7,10,Conforming,Approved,Approved,Approved - First Pass,2026-11-01 16:26:09.981,—,Elena Santos
LOTE-M-SOP-031-3044,WO-16270,2026-11-02,Shift 2,ISBM-009,M-SOP-031,FA-031-HDPE-FG-500,3546,L,200,1,0,15,16,Conforming,Rejected,Rejected,Rejected - Segregated,2026-11-03 14:47:59.343,Leakage:1(Re=1),Ana Silva
LOTE-M-SOP-031-3045,WO-16273,2026-11-04,Shift 3,ISBM-009,M-SOP-031,FA-031-PP-FG-500,2044,L,200,0,7,4,11,Conforming,Approved,Approved,Approved - First Pass,2026-11-05 06:06:29.126,—,Elena Santos
LOTE-M-SOP-030-3046,WO-16275,2026-11-05,Shift 3,ISBM-009,M-SOP-030,FA-030-HDPE-FG-1000,2390,L,200,1,6,12,19,Conforming,Rejected,Rejected,Rejected - Segregated,2026-11-06 09:58:43.939,Leakage:1(Re=1),Carlos Mendes
LOTE-M-SOP-030-3047,WO-16277,2026-11-06,SHIFT 2,ISBM-009,M-SOP-030,FA-030-PP-FG-1000,12949,M,315,0,0,9,9,Conforming,Approved,Approved,Approved - First Pass,2026-11-08 02:26:55.710,—,Elena Santos
LOTE-M-SOP-031-3046,WO-16280,2026-11-09,Shift 3,ISBM-009,M-SOP-031,FA-031-HDPE-FG-500,23967,M,315,0,0,18,18,Conforming,Approved,Approved,Approved - First Pass,2026-11-09 21:10:09.353,—,Beatriz Costa
LOTE-M-SOP-031-3047,WO-16281,2026-11-09,shift 2,ISBM-009,M-SOP-031,FA-031-PP-FG-500,4795,L,200,0,4,17,21,Conforming,Approved,Approved,Approved - First Pass,2026-11-10 19:33:42.101,—,Diogo Ferreira
LOTE-M-SOP-030-3048,WO-16284,2026-11-11,Shift 2,ISBM-009,M-SOP-030,FA-030-HDPE-FG-1000,13140,M,315,0,5,3,8,Conforming,Approved,Approved,Approved - First Pass,2026-11-13 01:08:09.920,—,Carlos Mendes
LOTE-M-SOP-030-3049,WO-16286,2026-11-12,  Shift 2  ,ISBM-009,M-SOP-030,FA-030-PP-FG-1000,10800,M,315,0,0,6,6,Conforming,Approved,Approved,Approved - First Pass,2026-11-13 13:28:53.169,—,Elena Santos
LOTE-M-SOP-031-3048,WO-16288,2026-11-14,Shift 3,ISBM-009,M-SOP-031,FA-031-HDPE-FG-500,13304,M,315,0,2,12,14,Conforming,Approved,Approved,Approved - First Pass,2026-11-15 06:24:29.886,—,Beatriz Costa
LOTE-M-SOP-031-3049,WO-16290,2026-11-15,  Shift 3  ,ISBM-009,M-SOP-031,FA-031-PP-FG-500,12086,M,315,0,0,5,5,Conforming,Approved,Approved,Approved - First Pass,2026-11-16 10:10:13.816,—,Diogo Ferreira
LOTE-M-SOP-030-3050,WO-16291,2026-11-15,Shift 2,ISBM-009,M-SOP-030,FA-030-HDPE-FG-1000,2916,L,200,0,6,3,9,Conforming,Approved,Approved,Approved - First Pass,2026-11-16 22:35:59.769,—,Carlos Mendes
LOTE-M-SOP-030-3051,WO-16292,2026-11-16,Shift 2,ISBM-009,M-SOP-030,FA-030-PP-FG-1000,3798,L,200,0,4,7,11,Conforming,Approved,Approved,Approved - First Pass,2026-11-17 22:40:41.185,—,Diogo Ferreira
LOTE-M-SOP-031-3050,WO-16295,2026-11-18,shift 1,ISBM-009,M-SOP-031,FA-031-HDPE-FG-500,10346,M,315,0,2,2,4,Conforming,Approved,Approved,Approved - First Pass,2026-11-19 20:54:34.588,—,Diogo Ferreira
LOTE-M-SOP-031-3051,WO-16297,2026-11-20,Shift 3,ISBM-009,M-SOP-031,FA-031-PP-FG-500,17749,M,315,0,2,5,7,Conforming,Approved,Approved,Approved - First Pass,2026-11-21 12:23:01.233,—,Beatriz Costa
LOTE-M-SOP-030-3052,WO-16298,2026-11-21,Shift 3,ISBM-009,M-SOP-030,FA-030-HDPE-FG-1000,1451,L,200,0,1,0,1,Conforming,Approved,Approved,Approved - First Pass,2026-11-22 14:40:01.115,—,Carlos Mendes
LOTE-M-SOP-030-3053,WO-16299,2026-11-22,Shift 3,ISBM-009,M-SOP-030,FA-030-PP-FG-1000,6329,L,200,0,0,0,0,Conforming,Approved,Approved,Approved - First Pass,2026-11-23 04:34:23.662,—,Carlos Mendes
LOTE-M-SOP-031-3052,WO-16300,2026-11-23,Shift 3,ISBM-009,M-SOP-031,FA-031-HDPE-FG-500,7101,L,200,0,1,1,2,Conforming,Approved,Approved,Approved - First Pass,2026-11-24 07:57:05.446,—,Beatriz Costa
LOTE-M-SOP-031-3053,WO-16301,2026-11-23,SHIFT 2,ISBM-009,M-SOP-031,FA-031-PP-FG-500,1095,L,200,0,0,6,6,Conforming,Approved,Approved,Approved - First Pass,2026-11-24 11:34:34.817,—,Ana Silva
LOTE-M-SOP-030-3054,WO-16302,2026-11-24,SHIFT 1,ISBM-009,M-SOP-030,FA-030-HDPE-FG-1000,6145,L,200,0,0,2,2,Conforming,Approved,Approved,Approved - First Pass,2026-11-25 05:59:36.808,—,Elena Santos
LOTE-M-SOP-030-3055,WO-16304,2026-11-25,Shift 2,ISBM-009,M-SOP-030,FA-030-PP-FG-1000,9299,L,200,0,1,13,14,Conforming,Approved,Approved,Approved - First Pass,2026-11-27 08:11:55.764,—,Elena Santos
LOTE-M-SOP-031-3054,WO-16305,2026-11-26,Shift 2,ISBM-009,M-SOP-031,FA-031-HDPE-FG-500,4868,L,200,0,0,3,3,Conforming,Approved,Approved,Approved - First Pass,2026-11-27 13:11:46.137,—,Beatriz Costa
LOTE-M-SOP-031-3055,WO-16307,2026-11-27,Shift 2,ISBM-009,M-SOP-031,FA-031-PP-FG-500,1405,L,200,0,2,5,7,Conforming,Approved,Approved,Approved - First Pass,2026-11-29 09:27:20.820,—,Ana Silva
LOTE-M-SOP-030-3056,WO-16310,2026-11-30,Shift 3,ISBM-009,M-SOP-030,FA-030-HDPE-FG-1000,22876,M,315,0,4,9,13,Conforming,Approved,Approved,Approved - First Pass,2026-12-01 02:32:34.398,—,Beatriz Costa
LOTE-M-SOP-030-3057,WO-16313,2026-12-02,Shift 3,ISBM-009,M-SOP-030,FA-030-PP-FG-1000,27235,M,315,0,5,10,15,Conforming,Approved,Approved,Approved - First Pass,2026-12-03 15:46:52.107,—,Beatriz Costa
LOTE-M-SOP-031-3056,WO-16314,2026-12-02,SHIFT 3,ISBM-009,M-SOP-031,FA-031-HDPE-FG-500,2753,L,200,0,0,4,4,Conforming,Approved,Approved,Approved - First Pass,2026-12-03 22:10:27.695,—,Carlos Mendes
LOTE-M-SOP-031-3057,WO-16317,2026-12-05,Shift 1,ISBM-009,M-SOP-031,FA-031-PP-FG-500,19106,M,315,0,3,9,12,Conforming,Approved,Approved,Approved - First Pass,2026-12-06 08:28:13.168,—,Beatriz Costa
LOTE-M-SOP-030-3059,WO-16319,2026-12-06,Shift 1,ISBM-009,M-SOP-030,FA-030-PP-FG-1000,4691,L,200,0,0,2,2,Conforming,Approved,Approved,Approved - First Pass,2026-12-07 01:16:55.185,—,Elena Santos
LOTE-M-SOP-030-3058,WO-16318,2026-12-06,Shift 2,ISBM-009,M-SOP-030,FA-030-HDPE-FG-1000,6544,L,200,0,1,4,5,Conforming,Approved,Approved,Approved - First Pass,2026-12-07 18:01:09.670,—,Elena Santos
LOTE-M-SOP-031-3058,WO-16322,2026-12-08,Shift 1,ISBM-009,M-SOP-031,FA-031-HDPE-FG-500,18884,M,315,0,3,12,15,Conforming,Approved,Approved,Approved - First Pass,2026-12-09 12:45:12.845,—,Beatriz Costa
LOTE-M-SOP-031-3059,WO-16324,2026-12-09,Shift 2,ISBM-009,M-SOP-031,FA-031-PP-FG-500,10944,M,315,0,0,8,8,Conforming,Approved,Approved,Approved - First Pass,2026-12-10 19:53:50.411,—,Elena Santos
LOTE-M-SOP-030-3060,WO-16327,2026-12-11,Shift 1,ISBM-009,M-SOP-030,FA-030-HDPE-FG-1000,22546,M,315,0,3,19,22,Conforming,Approved,Approved,Approved - First Pass,2026-12-12 20:24:26.011,—,Diogo Ferreira
LOTE-M-SOP-030-3061,WO-16330,2026-12-14,Shift 3,ISBM-009,M-SOP-030,FA-030-PP-FG-1000,25763,M,315,1,0,14,15,Conforming,Rejected,Rejected,Rejected - Segregated,2026-12-15 09:30:15.175,Leakage:1(Re=1),Elena Santos
LOTE-M-SOP-031-3060,WO-16332,2026-12-15,Shift 2,ISBM-009,M-SOP-031,FA-031-HDPE-FG-500,19162,M,315,1,5,1,7,Conforming,Rejected,Rejected,Rejected - Segregated,2026-12-17 00:47:09.955,Leakage:1(Re=1),Elena Santos
LOTE-M-SOP-031-3061,WO-16333,2026-12-16,shift 1,ISBM-009,M-SOP-031,FA-031-PP-FG-500,10510,M,315,0,0,3,3,Conforming,Approved,Approved,Approved - First Pass,2026-12-17 20:57:31.142,—,Ana Silva
LOTE-M-SOP-030-3062,WO-16336,2026-12-18,shift 1,ISBM-009,M-SOP-030,FA-030-HDPE-FG-1000,3388,L,200,0,1,4,5,Conforming,Approved,Approved,Approved - First Pass,2026-12-19 18:49:25.860,—,Elena Santos
LOTE-M-SOP-030-3063,WO-16337,2026-12-19,Shift 1,ISBM-009,M-SOP-030,FA-030-PP-FG-1000,4403,L,200,0,0,0,0,Conforming,Approved,Approved,Approved - First Pass,2026-12-20 13:52:13.531,—,Carlos Mendes
LOTE-M-SOP-031-3062,WO-16338,2026-12-20,SHIFT 3,ISBM-009,M-SOP-031,FA-031-HDPE-FG-500,7491,L,200,0,0,6,6,Conforming,Approved,Approved,Approved - First Pass,2026-12-21 12:32:31.456,—,Elena Santos
LOTE-M-SOP-031-3063,WO-16341,2026-12-22,  Shift 3  ,ISBM-009,M-SOP-031,FA-031-PP-FG-500,24475,M,315,0,4,5,9,Conforming,Approved,Approved,Approved - First Pass,2026-12-23 00:18:18.952,—,Carlos Mendes
LOTE-M-SOP-030-3064,WO-16344,2026-12-24,Shift 1,ISBM-009,M-SOP-030,FA-030-HDPE-FG-1000,4386,L,200,0,4,7,11,Conforming,Approved,Approved,Approved - First Pass,2026-12-25 17:18:36.761,—,Carlos Mendes
LOTE-M-SOP-030-3065,WO-16346,2026-12-25,Shift 2,ISBM-009,M-SOP-030,FA-030-PP-FG-1000,12887,M,315,0,8,5,13,Conforming,Approved,Approved,Approved - First Pass,2026-12-26 12:24:17.529,—,Carlos Mendes
LOTE-M-SOP-031-3064,WO-16347,2026-12-26,Shift 1,ISBM-009,M-SOP-031,FA-031-HDPE-FG-500,7001,L,200,0,0,2,2,Conforming,Approved,Approved,Approved - First Pass,2026-12-27 08:50:42.975,—,Elena Santos
LOTE-M-SOP-030-3066,WO-16349,2026-12-27,Shift 3,ISBM-009,M-SOP-030,FA-030-HDPE-FG-1000,9577,L,200,0,1,5,6,Conforming,Approved,Approved,Approved - First Pass,2026-12-28 13:02:56.685,—,Ana Silva
LOTE-M-SOP-031-3065,WO-16350,2026-12-28,Shift 2,ISBM-009,M-SOP-031,FA-031-PP-FG-500,21141,M,315,0,4,6,10,Conforming,Approved,Approved,Approved - First Pass,2026-12-29 22:47:00.900,—,Ana Silva
LOTE-M-SOP-030-3067,WO-16351,2026-12-29,Shift 2,ISBM-009,M-SOP-030,FA-030-PP-FG-1000,559,L,200,0,6,0,6,Conforming,Approved,Approved,Approved - First Pass,2026-12-31 01:33:07.548,—,Beatriz Costa
LOTE-M-SOP-031-3066,WO-16352,2026-12-30,shift 1,ISBM-009,M-SOP-031,FA-031-HDPE-FG-500,4302,L,200,0,0,2,2,Conforming,Approved,Approved,Approved - First Pass,2026-12-31 10:29:38.209,—,Elena Santos
LOTE-M-INJ-010-3000,WO-16611,2026-07-06,Shift 3,IM-007,M-INJ-010,PT-010-PP-050,31105,M,315,0,1,8,9,Conforming,Approved,Approved,Approved - First Pass,2026-07-07 21:13:35.477,—,Carlos Mendes
LOTE-M-INJ-010-3001,WO-16612,2026-07-07,Shift 2,IM-007,M-INJ-010,PT-010-PP-PG-050,8527,L,200,0,0,3,3,Conforming,Approved,Approved,Approved - First Pass,2026-07-08 20:32:47.257,—,Beatriz Costa
LOTE-M-INJ-011-3000,WO-16614,2026-07-08,Shift 1,IM-007,M-INJ-011,PT-011-PP-100,10905,M,315,0,1,2,3,Conforming,Approved,Approved,Approved - First Pass,2026-07-09 22:57:35.693,—,Elena Santos
LOTE-M-INJ-011-3001,WO-16617,2026-07-11,Shift 3,IM-007,M-INJ-011,PT-011-PP-PG-100,31174,M,315,0,1,9,10,Conforming,Approved,Approved,Approved - First Pass,2026-07-12 07:08:22.667,—,Carlos Mendes
LOTE-M-INJ-010-3002,WO-16620,2026-07-13,Shift 3,IM-007,M-INJ-010,PT-010-PP-050,35370,M,315,0,1,7,8,Conforming,Approved,Approved,Approved - First Pass,2026-07-14 09:38:23.879,—,Beatriz Costa
LOTE-M-INJ-010-3003,WO-16621,2026-07-13,Shift 2,IM-007,M-INJ-010,PT-010-PP-PG-050,17924,M,315,0,0,2,2,Conforming,Approved,Approved,Approved - First Pass,2026-07-15 11:17:06.242,—,Beatriz Costa
LOTE-M-INJ-011-3002,WO-16624,2026-07-15,Shift 1,IM-007,M-INJ-011,PT-011-PP-100,19563,M,315,0,0,7,7,Conforming,Approved,Approved,Approved - First Pass,2026-07-16 19:26:02.328,—,Ana Silva
LOTE-M-INJ-011-3003,WO-16627,2026-07-17,Shift 2,IM-007,M-INJ-011,PT-011-PP-PG-100,24346,M,315,0,2,8,10,Conforming,Approved,Approved,Approved - First Pass,2026-07-18 20:44:14.150,—,Carlos Mendes
LOTE-M-INJ-010-3004,WO-16630,2026-07-19,SHIFT 1,IM-007,M-INJ-010,PT-010-PP-050,29789,M,315,0,7,5,12,Conforming,Approved,Approved,Approved - First Pass,2026-07-20 16:03:51.406,—,Carlos Mendes
LOTE-M-INJ-010-3005,WO-16633,2026-07-21,  Shift 3  ,IM-007,M-INJ-010,PT-010-PP-PG-050,26295,M,315,0,6,2,8,Conforming,Approved,Approved,Approved - First Pass,2026-07-22 09:27:58.500,—,Carlos Mendes
LOTE-M-INJ-011-3004,WO-16635,2026-07-22,Shift 1,IM-007,M-INJ-011,PT-011-PP-100,15862,M,315,0,0,3,3,Conforming,Approved,Approved,Approved - First Pass,2026-07-22 21:08:18.425,—,Diogo Ferreira
LOTE-M-INJ-011-3005,WO-16637,2026-07-23,Shift 3,IM-007,M-INJ-011,PT-011-PP-PG-100,15990,M,315,1,2,1,4,Conforming,Rejected,Rejected,Rejected - Segregated,2026-07-24 08:17:23.438,Thread:1(Re=1),Ana Silva
LOTE-M-INJ-010-3006,WO-16640,2026-07-25,Shift 1,IM-007,M-INJ-010,PT-010-PP-050,29628,M,315,0,1,13,14,Conforming,Approved,Approved,Approved - First Pass,2026-07-26 11:51:07.707,—,Elena Santos
LOTE-M-INJ-010-3007,WO-16641,2026-07-25,Shift 3,IM-007,M-INJ-010,PT-010-PP-PG-050,5915,L,200,0,2,0,2,Conforming,Approved,Approved,Approved - First Pass,2026-07-26 16:00:03.113,—,Ana Silva
LOTE-M-INJ-011-3006,WO-16642,2026-07-26,Shift 1,IM-007,M-INJ-011,PT-011-PP-100,15632,M,315,0,2,0,2,Conforming,Approved,Approved,Approved - First Pass,2026-07-27 20:26:14.376,—,Beatriz Costa
LOTE-M-INJ-011-3007,WO-16643,2026-07-27,Shift 1,IM-007,M-INJ-011,PT-011-PP-PG-100,12546,M,315,0,2,3,5,Conforming,Approved,Approved,Approved - First Pass,2026-07-28 13:44:30.719,—,Carlos Mendes
LOTE-M-INJ-010-3008,WO-16645,2026-07-29,Shift 3,IM-007,M-INJ-010,PT-010-PP-050,19302,M,315,0,2,6,8,Conforming,Approved,Approved,Approved - First Pass,2026-07-29 20:37:56.145,—,Elena Santos
LOTE-M-INJ-010-3009,WO-16647,2026-07-30,Shift 3,IM-007,M-INJ-010,PT-010-PP-PG-050,22254,M,315,0,2,5,7,Conforming,Approved,Approved,Approved - First Pass,2026-07-31 01:15:06.651,—,Elena Santos
LOTE-M-INJ-011-3008,WO-16648,2026-07-30,Shift 3,IM-007,M-INJ-011,PT-011-PP-100,3374,L,200,0,0,0,0,Conforming,Approved,Approved,Approved - First Pass,2026-07-31 15:17:49.391,—,Elena Santos
LOTE-M-INJ-011-3009,WO-16649,2026-07-31,Shift 1,IM-007,M-INJ-011,PT-011-PP-PG-100,9595,L,200,0,0,2,2,Conforming,Approved,Approved,Approved - First Pass,2026-08-02 00:24:38.940,—,Diogo Ferreira
LOTE-M-INJ-010-3010,WO-16651,2026-08-01,Shift 3,IM-007,M-INJ-010,PT-010-PP-050,19096,M,315,0,0,4,4,Conforming,Approved,Approved,Approved - First Pass,2026-08-03 05:40:04.370,—,Carlos Mendes
LOTE-M-INJ-010-3011,WO-16652,2026-08-02,Shift 1,IM-007,M-INJ-010,PT-010-PP-PG-050,9413,L,200,0,0,0,0,Conforming,Approved,Approved,Approved - First Pass,2026-08-03 15:16:26.409,—,Elena Santos
LOTE-M-INJ-011-3010,WO-16655,2026-08-04,  Shift 2  ,IM-007,M-INJ-011,PT-011-PP-100,32725,M,315,0,5,5,10,Conforming,Approved,Approved,Approved - First Pass,2026-08-05 15:21:17.277,—,Beatriz Costa
LOTE-M-INJ-011-3011,WO-16657,2026-08-05,Shift 2,IM-007,M-INJ-011,PT-011-PP-PG-100,18810,M,315,0,6,9,15,Conforming,Approved,Approved,Approved - First Pass,2026-08-07 05:10:28.409,—,Beatriz Costa
LOTE-M-INJ-010-3012,WO-16660,2026-08-07,Shift 2,IM-007,M-INJ-010,PT-010-PP-050,28666,M,315,0,0,2,2,Conforming,Approved,Approved,Approved - First Pass,2026-08-09 08:48:39.948,—,Ana Silva
LOTE-M-INJ-010-3013,WO-16662,2026-08-09,Shift 3,IM-007,M-INJ-010,PT-010-PP-PG-050,19686,M,315,0,0,7,7,Conforming,Approved,Approved,Approved - First Pass,2026-08-10 01:03:31.658,—,Diogo Ferreira
LOTE-M-INJ-011-3012,WO-16664,2026-08-10,Shift 1,IM-007,M-INJ-011,PT-011-PP-100,23246,M,315,1,2,5,8,Conforming,Rejected,Rejected,Rejected - Segregated,2026-08-11 16:00:18.980,Sealing:1(Re=1),Beatriz Costa
LOTE-M-INJ-011-3013,WO-16667,2026-08-12,Shift 2,IM-007,M-INJ-011,PT-011-PP-PG-100,36596,M,315,0,7,10,17,Conforming,Approved,Approved,Approved - First Pass,2026-08-14 04:33:10.758,—,Carlos Mendes
LOTE-M-INJ-010-3014,WO-16668,2026-08-13,Shift 1,IM-007,M-INJ-010,PT-010-PP-050,7467,L,200,0,0,1,1,Conforming,Approved,Approved,Approved - First Pass,2026-08-14 01:59:06.319,—,Diogo Ferreira
LOTE-M-INJ-010-3015,WO-16671,2026-08-15,Shift 3,IM-007,M-INJ-010,PT-010-PP-PG-050,24909,M,315,1,3,8,12,Conforming,Rejected,Rejected,Rejected - Segregated,2026-08-16 04:56:05.494,—,Carlos Mendes
LOTE-M-INJ-011-3014,WO-16673,2026-08-16,Shift 2,IM-007,M-INJ-011,PT-011-PP-100,11666,M,315,1,2,1,4,Conforming,Rejected,Rejected,Rejected - Segregated,2026-08-17 21:51:32.062,—,Beatriz Costa
LOTE-M-INJ-010-3016,WO-16675,2026-08-17,Shift 3,IM-007,M-INJ-010,PT-010-PP-050,10201,M,315,0,0,2,2,Conforming,Approved,Approved,Approved - First Pass,2026-08-18 05:09:26.123,—,Carlos Mendes
LOTE-M-INJ-011-3015,WO-16674,2026-08-17,Shift 2,IM-007,M-INJ-011,PT-011-PP-PG-100,9726,L,200,0,0,4,4,Conforming,Approved,Approved,Approved - First Pass,2026-08-18 21:39:57.416,—,Diogo Ferreira
LOTE-M-INJ-010-3017,WO-16676,2026-08-18,Shift 1,IM-007,M-INJ-010,PT-010-PP-PG-050,10214,M,315,0,0,4,4,Conforming,Approved,Approved,Approved - First Pass,2026-08-19 07:23:21.512,—,Ana Silva
LOTE-M-INJ-011-3016,WO-16679,2026-08-20,shift 1,IM-007,M-INJ-011,PT-011-PP-100,32252,M,315,0,0,12,12,Conforming,Approved,Approved,Approved - First Pass,2026-08-21 14:52:02.063,—,Beatriz Costa
LOTE-M-INJ-011-3017,WO-16680,2026-08-21,Shift 3,IM-007,M-INJ-011,PT-011-PP-PG-100,6436,L,200,0,0,0,0,Conforming,Approved,Approved,Approved - First Pass,2026-08-21 16:55:03.530,—,Ana Silva
LOTE-M-INJ-010-3018,WO-16681,2026-08-21,Shift 2,IM-007,M-INJ-010,PT-010-PP-050,7310,L,200,0,0,0,0,Conforming,Approved,Approved,Approved - First Pass,2026-08-23 01:17:01.109,—,Diogo Ferreira
LOTE-M-INJ-010-3019,WO-16682,2026-08-22,SHIFT 1,IM-007,M-INJ-010,PT-010-PP-PG-050,4330,L,200,0,0,1,1,Conforming,Approved,Approved,Approved - First Pass,2026-08-23 01:50:25.295,—,Carlos Mendes
LOTE-M-INJ-011-3018,WO-16683,2026-08-22,Shift 2,IM-007,M-INJ-011,PT-011-PP-100,7018,L,200,0,0,0,0,Conforming,Approved,Approved,Approved - First Pass,2026-08-23 21:07:24.934,—,Ana Silva
LOTE-M-INJ-011-3019,WO-16685,2026-08-24,Shift 1,IM-007,M-INJ-011,PT-011-PP-PG-100,19065,M,315,0,4,1,5,Conforming,Approved,Approved,Approved - First Pass,2026-08-25 16:24:14.973,—,Diogo Ferreira
LOTE-M-INJ-010-3020,WO-16688,2026-08-26,Shift 1,IM-007,M-INJ-010,PT-010-PP-050,28389,M,315,0,1,3,4,Conforming,Approved,Approved,Approved - First Pass,2026-08-27 10:57:09.632,—,Ana Silva
LOTE-M-INJ-010-3021,WO-16689,2026-08-26,Shift 2,IM-007,M-INJ-010,PT-010-PP-PG-050,8805,L,200,0,0,2,2,Conforming,Approved,Approved,Approved - First Pass,2026-08-27 18:15:47.725,—,Carlos Mendes
LOTE-M-INJ-011-3020,WO-16690,2026-08-27,Shift 2,IM-007,M-INJ-011,PT-011-PP-100,13037,M,315,0,0,3,3,Conforming,Approved,Approved,Approved - First Pass,2026-08-28 22:59:21.473,—,Ana Silva
LOTE-M-INJ-011-3021,WO-16693,2026-08-29,Shift 3,IM-007,M-INJ-011,PT-011-PP-PG-100,23346,M,315,0,0,2,2,Conforming,Approved,Approved,Approved - First Pass,2026-08-30 02:03:26.707,—,Diogo Ferreira
LOTE-M-INJ-010-3022,WO-16695,2026-08-30,Shift 1,IM-007,M-INJ-010,PT-010-PP-050,25959,M,315,0,0,2,2,Conforming,Approved,Approved,Approved - First Pass,2026-08-31 15:51:35.084,—,Elena Santos
LOTE-M-INJ-010-3023,WO-16697,2026-09-01,Shift 1,IM-007,M-INJ-010,PT-010-PP-PG-050,29106,M,315,0,1,8,9,Conforming,Approved,Approved,Approved - First Pass,2026-09-02 21:55:41.054,—,Diogo Ferreira
LOTE-M-INJ-011-3022,WO-16698,2026-09-02,Shift 1,IM-007,M-INJ-011,PT-011-PP-100,9716,L,200,0,0,0,0,Conforming,Approved,Approved,Approved - First Pass,2026-09-03 16:32:37.416,—,Carlos Mendes
LOTE-M-INJ-011-3023,WO-16700,2026-09-03,Shift 1,IM-007,M-INJ-011,PT-011-PP-PG-100,18550,M,315,0,3,4,7,Conforming,Approved,Approved,Approved - First Pass,2026-09-04 12:14:03.540,—,Carlos Mendes
LOTE-M-INJ-010-3024,WO-16701,2026-09-04,Shift 3,IM-007,M-INJ-010,PT-010-PP-050,10532,M,315,1,2,0,3,Conforming,Rejected,Rejected,Rejected - Segregated,2026-09-05 06:10:24.324,Thread:1(Re=1),Carlos Mendes
LOTE-M-INJ-010-3025,WO-16702,2026-09-04,Shift 2,IM-007,M-INJ-010,PT-010-PP-PG-050,16760,M,315,0,1,2,3,Conforming,Approved,Approved,Approved - First Pass,2026-09-05 23:14:52.109,—,Diogo Ferreira
LOTE-M-INJ-011-3024,WO-16704,2026-09-06,Shift 2,IM-007,M-INJ-011,PT-011-PP-100,14274,M,315,0,1,1,2,Conforming,Approved,Approved,Approved - First Pass,2026-09-07 11:57:49.403,—,Ana Silva
LOTE-M-INJ-011-3025,WO-16707,2026-09-08,Shift 1,IM-007,M-INJ-011,PT-011-PP-PG-100,31133,M,315,1,0,6,7,Conforming,Rejected,Rejected,Rejected - Segregated,2026-09-09 19:14:11.902,Sealing:1(Re=1),Ana Silva
LOTE-M-INJ-010-3026,WO-16710,2026-09-10,Shift 1,IM-007,M-INJ-010,PT-010-PP-050,29174,M,315,0,1,4,5,Conforming,Approved,Approved,Approved - First Pass,2026-09-11 18:55:57.381,—,Diogo Ferreira
LOTE-M-INJ-010-3027,WO-16711,2026-09-11,Shift 3,IM-007,M-INJ-010,PT-010-PP-PG-050,10005,M,315,0,3,4,7,Conforming,Approved,Approved,Approved - First Pass,2026-09-11 23:21:56.768,—,Elena Santos
LOTE-M-INJ-011-3026,WO-16712,2026-09-11,Shift 2,IM-007,M-INJ-011,PT-011-PP-100,2573,L,200,0,0,2,2,Conforming,Approved,Approved,Approved - First Pass,2026-09-13 00:14:10.694,—,Beatriz Costa
LOTE-M-INJ-011-3027,WO-16713,2026-09-12,Shift 2,IM-007,M-INJ-011,PT-011-PP-PG-100,8064,L,200,0,0,2,2,Conforming,Approved,Approved,Approved - First Pass,2026-09-13 21:21:04.618,—,Elena Santos
LOTE-M-INJ-010-3028,WO-16715,2026-09-14,Shift 1,IM-007,M-INJ-010,PT-010-PP-050,15460,M,315,0,0,2,2,Conforming,Approved,Approved,Approved - First Pass,2026-09-15 13:53:39.531,—,Beatriz Costa
LOTE-M-INJ-010-3029,WO-16718,2026-09-16,Shift 1,IM-007,M-INJ-010,PT-010-PP-PG-050,30868,M,315,0,4,11,15,Conforming,Approved,Approved,Approved - First Pass,2026-09-17 16:18:09.031,—,Diogo Ferreira
LOTE-M-INJ-011-3028,WO-16721,2026-09-18,Shift 2,IM-007,M-INJ-011,PT-011-PP-100,29033,M,315,0,2,6,8,Conforming,Approved,Approved,Approved - First Pass,2026-09-20 02:46:25.538,—,Diogo Ferreira
LOTE-M-INJ-011-3029,WO-16722,2026-09-19,Shift 2,IM-007,M-INJ-011,PT-011-PP-PG-100,9846,L,200,0,0,2,2,Conforming,Approved,Approved,Approved - First Pass,2026-09-20 16:41:24.630,—,Carlos Mendes
LOTE-M-INJ-010-3030,WO-16723,2026-09-20,Shift 1,IM-007,M-INJ-010,PT-010-PP-050,12891,M,315,0,2,3,5,Conforming,Approved,Approved,Approved - First Pass,2026-09-21 07:58:32.730,—,Carlos Mendes
LOTE-M-INJ-010-3031,WO-16724,2026-09-21,Shift 3,IM-007,M-INJ-010,PT-010-PP-PG-050,15237,M,315,0,0,0,0,Conforming,Approved,Approved,Approved - First Pass,2026-09-22 15:25:07.655,—,Ana Silva
LOTE-M-INJ-011-3030,WO-16727,2026-09-23,Shift 1,IM-007,M-INJ-011,PT-011-PP-100,22919,M,315,0,0,6,6,Conforming,Approved,Approved,Approved - First Pass,2026-09-24 16:09:03.195,—,Elena Santos
LOTE-M-INJ-011-3031,WO-16728,2026-09-23,Shift 2,IM-007,M-INJ-011,PT-011-PP-PG-100,12228,M,315,0,0,0,0,Conforming,Approved,Approved,Approved - First Pass,2026-09-24 21:13:36.000,—,Elena Santos
LOTE-M-INJ-010-3032,WO-16730,2026-09-25,Shift 2,IM-007,M-INJ-010,PT-010-PP-050,16844,M,315,1,4,6,11,Conforming,Rejected,Rejected,Rejected - Segregated,2026-09-26 22:09:25.544,Sealing:1(Re=1),Carlos Mendes
LOTE-M-INJ-010-3033,WO-16731,2026-09-26,  Shift 3  ,IM-007,M-INJ-010,PT-010-PP-PG-050,12158,M,315,0,2,1,3,Conforming,Approved,Approved,Approved - First Pass,2026-09-27 15:04:08.490,—,Ana Silva
LOTE-M-INJ-011-3032,WO-16733,2026-09-28,Shift 3,IM-007,M-INJ-011,PT-011-PP-100,19166,M,315,0,3,3,6,Conforming,Approved,Approved,Approved - First Pass,2026-09-29 01:56:43.697,—,Elena Santos
LOTE-M-INJ-011-3033,WO-16735,2026-09-29,Shift 2,IM-007,M-INJ-011,PT-011-PP-PG-100,12418,M,315,0,0,0,0,Conforming,Approved,Approved,Approved - First Pass,2026-09-30 13:22:48.217,—,Ana Silva
LOTE-M-INJ-010-3034,WO-16736,2026-09-30,Shift 1,IM-007,M-INJ-010,PT-010-PP-050,8009,L,200,0,1,3,4,Conforming,Approved,Approved,Approved - First Pass,2026-10-01 02:14:11.995,—,Ana Silva
LOTE-M-INJ-010-3035,WO-16739,2026-10-02,Shift 1,IM-007,M-INJ-010,PT-010-PP-PG-050,31126,M,315,0,6,9,15,Conforming,Approved,Approved,Approved - First Pass,2026-10-03 08:41:50.597,—,Ana Silva
LOTE-M-INJ-011-3034,WO-16741,2026-10-04,Shift 3,IM-007,M-INJ-011,PT-011-PP-100,22409,M,315,0,2,7,9,Conforming,Approved,Approved,Approved - First Pass,2026-10-04 20:24:21.508,—,Ana Silva
LOTE-M-INJ-011-3035,WO-16742,2026-10-04,Shift 2,IM-007,M-INJ-011,PT-011-PP-PG-100,8451,L,200,0,2,6,8,Conforming,Approved,Approved,Approved - First Pass,2026-10-05 13:46:05.264,—,Diogo Ferreira
LOTE-M-INJ-010-3036,WO-16744,2026-10-06,SHIFT 3,IM-007,M-INJ-010,PT-010-PP-050,22949,M,315,0,1,3,4,Conforming,Approved,Approved,Approved - First Pass,2026-10-07 01:32:58.213,—,Elena Santos
LOTE-M-INJ-010-3037,WO-16745,2026-10-06,Shift 2,IM-007,M-INJ-010,PT-010-PP-PG-050,8954,L,200,0,0,1,1,Conforming,Approved,Approved,Approved - First Pass,2026-10-08 03:42:00.734,—,Beatriz Costa
LOTE-M-INJ-011-3036,WO-16747,2026-10-08,Shift 3,IM-007,M-INJ-011,PT-011-PP-100,20763,M,315,0,2,6,8,Conforming,Approved,Approved,Approved - First Pass,2026-10-09 03:29:54.645,—,Carlos Mendes
LOTE-M-INJ-011-3037,WO-16748,2026-10-08,Shift 3,IM-007,M-INJ-011,PT-011-PP-PG-100,7930,L,200,0,3,5,8,Conforming,Approved,Approved,Approved - First Pass,2026-10-09 17:55:58.195,—,Elena Santos
LOTE-M-INJ-010-3038,WO-16750,2026-10-10,Shift 3,IM-007,M-INJ-010,PT-010-PP-050,18164,M,315,0,2,1,3,Conforming,Approved,Approved,Approved - First Pass,2026-10-11 13:02:40.056,—,Carlos Mendes
LOTE-M-INJ-010-3039,WO-16751,2026-10-10,Shift 2,IM-007,M-INJ-010,PT-010-PP-PG-050,8798,L,200,0,0,2,2,Conforming,Approved,Approved,Approved - First Pass,2026-10-11 18:56:16.720,—,Carlos Mendes
LOTE-M-INJ-011-3038,WO-16752,2026-10-11,Shift 1,IM-007,M-INJ-011,PT-011-PP-100,8479,L,200,0,0,0,0,Conforming,Approved,Approved,Approved - First Pass,2026-10-12 18:50:42.972,—,Diogo Ferreira
LOTE-M-INJ-011-3039,WO-16754,2026-10-12,Shift 3,IM-007,M-INJ-011,PT-011-PP-PG-100,24289,M,315,0,0,7,7,Conforming,Approved,Approved,Approved - First Pass,2026-10-13 18:57:00.242,—,Elena Santos
LOTE-M-INJ-010-3040,WO-16757,2026-10-14,Shift 3,IM-007,M-INJ-010,PT-010-PP-050,23451,M,315,0,4,4,8,Conforming,Approved,Approved,Approved - First Pass,2026-10-15 04:08:38.309,—,Carlos Mendes
LOTE-M-INJ-010-3041,WO-16756,2026-10-14,Shift 2,IM-007,M-INJ-010,PT-010-PP-PG-050,5779,L,200,0,2,1,3,Conforming,Approved,Approved,Approved - First Pass,2026-10-15 22:42:34.932,—,Beatriz Costa
LOTE-M-INJ-011-3040,WO-16759,2026-10-16,Shift 3,IM-007,M-INJ-011,PT-011-PP-100,25061,M,315,0,4,10,14,Conforming,Approved,Approved,Approved - First Pass,2026-10-16 23:11:39.149,—,Beatriz Costa
LOTE-M-INJ-011-3041,WO-16760,2026-10-16,Shift 2,IM-007,M-INJ-011,PT-011-PP-PG-100,5762,L,200,0,0,1,1,Conforming,Approved,Approved,Approved - First Pass,2026-10-18 00:29:02.336,—,Beatriz Costa
LOTE-M-INJ-010-3042,WO-16762,2026-10-17,  Shift 2  ,IM-007,M-INJ-010,PT-010-PP-050,16055,M,315,0,0,7,7,Conforming,Approved,Approved,Approved - First Pass,2026-10-19 09:13:12.160,—,Ana Silva
LOTE-M-INJ-010-3043,WO-16763,2026-10-18,Shift 2,IM-007,M-INJ-010,PT-010-PP-PG-050,9391,L,200,0,1,2,3,Conforming,Approved,Approved,Approved - First Pass,2026-10-20 01:36:30.665,—,Ana Silva
LOTE-M-INJ-011-3042,WO-16765,2026-10-19,  Shift 2  ,IM-007,M-INJ-011,PT-011-PP-100,15482,M,315,0,0,4,4,Conforming,Approved,Approved,Approved - First Pass,2026-10-20 19:59:00.031,—,Carlos Mendes
LOTE-M-INJ-011-3043,WO-16767,2026-10-21,Shift 1,IM-007,M-INJ-011,PT-011-PP-PG-100,25286,M,315,1,0,9,10,Conforming,Rejected,Rejected,Rejected - Segregated,2026-10-22 07:35:55.470,Sealing:1(Re=1),Carlos Mendes
LOTE-M-INJ-010-3044,WO-16770,2026-10-22,Shift 2,IM-007,M-INJ-010,PT-010-PP-050,26655,M,315,0,2,11,13,Conforming,Approved,Approved,Approved - First Pass,2026-10-24 07:38:33.485,—,Elena Santos
LOTE-M-INJ-010-3045,WO-16773,2026-10-24,Shift 3,IM-007,M-INJ-010,PT-010-PP-PG-050,17135,M,315,0,1,7,8,Conforming,Approved,Approved,Approved - First Pass,2026-10-25 06:35:33.775,—,Diogo Ferreira
LOTE-M-INJ-011-3044,WO-16774,2026-10-25,Shift 2,IM-007,M-INJ-011,PT-011-PP-100,22366,M,315,0,1,5,6,Conforming,Approved,Approved,Approved - First Pass,2026-10-26 11:57:00.047,—,Elena Santos
LOTE-M-INJ-011-3045,WO-16777,2026-10-27,Shift 1,IM-007,M-INJ-011,PT-011-PP-PG-100,31237,M,315,0,2,2,4,Conforming,Approved,Approved,Approved - First Pass,2026-10-28 07:18:18.026,—,Carlos Mendes
LOTE-M-INJ-010-3046,WO-16778,2026-10-28,Shift 3,IM-007,M-INJ-010,PT-010-PP-050,10484,M,315,2,1,1,4,Conforming,Rejected,Rejected,Rejected - Segregated,2026-10-28 21:35:56.746,—,Diogo Ferreira
LOTE-M-INJ-010-3047,WO-16779,2026-10-28,SHIFT 2,IM-007,M-INJ-010,PT-010-PP-PG-050,11696,M,315,0,1,11,12,Conforming,Approved,Approved,Approved - First Pass,2026-10-30 01:16:44.033,—,Carlos Mendes
LOTE-M-INJ-011-3046,WO-16780,2026-10-29,Shift 1,IM-007,M-INJ-011,PT-011-PP-100,14468,M,315,0,1,2,3,Conforming,Approved,Approved,Approved - First Pass,2026-10-30 12:55:00.768,—,Diogo Ferreira
LOTE-M-INJ-011-3047,WO-16783,2026-10-31,Shift 1,IM-007,M-INJ-011,PT-011-PP-PG-100,32568,M,315,0,5,4,9,Conforming,Approved,Approved,Approved - First Pass,2026-11-01 09:37:14.107,—,Ana Silva
LOTE-M-INJ-010-3048,WO-16784,2026-11-01,Shift 1,IM-007,M-INJ-010,PT-010-PP-050,11126,M,315,0,3,2,5,Conforming,Approved,Approved,Approved - First Pass,2026-11-02 06:21:06.942,—,Elena Santos
LOTE-M-INJ-010-3049,WO-16786,2026-11-03,Shift 3,IM-007,M-INJ-010,PT-010-PP-PG-050,20942,M,315,1,3,9,13,Conforming,Rejected,Rejected,Rejected - Segregated,2026-11-03 22:56:09.298,Sealing:1(Re=1),Ana Silva
LOTE-M-INJ-011-3048,WO-16790,2026-11-05,Shift 3,IM-007,M-INJ-011,PT-011-PP-100,33917,M,315,2,4,16,22,Conforming,Rejected,Rejected,Rejected - Segregated,2026-11-06 09:04:42.931,Thread:1(Re=1),Beatriz Costa
LOTE-M-INJ-011-3049,WO-16789,2026-11-05,Shift 2,IM-007,M-INJ-011,PT-011-PP-PG-100,11711,M,315,0,1,2,3,Conforming,Approved,Approved,Approved - First Pass,2026-11-07 07:21:14.055,—,Diogo Ferreira
LOTE-M-INJ-010-3050,WO-16791,2026-11-06,Shift 2,IM-007,M-INJ-010,PT-010-PP-050,12834,M,315,0,3,7,10,Conforming,Approved,Approved,Approved - First Pass,2026-11-08 01:00:57.267,—,Diogo Ferreira
LOTE-M-INJ-010-3051,WO-16794,2026-11-08,Shift 2,IM-007,M-INJ-010,PT-010-PP-PG-050,32221,M,315,0,1,6,7,Conforming,Approved,Approved,Approved - First Pass,2026-11-09 11:09:29.500,—,Ana Silva
LOTE-M-INJ-011-3050,WO-16796,2026-11-10,Shift 3,IM-007,M-INJ-011,PT-011-PP-100,21188,M,315,0,0,7,7,Conforming,Approved,Approved,Approved - First Pass,2026-11-10 18:37:58.297,—,Ana Silva
LOTE-M-INJ-011-3051,WO-16797,2026-11-10,Shift 2,IM-007,M-INJ-011,PT-011-PP-PG-100,14371,M,315,2,3,3,8,Conforming,Rejected,Rejected,Rejected - Segregated,2026-11-11 18:45:22.354,Sealing:2(Re=1),Diogo Ferreira
LOTE-M-INJ-010-3052,WO-16799,2026-11-11,Shift 2,IM-007,M-INJ-010,PT-010-PP-050,18860,M,315,0,0,7,7,Conforming,Approved,Approved,Approved - First Pass,2026-11-12 15:09:55.835,—,Carlos Mendes
LOTE-M-INJ-010-3053,WO-16802,2026-11-13,Shift 2,IM-007,M-INJ-010,PT-010-PP-PG-050,31227,M,315,1,2,14,17,Conforming,Rejected,Rejected,Rejected - Segregated,2026-11-14 16:30:35.353,Sealing:1(Re=1),Carlos Mendes
LOTE-M-INJ-011-3053,WO-16804,2026-11-14,Shift 1,IM-007,M-INJ-011,PT-011-PP-PG-100,4454,L,200,0,0,0,0,Conforming,Approved,Approved,Approved - First Pass,2026-11-15 05:17:02.747,—,Diogo Ferreira
LOTE-M-INJ-011-3052,WO-16805,2026-11-15,Shift 2,IM-007,M-INJ-011,PT-011-PP-100,24627,M,315,0,1,5,6,Conforming,Approved,Approved,Approved - First Pass,2026-11-16 17:31:45.308,—,Carlos Mendes
LOTE-M-INJ-010-3054,WO-16806,2026-11-16,Shift 1,IM-007,M-INJ-010,PT-010-PP-050,9988,L,200,0,2,1,3,Conforming,Approved,Approved,Approved - First Pass,2026-11-17 17:00:02.287,—,Elena Santos
LOTE-M-INJ-010-3055,WO-16808,2026-11-17,Shift 2,IM-007,M-INJ-010,PT-010-PP-PG-050,21226,M,315,0,6,8,14,Conforming,Approved,Approved,Approved - First Pass,2026-11-19 00:36:32.834,—,Elena Santos
LOTE-M-INJ-011-3054,WO-16810,2026-11-18,Shift 3,IM-007,M-INJ-011,PT-011-PP-100,13403,M,315,0,1,7,8,Conforming,Approved,Approved,Approved - First Pass,2026-11-19 16:41:55.286,—,Carlos Mendes
LOTE-M-INJ-011-3055,WO-16813,2026-11-20,Shift 2,IM-007,M-INJ-011,PT-011-PP-PG-100,22240,M,315,0,2,3,5,Conforming,Approved,Approved,Approved - First Pass,2026-11-21 10:50:57.372,—,Diogo Ferreira
LOTE-M-INJ-010-3056,WO-16814,2026-11-21,Shift 1,IM-007,M-INJ-010,PT-010-PP-050,6286,L,200,0,1,1,2,Conforming,Approved,Approved,Approved - First Pass,2026-11-22 00:25:50.904,—,Carlos Mendes
LOTE-M-INJ-010-3057,WO-16817,2026-11-23,Shift 3,IM-007,M-INJ-010,PT-010-PP-PG-050,24587,M,315,0,2,4,6,Conforming,Approved,Approved,Approved - First Pass,2026-11-24 07:27:52.686,—,Ana Silva
LOTE-M-INJ-011-3056,WO-16820,2026-11-24,Shift 2,IM-007,M-INJ-011,PT-011-PP-100,31487,M,315,0,5,10,15,Conforming,Approved,Approved,Approved - First Pass,2026-11-25 18:15:29.497,—,Ana Silva
LOTE-M-INJ-011-3057,WO-16823,2026-11-26,Shift 3,IM-007,M-INJ-011,PT-011-PP-PG-100,18416,M,315,2,2,8,12,Conforming,Rejected,Rejected,Rejected - Segregated,2026-11-27 02:14:42.421,Thread:2(Re=1),Ana Silva
LOTE-M-INJ-010-3058,WO-16825,2026-11-28,Shift 1,IM-007,M-INJ-010,PT-010-PP-050,28459,M,315,1,5,9,15,Conforming,Rejected,Rejected,Rejected - Segregated,2026-11-29 11:53:37.591,Sealing:1(Re=1),Ana Silva
LOTE-M-INJ-010-3059,WO-16826,2026-11-28,Shift 3,IM-007,M-INJ-010,PT-010-PP-PG-050,15239,M,315,0,0,0,0,Conforming,Approved,Approved,Approved - First Pass,2026-11-29 20:49:41.464,—,Carlos Mendes
LOTE-M-INJ-011-3058,WO-16828,2026-11-30,Shift 1,IM-007,M-INJ-011,PT-011-PP-100,18564,M,315,0,1,9,10,Conforming,Approved,Approved,Approved - First Pass,2026-12-01 06:31:51.766,—,Beatriz Costa
LOTE-M-INJ-011-3059,WO-16829,2026-12-01,  Shift 3  ,IM-007,M-INJ-011,PT-011-PP-PG-100,14454,M,315,0,0,7,7,Conforming,Approved,Approved,Approved - First Pass,2026-12-02 15:13:57.059,—,Beatriz Costa
LOTE-M-INJ-010-3061,WO-16831,2026-12-02,Shift 3,IM-007,M-INJ-010,PT-010-PP-PG-050,9620,L,200,0,1,0,1,Conforming,Approved,Approved,Approved - First Pass,2026-12-03 07:03:59.192,—,Beatriz Costa
LOTE-M-INJ-010-3060,WO-16832,2026-12-03,shift 1,IM-007,M-INJ-010,PT-010-PP-050,14217,M,315,0,0,2,2,Conforming,Approved,Approved,Approved - First Pass,2026-12-04 12:50:40.830,—,Elena Santos
LOTE-M-INJ-011-3060,WO-16835,2026-12-04,SHIFT 3,IM-007,M-INJ-011,PT-011-PP-100,23024,M,315,1,5,3,9,Conforming,Rejected,Rejected,Rejected - Segregated,2026-12-06 15:57:47.686,Sealing:1(Re=1),Carlos Mendes
LOTE-M-INJ-011-3061,WO-16836,2026-12-06,Shift 3,IM-007,M-INJ-011,PT-011-PP-PG-100,14516,M,315,0,0,4,4,Conforming,Approved,Approved,Approved - First Pass,2026-12-07 17:00:37.289,—,Diogo Ferreira
LOTE-M-INJ-010-3062,WO-16838,2026-12-07,Shift 2,IM-007,M-INJ-010,PT-010-PP-050,16924,M,315,0,0,8,8,Conforming,Approved,Approved,Approved - First Pass,2026-12-08 11:45:56.160,—,Diogo Ferreira
LOTE-M-INJ-011-3062,WO-16840,2026-12-08,Shift 3,IM-007,M-INJ-011,PT-011-PP-100,14084,M,315,0,1,1,2,Conforming,Approved,Approved,Approved - First Pass,2026-12-08 21:38:37.722,—,Ana Silva
LOTE-M-INJ-010-3063,WO-16841,2026-12-09,Shift 1,IM-007,M-INJ-010,PT-010-PP-PG-050,12061,M,315,0,1,6,7,Conforming,Approved,Approved,Approved - First Pass,2026-12-10 11:50:14.894,—,Elena Santos
LOTE-M-INJ-011-3063,WO-16842,2026-12-09,Shift 2,IM-007,M-INJ-011,PT-011-PP-PG-100,10183,M,315,1,0,2,3,Conforming,Rejected,Rejected,Rejected - Segregated,2026-12-10 12:44:58.143,Sealing:1(Re=1),Ana Silva
LOTE-M-INJ-010-3064,WO-16843,2026-12-10,Shift 1,IM-007,M-INJ-010,PT-010-PP-050,6851,L,200,1,0,1,2,Conforming,Rejected,Rejected,Rejected - Segregated,2026-12-11 16:33:46.273,Sealing:1(Re=1),Diogo Ferreira
LOTE-M-INJ-010-3065,WO-16844,2026-12-11,Shift 1,IM-007,M-INJ-010,PT-010-PP-PG-050,3919,L,200,0,0,3,3,Conforming,Approved,Approved,Approved - First Pass,2026-12-11 22:26:56.890,—,Diogo Ferreira
LOTE-M-INJ-011-3064,WO-16846,2026-12-12,Shift 1,IM-007,M-INJ-011,PT-011-PP-100,14353,M,315,0,2,1,3,Conforming,Approved,Approved,Approved - First Pass,2026-12-13 14:39:40.013,—,Elena Santos
LOTE-M-INJ-011-3065,WO-16847,2026-12-13,Shift 3,IM-007,M-INJ-011,PT-011-PP-PG-100,4692,L,200,0,0,0,0,Conforming,Approved,Approved,Approved - First Pass,2026-12-14 20:15:56.872,—,Carlos Mendes
LOTE-M-INJ-010-3066,WO-16849,2026-12-14,Shift 2,IM-007,M-INJ-010,PT-010-PP-050,14373,M,315,0,2,4,6,Conforming,Approved,Approved,Approved - First Pass,2026-12-15 23:29:32.208,—,Carlos Mendes
LOTE-M-INJ-010-3067,WO-16850,2026-12-15,Shift 1,IM-007,M-INJ-010,PT-010-PP-PG-050,10315,M,315,1,2,5,8,Conforming,Rejected,Rejected,Rejected - Segregated,2026-12-16 09:48:20.029,Thread:1(Re=1),Carlos Mendes
LOTE-M-INJ-011-3066,WO-16851,2026-12-16,Shift 3,IM-007,M-INJ-011,PT-011-PP-100,13584,M,315,0,2,9,11,Conforming,Approved,Approved,Approved - First Pass,2026-12-17 20:31:04.348,—,Ana Silva
LOTE-M-INJ-011-3067,WO-16852,2026-12-17,shift 3,IM-007,M-INJ-011,PT-011-PP-PG-100,10859,M,315,0,0,6,6,Conforming,Approved,Approved,Approved - First Pass,2026-12-18 07:56:28.469,—,Carlos Mendes
LOTE-M-INJ-010-3068,WO-16856,2026-12-19,Shift 3,IM-007,M-INJ-010,PT-010-PP-050,27667,M,315,0,1,11,12,Conforming,Approved,Approved,Approved - First Pass,2026-12-20 02:15:37.256,—,Carlos Mendes
LOTE-M-INJ-010-3069,WO-16857,2026-12-20,  Shift 2  ,IM-007,M-INJ-010,PT-010-PP-PG-050,16816,M,315,0,3,5,8,Conforming,Approved,Approved,Approved - First Pass,2026-12-21 23:24:07.376,—,Beatriz Costa
LOTE-M-INJ-011-3068,WO-16860,2026-12-23,Shift 3,IM-007,M-INJ-011,PT-011-PP-100,40841,M,315,0,1,2,3,Conforming,Approved,Approved,Approved - First Pass,2026-12-24 00:28:41.270,—,Ana Silva
LOTE-M-INJ-011-3069,WO-16862,2026-12-24,Shift 1,IM-007,M-INJ-011,PT-011-PP-PG-100,20570,M,315,0,1,3,4,Conforming,Approved,Approved,Approved - First Pass,2026-12-25 06:26:00.161,—,Ana Silva
LOTE-M-INJ-010-3070,WO-16864,2026-12-25,Shift 2,IM-007,M-INJ-010,PT-010-PP-050,22486,M,315,0,0,6,6,Conforming,Approved,Approved,Approved - First Pass,2026-12-27 00:27:22.303,—,Elena Santos
LOTE-M-INJ-010-3071,WO-16867,2026-12-27,Shift 1,IM-007,M-INJ-010,PT-010-PP-PG-050,24597,M,315,0,1,8,9,Conforming,Approved,Approved,Approved - First Pass,2026-12-28 20:00:02.386,—,Carlos Mendes
LOTE-M-INJ-011-3070,WO-16870,2026-12-29,Shift 1,IM-007,M-INJ-011,PT-011-PP-100,25148,M,315,0,3,5,8,Conforming,Approved,Approved,Approved - First Pass,2026-12-31 04:16:57.301,—,Beatriz Costa
LOTE-M-INJ-011-3071,WO-16871,2026-12-30,Shift 1,IM-007,M-INJ-011,PT-011-PP-PG-100,9867,L,200,0,0,3,3,Conforming,Approved,Approved,Approved - First Pass,2026-12-31 18:36:23.995,—,Ana Silva
